:020000040800F2
:1000000000800020AD9E0008859E0008879E0008A5
:10001000899E00088B9E00088D9E0008000000004D
:100020000000000000000000000000008F9E00089B
:10003000919E000800000000939E0008959E000815
:10004000FD9E0008FD9E0008FD9E0008FD9E000824
:10005000FD9E0008FD9E0008FD9E0008FD9E000814
:10006000FD9E0008FD9E0008BD7A0008FD9E000868
:10007000FD9E0008FD9E0008FD9E0008FD9E0008F4
:10008000FD9E000800000000FD9E0008FD9E000887
:10009000FD9E0008FD9E0008FD9E0008FD9E0008D4
:1000A000FD9E0008FD9E0008FD9E0008FD9E0008C4
:1000B0001D2D0008FD9E0008FD9E0008FD9E000805
:1000C000FD9E0008FD9E0008FD9E0008FD9E0008A4
:1000D000FD9E0008052600089D480008FD9E0008BA
:1000E000FD9E0008FD9E0008FD9E0008FD9E000884
:1000F000FD9E0008FD9E0008FD9E00080000000017
:1001000000000000FD9E000800000000FD9E0008A9
:10011000FD9E000800000000FD9E0008FD9E0008F6
:10012000FD9E0008FD9E0008FD9E0008FD9E000843
:10013000FD9E00080000000000000000FD9E000879
:10014000FD9E0008FD9E0008000000000000000069
:10015000000000000000000000000000000000009F
:10016000000000000000000000000000FD9E0008EC
:10017000FD9E0008000000000000000000000000DC
:1001800000000000FD9E00080000000000000000CC
:1001900000000000FD9E00080000000000000000BC
:1001A0000000000000000000FD9E00082929000852
:1001B000FD9E0008FD9E0008FD9E00080000000056
:1001C00000000000FD9E000800000000000000008C
:0801D000FD9E0008FD9E0008E1
:1001D80010F8012B11F8013B012A28BF9A42F7D0E9
:1001E800D01A7047034613F8012B002AFBD1181ABE
:1001F8000138704781F0004102E000BF83F00043FE
:1002080030B54FEA41044FEA430594EA050F08BFA9
:1002180090EA020F1FBF54EA000C55EA020C7FEA6D
:10022800645C7FEA655C00F0E2804FEA5454D4EBEA
:100238005555B8BF6D420CDD2C4480EA020281EAB4
:10024800030382EA000083EA010180EA020281EAEC
:100258000303362D88BF30BD11F0004F4FEA01313E
:100268004FF4801C4CEA113102D0404261EB41014D
:1002780013F0004F4FEA03334CEA133302D05242D3
:1002880063EB430394EA050F00F0A780A4F101048F
:10029800D5F1200E0DDB02FA0EFC22FA05F28018C9
:1002A80041F1000103FA0EF2801843FA05F35941AF
:1002B8000EE0A5F120050EF1200E012A03FA0EFC2E
:1002C80028BF4CF0020C43FA05F3C01851EBE37158
:1002D80001F0004507D54FF0000EDCF1000C7EEB75
:1002E80000006EEB0101B1F5801F1BD3B1F5001FB3
:1002F8000CD349085FEA30004FEA3C0C04F10104D2
:100308004FEA445212F5800F80F09A80BCF1004FFA
:1003180008BF5FEA500C50F1000041EB045141EA7C
:10032800050130BD5FEA4C0C404141EB0101013C45
:1003380028BFB1F5801FE9D291F0000F04BF014634
:100348000020B1FA81F308BF2033A3F10B03B3F106
:1003580020020CDA0C3208DD02F1140CC2F10C0296
:1003680001FA0CF021FA02F10CE002F11402D8BFF4
:10037800C2F1200C01FA02F120FA0CFCDCBF41EAC0
:100388000C019040E41AA2BF01EB0451294330BD8F
:100398006FEA04041F3C1CDA0C340EDC04F114046C
:1003A800C4F1200220FA04F001FA02F340EA030043
:1003B80021FA04F345EA030130BDC4F10C04C4F189
:1003C800200220FA02F001FA04F340EA0300294669
:1003D80030BD21FA04F0294630BD94F0000F83F4B3
:1003E800801306BF81F480110134013D4EE77FEA96
:1003F800645C18BF7FEA655C29D094EA050F08BFE2
:1004080090EA020F05D054EA000C04BF19461046C2
:1004180030BD91EA030F1EBF0021002030BD5FEA06
:10042800545C05D14000494128BF41F0004130BD2E
:1004380014F580043CBF01F5801130BD01F0004582
:1004480045F0FE4141F470014FF0000030BD7FEAF5
:10045800645C1ABF194610467FEA655C1CBF0B46F0
:10046800024650EA013406BF52EA033591EA030F07
:1004780041F4002130BD00BF90F0000F04BF0021FF
:10048800704730B54FF4806404F132044FF0000532
:100498004FF0000150E700BF90F0000F04BF0021AB
:1004A800704730B54FF4806404F1320410F0004511
:1004B80048BF40424FF000013EE700BF42004FEA0C
:1004C800E2014FEA31014FEA02701FBF12F07F4389
:1004D80093F07F4F81F06051704732F07F4208BF40
:1004E800704793F07F4F04BF41F40021704730B547
:1004F8004FF4607401F0004521F000411CE700BF93
:1005080050EA010208BF704730B54FF000050AE015
:1005180050EA010208BF704730B511F0004502D516
:10052800404261EB41014FF4806404F132045FEA18
:10053800915C3FF4D8AE4FF003025FEADC0C18BFC1
:1005480003325FEADC0C18BF033202EBDC02C2F1B3
:10055800200300FA03FC20FA02F001FA03FE40EA45
:100568000E0021FA02F11444BDE600BF70B54FF049
:10057800FF0C4CF4E06C1CEA11541DBF1CEA135527
:1005880094EA0C0F95EA0C0F00F0DEF82C4481EA8F
:10059800030621EA4C5123EA4C5350EA013518BFAF
:1005A80052EA033541F4801143F4801338D0A0FB9C
:1005B80002CE4FF00005E1FB02E506F00042E0FB49
:1005C80003E54FF00006E1FB03569CF0000F18BF4F
:1005D8004EF0010EA4F1FF04B6F5007F64F54074F7
:1005E80004D25FEA4E0E6D4146EB060642EAC6218A
:1005F80041EA55514FEAC52040EA5E504FEACE2EF7
:10060800B4F1FD0C88BFBCF5E06F1ED8BEF1004FF9
:1006180008BF5FEA500E50F1000041EB045170BD75
:1006280006F0004646EA010140EA020081EA0301B9
:10063800B4EB5C04C2BFD4EB0C0541EA045170BDB5
:1006480041F480114FF0000E013C00F3AB8014F12F
:10065800360FDEBF002001F0004170BDC4F1000478
:10066800203C35DA0C341BDC04F11404C4F12005F9
:1006780000FA05F320FA04F001FA05F240EA020054
:1006880001F0004221F0004110EBD37021FA04F68A
:1006980042EB06015EEA430E08BF20EAD37070BD44
:1006A800C4F10C04C4F1200500FA04F320FA05F0A3
:1006B80001FA04F240EA020001F0004110EBD370A5
:1006C80041F100015EEA430E08BF20EAD37070BD15
:1006D800C4F1200500FA05F24EEA020E20FA04F3EE
:1006E80001FA05F243EA020321FA04F001F000419D
:1006F80021FA04F220EA020000EBD3705EEA430E0E
:1007080008BF20EAD37070BD94F0000F0FD101F03C
:100718000046400041EB010111F4801F08BF013C75
:10072800F7D041EA060195F0000F18BF704703F0B3
:100738000046520043EB030313F4801F08BF013D3A
:10074800F7D043EA0603704794EA0C0F0CEA1355F6
:1007580018BF95EA0C0F0CD050EA410618BF52EAB0
:100768004306D1D181EA030101F000414FF00000B6
:1007780070BD50EA410606BF1046194652EA4306C4
:1007880019D094EA0C0F02D150EA013613D195EA38
:100798000C0F05D152EA03361CBF104619460AD180
:1007A80081EA030101F0004141F0FE4141F470018A
:1007B8004FF0000070BD41F0FE4141F4780170BD7A
:1007C80070B54FF0FF0C4CF4E06C1CEA11541DBFDF
:1007D8001CEA135594EA0C0F95EA0C0F00F0A7F8E1
:1007E800A4EB050481EA030E52EA03354FEA01310E
:1007F80000F088804FEA03334FF0805545EA131321
:1008080043EA12634FEA022245EA111545EA1065E8
:100818004FEA00260EF000419D4208BF964244F17F
:10082800FD0404F5407402D25B084FEA3202B61A9E
:1008380065EB03055B084FEA32024FF480104FF472
:10084800002CB6EB020E75EB030E22BFB61A7546E6
:1008580040EA0C005B084FEA3202B6EB020E75EB79
:10086800030E22BFB61A754640EA5C005B084FEAE1
:100878003202B6EB020E75EB030E22BFB61A7546AE
:1008880040EA9C005B084FEA3202B6EB020E75EBB9
:10089800030E22BFB61A754640EADC0055EA060E7A
:1008A80018D04FEA051545EA16754FEA06164FEABD
:1008B800C30343EA52734FEAC2025FEA1C1CC0D169
:1008C80011F4801F0BD141EA00014FF000004FF0F6
:1008D800004CB6E711F4801F04BF01430020B4F1B7
:1008E800FD0C88BFBCF5E06F3FF6AFAEB5EB030C6F
:1008F80004BFB6EB020C5FEA500C50F1000041EB6C
:10090800045170BD0EF0004E4EEA113114EB5C0438
:10091800C2BFD4EB0C0541EA045170BD41F480110B
:100928004FF0000E013C90E645EA060E8DE60CEA13
:10093800135594EA0C0F08BF95EA0C0F3FF43BAF30
:1009480094EA0C0F0AD150EA01347FF434AF95EAE7
:100958000C0F7FF425AF104619462CE795EA0C0FCB
:1009680006D152EA03353FF4FDAE1046194622E798
:1009780050EA410618BF52EA43067FF4C5AE50EA72
:1009880041047FF40DAF52EA43057FF4EBAE12E762
:100998004A0011D212F5001211D20DD56FF47873F6
:1009A800B3EB62520ED44FEAC12343F0004343EA4B
:1009B800505323FA02F070474FF00000704750EA96
:1009C800013002D14FF0FF3070474FF00000704700
:1009D80053B94AB9002908BF00281CBF4FF0FF319E
:1009E8004FF0FF3000F00CB8ADF1080C6DE904CE03
:1009F8000AF088FEDDF804E0DDE9022304B0704760
:100A0800704700BF0348044B834202D0034B03B135
:100A180018477047680000206800002000000000A8
:100A28000548064B1B1AD90F01EBA301491002D048
:100A3800034B03B118477047680000206800002086
:100A48000000000010B5064C237843B9FFF7DAFF21
:100A5800044B13B10448AFF300800123237010BD89
:100A68006800002000000000D4B9000808B5054B54
:100A78001BB105490548AFF30080BDE80840FFF702
:100A8800CFBF00BF000000006C000020D4B90008F0
:100A98000022427082700122C270B1FA81F10222F2
:100AA80049090271032201704271704743788B42F1
:100AB8001FD0012941700AD0022910D0C1B90123E1
:100AC800C370817002230371032343717047037855
:100AD80043B1012383700223C3700023F3E7037833
:100AE800002BF6D0022383700023C3700123EAE7AA
:100AF800FEE7704782B00B88ADF800304B88ADF840
:100B080002308B88ADF80430CB88ADF80630023956
:100B1800431C053013F8012F0DF1080C0CEB4202B1
:100B2800834232F8082C21F8022FF3D102B0704723
:100B380001448878704738B54FF07F33C0F8A0304B
:100B480004464FF6FF737F220025A0F8A43080F8F2
:100B5800A62080F8A950A0F8AA30AC3000F047FCD5
:100B6800A4F8B85038BD37B5154604461146019368
:100B780000F07DFC294604F1140000F078FC2946B9
:100B880004F1280000F073FC294604F13C0000F051
:100B98006EFC294604F1500000F069FC294604F176
:100BA800640000F064FC294604F1780000F05FFC62
:100BB800294604F18C0000F05AFC04F1AC00019ABB
:100BC8004FF4FA734FF4FA6100F0FCFB204603B0CF
:100BD800BDE83040FFF7AFBF704700F04FBC14309E
:100BE80000F04CBC283000F049BC90F8A43013B990
:100BF80090F9A000704790F9A100704790F8A430D0
:100C080013B990F9A200704790F9A300704710B586
:100C1800044607F0BBF938B104F1140000F032FCC7
:100C2800012838BF0120C0B210BD10B5044607F036
:100C3800ADF938B104F1500000F024FC012838BFA8
:100C48000120C0B210BD4FF47A71AC3000F0D6BBB1
:100C58000021AC3000F0D2BB08B5AC3000F0DDFBB1
:100C6800B0F57A7FA8BF4FF47A7020EAE07008BD2B
:100C780010B5044600F0DCFB04F1140000F0D8FBCA
:100C880004F1280000F0D4FB04F13C0000F0D0FB94
:100C980004F1500000F0CCFB04F1640000F0D4FB38
:100CA80004F1780000F0D0FB94F8B93013B1013B9F
:100CB80084F8B93010BD7F2807D0002807DA10F172
:100CC800800F06D04042C0B2704700207047012014
:100CD80070477F20704710B1404240B270477F2074
:100CE80070477F280FD010F1310F0EDA10F1780F0E
:100CF8000DDB7830FE2340B2584323304623B0FB47
:100D0800F3F0C0B27047FF207047FE207047002004
:100D180070477F2805D031B1002806DA4042C0B2BA
:100D28007047FF207047FE207047002070477F28DB
:100D380011D010F1310F10DA10F1780F10DB783084
:100D480040F2A96340B2584323304623B0FBF3F086
:100D5800AC3080B270470020704740F25570704741
:100D6800AC20704763289FBF40F2A96358433230D4
:100D780064239DBFB0FBF3F0AC3080B240F25570F5
:100D880070474FF4F063A0F58060584340F2FF735A
:100D980090FBF3F000F5787080B27047FFF7F1BF71
:100DA8004FF49663A0F58060584340F2FF7390FBC0
:100DB800F3F000F2DC5080B27047A0F58060D0EB11
:100DC800001048BF033040F38F007047032812DD3E
:100DD8000C2812DD0F2812DD122812DD162812DD6C
:100DE800192812DD1C2812DD1F2812DD2128CCBF8E
:100DF800FF2006207047002070470120704702201E
:100E08007047082070470320704707207047042068
:100E1800704705207047000005289ABF014B185CF1
:100E2800FF20704770BA00087F281ABF4042C0B23E
:100E3800002070477F2811D010F1320F10DA884255
:100E480010DD401A6423C1F1FF21584301F57F01E9
:100E5800CE31313090FBF1F0C0B27047FF207047BF
:100E68006420704700207047014B4140585C704730
:100E780078BA00085AB110B4054C0A4411F8013B7D
:100E880058408A42205CF9D15DF8044B704770479E
:100E980078BA0008002805DB212805DC044B33F864
:100EA80010007047002070474FF4FA60704700BF89
:100EB800A2BB0008392808D822280ED9094B2338A4
:100EC800C0B2C34003F0010070475F2807D0613803
:100ED80019288CBF0020012070470020704701208E
:100EE800704700BF01EC7F00F8B50246451E461D5D
:100EF80000245F2715F8010FFF2804BF0134E4B26E
:100F0800FFF7D8FF00B92F70AE42F3D1062C04D1F9
:100F180019B10B6813608B88938000239371F8BD17
:100F28002DE9F843DFF83490471E441D01250026BB
:100F38004FF0280817F8011F08480AF094FB0346E9
:100F480010B1A0EB0903DBB2A3FB05329E19A7423F
:100F5800A5FB0853EED13046BDE8F88378BB0008FE
:100F680010B54179A1F13000C3B2092B07D8052388
:100F7800B0FBF3F303EB8303C01AC0B210BD044CFB
:100F880020460AF070FB0028F1D0001BC0B2EEE743
:100F980078BB000870B50446FFF724F902B20023B5
:100FA800551E18B2A84204FA83F104DA265C302EE2
:100FB80003F10103F5D0121A01322046BDE8704052
:100FC8000AF07EBB2DE9F047432B28BF432396B098
:100FD8000C46154600211A46984607460AF08AFB31
:100FE8000021412205A804910AF084FBDFF87C90D7
:100FF800DFF87CA004EB4505AC4210D104A8FFF74C
:10100800F1F828B100F158036B44002203F8492C89
:1010180004A938460AF010FB16B0BDE8F08734F989
:10102800020B47F6FF739842E8D0002812DC5146BD
:1010380068460AF001FB04A8FFF7D4F8064668469C
:10104800FFF7D0F80644B045D6D3694604A80AF09D
:10105800FBFAD1E7694680B208F0E7FA6846FFF77D
:1010680099FF494668460AF0EFFAE4E727BA00080C
:1010780022BA0008F0B589B06D4600242F468E1CB0
:10108800E1B28A4204D83946FFF79CFF09B0F0BDA7
:1010980036F8241025F8021B0134F1E742F21073E8
:1010A8006421B0FBF3F203FB1200B0FBF1F301FB88
:1010B800130000EB023000EB831080B2704770B56C
:1010C8000E460021054614460AF014FB00239AB286
:1010D800944200D870BDF25C002AFBD0EA54013378
:1010E800F5E70000072914D8DFE801F00407090B29
:1010F8000D0F11110849FFF7E2BF0849FBE708493E
:10110800F9E70849F7E70849F5E70849F3E708491F
:10111800F1E70849EFE700BF2CBA000831BA000828
:1011280036BA00083BBA000840BA000845BA0008B9
:101138004ABA00084FBA0008052911D8DFE801F0BB
:101148000306080A0C0E0749FFF7B9BF0649FBE773
:101158000649F9E70649F7E70649F5E70649F3E7D7
:101168000649F1E751BA000856BA00085BBA000808
:1011780060BA000865BA000869BA00084FBA0008E2
:1011880070B50E4614460021013205460AF0B2FA3F
:1011980000239AB2944200D870BDF25C002AFBD0BA
:1011A800EA540133F5E77D23438043F2390309B25A
:1011B800C360002301808180C380037270470000F0
:1011C80002680449044B01FB023323F00043036027
:1011D800180C7047FD430300C39E2600F0B5002598
:1011E80097B00160858004465622294668460AF071
:1011F80081FA0126627CAA4209D80023802104F1E1
:10120800B400237417B0BDE8F0400AF073BA204662
:10121800FFF7D6FFE7797B1B002190FBF3F202FB77
:101228001300C0B2EC460A46CBB29F421DD8002339
:10123800227B9A42DED0A279033A012A04EB050107
:1012480005D925B191F91120D2B9012BD2D98B74C6
:10125800A26852F82310583304EB85026B44013519
:10126800516303F8586CEDB2C4E71CF801EBBEF10A
:10127800000F03D18242DBD00132D2B20131D3E771
:10128800501E8342E3DB01329342E0DCB2E72DE9F2
:10129800F047154696B0013D01600271044643715E
:1012A800EDB25622002168460AF024FA0027022DE2
:1012B80084BF4FF0010900253E464FF0010A94F81B
:1012C80007809CBF4FF00309B8FBF9F8627CB24273
:1012D80009D80023802104F1B400237416B0BDE8B6
:1012E800F0470AF007BA2046FFF76AFFA8EB0603A3
:1012F800002190FBF3F202FB1300C0B2EC460A4651
:10130800CBB2984506D91CF801EBBEF1000F22D1EB
:1013180082421ED1434528BF4346227B03FB095125
:1013280001F0FF018A42D1D016B1B7B9012BCDD94E
:10133800A2191F469174A26852F8211004EB860284
:101348000136516303F158026A44F6B202F858AC08
:10135800BCE70132D2B20131D2E77A1E9342E7DB11
:101368007A1C9342E4DCB1E70023C0E90133C3608F
:1013780003747047F0B5047C0360012C11D94468EC
:101388008568C668141B4FF47A774D1B7C4305FBB0
:1013980016442B4494FBF3F33344C360C0E90121A2
:1013A800F0BD1CB9C46001230374F7E743684FF428
:1013B8007A74D31A634384680C1B93FBF4F3C360F9
:1013C8000223F1E707EE902A0A44F8EE676A07EE6F
:1013D800902AF8EE677A436086EEA77A07EE903A8D
:1013E800F8EEE77A80ED007AC0ED027A7047D0ED2A
:1013F800017AF8EEE77AC0ED027A704707EE901AA4
:1014080090ED027AD0ED006AF8EEE77A77EEC77AC7
:10141800A6EEA77A80ED027A7047D0ED027AB6EE92
:10142800007A77EE877AFDEEE77A17EE900A704732
:10143800D0E901236421D31AC36082604B43418AF7
:10144800B3FBF1F303747047D0E90123D31AC0E961
:101458000223704743682BB1C26864214A43B2FB38
:10146800F3F2D3B203740023C360436070470023D0
:10147800C0E9023341824360037470474368013313
:1014880043607047007C7047436819444160704767
:10149800072800D9FEE7014B185C70471CBC000800
:1014A800052800D9FEE7014B185C704724BC0008EA
:1014B8007047704700207047002070470020704731
:1014C800704700207047002070477047054BDA6C62
:1014D8000243DA64DB6C82B003400193019B02B0E3
:1014E800704700BF00100240054B9A6D02439A6591
:1014F8009B6D82B003400193019B02B0704700BF0F
:1015080000100240054B1A6E02431A661B6E82B029
:1015180003400193019B02B0704700BF00100240D6
:1015280050E8003F43F0800340E80032002AF7D13A
:10153800704750E8003F23F0400340E80032002A9B
:10154800F7D1704750E8003F23F0800340E80032AD
:10155800002AF7D1704700000288044B5140C9B2F5
:1015680033F8113083EA122303807047D4D400087B
:10157800A2B110B4B0F800C0094C0A4411F8013BFC
:1015880083EA0C03DBB2914234F8133083EA1C2C53
:10159800A0F800C0F2D15DF8044B7047704700BF57
:1015A800D4D4000837B54FF6FF730446ADF80630BB
:1015B8004518AC4203D1BDF8060003B030BD14F89D
:1015C800011B0DF10600FFF7C7FFF2E71629A8BFB8
:1015D80016216FF008008142B8BF014611701970DA
:1015E80070470000044B1888044B1B8880B29BB2DC
:1015F800C01A18BF01207047C6280020C428002040
:10160800044A00231380044A1380044A1380044ABE
:1016180013807047C4280020C6280020C82C00204A
:10162800CA2C0020012070470278024B51405B5CB5
:1016380003707047B8C00008FF230370704700BFED
:10164800704770B50B7803704B7843700B78FD2B9F
:1016580005460C4638D18B788370CB78C3700B79EC
:1016680003714B7943718B7983718B68C3718B6874
:10167800C3F30F2303728B7A43720A26627804F14C
:101688000C01A81909F0FCFF6378B4F80C21334465
:10169800981CEA545A1CB4F80C1192B2090AA954BD
:1016A800A278D20780B20ED504F58872054404F5F5
:1016B8008E7452F8041B45F8041BA242F9D1127823
:1016C8002A700F3398B270BD00238B700B7983702A
:1016D8004B79C3708B7903718B6843710626CDE70C
:1016E80008B52C22034800210AF004F8024B002216
:1016F8001A7008BDBC050020680300202DE9F041E0
:101708001378037092F8018080F80180FD2B04465D
:101718000F46154654D193788370D378C3701379E4
:10172800037153794371937983716B7A127A1B042D
:1017380003EB0223EA79134423F07F430A26A268C5
:1017480063F31702A260A919424604F10C0009F0DC
:1017580097FF7A7B904507D208F10C00A2EB0802AC
:101768000021204409F0C6FF63781E44AB195A785B
:10177800AB5D03EB0223A4F80C31A378DB070ED58D
:10178800023615FA86F304F5887203F10C0153F852
:10179800040B42F8040B8B42F9D11B781370BB7A07
:1017A80084F82131FB7A84F822313B7B84F8233199
:1017B8007B7B84F824313B7884F82031BDE8F081C4
:1017C8000023438093780371D3784371137983712D
:1017D80053790626B3E7000070B50F4C0F4D064647
:1017E800062204F10A0105F58970FFF7C9FC237C7C
:1017F800C3F30302C3F3031385F81A31637C85F836
:101808001921C3F3030385F81B31637ADB0744BF4F
:101818000223337370BD00BFAD1E0020E40000201A
:1018280070B50446BDF81450E27024202371224696
:101838001B0A2070637158202B0AA1706070A57173
:1018480002F8073F049B59198B420CD16A1D92B2CA
:10185800E11C0020FFF70EFB05F10806A05505F175
:10186800090080B270BD13F8010B02F8010FEBE715
:101878000A4A0B4B12680B49A3FB02323220920C26
:1018880000FB02F2084B486802F5FA72A3FB023229
:1018980092094B681B1A9A42FBD870473C000020FB
:1018A80083DE1B43001000E0D34D621008B5FFF73C
:1018B800DFFF4FF0904310229A6108BD4FF090432C
:1018C80010229A62FFF7D4BF02780A4B90F801C041
:1018D8008178D243D2B29A5C82EA0C0290F803C0B3
:1018E8009A5C4A40995C027981EA0C01595C4A4049
:1018F800985C7047B8C00008F8B53C29BDF81C5082
:10190800044635D0A1F12106714271414900D00742
:1019180048BF41F00801E37092074FEA13234FF0E4
:10192800240248BF41F01001227023716F222B0A54
:10193800A61C6270A170A37165713046FFF7C4FFE1
:101948002246069B02F8070F59198B4212D1A91D8E
:1019580089B23046FFF726FE05F1080705F10903AD
:101968009BB2E055000AE05405F10A0080B2F8BDC8
:101978000121CCE713F8010B02F8010FE5E700009D
:10198800074B084A5B6A02F5006353E8003F43F0DF
:10199800200302F5006040E800310029F3D17047C8
:1019A80000380140003001402DE9F04F0C465188C5
:1019B800B1F58C7F85B0054611D300211170D91C73
:1019C800C9B2012995BF01210023518053809CBFD2
:1019D8002370117000232B7005B0BDE8F08F1078CC
:1019E8000E2800F28B8001A656F820F0C7190008CF
:1019F800311A0008591A0008731A0008051B000854
:101A0800051B0008051B0008051B0008051B00082E
:101A1800051B0008051B0008051B0008051B00081E
:101A2800051B0008851A0008481C5080635421785B
:101A3800FD299BB206D10C330A21D3809180022361
:101A48001370C7E708330621D38091800E23F7E788
:101A5800481C50806354D80742BFD1880D31D180CB
:101A6800012B8CBF00230323EAE7002B01F10100BF
:101A78005080635414BF00230E23E1E7481C5080B4
:101A880063545388D1888B4232D300235380137018
:101A980002232B7069802378FD2B35D163792B7253
:101AA800A3796B72637A227A1B0403EB0223E2792F
:101AB80013446B60637803F10C026A80A278D10743
:101AC80001D519336B8000266968DFF8F0806E81D4
:101AD80040F285120C20B31801335B0800FB03F7B2
:101AE80058F80770B94218D25A1EB242F3D816E015
:101AF80092889A423FF66EAF01236CE70023137079
:101B080053809380D38066E7E3782B7223796B72D6
:101B180063796B6063780833D4E71E46E5D80C27F1
:101B2800774358F80730994227D123782046FD2B70
:101B380010F801BF0CBF4FF00A094FF0060909EB76
:101B48000B03591E89B247440193FFF72BFD97F801
:101B580004A0ADF80E0051460DF10E00FFF7FCFC95
:101B6800019BE218E35C527803EB0223BDF80E20D8
:101B78009BB29A4203D005232DE703232BE7BB79B9
:101B8800DA0706D5FA79934582BF04EB09018A5C26
:101B9800AA729B0709D50C2303FB068362781B7A7C
:101BA8009A4282BF4C44E35CEB720C2303FB06832E
:101BB80085F80CA05B796B730EE700BFB8C100080D
:101BC800F0B50546FD2305F80C3B85B004468DF8B5
:101BD800043090F8243103F10C020244012B42D85E
:101BE8000026637066808DF805308B7A23718DF836
:101BF80008308B7AADF8066001338B7263798DF803
:101C08000930A3798DF80A30A368C3F317031A12B1
:101C18008DF80B3009211B140DF105008DF80D30DE
:101C28008DF80C20FFF7BEFC6778ADF802003A4645
:101C380029460DF10200FFF79BFC94F82311FFF7EA
:101C48008BFC94F82421BDF80230A4F80C3197429B
:101C580010D207F10C00D21B3146204405B0BDE874
:101C6800F04009F047BD12F8010D0028B8D1013B3A
:101C7800DBB2B3E705B0F0BD07B503688DF8071010
:101C88001B6901220DF10701984703B05DF804FBB9
:101C980013B5044608460191FEF7A4FA2368019992
:101CA8001B6982B2204602B0BDE810401847000008
:101CB800B0F1904F08B5014607D10120FFF706FCA7
:101CC800114B99420BD1202014E0104B98420BD0B5
:101CD80003F58063984209D10420FFF7F7FB0C4B0A
:101CE800994210D1402005E00220E7E7094B9842CD
:101CF80004D10820BDE80840FFF7E8BB064B98422E
:101D0800DED11020F6E708BD0014004800040048A2
:101D180000180048000C00480010004808B5224B85
:101D2800984201460BD14FF40060FFF7EBFB1F4BC5
:101D380099420DD1BDE808402020FFF7D5BBB0F18E
:101D4800804F0ED01A4B98420FD10220FFF7CCFBE0
:101D5800184B99420FD14FF40050BDE80840FFF7E7
:101D6800D1BB0120FFF7C0FBE1E7134B984208D134
:101D78000420FFF7B9FB114B99420CD14FF4803086
:101D8800EBE70F4B9842D2D11020FFF7ADFB0D4B7C
:101D9800994206D008BD0C4B9942F8D14FF4003057
:101DA800DBE74FF48020D8E7002C01400014004006
:101DB8000004004000340140000800400040014099
:101DC8000010004000480140004401402DE9F04364
:101DD80087B00E46054614460021142201A89DF836
:101DE80038809DF83C901F4609F084FC00960B2C27
:101DF80007D8DFE804F007070A1214141416161699
:101E08001A1CFEE70323019301E002230493032F26
:101E180011D8DFE807F0111321110123F6E7012398
:101E2800F1E7012301930393F1E70223EBE7022390
:101E380001930123F7E7FEE702230293B8F1100F9D
:101E48000CD8DFE808F02D2D0C11131517191B1DE0
:101E58001F21232527292B000123EEE7FEE7012375
:101E68000593022301931EE00223F9E70323F7E712
:101E78000423F5E70523F3E70623F1E70723EFE754
:101E88000823EDE70923EBE70A23E9E70B23E7E754
:101E98000C23E5E70D23E3E70E23E1E70F23DFE754
:101EA800B8F1000FDDD1B9F1000F02D02846FFF7D5
:101EB800FFFE053C042C05D8DFE804F0030B0403FF
:101EC8000B00AE626946284608F020FE07B0BDE860
:101ED800F083AE61F6E713B54FF0010C0024CDE9AD
:101EE800004CFFF773FF02B010BD000070B586B05C
:101EF8000023164604460D46ADF80630FFF70EFFE0
:101F0800042E04D8DFE806F0303404384100FEE738
:101F18001F4B204A1B68B3FBF2F39BB20022013B24
:101F280001A92046ADF80430CDE9022504920592B6
:101F380009F098F8236823F080032360A36823F44A
:101F4800A03323F00703A360636823F0007323F032
:101F580070036360636823F470036360A36823F00D
:101F68008003A36006B070BD094B0B4A1B68D2E71B
:101F7800074B0A4A1B68CEE7054B074A1B68B3FBA9
:101F8800F2F303EB83035B00C7E70123C6E700BF57
:101F98003C00002080A8120140420F008096980063
:101FA80010B50446FFF7A2FF236843F0010323603E
:101FB80010BD00224FF0FF31FFF7F2BF274B10B5DD
:101FC800274C5B68236007F097FF4FF0904008F0BC
:101FD8003DFD244808F03AFD234808F037FD234822
:101FE80009F030FA224809F02DFA224809F02AFAB5
:101FF800214809F027FA214808F0C8FF204808F0CE
:10200800C5FF08F0C9FE4FF0E02200231D49136107
:10201800536193618A6822F0030242F001028A60E8
:1020280072B64FF0FF319A0002F1604202F5614248
:102038000133082BC2F88010C2F88011F3D162B6C0
:10204800114A136823F0070343F001031360034B9D
:102058001B6883F3088823689847FEE70000FF1F82
:1020680064030020000400480008004800380140CC
:102078000044004000480040004C0040003001404F
:10208800003C004000100240000001400749084A97
:10209800881AEFF30883521A1A44013A013B98420E
:1020A80088BF0022AA2109F025BB00BF00800020BC
:1020B8000004000010B51048032306224021FFF752
:1020C8000AFF0D48032302221021FFF704FF032310
:1020D8001A4609482021FFF7FEFE07480323052278
:1020E8008021FFF7F8FEBDE81040034803230522CE
:1020F8000121FFF7F0BE00BF00040048024B186939
:10210800C0F34010704700BF0004004808B5FFF74F
:10211800F5FF00B908BD00BFF9E70000024B012236
:102128009A6280229A61704700040048024B80221C
:102138009A6201229A617047000400481448C168F5
:102148000F2321F00F0193FAA3F3B3FA83F30122CB
:1021580003F01F0302FA03F30B43C3600D4B5A68E5
:1021680022F010025A601A6822F010021A60DA6827
:1021780022F01002DA609A6842F010029A60064B68
:10218800D02283F80A234FF480621A60704700BF98
:10219800000001400004014000E100E0034B102270
:1021A8005A611A6842F010021A6070470004014030
:1021B800064B1A6822F001021A605A6822F40032AB
:1021C8005A601A6842F001021A60704700440040E1
:1021D800064B1A6822F001021A605A6842F400326B
:1021E8005A601A6842F001021A60704700440040C1
:1021F800002303224FF400614FF09040FFF76BBEBD
:102208004FF09043186980F40060C0F3C020704715
:1022180008B50522002302214FF09040FFF75BFE2E
:102228000023052201214FF09040FFF754FE4FF0A4
:10223800904302229A6201229A6208BD4FF09041AF
:102248004B691A04DB4302F4003203F00203134320
:102258008B6170474FF090414B691A04DB4302F4DD
:10226800803203F0010313438B6170470C4BD3F8A2
:10227800FC2022F08072C3F8FC20D3F8FC2042F046
:102288008072C3F8FC20A3F55D431A6822F00102AE
:102298001A601A6842F001021A6000225A607047F8
:1022A80000ED00E0064A074B51681B6810B5064C64
:1022B800B3FBF4F3584353685B1A8342FBD310BD56
:1022C800001000E03C00002040420F007FB50123D1
:1022D800CDE90413002201A902A8CDE9022307F0E1
:1022E800A7FF00280CBF0420052007B05DF804FBF9
:1022F800014608B5002007F005FF00280CBF0420A0
:10230800052008BD08B5FFF7E1FF031F58425841F3
:1023180008BD08B5FFF7ECFF031F5842584108BD38
:102328002DE9F3472A4B2B4D012814462A482B4AFE
:102338000E4617BFAA463D213C211D46019106BF06
:102348009A468046904607F097FE01992846FFF77F
:10235800D9FF30B9002407F0A1FE204602B0BDE83D
:10236800F087002E08BF4FF4FC64073424F00704FC
:1023780005F11007B1463444AAEB050AA1450BD173
:102388004FF011324FF0FF332846FFF7C2FF0038F5
:1023980018BF01208400DEE76EB90AEB0703D3E912
:1023A8000023B3F1FF3F08BFB2F1FF3F06D1083762
:1023B80009F10809E2E7D9E90023F2E7B84505D9A8
:1023C8003846FFF7A6FF0028F1D1C3E70324C2E788
:1023D80000E0010800E80108FFEF0108FFE7010835
:1023E80010B507F049FE09483C21FFF78BFF58B1AB
:1023F80007483D21FFF786FF003818BF01208400F9
:1024080007F04CFE204610BD0446F9E700E001083D
:1024180000E8010830B5084D002340F2EF749AB285
:10242800914201D8042030BDA34203D05A5DC25462
:102438000133F4E70320F6E710E0010813B50A4674
:10244800044672B6019101460020FFF769FF62B6A3
:102458000428019A05D172B601202146FFF760FFD2
:1024680062B602B010BD000038B5124B1C68D3F834
:102478000058B4F1113F09D1B5F1113F17D000222E
:1024880011460120BDE83840FFF74ABFB5F1113FBA
:1024980003D1002211461046F4E7FFF7A1FF0428F4
:1024A80004D12C4001340CBF0220012038BD042087
:1024B800FCE700BF00E00108034B18739A68D207D5
:1024C800FCD5187B704700BF0030014038B5441E6A
:1024D8008D18A94200D138BD14F8010FFFF7ECFFA1
:1024E80001F8010BF5E7084611461A46FFF7EEBF5B
:1024F80038B5064D04460144A14200D138BD2878BC
:10250800FFF7DAFF04F8010BF6E700BF3000002000
:1025180008461146FFF7ECBF10B5014404468C424B
:1025280000D110BD14F8010BFFF7C6FFF7E7084606
:102538001146FFF7F1BF000030B58DB02822002109
:1025480002A809F0D7F84FF48050FEF7DBFF1021FE
:10255800032306224FF09040FFF7BDFC4FF0904058
:1025680006240125102383610A22CDE900450323AF
:102578002021FFF72BFCCDE9004503230A22802107
:102588004FF09040FFF722FC03231A46CDE900459F
:1025980040214FF09040FFF719FC1822154C089283
:1025A8004FF48272002303924FF40072CDE9053391
:1025B800CDE909330293079207234FF4E06202A999
:1025C80020460B93049208F013FD636823F0100370
:1025D8006360636823F008036360236843F0400383
:1025E8002360A3689B07FCD5237B034BFF221A704B
:1025F8000DB030BD00300140300000201C4B10B43D
:10260800DC69A00611D51A6891060ED519481A4931
:102618005A6A038809880133C3F30A0389B29942C5
:102628001FBF1649D2B2CA54038011481F2322067D
:10263800036215D503681B0612D5114B114A198878
:10264800138889B29BB299420DD013880133C3F322
:102658000903138013880C4A9BB2D35CDBB28362F4
:102668005DF8044B70475DF8044BFEF76BBF00BF85
:1026780000380140C6280020C4280020C4200020BB
:10268800CA2C0020C82C0020C82800200A490B4A60
:1026980008B50B8812880133C3F3090392B29A4232
:1026A80007D0074AD05407480B80FEF739FF0120AE
:1026B80008BD0020FCE700BFCA2C0020C82C002061
:1026C800C82800200038014038B504464518AC42F7
:1026D80000D138BD14F8010BFFF7D8FFF7E708461B
:1026E8001146FFF7F1BF0000054B064A1B8810880A
:1026F8000133C3F3090380B2181A18BF01207047C9
:10270800CA2C0020C82C002008B5FFF7EDFFB0FA4E
:1027180080F0400908BD0000054B064A1B88128856
:102728009B1A98B21B0444BF00F5006080B2704742
:10273800C6280020C4280020FFF7EEBF0848094A31
:102748000188138889B29BB29942F9D01388013362
:10275800C3F30A0313801388034A9BB2D05C704703
:10276800C6280020C4280020C4200020FFF7E6BFA8
:1027780070B588B00C4606461546002120226846EA
:1027880008F0B8FF231E18BF01231B03CDE902354B
:1027980069460C23034801960494059308F094FEB7
:1027A80008B070BD0038014010B5064C236823F00E
:1027B80001032360FFF7DCFF236843F00103236074
:1027C80010BD00BF00380140002208461146FFF73F
:1027D800EBBF000073B5464C236823F00103236068
:1027E8004FF4804008250126FEF78CFE4FF4007157
:1027F80003230A224FF09040CDE90056FFF7E6FA8E
:1028080003231A464FF480614FF09040CDE90056FB
:10281800FFF7DCFA002211464FF46140FFF7A8FFEA
:102828006368344A23F490436360A36823F02A035F
:10283800A360236823F00053236002F6080353E8DB
:10284800003F23F0604302F6080040E80031002909
:10285800F3D102F6080353E8003F23F0606302F661
:10286800080040E800310029F3D1234BB02283F857
:10287800252320225A601E48FEF764FEFEF759FE03
:10288800402303621D4B19801D4B1980194901F51E
:10289800006353E8003F23F0200301F5006040E89F
:1028A8000032002AF3D1174B1A80174B1A80104BAD
:1028B8005A6822F400625A609A6822F008029A6004
:1028C8005A6822F480425A609A6822F022029A607A
:1028D8009A6842F480529A601A6842F001021A60BB
:1028E800DA699102FCD5DA695202F9D502B070BDF5
:1028F800003801400030014000E100E0C82C002011
:10290800CA2C0020C4280020C628002008B5FFF7DC
:1029180061FFBDE80840FFF733B8FFF7F7BF0000D5
:102928000E48C3691A0618D503681B0615D50C4B43
:102938000C4A1988138889B29BB299420BD0138824
:102948000133C3F3080313801388074A9BB2D35C8F
:10295800DBB283627047FEF7F5BD70470080004028
:10296800CE2E0020CC2E0020CC2C00200A490B4A69
:1029780008B50B8812880133C3F3080392B29A4250
:1029880007D0074AD05407480B80FEF7C9FD01203D
:1029980008BD0020FCE700BFCE2E0020CC2E002072
:1029A800CC2C00200080004038B504464518AC42C5
:1029B80000D138BD14F8010BFFF7D8FFF7E7084638
:1029C8001146FFF7F1BF000070B588B00C46064607
:1029D800154600211C2201A808F08CFE231E18BFF2
:1029E80001231B03CDE9033501A90C2303480296F3
:1029F8000594069308F024F908B070BD00800040E3
:102A08001FB5374C236823F001032360354BDA6D7B
:102A180042F00102DA65DB6D03F001030393039BC7
:102A280001210D23CDE900310A22032304214FF0AF
:102A38009040FFF7CBF9002211464FF4E130FFF741
:102A4800C3FF236823F00053236004F1080353E80D
:102A5800003F23F0604304F1080141E80032002AF6
:102A6800F3D104F1080353E8003F23F0606304F155
:102A7800080242E800310029F3D11B4BB02283F849
:102A88005B234FF000629A601548FEF75BFDFEF786
:102A980050FD40232362154B1980154B198063683C
:102AA80023F400636360A36823F00803A3606368EA
:102AB80023F480436360A36823F02203A360A36820
:102AC80043F48053A360236843F001032360C36980
:102AD8009A02FCD5C3695B02F9D504B010BD00BFEA
:102AE800008000400010024000E100E0CC2E0020F1
:102AF800CE2E0020FFF784BF024B1A68024B1A60E3
:102B0800704700BFF02E0020AC030020054A064B9A
:102B18001968136899421DBF013301201360002012
:102B2800704700BFAC030020F02E0020034A044980
:102B3800136809680B441360704700BFF02E00202B
:102B4800400000200148FFF734BA00BF00040040ED
:102B5800014B586A80B270470004004008B5FFF77F
:102B6800F1FFBDE80840FFF7C7BF70B504460D4642
:102B7800164607F081FA083D04EBC606B44204D1B4
:102B8800042407F08BFA204670BD55F8082FD4E9C5
:102B980000016B68994208BF904201D10834EDE703
:102BA8002046FFF7B6FB0028F8D10446E9E7000005
:102BB8001FB503788BB10A4B1B68B3F5FA6F0CD3BA
:102BC8000023002203700023CDE90023CDE902236E
:102BD800406802226946FFF7C8FF05B05DF804FBAC
:102BE800F02E0020000000000123F0B50380444BC4
:102BF800444AD3E9005104464348914208BF8542FC
:102C080085B04FF0000202D1227005B0F0BD3AA1A4
:102C1800D1E900013D4F6260C3E900013C484FF033
:102C2800AA33D0E90021B1F1FF3F08BFB2F1FF3F5D
:102C3800D0E9026505D0994208BF9A4201D00A43FB
:102C480009D1B5F1FF3F08BFB6F1FF3F0DD09D4256
:102C580008BF9E4209D01030B842E2D172B63E2178
:102C68002B48FFF74FFB62B629486060D0E9003275
:102C7800CDE90032B2F1FF3F08BFB3F1FF3FD0E921
:102C8800025109D1B1F1FF3F08BFB5F1FF3F22D191
:102C98004FF0AA331A4623E04FF0AA36B24208BFD3
:102CA800B3420BD1B1F1FF3F08BFB5F1FF3F0FD0E1
:102CB800B14208BFB5420ED10023EBE753EA020741
:102CC80009D1B14208BFB54205D14FF480712180C6
:102CD8001D46114604E0002323701A461D46194676
:102CE800CDE90032CDE9025102226946FFF73DFFE6
:102CF8008BE700BFAFF3008012345678FEDCBA9041
:102D080020000020FEDCBA901234567800F8010842
:102D180000F001084FF080431A6991070AD56FF057
:102D280002021A615A6B6432DA63084A596B1288D4
:102D38000A445A634FF080431A69120705D56FF0A9
:102D480008021A61024B01221A70704784000020A1
:102D5800A90300200A490B8803B9FEE772B64FF0B1
:102D6800804309885A6A114464325963DA636FF000
:102D780002021A616FF008021A6162B6704700BF5A
:102D88008400002000B5032289B04FF0FF314FF0D6
:102D98008040FFF705F920220021684608F0AAFCC8
:102DA80064236A4601214FF08040039308F0B6F986
:102DB800C8236A464FF480714FF08040039308F0AF
:102DC800ADF9054BA02283F81C234FF080521A60FE
:102DD80009B05DF804FB00BF00E100E04FF080435C
:102DE800DA6842F00202DA60DA6842F00802DA6071
:102DF8007047000010B501EB8101084B01EB810120
:102E080089001980064B044600221A70FFF7BAFFA2
:102E18002046BDE81040FFF7E1BF00BF8400002056
:102E2800A903002038B51B4CC0220021201D08F042
:102E380061FC1623062263800F23A0181649A3807D
:102E480043232280FEF716F90123C4E913333F23F5
:102E58001149A4F8543002254323062204F15600F0
:102E6800A4F84A50FEF706F90C4BC4F89C300C49FC
:102E7800A4F89A50002304F1AC00C4E9293384F87B
:102E8800A03008F0D9FB7F2384F8C130052384F8EB
:102E9800C23038BDA002002074C00008070001003D
:102EA80079BC000870B5094E05460C46415C3046B1
:102EB80008F0D9FB034628B1831B0133DBB2282B6A
:102EC80028BF0023F35C2B5570BD00BF8CC00008E1
:102ED80070B50C461146064608F0AEFB44B1002515
:102EE800052130460135FFF7DDFFEBB29C42F7D8EC
:102EF80070BD0000F7B5054605F11106214C224AC0
:102F0800014636016846FFF7E3FFB01C69462044D6
:102F180008F092FB264404EB05120023022777727F
:102F2800A2F81A31142202FB05400421012280F87C
:102F380050104FF4807540F20111A0F84A70C26435
:102F4800A0F8522080F85520A0F85650A0F8581044
:102F580040F2032084F83430E784A562A08584F821
:102F68002E2084F8303084F83330C4F83A30C4F86E
:102F78003E30C4F84230A4F84610A4F8481003B014
:102F8800F0BD00BFE40000202ABC0008F7B50546E4
:102F9800B14CB24A05F11106014637016846FFF700
:102FA80097FFB81C274469462044FDF79DFF7B7AAC
:102FB800AB4A072B88BF022304EB061088BF7B723D
:102FC8001188437A41FA03F3DF070FD402234372CF
:102FD80061B14807C1F3800308D441FA03F7FF073A
:102FE800D8B240F1D88104EB0613587204EB0511EE
:102FF8002B0191F81A01052802D9002081F81A013D
:10300800E718508897F81A1140FA01F1C90711D446
:10301800012187F81A1168B18707C0F3400109D464
:1030280040FA01FC1CF0010FCFB200F0B981E118A1
:1030380081F81A71E11891F81B01032802D90020C0
:1030480081F81B0104EB0616717A012903D90429BA
:1030580001D000219180E618908896F81B1140FA5B
:1030680001F111F001010ED186F81B1158B110F0D1
:10307800010108D140FA01F7FF07CEB240F195816E
:10308800234483F81B61142303FB054191F84A008C
:10309800052802D9022081F84A0003FB054393F86A
:1030A8004B10042902D9002183F84B10142303FB89
:1030B8000543B2F84A1093F84B0041FA00F0C007F4
:1030C80012D4012083F84B0071B18807C1F3400383
:1030D8000AD441FA03F6F707D8B240F16B811423FA
:1030E80003FB054383F84B00142303FB054393F8C4
:1030F8004C10032902D9012183F84C10142000FB3D
:103108000540B2F84C1090F84C3041FA03F313F034
:10311800010310D180F84C3069B111F001030AD1D4
:1031280041FA03F6F607D8B240F14981142303FBAC
:10313800054383F84C00142303FB054393F84E1012
:10314800012902D9002183F84E10142000FB054004
:10315800B2F84E1090F84E3041FA03F313F0010321
:1031680010D180F84E3069B111F001030AD141FA4B
:1031780003F6F707D8B240F12781142303FB054370
:1031880083F84E00142303FB054393F84F100229DC
:1031980002D9002183F84F10142000FB0540B2F833
:1031A800503090F84F1043FA01F111F0010110D19D
:1031B80080F84F106BB113F001010AD143FA01F600
:1031C800F607C8B240F10581142101FB054181F8D9
:1031D8004F00142101FB054090F84D60022E02D9E2
:1031E800002680F84D6001FB054191F85000052844
:1031F80002D9042081F85000142101FB054090F801
:103208005260012E02D9012680F8526001FB054167
:1032180091F85500012802D9012081F855001421A0
:1032280001FB054191F85300022802D9002081F8DA
:103238005300142606FB0546B2F8520096F85310C0
:1032480040FA01F111F0010117D186F85310A0B12D
:1032580010F0010111D105E0E40000202ABC0008AB
:10326800A002002040FA01F7FF07CEB240F1B68075
:10327800142101FB054181F85360142101FB05402D
:1032880090F856600C2E02D9002680F8566001FB93
:10329800054191F84C00012809D191F84F60022EA0
:1032A80005D1DF0740F19F80002381F84F301423B8
:1032B80003FB0543012183F8571040F20111A3F8DD
:1032C800581094F82630052B02D9022384F82630AA
:1032D80094F82730042B02D9002384F82730B2F859
:1032E8009A0094F8273040FA03F313F0010F8A4B41
:1032F8000ED1012184F8271050B18607C0F3400190
:1033080006D440FA01F7FF07CEB271D583F82760DB
:1033180094F82810022902D9002184F8281094F87A
:103328002910022902D9012184F82910B2F89C1029
:1033380094F8292041FA02F212F001020CD184F823
:10334800292049B111F0010206D141FA02F6F60727
:10335800D0B251D583F8290094F82A200C2A02D932
:10336800002284F82A2093F832200C2A02D900225D
:1033780083F8322093F82B20042A02D9002283F8FC
:103388002B2000226549104611F9014F14F1780FDE
:1033980036DA087036E00133102B7FF41EAE25E6CE
:1033A800013110297FF43CAE44E6013110297FF445
:1033B80061AE68E60133102B7FF48BAE94E60133DF
:1033C800102B7FF4ADAEB6E60133102B7FF4CFAEF1
:1033D800D8E6013110297FF4F1AEFAE6013110295F
:1033E8007FF440AF49E713F0020318BF03465CE7D8
:1033F8000131102985D18BE70132102AA5D1ABE71D
:10340800782CC6DC0132D2B20C2ABDD14449002244
:10341800012011F8014F0132022CD2B288BF087086
:10342800042AF6D193F83420012A02D9002283F81D
:1034380034203C4AB2F89E1093F8342041FA02F244
:1034480012F001020CD183F8342049B111F00102C5
:1034580006D141FA02F4E407D0B211D583F834005A
:1034680093F82C20052A02D9032283F82C2093F8FC
:103478002D20032A08D80AD1002283F8342006E038
:103488000132102AE5D1EBE7022283F82D2093F8C8
:103498002E20022A02D9012283F82E2093F8302008
:1034A800022A02D9002283F8302093F833200C2A0C
:1034B80002D9002283F8332093F83520042A02D950
:1034C800002283F83520142202FB053191F85A00B6
:1034D800012802D9002081F85A0002FB0532FF2199
:1034E80003EB05154FF6FF7082F8511082F854105F
:1034F80083F82F1083F831104FF0FF31C5F81C11F5
:10350800A5F820011962998482F85B00A2F85C1082
:10351800D986198703B0F0BDE40000201D01002002
:1035280029010020A0020020034670B50846052B9B
:1035380004D8DFE803F01D0421191D21FEE7202629
:103548001F250F22174CA3702277013B0122A4F8F4
:103558004860A4F84A50A276A273042B10D8DFE87A
:1035680003F010181B1B180009266F250722E9E72E
:10357800142632250A22E5E7352613251922E1E724
:10358800FEE7002323712374FDF782FF60736076E2
:1035980070BD22712274F7E7002323712374A37688
:1035A800A373F1E788000020044B012283F851201F
:1035B800A3F85220A3F85420704700BF88000020C9
:1035C8002DE9F043794D7A4C00F1110805EB081705
:1035D80002378DB006463846FDF7A2FC4FEA0619B9
:1035E8000290042102A805EB0616FDF7DBFF96F80A
:1035F8001B31E0832BB103EB031303EB03231844C4
:10360800E08305EB08135B7A062B40F0AC80E38B74
:1036180003F5B5432533E38305EB081895F8270030
:10362800FFF7C2FF98F8091061708B1FA944012B9E
:103638008CBF0023012399F81A0184F85630FFF74C
:1036480073FF99F81B21E18B029BE1806182A360E3
:1036580063612AB14FF0113000FB0233A36063614C
:1036680095F82600534B616213F9203023732376B3
:10367800002384F82A30637B84F8292023B938464C
:10368800FDF76EFC84F82A006078FDF701FF4A4ACE
:1036980084F82800128802F00101970748BF41F01A
:1036A8000201A185560742BFA18D41F00401A18501
:1036B8000346100742BFA18D41F01001A185D10634
:1036C80042BFA18D41F02001A185920642BFA28D83
:1036D80042F00802A285394A03AE02F1200C1068B4
:1036E8005168374603C7083262453E46F7D110682D
:1036F8003860A278324E06210CA801FB030313445C
:10370800B7EE087A13F8247C84F8207007EE907AD4
:10371800F8EEE77A16E90F0067EE877A86E80F0079
:10372800FCEEE77A40F2E243CDED017A7F08A4F897
:103738004C309DF80430B4F84820A4F84E30052FDA
:103748004FF47A73B3FBF2F3A4F8403095F82C30B9
:1037580038BF052784F85070052B1AD8DFE803F026
:103768000B2216191C1F072B7FF456AFE38BA3F50A
:10377800B543263B4FE74FF416536364002384F8A0
:103788005730A4F858300DB0BDE8F0834FF4164315
:10379800F3E74FF46143F0E74FF4E133EDE74FF41B
:1037A8006133EAE74FF49643E7E700BFE4000020FF
:1037B8008800002074C00008A0020020ECB90008AE
:1037C800B800002002484FF4DE72FF2107F092BFD4
:1037D800E400002002484FF4DE71FEF72FBE00BF60
:1037E800E400002002484FF4DE71FEF713BE00BF6C
:1037F800E400002008B5FFF7F5FF034B1878BDE893
:103808000840FFF7C3BB00BF8800002038B5FFF7AA
:10381800D9FFFEF729FE04280CD0FFF7D3FFFEF7E7
:1038280023FE042803D1FFF7DDFF042806D0FFF7A5
:10383800C9FF03E0FFF7D6FF0428EED12649274841
:10384800264C102207F02AFF38B1254910222046BD
:1038580007F024FF08B1FFF7B5FFA38AB3F5215F8E
:1038680028D008D30025E8B20135FFF743FB0A2D1D
:10387800F9D10023E3774FF42153A382012522696C
:103888001549164842F6A1039A424FF010021CBF90
:103898002361012507F002FF70B10F490F4810227C
:1038A800FDF70DFC0F4910480822FDF708FCFFF74B
:1038B80091FF03E00025E2E7002DF8D10023E3772C
:1038C8000A4C2370FFF7AEFA2078FFF75FFB2078E9
:1038D800BDE83840FFF774BE31BC0008E4000020A2
:1038E80042BC000853BC0008960200208800002053
:1038F8000129F7B5054600D9FEE70B4E06EB011383
:103908001C460F016278F15D03619B7806F030F880
:10391800E3790193A379009322796379E1782846C2
:1039280006F04DF803B0F0BDF4D6000838B583684A
:1039380004466BB1024652F8183BDD6900F11903E1
:10394800A847217E20460222BDE8384006F099B8F3
:1039580038BD000070B58160897A86B0044601B12F
:10396800012105F0DEFF204606F05EF9204606F04C
:1039780036F9217BFF2903D0FA22204606F03BF9CD
:10398800A3685B7A013B042B04D8DFE803F0043E0C
:103998003E414100FEE7E922E121204606F068F9B0
:1039A8000121204606F0F8F89621204606F035F960
:1039B8003821204606F047F9204606F04BF9A3685F
:1039C800204693F90810FFF7B1FFA3689D7A15B355
:1039D80019782046FFF78CFF00221146204605F093
:1039E800BAFF0023009340F2032220464FF6FF71EE
:1039F80006F014F820464FF6FF7106F036F8204618
:103A080006B0BDE8704006F0D7B8DB22D721C4E77E
:103A18006F226B21C1E75E880E4B63614CF2503315
:103A2800009320460C4919230B2206F031F9012393
:103A3800CDE903335B23CDE9015310231946204612
:103A48000095042206F062F93146204606F082F914
:103A5800C2E700BFD4D60008A086010010B504460E
:103A680006F0AAF820464FF6FF71BDE8104005F0B1
:103A7800FCBF000038B58168036891F90810DD695A
:103A8800044600F1190300F11802A847A3689A7ABE
:103A980042B11A78012A00D9FEE7044B03EB02135E
:103AA800236138BD024B6361FBE700BFF4D6000811
:103AB800D4D60008836810B5044683B103691BB9DE
:103AC80043690BB9FFF7D6FFA3689B7A1BB123693B
:103AD800B3F90C0010BD6369B3F91C00FAE7184686
:103AE800F8E7836810B5044643B103691BB9436915
:103AF8000BB9FFF7BFFF94F9190010BD1846FCE792
:103B080008B5836843B9FFF725FF7D20FEF7CAFB98
:103B1800BDE80840FEF742BB08BD000090F8D4306D
:103B280053B190F8D520074B03EBC20153F832305C
:103B3800497953F821007047037C00EB8300406B00
:103B4800704700BF44C0000813B5184B0288DB8BD0
:103B58009A42044626D18378DB0625D48379812BC3
:103B680022D84FF6FF730D2201460DF10600ADF87D
:103B78000630FDF7FDFCB4F80D20BDF806309A427A
:103B88000ED14C2204F10D01FDF7F2FCB4F85900F6
:103B9800BDF80630C01A18BF0120800002B010BD61
:103BA8000320FBE70120F9E70220F7E7880000205F
:103BB8000A7ACB7902F0070243EA022303804B7AA0
:103BC8000A7A03F03F035B0143EAD20343808B7A0E
:103BD8004A7A9B0043EA9213CA7A02F0010243EA46
:103BE800822383800B7BCA7A03F00F03DB0143EA4D
:103BF8005203C3800B7BC3F30112012A11D813F0BF
:103C0800300F14BF012300239B0203830B7B7F2B00
:103C18000AD813F0C00F14BF012300239B0243836B
:103C2800704740F2FF73F0E740F2FF73F7E70A7A54
:103C3800CB7902F0070243EA022303804B7A0A7A1F
:103C480003F03F035B0143EAD20343808B7A4A7A4D
:103C58009B0043EA9213CA7A02F0010243EA8223E4
:103C680083800B7BCA7A03F00F03DB0143EA52031C
:103C7800C3800A7CCB7B02F0070243EA022303815C
:103C88004B7C0A7C03F03F035B0143EAD203438188
:103C98008B7C4A7C9B0043EA9213CA7C02F00102A7
:103CA80043EA822383810B7DCA7C03F00F03DB0187
:103CB80043EA5203C3814B7DDB0003828B7DDB002B
:103CC8004382CB7DDB0083820B7EDB00C3820B7BD0
:103CD800C3F30112012A2BD813F0300F14BF0123AC
:103CE80000239B0203830B7B7F2B24D813F0C00F88
:103CF80014BF012300239B0243830B7DC3F30112EE
:103D0800012A1BD813F0300F14BF012300239B0294
:103D180083830B7D7F2B14D813F0C00F14BF0123AE
:103D280000239B02C3834FF480630384438470475A
:103D380040F2FF73D6E740F2FF73DDE740F2FF730E
:103D4800E6E740F2FF73EDE737B52E4BDB8B0380D8
:103D58004A78837862F3C30383704A79C37862F33D
:103D68008203C3708A79837962F3000383710446FE
:103D780091F902000D46FCF79EFFE37800F01F0260
:103D880003F0070343EAC203E3702379C0F3411049
:103D980023F0030303432371EA78DBB202F03F0206
:103DA80003F0030343EA82032371EA786379C2F3D9
:103DB800801223F00103134363712A7962F34703E6
:103DC80063716A7AA37802F0030203F03F0343EABF
:103DD8008213A3706A7AE378C2F3800223F00103A6
:103DE8001343E37059224FF6FF7321460DF1060085
:103DF800ADF80630FDF7BCFBBDF80630A4F8593025
:103E080003B030BD880000202DE9F3419DF82070F3
:103E18001546522F88464FF05B024FF000010446CA
:103E280028BF52271E4607F065FC3C4BDB8B2380DE
:103E38002A78A37862F30203A3706B784FEA081814
:103E4800DB0003F0080308F0300843EA0801A37810
:103E580023F038031943A1706A79E37862F3820387
:103E6800E370AA79A37962F30003A37195F90200BC
:103E7800FCF721FFE37800F01F0203F0070343EA91
:103E8800C203E3702379C0F3411023F00303034313
:103E98002371EA78DBB202F03F0203F0030343EA3E
:103EA80082032371EB786279C3F3801322F0010255
:103EB8001A4362712B7963F3470262716A7AA378B5
:103EC80002F0030203F03F0343EA8213A3706A7A05
:103ED800E378C2F3800223F001031343A279E3706D
:103EE800234667F3470203F8062F3744BE4210D132
:103EF8004FF6FF73592221460DF10600ADF8063042
:103F0800FDF736FBBDF80630A4F8593002B0BDE81D
:103F1800F08116F8012B03F8012FE7E7880000204D
:103F280007B5009313460A460121FFF76DFF03B05A
:103F38005DF804FB30B53A4B027893F8261061F32C
:103F48000302027093F8271061F30712027093F8C6
:103F58002810427861F30302427093F8291061F344
:103F68000712427093F82A10827861F30302827074
:103F780093F83210827961F30302827193F82B105F
:103F8800827861F30712827093F83410C27961F372
:103F98000302C27193F82C10C27861F30302C27055
:103FA80093F82D1061F30712C27093F82E1002795E
:103FB80061F303020271427993F8301061F303024E
:103FC800427193F83310827961F30712827193F882
:103FD8003510C27961F30712C27103F1390100F19A
:103FE8000A0200F1160411F9015F02F8015FA2420A
:103FF800F9D193F84610C27D61F30102C27593F8B6
:10400800471061F38302C27593F8481061F30512F3
:10401800C27593F8493063F38712C27530BD00BF8B
:10402800E40000200278344BC2F3030230B583F871
:1040380026200278C2F3031283F827204278C2F3BD
:10404800030283F828204278C2F3031283F8292058
:104058008278C2F3030283F82A208279C2F303022A
:1040680083F832208278C2F3031283F82B20C279B6
:10407800C2F3030283F83420C278C2F3030283F840
:104088002C20C278C2F3031283F82D200279C2F3E0
:10409800030283F82E204279C2F3030283F830200A
:1040A8008279C2F3031283F83320C279C2F3031270
:1040B80083F8352003F1390100F10A0200F11604F2
:1040C80012F9015F01F8015FA242F9D1C27DC2F382
:1040D800010283F84620C27DC2F3810283F847209B
:1040E800C27DC2F3011283F84820C27DC2F3811257
:1040F80083F8492030BD00BFE400002070B5522687
:1041080098B0324604460D4603A8002107F0F2FA9B
:10411800212342F6A1008DF80C30FCF7BFFFADF863
:104128000E004FF42150FCF7B9FF1C49ADF8100000
:1041380014220DF11200FCF7C2FF1948FFF7D1FC59
:10414800184B8DF8260093F851308DF827300AA8BF
:10415800FFF7F0FE4FF68073ADF84630124A134B66
:10416800CDE91223124B149347F6FF73ADF8543080
:10417800104BB3F89A208DF85620B3F89C20B3F86A
:104188009E308DF857208DF85830009603AB2A469C
:1041980002212046FFF738FE18B070BD59BC000850
:1041A800741E00208800002001000A001900640025
:1041B8009E00FF7FA002002038B5104D044600F194
:1041C8001B01062205F58970FCF7DAFF94F8213007
:1041D800C3F3030385F8193194F82130C3F30313AB
:1041E80085F81A3194F82230C3F3030385F81B319C
:1041F80004F12500BDE83840FFF714BFE4000020B3
:104208000B4A0C49126882600A6802614A680A49C6
:1042180042610A6882614A68C26100234EF66022E0
:10422800838083718381038402600385704700BFA4
:10423800F02E002068BC000871BC000810B50E4CB8
:10424800A36803B9FEE70D4A12791A7000212046C7
:1042580005F050FB4FF47A70FEF724F82046012150
:1042680005F05FFBA36820461978FFF741FB20465D
:10427800FFF7F4FB10BD00BF741E0020880000206B
:1042880038B5174D0446A878697805281CD14FF62B
:10429800FF732385FFF748F96B7801229A40238D35
:1042A80023EA020323850F490F48FFF729FC0E482C
:1042B800FFF7D4FB0C486FF07F01FFF737FB204670
:1042C800BDE83840FFF7BABF002323850220FFF777
:1042D8002BF96A7801239340228D13439BB2E1E7BF
:1042E800880000208C000020741E002008B590F87B
:1042F800203002468BB9FDF783FF10B982F8210000
:1043080008BD92F8213001335BB2312B82F821309D
:10431800F6DD012382F82030F2E7FDF771FF18B1CE
:10432800322382F82130EBE792F82130013B5BB26F
:10433800002B82F82130D8BF82F82000E0E7000087
:104348000A4B90F820201B6872B182689B1AB3F55B
:104358007A6F01D901234371037923B9437913B1E2
:1043680001230371037370478360F5E7F02E002083
:10437800037B9A1E012A4FF0000202D890F8201001
:1043880011B90273184670471346FBE70A4A38B555
:10439800138801339BB2502B04460D4601D8138075
:1043A80038BD002305491380FDF772FC29462046D5
:1043B800FDF76EFCF4E700BFB00300207ABC0008EC
:1043C8002DE9F84F154604460F467749FDF760FC7E
:1043D80029462046FDF75CFC744B0022012F1A8009
:1043E8004FF0904610D10223B362B76146F2A8108D
:1043F800FDF758FFB76246F2A810FDF753FF2946AC
:104408002046FFF7C3FFF0E7BB1E01220C2B00F28A
:10441800BE80DFE803F0374A5E1F07BCBCBC717181
:10442800717171004FF090464FF001080227C6F8ED
:10443800188046F2A810B762FDF734FFC6F8288046
:1044480046F2A810B761FDF72DFF29462046FFF771
:104458009DFFEBE74FF090464FF001080227C6F8A2
:10446800188046F2A810B761FDF71CFFC6F828802F
:1044780046F2A810B762FDF715FF29462046FFF758
:1044880085FFEBE7B26202274FF09046B76146F22C
:10449800A810FDF707FFB76246F2A810FDF702FF64
:1044A80029462046FFF772FFF0E70223B361012790
:1044B8004FF09046B76146F2A810FDF7F3FEB762D9
:1044C80046F2A810FDF7EEFE29462046FFF75EFFEC
:1044D800F0E7B26102274FF09046B76146F2A810A4
:1044E800FDF7E0FEB76246F2A810FDF7DBFE2946AD
:1044F8002046FFF74BFFF0E7A7F1090A5FFA8AFAAF
:1045080000264FF0010956453EBF4FF09043022266
:104518009A614FF004084FF0904B46F2A810CBF880
:104528001890FDF7BFFE46F2A810CBF82890FDF7CB
:10453800B9FE08F1FF3829462046FFF727FF18F093
:10454800FF08EAD10223CBF828304FF004084FF0D7
:10455800904B46F2A810CBF81890FDF7A3FE46F250
:10456800A810CBF82890FDF79DFE08F1FF382946E2
:104578002046FFF70BFF18F0FF08EAD10136A7F134
:104588000803F6B2DBB2B34238BF0026BBE702230A
:10459800B261B3614CF25030FDF784FE29462046E3
:1045A800FFF7F4FEF6E700BF7ABC0008B00300206E
:1045B80008B5437802789A4213D0052B8ABF0523A1
:1045C80003700370027888BF4370064B064813F9DE
:1045D8002210064B19731976836813B11972FFF705
:1045E800A5F908BD74C00008741E002088000020CA
:1045F80010B50AB9437010BD541E0B2CFBD80332FA
:10460800D2B231F91220C83A03FB022240F271619A
:1046180092FBF1F212B222EAE2729A42C8BF1AB2CF
:104628004270E8E70A46014610B9024805F033B976
:10463800704700BF741E002038B515461C4690B957
:10464800FDF76CFD2B460A460146094805F0FCF8C3
:1046580007484FF6FF7105F008FAA1010448BDE8C4
:10466800384005F01BBA0248FFF7F8F938BD00BF1B
:10467800741E00202DE9F041194C05465B270E46B3
:104688003A460021204607F035F8AB692360EB690C
:104698006360144B14491B789A1E53425341627A43
:1046A80063F3000262726FF05E02A2722822002396
:1046B800E27204F10E00142223736373FCF7FFFC0B
:1046C80059212046FCF76EFF084BA4F859003A46DA
:1046D800214630461B7FBDE8F041FFF7ADBF00BF64
:1046E800FB1C0020A303002059BC00088800002000
:1046F80037B50C4638B91A48836833B9812281F82E
:10470800A02081F8A23003B030BD9D7ADDB101F15F
:10471800A2020DF1060105F0F7F994F9A230002B79
:1047280004DABDF806201344ADF80630BDF90630AA
:10473800002B0FDB4FF6FF73ADF80630BDF80630DF
:1047480084F8A030DFE70DF1060105F014FB84F8CA
:10475800A250EBE77F33F1DA4FF68173ECE700BF45
:10476800741E00200A4608B501460148FFF728FED6
:104778002C00002000B591B00446684616461D4638
:1047880006F05AFF1849684606F05EFF304604F006
:1047980089FF0146684606F057FF1449684606F047
:1047A80053FF134B684653F82510124D06F04CFF83
:1047B8001149684606F048FF9DF84830684655F8A4
:1047C800231006F041FF0D49684606F03DFF9DF8AD
:1047D8004C30684655F8231006F036FF08486A46FC
:1047E8002146FFF7EDFD00BF7CBC000883BC000834
:1047F800000000201000002088BC00088FBC0008C2
:104808002C000020024608B501480021FFF7D8FD1A
:104818002C0000200023FF22037043708370C270B5
:1048280003717047C17829B98378017101338370A6
:10483800012070470378012B1DD0022B05D08BB9BE
:104848008278013282700371F2E7827843785340AC
:10485800DB0703D4013282700023F4E7FF2903D178
:10486800002303710020704703790133DBB29942BA
:104878000371EFD3F6E7FF29F2D002790132D2B201
:1048880091420271EED28278013282700022027166
:10489800CEE700000E48C3691A0617D503681B0641
:1048A80014D50C4B0C4A1988138889B29BB29942CB
:1048B8000AD013880133DBB213801388074A9BB2EE
:1048C800D35CDBB283627047FCF73CBE704700BF25
:1048D80000440040C2200020C0200020BF1F00204C
:1048E80009490A4A08B50B8812880133DBB292B22B
:1048F8009A4207D0064AD05406480B80FCF710FEAF
:10490800012008BD0020FCE7C2200020C0200020B4
:10491800BF1F00200044004038B504464518AC428B
:1049280000D138BD14F8010BFFF7DAFFF7E70846A6
:104938001146FFF7F1BF000070B588B00C46064677
:10494800154600212022684606F0D4FE231E18BF13
:1049580001231B03CDE9023569460C230348019660
:104968000494059306F0B0FD08B070BD0044004003
:1049780010B5064C236823F001032360FFF7DCFF22
:10498800236843F00103236010BD00BF00440040CA
:1049980008B541B14FF4005204484FF48061FFF765
:1049A800E7FFFDF705FC012008BD00BFA086010058
:1049B80008B531B1002211460348FFF7D9FFFDF7CA
:1049C800F7FB012008BD00BF9A5B060008B541B19E
:1049D8004FF4005204484FF48061FFF7C9FFFDF718
:1049E800F7FB012008BD00BFA086010013B5374CB6
:1049F800236823F0010323604FF40030FCF774FDB3
:104A080008210123CDE90013314803230A22FDF7C9
:104A1800DDF9002211462F48FFF78EFF636823F463
:104A280090436360A36823F02A03A360236823F0FC
:104A3800005323604FF0402202F5816353E8003FA2
:104A480023F0604302F5816040E800310029F3D18A
:104A58004FF0402202F5816353E8003F23F0606382
:104A680002F5816040E800310029F3D11A4BC022D9
:104A780083F8262340245C601448FCF763FDFCF7A8
:104A880058FD164B04621980154B1980436823F4AE
:104A980000634360836823F008038360436823F45A
:104AA80080434360836823F022038360836843F470
:104AB80080538360036843F001030360C3699A026B
:104AC800FCD5C3695B02F9D502B010BD00440040B3
:104AD80000040048A086010000E100E0C02000209A
:104AE800C220002030B51C4C85B00E22002105469E
:104AF800684606F0FFFDB4F8A030ADF80030204657
:104B0800FCF785F88DF802002046FCF777F8B4F832
:104B1800A4308DF803001148ADF80430FEF7E1FF2A
:104B280094F8A6308DF8073094F8A9308DF808303D
:104B3800B4F8AA30ADF80A30094B8DF806009B7816
:104B48008DF80C306946012328468DF80D3004F0A5
:104B58000CF905B030BD00BFB81D0020741E002040
:104B6800880000200148FEF7F5B800BFB11D0020FD
:104B7800F8B5154D0E4607465B23294630461446C0
:104B88002A46FFF74FFDD7E9041328686A689A4256
:104B980008BF884209D0002430460C49FFF7A8FD19
:104BA800002C0CBF01200320F8BD59212846FCF732
:104BB800F9FCB5F859308342EDD114B1FFF7D2FFB3
:104BC800EAE70124E8E700BFAD1E0020B81D002079
:104BD80013B5012104460844FCF7E4FCA178ADF8BC
:104BE80006000DF10600FCF7B7FCE178FCF7B4FC11
:104BF8002179FCF7B1FC6179FCF7AEFCA179FCF7EF
:104C0800ABFC04F108010322FCF7B2FC627804F162
:104C18000C01FCF7ADFC94F82311FCF79DFCBDF8E2
:104C28000630A4F80C3102B010BD00000038024B69
:104C380018BF0120187070476803002070B552BB78
:104C4800042B5BD89EB22BB34F4C94F828301546F2
:104C5800626A0333DBB2D20084F82830626213E060
:104C6800083BDBB284F82830B1F800C0BCF5817F7E
:104C78000CF1010E40D2626AA1F800E022FA03F3B7
:104C880000F80C3094F82830072BE9D80135AAB27F
:104C98009642DDD870BDFF2AFCD1032B51D81FFAEC
:104CA80083FC002BF6D0384C94F828304FF0000ED7
:104CB800626A04331201DBB242F0020284F828303F
:104CC800626210E0083BDBB284F828300A88B2F54B
:104CD800817F02F1010610D2656A0E8025FA03F37E
:104CE800835494F82830072BECD80EF1010E1FFAE4
:104CF8008EF29445DCD870BDFEE7FEE7224C626A6E
:104D080003F5C06343EA423294F8283062620D33F7
:104D1800DBB284F8283010E0083BDBB284F8283096
:104D28000A88B2F5817F02F1010609D2656A0E8010
:104D380025FA03F3835494F82830072BECD870BD78
:104D4800FEE7114C626A03F5E06343EA423394F8E4
:104D58002820636202F10D03DBB284F828300EE0EC
:104D6800083BDBB284F828300A88B2F5817F09D283
:104D7800656ADD40531C0B80855494F82830072B56
:104D8800EED870BDFEE700BFBC0500202DE9F84F46
:104D9800644C0027FF250F8005708025676284F822
:104DA8002870A5779946002B00F0AF8003F1FF3AF1
:104DB8000B8812FA8AFA561E02F1FF08BB463A46D9
:104DC800FF2B16F8015F0DD88AB15D450BD101376D
:104DD800BFB2994540F28680B24500F08680B04562
:104DE800EED1FEE7FEE7FBB25A46FFF727FF6B1E40
:104DF800DBB2FD2B2AD83F2B51D905F14103DBB299
:104E08003F2B28D894F82820636A0135EDB2083280
:104E1800D2B245EA032384F82820636211E0083AF5
:104E2800D2B284F828200B88B3F5817F03F1010CF6
:104E380034D2656AA1F800C025FA02F2C25494F887
:104E48002820072AEBD80B880022C2E701270B8805
:104E5800AB463A46BDE794F82820636A3F35EDB281
:104E68000932D2B245EA432384F82820636211E06C
:104E7800083AD2B284F828200B88B3F5817F03F171
:104E8800010C0AD2656AA1F800C025FA02F2C254E0
:104E980094F82820072AEBD8D5E7FEE7FEE794F830
:104EA8002820636A7F35EDB20832D2B245EA03237F
:104EB80084F82820636211E0083AD2B284F82820E6
:104EC8000B88B3F5817F03F1010C0AD2656AA1F85A
:104ED80000C025FA02F2C25494F82820072AEBD819
:104EE800B1E7FEE70020BDE8F88FAAB994F82820BA
:104EF80062B1646AC2F108020125944005FA02F21F
:104F0800013A22435C190C80C2540B88994594BF1E
:104F180000200120BDE8F88FFBB25A46FFF78EFE4D
:104F28000B88E3E7BC0500202DE9F04F47F26F73CB
:104F38000022827003800B78A3F1FE03B3FA83F397
:104F48005B0983708A780D4612F001011CBF43F09B
:104F580080038370D5F8202122F07F4222F0FF02DF
:104F680085B0044612B143F008038370AA68C2F3FF
:104F78001702FF2A1ED9B2F5803F18D363F07F03CA
:104F8800A37041F002014FF0020E09234FF00A0C02
:104F98000822E1700B20CDF804C01E4617464FF0DA
:104FA80007094FF0060A4FF0050B042117E043F0FC
:104FB8000203A370180600F1DF8008234FF0090CE4
:104FC80007220A204FF0000ECDF804C01E461746EF
:104FD8004FF006094FF0050A4FF0040B032195F82E
:104FE800018004F8018004EB0108297904F80B100A
:104FF800697904F80A10A97904F80910A178090751
:1050080009D595F82111A15495F82211A155034607
:10501800674662460646A968A154A278900707D554
:10502800BA1C1F46AB68C3F30F23A35596B2334689
:10503800BEF1000F05D05A1C1F46AB7AA35596B295
:105048003346A278D10606D55A1C1F4695F8233157
:10505800A35596B233464A4A127803F1010914FA65
:1050680089FA05F10C0B42B16B785A460DF10E0125
:105078005046FFF78BFE00285CD16A7850465946A7
:105088001FFA82FA06F0FCFA22783E4B6178D24386
:10509800D2B2072F9A5C82EA0102995CA27882EA6E
:1050A8000102995CE27882EA0102995C227982EA3B
:1050B8000102995C627982EA0102995CA27982EA2A
:1050C8000102995CE27982EA01029A5C1BD0217A9A
:1050D8004A40082F9A5C16D0617A4A40092F9A5C98
:1050E80011D0A17A4A400A2F9A5C0CD0E17A4A4042
:1050F8000B2F9A5C07D0217B4A400C2F9A5C1EBF6D
:10510800617B4A409A5CA2551AFA89F39BB2B3F5BF
:10511800947F0ED2B5F80C21E254981CB5F80C1106
:105128005A1C92B280B2090AB0F5947FA1540AD3EE
:10513800FEE7FEE7A378BDF80EA043F04003A37096
:1051480088F800A0A0E7AA78D20702D405B0BDE885
:10515800F08FD5F81071D5F81811D5F814612750CB
:1051680022180F335660916098B295F81C1111738C
:10517800B0F5947FEAD3FEE74FF0000E05E700BFD5
:1051880068030020B8C000082DE9F84FB14C154657
:105198000F4680460146B04806F072FA0022802386
:1051A800B5F5817F3A802284626284F822304FD23A
:1051B800A94E84F828204FF0FF099246012A76D894
:1051C800B4F820C0654540F2B180616A16F80C3029
:1051D80002F108000CF1010CC0B243EA0123A4F863
:1051E80020C0A0F1020C23FA0CF1063201F00301F1
:1051F8005FFA82FE0229636284F828E000F0BD802D
:10520800032944D0012924D1BEF1060F0DD8228CE0
:10521800954240F28B80B15C00F1060E41EA03230F
:1052280001325FFA8EFE22846362AEF1070E23FA22
:105238000EF303F07F037D2B84F828E076D83A88B4
:10524800FF2A23D84133511C398008F8023019E06D
:10525800FEE7BEF1000F6BD1228C954266D9B15C96
:10526800013241EA03232284072284F828201A06FF
:10527800636200F1C8803B88FF2B06D85A1C3A802D
:1052880008F803A094F8282098E7FEE7FEE7AEF1B7
:10529800060E5FFA8EF284F828203A8823FA0EF375
:1052A800FF2A03F03F0301D8413BCCE7FEE7636ADE
:1052B800A2F1020C23FA0CF101F003015FFA8CFE53
:1052C800022984F828E003D003291CD0104699E766
:1052D800BEF1050F51D8218C8D4227D9705C02F19F
:1052E800060E40EA032301315FFA8EFE63622184D1
:1052F800AEF1060E23FA0EF384F8282003F03F03DC
:105308003A8801339FE7BEF1050FC0D8218C8D4242
:105318000CD9705C02F1060E40EA032301315FFAF2
:105328008EFE21846362AEF1060EB4E7BDE8F88F05
:105338000CF1FF3123FA01F10EF1FF32D2B2C907A5
:1053480084F8282097D5F2B9228C9542EED9B15C21
:10535800013241EA032322840722636284F8282069
:1053680013F0800F40F08C803B88FF2B00F2878081
:105378005A1C3A8008F8039084E7AEF1060E636A77
:105388005FFA8EF2B6E7013A23FA02F1AEF10202B1
:10539800D2B2C80784F82820E6D5002A5ED1228C2C
:1053A8009542C3D9B15C41EA0323013207211806AB
:1053B8002284636284F8281058BF08222AD4B4F8DB
:1053C80020C06545B2D90732D0B216F80C2042EA9F
:1053D80003220CF10103238462621346083884F81F
:1053E8002810C34038885FFA83FB00EB0B03FF2BC0
:1053F8000FDC40445A46002106F07CF93B880BEB51
:1054080003023A803EE7062284F8282013F0400F72
:10541800A8E7FEE708460822218C8D4286D916F8AF
:1054280001C007324CEA03230131D2B221846362FE
:1054380084F82800083A23FA02F238885FFA82FBD7
:1054480000EB0B03FF2B03DC40445A46FF21D3E754
:10545800FEE700BFBC05002090040020511EAEF1FD
:10546800030023FA01F1C0B2C90784F8280011D457
:1054780007280DD9AEF10B01636AC9B2AEE7FEE7A2
:10548800511EC8B223FA01F1C90784F8280001D4D3
:10549800014694E70728BFD9A0F108010246C8B21F
:1054A800C6E700BF2DE9F04F5788B7F58F7F8BB05F
:1054B800144606460BD90022227000226F2B628008
:1054C80000F02581002333700BB0BDE8F08F12780F
:1054D8000E2A0D4624D80E2A00F2D58001A151F8D3
:1054E80022F000BFC35400089B5600088F560008DE
:1054F8008F5600089B5600089B5600089B560008CC
:105508009B5600089B5600089B560008F356000857
:105518008F5600088F5600088F560008CF5600088F
:10552800692A40F2AE806A2A40F0AD80A74FF98A16
:105538004A1E92B2002900F021810332DFF890E27E
:1055480007EB020CB91CFF2211F8010B4240614520
:105558001EF80220F8D1934200F0FE804FF00009B7
:1055680084F80090C4F80290A4F80690B7F8168062
:10557800B8F1020FA6D997F804A0BAF16F0F00F09E
:105588005A83B8F1030F9DD07A796F2A00F06F83A0
:10559800B8F1040F96D0BA796F2A00F06E83B8F18B
:1055A800050F8FD0FA796F2A00F06483B8F1060FDF
:1055B80088D03A7A6F2A00F06C83B8F1070F81D04F
:1055C8007A7A6F2A00F06283B8F1080F3FF47AAF55
:1055D800BA7A6F2A00F05783B8F1090F3FF472AF17
:1055E800FA7A6F2A00F04C83B8F10A0F3FF46AAFD9
:1055F8003A7B6F2A00F05383B8F10B0F3FF462AF88
:105608007A7B6F2A00F04E83B8F10C0F3FF45AAF43
:10561800BA7B6F2A00F08D81B8F10D0F3FF452AFBD
:10562800FA7B6F2A00F06683B8F10E0F3FF44AAF99
:105638003A7C6F2A00F06A83B8F10F0F3FF442AF4B
:105648007A7C6F2A00F05F83B8F1100F3FF43AAF0D
:10565800BA7C6F2A00F05483B8F1110F3FF432AFCF
:10566800FA7C6F2A00F04983B8F1120F3FF42AAF91
:105678003A7D6F2A00F04D83B8F1130F3FF422AF43
:10568800FEE7632A05D800232370C4F80230E380BC
:1056980019E74E4FFA8A122A14D8B91801328B70BA
:1056A800FA822278092A3AD9A2F1640105293FF63B
:1056B80009AF653A042A00F27783DFE802F06D69E2
:1056C80065618300FEE77A1C6280EB55E388628897
:1056D8009A4245D3002262802270B3F5947F4FF03E
:1056E80002020270438075D3FEE77A1C6280374E4F
:1056F800EB55A088727F618883189942FFF6E4AE63
:1057080033785F0600F1B2810E232370DCE62F495F
:105718000A800122CA8264228B702270D2E6002A93
:105728003FF4D0AE013A082A3FF6CCAE01A151F8B9
:1057380022F000BFF1580008CD540008CD540008ED
:105748006D5700086D5700081D590008AF5800082C
:1057580077580008E75800080A2201232270B2E6A9
:105768000123B0E66288B2F5947F06D2511C6180AD
:10577800AB54237801332370A4E6FEE7FF22EAE660
:105788000722FB7622709DE66822BB76227099E696
:1057980001227B70227095E662883B700021B2F589
:1057A800947F79700DD203F00103033B511C618093
:1057B800AB5497F90030002BC0F2BB820123237051
:1057C80080E6FEE76A223B7722707BE6BC05002074
:1057D800B8C000082B78FD2B00F02681EB78037207
:1057E8002B7943726B7943606A78083272800022A1
:1057F80040F28510DFF808C47281FE2104460134A6
:1058080099424FEA540400F2DF80C0F0EA808B42EC
:1058180040F023812B78FD2B00F01C814FF0060B04
:105828002846DFF8DC8310F801AF0BEB0A0909F111
:10583800FF3189B2FBF7B6FE04EB440708EB870794
:10584800ADF808003979019102A8FBF785FE05EB50
:10585800090215F809305278019903EB0223BDF8C3
:1058680008209BB29A4200F0BE8005232BE662888E
:10587800B2F5947F15D2511C6180AB547B7813F03C
:10588800020340F012826288B2F5947F0AD2511C5A
:105898006180AB543B78DD064CBF69236A232370D3
:1058A80010E6FEE7FEE76288B2F5947F15D2511C38
:1058B8006180AB543B787A78134313F0020340F0CD
:1058C800EB816288B2F5947F08D2511C6180AB5499
:1058D8006288B2F5947FDAD3FEE7FEE7FEE76288D6
:1058E800B2F5947FD3D3FEE762883A83B2F5947F0A
:1058F8000FD2511C6180AB543A787B7712F00102C9
:1059080000F0D68106220833A280E38004232370A6
:10591800D8E5FEE76288B2F5947F09D2511C618010
:10592800AB543B781F074CBF672307232370C9E597
:10593800FEE74FF00C09B8F1120F00D9FEE707EBAC
:10594800080208F1010A1FFA8AFA937002AB52465C
:105958001846AA49A7F816A005F092FE00223A8038
:105968000122FA826F22BA706422227009F10102C0
:1059780052450346BFF4A6AD08F1FF310DF1090207
:10598800A1EB09014A4412FA81F24B4401924FF00B
:105998006A0E4FF007084FF0010900224FF0690A1C
:1059A800F98A12290FD878180131F98213F8011FE2
:1059B80081702078092800F2078100286FD10199A9
:1059C8009942EDD17EE5FEE7601E1418824204F18B
:1059D800010744D227F0010101EB57015CF82110BF
:1059E8000DE72246F1E7BB79DA0706D5FA79924541
:1059F80082BF521912F80B20B2729B070BD56300B5
:105A0800234408EB83036A781B7A9A4282BF5B19A6
:105A180013F80B30F3726300234408EB83083173E7
:105A280098F8053073734FE56B790372AB7943725D
:105A38006B7A297AEA791B0403EB01231344436048
:105A48006A7802F10C014180A978C9077FF5CFAEC9
:105A58001932CBE64FF00A0BE2E6032333E5684937
:105A680002EB4200144651F82010D0E602A928445F
:105A7800FFF78AFB737FBDF808106288CB1A9BB2C8
:105A88001A446280727F1A447277E2881344E38072
:105A9800338BB3F5947F01D2E95435E6FEE701383C
:105AA80008288CD80FF2040C5CF820F0F55A00088E
:105AB800C7590008C7590008D95A0008D95A000818
:105AC800875B0008475B0008A95B0008255B0008A6
:105AD8006088B0F5947F08D200F1010CA4F802C0E8
:105AE800295421780131217069E7FEE760883883FD
:105AF800B0F5947F11D200F1010CA4F802C029542A
:105B08003878797710F0010000F017810831E180CA
:105B18000621A1800421217051E7FEE76088B0F5D5
:105B2800947F0BD200F1010CA4F802C029543978F3
:105B3800C90600F12C8184F800E040E7FEE76088A0
:105B4800B0F5947F19D200F1010CA4F802C02954D1
:105B580039787878014311F0020140F01F8160889C
:105B6800B0F5947F0AD200F1010CA4F802C02954C0
:105B78006088B0F5947FD5D3FEE7FEE7FEE760883E
:105B8800B0F5947F0BD200F1010CA4F802C029549F
:105B98003978080700F1058184F800800FE7FEE7EF
:105BA8006088B0F5947F0ED200F1010CA4F802C011
:105BB8002954797811F0020140F0EC806088B0F542
:105BC800947FAFD3FEE7FEE7A0F1640CBCF1050FAC
:105BD8003FF6F5AE6538042800F2EF80DFE800F004
:105BE800120A05032900F976D6E7B9764FF068015D
:105BF8002170E4E6797084F80090E0E6BE050020A4
:105C0800B8C1000860883970B0F5947F7A700FD2F7
:105C180001F00101033900F1010CA4F802C0295474
:105C280097F900100029ACBF494666212170C6E6E5
:105C3800FEE739777FE7B8F1120F3FF67FAE07EB43
:105C4800080108F101028B7002AB92B21846624952
:105C5800FA8205F015FD0122FA826422A7F8009065
:105C680087F802A0034622704FF0020984E64FF03D
:105C7800030960E64FF005095DE64FF004095AE6AE
:105C88004FF0090957E64FF0080954E64FF00709A5
:105C980051E64FF006094EE60823237012E44FF050
:105CA8000A0948E64FF00B0945E60923237009E481
:105CB80061880C33E380B1F5947F4FF00A03A38029
:105CC80016D27B78481C03F0010360806B5461880E
:105CD800B1F5947F0DD2481C60806A5413B1E388F3
:105CE8000D33E380E388B3F5947FFFF40FAEFEE74E
:105CF800FEE7FEE74FF00D091DE64FF011091AE621
:105D08004FF0100917E64FF00F0914E64FF00E098F
:105D180011E6B8F1120F3FF611AEB844BA7088F820
:105D280002300123FB82002264233A802370FFF7AC
:105D3800C9BB66232370FFF7C5BBB4F802C00C319A
:105D4800E180BCF5947F4FF00A01A1801DD27978DB
:105D58000CF1010B01F00101A4F802B005F80C10D8
:105D6800B4F802C0BCF5947F10D20CF1010BA4F872
:105D780002B005F80C0011B1E1880D31E180E1882D
:105D8800B1F5947FFFF4C6AEFEE7FEE7FEE784F8C0
:105D980000A014E64FF00901217010E608212170D7
:105DA8000DE6672121700AE6772B0DD000232370BA
:105DB800C4F80230E380FFF785BB772908D022704A
:105DC800C4F80220E280FAE565232370FFF77ABB66
:105DD8004FF065012170F2E5BE0500202DE9F8437A
:105DE8001F46184B164693F8302004463AB393F8EA
:105DF8002B301FB11BB31F1F18BF0127A1F10208C9
:105E080004F5E36901F11E0538F8020FFAF7C8FF37
:105E180029F8020FB8F80000FAF7CFFFA845A9F84B
:105E28002000F1D1084B84F85A771B68C4F85C3716
:105E380086F00106012384F8606784F81937BDE805
:105E4800F88300BFE4000020F02E002070B500F2B7
:105E58007C7400F5B0712046FBF7F3FB044B024657
:105E6800186801680D6921462B46BDE8704018473F
:105E7800B41D0020B0F8E834B0F8EA249B1A98B2B0
:105E88001B0444BF00F5007080B2003818BF012021
:105E98007047D0F8F836B0F8E8240133C0F8F8367F
:105EA800D0F800370133C0F80037B0F8EA349A4226
:105EB8001FBFC218B0F8EC1492F8EE24013316BFD5
:105EC8000B400022A0F8EA3410467047114B93F8B3
:105ED8002D305A1E012A02D80F48FFF7DABF032BCC
:105EE80010D10E4AB2F81E36B2F81C1699420ED0DE
:105EF800D118013391F82206B2F820160B40A2F807
:105F08001E367047064B186803689B6918470020BF
:105F1800704700BFE400002000060020A80E002003
:105F2800B41D00200023A0F8EA34A0F8E834024B9E
:105F380018680368DB691847B41D002010B50748C6
:105F4800FFF7F0FF064B0022C3F81C26054B186824
:105F58000368BDE81040DB69184700BF0006002051
:105F6800A80E0020B41D002038B5B0F8EA24B0F817
:105F7800E8349B1A9DB21B04084B04461868036852
:105F880048BF05F500751B6A48BFADB2984743196D
:105F9800D4F8F006184480B238BD00BFB41D002004
:105FA800F8B5D0F8F43690F81877CB1AB3F57A7FAD
:105FB80004460E4626D2632B01D800207DE0012F2F
:105FC8000AD0022F19D0002FF7D1FFF7CDFFB0F577
:105FD800806FF2D9012305E0FFF7C6FFB0F5806FA7
:105FE80003D9022384F818370CE02046FFF7BCFFDA
:105FF800B0F5C07FE1D20023F4E7FFF7B5FFB0F5B5
:10600800806FE7D33448C4F8F466FAF725FE334DB9
:10601800334A2B681168C3F1000C411A614501DB52
:1060280099424BDD10600A232B601368B3F5FA7FA1
:10603800BCBF4FF4FA7313601268D4F8F8365221D3
:106048004A4328496425B1F8481092FBF1F26B43A2
:10605800B3FBF2F35F2B35D8552B35D83B2B03D93F
:106068004B2B34BF5B25322594F81837022B2DD0E3
:10607800012B2DD013B9002F18BF33254FF47A7395
:10608800D4F80027314604F20470FBF773F994F84A
:106098001837FBB9642D0BD1D4F8F436A3F29A2340
:1060A800C4F8F436D4F8F83603225B00B3FBF2F3F5
:1060B800C4F8F83684F8FC560120F8BD002BB4DD8E
:1060C800013BB1E70025CFE71E25CDE70025D5E741
:1060D8003225D3E70023EBE7B81D00202800002075
:1060E8006C0300208800002070B5D0F8F43690F8D2
:1060F8001827CB1AB3F57A7F04460E4614D2032A22
:1061080008D8DFE802F002092730FFF72DFFB0F5C5
:10611800487F26D8002029E0FFF726FFB0F5AF6FAB
:1061280011D9022384F81837304B94F81857B3F86C
:106138004800C4F8F466D4F8F836032D4ED8DFE8E2
:1061480005F03716494B2046FFF70EFFA328E1D884
:106158000323E7E7632BDDD9FFF706FFB0F5AF6F41
:10616800E2D20123DEE7002084F8180770BD21255C
:106178004FF47A73D4F80027314604F20470FBF721
:10618800F9F894F818377BBB642D0BD1D4F8F436A2
:10619800A3F54873C4F8F436D4F8F83605229B0002
:1061A800B3FBF2F3C4F8F83684F8FC560120DDE7B7
:1061B80064210F4AB2FBF0F24B43B3FBF2F35F2BBF
:1061C800D6D8552B0CD83B2B0CD94B2B34BF5B2581
:1061D8003225CDE70025CBE75D25C9E76425C7E76C
:1061E8001E25C5E70D46C3E70023DBE7880000202E
:1061F80050400100F8B5244F04463846FAF7F5FC3C
:10620800FAF76FFD064697F9A600FAF76AFD054604
:106218003846FAF7F3FC1D4B94F8FC2693F8353012
:1062280084F87221333384F86531442384F8663165
:10623800FF22D4F8683184F874216D2262F31703C1
:10624800C4F86831C0F10A000023C4F86C3184F83E
:10625800813200B24FF43943A4F8823280F3070048
:10626800092384F8730184F8706104F5B07084F828
:10627800715184F8843204F5AA71FBF7A1FC204619
:10628800BDE8F840FFF7E2BDB81D0020E40000209B
:106298002DE9F04F044685B0B4F82E270092B4F8E3
:1062A80030270192B4F83227B0F828670292B4F880
:1062B80038270378B0F822E7B0F824C7B0F81CA74D
:1062C800B0F81E97B0F82087B0F82677B0F82A57AC
:1062D8000392B0F82C07B4F81A27A4F87A610026BC
:1062E800B4F83617B4F834B7A4F86C21A4F874E1FC
:1062F800A4F876C184F87C31A4F86EA1A4F8709152
:10630800A4F87281A4F8787184F87D61A4F87E51AC
:10631800039AA4F88C21FF2284F865214422A4F86A
:10632800800184F866210098D4F86821A4F88201D5
:10633800A4F88A11019884F8813246214FF4F84371
:1063480061F31702A4F88401A4F882320298A4F831
:106358008601262304F5B070A4F888B184F88E610C
:1063680084F88F6184F8906184F89161C4F8682199
:1063780084F8843204F5AA71FBF722FC204605B0A4
:10638800BDE8F04FFFF762BDF0B591B0044600F2EA
:106398003A736D4600F25A76186859682A4603C25D
:1063A8000833B3421546F7D120220DEB0200002135
:1063B80005F0A0F994F8602794F85A370AB943F021
:1063C8000203224AA4F8703192F835202778D4F8CD
:1063D8005C17C4F86C110023333284F8733110232E
:1063E80084F87431D2B284F872716B4604F275166F
:1063F8000DF1400C1D4603CD6545306071602B469C
:1064080006F10806F6D1442384F86631D4F86831D9
:1064180084F865214FF4D27262F31703C4F8683127
:106428004FF4A053A4F88232492304F5B07084F8DD
:10643800817284F8843204F5AA71FBF7C1FB204607
:1064480011B0BDE8F040FFF701BD00BFE400002037
:1064580070B5244B90F8745793F83530044690F88B
:10646800750784F86F016FF06E0084F8700133339C
:106478006FF02A0084F8710184F8653112204423F2
:1064880084F8720184F866310020D4F8683184F801
:1064980073014D2060F31703C4F868318F2394F813
:1064A800721794F87327B4F8706784F883320A2354
:1064B80084F8741184F8811204F5B070A4F86C6142
:1064C80084F86E5184F8752184F8822284F8843225
:1064D80004F5AA71FBF774FB2046BDE87040FFF78E
:1064E800B5BC00BFE400002010B5224B027893F839
:1064F800353004464FF07E51C0F86C11333300211B
:10650800C0F87011C0F87411C0F87811C0F87C1187
:10651800C0F88011C0F8841184F86531442384F8E8
:106528006631D4F8683184F88C114C2161F3170373
:10653800082084F88801C4F86831022049F601036C
:1065480084F88901A4F882320120212384F88B0180
:1065580084F88A2104F5B07084F8812284F88432A2
:1065680004F5AA71FBF72CFB2046BDE81040FFF7A5
:106578006DBC00BFE4000020F0B54E78202E0D461B
:106588008BB0044601F10C013AD8324601A805F057
:1065980077F801ABC6F121020021981905F0AAF895
:1065A800444B9DF8222093F8353033339A427FD1FB
:1065B8009DF82330442B7BD1BDF82030F62B02D038
:1065C800B3F5FA7F74D1B4F87027A4F870379A42FB
:1065D8001CBF002284F87527012284F86D276A7988
:1065E80084F87227AA7984F87327F62B4FF00202F1
:1065F80084F8742713D0B3F5FA7F40D0002337E02E
:106608000B4601AA05F12C0718685968164603C6F7
:106618000833BB423246F7D11B783370C0E7264BAC
:10662800186803685B6A98470028E7D09DED037AED
:10663800F0EE087AB4EE677AF1EE10FA1BD1DFEDCE
:106648001F7A9DED047AB4EE677AF1EE10FA12D152
:10665800DFED1B7A9DED077AB4EE677AF1EE10FA5A
:1066680009D1002384F874379DF82430012B13D105
:1066780084F875371CE0002384F87437BEE79DED75
:10668800077ADFED0F7AB4EE677A0023F1EE10FA9D
:1066980084F87437B2D1E7E7022BAFD194F87527A5
:1066A800002AABD084F87537064B1B68C4F87837D6
:1066B8000BB0F0BDE4000020B41D002000008842AB
:1066C80088AC9649F02E00204FF47F4303800023C6
:1066D800C0E90133C0E90333436103767047000022
:1066E80038B50023C0E90733C0E955334362C0F821
:1066F8005C310446FAF7F4FF254B9878022845D018
:10670800431F58425841FEF791FA40F2FF13A4F88C
:10671800EC34204B1B68002503F57A73C4F8F43673
:1067280004F20470C4E9A255C4F89052A4F8EA54DB
:10673800A4F8E854C4F8F05684F8FC5684F81857BE
:10674800C4F8F856C4F80057FAF70EFE84F819573B
:10675800294604F21A70402204F0CCFF7D2384F805
:106768005A57C4F85C5784F86057C4F86457C4F89B
:106778006857A4F86C37A4F8725784F87557C4F8AA
:1067880078572046BDE83840FFF79EBF0120BAE79A
:1067980088000020F02E002010B40F4A92F82E2016
:1067A800B2B10278A2B10D4A0169126840F6C41468
:1067B800511AA14203D95DF8044BFFF785BF416820
:1067C80031B94169511AFA2982BF42610122027620
:1067D8005DF8044B704700BFE4000020F02E002055
:1067E8004378032B06D1C068B0F5834F34BF00202F
:1067F80001207047002070477FB50B46324991F859
:106808002D1000F128060229044600F11C02314629
:1068180068461BD1FEF746FE9DF80030022B50D18A
:1068280004F5B075324669462846FAF767FFD4F88A
:10683800683123F07F436E2B2FD1244B9A78052A99
:106848003DD8DFE802F0303438063038FBF7ACF8D2
:10685800E2E75A6CB2F5613F94BF0022012220465C
:10686800FFF7BEFFC8B9C2B194F86E31012B14D836
:1068780094F87231042B10D11549102204F27B10C0
:1068880004F00CFF48B9782384F8883184F8823101
:1068980084F87C312846FEF79BF9204604B0BDE811
:1068A8007040FFF7D3BA5A6CB2F5E13FD4E75A6C9F
:1068B800B2F5614FD0E75A6CB2F5164FCCE701221A
:1068C800CDE704B070BD00BFE400002088000020C0
:1068D80096BC00084378032B07D1C06844F2BF1365
:1068E800984294BF002001207047002070470000A4
:1068F8002DE9F04F844B0446ABB084481D68FDF782
:10690800F0F8D4F8683740F6C312EB1A934204D86B
:1069180094F96C37834200F0B6807D4EC4F868570E
:10692800B17884F86C07052998BF7A4B8DF819005F
:106938009CBF33F81180784B8DF8171098BF33F847
:10694800115023788DF814304FF000034FF00607EC
:106958008DF815304FF07F0388BF00258DF818306B
:106968003A46B6F84A30ADF80C300DF11A0088BF37
:10697800A846ADF80E308DF81670FAF7DDFB717881
:10698800DFF898913A4608A8FAF7ACFB5F48ADF8EB
:106998001080ADF81250FDF78DF840428DF82600B2
:1069A8005A48FDF787F84042C2B220468DF82720A2
:1069B800FFF790FF04F5B07504F5AA768046002825
:1069C80064D099F835309DF826109DF9190000918A
:1069D8003333BDF80C1084F88721DDF81A209DF8B0
:1069E80015B09DF816E09DF817C09DF91870BDF810
:1069F8000EA0BDF81090BDF812800193A4F86C1198
:106A08009DF81430009984F87901C4F87A2108981F
:106A1800BDF81E2084F8743184F88611A4F87E210C
:106A2800A4F86EA1A4F87091A4F8728184F875B1E5
:106A380084F876E184F877C184F87871C4F8800125
:106A4800BDF82420A4F88421019A84F86521442201
:106A580084F86621D4F8682184F881324EF68E21B4
:106A6800AB2361F3170284F88332C4F8682184F8F1
:106A780082B21C23284684F884323146FBF7A0F8FA
:106A88002046FFF7E3F92BB0BDE8F08F01466422FA
:106A980011A804F02FFE0DF10C0CBCE80F000AAF92
:106AA8000FC79CE807006FF02E0387E8070084F8FB
:106AB8006C3199F8357094F8009084F86D811C2336
:106AC80084F87031802284F86E9184F86F810AA965
:106AD80004F2711004F0D4FD442384F86631D4F82C
:106AE800683184F8819240F2811262F317033337D8
:106AF800FFB2C4F868314FF41343A4F8823284F823
:106B080065718523B6E700BFF02E0020741E0020B3
:106B1800880000202CC0000838C00008E4000020CD
:106B28002DE9F04F8E4B1A68D0F864372DED028BA3
:106B3800D31A122BA7B0044640F20D81DFF8389221
:106B4800DFF82CB299F80010C0F864278B1E594260
:106B580059419BF9A000FAF7DCF899F800109BF965
:106B6800A23001938A1E5142514106469BF9A60064
:106B7800FAF7CFF89BF8A4300290012B9BF8A530C8
:106B880078480CBF03250125012B9BF8AA300CBFC0
:106B980045F0080545F00405012B9BF8AB3008BF0C
:106BA80045F01005012B0CBF45F0200545F04005C8
:106BB800FCF7B4FF07EE900AB8EE670ADFED6A7AD1
:106BC80020EE270A04F0EEFCDFED687A684894F8B6
:106BD80000A020EE278AFAF71AF880466448FAF7E8
:106BE80024F899F800300746022B20460CBF9BF882
:106BF800A9904FF00009FFF76DFE5E4B93F8353012
:106C08003333DBB2039304F5B07B04F5AA73014672
:106C1800002849D0002284F86F21019A84F8732152
:106C2800029A84F875217F2284F8762184F87821E5
:106C380084F87A2118EE102AC4F87B21C4F87F2141
:106C4800039A84F865214422FF2184F86621D4F848
:106C5800682184F8771184F879114EF68D2161F353
:106C68001702C4F868214FF46062A4F88222172240
:106C7800A4F86C5184F86EA184F8708184F871715D
:106C880084F8726184F8749184F881A284F884226B
:106C980058461946FAF794FF204627B0BDEC028BF8
:106CA800BDE8F04FFFF7D2B86C2204900BA805930B
:106CB80004F020FD4FF67F72ADF82220ADF82420B5
:106CC8007F228DF8262018EE102ACDF82720CDF83F
:106CD8002B206FF02F020499019BADF8185084F80F
:106CE8006C2125788DF81B1017228DF81F3084F839
:106CF8006D11029B84F86F1184F8702106A9802217
:106D080084F86E5104F271108DF821308DF81AA0B4
:106D18008DF81C808DF81D708DF81E608DF8209000
:106D280004F0AEFC442284F86621D4F86821039B61
:106D380084F8653140F2811161F31702C4F86821C3
:106D48004FF41342A4F882228522059B84F88152CD
:106D580084F884229CE727B0BDEC028BBDE8F08F55
:106D6800F02E0020B403002000007A3A00007A4494
:106D7800B81D0020E4000020A3030020F0B54E78E1
:106D8800082E85B005460C4601F10C0717D8324687
:106D9800394601A804F074FC01ABC6F109020021D0
:106DA800981904F0A7FC9DF80930032B05D16279E6
:106DB8002A70064A12682A616B7005B0F0BDC8686F
:106DC80079683A7A01AB03C31A70ECE7F02E002019
:106DD80030B5037895B004461BB34A799A4220D15E
:106DE8004D784D2D01F10C011DD82A46684604F056
:106DF80047FCC5F14E0200210DEB050004F07AFCBA
:106E0800049B6360190EC3F3072242F2107000FB63
:106E18000122C3F30743642101FB0323E360059BBD
:106E2800A36015B030BD4E22684604F029FCE7E7A0
:106E38008A68C2F317024C2A14D0942A09D09AB946
:106E48000A4A92F82E207AB18B79012B0CD1FFF7E0
:106E580095BF064A92F82E2032B18B79012B03D1C7
:106E6800FFF7B6BFFFF788BB704700BFE4000020FC
:106E7800B0F8EA34B0F8E824F0B5D21A93B21204A4
:106E880044BF03F500739BB2DD2B85B0044609D8D7
:106E98002A4D00F5257600F52277286803685B6996
:106EA800984708B905B0F0BD286803689B699847FA
:106EB800D4F8F02601320346C4F8F02631463A46A3
:106EC8006846FAF771FD9DF80030022BE5D104F50C
:106ED8007075324669462846FAF710FC184B93F845
:106EE8002D3004F27C76022B294630460FD1FEF76E
:106EF8001BF800239AB282420CD30023294620466D
:106F0800C4F8F03605B0BDE8F040FFF791BFFAF7D6
:106F180098FBEEE7B4F8E814B4F8EC744A1C3A406D
:106F2800B4F8EA7497421EBF0919F75C81F8EE7449
:106F380003F1010318BFA4F8E824DBE7B41D00201F
:106F4800E40000202DE9F0414B4BDFF838811E6842
:106F580098F80030494F022B1EBF0023A0F8EA34EE
:106F6800A0F8E83497F82D30013B012B044600F2D5
:106F78008180FFF77DFF97F82E50002D5BD098F8A1
:106F88000030022B4BD1012D3ED0022D42D00025DE
:106F98002046FFF701FC94F8193743B1002384F821
:106FA800193797F83030012B4FD0022B50D015B13C
:106FB8002046FFF71FF994F86D372BB1002384F8AA
:106FC8006D372046FFF744FA94F87537022B11D134
:106FD800D4F87837F61AB6F57A7F0BD9B4F8703743
:106FE800F62B3ED0B3F5FA7F3DD00023A4F87037D6
:106FF80084F87537237E002B3CD000232376204667
:10700800BDE8F041FFF770BA31462046FEF7C8FFE9
:107018000546BDE731462046FFF766F8F8E7D4F89D
:10702800F436F31AB3F57A7F08D2002504F2047017
:10703800FAF79AF9ACE7C4F8F466F7E73223C4F82C
:10704800F46684F8FC360125F0E7FFF721F9AEE78E
:10705800FFF79AF92046FFF763FD2046FFF748FC43
:10706800A5E7FAF7ABFF064B1A79002ABDD1012232
:107078005A71BAE7BDE8F081F02E0020E400002044
:1070880070030020A303002070B54C88B4F5427F3C
:107098004FF000030AD80D780B2D73D8DFE805F000
:1070A800060D1A2A2D30363952555969A2F1240491
:1070B80062424B8062410A7007E04D2A01D0582A8B
:1070C80006D1027002230B70002380F8093333E0E5
:1070D8000023F8E702F0FD033C2B01D0212AF7D169
:1070E800037842704D2B0CBF082303230B70002339
:1070F8008370E9E782700422DDE782800522DAE7FF
:10710800838803EB022383800623DCE7C2800722FF
:10711800D1E7C38803EB02239BB2002BC3800CBFCB
:107128000B230A230B7000234B80012380F80933BB
:10713800C388B3F5407F01D8002002E00020087022
:10714800488070BDC2800922B5E70A2382800B708F
:10715800EBE7B4F5407F3CBF241822724B8801331B
:107168009BB24B80C2889A429CBF0B230B700123B1
:10717800ABE780F808230B704B80022380F80933B3
:107188000120DEE70B704B80D6E7CB88B3F5407F54
:1071980070B531D8242303700B7843704B78837013
:1071A8000B784D2B14D1CB88C3708B8803710523C2
:1071B8000022CD88D4189542A6B210FA84F415D8C6
:1071C80091F808232270CA880132981880B270BDDD
:1071D8008B78C3708B8803718B881B0A4371CB88AB
:1071E8008371CB881B0AC3710823E1E78C1801322D
:1071F800247A845592B2DCE70020E8E72DE9F74FBE
:1072080016464A88B2F5427F04460D462ED80B78BA
:107218000A2B0FD9A3F16402032A03D9002028708E
:1072280068802DE0653B8F4F022B33D8DFE803F0F1
:1072380063A4A70000210A2BF0D801A050F823F07E
:10724800757200088F720008257200082572000800
:10725800D3720008E1720008ED720008F3720008AA
:10726800257200082572000861730008A6F124073A
:107278007E424FF000007E4168802E7084F809033A
:1072880003B0BDE8F08F6F2E0CBF642300232B7072
:107298000020F3E716F0040F14BF4D2358233E7067
:1072A80023703A78D1070ED412F0020F14BF2123AD
:1072B8003E236370C2F3C003D20648BF43F0020303
:1072C800A3700423E3E73C23F3E7A68005232B7090
:1072D80084F809130020D3E7A38803EB0623A380CF
:1072E8000623D4E7E6800723F1E7E38803EB0623C8
:1072F800E3806523CBE70DF106007E70FAF79CF971
:107308003978FAF791F9A7882179FAF78DF9390AC6
:10731800FAF78AF9E788A179FAF786F9390AFAF7C4
:1073280083F99DF80630B34206D000232B706B809A
:10733800032384F80933CDE7002F0CBF66230A2303
:107348002B70012384F8093300236B80E288B2F59F
:10735800407FBFD92B70BDE7B2F5407F3CBF121903
:1073680016726B8801339BB26B80E2889A4201D80F
:1073780066232B700123DCE77E806723F9E7B7F8E3
:10738800028097F8009008EB06284FF6FF730DF17E
:1073980006001FFA88F84946ADF80630A7F80280BB
:1073A800FAF7DAF82679B4F804A03146FAF7D4F8EF
:1073B8004FEA1A21FAF7D0F894F806B0B4F806A004
:1073C8005946FAF7C9F84FEA1A21FAF7C5F8797851
:1073D80004F10807FAF7C0F852463946FAF7C8F830
:1073E800BDF8063043453AD119F0040015D086EAB5
:1073F8000B01E21D002398B2824584F8081307D8D0
:107408000223012000222A706A8084F8093337E7B2
:1074180012F8010F01334140EDE7A178F9F724FD97
:10742800217984F80803F9F71FFDA18884F8080377
:10743800090AF9F719FDA17984F80803F9F714FD89
:10744800E18884F80803090AF9F70EFDE28884F850
:1074580008033946F9F70EFD84F80803D0E703233B
:107468000020CFE7801C0020CB88B3F5407F2DE9B2
:10747800F04104460D464AD84B783C2B40D0A3F146
:107488002100434243415B002A784D2AAA7808BF6D
:1074980043F00403D10748BF43F0080392074FF0B5
:1074A8002402227048BF43F010036F226270A37059
:1074B800AB88E370AB881B0A2371EB886371EB8898
:1074C800A71C1B0AA3713846FAF7FEF90822E071D7
:1074D800E988A2F108039BB2561C8B42B6B204EBB2
:1074E80002080FD3063189B23846FAF75BF888F8F4
:1074F8000000000AA055E8880A3080B2BDE8F08193
:107508000123C1E72B441B7AA3543246E0E700204D
:10751800F4E730B4BDF80C40B4F5407F03D80394C9
:1075280030BCFAF7E9B9002030BC704710B5044602
:107538002420207058206070237100201B0AA1703D
:10754800E2706371A071E0710522E11CF9F792FC09
:107558002072092010BD00002DE9F04F0025DFF84A
:10756800E4A00D80D71891468FB080460C462B4674
:107578002A464FF0FF0BB94502D10FB0BDE8F08F96
:1075880019F8010B3B28114609D001323831D2B223
:107598006944202A01F8300C08BF0022EBE7383292
:1075A8006A444FF0000102F8301C0026F2B25AF883
:1075B8003610019302A80092F8F70AFEDDE90023CD
:1075C800A0B9FF2B1FBF2388591C218008F803B0DE
:1075D80023880AEBC606591C218008F80320337952
:1075E800142B01D8189AD554FF231BE00136372EE7
:1075F800DCD1FE2B06D023885A1C22806FF00102B2
:1076080008F80320002602A8F8F7ECFD721CF6B271
:10761800B04223880AD85A1C22804FF03B0208F84F
:107628000320FE230135EDB20022A4E7591C218076
:1076380006F138010DEB010616F8301C08F80310A6
:107648001646E0E714D7000840F2FF3370B500256E
:10765800A0F820367D2380F8543A04460560C0F827
:107668000E53A0F81E56A0F81C56A0F8425AA0F8CF
:10767800445A80F8465AC0F8485AC0F84C5AC0F8DC
:10768800505AC0F8585A00F6672103460A2600F6F1
:107698006D2011F8012F0AB1B6FBF2F2814283F88E
:1076A800702A83F8715AC3F8745A03F10803F0D1A9
:1076B8001522FF2104F52A6004F01CF8C4F8B85A12
:1076C80070BD0000F8B5134A044692F83000F8B1CE
:1076D80092F82B2003B1DAB18E1E04F5226701F16E
:1076E8001E0536F8020FF9F75BFBAE4227F8020FCA
:1076F800F7D1012384F8423A94F8453A83F001031C
:1077080084F8433A94F8463A83F0010384F8443AFB
:10771800F8BD00BFE400002070B5061D04460A4607
:1077280001463046FFF76AFD18B304F6BC2531461A
:107738002846FFF72AFD0F4B0246186801680E69B4
:107748002946B04763793C2B13D121890A4804F6AE
:107758005A2304F66622A4EB8404A4F5F7541C3CCF
:1077680033F8025F8D4204BF056844F82350934202
:10777800F6D170BDB41D0020F02E002070B512485F
:1077880090F82D00451E012D0C460AD80F4E8D1875
:10779800AC4200D170BD14F8011B3046FFF72CF83D
:1077A800F6E7032809D10A4E8D18AC42F2D014F836
:1077B800011B3046FFF7B0FFF7E7064B1868036870
:1077C800BDE870401B691847E4000020000600204F
:1077D800A80E0020B41D0020B0F81C36B0F81E26F4
:1077E8009B1A98B21B0444BF00F5806080B2003831
:1077F80018BF012070470000094B93F82D305A1E1E
:10780800012A02D80748FEF735BB032B02D10648E8
:10781800FFF7E2BF054B186803685B69184700BFAC
:10782800E400002000060020A80E0020B41D00205F
:1078380070B500F6BC240B4602223C212046FFF717
:1078480075FE054B0246186801680D6921462B46EE
:10785800BDE87040184700BFB41D0020114B37B574
:107868001A68D0F8483AD31A122B19D9C0F8482AFE
:1078780000F6BC24202300F6222001930090C823A0
:1078880003223C212046F9F7CBFF074B0246186834
:1078980001680D6921462B4603B0BDE83040184702
:1078A80003B030BDF02E0020B41D00207FB5234B5F
:1078B8001A68D0F84C3AD31AC72B04463CD9204D45
:1078C800C0F84C2A4FF480732846ADF80830F9F711
:1078D8008CF906461B48FCF7EDF801463046F9F7E7
:1078E800A9FA8DF80A002846F9F77FF9F9F79CFA02
:1078F80095F8A9308DF80B0028468DF80C30F9F76B
:1079080086F98DF80D002846F9F778F9072304F66B
:10791800BC24019302AB8DF80E000093032241F2C0
:107928000D033C212046F9F77BFF074B02461868F8
:1079380001680D692146A84704B070BDF02E0020EB
:10794800B81D0020741E0020B41D002030B5214B46
:10795800044687B020481D68FCF7C3F8D4F8503AAD
:1079680040F6C312EB1A934203D894F9543A83426F
:107978002DD0C4F8505A002384F8540A8DF80830E2
:10798800F9F788FA154DADF809006978ADF80B00DC
:1079980004220DF10D00F9F7A5FBA97806220DF1D7
:1079A8001100F9F7C9FB0F2304F6BC24019302ABBD
:1079B8000093032241F20E033C212046F9F730FFE1
:1079C800074B0246186801680D692146A84707B0A9
:1079D80030BD00BFF02E0020741E0020880000205B
:1079E800B41D0020F8B5FAF741FC264C264EFBF7EB
:1079F800B5F8FAF70DFCFAF7FBFB2449244801F027
:107A080079F90025FCF7F2FFFAF7FAFF022323734E
:107A1800C4E90455A560FAF78FFD1E4B1D70FAF7EF
:107A280049FB1D4B10225A61FAF788FB40271B4877
:107A3800FAF738FCB76241F28830FAF733FCB761DD
:107A48004CF25030FAF72EFC2046FAF75FFB294635
:107A5800204601F04FFF4FF47A70FAF723FCFBF74A
:107A6800D5FE0F48FBF7C0F80E4B0F48B3F8481087
:107A7800FBF7C0F90D4B0E4A1A60BDE8F840FAF75B
:107A880045BF00BF741E0020000400480A01002002
:107A9800841C00203000002000040140E093040012
:107AA800CC1C002088000020B11D0020B41D00203F
:107AB80038000020184B102273B55A611748184C2B
:107AC8004FF6FF7102F056F8206023689B0712D525
:107AD800144E35798DB1114808236A46002101F00A
:107AE800DAFED6E90402DDE900139A4208BF8842AB
:107AF80001D00023236002B070BD02236A46074804
:107B0800294601F0C8FE084BDA8BBDF800309A42CE
:107B180018BF2560EFE700BF00040140741E002075
:107B2800F00500207003002088000020034A00238D
:107B38001370034A1370034A13707047FB05002043
:107B4800AC1E0020A8030020024A00231370024A3A
:107B580013707047FB050020AC1E002008B5437E5B
:107B6800203B042B0FD8DFE803F0050E030B0F00B2
:107B7800FCF722FB064A01231370064A137002E041
:107B8800054B01221A7008BDFBF734FEF2E700BF6F
:107B9800FB050020AC1E0020A8030020034B1B7827
:107BA800012B01D1FCF7AABA704700BFFB050020E2
:107BB8002DE9F043814699B04248FCF733FE06466A
:107BC800002869D0404B1C78002C65D13F4B1B78AE
:107BD800022B5DD1DFF80C8103AF25464046ECB29D
:107BE800FFF70AFE40B14046FEF770F90135522D05
:107BF80007F8010BF2D12C4635482146F9F744FC29
:107C08003448F9F73BFC2F4F334DBB788DF80030E3
:107C18004FF0010895F8A4308DF80530284685F80E
:107C2800A5908DF806908DF80180F8F7DEFF8DF8A5
:107C380002002846F8F7EBFF8DF803002846F8F70E
:107C4800F4FF264BDFF8A09019788DF80400022283
:107C5800072313FB01230522B3FBF2F38DF8093048
:107C68000EB3194B1B78CBB91D48234603AA6946A6
:107C7800FCF756F91848012389F80030F8F7E3FFB4
:107C88001548F8F7E9FF0123FB7019B0BDE8F08348
:107C98001448FEF753F9B6E70024B4E710486946DC
:107CA800FFF77CFFE6E799F8003003B9FEE70C48D8
:107CB8006946FCF749F8284689F80080F8F7C8FFB4
:107CC8002846DEE7901E0020AC1E0020A3030020FB
:107CD8001C1E0020F41D0020B81D0020F91C0020E7
:107CE800561D0020340000206903002070B5CB78B1
:107CF800364EC3F3800386F8AA308B79C3F30003AA
:107D080086F8AB300B79054603F00303C8785B01AE
:107D180043EAD0000C46F8F7DEFF86F8A600237980
:107D2800C3F3800386F8A7306379227903F001034F
:107D38005B0143EAD20386F8A8306379C3F34603AC
:107D480086F8A930E37803F00202002A204A14BF1B
:107D58000121002111700ED0A27803F001039B00CD
:107D680043EA92130321052212FB03130722B3FBF4
:107D7800F2F3184A5370184821461DB9BDE87040FF
:107D8800FBF716BFFBF753FFA37803F03003202B54
:107D980004D12046BDE87040FFF7E0BEFFF7D4FEEF
:107DA8000E4B1B78022B10D1A2790D4804F1190152
:107DB8005208FFF7E3FCA1790A484908F9F764FB80
:107DC800BDE870400848F9F759BB70BDB81D0020E0
:107DD800BE1F0020F91C0020D41C0020A303002093
:107DE80034000020301E0020081E002073B5054610
:107DF80060B9204B20491C782048037953B1012CE5
:107E080036D002B0BDE87040F9F7E6BC1C4B1D49FE
:107E18001C78F1E75CB91A4B1B491B780193154B89
:107E28001B780093224623460D20FCF7A3FC012C67
:107E3800164B174E13D08A78C2F3C0025A7002222A
:107E48001A70E31E58425841FFF750FF3046F8F7C2
:107E5800C6FE032C04D13046F8F7C4FE00E01C70BF
:107E68000B4886F8A45002B0BDE87040F8F7B5BEDC
:107E780002B070BDF8050020081F00207003002024
:107E8800F9050020631F0020A7BC0008901E0020F1
:107E9800B81D00200A4B1A7910B504462AB10146CC
:107EA800BDE810401846FCF7E5BBFFF781FE054B1F
:107EB80005491B7F20465B22BDE81040FCF7BCBB90
:107EC8007003002088000020561D0020264B1A79D8
:107ED80070B505460E4632B10A46BDE87040014607
:107EE8001846FCF745BE214A21495B23FCF79AFB5B
:107EF80015BB1F48FBF728FE044640B31D491E4822
:107F0800F9F7C6FE05F130011B48C9B2F9F7B4FE0E
:107F18001A491948F9F7BCFE204601F0BBFB014697
:107F28001548F9F7B5FE14480A21F9F7A5FE012C02
:107F380004D11348FCF766FC0C48DBE7042C0FD08F
:107F4800012428460F49FCF7D3FB204670BD2EB10B
:107F58000D48FAF7FFFE0CB10224F2E70324F0E71C
:107F6800002EF9D0F4E700BF70030020631F002043
:107F7800081F0020B9BC00082C000020C0BC000865
:107F8800C2BC0008B81D0020B11D0020024B1878A3
:107F9800831E584258417047A303002070B5002340
:107FA8009CB2A24200D870BD058886886C1C3440FB
:107FB8004688A6421EBF2D18CE5CAE7103F10103A0
:107FC80018BF0480ECE70000B0F81E36B0F81C2695
:107FD8002DE9F04FD21A93B2120444BF03F580631F
:107FE8009BB2E62BADF5057D04460AD8754E00F226
:107FF8001C6704F21238306803685B6998470546C5
:1080080018B90DF5057DBDE8F08F306803689B69E8
:10801800984704F20E3102464046FFF735F800282B
:10802800E9D094F813333E2B75D1B4F81633B3F571
:10803800005F38D194F8983A002B6CD104A804F268
:10804800273A04F69F299E4619464FF0010B036014
:1080580019F8012FFF2A0ED04FEAD20C02F00702BE
:108068001AF80CC04CFA02FC1CF0010F1EBF0BFAE8
:1080780003F21143AE460133152BE9D1BEF1000FCF
:1080880000D0016004F6BC290423CDE900030222D4
:108098003E2142F6FF734846F9F72EFC4946024650
:1080A8003846FFF77BFFB4F816A3BAF1740F23D153
:1080B8000DF1100B04F52A630025009304F21A321F
:1080C800B4F81833ADF80E500DF10E015846FFF70D
:1080D80043FABDF80E3084F8985A04F6BC29CDE965
:1080E80000B302223E2153464846FFF712FA49469A
:1080F80002463846FFF752FFB4F8162343F201034D
:108108009A4208D194F81233582B04D12E4B1D797A
:10811800F5B901225A7194F81333212B22D1B4F8FE
:10812800163341F20D02934214D041F20E029342EB
:1081380014D0002D3FF45DAF04F6BC254146284617
:10814800FFF792F9294602463846FFF727FF50E71E
:108158000025E0E7012384F8453A4AE7012384F83B
:10816800463A46E73C2BE4D1B4F81693B9F1440FEC
:10817800DFD194F81233582BDBD13068D4F81A5376
:1081880003685B6A984700283FF433AF0F4B9D4262
:108198007FF42FAF0E4B1B68C4F8B83A04F6BC2521
:1081A8000023CDE9003302224B463E212846F9F749
:1081B80037FB024630680168D1F810802946C0476D
:1081C80017E700BFB41D00207003002091D51200EE
:1081D800F02E00202DE9F0473A4B1B78022B04467D
:1081E8000CD00023A0F81E36A0F81C3690F86D3A83
:1081F80013B10A22B2FBF3F384F8983A324B93F89E
:108208002D30032B2DD12046FFF7DEFE94F8422AAD
:108218003AB1002384F8423A2046BDE8F047FFF718
:108228001DBB94F8433A33B184F8432A2046BDE88D
:10823800F047FFF73BBB94F8448AB8F1000F06D02B
:1082480084F8443A2046BDE8F047FFF77FBB1F4B50
:108258001E68D4F8583AF31A632B04D8D4F8B83AFD
:108268004BBBBDE8F087C4F8586A254604F65C277E
:1082780004F1300940F6AB5A95F8702AAAB195F87E
:10828800713A0133DBB29A420BD885F8718AD5F876
:10829800743AF31A534508D939882046FFF7C8FAC3
:1082A80003E085F8713A002BF1D008354D4507F108
:1082B8000207E1D1D2E7F61AB6F57A7FD1D9F9F7F4
:1082C8007DFE00BFA3030020E4000020F02E002064
:1082D8002DE9F043934D2B78012B85B000F2E78010
:1082E8000BB9F9F7D3FEFFF77DFB8F4B8F4F18685B
:1082F800796C03689B6898478D4B00221A809A70A6
:108308004FF0904301229A6207244CF25030013C0E
:10831800F9F7A0FFF9F7C6FF14F0FF04F5D1854877
:1083280001F058FC013880B24FF6FD73984203D92A
:1083380081490120FCF716FA804B81491C60814B6A
:108348007C481C60FBF7DCFB7F48FBF759FF97F87C
:108358002020202A00D9FEE797F828007B4E796A6A
:10836800B7F82C9097F829C097F82A30B0710528EB
:1083780000D9FEE7DFF8348258F830E0BEF1000F8C
:1083880000D1FEE708EBC008C6F808E098F804E05A
:1083980098F8058086F807E086F80C8086F8D500FE
:1083A800A6F80E9086F8D440B9F1000F00D1FEE788
:1083B800724524BF0EF1FF3E5FFA8EF205287274F3
:1083C80000F09C80012800F2A1800CF1FF30C0B2BF
:1083D80000F08B80022813D8581EC0B2032809D891
:1083E8000C2A01D90C207074707C904200D97274E8
:1083F800644608E0122A84BF122373740023F3E74B
:10840800052B28BF002351482246F8F740FF0024D7
:108418004F4B34744D48FF261E705E70FBF77EFB91
:108428000146444801F08BFA4A4B4B481C704B4BB1
:108438001C704B4B1C804B4B1C704B4B1C704B4B9C
:108448001C704B4B1C704B4B1C704B4B1C704B4B9C
:108458001C70FFF76BFB4A4BB7F84A201C70494B5E
:1084680097F840101C70484B1C70B7F84830F8F764
:108478007AFBB7F848104548F8F795FE4448FCF7EA
:10848800C9F9444B444893F8291000F040FC43488C
:10849800FEF726F94248FFF7D7F82648FBF721FBF5
:1084A800404B1C80404B1C80FAF726FB2E70FAF7D5
:1084B8002DFB002800F09880294A13880BB1013B56
:1084C8001380264B1A4A19781388022922D12BB314
:1084D800013B9BB213809278002A69D0002B70D19F
:1084E800F9F7ACFEF9F7B6FE6BE0022804D80C2ABF
:1084F80001D90C2373746446002384E70CF1FF331D
:10850800022BF9D8082AF6D90823F3E70F48F8F719
:1085180065FE7CE7002BDBD1C723DBE740F2F313D2
:10852800D8E700BFF81C0020B41D002088000020F8
:10853800F4050020741E0020E4BC0008EC050020AF
:108548008C000020F005002070030020B4030020F8
:10855800F91C0020FA050020B81D0020A303002004
:10856800A6030020A4030020A0030020A1030020EC
:10857800A2030020F9050020F8050020FC050020D2
:10858800AB030020AA030020E8050020981E002065
:10859800901E0020E4000020841C0020000600201B
:1085A800A80E0020A81E0020AA1E002044C0000813
:1085B80002294FF090404BD10BB9F9F73FFE012348
:1085C8008362864C2388002B47D0013B9BB28448AA
:1085D8002380FBF78BFE8348FBF783FA23881BB9BC
:1085E80081498248F9F754FB814C824E2178002951
:1085F80036D002295DD03368002B00F096802378AE
:10860800032B62D13368D8070ED57B4A0023336029
:10861800137843F001011170784A92F856200AB194
:10862800990701D5002323703368002B7DD0336868
:108638007348744913F4007F58D003783268019363
:108648000B7800932378704992B20520FCF792F8D2
:1086580002228262002BB4D144E740F2E733B6E746
:108668006A4B1B7843B16A4A137C507C0133DBB2F6
:108678009842137498BF11746548FBF74FFA014686
:10868800584801F05CF957484FF6FF71F9F74EFD6D
:1086980001F0EBF95348002101F01BFA584A012375
:1086A800237000231370574A13705A4A13603360BB
:1086B800A1E75948FBF77CFF584B187AFFF7EAFB0C
:1086C800032323704C4A0023EEE7012BACD1336817
:1086D8009A07A9D54A4B1978B1FA81F100204909BE
:1086E8003060FFF7F3FB474B18709DE733689B0733
:1086F80009D50378326801930B78009323784849A9
:1087080092B20120A2E7336813F0010309D003787D
:10871800326801930B7800932378424992B2022081
:1087280094E73360237003700B703F4B1A7802F0A4
:10873800FF06002A00F0AA8100201870314B1F782C
:1087480007F1FF3CDCF1000848EB0C083FB3FFF7EA
:108758004DFB324A0023012F137205D8334A137791
:10876800D3831362324A1370284D2A78012A69D8B4
:10877800012F12D92F4F97F8A8303E2B18D824492B
:1087880097F8A770087C0FBB83420CD04A7C0B7407
:108798009A429CBF00230B74B04600265BE0264B30
:1087A80001221A70D5E72548017841F001010170CE
:1087B8002349002A40F08F803F2B204B0A704FF04E
:1087C800010028BF032228701A703DE08342DDD1E2
:1087D8001A48017841F00201E9E700BFA81E00200D
:1087E80070030020741E0020EEBC00082C0000203E
:1087F800FA050020F0050020FC0500208800002074
:10880800F9050020F8050020F0BC0008A3030020AB
:10881800B4030020EC050020F91C0020981E00205D
:10882800FDBC00080EBD0008A903002000060020BA
:10883800A80E0020B81D0020901E0020A0030020D4
:10884800A4030020012FA8D97B4BB3F84C207B4B05
:108858001A80022323702B78002B64D1B8F1000F03
:1088680000D023707649744A0B78B2F84E20013351
:10887800DBB293420B70734B0ADB1A7C587C0132D3
:10888800D2B2904298BF00221A7400220A70227055
:1088980093F8D420002A52D0B3F8D820B3F8D610D1
:1088A800013292B29142A3F8D82048D8002293F816
:1088B800D500D989A3F8D82006220130C0B20628ED
:1088C80028BF002041FA00F7FF0734D55E4A52F866
:1088D8003020EAB9FEE70B785C4801330278DBB256
:1088E8000B706AB9544A92F850209A42ACD8584B47
:1088F8001B78032B06D102232B7001230370A3E7F7
:108908000522F2E7531EDBB29A420B70F3D99BE7BC
:1089180083F8D500F8F7C4FD4E48FBF78FFC002319
:1089280023702B785BB1454B1B8843B9444A2B70A5
:108938001370237003E0013A12F0FF02BDD1464BD9
:1089480000221A702A78002A00F042811EB90122FA
:108958001A70022323704148FBF780F82B78022B0A
:1089680002D03F4B00221A703E4A138813B9324B8B
:10897800B3F84A30013B9BB2138013B93A48F8F771
:1089880077F93948F8F728F92B78022B0BD03648B5
:10899800F8F7D1F82B7833B9FFF7D6F8334A012323
:1089A8001370334A1370334E3046FAF701F9727870
:1089B800284B012A04D100217170197901B95A7123
:1089C8002448FBF7BDFCFBF7D3FC0128064607D07B
:1089D80002282DD0284B05221A7005B0BDE8F08377
:1089E800154F1C48FBF74CFCB7F84830234A24487D
:1089F80003EB830303EB83039B001380FAF7AAF9C5
:108A0800104AB7F8481082F8D46041F28833B3FBB3
:108A1800F1F3A2F8D6300023A2F8D8304FF09042F4
:108A2800022191619662174A2B7096702370D1E7E4
:108A3800154B01221A70CDE788000020A6030020FC
:108A4800A1030020B403002044C00008A2030020B2
:108A5800A003002070030020E8050020741E0020F9
:108A6800901E0020AA1E0020B81D0020FB05002033
:108A7800AC1E0020CC1C0020AB030020840000208A
:108A8800B11D0020F4050020A80300205349544AD2
:108A98000B781BB1013BDBB20B7013B11378002BC1
:108AA80044D0504E0023137033784F4A022B08BF2E
:108AB8000121137818BF002153D10BB94B4803701B
:108AC8004B4C11704B4894F8281000F04BF9337850
:108AD800022B57D1484E494832780392F8F785F867
:108AE80007464648F8F793F8039A45490023CDE925
:108AF8000070404800F04EFC3E48FBF7F3FF327828
:108B0800404941480023FDF769F9002332783D497F
:108B18003E48FEF7D7FD3E4B1B783BB994F826300C
:108B280094F8332036493B48FBF762FD314800F0A2
:108B380044FD3548FEF706FA3448FFF74BFB364B41
:108B48001B78002B3FF449AF3448FAF787FF4FF002
:108B58009043012402229C619A61FAF73BFE2C7033
:108B68003BE7002BACD02A4B1B78002BA8D02C4B12
:108B78001B78002BA4D0274B052058701B4B0120D5
:108B880018709DE7264B1B78CBB16FF07E0300224F
:108B9800CDE9003201231A461949164800F0FAFBBC
:108BA800144800F0F6F801231A4616491648FDF74E
:108BB80015F90123134915481A46FEF783FD0B4B97
:108BC8001B78002BB2D1134B94F826205A70ADE7CE
:108BD800237813F0FD0F3FF4BEAEC2E6AB030020CE
:108BE800AA030020A30300206A0300206B030020CF
:108BF800E4000020841C0020E8050020B81D0020A7
:108C0800D41C0020A81C002000060020A80E00206C
:108C1800BE1F0020F91C0020A8030020741E00209D
:108C2800A203002008B5FFF753FBFCE71C4B1D4AC5
:108C380010B51A601C4B1D4A1D4C1A605A619A6285
:108C4800DA631A651B4A5A669A671B4AC3F88C206E
:108C5800204600F043F8194B2360194B002240F2DC
:108C6800FF11C3F8E824C3F8EC14164BC3F81C260C
:108C7800C3F8502A7D2283F8542A134A40F2FF3160
:108C8800506AC3F82016916A03F65C2403C4D06ABC
:108C98002060106B928EC3F8680AA3F86C2A10BD86
:108CA800741E002028BD0008B81D002018BC00084C
:108CB800841C002000BC00080CBC0008B0BD0008E3
:108CC80000060020A80E0020ECB90008704700201C
:108CD80070470020704700207047000010B5044B13
:108CE8000446012140F8043BF7F7D2FE204610BDA8
:108CF800D4D8000838B5242204460D46FF230021A5
:108D080003618182104402F0F5FCE56038BD38B596
:108D18000D46017CA942044615D0012918D0022924
:108D280012D011B903685B6898470023012D63745A
:108D3800257413D0022D0ED02DB923685B6801214C
:108D480020469847607438BD0368DB680021EBE76C
:108D580003689B68FAE72368DB68F0E7236829461D
:108D68009B68EDE70430F7F7A1BE037C012B10B533
:108D78000ED100F1160301F10C0251F8044B43F82F
:108D8800044B9142F9D10A881A8040F201134382B8
:108D980010BD037C012B0BD148F28113C3824FF421
:108DA80001420023C0E90632038440F201134382E2
:108DB8007047F0B5054689B008880C4616461F4628
:108DC800F7F7DFFF9DF806308DF8050023F007035D
:108DD800C0F30220034360888DF80630F7F7D1FF0F
:108DE8009DF8063000F01F0203F0070343EAC203B0
:108DF8008DF806309DF80730C0F3451023F03F0387
:108E08000343A0888DF80730F7F7BBFF9DF80730BC
:108E180000F0030203F03F0343EA82138DF80730A2
:108E2800C0F387038DF808309DF80930C0F380201F
:108E380023F001030343E0888DF80930F7F7A1FF19
:108E48009DF8093000F07F0203F0010343EA420372
:108E58008DF809309DF80A30C0F3C31023F00F03D2
:108E6800034320898DF80A30F7F78BFF9DF80A3005
:108E780000F00F0203F00F0343EA02138DF80A30E3
:108E88009DF80B30C0F3061023F07F03034360897D
:108E98008DF80B30F7F775FF9DF80B3000F00102E5
:108EA80003F07F0343EAC2138DF80B30C0F3470386
:108EB8008DF80C309DF80D30C0F3412023F00303EA
:108EC8000343A0898DF80D30F7F75BFF9DF80D304F
:108ED80000F03F0203F0030343EA82038DF80D30EC
:108EE8009DF80E30C0F3841023F01F030343E0897C
:108EF8008DF80E30F7F745FF9DF80E3000F00702A9
:108F080003F01F03C0F3C70043EA42138DF80F00B4
:108F1800208A8DF80E30F7F734FF9DF811308DF860
:108F2800100023F00703C0F302200343608A8DF882
:108F38001130F7F726FF9DF8113000F01F0203F0FB
:108F4800070343EAC2038DF811309DF81230C0F3CD
:108F5800451023F03F030343A08A8DF81230F7F73A
:108F680010FF9DF8123000F0030203F03F0343EABC
:108F780082138DF81230C0F387038DF813309DF8F3
:108F88001430C0F3802023F001030343E08A8DF8F6
:108F98001430F7F7F6FE9DF8143000F07F0203F066
:108FA800010343EA42038DF814309DF81530C0F3ED
:108FB800C31023F00F030343208B8DF81530F7F708
:108FC800E0FE9DF8153000F00F0203F00F0343EAAE
:108FD80002138DF815309DF81630C0F3061023F0F3
:108FE8007F030343608B8DF81630F7F7CAFE9DF8B0
:108FF800163000F0010203F07F0343EAC2138DF834
:109008001630C0F347038DF817309DF81830C0F3B9
:10901800412123F003030B43A08B8DF81830F7F799
:10902800B0FE9DF8183000F03F0203F0030343EA56
:1090380082038DF818309DF81930C0F3841023F09E
:109048001F030343E08B8DF81930F7F79AFE9DF85C
:109058001930218C00F0070203F01F0343EA421382
:109068008DF81930628C40F2A953994288BF0121CA
:10907800C0F3C70098BF00219A428DF81A0088BF34
:1090880041F002010EB141F004010FB141F00801B5
:109098000F238DF8043000238DF81C302B688DF8D1
:1090A8001B101B68192201A92846984709B0F0BD72
:1090B80030B5054689B008880C46F7F76FFE9DF86D
:1090C80008308DF8070023F00703C0F3022003439C
:1090D80060888DF80830F7F761FE9DF8083000F0D9
:1090E8001F0203F0070343EAC2038DF808309DF816
:1090F8000930C0F3451023F03F030343A0888DF8DF
:109108000930F7F74BFE9DF8093000F0030203F031
:109118003F0343EA82138DF80930C0F387038DF8C3
:109128000A309DF80B30C0F3802023F0010303437D
:10913800E0888DF80B30F7F731FE9DF80B3000F022
:109148007F0203F0010343EA42038DF80B309DF8D8
:109158000C30C0F3C31023F00F03034320898DF8AC
:109168000C30F7F71BFE9DF80C3000F00F0203F0EF
:109178000F0343EA02138DF80C309DF80D30C0F34D
:10918800061023F07F03034360898DF80D30F7F74D
:1091980005FE9DF80D3000F0010203F07F0343EA5D
:1091A800C2138DF80D30C0F347038DF80E309DF8CB
:1091B8000F30C0F3412023F003030343A0898DF847
:1091C8000F30F7F7EBFD9DF80F3000F03F0203F08A
:1091D800030343EA82038DF80F309DF81030C0F383
:1091E800841023F01F030343E0898DF81030F7F74C
:1091F800D5FD9DF8103000F0070203F01F03C0F3FF
:10920800C70043EA42138DF81100208A8DF8103008
:10921800F7F7C4FD9DF813308DF8120023F007030B
:10922800C0F302200343608A8DF81330F7F7B6FDC8
:109238009DF8133000F01F0203F0070343EAC2034E
:109248008DF813309DF81430C0F3451023F03F0318
:109258000343A08A8DF81430F7F7A0FD9DF8143069
:1092680000F0030203F03F0343EA82139DF816203F
:109278008DF81430C0F387038DF8153022F0010201
:10928800C0F380231343E08A8DF81630F7F786FD84
:109298009DF8163000F07F0203F0010343EA420311
:1092A8008DF816309DF81730C0F3C31023F00F0364
:1092B8000343208B8DF81730F7F770FD9DF81730B2
:1092C80000F00F0203F00F0343EA02138DF8173082
:1092D8009DF81830C0F3061023F07F030343608B1A
:1092E8008DF81830F7F75AFD9DF8183000F0010294
:1092F80003F07F0343EAC2139DF81A208DF8183053
:10930800C0F347038DF8193022F00302C0F341235C
:109318001343A08B8DF81A30F7F740FD9DF81A30EB
:1093280000F03F0203F0030343EA82038DF81A308A
:109338009DF81B30C0F3841023F01F030343E08B18
:109348008DF81B30F7F72AFD019B03F07F42104B85
:10935800134301939DF81B3000F0070203F01F032D
:10936800C0F3C70043EA42138DF81C000DF1060153
:10937800172200208DF81B30F7F77CFD2B688DF83D
:109388001D001B681A2201A92846984709B030BD5C
:10939800C81816002DE9F34700F124079DF928A005
:1093A8009DF82C9090461E4604463B4601F1240247
:1093B80051F8040B43F8040B9142F9D1201D3946AA
:1093C8000190F7F797FBE1684B796EB10198042B90
:1093D80078D8DFE803F07D77355D03004FF004238C
:1093E800C4E909330026B046E3681D796B1E0B2BD0
:1093F80007D850460435F7F79AFCEDB204EB45055B
:109408006884E3681D7B6B1E0B2B07D84846043520
:10941800F7F7A8FCEDB204EB45056884637C002BE4
:1094280056D0237C012B46D013F0FD0F50D1334684
:1094380042463946204602B0BDE8F047FFF7B9BCBE
:1094480001F1130304F1220001F11F054FF0780C1C
:1094580013F9012FC2EB8222AB4292FBFCF202F518
:10946800806220F8022FF3D104F13A02233140F24E
:10947800FF7513F8010F48B102280CBF28464FF4B6
:109488008060994222F8020FF3D1ADE70120F8E796
:1094980004F1220304F146024FF4806123F8021F0D
:1094A8009342FBD10221F7F743FB103004EB400055
:1094B8000023838098E73946204602B0BDE8F0478C
:1094C800FFF7F6BD042B8FD813F0FD0F8CD0E9E71A
:1094D80002B0BDE8F08730B54B7B032B85B005465D
:1094E8000C4642D191F90000F7F79EFC8DF8030075
:1094F80094F90100F7F798FCA3788DF80530E37824
:109508008DF804008DF80630207B23798DF807301C
:10951800F7F782FC8DF8080094F90600F7F756FC77
:109528008DF8090094F90700F7F77EFC237A8DF887
:109538000B30637A8DF80C3040F6C8438DF80A007A
:10954800ADF800300DF1020114230B2200208DF834
:109558000230F7F78FFC2B688DF80D001B680E2280
:1095680069462846984705B030BD022B03D1FF2332
:109578008DF80330BCE791F90000F7F755FC8DF83A
:109588000300FF20B8E7837C10B5044633B1F9F730
:10959800DFFAE37C1BB10023A082E37410BDA28A2A
:1095A800801A80B2B0F57A6FF8D9A37404F1160165
:1095B8002046BDE81040FFF78EBF427C22B1037CF5
:1095C800012B01D1FFF7DFBF704730B5302442F2DD
:1095D8000F75A84212D80C703021B0F57A7F14D2DA
:1095E80011703022632816D81A703023092817D82A
:1095F800039A1370049B3030187030BDA0F51C50CE
:1096080001341038E4B280B2E3E70131A0F57A7092
:10961800C9B280B2E1E701326438D2B280B2E1E780
:1096280001330A38DBB280B2E0E713B50B1D0193B2
:10963800CB1C00934A1C8B1C0C46FFF7C6FF00236B
:10964800637102B010BD03099F2800F00F0094BF9A
:109658003033373309280B7094BF3030373000234C
:1096680048708B70704713B502460C46C0B201A90A
:10967800FFF7E9FF2146100AFFF7E5FF9DF80430E0
:10968800A3709DF80530E3709DF80630237102B091
:1096980010BD000008B50249FFF7D5FF084608BD10
:1096A800D02E002010B5034C2146FFF7DCFF2046E2
:1096B80010BD00BFD02E002013B503688DF8071029
:1096C8009C680DF107010123A04702B010BD07B542
:1096D80003688DF807101B6901220DF107019847EF
:1096E80003B05DF804FB73B51D4603680191044699
:1096F8005B6916469847236820461B689847019976
:10970800221D2046FFF7D8FF2DB123682A461B6982
:10971800314620469847236820465B689847236867
:109728009B690C21204602B0BDE87040184773B50C
:109738001E460368019104465B69154698472368ED
:1097480020461B689847221D01992046FFF7B4FF61
:1097580020460021FFF7BBFF23682046DB6832461E
:109768002946984723685B68204602B0BDE87040E8
:1097780018472DE9F0411F46036804465B690D460A
:1097880016469847236820461B689847221D20469E
:109798000D21FFF791FF290A2046FFF798FFE9B24C
:1097A8002046FFF794FF236831463A4620461B6956
:1097B8009847236820465B689847236820469B693A
:1097C800BDE8F0410C21184707B501238DF80720A3
:1097D8000DF10702FFF7CDFF03B05DF804FB2DE99B
:1097E800F0411F46036804465B690D4616469847D4
:1097F800236820461B689847221D20461D21FFF735
:109808005BFF290A2046FFF762FFE9B22046FFF70F
:109818005EFF20460021FFF75AFF23682046DB68D9
:109828003A4631469847236820465B68BDE8F041D0
:10983800184707B501230DF10702FFF7D0FF9DF880
:10984800070003B05DF804FB2DE9F0411E460368EC
:1098580004465B690F4615469847236820461B68EF
:109868009847221D20460E21FFF726FF394620463D
:10987800FFF72DFF23682946324620461B69984783
:10988800236820465B689847236820469B69BDE8A3
:10989800F0410C2118472DE9F0411E4603680446A3
:1098A8005B690F4615469847236820461B6898470A
:1098B800221D20461E21FFF7FFFE39462046FFF7EE
:1098C80006FF20460021FFF702FF23682046DB68D9
:1098D800324629469847236820465B68BDE8F04130
:1098E800184710B5002304461A46C021FFF7FBFEAF
:1098F800207910BD37B504460D468DF807100123B1
:1099080080210DF10702FFF7EEFE2368012D9B6908
:109918000CBF322140F2DC51204603B0BDE8304094
:10992800184737B501230C468DF807100DF10702CB
:109938008A210546FFF7D7FEAC7103B030BD07B5E5
:10994800042309BA01910DEB03028621FFF7CBFE30
:1099580003B05DF804FB07B502238DF804108DF8F9
:1099680005208F2101AAFFF7BEFE03B05DF804FBB6
:1099780037B58DF8063000238DF8073004230446E8
:1099880015468DF804108DF805208B210DEB030288
:10999800FFF7A9FE40F689012046FFF74AFF062D8A
:1099A80016BF40F0040200F0FB02D2B240F6890173
:1099B80020468DF80420FFF707FF03B030BD73B5CC
:1099C80015468DF8033000229DF818309DF81C606C
:1099D8008DF8002004468DF801108DF804308C2194
:1099E80006236A468DF802508DF80560FFF77BFE66
:1099F80040F236712046FFF71CFF5EB100F0FB0213
:109A080040F2367120468DF80020FFF7DDFE6571C3
:109A180002B070BD40F00403DAB2F1E707B55BBAF3
:109A2800ADF80430BDF810305BBAADF8063049BA6D
:109A3800082352BAADF80010ADF8022019466A465C
:109A4800FFF751FE03B05DF804FB07B5022301AA36
:109A58001221FFF76CFE9DF804309DF8050000EB1D
:109A6800032080B203B05DF804FB07B5022349BAAE
:109A7800ADF8041001AA1946FFF735FE03B05DF8EA
:109A880004FB07B502238DF804108DF805208E21FC
:109A980001AAFFF728FE03B05DF804FB13B56FF0C9
:109AA8007F43994228BF19460B0C04468DF80430B1
:109AB8000B0A8DF805308DF8061001AA03238321BF
:109AC800FFF711FE236864219B692046984702B07E
:109AD80010BD13B56FF07F43994228BF19460B0C90
:109AE80004468DF804300B0A8DF805308DF8061001
:109AF80001AA03238221FFF7F6FD236864219B69ED
:109B08002046984702B010BD37B503230D461446CA
:109B1800142101AAFFF70BFE9DF804305B085B4295
:109B28002B809DF90530002BB8BF03339B102370A1
:109B380003B030BD10B543680D4A23F07F4323F0CE
:109B4800FF039342044611D1002240F60211FFF7A9
:109B58003BFE40F644112046FFF76BFE40F0020042
:109B6800C2B240F644112046FFF72EFE10BD00BFDA
:109B78000001010037B505460191FFF766FF01991D
:109B880004462846FFF771FFA30702D52846FFF7CA
:109B9800D1FF204603B030BD07B5002914BF4023CC
:109BA80020238DF807300DF1070201239321FFF7D9
:109BB8009AFD03B05DF804FB10B5002304461A466D
:109BC800C121FFF790FD236820469B69BDE810403E
:109BD8004621184708B5FFF784FE80B208BD07B5CF
:109BE8000023ADF8043001AA02230721FFF77BFD0B
:109BF80003B05DF804FB07B5130C8DF8053052BAB5
:109C080004238DF80410ADF8062097210DEB03020C
:109C1800FFF769FD03B05DF804FB08B50A4640F696
:109C2800AC01FFF7D1FD08BD10B540F6D8010446D8
:109C3800FFF7FFFD40F01E00C2B240F6D8012046F3
:109C4800FFF7C2FD10BD08B50A4640F6E701FFF769
:109C5800BBFD08BD07B5054B019304230DEB0302BB
:109C68009521FFF740FD03B05DF804FB04070001F0
:109C780007B502238DF804108DF80520982101AA54
:109C8800FFF731FD03B05DF804FB000000000000A1
:109C980013B504461C48B0FBF1F1080C8DF8000020
:109CA800080A8DF8010004988DF803208DF8043017
:109CB8008DF80210F6F7E0FB11A3D3E90023F6F7BD
:109CC8007FFDF6F765FE020C43BA8DF80520ADF866
:109CD80006306A46082320468B21FFF704FD40F62C
:109CE80089012046FFF7A5FD40F00402D2B240F6F4
:109CF800890120468DF80020FFF766FD02B010BDEF
:109D0800000000008084EE3F0000093D1FB58DF87B
:109D180007309DF818308DF808309DF81C308DF804
:109D280009309DF820308DF80A309DF824308DF8E0
:109D38000B3049BA9DF82830ADF804108DF806208C
:109D48008DF80C3001AA09238C21FFF7CCFC05B053
:109D58005DF804FB07B5002349BAADF80010ADF86B
:109D6800023001936A4608234FF4D861FFF701FDDA
:109D780003B05DF804FB13B503230C4601AA1421B4
:109D8800FFF7D5FC9DF806305B085B42238002B0E4
:109D980010BD10B594B03822002106A801F0AAFC25
:109DA8001422002101A801F0A5FC002000F0AAFA65
:109DB80001224FF48033CDE90623032402235522E0
:109DC80006A8CDE90D34CDE91023CDE912330F9360
:109DD80000F0FAFA08B172B6FEE70421CDE90300F3
:109DE8000F2305900DEB0100CDE9013400F032FDA1
:109DF80008B172B6FEE714B010BD000007B5104AEE
:109E0800136823F48063136000F0B2F8FFF7C1FF12
:109E18000C4BDA6C42F02002DA64DA6C02F02002B1
:109E28000192019ADA6C42F00102DA64DB6C03F009
:109E380001030093009B03B05DF804EBFEF7F2BE4C
:109E480000200240001002400B4B1A6E42F0010243
:109E58001A661A6E82B002F001020092009A9A6D98
:109E680042F080529A659B6D03F080530193019BE9
:109E780002B000F0A1BA00BF00100240FEE7FEE702
:109E8800FEE7FEE7FEE7704770477047F8F74EBEFB
:109E9800034AD2F8883043F47003C2F88830704718
:109EA80000ED00E00D488546FFF7F2FF0C480D492C
:109EB8000D4A002302E0D458C4500433C4188C421D
:109EC800F9D30A4A0A4C002301E013600432A24283
:109ED800FBD301F08DFBFFF791FFFEE70080002028
:109EE800000000206800002058D900086800002001
:109EF800F42E0020FEE7704710B5094B4FF0FF32F3
:109F080000249A639C631A641C649A629C62DA62F5
:109F1800DC621A631C63FFF7EEFF204610BD00BF2A
:109F28000010024038B50F4B1A6805460AB90120DF
:109F380038BD4FF47A73B3FBF2F30B4A1068B0FBE9
:109F4800F3F000F06FF804460028F0D10F2DEED89A
:109F5800024629464FF0FF3000F032F8034B204606
:109F68001D60E5E7400000203C0000204400002080
:109F780010B5032000F012F80F20FFF7D3FF0446B6
:109F880018B9FFF761FF204610BD0124FBE7000068
:109F9800014B1868704700BFF02E00200749CA68B7
:109FA80022F4E0620302120403F4E063120C134388
:109FB80043F0BF6343F40033CB60704700ED00E02B
:109FC800164B30B5DC68C4F30224C4F10703251D21
:109FD800042B28BF0423062D4FF0FF358CBF033C0C
:109FE800002405FA03F321EA0303A54022EA050247
:109FF800A340002843EA0203ACBF00F16040084ACE
:10A008004FEA0313B8BF00F00F00DBB2AABF00F598
:10A018006140135480F8003330BD00BF00ED00E00C
:10A0280014ED00E00138B0F1807F0BD24FF0E0234F
:10A03800054A5861F02182F8231000200722986110
:10A048001A6170470120704700ED00E0094A536922
:10A0580043F4802310B55361EFF3108272B60023E6
:10A06800CC58C4500433B3F5807FF9D182F31088FB
:10A0780010BD00BF00200240064B5A69002ABFBF2E
:10A08800054A9A6002F188329A60BABF5869C00FCF
:10A09800002070470020024023016745044B5A699D
:10A0A80042F000425A615869C043C00F704700BF70
:10A0B8000020024070B50646FFF76AFF0F4C0546C0
:10A0C8002369DB030BD423694CF2FA3213400DD019
:10A0D8000B494A681A434A600120236170BDFFF7A3
:10A0E80057FF401BB042EBD90320F7E7206910F077
:10A0F8000100F3D0012222611846EFE70020024058
:10A10800480000202DE9F0471D4E99463378012B71
:10A1180005460F46904631D04FF0010A4FF47A7049
:10A1280086F800A0FFF7C6FF0446B8B97060CDB93D
:10A13800144A536943EA0A035361C7F80080BFF31E
:10A148006F8FC7F8049054464FF47A70FFF7B2FF48
:10A1580024B10C4A536923EA040353610023337082
:10A16800BDE8F0876B1E012BEED841463846FFF755
:10A178006DFFAB1E5D425D41AC04E5E70220EFE7F1
:10A188004800002000200240064B10F0010F1EBFBF
:10A198005A6942F004025A615A6942F480325A619B
:10A1A800704700BF00200240084B5A69C00022F4E3
:10A1B800FC7200F4FF60104358615A6942F00202D1
:10A1C8005A615A6942F480325A617047002002404D
:10A1D8001548037FDAB203F0FD03012B10D1134BAE
:10A1E800196821F400711960196841F40061196057
:10A1F800196821F400611960196841F40071196047
:10A20800931E012B0CD8094B1A6842F480521A602D
:10A218001A6822F480521A601A6842F480621A603E
:10A2280000230377704700BF480000200020024049
:10A238002DE9F843314D2B78012B064688465AD034
:10A2480001274FF47A702F70FFF734FF044610BBD4
:10A258002B4B68601A6812F4007F1A6820D05105E9
:10A2680006D51A6822F480621A6003232B7700E06F
:10A278002F773368012B1DD17068FFF785FF4FF4E6
:10A288007A70FFF717FF1E4A536923F00403044648
:10A298005361FFF79DFF00232B702046BDE8F8832C
:10A2A800520505D51A6822F480621A600223DDE798
:10A2B8002877DEE74FF0FF33C8F80030B768DFF8DB
:10A2C8004090D6E902321344BB42E2D9716838465D
:10A2D800FFF76AFF4FF47A70FFF7ECFED9F81430F5
:10A2E80023F4FD73C9F8143018B1C8F80070044697
:10A2F800CFE70137E5E70224CFE700BF4800002099
:10A3080000200240294B1A6830BB02F4C062B2F543
:10A31800806FD3F8802022F48072C3F880201AD18D
:10A328001A6822F4C06242F400721A60204A126865
:10A3380032214A431F49B2FBF1F2013259694905FA
:10A3480000D522B95B69580503D400207047013A4B
:10A35800F4E7032070477047B0F5007F1FD102F47F
:10A36800C062B2F5806FD3F8802042F48072C3F8DF
:10A378008020EAD11A6822F4C06242F400721A609E
:10A388000B4A126832214A430A49B2FBF1F2013200
:10A3980059694905D6D5002AD4D0013AF8E722F4FC
:10A3A800C06242F480621A60CFE700BF00700040CC
:10A3B8003C00002040420F00024A936843F4804367
:10A3C80093607047007000402DE9F341044640B3A4
:10A3D8000368DF0714D423689E075BD423681E072D
:10A3E80000F1A48023685D0700F1CB8023689B06F9
:10A3F80000F13281E069002840F06081002028E007
:10A40800A14DAB68EA6803F00C030C2B0BD102F0EA
:10A418000303032B09D12B689D03DCD56368002B4C
:10A42800D9D1012015E0082BF4E76368B3F5803F24
:10A4380012D12B6843F480332B60FFF7A9FD064641
:10A448002B689803C7D4FFF7A3FD801B6428F7D9AE
:10A45800032002B0BDE8F081B3F5A02F04D12B682A
:10A4680043F480232B60E4E72A6822F480322A60D0
:10A478002A6822F480222A60002BDED1FFF788FDAB
:10A4880006462B689903A6D5FFF782FD801B642832
:10A49800F7D9DDE77C4DAB68EA6803F00C030C2BB9
:10A4A80017D102F00303022B15D12B685A0502D5E8
:10A4B800E368002BB5D06B68226923F0FE4343EABA
:10A4C80002636B60714B1868FFF72CFD002885D07C
:10A4D800A7E7042BE8E7E368BBB12B6843F4807374
:10A4E8002B60FFF755FD06462B685B0507D56B68A3
:10A4F800226923F0FE4343EA02636B606EE7FFF7CD
:10A5080047FD801B0228EFD9A2E72B6823F480734C
:10A518002B60FFF73DFD06462B685F057FF55EAFB4
:10A52800FFF736FD801B0228F6D991E76369564D7F
:10A538009BB1D5F8943043F00103C5F89430FFF788
:10A5480027FD0646D5F8943098073FF54BAFFFF73F
:10A558001FFD801B0228F5D97AE7D5F8943023F03F
:10A568000103C5F89430FFF713FD0646D5F894307B
:10A5780099077FF537AFFFF70BFD801B0228F5D948
:10A5880066E7414DAB6DDA0027D4AB6D43F08053DD
:10A59800AB65AB6D03F080530193019B01273C4EE3
:10A5A8003368DB051BD5A368012B29D1D5F890307A
:10A5B80043F00103C5F89030FFF7EAFC41F2883810
:10A5C8000646D5F89030990740D5002F3FF40EAFD6
:10A5D800AB6D23F08053AB6508E70027DFE73368EE
:10A5E80043F480733360FFF7D3FC80463368D805A3
:10A5F800D9D4FFF7CDFCA0EB08000228F6D927E74D
:10A60800052B06D1D5F8903043F00403C5F89030F7
:10A61800CCE7D5F8902022F00102C5F89020D5F8B3
:10A62800902022F00402C5F89020002BC4D1FFF737
:10A63800AFFC41F288380646D5F890309A07C4D561
:10A64800FFF7A6FC801B4045F6D901E7FFF7A0FC01
:10A65800801B4045B5D9FBE6A3690B4DD3B1D5F8AE
:10A66800983043F00103C5F89830FFF791FC06468F
:10A67800D5F898309F073FF5BDAEFFF789FC801BE2
:10A688000228F5D9E4E600BF00100240440000208B
:10A6980000700040D5F8983023F00103C5F89830D1
:10A6A800FFF776FC0646D5F8983098077FF5A2AEF6
:10A6B800FFF76EFC801B0228F5D9C9E6484DAB6848
:10A6C80003F00C030C2B57D02B68022823F080735F
:10A6D8002B603AD1FFF75CFC06462B6899012ED413
:10A6E800EA68404B1340226A1343A26A43EA0223F2
:10A6F800E26A43EAC263626A013A43EA0213226BDE
:10A708005208013A43EA4253626B5208013A43EA5B
:10A718004263EB602B6843F080732B60EB6843F077
:10A728008073EB60FFF734FC04462B689A013FF511
:10A7380065AEFFF72DFC001B0228F6D988E6FFF767
:10A7480027FC801B0228C8D982E6EB6823F00303A4
:10A75800EB60EB6823F0887323F48033EB60FFF73A
:10A7680017FC04462B689B017FF548AEFFF710FCE9
:10A77800001B0228F6D96BE601283FF46AAEEB68A5
:10A78800226A03F0030191427FF44BAE616A03F041
:10A79800F0020139B2EB011F7FF443AEA16A03F462
:10A7A800FE42B2EB012F7FF43CAEE16A03F078423F
:10A7B800B2EBC16F7FF435AE226B520803F4C001CF
:10A7C800013AB1EB425F7FF42CAE626B520803F0A2
:10A7D800C063013AB3EB426F3FF410AE21E600BF0D
:10A7E800001002400C809F01174B9A6802F00C027F
:10A7F800042A23D09A6802F00C02082A20D09A680A
:10A8080002F00C020C2A1DD1D968DA68D868DB6816
:10A8180001F00301C3F341630329C2F30312C0F338
:10A82800062003F101030CBF084909495B00013206
:10A83800B1FBF2F25043B0FBF3F0704704487047A5
:10A8480002487047002070470010024000127A004A
:10A858000024F4002DE9F8430E46054610B90120FE
:10A86800BDE8F8836D4A136803F00F038B4245D3A4
:10A87800296811F001084CD12A68910740F1A78096
:10A88800674B12F0040F1EBF996841F4E0619960AC
:10A89800120741BF9A6822F47C5242F4E0629A603F
:10A8A8009A68A96822F0F0020A439A605B4C236810
:10A8B80003F00F03B34200F293802A68584C12F059
:10A8C800040F40F0A380130706D5A3682A6923F470
:10A8D800605343EAC203A360FFF786FFA368514AA7
:10A8E800C3F30313D35C03F01F03D8404E4B186027
:10A8F8004E4B1868BDE8F843FFF714BB136823F004
:10A908000F030B431360136803F00F038B42A6D1A8
:10A91800AEE76F68424C032F236849D19B019ED54F
:10A92800E368E26803F00303032BE3680CBF4048C5
:10A938004048C2F30312C3F306230132B0FBF2F21C
:10A948005343E268C2F3416201325200B3FBF2F3AF
:10A95800394A93421AD84FF00008A36823F003033A
:10A968003B43A360FFF714FB41F288390746A3680D
:10A978006A6803F00C03B3EB820F3FF47DAFFFF777
:10A9880007FBC01B4845F2D9032069E7A36813F009
:10A99800F00F04D08807DED5AB68002BDBD1A368A5
:10A9A80023F0F00343F08003A3604FF08008D4E75E
:10A9B800022F09D113F4003F3FF451AFFFF714FF02
:10A9C8001D4B9842C7D9EAE713F4806FF4E7B8F152
:10A9D800800F01BF124A936823F0F003936065E784
:10A9E800236823F00F0333432360FFF7D1FA41F2C2
:10A9F80088380746236803F00F03B3423FF45DAF7E
:10AA0800FFF7C6FAC01B4045F4D9BDE7A368E9685B
:10AA180023F4E0630B43A36055E700BF0020024026
:10AA280000100240E4D800083C0000204400002048
:10AA380000127A000024F40000B4C404024AD36A65
:10AA48001843D062704700BF00100240B0F1904F29
:10AA580008B509D10120FFF7F1FF254AD36A23F091
:10AA68000103D362002008BD224B984207D102207F
:10AA7800FFF7E4FF1E4AD36A23F00203F1E71E4BF7
:10AA8800984207D10420FFF7D9FF194AD36A23F067
:10AA98000403E6E7194B984207D10820FFF7CEFFD9
:10AAA800134AD36A23F00803DBE7154B984207D112
:10AAB8001020FFF7C3FF0E4AD36A23F01003D0E734
:10AAC800104B984207D12020FFF7B8FF084AD36AF5
:10AAD80023F02003C5E70C4B984207D14020FFF72D
:10AAE800ADFF034AD36A23F04003BAE70120BAE76F
:10AAF800001002400004004800080048000C00480C
:10AB08000010004800140048001800482DE9F04FD4
:10AB180002460D6895FAA5F44FF0010EB4FA84F4D4
:10AB280003274FF00F0C6FEA050835FA04F001D13E
:10AB3800BDE8F08F0EFA04F32B4067D04868461E34
:10AB4800012E1ED8966893FAA3F9B9FA89F94FEA43
:10AB5800490907FA09F926EA090993FAA3FA8E6856
:10AB6800BAFA8AFA4FEA4A0A06FA0AF646EA0906D9
:10AB78009660566808EA0609CE686E4349EA0606F2
:10AB88005660D66893FAA3F9B9FA89F94FEA4909E0
:10AB980007FA09F926EA090993FAA3FA0E69BAFA33
:10ABA8008AFA4FEA4A0A06FA0AF646EA0906022823
:10ABB800D66018D1FF2BD1F814A029D8D2F820904C
:10ABC80093FAA3F6B6FA86F6B6000CFA06F629EA60
:10ABD800060993FAA3F6B6FA86F6B6000AFA06F656
:10ABE80046EA09061662166893FAA3F9B9FA89F9CA
:10ABF8004FEA490907FA09F926EA090693FAA3F37D
:10AC0800B3FA83F35B0098403043106001348CE75B
:10AC1800D2F824901E0A96FAA6FBBBFA8BFB4FEAE1
:10AC28008B0B0CFA0BFB29EA0B0996FAA6F6B6FA77
:10AC380086F6B6000AFA06FA4AEA09065662D2E722
:10AC4800F8B5046814F0010405460F463ED13A6988
:10AC5800BB68016813437A6913431D4A0A401343CA
:10AC680003604368FA6823F44053134343608368DE
:10AC7800BA6923F44073134383604FF4406000F0D3
:10AC880059F93E6800B37F68F7B1B3B2114A21465B
:10AC980032F813202346F5F79BFE7A0803020902CF
:10ACA80041EA1061981841F100013A462346F5F748
:10ACB8008FFEC0F31300E8602046EB6AB6B223F0BB
:10ACC8000F031E43EE62F8BD0120F6E70120FAE704
:10ACD800F3E9FFEFFCD80008024B1868C0F38020A6
:10ACE800704700BF00100240024BD3F89000C0F339
:10ACF8004000704700100240024B1868C0F34060E3
:10AD0800704700BF00100240044B054A9B68C3F31C
:10AD18000313D35C03F01F03D840704700100240B0
:10AD2800E4D80008044B054A9B68C3F30223D35CAC
:10AD380003F01F03D840704700100240F4D8000801
:10AD4800124B9A6802F00C02082A1BD00C2A1BD15D
:10AD5800DA680F480F4902F00302032A08BF0146C8
:10AD6800D868DA68DB68C3F34163C0F30620C2F32E
:10AD780003120133484301325B00B0FBF2F0B0FB31
:10AD8800F3F07047024870470248704700100240CD
:10AD980000127A000024F400164A08B5136843F438
:10ADA80080731360FFF798FF0028FBD0536823F0E7
:10ADB800FE4343F08043536001239360936803F09C
:10ADC8000C03042BFAD14FF4807313601360FFF760
:10ADD80093FF0028FBD14FF4805140F23B73D160C0
:10ADE80090611362D2F8943043F40003C2F89430AF
:10ADF80008BD00BF00100240032810B52DD12D4C0E
:10AE08002D4AD4F8883003F0030343F440339342C7
:10AE180009D0B3F1031F0CD0013A934210D1BDE819
:10AE28001040FFF78DBFFFF757FF002840D10020E3
:10AE380010BDFFF759FF003818BF0120C003F7E71E
:10AE4800FFF77EFFFFF760FFA3681C4AC3F3C22326
:10AE5800D35C03F01F03D840EAE70C2817D1154B41
:10AE6800174AD3F8883003F00C0343F44023934285
:10AE7800D9D0B3F10C1FDCD0043A9342CFD0FFF7FE
:10AE88005FFFFFF741FFBDE81040FFF74BBF3028D9
:10AE9800CDD1084B0B4AD3F8883003F0300343F484
:10AEA80040139342BFD0B3F1301FC2D0103AE4E749
:10AEB8000548BDE70010024002000300F4D800086E
:10AEC80008000C00200030000024F400C02808B559
:10AED80001D0002008BD144B144AD3F8883003F081
:10AEE800C00343F44003934209D0B3F1C01F0CD010
:10AEF800403A934210D1BDE80840FFF721BFFFF761
:10AF0800EBFE0028E5D00A48E4E7FFF7EDFE00383D
:10AF180018BF0120C003DDE7FFF712FFFFF7F4FEBB
:10AF2800BDE80840FFF7FEBE001002408000C000E8
:10AF38000024F40008B5134BD3F888301840B0F556
:10AF4800006F09D0B0F5406F0DD0B0F5806F11D10A
:10AF5800BDE80840FFF7F4BEFFF7BEFE0A4B002825
:10AF680018BF184608BDFFF7BFFE003818BF0120FC
:10AF7800C003F7E7FFF7E4FEFFF7C6FEBDE80840A9
:10AF8800FFF7D0BE001002400024F400154B984291
:10AF98000BD103F560431A6C42F480521A641A6CA0
:10AFA80022F480521A64002070470F4B984205D053
:10AFB80003F5806398420BD0012070470B4B9A6BC6
:10AFC80042F480429A639A6B22F480429A63EAE7D9
:10AFD800064B9A6B42F400429A639A6B22F4004241
:10AFE800F4E700BF00300140003800400010024084
:10AFF80003685B0670B502462DD4D1E900363343A9
:10B00800CE68056848690C6A33430E6933438E6914
:10B0180003433343CE6925F47F45334325F0BF0509
:10B0280023432B43136053688D6823F4706323F024
:10B03800040345EA10401843B5F5006F50603EBF61
:10B04800536843F480535360B4F5005F01D18B8C8F
:10B058001361002000E00120D36923F40063D36169
:10B0680070BD00002B4A036890420ED0B0F1804FAB
:10B078000BD0A2F59432904207D002F5806290423C
:10B0880003D002F59632904215D14A6823F0700336
:10B098001343204A904219D0B0F1804F16D0A2F540
:10B0A8009432904212D002F5806290420ED002F59E
:10B0B800963290420AD0184A904207D002F5806230
:10B0C800904203D002F58062904203D1CA6823F40B
:10B0D8004073134303608B68C3620B8883620D4B14
:10B0E80098420FD003F5006398420BD003F54063F4
:10B0F800984207D003F58063984203D003F5806334
:10B10800984201D10B690363436943F0010343612A
:10B1180000207047002C014000400140B1F5805FDD
:10B1280030B500F011810AD8102900F08680B1F5F9
:10B13800807F00F0C68001293DD0012030BDB1F5E7
:10B14800803F00F04781B1F5801FF6D1036A14688B
:10B1580023F480130362036A016D21F0807121F4E6
:10B16800E04141EA0424116923F4001343EA01533E
:10B17800516823F4801343EA0153954988420FD05C
:10B1880001F5006188420BD001F54061884207D083
:10B1980001F58061884203D001F58061884206D1BB
:10B1A8004168956921F4802141EA85214160D2688E
:10B1B8000465C2643EE0036A156823F00103036274
:10B1C800036A4168846924F4803424F073042C43AE
:10B1D800156923F002032B43556823F001032B4321
:10B1E8007B4DA8420FD005F50065A8420BD005F5A8
:10B1F8004065A84207D005F58065A84203D005F54B
:10B208008065A84212D1556923F0080343EA8503F3
:10B21800956823F0040343EA8503956921F4807156
:10B228002943D56921F4007141EA4501D26841609A
:10B23800846142630362002080E7036A156823F093
:10B2480010030362036A4168846924F0807424F45B
:10B25800E64444EA0524156923F0200343EA05136C
:10B26800556823F0100343EA0513594DA8420FD03F
:10B2780005F50065A8420BD005F54065A84207D042
:10B2880005F58065A84203D005F58065A84213D16D
:10B29800556923F0800343EA8513956823F040033A
:10B2A80043EA8513956921F4806141EA8501D569EE
:10B2B80021F4006141EAC501D2684160846182637A
:10B2C800B8E7036A156823F480730362036A416868
:10B2D800C46924F4803424F073042C43156923F4DE
:10B2E800007343EA0523556823F4807343EA052372
:10B2F800374DA8420FD005F50065A8420BD005F5DB
:10B308004065A84207D005F58065A84203D005F539
:10B318008065A84213D1556923F4006343EA852365
:10B32800956823F4806343EA8523956921F4805165
:10B3380041EA0511D56921F4005141EA4511D26865
:10B348004160C461C26375E7036A156823F48053DA
:10B358000362036A4168C46924F0807424F4E644F3
:10B3680044EA0524156923F4005343EA0533556874
:10B3780023F4805343EA0533154DA8420FD005F551
:10B388000065A8420BD005F54065A84207D005F531
:10B398008065A84203D005F58065A84213D1556998
:10B3A80023F4004343EA8533956823F4804343EA52
:10B3B8008533956921F4804141EA8511D56921F4E5
:10B3C800004141EAC511D2684160C461026431E7B5
:10B3D800002C0140036A146823F480330362036A73
:10B3E800016D21F4803121F070010C43116923F4BF
:10B3F800003343EA0143516823F4803343EA0143AD
:10B408000F4988420FD001F5006188420BD001F541
:10B418004061884207D001F58061884203D001F578
:10B428008061884206D14168956921F4803141EAFA
:10B43800052141600465D268816C8264FAE600BF28
:10B44800002C01401C4B98420BD103F558431A6C51
:10B4580042F480421A641A6C22F480421A64002072
:10B468007047164B98420AD103F5E6339A6B42F4BB
:10B4780000329A639A6B22F400329A63EFE7104B1A
:10B48800984209D103F5E4339A6B42F480229A6317
:10B498009A6B22F48022F0E70A4B984209D103F50F
:10B4A800E2339A6B42F400229A639A6B22F40022E8
:10B4B800E3E70120704700BF003801400044004026
:10B4C80000480040004C004038B50368DB070446DC
:10B4D8000D4659D42A69AB68016813436A69134356
:10B4E800EA691343294A0A40134303604368EA6838
:10B4F80023F44053134343608368AA6923F44073D9
:10B5080013438360224B984220D10320FFF774FC39
:10B518002B6840B36A6832B30B2B15D81D4951F814
:10B528002330E969B0FBF3F0B1F5004F4FEA52035D
:10B5380025D103EB4003B3FBF2F34FF6F0721A4048
:10B54800C3F342031343E36000200DE0124B98421B
:10B5580001D10C20DAE7114B984201D13020D5E710
:10B568000F4B984207D00120E26A2B8822F00F0285
:10B578001343E36238BDC020FFF7A8FCC8E70344C3
:10B58800B3FBF2F39BB2DEE70120F3E7F369FFEFC9
:10B598000038014014D90008004400400048004029
:10B5A800004C004010EE103AC3F3C7527F3A162AF7
:10B5B80010EE101A15DC002A0CDB0C48104103426F
:10B5C80005D04FF4800313410B4423EA000300EE37
:10B5D800103A7047013203F00043F8D143F07E532C
:10B5E800F5E7802AF3D130EE000A7047FFFF7F00AD
:10B5F80070B50D4D0D4C641BA4100026A64209D150
:10B608000B4D0C4C00F0E2F9641BA4100026A64276
:10B6180005D170BD55F8043B98470136EEE755F85B
:10B62800043B98470136F2E74CD900084CD900088A
:10B638004CD9000854D90008034611F8012B03F827
:10B64800012B002AF9D1704710B502461478134629
:10B658000132002CFAD1013B11F8012B03F8012F1C
:10B66800002AF9D110BDC9B2034610F8012B1AB14E
:10B678008A42F9D118467047002918BF0023F9E714
:10B688000A44914200F1FF3300D1704710B511F818
:10B69800014B03F8014F9142F9D110BD10B56AB1C1
:10B6A8000139841810F8012B11F8013F9A4203D18F
:10B6B800A04201D0002AF5D1D01A10BD1046FCE7EF
:10B6C800884210B501EB020402D98442234607D808
:10B6D800431EA14208D011F8012B03F8012FF8E707
:10B6E800024401468A4200D110BD13F8014D02F808
:10B6F800014DF7E702440346934200D1704703F82F
:10B70800011BF9E72DE9F047089E0D4604460F4650
:10B71800002B4AD18A42944665D9B2FA82F343B1E2
:10B7280002FA03FCC3F120029F4020FA02F21743F9
:10B738009C404FEA1C4E1FFA8CF5B7FBFEF1220C19
:10B748000EFB117742EA074201FB05F090420AD945
:10B758001CEB020201F1FF3780F01C81904240F29D
:10B76800198102396244121AA4B2B2FBFEF00EFB30
:10B77800102244EA024400FB05F5A5420AD91CEB55
:10B78800040400F1FF3280F00781A54240F20481F1
:10B798006444023840EA0140641B00211EB1DC40C9
:10B7A8000023C6E90043BDE8F0878B4208D9002E84
:10B7B80000F0ED800021C6E900050846BDE8F087E5
:10B7C800B3FA83F1002949D1AB4202D3824200F295
:10B7D800F880841A65EB030201201746002EE2D098
:10B7E800C6E90047DFE702B9FFDEB2FA82F3002BB1
:10B7F80040F090808A1A4FEA1C471FFA8CFE0121FC
:10B80800B2FBF7F507FB1520220C42EA00420EFBBB
:10B8180005F0904208D91CEB020205F1FF3802D26C
:10B82800904200F2CB804546121AA4B2B2FBF7F060
:10B8380007FB102244EA02440EFB00FEA64508D985
:10B848001CEB040400F1FF3202D2A64500F2BB80D3
:10B858001046A4EB0E0440EA05409FE7C1F120071B
:10B868008B4022FA07FC4CEA030C05FA01F420FA93
:10B8780007F3FD404FEA1C492343B5FBF9F81FFACB
:10B888008CFE09FB18551C0C44EA054408FB0EF510
:10B89800A54202FA01F200FA01F00BD91CEB0404EC
:10B8A80008F1FF3A80F08880A54240F28580A8F12F
:10B8B80002086444641B9DB2B4FBF9F309FB13440A
:10B8C80045EA044403FB0EFEA64508D91CEB040414
:10B8D80003F1FF356CD2A6456AD9023B644443EABA
:10B8E8000843A3FB0295A4EB0E04AC42C846AE463F
:10B8F80056D353D056B1B0EB080264EB0E0404FAE9
:10B9080007F7CA40CC401743C6E90074184600211F
:10B91800BDE8F087C3F1200102FA03FC20FA01F226
:10B9280025FA01F19D402A434FEA1C471FFA8CFE75
:10B93800B1FBF7F007FB1015110C41EA054100FBBC
:10B948000EF58D4204FA03F408D91CEB010100F14D
:10B95800FF382FD28D422DD902386144491B92B24B
:10B96800B1FBF7F507FB151142EA014205FB0EF1A1
:10B97800914208D91CEB020205F1FF3816D2914218
:10B9880014D9023D6244521A45EA004138E731466B
:10B99800304608E73946E6E61046FBE64845A9D2B0
:10B9A800B9EB020865EB0C0E013BA3E74546EAE755
:10B9B8002B4694E74046D1E7D0467BE7023D6244F8
:10B9C80032E708460AE76444023842E7F8B500BFA0
:10B9D800F8BC08BC9E467047F8B500BFF8BC08BC68
:04B9E8009E467047C0
:10B9EC0018120C1801010119190119190106060187
:10B9FC000606010303010303010202010202011204
:10BA0C000C01120C00206C0002206A006D00740006
:10BA1C000205010202016D696E2C00206D572C008D
:10BA2C00322E3447003931354D003836384D00341C
:10BA3C0033334D003730636D003836364D00445586
:10BA4C00414C003F003530487A003331487A0031A0
:10BA5C0039487A00464C52430046534B0031394822
:10BA6C007A377800011F136F0113000000D57FAAED
:10BA7C00FE2B815429FC5683D702A87D52872DF8C2
:10BA8C00AC79D3067BAE04D18550FA2FA471DB0EB2
:10BA9C005A8F25F08D58F22773A60CD9F623895CA2
:10BAAC0008DD77A2DF0AA07521F45E8B9D48E23792
:10BABC0063B61CC9B461CB1E4A9F35E0CF1AB06582
:10BACC0031E44E9BE633994C18CD67B239EC469372
:10BADC00C712B86D10C56FBAEE3B91446BBE14C162
:10BAEC009540EA3F42973DE8BC69C316EF3A904552
:10BAFC0011C46EBBC613B96C38ED4792BD68C21742
:10BB0C0043963CE99441EB3E6ABF15C04B9E34E131
:10BB1C00B560CA1F62B71DC89C49E33619CC66B321
:10BB2C00E732984D30E54F9ACE1BB16472A70DD811
:10BB3C008C59F3265B8E24F1A570DA0F20F55F8A01
:10BB4C00DE0BA17409DC76A3F722885DD603A97CF1
:10BB5C0028FD5782FF2A805501D47EAB8451FB2EE1
:10BB6C007AAF05D0AD78D20753862CF96162636445
:10BB7C0065666768696A6B6C6D6E6F7071727374F1
:10BB8C0075767778797A30313233343536373839CF
:10BB9C005F232D2E000001000100020002000200B4
:10BBAC00030004000500060008000A000C00100049
:10BBBC00140019002000280032003F0050006400DF
:10BBCC007D009E00C800FA003C019001F401760251
:10BBDC002003E803E204DC05D0076E006900630073
:10BBEC00760072770074007477000000000000008B
:10BBFC0000000000511400080000000000000000CC
:10BC0C005D1400080000000000000000391400085A
:10BC1C0000010204050301020001020503046D6C1E
:10BC2C0072732E3000536574757053746172745353
:10BC3C0074783452780053657475705374617274EF
:10BC4C004D61726B65720021656E64210044495927
:10BC5C002045323220473434314B42006D4C525324
:10BC6C0001020304006D4C525304030201000A004C
:10BC7C00206972713D7800206C733D002072783120
:10BC8C00733D0020727832733D0040504152414D5B
:10BC9C002F706172616D2E70636B0072785F7374BC
:10BCAC0061747573206661696C7572650066616993
:10BCBC006C2061002000646F5F7265636569766556
:10BCCC00282920434845434B5F4552524F525F53FE
:10BCDC00594E43574F5244005378206E6F74206F67
:10BCEC006B002E0049525120544D4F204641494C77
:10BCFC000049525120525820444F4E45204641494C
:10BD0C004C0049525120545820444F4E4520464136
:10BD1C00494C00000000000000000000C51800089D
:10BD2C00B5180008EF24000819250008372500086D
:10BD3C0015210008D3140008D515000800000000D8
:10BD4C0000000000B914000823290008D1270008BE
:10BD5C0011270008E7260008ED15000875270008D4
:10BD6C0009160008412700082D16000800000000E5
:10BD7C0000000000B9140008FD2A0008BB140008DC
:10BD8C00BD140008C7290008C1140008C514000818
:10BD9C00C9140008CB140008CF14000800000000E0
:10BDAC000000000037490008D5490008B9490008CF
:10BDBC00994900080000000000000000B9140008B8
:10BDCC0049160008BB140008BD140008857700084C
:10BDDC0001780008D55E0008455F0008CB14000808
:10BDEC00CF140008414E474C4500484F52495A4F1A
:10BDFC004E004E415620414C54484F4C440048454F
:10BE0C004144494E4720484F4C4400484541444624
:10BE1C00524545004845414441444A0043414D5335
:10BE2C00544142004E415620525448004E41562037
:10BE3C00504F53484F4C44004D414E55414C0042DD
:10BE4C004545504552004C454453204F4646004C06
:10BE5C004947485453004F5344204F4646005445DD
:10BE6C004C454D45545259004155544F2054554E54
:10BE7C004500424C41434B424F58004641494C53BC
:10BE8C00414645004E415620575000414952204DE5
:10BE9C004F444500484F4D452052455345540047AB
:10BEAC004353204E41560046505620414E474C4578
:10BEBC00204D4958005355524641434500464C418C
:10BECC005045524F4E005455524E204153534953F6
:10BEDC0054004E4156204C41554E43480053455258
:10BEEC00564F204155544F5452494D0043414D45F6
:10BEFC00524120434F4E54524F4C20310043414D40
:10BF0C0045524120434F4E54524F4C203200434136
:10BF1C004D45524120434F4E54524F4C2033004F0D
:10BF2C00534420414C542031004F534420414C5435
:10BF3C002032004F534420414C542033004E415684
:10BF4C0020434F5552534520484F4C44004D4320FD
:10BF5C004252414B494E47005553455231005553BF
:10BF6C004552320055534552330055534552340017
:10BF7C004C4F49544552204348414E4745004D5380
:10BF8C0050205243204F564552524944450050527E
:10BF9C004541524D00545552544C45004E4156208B
:10BFAC00435255495345004155544F204C45564535
:10BFBC004C205452494D00575020504C414E4E4548
:10BFCC005200534F4152494E47004D495353494F2C
:10BFDC004E204348414E474500424545504552206E
:10BFEC004D555445004D554C54492046554E4354DF
:10BFFC00494F4E004D495845522050524F46494CDE
:10C00C00452032004D49584552205452414E534917
:10C01C0054494F4E00414E474C4520484F4C44002C
:10C02C00800CD007B704C71B800CB7040410020A9D
:10C03C000B06972304100B06000000000000000004
:10C04C0028D400082B13000000D400080A000000BC
:10C05C0000000000000000000000000000000000D4
:10C06C000000000000000000800080FF00000100C4
:10C07C000A000A000E0019001400640016009E004D
:10C08C006162636465666768696A6B6C6D6E6F701C
:10C09C007172737475767778797A303132333435CE
:10C0AC00363738395F232D2E0000000000070E09AB
:10C0BC001C1B1215383F363124232A2D70777E79BC
:10C0CC006C6B6265484F464154535A5DE0E7EEE9AC
:10C0DC00FCFBF2F5D8DFD6D1C4C3CACD90979E999C
:10C0EC008C8B8285A8AFA6A1B4B3BABDC7C0C9CE8C
:10C0FC00DBDCD5D2FFF8F1F6E3E4EDEAB7B0B9BE7C
:10C10C00ABACA5A28F88818693949D9A2720292E6B
:10C11C003B3C35321F18111603040D0A5750595E5B
:10C12C004B4C45426F68616673747D7A898E87804B
:10C13C0095929B9CB1B6BFB8ADAAA3A4F9FEF7F03B
:10C14C00E5E2EBECC1C6CFC8DDDAD3D4696E67602B
:10C15C0075727B7C51565F584D4A4344191E17101B
:10C16C0005020B0C21262F283D3A33344E4940470B
:10C17C0052555C5B7671787F6A6D64633E393037FB
:10C18C0022252C2B0601080F1A1D1413AEA9A0A7EB
:10C19C00B2B5BCBB9691989F8A8D8483DED9D0D7DB
:10C1AC00C2C5CCCBE6E1E8EFFAFDF4F300000000E9
:10C1BC003209000000000000010000007C2B000090
:10C1CC000000000002000000890C000000000000CC
:10C1DC0004000000ED0E030C0D0000000500000033
:10C1EC00D91C0100000000000600000068030000DC
:10C1FC000000000007000000772000000000000095
:10C20C000800000075240000000000000B00000076
:10C21C00590601040000000014000000D6140302AB
:10C22C0003000000150000009F0203000100000045
:10C23C0016000000DC1900000000000017000000D0
:10C24C00A8170304050000001800000018340000B3
:10C25C00000000001900000017650000000000003D
:10C26C001A000000AA180000000000001B000000CB
:10C27C00901D0000000000001C0000004310000096
:10C28C00000000001D000000731000000000000002
:10C29C001E000000271C0000000000001F00000012
:10C2AC00F63000000000000020000000B91C000067
:10C2BC000000000021000000681C000000000000CD
:10C2CC0022000000ED16000000000000230000001A
:10C2DC00F41600000000000024000000DE25000021
:10C2EC000000000025000000D40703040500000036
:10C2FC0026000000090703040500000027000000C9
:10C30C00FE2603202100000028000000E6050302A1
:10C31C0003000000290000001C04030203000000BD
:10C32C002A0000001C120000000000002B0000007E
:10C33C0084030300010000002C000000DD0903024F
:10C34C00030000002D000000E803030001000000C2
:10C35C002E0000000B020000000000002F00000067
:10C36C009908030001000000300000002915010CA1
:10C37C000000000031000000271400000000000045
:10C38C00320000004E2503121300000033000000A1
:10C39C00C405030203000000350000000305000083
:10C3AC0000000000360000000F1B031819000000ED
:10C3BC003700000003190000000000003D000000E1
:10C3CC00A7480000000000003E000000B71A000063
:10C3DC00000000003F00000077B5000000000000E6
:10C3EC0040000000BFE10000000000004100000020
:10C3FC00762A0000000000004200000094060302B0
:10C40C0003000000430000001504000000000000C1
:10C41C0045000000F31E010A000000004600000069
:10C42C007C26031011000000490000002626032082
:10C43C00210000004A00000014140000000000005D
:10C44C004B0000009E23031E1F0000004C00000048
:10C45C009821031E1F0000004D0000008F0A0308E6
:10C46C0009000000500000000E040302030000004D
:10C47C00510000006A16000000000000520000008D
:10C48C003133032425000000530000001625000062
:10C49C0000000000540000008F3503323300000010
:10C4AC00550000008C330000000000005600000016
:10C4BC0005350332330000005700000096330000AE
:10C4CC000000000059000000E71C00000000000004
:10C4DC005A000000B7380000000000005B000000AC
:10C4EC003F2A0000000000005C0000003621000024
:10C4FC00000000005D0000002F5100000000000053
:10C50C0064000000AF220000000000006500000085
:10C51C006675000000000000660000009E750000BB
:10C52C000000000067000000D0390000000000008F
:10C53C006800000038740000000000006900000072
:10C54C005D3F0000000000006A0000008A2C000023
:10C55C00000000006B0000006C41000000000000B7
:10C56C006C000000205C0000000000006D0000006A
:10C57C00B9090000000000006E00000054FE030129
:10C58C00020000006F0000002212031011000000D6
:10C59C0070000000AE0C00000000000071000000F4
:10C5AC007C2700000000000072000000ED2C000051
:10C5BC0000000000730000000440000000000000B8
:10C5CC00740000004C180000000000007500000012
:10C5DC00800603040500000076000000380E000001
:10C5EC000000000077000000740C030A0B00000030
:10C5FC007800000086610000000000007900000057
:10C60C00ED020300010000007A000000CB020300E1
:10C61C00010000007B000000FA7103000100000023
:10C62C007C00000057390000000000007D00000075
:10C63C00CB060000000000007E000000DC51034F20
:10C64C00500000007F0000001923000000000000D3
:10C65C0080000000E22300000000000081000000C8
:10C66C002E18000000000000820000001D0D0000CC
:10C67C000000000083000000DFFF0000000000004D
:10C68C008400000055270000000000008500000019
:10C69C00061200000000000086000000E52B0000E0
:10C6AC000000000087000000CB0800000000000024
:10C6BC008800000001160000000000008900000046
:10C6CC00C3100000000000008A0000006D7800001C
:10C6DC00000000008B000000A82B03292A0000009A
:10C6EC008C000000B5290000000000008D00000047
:10C6FC002F200000000000008E00000048F3000016
:10C70C00000000008F0000008310000000000000FB
:10C71C00900000007F5D000000000000920000000F
:10C72C006764000000000000930000009A360000CF
:10C73C000000000094000000B24E00000000000059
:10C74C0095000000C83C00000000000096000000AE
:10C75C00862A00000000000097000000DB0803069A
:10C76C000700000098000000D00800000000000046
:10C77C0099000000BC0C0000000000009A000000B2
:10C78C00540F0306070000009B000000160D030465
:10C79C00050000009C0000001306030001000000CF
:10C7AC009D000000150F030C0D0000009E00000002
:10C7BC00860F030C0D000000A00000004E0C0308B7
:10C7CC0009000000A1000000440303000100000068
:10C7DC00A2000000BD09000000000000A300000042
:10C7EC007F1C000000000000A40000009A2C000038
:10C7FC0000000000A5000000150300000000000070
:10C80C00A60000001509000000000000A7000000B1
:10C81C009016000000000000A8000000010C0000B1
:10C82C0000000000A9000000EA1200000000000057
:10C83C00AA0000004922000000000000AB0000002C
:10C84C00B542000000000000AC00000016620000C1
:10C85C0000000000AD0000005308000000000000C4
:10C86C00AE000000A730000000000000AF00000088
:10C87C008A13030E0F000000B0000000EA0303004F
:10C88C0001000000B1000000F014000000000000E6
:10C89C00B20000002F18000000000000B3000000E0
:10C8AC00BD1D011A00000000B4000000342F012A45
:10C8BC0000000000B5000000AE0400000000000005
:10C8CC00B6000000E528000000000000B7000000E2
:10C8DC005502030001000000B80000009FCE0304C5
:10C8EC0005000000B9000000BA07030405000000B1
:10C8FC00BA000000481D030001000000BF0000004A
:10C90C005C1B000000000000C0000000243600008A
:10C91C0000000000C1000000471A000000000000E9
:10C92C00C20000006221000000000000C3000000F3
:10C93C007825000000000000C8000000862A0328AB
:10C94C0029000000C9000000CD0E030C0D000000F2
:10C95C00D60000004508030607000000D7000000C1
:10C96C006503000000000000D80000003203030043
:10C97C0001000000D9000000CA0600000000000001
:10C98C00DA0000001107030001000000DB000000CA
:10C99C00A202000000000000DC00000022200000C9
:10C9AC0000000000DD000000472A0000000000002D
:10C9BC00DE0000000F03000000000000DF0000009C
:10C9CC00772F032A2B000000E0000000662D032ABD
:10C9DC002B000000E1000000D04900000000000026
:10C9EC00E2000000CF08000000000000E60000009C
:10C9FC00A32A000000000000E700000069280000E6
:10CA0C0000000000E800000097410000000000005A
:10CA1C00E900000023B6000000000000EA0000005E
:10CA2C009628000000000000EB000000B32A000074
:10CA3C0000000000F10000005A200000000000007F
:10CA4C00F2000000683C000000000000F300000051
:10CA5C00553D013400000000F40000005F060000AA
:10CA6C0000000000F5000000820200000000000041
:10CA7C00F6000000B826000000000000F7000000DF
:10CA8C005113000000000000F800000008FE030332
:10CA9C0004000000F9000000CC240000000000009D
:10CAAC00FA000000311E000000000000FB00000036
:10CABC00AA12000000000000FC0000002C12000074
:10CACC0000000000FD0000005336000000000000D4
:10CADC00FE0000002E090000000000000001000014
:10CAEC00472A030809000000010100008309000027
:10CAFC000000000002010000BBE803000100000080
:10CB0C00030100005CED00000000000004010000C7
:10CB1C00920E00000000000005010000B33D000073
:10CB2C0000000000060100000C17000000000000CF
:10CB3C000701000085FF0000000000000801000054
:10CB4C003120000000000000090100001A14000050
:10CB5C00000000000A010000C1FF030203000000F6
:10CB6C000B01000023FF0302030000000C01000076
:10CB7C000E040302030000000D0100006DD700003D
:10CB8C00000000000E0100003B140000000000003B
:10CB9C000F0100001635000000000000130100001A
:10CBAC007E20000000000000140100001232000082
:10CBBC0000000000150100003E1E000000000000F7
:10CBCC0018010000462100000000000019010000BF
:10CBDC00300D0000000000001A0100007B23032030
:10CBEC00210000001B0100004A9100000000000021
:10CBFC001C0100006320031E1F0000001D0100002B
:10CC0C0089310326270000001E010000D2390332AF
:10CC1C00330000001F010000011703141500000071
:10CC2C00200100001417031415000000220100005D
:10CC3C00FB2E000000000000230100000A39000058
:10CC4C000000000024010000E3DF031819000000BD
:10CC5C0027010000EA0C0000000000002801000081
:10CC6C0032230000000000002B01000013620000C2
:10CC7C00000000002C010000D9160000000000008C
:10CC8C002D010000F33A0000000000003601000006
:10CC9C001C11000000000000370100005F74000050
:10CCAC000000000040010000F31403020300000028
:10CCBC004101000058020300010000004201000085
:10CCCC00F395000000000000430100004E930300A8
:10CCDC0001000000440100008492000000000000EC
:10CCEC004A01000017A70000000000004B010000E3
:10CCFC005BE90000000000004C010000ECEF0000BC
:10CD0C00000000004D010000E76D00000000000075
:10CD1C004E010000480A0000000000004F01000016
:10CD2C00E11800000000000050010000F554000064
:10CD3C000000000053010000C705000000000000C7
:10CD4C00540100006346000000000000590100007F
:10CD5C00D1150302030000005E010000E8FC000096
:10CD6C000000000062010000D20E030C0D00000058
:10CD7C0063010000060C00000000000068010000C8
:10CD8C000B19000000000000690100005D2100008B
:10CD9C000000000071010000971800000000000066
:10CDAC00720100004B6D00000000000073010000D8
:10CDBC000A1A000000000000740100001A8C000028
:10CDCC000000000075010000752A00000000000042
:10CDDC0077010000FB8C00000000000078010000CF
:10CDEC00C7080000000000007C010000E8140000EF
:10CDFC000000000081010000938503020300000085
:10CE0C00820100008410030405000000830100006F
:10CE1C0004480304050000008401000008250320D9
:10CE2C0021000000860100009CF0000000000000C2
:10CE3C008B01000000D40000000000008C010000F9
:10CE4C0032A00000000000008D010000B66C000054
:10CE5C0000000000900100006EFE030405000000BD
:10CE6C0091010000B7060304050000009A010000C0
:10CE7C00A0350000000000009B0100006A030000C8
:10CE8C00000000009C0100002106030405000000C6
:10CE9C009D0100004D070304050000009E010000E9
:10CEAC006D100000000000009F010000A1100000A8
:10CEBC0000000000A4010000144903060700000054
:10CECC00B3010000862E000000000000B401000039
:10CEDC00C109000000000000B50100001E010000A7
:10CEEC0000000000B8010000422300000000000018
:10CEFC00B9010000A911000000000000FE010000B3
:10CF0C00F56A000000000000FF0100001C47000053
:10CF1C000000000000020000B80200000000000049
:10CF2C00421F0000DA10000000000000431F000048
:10CF3C00E729000000000000441F0000AC62000064
:10CF4C0000000000451F0000FB2600000000000050
:10CF5C00461F0000610E000000000000471F00008B
:10CF6C004020000000000000481F0000EA210000E3
:10CF7C0000000000491F000090100000000000009D
:10CF8C004A1F00009B290000000000004B1F0000FE
:10CF9C0014660000000000004C1F0000361000005A
:10CFAC00000000004D1F0000DE2E000000000000FD
:10CFBC004E1F0000C80E0000000000004F1F0000B4
:10CFCC001718000000000000501F00009512000010
:10CFDC000000000028230000718900000000000000
:10CFEC002D23000075220000000000001127000016
:10CFFC00D11400000000000012270000BA29000024
:10D00C0000000000132700000401000000000000D5
:10D01C0014270000850900000000000015270000FF
:10D02C00670900000000000016270000C104000082
:10D03C00000000001727000047110000000000004E
:10D04C0018270000F00E000000000000A7270000C9
:10D05C00C355000000000000F82A000086340304C9
:10D06C0005000000F92A00000F88000000000000F5
:10D07C00FA2A0000EAB4030405000000FB2A0000B1
:10D08C004005000000000000FC2A00000BE803082B
:10D09C0009000000FD2A00005DE600000000000011
:10D0AC00022B00002E31000000000000032B0000BA
:10D0BC006A2C0000000000000C2B0000CD100000BA
:10D0CC0000000000162B0000902C00000000000057
:10D0DC00172B0000852C000000000000182B00000E
:10D0EC00552C000000000000192B0000C325031074
:10D0FC00110000001A2B00004F050000000000007A
:10D10C001B2B000080080304050000001C2B0000F2
:10D11C00B1220000000000001D2B0000821C00004A
:10D12C00000000001E2B00002F2600000000000055
:10D13C001F2B00008E09000000000000202B0000B7
:10D14C00842C000000000000212B0000D02C0000DB
:10D15C0000000000222B0000C92C00000000000081
:10D16C00232B0000C12C000000000000242B000029
:10D17C00BD2C000000000000342B0000A24E00006B
:10D18C000000000064320000722C0300010000005B
:10D19C0065320000FE3B031E1F00000066320000DB
:10D1AC008C3503040500000067320000F92E0300E3
:10D1BC0001000000683200004D36031C1D00000009
:10D1CC0069320000312B03000100000073320000B3
:10D1DC005EF9030001000000763200008B33000082
:10D1EC00000000007732000007120310110000004D
:10D1FC0078320000140500000000000068420000B6
:10D20C0067B3000000000000FE4200001A2100007D
:10D21C0000000000FF420000481000000000000069
:10D22C000143000013110000000000000243000045
:10D23C005911000000000000034300001B0A00000D
:10D24C0000000000044300000E5B00000000000022
:10D25C0005430000BB540000000000000643000022
:10D26C006A1800000000000010A40000E301000098
:10D27C000000000011A40000EF2E000000000000D0
:10D28C0051C30000F62000000000000052C3000053
:10D29C00B5F600000000000053C300003E13000070
:10D2AC000000000054C30000F00A0308090000004D
:10D2BC0055C30000980603040500000020CB0000B5
:10D2CC000D6400000000000021CB0000EF01000005
:10D2DC000000000015CD0000F0110000000000005F
:10D2EC0016CD0000584E00000000000017CD0000C5
:10D2FC00605500000000000018CD0000B11C0000BB
:10D30C000000000019CD0000D73200000000000022
:10D31C0078CD0000B52603202100000079CD000057
:10D32C00662400000000000060EA000004160314EC
:10D33C00150000006AEA0000D02100000000000087
:10D34C006BEA0000B7070000000000006CEA000068
:10D35C0063240320210000006DEA000081180314EF
:10D36C00150000006EEA00008608030405000000AA
:10D37C0074EA0000CA0400000000000088EA000003
:10D38C009CF500000000000089EA0000BFFF0000CF
:10D39C00000000008DEA00000E17030203000000DD
:10D3AC008EEA0000AB1C0308090000008FEA0000A5
:10D3BC00370700000000000091EA0000610C00003B
:10D3CC000000000092EA0000DC0E000000000000EB
:10D3DC0093EA0000F51800000000000094EA000039
:10D3EC00652C00000000000095EA00002D060000EE
:10D3FC00000000006666F435CCCCFC3533330536C2
:10D40C0099990D360000163666661E36CCCC26363B
:10D41C0033332F36999937360000403666666638B6
:10D42C00000070389999793833338338CCCC8C38E8
:10D43C00666696380000A0389999A9383333B3380A
:10D44C00CCCCBC386666C6380000D0389999D9382F
:10D45C003333E338CCCCEC386666F6380000003950
:10D46C009999093933331339CCCC1C396666263972
:10D47C00000030399999393933334339CCCC4C3994
:10D48C0066665639000060399999693933337339B6
:10D49C00CCCC7C39666686390000903999999939DB
:10D4AC003333A339CCCCAC396666B6390000C039FD
:10D4BC009999C9393333D339CCCCDC396666E63922
:10D4CC000000F0399999F9390000891112239B3227
:10D4DC002446AD573665BF74488CC19D5AAFD3BE38
:10D4EC006CCAE5DB7EE9F7F88110080193331A2248
:10D4FC00A5562C47B7753E64C99C408DDBBF52AE18
:10D50C00EDDA64CBFFF976E802218B301002991327
:10D51C002667AF763444BD554AADC3BC588ED19FF7
:10D52C006EEBE7FA7CC8F5D983310A209112180307
:10D53C00A7772E66B5543C45CBBD42ACD99E508FD7
:10D54C00EFFB66EAFDD874C904428D5316619F70D7
:10D55C002004A9153227BB364CCEC5DF5EEDD7FCB7
:10D56C006888E1997AABF3BA85520C4397711E60C7
:10D57C00A1142805B3373A26CDDE44CFDFFD56EC97
:10D58C00E9986089FBBB72AA06638F7214409D51A7
:10D59C002225AB343006B9174EEFC7FE5CCCD5DD77
:10D5AC006AA9E3B8788AF19B87730E6295501C4187
:10D5BC00A3352A24B1163807CFFF46EEDDDC54CD57
:10D5CC00EBB962A8F99A708B088481951AA793B667
:10D5DC002CC2A5D33EE1B7F04008C919522BDB3A57
:10D5EC00644EED5F766DFF7C899400859BB712A627
:10D5FC00ADD224C3BFF136E0C1184809D33B5A2A37
:10D60C00E55E6C4FF77D7E6C0AA583B41886919706
:10D61C002EE3A7F23CC0B5D14229CB38500AD91B16
:10D62C00666FEF7E744CFD5D8BB502A499961087E6
:10D63C00AFF326E2BDD034C1C3394A28D11A580BF6
:10D64C00E77F6E6EF55C7C4D0CC685D71EE597F4B6
:10D65C002880A1913AA3B3B2444ACD5B5669DF78D6
:10D66C00600CE91D722FFB3E8DD604C79FF516E4A6
:10D67C00A9902081BBB332A2C55A4C4BD7795E68B6
:10D68C00E11C680DF33F7A2E0EE787F61CC495D586
:10D69C002AA1A3B03882B193466BCF7A5448DD5996
:10D6AC00622DEB3C700EF91F8FF706E69DD414C566
:10D6BC00ABB122A0B9923083C77B4E6AD5585C4976
:10D6CC00E33D6A2CF11E780FA08601000B190000B7
:10D6DC0050C300001000041000005B0101000000AA
:10D6EC00B01D000096FF00000506010C015B000058
:10D6FC009033000091FF00000606010C015B000056
:10D70C002058000090FF00009DBF000800000000A2
:10D71C00F0BD000802000000F6BD00080300000088
:10D72C00FEBD0008040000000ABE00080500000051
:10D73C0017BE00080600000020BE0008FF00000015
:10D74C0028BE0008FF00000030BE000807000000E3
:10D75C0038BE00080800000044BE000809000000A4
:10D76C004BBE0008FF00000052BE0008FF00000086
:10D77C005BBE0008FF00000062BE0008FF00000056
:10D78C006ABE0008FF00000074BE00080A0000001A
:10D79C007EBE0008FF00000087BE000801000000EC
:10D7AC0090BE00080B00000097BE00080C000000A3
:10D7BC00A0BE0008FF000000ABBE0008FF00000088
:10D7CC00B3BE0008FF000000C1BE0008FF0000004F
:10D7DC00C9BE00080D000000D2BE00080E000000FB
:10D7EC00DEBE00080F000000E9BE0008FF000000CC
:10D7FC00F8BE0008FF00000009BF0008FF00000091
:10D80C001ABF0008FF0000002BBF0008FF0000003B
:10D81C0035BF0008FF0000003FBF0008FF000000FC
:10D82C0049BF00081000000059BF0008FF000000AD
:10D83C0064BF0008FF0000006ABF0008FF00000082
:10D84C0070BF0008FF00000076BF0008FF0000005A
:10D85C007CBF0008FF0000008ABF0008FF0000002A
:10D86C009ABF0008FF000000A1BF000811000000D3
:10D87C00A8BF000812000000B3BF0008FF000000A2
:10D88C00C3BF0008FF000000CEBF0008130000005B
:10D89C00D6BF0008FF000000E5BF0008FF00000035
:10D8AC00F1BF0008FF00000000C00008FF000000EE
:10D8BC0010C00008FF00000021C000081400000088
:10D8CC000000000000000000D58C0008D78C000878
:10D8DC00DB8C0008DF8C000800000000000000005A
:10D8EC0001020304060708090000000001020304FA
:10D8FC00010002000400060008000A000C001000E1
:10D90C002000400080000001010000000200000027
:10D91C000400000006000000080000000A000000DF
:10D92C000C0000001000000020000000400000006F
:08D93C00800000000001000062
:08D94400C8DDFF7F01000000B7
:08D94C00750A0008358C000883
:04D954004D0A000870
:10D9580051BC0008EEBB0008F1BB0008F3BB00088F
:10D96800E6BB0008E8BB0008EABB0008ECBB0008FF
:10D9780090BADCFE785634120A00000080BD000818
:10D98800FF000000C8BD000850BD00080024F400D6
:10D99800010000001000000000000000000000006E
:10D9A800000000000000000001000000000000006E
:08D9B800000000000000000067
:0400000508009EADA4
:00000001FF
