:020000040800F2
:100000000000012071A200085BA200085DA20008A8
:100010005FA2000861A2000863A2000800000000BF
:1000200000000000000000000000000065A20008C1
:1000300067A200080000000069A200086BA2000887
:10004000C1A20008C1A20008C1A20008C1A2000804
:10005000C1A20008C1A20008C1A20008C1A20008F4
:10006000C1A20008C1A20008C1A20008C1A20008E4
:10007000C1A20008C1A20008C1A20008C1A20008D4
:10008000C1A20008C1A20008C1A20008C1A20008C4
:1000900000000000C1A20008C1A20008C1A200081F
:1000A000C1A20008C1A20008C1A200086531000871
:1000B000C1A20008C1A20008C1A20008C1A2000894
:1000C000C1A20008C1A20008C1A20008C1A2000884
:1000D000A52A0008C94C0008892D0008C1A2000803
:1000E000C1A20008C1A20008C1A20008C1A2000864
:1000F000C1A200080000000000000000C1A200082A
:10010000C1A20008C1A200088D7E0008C1A200089B
:10011000C1A20008C1A20008C1A20008C1A2000833
:10012000C1A20008C1A20008C1A20008C1A2000823
:08013000C1A20008C1A20008F1
:1001380010F8012B11F8013B012A28BF9A42F7D089
:10014800D01A7047034613F8012B002AFBD1181A5E
:100158000138704781F0004102E000BF83F000439E
:1001680030B54FEA41044FEA430594EA050F08BF4A
:1001780090EA020F1FBF54EA000C55EA020C7FEA0E
:10018800645C7FEA655C00F0E2804FEA5454D4EB8B
:100198005555B8BF6D420CDD2C4480EA020281EA55
:1001A800030382EA000083EA010180EA020281EA8D
:1001B8000303362D88BF30BD11F0004F4FEA0131DF
:1001C8004FF4801C4CEA113102D0404261EB4101EE
:1001D80013F0004F4FEA03334CEA133302D0524274
:1001E80063EB430394EA050F00F0A780A4F1010430
:1001F800D5F1200E0DDB02FA0EFC22FA05F280186A
:1002080041F1000103FA0EF2801843FA05F359414F
:100218000EE0A5F120050EF1200E012A03FA0EFCCE
:1002280028BF4CF0020C43FA05F3C01851EBE371F8
:1002380001F0004507D54FF0000EDCF1000C7EEB15
:1002480000006EEB0101B1F5801F1BD3B1F5001F53
:100258000CD349085FEA30004FEA3C0C04F1010472
:100268004FEA445212F5800F80F09A80BCF1004F9B
:1002780008BF5FEA500C50F1000041EB045141EA1D
:10028800050130BD5FEA4C0C404141EB0101013CE6
:1002980028BFB1F5801FE9D291F0000F04BF0146D5
:1002A8000020B1FA81F308BF2033A3F10B03B3F1A7
:1002B80020020CDA0C3208DD02F1140CC2F10C0237
:1002C80001FA0CF021FA02F10CE002F11402D8BF95
:1002D800C2F1200C01FA02F120FA0CFCDCBF41EA61
:1002E8000C019040E41AA2BF01EB0451294330BD30
:1002F8006FEA04041F3C1CDA0C340EDC04F114040D
:10030800C4F1200220FA04F001FA02F340EA0300E3
:1003180021FA04F345EA030130BDC4F10C04C4F129
:10032800200220FA02F001FA04F340EA0300294609
:1003380030BD21FA04F0294630BD94F0000F83F453
:10034800801306BF81F480110134013D4EE77FEA36
:10035800645C18BF7FEA655C29D094EA050F08BF82
:1003680090EA020F05D054EA000C04BF1946104663
:1003780030BD91EA030F1EBF0021002030BD5FEAA7
:10038800545C05D14000494128BF41F0004130BDCF
:1003980014F580043CBF01F5801130BD01F0004523
:1003A80045F0FE4141F470014FF0000030BD7FEA96
:1003B800645C1ABF194610467FEA655C1CBF0B4691
:1003C800024650EA013406BF52EA033591EA030FA8
:1003D80041F4002130BD00BF90F0000F04BF0021A0
:1003E800704730B54FF4806404F132044FF00005D3
:1003F8004FF0000150E700BF90F0000F04BF00214C
:10040800704730B54FF4806404F1320410F00045B1
:1004180048BF40424FF000013EE700BF42004FEAAC
:10042800E2014FEA31014FEA02701FBF12F07F4329
:1004380093F07F4F81F06051704732F07F4208BFE0
:10044800704793F07F4F04BF41F40021704730B5E7
:100458004FF4607401F0004521F000411CE700BF33
:1004680050EA010208BF704730B54FF000050AE0B6
:1004780050EA010208BF704730B511F0004502D5B7
:10048800404261EB41014FF4806404F132045FEAB9
:10049800915C3FF4D8AE4FF003025FEADC0C18BF62
:1004A80003325FEADC0C18BF033202EBDC02C2F154
:1004B800200300FA03FC20FA02F001FA03FE40EAE6
:1004C8000E0021FA02F11444BDE600BF70B54FF0EA
:1004D800FF0C4CF4E06C1CEA11541DBF1CEA1355C8
:1004E80094EA0C0F95EA0C0F00F0DEF82C4481EA30
:1004F800030621EA4C5123EA4C5350EA013518BF50
:1005080052EA033541F4801143F4801338D0A0FB3C
:1005180002CE4FF00005E1FB02E506F00042E0FBE9
:1005280003E54FF00006E1FB03569CF0000F18BFEF
:100538004EF0010EA4F1FF04B6F5007F64F5407497
:1005480004D25FEA4E0E6D4146EB060642EAC6212A
:1005580041EA55514FEAC52040EA5E504FEACE2E97
:10056800B4F1FD0C88BFBCF5E06F1ED8BEF1004F9A
:1005780008BF5FEA500E50F1000041EB045170BD16
:1005880006F0004646EA010140EA020081EA03015A
:10059800B4EB5C04C2BFD4EB0C0541EA045170BD56
:1005A80041F480114FF0000E013C00F3AB8014F1D0
:1005B800360FDEBF002001F0004170BDC4F1000419
:1005C800203C35DA0C341BDC04F11404C4F120059A
:1005D80000FA05F320FA04F001FA05F240EA0200F5
:1005E80001F0004221F0004110EBD37021FA04F62B
:1005F80042EB06015EEA430E08BF20EAD37070BDE5
:10060800C4F10C04C4F1200500FA04F320FA05F043
:1006180001FA04F240EA020001F0004110EBD37045
:1006280041F100015EEA430E08BF20EAD37070BDB5
:10063800C4F1200500FA05F24EEA020E20FA04F38E
:1006480001FA05F243EA020321FA04F001F000413D
:1006580021FA04F220EA020000EBD3705EEA430EAE
:1006680008BF20EAD37070BD94F0000F0FD101F0DD
:100678000046400041EB010111F4801F08BF013C16
:10068800F7D041EA060195F0000F18BF704703F054
:100698000046520043EB030313F4801F08BF013DDB
:1006A800F7D043EA0603704794EA0C0F0CEA135597
:1006B80018BF95EA0C0F0CD050EA410618BF52EA51
:1006C8004306D1D181EA030101F000414FF0000057
:1006D80070BD50EA410606BF1046194652EA430665
:1006E80019D094EA0C0F02D150EA013613D195EAD9
:1006F8000C0F05D152EA03361CBF104619460AD121
:1007080081EA030101F0004141F0FE4141F470012A
:100718004FF0000070BD41F0FE4141F4780170BD1A
:1007280070B54FF0FF0C4CF4E06C1CEA11541DBF7F
:100738001CEA135594EA0C0F95EA0C0F00F0A7F881
:10074800A4EB050481EA030E52EA03354FEA0131AE
:1007580000F088804FEA03334FF0805545EA1313C1
:1007680043EA12634FEA022245EA111545EA106589
:100778004FEA00260EF000419D4208BF964244F120
:10078800FD0404F5407402D25B084FEA3202B61A3F
:1007980065EB03055B084FEA32024FF480104FF413
:1007A800002CB6EB020E75EB030E22BFB61A754687
:1007B80040EA0C005B084FEA3202B6EB020E75EB1A
:1007C800030E22BFB61A754640EA5C005B084FEA82
:1007D8003202B6EB020E75EB030E22BFB61A75464F
:1007E80040EA9C005B084FEA3202B6EB020E75EB5A
:1007F800030E22BFB61A754640EADC0055EA060E1B
:1008080018D04FEA051545EA16754FEA06164FEA5D
:10081800C30343EA52734FEAC2025FEA1C1CC0D109
:1008280011F4801F0BD141EA00014FF000004FF096
:10083800004CB6E711F4801F04BF01430020B4F157
:10084800FD0C88BFBCF5E06F3FF6AFAEB5EB030C0F
:1008580004BFB6EB020C5FEA500C50F1000041EB0C
:10086800045170BD0EF0004E4EEA113114EB5C04D9
:10087800C2BFD4EB0C0541EA045170BD41F48011AC
:100888004FF0000E013C90E645EA060E8DE60CEAB4
:10089800135594EA0C0F08BF95EA0C0F3FF43BAFD1
:1008A80094EA0C0F0AD150EA01347FF434AF95EA88
:1008B8000C0F7FF425AF104619462CE795EA0C0F6C
:1008C80006D152EA03353FF4FDAE1046194622E739
:1008D80050EA410618BF52EA43067FF4C5AE50EA13
:1008E80041047FF40DAF52EA43057FF4EBAE12E703
:1008F8004A0011D212F5001211D20DD56FF4787397
:10090800B3EB62520ED44FEAC12343F0004343EAEB
:10091800505323FA02F070474FF00000704750EA36
:10092800013002D14FF0FF3070474FF000007047A0
:1009380080F0004002E000BF81F0004142001FBF8C
:100948005FEA410392EA030F7FEA226C7FEA236C95
:100958006AD04FEA1262D2EB1363C1BFD21841408A
:1009680048404140B8BF5B42192B88BF704710F020
:10097800004F40F4000020F07F4018BF404211F0C3
:10098800004F41F4000121F07F4118BF494292EA2B
:10099800030F3FD0A2F1010241FA03FC10EB0C0057
:1009A800C3F1200301FA03F100F0004302D54942E4
:1009B80060EB4000B0F5000F13D3B0F1807F06D391
:1009C80040084FEA310102F10102FE2A51D2B1F189
:1009D800004F40EBC25008BF20F0010040EA03007E
:1009E8007047490040EB0000013A28BFB0F5000FFE
:1009F800EDD2B0FA80FCACF1080CB2EB0C0200FAB4
:100A08000CF0AABF00EBC25052421843BCBFD04002
:100A18001843704792F0000F81F4000106BF80F47C
:100A280000000132013BB5E74FEA41037FEA226C3F
:100A380018BF7FEA236C21D092EA030F04D092F00A
:100A4800000F08BF0846704790EA010F1CBF00203E
:100A5800704712F07F4F04D1400028BF40F000409B
:100A6800704712F100723CBF00F50000704700F0BB
:100A7800004343F0FE4040F4000070477FEA2262E2
:100A880016BF08467FEA23630146420206BF5FEAB3
:100A9800412390EA010F40F4800070474FF00003B3
:100AA80004E000BF10F0004348BF40425FEA000C7A
:100AB80008BF704743F0964301464FF000001CE022
:100AC80050EA010208BF70474FF000030AE000BF78
:100AD80050EA010208BF704711F0004302D54042B6
:100AE80061EB41015FEA010C02BF84460146002028
:100AF80043F0B64308BFA3F18053A3F50003BCFA43
:100B08008CF2083AA3EBC25310DB01FA02FC6344EF
:100B180000FA02FCC2F12002BCF1004F20FA02F2F6
:100B280043EB020008BF20F00100704702F12002E9
:100B380001FA02FCC2F1200250EA4C0021FA02F24A
:100B480043EB020008BF20EADC7070474FF0FF0C4F
:100B58001CEAD0521EBF1CEAD15392EA0C0F93EA4A
:100B68000C0F6FD01A4480EA010C400218BF5FEAEC
:100B780041211ED04FF0006343EA501043EA51115F
:100B8800A0FB01310CF00040B1F5000F3EBF490059
:100B980041EAD3715B0040EA010062F17F02FD2A5D
:100BA8001DD8B3F1004F40EBC25008BF20F0010040
:100BB800704790F0000F0CF0004C08BF49024CEA57
:100BC800502040EA51207F3AC2BFD2F1FF0340EAE9
:100BD800C250704740F400004FF00003013A5DDC5A
:100BE80012F1190FDCBF00F000407047C2F100029B
:100BF800410021FA02F1C2F1200200FA02FC5FEA88
:100C0800310040F1000053EA4C0308BF20EADC70D1
:100C1800704792F0000F00F0004C02BF400010F443
:100C2800000F013AF9D040EA0C0093F0000F01F0F0
:100C3800004C02BF490011F4000F013BF9D041EA12
:100C48000C018FE70CEAD15392EA0C0F18BF93EA14
:100C58000C0F0AD030F0004C18BF31F0004CD8D13E
:100C680080EA010000F00040704790F0000F17BFC5
:100C780090F0004F084691F0000F91F0004F14D00B
:100C880092EA0C0F01D142020FD193EA0C0F03D163
:100C98004B0218BF084608D180EA010000F0004066
:100CA80040F0FE4040F40000704740F0FE4040F441
:100CB800400070474FF0FF0C1CEAD0521EBF1CEAE0
:100CC800D15392EA0C0F93EA0C0F69D0A2EB0302FE
:100CD80080EA010C49024FEA402037D04FF0805398
:100CE80043EA111143EA10130CF000408B4238BF5D
:100CF8005B0042F17D024FF4000C8B4224BF5B1A6B
:100D080040EA0C00B3EB510F24BFA3EB510340EAB8
:100D18005C00B3EB910F24BFA3EB910340EA9C0066
:100D2800B3EBD10F24BFA3EBD10340EADC001B01D6
:100D380018BF5FEA1C1CE0D1FD2A3FF650AF8B427A
:100D480040EBC25008BF20F0010070470CF0004C87
:100D58004CEA50207F32C2BFD2F1FF0340EAC250B2
:100D6800704740F400004FF00003013A37E792F073
:100D7800000F00F0004C02BF400010F4000F013AD1
:100D8800F9D040EA0C0093F0000F01F0004C02BFCC
:100D9800490011F4000F013BF9D041EA0C0195E735
:100DA8000CEAD15392EA0C0F08D142027FF47DAFCE
:100DB80093EA0C0F7FF470AF084676E793EA0C0FBE
:100DC80004D14B023FF44CAF08466EE730F0004CBC
:100DD80018BF31F0004CCAD130F000427FF45CAF4C
:100DE80031F000437FF43CAF5FE700BF4FF0FF3CBA
:100DF80006E000BF4FF0010C02E000BF4FF0010C0D
:100E08004DF804CD4FEA40024FEA41037FEA226CD5
:100E180018BF7FEA236C11D001B052EA530C18BFF7
:100E280090EA010F58BFB2EB030088BFC81738BF5C
:100E38006FEAE17018BF40F0010070477FEA226C4A
:100E480002D15FEA402C05D17FEA236CE4D15FEA46
:100E5800412CE1D05DF8040B704700BF844608467A
:100E68006146FFE70FB5FFF7C9FF002848BF10F13B
:100E7800000F0FBD4DF808EDFFF7F4FF0CBF012080
:100E880000205DF808FB00BF4DF808EDFFF7EAFF0A
:100E980034BF012000205DF808FB00BF4DF808EDC5
:100EA800FFF7E0FF94BF012000205DF808FB00BFBA
:100EB8004DF808EDFFF7D2FF94BF012000205DF840
:100EC80008FB00BF4DF808EDFFF7C8FF34BF01204D
:100ED80000205DF808FB00BF4FEA4002B2F1FE4F68
:100EE8000FD34FF09E03B3EB12620DD94FEA0023E4
:100EF80043F0004310F0004F23FA02F018BF4042BD
:100F080070474FF00000704712F1610F01D14202A3
:100F180005D110F0004008BF6FF0004070474FF057
:100F28000000704742000ED2B2F1FE4F0BD34FF0D3
:100F38009E03B3EB126209D44FEA002343F0004347
:100F480023FA02F070474FF00000704712F1610F6A
:100F580001D1420202D14FF0FF3070474FF000003C
:100F6800704700BF53B94AB9002908BF00281CBF01
:100F78004FF0FF314FF0FF3000F00CB8ADF1080C26
:100F88006DE904CE0AF0C6FDDDF804E0DDE90223D0
:100F980004B07047704700BF0348044B834202D037
:100FA800034B03B118477047480000204800002051
:100FB800000000000548064B1B1AD90F01EBA301DE
:100FC800491002D0034B03B118477047480000206E
:100FD800480000200000000010B5064C237843B9F3
:100FE800FFF7DAFF044B13B10448AFF30080012385
:100FF800237010BD4800002000000000E4BD000878
:1010080008B5054B1BB105490548AFF30080BDE89D
:101018000840FFF7CFBF00BF000000004C000020D1
:10102800E4BD00080022427082700122C270B1FA49
:1010380081F102224909027103220170427170474D
:1010480043788B421FD0012941700AD0022910D061
:10105800C1B90123C3708170022303710323437153
:101068007047037843B1012383700223C3700023C0
:10107800F3E70378002BF6D0022383700023C370B4
:101088000123EAE7FEE7704782B00B88ADF800302D
:101098004B88ADF802308B88ADF80430CB88ADF8BA
:1010A80006300239431C053013F8012F0DF1080CE6
:1010B8000CEB4202834232F8082C21F8022FF3D1BC
:1010C80002B0704708448078704738B54FF07F33D6
:1010D800C0F8A03004464FF6FF737F220025A0F821
:1010E800A43080F8A62080F8A950A0F8AA30AC3027
:1010F80000F04AFCA4F8B85038BD70B51146154642
:1011080004461E4600F080FC294604F1140000F055
:101118007BFC294604F1280000F076FC294604F1FE
:101128003C0000F071FC294604F1500000F06CFC12
:10113800294604F1640000F067FC294604F17800B0
:1011480000F062FC294604F18C0000F05DFC04F11B
:10115800AC0032464FF4FA734FF4FA6100F0FAFB30
:101168002046BDE87040FFF7B0BF704700F053BCA1
:10117800143000F050BC283000F04DBC90F8A4307A
:1011880013B990F9A000704790F9A100704790F842
:10119800A43013B990F9A200704790F9A3007047E2
:1011A80010B5044607F0D4F838B104F1140000F083
:1011B80036FC012838BF0120C0B210BD10B5044666
:1011C80007F0C6F838B104F1500000F028FC0128F7
:1011D80038BF0120C0B210BD4FF47A71AC3000F0B6
:1011E800DABB0021AC3000F0D6BB08B5AC3000F05B
:1011F800E3FBB0F57A7FA8BF4FF47A7020EAE0707D
:1012080008BD10B5044600F0E0FB04F1140000F03E
:10121800DCFB04F1280000F0D8FB04F13C0000F0EE
:10122800D4FB04F1500000F0D0FB04F1640000F09E
:10123800D8FB04F1780000F0D4FB94F8B93013B16E
:10124800013B84F8B93010BD7F2807D0002807DAA1
:1012580010F1800F06D04042C0B27047002070479E
:10126800012070477F20704710B1404240B270475C
:101278007F2070477F280FD010F1310F0EDA10F160
:10128800780F0DDB7830FE2340B2584323304623D5
:10129800B0FBF3F0C0B27047FF207047FE207047E4
:1012A800002070477F2805D031B1002806DA404277
:1012B800C0B27047FF207047FE207047002070477B
:1012C8007F2811D010F1310F10DA10F1780F10DBF0
:1012D800783040F2A96340B2584323304623B0FB2C
:1012E800F3F0AC3080B270470020704740F2557080
:1012F8007047AC20704763289FBF40F2A9635843EA
:10130800323064239DBFB0FBF3F0AC3080B240F2C2
:10131800557070474FF4F063A0F58060584340F271
:10132800FF7390FBF3F000F5787080B27047FFF719
:10133800F1BF4FF49663A0F58060584340F2FF7305
:1013480090FBF3F000F2DC5080B27047A0F58060AB
:10135800D0EB001048BF033040F38F0070470328DC
:1013680012DD0C2812DD0F2812DD122812DD1628D6
:1013780012DD192812DD1C2812DD1F2812DD212894
:10138800CCBFFF200620704700207047012070471F
:1013980002207047082070470320704707207047D5
:1013A800042070470520704705289ABF014B185C38
:1013B800FF2070478EBE00087F281ABF4042C0B287
:1013C800002070477F2811D010F1320F10DA8842C0
:1013D80010DD401A6423C1F1FF21584301F57F0154
:1013E800CE31313090FBF1F0C0B27047FF2070472A
:1013F8006420704700207047014B4840185C7047D4
:1014080094BE000852B110B4054C0A4411F8013BCF
:1014180058408A42205CF9D110BC7047704700BF21
:1014280094BE0008002805DB212805DC044B33F8AE
:1014380010007047002070474FF4FA60704700BFF3
:10144800BEBF0008392808D822280ED9094B2338EE
:10145800C0B2C34003F0010070475F2807D061386D
:1014680019288CBF002001207047002070470120F8
:10147800704700BF01EC7F00F8B50246451E461DC7
:1014880000245F2715F8010FFF2804BF0134E4B2D8
:10149800FFF7D8FF00B92F70AE42F3D1062C04D164
:1014A80019B10B6813608B88938000239371F8BD82
:1014B8002DE9F843DFF83490471E441D0125002626
:1014C8004FF0280817F8011F08480AF0D4FA034615
:1014D80010B1A0EB0903DBB2A3FB05329E19A742AA
:1014E800A5FB0853EED13046BDE8F88394BF000849
:1014F80010B54179A1F13000C3B2092B07D80523F3
:10150800B0FBF3F303EB8303C01AC0B210BD044C65
:1015180020460AF0B0FA0028F1D0001BC0B2EEE76E
:1015280094BF000870B50446FEF70CFE02B2002313
:10153800551E18B2A84204FA83F104DA265C302E4C
:1015480003F10103F5D0121A01322046BDE87040BC
:101558000AF0BEBA2DE9F047432B28BF432396B0C3
:101568000C46154600211A46984607460AF0CAFA5C
:101578000021412205A804910AF0C4FADFF87C9002
:10158800DFF87CA004EB4505AC4210D104A8FEF7B7
:10159800D9FD28B100F158036B44002203F8492C07
:1015A80004A938460AF050FA16B0BDE8F08734F9B5
:1015B800020B47F6FF739842E8D0002812DC514628
:1015C80068460AF041FA04A8FEF7BCFD06466846DC
:1015D800FEF7B8FD0644B045D6D3694604A80AF01C
:1015E8003BFAD1E7694680B208F008FA6846FFF787
:1015F80099FF494668460AF02FFAE4E745BE000815
:1016080040BE0008F0B589B06D4600242F468E1CF8
:10161800E1B28A4204D83946FFF79CFF09B0F0BD11
:1016280036F8241025F8021B0134F1E742F2107352
:101638006421B0FBF3F203FB1200B0FBF1F301FBF2
:10164800130000EB023000EB831080B2704770B5D6
:101658000E460021054614460AF054FA00239AB2B1
:10166800944200D870BDF25C002AFBD0EA540133E2
:10167800F5E70000072914D8DFE801F00407090B93
:101688000D0F11110849FFF7E2BF0849FBE70849A8
:10169800F9E70849F7E70849F5E70849F3E708498A
:1016A800F1E70849EFE700BF4ABE00084FBE00084F
:1016B80054BE000859BE00085EBE000863BE00089C
:1016C80068BE00086DBE0008052911D8DFE801F0E2
:1016D8000306080A0C0E0749FFF7B9BF0649FBE7DE
:1016E8000649F9E70649F7E70649F5E70649F3E742
:1016F8000649F1E76FBE000874BE000879BE00080D
:101708007EBE000883BE000887BE00086DBE0008C4
:1017180070B50E4614460021013205460AF0F2F96A
:1017280000239AB2944200D870BDF25C002AFBD024
:10173800EA540133F5E77D23438043F2390309B2C4
:10174800C360002301808180C3800372704700005A
:1017580002680449044B01FB023323F00043036091
:10176800180C7047FD430300C39E2600F0B5002502
:1017780097B00160858004465622294668460AF0DB
:10178800C1F90126627CAA4209D80023802104F10C
:10179800B400237417B0BDE8F0400AF0B3B920468E
:1017A800FFF7D6FFE7797B1B002190FBF3F202FBE2
:1017B8001300C0B2EC460A46CBB29F421DD80023A4
:1017C800227B9A42DED0A279033A012A04EB050172
:1017D80005D925B191F91120D2B9012BD2D98B7431
:1017E800A26852F82310583304EB85026B44013584
:1017F800516303F8586CEDB2C4E71CF801EBBEF175
:10180800000F03D18242DBD00132D2B20131D3E7DB
:10181800501E8342E3DB01329342E0DCB2E72DE95C
:10182800F047154696B0013D0160027104464371C8
:10183800EDB25622002168460AF064F90027022D0D
:1018480084BF4FF0010900253E464FF0010A94F885
:1018580007809CBF4FF00309B8FBF9F8627CB242DD
:1018680009D80023802104F1B400237416B0BDE820
:10187800F0470AF047B92046FFF76AFFA8EB0603CE
:10188800002190FBF3F202FB1300C0B2EC460A46BB
:10189800CBB2984506D91CF801EBBEF1000F22D156
:1018A80082421ED1434528BF4346227B03FB095190
:1018B80001F0FF018A42D1D016B1B7B9012BCDD9B9
:1018C800A2191F469174A26852F8211004EB8602EF
:1018D8000136516303F158026A44F6B202F858AC73
:1018E800BCE70132D2B20131D2E77A1E9342E7DB7C
:1018F8007A1C9342E4DCB1E70023C0E90133C360FA
:1019080003747047F0B5047C0360012C11D9446856
:101918008568C668141B4FF47A774D1B7C4305FB1A
:1019280016442B4494FBF3F33344C360C0E901210C
:10193800F0BD1CB9C46001230374F7E743684FF492
:101948007A74D31A634384680C1B93FBF4F3C36063
:101958000223F1E72DE9F041044610461D461646DC
:101968008846FFF79BF8074606EB0800FFF796F84E
:1019780001463846FFF79EF9656020602846FFF764
:1019880091F8A060BDE8F08110B504464068FFF703
:1019980089F8A06010BD38B5856804460846FFF789
:1019A80081F82946FEF7C8FF2168FFF7CFF82946D6
:1019B800FEF7C4FFA06038BD08B54FF07C518068C1
:1019C800FEF7BCFFFFF788FA08BDD0E901236421C0
:1019D800D31AC36082604B43418AB3FBF1F30374AB
:1019E8007047D0E90123D31AC0E90223704743683E
:1019F8002BB1C26864214A43B2FBF3F2D3B2037439
:101A08000023C360436070470023C0E9023341826A
:101A18004360037470474368013343607047007C38
:101A2800704743680B44436070470000072800D99B
:101A3800FEE7014B185C704738C00008052800D93C
:101A4800FEE7014B185C704740C0000870477047BC
:101A58000020704700207047002070477047002022
:101A680070470020704770474FF0B04382B0DA6C7F
:101A78000243DA64DB6C03400193019B02B07047B8
:101A88004FF0B04382B09A6D02439A659B6D034054
:101A98000193019B02B070474FF0B04382B0DA6DFA
:101AA8000243DA65DB6D03400193019B02B0704786
:101AB8004FF0B04382B01A6E02431A661B6E0340A1
:101AC8000193019B02B0704750E8003F43F0800348
:101AD80040E80032002AF7D1704750E8003F23F071
:101AE800400340E80032002AF7D1704750E8003F31
:101AF80023F0800340E80032002AF7D17047000045
:101B08000288044B5140C9B233F8113083EA1223DA
:101B180003807047F0D800089AB110B4B0F800C03C
:101B2800084C0A4411F8013B83EA0C03DBB29142EA
:101B380034F8133083EA1C2CA0F800C0F2D110BC92
:101B480070477047F0D8000837B54FF6FF73044662
:101B5800ADF806304518AC4203D1BDF8060003B015
:101B680030BD14F8011B0DF10600FFF7C9FFF2E7BD
:101B78001629A8BF16216FF008008142B8BF014698
:101B88001170197070470000044B1888044B1B88AB
:101B980080B29BB2C01A18BF01207047A628002047
:101BA800A4280020044A00231380044A1380044A0E
:101BB8001380044A13807047A4280020A628002018
:101BC800A82C0020AA2C0020002070470278024B85
:101BD80051405B5C03707047D4C40008FF23037056
:101BE800704700BF704770B50B7803704B7843702F
:101BF8000B78FD2B05460C4638D18B788370CB7853
:101C0800C3700B7903714B7943718B7983718B683E
:101C1800C3718B68C3F30F2303728B7A43720A264E
:101C2800627804F10C01A81909F032FF6378B4F85E
:101C38000C213344981CEA545A1CB4F80C1192B283
:101C4800090AA954A278D20780B20ED504F5887281
:101C5800054404F58E7452F8041B45F8041BA2428F
:101C6800F9D112782A700F3398B270BD00238B70A7
:101C78000B7983704B79C3708B7903718B684371CF
:101C88000626CDE708B52C220348002109F03AFFC3
:101C9800024B00221A7008BD9C0500204803002052
:101CA8002DE9F0411378037092F8018080F80180E3
:101CB800FD2B04460F46154654D193788370D3788C
:101CC800C3701379037153794371937983716B7A74
:101CD800127A1B0403EB0223EA79134423F07F43AF
:101CE8000A26A26863F31702A260A919424604F102
:101CF8000C0009F0CDFE7A7B904507D208F10C0064
:101D0800A2EB08020021204409F0FCFE63781E447F
:101D1800AB195A78AB5D03EB0223A4F80C31A37816
:101D2800DB070ED5023615FA86F304F5887203F13F
:101D38000C0153F8040B42F8040B8B42F9D11B78C1
:101D48001370BB7A84F82131FB7A84F822313B7B0B
:101D580084F823317B7B84F824313B7884F8203164
:101D6800BDE8F0810023438093780371D3784371F1
:101D78001379837153790626B3E7000070B50F4CC9
:101D88000F4D0646062204F10A0105F58970FFF792
:101D9800BFFC237CC3F30302C3F3031385F81A3192
:101DA800637C85F81921C3F3030385F81B31637A33
:101DB800DB0744BF0223337370BD00BF8D1E0020B4
:101DC800C400002070B50446BDF81450E270242009
:101DD800237122461B0A2070637158202B0AA170B8
:101DE8006070A57102F8073F049B59198B420CD10A
:101DF8006A1D92B2E11C0020FFF704FB05F10806FA
:101E0800A05505F1090080B270BD13F8010B02F866
:101E1800010FEBE70A4A0B4B12680B49A3FB02328E
:101E28003220920C00FB02F2084B486802F5FA7265
:101E3800A3FB023292094B681B1A9A42FBD87047DF
:101E48003C00002083DE1B43001000E0D34D6210ED
:101E580002780A4B90F801C08178D243D2B29A5CDA
:101E680082EA0C0290F803C09A5C4A40995C0279B5
:101E780081EA0C01595C4A40985C7047D4C4000858
:101E8800F8B53C29BDF81C50044635D0A1F121060F
:101E9800714271414900D00748BF41F00801E37021
:101EA80092074FEA13234FF0240248BF41F0100174
:101EB800227023716F222B0AA61C6270A170A37175
:101EC80065713046FFF7C4FF2246069B02F8070FEC
:101ED80059198B4212D1A91D89B23046FFF734FE39
:101EE80005F1080705F109039BB2E055000AE05423
:101EF80005F10A0080B2F8BD0121CCE713F8010B07
:101F080002F8010FE5E70000074B084A5B6A02F593
:101F1800006353E8003F43F0200302F5006040E807
:101F280000310029F3D170470038014000300140EA
:101F38002DE9F04F0C465188B1F58C7F85B00546E8
:101F480011D300211170D91CC9B2012995BF0121F3
:101F58000023518053809CBF2370117000232B7085
:101F680005B0BDE8F08F10780E2800F28B8001A62E
:101F780056F820F04F1F0008B91F0008E11F00089D
:101F8800FB1F00088D2000088D2000088D20000808
:101F98008D2000088D2000088D2000088D20000865
:101FA8008D2000088D2000088D2000080D200008D5
:101FB800481C508063542178FD299BB206D10C330C
:101FC8000A21D380918002231370C7E708330621C2
:101FD800D38091800E23F7E7481C50806354D807BC
:101FE80042BFD1880D31D180012B8CBF0023032340
:101FF800EAE7002B01F101005080635414BF00236D
:102008000E23E1E7481C508063545388D1888B42E3
:1020180032D300235380137002232B7069802378F6
:10202800FD2B35D163792B72A3796B72637A227A8F
:102038001B0403EB0223E27913446B60637803F11A
:102048000C026A80A278D10701D519336B8000266B
:102058006968DFF8F0806E8140F285120C20B318B1
:1020680001335B0800FB03F758F80770B94218D230
:102078005A1EB242F3D816E092889A423FF66EAFE3
:1020880001236CE70023137053809380D38066E7A5
:10209800E3782B7223796B7263796B60637808330A
:1020A800D4E71E46E5D80C27774358F807309942FD
:1020B80027D123782046FD2B10F801BF0CBF4FF025
:1020C8000A094FF0060909EB0B03591E89B2474468
:1020D8000193FFF739FD97F804A0ADF80E005146BB
:1020E8000DF10E00FFF70CFD019BE218E35C52783E
:1020F80003EB0223BDF80E209BB29A4203D00523BE
:102108002DE703232BE7BB79DA0706D5FA79934540
:1021180082BF04EB09018A5CAA729B0709D50C23CC
:1021280003FB068362781B7A9A4282BF4C44E35CC5
:10213800EB720C2303FB068385F80CA05B796B73A9
:102148000EE700BFD4C50008F0B50546FD2305F825
:102158000C3B85B004468DF8043090F8243103F127
:102168000C020244012B42D80026637066808DF869
:1021780005308B7A23718DF808308B7AADF80660BC
:1021880001338B7263798DF80930A3798DF80A30A1
:10219800A368C3F317031A128DF80B3009211B1417
:1021A8000DF105008DF80D308DF80C20FFF7CCFCF3
:1021B8006778ADF802003A4629460DF10200FFF7AC
:1021C800ABFC94F82311FFF79BFC94F82421BDF88D
:1021D8000230A4F80C31974210D207F10C00D21B40
:1021E8003146204405B0BDE8F04009F08BBC12F838
:1021F800010D0028B8D1013BDBB2B3E705B0F0BD53
:10220800044AD2F8903023F40043C2F89030FFF724
:1022180001BE00BF0004005808B5FFF7FBFD044AE3
:10222800D2F8903043F40043C2F8903008BD00BFA4
:102238000004005807B503688DF807101B690122D0
:102248000DF10701984703B05DF804FB70B504462B
:1022580008460D46FDF776FF236882B229462046D8
:102268001B69BDE870401847B0F1904F02D10120BA
:10227800FFF7FABB084B984205D003F580639842F4
:1022880003D10420F4E70220F2E7044B984201D17D
:102298008020EDE7704700BF00040048001C00489C
:1022A8000C4B984203D14FF40060FFF701BCB0F12A
:1022B800804F05D0084B984205D14FF40030F4E721
:1022C8000120FFF7DDBB054B984202D14FF4802077
:1022D800EBE77047002C01400044014000480140F2
:1022E8002DE9F04387B00E46054614460021142216
:1022F80001A89DF838809DF83C901F4609F002FC23
:1023080000960B2C07D8DFE804F007070A1214140C
:10231800141616161A1CFEE70323019301E0022384
:102328000493032F11D8DFE807F0111321110123BB
:10233800F6E70123F1E7012301930393F1E7022371
:10234800EBE7022301930123F7E7FEE70223029359
:10235800B8F1100F0CD8DFE808F02D2D0C1113156B
:1023680017191B1D1F21232527292B000123EEE701
:10237800FEE701230593022301931EE00223F9E7F8
:102388000323F7E70423F5E70523F3E70623F1E73B
:102398000723EFE70823EDE70923EBE70A23E9E73B
:1023A8000B23E7E70C23E5E70D23E3E70E23E1E73B
:1023B8000F23DFE7B8F1000FDDD1B9F1000F02D02C
:1023C8002846FFF751FF053C042C05D8DFE804F048
:1023D800030B04030B00AE626946284608F008FEAA
:1023E80007B0BDE8F083AE61F6E713B54FF0010C16
:1023F8000024CDE9004CFFF773FF02B010BD0000C8
:1024080030B587B0002315460446ADF80630FFF70F
:1024180047FF042D04D8DFE805F02E3204363F00CC
:10242800FEE71E4B1E4A1B68B3FBF2F39BB2002269
:10243800CDE90221013B01A92046ADF80430049200
:10244800059209F0A9F8236823F080032360A368A4
:1024580023F4A03323F00703A360636823F0700319
:102468006360636823F470036360A36823F08003E8
:10247800A36007B030BD094B0A4A1B68D4E7074B75
:10248800094A1B68D0E7054B064A1B68B3FBF2F301
:1024980003EB83035B00C9E70123C8E73C00002086
:1024A80080A8120140420F0000127A0010B50446BD
:1024B800FFF7A6FF236843F00103236010BD002245
:1024C8004FF0FF31FFF7F2BF204B10B5204C5B688F
:1024D800236007F0F3FE4FF0904008F04BFD1D48D5
:1024E80008F048FD1C4808F045FD1C4809F0E2F9D1
:1024F8001B4809F0DFF91B4808F0F0FF08F02EFF31
:102508004FF0E02200234FF0B04113615361936113
:102518008A6822F0030242F001028A6072B64FF024
:10252800FF319A0002F1604202F561420133082B43
:10253800C2F88010C2F88011F3D162B6034B1B6851
:1025480083F3088823689847FEE700BF0000FF1F51
:1025580044030020000400480008004800380140F7
:1025680000440040003001400749084A881AEFF348
:102578000883521A1A44013A013B984288BF002244
:10258800AA2109F0BFBA00BF000001200004000022
:10259800044B5A69586910F0020018BFC2F3800052
:1025A800704700BF000400584FF0B042D2F8943092
:1025B80043F40043C2F894304FF47A7300BF013BF0
:1025C8009BB2002BFAD14FF0B043D3F8942022F4F9
:1025D8000042C3F89420D3F894205204FBD40C4B47
:1025E800D3F8902022F40042C3F890204FF47A7276
:1025F80000BF013A92B2002AFAD1D3F8902042F4EF
:102608000042C3F890204FF400629A61704700BFFF
:102618000004005810B50323052220214FF09040F4
:10262800FFF7E3FEBDE810400323052210214FF019
:102638009040FFF7DABE08B5FFF7AAFF003818BFC9
:10264800012008BD08B5FFF7F6FF00B908BD00BFB7
:10265800F9E74FF0904310229A6220229A6170475E
:102668004FF0904320229A6210229A61704700002E
:10267800024B4FF480225A60704700BF00E100E02F
:10268800064B1A6822F001021A605A6822F40032D6
:102698005A601A6842F001021A607047004400400C
:1026A800064B1A6822F001021A605A6842F4003296
:1026B8005A601A6842F001021A60704700440040EC
:1026C8000248002303220821FFF78FBE00040048B8
:1026D800034B186980F00800C0F3C000704700BFC2
:1026E8000004004810B5084C0023204605224FF48A
:1026F8008061FFF77AFE20460023BDE810400522DE
:102708002021FFF772BE00BF0004004805494B694D
:102718001A04DB4302F0806203F4806313438B6185
:10272800704700BF0004004805494B691A04DB43A1
:1027380002F4001203F0200313438B61704700BFBB
:10274800000400480C4BD3F8FC2022F08072C3F838
:10275800FC20D3F8FC2042F08072C3F8FC20A3F5DB
:102768005D431A6822F001021A601A6842F00102F9
:102778001A6000225A60704700ED00E00649074BD6
:10278800074A1B68B3FBF2F310B54C6843434A6829
:10279800121B9A42FBD310BD001000E03C00002041
:1027A80040420F001FB50223CDE9013101A80123E2
:1027B8006946039307F0ECFE00280CBF04200520AF
:1027C80005B05DF804FB014608B5012007F09AFE44
:1027D80000280CBF0420052008BD08B5FFF7E2FF5C
:1027E800031F5842584108BD08B5FFF7ECFF031F07
:1027F8005842584108BD00002DE9F047294B2A4DA1
:1028080001280E4614462949294A0FBF79277827F7
:10281800AA461D4606BF88469A46904607F026FEF9
:1028280039462846FFF7D9FF28B9002407F030FEBB
:102838002046BDE8F087002E08BF4FF4FC6407343B
:1028480024F0070405F11007B1463444AAEB050A41
:10285800A1450BD14FF011324FF0FF332846FFF757
:10286800C3FF041E18BF0124A400DFE76EB90AEBFA
:102878000703D3E90023B3F1FF3F08BFB2F1FF3FDD
:1028880006D1083709F10809E2E7D9E90023F2E798
:10289800B84505D93846FFF7A7FF0028F1D1C4E7A6
:1028A8000324C3E700C0030800C80308FFCF0308D8
:1028B800FFC7030810B507F0D9FD09487821FFF7CD
:1028C8008CFF044638B107487921FFF786FF041EBC
:1028D80018BF0124A40007F0DBFD204610BD00BF8F
:1028E80000C0030800C8030830B5084D002340F2B3
:1028F800EF749AB2914201D8042030BDA34203D0AC
:102908005A5DC2540133F4E70320F6E710C0030808
:1029180038B504460D4672B60A4601460020FFF750
:102928006BFF62B6042806D172B601202A462146FA
:10293800FFF762FF62B638BD38B5124B1C68D3F892
:102948000058B4F1113F09D1B5F1113F17D0002259
:1029580011460120BDE83840FFF74EBFB5F1113FE1
:1029680003D1002211461046F4E7FFF7A3FF04281D
:1029780004D12C4001340CBF0220012038BD0420B2
:10298800FCE700BF00C00308044B9A689107FCD518
:1029980018739A68D207FCD5187B70470000015855
:1029A80070B50C46451E8E18B44200D170BD15F89E
:1029B800010FFFF7E9FF04F8010BF5E70846114698
:1029C8001A46FFF7EDBF000070B5064E04464518DD
:1029D800A54200D170BD3078FFF7D6FF04F8010B8F
:1029E800F6E700BF3000002008461146FFF7ECBFAD
:1029F80038B504464518AC4200D138BD14F8010B6F
:102A0800FFF7C2FFF7E708461146FFF7F1BF0000DE
:102A180010B58CB02822002102A809F073F84FF0F5
:102A2800B0431C4C5A6E42F001025A665B6E03F0CA
:102A380001030193019BFFF7B7FD082208924FF4A9
:102A48008272002303924FF40072CDE90533CDE979
:102A580009330293079207234FF4E06202A9204644
:102A68000B93049208F05EFD636823F01003636023
:102A7800636823F008036360236843F0400323601E
:102A8800A3689B07FCD5237B034BFF221A700CB06D
:102A980010BD00BF00000158300000201B4B10B4CF
:102AA800DC69A00611D51A6891060ED5184819498F
:102AB8005A6A038809880133C3F30A0389B2994221
:102AC8001FBF1549D2B2CA54038010481F232206DB
:102AD800036215D503681B0612D5104B104A1988D6
:102AE800138889B29BB299420CD013880133C3F37F
:102AF8000903138013880B4A9BB2D35CDBB2836251
:102B080010BC704710BCFEF7F1BF00BF0038014091
:102B1800A6280020A4280020A4200020AA2C0020F9
:102B2800A82C0020A82800200A490B4A08B50B88C1
:102B380012880133C3F3090392B29A4207D0074AB5
:102B4800D05407480B80FEF7BFFF012008BD0020C6
:102B5800FCE700BFAA2C0020A82C0020A8280020F1
:102B68000038014038B504464518AC4200D138BD9C
:102B780014F8010BFFF7D8FFF7E708461146FFF7EF
:102B8800F1BF0000054B064A1B8810880133C3F3C8
:102B9800090380B2181A18BF01207047AA2C002018
:102BA800A82C002008B5FFF7EDFFB0FA80F0400927
:102BB80008BD0000054B064A1B8812889B1A98B26C
:102BC8001B0444BF00F5006080B27047A6280020AF
:102BD800A4280020FFF7EEBF0848094A0188138897
:102BE80089B29BB29942F9D013880133C3F30A031F
:102BF80013801388034A9BB2D05C7047A628002034
:102C0800A4280020A4200020FFF7E6BF70B588B0F4
:102C18000C460646154600212022684608F072FF39
:102C2800231E18BF01231B03CDE9023569460C2377
:102C3800034801960494059308F060FE08B070BD3F
:102C48000038014010B5064C236823F001032360C7
:102C5800FFF7DCFF236843F00103236010BD00BFCA
:102C680000380140002208461146FFF7EBBF00007C
:102C780073B5364C236823F0010323600825012629
:102C88004FF48040FEF714FF4021CDE9005630484C
:102C980003230A22FFF724FB03231A46CDE9005633
:102CA8002B488021FFF71CFB002211464FF461409E
:102CB800FFF7ACFF636823F490436360A36823F0D5
:102CC8002A03A360234BB02283F8242310225A60DE
:102CD8002046FEF70BFFFEF700FF1F4A1F4940235F
:102CE8002362002313801E4A138001F5006353E812
:102CF800003F23F0200301F5006040E80032002A7D
:102D0800F3D1184B1A80184B1A80104B5A6822F4CA
:102D180000625A609A6822F008029A605A6822F49F
:102D280080425A609A6822F022029A609A6842F4B5
:102D380080529A601A6842F001021A60DA699102B8
:102D4800FCD5DA695202F9D502B070BD00380140ED
:102D58000004004800E100E0A82C002000300140F9
:102D6800AA2C0020A4280020A628002008B5FFF7D8
:102D78007FFFBDE80840FFF7C7B8FFF7F7BF0000BF
:102D88000E48C3691A0618D503681B0615D50C4BDF
:102D98000C4A1988138889B29BB299420BD01388C0
:102DA8000133C3F3080313801388074A9BB2D35C2B
:102DB800DBB283627047FEF799BE7047008000401F
:102DC800AE2E0020AC2E0020AC2C00200A490B4A65
:102DD80008B50B8812880133C3F3080392B29A42EC
:102DE80007D0074AD05407480B80FEF76DFE012034
:102DF80008BD0020FCE700BFAE2E0020AC2E00204E
:102E0800AC2C00200080004038B504464518AC4280
:102E180000D138BD14F8010BFFF7D8FFF7E70846D3
:102E28001146FFF7F1BF000070B588B00C460646A2
:102E3800154600211C2201A808F064FE231E18BFB5
:102E480001231B03CDE9033501A90C23034802968E
:102E58000594069308F050F908B070BD0080004052
:102E680037B5314C236823F0010301202360FEF7B6
:102E780013FE0923019000932C4803230A22022100
:102E8800FFF72EFA002211464FF4E130FFF7CCFF8E
:102E9800236823F00053236004F1080353E8003F3C
:102EA80023F0604304F1080141E80032002AF3D11D
:102EB80004F1080353E8003F23F0606304F10802BB
:102EC80042E800310029F3D1194BB02283F82623B8
:102ED80040255D601448FEF709FEFEF7FEFD154B20
:102EE80025621980144B1980636823F400636360BA
:102EF800A36823F00803A360636823F48043636036
:102F0800A36823F02203A360A36843F48053A3605B
:102F1800236843F001032360C3699A02FCD5C3699F
:102F28005B02F9D503B030BD0080004000080048BE
:102F380000E100E0AC2E0020AE2E0020FFF790BF8D
:102F4800024B1A68024B1A60704700BFD02E00204F
:102F58008C030020054A064B1968136899421DBF67
:102F68000133012013600020704700BF8C0300204C
:102F7800D02E0020034A044B11681B780B441360C1
:102F8800704700BFD02E0020400000200148FFF706
:102F980096BA00BF00440140014B586A80B270479E
:102FA8000044014008B5FFF7F1FFBDE80840FFF70E
:102FB800C7BF70B504460D46164607F057FA083DD8
:102FC80004EBC606B44204D1042407F061FA204693
:102FD80070BD55F8082FD4E900016B68994208BF05
:102FE800904201D10834EDE72046FFF7FDFB0028A9
:102FF800F8D10446E9E700001FB503788BB10A4B06
:103008001B68B3F5FA6F0CD300230022037000236A
:10301800CDE90023CDE90223406802226946FFF783
:10302800C8FF05B05DF804FBD02E002000000000AA
:103038000123F0B50380444B444AD3E900510446C8
:103048004348914208BF854285B04FF0000202D143
:10305800227005B0F0BD3AA1D1E900013D4F626090
:10306800C3E900013C484FF0AA33D0E90021B1F18F
:10307800FF3F08BFB2F1FF3FD0E9026505D0994292
:1030880008BF9A4201D00A4309D1B5F1FF3F08BFF2
:10309800B6F1FF3F0DD09D4208BF9E4209D01030C7
:1030A800B842E2D172B67A212B48FFF796FB62B696
:1030B80029486060D0E90032CDE90032B2F1FF3F23
:1030C80008BFB3F1FF3FD0E9025109D1B1F1FF3F89
:1030D80008BFB5F1FF3F22D14FF0AA331A4623E0CB
:1030E8004FF0AA36B24208BFB3420BD1B1F1FF3F4D
:1030F80008BFB5F1FF3F0FD0B14208BFB5420ED1AE
:103108000023EBE753EA020709D1B14208BFB542F1
:1031180005D14FF4807121801D46114604E000233B
:1031280023701A461D461946CDE90032CDE90251F1
:1031380002226946FFF73DFF8BE700BFAFF300802F
:1031480012345678FEDCBA9020000020FEDCBA90DB
:103158001234567800D8030800D003084FF0804393
:103168001A6991070AD56FF002021A615A6B643224
:10317800DA63084A596B12880A445A634FF080434D
:103188001A69120705D56FF008021A61024B01226D
:103198001A70704764000020890300200A490B88D0
:1031A80003B9FEE772B64FF0804309885A6A1144A2
:1031B80064325963DA636FF002021A616FF0080231
:1031C8001A6162B6704700BF6400002000B5032290
:1031D80089B04FF0FF314FF08040FFF767F92022A8
:1031E8000021684608F08EFC64236A4601214FF0EE
:1031F8008040039308F00AFAC8236A464FF48071A6
:103208004FF08040039308F001FA054BA02283F8A1
:103218001B234FF000621A6009B05DF804FB00BF81
:1032280000E100E04FF08043DA6842F00202DA6021
:10323800DA6842F00802DA607047000010B501EB66
:103248008101084B01EB810189001980064B044676
:1032580000221A70FFF7BAFF2046BDE81040FFF7BA
:10326800E1BF00BF6400002089030020F8B51C4CB2
:103278001C4FC0220021201D08F044FC16230625FF
:1032880063800F23A3802A4643233946601925808B
:10329800FEF7B8F90123C4E913333F230226A4F843
:1032A80054302A464323394604F15600A4F84A60AC
:1032B800FEF7A8F90C4BC4F89C300C49A4F89A60A6
:1032C800002304F1AC00C4E9293384F8A03008F0E5
:1032D800BBFB7F2384F8C130052384F8C230F8BDD6
:1032E8008002002090C400080700010094C0000874
:1032F80070B5094E05460C46415C304608F0BBFBEC
:10330800034628B1831B0133DBB2282B28BF0023D7
:10331800F35C2B5570BD00BFA8C4000870B50C46FF
:103328001146064608F090FB44B1002505213046B9
:103338000135FFF7DDFFEBB29C42F7D870BD000006
:10334800F7B5054605F11106214C224A014636011A
:103358006846FFF7E3FFB01C6946204408F074FB99
:10336800264404EB0512002302277772A2F81A31CB
:10337800142202FB05400421012280F850104FF46A
:10338800807540F20111A0F84A70C264A0F852207A
:1033980080F85520A0F85650A0F8581040F20320A5
:1033A80084F83430E784A562A08584F82E2084F858
:1033B800303084F83330C4F83A30C4F83E30C4F8BA
:1033C8004230A4F84610A4F8481003B0F0BD00BF7E
:1033D800C400002046C00008F7B50546B14CB24A03
:1033E80005F11106014637016846FFF797FFB81C3B
:1033F800274469462044FEF73FF87B7AAB4A072BFF
:1034080088BF022304EB061088BF7B721188437AB9
:1034180041FA03F3DF070FD40223437261B148076F
:10342800C1F3800308D441FA03F7FF07D8B240F18B
:10343800D88104EB0613587204EB05112B0191F89F
:103448001A01052802D9002081F81A01E7185088C6
:1034580097F81A1140FA01F1C90711D4012187F828
:103468001A1168B18707C0F3400109D440FA01FC7A
:103478001CF0010FCFB200F0B981E11881F81A7180
:10348800E11891F81B01032802D9002081F81B01DB
:1034980004EB0616717A012903D9042901D0002109
:1034A8009180E618908896F81B1140FA01F111F006
:1034B80001010ED186F81B1158B110F0010108D195
:1034C80040FA01F7FF07CEB240F19581234483F813
:1034D8001B61142303FB054191F84A00052802D912
:1034E800022081F84A0003FB054393F84B10042996
:1034F80002D9002183F84B10142303FB0543B2F8CB
:103508004A1093F84B0041FA00F0C00712D401208A
:1035180083F84B0071B18807C1F340030AD441FA1C
:1035280003F6F707D8B240F16B81142303FB054378
:1035380083F84B00142303FB054393F84C1003292D
:1035480002D9012183F84C10142000FB0540B2F881
:103558004C1090F84C3041FA03F313F0010310D1EA
:1035680080F84C3069B111F001030AD141FA03F631
:10357800F607D8B240F14981142303FB054383F8C9
:103588004C00142303FB054393F84E10012902D97C
:10359800002183F84E10142000FB0540B2F84E10AD
:1035A80090F84E3041FA03F313F0010310D180F87C
:1035B8004E3069B111F001030AD141FA03F6F70759
:1035C800D8B240F12781142303FB054383F84E004A
:1035D800142303FB054393F84F10022902D9002155
:1035E80083F84F10142000FB0540B2F8503090F8D3
:1035F8004F1043FA01F111F0010110D180F84F107A
:103608006BB113F001010AD143FA01F6F607C8B20B
:1036180040F10581142101FB054181F84F00142177
:1036280001FB054090F84D60022E02D9002680F873
:103638004D6001FB054191F85000052802D904208E
:1036480081F85000142101FB054090F85260012ECA
:1036580002D9012680F8526001FB054191F8550016
:10366800012802D9012081F85500142101FB0541E8
:1036780091F85300022802D9002081F8530014263B
:1036880006FB0546B2F8520096F8531040FA01F1CD
:1036980011F0010117D186F85310A0B110F0010103
:1036A80011D105E0C400002046C0000880020020B7
:1036B80040FA01F7FF07CEB240F1B680142101FBB2
:1036C800054181F85360142101FB054090F85660CC
:1036D8000C2E02D9002680F8566001FB054191F8AE
:1036E8004C00012809D191F84F60022E05D1DF075F
:1036F80040F19F80002381F84F30142303FB0543DA
:10370800012183F8571040F20111A3F8581094F8DA
:103718002630052B02D9022384F8263094F8273066
:10372800042B02D9002384F82730B2F89A0094F8C1
:10373800273040FA03F313F0010F8A4B0ED1012111
:1037480084F8271050B18607C0F3400106D440FA28
:1037580001F7FF07CEB271D583F8276094F82810D7
:10376800022902D9002184F8281094F82910022986
:1037780002D9012184F82910B2F89C1094F8292064
:1037880041FA02F212F001020CD184F8292049B161
:1037980011F0010206D141FA02F6F607D0B251D56E
:1037A80083F8290094F82A200C2A02D9002284F8E8
:1037B8002A2093F832200C2A02D9002283F83220DA
:1037C80093F82B20042A02D9002283F82B20002208
:1037D8006549104611F9014F14F1780F36DA08706F
:1037E80036E00133102B7FF41EAE25E60131102997
:1037F8007FF43CAE44E6013110297FF461AE68E6FF
:103808000133102B7FF48BAE94E60133102B7FF439
:10381800ADAEB6E60133102B7FF4CFAED8E601315A
:1038280010297FF4F1AEFAE6013110297FF440AF98
:1038380049E713F0020318BF03465CE7013110297A
:1038480085D18BE70132102AA5D1ABE7782CC6DCED
:103858000132D2B20C2ABDD144490022012011F80C
:10386800014F0132022CD2B288BF0870042AF6D167
:1038780093F83420012A02D9002283F834203C4AE4
:10388800B2F89E1093F8342041FA02F212F00102C5
:103898000CD183F8342049B111F0010206D141FA64
:1038A80002F4E407D0B211D583F8340093F82C2041
:1038B800052A02D9032283F82C2093F82D20032A05
:1038C80008D80AD1002283F8342006E00132102AF1
:1038D800E5D1EBE7022283F82D2093F82E20022A67
:1038E80002D9012283F82E2093F83020022A02D927
:1038F800002283F8302093F833200C2A02D90022C2
:1039080083F8332093F83520042A02D9002283F85B
:103918003520142202FB053191F85A00012802D9FA
:10392800002081F85A0002FB0532FF2103EB051540
:103938004FF6FF7082F8511082F8541083F82F1058
:1039480083F831104FF0FF31C5F81C11A5F820019C
:103958001962998482F85B00A2F85C10D9861987ED
:1039680003B0F0BDC4000020FD00002009010020C4
:1039780080020020034670B50846052B04D8DFE80E
:1039880003F01D0421191D21FEE720261F250F2203
:10399800174CA3702277013B0122A4F84860A4F8D1
:1039A8004A50A276A273042B10D8DFE803F010184F
:1039B8001B1B180009266F250722E9E71426322564
:1039C8000A22E5E7352613251922E1E7FEE7002359
:1039D80023712374FEF72AF86073607670BD227134
:1039E8002274F7E7002323712374A376A373F1E706
:1039F80068000020044B012283F85120A3F85220CC
:103A0800A3F85420704700BF680000202DE9F04358
:103A1800774D784C00F1110805EB081702378BB089
:103A280006463846FDF744FD4FEA06190090042182
:103A3800684605EB0616FEF787F896F81B31E08313
:103A48002BB103EB031303EB03231844E08305EBCB
:103A580008135B7A062B40F0A880E38B03F5B54387
:103A68002533E38305EB081895F82700FFF7C2FF15
:103A780098F8091061708B1FA944012B8CBF002393
:103A8800012399F81A0184F85630FFF773FF99F863
:103A98001B21E18B009BE1806182A36063612AB1F5
:103AA8004FF0113000FB0233A360636195F82600E4
:103AB800514B616213F9203023732376002384F875
:103AC8002A30637B84F8292023B93846FDF710FD96
:103AD80084F82A006078FDF7A9FF484A84F828008E
:103AE800128802F00101970748BF41F00201A18541
:103AF800560742BFA18D41F00401A1850346100776
:103B080042BFA18D41F01001A185D10642BFA18D10
:103B180041F02001A185920642BFA28D42F0080221
:103B2800A285374A01AE02F1200C10685168374669
:103B380003C7083262453E46F7D110683860A2785C
:103B4800304E06210AA801FB0303134413F8247C12
:103B580084F8207016E90F0086E80F0040F2E2436F
:103B68003846A4F84C30FCF79DFF4FF07F51FCF726
:103B7800EDFFFDF7D7F97F08B4F84820052F4FF47B
:103B88007A73B3FBF2F3A4F8403095F82C30C0B246
:103B980038BF0527A4F84E0084F85070052B1AD8B2
:103BA800DFE803F00B2216191C1F072B7FF45AAF0E
:103BB800E38BA3F5B543263B53E74FF416536364F1
:103BC800002384F85730A4F858300BB0BDE8F083D0
:103BD8004FF41643F3E74FF46143F0E74FF4E13352
:103BE800EDE74FF46133EAE74FF49643E7E700BFA8
:103BF800C40000206800002090C400088002002053
:103C0800FCBD00089800002002484FF4DE72FF2136
:103C180007F078BFC400002002484FF4DE71FEF7B9
:103C280077BE00BFC400002002484FF4DE71FEF7E3
:103C38005BBE00BFC400002008B5FFF7F5FF034BCB
:103C48001878BDE80840FFF7C7BB00BF6800002030
:103C580038B5FFF7D9FFFEF76FFE04280CD0FFF741
:103C6800D3FFFEF769FE042803D1FFF7DDFF042820
:103C780006D0FFF7C9FF03E0FFF7D6FF0428EED10F
:103C880026492748264C102207F010FF38B125494D
:103C98001022204607F00AFF08B1FFF7B5FFA38AF4
:103CA800B3F5215F28D008D30025E8B20135FFF726
:103CB80047FB0A2DF9D10023E3774FF42153A38260
:103CC800012522691549164842F6A1039A424FF088
:103CD80010021CBF2361012507F0E8FE70B10F49EF
:103CE8000F481022FDF7B3FC0F4910480822FDF7D2
:103CF800AEFCFFF791FF03E00025E2E7002DF8D1C5
:103D08000023E3770A4C2370FFF7B0FA2078FFF717
:103D180063FB2078BDE83840FFF778BE4DC0000847
:103D2800C40000205EC000086FC0000876020020B2
:103D3800680000200129F7B5054600D9FEE70B4EBB
:103D480006EB01131C460F016278F15D03619B7855
:103D580005F0F6FFE3790193A3790093227963795B
:103D6800E178284606F013F803B0F0BD10DB000830
:103D780038B5836804466BB1024652F8183BDD69D2
:103D880000F11903A847217E20460222BDE83840E9
:103D980006F05FB838BD000070B58160897A86B0DA
:103DA800044601B1012105F0A4FF204606F023F9DD
:103DB800204606F0FBF8217BFF2903D0FA22204693
:103DC80006F000F9A3685B7A013B042B04D8DFE80E
:103DD80003F0043E3E414100FEE7E922E12120468E
:103DE80006F02EF90121204606F0BDF8962120465E
:103DF80006F0FAF83821204606F00CF9204606F0BD
:103E080011F9A368204693F90810FFF7B1FFA368DA
:103E18009D7A15B319782046FFF78CFF00221146CA
:103E2800204605F080FF0023009340F2032220463D
:103E38004FF6FF7105F0DAFF20464FF6FF7105F0E7
:103E4800FCFF204606B0BDE8704006F09CB8DB22B7
:103E5800D721C4E76F226B21C1E75E880E4B6361EF
:103E68004CF25033009320460C4919230B2206F0DC
:103E7800F7F80123CDE903335B23CDE90153102380
:103E8800194620460095042206F028F931462046B6
:103E980006F048F9C2E700BFF0DA0008A086010082
:103EA80010B5044606F06FF820464FF6FF71BDE8DE
:103EB800104005F0C2BF000038B58168036891F969
:103EC8000810DD69044600F1190300F11802A8473B
:103ED800A3689A7A42B11A78012A00D9FEE7044BFE
:103EE80003EB0213236138BD024B6361FBE700BF9C
:103EF80010DB0008F0DA0008836810B5044683B1C7
:103F080003691BB943690BB9FFF7D6FFA3689B7A0E
:103F18001BB12369B3F90C0010BD6369B3F91C0028
:103F2800FAE71846F8E7836810B5044643B1036911
:103F38001BB943690BB9FFF7BFFF94F9190010BD0E
:103F48001846FCE708B5836843B9FFF725FF7D20CD
:103F5800FEF714FCBDE80840FEF78ABB08BD000068
:103F680090F8D43053B190F8D520074B03EBC20139
:103F780053F83230497953F821007047037C00EB3D
:103F88008300406B704700BF60C4000813B5184B2E
:103F98000288DB8B9A42044626D18378DB0625D437
:103FA8008379812B22D84FF6FF730D2201460DF13C
:103FB8000600ADF80630FDF7AFFDB4F80D20BDF8EA
:103FC80006309A420ED14C2204F10D01FDF7A4FDF2
:103FD800B4F85900BDF80630C01A18BF0120800097
:103FE80002B010BD0320FBE70120F9E70220F7E744
:103FF800680000200A7ACB7902F0070243EA02231C
:1040080003804B7A0A7A03F03F035B0143EAD20349
:1040180043808B7A4A7A9B0043EA9213CA7A02F069
:10402800010243EA822383800B7BCA7A03F00F03E1
:10403800DB0143EA5203C3800B7BC3F30112012A5D
:1040480011D813F0300F14BF012300239B02038300
:104058000B7B7F2B0AD813F0C00F14BF012300235A
:104068009B024383704740F2FF73F0E740F2FF730F
:10407800F7E70A7ACB7902F0070243EA02230380C2
:104088004B7A0A7A03F03F035B0143EAD203438089
:104098008B7A4A7A9B0043EA9213CA7A02F00102A9
:1040A80043EA822383800B7BCA7A03F00F03DB0188
:1040B80043EA5203C3800A7CCB7B02F0070243EA3F
:1040C800022303814B7C0A7C03F03F035B0143EA34
:1040D800D20343818B7C4A7C9B0043EA9213CA7CBF
:1040E80002F0010243EA822383810B7DCA7C03F03C
:1040F8000F03DB0143EA5203C3814B7DDB000382DC
:104108008B7DDB004382CB7DDB0083820B7EDB0073
:10411800C3820B7BC3F30112012A2BD813F0300F93
:1041280014BF012300239B0203830B7B7F2B24D81E
:1041380013F0C00F14BF012300239B0243830B7DA0
:10414800C3F30112012A1BD813F0300F14BF012347
:1041580000239B0283830B7D7F2B14D813F0C00FA1
:1041680014BF012300239B02C3834FF4806303849D
:104178004384704740F2FF73D6E740F2FF73DDE7F0
:1041880040F2FF73E6E740F2FF73EDE737B52E4BD9
:10419800DB8B03804A78837862F3C30383704A79A0
:1041A800C37862F38203C3708A79837962F3000368
:1041B8008371044691F902000D46FDF745F8E3784E
:1041C80000F01F0203F0070343EAC203E3702379F8
:1041D800C0F3411023F0030303432371EA78DBB2F1
:1041E80002F03F0203F0030343EA82032371EA78F3
:1041F8006379C2F3801223F00103134363712A79B0
:1042080062F3470363716A7AA37802F0030203F04A
:104218003F0343EA8213A3706A7AE378C2F3800209
:1042280023F001031343E37059224FF6FF7321462D
:104238000DF10600ADF80630FDF76EFCBDF806304E
:10424800A4F8593003B030BD680000202DE9F341CF
:104258009DF820701546522F88464FF05B024FF0AC
:104268000001044628BF52271E4607F04BFC3C4B72
:10427800DB8B23802A78A37862F30203A370697822
:104288004FEA0818C90001F0080108F03008DBB24D
:1042980023F0380341EA08011943A1706A79E378E9
:1042A80062F38203E370AA79A37962F30003A3712E
:1042B80095F90200FCF7C8FFE37800F01F0203F04D
:1042C800070343EAC203E3702379C0F3411023F0E4
:1042D800030303432371EA78DBB202F03F0203F0E1
:1042E800030343EA82032371EB786279C3F38013F3
:1042F80022F001021A4362712B7963F3470262715B
:104308006A7AA37802F0030203F03F0343EA8213B8
:10431800A3706A7AE378C2F3800223F0010313439F
:10432800A279E370234667F3470203F8062F374460
:10433800BE4210D14FF6FF73592221460DF10600F7
:10434800ADF80630FDF7E8FBBDF80630A4F85930A3
:1043580002B0BDE8F08116F8012B03F8012FE7E75A
:104368006800002007B5009313460A460121FFF7AD
:104378006DFF03B05DF804FB30B53A4B027893F853
:10438800261061F30302027093F8271061F30712F5
:10439800027093F82810427861F30302427093F890
:1043A800291061F30712427093F82A10827861F39A
:1043B8000302827093F83210827961F303028271EA
:1043C80093F82B10827861F30712827093F83410F7
:1043D800C27961F30302C27193F82C10C27861F3B9
:1043E8000302C27093F82D1061F30712C27093F89C
:1043F8002E10027961F303020271427993F83010AA
:1044080061F30302427193F83310827961F3071262
:10441800827193F83510C27961F30712C27103F102
:10442800390100F10A0200F1160411F9015F02F8DE
:10443800015FA242F9D193F84610C27D61F30102EF
:10444800C27593F8471061F38302C27593F8481058
:1044580061F30512C27593F8493063F38712C27588
:1044680030BD00BFC40000200278344BC2F3030201
:1044780030B583F826200278C2F3031283F8272088
:104488004278C2F3030283F828204278C2F3031269
:1044980083F829208278C2F3030283F82A208279DC
:1044A800C2F3030283F832208278C2F3031283F83E
:1044B8002B20C279C2F3030283F83420C278C2F3F6
:1044C800030283F82C20C278C2F3031283F82D204C
:1044D8000279C2F3030283F82E204279C2F3030261
:1044E80083F830208279C2F3031283F83320C2792B
:1044F800C2F3031283F8352003F1390100F10A02EF
:1045080000F1160412F9015F01F8015FA242F9D126
:10451800C27DC2F3010283F84620C27DC2F3810244
:1045280083F84720C27DC2F3011283F84820C27D78
:10453800C2F3811283F8492030BD00BFC4000020B7
:1045480070B5522698B0324604460D4603A800219D
:1045580007F0D8FA212342F6A1008DF80C30FDF7B8
:1045680065F8ADF80E004FF42150FDF75FF81C49CF
:10457800ADF8100014220DF11200FDF768F8194883
:10458800FFF7D1FC184B8DF8260093F851308DF8C1
:1045980027300AA8FFF7F0FE4FF68073ADF84630D3
:1045A800124A134BCDE91223124B149347F6FF73AB
:1045B800ADF85430104BB3F89A208DF85620B3F864
:1045C8009C20B3F89E308DF857208DF8583000960F
:1045D80003AB2A4602212046FFF738FE18B070BD0B
:1045E80075C00008541E00206800002001000A0061
:1045F800190064009E00FF7F8002002038B5104D2E
:10460800044600F11B01062205F58970FDF780F8C4
:1046180094F82130C3F3030385F8193194F8213055
:10462800C3F3031385F81A3194F82230C3F3030354
:1046380085F81B3104F12500BDE83840FFF714BFA9
:10464800C40000200B4A0C49126882600A680261A3
:104658004A680A4942610A6882614A68C26100235D
:104668004EF6602283808371838103840260038510
:10467800704700BFD02E002083C000088CC00008FF
:1046880010B50E4CA36803B9FEE70D4A12791A70EB
:104698000021204605F016FB4FF47A70FEF76EF8FD
:1046A8002046012105F025FBA36820461978FFF76D
:1046B80041FB2046FFF7F4FB10BD00BF541E00204D
:1046C8006800002038B5174D0446A8786978052891
:1046D8001CD14FF6FF732385FFF74CF96B78012245
:1046E8009A40238D23EA020323850F490F48FFF7D9
:1046F80029FC0E48FFF7D4FB0C486FF07F01FFF749
:1047080037FB2046BDE83840FFF7BABF00232385B2
:104718000220FFF72FF96A7801239340228D134373
:104728009BB2E1E7680000206C000020541E0020C6
:1047380008B590F8203002468BB9FDF7C9FF10B9CB
:1047480082F8210008BD92F8213001335BB2312B89
:1047580082F82130F6DD012382F82030F2E7FDF7F8
:10476800B7FF18B1322382F82130EBE792F82130F5
:10477800013B5BB2002B82F82130D8BF82F82000C1
:10478800E0E700000A4B90F820201B6872B18268AD
:104798009B1AB3F57A6F01D901234371037923B9C1
:1047A800437913B101230371037370478360F5E7FD
:1047B800D02E00200346007B821E012A4FF0000203
:1047C80002D893F8201009B91A7370471046704739
:1047D8000A4A38B5138801339BB2502B04460D465C
:1047E80001D8138038BD002305491380FDF72EFD3D
:1047F80029462046FDF72AFDF4E700BF9003002074
:1048080095C000082DE9F84F154604460F466F4934
:104818006F4EFDF71BFD29462046FDF717FD6D4B32
:104828000022012F1A8010D14FF48063B362202731
:1048380046F2A810B761FDF7A1FFB762FDF79EFF2A
:1048480029462046FFF7C4FFF2E7BB1E20220C2BA7
:1048580000F2AF80DFE803F03344561D07ADADAD7D
:104868006767676767005A4E4FF020084FF4806704
:10487800C6F8188046F2A810B762FDF77FFFC6F8A1
:104888002880B761FDF77AFF29462046FFF7A0FF89
:10489800ECE74F4E4FF020084FF48067C6F81880B9
:1048A80046F2A810B761FDF769FFC6F82880B7621D
:1048B800FDF764FF29462046FFF78AFFECE7B2625E
:1048C800434E4FF4806746F2A810B761FDF756FFD4
:1048D800B762FDF753FF29462046FFF779FFF2E755
:1048E8004FF48063B3613A4E202746F2A810B761AF
:1048F800FDF744FFB762FDF741FF29462046FFF761
:1049080067FFF2E7B261324E4FF4806746F2A810B3
:10491800B761FDF733FFB762FDF730FF2946204640
:10492800FFF756FFF2E7A7F1090BDFF8A4805FFA5B
:104938008BFB00264FF0200A5E453CBF4FF4806396
:10494800C8F818304FF0040946F2A810C8F818A0A3
:10495800FDF714FFC8F828A0FDF710FF09F1FF398B
:1049680029462046FFF734FF19F0FF09ECD14FF430
:104978008063C8F828304FF0040946F2A810C8F838
:1049880018A0FDF7FBFEC8F828A0FDF7F7FE09F10F
:10499800FF3929462046FFF71BFF19F0FF09ECD124
:1049A8000136A7F10803F6B2DBB2B34238BF0026DE
:1049B800C2E74FF48063B261B3614CF25030FDF747
:1049C800DDFE29462046FFF703FFF6E795C00008FD
:1049D800000400489003002008B5437802789A4202
:1049E80013D0052B8ABF052303700370027888BF94
:1049F8004370064B064813F92210064B19731976B3
:104A0800836813B11972FFF7B3F908BD90C40008A1
:104A1800541E00206800002010B50AB9437010BD6C
:104A2800541E0B2CFBD80332D2B231F91220C83AEB
:104A380003FB022240F2716192FBF1F212B222EA08
:104A4800E2729A42C8BF1AB24270E8E70A460146C3
:104A580010B9024805F007B9704700BF541E00207E
:104A680070B50D4616461C46014688B9FDF7F1FD9E
:104A7800094833462A4605F0CFF807484FF6FF7134
:104A880005F0DBF9A1010448BDE8704005F0EEB976
:104A98000148FFF705FA70BD541E00202DE9F041CA
:104AA800194C05465B270E463A460021204607F07A
:104AB80029F8AB692360EB696360144B14491B78D0
:104AC8009A1E53425341627A63F3000262726FF096
:104AD8005E02A27228220023E27204F10E00142260
:104AE80023736373FCF7B3FD59212046FDF72CF8B7
:104AF800084BA4F859003A46214630461B7FBDE8CA
:104B0800F041FFF7ADBF00BFDB1C0020830300208E
:104B180075C000086800002037B50C4638B91A4837
:104B2800836833B9812281F8A02081F8A23003B0CC
:104B380030BD9D7ADDB101F1A2020DF1060105F04B
:104B4800CBF994F9A230002B04DABDF806201344FF
:104B5800ADF80630BDF90630002B0FDB4FF6FF73BA
:104B6800ADF80630BDF8063084F8A030DFE70DF167
:104B7800060105F0E8FA84F8A250EBE77F33F1DA92
:104B88004FF68173ECE700BF541E00200A4608B5B3
:104B980001460148FFF736FE2C00002000B591B011
:104BA8000446684616461D4606F04EFF18496846F4
:104BB80006F052FF304604F05DFF0146684606F0F5
:104BC8004BFF1449684606F047FF134B684653F8F5
:104BD8002510124D06F040FF1149684606F03CFFCB
:104BE8009DF84830684655F8231006F035FF0D4902
:104BF800684606F031FF9DF84C30684655F823109A
:104C080006F02AFF08486A462146FFF7FBFD00BF69
:104C180097C000089EC00008000000201000002077
:104C2800A3C00008AAC000082C000020024608B54E
:104C380001480021FFF7E6FD2C0000200023FF2299
:104C4800037043708370C27003717047C178034664
:104C580029B9827801710132827001207047007889
:104C680001281ED0022805D0C8B99A7818710132D7
:104C78009A70F2E798785A784240D20704D4013003
:104C8800002298701A71E8E7FF2902D100201871F4
:104C980070471A790132D2B291421A71EFD30020CB
:104CA8007047FF29F2D01A790132D2B291421A71B3
:104CB800F5D29A7801329A7000221A717047000072
:104CC8000E48C3691A0617D503681B0614D50C4B82
:104CD8000C4A1988138889B29BB299420AD0138862
:104CE8000133DBB213801388074A9BB2D35CDBB273
:104CF80083627047FCF7FABE704700BF004400406B
:104D0800A2200020A02000209F1F002009490A4A55
:104D180008B50B8812880133DBB292B29A4207D0E9
:104D2800064AD05406480B80FCF7CEFE012008BD89
:104D38000020FCE7A2200020A02000209F1F0020C8
:104D48000044004038B504464518AC4200D138BD8F
:104D580014F8010BFFF7DAFFF7E708461146FFF7EB
:104D6800F1BF000070B588B00C4606461546002114
:104D78002022684606F0C6FE231E18BF01231B0327
:104D8800CDE9023569460C2303480196049405933E
:104D980006F0B4FD08B070BD0044004010B5064CE4
:104DA800236823F001032360FFF7DCFF236843F047
:104DB8000103236010BD00BF0044004008B541B1A5
:104DC8004FF4005204484FF48061FFF7E7FFFDF706
:104DD80057FC012008BD00BFA086010008B531B10D
:104DE800002211460348FFF7D9FFFDF749FC0120CF
:104DF80008BD00BF9A5B060008B541B14FF40052E8
:104E080004484FF48061FFF7C9FFFDF749FC012012
:104E180008BD00BFA086010013B5294C236823F004
:104E2800010323604FF40030FCF72AFE0121082318
:104E3800CDE900310A22032304214FF09040FDF709
:104E48004FFA002211461F48FFF78CFF636823F4CE
:104E580090436360A36823F02A03A3601A4BC0221F
:104E680083F8252320225A602046FCF73FFEFCF7F2
:104E780034FE164A4023236200231380144A138009
:104E8800636823F400636360A36823F00803A360E6
:104E9800636823F480436360A36823F02203A3605C
:104EA800A36843F48053A360236843F0010323609D
:104EB800E3699A02FCD5E3695B02F9D502B010BD3B
:104EC80000440040A086010000E100E0A02000208E
:104ED800A220002030B51C4C85B00E2200210546CA
:104EE800684606F00FFEB4F8A030ADF80030204652
:104EF800FCF756F98DF802002046FCF748F9B4F89B
:104F0800A4308DF803001148ADF80430FFF70BF812
:104F180094F8A6308DF8073094F8A9308DF8083049
:104F2800B4F8AA30ADF80A30094B8DF806009B7822
:104F38008DF80C306946012328468DF80D3004F0B1
:104F480000F905B030BD00BF981D0020541E002098
:104F5800680000200148FEF721B900BF911D00201C
:104F6800F8B5154D0E4607465B23294630461446CC
:104F78002A46FFF76BFDD7E9041328686A689A4246
:104F880008BF884209D0002430460C49FFF7C4FD09
:104F9800002C0CBF01200320F8BD59212846FCF73E
:104FA800D3FDB5F859308342EDD114B1FFF7D2FFE4
:104FB800EAE70124E8E700BF8D1E0020981D0020C5
:104FC80013B5012104460844FCF7BEFDA178ADF8ED
:104FD80006000DF10600FCF793FDE178FCF790FD63
:104FE8002179FCF78DFD6179FCF78AFDA179FCF741
:104FF80087FD04F108010322FCF78EFD627804F1B5
:105008000C01FCF789FD94F82311FCF779FDBDF834
:105018000630A4F80C3102B010BD00000038024B75
:1050280018BF0120187070474803002070B58C46DF
:1050380052BB042B5CD89EB22BB3524991F828304E
:1050480015464A6A0333DBB2D20081F828304A6237
:1050580013E0083BDBB281F82830BCF800E0BEF56D
:10506800817F0EF1010441D24A6AACF8004022FA6D
:1050780003F300F80E3091F82830072BE9D80135F2
:10508800AAB29642DDD870BDFF2AFCD1032B54D8B2
:105098009EB2002BF7D03B4991F828304FF0000E14
:1050A8004A6A04331201DBB242F0020281F8283066
:1050B8004A6212E0083BDBB281F82830BCF80020D5
:1050C800B2F5817F02F1010511D24C6AACF80050AB
:1050D80024FA03F3835491F82830072BEAD80EF109
:1050E800010E1FFA8EF29642DAD870BDFEE7FEE78F
:1050F80024494A6A03F5C06343EA423291F82830EA
:105108004A620D33DBB281F8283012E0083BDBB28B
:1051180081F82830BCF80020B2F5817F02F1010542
:105128000AD24C6AACF8005024FA03F3835491F87D
:105138002830072BEAD870BDFEE712494A6A03F502
:10514800E06343EA423391F828204B6202F10D03F1
:10515800DBB281F8283010E0083BDBB281F8283058
:10516800BCF80020B2F5817F0AD24C6ADC40531C9F
:10517800ACF80030845491F82830072BECD870BD77
:10518800FEE700BF9C0500202DE9F04F0D466A4C54
:105198000021FF2629800670802683B0616284F88A
:1051A8002810A6779A46002B00F0B68003F1FF3B43
:1051B8002B8812FA8BFB571E02F1FF0988460A4614
:1051C800FF2B17F8016F0FD8B1B196420DD108F136
:1051D80001081FFA88F89A4540F28A80BB4500F01A
:1051E8008B80B945ECD1FEE7FEE75FFA88F32946E4
:1051F8000192FFF71BFF019A731EDBB2FD2B2AD821
:105208003F2B52D906F14103DBB23F2B29D894F842
:105218002810636A0136F6B20831C9B246EA032398
:1052280084F82810636211E00839C9B284F828109C
:105238002B88B3F5817F03F1010C35D2666AA5F896
:1052480000C026FA01F1C15494F828100729EBD8B8
:105258002B880021BFE74FF001082B8832464146D2
:10526800B9E794F82810636A3F36F6B20931C9B233
:1052780046EA432384F82810636211E00839C9B26A
:1052880084F828102B88B3F5817F03F1010C0AD22A
:10529800666AA5F800C026FA01F1C15494F82810EE
:1052A8000729EBD8D4E7FEE7FEE794F82810636AED
:1052B8007F36F6B20831C9B246EA032384F82810CB
:1052C800636211E00839C9B284F828102B88B3F555
:1052D800817F03F1010C0AD2666AA5F800C026FA9C
:1052E80001F1C15494F828100729EBD8B0E7FEE77C
:1052F800002003B0BDE8F08FB1B994F8282062B15E
:10530800616AC2F108020124914004FA02F2013AEA
:105318000A4319192980C2542B889A4594BF002042
:10532800012003B0BDE8F08F5FFA88F32946FFF744
:105338007DFE2B88E1E700BF9C0500202DE9F04F9A
:1053480047F26F730022827003800B78A3F1FE038B
:10535800B3FA83F35B0983708A780D4612F0010172
:105368001CBF43F080038370D5F8202122F07F42D0
:1053780022F0FF0285B0044612B143F0080383709F
:10538800AA68C2F31702FF2A1ED9B2F5803F18D3C4
:1053980063F07F03A37041F002014FF0020E09236E
:1053A8004FF00A0C0822E1700B20CDF804C01E460D
:1053B80017464FF007094FF0060A4FF0050B042176
:1053C80017E043F00203A370180600F1DF800823FA
:1053D8004FF0090C07220A204FF0000ECDF804C048
:1053E8001E4617464FF006094FF0050A4FF0040B0A
:1053F800032195F8018004F8018004EB010829795C
:1054080004F80B10697904F80A10A97904F809104E
:10541800A178090709D595F82111A15495F8221109
:10542800A1550346674662460646A968A154A27874
:10543800900707D5BA1C1F46AB68C3F30F23A355C3
:1054480096B23346BEF1000F05D05A1C1F46AB7A00
:10545800A35596B23346A278D10606D55A1C1F46E4
:1054680095F82331A35596B233464A4A127803F188
:10547800010914FA89FA05F10C0B42B16B785A4606
:105488000DF10E015046FFF77FFE00285CD16A78C7
:10549800504659461FFA82FA06F0FAFA22783E4B2D
:1054A8006178D243D2B2072F9A5C82EA0102995CF2
:1054B800A27882EA0102995CE27882EA0102995CA8
:1054C800227982EA0102995C627982EA0102995C96
:1054D800A27982EA0102995CE27982EA01029A5C85
:1054E8001BD0217A4A40082F9A5C16D0617A4A402C
:1054F800092F9A5C11D0A17A4A400A2F9A5C0CD0E5
:10550800E17A4A400B2F9A5C07D0217B4A400C2F46
:105518009A5C1EBF617B4A409A5CA2551AFA89F3CD
:105528009BB2B3F5947F0ED2B5F80C21E254981CC7
:10553800B5F80C115A1C92B280B2090AB0F5947FE2
:10554800A1540AD3FEE7FEE7A378BDF80EA043F006
:105558004003A37088F800A0A0E7AA78D20702D475
:1055680005B0BDE8F08FD5F81071D5F81811D5F849
:105578001461275022180F335660916098B295F83D
:105588001C111173B0F5947FEAD3FEE74FF0000EBB
:1055980005E700BF48030020D4C400082DE9F84FF0
:1055A800B14C15460F4680460146B04806F070FAE1
:1055B80000228023B5F5817F3A802284626284F8D4
:1055C80022304FD2A94E84F828204FF0FF09924686
:1055D800012A76D8B4F820C0654540F2B180616AE6
:1055E80016F80C3002F108000CF1010CC0B243EAC5
:1055F8000123A4F820C0A0F1020C23FA0CF1063212
:1056080001F003015FFA82FE0229636284F828E050
:1056180000F0BD80032944D0012924D1BEF1060F32
:105628000DD8228C954240F28B80B15C00F1060EB9
:1056380041EA032301325FFA8EFE22846362AEF1EF
:10564800070E23FA0EF303F07F037D2B84F828E07E
:1056580076D83A88FF2A23D84133511C398008F874
:10566800023019E0FEE7BEF1000F6BD1228C9542A3
:1056780066D9B15C013241EA03232284072284F807
:1056880028201A06636200F1C8803B88FF2B06D8E1
:105698005A1C3A8008F803A094F8282098E7FEE7F7
:1056A800FEE7AEF1060E5FFA8EF284F828203A88FB
:1056B80023FA0EF3FF2A03F03F0301D8413BCCE75E
:1056C800FEE7636AA2F1020C23FA0CF101F0030170
:1056D8005FFA8CFE022984F828E003D003291CD045
:1056E800104699E7BEF1050F51D8218C8D4227D974
:1056F800705C02F1060E40EA032301315FFA8EFE68
:1057080063622184AEF1060E23FA0EF384F8282092
:1057180003F03F033A8801339FE7BEF1050FC0D875
:10572800218C8D420CD9705C02F1060E40EA0323ED
:1057380001315FFA8EFE21846362AEF1060EB4E792
:10574800BDE8F88F0CF1FF3123FA01F10EF1FF32B9
:10575800D2B2C90784F8282097D5F2B9228C95428D
:10576800EED9B15C013241EA032322840722636245
:1057780084F8282013F0800F40F08C803B88FF2BA2
:1057880000F287805A1C3A8008F8039084E7AEF14B
:10579800060E636A5FFA8EF2B6E7013A23FA02F15F
:1057A800AEF10202D2B2C80784F82820E6D5002A52
:1057B8005ED1228C9542C3D9B15C41EA0323013200
:1057C800072118062284636284F8281058BF08222B
:1057D8002AD4B4F820C06545B2D90732D0B216F839
:1057E8000C2042EA03220CF101032384626213466F
:1057F800083884F82810C34038885FFA83FB00EB28
:105808000B03FF2B0FDC40445A46002106F07AF9BF
:105818003B880BEB03023A803EE7062284F82820F7
:1058280013F0400FA8E7FEE708460822218C8D42B6
:1058380086D916F801C007324CEA03230131D2B2E7
:105848002184636284F82800083A23FA02F238882F
:105858005FFA82FB00EB0B03FF2B03DC40445A4644
:10586800FF21D3E7FEE700BF9C050020700400205D
:10587800511EAEF1030023FA01F1C0B2C90784F842
:10588800280011D407280DD9AEF10B01636AC9B2FB
:10589800AEE7FEE7511EC8B223FA01F1C90784F842
:1058A800280001D4014694E70728BFD9A0F10801D0
:1058B8000246C8B2C6E700BF2DE9F04F5788B7F5D2
:1058C8008F7F8BB0144606460BD900222270002227
:1058D8006F2B628000F02581002333700BB0BDE888
:1058E800F08F12780E2A0D4624D80E2A00F2D580A1
:1058F80001A151F822F000BFD7580008AF5A00089C
:10590800A35A0008A35A0008AF5A0008AF5A000863
:10591800AF5A0008AF5A0008AF5A0008AF5A00083B
:10592800075B0008A35A0008A35A0008A35A0008F6
:10593800E35A0008692A40F2AE806A2A40F0AD8036
:10594800A74FF98A4A1E92B2002900F0218103323A
:10595800DFF890E207EB020CB91CFF2211F8010BEB
:10596800424061451EF80220F8D1934200F0FE80C3
:105978004FF0000984F80090C4F80290A4F806904B
:10598800B7F81680B8F1020FA6D997F804A0BAF1B3
:105998006F0F00F05C83B8F1030F9DD07A796F2AFE
:1059A80000F07183B8F1040F96D0BA796F2A00F02D
:1059B8007083B8F1050F8FD0FA796F2A00F06683EB
:1059C800B8F1060F88D03A7A6F2A00F06E83B8F1E2
:1059D800070F81D07A7A6F2A00F06483B8F1080F34
:1059E8003FF47AAFBA7A6F2A00F05983B8F1090FF9
:1059F8003FF472AFFA7A6F2A00F04E83B8F10A0FBB
:105A08003FF46AAF3A7B6F2A00F05583B8F10B0F69
:105A18003FF462AF7A7B6F2A00F05083B8F10C0F25
:105A28003FF45AAFBA7B6F2A00F08D81B8F10D0FA1
:105A38003FF452AFFA7B6F2A00F06883B8F10E0F7B
:105A48003FF44AAF3A7C6F2A00F06C83B8F10F0F2D
:105A58003FF442AF7A7C6F2A00F06183B8F1100FEF
:105A68003FF43AAFBA7C6F2A00F05683B8F1110FB1
:105A78003FF432AFFA7C6F2A00F04B83B8F1120F73
:105A88003FF42AAF3A7D6F2A00F04F83B8F1130F25
:105A98003FF422AFFEE7632A05D800232370C4F839
:105AA8000230E38019E74E4FFA8A122A14D8B9183F
:105AB80001328B70FA822278092A3AD9A2F164015C
:105AC80005293FF609AF653A042A00F27983DFE831
:105AD80002F06D6965618300FEE77A1C6280EB5510
:105AE800E38862889A4245D3002262802270B3F527
:105AF800947F4FF002020270438075D3FEE77A1C50
:105B08006280374EEB55A088727F6188831899426E
:105B1800FFF6E4AE33785F0600F1B3810E232370FD
:105B2800DCE62F490A800122CA8264228B70227027
:105B3800D2E6002A3FF4D0AE013A082A3FF6CCAEAE
:105B480001A151F822F000BF055D0008E1580008E6
:105B5800E1580008815B0008815B0008315D00089E
:105B6800C35C00088B5C0008FB5C00080A22012368
:105B78002270B2E60123B0E66288B2F5947F06D2BD
:105B8800511C6180AB54237801332370A4E6FEE7EF
:105B9800FF22EAE60722FB7622709DE66822BB76A2
:105BA800227099E601227B70227095E662883B702C
:105BB8000021B2F5947F79700DD203F00103033B05
:105BC800511C6180AB5497F90030002BC0F2BD82A4
:105BD8000123237080E6FEE76A223B7722707BE68A
:105BE8009C050020D4C400082B78FD2B00F02781E9
:105BF800EB7803722B7943726B7943606A780832C9
:105C08007280002240F28510DFF8A8C27281FE215E
:105C18000446013499424FEA540400F2DF80C0F090
:105C2800EA808B4240F024812B78FD2B00F01D8107
:105C38004FF0060B2846DFF87C8210F801AF0BEB1B
:105C48000A0909F1FF3189B2FBF77EFF04EB44072B
:105C580008EB8707ADF808003979019102A8FBF72E
:105C68004FFF05EB090215F809305278019903EB4B
:105C78000223BDF808209BB29A4200F0BE8005239B
:105C88002BE66288B2F5947F15D2511C6180AB5423
:105C98007B7813F0020340F014826288B2F5947F97
:105CA8000AD2511C6180AB543B78DD064CBF692396
:105CB8006A23237010E6FEE7FEE76288B2F5947F58
:105CC80015D2511C6180AB543B787A78134313F09A
:105CD800020340F0ED816288B2F5947F08D2511C2E
:105CE8006180AB546288B2F5947FDAD3FEE7FEE7B1
:105CF800FEE76288B2F5947FD3D3FEE762883A83E1
:105D0800B2F5947F0FD2511C6180AB543A787B77FF
:105D180012F0010200F0D88106220833A280E38045
:105D280004232370D8E5FEE76288B2F5947F09D290
:105D3800511C6180AB543B781F074CBF6723072376
:105D48002370C9E5FEE74FF00C09B8F1120F00D92E
:105D5800FEE707EB080208F1010A1FFA8AFA9370B6
:105D680002AB524618465449A7F816A005F090FE13
:105D780000223A800122FA826F22BA7064222270CD
:105D880009F1010252450346BFF4A6AD08F1FF31FF
:105D98000DF10902A1EB09014A4412FA81F24B44C0
:105DA80001924FF06A0E4FF007084FF001090022E8
:105DB8004FF0690AF98A12290FD878180131F98247
:105DC80013F8011F81702078092800F20D8100283E
:105DD80074D101999942EDD17EE5FEE7601E141851
:105DE800824204F1010745D227F0010101EB570176
:105DF8005CF821100DE72246F1E7BB79DA0706D5F2
:105E0800FA79924582BF521912F80B20B2729B0799
:105E18000BD56300234408EB83036A781B7A9A4204
:105E280082BF5B1913F80B30F3724FEA4409A1449F
:105E380008EB8908317398F8053073734EE56B7970
:105E48000372AB7943726B7A297AEA791B0403EB04
:105E58000123134443606A7802F10C014180A97858
:105E6800C9077FF5CEAE1932CAE64FF00A0BE1E654
:105E7800032332E50F4902EB4200144651F8201083
:105E8800CFE602A92844FFF789FB737FBDF8081005
:105E98006288CB1A9BB21A446280727F1A44727766
:105EA800E2881344E380338BB3F5947F01D2E9543D
:105EB80034E6FEE7D4C500089E050020013808280E
:105EC80087D80FF2080C5CF820F000BF155F0008B7
:105ED800DB5D0008DB5D0008F95E0008F95E00087C
:105EE800A75F0008675F0008C95F0008455F0008F2
:105EF8006088B0F5947F08D200F1010CA4F802C0C4
:105F0800295421780131217063E7FEE760883883DE
:105F1800B0F5947F11D200F1010CA4F802C0295405
:105F28003878797710F0010000F013810831E180AA
:105F38000621A180042121704BE7FEE76088B0F5B7
:105F4800947F0BD200F1010CA4F802C029543978CF
:105F5800C90600F1288184F800E03AE7FEE7608886
:105F6800B0F5947F19D200F1010CA4F802C02954AD
:105F780039787878014311F0020140F01B8160887C
:105F8800B0F5947F0AD200F1010CA4F802C029549C
:105F98006088B0F5947FD5D3FEE7FEE7FEE760881A
:105FA800B0F5947F0BD200F1010CA4F802C029547B
:105FB8003978080700F1018184F8008009E7FEE7D5
:105FC8006088B0F5947F0ED200F1010CA4F802C0ED
:105FD8002954797811F0020140F0E8806088B0F522
:105FE800947FAFD3FEE7FEE7A0F1640CBCF1050F88
:105FF8003FF6EFAE6538042800F2EB80DFE800F0EA
:106008000E0A05032500F976D6E7B9764FF0680140
:106018002170DEE6797084F80090DAE660883970DD
:10602800B0F5947F7A700FD201F00101033900F1C5
:10603800010CA4F802C0295497F900100029ACBF3C
:10604800494666212170C4E6FEE7397783E7B8F14F
:10605800120F3FF67DAE07EB080108F101028B70C5
:1060680002AB92B218466249FA8205F011FD01228C
:10607800FA826422A7F8009087F802A003462270EB
:106088004FF0020982E64FF003095EE64FF005097A
:106098005BE64FF0040958E64FF0090955E64FF062
:1060A800080952E64FF007094FE64FF006094CE69B
:1060B8000823237010E44FF00A0946E64FF00B0955
:1060C80043E60923237007E461880C33E380B1F5C4
:1060D800947F4FF00A03A38016D27B78481C03F004
:1060E800010360806B546188B1F5947F0DD2481C20
:1060F80060806A5413B1E3880D33E380E388B3F515
:10610800947FFFF40DAEFEE7FEE7FEE74FF00D09C2
:106118001BE64FF0110918E64FF0100915E64FF08D
:106128000F0912E64FF00E090FE6B8F1120F3FF60D
:106138000FAEB844BA7088F802300123FB820022FF
:1061480064233A802370FFF7C7BB66232370FFF7E9
:10615800C3BBB4F802C00C31E180BCF5947F4FF0AA
:106168000A01A1801DD279780CF1010B01F001011F
:10617800A4F802B005F80C10B4F802C0BCF5947F7E
:1061880010D20CF1010BA4F802B005F80C0011B103
:10619800E1880D31E180E188B1F5947FFFF4CAAE62
:1061A800FEE7FEE7FEE784F800A012E64FF00901DB
:1061B80021700EE6082121700BE66721217008E6A0
:1061C800772B0DD000232370C4F80230E380FFF74B
:1061D80083BB772908D02270C4F80220E280F8E552
:1061E80065232370FFF778BB4FF065012170F0E558
:1061F8009E0500202DE9F8431F46184B164693F8D4
:10620800302004463AB393F82B301FB11BB31F1F3D
:1062180018BF0127A1F1020804F5E36901F11E0581
:1062280038F8020FFBF785F829F8020FB8F80000D4
:10623800FBF78CF8A845A9F82000F1D1084B84F8A1
:106248005A771B68C4F85C3786F00106012384F886
:10625800606784F81937BDE8F88300BFC4000020E0
:10626800D02E002070B500F27C7400F5B071204685
:10627800FBF7B9FC044B0246186801680D69214612
:106288002B46BDE870401847941D0020B0F8E8344C
:10629800B0F8EA249B1A98B21B0444BF00F50070BA
:1062A80080B2003818BF01207047D0F8F826B0F83F
:1062B800E8140132C0F8F826D0F800270132C0F8F7
:1062C8000027B0F8EA24914203461FBF8118013223
:1062D80091F8EE04B3F8EC141ABF0A40A3F8EA24C4
:1062E80000207047114B93F82D305A1E012A02D80E
:1062F8000F48FFF7DABF032B10D10E4AB2F81E364B
:10630800B2F81C1699420ED0D118013391F8220622
:10631800B2F820160B40A2F81E367047064B1868D4
:1063280003689B6918470020704700BFC40000201D
:10633800E0050020880E0020941D00200023A0F80E
:10634800EA34A0F8E834024B18680368DB69184798
:10635800941D002010B50748FFF7F0FF064B0022F8
:10636800C3F81C26054B18680368BDE81040DB69B4
:10637800184700BFE0050020880E0020941D00206B
:1063880038B5B0F8EA24B0F8E8349B1A9DB21B047B
:10639800084B04461868036848BF05F500751B6A72
:1063A80048BFADB298474319D4F8F006184480B2F4
:1063B80038BD00BF941D0020F8B5D0F8F43690F829
:1063C8001877CB1AB3F57A7F04460E4626D2632B8C
:1063D80001D800207DE0012F0AD0022F19D0002F0C
:1063E800F7D1FFF7CDFFB0F5806FF2D9012305E0B3
:1063F800FFF7C6FFB0F5806F03D9022384F818377A
:106408000CE02046FFF7BCFFB0F5C07FE1D20023C7
:10641800F4E7FFF7B5FFB0F5806FE7D33448C4F869
:10642800F466FAF7E2FE334D334A2B681168C3F17C
:10643800000C411A614501DB99424BDD10600A23CB
:106448002B601368B3F5FA7FBCBF4FF4FA7313607F
:106458001268D4F8F83652214A4328496425B1F81D
:10646800481092FBF1F26B43B3FBF2F35F2B35D884
:10647800552B35D83B2B03D94B2B34BF5B25322505
:1064880094F81837022B2DD0012B2DD013B9002FDB
:1064980018BF33254FF47A73D4F80027314604F235
:1064A8000470FBF72FFA94F81837FBB9642D0BD159
:1064B800D4F8F436A3F29A23C4F8F436D4F8F836AC
:1064C80003225B00B3FBF2F3C4F8F83684F8FC56F9
:1064D8000120F8BD002BB4DD013BB1E70025CFE773
:1064E8001E25CDE70025D5E73225D3E70023EBE7C6
:1064F800981D0020280000204C0300206800002080
:1065080070B5D0F8F43690F81827CB1AB3F57A7F1F
:1065180004460E4614D2032A08D8DFE802F002091E
:106528002730FFF72DFFB0F5487F26D8002029E057
:10653800FFF726FFB0F5AF6F11D9022384F818379B
:10654800304B94F81857B3F84800C4F8F466D4F8F8
:10655800F836032D4ED8DFE805F03716494B2046AC
:10656800FFF70EFFA328E1D80323E7E7632BDDD964
:10657800FFF706FFB0F5AF6FE2D20123DEE7002098
:1065880084F8180770BD21254FF47A73D4F80027D2
:10659800314604F20470FBF7B5F994F818377BBB61
:1065A800642D0BD1D4F8F436A3F54873C4F8F43647
:1065B800D4F8F83605229B00B3FBF2F3C4F8F8369A
:1065C80084F8FC560120DDE764210F4AB2FBF0F2A3
:1065D8004B43B3FBF2F35F2BD6D8552B0CD83B2B90
:1065E8000CD94B2B34BF5B253225CDE70025CBE7F3
:1065F8005D25C9E76425C7E71E25C5E70D46C3E73E
:106608000023DBE76800002050400100F8B5244F64
:1066180004463846FAF7B2FDFAF72CFE064697F913
:10662800A600FAF727FE05463846FAF7B0FD1D4BD7
:1066380094F8FC2693F8353084F87221333384F8C3
:106648006531442384F86631FF22D4F8683184F830
:1066580074216D2262F31703C4F86831C0F10A008F
:106668000023C4F86C3184F8813200B24FF4394306
:10667800A4F8823280F30700092384F8730184F8B0
:10668800706104F5B07084F8715184F8843204F5AF
:10669800AA71FBF759FD2046BDE8F840FFF7E2BDB7
:1066A800981D0020C40000202DE9F04F044685B055
:1066B800B4F82E270092B4F830270192B4F83227A4
:1066C800B0F828670292B4F838270378B0F822E7C0
:1066D800B0F824C7B0F81CA7B0F81E97B0F8208708
:1066E800B0F82677B0F82A570392B0F82C07B4F818
:1066F8001A27A4F87A610026B4F83617B4F834B724
:10670800A4F86C21A4F874E1A4F876C184F87C316B
:10671800A4F86EA1A4F87091A4F87281A4F8787115
:1067280084F87D61A4F87E51009AA4F88221019A28
:10673800A4F88421029AA4F88621039AA4F88C214B
:10674800FF2284F86521442284F86621D4F8682160
:10675800A4F88A1184F8813246214FF4F84361F392
:106768001702A4F882322623A4F88001A4F888B17D
:1067780004F5B07084F88E6184F88F6184F89061B4
:1067880084F89161C4F8682184F8843204F5AA7108
:10679800FBF7DAFC204605B0BDE8F04FFFF762BD15
:1067A800F0B591B0044600F23A736D4600F25A769D
:1067B800186859682A4603C20833B3421546F7D108
:1067C80020220DEB0200002105F09CF994F86027C7
:1067D80094F85A370AB943F00203224AA4F87031F0
:1067E80092F835202778D4F85C17C4F86C11002388
:1067F800333284F87331102384F87431D2B284F8B8
:1068080072716B4604F275160DF1400C1D4603CDEE
:106818006545306071602B4606F10806F6D14423C1
:1068280084F86631D4F8683184F865214FF4D2725F
:1068380062F31703C4F868314FF4A053A4F8823206
:10684800492304F5B07084F8817284F8843204F521
:10685800AA71FBF779FC204611B0BDE8F040FFF7BC
:1068680001BD00BFC400002070B5244B90F87457D8
:1068780093F83530044690F8750784F86F016FF087
:106888006E0084F8700133336FF02A0084F87101C8
:1068980084F865311220442384F8720184F8663143
:1068A8000020D4F8683184F873014D2060F3170391
:1068B800C4F868318F2394F8721794F87327B4F8E2
:1068C800706784F883320A2384F8741184F881127B
:1068D80004F5B070A4F86C6184F86E5184F87521E1
:1068E80084F8822284F8843204F5AA71FBF72CFC20
:1068F8002046BDE87040FFF7B5BC00BFC4000020CB
:1069080010B5224B017893F8352004464FF07E539A
:10691800C0F86C310023C0F87031C0F87431C0F889
:106928007831C0F87C31C0F88031C0F8843184F8FF
:106938008C31442384F866313332D4F8683184F8D2
:1069480065214C2262F31703082084F88801C4F8F3
:106958006831022049F6010384F88901A4F88232DB
:106968000120212384F88A1184F88B0184F881128C
:1069780004F5B07084F8843204F5AA71FBF7E4FBDF
:106988002046BDE81040FFF76DBC00BFC4000020E2
:10699800F0B54E78202E0D468BB0044601F10C015F
:1069A8003AD8324601A805F073F801ABC6F12102C6
:1069B8000021981905F0A6F83D4B9DF8222093F880
:1069C800353033339A4270D19DF82330442B6CD143
:1069D800BDF82030F62B02D0B3F5FA7F65D1B4F8B4
:1069E8007027A4F870379A421CBF002284F87527D4
:1069F800012284F86D276A7984F87227AA7984F8C5
:106A08007327F62B4FF0020284F8742713D0B3F5DE
:106A1800FA7F34D000232BE00B4601AA05F12C079E
:106A280018685968164603C60833BB423246F7D180
:106A38001B783370C0E71F4B186803685B6A984778
:106A48000028E7D01C490398FAF714FA98B11B49B3
:106A58000498FAF70FFA70B119490798FAF70AFA81
:106A680048B1002384F874379DF82430012B10D1E5
:106A780084F8753719E0002384F87437CAE70023CF
:106A88000F49079884F87437FAF7F4F90028C1D049
:106A9800EAE7022BBED194F87527002ABAD084F809
:106AA8007537084B1B68C4F878370BB0F0BD00BFCA
:106AB800C4000020941D00200000404000008842CF
:106AC80088AC9649D02E00204FF47F4303800023E2
:106AD800C0E90133C0E9033343610376704700001E
:106AE80038B50023C0E90733C0E955334362C0F81D
:106AF8005C310446FBF7C6F8254B9878022845D048
:106B0800431F58425841FEF789FA40F2FF13A4F890
:106B1800EC34204B1B68002503F57A73C4F8F4366F
:106B280004F20470C4E9A255C4F89052A4F8EA54D7
:106B3800A4F8E854C4F8F05684F8FC5684F81857BA
:106B4800C4F8F856C4F80057FAF7D6FE84F819576F
:106B5800294604F21A70402204F0D4FF7D2384F8F9
:106B68005A57C4F85C5784F86057C4F86457C4F897
:106B78006857A4F86C37A4F8725784F87557C4F8A6
:106B880078572046BDE83840FFF79EBF0120BAE796
:106B980068000020D02E002010B40E4A92F82E2053
:106BA800AAB102789AB10C4A0169126840F6C41475
:106BB800511AA14202D910BCFFF786BF416831B90A
:106BC8004169511AFA2982BF42610122027610BC3A
:106BD800704700BFC4000020D02E00204378032B4C
:106BE80006D1C068B0F5834F34BF0020012070473C
:106BF800002070477FB50B46324991F82D1000F1FF
:106C080028060229044600F11C02314668461BD1B9
:106C1800FEF752FE9DF80030022B50D104F5B075F6
:106C2800324669462846FBF73BF8D4F8683123F02A
:106C38007F436E2B2FD1244B9A78052A3DD8DFE865
:106C480002F0303438063038FBF772F9E2E75A6C54
:106C5800B2F5613F94BF002201222046FFF7BEFF34
:106C6800C8B9C2B194F86E31012B14D894F87231B6
:106C7800042B10D11549102204F27B1004F016FFE2
:106C880048B9782384F8883184F8823184F87C31D3
:106C98002846FEF795F9204604B0BDE87040FFF796
:106CA800E1BA5A6CB2F5E13FD4E75A6CB2F5614FDC
:106CB800D0E75A6CB2F5164FCCE70122CDE704B005
:106CC80070BD00BFC400002068000020B1C00008EB
:106CD8004378032B07D1C06844F2BF13984294BF8E
:106CE8000020012070470020704700002DE9F04F78
:106CF800844B0446ABB084481D68FDF714F9D4F8FA
:106D0800683740F6C312EB1A934204D894F96C37EB
:106D1800834200F0B6807D4EC4F86857B17884F895
:106D28006C07052998BF7A4B8DF819009CBF33F87A
:106D38001180784B8DF8171098BF33F811502378CD
:106D48008DF814304FF000034FF006078DF815301A
:106D58004FF07F0388BF00258DF818303A46B6F803
:106D68004A30ADF80C300DF11A0088BFA846ADF8CE
:106D78000E308DF81670FAF7A7FC7178DFF8989145
:106D88003A4608A8FAF776FC5F48ADF81080ADF8E7
:106D98001250FDF7B1F840428DF826005A48FDF729
:106DA800ABF84242D2B220468DF82720FFF790FF79
:106DB80004F5B07504F5AA768046002864D099F8E1
:106DC80035309DF826109DF9190000913333BDF830
:106DD8000C1084F88721DDF81A209DF815B09DF86D
:106DE80016E09DF817C09DF91870BDF80EA0BDF803
:106DF8001090BDF812800193A4F86C119DF814301E
:106E0800009984F87901C4F87A210898BDF81E2001
:106E180084F8743184F88611A4F87E21A4F86EA150
:106E2800A4F87091A4F8728184F875B184F876E1B9
:106E380084F877C184F87871C4F88001BDF82420FB
:106E4800A4F88421019A84F86521442284F86621F3
:106E5800D4F8682184F881324EF68E21AB2361F391
:106E6800170284F88332C4F8682184F882B21C239C
:106E7800284684F884323146FBF766F92046FFF746
:106E8800F1F92BB0BDE8F08F0146642211A804F097
:106E980039FE0DF10C0CBCE80F000AAF0FC79CE8D7
:106EA80007006FF02E0387E8070084F86C3199F823
:106EB800357094F8009084F86D811C2384F8703143
:106EC800802284F86E9184F86F810AA904F2711007
:106ED80004F0DEFD442384F86631D4F8683184F880
:106EE800819240F2811262F317033337FFB2C4F87C
:106EF80068314FF41343A4F8823284F8657185230E
:106F0800B6E700BFD02E0020541E002068000020E5
:106F180048C4000854C40008C40000208A4B2DE966
:106F2800F04F1A68D0F86437D31A122BA7B004466A
:106F380040F20681DFF81492DFF814B299F80010D5
:106F4800C0F864278B1E594259419BF9A000FAF7F3
:106F5800A9F999F800109BF9A23000908A1E5142B5
:106F680051419BF9A6000193FAF79CF99BF8A430CC
:106F78000290012B9BF8A53076480CBF032501250C
:106F8800012B9BF8AA300CBF45F0080545F0040515
:106F9800012B9BF8AB3008BF45F01005012B0CBF47
:106FA80045F0200545F04005FCF7DAFFF9F776FDD6
:106FB8006949F9F7CBFD04F0FFFC6849F9F7C6FD0C
:106FC8000646634894F800A0FAF7EAF88046604855
:106FD800FAF7F4F899F800300746022B20460CBF60
:106FE8009BF8A9904FF00009FFF772FE5C4B93F8ED
:106FF80035303333DBB2039304F5B07B04F5AA7361
:107008000146002846D0002284F86F21009A84F8AF
:107018007221019A84F87321029A84F875217F22DB
:1070280084F8762184F8782184F87A21039A84F800
:1070380065214422FF2184F86621D4F8682184F868
:10704800771184F879114EF68D2161F31702C4F88F
:1070580068214FF46062A4F882221722A4F86C51C8
:1070680084F86EA184F8708184F8717184F8749141
:10707800C4F87B61C4F87F6184F881A284F8842213
:1070880058461946FBF760F8204627B0BDE8F04F90
:10709800FFF7E8B86C2204900BA8059304F032FDC2
:1070A8004FF67F72ADF82220ADF824207F22009B96
:1070B8008DF826206FF02F020499ADF818508DF83E
:1070C8001E302578019B84F86C2117228DF81B103F
:1070D8008DF81F3084F86D11029B84F86F1184F8C5
:1070E800702106A9802284F86E5104F271108DF87F
:1070F80021308DF81AA08DF81C808DF81D708DF840
:107108002090CDF82760CDF82B6004F0C1FC442214
:1071180084F86621D4F86821039B84F8653140F22D
:10712800811161F31702C4F868214FF41342A4F8DF
:1071380082228522059B84F8815284F884229FE765
:1071480027B0BDE8F08F00BFD02E002083030020B9
:10715800981D00209403002000007A3A00007A4429
:10716800C4000020F0B54E78082E85B005460C46C0
:1071780001F10C0717D83246394601A804F088FCFB
:1071880001ABC6F109020021981904F0BBFC9DF877
:107198000930032B05D162792A70064A12682A61E0
:1071A8006B7005B0F0BDC86879683A7A01AB03C363
:1071B8001A70ECE7D02E002030B5037895B004465D
:1071C8001BB34A799A4220D14D784D2D01F10C011B
:1071D8001DD82A46684604F05BFCC5F14E02002122
:1071E8000DEB050004F08EFC049B6360190EC3F3DD
:1071F800072242F2107000FB0122C3F30743642107
:1072080001FB0323E360059BA36015B030BD4E224C
:10721800684604F03DFCE7E78A68C2F317024C2A87
:1072280014D0942A09D09AB90A4A92F82E207AB131
:107238008B79012B0CD1FFF795BF064A92F82E20C7
:1072480032B18B79012B03D1FFF7B6BFFFF7A0BB93
:10725800704700BFC4000020B0F8EA34B0F8E82452
:10726800F0B5D21A93B2120444BF03F500739BB26F
:10727800DD2B85B0044609D82A4D00F5257600F5A2
:107288002277286803685B69984708B905B0F0BD9C
:10729800286803689B699847D4F8F02601320346AA
:1072A800C4F8F02631463A466846FAF741FE9DF89A
:1072B8000030022BE5D104F5707532466946284640
:1072C800FAF7EEFC184B93F82D3004F27C76022B7B
:1072D800294630460FD1FEF731F800239AB2824290
:1072E8000CD3002329462046C4F8F03605B0BDE883
:1072F800F040FFF791BFFAF776FCEEE7B4F8E81430
:10730800B4F8EC744A1C3A40B4F8EA7497421EBFC9
:107318000919F75C81F8EE7403F1010318BFA4F8AA
:10732800E824DBE7941D0020C40000202DE9F0418B
:107338004B4BDFF830811E6898F800304A4F022B1B
:107348001EBF0023A0F8EA34A0F8E83497F82D30DF
:10735800013B012B044600F28180FFF77DFF97F87F
:107368002E50002D5BD098F80030022B4BD1012D08
:107378003ED0022D42D000252046FFF70DFC94F8A0
:10738800193743B1002384F8193797F83030012BA7
:107398004FD0022B50D015B12046FFF737F994F89B
:1073A8006D372BB1002384F86D372046FFF75CFA60
:1073B80094F87537022B11D1D4F87837F61AB6F548
:1073C8007A7F0BD9B4F87037F62B3ED0B3F5FA7F35
:1073D8003DD00023A4F8703784F87537237E002B3E
:1073E8003CD0002323762046BDE8F041FFF788BA59
:1073F80031462046FEF7E0FF0546BDE73146204608
:10740800FFF77EF8F8E7D4F8F436F31AB3F57A7F85
:1074180008D2002504F20470FAF76EFAACE7C4F853
:10742800F466F7E73223C4F8F46684F8FC360125DD
:10743800F0E7FFF739F9AEE7FFF7B2F92046FFF7B3
:107448006DFD2046FFF752FCA5E7FBF73DF8074B1B
:107458001A79002ABDD101225A71BAE7BDE8F08134
:10746800D02E002083030020C400002050030020F9
:1074780070B54C88B4F5427F03464FF000000AD837
:107488000D780B2D77D8DFE805F0060F1C2C2F326E
:10749800383B54575B6DA2F1240462424880624134
:1074A8000A7083F809033EE04D2A01D0582A06D114
:1074B8001A7002220A70002083F8090370BD0022A6
:1074C800F8E702F0FD003C2801D0212AF7D15A70D4
:1074D8001A784D2A0CBF082203220A7000229A70DB
:1074E800E9E79A700422DBE79A800522D8E79888B2
:1074F80000EB02229A800622DCE7DA800722CFE737
:10750800D88800EB022292B2002ADA800CBF0B2244
:107518000A220A7000224A80012283F80923DB88A4
:10752800B3F5407F01D80020C8E7002008704880E4
:10753800C4E7DA800922B3E79A800A220A70EBE7E7
:10754800B4F5407F3CBFE41822724A88013292B2F7
:107558004A80D88890429CBF0B220A70012283F887
:107568000923E0E783F8082302220870488083F89B
:1075780009230120A2E708704880D4E7CB88B3F537
:10758800407F70B531D8242303700B7843704B7853
:1075980083700B784D2B14D1CB88C3708B88037103
:1075A80005230022CD88D4189542A6B210FA84F497
:1075B80015D891F808232270CA880132981880B229
:1075C80070BD8B78C3708B8803718B881B0A4371DD
:1075D800CB888371CB881B0AC3710823E1E78C1819
:1075E8000132247A845592B2DCE70020E8E70000F3
:1075F8002DE9F74F16464A88B2F5427F04460D46F4
:107608002ED80B780A2B0FD9A3F16402032A03D9C9
:107618000020287068802DE0653B8F4F022B33D8FF
:10762800DFE803F063A4A70000210A2BF0D801A02B
:1076380050F823F069760008837600081976000868
:1076480019760008C7760008D5760008E1760008A4
:10765800E7760008197600081976000855770008BB
:10766800A6F124077E424FF000007E4168802E700C
:1076780084F8090303B0BDE8F08F6F2E0CBF6423B4
:1076880000232B700020F3E716F0040F14BF4D23DE
:1076980058233E7023703A78D1070ED412F0020FA7
:1076A80014BF21233E236370C2F3C003D20648BF30
:1076B80043F00203A3700423E3E73C23F3E7A68027
:1076C80005232B7084F809130020D3E7A38803EB64
:1076D8000623A3800623D4E7E6800723F1E7E3889F
:1076E80003EB0623E3806523CBE70DF106007E70EC
:1076F800FAF774FA3978FAF769FAA7882179FAF764
:1077080065FA390AFAF762FAE788A179FAF75EFAB0
:10771800390AFAF75BFA9DF80630B34206D000231F
:107728002B706B80032384F80933CDE7002F0CBF3F
:1077380066230A232B70012384F8093300236B8006
:10774800E288B2F5407FBFD92B70BDE7B2F5407F24
:107758003CBF121916726B8801339BB26B80E288AA
:107768009A4201D866232B700123DCE77E806723C9
:10777800F9E7B7F8028097F8009008EB06284FF66B
:10778800FF730DF106001FFA88F84946ADF8063078
:10779800A7F80280FAF7B4F92679B4F804A03146BC
:1077A800FAF7AEF94FEA1A21FAF7AAF994F806B0EF
:1077B800B4F806A05946FAF7A3F94FEA1A21FAF7DE
:1077C8009FF9797804F10807FAF79AF95246394689
:1077D800FAF7A2F9BDF8063043453AD119F004008A
:1077E80015D086EA0B01E21D002398B2824584F881
:1077F800081307D80223012000222A706A8084F81F
:10780800093337E712F8010F01334140EDE7A1785A
:10781800F9F7F2FD217984F80803F9F7EDFDA1885D
:1078280084F80803090AF9F7E7FDA17984F8080341
:10783800F9F7E2FDE18884F80803090AF9F7DCFDA5
:10784800E28884F808033946F9F7DCFD84F8080370
:10785800D0E703230020CFE7601C0020CB88B3F5D6
:10786800407F2DE9F04104460D464AD84B783C2B21
:1078780040D0A3F12100434243415B002A784D2ABE
:10788800AA7808BF43F00403D10748BF43F00803B0
:1078980092074FF02402227048BF43F010036F2272
:1078A8006270A370AB88E370AB881B0A2371EB8806
:1078B8006371EB88A71C1B0AA3713846FAF7C8FA4C
:1078C8000822E071E988A2F108039BB2561C8B429A
:1078D800B6B204EB02080FD3063189B23846FAF77C
:1078E80033F988F80000000AA055E8880A3080B209
:1078F800BDE8F0810123C1E72B441B7AA35432462B
:10790800E0E70020F4E730B4BDF80C40B4F5407F60
:1079180003D8039430BCFAF7B3BA002030BC7047E0
:1079280010B5044624202070582060702371002070
:107938001B0AA170E2706371A071E0710522E11C5D
:10794800F9F760FD2072092010BD00002DE9F04F05
:107958000025DFF8E4A00D80D71891468FB0804647
:107968000C462B462A464FF0FF0BB94502D10FB003
:10797800BDE8F08F19F8010B3B28114609D00132F8
:107988003831D2B26944202A01F8300C08BF0022ED
:10799800EBE738326A444FF0000102F8301C002649
:1079A800F2B25AF83610019302A80092F8F7C0FB19
:1079B800DDE90023A0B9FF2B1FBF2388591C2180B4
:1079C80008F803B023880AEBC606591C218008F87A
:1079D80003203379142B01D8189AD554FF231BE0C0
:1079E8000136372EDCD1FE2B06D023885A1C228084
:1079F8006FF0010208F80320002602A8F8F7A2FB9E
:107A0800721CF6B2B04223880AD85A1C22804FF062
:107A18003B0208F80320FE230135EDB20022A4E75B
:107A2800591C218006F138010DEB010616F8301CAF
:107A380008F803101646E0E730DB000840F2FF3391
:107A480070B50025A0F820367D2380F8543A044606
:107A58000560C0F80E53A0F81E56A0F81C56A0F8F2
:107A6800425AA0F8445A80F8465AC0F8485AC0F812
:107A78004C5AC0F8505AC0F8585A00F667210346C5
:107A88000A2600F66D2011F8012F0AB1B6FBF2F2B2
:107A9800814283F8702A83F8715AC3F8745A03F143
:107AA8000803F0D11522FF2104F52A6004F02AF812
:107AB800C4F8B85A70BD0000F8B5134A044692F8E5
:107AC8003000F8B192F82B2003B1DAB18E1E04F51C
:107AD800226701F11E0536F8020FF9F72AFCAE42BB
:107AE80027F8020FF7D1012384F8423A94F8453A6F
:107AF80083F0010384F8433A94F8463A83F001038B
:107B080084F8443AF8BD00BFC400002070B5061DD3
:107B180004460A4601463046FFF76AFD18B304F6E4
:107B2800BC2531462846FFF729FD0F4B0246186849
:107B380001680E692946B04763793C2B13D1218926
:107B48000A4804F65A2304F66622A4EB8404A4F532
:107B5800F7541C3C33F8025F8D4204BF056844F8B3
:107B680023509342F6D170BD941D0020D02E0020E2
:107B780070B5124890F82D00451E012D0C460AD804
:107B88000F4E8D18AC4200D170BD14F8011B304661
:107B9800FFF730F8F6E7032809D10A4E8D18AC42F2
:107BA800F2D014F8011B3046FFF7B0FFF7E7064B99
:107BB80018680368BDE870401B691847C4000020B6
:107BC800E0050020880E0020941D0020B0F81C3627
:107BD800B0F81E269B1A98B21B0444BF00F58060BB
:107BE80080B2003818BF012070470000094B93F895
:107BF8002D305A1E012A02D80748FEF747BB032B2F
:107C080002D10648FFF7E2BF054B186803685B69B5
:107C1800184700BFC4000020E0050020880E00209F
:107C2800941D002070B500F6BC240B4602223C21AE
:107C38002046FFF775FE054B0246186801680D6976
:107C480021462B46BDE87040184700BF941D002010
:107C5800114B37B51A68D0F8483AD31A122B19D9EC
:107C6800C0F8482A00F6BC24202300F622200193FD
:107C78000090C82303223C212046FAF7A3F8074BBB
:107C88000246186801680D6921462B4603B0BDE815
:107C98003040184703B030BDD02E0020941D00207E
:107CA8007FB5234B1A68D0F84C3AD31AC72B044631
:107CB8003CD9204DC0F84C2A4FF480732846ADF8C3
:107CC8000830F9F75BFA06461B48FCF715F9014638
:107CD8003046F9F777FB8DF80A002846F9F74EFA8F
:107CE800F9F76AFB95F8A9308DF80B0028468DF84E
:107CF8000C30F9F755FA8DF80D002846F9F747FAD0
:107D0800072304F6BC24019302AB8DF80E00009300
:107D1800032241F20D033C212046FAF753F8074BA2
:107D28000246186801680D692146A84704B070BD6D
:107D3800D02E0020981D0020541E0020941D0020E5
:107D480030B5214B044687B020481D68FCF7EBF896
:107D5800D4F8503A40F6C312EB1A934203D894F978
:107D6800543A83422DD0C4F8505A002384F8540A58
:107D78008DF80830F9F756FB154DADF8090069780C
:107D8800ADF80B0004220DF10D00F9F773FCA9788A
:107D980006220DF11100F9F797FC0F2304F6BC2415
:107DA800019302AB0093032241F20E033C212046CB
:107DB800FAF708F8074B0246186801680D6921466A
:107DC800A84707B030BD00BFD02E0020541E0020A9
:107DD80068000020941D002038B5FAF7B3FC1E4C4B
:107DE800FBF7E0F8FAF77EFCFAF76AFC1B491C4837
:107DF80001F06CF90025FDF70FF8FBF731F80223C5
:107E08002373C4E90455A560FAF702FE154B1D70EB
:107E1800FAF700FC144B1548D02283F83223FAF7FE
:107E2800ADFC2946204601F04DFF4FF47A70FAF771
:107E3800A5FCFBF70DFF0E48FBF7FAF80D4B0E48B3
:107E4800B3F84810FBF7FAF90C4B0D4A1A60BDE875
:107E58003840FAF78BBF00BF541E0020EA0000200C
:107E6800641C00203000002000E100E0E0930400E2
:107E7800AC1C002068000020911D0020941D0020EB
:107E88003800002073B51648164C4FF6FF7102F003
:107E980059F8206023689B0712D5134E35798DB1A8
:107EA8000F4808236A46002101F0DDFED6E90402E6
:107EB800DDE900139A4208BF884201D000232360FD
:107EC80002B070BD02236A460548294601F0CBFE80
:107ED800064BDA8BBDF800309A4218BF2560EFE7F1
:107EE800541E0020D0050020500300206800002008
:107EF800034A00231370034A1370034A1370704730
:107F0800DB0500208C1E002088030020024A002385
:107F18001370024A13707047DB0500208C1E002086
:107F280008B5437E203B042B0FD8DFE803F0050E8D
:107F3800030B0F00FCF762FB064A01231370064A85
:107F4800137002E0054B01221A7008BDFBF774FE9E
:107F5800F2E700BFDB0500208C1E0020880300200C
:107F6800034B1B78012B01D1FCF7EABA704700BF1D
:107F7800DB0500202DE9F043814699B04248FCF723
:107F880065FE0646002869D0404B1C78002C65D158
:107F98003F4B1B78022B5DD1DFF8F88003AF2546F5
:107FA8004046ECB2FFF722FE40B14046FEF79AF990
:107FB8000135522D07F8010BF2D12C4636482146DF
:107FC800F9F72FFD3548F9F726FD2F4F344DBB78CB
:107FD8008DF800304FF0010895F8A4308DF8053081
:107FE800284685F8A5908DF806908DF80180F9F758
:107FF800C5F88DF802002846F9F7D2F88DF8030085
:108008002846F9F7DBF8274BDFF89C9019788DF8AC
:1080180004000222072313FB01230522B3FBF2F31A
:108028008DF809300EB3194B1B78CBB91F4823467E
:1080380003AA6946FCF796F91948012389F8003024
:10804800F9F7CAF81648F9F7D0F80123FB7019B008
:10805800BDE8F0830F48FEF77DF9B6E70024B4E7E2
:1080680012486946FFF77CFFE6E799F8003003B944
:10807800FEE70E486946FCF789F8284689F800802B
:10808800F9F7AFF82846DEE7701E00208C1E0020A6
:108098008303002034000020FC1D0020D41D002094
:1080A800981D0020D91C002049030020361D0020FF
:1080B80070B5CB78364EC3F3800386F8AA308B7937
:1080C800C3F3000386F8AB300B79054603F00303CE
:1080D800C8785B0143EAD0000C46F9F7C5F886F882
:1080E800A6002379C3F3800386F8A7306379227941
:1080F80003F001035B0143EAD20386F8A8306379F1
:10810800C3F3460386F8A930E37803F00202002A95
:10811800204A14BF0121002111700ED0A27803F06B
:1081280001039B0043EA92130321052212FB031368
:108138000722B3FBF2F3184A5370184821461DB9B9
:10814800BDE87040FBF756BFFBF793FFA37803F039
:108158003003202B04D12046BDE87040FFF7E0BE75
:10816800FFF7D4FE0E4B1B78022B10D1A2790D48D5
:1081780004F119015208FFF7FBFCA1790A484908E4
:10818800F9F74FFCBDE870400848F9F744BC70BDEA
:10819800981D00209E1F0020D91C0020B41C002020
:1081A8008303002034000020101E0020E81D00205A
:1081B80073B5054660B9204B20491C7820480379DF
:1081C80053B1012C36D002B0BDE87040F9F7D6BDE6
:1081D8001C4B1D491C78F1E75CB91A4B1B491B78ED
:1081E8000193154B1B780093224623460D20FCF77C
:1081F800D5FC012C164B174E13D08A78C2F3C00257
:108208005A7002221A70E31E58425841FFF750FF75
:108218003046F8F7ADFF032C04D13046F8F7ABFF32
:1082280000E01C700B4886F8A45002B0BDE870400E
:10823800F8F79CBF02B070BDD8050020E81E0020EA
:1082480050030020D9050020431F0020C2C00008A9
:10825800701E0020981D00200A4B1A7910B504469C
:108268002AB10146BDE810401846FCF717BCFFF7D5
:1082780081FE054B05491B7F20465B22BDE8104067
:10828800FCF7EEBB5003002068000020361D0020DC
:10829800264B1A7970B505460E4632B10A46BDE836
:1082A800704001461846FCF75BBE214A21495B2312
:1082B800FCF7CCFB15BB1F48FBF768FE044640B330
:1082C8001D491E48F9F7C2FF05F130011B48C9B224
:1082D800F9F7B0FF1A491948F9F7B8FF204601F035
:1082E800C1FB01461548F9F7B1FF14480A21F9F70F
:1082F800A1FF012C04D11348FCF798FC0C48DBE7DC
:10830800042C0FD0012428460F49FCF705FC204611
:1083180070BD2EB10D48FAF741FF0CB10224F2E707
:108328000324F0E7002EF9D0F4E700BF5003002043
:10833800431F0020E81E0020D4C000082C000020A5
:10834800DBC00008DDC00008981D0020911D00203A
:10835800024B1878831E5842584170478303002007
:1083680070B500239CB2A24200D870BD05888688EB
:108378006C1C34404688A6421EBF2D18CE5CAE71D8
:1083880003F1010318BF0480ECE70000B0F81E36C3
:10839800B0F81C262DE9F04FD21A93B2120444BF4C
:1083A80003F580639BB2E62BADF5057D04460AD83C
:1083B800754E00F21C6704F21238306803685B6976
:1083C8009847054618B90DF5057DBDE8F08F30686A
:1083D80003689B69984704F20E3102464046FFF74E
:1083E80047F80028E9D094F813333E2B75D1B4F838
:1083F8001633B3F5005F38D194F8983A002B6CD156
:1084080004A804F2273A04F69F299E4619464FF01D
:10841800010B036019F8012FFF2A0ED04FEAD20C86
:1084280002F007021AF80CC04CFA02FC1CF0010F0B
:108438001EBF0BFA03F21143AE460133152BE9D1E7
:10844800BEF1000F00D0016004F6BC290423CDE979
:10845800000302223E2142F6FF734846F9F710FD59
:10846800494602463846FFF77BFFB4F816A3BAF12F
:10847800740F23D10DF1100B04F52A630025009326
:1084880004F21A32B4F81833ADF80E500DF10E019B
:108498005846FFF75BFABDF80E3084F8985A04F690
:1084A800BC29CDE900B302223E2153464846FFF7D6
:1084B8002AFA494602463846FFF752FFB4F816230F
:1084C80043F201039A4208D194F81233582B04D18D
:1084D8002E4B1D79F5B901225A7194F81333212BCB
:1084E80022D1B4F8163341F20D02934214D041F26E
:1084F8000E02934214D0002D3FF45DAF04F6BC2564
:1085080041462846FFF7AAF9294602463846FFF7AA
:1085180027FF50E70025E0E7012384F8453A4AE7BA
:10852800012384F8463A46E73C2BE4D1B4F8169385
:10853800B9F1440FDFD194F81233582BDBD13068EE
:10854800D4F81A5303685B6A984700283FF433AF9E
:108558000F4B9D427FF42FAF0E4B1B68C4F8B83AFF
:1085680004F6BC250023CDE9003302224B463E2108
:108578002846F9F727FC024630680168D1F81080D0
:108588002946C04717E700BF941D0020500300206C
:1085980091D51200D02E00202DE9F0473A4B1B78D8
:1085A800022B04460CD00023A0F81E36A0F81C3677
:1085B80090F86D3A13B10A22B2FBF3F384F8983AB3
:1085C800324B93F82D30032B2DD12046FFF7DEFEDA
:1085D80094F8422A3AB1002384F8423A2046BDE88A
:1085E800F047FFF735BB94F8433A33B184F8432A90
:1085F8002046BDE8F047FFF753BB94F8448AB8F12A
:10860800000F06D084F8443A2046BDE8F047FFF74B
:1086180097BB1F4B1E68D4F8583AF31A632B04D83B
:10862800D4F8B83A4BBBBDE8F087C4F8586A254679
:1086380004F65C2704F1300940F6AB5A95F8702A25
:10864800AAB195F8713A0133DBB29A420BD885F892
:10865800718AD5F8743AF31A534508D939882046EF
:10866800FFF7E0FA03E085F8713A002BF1D00835FE
:108678004D4507F10207E1D1D2E7F61AB6F57A7F40
:10868800D1D9F9F721FF00BF83030020C4000020DF
:10869800D02E00202DE9F743924D2B78012B00F2C4
:1086A800E6800BB9F9F760FFFFF796FB8E4B8F4F0B
:1086B8001868796C03689B6898478D4B00221A806C
:1086C8009A708C4B20229A6207244CF25030013C5D
:1086D800FAF72AF8FAF752F814F0FF04F5D18648A9
:1086E80001F05FFC013880B24FF6FD73984203D960
:1086F80082490120FCF74AFA814B82491C60824B6F
:108708007D481C60FBF71EFC8048FBF79BFF97F831
:108718002020202A00D9FEE797F828007C4E796AA5
:10872800B7F82C9097F829C097F82A30B071052827
:1087380000D9FEE7DFF8DC8158F830E0BEF1000F21
:1087480000D1FEE708EBC008C6F808E098F804E096
:1087580098F8058086F807E086F80C8086F8D5003A
:10876800A6F80E9086F8D440B9F1000F00D1FEE7C4
:10877800724524BF0EF1FF3E5FFA8EF2052872742F
:1087880000F09C80012800F2A1800CF1FF30C0B2FB
:1087980000F08B80022813D8581EC0B2032809D8CD
:1087A8000C2A01D90C207074707C904200D9727424
:1087B800644608E0122A84BF122373740023F3E787
:1087C800052B28BF002352482246F9F728F8002431
:1087D800514B34744E48FF261E705E70FBF7C0FB89
:1087E8000146454801F093FA4C4B4D481C704D4BDF
:1087F8001C704D4B1C804D4B1C704D4B1C704D4BD1
:108808001C704D4B1C704D4B1C704D4B1C704D4BD0
:108818001C70FFF76DFB4C4BB7F84A201C704B4B94
:1088280097F840101C704A4B1C70B7F84830F8F79E
:1088380064FCB7F848104748F8F77DFF4648FCF74E
:10884800FDF9464B464893F8291000F04CFC454882
:10885800FEF746F94448FFF7F1F82748FBF763FBB2
:10886800424B1C80424B1C80FAF76AFB2E70FAF7C9
:1088780071FB002800F099802B4A13880BB1013B4B
:108888001380284B1A4A19781388022922D12BB34E
:10889800013B9BB213809278002A6BD0002B71D1D8
:1088A800F9F734FFF9F740FF6CE0022804D80C2AE6
:1088B80001D90C2373746446002384E70CF1FF3359
:1088C800022BF9D8082AF6D90823F3E71048F8F755
:1088D8004DFF7CE7002BDBD1C723DBE740F2F31326
:1088E800D8E700BFD81C0020941D00206800002095
:1088F800D405002000040048541E0020FFC00008D2
:10890800CC0500206C000020D0050020500300207A
:108918009403002060C40008D91C0020DA05002058
:10892800981D002083030020860300208403002074
:10893800800300208103002082030020D905002045
:10894800D8050020DC0500208B0300208A030020C6
:10895800C8050020781E0020701E0020C4000020DA
:10896800641C0020E0050020880E0020881E0020DE
:108978008A1E002002298A484BD10BB9F9F7C6FE96
:1089880020238362874C2388002B48D0013B9BB26D
:1089980085482380FBF7CCFE8448FBF7C4FA23887C
:1089A8001BB983498348F9F751FC834C834E2178DE
:1089B800002937D002295ED03368002B00F0978059
:1089C8002378032B63D13368D8070ED57C4A00235C
:1089D8003360137843F0010111707A4A92F85620F7
:1089E8000AB1990701D5002323703368002B7ED084
:1089F80033687548754913F4007F59D00378326895
:108A080001930B7800932378714992B20520FCF703
:108A1800C5F84FF480628262002BB3D142E740F27E
:108A2800E733B5E76B4B1B7843B16B4A137C507C3B
:108A38000133DBB29842137498BF11746648FBF790
:108A48008FFA0146594801F062F958484FF6FF710C
:108A5800F9F706FE01F0F1F95448002101F021FA76
:108A6800594A0123237000231370584A13705B4A34
:108A780013603360A0E75A48FBF7AEFF594B187AEA
:108A8800FFF7EAFB032323704D4A0023EEE7012B8F
:108A9800ABD133689A07A8D54B4B1978B1FA81F155
:108AA800002049093060FFF7F3FB484B18709CE73A
:108AB80033689B0709D50378326801930B780093D4
:108AC8002378494992B20120A1E7336813F00103E2
:108AD80009D00378326801930B78009323784349CF
:108AE80092B2022093E73360237003700B70404BFF
:108AF8001A7802F0FF06002A00F0B08100201870F2
:108B0800324B1F7807F1FF3CDCF1000848EB0C08FA
:108B18003FB3FFF74DFB334A0023012F137205D8EB
:108B2800344A1377D3831362334A1370294D2A7852
:108B3800012A6BD8012F12D9304F97F8A8303E2B55
:108B480018D8254997F8A770087C0FBB83420CD02A
:108B58004A7C0B749A429CBF00230B74B0460026D3
:108B68005DE0274B01221A70D5E72648017841F0CD
:108B7800010101702449002A40F091803F2B214BCC
:108B88000A704FF0010028BF032228701A703FE0D6
:108B98008342DDD11B48017841F00201E9E700BFBB
:108BA80000040048881E002050030020541E0020A6
:108BB80009C100082C000020DA050020D00500209B
:108BC800DC05002068000020D9050020D805002019
:108BD8000BC100088303002094030020CC0500206B
:108BE800D91C0020781E002018C1000829C10008DF
:108BF80089030020E0050020880E0020981D002031
:108C0800701E00208003002084030020012FA6D9B5
:108C18007C4BB3F84C207C4B1A80022323702B78B2
:108C2800002B64D1B8F1000F00D023707749754A42
:108C38000B78B2F84E200133DBB293420B70744BC1
:108C48000ADB1A7C587C0132D2B2904298BF0022CB
:108C58001A7400220A70227093F8D420002A52D085
:108C6800B3F8D820B3F8D610013292B29142A3F8E3
:108C7800D82048D8002293F8D500D989A3F8D8205D
:108C880006220130C0B2062828BF002041FA00F7AA
:108C9800FF0734D55F4A52F83020EAB9FEE70B786F
:108CA8005D4801330278DBB20B706AB9554A92F815
:108CB80050209A42ACD8594B1B78032B06D102237B
:108CC8002B7001230370A3E70522F2E7531EDBB2E2
:108CD8009A420B70F3D99BE783F8D500F8F7AEFEFC
:108CE8004F48FBF7CDFC002323702B785BB1464B34
:108CF8001B8843B9454A2B701370237003E0013A6F
:108D080012F0FF02BDD1474B00221A702A78002AC0
:108D180000F047811EB901221A70022323704248CD
:108D2800FBF7BEF82B78022B02D0404B00221A70BA
:108D38003F4A138813B9334BB3F84A30013B9BB20F
:108D4800138013B93B48F8F75CFA3A48F8F70DFA7C
:108D58002B78022B0BD03748F8F7B7F92B7833B9B3
:108D6800FFF7D4F8344A01231370344A1370344E91
:108D78003046FAF741F97278294B012A04D10021CB
:108D88007170197901B95A712548FBF7FBFCFBF79B
:108D980011FD0128064607D002282ED0294B0522AE
:108DA8001A7003B0BDE8F083164F1D48FBF78AFC24
:108DB800B7F84830244A254803EB830303EB8303C1
:108DC8009B001380FAF7EAF9114AB7F8481082F8BD
:108DD800D46041F28833B3FBF1F3A2F8D630002314
:108DE800A2F8D8301A4A4FF480619161202191622B
:108DF800184A2B7096702370D0E7174B01221A700F
:108E0800CCE700BF68000020860300208103002013
:108E18009403002060C4000882030020800300201F
:108E280050030020C8050020541E0020701E00209A
:108E38008A1E0020981D0020DB0500208C1E0020C3
:108E4800AC1C00208B03002064000020911D002032
:108E580000040048D4050020880300205449554ADE
:108E68000B781BB1013BDBB20B7013B11378002BED
:108E780044D0514E002313703378504A022B08BF58
:108E88000121137818BF002154D10BB94C48037045
:108E98004C4C11704C4894F8281000F04FF9337876
:108EA800022B58D1494E4A4896F80080F8F766F9DF
:108EB80007464748F8F774F9464900234246CDE982
:108EC8000070414800F052FC3F48FCF703F8327844
:108ED800414942480023FDF78DF9002332783E4985
:108EE8003F48FEF7E9FD3F4B1B783BB994F8263025
:108EF80094F8332037493C48FBF78EFD324800F0A0
:108F080045FD3648FEF712FA3548FFF745FB374B63
:108F18001B78002B3FF445AF3548FAF7C1FF354BB6
:108F280020229A614FF480629A61FAF775FE012354
:108F38002B7036E7002BABD02A4B1B78002BA7D021
:108F48002D4B1B78002BA3D0274B052058701C4BAA
:108F5800012018709CE7284B1B78CBB16FF07E037B
:108F68000022CDE9003201231A461A49164800F0BA
:108F7800FDFB154800F0F9F801231A461649174871
:108F8800FDF738F90123144915481A46FEF794FDF0
:108F98000B4B1B78002BB1D1134B94F826205A7039
:108FA800ACE7237813F0FD0F3FF4B9AEBDE600BF80
:108FB8008B0300208A030020830300204A0300203B
:108FC8004B030020C4000020641C0020C8050020BA
:108FD800981D0020B41C0020881C0020E0050020FB
:108FE800880E00209E1F0020D91C00208803002026
:108FF800541E0020000400488203002008B5FFF733
:1090080049FBFCE71C4B1D4A10B51A601C4B1D4A56
:109018001D4C1A605A619A62DA631A651B4A5A66CD
:109028009A671B4AC3F88C20204600F043F8194B76
:109038002360194B002240F2FF11C3F8E824C3F85B
:10904800EC14164BC3F81C26C3F8502A7D2283F86B
:10905800542A134A40F2FF31506AC3F82016916A25
:1090680003F65C2403C4D06A2060106B928EC3F8A8
:10907800680AA3F86C2A10BD541E002044C10008D9
:10908800981D002034C00008641C00201CC0000883
:1090980028C00008CCC10008E0050020880E002088
:1090A800FCBD000870470020704700207047002072
:1090B8007047000010B5044B0446012140F8043BFA
:1090C800F7F7B0FF204610BDF0DC000838B52422C1
:1090D80004460D46FF23002103618182104402F0FB
:1090E80011FDE56038BD38B50D46017CA94204463E
:1090F80015D0012918D0022912D011B903685B686C
:1091080098470023012D6374257413D0022D0ED0C7
:109118002DB923685B68012120469847607438BDE3
:109128000368DB680021EBE703689B68FAE72368BC
:10913800DB68F0E7236829469B68EDE70430F7F71A
:109148007FBF037C012B10B50ED100F1160301F18E
:109158000C0251F8044B43F8044B9142F9D10A88A8
:109168001A8040F20113438210BD037C012B0BD1FE
:1091780048F28113C3824FF401420023C0E906324A
:10918800038440F2011343827047F0B5054689B065
:1091980008880C4616461F46F8F7BCF89DF80630B6
:1091A8008DF8050023F00703C0F30220034360880D
:1091B8008DF80630F8F7AEF89DF8063000F01F027B
:1091C80003F0070343EAC2038DF806309DF8073021
:1091D800C0F3451023F03F030343A0888DF8073000
:1091E800F8F798F89DF8073000F0030203F03F0302
:1091F80043EA82138DF80730C0F387038DF80830EF
:109208009DF80930C0F3802023F001030343E08870
:109218008DF80930F8F77EF89DF8093000F07F02E4
:1092280003F0010343EA42038DF809309DF80A3040
:10923800C0F3C31023F00F03034320898DF80A30CD
:10924800F8F768F89DF80A3000F00F0203F00F03F2
:1092580043EA02138DF80A309DF80B30C0F306106C
:1092680023F07F03034360898DF80B30F8F752F839
:109278009DF80B3000F0010203F07F0343EAC213AC
:109288008DF80B30C0F347038DF80C309DF80D3086
:10929800C0F3412023F003030343A0898DF80D3068
:1092A800F8F738F89DF80D3000F03F0203F003039B
:1092B80043EA82038DF80D309DF80E30C0F3841018
:1092C80023F01F030343E0898DF80E30F8F722F8E6
:1092D8009DF80E3000F0070203F01F03C0F3C7002B
:1092E80043EA42138DF80F00208A8DF80E30F8F704
:1092F80011F89DF811308DF8100023F00703C0F322
:1093080002200343608A8DF81130F8F703F89DF8BE
:10931800113000F01F0203F0070343EAC2038DF87F
:1093280011309DF81230C0F3451023F03F0303437A
:10933800A08A8DF81230F7F7EDFF9DF8123000F093
:10934800030203F03F0343EA82138DF81230C0F39F
:1093580087038DF813309DF81430C0F3802023F074
:1093680001030343E08A8DF81430F7F7D3FF9DF823
:10937800143000F07F0203F0010343EA42038DF842
:1093880014309DF81530C0F3C31023F00F030343C6
:10939800208B8DF81530F7F7BDFF9DF8153000F0DC
:1093A8000F0203F00F0343EA02138DF815309DF8FE
:1093B8001630C0F3061023F07F030343608B8DF84B
:1093C8001630F7F7A7FF9DF8163000F0010203F0FA
:1093D8007F0343EAC2138DF81630C0F347038DF8B4
:1093E80017309DF81830C0F3412123F003030B43D5
:1093F800A08B8DF81830F7F78DFF9DF8183000F026
:109408003F0203F0030343EA82038DF818309DF806
:109418001930C0F3841023F01F030343E08B8DF849
:109428001930F7F777FF9DF81930218C00F0070203
:1094380003F01F0343EA42138DF81930628C40F29F
:10944800A953994288BF0121C0F3C70098BF0021E2
:109458009A428DF81A0088BF41F002010EB141F01E
:1094680004010FB141F008010F238DF804300023E7
:109478008DF81C302B688DF81B101B68192201A968
:109488002846984709B0F0BD30B5054689B0088828
:109498000C46F7F74CFF9DF808308DF8070023F0CD
:1094A8000703C0F30220034360888DF80830F7F7FC
:1094B8003EFF9DF8083000F01F0203F0070343EA5F
:1094C800C2038DF808309DF80930C0F3451023F029
:1094D8003F030343A0888DF80930F7F728FF9DF86C
:1094E800093000F0030203F03F0343EA82138DF8CA
:1094F8000930C0F387038DF80A309DF80B30C0F3AC
:10950800802023F001030343E0888DF80B30F7F740
:109518000EFF9DF80B3000F07F0203F0010343EAD1
:1095280042038DF80B309DF80C30C0F3C31023F0C4
:109538000F03034320898DF80C30F7F7F8FE9DF8E8
:109548000C3000F00F0203F00F0343EA02138DF80A
:109558000C309DF80D30C0F3061023F07F03034351
:1095680060898DF80D30F7F7E2FE9DF80D3000F0B8
:10957800010203F07F0343EAC2138DF80D30C0F3F4
:1095880047038DF80E309DF80F30C0F3412023F0CB
:1095980003030343A0898DF80F30F7F7C8FE9DF841
:1095A8000F3000F03F0203F0030343EA82038DF813
:1095B8000F309DF81030C0F3841023F01F030343CD
:1095C800E0898DF81030F7F7B2FE9DF8103000F002
:1095D800070203F01F03C0F3C70043EA42138DF8E4
:1095E8001100208A8DF81030F7F7A1FE9DF813308E
:1095F8008DF8120023F00703C0F302200343608AAA
:109608008DF81330F7F793FE9DF8133000F01F0222
:1096180003F0070343EAC2038DF813309DF81430B2
:10962800C0F3451023F03F030343A08A8DF814309C
:10963800F7F77DFE9DF8143000F0030203F03F03B6
:1096480043EA82139DF816208DF81430C0F387037F
:109658008DF8153022F00102C0F380231343E08A0D
:109668008DF81630F7F763FE9DF8163000F07F028C
:1096780003F0010343EA42038DF816309DF81730D2
:10968800C0F3C31023F00F030343208B8DF817306A
:10969800F7F74DFE9DF8173000F00F0203F00F03A7
:1096A80043EA02138DF817309DF81830C0F30610FE
:1096B80023F07F030343608B8DF81830F7F737FEEC
:1096C8009DF8183000F0010203F07F0343EAC2134B
:1096D8009DF81A208DF81830C0F347038DF819301B
:1096E80022F00302C0F341231343A08B8DF81A30F4
:1096F800F7F71DFE9DF81A3000F03F0203F0030350
:1097080043EA82038DF81A309DF81B30C0F38410A9
:1097180023F01F030343E08B8DF81B30F7F707FE98
:10972800019B03F07F42104B134301939DF81B30BC
:1097380000F0070203F01F03C0F3C70043EA421317
:109748008DF81C000DF10601172200208DF81B3042
:10975800F7F758FE2B688DF81D001B681A2201A91F
:109768002846984709B030BDC81816002DE9F047BB
:1097780000F124079DF920A09DF8249090461E46EC
:1097880004463B4601F1240251F8040B43F8040B4C
:109798009142F9D1251D39462846F7F775FCE1684D
:1097A8004B7966B1042B77D8DFE803F07C76345C1C
:1097B80003004FF00423C4E909330026B046E368E8
:1097C8001D796B1E0B2B07D850460435F7F778FD2B
:1097D800EDB204EB45056884E3681D7B6B1E0B2B1B
:1097E80007D848460435F7F786FDEDB204EB450582
:1097F8006884637C002B55D0237C012B46D013F062
:10980800FD0F4FD13346424639462046BDE8F04762
:10981800FFF7BBBC01F1130304F1220001F11F059E
:109828004FF0780C13F9012FC2EB8222AB4292FB66
:10983800FCF202F5806220F8022FF3D104F13A021B
:10984800233140F2FF7513F8010F48B102280CBF0D
:1098580028464FF48060994222F8020FF3D1AEE710
:109868000120F8E704F1220304F146024FF4806175
:1098780023F8021F9342FBD102212846F7F722FC66
:10988800103004EB40000023838098E739462046D7
:10989800BDE8F047FFF7F8BD042B90D813F0FD0F93
:1098A8008DD0E9E7BDE8F08730B54B7B032B85B059
:1098B80005460C4642D191F90000F7F77DFD8DF879
:1098C800030094F90100F7F777FDA3788DF80530C8
:1098D800E3788DF804008DF80630207B23798DF825
:1098E8000730F7F761FD8DF8080094F90600F7F7DF
:1098F80036FD8DF8090094F90700F7F75DFD237A26
:109908008DF80B30637A8DF80C3040F6C8438DF82B
:109918000A00ADF800300DF1020114230B220020DB
:109928008DF80230F7F76EFD2B688DF80D001B6877
:109938000E2269462846984705B030BD022B03D150
:10994800FF238DF80330BCE791F90000F7F734FDE9
:109958008DF80300FF20B8E7837C10B5044633B1C7
:10996800F9F71AFBE37C1BB10023A082E37410BD56
:10997800A28A801A80B2B0F57A6FF8D9A37404F17C
:1099880016012046BDE81040FFF78EBF427C22B189
:10999800037C012B01D1FFF7DFBF704730B53024BE
:1099A80042F20F75A84212D80C703021B0F57A7FB8
:1099B80014D211703022632816D81A70302309285F
:1099C80017D8039A1370049B3030187030BDA0F577
:1099D8001C5001341038E4B280B2E3E70131A0F53D
:1099E8007A70C9B280B2E1E701326438D2B280B28B
:1099F800E1E701330A38DBB280B2E0E713B50B1DAB
:109A08000193CB1C00934A1C8B1C0C46FFF7C6FF26
:109A18000023637102B010BD03099F2800F00F00F6
:109A280094BF3033373309280B7094BF3030373048
:109A3800002348708B70704713B502460C46C0B2BD
:109A480001A9FFF7E9FF2146100AFFF7E5FF9DF896
:109A58000430A3709DF80530E3709DF8063023713B
:109A680002B010BD08B50249FFF7D6FF084608BD89
:109A7800B02E002010B5034C2146FFF7DDFF20462D
:109A880010BD00BFB02E002013B503688DF8071075
:109A98009C680DF107010123A04702B010BD07B56E
:109AA80003688DF807101B6901220DF1070198471B
:109AB80003B05DF804FB2DE9F0411D460368044638
:109AC8005B690F4616469847236820461B689847E7
:109AD800221D39462046FFF7D7FF2DB123682A46B5
:109AE8001B69314620469847236820465B6898479B
:109AF800236820469B69BDE8F0410C2118472DE9F1
:109B0800F0411E46036804465B6915460F469847B0
:109B1800236820461B689847221D39462046FFF7D0
:109B2800B3FF20460021FFF7BAFF23682046DB6811
:109B3800324629469847236820465B68BDE8F041CD
:109B480018472DE9F0411F46036804465B690D4636
:109B580016469847236820461B689847221D2046CA
:109B68000D21FFF791FF290A2046FFF798FFE9B278
:109B78002046FFF794FF236831463A4620461B6982
:109B88009847236820465B689847236820469B6966
:109B9800BDE8F0410C21184707B501238DF80720CF
:109BA8000DF10702FFF7CDFF03B05DF804FB2DE9C7
:109BB800F0411F46036804465B690D461646984700
:109BC800236820461B689847221D20461D21FFF761
:109BD8005BFF290A2046FFF762FFE9B22046FFF73C
:109BE8005EFF20460021FFF75AFF23682046DB6806
:109BF8003A4631469847236820465B68BDE8F041FD
:109C0800184707B501230DF10702FFF7D0FF9DF8AC
:109C1800070003B05DF804FB2DE9F0411E46036818
:109C280004465B690F4615469847236820461B681B
:109C38009847221D20460E21FFF726FF3946204669
:109C4800FFF72DFF23682946324620461B699847AF
:109C5800236820465B689847236820469B69BDE8CF
:109C6800F0410C2118472DE9F0411E4603680446CF
:109C78005B690F4615469847236820461B68984736
:109C8800221D20461E21FFF7FFFE39462046FFF71A
:109C980006FF20460021FFF702FF23682046DB6805
:109CA800324629469847236820465B68BDE8F0415C
:109CB800184710B5002304461A46C021FFF7FBFEDB
:109CC800207910BD37B504460D468DF807100123DD
:109CD80080210DF10702FFF7EEFE2368012D9B6935
:109CE8000CBF322140F2DC51204603B0BDE83040C1
:109CF800184737B501230C468DF807100DF10702F8
:109D08008A210546FFF7D7FEAC7103B030BD07B511
:109D1800042309BA01910DEB03028621FFF7CBFE5C
:109D280003B05DF804FB07B502238DF804108DF825
:109D380005208F2101AAFFF7BEFE03B05DF804FBE2
:109D480037B58DF8063000238DF807300423044614
:109D580015468DF804108DF805208B210DEB0302B4
:109D6800FFF7A9FE40F689012046FFF74AFF062DB6
:109D780016BF40F0040200F0FB02D2B240F689019F
:109D880020468DF80420FFF707FF03B030BD73B5F8
:109D980015468DF8033000229DF818309DF81C6098
:109DA8008DF8002004468DF801108DF804308C21C0
:109DB80006236A468DF802508DF80560FFF77BFE92
:109DC80040F236712046FFF71CFF5EB100F0FB023F
:109DD80040F2367120468DF80020FFF7DDFE6571F0
:109DE80002B070BD40F00402D2B2F1E707B55BBA29
:109DF800ADF80430BDF810305BBAADF8063049BA9A
:109E0800082352BAADF80010ADF8022019466A4688
:109E1800FFF751FE03B05DF804FB07B5022301AA62
:109E28001221FFF76CFE9DF804309DF8050000EB49
:109E3800032080B203B05DF804FB07B5022349BADA
:109E4800ADF8041001AA1946FFF735FE03B05DF816
:109E580004FB07B502238DF804108DF805208E2128
:109E680001AAFFF728FE03B05DF804FB13B56FF0F5
:109E78007F43994228BF19460B0C04468DF80430DD
:109E88000B0A8DF805308DF8061001AA03238321EB
:109E9800FFF711FE236864219B692046984702B0AA
:109EA80010BD13B56FF07F43994228BF19460B0CBC
:109EB80004468DF804300B0A8DF805308DF806102D
:109EC80001AA03238221FFF7F6FD236864219B6919
:109ED8002046984702B010BD37B503230D461446F7
:109EE800142101AAFFF70BFE9DF804305B085B42C2
:109EF8002B809DF90530002BB8BF03339B102370CE
:109F080003B030BD10B543680D4A23F07F4323F0FA
:109F1800FF039342044611D1002240F60211FFF7D5
:109F28003BFE40F644112046FFF76BFE40F002026C
:109F3800D2B240F644112046FFF72EFE10BD00BFF6
:109F48000001010070B505460E46FFF766FF314671
:109F580004462846FFF771FFA30702D52846FFF7F6
:109F6800D1FF204670BD07B5002914BF4023202328
:109F78008DF807300DF1070201239321FFF79BFDB0
:109F880003B05DF804FB10B5002304461A46C1214E
:109F9800FFF791FD236820469B69BDE810404621E4
:109FA800184708B5FFF785FE80B208BD07B500233E
:109FB800ADF8043001AA02230721FFF77CFD03B0A6
:109FC8005DF804FB07B5130C8DF8053052BA04236D
:109FD8008DF80410ADF8062097210DEB0302FFF76A
:109FE8006AFD03B05DF804FB08B50A4640F6AC010B
:109FF800FFF7D2FD08BD10B540F6D8010446FFF7BB
:10A0080000FE40F01E02D2B240F6D8012046FFF70B
:10A01800C3FD10BD08B50A4640F6E701FFF7BCFDD1
:10A0280008BD000007B5054B019304230DEB03029F
:10A038009521FFF740FD03B05DF804FB040700011C
:10A0480007B502238DF804108DF80520982101AA80
:10A05800FFF731FD03B05DF804FB000000000000CD
:10A0680013B504461C48B0FBF1F1080C8DF800004C
:10A07800080A8DF8010004988DF803208DF8043043
:10A088008DF80210F6F7A8F911A3D3E90023F6F723
:10A0980047FBF6F72DFC030C8DF8053043BA6A46EA
:10A0A800ADF80630204608238B21FFF704FD40F663
:10A0B80089012046FFF7A5FD40F00402D2B240F620
:10A0C800890120468DF80020FFF766FD02B010BD1B
:10A0D800000000008084EE3F0000093D1FB58DF8A8
:10A0E80007309DF818308DF808309DF81C308DF831
:10A0F80009309DF820308DF80A309DF824308DF80D
:10A108000B3049BA9DF82830ADF804108DF80620B8
:10A118008DF80C3001AA09238C21FFF7CCFC05B07F
:10A128005DF804FB07B5002349BAADF80010ADF897
:10A13800023001936A4608234FF4D861FFF701FD06
:10A1480003B05DF804FB13B503230C4601AA1421E0
:10A15800FFF7D5FC9DF806305B085B42238002B010
:10A1680010BD000030B59BB0202200210BA801F0E3
:10A17800C9FC1822002102A801F0C4FC1C4A13687B
:10A1880023F4C06343F400731360136803F4C063DB
:10A198000193019B01224FF40413CDE90823002306
:10A1A8000A9310210623CDE915134FF40033022436
:10A1B800032517934FF0005C4FF0007308A8CDE912
:10A1C8001345CDE9183C00F045FB08B172B6FEE72F
:10A1D800CDE90400CDE906004F23214602A8CDE9C8
:10A1E800023500F0D1FD08B172B6FEE71BB030BDF4
:10A1F80000040058154B07B51A6842F480721A60BB
:10A208001A6842F400721A601A6822F480621A60AE
:10A2180000F0A0F8FFF7A6FF4FF0B043DA6C42F069
:10A228000102DA64DA6C02F001020192019ADA6C36
:10A2380042F00202DA64DB6C03F002030093009B35
:10A2480003B05DF804EBFEF7D9BE00BF004000582C
:10A258007047FEE7FEE7FEE7FEE7FEE77047704758
:10A268007047F8F787BE70470D488546FFF7FBFF34
:10A278000C480D490D4A002302E0D458C450043359
:10A28800C4188C42F9D30A4A0A4C002301E013602F
:10A298000432A242FBD301F0B3FBFFF7ABFFFEE7AA
:10A2A800000001200000002048000020FCDD00081C
:10A2B80048000020EC2E0020FEE770474FF0B04326
:10A2C80010B59A6B4FF0FF329A63D96BDA630024AA
:10A2D800996B9C63D96BDC63196C1A64196C1C64E8
:10A2E800596C5A64596C5C64996A9A62996A9C625E
:10A2F800D96ADA62D96ADC62196B1A631A6B1C6351
:10A30800FFF7DBFF204610BD38B5104C2378054613
:10A318000BB9012038BD00F08DFA22784FF47A731A
:10A32800B3FBF2F3B0FBF3F000F074F80446002836
:10A33800EFD10F2DEDD8024629464FF0FF3000F03F
:10A3480037F8034B20461D60E4E700BF40000020BB
:10A358004400002010B5032000F018F800F06AFA55
:10A36800064B18600F20FFF7CFFF044618B9FFF718
:10A378006FFF204610BD0124FBE700BF3C00002012
:10A38800014B1868704700BFD02E00200749CA68E3
:10A3980022F4E0620302120403F4E063120C134394
:10A3A80043F0BF6343F40033CB60704700ED00E037
:10A3B800164B30B5DC68C4F30224C4F10703251D2D
:10A3C800042B28BF0423062D4FF0FF358CBF033C18
:10A3D800002405FA03F321EA0303A54022EA050253
:10A3E800A340002843EA0203ACBF00F16040084ADA
:10A3F8004FEA0313B8BF00F00F00DBB2AABF00F5A5
:10A408006140135480F8003330BD00BF00ED00E018
:10A4180014ED00E00138B0F1807F0BD24FF0E0235B
:10A42800054A5861F02182F823100020072298611C
:10A438001A6170470120704700ED00E00A4A53692D
:10A4480043F4802330B55361EFF3108472B60023D0
:10A45800CD58C5500433B3F5807FF9D11369DB03B8
:10A46800FCD484F3108830BD00400058064B5A696C
:10A47800002ABFBF054A9A6002F188329A60BABFC3
:10A488005869C00F002070470040005823016745F5
:10A49800044B5A6942F000425A615869C043C00FE0
:10A4A800704700BF0040005870B50546FFF768FFC9
:10A4B800124E04463369D90313D43369DA0744BF0B
:10A4C800012232614CF2FA32134011D10B4E30693D
:10A4D80010F480200BD0FFF753FF001BA842F6D3DF
:10A4E80004E0FFF74DFF001BA842E3D3032070BD33
:10A4F800024A1361024A01205360F8E700400058FD
:10A50800D42E00202DE9F041184D98462B78012BC8
:10A5180006460C46174626D001232B704FF47A7056
:10A5280000236B60FFF7C0FFA0B9012E16D1104AB7
:10A53800536943F0010353612760BFF36F8FC4F879
:10A5480004804FF47A70FFF7AFFF094A536923EA92
:10A558000603536100232B70BDE8F081394620467D
:10A56800FFF76CFFEDE70220F6E700BFD42E0020CE
:10A5780000400058054A536923F47E7343EAC0003B
:10A5880040F4803040F002005061704700400058AD
:10A598002DE9F041234F3B78012B054688463FD0F3
:10A5A80001233B704FF47A7000237B60FFF77CFF38
:10A5B800044688B92B68042B13D11B4A536943F40A
:10A5C800803343F0040353614FF47A70FFF76CFF54
:10A5D8000446154B1A681B6800233B702046BDE8EB
:10A5E800F0814FF0FF33C8F800306E68D5E90132CA
:10A5F8001344B3420AD93046FFF7BCFF4FF47A70D0
:10A60800FFF752FF50B1C8F800600446064A536984
:10A6180023F47E7323F002035361DAE70136E5E79A
:10A628000224DBE7D42E002000400058024A1368B9
:10A6380043F480731360704700040058024B186895
:10A6480000F4C060704700BF000400584FF0B043EA
:10A658001868C0F3404070474FF0B0431868C0F323
:10A66800400070474FF0B042536823F47F4343EAF9
:10A678000023536070474FF0B0431868C0F3406040
:10A68800704700007FB54FF0B0432C4AD3F808312B
:10A69800C0F3031003F00F0352F82040284A52F881
:10A6A8002330B4FBF3F4FFF7C9FF264B054693E8C4
:10A6B8000700B5F5007F04AB03E9070010D0224B73
:10A6C8009C4218D303F5B70303F67F539C4229D95C
:10A6D80003F5741303F510639C4225D802230BE09D
:10A6E8001A4B9C4207D91A4B9C421BD903F53703D6
:10A6F80003F5D853F0E7002304AA02EB830353F8C9
:10A708000C4C144D2B6823F0070323432B60FFF7F1
:10A7180037FE06462B6803F007039C4206D100204B
:10A7280004B070BD0123E7E70024EAE7FFF728FE3D
:10A73800801B0228EED90320F2E700BF60DD000885
:10A7480000DD000834BE0008C0CF6A00BFEA21015E
:10A758003F933402004000584FF0B04310B59A6858
:10A76800D96812F00C0205D00C2A4AD101F0030373
:10A77800012B50D14FF0B0412B480B6813F0080360
:10A7880006D00B6813F0080337D1D1F8941007E00E
:10A798000C68240756BFD1F894300968C3F3032323
:10A7A80050F82330002A0CBF184600204FF0B04163
:10A7B8008A6802F00C020C2A1ED1CA6802F0030251
:10A7C800022A2ED0032A06D10B68184A13F4801FD8
:10A7D800174B18BF13464FF0B042D068D168D26803
:10A7E800C0F306205843C1F302130133B0FBF3F062
:10A7F800530F0133B0FBF3F010BD0B68C3F3031321
:10A80800CEE7042A0AD0082A05D11B6813F480135E
:10A8180004D10748CAE700231846C7E703480023BE
:10A82800C4E7024BD7E700BF60DD00080024F4004E
:10A838000048E80108B5FFF78FFF4FF0B043044A1E
:10A848009B68C3F3031352F82330B0FBF3F008BD41
:10A8580000DD00082DE9F0410446002853D04FF0F0
:10A86800B0439D68DE6803689B0605F00C0506F09A
:10A87800030668D5026A1DB10C2D46D1012E44D1BC
:10A88800002A40D04FF0B043A16A1A68170756BF94
:10A89800D3F894301B681B0903F0F00399421FD9C1
:10A8A8000846FFF7EFFE00282DD14FF0B04213689D
:10A8B80043F0080313601368A16A23F0F0030B4305
:10A8C8001360606AFFF7CEFEFFF7B4FFAB4B18606A
:10A8D800AB4B1868FFF718FD002834D0BDE8F081AD
:10A8E8004FF0B042136843F008031360136823F075
:10A8F800F0030B431360606AFFF7B4FE0846FFF7E6
:10A90800C1FE0028E0D00120E8E74FF0B043002A5C
:10A9180054D01A6842F001021A60FFF731FD074669
:10A92800FFF79AFE002842D04FF0B042136843F078
:10A93800080313601368A16A23F0F0030B43136044
:10A94800606AFFF78FFE2368D80748D42368990701
:10A9580000F18C8023681E0740F1FA80A3694FF04C
:10A96800B046002B00F0E180D6F89430E16903F09E
:10A978001002914200F0C48003F00302022AC2D000
:10A98800D80740F1B380D6F8943023F00103C6F815
:10A998009430FFF7F5FC0746D6F89430990740F154
:10A9A800A580FFF7EDFCC31B112BF5D904E0FFF7D9
:10A9B800E7FCC01B0228B3D903208FE71A6822F0EE
:10A9C80001021A60FFF7DCFC0746FFF745FE002886
:10A9D800B9D0FFF7D5FCC01B0228F6D9ECE7082D43
:10A9E80003D00C2D05D1032E03D16368002BADD104
:10A9F80089E74FF0B043A1681A6822F480120A432D
:10AA08001A606268B2F5803F10D11A6842F4803249
:10AA18001A60FFF7B5FC0746FFF718FE002895D126
:10AA2800FFF7AEFCC01B6428F6D9C5E7B2F5041FD2
:10AA380004D11A6842F400121A60E6E7196821F492
:10AA480080311960196821F400111960002AE0D1D9
:10AA5800FFF796FC0746FFF7F9FD00283FF476AFAD
:10AA6800FFF78EFCC01B6428F5D9A5E7042D2369E0
:10AA780003D00C2D0ED1022E0CD1002B3FF443AF86
:10AA88004FF0B0426169536823F0FE4343EA016323
:10AA980053605FE74FF0B046BBB1336843F480734F
:10AAA8003360FFF76DFC074633685A0507D57368AE
:10AAB800626923F0FE4343EA026373604AE7FFF7E3
:10AAC8005FFCC31B022BEFD976E7336823F480734E
:10AAD8003360FFF755FC074633685B057FF53AAFEF
:10AAE800FFF74EFCC31B022BF6D965E74FF0B042C7
:10AAF800E169D2F8943023F010030B43C2F8943084
:10AB08004FF0B047D7F8943043F00103C7F89430BA
:10AB1800FFF736FC0646D7F894309A0718D4FFF7A3
:10AB28002FFC831B112BF6D946E7D6F8943023F077
:10AB38000103C6F89430FFF723FC0746D6F8943093
:10AB48009B0705D5FFF71CFCC31B112BF6D933E770
:10AB58002368580754D50B4F3B68D90514D4FFF721
:10AB680065FDFFF70DFC06463B68DA050CD4FFF7D8
:10AB780007FC831B022BF7D91EE700BF3C0000200F
:10AB88004400002000040058E3684FF0B046002B52
:10AB980058D023F08003052B02BFD6F8903043F03D
:10ABA8000403C6F890304FF0B046FFF7E9FBD6F83B
:10ABB800903043F001030746C6F8903041F28838D8
:10ABC800D6F890309B0705D4FFF7DAFBC31B434543
:10ABD800F6D9F1E6E36823F00403812B1BD1FFF7D4
:10ABE800CFFBD6F8903043F08003C6F89030074684
:10ABF8004FF0B04641F28838D6F89030180504D5A1
:10AC0800E06A00284AD1002068E6FFF7B9FBC01BBC
:10AC18004045F1D9D0E6FFF7B3FBD6F8903023F0E2
:10AC28008003C6F8903007464FF0B04641F28838A6
:10AC3800D6F890301905E3D5FFF7A2FBC01B4045B5
:10AC4800F6D9B9E6FFF79CFBD6F8903023F08003DD
:10AC58000746C6F8903041F28838D6F890301A0581
:10AC680016D4FFF78DFBD6F8903023F00103C6F811
:10AC7800903007464FF0B04841F28836D8F8903007
:10AC88009B07BDD5FFF77CFBC31BB342F6D993E600
:10AC9800FFF776FBC01B4045DFD98DE60C2D4ED063
:10ACA8004FF0B04302281A6822F080721A6033D13C
:10ACB800FFF766FB0546FFF7DEFC38BBD4E90C312D
:10ACC8004FF0B0420B43D0682D4901400B43E16B74
:10ACD8000B43216C0B43616C0B43A16B43EA0123CB
:10ACE800D360136843F080731360D36843F08053D4
:10ACF800D360FFF745FB0446FFF7BDFC002882D16F
:10AD0800FFF73EFB001B0A28F6D955E6FFF738FB8C
:10AD1800401B0A28CFD94FE6FFF732FB0446FFF75E
:10AD2800AAFC30B94FF0B042164BD1680B40D36043
:10AD3800D4E5FFF725FB001B0A28F0D93CE60128DB
:10AD48003FF4CCAD4FF0B043226BDB6803F0030156
:10AD580091427FF4D8AD616B03F070028A427FF4B0
:10AD6800D2ADA16B03F4FE42B2EB012F7FF4CBAD61
:10AD7800626C03F0604393423FF445AFC3E500BF04
:10AD88008C80C111FCFFFEEE2DE9F0410D46044612
:10AD980010B90120BDE8F081684E336803F007035D
:10ADA8008B4216D323689A0727D54FF0B047A2687D
:10ADB800BB6823F0F0031343BB60FFF7E1FA0646D4
:10ADC800BB68DB0319D4FFF7DBFA831B022BF7D927
:10ADD80011E0336823F007030B433360FFF7D0FA21
:10ADE8000746336803F00703AB42DBD0FFF7C8FA26
:10ADF800C01B0228F5D90320CCE72368580617D5CD
:10AE08004FF0B0476269D7F8083123F00F0343EADF
:10AE18001213C7F80831FFF7B3FA0646D7F8083116
:10AE2800D90305D4FFF7ACFA831B022BF6D9E2E766
:10AE380023685A0713D54FF0B047E268BB6823F47C
:10AE4800E0631343BB60FFF79BFA0646BB689B03AE
:10AE580005D4FFF795FA831B022BF7D9CBE72368B4
:10AE6800180714D54FF0B0472269BB6823F4605324
:10AE780043EAC203BB60FFF783FA0646BB6859037F
:10AE880005D4FFF77DFA831B022BF7D9B3E72368B4
:10AE9800DA070FD4294C236803F00703AB4239D8EB
:10AEA800FFF7C8FC264B1860264BBDE8F041186830
:10AEB800FFF72ABA6268022A1DD1FFF7C7FB0028EC
:10AEC8003FF467AF4FF0B04641F28838B36823F0DB
:10AED80003031343B360FFF753FA0746B368626886
:10AEE80003F00C03B3EB820FD4D0FFF749FAC01B71
:10AEF8004045F3D97FE7032A02D1FFF7BCFBDEE721
:10AF080012B9FFF7A9FBDAE74FF0B0431B685B05FE
:10AF1800D8D43EE7236823F007032B432360FFF7C9
:10AF28002FFA0646236803F00703AB42B8D0FFF7B1
:10AF380027FA801B0228F5D95DE700BF00400058BA
:10AF48003C0000204400002030B5046891FAA1F3C9
:10AF5800B3FA83F303255B0005FA03F324EA03033A
:10AF680091FAA1F1B1FA81F149008A401A430260CD
:10AF780030BD0000B0F1904F0BD14FF0B043DA6A0A
:10AF880042F00102DA62DA6A22F00102DA62012092
:10AF98007047144B984209D14FF0B043DA6A42F037
:10AFA8000202DA62DA6A22F00202EFE70E4B9842F6
:10AFB80009D14FF0B043DA6A42F00402DA62DA6A81
:10AFC80022F00402E2E7094B984209D14FF0B0435E
:10AFD800DA6A42F08002DA62DA6A22F08002D5E7A1
:10AFE800002070470004004800080048001C004882
:10AFF8002DE9F84F0E460F6897FAA7F54FF0010BA9
:10B00800B5FA85F54FF0030A4FF00F0837FA05F344
:10B0180002D10120BDE8F88F0BFA05F43C4053D06B
:10B02800D6F8049021464A46FFF78EFF09F1FF3310
:10B03800012B19D8B368816894FAA4F2B2FA82F2A3
:10B0480052000AFA02F221EA020294FAA4F1B1FAD1
:10B0580081F149008B40134383604268F36822EA18
:10B0680004026343134343603369C16894FAA4F24A
:10B07800B2FA82F252000AFA02F221EA020294FAC1
:10B08800A4F1B1FA81F149008B401343B9F1020FE1
:10B09800C36015D1FF2C716918D8026A94FAA4F319
:10B0A800B3FA83F39B0008FA03F322EA030294FA43
:10B0B800A4F3B3FA83F39B0001FA03F31343036287
:10B0C8004A462146FFF740FF01359FE7426A230AB7
:10B0D80093FAA3FCBCFA8CFC4FEA8C0C08FA0CFC23
:10B0E80022EA0C0293FAA3F3B3FA83F39B00994084
:10B0F80011434162E4E700002DE9F041076817F0C9
:10B1080001070546884647D1D8F81020D8F80830F6
:10B1180001681343D8F814201343204A0A40134304
:10B1280003604368D8F80C2023F44053134343606A
:10B138008368D8F8182023F44073134383604FF4CE
:10B14800406000F09FF9D8F80060044610B3D8F8C2
:10B158000440FCB1B3B2124A394632F813203B46D8
:10B16800F5F700FF090241EA106163080002C01800
:10B1780022463B4641F10001F5F7F4FEC0F3130007
:10B18800E8600120EB6AB6B223F00F031E43EE62BB
:10B19800BDE8F0812046F5E70020F9E7F3E9FFEF85
:10B1A800A0DD00084FF0B0431868C0F300507047A6
:10B1B8004FF0B0431868C0F3802070474FF0B04399
:10B1C800D3F89000C0F3400070474FF0B0431868C0
:10B1D800C0F3C00070474FF0B0431868C0F3406038
:10B1E800704700004FF0B043044A9B68C3F3031351
:10B1F80052F82330B0FBF3F0704700BF00DD0008C1
:10B208004FF0B043034A9B68C3F3022352F823303C
:10B21800D840704740DD00084FF0B04238B591681B
:10B2280001F00C01082950D017D889B3042900F07F
:10B238008C80FFF7CAFF46490246002876D1FFF7FF
:10B24800C4FF4FF0B043012816BFD3F894201B6801
:10B25800C2F3032251F822002AE00C29E9D1D3686D
:10B2680003F00303022B5FD0032B37D0FFF7ADFFAA
:10B27800374C014600284AD1FFF7A7FF012816BF1F
:10B28800D2F894101368C1F3032154F821302CE04C
:10B29800FFF79BFF2E4D044658B9FFF796FF01288C
:10B2A80016BFD2F894401368C4F3032455F8240059
:10B2B80038BDFFF78AFF01280ABF1168D2F8943019
:10B2C800C1F3031155F82100F2E7FFF76BFF214B9B
:10B2D80001462148012908BF1846E9E7FFF762FF40
:10B2E8001D4A1C4B012818BF13464FF0B042D068C6
:10B2F800D168D268C0F306205843C1F30213013362
:10B30800B0FBF3F0530F0133B0FBF3F0D0E7FFF7D6
:10B318005CFF01280BBF1368D2F89430C3F3031302
:10B32800002354F82330E0E70A4BDEE7FFF74DFF30
:10B338004FF0B04301280BBF1B68D3F89430C3F318
:10B348000313002351F82300B2E70248B0E700BF17
:10B3580060DD00080024F4000048E8014FF0B04325
:10B3680007B51A6842F001021A601A689207FCD5FC
:10B378001A6822F0F00242F060021A605A6822F459
:10B388007F425A605A6822F0FE4242F080425A6078
:10B398004FF4E0229A601A6801920199104A0A4013
:10B3A8000192019A1A60FFF716FF0028FBD14FF0AF
:10B3B800B0430C4ADA6040F23F3298610192019A38
:10B3C8001A62D3F8942042F40002C3F894200120B2
:10B3D8004FF44032C3F8082103B05DF804FB00BF06
:10B3E800FFF4CEFE0010042210B54FF0B04403283D
:10B3F800D4F888302AD11F4A03F0030343F44033BA
:10B40800934209D0B3F1031F0DD0013A934211D1F1
:10B41800BDE81040FFF700BFFFF7CAFE0128164835
:10B4280018BF002010BDFFF7C9FE431E58425841FF
:10B43800C003F7E7FFF7F0FEFFF7D4FEA3680F4A53
:10B44800C3F3C22352F82330D840EBE7034043EA62
:10B4580000400B4B9842DFD0B0F10C1FE3D0043B07
:10B468009842D5D0FFF7D8FEFFF7BCFEBDE81040E4
:10B47800FFF7C6BE020003000024F40040DD000808
:10B4880008000C0008B54FF0B043D3F888301840D6
:10B49800B0F5006F09D0B0F5406F0DD0B0F5806FF2
:10B4A80011D1BDE80840FFF7B7BEFFF781FE0128BC
:10B4B800094818BF002008BDFFF780FE431E584208
:10B4C8005841C003F7E7FFF7A7FEFFF78BFEBDE87B
:10B4D8000840FFF795BE00BF0024F4000F4B9842C8
:10B4E8000BD14FF0B0431A6C42F480521A641A6CB4
:10B4F80022F480521A6401207047094B98420AD1FD
:10B508004FF0B0439A6B42F480429A639A6B22F4EC
:10B5180080429A63EFE70020704700BF0030014087
:10B528000038004003685B0670B502462DD4D1E9A7
:10B5380000363343CE68056848690C6A33430E69A0
:10B5480033438E6903433343CE6925F47F45334340
:10B5580025F0BF0523432B43136053688D6823F4FC
:10B56800706323F0040345EA10401843B5F5006FF3
:10B5780050603EBF536843F480535360B4F5005F96
:10B5880001D18B8C1361012000E00020D36923F4E2
:10B598000063D36170BD00001A4A0368904210B579
:10B5A80002D0B0F1804F09D14C6823F0700390426B
:10B5B80043EA040309D0B0F1804F06D0124A904202
:10B5C80003D002F58062904203D1CA6823F4407325
:10B5D800134303608B68C3620B888362094B9842EC
:10B5E80007D003F5C053984203D003F5806398420F
:10B5F80001D10B690363436943F0010343610120EF
:10B6080010BD00BF002C014000440140B1F5805F2F
:10B6180030B500F0F08009D8102975D0B1F5807FD9
:10B6280000F0AE80012935D0002030BDB1F5803F53
:10B6380000F00E81B1F5801FF6D1036A146823F477
:10B6480080130362036A416D21F0807121F4E041A7
:10B6580041EA0424116923F4001343EA01535168B1
:10B6680023F4801343EA01539149884207D001F536
:10B67800C051884203D001F58061884206D14168F3
:10B68800956921F4802141EA85214160D2684465A9
:10B69800C26536E0036A156823F001030362036A92
:10B6A8004168846924F4803424F073042C431569B8
:10B6B80023F002032B43556823F001032B437C4DF1
:10B6C800A84207D005F5C055A84203D005F5806506
:10B6D800A84212D1556923F0080343EA8503956807
:10B6E80023F0040343EA8503956921F48071294313
:10B6F800D56921F4007141EA4501D268416084614D
:10B7080042630362012090E7036A156823F010037F
:10B718000362036A4168846924F0807424F4E6446F
:10B7280044EA0524156923F0200343EA0513556804
:10B7380023F0100343EA05135D4DA84207D005F531
:10B74800C055A84203D005F58065A84213D15569B4
:10B7580023F0800343EA8513956823F0400343EA06
:10B768008513956921F4806141EA8501D56921F441
:10B77800006141EAC501D268416084618263C0E723
:10B78800036A156823F480730362036A4168C46915
:10B7980024F4803424F073042C43156923F40073D3
:10B7A80043EA0523556823F4807343EA0523404D93
:10B7B800A84207D005F5C055A84203D005F5806515
:10B7C800A84213D1556923F4006343EA8523956899
:10B7D80023F4806343EA8523956921F4805141EA83
:10B7E8000511D56921F4005141EA4511D26841603B
:10B7F800C461C26385E7036A156823F48053036252
:10B80800036A4468C16921F0807121F4E64141EA84
:10B818000521156923F4005343EA0533556823F4D9
:10B82800805343EA0533224DA84207D005F5C05599
:10B83800A84203D005F58065A84204D1956924F48F
:10B84800804444EA8514D2684460C161026458E7C0
:10B85800036A146823F480330362036A416D21F498
:10B86800803121F070010C43116923F4003343EA5D
:10B878000143516823F4803343EA01430C49884269
:10B8880007D001F5C051884203D001F58061884294
:10B8980006D14168956921F4803141EA052141606A
:10B8A8004465816DD268090C09041143816528E754
:10B8B800002C01400F4B98420BD14FF0B0431A6C4B
:10B8C80042F480421A641A6C22F480421A640120FD
:10B8D8007047094B98420AD14FF0B0439A6B42F433
:10B8E80000329A639A6B22F400329A63EFE70020E1
:10B8F800704700BF003801400044004038B5036875
:10B90800DB0704460D464DD42A69AB68016813432A
:10B918006A691343EA691343234A0A4013430360DD
:10B928004368EA6823F44053134343608368AA6971
:10B9380023F44073134383601C4B984220D10320A7
:10B94800FFF752FD2B68F0B16A68E2B10B2B15D8EE
:10B95800174951F82330E969B0FBF3F0B1F5004F0E
:10B968004FEA520319D103EB4003B3FBF2F34FF64E
:10B97800F0721A40C3F342031343E360012003E06B
:10B988000C4B984207D00020E26A2B8822F00F0265
:10B998001343E36238BD0C20D2E70344B3FBF2F350
:10B9A8009BB2EAE70020F5E7F369FFEF00380140B2
:10B9B800B8DD00080044004008B5C0F3C7537F3B1A
:10B9C800162B014615DC002B02460BDB0B481841F1
:10B9D800014205D04FF480011941114421EA0001C8
:10B9E800084608BD013300F00041F9D141F07E510D
:10B9F800F6E7802BF4D1F4F7A1FF08BDFFFF7F0025
:10BA080070B50D4D0D4C641BA4100026A64209D13B
:10BA18000B4D0C4C00F0E2F9641BA4100026A64262
:10BA280005D170BD55F8043B98470136EEE755F847
:10BA3800043B98470136F2E7F0DD0008F0DD000826
:10BA4800F0DD0008F8DD0008034611F8012B03F8C3
:10BA5800012B002AF9D1704710B502461478134615
:10BA68000132002CFAD1013B11F8012B03F8012F08
:10BA7800002AF9D110BDC9B20346184613F8012BA4
:10BA880012B18A42F9D17047002918BF00207047C7
:10BA98000A44914200F1FF3300D1704710B511F804
:10BAA800014B03F8014F9142F9D110BD10B56AB1AD
:10BAB8000139841810F8012B11F8013F9A4203D17B
:10BAC800A04201D0002AF5D1D01A10BD1046FCE7DB
:10BAD800884210B501EB020402D98442234607D8F4
:10BAE800431EA14208D011F8012B03F8012FF8E7F3
:10BAF800024401468A4200D110BD13F8014D02F8F4
:10BB0800014DF7E702440346934200D1704703F81A
:10BB1800011BF9E72DE9F047089E0D4604460F463C
:10BB2800002B4AD18A42944665D9B2FA82F343B1CE
:10BB380002FA03FCC3F120029F4020FA02F21743E5
:10BB48009C404FEA1C4E1FFA8CF5B7FBFEF1220C05
:10BB58000EFB117742EA074201FB05F090420AD931
:10BB68001CEB020201F1FF3780F01B81904240F28A
:10BB7800188102396244121AA4B2B2FBFEF00EFB1D
:10BB8800102244EA024400FB05F5A5420AD91CEB41
:10BB9800040400F1FF3280F00681A54240F20381DF
:10BBA8006444023840EA0140641B00211EB1DC40B5
:10BBB8000023C6E90043BDE8F0878B4208D9002E70
:10BBC80000F0EC800021C6E900050846BDE8F087D2
:10BBD800B3FA83F1002949D1AB4202D3824200F281
:10BBE800F780841A65EB030201201746002EE2D085
:10BBF800C6E90047DFE702B9FFDEB2FA82F3002B9D
:10BC080040F08F808A1A4FEA1C471FFA8CFE0121E8
:10BC1800B2FBF7F507FB1520220C42EA00420EFBA7
:10BC280005F0904208D91CEB020205F1FF3802D258
:10BC3800904200F2CA804546121AA4B2B2FBF7F04D
:10BC480007FB102244EA02440EFB00FEA64508D971
:10BC58001CEB040400F1FF3202D2A64500F2BA80C0
:10BC68001046A4EB0E0440EA05409FE7C1F1200707
:10BC78008B4022FA07FC4CEA030C05FA01F420FA7F
:10BC880007F3FD40234300FA01F94FEA1C401FFA6D
:10BC98008CFEB5FBF0F81C0C00FB185544EA054473
:10BCA80008FB0EF5A54202FA01F20BD91CEB0404BD
:10BCB80008F1FF3A80F08780A54240F28480A8F11D
:10BCC80002086444641B9DB2B4FBF0F300FB134408
:10BCD80045EA044403FB0EFEA64508D91CEB040400
:10BCE80003F1FF306BD2A64569D9023B644443EAAD
:10BCF8000840A0FB0283A4EB0E049C42C6461D46E6
:10BD080055D352D056B1B9EB0E0364EB050404FACF
:10BD180007F7CB40CC401F43C6E900740021BDE8BB
:10BD2800F087C3F1200102FA03FC20FA01F225FA98
:10BD380001F19D402A434FEA1C471FFA8CFEB1FBD4
:10BD4800F7F007FB1015110C41EA054100FB0EF551
:10BD58008D4204FA03F408D91CEB010100F1FF3805
:10BD68002FD28D422DD902386144491B92B2B1FBC2
:10BD7800F7F507FB151142EA014205FB0EF1914266
:10BD880008D91CEB020205F1FF3816D2914214D9EA
:10BD9800023D6244521A45EA004139E731463046CD
:10BDA80009E73946E7E61046FCE6C145AAD2B8EBF2
:10BDB800020E63EB0C050138A4E74546EAE70346A3
:10BDC80095E74046D1E7D0467CE7023D624433E739
:10BDD80008460BE76444023843E700BFF8B500BFE4
:10BDE800F8BC08BC9E467047F8B500BFF8BC08BC54
:04BDF8009E467047AC
:10BDFC0018120C1801010119190119190106060173
:10BE0C0006060103030103030102020102020112EF
:10BE1C000C01120C00206C0002206A006D007400F2
:10BE2C0002050102020100000000000001000000F8
:10BE3C00020000006D696E2C00206D572C00322E14
:10BE4C003447003931354D003836384D00343333F2
:10BE5C004D003730636D003836364D004455414C3B
:10BE6C00003F003530487A003331487A0031394888
:10BE7C007A00464C52430046534B003139487A37CE
:10BE8C007800011F136F011300D57FAAFE2B81547C
:10BE9C0029FC5683D702A87D52872DF8AC79D3069E
:10BEAC007BAE04D18550FA2FA471DB0E5A8F25F08E
:10BEBC008D58F22773A60CD9F623895C08DD77A27E
:10BECC00DF0AA07521F45E8B9D48E23763B61CC96E
:10BEDC00B461CB1E4A9F35E0CF1AB06531E44E9B5E
:10BEEC00E633994C18CD67B239EC4693C712B86D4E
:10BEFC0010C56FBAEE3B91446BBE14C19540EA3F3E
:10BF0C0042973DE8BC69C316EF3A904511C46EBB2D
:10BF1C00C613B96C38ED4792BD68C21743963CE91D
:10BF2C009441EB3E6ABF15C04B9E34E1B560CA1F0D
:10BF3C0062B71DC89C49E33619CC66B3E732984DFD
:10BF4C0030E54F9ACE1BB16472A70DD88C59F326ED
:10BF5C005B8E24F1A570DA0F20F55F8ADE0BA174DD
:10BF6C0009DC76A3F722885DD603A97C28FD5782CD
:10BF7C00FF2A805501D47EAB8451FB2E7AAF05D0BD
:10BF8C00AD78D20753862CF9616263646566676885
:10BF9C00696A6B6C6D6E6F7071727374757677788D
:10BFAC00797A303132333435363738395F232D2EA8
:10BFBC000000010001000200020002000300040066
:10BFCC000500060008000A000C00100014001900FF
:10BFDC002000280032003F00500064007D009E00CD
:10BFEC00C800FA003C019001F40176022003E8033A
:10BFFC00E204DC05D0076E006900630076007277FE
:10C00C0000740074770000000000000000000000C5
:10C01C00EB1900080000000000000000F7190008F0
:10C02C000000000000000000D31900080001020409
:10C03C00050301020001020503046D6C72732E30BE
:10C04C000053657475705374617274537478345200
:10C05C007800536574757053746172744D61726BB2
:10C06C0065720021656E6421004449592057696F3F
:10C07C00453520453232006D4C5253010203040009
:10C08C006D4C525304030201000A00206972713D89
:10C09C007800206C733D0020727831733D00207263
:10C0AC007832733D0040504152414D2F70617261A6
:10C0BC006D2E70636B0072785F737461747573208E
:10C0CC006661696C757265006661696C206100203F
:10C0DC0000646F5F72656365697665282920434843
:10C0EC0045434B5F4552524F525F53594E43574F46
:10C0FC005244005378206E6F74206F6B002E0049F1
:10C10C00525120544D4F204641494C004952512028
:10C11C00525820444F4E45204641494C00495251FB
:10C12C0020545820444F4E45204641494C000000B5
:10C13C000000000000000000092200082122000875
:10C14C00C5290008F12900080F2A00084D2600080F
:10C15C006F1A0008791B00080000000000000000A6
:10C16C00551A0008832D00086D2C0008AD2B000813
:10C17C00832B0008911B0008112C0008AD1B000834
:10C18C00DD2B0008D11B000800000000000000009F
:10C19C00551A0008452F0008571A0008591A0008AC
:10C1AC00272E00085D1A0008611A0008651A00089D
:10C1BC00671A00086B1A000800000000000000005D
:10C1CC00634D0008014E0008E54D0008C54D000800
:10C1DC000000000000000000551A0008ED1B0008CC
:10C1EC00571A0008591A0008797B0008F57B0008DB
:10C1FC00ED6200085D630008671A00086B1A0008FE
:10C20C00414E474C4500484F52495A4F4E004E4103
:10C21C005620414C54484F4C440048454144494EEB
:10C22C004720484F4C440048454144465245450040
:10C23C004845414441444A0043414D535441420016
:10C24C004E415620525448004E415620504F5348B0
:10C25C004F4C44004D414E55414C004245455045D4
:10C26C0052004C454453204F4646004C49474854D5
:10C27C0053004F5344204F46460054454C454D45C2
:10C28C00545259004155544F2054554E4500424C80
:10C29C0041434B424F58004641494C53414645009F
:10C2AC004E415620575000414952204D4F444500B5
:10C2BC00484F4D4520524553455400474353204E5B
:10C2CC0041560046505620414E474C45204D49584A
:10C2DC00005355524641434500464C415045524F40
:10C2EC004E005455524E20415353495354004E4125
:10C2FC0056204C41554E434800534552564F204111
:10C30C0055544F5452494D0043414D4552412043E1
:10C31C004F4E54524F4C20310043414D4552412019
:10C32C00434F4E54524F4C20320043414D455241E5
:10C33C0020434F4E54524F4C2033004F5344204116
:10C34C004C542031004F534420414C542032004F68
:10C35C00534420414C542033004E415620434F55FA
:10C36C0052534520484F4C44004D43204252414BC0
:10C37C00494E4700555345523100555345523200F2
:10C38C005553455233005553455234004C4F495484
:10C39C004552204348414E4745004D53502052438F
:10C3AC00204F564552524944450050524541524D3A
:10C3BC0000545552544C45004E4156204352554959
:10C3CC005345004155544F204C4556454C20545232
:10C3DC00494D00575020504C414E4E455200534F42
:10C3EC004152494E47004D495353494F4E20434803
:10C3FC00414E474500424545504552204D55544508
:10C40C00004D554C54492046554E4354494F4E000F
:10C41C004D495845522050524F46494C4520320008
:10C42C004D49584552205452414E534954494F4E50
:10C43C0000414E474C4520484F4C4400800CD007DF
:10C44C00B704C71B800CB7040410020A0B06972311
:10C45C0004100B06000000000000000044D8000887
:10C46C002B1300001CD800080A000000000000007C
:10C47C0000000000000000000000000000000000B0
:10C48C0000000000800080FF000001000A000A008C
:10C49C000E0019001400640016009E0061626364B3
:10C4AC0065666768696A6B6C6D6E6F7071727374B8
:10C4BC0075767778797A3031323334353637383996
:10C4CC005F232D2E0000000000070E091C1B121507
:10C4DC00383F363124232A2D70777E796C6B626558
:10C4EC00484F464154535A5DE0E7EEE9FCFBF2F548
:10C4FC00D8DFD6D1C4C3CACD90979E998C8B828538
:10C50C00A8AFA6A1B4B3BABDC7C0C9CEDBDCD5D227
:10C51C00FFF8F1F6E3E4EDEAB7B0B9BEABACA5A217
:10C52C008F88818693949D9A2720292E3B3C353207
:10C53C001F18111603040D0A5750595E4B4C4542F7
:10C54C006F68616673747D7A898E878095929B9CE7
:10C55C00B1B6BFB8ADAAA3A4F9FEF7F0E5E2EBECD7
:10C56C00C1C6CFC8DDDAD3D4696E676075727B7CC7
:10C57C0051565F584D4A4344191E171005020B0CB7
:10C58C0021262F283D3A33344E49404752555C5BA7
:10C59C007671787F6A6D64633E39303722252C2B97
:10C5AC000601080F1A1D1413AEA9A0A7B2B5BCBB87
:10C5BC009691989F8A8D8483DED9D0D7C2C5CCCB77
:10C5CC00E6E1E8EFFAFDF4F30000000032090000A8
:10C5DC0000000000010000007C2B000000000000A7
:10C5EC0002000000890C00000000000004000000A4
:10C5FC00ED0E030C0D00000005000000D91C01001D
:10C60C0000000000060000006803000000000000AD
:10C61C000700000077200000000000000800000068
:10C62C0075240000000000000B00000059060104F6
:10C63C000000000014000000D614030203000000E8
:10C64C00150000009F02030001000000160000000E
:10C65C00DC1900000000000017000000A8170304FC
:10C66C000500000018000000183400000000000055
:10C67C001900000017650000000000001A000000FF
:10C68C00AA180000000000001B000000901D000014
:10C69C00000000001C00000043100000000000001F
:10C6AC001D00000073100000000000001E000000C0
:10C6BC00271C0000000000001F000000F6300000E6
:10C6CC000000000020000000B91C00000000000069
:10C6DC0021000000681C0000000000002200000087
:10C6EC00ED1600000000000023000000F41600000E
:10C6FC000000000024000000DE2500000000000007
:10C70C0025000000D40703040500000026000000EB
:10C71C00090703040500000027000000FE26032083
:10C72C002100000028000000E605030203000000C1
:10C73C00290000001C040302030000002A00000072
:10C74C001C120000000000002B00000084030300FA
:10C75C00010000002C000000DD09030203000000B2
:10C76C002D000000E8030300010000002E00000073
:10C77C000B020000000000002F00000099080300CD
:10C78C0001000000300000002915010C0000000021
:10C79C0031000000271400000000000032000000EF
:10C7AC004E2503121300000033000000C4050302E1
:10C7BC00030000003500000003050000000000002D
:10C7CC00360000000F1B0318190000003700000092
:10C7DC0003190000000000003D000000A748000005
:10C7EC00000000003E000000B71A0000000000002E
:10C7FC003F00000077B50000000000004000000082
:10C80C00BFE100000000000041000000762A00009B
:10C81C000000000042000000940603020300000028
:10C82C00430000001504000000000000450000005B
:10C83C00F31E010A00000000460000007C260310D5
:10C84C0011000000490000002626032021000000F2
:10C85C004A00000014140000000000004B0000000F
:10C86C009E23031E1F0000004C0000009821031E95
:10C87C001F0000004D0000008F0A03080900000093
:10C88C00500000000E0403020300000051000000E1
:10C89C006A1600000000000052000000313303242F
:10C8AC0025000000530000001625000000000000C9
:10C8BC00540000008F350332330000005500000097
:10C8CC008C330000000000005600000005350332D8
:10C8DC0033000000570000009633000000000000F9
:10C8EC0059000000E71C0000000000005A00000086
:10C8FC00B7380000000000005B0000003F2A000079
:10C90C00000000005C000000362100000000000068
:10C91C005D0000002F5100000000000064000000CA
:10C92C00AF220000000000006500000066750000EA
:10C93C0000000000660000009E7500000000000072
:10C94C0067000000D0390000000000006800000003
:10C95C003874000000000000690000005D3F00001A
:10C96C00000000006A0000008A2C0000000000009B
:10C97C006B0000006C410000000000006C00000027
:10C98C00205C0000000000006D000000B9090000F0
:10C99C00000000006E00000054FE030102000000C5
:10C9AC006F00000022120310110000007000000044
:10C9BC00AE0C000000000000710000007C2700009D
:10C9CC000000000072000000ED2C000000000000D0
:10C9DC007300000004400000000000007400000020
:10C9EC004C180000000000007500000080060304D5
:10C9FC000500000076000000380E0000000000006A
:10CA0C0077000000740C030A0B0000007800000093
:10CA1C00866100000000000079000000ED020300B8
:10CA2C00010000007A000000CB02030001000000AE
:10CA3C007B000000FA710300010000007C00000084
:10CA4C0057390000000000007D000000CB060000FC
:10CA5C00000000007E000000DC51034F500000007D
:10CA6C007F0000001923000000000000800000007F
:10CA7C00E223000000000000810000002E180000DE
:10CA8C0000000000820000001D0D000000000000EE
:10CA9C0083000000DFFF00000000000084000000A5
:10CAAC005527000000000000850000000612000061
:10CABC000000000086000000E52B000000000000D4
:10CACC0087000000CB080000000000008800000078
:10CADC00011600000000000089000000C3100000D7
:10CAEC00000000008A0000006D78000000000000CB
:10CAFC008B000000A82B03292A0000008C000000EA
:10CB0C00B5290000000000008D0000002F2000005F
:10CB1C00000000008E00000048F300000000000040
:10CB2C008F00000083100000000000009000000047
:10CB3C007F5D0000000000009200000067640000B0
:10CB4C0000000000930000009A3600000000000076
:10CB5C0094000000B24E00000000000095000000A0
:10CB6C00C83C00000000000096000000862A00006F
:10CB7C000000000097000000DB080306070000001F
:10CB8C0098000000D0080000000000009900000090
:10CB9C00BC0C0000000000009A000000540F0306BB
:10CBAC00070000009B000000160D030405000000A8
:10CBBC009C00000013060300010000009D00000013
:10CBCC00150F030C0D0000009E000000860F030CD7
:10CBDC000D000000A00000004E0C0308090000002E
:10CBEC00A10000004403030001000000A2000000AB
:10CBFC00BD09000000000000A30000007F1C000025
:10CC0C0000000000A40000009A2C000000000000AE
:10CC1C00A50000001503000000000000A6000000A5
:10CC2C001509000000000000A7000000901600008D
:10CC3C0000000000A8000000010C00000000000033
:10CC4C00A9000000EA12000000000000AA00000089
:10CC5C004922000000000000AB000000B5420000BB
:10CC6C0000000000AC000000166200000000000094
:10CC7C00AD0000005308000000000000AE000000F2
:10CC8C00A730000000000000AF0000008A13030E64
:10CC9C000F000000B0000000EA03030001000000D8
:10CCAC00B1000000F014000000000000B200000011
:10CCBC002F18000000000000B3000000BD1D011A79
:10CCCC0000000000B4000000342F012A0000000016
:10CCDC00B5000000AE04000000000000B60000002B
:10CCEC00E528000000000000B7000000550203001A
:10CCFC0001000000B80000009FCE030405000000F6
:10CD0C00B9000000BA07030405000000BA000000D7
:10CD1C00481D030001000000BF0000005C1B000068
:10CD2C0000000000C00000002436000000000000DD
:10CD3C00C1000000471A000000000000C200000003
:10CD4C006221000000000000C300000078250000F4
:10CD5C0000000000C8000000862A032829000000FB
:10CD6C00C9000000CD0E030C0D000000D600000021
:10CD7C004508030607000000D7000000650300000B
:10CD8C0000000000D8000000320303000100000086
:10CD9C00D9000000CA06000000000000DA00000004
:10CDAC001107030001000000DB000000A2020000DC
:10CDBC0000000000DC000000222000000000000049
:10CDCC00DD000000472A000000000000DE0000002B
:10CDDC000F03000000000000DF000000772F032A83
:10CDEC002B000000E0000000662D032A2B00000041
:10CDFC00E1000000D049000000000000E20000004B
:10CE0C00CF08000000000000E6000000A32A00008C
:10CE1C0000000000E700000069280000000000008E
:10CE2C00E80000009741000000000000E90000004D
:10CE3C0023B6000000000000EA0000009628000065
:10CE4C0000000000EB000000B32A0000000000000E
:10CE5C00F10000005A20000000000000F200000069
:10CE6C00683C000000000000F3000000553D013458
:10CE7C0000000000F40000005F060000000000004D
:10CE8C00F50000008202000000000000F600000027
:10CE9C00B826000000000000F7000000511300004D
:10CEAC0000000000F800000008FE0303040000006E
:10CEBC00F9000000CC24000000000000FA00000083
:10CECC00311E000000000000FB000000AA12000050
:10CEDC0000000000FC0000002C120000000000000C
:10CEEC00FD0000005336000000000000FE000000B2
:10CEFC002E0900000000000000010000472A030872
:10CF0C00090000000101000083090000000000007E
:10CF1C0002010000BBE80300010000000301000057
:10CF2C005CED00000000000004010000920E000007
:10CF3C000000000005010000B33D000000000000EF
:10CF4C00060100000C1700000000000007010000A3
:10CF5C0085FF0000000000000801000031200000E7
:10CF6C0000000000090100001A140000000000007D
:10CF7C000A010000C1FF0302030000000B010000C6
:10CF8C0023FF0302030000000C0100000E04030247
:10CF9C00030000000D0100006DD700000000000030
:10CFAC000E0100003B140000000000000F01000007
:10CFBC001635000000000000130100007E20000068
:10CFCC0000000000140100001232000000000000FC
:10CFDC00150100003E1E00000000000018010000BA
:10CFEC00462100000000000019010000300D000077
:10CFFC00000000001A0100007B2303202100000028
:10D00C001B0100004A910000000000001C01000000
:10D01C006320031E1F0000001D0100008931032640
:10D02C00270000001E010000D2390332330000003B
:10D03C001F0100000117031415000000200100005F
:10D04C00141703141500000022010000FB2E000031
:10D05C0000000000230100000A390000000000005D
:10D06C0024010000E3DF0318190000002701000071
:10D07C00EA0C000000000000280100003223000030
:10D08C00000000002B0100001362000000000000F3
:10D09C002C010000D9160000000000002D0100003A
:10D0AC00F33A000000000000360100001C110000E3
:10D0BC0000000000370100005F7400000000000059
:10D0CC0040010000F31403020300000041010000C2
:10D0DC00580203000100000042010000F39500001B
:10D0EC0000000000430100004E930300010000000B
:10D0FC004401000084920000000000004A0100007E
:10D10C0017A70000000000004B0100005BE90000C5
:10D11C00000000004C010000ECEF000000000000DB
:10D12C004D010000E76D0000000000004E01000002
:10D13C00480A0000000000004F010000E118000048
:10D14C000000000050010000F55400000000000039
:10D15C0053010000C705000000000000540100004E
:10D16C00634600000000000059010000D1150302C5
:10D17C00030000005E010000E8FC0000000000005D
:10D18C0062010000D20E030C0D00000063010000D0
:10D19C00060C000000000000680100000B190000E4
:10D1AC0000000000690100005D210000000000008B
:10D1BC0071010000971800000000000072010000CF
:10D1CC004B6D000000000000730100000A1A000003
:10D1DC0000000000740100001A8C00000000000028
:10D1EC0075010000752A00000000000077010000A6
:10D1FC00FB8C00000000000078010000C708000054
:10D20C00000000007C010000E81400000000000099
:10D21C0081010000938503020300000082010000DD
:10D22C00841003040500000083010000044803047B
:10D23C0005000000840100000825032021000000E7
:10D24C00860100009CF00000000000008B01000033
:10D25C0000D40000000000008C01000032A000008F
:10D26C00000000008D010000B66C00000000000002
:10D27C00900100006EFE0304050000009101000007
:10D28C00B7060304050000009A010000A035000059
:10D29C00000000009B0100006A0300000000000079
:10D2AC009C01000021060304050000009D01000004
:10D2BC004D070304050000009E0100006D100000E6
:10D2CC00000000009F010000A11000000000000001
:10D2DC00A40100001449030607000000B30100007C
:10D2EC00862E000000000000B4010000C1090000FF
:10D2FC0000000000B50100001E010000000000004D
:10D30C00B80100004223000000000000B901000039
:10D31C00A911000000000000FE010000F56A0000E9
:10D32C0000000000FF0100001C470000000000008E
:10D33C0000020000B802000000000000421F0000C4
:10D34C00DA10000000000000431F0000E729000075
:10D35C0000000000441F0000AC6200000000000050
:10D36C00451F0000FB26000000000000461F0000C7
:10D37C00610E000000000000471F0000402000006C
:10D38C0000000000481F0000EA210000000000001F
:10D39C00491F000090100000000000004A1F000010
:10D3AC009B290000000000004B1F000014660000C9
:10D3BC00000000004C1F00003610000000000000B0
:10D3CC004D1F0000DE2E0000000000004E1F00006C
:10D3DC00C80E0000000000004F1F000017180000CE
:10D3EC0000000000501F000095120000000000001B
:10D3FC002823000071890000000000002D2300008C
:10D40C00752200000000000011270000D11400005C
:10D41C000000000012270000BA29000000000000E4
:10D42C001327000004010000000000001427000076
:10D43C0085090000000000001527000067090000A6
:10D44C000000000016270000C104000000000000CE
:10D45C0017270000471100000000000018270000EB
:10D46C00F00E000000000000A7270000C3550000CC
:10D47C0000000000F82A00008634030405000000B8
:10D48C00F92A00000F88000000000000FA2A0000B2
:10D49C00EAB4030405000000FB2A0000400500006C
:10D4AC0000000000FC2A00000BE803080900000043
:10D4BC00FD2A00005DE6000000000000022B0000C9
:10D4CC002E31000000000000032B00006A2C00002D
:10D4DC00000000000C2B0000CD100000000000002C
:10D4EC00162B0000902C000000000000172B0000F1
:10D4FC00852C000000000000182B0000552C0000AB
:10D50C0000000000192B0000C325031011000000BF
:10D51C001A2B00004F050000000000001B2B000020
:10D52C0080080304050000001C2B0000B122000041
:10D53C00000000001D2B0000821C000000000000F9
:10D54C001E2B00002F260000000000001F2B0000E7
:10D55C008E09000000000000202B0000842C00002D
:10D56C0000000000212B0000D02C00000000000067
:10D57C00222B0000C92C000000000000232B00000F
:10D58C00C12C000000000000242B0000BD2C00006A
:10D59C0000000000342B0000A24E00000000000030
:10D5AC0064320000722C03000100000065320000A0
:10D5BC00FE3B031E1F000000663200008C35030486
:10D5CC000500000067320000F92E03000100000086
:10D5DC00683200004D36031C1D000000693200004B
:10D5EC00312B030001000000733200005EF90300D0
:10D5FC0001000000763200008B33000000000000B8
:10D60C00773200000712031011000000783200007E
:10D61C0014050000000000006842000067B3000021
:10D62C0000000000FE4200001A2100000000000073
:10D63C00FF42000048100000000000000143000001
:10D64C0013110000000000000243000059110000FB
:10D65C0000000000034300001B0A00000000000053
:10D66C00044300000E5B00000000000005430000B6
:10D67C00BB54000000000000064300006A180000C4
:10D68C000000000010A40000E301000000000000F6
:10D69C0011A40000EF2E00000000000051C3000098
:10D6AC00F62000000000000052C30000B5F6000098
:10D6BC000000000053C300003E13000000000000F7
:10D6CC0054C30000F00A03080900000055C3000011
:10D6DC00980603040500000020CB00000D64000038
:10D6EC000000000021CB0000EF0100000000000052
:10D6FC0015CD0000F01100000000000016CD000058
:10D70C00584E00000000000017CD000060550000CE
:10D71C000000000018CD0000B11C0000000000004B
:10D72C0019CD0000D73200000000000078CD0000B9
:10D73C00B52603202100000079CD000066240000EE
:10D74C000000000060EA000004160314150000003D
:10D75C006AEA0000D0210000000000006BEA000023
:10D76C00B7070000000000006CEA000063240320EF
:10D77C00210000006DEA0000811803141500000060
:10D78C006EEA0000860803040500000074EA00003D
:10D79C00CA0400000000000088EA00009CF50000AC
:10D7AC000000000089EA0000BFFF0000000000003C
:10D7BC008DEA00000E170302030000008EEA000041
:10D7CC00AB1C0308090000008FEA000037070000BB
:10D7DC000000000091EA0000610C00000000000055
:10D7EC0092EA0000DC0E00000000000093EA00004A
:10D7FC00F51800000000000094EA0000652C000001
:10D80C000000000095EA00002D060000000000005A
:10D81C006666F435CCCCFC353333053699990D3628
:10D82C000000163666661E36CCCC263633332F36C1
:10D83C0099993736000040366666663800007038B5
:10D84C009999793833338338CCCC8C3866669638D2
:10D85C000000A0389999A9383333B338CCCCBC38F4
:10D86C006666C6380000D0389999D9383333E33816
:10D87C00CCCCEC386666F638000000399999093939
:10D88C0033331339CCCC1C39666626390000303959
:10D89C009999393933334339CCCC4C39666656397E
:10D8AC00000060399999693933337339CCCC7C39A0
:10D8BC006666863900009039999999393333A339C2
:10D8CC00CCCCAC396666B6390000C0399999C939E7
:10D8DC003333D339CCCCDC396666E6390000F03909
:10D8EC009999F9390000891112239B322446AD57BE
:10D8FC003665BF74488CC19D5AAFD3BE6CCAE5DB8C
:10D90C007EE9F7F88110080193331A22A5562C47AB
:10D91C00B7753E64C99C408DDBBF52AEEDDA64CB6B
:10D92C00FFF976E802218B30100299132667AF7647
:10D93C003444BD554AADC3BC588ED19F6EEBE7FA4B
:10D94C007CC8F5D983310A2091121803A7772E666B
:10D95C00B5543C45CBBD42ACD99E508FEFFB66EA2B
:10D96C00FDD874C904428D5316619F702004A9150B
:10D97C003227BB364CCEC5DF5EEDD7FC6888E1990B
:10D98C007AABF3BA85520C4397711E60A11428052B
:10D99C00B3373A26CDDE44CFDFFD56ECE9986089EB
:10D9AC00FBBB72AA06638F7214409D512225AB34C7
:10D9BC003006B9174EEFC7FE5CCCD5DD6AA9E3B8CB
:10D9CC00788AF19B87730E6295501C41A3352A24EB
:10D9DC00B1163807CFFF46EEDDDC54CDEBB962A8AB
:10D9EC00F99A708B088481951AA793B62CC2A5D38B
:10D9FC003EE1B7F04008C919522BDB3A644EED5F9B
:10DA0C00766DFF7C899400859BB712A6ADD224C39A
:10DA1C00BFF136E0C1184809D33B5A2AE55E6C4F7A
:10DA2C00F77D7E6C0AA583B4188691972EE3A7F236
:10DA3C003CC0B5D14229CB38500AD91B666FEF7E5A
:10DA4C00744CFD5D8BB502A499961087AFF326E25A
:10DA5C00BDD034C1C3394A28D11A580BE77F6E6E3A
:10DA6C00F55C7C4D0CC685D71EE597F42880A191FA
:10DA7C003AA3B3B2444ACD5B5669DF78600CE91D1A
:10DA8C00722FFB3E8DD604C79FF516E4A99020811A
:10DA9C00BBB332A2C55A4C4BD7795E68E11C680DFA
:10DAAC00F33F7A2E0EE787F61CC495D52AA1A3B0B6
:10DABC003882B193466BCF7A5448DD59622DEB3CDA
:10DACC00700EF91F8FF706E69DD414C5ABB122A0DA
:10DADC00B9923083C77B4E6AD5585C49E33D6A2CBA
:10DAEC00F11E780FA08601000B19000050C3000036
:10DAFC001000041000005B0101000000B01D0000CC
:10DB0C0096FF00000506010C015B0000903300003D
:10DB1C0091FF00000606010C015B0000205800007C
:10DB2C0090FF0000B9C30008000000000CC2000800
:10DB3C000200000012C20008030000001AC2000814
:10DB4C000400000026C200080500000033C20008D3
:10DB5C00060000003CC20008FF00000044C20008A0
:10DB6C00FF0000004CC200080700000054C200086F
:10DB7C000800000060C200080900000067C200082D
:10DB8C00FF0000006EC20008FF00000077C2000812
:10DB9C00FF0000007EC20008FF00000086C20008E3
:10DBAC00FF00000090C200080A0000009AC20008A2
:10DBBC00FF000000A3C2000801000000ACC2000876
:10DBCC000B000000B3C200080C000000BCC200082F
:10DBDC00FF000000C7C20008FF000000CFC2000811
:10DBEC00FF000000DDC20008FF000000E5C20008D5
:10DBFC000D000000EEC200080E000000FAC2000882
:10DC0C000F00000005C30008FF00000014C300084B
:10DC1C00FF00000025C30008FF00000036C3000809
:10DC2C00FF00000047C30008FF00000051C30008BC
:10DC3C00FF0000005BC30008FF00000065C3000884
:10DC4C001000000075C30008FF00000080C300082E
:10DC5C00FF00000086C30008FF0000008CC3000812
:10DC6C00FF00000092C30008FF00000098C30008EA
:10DC7C00FF000000A6C30008FF000000B6C30008A8
:10DC8C00FF000000BDC3000811000000C4C3000861
:10DC9C0012000000CFC30008FF000000DFC3000823
:10DCAC00FF000000EAC3000813000000F2C30008E4
:10DCBC00FF00000001C40008FF0000000DC40008B4
:10DCCC00FF0000001CC40008FF0000002CC400086A
:10DCDC00FF0000003DC4000814000000000000001C
:10DCEC0000000000AD900008AF900008B390000851
:10DCFC00B7900008010000000300000005000000C0
:10DD0C000100000001000000060000000A000000F5
:10DD1C0020000000020000000400000008000000C9
:10DD2C001000000040000000800000000001000016
:10DD3C0000020000000000000000000000000000D5
:10DD4C0000000000010000000200000003000000C1
:10DD5C0004000000A0860100400D0300801A06009C
:10DD6C0000350C0040420F0080841E0000093D006D
:10DD7C0000127A000024F40000366E010048E8011D
:10DD8C00006CDC020000000000000000000000003D
:10DD9C0000000000010002000400060008000A0058
:10DDAC000C00100020004000800000010100000069
:10DDBC000200000004000000060000000800000043
:10DDCC000A0000000C000000100000002000000001
:0CDDDC004000000080000000000100007A
:08DDE80034DDFF7F01000000A3
:08DDF000091000080D90000865
:04DDF800E10F00082F
:10DDFC006DC000080AC000080DC000080FC0000864
:10DE0C0002C0000804C0000806C0000808C00008D2
:10DE1C0090BADCFE785634120A0000009CC100084F
:10DE2C00FF000000E4C100086CC1000800093D00BF
:08DE3C000100000010000000CD
:040000050800A271DC
:00000001FF
