:020000040800F2
:10000000005000206DA2000855A2000857A2000869
:1000100059A200085BA200085DA2000800000000D1
:100020000000000000000000000000005FA20008C7
:1000300061A200080000000063A2000865A2000899
:10004000B5A20008B5A20008B5A20008B5A2000834
:10005000B5A20008B5A20008B5A20008257D0008D9
:10006000B5A20008AD7C0008B5A20008B5A2000842
:10007000B5A20008B5A20008B5A20008B5A2000804
:10008000B5A20008B5A20008B5A20008B5A20008F4
:10009000B5A20008B5A20008B5A20008B5A20008E4
:1000A000B5A20008B5A20008B5A20008B5A20008D4
:1000B000AD2C0008B5A20008B5A20008B5A2000842
:1000C000B5A20008B5A20008B5A20008B5A20008B4
:1000D000B5A2000871290008BD490008952600084E
:1000E000B5A20008B5A20008B5A2000800000000F3
:1000F0000000000000000000000000000000000000
:0C01000000000000000000005FF808F1A3
:1001100010F8012B11F8013B012A28BF9A42F7D0B1
:10012000D01A7047034613F8012B002AFBD1181A86
:100130000138704780F0004002E000BF81F00041CC
:1001400042001FBF5FEA410392EA030F7FEA226C7D
:100150007FEA236C6AD04FEA1262D2EB1363C1BF0D
:10016000D218414048404140B8BF5B42192B88BF7C
:10017000704710F0004F40F4000020F07F4018BF9F
:10018000404211F0004F41F4000121F07F4118BFBF
:10019000494292EA030F3FD0A2F1010241FA03FC67
:1001A00010EB0C00C3F1200301FA03F100F000434F
:1001B00002D5494260EB4000B0F5000F13D3B0F117
:1001C000807F06D340084FEA310102F10102FE2A86
:1001D00051D2B1F1004F40EBC25008BF20F00100F6
:1001E00040EA03007047490040EB0000013A28BF95
:1001F000B0F5000FEDD2B0FA80FCACF1080CB2EB18
:100200000C0200FA0CF0AABF00EBC2505242184395
:10021000BCBFD0401843704792F0000F81F400013A
:1002200006BF80F400000132013BB5E74FEA41030D
:100230007FEA226C18BF7FEA236C21D092EA030F79
:1002400004D092F0000F08BF0846704790EA010FF3
:100250001CBF0020704712F07F4F04D1400028BF20
:1002600040F00040704712F100723CBF00F5000002
:10027000704700F0004343F0FE4040F40000704738
:100280007FEA226216BF08467FEA236301464202E4
:1002900006BF5FEA412390EA010F40F480007047F7
:1002A0004FF0000304E000BF10F0004348BF40429D
:1002B0005FEA000C08BF704743F0964301464FF0D9
:1002C00000001CE050EA010208BF70474FF0000335
:1002D0000AE000BF50EA010208BF704711F0004376
:1002E00002D5404261EB41015FEA010C02BF844646
:1002F0000146002043F0B64308BFA3F18053A3F5A5
:100300000003BCFA8CF2083AA3EBC25310DB01FAEB
:1003100002FC634400FA02FCC2F12002BCF1004F6F
:1003200020FA02F243EB020008BF20F00100704700
:1003300002F1200201FA02FCC2F1200250EA4C0054
:1003400021FA02F243EB020008BF20EADC7070479A
:100350004FF0FF0C1CEAD0521EBF1CEAD15392EAA8
:100360000C0F93EA0C0F6FD01A4480EA010C400284
:1003700018BF5FEA41211ED04FF0006343EA5010DE
:1003800043EA5111A0FB01310CF00040B1F5000F20
:100390003EBF490041EAD3715B0040EA010062F1CF
:1003A0007F02FD2A1DD8B3F1004F40EBC25008BFB9
:1003B00020F00100704790F0000F0CF0004C08BFD7
:1003C00049024CEA502040EA51207F3AC2BFD2F1A4
:1003D000FF0340EAC250704740F400004FF00003B2
:1003E000013A5DDC12F1190FDCBF00F000407047EC
:1003F000C2F10002410021FA02F1C2F1200200FA2A
:1004000002FC5FEA310040F1000053EA4C0308BFF0
:1004100020EADC70704792F0000F00F0004C02BF41
:10042000400010F4000F013AF9D040EA0C0093F0BC
:10043000000F01F0004C02BF490011F4000F013B16
:10044000F9D041EA0C018FE70CEAD15392EA0C0F84
:1004500018BF93EA0C0F0AD030F0004C18BF31F0EF
:10046000004CD8D180EA010000F00040704790F0C5
:10047000000F17BF90F0004F084691F0000F91F069
:10048000004F14D092EA0C0F01D142020FD193EA2F
:100490000C0F03D14B0218BF084608D180EA0100B7
:1004A00000F0004040F0FE4040F40000704740F093
:1004B000FE4040F4400070474FF0FF0C1CEAD05261
:1004C0001EBF1CEAD15392EA0C0F93EA0C0F69D0BD
:1004D000A2EB030280EA010C49024FEA402037D028
:1004E0004FF0805343EA111143EA10130CF000401F
:1004F0008B4238BF5B0042F17D024FF4000C8B420F
:1005000024BF5B1A40EA0C00B3EB510F24BFA3EBEE
:10051000510340EA5C00B3EB910F24BFA3EB9103BE
:1005200040EA9C00B3EBD10F24BFA3EBD10340EA18
:10053000DC001B0118BF5FEA1C1CE0D1FD2A3FF65E
:1005400050AF8B4240EBC25008BF20F00100704713
:100550000CF0004C4CEA50207F32C2BFD2F1FF03B6
:1005600040EAC250704740F400004FF00003013AE7
:1005700037E792F0000F00F0004C02BF400010F48B
:10058000000F013AF9D040EA0C0093F0000F01F09F
:10059000004C02BF490011F4000F013BF9D041EAC1
:1005A0000C0195E70CEAD15392EA0C0F08D14202F4
:1005B0007FF47DAF93EA0C0F7FF470AF084676E7C7
:1005C00093EA0C0F04D14B023FF44CAF08466EE7A0
:1005D00030F0004C18BF31F0004CCAD130F000426E
:1005E0007FF45CAF31F000437FF43CAF5FE700BFC6
:1005F0004FF0FF3C06E000BF4FF0010C02E000BFEF
:100600004FF0010C4DF804CD4FEA40024FEA410390
:100610007FEA226C18BF7FEA236C11D001B052EA46
:10062000530C18BF90EA010F58BFB2EB030088BF0C
:10063000C81738BF6FEAE17018BF40F0010070477B
:100640007FEA226C02D15FEA402C05D17FEA236C5D
:10065000E4D15FEA412CE1D05DF8040B704700BFA4
:10066000844608466146FFE70FB5FFF7C9FF00283B
:1006700048BF10F1000F0FBD4DF808EDFFF7F4FF74
:100680000CBF012000205DF808FB00BF4DF808ED0D
:10069000FFF7EAFF34BF012000205DF808FB00BF30
:1006A0004DF808EDFFF7E0FF94BF012000205DF852
:1006B00008FB00BF4DF808EDFFF7D2FF94BF012003
:1006C00000205DF808FB00BF4DF808EDFFF7C8FFFC
:1006D00034BF012000205DF808FB00BF4FEA400254
:1006E000B2F1FE4F0FD34FF09E03B3EB12620DD960
:1006F0004FEA002343F0004310F0004F23FA02F0CA
:1007000018BF404270474FF00000704712F1610F70
:1007100001D1420205D110F0004008BF6FF0004047
:1007200070474FF00000704742000ED2B2F1FE4F0A
:100730000BD34FF09E03B3EB126209D44FEA0023B0
:1007400043F0004323FA02F070474FF00000704777
:1007500012F1610F01D1420202D14FF0FF30704718
:100760004FF00000704700BF0348044B834202D0A3
:10077000034B03B118477047480000204800002091
:10078000000000000548064B1B1AD90F01EBA3011E
:10079000491002D0034B03B11847704748000020AE
:1007A000480000200000000010B5064C237843B933
:1007B000FFF7DAFF044B13B10448AFF300800123C5
:1007C000237010BD480000200000000020B2000887
:1007D00008B5054B1BB105490548AFF30080BDE8DE
:1007E0000840FFF7CFBF00BF000000004C00002012
:1007F00020B200080022427082700122C2700222E0
:10080000B1FA81F102710322490901704271704706
:1008100043788B421FD0012941700AD0022910D0A1
:10082000C1B90123C3700223817003710323437193
:100830007047037843B1012383700223C370002300
:10084000F3E70378002BF6D0022383700023C370F4
:100850000123EAE7FEE770470B8882B0ADF800306D
:100860004B880239ADF80230CB88ADF804300B89E3
:10087000ADF80630431C053013F8012F0DF1080CBC
:100880000CEB420232F8082C834221F8022FF3D1FC
:1008900002B0704708448078704738B54FF07F3316
:1008A0007F22C0F8A03000254FF6FF730446A0F861
:1008B000A43080F8A62080F8A950A0F8AA30AC3067
:1008C00000F00EFDA4F8B85038BD70B515460446CA
:1008D0001E46114600F044FD294604F1140000F0C4
:1008E0003FFD294604F1280000F03AFD294604F1B5
:1008F0003C0000F035FD294604F1500000F030FDC9
:10090000294604F1640000F02BFD294604F178002B
:1009100000F026FD294604F18C0000F021FD04F1D1
:10092000AC0032464FF4FA734FF4FA6100F0BEFCAB
:100930002046BDE87040FFF7B0BF704700F017BD1C
:10094000143000F014BD283000F011BD90F8A43030
:1009500013B990F9A000704790F9A100704790F882
:10096000A43013B990F9A200704790F9A300704722
:1009700010B5044607F03EFC38B104F1140000F055
:10098000FAFC012838BF0120C0B210BD10B50446E2
:1009900007F030FC38B104F1500000F0ECFC012805
:1009A00038BF0120C0B210BD4FF47A71AC3000F0F6
:1009B0009EBC0021AC3000F09ABC08B5AC3000F011
:1009C000A7FCB0F57A7FA8BF4FF47A7020EAE070F8
:1009D00008BD10B5044600F0A4FC04F1140000F0BA
:1009E000A0FC04F1280000F09CFC04F13C0000F0A5
:1009F00098FC04F1500000F094FC04F1640000F055
:100A00009CFC04F1780000F098FC94F8B93013B124
:100A1000013B84F8B93010BD7F2807D0002807DAE1
:100A200010F1800F06D04042C0B2704700207047DE
:100A3000012070477F20704710B1404240B270479C
:100A40007F2070477F280FD010F1310F0EDA10F1A0
:100A5000780F0DDBFE23783040B258434623233015
:100A6000B0FBF3F0C0B27047FF207047FE20704724
:100A7000002070477F2805D031B1002806DA4042B7
:100A8000C0B27047FF207047FE20704700207047BB
:100A90007F2811D010F1310F10DA10F1780F10DB30
:100AA00040F2A963783040B2584346232330B0FB6C
:100AB000F3F0AC3080B270470020704740F25570C0
:100AC0007047AC20704763289FBF40F2A96358432A
:100AD000642332309DBFB0FBF3F0AC3080B240F203
:100AE000557070474FF4F063A0F58060584340F2B2
:100AF000FF7390FBF3F000F5787080B27047FFF75A
:100B0000F1BF4FF49663A0F58060584340F2FF7345
:100B100090FBF3F000F2DC5080B27047A0F58060EB
:100B2000D0EB001048BF033040F38F00704703281C
:100B300012DD0C2812DD0F2812DD122812DD162816
:100B400012DD192812DD1C2812DD1F2812DD2128D4
:100B5000CCBFFF200620704700207047012070475F
:100B60000220704708207047032070470720704715
:100B7000042070470520704705289ABF014B185C78
:100B8000FF207047BCB200087F281ABF4042C0B2A5
:100B9000002070477F2811D010F1320F10DA884200
:100BA00010DD6423401A5843C1F1FF2101F57F0194
:100BB000CE31313090FBF1F0C0B27047FF2070476A
:100BC0006420704700207047014B4840185C704714
:100BD000C4B2000852B110B4054C0A4411F8013BEC
:100BE00058408A42205CF9D110BC7047704700BF62
:100BF000C4B20008002805DB212805DC044B33F8CB
:100C000010007047002070474FF4FA60704700BF33
:100C1000EEB30008392808D822280ED9094B23380A
:100C2000C0B2C34003F0010070475F2807D06138AD
:100C300019288CBF00200120704700207047012038
:100C4000704700BF01EC7F00F8B5024600245F2723
:100C5000451E461D15F8010FFF2804BF0134E4B2FC
:100C6000FFF7D8FF00B92F70AE42F3D1062C04D1A4
:100C700019B10B6813608B88938000239371F8BDC2
:100C80002DE9F843012500264FF02808DFF82C90C5
:100C9000471E441D17F8011F08480AF072FA034660
:100CA00010B1A0EB0903DBB2A3FB05329E19A742EA
:100CB000A5FB0853EED13046BDE8F883C4B3000865
:100CC00010B54179A1F13000C3B2092B07D8052333
:100CD000B0FBF3F303EB8303C01AC0B210BD044CA6
:100CE00020460AF04EFA0028F1D0001BC0B2EEE711
:100CF000C4B3000870B50446FFF714FA02B200202E
:100D0000551E03B2AB4204EB030103DAE65C01308B
:100D1000302EF6D0D21A2046BDE8704001320AF0DB
:100D20005DBA0000432B28BF43232DE9F0470C4652
:100D300096B0154600211A46984607460AF068FA0A
:100D40000021412205A804910AF062FADFF87C90A4
:100D5000DFF87CA004EB4505AC4210D104A8FFF7F6
:100D6000E1F928B1002200F158036B4403F8492C43
:100D7000384604A90AF0EEF916B0BDE8F08747F648
:100D8000FF7334F9020B9842E8D0002812DC514678
:100D900068460AF0DFF904A8FFF7C4F9064668467A
:100DA000FFF7C0F90644B045D6D3694604A80AF057
:100DB000D9F9D1E7694680B208F0A0FE6846FFF78E
:100DC00099FF494668460AF0CDF9E4E773B2000896
:100DD0006EB20008F0B589B06D4600242F468E1C17
:100DE000E1B28A4204D83946FFF79CFF09B0F0BD52
:100DF00036F82410013425F8021BF1E742F2107393
:100E0000B0FBF3F2642103FB1200B0FBF1F301FB32
:100E1000130000EB023000EB831080B2704770B516
:100E20000E460021054614460AF0F2F900239AB254
:100E3000944200D870BDF25C002AFBD0EA54013322
:100E4000F5E70000072914D8DFE801F00407090BD3
:100E50000D0F11110849FFF7E2BF0849FBE70849E8
:100E6000F9E70849F7E70849F5E70849F3E70849CA
:100E7000F1E70849EFE700BF78B200087DB200084B
:100E800082B2000887B200088CB2000891B2000854
:100E900096B200089BB20008052911D8DFE801F0DE
:100EA0000306080A0C0E0749FFF7B9BF0649FBE71E
:100EB0000649F9E70649F7E70649F5E70649F3E782
:100EC0000649F1E79DB20008A2B20008A7B20008E7
:100ED000ACB20008B1B20008B5B200089BB200087D
:100EE00070B50E4614460021013205460AF090F90D
:100EF00000239AB2944200D870BDF25C002AFBD065
:100F0000EA540133F5E7914206D19DF9000083428E
:100F1000CCBF00200120704703290DD0032A09D03F
:100F2000022909D0022A05D0012905D0531E5842B2
:100F30005841704701207047002070477D2343804F
:100F400043F23903C360002309B201808180C3806A
:100F500003727047C2680449044B01FB023323F05B
:100F60000043C360980F7047FD430300C39E2600F3
:100F700010B50129044680790ED8042801D8013023
:100F8000A071012AE0790BD8042801D80130E07162
:100F9000032925D14B2319E00028F2D00138EFE7CF
:100FA00008B10138E07103290AD1032A18D19DF94B
:100FB0000820934208DC3ADA23885B421BB205E042
:100FC00002290DD1022AF1E7B4F9003062881A44EF
:100FD00012B27C2A30DD7D226280002222722FE054
:100FE0009142D7D825D3012910D1012A0ED1A27957
:100FF000E3799A4208D302D96FF07C03E6E72046F2
:10100000FFF7A8FF0028F7D07D23DFE7B4F904003D
:10101000B4F9003000282288B4F9021004DB7C29DE
:10102000D4DD524213B2D1E77C31CFDBF9E70023A4
:10103000CCE76FF04A03C9E712F17C0F02DB628054
:10104000A38010BD4FF6837262800122C6E70000C4
:1010500002680449044B01FB023323F000430360A0
:10106000180C7047FD430300C39E2600F0B5002511
:1010700097B00160858004465622294668460AF0EA
:10108000C7F80126627CAA4209D80023802104F116
:10109000B400237417B0BDE8F0400AF0B9B8204698
:1010A000FFF7D6FFE77900217B1B90FBF3F2EC46BC
:1010B00002FB13000A46C0B2CBB29F421CD80023E9
:1010C000227B9A42DED0A2796119033A012A05D91E
:1010D00025B191F91120D2B9012BD3D98B74A26813
:1010E00052F82310583304EB85026B4401355163E9
:1010F00003F8586CEDB2C5E71CF801EBBEF1000F28
:1011000003D18242DCD00132D2B20131D4E7501E89
:101110008342E3DB01329342E0DCB3E72DE9F04F99
:10112000154697B0013D0160027104464371EDB26E
:1011300056220021684698460AF06AF8022D98BFA8
:101140004FF0030A4FF0000794F807908ABF4FF062
:10115000010AB9FBFAF900253E46DFF8E0B0627CEF
:10116000B24209D80023802104F1B400237417B0DF
:10117000BDE8F04F0AF04CB82046FFF769FFA9EB35
:10118000060390FBF3F202FB13030020EC46024639
:10119000DBB2C1B2894506D91CF801EBBEF1000FE4
:1011A00018D19A4214D1494528BF49460AFB015338
:1011B000227BDBB29A42D2D0A06808F1FF3C50F803
:1011C0002320BCF1030F10D8DFE80CF0060A242717
:1011D0000132D2B20130DCE7DFF864C0944401E0B0
:1011E00002EB0B0C174A9445B9D916B1F7B901298E
:1011F000B5D9A219937450F8232004EB86035A63DF
:10120000012201F158036B4416440F4603F8582C91
:10121000F6B2A4E7DFF830C0E0E7A2F53D02DFF860
:101220002CC0A2F59D42443A6245DDE77A1E914208
:10123000DFDB7A1C9142DCDC91E700BF776245FF7F
:10124000C54E47FF3BB10100287643FF3CB101008A
:101250000023C0E90133C36003747047F0B5047C18
:101260000360012C11D94FF47A7744688568141B08
:101270007C43C6684D1B05FB16442B4494FBF3F3DB
:101280003344C360C0E90121F0BD1CB90123C4602F
:101290000374F7E74FF47A744368D31A634384689E
:1012A0000C1B93FBF4F3C3600223F1E72DE9F0413B
:1012B000044610461D4616468846FEF7F1FF0746CF
:1012C00006EB0800FEF7ECFF01463846FFF7F4F89E
:1012D000656020602846FEF7E7FFA060BDE8F0816A
:1012E00010B504464068FEF7DFFFA06010BD38B5BA
:1012F000044685680846FEF7D7FF2946FEF71EFF1D
:101300002168FFF725F82946FEF71AFFA06038BDCF
:1013100008B54FF07C518068FEF712FFFFF7DEF949
:1013200008BD6421D0E90123D31AC3604B43418A2D
:101330008260B3FBF1F303747047D0E90123D31A41
:10134000C0E90223704743682BB16421C2684A4355
:10135000B2FBF3F2D3B203740023C360436070475F
:1013600000234182C0E9023343600374704743683D
:10137000013343607047007C704743680B4443600F
:1013800070470000072800D9FEE7014B185C704742
:1013900068B40008052800D9FEE7014B185C7047C7
:1013A00070B40008704770470020704700207047F5
:1013B000002070477047002070470020704770473A
:1013C000054B82B0DA690243DA61DB6903400193BD
:1013D000019B02B0704700BF00100240054B82B075
:1013E0009A6902439A619B6903400193019B02B091
:1013F000704700BF0010024000F10C0353E8003FAB
:1014000043F0800300F10C0141E80032002AF3D1DF
:10141000704700F10C0353E8003F23F0400300F154
:101420000C0141E80032002AF3D1704700F10C03AF
:1014300053E8003F23F0800300F10C0141E8003243
:10144000002AF3D1704700000288044B5140C9B212
:1014500033F8113083EA122303807047F0CD00087F
:101460009AB110B4B0F800C0084C0A4411F8013B1E
:1014700083EA0C03DBB234F81330914283EA1C2C6C
:10148000A0F800C0F2D110BC70477047F0CD000842
:101490004FF6FF7337B50446ADF806304518AC4239
:1014A00003D1BDF8060003B030BD14F8011B0DF1E7
:1014B0000600FFF7C9FFF2E7044B1888044B80B21F
:1014C0001B889BB2C01A18BF01207047BA280020A1
:1014D000B82800200023044A1380044A1380044AD9
:1014E0001380044A13807047B8280020BA280020CF
:1014F000BC2C0020BE2C0020002070470278024B3C
:1015000051405B5C0370704768B90008FF230370AB
:10151000704700BF704770B50B78054603704B7875
:101520000C4643700B78FD2B38D10A268B788370DC
:10153000CB78C3700B7903714B7943718B798371CD
:101540008B68C3718B68C3F30F2303728B7A43726A
:10155000627804F10C01A81909F020FE6378B4F850
:101560000C213344EA54B4F80C115A1C92B2090A03
:10157000A954A278981CD20780B20ED504F58872BF
:10158000054404F58E7452F8041BA24245F8041B6E
:10159000F9D112780F332A7098B270BD00238B7086
:1015A0000B79062683704B79C3708B7903718B6836
:1015B0004371CDE72C2208B50021034809F028FE2D
:1015C0000022024B1A7008BD9C0500204803002031
:1015D0002DE9F04113780446037092F80180FD2B49
:1015E0000F46154680F8018054D10A2693788370FF
:1015F000D378C370137903715379437193798371ED
:101600006B7A127A1B0403EB0223EA79134423F06A
:101610007F43A268A91963F31702A26004F10C00CA
:10162000424609F0BBFD7A7B904507D208F10C00D9
:101630000021A2EB0802204409F0EAFD63781E4471
:10164000AB195A78AB5D03EB0223A4F80C31A378F5
:10165000DB070ED50236B6B2354404F5887305F1C2
:101660000C0255F8041B954243F8041BF9D12A7863
:101670001A70BB7A84F82131FB7A84F822313B7BE3
:1016800084F823317B7B84F824313B7884F8203143
:10169000BDE8F08100234380937806260371D37858
:1016A0004371137983715379B3E7000070B50F4C20
:1016B0000F4D0646062204F10A0105F58970FFF771
:1016C0000FFC237CC3F30302C3F3031385F81A3121
:1016D000637C85F81921C3F3030385F81B31637A12
:1016E000DB0744BF0223337370BD00BFA11E00207F
:1016F000C400002070B504462420E2702070224609
:101700005820BDF8145023711B0A63712B0AA17075
:101710006070A57102F8073F049B59198B420CD1E8
:101720006A1D92B2E11C0020FFF754FA05F1080689
:10173000A05505F1090080B270BD13F8010B02F845
:10174000010FEBE74FF0320C0A4B0B491A680B4BB9
:10175000A1FB0212920C0CFB02F202F5FA72A3FB3F
:1017600002320749920948684B681B1A9A42FBD813
:10177000704700BF3C00002083DE1B43D34D621046
:10178000001000E008B5FFF7DDFF4FF48072014B59
:101790001A6108BD000801404FF48072014B5A6184
:1017A000FFF7D0BF0008014008B5FFF7CBFF0122CB
:1017B000014B1A6108BD00BF000C01400122024B21
:1017C0005A61FFF7BFBF00BF000C014010B502789F
:1017D0000A4BD243D2B244789A5C90F802E062405D
:1017E0009A5C90F803C082EA0E029A5C017982EA60
:1017F0000C029A5C4A40985C10BD00BF68B90008B2
:10180000F8B53C290446BDF81C5036D0A1F121069C
:10181000714271414900D00748BF41F00801920769
:101820004FF0240222704FF06F02E3704FEA13234F
:1018300048BF41F010012371A61C2B0A6270A170F1
:10184000A37130466571FFF7C1FF2246069B02F87F
:10185000070F59198B4212D1A91D304689B2FFF7E3
:1018600017FE05F1080705F10903E0559BB2000AD0
:10187000E05405F10A0080B2F8BD0121CBE713F86E
:10188000010B02F8010FE5E76FF02002084B1A6028
:101890004FF040225B6802F60C0353E8003F43F030
:1018A000200302F60C0040E800310029F3D1704714
:1018B000004800402DE9F04F0C4651880546B1F52F
:1018C0008C7F85B011D300211170D91CC9B20129B8
:1018D00095BF01210023518053809CBF237011705C
:1018E00000232B7005B0BDE8F08F10780E2800F2B1
:1018F0008B8001A656F820F0CB1800083519000897
:101900005D19000877190008091A0008091A00086B
:10191000091A0008091A0008091A0008091A00081B
:10192000091A0008091A0008091A0008091A00080B
:1019300089190008481C5080635421789BB2FD2906
:1019400006D10C330A21D380022391801370C7E79C
:1019500006210833D38091800E23F7E7481C50807E
:10196000D807635442BFD1880D31D180012B8CBF81
:1019700000230323EAE7002B01F1010050806354A8
:1019800014BF00230E23E1E7481C508063545388A2
:10199000D1888B4232D30023538013700223698095
:1019A0002B702378FD2B35D163792B72A3796B7261
:1019B000637A227A1B0403EB0223E27913446B60FF
:1019C000637803F10C026A80A278D10701D519333C
:1019D0006B80002640F285120C206968DFF8E880F1
:1019E0006E81B31801335B0800FB03F758F80770EA
:1019F000B94218D25A1EB242F3D816E092889A42DF
:101A00003FF66EAF01236CE7002313705380938081
:101A1000D38066E7E3782B7223796B7263796B600E
:101A200063780833D4E71E46E5D80C27774358F887
:101A30000730994227D123782046FD2B0CBF4FF069
:101A40000A094FF0060910F801BF474409EB0B03E0
:101A5000591E89B20193FFF71BFD97F804A0ADF85A
:101A60000E0051460DF10E00FFF7EEFC019BE2184F
:101A70005278E35C03EB0223BDF80E209BB29A423E
:101A800003D005232DE703232BE7BB79DA0706D51F
:101A9000FA79934582BF04EB09018A5CAA729B071D
:101AA00009D50C2303FB068362781B7A9A4282BF16
:101AB0004C44E35CEB720C2303FB06835B7985F8F3
:101AC0000CA06B730EE700BF68BA0008F0B5FD23E9
:101AD0000546044685B005F80C3B8DF8043090F8B7
:101AE000243103F10C020244012B42D8002663701A
:101AF00066808DF805308B7A0DF1050023718DF825
:101B000008308B7AADF8066001338B726379092156
:101B10008DF80930A3798DF80A30A368C3F3170351
:101B20001A128DF80B301B148DF80D308DF80C2027
:101B3000FFF7AEFC677829463A46ADF802000DF192
:101B40000200FFF78DFC94F82311FFF77DFC94F859
:101B50002421BDF802309742A4F80C3110D231464E
:101B600007F10C00D21B204405B0BDE8F04009F09D
:101B70004FBB12F8010D0028B8D1013BDBB2B3E72F
:101B800005B0F0BD07B503688DF8071001221B6989
:101B90000DF10701984703B05DF804FB70B50446EA
:101BA00008460D46FEF7BEFA2368294682B21B6935
:101BB0002046BDE8704018470120FFF70FBC000029
:101BC0000D4B984202D10420FFF708BC0B4B984202
:101BD00005D003F58063984203D11020F4E7082074
:101BE000F2E7074B984201D12020EDE7054B9842E0
:101BF00000D070474020E7E700080140000C01409A
:101C000000140140001801400B4B984203D14FF4DF
:101C10000060FFF7E3BBB0F1804F04D0074B984260
:101C200004D1022000E00120FFF7CABB044B984218
:101C300001D10420F8E77047002C01400004004067
:101C4000000800402DE9F0410C46154686B00746D5
:101C50001022002102A81E469DF8348009F0D8FA0F
:101C600001940B2D07D8DFE805F00E0E070A1414B7
:101C7000141616161B1DFEE70823029303E0082323
:101C8000029301230593032E0ED8DFE806F01E20F1
:101C90000E1E0123F1E70123029304230493F2E7CC
:101CA0000923EAE70923F7E7FEE701230393B8F1E5
:101CB000000F02D03846FFF783FF053D042D0BD8F7
:101CC000DFE805F007110A0711000323EEE70223FE
:101CD000ECE7C4F30F247C61384601A908F010FF3B
:101CE00006B0BDE8F081C4F30F243C61F4E713B5FE
:101CF0004FF0010C0024CDE9004CFFF7A3FF02B028
:101D000010BD000030B50023154687B00446ADF87D
:101D10000630FFF779FF042D04D8DFE805F02A2EFE
:101D200004323B00FEE71C4B1C4A1B68B3FBF2F37A
:101D30009BB20022013BCDE90221204601A9ADF86A
:101D400004300492059209F039F8236823F08003E7
:101D50002360A36823F4804323F00703A360636830
:101D600023F070036360A36823F08003A36007B0CF
:101D700030BD094B0A4A1B68D8E7074B094A1B6864
:101D8000D4E7054B064A1B68B3FBF2F303EB83036E
:101D90005B00CDE70123CCE73C00002080A81201C6
:101DA00040420F0000127A0010B50446FFF7AAFF68
:101DB000236843F00103236010BD00224FF0FF3180
:101DC000FFF7F2BF1F4B10B55B681F4C236008F094
:101DD00073FA1E4808F044FE1D4808F041FE1D48F5
:101DE00008F03EFE1C4809F0E9F81C4809F0E6F846
:101DF0001B4809F0E3F81B4808F090FF08F004FFC7
:101E00004FF0E022002318491361536193614A683F
:101E100022F003024A6072B64FF0FF319A0002F1DD
:101E20006042013302F56142082BC2F88010C2F80B
:101E30008011F3D162B6034B1B6883F308882368D3
:101E40009847FEE700F0FF1F440300200008014010
:101E5000000C0140001001400038014000440040E7
:101E60000048004000300140001002400749084A85
:101E7000881AEFF30883521A1A44013A013B984238
:101E800088BF0022AA2109F0C3B900BF005000207A
:101E90000004000010B5124C03232046062242F233
:101EA0002001FFF724FF20460323022240F6080109
:101EB000FFF71DFF032320461A4641F21001FFF7EA
:101EC00016FF2046032305220649FFF710FF204690
:101ED000BDE81040032305220349FFF708BF00BFF8
:101EE000000C01401000100401000104024B98682E
:101EF000C0F30010704700BF000C014008B5FFF7A9
:101F0000F5FF00B908BD00BFF9E700004FF480728B
:101F1000024B5A614FF480521A617047000C014025
:101F20004FF48052024B5A614FF480721A6170472D
:101F3000000C014013484FF47042816821F4704155
:101F400092FAA2F20123B2FA82F293400B43836029
:101F50000D4B5A6822F008025A601A6822F00802F3
:101F60001A60DA6822F00802DA609A6842F0080221
:101F70009A60D022054B83F809234FF400721A604F
:101F8000704700BF000001400004014000E100E094
:101F90000822034B5A611A6842F008021A6070471F
:101FA0000004014010B5144C03232046062241F2E0
:101FB0001001FFF79CFE20460323022240F202217B
:101FC000FFF795FE032320461A4604F5806440F28D
:101FD0000111FFF78CFE20460323052240F2022167
:101FE000FFF785FE2046BDE810400323052244F29A
:101FF0004001FFF77CBE00BF00080140024B98681B
:1020000000F00100704700BF0008014008B5FFF76D
:10201000F5FF00B908BD00BFF9E700004022024B00
:102020005A6102221A617047000C01400222024BE1
:102030005A6140221A617047000C01400F4AF0219A
:10204000936823F0F00391FAA1F193600C4B5A6866
:1020500022F002025A601A6822F002021A60DA685C
:1020600022F00202DA609A6842F002029A60D022FC
:10207000044B83F8072380221A6070470000014058
:102080000004014000E100E00222034B5A611A689B
:1020900042F002021A6070470004014010B5054C7E
:1020A0000323052220460449FFF721FE4FF4007365
:1020B000636110BD000C01400200020400230322F2
:1020C00001490248FFF713BE800080040008014068
:1020D000024B9868C043C0F3C0307047000801400D
:1020E00010B50A4C0023052220460949FFF7FFFDE1
:1020F0000023052220460749FFF7F9FD4FF48043EE
:1021000063614FF40053636110BD00BF00100140D4
:1021100040004004200020040549CB681A04DB433A
:1021200002F0804203F4804313430B61704700BF09
:10213000001001400549CB681A04DB4302F000524D
:1021400003F4005313430B61704700BF00100140BC
:102150000C4BD3F8FC2022F08072C3F8FC20D3F89B
:10216000FC2042F08072C3F8FC20A3F55D431A689E
:1021700022F001021A601A6842F001021A6000227D
:102180005A60704700ED00E0064B074A1B6807499C
:10219000B3FBF2F3434310B54C684A68121B9A42F2
:1021A000FBD310BD3C00002040420F00001000E0B7
:1021B0002DE9F84381464CF250300E4617461D4635
:1021C00008F060F988BBB9F1010F06D0B9F1020F30
:1021D0000CBF4FF002094FF004094FF00008144AF9
:1021E000136943F0010313614FEA0814C4F120029C
:1021F000A4F1200305FA02F227FA04F4144325FAA5
:1022000003F31C43A4B24CF2503026F8184008F0F7
:1022100039F928B908F101085FFA88F39945E3D83C
:10222000034A136923F001031361BDE8F88300BF7B
:10223000002002407FB501230022CDE9040301A95B
:1022400002A8CDE9022308F059F900280CBF0420A8
:10225000052007B05DF804FB0A4608B501460023D7
:102260000220FFF7A5FF00280CBF0420052008BDB1
:1022700008B5FFF7DFFF031F5842584108BD08B5F6
:10228000FFF7EAFF031F5842584108BD2DE9F04708
:10229000264B274D01280FBF7D267C26AA461D46CA
:1022A0000F4614462349244A06BF89469A4691465A
:1022B00008F0CCF831462846FFF7DAFF28B90024A9
:1022C00008F0D6F82046BDE8F087002F08BF4FF48D
:1022D00078744FF000080334C4F38F0405F110063E
:1022E000AAEB050A1FFA88F39C4209D84FF0113176
:1022F0002846FFF7C4FF041E18BF0124A400DFE72F
:102300003FB95AF806104B1C06D108F101080436F3
:10231000E8E757F82810F6E74E4505D23046FFF7B4
:10232000AEFF0028F1D1CAE70324C9E700F0010895
:1023300000F40108FFF70108FFF3010810B508F0E9
:1023400085F87C210848FFF793FF044638B17D21CA
:102350000648FFF78DFF041E18BF0124A40008F0F3
:1023600087F8204610BD00BF00F0010800F4010806
:1023700030B5002340F2EF34064D9AB2914201D8B5
:10238000042030BDA34203D05A5DC2540133F4E7A8
:102390000320F6E710F0010838B504460D4672B682
:1023A0000A4601460020FFF771FF62B6042806D1F5
:1023B00072B601202A462146FFF768FF62B638BD93
:1023C00038B5124B1C68D3F80054B4F1113F09D151
:1023D000B5F1113F17D0002201201146BDE8384069
:1023E000FFF754BFB5F1113F03D10022114610464B
:1023F000F4E7FFF7A3FF042804D12C4001340CBFFD
:102400000220012038BD0420FCE700BF00F00108D5
:10241000034B18739A68D207FCD5187B704700BF2E
:102420000030014038B5441E8D18A94200D138BD96
:1024300014F8010FFFF7ECFF01F8010BF5E7084670
:1024400011461A46FFF7EEBF38B50446054D014464
:10245000A14200D138BD2878FFF7DAFF04F8010B5C
:10246000F6E700BF3000002008461146FFF7ECBF3A
:1024700010B5044601448C4200D110BD14F8010B84
:10248000FFF7C6FFF7E708461146FFF7F1BF000068
:1024900030B501248DB02822284D002102A808F073
:1024A000B7FEFFF789FB4FF48050FEF797FF40F22D
:1024B0000111284603230622FFF719FC2C6106258B
:1024C00003230A2242F220011D4801940095FFF7E0
:1024D000B9FB03230A2248F28001CDE900541848D1
:1024E000FFF7B0FB032344F240011A46CDE9005444
:1024F0001348FFF7A7FB1022002308924FF48272C3
:10250000CDE90533CDE909330293039204934FF4E7
:10251000007207230B4C02A920460B93079208F088
:1025200021FC236843F040032360A3689B07FCD58C
:10253000FF22237B044B1A700DB030BD000C01400C
:10254000000801400030014030000020034B1873A8
:102550009A68D207FCD5187B704700BF003800404E
:1025600038B5441E8D18A94200D138BD14F8010FAA
:10257000FFF7ECFF01F8010BF5E7084611461A4694
:10258000FFF7EEBF38B50446054D0144A14200D126
:1025900038BD2878FFF7DAFF04F8010BF6E700BF33
:1025A0003100002008461146FFF7ECBF10B5044685
:1025B00001448C4200D110BD14F8010BFFF7C6FF97
:1025C000F7E708461146FFF7F1BF000030B58DB0C0
:1025D0002822284C002102A808F01AFEFFF7ECFA86
:1025E0004FF48040FEF7ECFE2349204603230622E9
:1025F000FFF77DFB4FF4807301252361062403233D
:102600000A22CDE900451D491D48FFF71BFB0323A6
:102610000A22CDE900451B491948FFF713FB0323A4
:10262000CDE900451A4618491548FFF70BFB08226B
:10263000002308924FF48272CDE90533CDE90933C6
:102640000293039204934FF4007207230F4C02A9E4
:1026500020460B93079208F085FB236843F0400364
:102660002360A3689B07FCD5FF22237B084B1A70CD
:102670000DB030BD0008014001000104200020041D
:10268000000C0140800080044000400400380040FD
:10269000310000201C4B10B41A68940611D5D9687B
:1026A00088060ED5194C1A485968238800880133CA
:1026B000C3F30A0380B298421FBF1648C9B2C1547F
:1026C0002380110744BF104B5B68120616D50E48D5
:1026D000C3681B0612D5104B104A1988138889B29B
:1026E0009BB299420CD013880133C3F309031380C2
:1026F00013880B4A9BB2D35CDBB2436010BC7047BB
:1027000010BCFEF793BE00BF00480040BA2800206E
:10271000B8280020B8200020BE2C0020BC2C0020AF
:10272000BC2800200A490B4A08B50B8812880133DF
:10273000C3F3090392B29A4207D0074AD05407481C
:102740000B80FEF759FE012008BD0020FCE700BF0A
:10275000BE2C0020BC2C0020BC28002000480040DB
:1027600038B504464518AC4200D138BD14F8010B09
:10277000FFF7D8FFF7E708461146FFF7F1BF000063
:10278000054B064A1B8810880133C3F3090380B246
:10279000181A18BF01207047BE2C0020BC2C002046
:1027A00008B5FFF7EDFFB0FA80F0400908BD000062
:1027B000054B064A1B8812889B1A98B21B0444BF1B
:1027C00000F5006080B27047BA280020B8280020C9
:1027D000FFF7EEBF0848094A0188138889B29BB207
:1027E0009942F9D013880133C3F30A031380138885
:1027F000034A9BB2D05C7047BA280020B82800205A
:10280000B8200020FFF7E6BF002300B589B0CDE96E
:102810000633CB1A18BF01231B03CDE902320C2368
:1028200001900491034801A9059308F0F9FB09B050
:102830005DF804FB0048004010B5064CE36823F443
:102840000053E360FFF7E0FFE36843F40053E36005
:1028500010BD00BF00480040002208461146FFF7A7
:10286000EBBF000073B508250126334C3349E368FC
:1028700023F40053E360FFF79FF94FF48020FEF745
:102880009FFD03230A22CDE900562D48FFF7DAF910
:102890000323CDE900561A462A492948FFF7D2F901
:1028A00000224FF461401146FFF7AEFFB0222369CA
:1028B00023F490432361636923F02A036361224B6D
:1028C00083F8272380225A602046FEF7AFFDFEF7EB
:1028D000A0FD6FF04003236000234FF040211B4A0E
:1028E00013801B4A138001F60C0353E8003F23F0CA
:1028F000200301F60C0040E80032002AF3D16FF00B
:1029000020032360134B1A80134B1A80236923F48E
:1029100000632361636923F008036361236923F47F
:1029200080432361636923F022036361E36843F416
:102930000053E36002B070BD00480040040004048E
:10294000000C01400800080400E100E0BC2C00205D
:10295000BE2C0020B8280020BA28002008B5FFF7B8
:1029600081FFBDE80840FEF78FBFFFF7F7BF00000B
:102970000E4803681A0618D5C3681B0615D50C4BFC
:102980000C4A1988138889B29BB299420BD01388DC
:102990000133C3F3080313801388074A9BB2D35C47
:1029A000DBB243607047FEF741BD7047003801401D
:1029B000C22E0020C02E0020C02C00200A490B4A45
:1029C00008B50B8812880133C3F3080392B29A4208
:1029D00007D0074AD05407480B80FEF70DFD0120B1
:1029E00008BD0020FCE700BFC22E0020C02E002042
:1029F000C02C00200038014038B504464518AC42D0
:102A000000D138BD14F8010BFFF7D8FFF7E70846EF
:102A10001146FFF7F1BF0000002300B589B0CDE9F2
:102A20000633CB1A18BF01231B03CDE902320C2356
:102A300001900491034801A9059308F0F1FA09B047
:102A40005DF804FB0038014013B5274C2749E368C3
:102A500023F40053E360FFF7AFF84FF48040FEF734
:102A6000BDFC0823012200F18040CDE9003200F5D1
:102A7000484003230A22FFF7E5F800224FF4E13033
:102A80001146FFF7C9FFB022236923F49043236165
:102A9000636923F02A036361154B83F82523202201
:102AA0005A602046FEF7C2FCFEF7B3FC6FF040030D
:102AB000236000230F4A13800F4A1380236923F4F5
:102AC00000632361636923F008036361236923F4CE
:102AD00080432361636923F022036361E36843F465
:102AE0000053E36002B010BD003801400200020450
:102AF00000E100E0C02E0020C22E0020FFF7A4BF9E
:102B0000024B1A68024B1A60704700BFE42E002087
:102B10008C030020054A064B1968136899421DBFB3
:102B20000133012013600020704700BF8C03002098
:102B3000E42E0020034A044B11681B780B441360F9
:102B4000704700BFE42E0020400000200148FFF73E
:102B500034B900BF00040040014B586A80B270478E
:102B60000004004008B5FFF7F1FFBDE80840FFF79B
:102B7000C7BF2DE9F041164605468846002707F0F5
:102B800065FCB6B2BBB29E4201D804240DE058F8F1
:102B900027102B688B4202D104350137F2E7284613
:102BA000FFF76DFB04460028F6D107F061FC2046D4
:102BB000BDE8F081037807B56BB1084B1B68B3F52E
:102BC000FA6F08D300230222037069464068CDE9FA
:102BD0000033FFF7CEFF03B05DF804FBE42E0020C6
:102BE000012337B52C4A038004462C4B2C48D3E9EB
:102BF0000051914208BF85424FF0000202D122707D
:102C000003B030BD22A1D1E90001C3E9000125488C
:102C100025496260D0E900325D1C03D0B3F1AA3FC0
:102C200000D023B9551C0CD0B2F1AA3F09D008300E
:102C30008842EFD172B67E211A48FFF719FB62B6BF
:102C40001848606003684268591C009304D1551C01
:102C50001BD14FF0AA3311E0B3F1AA3F06D1511CAA
:102C60000BD0B2F1AA3F10D1002307E06BB9B2F14B
:102C7000AA3F0AD14FF4807222801A46CDE9003271
:102C800069460222FFF775FFBAE700232370F4E7D5
:102C900012345678FEDCBA90FEDCBA902000002098
:102CA0001234567800F8010800FC01084FF0804308
:102CB0001A6991070AD56FF002021A615A6B6432E1
:102CC000DA63084A596B12880A445A634FF080430A
:102CD0001A69120705D56FF008021A610122024B2A
:102CE0001A70704764000020890300200A490B888D
:102CF00003B9FEE772B64FF0804309885A6A11445F
:102D000064325963DA636FF002021A616FF00802ED
:102D10001A6162B6704700BF6400002000B503224C
:102D200089B04FF0FF314FF08040FFF73DF820228F
:102D30000021684608F06CFA64236A4601214FF0CE
:102D40008040039308F072F8C8236A464FF48071FC
:102D50004FF08040039308F069F8A022044B83F8F9
:102D60001C234FF080521A6009B05DF804FB00BFCD
:102D700000E100E04FF08043DA6842F00202DA60DE
:102D8000DA6842F00802DA607047000010B50022ED
:102D9000044601EB8101074B01EB81018900198099
:102DA000054B1A70FFF7BAFF2046BDE81040FFF749
:102DB000E1BF00BF6400002089030020F8B51B4C70
:102DC000C0220021201D08F023FA0F230125184FEF
:102DD000052239466380A380A01D43232580FDF78B
:102DE000F9FF3F231F2605223946A4F8543004F189
:102DF00056004323C4E91355A4F84A60FDF7EAFFDF
:102E00000C4B0D49C4F89C30002304F1AC00C4E91C
:102E1000293384F8A030A4F89A6008F09BF97F2346
:102E200084F8C130052384F8C230F8BD8002002048
:102E300028B9000807000100C9B4000870B5094EA0
:102E400005460C46415C304608F09BF9034628B124
:102E5000831B0133DBB2282B28BF0023F35C2B55E7
:102E600070BD00BF3CB9000870B50D461146044660
:102E7000164608F06FF92DB3013D082D08D8DFE89C
:102E800005F00511131517191B1D1F00352363715C
:102E9000627973799A4215D12046BDE870400521C8
:102EA000FFF7CCBF6123F2E76623F0E76B23EEE781
:102EB0007023ECE77523EAE77A23E8E73123E6E7B6
:102EC0003223E4E770BD000073B5054605F1110635
:102ED000214C0146214A68463601FFF7C5FFB01C68
:102EE0006946204408F036F9022326447372002311
:102EF00004EB0512A2F81A311422042102FB05404A
:102F000001224FF4807580F8501040F20111A0F8B2
:102F10004A20C264A0F8522080F85520A0F85650EC
:102F2000A0F8581040F2032084F83430E284A562FF
:102F3000A08584F82E2084F8303084F83330C4F82B
:102F40003A30C4F83E30C4F84230A4F84610A4F831
:102F5000481002B070BD00BFC400002076B4000865
:102F6000F7B5054605F111060146AF4AAF4C684674
:102F70003701FFF779FFB81C694620442744FDF765
:102F800063FE7B7AAA4A072B88BF002304EB061056
:102F900088BF7B721188437A41FA03F313F001036F
:102FA0000DD1437259B111F0010308D141FA03F771
:102FB000FF07D8B240F1D68104EB0613587204EB38
:102FC000051191F81A012B01052802D9002081F87A
:102FD0001A01E718508897F81A1140FA01F111F018
:102FE00001010FD187F81A1160B110F0010109D168
:102FF00040FA01FC1CF0010FCFB200F0B881E118DB
:1030000081F81A71E11891F81B01032802D90020F8
:1030100081F81B0104EB0616717A012903D90429F2
:1030200001D000219180E618908896F81B1140FA93
:1030300001F111F001010ED186F81B1158B110F009
:10304000010108D140FA01F7FF07CEB240F19481A7
:10305000234483F81B61142303FB054191F84A00C4
:10306000042802D9012081F84A0003FB054393F8A4
:103070004B10042902D9002183F84B10142303FBC1
:103080000543B2F84A1093F84B0041FA00F0C0072C
:1030900012D4012083F84B0071B18807C1F34003BB
:1030A0000AD441FA03F6F707D8B240F16A81142333
:1030B00003FB054383F84B00142303FB054393F8FC
:1030C0004C10032902D9012183F84C10142000FB75
:1030D0000540B2F84C1090F84C3041FA03F313F06D
:1030E000010310D180F84C3069B111F001030AD10D
:1030F00041FA03F6F607D8B240F14881142303FBE6
:10310000054383F84C00142303FB054393F84E104A
:10311000012902D9002183F84E10142000FB05403C
:10312000B2F84E1090F84E3041FA03F313F0010359
:1031300010D180F84E3069B111F001030AD141FA83
:1031400003F6F707D8B240F12681142303FB0543A9
:1031500083F84E00142303FB054393F84F10022914
:1031600002D9002183F84F10142000FB0540B2F86B
:10317000503090F84F1043FA01F111F0010110D1D5
:1031800080F84F106BB113F001010AD143FA01F638
:10319000F607C8B240F10481142101FB054181F812
:1031A0004F00142101FB054090F84D60022E02D91A
:1031B000002680F84D6001FB054191F8500005287C
:1031C00002D9042081F85000142101FB054090F839
:1031D0005260012E02D9012680F8526001FB0541A0
:1031E00091F85500012802D9012081F855001421D9
:1031F00001FB054191F85300022802D9002081F813
:103200005300142606FB0546B2F8520096F85310F8
:1032100040FA01F111F0010117D186F85310A0B165
:1032200010F0010111D105E076B40008C4000020BF
:103230008002002040FA01F7FF07CEB240F1B580CE
:10324000142101FB054181F85360142101FB054065
:1032500090F856600C2E02D9002680F8566001FBCB
:10326000054191F84C00012809D191F84F60022ED8
:1032700005D1DF0740F19E80002381F84F301423F1
:10328000012140F2011003FB054383F85710A3F816
:10329000580094F82630042B01D984F8261094F8AD
:1032A0002730042B02D9002384F82730B2F89A0083
:1032B00094F8273040FA03F313F0010F8A4B0ED134
:1032C000012184F8271050B18607C0F3400106D4CD
:1032D00040FA01F7FF07CEB271D583F8276094F862
:1032E0002810022902D9002184F8281094F8291006
:1032F000022902D9012184F82910B2F89C1094F80F
:10330000292041FA02F212F001020CD184F829209E
:1033100049B111F0010206D141FA02F6F607D0B226
:1033200051D583F8290094F82A200C2A02D90022CA
:1033300084F82A2093F832200C2A02D9002283F83C
:10334000322093F82B20042A02D9002283F82B2064
:1033500000221046654911F9014F14F1780F36DA51
:10336000087036E00133102B7FF420AE27E60131E0
:1033700010297FF43DAE45E6013110297FF462AE9D
:1033800069E60133102B7FF48CAE95E60133102BE8
:103390007FF4AEAEB7E60133102B7FF4D0AED9E6A2
:1033A000013110297FF4F2AEFBE6013110297FF4E0
:1033B00041AF4AE713F0020318BF03465DE701314E
:1033C000102985D18BE70132102AA5D1ABE7782CE3
:1033D000C6DC0132D2B20C2ABDD100220120444900
:1033E00011F8014F0132022CD2B288BF0870042AB2
:1033F000F6D193F83420012A02D9002283F8342030
:103400003C4AB2F89E1093F8342041FA02F212F0CE
:1034100001020CD183F8342049B111F0010206D128
:1034200041FA02F4E407D0B211D583F8340093F8DE
:103430002C20052A02D9032283F82C2093F82D2072
:10344000032A08D80AD1002283F8342006E001328A
:10345000102AE5D1EBE7022283F82D2093F82E20E5
:10346000022A02D9012283F82E2093F83020022A62
:1034700002D9002283F8302093F833200C2A02D995
:10348000002283F8332093F83520042A02D9002241
:1034900083F83520142202FB053191F85A000128E7
:1034A00002D9002081F85A00FF2102FB05324FF6B5
:1034B000FF7082F8511082F8541083F82F1083F8AF
:1034C00031104FF0FF3103EB0515C5F81C11A5F8BD
:1034D00020011962998482F85B00A2F85C10D986F9
:1034E000198703B0F0BD00BFC4000020FD0000201C
:1034F0000901002080020020034670B50846052B14
:1035000004D8DFE803F01D0421191D21FEE7202661
:103510001F250F22184C22770122A370013BA4F82B
:103520004860A4F84A50A276A273042B10D8DFE8B2
:1035300003F0131A1C1C1A0009266F250722E9E75D
:10354000142632250A22E5E7352613251922E1E75C
:1035500000232371237401E022712274FDF712FF0E
:103560006073607670BD0223F3E700232371237438
:10357000A376A373F2E700BF68000020042804D8F4
:10358000DFE800F0040F141B2500FEE70022154BB6
:1035900083F8512040F20112A3F85220A3F85420DE
:1035A000704701220F4B83F85120F5E702220D4BA3
:1035B00083F851204FF48072EEE70322094B83F821
:1035C000512040F20112A3F852200122E6E7042222
:1035D000044B83F8512040F20112A3F852204FF41B
:1035E0008072DBE7680000202DE9F043774D00F1A1
:1035F000110805EB081702378BB006463846FDF771
:103600003FFB042100906846FDF742FF4FEA061990
:1036100005EB06166E4C96F81B31E0832BB103EBDD
:10362000031303EB03231844E08305EB08135B7AD1
:10363000062B40F0A980E38B03F5B5432533E383E4
:1036400095F8270005EB0818FFF798FF98F8091080
:10365000A9448B1F012B8CBF0023012399F81A0169
:10366000617084F85630FFF747FFE18B009B99F8B3
:103670001B21E1806182A36063612AB14FF01130A8
:1036800000FB0233A360636195F82600514B616231
:1036900013F9203084F8292023732376002384F83B
:1036A0002A30637B23B93846FDF70AFB84F82A00E9
:1036B0006078FDF767FE484A0346128884F82800C0
:1036C00002F00101970748BF41F00201A1855607AA
:1036D00048BFA18D01AE44BF41F00401A185100790
:1036E00042BFA18D41F01001A185D10642BFA18D3D
:1036F00041F02001A185920642BFA28D42F008024E
:10370000A285364A02F1200C37461068516808320B
:1037100003C762453E46F7D106211068304E386037
:103720000AA801FB0303A278134413F8247C84F84D
:10373000207016E90F0086E80F0040F2E243384699
:10374000A4F84C30FCF7B0FD4FF07F51FCF700FEC1
:10375000FCF7EAFF4FF47A73B4F848207F08B3FB14
:10376000F2F3052F38BF0527A4F8403095F82C3028
:10377000C0B2A4F84E0084F85070052B1AD8DFE8C8
:1037800003F00B2216191C1F072B7FF459AFE38B94
:10379000A3F5B543263B52E74FF416536364002369
:1037A00084F85730A4F858300BB0BDE8F0834FF4DC
:1037B0001643F3E74FF46143F0E74FF4E133EDE7ED
:1037C0004FF46133EAE74FF49643E7E7C400002083
:1037D0006800002028B900088002002038B20008E4
:1037E000980000204FF4DE72FF21014807F010BD61
:1037F000C40000204FF4DE710148FEF7CDBD00BFCC
:10380000C40000204FF4DE710148FEF7B1BD00BFD7
:10381000C400002008B5FFF7F5FF034B1878BDE89A
:103820000840FFF79DBB00BF6800002038B5FFF7D8
:10383000D9FFFEF7C5FD04280CD0FFF7D3FFFEF734
:10384000BFFD042803D1FFF7DDFF042806D0FFF7F2
:10385000C9FF03E0FFF7D6FF0428EED11022264966
:10386000264807F0A9FC254C38B1102220462449EF
:1038700007F0A2FC08B1FFF7B5FFA38AB3F5215FFB
:1038800028D008D30025E8B20135FFF71DFB0A2D2B
:10389000F9D10023E3774FF421530125A38242F6A7
:1038A000A103226914499A4214484FF010021CBF28
:1038B0000125236107F080FC70B110220E490F48EA
:1038C000FDF7ADFA08220F490F48FDF7A8FAFFF7F8
:1038D00091FF03E00025E2E7002DF8D10023E37714
:1038E0000A4C2370FFF76AFA2078FFF739FB20783B
:1038F000BDE83840FFF778BE7DB40008C400002062
:103900008EB400089FB400087602002068000020F2
:1039100010B5C01A9DF90840123080F30500A0428E
:10392000A8BF2046123B08701844107010BD07B5A0
:10393000084611461A46122300931B23FFF7E8FF9F
:1039400003B05DF804FB07B5084611461A4612237A
:1039500000931B23FFF7DCFF03B05DF804FB0000BE
:103960000229F7B5054600D9FEE70B4E0F0106EB1D
:103970000114A3786278F15DC46006F05BFAE37924
:1039800028460193A37922790093E178637906F0C0
:103990007AFA03B0F0BD00BF04D00008836810B508
:1039A000044603B9FEE70A7800211A7006F001FA0E
:1039B0004FF47A70FEF7E8FB2046012106F010FA7A
:1039C000A36820461978FFF7CBFF10BD38B5836890
:1039D00004466BB1024652F8143BDD6900F1150351
:1039E000A8472046217D2022BDE8384006F0A6BA2F
:1039F00038BD00007FB58D7A0446816075B3012122
:103A000006F0EEF90121204606F003FB01212046D5
:103A100006F019FBA368204693F90810FFF7D6FFBC
:103A2000A36820461978FFF79BFF00222046114625
:103A300006F0F3F9002344F20302204600934FF608
:103A4000FF7106F03CFA20464FF6FF7106F05EFA71
:103A5000204604B0BDE8704006F0E7BA032106F046
:103A6000BFF92046012106F0D4FA2046012106F0D4
:103A7000EAFAA368204693F90810FFF7A7FFA368A6
:103A80002A465E680B4B204623618621102306F0F0
:103A9000FFFA5B232046CDE9005304221023702156
:103AA000029506F004FB2A463146204606F01DFB2F
:103AB000BBE700BFF0CF000838B505461C461346EB
:103AC0000A46002106F028F928464FF6FF7106F055
:103AD0001DFA22012846BDE83840012192B206F0C5
:103AE0003DBA10B504464FF6FF7106F00FFA2046B6
:103AF000BDE810400022012106F045BA10B5044689
:103B000006F093FA2046BDE810404FF6FF7106F02C
:103B1000FDB9836873B50C46154623B981220A7036
:103B20002B7002B070BD9E7A0DF106016EB106F0E9
:103B30003FFABDF90630002B0BDB4FF6FF73ADF8F3
:103B40000630BDF806302370EBE706F004FB2E705C
:103B5000EFE77F33F5DA4FF68173F0E738B50446C7
:103B600003688168DD6900F1140200F1150391F921
:103B70000810A847A3689A7A42B11A78022A00D995
:103B8000FEE7044B03EB0213E36038BD024B2361F5
:103B9000FBE700BF04D00008F0CF0008836810B531
:103BA000044683B1C3681BB903690BB9FFF7D6FF9D
:103BB000A3689B7A1BB1E368B3F90C0010BD2369BD
:103BC000B3F91000FAE71846F8E7836810B5044621
:103BD00043B1C3681BB903690BB9FFF7BFFF94F981
:103BE000150010BD1846FCE738B5836804460D463D
:103BF0006BB9012106F001FA29462046FFF7FAFECB
:103C00007D20FEF7C1FABDE83840FEF7C1B938BDE6
:103C100038B5836804460D466BB9012106F0EDF90D
:103C200029462046FFF7E6FE7D20FEF7ADFABDE807
:103C30003840FEF729BA38BD90F8D43053B190F827
:103C4000D520074B03EBC201497953F8323053F8C2
:103C500021007047037C00EB8300406B704700BF7E
:103C6000F8B8000813B5184B0288DB8B04469A425B
:103C700026D18378DB0625D48379812B22D84FF691
:103C8000FF730D2201460DF10600ADF80630FDF779
:103C9000E7FBB4F80D20BDF806309A420ED14C2255
:103CA00004F10D01FDF7DCFBB4F85900BDF8063056
:103CB000C01A18BF0120800002B010BD0320FBE72E
:103CC0000120F9E70220F7E7680000200A7ACB79A3
:103CD00002F0070243EA022303804B7A0A7A03F0D8
:103CE0003F035B0143EAD20343808B7A4A7A9B000D
:103CF00043EA9213CA7A02F0010243EA82238380E4
:103D00000B7BCA7A03F00F03DB0143EA5203C38043
:103D10000B7BC3F30112012A11D813F0300F14BF2B
:103D2000012300239B0203830B7B7F2B0AD813F014
:103D3000C00F14BF012300239B024383704740F24E
:103D4000FF73F0E740F2FF73F7E70A7ACB7902F0EE
:103D5000070243EA022303804B7A0A7A03F03F0307
:103D60005B0143EAD20343808B7A4A7A9B0043EAA1
:103D70009213CA7A02F0010243EA822383800B7B0A
:103D8000CA7A03F00F03DB0143EA5203C3800A7CC3
:103D9000CB7B02F0070243EA022303814B7C0A7CBF
:103DA00003F03F035B0143EAD20343818B7C4A7CEF
:103DB0009B0043EA9213CA7C02F0010243EA822389
:103DC00083810B7DCA7C03F00F03DB0143EA5203BE
:103DD000C3814B7DDB0003828B7DDB004382CB7D87
:103DE000DB0083820B7EDB00C3820B7BC3F30112FB
:103DF000012A2BD813F0300F14BF012300239B029C
:103E000003830B7B7F2B24D813F0C00F14BF012337
:103E100000239B0243830B7DC3F30112012A1BD8AD
:103E200013F0300F14BF012300239B0283830B7D0B
:103E30007F2B14D813F0C00F14BF012300239B0263
:103E4000C3834FF4806303844384704740F2FF735D
:103E5000D6E740F2FF73DDE740F2FF73E6E740F29A
:103E6000FF73EDE737B52E4B0446DB8B0D46038021
:103E70004A78837862F3C30383704A79C37862F324
:103E80008203C3708A79837962F30003837191F9A5
:103E90000200FCF7C1FDE37800F01F0203F0070306
:103EA00043EAC203E3702379C0F3411023F0030314
:103EB00003432371EA78DBB202F03F0203F003030D
:103EC00043EA82032371EA786379C2F3801223F014
:103ED0000103134363712A79214662F34703637137
:103EE0006A7AA37802F0030203F03F0343EA8213E5
:103EF000A3706A7AE378C2F3800223F001031343CC
:103F0000E3704FF6FF7359220DF10600ADF806304D
:103F1000FDF7A6FABDF80630A4F8593003B030BD5D
:103F2000680000202DE9F3410446154688469DF8B7
:103F300020705B22522F4FF0000128BF52271E46EF
:103F400007F066F93C4B4FEA0818DB8B08F03008A5
:103F500023802A78A37862F30203A3706978DBB226
:103F6000C90001F0080123F0380341EA08011943B0
:103F7000A1706A79E37862F38203E370AA79A37986
:103F800062F30003A37195F90200FCF745FDE378A5
:103F900000F01F0203F0070343EAC203E370237932
:103FA000C0F3411023F0030303432371EA78DBB22B
:103FB00002F03F0203F0030343EA82032371EB782C
:103FC0006279C3F3801322F001021A4362712B79E4
:103FD00063F3470262716A7AA37802F0030203F086
:103FE0003F0343EA8213A3706A7AE378C2F3800244
:103FF00023F001031343E3702346A27967F34702DA
:1040000003F8062F3744BE4210D14FF6FF735922F2
:1040100021460DF10600ADF80630FDF721FABDF896
:104020000630A4F8593002B0BDE8F08116F8012B33
:1040300003F8012FE7E700BF6800002007B50093F1
:1040400013460A460121FFF76DFF03B05DF804FB3C
:1040500030B53A4B027893F8261000F1160461F35C
:104060000302027093F8271061F30712027093F8AD
:104070002810427861F30302427093F8291061F32B
:104080000712427093F82A10827861F3030282705B
:1040900093F83210827961F30302827193F82B1046
:1040A000827861F30712827093F83410C27961F359
:1040B0000302C27193F82C10C27861F30302C2703C
:1040C00093F82D1061F30712C27093F82E10027945
:1040D00061F303020271427993F8301061F3030235
:1040E000427193F83310827961F30712827193F869
:1040F0003510C27961F30712C27103F1390100F181
:104100000A0211F9015F02F8015FA242F9D193F8A6
:104110004610C27D61F30102C27593F8471061F346
:104120008302C27593F8481061F30512C27593F8C3
:10413000493063F38712C27530BD00BFC400002050
:104140000278344BC2F3030230B583F8262002789C
:1041500003F13901C2F3031283F82720427800F1FA
:104160001604C2F3030283F828204278C2F3031234
:1041700083F829208278C2F3030283F82A20827907
:10418000C2F3030283F832208278C2F3031283F869
:104190002B20C279C2F3030283F83420C278C2F321
:1041A000030283F82C20C278C2F3031283F82D2077
:1041B0000279C2F3030283F82E204279C2F303028C
:1041C00083F830208279C2F3031283F83320C27956
:1041D000C2F3031283F8352000F10A0212F9015FDD
:1041E000A24201F8015FF9D1C27DC2F3010283F856
:1041F0004620C27DC2F3810283F84720C27DC2F30C
:10420000011283F84820C27DC2F3811283F849204D
:1042100030BD00BFC400002070B598B052220446E3
:104220000D4603A8002106F0F3FF212342F6A1006A
:104230008DF80C30FCF7E2FDADF80E004FF4215084
:10424000FCF7DCFD214EADF81000142220490DF1E1
:104250001200FCF7E4FD96F8523013B996F854308A
:104260008BB31C48FFF7B1FC96F851308DF826004F
:104270000AA88DF82730FFF7EBFE4FF68073164A39
:10428000ADF84630154B0221CDE912236FF08023A3
:10429000149347F6FF73ADF85430114B2046B3F832
:1042A0009A208DF85620B3F89C20B3F89E308DF8F4
:1042B00057208DF8583052232A46009303ABFFF75E
:1042C00031FE18B070BD0748CCE700BF6800002081
:1042D000A5B40008541E00200A006400FA00F4018E
:1042E000800200206C1E002038B504460F4D00F1FE
:1042F0001B01062205F58970FCF7F2FD94F82130C8
:1043000004F12500C3F3030385F8193194F8213033
:10431000C3F3031385F81A3194F82230C3F303036F
:1043200085F81B31BDE83840FFF70ABFC400002004
:104330000B4A0C491268002382600A68838002617C
:104340004A68094942610A68837182614A688381C7
:10435000C2614EF66022038402600385704700BF8D
:10436000E42E0020B8B40008C1B4000810B50E4C0B
:1043700094F8523013B994F854301BB10B490C48DF
:10438000FFF70CFB94F8533013B994F855301BB178
:1043900008490948FFF702FB0548FFF7AFFB06484D
:1043A000FFF7ACFB10BD00BF680000206C000020D0
:1043B000541E0020780000206C1E002038B51D4DD2
:1043C0000446A8786978052828D14FF6FF7323851D
:1043D000FFF792F801226B789A40238D23EA0203BB
:1043E000238515491548FFF7FFFB15491548FFF7C9
:1043F0000FFC1248FFF782FB1248FFF77FFB6FF0BC
:104400007F010E48FFF7E2FA0E486FF07F01FFF7D9
:10441000DDFA2046BDE83840FFF7A8BF00230220A0
:104420002385FFF769F801236A789340228D1343AF
:104430009BB2D5E7680000206C000020541E0020CD
:10444000780000206C1E002008B590F8203002464D
:104450008BB9FDF73DFE10B982F8210008BD92F836
:10446000213001335BB2312B82F82130F6DD01239C
:1044700082F82030F2E7FDF72BFE18B1322382F8E4
:104480002130EBE792F82130013B5BB2002B82F840
:104490002130D8BF82F82000E0E700000A4B90F8F6
:1044A00020201B6872B182689B1AB3F57A6F01D91C
:1044B00001234371037923B9437913B101230371B4
:1044C000037370478360F5E7E42E00200346007B0A
:1044D000821E012A4FF0000202D893F8201009B979
:1044E0001A737047104670470A4A38B51388044655
:1044F00001339BB2502B0D4601D8138038BD0023E9
:1045000005491380FDF74AFB29462046FDF746FB87
:10451000F4E700BF90030020CAB400082DE9F74F6C
:104520001646054688466D49FDF738FB3146284654
:10453000FDF734FB00226A4BB8F1010F694C1A8079
:1045400011D14FF480434FF40057636146F2A81035
:104550002761FDF719FE6761FDF716FE3146284613
:10456000FFF7C2FFF2E7A8F102034FF400520C2B51
:1045700000F2A780DFE803F03141531C07A5A5A591
:104580006363636363004FF400584FF4804746F25F
:10459000A810C4F810806761FDF7F6FDC4F8148018
:1045A0002761FDF7F1FD31462846FFF79DFFEEE755
:1045B0004FF400584FF4804746F2A810C4F810801A
:1045C0002761FDF7E1FDC4F814806761FDF7DCFDAC
:1045D00031462846FFF788FFEEE74FF480476261D7
:1045E00046F2A8102761FDF7CFFD6761FDF7CCFD0E
:1045F00031462846FFF778FFF2E74FF480434FF447
:104600000057236146F2A8102761FDF7BDFD6761E1
:10461000FDF7BAFD31462846FFF766FFF2E74FF493
:104620008047226146F2A8102761FDF7ADFD676162
:10463000FDF7AAFD31462846FFF756FFF2E70027AF
:104640004FF4804B4FF40059A8F1090A5FFA8AFA37
:104650000423574538BFC4F810B0019346F2A810A0
:10466000C4F81090FDF790FDC4F81490FDF78CFD90
:1046700031462846FFF738FF019B013B13F0FF034B
:10468000EBD10423C4F814B0019346F2A810C4F887
:104690001090FDF779FDC4F81490FDF775FD3146D3
:1046A0002846FFF721FF019B013B13F0FF03EBD1ED
:1046B0000137A8F10803FFB2DBB2BB4238BF0027C5
:1046C000C6E74FF48043226123614CF25030FDF77E
:1046D0005BFD31462846FFF707FFF6E7CAB400083E
:1046E000900300200010014010B5437802789A42F0
:1046F0001BD0042B8ABF042303700370027888BF89
:1047000043700A4B0A4813F922100A4C836821733C
:10471000217613B11972FFF759F90748836823B15D
:1047200094F918101972FFF751F910BD28B9000853
:10473000541E0020680000206C1E002010B50AB92D
:10474000437010BD541E0B2CFBD80332D2B231F98A
:10475000122040F27161C83A03FB022292FBF1F28F
:1047600012B222EAE2729A42C8BF1AB24270E8E775
:1047700010B40C46014620B92246034810BC05F08F
:10478000F2BA00210148F9E7541E00206C1E0020F7
:1047900070B515461E46114C80B9FDF7B7FB1048A1
:1047A00033462A46FFF788F994F8533013B994F842
:1047B000553013B10B48FFF7A1F970BDFDF72EFC82
:1047C000084833462A46FFF777F994F852301BB968
:1047D00094F85430002BF0D00148ECE7680000203A
:1047E000541E00206C1E00202DE9F0415B27054679
:1047F000184C0E463A460021204606F009FDAB69EA
:1048000004F10E002360EB6913496360134B1B78BE
:104810009A1E53425341627A63F3000262726FF050
:104820005E02A27228220023E272142223736373B1
:10483000FCF7F5FA59212046FCF72AFE084BA4F8AC
:1048400059003A4621463046BDE8F0411B7FFFF74C
:104850009FBF00BFDC1C0020A5B40008830300201C
:104860006800002008B530B9054801F1A202A03166
:10487000FFF74FF908BD01F1A3020248A131F7E7A4
:10488000541E00206C1E00200A4608B5014601484F
:10489000FFF744FE2C000020164600B591B00446F8
:1048A00068461D4606F056FC1849684606F05AFC54
:1048B000304605F05FF90146684606F053FC14499E
:1048C000684606F04FFC134B684653F8251006F077
:1048D00049FC1149684606F045FC104D9DF84830EA
:1048E000684655F8231006F03DFC0D49684606F071
:1048F00039FC9DF84C30684655F8231006F032FC20
:104900006A4621460748FFF709FE00BFCCB40008FD
:10491000D3B4000800000020D8B400081000002024
:10492000DFB400082C0000200246002108B5014831
:10493000FFF7F4FD2C0000200023FF2203704370DA
:104940008370C27003717047C178034629B98278B9
:1049500001710132827001207047007801281ED059
:10496000022805D0C8B99A78187101329A70F2E716
:1049700098785A784240D20704D4002201309870C7
:104980001A71E8E7FF2902D10020187170471A79DF
:104990000132D2B291421A71EFD300207047FF2941
:1049A000F2D01A790132D2B291421A71F5D29A78C4
:1049B00001329A7000221A71704700000E48036895
:1049C0001A0617D5C3681B0614D50C4B0C4A198858
:1049D000138889B29BB299420AD013880133DBB2A3
:1049E00013801388074A9BB2D35CDBB243607047E5
:1049F000FCF71CBD704700BF00440040B6200020FB
:104A0000B4200020B31F002009490A4A08B50B88CA
:104A100012880133DBB292B29A4207D0064AD054D0
:104A200006480B80FCF7E8FC012008BD0020FCE7ED
:104A3000B6200020B4200020B31F00200044004016
:104A400038B504464518AC4200D138BD14F8010B06
:104A5000FFF7DAFFF7E708461146FFF7F1BF00005E
:104A6000002300B589B0CDE90633CB1A18BF012366
:104A70001B03CDE902320C2301900491034801A9E4
:104A8000059306F0CDFA09B05DF804FB0044004040
:104A900010B5064CE36823F40053E360FFF7E0FF32
:104AA000E36843F40053E36010BD00BF00440040DE
:104AB00008B551B14FF400524FF480610448FFF73C
:104AC000E7FF4FF40072034B5A61012008BD00BF9D
:104AD000A0860100000C014008B541B10022054844
:104AE0001146FFF7D5FF4FF40072034B5A610120C6
:104AF00008BD00BF9A5B0600000C014008B551B12B
:104B00004FF400524FF480610448FFF7C1FF4FF4A7
:104B10000072034B1A61012008BD00BFA08601008E
:104B2000000C014013B5274C40F20441E36823F424
:104B30000053E360FDF740F84FF40030FCF740FC11
:104B40000823012200F18040CDE90032A0F5784031
:104B500003230A22FDF776F800221B481146FFF7CF
:104B60007FFFC022236923F490432361636923F00C
:104B70002A036361154B83F8262340225A6020469E
:104B8000FCF754FCFCF745FC6FF040032360002366
:104B90000F4A13800F4A1380236923F400632361B3
:104BA000636923F008036361236923F4804323616D
:104BB000636923F022036361E36843F40053E36015
:104BC00002B010BD00440040A086010000E100E0FA
:104BD000B4200020B620002030B5214C85B00E2234
:104BE00000210546684606F013FBB4F8A0302046C5
:104BF000ADF80030FBF7BCFE8DF802002046FBF755
:104C0000AEFEB4F8A4308DF803001648ADF80430B9
:104C1000FEF7DBFF94F8A6308DF806008DF807301C
:104C200094F8A9308DF80830B4F8AA30ADF80A30FD
:104C30000D4B9A788DF80C2093F8522093F853304E
:104C40005AB1002B0CBF01230323694628468DF877
:104C50000D3004F0F6FA05B030BD0133DBB2F4E7F5
:104C6000981D0020541E0020680000200148FEF717
:104C70003DB800BF921D0020F8B50E460746144D02
:104C80005B232946304614462A46FFF771FDD7E9D3
:104C9000041328686A689A4208BF884209D0002431
:104CA00030460C49FFF7DEFD002C0CBF012003202D
:104CB000F8BD59212846FCF7EBFBB5F85930834283
:104CC000EDD114B1FFF7D2FFEAE70124E8E700BF16
:104CD000A11E0020981D002013B5012104460844A0
:104CE000FCF7D6FBA178ADF806000DF10600FCF745
:104CF000ABFBE178FCF7A8FB2179FCF7A5FB617918
:104D0000FCF7A2FBA179FCF79FFB04F10801032249
:104D1000FCF7A6FB627804F10C01FCF7A1FB94F808
:104D20002311FCF791FBBDF80630A4F80C3102B05A
:104D300010BD0000003818BF0120014B18707047EB
:104D40004803002070B586464ABB042B5AD89EB251
:104D500023B315464F4A92F82830506A0333DBB22A
:104D6000C00082F82830506212E0083BDBB282F8C3
:104D70002830B1F800C0BCF5817F0CF101043FD2AE
:104D8000506A0C8020FA03F30EF80C3092F82830A9
:104D9000072BEAD80135A8B28642DED870BDFF2ABB
:104DA000FCD1032B52D89EB2002BF7D04FF0000C51
:104DB000384A92F82830506A04330001DBB240F0E0
:104DC000020082F82830506211E0083BDBB282F822
:104DD00028300888B0F5817F00F1010511D2546AAE
:104DE0000D8024FA03F30EF8003092F82830072BD8
:104DF000EBD80CF1010C1FFA8CF08642DBD870BDA9
:104E0000FEE7FEE7234A03F5C063506A43EA4030F9
:104E100092F8283050620D33DBB282F8283011E06E
:104E2000083BDBB282F828300888B0F5817F00F1BA
:104E300001050AD2546A0D8024FA03F30EF80030FB
:104E400092F82830072BEBD870BDFEE7114A03F526
:104E5000E063506A43EA403392F82800536200F15D
:104E60000D03DBB282F828300FE0083BDBB282F89A
:104E700028300888B0F5817F0AD2546ADC40431C90
:104E80000B800EF8004092F82830072BEDD870BD4B
:104E9000FEE700BF9C0500202DE9F04F0027FF260C
:104EA0008025694C0F809946067083B0A5776762AC
:104EB00084F82870002B00F0B88003F1FF3A1FFA45
:104EC0008AFA83469244561E02F1FF0838463A4653
:104ED0000B88FF2B16F8015F0DD898B195420BD1C6
:104EE0000137BFB2994540F28B80B24500F08C800B
:104EF000B045EED1FEE7FEE75846FBB20192FFF760
:104F000021FF019A6B1EDBB2FD2B2BD83F2B53D90F
:104F100005F14103DBB23F2B29D894F82800636ADE
:104F20000135EDB20830C0B245EA032384F8280009
:104F3000636212E00838C0B284F828000B88B3F529
:104F4000817F03F1010C36D2656AA1F800C025FA11
:104F500000F00BF8030094F828000728EAD8002096
:104F60000B88BFE701272A4638460B88BAE794F832
:104F70002800636A3F35EDB20930C0B245EA4323E9
:104F800084F82800636212E00838C0B284F8280070
:104F90000B88B3F5817F03F1010C0BD2656AA1F890
:104FA00000C025FA00F00BF8030094F82800072849
:104FB000EAD8D4E7FEE7FEE794F82800636A7F3575
:104FC000EDB20830C0B245EA032384F828006362DA
:104FD00012E00838C0B284F828000B88B3F5817F4E
:104FE00003F1010C0BD2656AA1F800C025FA00F0AC
:104FF0000BF8030094F828000728EAD8AFE7FEE78B
:10500000002003B0BDE8F08FB8B994F828206AB149
:10501000606A0124C2F10802904004FA02F2013AE7
:105020000243181908800BF803200B88994594BF98
:105030000020012003B0BDE8F08FFBB25846FFF717
:1050400081FE0B88E1E700BF9C05002047F26F73EB
:1050500000222DE9F04F827003800B780D46A3F1FA
:10506000FE03B3FA83F35B0983708A78044612F077
:1050700001011CBF43F080038370D5F8202185B067
:1050800022F07F4222F0FF0212B143F00803837046
:10509000AA68C2F31702FF2A18D9B2F5803F12D3CB
:1050A000022063F07F03A3700143E17009260B2205
:1050B0000A2108234FF0070C4FF0060E4FF00508A9
:1050C0004FF0040912E043F00203A370180600F148
:1050D000F68008260A220921002007234FF0060C3B
:1050E0004FF0050E4FF004084FF0030995F801A0AA
:1050F000374604F809A095F804A09B4604F808A0D8
:1051000095F80580019104F80E8095F806E0A14419
:1051100004F80CE094F802C01CF0080F0AD095F8CF
:1051200021C18B4604F803C00B4695F822111646A0
:10513000E1551746AA68E254A378990708D5AB68E9
:105140000BF10202C3F30F23E35597B2B3463E4679
:1051500028B1AB7AB346E355771CBFB23E46A3787D
:10516000DA0606D595F82331B346E355771CBFB26E
:105170003E46544B01361B781FFA86F8A04405F1D1
:105180000C0A43B1524640466B780DF10E01FFF711
:1051900083FE002870D16A78514693B2404601934D
:1051A00005F0FCFF2278484BD243D2B2617894F8E4
:1051B00007809A5C94F802A04A4041469A5C94F8B1
:1051C00003908AEA020A13F80A2094F804E089EAB4
:1051D000020913F8092094F805C08EEA020E13F8AC
:1051E0000E20A0798CEA020C13F80C20BBF1070FFB
:1051F00080EA02001A5C81EA02015A5C25D0217A19
:10520000BBF1080F82EA01029A5C1ED0617ABBF101
:10521000090F82EA01029A5C17D0A17ABBF10A0F4A
:1052200082EA01029A5C10D0E17ABBF10B0F82EAAC
:1052300001029A5C09D0217BBBF10C0F82EA0102CA
:105240009A5C1EBF617B4A409A5C019BE2551E44FA
:10525000B6B2B6F5947F0ED2B5F80C31B01CA3559A
:10526000B5F80C2180B2731C120A9BB2B0F5947F82
:10527000E2540BD3FEE7FEE7A37843F04003A370AC
:10528000BDF80E30019389F800308BE7AB78DB076F
:1052900002D405B0BDE8F08FD5F81821D5F810710B
:1052A000D5F81411231827500F3659609A6095F8D5
:1052B0001C21B0B2B0F5947F1A73EAD3FEE7002048
:1052C000F3E600BF4803002068B900082DE9F84F55
:1052D000804615460F46B048414605F05FFF002264
:1052E0008023AE4CB5F5817F3A8084F82230228449
:1052F00062624FD24FF0FF099246A74E84F82820F1
:10530000012A76D8B4F820C0654540F2B180616AC0
:1053100016F80C3002F108000CF1010CC0B243EA9F
:105320000123A4F820C0A0F1020C23FA0CF10632EC
:1053300001F003015FFA82FE0229636284F828E02B
:1053400000F0BD80032944D0012924D1BEF1060F0D
:105350000DD8228C954240F28B80B15C00F1060E94
:1053600041EA032301325FFA8EFE22846362AEF1CA
:10537000070E23FA0EF303F07F037D2B84F828E059
:1053800076D83A88FF2A23D84133511C398008F84F
:10539000023019E0FEE7BEF1000F6BD1228C95427E
:1053A00066D9072184F82810B15C013241EA032351
:1053B00022841A06636200F1C8803B88FF2B06D85E
:1053C0005A1C3A8008F803A094F8282098E7FEE7D2
:1053D000FEE7AEF1060E5FFA8EF284F828203A88D6
:1053E00023FA0EF3FF2A03F03F0301D8413BCCE739
:1053F000FEE7636AA2F1020C23FA0CF101F003014B
:105400005FFA8CFE022984F828E003D003291CD01F
:10541000104699E7BEF1050F51D8218C8D4227D94E
:10542000705C02F1060E40EA032301315FFA8EFE42
:1054300063622184AEF1060E23FA0EF384F828206D
:1054400003F03F033A8801339FE7BEF1050FC0D850
:10545000218C8D420CD9705C02F1060E40EA0323C8
:1054600001315FFA8EFE21846362AEF1060EB4E76D
:10547000BDE8F88F0CF1FF3123FA01F10EF1FF3294
:10548000D2B2C90784F8282097D5F2B9218C8D4271
:10549000EED90722705C013140EA03232184636264
:1054A00084F8282013F0800F40F08C803B88FF2B7D
:1054B00000F287805A1C3A8008F8039084E7AEF126
:1054C000060E636A5FFA8EF2B6E7013A23FA02F13A
:1054D000AEF10202D2B2C80784F82820E6D5002A2D
:1054E0005ED1228C9542C3D90721B05C013240EADB
:1054F000032318062284636258BF082284F8281008
:105500002AD4B4F820C06545B2D90732D0B216F813
:105510000C2042EA03220CF1010323841346626249
:10552000083884F82810C34038885FFA83FB00EB02
:105530000B03FF2B0FDC5A460021404405F068FEA8
:105540003B880BEB03023A803EE7062213F0400F44
:1055500084F82820A8E7FEE708460822218C8D421F
:1055600086D916F801C007324CEA03230131D2B2C2
:105570002184636284F82800083A23FA02F238880A
:105580005FFA82FB00EB0B03FF2B03DC5A46FF2183
:105590004044D3E7FEE700BF700400209C050020D4
:1055A000511EAEF1030023FA01F1C0B2C90784F81D
:1055B000280011D407280DD9AEF10B01636AC9B2D6
:1055C000AEE7FEE7511EC8B223FA01F1C90784F81D
:1055D000280001D4014694E70728BFD9A0F10801AB
:1055E0000246C8B2C6E700BF2DE9F04F0D4651880C
:1055F0001446B1F58F7F06468BB00BD9002222707E
:1056000000226F2B628000F02381002333700BB0E7
:10561000BDE8F08F12780E2A24D80E2A00F2D58029
:1056200001A050F822F000BF01560008D75700082B
:10563000CB570008CB570008D7570008D7570008AA
:10564000D7570008D7570008D7570008D757000882
:105650002D580008CB570008CB570008CB5700083F
:105660000B580008692A40F2AE806A2A40F0AD80EB
:10567000A64FF98A4A1E92B2002900F01F81033218
:1056800007EB020CFF22DFF888E2B91C11F8010BCE
:10569000424061451EF80220F8D1934200F0FC80A0
:1056A0004FF0000884F80080C4F80280A4F8068057
:1056B000B7F81690B9F1020FA7D997F804B0BBF16B
:1056C0006F0F00F06083B9F1030F9ED07A796F2AD3
:1056D00000F07683B9F1040F97D0BA796F2A00F001
:1056E0007583B9F1050F90D0FA796F2A00F06B83BA
:1056F000B9F1060F89D03A7A6F2A00F07383B9F1B5
:10570000070F82D07A7A6F2A00F06983B9F1080F07
:105710003FF47BAFBA7A6F2A00F05E83B9F1090FCC
:105720003FF473AFFA7A6F2A00F05383B9F10A0F8E
:105730003FF46BAF3A7B6F2A00F05A83B9F10B0F3D
:105740003FF463AF7A7B6F2A00F05583B9F10C0FF9
:105750003FF45BAFBA7B6F2A00F08D81B9F10D0F7A
:105760003FF453AFFA7B6F2A00F04883B9F10E0F74
:105770003FF44BAF3A7C6F2A00F07083B9F10F0F02
:105780003FF443AF7A7C6F2A00F06583B9F1100FC4
:105790003FF43BAFBA7C6F2A00F05A83B9F1110F86
:1057A0003FF433AFFA7C6F2A00F04F83B9F1120F48
:1057B0003FF42BAF3A7D6F2A00F05383B9F1130FFA
:1057C0003FF423AFFEE7632A05D800232370C4F813
:1057D0000230E3801AE74D4FFA8A122A14D8511C7E
:1057E0003A44F98293702278092A39D9A2F16401E6
:1057F00005293FF60AAF653A042A00F27883DFE80C
:1058000002F06B81635F6700FEE74A1C62806B54A5
:10581000E38862889A4243D300220221B3F5947F41
:10582000628022703170738074D3FEE74A1C374E59
:1058300062806B54A088727F618883189942FFF65A
:10584000E6AE33785F0600F1B8810E232370DEE602
:105850002E490A808B7001226423CA822370D4E609
:10586000002A3FF4D2AE013A082A3FF6CEAE01A19B
:1058700051F822F0B35900080B5600080B560008E7
:10588000A5580008A5580008DF5900083F5A00082D
:105890001B5A0008FD5900080A2201232270B5E6B0
:1058A0000123B3E66288B2F5947F06D2511C618071
:1058B000AB54237801332370A7E6FEE7FF22ECE622
:1058C0000722FB762270A0E66822BB7622709CE657
:1058D0006A223B77227098E600227A7062883B70D9
:1058E000B2F5947F0DD203F00103033B511C61809C
:1058F000AB5497F90030002BB4BF6623012323700B
:1059000083E6FEE701227B7022707EE69C05002084
:1059100068B900082B78FD2B00F02D81EB783372ED
:105920002B7973726B7973606A780832728040F2F7
:1059300085100022FE210446DFF8B0C272810134D6
:1059400099424FEA540400F2E580C0F0F0808B42A7
:1059500040F02A812B78FD2B00F023814FF0060BBD
:10596000284610F801AF62000BEB0A0909F1FF317C
:1059700089B20192FBF78CFDDFF8708204EB4407DB
:1059800008EB87073979ADF8080002A80191FBF709
:105990005BFD05EB0902527815F80930019903EB1C
:1059A0000223BDF808209BB29A4200F0C280052372
:1059B0002CE66288B2F5947F3A830FD2511C618045
:1059C000AB543A787B7712F0010200F01D82062278
:1059D0000833E380A2800423237016E6FEE7628882
:1059E000B2F5947F09D2511C6180AB543B781F07FC
:1059F0004CBF67230723237007E6FEE76288B2F5F2
:105A0000947F09D2511C6180AB543B78DD064CBFBA
:105A100069236A232370F8E5FEE76288B2F5947F74
:105A20000CD2511C6180AB547B7813F0020340F020
:105A3000E8816288B2F5947FE4D3FEE7FEE76288EE
:105A4000B2F5947F15D2511C6180AB543B787A78C3
:105A5000134313F0020340F0C8816288B2F5947FCB
:105A600008D2511C6180AB546288B2F5947FC9D3CF
:105A7000FEE7FEE7FEE74FF00C08B9F1120F00D980
:105A8000FEE709F1010B1FFA8BFB07EB090C0DF187
:105A9000080A8CF802305A4650465549A7F816B005
:105AA00005F07CFB00233B800123FB826F23BB704E
:105AB0006423237008F101035B45BFF4A6AD09F12F
:105AC000FF310AEB08034FF06A0E4FF007094FF061
:105AD000010A00224FF0690BA1EB08010DF109004A
:105AE00089B2404401440191F88A122811D813F870
:105AF000011F00F1010C3844A7F816C0817020780E
:105B0000092800F20D81002874D101999942EBD146
:105B10007BE5FEE7601E1418824204F1010745D2BE
:105B200027F0010101EB57015CF8211007E722463D
:105B3000F1E7BB79DA0706D5FA79924582BF5219A7
:105B400012F80B20B2729B070BD56300234408EBBD
:105B500083031B7A6A789A4282BF5B1913F80B3071
:105B6000F3724FEA4409A14408EB890898F805301C
:105B7000317373734BE56B793372AB7973726B7AF4
:105B8000297AEA791B0403EB0123134473606A78D2
:105B900002F10C017180A978C9077FF5C8AE1932EE
:105BA000C4E64FF00A0BDBE603232FE50F4902EBB7
:105BB0004200144651F82010C9E602A92844FFF714
:105BC00085FB737FBDF808106288CB1A9BB21A441C
:105BD0006280727F1A447277E2881344E380338BC9
:105BE000B3F5947F01D2E9542FE6FEE768BA0008C6
:105BF0009E0500200138082887D80FF2080C5CF8B1
:105C000020F000BF455C00080B5B00080B5B000840
:105C1000295C0008295C0008FF5C0008BF5C0008E4
:105C2000975C0008755C00086088B0F5947F08D226
:105C300000F1010CA4F802C029542178013121702F
:105C400063E7FEE76088B0F5947F388311D200F1F6
:105C5000010CA4F802C029543878797710F00100BB
:105C600000F01C810831E1800621A180042121700F
:105C70004BE7FEE76088B0F5947F0BD200F1010C92
:105C8000A4F802C029543978C90600F1048184F8C7
:105C900000E03AE7FEE76088B0F5947F0ED200F1AD
:105CA000010CA4F802C02954797811F0020140F0E7
:105CB000EE806088B0F5947FE0D3FEE7FEE7608871
:105CC000B0F5947F19D200F1010CA4F802C0295458
:105CD00039787878014311F0020140F0D58060886E
:105CE000B0F5947F0AD200F1010CA4F802C0295447
:105CF0006088B0F5947FC1D3FEE7FEE7FEE76088D9
:105D0000B0F5947F0BD200F1010CA4F802C0295425
:105D10003978080700F1B58084F80090F5E6FEE7D1
:105D2000A0F1640CBCF1050F3FF6EFAE6538042816
:105D300000F2E680DFE800F00E0A05032500F976A0
:105D4000EAE7B9764FF068012170DEE6797084F8F1
:105D500000A0DAE660883970B0F5947F7A700FD2CF
:105D600001F00101033900F1010CA4F802C029542B
:105D700097F900100029ACBF514666212170C4E696
:105D8000FEE7397783E7B9F1120F3FF679AE07EBFB
:105D9000090C09F101020DF1080A92B28CF80230E7
:105DA00050465F49FA8205F0F9F90123FB8264232A
:105DB000A7F8008087F802B04FF0020823707EE653
:105DC0004FF0030859E64FF0050856E64FF0040877
:105DD00053E64FF0090850E64FF008084DE64FF043
:105DE00007084AE64FF0060847E6082323700CE44C
:105DF0004FF00A0841E64FF00B083EE64FF00D0861
:105E00003BE60923237000E40C33E3800A23618816
:105E1000A380B1F5947F16D27B78481C03F0010370
:105E200060806B546188B1F5947F0DD2481C60800E
:105E30006A5413B1E3880D33E380E388B3F5947FAC
:105E4000FFF4C9ADFEE7FEE7FEE74FF0110814E6E8
:105E50004FF0100811E64FF00F080EE64FF00E0855
:105E60000BE6B9F1120F3FF60BAEB944BA7089F8E0
:105E700002300021012264233980FA822370FFF767
:105E8000C4BB6721217040E6082121703DE64FF038
:105E90000901217039E684F800B036E60C31E18062
:105EA0000A21B4F802C0A180BCF5947F1DD2797894
:105EB0000CF1010801F00101A4F8028005F80C10B2
:105EC000B4F802C0BCF5947F10D20CF10108A4F81C
:105ED000028005F80C0011B1E1880D31E180E18804
:105EE000B1F5947FFFF4C2AEFEE7FEE7FEE7772B45
:105EF0000DD000232370C4F80230E380FFF785BB88
:105F0000772908D02270C4F80220E280FDE56523DD
:105F10002370FFF77ABB4FF065012170F5E500BFF4
:105F20009E0500202DE9F8431F46184B164693F8AE
:105F3000302004463AB393F82B301FB11BB31F1F18
:105F400018BF0127A1F1020804F5E36901F11E055C
:105F500038F8020FFAF7D5FD29F8020FB8F800005B
:105F6000FAF7DCFDA845A9F82000F1D1084B86F02E
:105F700001061B6884F85A77C4F85C37012384F85B
:105F8000606784F81937BDE8F88300BFC4000020BB
:105F9000E42E002070B500F27C7400F5B07120464C
:105FA000FBF7B9FA044B0246186801680D692146EF
:105FB0002B46BDE870401847941D0020B0F8E83427
:105FC000B0F8EA249B1A98B21B0444BF00F5007095
:105FD00080B2003818BF012070470346D0F8F82679
:105FE000B0F8E8140132C0F8F826D0F800270132E2
:105FF000C0F80027B0F8EA2491421FBF811891F839
:10600000EE04B3F8EC1401321ABF0A40A3F8EA24F4
:1060100000207047114B93F82D305A1E012A02D8E8
:106020000F48FFF7DABF032B10D10E4AB2F81E3625
:10603000B2F81C1699420ED0D11891F82206B2F887
:10604000201601330B40A2F81E367047064B186825
:1060500003689B6918470020704700BFC4000020F8
:10606000E0050020880E0020941D00200023A0F8E9
:10607000EA34A0F8E834024B18680368DB69184773
:10608000941D002010B50748FFF7F0FFBDE8104051
:106090000022054BC3F81C26044B18680368DB6913
:1060A000184700BFE0050020880E0020941D002046
:1060B00038B5B0F8EA24B0F8E83404469B1A9DB22B
:1060C0001B04084B48BF05F50075186848BFADB202
:1060D00003681B6A98474319D4F8F006184480B245
:1060E00038BD00BF941D0020F8B5D0F8F436044642
:1060F000CB1AB3F57A7F0E4690F8187726D2632B29
:1061000001D800207DE0012F0AD0022F19D0002FE6
:10611000F7D1FFF7CDFFB0F5806FF2D9012305E08D
:10612000FFF7C6FFB0F5806F03D9022384F8183754
:106130000CE02046FFF7BCFFB0F5C07FE1D20023A2
:10614000F4E7FFF7B5FFB0F5806FE7D33448C4F844
:10615000F466FAF732FC334D334A2B681168C3F109
:10616000000C411A614501DB99424BDD0A231060A6
:106170002B6013685221B3F5FA7FBCBF4FF4FA735A
:106180001360126864254A432849D4F8F836B1F8F8
:1061900048106B4392FBF1F2B3FBF2F35F2B35D85F
:1061A000552B35D83B2B03D94B2B34BF5B253225E0
:1061B00094F81837022B2DD0012B2DD013B9002FB6
:1061C00018BF33254FF47A733146D4F8002704F210
:1061D0000470FBF743F894F81837FBB9642D0BD122
:1061E0000322D4F8F436A3F29A23C4F8F436D4F890
:1061F000F8365B00B3FBF2F30120C4F8F83684F8FC
:10620000FC56F8BD002BB4DD013BB1E70025CFE71C
:106210001E25CDE70025D5E73225D3E70023EBE7A0
:10622000981D0020280000204C030020680000205A
:1062300070B5D0F8F4360446CB1AB3F57A7F0E4623
:1062400090F8182714D2032A08D8DFE802F00209D0
:106250002730FFF72DFFB0F5487F26D8002029E032
:10626000FFF726FFB0F5AF6F11D9022384F8183776
:10627000304B94F81857B3F84800C4F8F466D4F8D3
:10628000F836032D4ED8DFE805F03716494B204687
:10629000FFF70EFFA328E1D80323E7E7632BDDD93F
:1062A000FFF706FFB0F5AF6FE2D20123DEE7002073
:1062B00084F8180770BD21254FF47A733146D4F85D
:1062C000002704F20470FAF7C9FF94F818377BBB73
:1062D000642D0BD10522D4F8F436A3F54873C4F825
:1062E000F436D4F8F8369B00B3FBF2F30120C4F87F
:1062F000F83684F8FC56DDE764210F4A4B43B2FBC5
:10630000F0F2B3FBF2F35F2BD6D8552B0CD83B2B16
:106310000CD94B2B34BF5B253225CDE70025CBE7CD
:106320005D25C9E76425C7E71E25C5E70D46C3E718
:106330000023DBE76800002050400100F8B5244F3F
:1063400004463846FAF702FBFAF77CFB064697F953
:10635000A600FAF777FB05463846FAF700FB94F8F3
:10636000FC261C4B84F87221FF2293F8353084F808
:106370007421333384F8653144236D2284F8663107
:10638000D4F86831C0F10A0062F31703C4F8683129
:106390000023C4F86C3184F881324FF43943A4F8F7
:1063A0008232092300B280F3070084F8730184F875
:1063B000706104F5B07084F8715184F8843204F58A
:1063C000AA71FBF783FB2046BDE8F840FFF7E2BD6A
:1063D000981D0020C40000202DE9F04F0446B0F8BD
:1063E00028670378B0F822E7B0F824C7B0F81CA7F4
:1063F000B0F81E97B0F82087B0F82677B0F82A5783
:10640000B0F82C07A4F87A610026B4F82E2785B0DE
:106410000092B4F83027B4F836170192B4F8322756
:10642000B4F834B70292B4F83827A4F874E10392B0
:10643000B4F81A27A4F876C1A4F86C2184F87C314A
:10644000A4F86EA1A4F87091A4F87281A4F87871F0
:1064500084F87D61A4F87E51009A84F88132A4F812
:106460008221019A4FF4F843A4F88421029AA4F8F7
:106470008A11A4F88621039A4621A4F88C21FF22D0
:1064800084F865214422A4F88232262384F8662108
:10649000D4F86821A4F8800161F3170204F5B07004
:1064A000A4F888B184F88E6184F88F6184F89061D3
:1064B00084F89161C4F8682184F8843204F5AA71E3
:1064C000FBF704FB204605B0BDE8F04FFFF762BDC7
:1064D000F0B591B004466D4600F23A7300F25A7678
:1064E0002A4618685968083303C2B3421546F7D1E3
:1064F000202200210DEB020004F08AFE94F86027B0
:1065000094F85A370AB943F00203A4F87031002313
:1065100084F87331102384F874316B461D4A277850
:1065200092F83520D4F85C173332D2B2C4F86C112B
:1065300084F8727104F275160DF1400C1D4603CDFE
:106540006545306071602B4606F10806F6D144239C
:1065500084F865214FF4D27284F86631D4F868313A
:1065600004F5B07062F31703C4F868314FF4A05318
:10657000A4F88232492384F8817284F8843204F5C5
:10658000AA71FBF7A3FA204611B0BDE8F040FFF76F
:1065900001BD00BFC400002070B5044690F87457D8
:1065A00090F87507214B84F86F016FF06E0084F846
:1065B00070016FF02A0084F87101122084F87201D2
:1065C000002093F8353084F87301333384F8653153
:1065D00044234D2084F86631D4F8683194F872175A
:1065E00060F31703C4F868318F2384F883320A23D9
:1065F00094F87327B4F8706784F8741184F88112E2
:1066000004F5B070A4F86C6184F86E5184F87521BB
:1066100084F8822284F8843204F5AA71FBF756FAD2
:106620002046BDE87040FFF7B5BC00BFC4000020A5
:1066300010B5224B044693F835204FF07E53C0F836
:106640006C3100230178C0F87031C0F87431C0F8A3
:106650007831C0F87C31C0F88031C0F8843184F8DA
:106660008C314423333284F865214C22082084F88D
:106670006631D4F8683184F8880162F31703C4F8EE
:106680006831022049F6010384F88901A4F88232B6
:106690000120212384F88A1184F88B0184F8811267
:1066A00004F5B07084F8843204F5AA71FBF70EFA91
:1066B0002046BDE81040FFF76DBC00BFC4000020BD
:1066C000F0B54E780D46202E04468BB001F10C013A
:1066D0003AD8324601A804F061FD01AB0021C6F1B1
:1066E0002102981904F094FD3D4B9DF8222093F867
:1066F000353033339A4270D19DF82330442B6CD11E
:10670000BDF82030F62B02D0B3F5FA7F65D1B4F88E
:106710007027A4F870379A421CBF002284F87527AE
:10672000012284F86D276A79F62B84F87227AA79FA
:1067300084F873274FF0020284F8742713D0B3F55E
:10674000FA7F34D000232BE00B4601AA05F12C0779
:10675000164618685968083303C6BB423246F7D15B
:106760001B783370C0E71F4B186803685B6A984753
:106770000028E7D01C490398F9F77EFF98B11B4920
:106780000498F9F779FF70B119490798F9F774FF80
:1067900048B1002384F874379DF82430012B10D1C0
:1067A00084F8753719E0002384F87437CAE70023AA
:1067B0000F49079884F87437F9F75EFF0028C1D0B5
:1067C000EAE7022BBED194F87527002ABAD084F8E4
:1067D0007537084B1B68C4F878370BB0F0BD00BFA5
:1067E000C4000020941D00200000404000008842AA
:1067F00088AC9649E42E00204FF47F4303800023A9
:10680000C0E90133C0E903334361037670470000F8
:1068100038B50023C0E90733C0E955334362C0F8F7
:106820005C310446FAF7C6FE254B9878022845D01D
:10683000431F58425841FEF77DFA40F2FF130025EE
:10684000A4F8EC341F4B04F204701B68C4E9A25591
:1068500003F57A73C4F8F436C4F89052A4F8EA54F5
:10686000A4F8E854C4F8F05684F8FC5684F8185795
:10687000C4F8F856C4F80057FAF7EAFC294684F839
:10688000195704F21A70402204F0C2FC7D232046FE
:1068900084F85A57C4F85C5784F86057C4F86457B2
:1068A000C4F86857A4F86C37A4F8725784F8755781
:1068B000C4F87857BDE83840FFF79EBF0120BAE71B
:1068C00068000020E42E002010B40E4A92F82E201A
:1068D000AAB102789AB140F6C4140B4A0169126851
:1068E000511AA14202D910BCFFF786BF416831B9E5
:1068F0004169511AFA2982BF42610122027610BC15
:10690000704700BFC4000020E42E00204378032B12
:1069100006D1C068B0F5834F34BF00200120704716
:10692000002070477FB50B46324900F1280691F8E8
:106930002D100446022900F11C02314668461BD185
:10694000FEF752FE9DF80030022B50D104F5B075D1
:10695000324669462846FAF73BFED4F8683123F000
:106960007F436E2B2FD1244B9A78052A3DD8DFE840
:1069700002F0303438063038FAF79CFFE2E75A6C00
:10698000B2F5613F94BF002201222046FFF7BEFF0F
:10699000C8B9C2B194F86E31012B14D894F8723191
:1069A000042B10D11022154904F27B1004F004FCD2
:1069B00048B97823284684F8883184F8823184F8ED
:1069C0007C31FEF789F9204604B0BDE87040FFF73E
:1069D000E1BA5A6CB2F5E13FD4E75A6CB2F5614FB7
:1069E000D0E75A6CB2F5164FCCE70122CDE704B0E0
:1069F00070BD00BFC400002068000020E6B400089D
:106A00004378032B07D144F2BF13C068984294BF68
:106A10000020012070470020704700002DE9F04F52
:106A20000446814B8148ABB01D68FDF7CEF840F6B7
:106A3000C312D4F86837EB1A934204D894F96C3730
:106A4000834200F0B0807A4EC4F86857B1780627C8
:106A5000052997BF774B002533F81180764B8CBF03
:106A6000A84633F8115023783A468DF814300023A5
:106A70008DF815307F238DF81830B6F84A3084F839
:106A80006C078DF819000DF11A00ADF80C30ADF857
:106A90000E308DF817108DF81670FAF7FDF93A469A
:106AA000717808A8FAF7CEF96048ADF81080ADF813
:106AB0001250FDF773F840428DF826005B48FDF751
:106AC0006DF84242D2B220468DF82720FFF798FF9A
:106AD000DFF86891804604F5B07504F5AA760028C1
:106AE00064D09DF8261099F835309DF91900009171
:106AF00084F88721BDF80C10DDF81A2033339DF897
:106B000015B09DF816E09DF817C09DF91870BDF8F6
:106B10000EA0BDF81090BDF812800193A4F86C117E
:106B20009DF81430009984F87901C4F87A21089806
:106B3000BDF81E2084F8743184F88611A4F87E21F3
:106B4000A4F86EA1A4F87091A4F8728184F875B1CC
:106B500084F876E184F877C184F87871C4F880010C
:106B600084F88132AB23BDF824204EF68E21A4F8A0
:106B70008421019A84F8833284F8652144221C23FD
:106B800084F86621D4F8682184F882B261F3170290
:106B9000C4F868212846314684F88432FAF796FF13
:106BA0002046FFF7F7F92BB0BDE8F08F01466422CD
:106BB00011A804F02DFB0AAF0DF10C0CBCE80F007E
:106BC0000FC79CE807006FF02E0384F86C311C237C
:106BD00087E8070099F8357094F80090802284F8CF
:106BE000703184F86D8184F86E9184F86F810AA900
:106BF00004F2711004F0D2FA442340F2811284F8B6
:106C00006631D4F86831333762F31703C4F868315A
:106C10004FF41343FFB2A4F8823284F865718523E0
:106C200084F88192B6E700BFE42E0020541E0020B5
:106C300068000020E0B80008ECB80008C40000209C
:106C4000A64B2DE9F04F1A68D0F864370446D31AE2
:106C5000122BA9B040F23E81DFF884B2C0F864275D
:106C60009BF800109F4A881E92F8533092F85220E9
:106C700041429D4E4141002A00F0B980002B00F0B6
:106C8000C38096F9A000F9F7F5FE9BF80010804646
:106C90008A1E514296F9A100514196F9A2A0F9F736
:106CA000E9FE074696F9A3909BF8001096F9A60016
:106CB0008B1E59425941F9F7DDFE96F8A430049035
:106CC000012B0CBF0325012596F8A5308748012B21
:106CD00096F8AA300CBF45F0080545F00405012BD5
:106CE00096F8AB3008BF45F01005012B0CBF45F0FE
:106CF000200545F04005FCF79FFFF9F7D1FA7C49E4
:106D0000F9F726FB04F0DEF97A49F9F721FB23783D
:106D100006460093744B1846F9F72AFE724B029010
:106D20001846F9F733FE9BF800206F4B022A14BF78
:106D3000002393F8A930039020460193FFF760FEEB
:106D40006D4B014693F8353004F5B07B3333DBB23D
:106D5000059304F5AA73002861D0009AFF2184F8F6
:106D60006E21002284F86F21029A84F8791184F848
:106D70007021039A4EF68D2184F87121019AA4F8AE
:106D80006C5184F87421049A84F8728184F8752116
:106D90007F2284F8762184F87A21059A84F873A1F9
:106DA00084F86521442284F86621D4F8682184F8A7
:106DB000777161F31702C4F86821009A84F878911A
:106DC00084F881224FF46062A4F882221722C4F86A
:106DD0007B61C4F87F6184F8842258461946FAF72B
:106DE00075FE204629B0BDE8F04FFFF7D3B85BB180
:106DF00096F9A100F9F73EFE4FF07F0A07464FF0E3
:106E0000FF0896F9A3904FE796F9A000F9F732FE34
:106E10004FF07F098046FF2796F9A2A044E76C2235
:106E200006900DA8079304F0F3F97F228DF82A202D
:106E30008DF82E206FF02F02FF2084F86C2117228E
:106E4000009B06998DF82230029BADF820508DF8FA
:106E50002430039B25788DF82530019B8DF8231075
:106E60008DF82830049B8DF82D0084F86D1184F87E
:106E70006F1184F8702108A9802284F86E5104F201
:106E800071108DF829308DF826808DF827A08DF8A7
:106E90002B708DF82C90CDF82F60CDF8336004F076
:106EA0007DF9442240F2811184F86621D4F86821EA
:106EB000059B61F31702C4F868214FF41342A4F84C
:106EC0008222852284F8653184F88152079B84F8F8
:106ED000842282E729B0BDE8F08F00BFE42E0020B5
:106EE0008303002068000020981D002094030020E8
:106EF0000000503900247449C4000020F0B54E78D9
:106F00000546082E0C4685B001F10C0717D832460D
:106F1000394601A804F042F901AB0021C6F109028B
:106F2000981904F075F99DF80930032B05D16279A1
:106F30002A70064A12686B702A6105B0F0BDC868F5
:106F4000796801AB03C33A7A1A70ECE7E42E0020AB
:106F500030B50378044695B013B34A799A421FD1ED
:106F60004D780C314D2D1DD82A46684604F016F98F
:106F70000021C5F14E020DEB050004F049F942F283
:106F80001070049B190EC3F3072200FB0122642139
:106F90006360C3F3074301FB0323E360059BA36026
:106FA00015B030BD4E22684604F0F8F8E7E700005F
:106FB0008A68C2F317024C2A14D0942A09D09AB9CD
:106FC0000A4A92F82E207AB18B79012B0CD1FFF767
:106FD00095BF064A92F82E2032B18B79012B03D14E
:106FE000FFF7B6BFFFF76CBB704700BFC4000020BF
:106FF000B0F8EA34B0F8E824F0B5D21A93B212042B
:1070000044BF03F500739BB2DD2B044685B009D85D
:107010002A4D00F5257600F52277286803685B691C
:10702000984708B905B0F0BD286803689B69984780
:10703000D4F8F02603460132C4F8F02631463A4629
:107040006846FAF737FC9DF80030022BE5D104F5CD
:107050007075324669462846FAF7BAFA184B04F2B8
:107060007C7693F82D302946022B30460FD1FDF760
:10707000EDFF00239AB282420CD30023294620461A
:10708000C4F8F03605B0BDE8F040FFF791BFFAF75D
:1070900042FAEEE7B4F8E814B4F8EC744A1C3A404B
:1070A000B4F8EA7497421EBFF75C091981F8EE74D0
:1070B00003F1010318BFA4F8E824DBE7941D0020C6
:1070C000C40000202DE9F0414B4BDFF830811E68F1
:1070D00098F800304A4F022B1EBF0023A0F8EA3474
:1070E000A0F8E83497F82D300446013B012B00F25C
:1070F0008180FFF77DFF97F82E50002D5BD098F828
:107100000030022B4BD1012D3ED0022D42D0002564
:107110002046FFF7D9FB94F8193743B1002384F8D0
:10712000193797F83030012B4FD0022B50D015B1C2
:107130002046FFF703F994F86D372BB10023204662
:1071400084F86D37FFF728FA94F87537022B11D1C0
:10715000D4F87837F61AB6F57A7F0BD9B4F87037C9
:10716000F62B3ED0B3F5FA7F3DD00023A4F870375C
:1071700084F87537237E002B3CD0002320462376ED
:10718000BDE8F041FFF754BA31462046FEF7ACFFA8
:107190000546BDE731462046FFF74AF8F8E7D4F840
:1071A000F436F31AB3F57A7F08D2002504F204709E
:1071B000FAF74EF8ACE7C4F8F466F7E73223012596
:1071C000C4F8F46684F8FC36F0E7FFF705F9AEE79B
:1071D000FFF77EF92046FFF733FD2046FFF71EFC40
:1071E000A5E7FAF7EFFD074B1A79002ABDD1012276
:1071F0005A71BAE7BDE8F081E42E00208303002035
:10720000C40000205003002070B54C880346B4F53C
:10721000427F4FF000000AD80D780B2D77D8DFE8B9
:1072200005F0060F1C2C2F32383B54575B6DA2F132
:1072300024046242488062410A7083F809033EE0F8
:107240004D2A01D0582A06D11A7002220A70002055
:1072500083F8090370BD0022F8E702F0FD003C2826
:1072600001D0212AF7D15A701A784D2A0CBF082272
:1072700003220A7000229A70E9E79A700422DBE781
:107280009A800522D8E7988800EB02229A8006228D
:10729000DCE7DA800722CFE7D88800EB022292B23F
:1072A000002ADA800CBF0B220A220A7000224A80D0
:1072B000012283F80923DB88B3F5407F01D8002041
:1072C000C8E7002008704880C4E7DA800922B3E7E5
:1072D0009A800A220A70EBE7B4F5407F3CBFE418BD
:1072E00022724A88013292B24A80D88890429CBF6A
:1072F0000B220A70012283F80923E0E783F80823B0
:10730000022208704880012083F80923A2E7087050
:107310004880D4E7CB8870B5B3F5407F31D82423BB
:1073200003700B7843704B7883700B784D2B14D11E
:10733000CB88C3708B88037105230022CE88D418B4
:10734000A4B2964200EB040515D891F808232A70E0
:10735000CA880132981880B270BD8B78C3708B8850
:1073600003718B881B0A4371CB888371CB881B0AFE
:10737000C3710823E1E78D182D7A0132055592B2C9
:10738000DCE70020E8E700002DE9F74F16464A88C1
:107390000446B2F5427F0D462ED80B780A2B0FD942
:1073A000A3F16402032A03D90020287068802CE02E
:1073B000653B8F4F022B32D8DFE803F062A3A600B3
:1073C00000210A2BF0D801A050F823F0F97300082F
:1073D00011740008A9730008A97300085574000807
:1073E000637400086F74000875740008A9730008BE
:1073F000A9730008E37400080020A6F124077E4268
:107400007E4168802E7084F8090303B0BDE8F08FD8
:107410006F2E0CBF6423002300202B70F3E716F0BF
:10742000040F14BF4D2358233E7023703A78D107C0
:107430000ED412F0020F14BF21233E236370C2F357
:10744000C003D20648BF43F00203A3700423E3E75E
:107450003C23F3E70523A6802B7084F80913002052
:10746000D3E7A38803EB0623A3800623D4E70723EF
:10747000E680F1E7E38803EB0623E3806523CBE7AF
:107480000DF106007E70FAF741F83978FAF736F810
:10749000A7882179FAF732F8390AFAF72FF8E7883E
:1074A000A179FAF72BF8390AFAF728F89DF806308F
:1074B000B34206D000232B706B80032384F809337A
:1074C000CDE7002F0CBF66230A232B70012384F81D
:1074D000093300236B80E288B2F5407FBFD92B705F
:1074E000BDE7B2F5407F3CBF121916726B880133BD
:1074F0009BB26B80E2889A4201D866232B700123ED
:10750000DCE767237E80F9E74FF6FF73B7F8028068
:1075100097F8009008EB06280DF1060049461FFA7F
:1075200088F8ADF80630A7F80280F9F78DFF2679C4
:10753000B4F804A03146F9F787FF4FEA1A21F9F7AA
:1075400083FF94F806B0B4F806A05946F9F77CFF1B
:107550004FEA1A21F9F778FF797804F10807F9F76B
:1075600073FF52463946F9F77BFFBDF806304345B5
:107570003AD119F0040015D0002386EA0B01E21D70
:1075800098B2824584F8081307D80223012000220C
:107590002A706A8084F8093337E712F8010F013343
:1075A0004140EDE7A178F9F70FFB217984F8080352
:1075B000F9F70AFBA18884F80803090AF9F704FB24
:1075C000A17984F80803F9F7FFFAE18884F8080341
:1075D000090AF9F7F9FA3946E28884F80803F9F755
:1075E000F9FA84F80803D0E703230020CFE700BFAF
:1075F000601C0020CB882DE9F041B3F5407F0446A4
:107600000D464BD84B783C2B41D0A3F1210043428F
:1076100043415B002A78A71C4D2AAA7808BF43F093
:107620000403D10748BF43F0080392074FF0240238
:1076300022704FF06F0248BF43F010036270A370D6
:10764000AB883846E370AB881B0A2371EB88637103
:10765000EB881B0AA371FAF7B9F80822E071E988F0
:10766000A2F108039BB2561C8B42B6B204EB02088F
:107670000FD30631384689B2F9F70AFF88F80000BF
:10768000000AA055E8880A3080B2BDE8F0810123E5
:10769000C0E72B441B7AA3543246E0E70020F4E70E
:1076A00030B4BDF80C40B4F5407F03D8039430BC2F
:1076B000FAF7A6B8002030BC704710B50446242065
:1076C000207058206070002023711B0AA170E270A6
:1076D00063710522A071E071E11CF9F77BFA207259
:1076E000092010BD2DE9F04F0025D718914680469E
:1076F0000C462B462A464FF0FF0BDFF8D8A08FB080
:107700000D80B94502D10FB0BDE8F08F19F8010B1B
:1077100011463B2809D00132D2B238316944202ABF
:1077200008BF002201F8300CEBE74FF00001002603
:1077300038326A4402F8301CF2B25AF8361002A805
:1077400001930092F8F7E4FCDDE90023A8B9FF2BD0
:1077500018BF23880AEBC6061EBF591C218008F8F3
:1077600003B02388591C218008F803203379142B97
:1077700001D8189AD554FF231BE00136372EDBD1F0
:10778000FE2B06D023885A1C22806FF0010208F8D5
:107790000320002602A8F8F7C5FC721CF6B2B0421E
:1077A00023880AD85A1C22804FF03B0208F8032095
:1077B000FE2301350022EDB2A3E7591C218006F11A
:1077C00038010DEB010616F8301C164608F80310B8
:1077D000E0E700BF34D0000840F2FF3370B5002569
:1077E000A0F820367D230A2680F8543A0446034642
:1077F0000560C0F80E53A0F81E56A0F81C56A0F85D
:10780000425AA0F8445A80F8465AC0F8485AC0F87C
:107810004C5AC0F8505AC0F8585A00F6672100F682
:107820006D2011F8012F0AB1B6FBF2F2814283F804
:10783000702A83F8715AC3F8745A03F10803F0D11F
:107840001522FF2104F52A6003F0E2FCC4F8B85ABF
:1078500070BD0000F8B5134A044692F83000F8B144
:1078600092F82B2003B1DAB18E1E04F5226701F1E4
:107870001E0536F8020FF9F744F9AE4227F8020F59
:10788000F7D1012384F8423A94F8453A83F0010392
:1078900084F8433A94F8463A83F0010384F8443A72
:1078A000F8BD00BFC400002070B5061D04460A469E
:1078B00001463046FFF768FD18B304F6BC25314693
:1078C0002846FFF727FD0F4B0246186801680E692E
:1078D0002946B04763793C2B13D1218904F65A23FA
:1078E00004F66622A4EB8404A4F5F75406481C3C75
:1078F00033F8025F8D4204BF056844F82350934279
:10790000F6D170BD941D0020E42E002070B5124801
:107910000C4690F82D00451E012D0AD80F4E8D18EB
:10792000AC4200D170BD304614F8011BFEF7FAFFDF
:10793000F6E7032809D10A4E8D18AC42F2D0304642
:1079400014F8011BFFF7B0FFF7E7064BBDE87040E6
:10795000186803681B691847C4000020E005002070
:10796000880E0020941D0020B0F81C36B0F81E26AA
:107970009B1A98B21B0444BF00F5806080B20038A7
:1079800018BF012070470000094B93F82D305A1E94
:10799000012A02D80748FEF711BB032B02D1064883
:1079A000FFF7E2BF054B186803685B69184700BF23
:1079B000C4000020E0050020880E0020941D002057
:1079C00070B500F6BC240B4602223C212046FFF78E
:1079D00074FE054B0246186801680D6921462B4666
:1079E000BDE87040184700BF941D0020114B37B50B
:1079F0001A68D0F8483AD31A122B19D92023C0F8A4
:107A0000482A00F6BC2400F6222001930090C823E7
:107A100003223C212046F9F76DFE074B0246186809
:107A200001680D6921462B4603B0BDE83040184778
:107A300003B030BDE42E0020941D00207FB5234B01
:107A400004461A68D0F84C3AD31AC72B3CD94FF4E5
:107A500080731F4DC0F84C2A2846ADF80830F8F75F
:107A600075FF06461B48FCF799F801463046F9F7C2
:107A700091F88DF80A002846F8F768FFF9F784F8BE
:107A800095F8A9308DF80B0028468DF80C30F8F7E2
:107A90006FFF8DF80D002846F8F761FF072304F605
:107AA000BC24019302AB03223C218DF80E0000930D
:107AB000204641F20D03F9F71DFE074B02461868F8
:107AC00001680D692146A84704B070BDE42E00206E
:107AD000981D0020541E0020941D002030B504463F
:107AE000204B214887B01D68FCF76FF840F6C312A1
:107AF000D4F8503AEB1A934203D894F9543A83429B
:107B00002DD00023C4F8505A84F8540A8DF8083058
:107B1000F9F770F8154D04226978ADF80900ADF851
:107B20000B000DF10D00F9F78DF9A97806220DF182
:107B30001100F9F7B1F90F2304F6BC24019302AB4D
:107B400003223C210093204641F20E03F9F7D2FDB7
:107B5000074B0246186801680D692146A84707B01F
:107B600030BD00BFE42E0020541E0020680000201D
:107B7000941D00202DE9F84300243D4DFAF7E8FA62
:107B8000FAF7F0FFFAF7ACFAFAF798FA39493A48F7
:107B900001F01CFBFAF782FAFCF7C4FFFAF754FF76
:107BA000C5E902442C61FAF773FC344B4FF020090D
:107BB0001C70FAF76FF90823314F324E7B61DFF802
:107BC000C880FAF7B7F93046FAF7DEFA41F28830A2
:107BD000C8F81490FAF7D8FA4CF25030C8F8109060
:107BE000FAF7D2FA2846FAF789F921462846274DAE
:107BF00002F0DFF84FF47A70FAF7C6FAC5E90244EA
:107C00002C61FAF7E3FC224B1C70FAF7CBF9022344
:107C10007B61102730461F4EFAF710FAFAF7B4FAD4
:107C200041F288307761FAF7AFFA4CF250303761A1
:107C3000FAF7AAFA2846FAF7E9F92146284602F0A7
:107C4000B8F84FF47A70FAF79FFAFBF7EFFD124895
:107C5000FAF7C6FF114B1248B3F84810FBF796F835
:107C6000104B114A1A60BDE8F843FAF777BE00BF1F
:107C7000541E0020EA000020641C00203000002078
:107C800000040140E0930400000C01406C1E002041
:107C90003100002000080140AC1C002068000020DA
:107CA000921D0020941D002038000020F7B5082701
:107CB000174B4FF6FF715F61164802F033F9164C0F
:107CC000206023689B0712D5144E35798DB13B4651
:107CD0006A4600210F4802F046F8D6E90402DDE9C1
:107CE00000139A4208BF884201D00023236003B0EA
:107CF000F0BD02236A462946064802F034F8084BD4
:107D0000DA8BBDF800309A4218BF2560EFE700BF5C
:107D100000040140541E0020D00500205003002024
:107D200068000020F7B50227174B4FF6FF715F611F
:107D3000164802F0F7F8164C206023689B0712D50E
:107D4000144E35798DB108236A4600210F4802F0A0
:107D50000AF8D6E90402DDE900139A4208BF884216
:107D600001D00023236003B0F0BD3B466A4629469C
:107D7000064801F0F8FF084BDA8BBDF800309A4254
:107D800018BF2560EFE700BF000401406C1E002013
:107D9000CC05002050030020680000200023034A87
:107DA0001370034A1370034A13707047DB050020F9
:107DB000A01E0020880300200023024A1370024AFC
:107DC00013707047DB050020A01E002008B5437E1D
:107DD000203B042B0FD8DFE803F0050E030B0F0048
:107DE000FCF782FA0123064A1370064A137002E078
:107DF0000122054B1A7008BDFBF70CFDF2E700BF2E
:107E0000DB050020A01E002088030020034B1B7808
:107E1000012B01D1FCF700BA704700BFDB05002041
:107E20002DE9F043814699B04148FCF78DFD0546A8
:107E3000002866D03F4B1C78002C62D13E4B1B784B
:107E4000022B5AD12646DFF8F48003AF4046F4B245
:107E5000FFF79AFD40B14046FEF7DCF80136522E9E
:107E600007F8010BF2D1344635482146F9F785FA77
:107E70003448F9F77CFA01272D4EDFF8CC80B3782F
:107E800040468DF8003098F8A43088F8A5908DF819
:107E900005308DF806908DF80170F8F757FD8DF8D4
:107EA00002004046F8F764FD8DF803004046F8F7FD
:107EB0006DFD264BDFF898901B788DF80400C3EB1E
:107EC000C30302339B088DF809300DB3194B1B789F
:107ED000CBB9234669461F4803AAFCF7AFF8012334
:107EE000194889F80030F8F75FFD1748F8F765FD85
:107EF0000123F37019B0BDE8F0831048FEF7C2F813
:107F0000B9E70024B7E769461248FFF77FFFE6E7C5
:107F100099F8003003B9FEE769460E48FBF7A2FF67
:107F2000404689F80070F8F744FD4046DEE700BFA0
:107F3000841E0020A01E00208303002034000020A7
:107F4000FC1D0020D41D0020981D0020DA1C0020FC
:107F500049030020371D002070B5CB78354EC3F3A0
:107F6000800386F8AA308B790546C3F3000386F8B0
:107F7000AB300B79C87803F003035B0143EAD00010
:107F80000C46F8F759FD86F8A6002379C3F3800361
:107F900086F8A7306379227903F001035B0143EA95
:107FA000D20386F8A8306379C3F3460386F8A93074
:107FB000E37803F00202002A14BF012100211E4AC7
:107FC00011700CD0A27803F001039B0043EA9213D6
:107FD00007229B000333B3FBF2F3184A5370214688
:107FE00017481DB9BDE87040FBF770BEFBF7ADFE4A
:107FF000A37803F03003202B04D12046BDE8704065
:10800000FFF7E4BEFFF7D8FE0E4B1B78022B10D112
:10801000A27904F119010C485208FFF777FCA17905
:108020000A484908F9F7A9F9BDE870400848F9F786
:108030009EB970BD981D0020B21F0020DA1C0020E0
:10804000B41C00208303002034000020101E0020F8
:10805000E81D002073B5054660B9204B20491C7807
:108060002048037953B1012C36D002B0BDE87040EE
:10807000F9F71CBB1C4B1D491C78F1E75CB91A4B86
:1080800022461B780D200193144B19491B7800934D
:108090002346FCF701FC012C164B174E13D08A78AF
:1080A000C2F3C0025A7002221A70E31E58425841AD
:1080B000FFF752FF3046F8F743FC032C04D130465B
:1080C000F8F741FC00E01C700B4886F8A45002B0A1
:1080D000BDE87040F8F732BC02B070BDD805002092
:1080E000FC1E002050030020D9050020571F00204F
:1080F000F7B40008841E0020981D00200A4B10B51C
:108100001A7904462AB1BDE8104001461846FCF72A
:108110006BBBFFF785FE054B2046BDE810405B2298
:108120001B7F0349FCF734BB50030020680000208C
:10813000371D0020264B70B51A7905460E4632B120
:10814000BDE870400A4601461846FCF795BD5B2322
:10815000204A2149FCF70CFB15BB1F48FBF782FDA9
:10816000044640B31D491E48F9F718FD05F13001DA
:108170001B48C9B2F9F706FD1A491948F9F70EFD6F
:10818000204601F0EFFC01461548F9F707FD0A21EA
:108190001348F9F7F7FC012C04D11348FCF7C4FB92
:1081A0000C48DBE7042C0FD0012428460F49FCF7CC
:1081B00059FB204670BD2EB10D48FAF797FD0CB162
:1081C0000224F2E70324F0E7002EF9D0F4E700BF21
:1081D00050030020571F0020FC1E002009B5000896
:1081E0002C00002010B5000812B50008981D0020D2
:1081F000921D0020024B1878831E58425841704748
:1082000083030020002370B59CB2A24200D870BD49
:10821000058886886C1C34404688A6421EBFCE5C0A
:108220002D18AE7103F1010318BF0480ECE70000C4
:10823000B0F81E36B0F81C262DE9F04FD21A93B2D2
:10824000120444BF03F580639BB2E62B0446ADF5F0
:10825000057D0AD8754E00F21C6704F212383068AA
:1082600003685B699847054618B90DF5057DBDE8BB
:10827000F08F306803689B69984704F20E3102461C
:108280004046FEF7C1FF0028E9D094F813333E2B97
:1082900075D1B4F81633B3F5005F38D194F8983A35
:1082A000002B6CD19E4619464FF0010B04A804F236
:1082B000273A04F69F29036019F8012FFF2A0ED0F0
:1082C0004FEAD20C1AF80CC002F007024CFA02FC7A
:1082D0001CF0010F1EBFAE460BFA03F2114301332F
:1082E000152BE9D1BEF1000F00D00160042304F684
:1082F000BC29CDE9000302223E2142F6FF73484625
:10830000F9F77EFA494602463846FFF77BFFB4F894
:1083100016A3BAF1740F23D100250DF1100B04F54B
:108320002A635846009304F21A32B4F818330DF158
:108330000E01ADF80E50FFF7D5F9BDF80E3004F67A
:10834000BC2902223E21CDE900B34846534684F8B9
:10835000985AFFF7A5F9494602463846FFF752FFFB
:1083600043F20103B4F816239A4208D194F8123369
:10837000582B04D12E4B1D79F5B901225A7194F86E
:108380001333212B22D141F20D02B4F8163393425C
:1083900014D041F20E02934214D0002D3FF45DAF91
:1083A00004F6BC2541462846FFF724F92946024633
:1083B0003846FFF727FF50E70025E0E7012384F860
:1083C000453A4AE7012384F8463A46E73C2BE4D194
:1083D000B4F81693B9F1440FDFD194F81233582B47
:1083E000DBD13068D4F81A5303685B6A98470028D9
:1083F0003FF433AF0F4B9D427FF42FAF0E4B04F68B
:10840000BC251B680222C4F8B83A00233E21CDE9FE
:10841000003328464B46F9F76DF90246306801688B
:10842000D1F810802946C04717E700BF941D0020EF
:108430005003002091D51200E42E00202DE9F047D2
:108440003A4B04461B78022B0CD00023A0F81E36B2
:10845000A0F81C3690F86D3A13B10A22B2FBF3F380
:1084600084F8983A324B93F82D30032B2DD12046C7
:10847000FFF7DEFE94F8422A3AB10023204684F842
:10848000423ABDE8F047FFF7B1BA94F8433A33B146
:10849000204684F8432ABDE8F047FFF7CFBA94F8A6
:1084A000448AB8F1000F06D0204684F8443ABDE86B
:1084B000F047FFF713BB1F4B1E68D4F8583AF31A66
:1084C000632B04D8D4F8B83A4BBBBDE8F0872546F7
:1084D00040F6AB5AC4F8586A04F65C2704F1300938
:1084E00095F8702AAAB195F8713A0133DBB29A4235
:1084F0000BD885F8718AD5F8743AF31A534508D920
:1085000020463988FFF75CFA03E085F8713A002BC2
:10851000F1D008354D4507F10207E1D1D2E7F61A4F
:10852000B6F57A7FD1D9F9F74DFC00BF830300205F
:10853000C4000020E42E00202DE9F743A94EAA4CE8
:108540003378012B00F212810BB9F9F78FFCFFF79A
:1085500011FBA64B616C1868072703689B68984756
:108560000022A34B1A809A704FF40052A14B5A611B
:108570004CF25030013FF9F7DDFDF9F705FE17F039
:10858000FF07F5D19C4801F073FD4FF6FD750138EA
:1085900080B2A84203D901209849FCF775F99848A0
:1085A00001F066FD013880B2A84202D90220954947
:1085B000F3E7954B1F60954B1F6094F8523013B949
:1085C00094F854301BB192498B48FBF70DFB94F89B
:1085D000533013B994F855301BB18E498848FBF7D6
:1085E00017FB8D48FBF7A4FE94F82020202A00D921
:1085F000FEE794F82800894D0528616AB4F82C90AC
:1086000094F829C094F82A30A87100D9FEE7DFF861
:10861000108258F830E0BEF1000F00D1FEE708EB01
:10862000C008C5F808E098F804E098F8058085F8D7
:1086300007E085F80C804FF0000885F8D500A5F814
:108640000E9085F8D480B9F1000F00D1FEE7724595
:1086500024BF0EF1FF3E5FFA8EF205286A7400F027
:10866000AC80012800F2B1800CF1FF30C0B200F004
:108670009B80022813D8581EC0B2032809D80C2AA0
:1086800001D90C206874687C904200D96A746746EE
:1086900008E0122A84BF12236B740023F3E7052B32
:1086A00028BF00233A465D48F8F738FD0027FF222F
:1086B0005C4B5A482F741A705A70FBF7BDFA01468A
:1086C0004D4801F099FB5548FBF7B6FA01464C4876
:1086D00001F092FB544B55481F70554B1F70554B82
:1086E0001F80554B1F70554B1F70554B1F70554BBE
:1086F0001F70554B1F70554B1F70554B1F70FFF768
:108700004DFB544BB4F84A201F70534B94F8401063
:108710001F70524B1F70B4F84830F8F7D6F8B4F811
:1087200048104F48F8F70AFC4E48FCF705F94E4B45
:108730004E4893F8291000F056FD4D48FEF768F8B2
:108740004C48FFF749F894F852301BB994F854306C
:10875000002B3ED02848FBF738FA0023464A138006
:10876000464A1380FAF7CCF9FF233370FAF7D2F9AF
:10877000002800F0A8802F4A13880BB1013B13801A
:108780002B4B1B4A19781388022924D13BB3013B98
:108790009BB213809278002A72D0002B79D1F9F71E
:1087A000BBFCF9F7C7FC74E0022804D80C2A01D9F5
:1087B0000C236B746746002374E70CF1FF33022B24
:1087C000F9D8082AF6D90823F3E71448F8F74EFC3D
:1087D0006CE70B48BFE7002BD9D1C723D9E740F29C
:1087E000F313D6E7D91C002068000020941D002058
:1087F000D405002000100140541E002034B50008AC
:108800006C1E00203EB50008CC050020D0050020DD
:108810006C0000207800002050030020940300200A
:10882000F8B80008DA1C0020DA050020981D0020A6
:10883000830300208603002084030020800300209F
:108840008103002082030020D9050020D8050020E4
:10885000DC0500208B0300208A030020C8050020CF
:108860008C1E0020841E0020C4000020641C0020F8
:10887000E0050020880E00209C1E00209E1E002087
:10888000022990485BD10BB9F9F746FC4FF400532D
:1088900043618D4D2B88002B57D0013B9BB28B48F9
:1088A0002B80FBF7D1FD94F852301BB994F854306B
:1088B000002B4DD08648FBF788F92B881BB98549DA
:1088C0008548F9F76BF9854D2978002942D00229AE
:1088D00076D094F8523023B994F85430002B00F03D
:1088E000AB807F4F3B68002B00F0A6802B78032BDA
:1088F00072D13B68D8070DD500237A4A3B601378C4
:1089000043F00101117094F856200AB1990701D57E
:1089100000232B703B68002B00F08E803B68724870
:1089200013F4804F714968D0037805203A680193A9
:108930000B786F4900932B7892B2FBF7ADFF4FF4A1
:1089400080424261002BA4D12BE740F2E733A6E737
:108950006848B0E7684B1B7843B1684A137C507C89
:108960000133DBB29842137498BF11746348FBF76C
:1089700063F90146564801F03FFA6048FBF75CF99D
:1089800001465C4801F038FA94F8523023B150485F
:10899000F9F7C6FAFBF7A5F894F8533023B1554818
:1089A000F9F744FBFBF79DF801232B7000234E4A97
:1089B00013704E4A1370524A1360494A136088E795
:1089C0005048FBF791FE504B187AFFF797FB0323B3
:1089D000444A2B700023EDE7012B9BD13B689A079B
:1089E00098D5414B002019783860B1FA81F14909D6
:1089F000FFF7A0FB3D4B18708CE73B689B0709D540
:108A000003783A6801930B78012000932B783F4953
:108A100092B292E73B6813F0010309D003783A68F9
:108A200001930B78022000932B78394992B284E7A6
:108A30003B602B7003700B7094F8533023B994F89B
:108A40005530002B00F087802D4F3B68002B00F045
:108A500082802878032823D13B68D8070DD50023CE
:108A6000204A3B60137843F00201117094F85620BD
:108A70000AB1D90701D500232B703B68002B6AD0BF
:108A80003B68194813F4804F184945D003783A6879
:108A900001930B78062000932B781E4992B24CE785
:108AA0000128EAD13B689A07E7D500233B600F4BCA
:108AB0001978B1FA81F14909FFF73CFB0A4B1870AC
:108AC000DBE700BF001001409C1E00205003002087
:108AD000541E002049B500082C000020DA050020B3
:108AE000D0050020DC050020D9050020D805002095
:108AF0004BB500086C1E0020830300209403002067
:108B0000CC050020DA1C00208C1E002058B500087F
:108B100069B500087AB500083B689B0709D503785A
:108B20003A6801930B78032000932B789D4992B209
:108B300003E73B6813F0010309D003783A68019317
:108B40000B78042000932B78974992B2F5E63B60AE
:108B50002B7003700B70954B1A7802F0FF09002AF6
:108B600000F0D2814FF0000883F8008094F8523072
:108B700094F8530043B3002800F0B1808C498D4A2B
:108B80000B7883B91778B7EB080718BF012713785C
:108B9000012B00F26582002F40F065823E460122E3
:108BA000854B1A7020E0012B0746F0D0834B3E46E0
:108BB00093F9A1004746009093F9A0301278097804
:108BC0007F48F8F7A0F90DE0002800F08880794B85
:108BD0001B78012B8CBF012600260CBF0127002724
:108BE000002BDCD0FFF736FA94F8542094F8553077
:108BF000002A76D0002B79D0704B6D4993F9A120D3
:108C0000704800926B4A93F9A03012780978F8F70F
:108C1000AFF92EB96C4B1E77DE831E626B4B1E7054
:108C2000DFF8AC8198F80020012A7ED8A6B1DFF8E1
:108C30008CC19CF8A8303E2B63D866499CF8A7C02D
:108C4000087CBCF1000F69D1834255D04A7C0B747B
:108C50009A424ED93746002698F80030002B40F053
:108C6000978007B12B705C49B4F84E200B78013324
:108C7000DBB293420B70574B0ADB1A7C587C0132F3
:108C8000D2B2904298BF00221A7400220A702A7051
:108C900093F8D420002A00F0B280B3F8D820B3F8BB
:108CA000D610013292B29142A3F8D82000F2A780E8
:108CB0000022A3F8D820062293F8D500D9890130E4
:108CC000C0B2062828BF002041FA00F7FF0740F194
:108CD0009180424A52F83020002A4DD1FEE7344BB1
:108CE00076E71BB10122374B1A7292E70022354B0F
:108CF000FAE700230B74ADE73948017841F0010130
:108D000001703849DAB93F2B4FF001000A7028BFD3
:108D10000322334B88F800001A7008E0834295D193
:108D20002F48017841F00201EAE7002E94D02E4B43
:108D3000B4F84C204E461A8002232B708CE70B7837
:108D40002A4801330278DBB20B706AB994F85020DC
:108D50009342ECD3224B1B78032B07D1022388F8D4
:108D6000003001230370E2E70522F1E7531EDBB276
:108D700093420B70F2D2DAE783F8D500F8F70AFBDA
:108D80001B48FBF7F3FA00232B7098F80030B3B3BD
:108D9000154B1B889BBB104A88F8003013702B7052
:108DA0002DE000BF88B500089AB5000889030020AF
:108DB000D8050020D9050020841E0020981D002021
:108DC000D81C00208C1E0020E0050020880E00200A
:108DD000830300209403002081030020F8B80008DA
:108DE00080030020840300208603002082030020EB
:108DF00050030020013A12F0FF027FF460AF00221E
:108E00009C4B1A7098F80020002A00F023811EB9AC
:108E100001221A7002232B709748FAF76FFE9748C9
:108E2000FAF76CFE98F80030022B02D00022944B27
:108E30001A70944A13880BB9B4F84A30013B9BB2BC
:108E4000138013B99048F7F7C4FD8F48F7F775FD05
:108E500098F80030022B0CD08B48F7F71EFD98F8DD
:108E6000003033B9FEF7A8FF0123884A1370884AFF
:108E70001370884E3046F9F79DFE7278864B012AB2
:108E800004D100217170197901B95A718248FBF738
:108E900005FBFBF71BFB0128064607D002282FD055
:108EA00005227E4B1A7003B0BDE8F0837A48FBF7C9
:108EB00085FAB4F848307A4A03EB830303EB830363
:108EC0009B0078481380F9F711FF41F28833B4F81A
:108ED0004810754AB3FBF1F3A2F8D63000234FF4E3
:108EE000804182F8D460A2F8D830704A11614FF402
:108EF000005151616E4A88F8003096702B70CFE7B0
:108F000001226C4B1A70CBE764496B4A0B781BB19A
:108F1000013BDBB20B7013B11378002B43D000235D
:108F2000664D13702B78664A022B0CBF012100217D
:108F3000137858D10BB963480370634C11706348C0
:108F400094F8281000F07AF92B78022B5CD1494D67
:108F50004D4895F80080F7F7F9FC07464A48F7F7BF
:108F600007FD002342465A49CDE90070574800F0FA
:108F70007DFC5648FBF730FE00232A7855495648B9
:108F8000FCF7D0FF00232A7852495448FEF762FCD0
:108F9000534B1B783BB994F8263094F833204C4956
:108FA0005048FBF7CBFB494800F070FD4A48FEF7FC
:108FB00089F84A48FFF742FA3E4B1B78002B3FF4F2
:108FC00072AF2D48FAF79AFD2C48FAF797FD4FF447
:108FD0000052364B1A614FF480421A61FAF70AFCCC
:108FE000012333705FE7002BA7D03D4B1B78002B8C
:108FF000A3D03D4B1B78002B9FD00420394B5870D9
:109000000120304B187098E7374B1B78CBB16FF0CD
:109010007E030022CDE9003201232D491A462B4858
:1090200000F024FC294800F020F9012329491A46C0
:109030002948FCF777FF012326491A462748FEF7FF
:1090400009FC204B1B78002BADD194F82620254B32
:109050005A70A8E72B7813F0FD0F3FF4DDAEE5E67C
:1090600027B906469BE5B84600279FE54FF0000864
:109070009CE500BFC8050020541E00206C1E002087
:10908000841E00209E1E0020981D0020DB0500206D
:10909000A01E0020AC1C0020500300208B030020E9
:1090A00064000020921D0020940300200010014065
:1090B000D4050020880300208A03002083030020B9
:1090C0004A0300204B030020C4000020641C002041
:1090D000B41C0020881C0020E0050020880E002021
:1090E000B21F0020DA1C00208203002008B5FFF721
:1090F00023FAFCE71E4B1F4A10B51A601E4B1F4A8D
:109100001F4C1A601F4B204A20461A605A619A620F
:10911000DA631A651D4A5A669A671D4AC3F88C209D
:1091200000F048F8002240F2FF111A4B23601A4B5E
:10913000C3F8E824C3F8EC14184B40F2FF31C3F82D
:109140001C26C3F8502A7D2283F8542A144AC3F8F7
:109150002016506A916A03F65C2403C4D06A20602A
:10916000106B928EC3F8680AA3F86C2A10BD00BF7A
:10917000541E0020B4B500086C1E0020DCB50008A9
:10918000641C0020981D002064B400084CB4000842
:1091900058B4000864B60008E0050020880E0020DE
:1091A00038B2000870470020704700207047002048
:1091B0007047000010B50446034B012140F8043B02
:1091C000F7F718FB204610BDF4D1000838B524226B
:1091D0000D46FF230021044603618182104402F002
:1091E00017F8E56038BD38B50D46017C0446A94244
:1091F00015D0012918D0022912D011B903685B6873
:1092000098470023012D6374257413D0022D0ED0CE
:109210002DB923685B68012120469847607438BDEA
:109220000368DB680021EBE703689B68FAE72368C3
:10923000DB68F0E7236829469B68EDE70430F7F721
:10924000E7BA037C10B5012B0ED100F1160301F132
:109250000C0251F8044B914243F8044BF9D10A88AF
:109260001A8040F20113438210BD037C012B0BD105
:1092700048F281134FF40142C3820023C0E9063251
:10928000038440F2011343827047F0B5054689B06C
:1092900008880C4616461F46F7F724FC9DF8063052
:1092A0008DF8050023F00703C0F302200343608814
:1092B0008DF80630F7F716FC9DF8063000F01F0217
:1092C00003F0070343EAC2038DF806309DF8073028
:1092D000C0F3451023F03F030343A0888DF8073007
:1092E000F7F700FC9DF8073000F0030203F03F039E
:1092F00043EA82138DF80730C0F387038DF80830F6
:109300009DF80930C0F3802023F001030343E08877
:109310008DF80930F7F7E6FB9DF8093000F07F0281
:1093200003F0010343EA42038DF809309DF80A3047
:10933000C0F3C31023F00F03034320898DF80A30D4
:10934000F7F7D0FB9DF80A3000F00F0203F00F038F
:1093500043EA02138DF80A309DF80B30C0F3061073
:1093600023F07F03034360898DF80B30F7F7BAFBD6
:109370009DF80B3000F0010203F07F0343EAC213B3
:109380008DF80B30C0F347038DF80C309DF80D308D
:10939000C0F3412023F003030343A0898DF80D306F
:1093A000F7F7A0FB9DF80D3000F03F0203F0030338
:1093B00043EA82038DF80D309DF80E30C0F384101F
:1093C00023F01F030343E0898DF80E30F7F78AFB83
:1093D0009DF80E3000F0070203F01F03C0F3C70032
:1093E00043EA42138DF80F00208A8DF80E30F7F70C
:1093F00079FB9DF811308DF8100023F00703C0F3BE
:1094000002200343608A8DF81130F7F76BFB9DF85B
:10941000113000F01F0203F0070343EAC2038DF886
:1094200011309DF81230C0F3451023F03F03034381
:10943000A08A8DF81230F7F755FB9DF8123000F036
:10944000030203F03F0343EA82138DF81230C0F3A6
:1094500087038DF813309DF81430C0F3802023F07B
:1094600001030343E08A8DF81430F7F73BFB9DF8C6
:10947000143000F07F0203F0010343EA42038DF849
:1094800014309DF81530C0F3C31023F00F030343CD
:10949000208B8DF81530F7F725FB9DF8153000F07F
:1094A0000F0203F00F0343EA02138DF815309DF805
:1094B0001630C0F3061023F07F030343608B8DF852
:1094C0001630F7F70FFB9DF8163000F0010203F09D
:1094D0007F0343EAC2138DF81630C0F347038DF8BB
:1094E00017309DF81830C0F3412123F003030B43DC
:1094F000A08B8DF81830F7F7F5FA9DF8183000F0CA
:109500003F0203F0030343EA82038DF818309DF80D
:109510001930C0F3841023F01F030343E08B8DF850
:109520001930F7F7DFFA9DF8193000F0070203F061
:109530001F0343EA42138DF8193040F2A953218CDE
:10954000628C99428CBF01210021C0F3C7009A426E
:109550008DF81A0088BF41F002010EB141F00401FC
:109560000FB141F008010F238DF8043000238DF86E
:109570001C302B688DF81B10192228461B6801A986
:10958000984709B0F0BD000030B5054689B008889D
:109590000C46F7F7B4FA9DF808308DF8070023F071
:1095A0000703C0F30220034360888DF80830F7F703
:1095B000A6FA9DF8083000F01F0203F0070343EA03
:1095C000C2038DF808309DF80930C0F3451023F030
:1095D0003F030343A0888DF80930F7F790FA9DF810
:1095E000093000F0030203F03F0343EA82138DF8D1
:1095F0000930C0F387038DF80A309DF80B30C0F3B3
:10960000802023F001030343E0888DF80B30F7F747
:1096100076FA9DF80B3000F07F0203F0010343EA75
:1096200042038DF80B309DF80C30C0F3C31023F0CB
:109630000F03034320898DF80C30F7F760FA9DF88B
:109640000C3000F00F0203F00F0343EA02138DF811
:109650000C309DF80D30C0F3061023F07F03034358
:1096600060898DF80D30F7F74AFA9DF80D3000F05B
:10967000010203F07F0343EAC2138DF80D30C0F3FB
:1096800047038DF80E309DF80F30C0F3412023F0D2
:1096900003030343A0898DF80F30F7F730FA9DF8E4
:1096A0000F3000F03F0203F0030343EA82038DF81A
:1096B0000F309DF81030C0F3841023F01F030343D4
:1096C000E0898DF81030F7F71AFA9DF8103000F0A5
:1096D000070203F01F03C0F3C70043EA42138DF8EB
:1096E0001100208A8DF81030F7F709FA9DF8133031
:1096F0008DF8120023F00703C0F302200343608AB1
:109700008DF81330F7F7FBF99DF8133000F01F02C6
:1097100003F0070343EAC2038DF813309DF81430B9
:10972000C0F3451023F03F030343A08A8DF81430A3
:10973000F7F7E5F99DF8143000F0030203F03F035A
:1097400043EA82139DF816208DF81430C0F3870386
:109750008DF8153022F00102C0F380231343E08A14
:109760008DF81630F7F7CBF99DF8163000F07F0230
:1097700003F0010343EA42038DF816309DF81730D9
:10978000C0F3C31023F00F030343208B8DF8173071
:10979000F7F7B5F99DF8173000F00F0203F00F034B
:1097A00043EA02138DF817309DF81830C0F3061005
:1097B00023F07F030343608B8DF81830F7F79FF990
:1097C0009DF8183000F0010203F07F0343EAC21352
:1097D0009DF81A208DF81830C0F347038DF8193022
:1097E00022F00302C0F341231343A08B8DF81A30FB
:1097F000F7F785F99DF81A3000F03F0203F00303F4
:1098000043EA82038DF81A309DF81B30C0F38410B0
:1098100023F01F030343E08B8DF81B30F7F76FF93C
:10982000019B0DF1060103F07F420F4B134301939F
:109830009DF81B3000F0070203F01F03C0F3C700C0
:1098400043EA42138DF81C00172200208DF81B30CC
:10985000F7F7C0F92B688DF81D001A2228461B68FF
:1098600001A9984709B030BDC81816002DE9F04786
:1098700000F124071E4604463B469DF920A09DF8B2
:109880002490904601F1240251F8040B914243F8D0
:10989000040BF9D1251D39462846F6F7DDFFE168AE
:1098A0004B7966B1042B77D8DFE803F07C76345C23
:1098B000030000264FF00423B046C4E90933E368EF
:1098C0001D796B1E0B2B07D85046F7F7E1F80435CE
:1098D000EDB204EB45056884E3681D7B6B1E0B2B22
:1098E00007D84846F7F7EFF80435EDB204EB450525
:1098F0006884637C002B55D0237C012B46D013F069
:10990000FD0F4FD13346424639462046BDE8F04769
:10991000FFF7BBBC4FF0780C01F1130304F12200F8
:1099200001F11F0513F9012FC2EB822292FBFCF219
:10993000AB4202F5806220F8022FF3D140F2FF75AE
:1099400004F13A02233113F8010F48B102280CBF89
:1099500028464FF48060994222F8020FF3D1AEE717
:109960000120F8E74FF4806104F1220304F146027C
:1099700023F8021F9342FBD102212846F6F78AFF03
:109980000023103004EB4000838098E739462046DE
:10999000BDE8F047FFF7F8BD042B90D813F0FD0F9A
:1099A0008DD0E9E7BDE8F08730B54B7B0546032B4A
:1099B0000C4685B042D191F90000F7F7E5F88DF833
:1099C000030094F90100F7F7DFF8A3788DF804009D
:1099D0008DF80530E378207B8DF8063023798DF8FB
:1099E0000730F7F7C9F88DF8080094F90600F7F783
:1099F0009EF88DF8090094F90700F7F7C5F8237A67
:109A00008DF80A008DF80B30637A0DF102018DF8A4
:109A10000C3040F6C843ADF8003014230B22002070
:109A20008DF80230F7F7D6F82B688DF80D000E226E
:109A3000694628461B68984705B030BD022B03D104
:109A4000FF238DF80330BCE791F90000F7F79CF88D
:109A50008DF80300FF20B8E7837C10B5044633B1CE
:109A6000F9F77AF8E37C1BB10023A082E37410BD00
:109A7000A28A801A80B2B0F57A6FF8D92046A37412
:109A800004F11601BDE81040FFF78EBF427C22B101
:109A9000037C012B01D1FFF7DFBF704730B53024C5
:109AA00042F20F75A84212D80C703021B0F57A7FBF
:109AB00014D211703022632816D81A703023092866
:109AC00017D8039A30301370049B187030BDA0F57E
:109AD0001C5001341038E4B280B2E3E70131A0F544
:109AE0007A70C9B280B2E1E701326438D2B280B292
:109AF000E1E701330A38DBB280B2E0E713B50B1DB2
:109B00000193CB1C00934A1C8B1C0C46FFF7C6FF2D
:109B10000023637102B010BD03099F2894BF303346
:109B200037330B70002300F00F00092894BF30304A
:109B3000373048708B70704713B502460C46C0B280
:109B400001A9FFF7E9FF2146100AFFF7E5FF9DF89D
:109B50000430A3709DF80530E3709DF80630237142
:109B600002B010BD08B50249FFF7D6FF084608BD90
:109B7000C42E002010B5034C2146FFF7DDFF204620
:109B800010BD00BFC42E002013B503688DF8071068
:109B90009C680DF107010123A04702B010BD07B575
:109BA00003688DF8071001221B690DF10701984722
:109BB00003B05DF804FB2DE9F04104460F461D4655
:109BC000036816465B699847236820461B689847D8
:109BD00039462046221DFFF7D7FF2DB123682A46BC
:109BE000314620461B699847236820465B689847A2
:109BF00023682046BDE8F0410C219B6918472DE9F8
:109C0000F04104460F4615461E4603685B699847B7
:109C1000236820461B689847221D39462046FFF7D7
:109C2000B3FF20460021FFF7BAFF236820463246E3
:109C30002946DB68984723682046BDE8F0415B6809
:109C400018472DE9F04104460D4616461F460368A5
:109C50005B699847236820461B689847221D204669
:109C60001821FFF791FF2046290AFFF798FF2046A9
:109C7000E9B2FFF794FF236831463A4620461B6954
:109C80009847236820465B68984723682046BDE8CC
:109C9000F0410C219B69184707B501238DF8072077
:109CA0000DF10702FFF7CDFF03B05DF804FB2DE9CE
:109CB000F04104460D4616461F4603685B69984707
:109CC000236820461B689847221D20461921FFF76C
:109CD0005BFF2046290AFFF762FF2046E9B2FFF743
:109CE0005EFF20460021FFF75AFF236820463A46D0
:109CF0003146DB68984723682046BDE8F0415B6841
:109D0000184707B501230DF10702FFF7D0FF9DF8B3
:109D1000070003B05DF804FB2DE9F04104460F464F
:109D200015461E4603685B699847236820461B68F2
:109D30009847221D20461A21FFF726FF3946204664
:109D4000FFF72DFF23682946324620461B699847B6
:109D5000236820465B68984723682046BDE8F041A9
:109D60000C219B6918472DE9F04104460F46154622
:109D70001E4603685B699847236820461B6898471E
:109D8000221D20461B21FFF7FFFE39462046FFF724
:109D900006FF20460021FFF702FF236820463246D7
:109DA0002946DB68984723682046BDE8F0415B6898
:109DB000184737B50D4604468DF80710012380215A
:109DC0000DF10702FFF7F7FE012D0CBF322140F223
:109DD000DC51204623689B6903B0BDE8304018473A
:109DE00007B501238DF807100DF107028A21FFF74F
:109DF000E2FE03B05DF804FB07B50B0C8DF80430F0
:109E00000B0A8DF805308DF806100323862101AA70
:109E1000FFF7D1FE03B05DF804FB07B502238DF810
:109E200004108DF805208F2101AAFFF7C4FE03B0AE
:109E30005DF804FB37B50C468DF804108DF805204D
:109E40008DF806308B21032301AA0546FFF7B3FEE8
:109E5000702C08D005D8502C07D0602C05D03222A9
:109E600004E0802CFBD1372200E01E22284640F679
:109E70002511FFF711FF012240F63C112846FFF79C
:109E80000BFF03B030BD07B58DF802309DF81030E0
:109E90008DF800108DF803309DF814308DF80120F6
:109EA0008DF8043000236A468DF805308DF80630B1
:109EB0008C210723FFF77FFE03B05DF804FB07B595
:109EC0005BBAADF80430BDF8103049BA52BA5BBA8B
:109ED000ADF80010ADF80220ADF806306A46082350
:109EE0008D21FFF768FE03B05DF804FB07B5022380
:109EF000152101AAFFF783FE9DF804309DF80500A7
:109F000000EB032080B203B05DF804FB07B549BA4B
:109F1000ADF804100223972101AAFFF74CFE03B00D
:109F20005DF804FB70B505460E46FFF7DFFF0446FB
:109F300031462846FFF7EAFF204670BD1F2907B5C6
:109F400028BF1F218DF805208DF8041002238E21D3
:109F500001AAFFF730FE03B05DF804FB13B5044619
:109F6000130A8DF804108DF805308DF806200323B0
:109F700001AA8321FFF71FFE2368642120469B6905
:109F8000984702B010BD13B50446130A8DF80410AB
:109F90008DF805308DF80620032301AA8221FFF7F2
:109FA0000AFE2368642120469B69984702B010BDD1
:109FB00037B505230C4615461D216A46FFF71FFEDF
:109FC0009DF800309DF90110F02B84BF00238DF81F
:109FD00000309DF8003000294FEA5303C3F100031D
:109FE00023800B46B8BFCB1C9B102B700331BEBF28
:109FF00022889B18238003B030BD07B501238DF85C
:10A0000007100DF107029621FFF7D5FD03B05DF8AB
:10A0100004FB07B501238DF807100DF107029E21FF
:10A02000FFF7C9FD03B05DF804FB002310B504463B
:10A030001A46C121FFF7BFFD23682046BDE8104046
:10A0400046219B69184738B50D4640F691010446F4
:10A05000FFF757FE012D0CBF60F03F0200F03F02FA
:10A0600040F69101204608BFD2B2FFF715FE38BD79
:10A0700038B540F253110546FFF743FE4FF4AA717D
:10A0800004462846FFF73DFE40EA042080B238BD72
:10A0900007B58DF804108DF805208DF806308B215A
:10A0A000032301AAFFF787FD03B05DF804FB07B5A2
:10A0B0008DF802309DF810308DF800108DF80330C7
:10A0C0009DF814308DF801208DF804309DF818307B
:10A0D0006A468DF8053008238C218DF80630072359
:10A0E000FFF769FD03B05DF804FB73B5C1F3072307
:10A0F0000E0EC1F3074512F0FD0409BA019126D1F5
:10A100008C2E22D1382D20D14AF6AC12ADF8042085
:10A110009DF80420632A0ED19DF805200E2A0AD14D
:10A1200042F66B22002423F0080363F07F03ADF8AE
:10A1300004208DF80630042340F6CF110DEB030206
:10A14000FFF77FFD204602B070BD0124E0E7141F39
:10A1500018BF0124EFE713B505230C466A461D21FD
:10A16000FFF74DFD9DF800305B085B42238002B095
:10A1700010BD10B590B01422002108A801F048F8D5
:10A180001422002101A801F043F802244FF4803387
:10A190000122CDE90D43CDE906234FF4E01306A8D3
:10A1A0000A920F9300F0FEF908B172B6FEE70F2392
:10A1B000CDE901344FF480630390CDE904302146AA
:10A1C00001A800F0B1FB08B172B6FEE710B010BDF7
:10A1D00007B500F0A5F8FFF7CCFF0C4B9A6942F0E9
:10A1E00020029A619A6902F020020192019A9A690A
:10A1F00042F004029A619B6903F004030093009B00
:10A2000003B05DF804EBFEF771BF00BF0010024021
:10A210000E4B82B09A6942F001029A619A6902F08B
:10A2200001020092009ADA6942F08052DA61DB6939
:10A23000074A03F080530193019B536823F0E063C6
:10A2400043F00073536002B0704700BF001002403B
:10A2500000000140FEE7FEE7FEE7FEE7FEE770478D
:10A2600070477047F8F766BC70470000FFF7FCFFC7
:10A270000B480C490C4A002302E0D458C450043364
:10A28000C4188C42F9D3094A094C002301E0136039
:10A290000432A242FBD300F039FFFFF799FF704769
:10A2A00000000020480000203CD2000848000020A8
:10A2B000082F0020FEE7704710B54FF0FF32002452
:10A2C000044B1A611C61DA60DC60FFF7F4FF204682
:10A2D00010BD00BF0010024038B50E4B05461A787D
:10A2E0004FF47A73B3FBF2F30B4A1068B0FBF3F050
:10A2F00000F070F8044658B90F2D09D802462946D7
:10A300004FF0FF3000F036F82046044B1D6038BD9A
:10A310000120FCE7400000203C0000204400002019
:10A32000074A08B51368032043F01003136000F0D8
:10A330000FF80F20FFF7D0FFFFF76AFF002008BDDE
:10A3400000200240014B1868704700BFE42E002037
:10A3500007490302CA6803F4E06322F4E0621204CE
:10A36000120C134343F0BF6343F40033CB607047D8
:10A3700000ED00E0154B30B5DC68C4F30224C4F1F5
:10A380000703251D042B28BF0423062D4FF0FF359E
:10A3900094BF0024033C05FA03F321EA0303A5401C
:10A3A00022EA0502A340002843EA0203ACBF00F101
:10A3B0006040074A4FEA0313DBB2ABBF00F56140D0
:10A3C00000F00F0080F80033135430BD00ED00E0C2
:10A3D00014ED00E00138B0F1807F0BD24FF0E023A4
:10A3E000F021054A586182F8231000200722986165
:10A3F0001A6170470120704700ED00E0114AD368F0
:10A4000013F0100305D01049CB6943F00203CB6170
:10A410001023D268500706D50B4943F00403CA69DC
:10A4200042F00102CA61074AD169C90708D5064846
:10A43000C16941F00401C161D16921F00101D1611B
:10A44000D360704700200240E82E0020064B1869B8
:10A4500010F0800007D0054A5A6002F188325A6035
:10A460001869C0F3C01070470020024023016745FF
:10A47000034A0020136943F080031361704700BF53
:10A480000020024070B50546FFF75CFF0646114C00
:10A49000E368D80712D4E368990644BF2023E36039
:10A4A000E368DA0606D4E369DB0703D4E06810F05A
:10A4B000040007D0FFF7A2FF012003E06B1CE7D0E8
:10A4C0000DB9032070BDFFF73DFF801BA842DFD907
:10A4D000F7E700BF002002400022064BDA61064B7E
:10A4E0001A6942F002021A6158611A6942F0400288
:10A4F0001A617047E82E0020002002402DE9F0414B
:10A50000264F05463B7E8846012B44D001243C76ED
:10A5100003684CF25030022B1AD1FFF7B3FF20B181
:10A52000012000233B76BDE8F0811D4CF8612369D2
:10A530004CF2503043F004032361236943F040039D
:10A540002361FFF79FFF236923F004032361E8E7FA
:10A55000FFF798FF0028E3D14FF0FF33C8F8003031
:10A560002046AE680E4CD5E9023203EB8223B3429B
:10A57000D7D93046FFF7B0FF4CF25030FFF782FFDB
:10A58000236923F00203236110B1C8F80060C8E713
:10A5900006F58066E7E70220C5E700BFE82E002049
:10A5A000002002402DE9F341054638B30368DB077C
:10A5B00010D42B689F075ED42B68190700F1958093
:10A5C0002B685A0700F1C180E869002840F02C810F
:10A5D000002029E0904C636803F00C03042B07D0A3
:10A5E000636803F00C03082B0AD16368DE0307D508
:10A5F00023689C03DDD56B68002BDAD1012013E0C2
:10A600006B68B3F5803F12D1236843F48033236035
:10A61000FFF798FE064623689803CAD4FFF792FE18
:10A62000801B6428F7D9032002B0BDE8F0819BB9F4
:10A63000236823F480332360236823F4802323607A
:10A64000FFF780FE064623689903B2D5FFF77AFE2E
:10A65000801B6428F7D9E6E7B3F5A02F236803D160
:10A6600043F480232360CFE723F4803323602368FF
:10A6700023F48023CBE7684C636813F00C0F07D0FA
:10A68000636803F00C03082B10D16368DA030DD460
:10A6900023689B0702D52B69012BAFD123686A6918
:10A6A00023F0F80343EAC203236085E72A695B4B82
:10A6B0006AB101221A60FFF745FE064623689F072C
:10A6C000ECD4FFF73FFE801B0228F7D9ABE71A60F6
:10A6D000FFF738FE0646236898077FF56DAFFFF752
:10A6E00031FE801B0228F6D99DE7AA694A4E4B4BE2
:10A6F000E2B10122C3F88024FFF724FE0446736A06
:10A700009B070DD54FF4FA52454B1B68B3FBF2F390
:10A71000019300BF019B5A1E0192002BF9D14FE714
:10A72000FFF710FE001B0228E9D97CE7C3F880245C
:10A73000FFF708FE0446736A9F077FF541AFFFF7F6
:10A7400001FE001B0228F6D96DE7334CE369D800FF
:10A7500024D40127E36943F08053E361E36903F004
:10A7600080530093009B2F4E3368D90518D5EB68B2
:10A77000012B26D1236A43F001032362FFF7E2FD98
:10A7800041F288380646236A9B073FD5002F3FF4E5
:10A790001BAFE36923F08053E36115E70027E2E78D
:10A7A000336843F480733360FFF7CCFD8046336831
:10A7B000DA05DCD4FFF7C6FDA0EB08006428F6D963
:10A7C00031E7ABB9236A41F2883823F001032362F1
:10A7D000236A23F004032362FFF7B4FD0646236ACD
:10A7E0009807D3D5FFF7AEFD801B4045F7D91AE790
:10A7F000052B236A03D143F004032362BAE723F055
:10A8000001032362236A23F00403B6E7FFF79AFDEE
:10A81000801B4045B7D906E70010024000004242C5
:10A820003C000020007000402A4C636803F00C03D9
:10A83000082B3ED00022284B02281A662CD1FFF7A5
:10A8400081FD06462368990120D42B6AB3F5803F29
:10A8500005D16268A96822F400320A436260696A1D
:10A8600062680B4322F474121343012263601A4B93
:10A870001A66FFF767FD054623689A013FF5A8AE03
:10A88000FFF760FD401B0228F6D9CCE6FFF75AFD22
:10A89000801B0228D6D9C6E6FFF754FD054623687B
:10A8A0009B017FF595AEFFF74DFD401B0228F6D9C1
:10A8B000B9E601283FF4B8AE63682A6A03F4803130
:10A8C00091427FF49BAE6A6A03F4701393423FF4A3
:10A8D0007FAE93E600100240000042420D4A5368EA
:10A8E00003F00C01082912D10B48C3F38341DB03A9
:10A8F000405C09D55368094AC3F340435043084AB2
:10A90000D35CB0FBF3F07047064B584370470348E5
:10A91000704700BF001002401CD2000800127A00ED
:10A920002CD2000800093D002DE9F0410D460446F7
:10A9300010B90120BDE8F081444A136803F0070311
:10A940008B4228D321688E0730D4CA0743D43F4AAC
:10A95000136803F00703AB4265D822683C4D12F040
:10A96000040F6CD1130706D56B68226923F460537A
:10A9700043EAC2036B60FFF7B1FF6B68354AC3F36C
:10A980000313D35CD840344B1860344B1868FFF77E
:10A99000A3FC0020CEE7136823F007030B431360EA
:10A9A000136803F007038B42C3D1CBE7284B11F0A8
:10A9B000040F1EBF5A6842F4E0625A60080742BFA3
:10A9C0005A6842F460525A605A68A06822F0F00255
:10A9D00002435A60B9E762681D4E012A33681AD1F2
:10A9E00013F4003FA5D0736841F2883823F00303C5
:10A9F00013437360FFF7A6FC07467368626803F0B1
:10AA00000C03B3EB820FA2D0FFF79CFCC01B4045A8
:10AA1000F3D903208EE7022A02D113F0007FE1E789
:10AA200013F0020FDEE7136823F007032B431360D4
:10AA3000136803F00703AB427FF47BAF8DE76B68CD
:10AA4000E16823F4E0630B436B608BE70020024076
:10AA50000010024004D200083C0000204400002006
:10AA6000224B98420BD103F58433DA6842F004029A
:10AA7000DA60DA6822F004020020DA6070471C4BCA
:10AA8000984209D103F58233DA6842F00802DA60AD
:10AA9000DA6822F00802EFE7164B984209D103F575
:10AAA0008033DA6842F01002DA60DA6822F01002CD
:10AAB000E2E7114B984209D103F57C43DA6842F092
:10AAC0002002DA60DA6822F02002D5E70B4B9842C8
:10AAD00009D103F57843DA6842F04002DA60DA68B7
:10AAE00022F04002C8E70120704700BF0008014083
:10AAF000000C01400010014000140140001801400A
:10AB00002DE9F04F0D680446C5F30F2595FAA5F21F
:10AB10004FF00F0AB2FA82F203274FF0040C4FF005
:10AB2000011E40F2011835FA02F001D1BDE8F08FA4
:10AB3000012393402B4265D0072A88BFA2F1080366
:10AB40004E688ABF0EFA03F308FA02F343F08063FB
:10AB5000082E0ED1E0684FEA132920EA132B99FA48
:10AB6000A9F9B9FA89F9086900FA09F040EA0B0075
:10AB7000E0604FEA136954F8090093FAA3FBBBFAAB
:10AB80008BFB4FEA8B0B0AFA0BFB20EA0B0093FAC4
:10AB9000A3FBBBFA8BFB4FEA8B0B06FA0BF60643C3
:10ABA00044F80960486820F0080001282AD1886824
:10ABB00093FAA3FBBBFA8BFB4FEA8B0B07FA0BFB59
:10ABC00026EA0B0693FAA3FBBBFA8BFB4FEA8B0B2F
:10ABD00000FA0BF0304344F80900CE6893FAA3FB67
:10ABE000BBFA8BFB4FEA8B0B0CFA0BFB20EA0B0B2F
:10ABF00093FAA3F3B3FA83F39B009E4046EA0B0655
:10AC000044F8096001328EE7144B1A6842F00102E1
:10AC10001A601A689207FCD55A6822F003025A603B
:10AC20005A6812F00C0FFBD11A6822F080721A6079
:10AC3000186810F00070FBD158601A6822F4502296
:10AC40001A601A6822F0F80242F080021A609860D6
:10AC50005A6A42F080725A62704700BF0010024088
:10AC6000034B044A5B68C3F30313D35CD8407047BB
:10AC70000010024004D20008034B044A5B68C3F38F
:10AC80000223D35CD84070470010024014D2000861
:10AC9000034B044A5B68C3F3C223D35CD8407047BC
:10ACA0000010024014D20008094A5368DB0341BF78
:10ACB00053680848C3F34043013348BFB0FBF3F087
:10ACC000536858BF0448C3F3834302335843704763
:10ACD0000010024000127A0000093D00044B5B683E
:10ACE00003F00C03082B01D1FFF7DEBF01487047CA
:10ACF0000010024000127A0010B50146FFF7EEFF87
:10AD00000860FFF7ADFF48600446FFF7B5FF8860B5
:10AD10002046FFF7BDFFC86010BD00000F4B9842F2
:10AD20000BD103F56043DA6842F48052DA60DA68E6
:10AD300022F48052DA6000207047094B98420AD111
:10AD400003F5EC331A6942F480421A611A6922F45D
:10AD500080421A61EFE70120704700BF00300140D8
:10AD60000038004002460068F0B510F0400023D1E2
:10AD7000D1E900373B438F684D693B43CF68166884
:10AD80003B430F690C6A3B438F692B433B43CF69BD
:10AD900026F47F463B43234326F0BF06334313602C
:10ADA0005368B4F5005F23F0040343EA154353608E
:10ADB00001D18B8C1361F0BD0120FCE71A4A0368B6
:10ADC00090420AD0B0F1804F07D0A2F59432904261
:10ADD00003D002F58062904215D14A6823F07003D7
:10ADE0001343114A90420AD0B0F1804F07D0A2F528
:10ADF0009432904203D002F58062904203D1CA6837
:10AE000023F44073134303608B68C3620B8883622F
:10AE1000054B984204BF0B690363436943F0010388
:10AE200043610020704700BF002C0140B1F5807FD6
:10AE300030B500F0908005D801292AD0102958D0CB
:10AE4000012030BDB1F5805FFAD1036A156823F4A3
:10AE500080530362036A4468C16923F4005321F4F8
:10AE6000E64141EA0521156943EA0533556823F4B3
:10AE7000805343EA0533504DA84204BF956924F43A
:10AE80008044D26808BF44EA85144460C16102640A
:10AE90002CE0036A156823F001030362036A41682A
:10AEA000846923F0020324F073042C4315692B43B7
:10AEB000556823F001032B433F4DA84212D1556939
:10AEC00023F0080343EA8503956823F0040343EA6B
:10AED0008503956921F480712943D56921F40071B6
:10AEE00041EA4501D2684160846142630362002007
:10AEF000A7E7036A156823F010030362036A416839
:10AF0000846923F0200324F4E64444EA0524156907
:10AF100043EA0513556823F0100343EA0513264D51
:10AF2000A84213D1556923F0800343EA851395683D
:10AF300023F0400343EA8513956921F4806141EAD7
:10AF40008501D56921F4006141EAC501D2684160FB
:10AF500084618263CAE7036A156823F4807303621D
:10AF6000036A4168C46923F4007324F073042C431A
:10AF7000156943EA0523556823F4807343EA0523E2
:10AF80000D4DA84213D1556923F4006343EA85238C
:10AF9000956823F4806343EA8523956921F4805101
:10AFA00041EA0511D56921F4005141EA4511D26801
:10AFB0004160C461C26399E7002C0140154B98427F
:10AFC0000BD103F55843DA6842F48042DA60DA685C
:10AFD00022F48042DA60002070470F4B98420AD179
:10AFE00003F5E6331A6942F400321A611A6922F451
:10AFF00000321A61EFE7094B984209D103F5E433B7
:10B000001A6942F480221A611A6922F48022F0E758
:10B0100001207047003801400044004000480040D3
:10B0200030B5C36804469B040D4685B002D50120A7
:10B0300005B030BD4B68C968C2680B43296922F46A
:10B04000B0520B4322F00C021343C3600369AA6899
:10B0500023F440531343036143696A6923F4407343
:10B06000134343616846FFF747FE134B9C4219D1D7
:10B07000039B002BDBD02A68002AD8D019214B4330
:10B080009200B3FBF2F36422B3FBF2F102FB113343
:10B090001B013233B3FBF2F303EB01139BB200202D
:10B0A000A360C5E7054B9C4201D1029BE1E7044B3D
:10B0B0009C42BCD1F9E700BF003801400044004089
:10B0C0000048004008B5C0F3C7537F3B162B01462C
:10B0D00015DC002B02460BDB0B481841014205D062
:10B0E0004FF480011941114421EA0001084608BDCE
:10B0F000013300F00041F9D141F07E51F6E7802B99
:10B10000F4D1F5F71DF808BDFFFF7F0070B50026EC
:10B110000C4D0D4C641BA410A64209D100F080F820
:10B1200000260A4D0A4C641BA410A64205D170BD2E
:10B1300055F8043B98470136EEE755F8043B98472D
:10B140000136F2E730D2000830D2000830D20008D1
:10B1500038D20008034611F8012B03F8012B002A0E
:10B16000F9D17047024610B5147813460132002C0D
:10B17000FAD1013B11F8012B03F8012F002AF9D174
:10B1800010BD0346C9B2184613F8012B12B18A420A
:10B19000F9D17047002918BF002070470A44914236
:10B1A00000F1FF3300D1704710B511F8014B914207
:10B1B00003F8014FF9D110BD10B56AB101398418F7
:10B1C00010F8012B11F8013F9A4203D1A04201D09F
:10B1D000002AF5D1D01A10BD1046FCE7884210B500
:10B1E00001EB020402D98442234607D8431EA14240
:10B1F00008D011F8012B03F8012FF8E701460244AB
:10B200008A4200D110BD13F8014D02F8014DF7E755
:10B2100003460244934200D1704703F8011BF9E74B
:10B22000F8B500BFF8BC08BC9E467047F8B500BF33
:08B23000F8BC08BC9E46704703
:10B2380018120C1801010119190119190106060142
:10B2480006060103030103030102020102020112BF
:10B258000C01120C00206C0002206A006D007400C2
:10B268000205010202016D696E2C00206D572C0049
:10B27800322E3447003931354D003836384D0034D8
:10B2880033334D003730636D003836364D00445542
:10B29800414C003F003530487A003331487A00315C
:10B2A80039487A00464C52430046534B00313948DE
:10B2B8007A377800011F136F0113000000D57FAAA9
:10B2C800FE2B815429FC5683D702A87D52872DF87E
:10B2D800AC79D3067BAE04D18550FA2FA471DB0E6E
:10B2E8005A8F25F08D58F22773A60CD9F623895C5E
:10B2F80008DD77A2DF0AA07521F45E8B9D48E2374E
:10B3080063B61CC9B461CB1E4A9F35E0CF1AB0653D
:10B3180031E44E9BE633994C18CD67B239EC46932D
:10B32800C712B86D10C56FBAEE3B91446BBE14C11D
:10B338009540EA3F42973DE8BC69C316EF3A90450D
:10B3480011C46EBBC613B96C38ED4792BD68C217FD
:10B3580043963CE99441EB3E6ABF15C04B9E34E1ED
:10B36800B560CA1F62B71DC89C49E33619CC66B3DD
:10B37800E732984D30E54F9ACE1BB16472A70DD8CD
:10B388008C59F3265B8E24F1A570DA0F20F55F8ABD
:10B39800DE0BA17409DC76A3F722885DD603A97CAD
:10B3A80028FD5782FF2A805501D47EAB8451FB2E9D
:10B3B8007AAF05D0AD78D20753862CF96162636401
:10B3C80065666768696A6B6C6D6E6F7071727374AD
:10B3D80075767778797A303132333435363738398B
:10B3E8005F232D2E00000100010002000200020070
:10B3F800030004000500060008000A000C00100005
:10B40800140019002000280032003F00500064009A
:10B418007D009E00C800FA003C019001F40176020C
:10B428002003E803E204DC05D0076E00690063002E
:10B438007600727700740074770000000000000046
:10B44800000000003B13000800000000000000009E
:10B458004713000800000000000000002313000844
:10B4680000010204050301020001020503046D6CDA
:10B4780072732E300053657475705374617274530F
:10B4880074783452780053657475705374617274AB
:10B498004D61726B65720021656E642100444959E3
:10B4A800204475616C4532382046313033434200C0
:10B4B8006D4C525301020304006D4C5253040302B5
:10B4C80001000A00206972713D7800206C733D000C
:10B4D80020727831733D0020727832733D004050FD
:10B4E8004152414D2F706172616D2E70636B007215
:10B4F800785F737461747573206661696C757265C1
:10B50800006661696C2061002000646F5F7265638A
:10B5180065697665282920434845434B5F45525263
:10B528004F525F53594E43574F5244005378206E41
:10B538006F74206F6B00537832206E6F74206F6BBE
:10B54800002E0049525120544D4F204641494C008D
:10B5580049525120525820444F4E45204641494CAB
:10B568000049525120545820444F4E4520464149E5
:10B578004C004952513220544D4F204641494C000D
:10B588004952513220525820444F4E452046414995
:10B598004C004952513220545820444F4E452046C1
:10B5A80041494C000000000000000000BD170008E1
:10B5B800A91700083F240008692400088724000808
:10B5C800FD1E0008BF1300084739000800000000EE
:10B5D8000000000099170008851700087B2500085F
:10B5E800A5250008C32500080D200008BF13000882
:10B5F8002F3900080000000000000000A513000813
:10B608006B29000859280008A12700087727000897
:10B61800B914000805280008D5140008D127000827
:10B62800F91400080000000000000000A51300083D
:10B63800FD2A0008A7130008A91300080F2A00080C
:10B64800AD130008B1130008B5130008B7130008BC
:10B65800BB1300080000000000000000574A000863
:10B66800FD4A0008D94A0008B14A00080000000055
:10B6780000000000A513000815150008A71300080E
:10B68800A91300080D7900088979000815600008D9
:10B6980085600008B7130008BB130008414E474CEB
:10B6A8004500484F52495A4F4E004E415620414C92
:10B6B80054484F4C440048454144494E4720484F60
:10B6C8004C4400484541444652454500484541449C
:10B6D80041444A0043414D53544142004E41562093
:10B6E800525448004E415620504F53484F4C440046
:10B6F8004D414E55414C00424545504552004C4540
:10B708004453204F4646004C4947485453004F5332
:10B7180044204F46460054454C454D455452590027
:10B728004155544F2054554E4500424C41434B42DD
:10B738004F58004641494C53414645004E4156201A
:10B74800575000414952204D4F444500484F4D4500
:10B7580020524553455400474353204E4156004616
:10B76800505620414E474C45204D4958005355529C
:10B778004641434500464C415045524F4E005455B2
:10B78800524E20415353495354004E4156204C4188
:10B79800554E434800534552564F204155544F5437
:10B7A80052494D0043414D45524120434F4E54525A
:10B7B8004F4C20310043414D45524120434F4E5498
:10B7C800524F4C20320043414D45524120434F4E89
:10B7D80054524F4C2033004F534420414C54203195
:10B7E800004F534420414C542032004F53442041D1
:10B7F8004C542033004E415620434F555253452058
:10B80800484F4C44004D43204252414B494E47005B
:10B818005553455231005553455232005553455200
:10B8280033005553455234004C4F49544552204338
:10B8380048414E4745004D5350205243204F5645EE
:10B8480052524944450050524541524D00545552B8
:10B85800544C45004E4156204352554953450041EA
:10B8680055544F204C4556454C205452494D00578D
:10B878005020504C414E4E455200534F4152494E74
:10B8880047004D495353494F4E204348414E474581
:10B8980000424545504552204D555445004D554CA4
:10B8A80054492046554E4354494F4E004D4958453A
:10B8B800522050524F46494C452032004D49584578
:10B8C80052205452414E534954494F4E00414E471D
:10B8D8004C4520484F4C4400800CD007B704C71B88
:10B8E800800CB7040410020A0B06972304100B06F9
:10B8F800B0CC0008502E000000000000000000003E
:10B90800000000000000000000000000000000002F
:10B91800000000000000000000000000000000001F
:10B92800800080FF0A000A00140064001800FA0072
:10B938001B00F4016162636465666768696A6B6C21
:10B948006D6E6F707172737475767778797A30313D
:10B9580032333435363738395F232D2E0000000056
:10B9680000070E091C1B1215383F363124232A2DD7
:10B9780070777E796C6B6265484F464154535A5DC7
:10B98800E0E7EEE9FCFBF2F5D8DFD6D1C4C3CACDB7
:10B9980090979E998C8B8285A8AFA6A1B4B3BABDA7
:10B9A800C7C0C9CEDBDCD5D2FFF8F1F6E3E4EDEA97
:10B9B800B7B0B9BEABACA5A28F88818693949D9A87
:10B9C8002720292E3B3C35321F18111603040D0A77
:10B9D8005750595E4B4C45426F68616673747D7A67
:10B9E800898E878095929B9CB1B6BFB8ADAAA3A457
:10B9F800F9FEF7F0E5E2EBECC1C6CFC8DDDAD3D447
:10BA0800696E676075727B7C51565F584D4A434436
:10BA1800191E171005020B0C21262F283D3A333426
:10BA28004E49404752555C5B7671787F6A6D646316
:10BA38003E39303722252C2B0601080F1A1D141306
:10BA4800AEA9A0A7B2B5BCBB9691989F8A8D8483F6
:10BA5800DED9D0D7C2C5CCCBE6E1E8EFFAFDF4F3E6
:10BA68000000000032090000000000000100000092
:10BA78007C2B00000000000002000000890C000080
:10BA88000000000004000000ED0E030C0D00000093
:10BA980005000000D91C010000000000060000009D
:10BAA8006803000000000000070000007720000085
:10BAB80000000000080000007524000000000000DD
:10BAC8000B000000590601040000000014000000EB
:10BAD800D614030203000000150000009F020300B3
:10BAE8000100000016000000DC1900000000000042
:10BAF80017000000A8170304050000001800000044
:10BB0800183400000000000019000000176500004C
:10BB1800000000001A000000AA1800000000000041
:10BB28001B000000901D0000000000001C00000029
:10BB380043100000000000001D000000731000000A
:10BB4800000000001E000000271C0000000000008C
:10BB58001F000000F6300000000000002000000078
:10BB6800B91C00000000000021000000681C000053
:10BB78000000000022000000ED1600000000000098
:10BB880023000000F416000000000000240000005C
:10BB9800DE2500000000000025000000D407030493
:10BBA8000500000026000000090703040500000046
:10BBB80027000000FE2603202100000028000000C6
:10BBC800E605030203000000290000001C0403022C
:10BBD800030000002A0000001C1200000000000002
:10BBE8002B00000084030300010000002C0000006B
:10BBF800DD090302030000002D000000E803030034
:10BC0800010000002E0000000B02000000000000F0
:10BC18002F00000099080300010000003000000018
:10BC28002915010C00000000310000002714000055
:10BC380000000000320000004E250312130000002F
:10BC480033000000C40503020300000035000000B3
:10BC58000305000000000000360000000F1B031859
:10BC68001900000037000000031900000000000060
:10BC78003D000000A7480000000000003E00000052
:10BC8800B71A0000000000003F00000077B5000070
:10BC98000000000040000000BFE1000000000000BC
:10BCA80041000000762A0000000000004200000069
:10BCB800940603020300000043000000150400007E
:10BCC8000000000045000000F31E010A000000000B
:10BCD800460000007C260310110000004900000007
:10BCE80026260320210000004A000000141400004A
:10BCF800000000004B0000009E23031E1F000000F0
:10BD08004C0000009821031E1F0000004D00000099
:10BD18008F0A030809000000500000000E04030207
:10BD280003000000510000006A1600000000000037
:10BD380052000000313303242500000053000000A6
:10BD48001625000000000000540000008F35033263
:10BD580033000000550000008C3300000000000094
:10BD6800560000000535033233000000570000007C
:10BD7800963300000000000059000000E71C000096
:10BD8800000000005A000000B73800000000000062
:10BD98005B0000003F2A0000000000005C0000007B
:10BDA80036210000000000005D0000002F51000057
:10BDB8000000000064000000AF2200000000000046
:10BDC80065000000667500000000000066000000C5
:10BDD8009E7500000000000067000000D0390000D8
:10BDE8000000000068000000387400000000000037
:10BDF800690000005D3F0000000000006A000000CC
:10BE08008A2C0000000000006B0000006C4100005C
:10BE1800000000006C000000205C00000000000032
:10BE28006D000000B9090000000000006E0000006D
:10BE380054FE0301020000006F00000022120310EC
:10BE48001100000070000000AE0C000000000000AF
:10BE5800710000007C270000000000007200000054
:10BE6800ED2C0000000000007300000004400000FA
:10BE780000000000740000004C18000000000000E2
:10BE8800750000008006030405000000760000002D
:10BE9800380E00000000000077000000740C030A50
:10BEA8000B00000078000000866100000000000020
:10BEB80079000000ED020300010000007A00000094
:10BEC800CB020300010000007B000000FA710300B0
:10BED800010000007C00000057390000000000004D
:10BEE8007D000000CB060000000000007E0000007E
:10BEF800DC51034F500000007F00000019230000B0
:10BF08000000000080000000E223000000000000A4
:10BF1800810000002E1800000000000082000000D0
:10BF28001D0D00000000000083000000DFFF00007E
:10BF380000000000840000005527000000000000F9
:10BF480085000000061200000000000086000000C6
:10BF5800E52B00000000000087000000CB0800006F
:10BF6800000000008800000001160000000000002A
:10BF780089000000C3100000000000008A000000D3
:10BF88006D780000000000008B000000A82B03293A
:10BF98002A0000008C000000B52900000000000005
:10BFA8008D0000002F200000000000008E0000001F
:10BFB80048F30000000000008F000000831000001C
:10BFC80000000000900000007F5D000000000000FD
:10BFD8009200000067640000000000009300000069
:10BFE8009A3600000000000094000000B24E0000E5
:10BFF8000000000095000000C83C000000000000A0
:10C0080096000000862A000000000000970000004B
:10C01800DB0803060700000098000000D0080000B5
:10C028000000000099000000BC0C000000000000A7
:10C038009A000000540F0306070000009B00000050
:10C04800160D0304050000009C0000001306030001
:10C05800010000009D000000150F030C0D000000FA
:10C068009E000000860F030C0D000000A0000000D9
:10C078004E0C030809000000A1000000440303005F
:10C0880001000000A2000000BD090000000000003F
:10C09800A30000007F1C000000000000A4000000B6
:10C0A8009A2C000000000000A50000001503000005
:10C0B80000000000A60000001509000000000000B4
:10C0C800A70000009016000000000000A800000073
:10C0D800010C000000000000A9000000EA120000A6
:10C0E80000000000AA000000492200000000000033
:10C0F800AB000000B542000000000000AC000000EA
:10C108001662000000000000AD00000053080000A7
:10C1180000000000AE000000A73000000000000092
:10C12800AF0000008A13030E0F000000B0000000EB
:10C13800EA03030001000000B1000000F014000051
:10C1480000000000B20000002F18000000000000EE
:10C15800B3000000BD1D011A00000000B40000007B
:10C16800342F012A00000000B5000000AE040000D2
:10C1780000000000B6000000E528000000000000F4
:10C18800B70000005502030001000000B8000000DD
:10C198009FCE030405000000B9000000BA0703049D
:10C1A80005000000BA000000481D0300010000005F
:10C1B800BF0000005C1B000000000000C000000081
:10C1C8002436000000000000C1000000471A0000EB
:10C1D80000000000C2000000622100000000000012
:10C1E800C30000007825000000000000C80000001F
:10C1F800862A032829000000C9000000CD0E030C80
:10C208000D000000D60000004508030607000000E6
:10C21800D70000006503000000000000D8000000FF
:10C228003203030001000000D9000000CA06000024
:10C2380000000000DA000000110703000100000000
:10C24800DB000000A202000000000000DC0000008B
:10C258002220000000000000DD000000472A000046
:10C2680000000000DE0000000F03000000000000D6
:10C27800DF000000772F032A2B000000E0000000F9
:10C28800662D032A2B000000E1000000D0490000C1
:10C2980000000000E2000000CF08000000000000DD
:10C2A800E6000000A32A000000000000E7000000EC
:10C2B8006928000000000000E80000009741000025
:10C2C80000000000E900000023B6000000000000A4
:10C2D800EA0000009628000000000000EB000000C3
:10C2E800B32A000000000000F10000005A200000FE
:10C2F80000000000F2000000683C000000000000A0
:10C30800F3000000553D013400000000F400000077
:10C318005F06000000000000F50000008202000037
:10C3280000000000F6000000B82600000000000031
:10C33800F70000005113000000000000F8000000A2
:10C3480008FE030304000000F9000000CC240000EC
:10C3580000000000FA000000311E0000000000008C
:10C36800FB000000AA12000000000000FC00000012
:10C378002C12000000000000FD00000053360000F1
:10C3880000000000FE0000002E0900000000000070
:10C3980000010000472A030809000000010100000D
:10C3A800830900000000000002010000BBE8030050
:10C3B80001000000030100005CED00000000000027
:10C3C80004010000920E00000000000005010000BA
:10C3D800B33D000000000000060100000C1700003B
:10C3E800000000000701000085FF000000000000B9
:10C3F80008010000312000000000000009010000D1
:10C408001A140000000000000A010000C1FF030226
:10C41800030000000B01000023FF030203000000DB
:10C428000C0100000E040302030000000D010000CF
:10C438006DD70000000000000E0100003B14000052
:10C44800000000000F010000163500000000000089
:10C45800130100007E20000000000000140100000D
:10C468001232000000000000150100003E1E00000E
:10C478000000000018010000462100000000000034
:10C4880019010000300D0000000000001A01000032
:10C498007B230320210000001B0100004A910000BB
:10C4A800000000001C0100006320031E1F000000A4
:10C4B8001D01000089310326270000001E0100002D
:10C4C800D2390332330000001F01000001170314A2
:10C4D80015000000200100001417031415000000C7
:10C4E80022010000FB2E00000000000023010000D4
:10C4F8000A3900000000000024010000E3DF0318EF
:10C508001900000027010000EA0C000000000000EC
:10C518002801000032230000000000002B01000069
:10C5280013620000000000002C010000D916000072
:10C53800000000002D010000F33A00000000000098
:10C54800360100001C110000000000003701000047
:10C558005F7400000000000040010000F3140302B3
:10C568000300000041010000580203000100000020
:10C5780042010000F39500000000000043010000A4
:10C588004E93030001000000440100008492000063
:10C59800000000004A01000017A70000000000008A
:10C5A8004B0100005BE90000000000004C010000A6
:10C5B800ECEF0000000000004D010000E76D0000F6
:10C5C800000000004E010000480A000000000000C2
:10C5D8004F010000E11800000000000050010000B9
:10C5E800F55400000000000053010000C7050000DA
:10C5F8000000000054010000634600000000000035
:10C6080059010000D1150302030000005E0100007B
:10C61800E8FC00000000000062010000D20E030CDC
:10C628000D00000063010000060C0000000000007F
:10C63800680100000B1900000000000069010000FB
:10C648005D21000000000000710100009718000043
:10C6580000000000720100004B6D000000000000A7
:10C66800730100000A1A00000000000074010000B5
:10C678001A8C00000000000075010000752A0000F7
:10C688000000000077010000FB8C000000000000A3
:10C6980078010000C7080000000000007C010000CD
:10C6A800E8140000000000008101000093850302E7
:10C6B800030000008201000084100304050000004C
:10C6C8008301000004480304050000008401000001
:10C6D8000825032021000000860100009CF00000CE
:10C6E800000000008B01000000D4000000000000E2
:10C6F8008C01000032A00000000000008D01000045
:10C70800B66C000000000000900100006EFE0304FB
:10C718000500000091010000B706030405000000B1
:10C728009A010000A0350000000000009B010000F5
:10C738006A030000000000009C01000021060304B9
:10C74800050000009D0100004D07030405000000DE
:10C758009E0100006D100000000000009F01000015
:10C76800A110000000000000A40100001449030605
:10C7780007000000B3010000862E00000000000042
:10C78800B4010000C109000000000000B50100006C
:10C798001E01000000000000B80100004223000054
:10C7A80000000000B9010000A9110000000000000D
:10C7B800FE010000F56A000000000000FF01000013
:10C7C8001C4700000000000000020000B802000042
:10C7D80000000000421F0000DA1000000000000006
:10C7E800431F0000E729000000000000441F00006C
:10C7F800AC62000000000000451F0000FB2600009E
:10C8080000000000461F0000610E0000000000004C
:10C81800471F00004020000000000000481F0000E3
:10C82800EA21000000000000491F000090100000ED
:10C83800000000004A1F00009B29000000000000C3
:10C848004B1F000014660000000000004C1F000091
:10C8580036100000000000004D1F0000DE2E000012
:10C86800000000004E1F0000C80E0000000000007D
:10C878004F1F00001718000000000000501F0000A4
:10C8880095120000000000002823000071890000B4
:10C89800000000002D2300007522000000000000A9
:10C8A80011270000D114000000000000122700002A
:10C8B800BA2900000000000013270000040100004E
:10C8C8000000000014270000850900000000000097
:10C8D8001527000067090000000000001627000067
:10C8E800C1040000000000001727000047110000E5
:10C8F8000000000018270000F00E000000000000F3
:10C90800A7270000C355000000000000F82A000017
:10C918008634030405000000F92A00000F8800008F
:10C9280000000000FA2A0000EAB403040500000031
:10C93800FB2A00004005000000000000FC2A00005F
:10C948000BE8030809000000FD2A00005DE600006E
:10C9580000000000022B00002E3100000000000043
:10C96800032B00006A2C0000000000000C2B0000C4
:10C97800CD10000000000000162B0000902C0000D5
:10C9880000000000172B0000852C000000000000AC
:10C99800182B0000552C000000000000192B000087
:10C9A800C3250310110000001A2B00004F050000DA
:10C9B800000000001B2B0000800803040500000095
:10C9C8001C2B0000B1220000000000001D2B0000FD
:10C9D800821C0000000000001E2B00002F26000013
:10C9E800000000001F2B00008E090000000000005E
:10C9F800202B0000842C000000000000212B0000E8
:10CA0800D02C000000000000222B0000C92C0000E0
:10CA180000000000232B0000C12C000000000000D3
:10CA2800242B0000BD2C000000000000342B000067
:10CA3800A24E00000000000064320000722C0300C7
:10CA48000100000065320000FE3B031E1F000000CD
:10CA5800663200008C3503040500000067320000D0
:10CA6800F92E030001000000683200004D36031C57
:10CA78001D00000069320000312B03000100000096
:10CA8800733200005EF903000100000076320000F6
:10CA98008B330000000000007732000007120310FB
:10CAA80011000000783200001405000000000000AA
:10CAB8006842000067B3000000000000FE4200006A
:10CAC8001A21000000000000FF420000481000008A
:10CAD80000000000014300001311000000000000E6
:10CAE8000243000059110000000000000343000049
:10CAF8001B0A000000000000044300000E5B000059
:10CB08000000000005430000BB54000000000000C6
:10CB1800064300006A1800000000000010A400008E
:10CB2800E30100000000000011A40000EF2E000047
:10CB38000000000051C30000F620000000000000C3
:10CB480052C30000B5F600000000000053C3000007
:10CB58003E1300000000000054C30000F00A030860
:10CB68000900000055C300009806030405000000F2
:10CB780020CB00000D6400000000000021CB000065
:10CB8800EF0100000000000015CD0000F0110000CA
:10CB98000000000016CD0000584E00000000000004
:10CBA80017CD0000605500000000000018CD0000FF
:10CBB800B11C00000000000019CD0000D7320000B1
:10CBC8000000000078CD0000B526032021000000F9
:10CBD80079CD0000662400000000000060EA000033
:10CBE80004160314150000006AEA0000D0210000B2
:10CBF800000000006BEA0000B7070000000000001A
:10CC08006CEA000063240320210000006DEA0000A4
:10CC180081180314150000006EEA0000860803045A
:10CC28000500000074EA0000CA04000000000000CB
:10CC380088EA00009CF500000000000089EA000076
:10CC4800BFFF0000000000008DEA00000E1703027D
:10CC5800030000008EEA0000AB1C03080900000076
:10CC68008FEA0000370700000000000091EA00008A
:10CC7800610C00000000000092EA0000DC0E0000D9
:10CC88000000000093EA0000F51800000000000012
:10CC980094EA0000652C00000000000095EA0000FE
:10CCA8002D060000000000003BB1B800ECC4B8003D
:10CCB8009DD8B8004EECB8000000B900B113B90017
:10CCC8006227B900133BB900C44EB9007662B900B7
:10CCD8002776B900D889B900899DB9003BB1B90058
:10CCE800ECC4B9009DD8B9004EECB9000000BA00F8
:10CCF800B113BA006227BA00133BBA00C44EBA0097
:10CD08007662BA002776BA00D889BA00899DBA0037
:10CD18003BB1BA00ECC4BA009DD8BA004EECBA00D8
:10CD28000000BB00B113BB006227BB00133BBB0074
:10CD3800C44EBB007662BB002776BB00D889BB0017
:10CD4800899DBB003BB1BB00ECC4BB009DD8BB00B8
:10CD58004EECBB000000BC00B113BC006227BC0055
:10CD6800133BBC00C44EBC007662BC002776BC00F6
:10CD7800D889BC00899DBC003BB1BC00ECC4BC0098
:10CD88009DD8BC004EECBC000000BD00B113BD0036
:10CD98006227BD00133BBD00C44EBD007662BD00D6
:10CDA8002776BD00D889BD00899DBD003BB1BD0077
:10CDB800ECC4BD009DD8BD004EECBD000000BE0017
:10CDC800B113BE006227BE00133BBE00C44EBE00B6
:10CDD8007662BE002776BE00D889BE00899DBE0057
:10CDE8003BB1BE00ECC4BE000000891112239B3287
:10CDF8002446AD573665BF74488CC19D5AAFD3BE23
:10CE08006CCAE5DB7EE9F7F88110080193331A2232
:10CE1800A5562C47B7753E64C99C408DDBBF52AE02
:10CE2800EDDA64CBFFF976E802218B301002991312
:10CE38002667AF763444BD554AADC3BC588ED19FE2
:10CE48006EEBE7FA7CC8F5D983310A2091121803F2
:10CE5800A7772E66B5543C45CBBD42ACD99E508FC2
:10CE6800EFFB66EAFDD874C904428D5316619F70C2
:10CE78002004A9153227BB364CCEC5DF5EEDD7FCA2
:10CE88006888E1997AABF3BA85520C4397711E60B2
:10CE9800A1142805B3373A26CDDE44CFDFFD56EC82
:10CEA800E9986089FBBB72AA06638F7214409D5192
:10CEB8002225AB343006B9174EEFC7FE5CCCD5DD62
:10CEC8006AA9E3B8788AF19B87730E6295501C4172
:10CED800A3352A24B1163807CFFF46EEDDDC54CD42
:10CEE800EBB962A8F99A708B088481951AA793B652
:10CEF8002CC2A5D33EE1B7F04008C919522BDB3A42
:10CF0800644EED5F766DFF7C899400859BB712A611
:10CF1800ADD224C3BFF136E0C1184809D33B5A2A21
:10CF2800E55E6C4FF77D7E6C0AA583B418869197F1
:10CF38002EE3A7F23CC0B5D14229CB38500AD91B01
:10CF4800666FEF7E744CFD5D8BB502A499961087D1
:10CF5800AFF326E2BDD034C1C3394A28D11A580BE1
:10CF6800E77F6E6EF55C7C4D0CC685D71EE597F4A1
:10CF78002880A1913AA3B3B2444ACD5B5669DF78C1
:10CF8800600CE91D722FFB3E8DD604C79FF516E491
:10CF9800A9902081BBB332A2C55A4C4BD7795E68A1
:10CFA800E11C680DF33F7A2E0EE787F61CC495D571
:10CFB8002AA1A3B03882B193466BCF7A5448DD5981
:10CFC800622DEB3C700EF91F8FF706E69DD414C551
:10CFD800ABB122A0B9923083C77B4E6AD5585C4961
:10CFE800E33D6A2CF11E780F860010700410005B78
:10CFF800000000004F09000098FF00005018050CC1
:10D00800805B0040D41E000097FF00006018050CEC
:10D01800805B00406A34000094FF00007018050C23
:10D02800805B0040E75B000090FF000051B80008FB
:10D0380000000000A4B6000802000000AAB600081C
:10D0480003000000B2B6000804000000BEB60008E5
:10D0580005000000CBB6000806000000D4B60008A2
:10D06800FF000000DCB60008FF000000E4B600087E
:10D0780007000000ECB6000808000000F8B6000839
:10D0880009000000FFB60008FF00000006B700080E
:10D09800FF0000000FB70008FF00000016B70008E7
:10D0A800FF0000001EB70008FF00000028B70008B6
:10D0B8000A00000032B70008FF0000003BB7000874
:10D0C8000100000044B700080B0000004BB700083F
:10D0D8000C00000054B70008FF0000005FB700080C
:10D0E800FF00000067B70008FF00000075B70008E0
:10D0F800FF0000007DB700080D00000086B700089B
:10D108000E00000092B700080F0000009DB700084D
:10D11800FF000000ACB70008FF000000BDB7000822
:10D12800FF000000CEB70008FF000000DFB70008CE
:10D13800FF000000E9B70008FF000000F3B700088F
:10D14800FF000000FDB70008100000000DB800083F
:10D15800FF00000018B80008FF0000001EB8000813
:10D16800FF00000024B80008FF0000002AB80008EB
:10D17800FF00000030B80008FF0000003EB80008BB
:10D18800FF0000004EB80008FF00000055B8000876
:10D19800110000005CB800081200000067B8000821
:10D1A800FF00000077B80008FF00000082B8000800
:10D1B800130000008AB80008FF00000099B80008B2
:10D1C800FF000000A5B80008FF000000B4B8000880
:10D1D800FF000000C4B80008FF000000D5B8000830
:10D1E800140000000000000000000000A5910008E5
:10D1F800A7910008AB910008AF910008000000005B
:10D2080000000000010203040607080900000000EE
:10D218000102030402030405060708090A0B0C0DA2
:08D228000E0F101001020000BE
:08D23000D1070008F590000889
:04D23800A90700083A
:10D23C009DB400083AB400083DB400083FB400089F
:10D24C0032B4000834B4000836B4000838B400080E
:10D25C0090BADCFE785634120A00000034B600088E
:10D26C00FFFF00007CB6000804B600080024F400A0
:08D27C00010000001000000099
:040000050800A26DE0
:00000001FF
