:020000040800F2
:1000000000000120A9A2000893A2000895A2000800
:1000100097A2000899A200089BA200080000000017
:100020000000000000000000000000009DA2000889
:100030009FA2000800000000A1A20008A3A20008DF
:10004000F9A20008F9A20008F9A20008F9A2000824
:10005000F9A20008F9A20008F9A20008F9A2000814
:10006000F9A20008F9A20008F9A20008F9A2000804
:10007000F9A20008F9A20008F9A20008F9A20008F4
:10008000F9A20008F9A20008F9A20008F9A20008E4
:1000900000000000F9A20008F9A20008F9A2000877
:1000A000F9A20008F9A20008F9A200089531000899
:1000B000F9A20008612D0008F9A20008F9A20008C1
:1000C000F9A20008F9A20008F9A20008F9A20008A4
:1000D0002D2A0008E94C0008F9A20008F9A200083E
:1000E000F9A20008F9A20008F9A20008F9A2000884
:1000F000F9A200080000000000000000F9A20008BA
:10010000F9A20008F9A20008D57E0008F9A20008AB
:10011000F9A20008F9A20008F9A20008F9A2000853
:10012000F9A20008F9A20008F9A20008F9A2000843
:08013000F9A20008F9A2000881
:1001380010F8012B11F8013B012A28BF9A42F7D089
:10014800D01A7047034613F8012B002AFBD1181A5E
:100158000138704781F0004102E000BF83F000439E
:1001680030B54FEA41044FEA430594EA050F08BF4A
:1001780090EA020F1FBF54EA000C55EA020C7FEA0E
:10018800645C7FEA655C00F0E2804FEA5454D4EB8B
:100198005555B8BF6D420CDD2C4480EA020281EA55
:1001A800030382EA000083EA010180EA020281EA8D
:1001B8000303362D88BF30BD11F0004F4FEA0131DF
:1001C8004FF4801C4CEA113102D0404261EB4101EE
:1001D80013F0004F4FEA03334CEA133302D0524274
:1001E80063EB430394EA050F00F0A780A4F1010430
:1001F800D5F1200E0DDB02FA0EFC22FA05F280186A
:1002080041F1000103FA0EF2801843FA05F359414F
:100218000EE0A5F120050EF1200E012A03FA0EFCCE
:1002280028BF4CF0020C43FA05F3C01851EBE371F8
:1002380001F0004507D54FF0000EDCF1000C7EEB15
:1002480000006EEB0101B1F5801F1BD3B1F5001F53
:100258000CD349085FEA30004FEA3C0C04F1010472
:100268004FEA445212F5800F80F09A80BCF1004F9B
:1002780008BF5FEA500C50F1000041EB045141EA1D
:10028800050130BD5FEA4C0C404141EB0101013CE6
:1002980028BFB1F5801FE9D291F0000F04BF0146D5
:1002A8000020B1FA81F308BF2033A3F10B03B3F1A7
:1002B80020020CDA0C3208DD02F1140CC2F10C0237
:1002C80001FA0CF021FA02F10CE002F11402D8BF95
:1002D800C2F1200C01FA02F120FA0CFCDCBF41EA61
:1002E8000C019040E41AA2BF01EB0451294330BD30
:1002F8006FEA04041F3C1CDA0C340EDC04F114040D
:10030800C4F1200220FA04F001FA02F340EA0300E3
:1003180021FA04F345EA030130BDC4F10C04C4F129
:10032800200220FA02F001FA04F340EA0300294609
:1003380030BD21FA04F0294630BD94F0000F83F453
:10034800801306BF81F480110134013D4EE77FEA36
:10035800645C18BF7FEA655C29D094EA050F08BF82
:1003680090EA020F05D054EA000C04BF1946104663
:1003780030BD91EA030F1EBF0021002030BD5FEAA7
:10038800545C05D14000494128BF41F0004130BDCF
:1003980014F580043CBF01F5801130BD01F0004523
:1003A80045F0FE4141F470014FF0000030BD7FEA96
:1003B800645C1ABF194610467FEA655C1CBF0B4691
:1003C800024650EA013406BF52EA033591EA030FA8
:1003D80041F4002130BD00BF90F0000F04BF0021A0
:1003E800704730B54FF4806404F132044FF00005D3
:1003F8004FF0000150E700BF90F0000F04BF00214C
:10040800704730B54FF4806404F1320410F00045B1
:1004180048BF40424FF000013EE700BF42004FEAAC
:10042800E2014FEA31014FEA02701FBF12F07F4329
:1004380093F07F4F81F06051704732F07F4208BFE0
:10044800704793F07F4F04BF41F40021704730B5E7
:100458004FF4607401F0004521F000411CE700BF33
:1004680050EA010208BF704730B54FF000050AE0B6
:1004780050EA010208BF704730B511F0004502D5B7
:10048800404261EB41014FF4806404F132045FEAB9
:10049800915C3FF4D8AE4FF003025FEADC0C18BF62
:1004A80003325FEADC0C18BF033202EBDC02C2F154
:1004B800200300FA03FC20FA02F001FA03FE40EAE6
:1004C8000E0021FA02F11444BDE600BF70B54FF0EA
:1004D800FF0C4CF4E06C1CEA11541DBF1CEA1355C8
:1004E80094EA0C0F95EA0C0F00F0DEF82C4481EA30
:1004F800030621EA4C5123EA4C5350EA013518BF50
:1005080052EA033541F4801143F4801338D0A0FB3C
:1005180002CE4FF00005E1FB02E506F00042E0FBE9
:1005280003E54FF00006E1FB03569CF0000F18BFEF
:100538004EF0010EA4F1FF04B6F5007F64F5407497
:1005480004D25FEA4E0E6D4146EB060642EAC6212A
:1005580041EA55514FEAC52040EA5E504FEACE2E97
:10056800B4F1FD0C88BFBCF5E06F1ED8BEF1004F9A
:1005780008BF5FEA500E50F1000041EB045170BD16
:1005880006F0004646EA010140EA020081EA03015A
:10059800B4EB5C04C2BFD4EB0C0541EA045170BD56
:1005A80041F480114FF0000E013C00F3AB8014F1D0
:1005B800360FDEBF002001F0004170BDC4F1000419
:1005C800203C35DA0C341BDC04F11404C4F120059A
:1005D80000FA05F320FA04F001FA05F240EA0200F5
:1005E80001F0004221F0004110EBD37021FA04F62B
:1005F80042EB06015EEA430E08BF20EAD37070BDE5
:10060800C4F10C04C4F1200500FA04F320FA05F043
:1006180001FA04F240EA020001F0004110EBD37045
:1006280041F100015EEA430E08BF20EAD37070BDB5
:10063800C4F1200500FA05F24EEA020E20FA04F38E
:1006480001FA05F243EA020321FA04F001F000413D
:1006580021FA04F220EA020000EBD3705EEA430EAE
:1006680008BF20EAD37070BD94F0000F0FD101F0DD
:100678000046400041EB010111F4801F08BF013C16
:10068800F7D041EA060195F0000F18BF704703F054
:100698000046520043EB030313F4801F08BF013DDB
:1006A800F7D043EA0603704794EA0C0F0CEA135597
:1006B80018BF95EA0C0F0CD050EA410618BF52EA51
:1006C8004306D1D181EA030101F000414FF0000057
:1006D80070BD50EA410606BF1046194652EA430665
:1006E80019D094EA0C0F02D150EA013613D195EAD9
:1006F8000C0F05D152EA03361CBF104619460AD121
:1007080081EA030101F0004141F0FE4141F470012A
:100718004FF0000070BD41F0FE4141F4780170BD1A
:1007280070B54FF0FF0C4CF4E06C1CEA11541DBF7F
:100738001CEA135594EA0C0F95EA0C0F00F0A7F881
:10074800A4EB050481EA030E52EA03354FEA0131AE
:1007580000F088804FEA03334FF0805545EA1313C1
:1007680043EA12634FEA022245EA111545EA106589
:100778004FEA00260EF000419D4208BF964244F120
:10078800FD0404F5407402D25B084FEA3202B61A3F
:1007980065EB03055B084FEA32024FF480104FF413
:1007A800002CB6EB020E75EB030E22BFB61A754687
:1007B80040EA0C005B084FEA3202B6EB020E75EB1A
:1007C800030E22BFB61A754640EA5C005B084FEA82
:1007D8003202B6EB020E75EB030E22BFB61A75464F
:1007E80040EA9C005B084FEA3202B6EB020E75EB5A
:1007F800030E22BFB61A754640EADC0055EA060E1B
:1008080018D04FEA051545EA16754FEA06164FEA5D
:10081800C30343EA52734FEAC2025FEA1C1CC0D109
:1008280011F4801F0BD141EA00014FF000004FF096
:10083800004CB6E711F4801F04BF01430020B4F157
:10084800FD0C88BFBCF5E06F3FF6AFAEB5EB030C0F
:1008580004BFB6EB020C5FEA500C50F1000041EB0C
:10086800045170BD0EF0004E4EEA113114EB5C04D9
:10087800C2BFD4EB0C0541EA045170BD41F48011AC
:100888004FF0000E013C90E645EA060E8DE60CEAB4
:10089800135594EA0C0F08BF95EA0C0F3FF43BAFD1
:1008A80094EA0C0F0AD150EA01347FF434AF95EA88
:1008B8000C0F7FF425AF104619462CE795EA0C0F6C
:1008C80006D152EA03353FF4FDAE1046194622E739
:1008D80050EA410618BF52EA43067FF4C5AE50EA13
:1008E80041047FF40DAF52EA43057FF4EBAE12E703
:1008F8004A0011D212F5001211D20DD56FF4787397
:10090800B3EB62520ED44FEAC12343F0004343EAEB
:10091800505323FA02F070474FF00000704750EA36
:10092800013002D14FF0FF3070474FF000007047A0
:1009380080F0004002E000BF81F0004142001FBF8C
:100948005FEA410392EA030F7FEA226C7FEA236C95
:100958006AD04FEA1262D2EB1363C1BFD21841408A
:1009680048404140B8BF5B42192B88BF704710F020
:10097800004F40F4000020F07F4018BF404211F0C3
:10098800004F41F4000121F07F4118BF494292EA2B
:10099800030F3FD0A2F1010241FA03FC10EB0C0057
:1009A800C3F1200301FA03F100F0004302D54942E4
:1009B80060EB4000B0F5000F13D3B0F1807F06D391
:1009C80040084FEA310102F10102FE2A51D2B1F189
:1009D800004F40EBC25008BF20F0010040EA03007E
:1009E8007047490040EB0000013A28BFB0F5000FFE
:1009F800EDD2B0FA80FCACF1080CB2EB0C0200FAB4
:100A08000CF0AABF00EBC25052421843BCBFD04002
:100A18001843704792F0000F81F4000106BF80F47C
:100A280000000132013BB5E74FEA41037FEA226C3F
:100A380018BF7FEA236C21D092EA030F04D092F00A
:100A4800000F08BF0846704790EA010F1CBF00203E
:100A5800704712F07F4F04D1400028BF40F000409B
:100A6800704712F100723CBF00F50000704700F0BB
:100A7800004343F0FE4040F4000070477FEA2262E2
:100A880016BF08467FEA23630146420206BF5FEAB3
:100A9800412390EA010F40F4800070474FF00003B3
:100AA80004E000BF10F0004348BF40425FEA000C7A
:100AB80008BF704743F0964301464FF000001CE022
:100AC80050EA010208BF70474FF000030AE000BF78
:100AD80050EA010208BF704711F0004302D54042B6
:100AE80061EB41015FEA010C02BF84460146002028
:100AF80043F0B64308BFA3F18053A3F50003BCFA43
:100B08008CF2083AA3EBC25310DB01FA02FC6344EF
:100B180000FA02FCC2F12002BCF1004F20FA02F2F6
:100B280043EB020008BF20F00100704702F12002E9
:100B380001FA02FCC2F1200250EA4C0021FA02F24A
:100B480043EB020008BF20EADC7070474FF0FF0C4F
:100B58001CEAD0521EBF1CEAD15392EA0C0F93EA4A
:100B68000C0F6FD01A4480EA010C400218BF5FEAEC
:100B780041211ED04FF0006343EA501043EA51115F
:100B8800A0FB01310CF00040B1F5000F3EBF490059
:100B980041EAD3715B0040EA010062F17F02FD2A5D
:100BA8001DD8B3F1004F40EBC25008BF20F0010040
:100BB800704790F0000F0CF0004C08BF49024CEA57
:100BC800502040EA51207F3AC2BFD2F1FF0340EAE9
:100BD800C250704740F400004FF00003013A5DDC5A
:100BE80012F1190FDCBF00F000407047C2F100029B
:100BF800410021FA02F1C2F1200200FA02FC5FEA88
:100C0800310040F1000053EA4C0308BF20EADC70D1
:100C1800704792F0000F00F0004C02BF400010F443
:100C2800000F013AF9D040EA0C0093F0000F01F0F0
:100C3800004C02BF490011F4000F013BF9D041EA12
:100C48000C018FE70CEAD15392EA0C0F18BF93EA14
:100C58000C0F0AD030F0004C18BF31F0004CD8D13E
:100C680080EA010000F00040704790F0000F17BFC5
:100C780090F0004F084691F0000F91F0004F14D00B
:100C880092EA0C0F01D142020FD193EA0C0F03D163
:100C98004B0218BF084608D180EA010000F0004066
:100CA80040F0FE4040F40000704740F0FE4040F441
:100CB800400070474FF0FF0C1CEAD0521EBF1CEAE0
:100CC800D15392EA0C0F93EA0C0F69D0A2EB0302FE
:100CD80080EA010C49024FEA402037D04FF0805398
:100CE80043EA111143EA10130CF000408B4238BF5D
:100CF8005B0042F17D024FF4000C8B4224BF5B1A6B
:100D080040EA0C00B3EB510F24BFA3EB510340EAB8
:100D18005C00B3EB910F24BFA3EB910340EA9C0066
:100D2800B3EBD10F24BFA3EBD10340EADC001B01D6
:100D380018BF5FEA1C1CE0D1FD2A3FF650AF8B427A
:100D480040EBC25008BF20F0010070470CF0004C87
:100D58004CEA50207F32C2BFD2F1FF0340EAC250B2
:100D6800704740F400004FF00003013A37E792F073
:100D7800000F00F0004C02BF400010F4000F013AD1
:100D8800F9D040EA0C0093F0000F01F0004C02BFCC
:100D9800490011F4000F013BF9D041EA0C0195E735
:100DA8000CEAD15392EA0C0F08D142027FF47DAFCE
:100DB80093EA0C0F7FF470AF084676E793EA0C0FBE
:100DC80004D14B023FF44CAF08466EE730F0004CBC
:100DD80018BF31F0004CCAD130F000427FF45CAF4C
:100DE80031F000437FF43CAF5FE700BF4FF0FF3CBA
:100DF80006E000BF4FF0010C02E000BF4FF0010C0D
:100E08004DF804CD4FEA40024FEA41037FEA226CD5
:100E180018BF7FEA236C11D001B052EA530C18BFF7
:100E280090EA010F58BFB2EB030088BFC81738BF5C
:100E38006FEAE17018BF40F0010070477FEA226C4A
:100E480002D15FEA402C05D17FEA236CE4D15FEA46
:100E5800412CE1D05DF8040B704700BF844608467A
:100E68006146FFE70FB5FFF7C9FF002848BF10F13B
:100E7800000F0FBD4DF808EDFFF7F4FF0CBF012080
:100E880000205DF808FB00BF4DF808EDFFF7EAFF0A
:100E980034BF012000205DF808FB00BF4DF808EDC5
:100EA800FFF7E0FF94BF012000205DF808FB00BFBA
:100EB8004DF808EDFFF7D2FF94BF012000205DF840
:100EC80008FB00BF4DF808EDFFF7C8FF34BF01204D
:100ED80000205DF808FB00BF4FEA4002B2F1FE4F68
:100EE8000FD34FF09E03B3EB12620DD94FEA0023E4
:100EF80043F0004310F0004F23FA02F018BF4042BD
:100F080070474FF00000704712F1610F01D14202A3
:100F180005D110F0004008BF6FF0004070474FF057
:100F28000000704742000ED2B2F1FE4F0BD34FF0D3
:100F38009E03B3EB126209D44FEA002343F0004347
:100F480023FA02F070474FF00000704712F1610F6A
:100F580001D1420202D14FF0FF3070474FF000003C
:100F6800704700BF0348044B834202D0034B03B1D0
:100F78001847704748000020480000200000000083
:100F88000548064B1B1AD90F01EBA301491002D0E3
:100F9800034B03B118477047480000204800002061
:100FA8000000000010B5064C237843B9FFF7DAFFBC
:100FB800044B13B10448AFF300800123237010BD24
:100FC80048000020000000004CBA000808B5054B96
:100FD8001BB105490548AFF30080BDE80840FFF79D
:100FE800CFBF00BF000000004C0000204CBA000832
:100FF8000022427082700122C270B1FA81F102228D
:1010080049090271032201704271704743788B428B
:101018001FD0012941700AD0022910D0C1B901237B
:10102800C3708170022303710323437170470378EF
:1010380043B1012383700223C3700023F3E70378CD
:10104800002BF6D0022383700023C3700123EAE744
:10105800FEE7704782B00B88ADF800304B88ADF8DA
:1010680002308B88ADF80430CB88ADF806300239F1
:10107800431C053013F8012F0DF1080C0CEB42024C
:10108800834232F8082C21F8022FF3D102B07047BE
:1010980008448078704738B54FF07F33C0F8A030E7
:1010A80004464FF6FF737F220025A0F8A43080F88D
:1010B800A62080F8A950A0F8AA30AC3000F04AFC6D
:1010C800A4F8B85038BD70B51146154604461E46FA
:1010D80000F080FC294604F1140000F07BFC29464E
:1010E80004F1280000F076FC294604F13C0000F0E9
:1010F80071FC294604F1500000F06CFC294604F10B
:10110800640000F067FC294604F1780000F062FCF6
:10111800294604F18C0000F05DFC04F1AC00324675
:101128004FF4FA734FF4FA6100F0FAFB2046BDE879
:101138007040FFF7B0BF704700F053BC143000F0A8
:1011480050BC283000F04DBC90F8A43013B990F989
:10115800A000704790F9A100704790F8A43013B927
:1011680090F9A200704790F9A300704710B50446A3
:1011780007F012F938B104F1140000F036FC012828
:1011880038BF0120C0B210BD10B5044607F004F9FD
:1011980038B104F1500000F028FC012838BF0120C4
:1011A800C0B210BD4FF47A71AC3000F0DABB002148
:1011B800AC3000F0D6BB08B5AC3000F0E3FBB0F5BE
:1011C8007A7FA8BF4FF47A7020EAE07008BD10B5A6
:1011D800044600F0E0FB04F1140000F0DCFB04F12D
:1011E800280000F0D8FB04F13C0000F0D4FB04F127
:1011F800500000F0D0FB04F1640000F0D8FB04F1CB
:10120800780000F0D4FB94F8B93013B1013B84F8AE
:10121800B93010BD7F2807D0002807DA10F1800FF9
:1012280006D04042C0B27047002070470120704786
:101238007F20704710B1404240B270477F2070470E
:101248007F280FD010F1310F0EDA10F1780F0DDB77
:101258007830FE2340B2584323304623B0FBF3F0E6
:10126800C0B27047FF207047FE20704700207047CB
:101278007F2805D031B1002806DA4042C0B2704755
:10128800FF207047FE207047002070477F2811D04C
:1012980010F1310F10DA10F1780F10DB783040F2CE
:1012A800A96340B2584323304623B0FBF3F0AC3077
:1012B80080B270470020704740F255707047AC20EC
:1012C800704763289FBF40F2A963584332306423B4
:1012D8009DBFB0FBF3F0AC3080B240F25570704760
:1012E8004FF4F063A0F58060584340F2FF7390FB21
:1012F800F3F000F5787080B27047FFF7F1BF4FF454
:101308009663A0F58060584340F2FF7390FBF3F0BA
:1013180000F2DC5080B27047A0F58060D0EB00107E
:1013280048BF033040F38F007047032812DD0C28B4
:1013380012DD0F2812DD122812DD162812DD1928F9
:1013480012DD1C2812DD1F2812DD2128CCBFFF204A
:101358000620704700207047012070470220704720
:101368000820704703207047072070470420704703
:101378000520704705289ABF014B185CFF2070476D
:10138800F6BA00087F281ABF4042C0B20020704752
:101398007F2811D010F1320F10DA884210DD401A80
:1013A8006423C1F1FF21584301F57F01CE3131306B
:1013B80090FBF1F0C0B27047FF207047642070477F
:1013C80000207047014B4840185C7047FCBA000881
:1013D80052B110B4054C0A4411F8013B58408A42F6
:1013E800205CF9D110BC7047704700BFFCBA0008F8
:1013F800002805DB212805DC044B33F81000704772
:10140800002070474FF4FA60704700BF26BC000800
:10141800392808D822280ED9094B2338C0B2C3402E
:1014280003F0010070475F2807D0613819288CBF86
:10143800002001207047002070470120704700BF3E
:1014480001EC7F00F8B50246451E461D00245F27C3
:1014580015F8010FFF2804BF0134E4B2FFF7D8FFE5
:1014680000B92F70AE42F3D1062C04D119B10B6824
:1014780013608B88938000239371F8BD2DE9F8439E
:10148800DFF83490471E441D012500264FF0280838
:1014980017F8011F08480AF086FA034610B1A0EBB6
:1014A8000903DBB2A3FB05329E19A742A5FB08532B
:1014B800EED13046BDE8F883FCBB000810B5417991
:1014C800A1F13000C3B2092B07D80523B0FBF3F311
:1014D80003EB8303C01AC0B210BD044C20460AF0C7
:1014E80062FA0028F1D0001BC0B2EEE7FCBB00088E
:1014F80070B50446FEF726FE02B20023551E18B248
:10150800A84204FA83F104DA265C302E03F10103C1
:10151800F5D0121A01322046BDE870400AF070BAC0
:101528002DE9F047432B28BF432396B00C461546B8
:1015380000211A46984607460AF07CFA0021412203
:1015480005A804910AF076FADFF87C90DFF87CA011
:1015580004EB4505AC4210D104A8FEF7F3FD28B111
:1015680000F158036B44002203F8492C04A93846BB
:101578000AF002FA16B0BDE8F08734F9020B47F614
:10158800FF739842E8D0002812DC514668460AF0FA
:10159800F3F904A8FEF7D6FD06466846FEF7D2FD25
:1015A8000644B045D6D3694604A80AF0EDF9D1E758
:1015B800694680B208F040FA6846FFF799FF494645
:1015C80068460AF0E1F9E4E7ADBA0008A8BA0008ED
:1015D800F0B589B06D4600242F468E1CE1B28A42D0
:1015E80004D83946FFF79CFF09B0F0BD36F824103F
:1015F80025F8021B0134F1E742F210736421B0FBB5
:10160800F3F203FB1200B0FBF1F301FB130000EB54
:10161800023000EB831080B2704770B50E4600218F
:10162800054614460AF006FA00239AB2944200D8F6
:1016380070BDF25C002AFBD0EA540133F5E70000E4
:10164800072914D8DFE801F00407090B0D0F111161
:101658000849FFF7E2BF0849FBE70849F9E70849E5
:10166800F7E70849F5E70849F3E70849F1E70849C2
:10167800EFE700BFB2BA0008B7BA0008BCBA000862
:10168800C1BA0008C6BA0008CBBA0008D0BA000828
:10169800D5BA0008052911D8DFE801F00306080AC1
:1016A8000C0E0749FFF7B9BF0649FBE70649F9E7FA
:1016B8000649F7E70649F5E70649F3E70649F1E77A
:1016C800D7BA0008DCBA0008E1BA0008E6BA000890
:1016D800EBBA0008EFBA0008D5BA000870B50E4694
:1016E80014460021013205460AF0A4F900239AB2F3
:1016F800944200D870BDF25C002AFBD0EA54013352
:10170800F5E77D23438043F2390309B2C360002320
:1017180001808180C3800372704700000268044919
:10172800044B01FB023323F000430360180C70479D
:10173800FD430300C39E2600F0B5002597B0016065
:10174800858004465622294668460AF073F9012620
:10175800627CAA4209D80023802104F1B4002374D2
:1017680017B0BDE8F0400AF065B92046FFF7D6FF8C
:10177800E7797B1B002190FBF3F202FB1300C0B258
:10178800EC460A46CBB29F421DD80023227B9A42E0
:10179800DED0A279033A012A04EB050105D925B167
:1017A80091F91120D2B9012BD2D98B74A26852F8C1
:1017B8002310583304EB85026B440135516303F859
:1017C800586CEDB2C4E71CF801EBBEF1000F03D171
:1017D8008242DBD00132D2B20131D3E7501E8342BC
:1017E800E3DB01329342E0DCB2E72DE9F04715462E
:1017F80096B0013D0160027104464371EDB2562274
:10180800002168460AF016F90027022D84BF4FF020
:10181800010900253E464FF0010A94F807809CBF55
:101828004FF00309B8FBF9F8627CB24209D80023EB
:10183800802104F1B400237416B0BDE8F0470AF023
:10184800F9B82046FFF76AFFA8EB0603002190FBD2
:10185800F3F202FB1300C0B2EC460A46CBB298453D
:1018680006D91CF801EBBEF1000F22D182421ED12D
:10187800434528BF4346227B03FB095101F0FF0182
:101888008A42D1D016B1B7B9012BCDD9A2191F46BA
:101898009174A26852F8211004EB86020136516354
:1018A80003F158026A44F6B202F858ACBCE70132B8
:1018B800D2B20131D2E77A1E9342E7DB7A1C934217
:1018C800E4DCB1E70023C0E90133C3600374704767
:1018D800F0B5047C0360012C11D944688568C6689A
:1018E800141B4FF47A774D1B7C4305FB16442B449D
:1018F80094FBF3F33344C360C0E90121F0BD1CB984
:10190800C46001230374F7E743684FF47A74D31A69
:10191800634384680C1B93FBF4F3C3600223F1E771
:101928002DE9F041044610461D4616468846FFF745
:10193800B5F8074606EB0800FFF7B0F80146384649
:10194800FFF7B8F9656020602846FFF7ABF8A0609C
:10195800BDE8F08110B504464068FFF7A3F8A06021
:1019680010BD38B5856804460846FFF79BF8294638
:10197800FEF7E2FF2168FFF7E9F82946FEF7DEFFE8
:10198800A06038BD08B54FF07C518068FEF7D6FFDF
:10199800FFF7A2FA08BDD0E901236421D31AC36076
:1019A80082604B43418AB3FBF1F303747047D0E97B
:1019B8000123D31AC0E90223704743682BB1C268D8
:1019C80064214A43B2FBF3F2D3B203740023C36029
:1019D800436070470023C0E90233418243600374C7
:1019E80070474368013343607047007C7047436821
:1019F8000B44436070470000072800D9FEE7014BFD
:101A0800185C7047A0BC0008052800D9FEE7014B08
:101A1800185C7047A8BC00087047704700207047E2
:101A28000020704700207047704700207047002052
:101A3800704770474FF0B04382B0DA6C0243DA6403
:101A4800DB6C03400193019B02B070474FF0B04339
:101A580082B09A6D02439A659B6D03400193019B86
:101A680002B070474FF0B04382B01A6E02431A6654
:101A78001B6E03400193019B02B0704750E8003F82
:101A880023F0800340E80032002AF7D170470000B5
:101A98000288044B5140C9B233F8113083EA12234B
:101AA8000380704754D500089AB110B4B0F800C04C
:101AB800084C0A4411F8013B83EA0C03DBB291425B
:101AC80034F8133083EA1C2CA0F800C0F2D110BC03
:101AD8007047704754D5000837B54FF6FF73044672
:101AE800ADF806304518AC4203D1BDF8060003B086
:101AF80030BD14F8011B0DF10600FFF7C9FFF2E72E
:101B08001629A8BF16216FF008008142B8BF014608
:101B18001170197070470000044B1888044B1B881B
:101B280080B29BB2C01A18BF01207047B22A0020A9
:101B3800B02A0020044A00231380044A1380044A70
:101B48001380044A13807047B02A0020B22A00206C
:101B5800B42E0020B62E0020002070470278024BD9
:101B680051405B5C0370704738C10008FF23037065
:101B7800704700BF704770B50B7803704B7843709F
:101B88000B78FD2B05460C4638D18B788370CB78C3
:101B9800C3700B7903714B7943718B7983718B68AF
:101BA800C3718B68C3F30F2303728B7A43720A26BF
:101BB800627804F10C01A81909F002FF6378B4F8FF
:101BC8000C213344981CEA545A1CB4F80C1192B2F4
:101BD800090AA954A278D20780B20ED504F58872F2
:101BE800054404F58E7452F8041B45F8041BA24200
:101BF800F9D112782A700F3398B270BD00238B7018
:101C08000B7983704B79C3708B7903718B6843713F
:101C18000626CDE708B52C220348002109F00AFF63
:101C2800024B00221A7008BD9C05002048030020C2
:101C38002DE9F0411378037092F8018080F8018053
:101C4800FD2B04460F46154654D193788370D378FC
:101C5800C3701379037153794371937983716B7AE4
:101C6800127A1B0403EB0223EA79134423F07F431F
:101C78000A26A26863F31702A260A919424604F172
:101C88000C0009F09DFE7A7B904507D208F10C0004
:101C9800A2EB08020021204409F0CCFE63781E4420
:101CA800AB195A78AB5D03EB0223A4F80C31A37887
:101CB800DB070ED5023615FA86F304F5887203F1B0
:101CC8000C0153F8040B42F8040B8B42F9D11B7832
:101CD8001370BB7A84F82131FB7A84F822313B7B7C
:101CE80084F823317B7B84F824313B7884F82031D5
:101CF800BDE8F0810023438093780371D378437162
:101D08001379837153790626B3E7000070B50F4C39
:101D18000F4D0646062204F10A0105F58970FFF702
:101D2800DDFC237CC3F30302C3F3031385F81A31E4
:101D3800637C85F81921C3F3030385F81B31637AA3
:101D4800DB0744BF0223337370BD00BF9920002016
:101D5800C400002070B50446BDF81450E270242079
:101D6800237122461B0A2070637158202B0AA17028
:101D78006070A57102F8073F049B59198B420CD17A
:101D88006A1D92B2E11C0020FFF722FB05F108064C
:101D9800A05505F1090080B270BD13F8010B02F8D7
:101DA800010FEBE70A4A0B4B12680B49A3FB0232FF
:101DB8003220920C00FB02F2084B486802F5FA72D6
:101DC800A3FB023292094B681B1A9A42FBD8704750
:101DD8003C00002083DE1B43001000E0D34D62105E
:101DE80002780A4B90F801C08178D243D2B29A5C4B
:101DF80082EA0C0290F803C09A5C4A40995C027926
:101E080081EA0C01595C4A40985C704738C1000867
:101E1800F8B53C29BDF81C50044635D0A1F121067F
:101E2800714271414900D00748BF41F00801E37091
:101E380092074FEA13234FF0240248BF41F01001E4
:101E4800227023716F222B0AA61C6270A170A371E5
:101E580065713046FFF7C4FF2246069B02F8070F5C
:101E680059198B4212D1A91D89B23046FFF734FEA9
:101E780005F1080705F109039BB2E055000AE05493
:101E880005F10A0080B2F8BD0121CCE713F8010B77
:101E980002F8010FE5E70000074B084A5B6A02F504
:101EA800006353E8003F43F0200302F5006040E878
:101EB80000310029F3D1704700380140003001405B
:101EC8002DE9F04F0C465188B1F58C7F85B0054659
:101ED80011D300211170D91CC9B2012995BF012164
:101EE8000023518053809CBF2370117000232B70F6
:101EF80005B0BDE8F08F10780E2800F28B8001A69F
:101F080056F820F0DF1E0008491F0008711F00085E
:101F18008B1F00081D2000081D2000081D20000838
:101F28001D2000081D2000081D2000081D20000895
:101F38001D2000081D2000081D2000089D1F000806
:101F4800481C508063542178FD299BB206D10C337C
:101F58000A21D380918002231370C7E70833062132
:101F6800D38091800E23F7E7481C50806354D8072C
:101F780042BFD1880D31D180012B8CBF00230323B0
:101F8800EAE7002B01F101005080635414BF0023DD
:101F98000E23E1E7481C508063545388D1888B4254
:101FA80032D300235380137002232B706980237867
:101FB800FD2B35D163792B72A3796B72637A227A00
:101FC8001B0403EB0223E27913446B60637803F18B
:101FD8000C026A80A278D10701D519336B800026DC
:101FE8006968DFF8F0806E8140F285120C20B31822
:101FF80001335B0800FB03F758F80770B94218D2A1
:102008005A1EB242F3D816E092889A423FF66EAF53
:1020180001236CE70023137053809380D38066E715
:10202800E3782B7223796B7263796B60637808337A
:10203800D4E71E46E5D80C27774358F8073099426D
:1020480027D123782046FD2B10F801BF0CBF4FF095
:102058000A094FF0060909EB0B03591E89B24744D8
:102068000193FFF739FD97F804A0ADF80E0051462B
:102078000DF10E00FFF70CFD019BE218E35C5278AE
:1020880003EB0223BDF80E209BB29A4203D005232E
:102098002DE703232BE7BB79DA0706D5FA799345B1
:1020A80082BF04EB09018A5CAA729B0709D50C233D
:1020B80003FB068362781B7A9A4282BF4C44E35C36
:1020C800EB720C2303FB068385F80CA05B796B731A
:1020D8000EE700BF38C20008F0B50546FD2305F835
:1020E8000C3B85B004468DF8043090F8243103F198
:1020F8000C020244012B42D80026637066808DF8DA
:1021080005308B7A23718DF808308B7AADF806602C
:1021180001338B7263798DF80930A3798DF80A3011
:10212800A368C3F317031A128DF80B3009211B1487
:102138000DF105008DF80D308DF80C20FFF7CCFC63
:102148006778ADF802003A4629460DF10200FFF71C
:10215800ABFC94F82311FFF79BFC94F82421BDF8FD
:102168000230A4F80C31974210D207F10C00D21BB0
:102178003146204405B0BDE8F04009F05BBC12F8D8
:10218800010D0028B8D1013BDBB2B3E705B0F0BDC3
:10219800044AD2F8903023F40043C2F89030FFF795
:1021A80001BE00BF0004005808B5FFF7FBFD044A54
:1021B800D2F8903043F40043C2F8903008BD00BF15
:1021C8000004005807B503688DF807101B69012241
:1021D8000DF10701984703B05DF804FB70B504469C
:1021E80008460D46FDF7AEFF236882B22946204611
:1021F8001B69BDE870401847B0F1904F02D101202B
:10220800FFF718BC084B984205D003F58063984245
:1022180003D10420F4E70220F2E7044B984201D1ED
:102228008020EDE7704700BF00040048001C00480C
:102238000C4B984203D14FF40060FFF713BCB0F188
:10224800804F05D0084B984205D14FF40030F4E791
:102258000120FFF7FBBB054B984202D14FF48020C9
:10226800EBE77047002C0140004401400048014062
:102278002DE9F04387B00E46054614460021142286
:1022880001A89DF838809DF83C901F4609F0D2FBC4
:1022980000960B2C07D8DFE804F007070A1214147D
:1022A800141616161A1CFEE70323019301E00223F5
:1022B8000493032F11D8DFE807F01113211101232C
:1022C800F6E70123F1E7012301930393F1E70223E2
:1022D800EBE7022301930123F7E7FEE702230293CA
:1022E800B8F1100F0CD8DFE808F02D2D0C111315DC
:1022F80017191B1D1F21232527292B000123EEE772
:10230800FEE701230593022301931EE00223F9E768
:102318000323F7E70423F5E70523F3E70623F1E7AB
:102328000723EFE70823EDE70923EBE70A23E9E7AB
:102338000B23E7E70C23E5E70D23E3E70E23E1E7AB
:102348000F23DFE7B8F1000FDDD1B9F1000F02D09C
:102358002846FFF751FF053C042C05D8DFE804F0B8
:10236800030B04030B00AE626946284608F05CFEC6
:1023780007B0BDE8F083AE61F6E713B54FF0010C86
:102388000024CDE9004CFFF773FF02B010BD000038
:1023980030B587B0002315460446ADF80630FFF780
:1023A80047FF042D04D8DFE805F02E3204363F003D
:1023B800FEE71E4B1E4A1B68B3FBF2F39BB20022DA
:1023C800CDE90221013B01A92046ADF80430049271
:1023D800059209F079F8236823F080032360A36845
:1023E80023F4A03323F00703A360636823F070038A
:1023F8006360636823F470036360A36823F0800359
:10240800A36007B030BD094B0A4A1B68D4E7074BE5
:10241800094A1B68D0E7054B064A1B68B3FBF2F371
:1024280003EB83035B00C9E70123C8E73C000020F6
:1024380080A8120140420F0000127A0010B504462D
:10244800FFF7A6FF236843F00103236010BD0022B5
:102458004FF0FF31FFF7F2BF204B10B5204C5B68FF
:10246800236007F047FF4FF0904008F09FFD1D489C
:1024780008F09CFD1C4808F099FD1C4809F0B2F9C9
:102488001B4809F0AFF91B4808F0C0FF08F02AFF05
:102498004FF0E02200234FF0B04113615361936184
:1024A8008A6822F0030242F001028A6072B64FF095
:1024B800FF319A0002F1604202F561420133082BB4
:1024C800C2F88010C2F88011F3D162B6034B1B68C2
:1024D80083F3088823689847FEE700BF0000FF1FC2
:1024E8004403002000040048000800480038014068
:1024F80000440040003001400749084A881AEFF3B9
:102508000883521A1A44013A013B984288BF0022B4
:10251800AA2109F08FBA00BF0000012000040000C2
:10252800044B5A69586910F0020018BFC2F38000C2
:10253800704700BF000400584FF0B042D2F8943002
:1025480043F40043C2F894304FF47A7300BF013B60
:102558009BB2002BFAD14FF0B043D3F8942022F469
:102568000042C3F89420D3F894205204FBD40C4BB7
:10257800D3F8902022F40042C3F890204FF47A72E6
:1025880000BF013A92B2002AFAD1D3F8902042F45F
:102598000042C3F890204FF400629A61704700BF70
:1025A8000004005810B50323052240214FF0904045
:1025B800FFF7E3FEBDE810400323052280214FF01A
:1025C8009040FFF7DABE08B5FFF7AAFF003818BF3A
:1025D800012008BD08B5FFF7F6FF00B908BD00BF28
:1025E800F9E74FF0904380229A6240229A6170473F
:1025F8004FF0904340229A6280229A61704700000F
:10260800024B4FF480225A60704700BF00E100E09F
:10261800064B1A6822F001021A605A6822F4003246
:102628005A601A6842F001021A607047004400407C
:10263800064B1A6822F001021A605A6842F4003206
:102648005A601A6842F001021A607047004400405C
:102658000023032202214FF09040FFF78EBE4FF077
:102668009043186980F00200C0F3400070470000F2
:1026780010B5074C0023204605221021FFF77DFEE8
:1026880020460023BDE8104005220821FFF775BE4B
:102698000004004805494B691A04DB4302F4801220
:1026A80003F0100313438B61704700BF0004004818
:1026B80005494B691A04DB4302F4002203F00803BE
:1026C80013438B61704700BF000400480C4BD3F8DC
:1026D800FC2022F08072C3F8FC20D3F8FC2042F0E2
:1026E8008072C3F8FC20A3F55D431A6822F001024A
:1026F8001A601A6842F001021A6000225A60704794
:1027080000ED00E00649074B074A1B68B3FBF2F3EC
:1027180010B54C6843434A68121B9A42FBD310BD5C
:10272800001000E03C00002040420F001FB50223CB
:10273800CDE9013101A801236946039307F044FF5D
:1027480000280CBF0420052005B05DF804FB0146F5
:1027580008B5012007F0F2FE00280CBF0420052070
:1027680008BD08B5FFF7E2FF031F5842584108BDEE
:1027780008B5FFF7ECFF031F5842584108BD000099
:102788002DE9F047294B2A4D01280E4614462949C0
:10279800294A0FBF79277827AA461D4606BF8846CB
:1027A8009A46904607F07EFE39462846FFF7D9FF3D
:1027B80028B9002407F088FE2046BDE8F087002EDF
:1027C80008BF4FF4FC64073424F0070405F1100730
:1027D800B1463444AAEB050AA1450BD14FF011329A
:1027E8004FF0FF332846FFF7C3FF041E18BF01242C
:1027F800A400DFE76EB90AEB0703D3E90023B3F1BE
:10280800FF3F08BFB2F1FF3F06D1083709F10809B9
:10281800E2E7D9E90023F2E7B84505D93846FFF7DA
:10282800A7FF0028F1D1C4E70324C3E700C00308C9
:1028380000C80308FFCF0308FFC7030810B507F057
:1028480031FE09487821FFF78CFF044638B1074864
:102858007921FFF786FF041E18BF0124A40007F0A2
:1028680033FE204610BD00BF00C0030800C803089F
:1028780030B5084D002340F2EF749AB2914201D866
:10288800042030BDA34203D05A5DC2540133F4E79B
:102898000320F6E710C0030838B504460D4672B6A3
:1028A8000A4601460020FFF76BFF62B6042806D1EE
:1028B80072B601202A462146FFF762FF62B638BD8C
:1028C80038B5124B1C68D3F80058B4F1113F09D140
:1028D800B5F1113F17D0002211460120BDE838405C
:1028E800FFF74EBFB5F1113F03D100221146104644
:1028F800F4E7FFF7A3FF042804D12C4001340CBFF0
:102908000220012038BD0420FCE700BF00C00308F6
:10291800044B9A689107FCD518739A68D207FCD5BE
:10292800187B70470000015870B50C46451E8E187C
:10293800B44200D170BD15F8010FFFF7E9FF04F8A4
:10294800010BF5E7084611461A46FFF7EDBF0000F0
:1029580070B5064E04464518A54200D170BD3078C2
:10296800FFF7D6FF04F8010BF6E700BF30000020A0
:1029780008461146FFF7ECBF38B504464518AC4287
:1029880000D138BD14F8010BFFF7C2FFF7E708467E
:102998001146FFF7F1BF000010B58CB028220021C6
:1029A80002A809F047F84FF0B0431C4C5A6E42F0A9
:1029B80001025A665B6E03F001030193019BFFF766
:1029C800BBFD082208924FF48272002303924FF451
:1029D8000072CDE90533CDE9093302930792072345
:1029E8004FF4E06202A920460B93049208F032FDEE
:1029F800636823F010036360636823F0080363606F
:102A0800236843F040032360A3689B07FCD5237B1E
:102A1800034BFF221A700CB010BD00BF0000015814
:102A2800300000201B4B10B4DC69A00611D51A68D1
:102A380091060ED5184819495A6A0388098801333E
:102A4800C3F30A0389B299421FBF1549D2B2CA54C7
:102A5800038010481F232206036215D503681B064E
:102A680012D5104B104A1988138889B29BB2994223
:102A78000CD013880133C3F30903138013880B4A5E
:102A88009BB2D35CDBB2836210BC704710BCFEF70C
:102A9800F5BF00BF00380140B22A0020B02A00204C
:102AA800B0220020B62E0020B42E0020B42A002028
:102AB8000E490F4A0B8812880133C3F3090392B2F7
:102AC8009A4211D00B4AD0540B4A0B8002F500638E
:102AD80053E8003F43F0800302F5006040E800310E
:102AE8000029F3D10120704700207047B62E00203E
:102AF800B42E0020B42A00200030014038B5044626
:102B08004518AC4200D138BD14F8010BFFF7D0FFCF
:102B1800F7E708461146FFF7F1BF0000054B064AE4
:102B28001B8810880133C3F3090380B2181A18BF31
:102B380001207047B62E0020B42E002008B5FFF7FC
:102B4800EDFFB0FA80F0400908BD0000054B064AC9
:102B58001B8812889B1A98B21B0444BF00F50060BA
:102B680080B27047B22A0020B02A0020FFF7EEBFDB
:102B78000848094A0188138889B29BB29942F9D05A
:102B880013880133C3F30A0313801388034A9BB2E3
:102B9800D05C7047B22A0020B02A0020B022002062
:102BA800FFF7E6BF70B588B00C460646154600210B
:102BB8002022684608F03EFF231E18BF01231B038E
:102BC800CDE9023569460C23034801960494059320
:102BD80008F02CFE08B070BD0038014010B5064C56
:102BE800236823F001032360FFF7DCFF236843F029
:102BF8000103236010BD00BF0038014000220846D1
:102C08001146FFF7EBBF000073B53B4C236823F078
:102C180001032360082501264FF48040FEF722FFB8
:102C28004021CDE90056354803230A22FFF720FB4F
:102C380003231A46CDE9005630488021FFF718FBD8
:102C4800002211464FF46140FFF7ACFF636823F49C
:102C580090436360A36823F02A03A360284BB02243
:102C680083F8242310225A602046FEF707FF254ADE
:102C780002F5006353E8003F23F0400302F50060CB
:102C880040E800310029F3D1402323621E4B19800C
:102C98001E4B198002F5006353E8003F23F0200320
:102CA80002F5006040E800310029F3D1184B198083
:102CB800184B1980104B5A6822F400625A609A68BF
:102CC80022F008029A605A6822F480425A609A6890
:102CD80022F022029A609A6842F480529A601A6836
:102CE80042F001021A60DA699102FCD5DA695202EF
:102CF800F9D502B070BD00BF00380140000400489B
:102D080000E100E000300140B42E0020B62E002083
:102D1800B02A0020B22A002008B5FFF775FFBDE8E9
:102D28000840FFF7B9B8FFF7F7BF0000084BDA68AB
:102D380092070CD4074A012111805A6A10325A634B
:102D48006FF002021A61DA6842F00202DA60704734
:102D580000480140581E0020324A13699B0710B5ED
:102D680026D56FF0020313612F4B1B88516B11FAA4
:102D780083F353632D4B198889B2002946D01988EB
:102D8800013189B21980198889B2022911D84FF006
:102D980090434FF400729A62254A13880133C3F3B3
:102DA800080313801388234A9BB2D35C224A1380FA
:102DB80010BD198889B20A290FD81F4B1A8812F03A
:102DC800010F4FF090424FF4007114BF916191626E
:102DD8001A88C2F34E021A80EAE7198889B20B29C9
:102DE8004FF090414FF40070886109D1134A11885F
:102DF8000F4A128889B292B29142D9D00122EAE7E9
:102E0800D16821F00201D1600022E4E74FF0904040
:102E18004FF400748461D06820F00200D0601980FB
:102E2800C6E700BF00480140541E0020581E00207D
:102E38005C2000205A1E00205A2000205E2000201E
:102E480009490A4A08B50B8812880133C3F30803F5
:102E580092B29A4206D0064AD0540B80FFF766FF1A
:102E6800012008BD0020FCE75E2000205C20002037
:102E78005A1E002038B504464518AC4200D138BD6A
:102E880014F8010BFFF7DCFFF7E708461146FFF7D8
:102E9800F1BF0000B0F5614F0D4A0E4B0CD0B0F5F4
:102EA800E13F10D0B0F5165F0DD172B640F2413156
:102EB800118040F2E24203E072B68B211180D022E9
:102EC8001A8062B6704772B6452111805422F7E71E
:102ED800541E0020561E002010B5032388B005227A
:102EE8004FF400714FF09040FFF747FA194C4FF03C
:102EF80090434FF400729A61204601224FF0FF314F
:102F0800FFF79CFA20220021684608F093FD6A46E4
:102F18000121204608F012FB0F4AD2F8183823F096
:102F28000403C2F818386FF0020323610B4B902298
:102F380083F81D234FF000521A604FF4E130FFF779
:102F4800A9FF074A00231380064A1380064A138004
:102F580008B010BD004801400040014000E100E019
:102F68005C2000205E200020581E0020FFF7B4BF20
:102F7800024B1A68024B1A60704700BFD82E002017
:102F88008C030020054A064B1968136899421DBF37
:102F98000133012013600020704700BF8C0300201C
:102FA800D82E0020034A044B11681B780B44136089
:102FB800704700BFD82E0020400000200148FFF7CE
:102FC80046BA00BF00440140014B586A80B27047BE
:102FD8000044014008B5FFF7F1FFBDE80840FFF7DE
:102FE800C7BF70B504460D46164607F05BFA083DA4
:102FF80004EBC606B44204D1042407F065FA20465F
:1030080070BD55F8082FD4E900016B68994208BFD4
:10301800904201D10834EDE72046FFF7A9FB0028CC
:10302800F8D10446E9E700001FB503788BB10A4BD5
:103038001B68B3F5FA6F0CD300230022037000233A
:10304800CDE90023CDE90223406802226946FFF753
:10305800C8FF05B05DF804FBD82E00200000000072
:103068000123F0B50380444B444AD3E90051044698
:103078004348914208BF854285B04FF0000202D113
:10308800227005B0F0BD3AA1D1E900013D4F626060
:10309800C3E900013C484FF0AA33D0E90021B1F15F
:1030A800FF3F08BFB2F1FF3FD0E9026505D0994262
:1030B80008BF9A4201D00A4309D1B5F1FF3F08BFC2
:1030C800B6F1FF3F0DD09D4208BF9E4209D0103097
:1030D800B842E2D172B67A212B48FFF742FB62B6BA
:1030E80029486060D0E90032CDE90032B2F1FF3FF3
:1030F80008BFB3F1FF3FD0E9025109D1B1F1FF3F59
:1031080008BFB5F1FF3F22D14FF0AA331A4623E09A
:103118004FF0AA36B24208BFB3420BD1B1F1FF3F1C
:1031280008BFB5F1FF3F0FD0B14208BFB5420ED17D
:103138000023EBE753EA020709D1B14208BFB542C1
:1031480005D14FF4807121801D46114604E000230B
:1031580023701A461D461946CDE90032CDE90251C1
:1031680002226946FFF73DFF8BE700BFAFF30080FF
:1031780012345678FEDCBA9020000020FEDCBA90AB
:103188001234567800D8030800D003084FF0804363
:103198001A6991070AD56FF002021A615A6B6432F4
:1031A800DA63084A596B12880A445A634FF080431D
:1031B8001A69120705D56FF008021A61024B01223D
:1031C8001A70704764000020890300200A490B88A0
:1031D80003B9FEE772B64FF0804309885A6A114472
:1031E80064325963DA636FF002021A616FF0080201
:1031F8001A6162B6704700BF6400002000B5032260
:1032080089B04FF0FF314FF08040FFF717F92022C7
:103218000021684608F00EFC64236A4601214FF03D
:103228008040039308F08AF9C8236A464FF48071F6
:103238004FF08040039308F081F9054BA02283F8F2
:103248001B234FF000621A6009B05DF804FB00BF51
:1032580000E100E04FF08043DA6842F00202DA60F1
:10326800DA6842F00802DA607047000010B501EB36
:103278008101084B01EB810189001980064B044646
:1032880000221A70FFF7BAFF2046BDE81040FFF78A
:10329800E1BF00BF6400002089030020F8B51C4C82
:1032A8001C4FC0220021201D08F0C4FB1623062550
:1032B80063800F23A3802A4643233946601925805B
:1032C800FEF786F90123C4E913333F230226A4F845
:1032D80054302A464323394604F15600A4F84A607C
:1032E800FEF776F90C4BC4F89C300C49A4F89A60A8
:1032F800002304F1AC00C4E9293384F8A03008F0B5
:103308003BFB7F2384F8C130052384F8C230F8BD25
:1033180080020020F4C0000807000100FABC000881
:1033280070B5094E05460C46415C304608F03BFB3B
:10333800034628B1831B0133DBB2282B28BF0023A7
:10334800F35C2B5570BD00BF0CC1000870B50C466E
:103358001146064608F010FB44B100250521304609
:103368000135FFF7DDFFEBB29C42F7D870BD0000D6
:10337800F7B5054605F11106214C224A01463601EA
:103388006846FFF7E3FFB01C6946204408F0F4FAEA
:10339800264404EB0512002302277772A2F81A319B
:1033A800142202FB05400421012280F850104FF43A
:1033B800807540F20111A0F84A70C264A0F852204A
:1033C80080F85520A0F85650A0F8581040F2032075
:1033D80084F83430E784A562A08584F82E2084F828
:1033E800303084F83330C4F83A30C4F83E30C4F88A
:1033F8004230A4F84610A4F8481003B0F0BD00BF4E
:10340800C4000020AEBC0008F7B50546B14CB24A6E
:1034180005F11106014637016846FFF797FFB81C0A
:10342800274469462044FEF70DF87B7AAB4A072B00
:1034380088BF022304EB061088BF7B721188437A89
:1034480041FA03F3DF070FD40223437261B148073F
:10345800C1F3800308D441FA03F7FF07D8B240F15B
:10346800D88104EB0613587204EB05112B0191F86F
:103478001A01052802D9002081F81A01E718508896
:1034880097F81A1140FA01F1C90711D4012187F8F8
:103498001A1168B18707C0F3400109D440FA01FC4A
:1034A8001CF0010FCFB200F0B981E11881F81A7150
:1034B800E11891F81B01032802D9002081F81B01AB
:1034C80004EB0616717A012903D9042901D00021D9
:1034D8009180E618908896F81B1140FA01F111F0D6
:1034E80001010ED186F81B1158B110F0010108D165
:1034F80040FA01F7FF07CEB240F19581234483F8E3
:103508001B61142303FB054191F84A00052802D9E1
:10351800022081F84A0003FB054393F84B10042965
:1035280002D9002183F84B10142303FB0543B2F89A
:103538004A1093F84B0041FA00F0C00712D401205A
:1035480083F84B0071B18807C1F340030AD441FAEC
:1035580003F6F707D8B240F16B81142303FB054348
:1035680083F84B00142303FB054393F84C100329FD
:1035780002D9012183F84C10142000FB0540B2F851
:103588004C1090F84C3041FA03F313F0010310D1BA
:1035980080F84C3069B111F001030AD141FA03F601
:1035A800F607D8B240F14981142303FB054383F899
:1035B8004C00142303FB054393F84E10012902D94C
:1035C800002183F84E10142000FB0540B2F84E107D
:1035D80090F84E3041FA03F313F0010310D180F84C
:1035E8004E3069B111F001030AD141FA03F6F70729
:1035F800D8B240F12781142303FB054383F84E001A
:10360800142303FB054393F84F10022902D9002124
:1036180083F84F10142000FB0540B2F8503090F8A2
:103628004F1043FA01F111F0010110D180F84F1049
:103638006BB113F001010AD143FA01F6F607C8B2DB
:1036480040F10581142101FB054181F84F00142147
:1036580001FB054090F84D60022E02D9002680F843
:103668004D6001FB054191F85000052802D904205E
:1036780081F85000142101FB054090F85260012E9A
:1036880002D9012680F8526001FB054191F85500E6
:10369800012802D9012081F85500142101FB0541B8
:1036A80091F85300022802D9002081F8530014260B
:1036B80006FB0546B2F8520096F8531040FA01F19D
:1036C80011F0010117D186F85310A0B110F00101D3
:1036D80011D105E0C4000020AEBC00088002002023
:1036E80040FA01F7FF07CEB240F1B680142101FB82
:1036F800054181F85360142101FB054090F856609C
:103708000C2E02D9002680F8566001FB054191F87D
:103718004C00012809D191F84F60022E05D1DF072E
:1037280040F19F80002381F84F30142303FB0543A9
:10373800012183F8571040F20111A3F8581094F8AA
:103748002630052B02D9022384F8263094F8273036
:10375800042B02D9002384F82730B2F89A0094F891
:10376800273040FA03F313F0010F8A4B0ED10121E1
:1037780084F8271050B18607C0F3400106D440FAF8
:1037880001F7FF07CEB271D583F8276094F82810A7
:10379800022902D9002184F8281094F82910022956
:1037A80002D9012184F82910B2F89C1094F8292034
:1037B80041FA02F212F001020CD184F8292049B131
:1037C80011F0010206D141FA02F6F607D0B251D53E
:1037D80083F8290094F82A200C2A02D9002284F8B8
:1037E8002A2093F832200C2A02D9002283F83220AA
:1037F80093F82B20042A02D9002283F82B200022D8
:103808006549104611F9014F14F1780F36DA08703E
:1038180036E00133102B7FF41EAE25E60131102966
:103828007FF43CAE44E6013110297FF461AE68E6CE
:103838000133102B7FF48BAE94E60133102B7FF409
:10384800ADAEB6E60133102B7FF4CFAED8E601312A
:1038580010297FF4F1AEFAE6013110297FF440AF68
:1038680049E713F0020318BF03465CE7013110294A
:1038780085D18BE70132102AA5D1ABE7782CC6DCBD
:103888000132D2B20C2ABDD144490022012011F8DC
:10389800014F0132022CD2B288BF0870042AF6D137
:1038A80093F83420012A02D9002283F834203C4AB4
:1038B800B2F89E1093F8342041FA02F212F0010295
:1038C8000CD183F8342049B111F0010206D141FA34
:1038D80002F4E407D0B211D583F8340093F82C2011
:1038E800052A02D9032283F82C2093F82D20032AD5
:1038F80008D80AD1002283F8342006E00132102AC1
:10390800E5D1EBE7022283F82D2093F82E20022A36
:1039180002D9012283F82E2093F83020022A02D9F6
:10392800002283F8302093F833200C2A02D9002291
:1039380083F8332093F83520042A02D9002283F82B
:103948003520142202FB053191F85A00012802D9CA
:10395800002081F85A0002FB0532FF2103EB051510
:103968004FF6FF7082F8511082F8541083F82F1028
:1039780083F831104FF0FF31C5F81C11A5F820016C
:103988001962998482F85B00A2F85C10D9861987BD
:1039980003B0F0BDC4000020FD0000200901002094
:1039A80080020020034670B50846052B04D8DFE8DE
:1039B80003F01D0421191D21FEE720261F250F22D3
:1039C800174CA3702277013B0122A4F84860A4F8A1
:1039D8004A50A276A273042B10D8DFE803F010181F
:1039E8001B1B180009266F250722E9E71426322534
:1039F8000A22E5E7352613251922E1E7FEE7002329
:103A080023712374FDF7F8FF6073607670BD22712F
:103A18002274F7E7002323712374A376A373F1E7D5
:103A280068000020044B012283F85120A3F852209B
:103A3800A3F85420704700BF680000202DE9F04328
:103A4800774D784C00F1110805EB081702378BB059
:103A580006463846FDF712FD4FEA06190090042184
:103A6800684605EB0616FEF737F896F81B31E08333
:103A78002BB103EB031303EB03231844E08305EB9B
:103A880008135B7A062B40F0A880E38B03F5B54357
:103A98002533E38305EB081895F82700FFF7C2FFE5
:103AA80098F8091061708B1FA944012B8CBF002363
:103AB800012399F81A0184F85630FFF773FF99F833
:103AC8001B21E18B009BE1806182A36063612AB1C5
:103AD8004FF0113000FB0233A360636195F82600B4
:103AE800514B616213F9203023732376002384F845
:103AF8002A30637B84F8292023B93846FDF7DEFC99
:103B080084F82A006078FDF777FF484A84F828008F
:103B1800128802F00101970748BF41F00201A18510
:103B2800560742BFA18D41F00401A1850346100745
:103B380042BFA18D41F01001A185D10642BFA18DE0
:103B480041F02001A185920642BFA28D42F00802F1
:103B5800A285374A01AE02F1200C10685168374639
:103B680003C7083262453E46F7D110683860A2782C
:103B7800304E06210AA801FB0303134413F8247CE2
:103B880084F8207016E90F0086E80F0040F2E2433F
:103B98003846A4F84C30FCF785FF4FF07F51FCF70E
:103BA800D5FFFDF7BFF97F08B4F84820052F4FF47B
:103BB8007A73B3FBF2F3A4F8403095F82C30C0B216
:103BC80038BF0527A4F84E0084F85070052B1AD882
:103BD800DFE803F00B2216191C1F072B7FF45AAFDE
:103BE800E38BA3F5B543263B53E74FF416536364C1
:103BF800002384F85730A4F858300BB0BDE8F083A0
:103C08004FF41643F3E74FF46143F0E74FF4E13321
:103C1800EDE74FF46133EAE74FF49643E7E700BF77
:103C2800C400002068000020F4C0000880020020C2
:103C380064BA00089800002002484FF4DE72FF21A1
:103C480007F0F8BEC400002002484FF4DE71FEF70A
:103C580023BE00BFC400002002484FF4DE71FEF707
:103C680007BE00BFC400002008B5FFF7F5FF034BEF
:103C78001878BDE80840FFF7C7BB00BF6800002000
:103C880038B5FFF7D9FFFEF71BFE04280CD0FFF765
:103C9800D3FFFEF715FE042803D1FFF7DDFF042844
:103CA80006D0FFF7C9FF03E0FFF7D6FF0428EED1DF
:103CB80026492748264C102207F090FE38B125499E
:103CC8001022204607F08AFE08B1FFF7B5FFA38A45
:103CD800B3F5215F28D008D30025E8B20135FFF7F6
:103CE80047FB0A2DF9D10023E3774FF42153A38230
:103CF800012522691549164842F6A1039A424FF058
:103D080010021CBF2361012507F068FE70B10F493E
:103D18000F481022FDF781FC0F4910480822FDF7D3
:103D28007CFCFFF791FF03E00025E2E7002DF8D1C6
:103D38000023E3770A4C2370FFF7B0FA2078FFF7E7
:103D480063FB2078BDE83840FFF778BEB5BC0008B3
:103D5800C4000020C6BC0008D7BC000876020020BA
:103D6800680000200129F7B5054600D9FEE70B4E8B
:103D780006EB01131C460F016278F15D03619B7825
:103D880005F0FCFFE3790193A37900932279637925
:103D9800E178284606F019F803B0F0BD74D700089A
:103DA80038B5836804466BB1024652F8183BDD69A2
:103DB80000F11903A847217E20460222BDE83840B9
:103DC80006F065B838BD000070B58160897A86B0A4
:103DD800044601B1012105F0AAFF204606F029F9A1
:103DE800204606F001F9217BFF2903D0FA2220465C
:103DF80006F006F9A3685B7A013B042B04D8DFE8D8
:103E080003F0043E3E414100FEE7E922E12120465D
:103E180006F034F90121204606F0C3F89621204621
:103E280006F000F93821204606F012F9204606F07F
:103E380017F9A368204693F90810FFF7B1FFA368A4
:103E48009D7A15B319782046FFF78CFF002211469A
:103E5800204605F086FF0023009340F20322204607
:103E68004FF6FF7105F0E0FF20464FF6FF7106F0B0
:103E780002F8204606B0BDE8704006F0A2B8DB2282
:103E8800D721C4E76F226B21C1E75E880E4B6361BF
:103E98004CF25033009320460C4919230B2206F0AC
:103EA800FBF80123CDE903335B23CDE9015310234C
:103EB800194620460095042206F02CF93146204682
:103EC80006F04CF9C2E700BF54D70008A0860100ED
:103ED80010B5044606F075F820464FF6FF71BDE8A8
:103EE800104005F0C8BF000038B58168036891F933
:103EF8000810DD69044600F1190300F11802A8470B
:103F0800A3689A7A42B11A78012A00D9FEE7044BCD
:103F180003EB0213236138BD024B6361FBE700BF6B
:103F280074D7000854D70008836810B5044683B1D5
:103F380003691BB943690BB9FFF7D6FFA3689B7ADE
:103F48001BB12369B3F90C0010BD6369B3F91C00F8
:103F5800FAE71846F8E7836810B5044643B10369E1
:103F68001BB943690BB9FFF7BFFF94F9190010BDDE
:103F78001846FCE708B5836843B9FFF725FF7D209D
:103F8800FEF7C0FBBDE80840FEF73ABB08BD0000DD
:103F980090F8D43053B190F8D520074B03EBC20109
:103FA80053F83230497953F821007047037C00EB0D
:103FB8008300406B704700BFC4C0000813B5184B9E
:103FC8000288DB8B9A42044626D18378DB0625D407
:103FD8008379812B22D84FF6FF730D2201460DF10C
:103FE8000600ADF80630FDF75FFDB4F80D20BDF80A
:103FF80006309A420ED14C2204F10D01FDF754FD12
:10400800B4F85900BDF80630C01A18BF0120800066
:1040180002B010BD0320FBE70120F9E70220F7E713
:10402800680000200A7ACB7902F0070243EA0223EB
:1040380003804B7A0A7A03F03F035B0143EAD20319
:1040480043808B7A4A7A9B0043EA9213CA7A02F039
:10405800010243EA822383800B7BCA7A03F00F03B1
:10406800DB0143EA5203C3800B7BC3F30112012A2D
:1040780011D813F0300F14BF012300239B020383D0
:104088000B7B7F2B0AD813F0C00F14BF012300232A
:104098009B024383704740F2FF73F0E740F2FF73DF
:1040A800F7E70A7ACB7902F0070243EA0223038092
:1040B8004B7A0A7A03F03F035B0143EAD203438059
:1040C8008B7A4A7A9B0043EA9213CA7A02F0010279
:1040D80043EA822383800B7BCA7A03F00F03DB0158
:1040E80043EA5203C3800A7CCB7B02F0070243EA0F
:1040F800022303814B7C0A7C03F03F035B0143EA04
:10410800D20343818B7C4A7C9B0043EA9213CA7C8E
:1041180002F0010243EA822383810B7DCA7C03F00B
:104128000F03DB0143EA5203C3814B7DDB000382AB
:104138008B7DDB004382CB7DDB0083820B7EDB0043
:10414800C3820B7BC3F30112012A2BD813F0300F63
:1041580014BF012300239B0203830B7B7F2B24D8EE
:1041680013F0C00F14BF012300239B0243830B7D70
:10417800C3F30112012A1BD813F0300F14BF012317
:1041880000239B0283830B7D7F2B14D813F0C00F71
:1041980014BF012300239B02C3834FF4806303846D
:1041A8004384704740F2FF73D6E740F2FF73DDE7C0
:1041B80040F2FF73E6E740F2FF73EDE737B52E4BA9
:1041C800DB8B03804A78837862F3C30383704A7970
:1041D800C37862F38203C3708A79837962F3000338
:1041E8008371044691F902000D46FDF713F8E37850
:1041F80000F01F0203F0070343EAC203E3702379C8
:10420800C0F3411023F0030303432371EA78DBB2C0
:1042180002F03F0203F0030343EA82032371EA78C2
:104228006379C2F3801223F00103134363712A797F
:1042380062F3470363716A7AA37802F0030203F01A
:104248003F0343EA8213A3706A7AE378C2F38002D9
:1042580023F001031343E37059224FF6FF732146FD
:104268000DF10600ADF80630FDF71EFCBDF806306E
:10427800A4F8593003B030BD680000202DE9F3419F
:104288009DF820701546522F88464FF05B024FF07C
:104298000001044628BF52271E4607F0CBFB3C4BC3
:1042A800DB8B23802A78A37862F30203A3706978F2
:1042B8004FEA0818C90001F0080108F03008DBB21D
:1042C80023F0380341EA08011943A1706A79E378B9
:1042D80062F38203E370AA79A37962F30003A371FE
:1042E80095F90200FCF796FFE37800F01F0203F04F
:1042F800070343EAC203E3702379C0F3411023F0B4
:10430800030303432371EA78DBB202F03F0203F0B0
:10431800030343EA82032371EB786279C3F38013C2
:1043280022F001021A4362712B7963F3470262712A
:104338006A7AA37802F0030203F03F0343EA821388
:10434800A3706A7AE378C2F3800223F0010313436F
:10435800A279E370234667F3470203F8062F374430
:10436800BE4210D14FF6FF73592221460DF10600C7
:10437800ADF80630FDF798FBBDF80630A4F85930C3
:1043880002B0BDE8F08116F8012B03F8012FE7E72A
:104398006800002007B5009313460A460121FFF77D
:1043A8006DFF03B05DF804FB30B53A4B027893F823
:1043B800261061F30302027093F8271061F30712C5
:1043C800027093F82810427861F30302427093F860
:1043D800291061F30712427093F82A10827861F36A
:1043E8000302827093F83210827961F303028271BA
:1043F80093F82B10827861F30712827093F83410C7
:10440800C27961F30302C27193F82C10C27861F388
:104418000302C27093F82D1061F30712C27093F86B
:104428002E10027961F303020271427993F8301079
:1044380061F30302427193F83310827961F3071232
:10444800827193F83510C27961F30712C27103F1D2
:10445800390100F10A0200F1160411F9015F02F8AE
:10446800015FA242F9D193F84610C27D61F30102BF
:10447800C27593F8471061F38302C27593F8481028
:1044880061F30512C27593F8493063F38712C27558
:1044980030BD00BFC40000200278344BC2F30302D1
:1044A80030B583F826200278C2F3031283F8272058
:1044B8004278C2F3030283F828204278C2F3031239
:1044C80083F829208278C2F3030283F82A208279AC
:1044D800C2F3030283F832208278C2F3031283F80E
:1044E8002B20C279C2F3030283F83420C278C2F3C6
:1044F800030283F82C20C278C2F3031283F82D201C
:104508000279C2F3030283F82E204279C2F3030230
:1045180083F830208279C2F3031283F83320C279FA
:10452800C2F3031283F8352003F1390100F10A02BE
:1045380000F1160412F9015F01F8015FA242F9D1F6
:10454800C27DC2F3010283F84620C27DC2F3810214
:1045580083F84720C27DC2F3011283F84820C27D48
:10456800C2F3811283F8492030BD00BFC400002087
:1045780070B5522698B0324604460D4603A800216D
:1045880007F058FA212342F6A1008DF80C30FDF708
:1045980033F8ADF80E004FF42150FDF72DF81C4903
:1045A800ADF8100014220DF11200FDF736F8194885
:1045B800FFF7D1FC184B8DF8260093F851308DF891
:1045C80027300AA8FFF7F0FE4FF68073ADF84630A3
:1045D800124A134BCDE91223124B149347F6FF737B
:1045E800ADF85430104BB3F89A208DF85620B3F834
:1045F8009C20B3F89E308DF857208DF858300096DF
:1046080003AB2A4602212046FFF738FE18B070BDDA
:10461800DDBC0008602000206800002001000A00BE
:10462800190064009E00FF7F8002002038B5104DFD
:10463800044600F11B01062205F58970FDF74EF8C6
:1046480094F82130C3F3030385F8193194F8213025
:10465800C3F3031385F81A3194F82230C3F3030324
:1046680085F81B3104F12500BDE83840FFF714BF79
:10467800C40000200B4A0C49126882600A68026173
:104688004A680A4942610A6882614A68C26100232D
:104698004EF66022838083718381038402600385E0
:1046A800704700BFD82E0020E9BC0008F2BC000803
:1046B80010B50E4CA36803B9FEE70D4A12791A70BB
:1046C8000021204605F01CFB4FF47A70FEF71AF81B
:1046D8002046012105F02BFBA36820461978FFF737
:1046E80041FB2046FFF7F4FB10BD00BF602000200F
:1046F8006800002038B5174D0446A8786978052861
:104708001CD14FF6FF732385FFF74CF96B78012214
:104718009A40238D23EA020323850F490F48FFF7A8
:1047280029FC0E48FFF7D4FB0C486FF07F01FFF718
:1047380037FB2046BDE83840FFF7BABF0023238582
:104748000220FFF72FF96A7801239340228D134343
:104758009BB2E1E7680000206C0000206020002088
:1047680008B590F8203002468BB9FDF778FF10B9EC
:1047780082F8210008BD92F8213001335BB2312B59
:1047880082F82130F6DD012382F82030F2E7FDF7C8
:1047980066FF18B1322382F82130EBE792F8213016
:1047A800013B5BB2002B82F82130D8BF82F8200091
:1047B800E0E700000A4B90F820201B6872B182687D
:1047C8009B1AB3F57A6F01D901234371037923B991
:1047D800437913B101230371037370478360F5E7CD
:1047E800D82E00200346007B821E012A4FF00002CB
:1047F80002D893F8201009B91A7370471046704709
:104808000A4A38B5138801339BB2502B04460D462B
:1048180001D8138038BD002305491380FDF7DEFC5D
:1048280029462046FDF7DAFCF4E700BF9003002094
:10483800FBBC00082DE9F84F154604460F466B49A6
:104848006B4EFDF7CBFC29462046FDF7C7FC694BAC
:104858000022012F1A800FD11023B362082746F2D5
:10486800A810B761FDF74EFFB762FDF74BFF294669
:104878002046FFF7C5FFF2E7BB1E08220C2B00F20B
:10488800A880DFE803F03141521C07A6A6A66262A1
:1048980062626200564E4FF008081027C6F818806A
:1048A80046F2A810B762FDF72DFFC6F82880B76159
:1048B800FDF728FF29462046FFF7A2FFEDE74C4EFB
:1048C8004FF008081027C6F8188046F2A810B761FC
:1048D800FDF718FFC6F82880B762FDF713FF2946D1
:1048E8002046FFF78DFFEDE7B262414E102746F2F2
:1048F800A810B761FDF706FFB762FDF703FF294669
:104908002046FFF77DFFF2E71023B361384E0827F2
:1049180046F2A810B761FDF7F5FEB762FDF7F2FEA3
:1049280029462046FFF76CFFF2E7B261304E1027A8
:1049380046F2A810B761FDF7E5FEB762FDF7E2FEA3
:1049480029462046FFF75CFFF2E7A7F1090BDFF8DD
:10495800A0805FFA8BFB00264FF0080A5E453CBF3B
:104968001023C8F818304FF0040946F2A810C8F808
:1049780018A0FDF7C7FEC8F828A0FDF7C3FE09F187
:10498800FF3929462046FFF73BFF19F0FF09ECD114
:104998001023C8F828304FF0040946F2A810C8F8C8
:1049A80018A0FDF7AFFEC8F828A0FDF7ABFE09F187
:1049B800FF3929462046FFF723FF19F0FF09ECD1FC
:1049C8000136A7F10803F6B2DBB2B34238BF0026BE
:1049D800C4E71023B261B3614CF25030FDF792FE88
:1049E80029462046FFF70CFFF6E700BFFBBC00088E
:1049F800000400489003002008B5437802789A42E2
:104A080013D0052B8ABF052303700370027888BF73
:104A18004370064B064813F92210064B1973197692
:104A2800836813B11972FFF7BBF908BDF4C0000819
:104A3800602000206800002010B50AB9437010BD3E
:104A4800541E0B2CFBD80332D2B231F91220C83ACB
:104A580003FB022240F2716192FBF1F212B222EAE8
:104A6800E2729A42C8BF1AB24270E8E70A460146A3
:104A780010B9024805F015B9704700BF6020002042
:104A880070B50D4616461C46014688B9FDF7A9FDC6
:104A9800094833462A4605F0DDF807484FF6FF7106
:104AA80005F0E9F9A1010448BDE8704005F0FCB93A
:104AB8000148FFF70DFA70BD602000202DE9F04194
:104AC800194C05465B270E463A460021204606F05B
:104AD800B1FFAB692360EB696360144B14491B7821
:104AE8009A1E53425341627A63F3000262726FF076
:104AF8005E02A27228220023E27204F10E00142240
:104B080023736373FCF789FD59212046FCF7E4FF02
:104B1800084BA4F859003A46214630461B7FBDE8A9
:104B2800F041FFF7ADBF00BFDB1C0020830300206E
:104B3800DDBC00086800002037B50C4638B91A48B3
:104B4800836833B9812281F8A02081F8A23003B0AC
:104B580030BD9D7ADDB101F1A2020DF1060105F02B
:104B6800D9F994F9A230002B04DABDF806201344D1
:104B7800ADF80630BDF90630002B0FDB4FF6FF739A
:104B8800ADF80630BDF8063084F8A030DFE70DF147
:104B9800060105F0F4FA84F8A250EBE77F33F1DA66
:104BA8004FF68173ECE700BF602000200A4608B585
:104BB80001460148FFF73EFE2C00002000B591B0E9
:104BC8000446684616461D4606F0D6FE184968464D
:104BD80006F0DAFE304604F06BFF0146684606F040
:104BE800D3FE1449684606F0CFFE134B684653F8C7
:104BF8002510124D06F0C8FE1149684606F0C4FE9D
:104C08009DF84830684655F8231006F0BDFE0D495A
:104C1800684606F0B9FE9DF84C30684655F82310F2
:104C280006F0B2FE08486A462146FFF703FE00BFB9
:104C3800FDBC000804BD0008000000201000002092
:104C480009BD000810BD00082C000020024608B568
:104C580001480021FFF7EEFD2C0000200023FF2271
:104C6800037043708370C27003717047C178034644
:104C780029B9827801710132827001207047007869
:104C880001281ED0022805D0C8B99A7818710132B7
:104C98009A70F2E798785A784240D20704D40130E3
:104CA800002298701A71E8E7FF2902D100201871D4
:104CB80070471A790132D2B291421A71EFD30020AB
:104CC8007047FF29F2D01A790132D2B291421A7193
:104CD800F5D29A7801329A7000221A717047000052
:104CE8000E48C3691A0617D503681B0614D50C4B62
:104CF8000C4A1988138889B29BB299420AD0138842
:104D08000133DBB213801388074A9BB2D35CDBB252
:104D180083627047FCF7B2BE704700BF0044004092
:104D2800AE220020AC220020AB2100200E490F4A01
:104D38000B8812880133DBB292B29A4212D00C4A25
:104D4800D0540B804FF0402202F5806353E8003FB7
:104D580043F0800302F5806040E800310029F3D178
:104D68000120704700207047AE220020AC220020AE
:104D7800AB21002038B504464518AC4200D138BDF7
:104D880014F8010BFFF7D2FFF7E708461146FFF7C3
:104D9800F1BF000070B588B00C46064615460021E4
:104DA8002022684606F046FE231E18BF01231B0377
:104DB800CDE9023569460C2303480196049405930E
:104DC80006F034FD08B070BD0044004010B5064C34
:104DD800236823F001032360FFF7DCFF236843F017
:104DE8000103236010BD00BF0044004008B541B175
:104DF8004FF4005204484FF48061FFF7E7FFFDF7D6
:104E080007FC012008BD00BFA086010008B531B12C
:104E1800002211460348FFF7D9FFFDF7F9FB0120EF
:104E280008BD00BF9A5B060008B541B14FF40052B7
:104E380004484FF48061FFF7C9FFFDF7F9FB012033
:104E480008BD00BFA086010013B52F4C236823F0CE
:104E5800010323604FF40030FCF7F8FD082301201C
:104E6800CDE900300A22032304214FF09040FDF7DA
:104E7800FFF9002211462548FFF78CFF636823F4E9
:104E880090436360A36823F02A03A360204BC022E9
:104E980083F8252320225A602046FCF7EFFD4FF0C7
:104EA800402101F5806353E8003F23F0400301F5FA
:104EB800806040E80032002AF3D140232362154B7A
:104EC8001A80154B1A80636823F400636360A36833
:104ED80023F00803A360636823F480436360A36836
:104EE80023F02203A360A36843F48053A3602368DC
:104EF80043F001032360044BDA699102FCD5DA69B7
:104F08005202F9D502B010BD00440040A08601004D
:104F180000E100E0AC220020AE22002030B51C4C9D
:104F280085B00E2200210546684606F083FDB4F8D8
:104F3800A030ADF800302046FCF718F98DF80200D3
:104F48002046FCF70AF9B4F8A4308DF8030011489C
:104F5800ADF80430FEF7FFFF94F8A6308DF807305F
:104F680094F8A9308DF80830B4F8AA30ADF80A30B2
:104F7800094B8DF806009B788DF80C3069460123A3
:104F880028468DF80D3004F0FAF805B030BD00BFA2
:104F9800981D002060200020680000200148FEF7CE
:104FA80015B900BF911D0020F8B5154D0E460746EE
:104FB8005B232946304614462A46FFF757FDD7E9B2
:104FC800041328686A689A4208BF884209D00024F6
:104FD80030460C49FFF7B0FD002C0CBF0120032020
:104FE800F8BD59212846FCF777FDB5F859308342BA
:104FF800EDD114B1FFF7D2FFEAE70124E8E700BFDB
:1050080099200020981D002013B50121044608446A
:10501800FCF762FDA178ADF806000DF10600FCF77B
:1050280037FDE178FCF734FD2179FCF731FD617932
:10503800FCF72EFDA179FCF72BFD04F108010322F2
:10504800FCF732FD627804F10C01FCF72DFD94F8B1
:105058002311FCF71DFDBDF80630A4F80C3102B091
:1050680010BD00000038024B18BF012018707047AF
:105078004803002070B58C4652BB042B5CD89EB206
:105088002BB3524991F8283015464A6A0333DBB2EC
:10509800D20081F828304A6213E0083BDBB281F87D
:1050A8002830BCF800E0BEF5817F0EF1010441D242
:1050B8004A6AACF8004022FA03F300F80E3091F87F
:1050C8002830072BE9D80135AAB29642DDD870BD41
:1050D800FF2AFCD1032B54D89EB2002BF7D03B49B2
:1050E80091F828304FF0000E4A6A04331201DBB2FF
:1050F80042F0020281F828304A6212E0083BDBB233
:1051080081F82830BCF80020B2F5817F02F1010552
:1051180011D24C6AACF8005024FA03F3835491F886
:105128002830072BEAD80EF1010E1FFA8EF29642AC
:10513800DAD870BDFEE7FEE724494A6A03F5C06382
:1051480043EA423291F828304A620D33DBB281F8E3
:10515800283012E0083BDBB281F82830BCF8002088
:10516800B2F5817F02F101050AD24C6AACF8005011
:1051780024FA03F3835491F82830072BEAD870BD3A
:10518800FEE712494A6A03F5E06343EA423391F8BD
:1051980028204B6202F10D03DBB281F8283010E0C1
:1051A800083BDBB281F82830BCF80020B2F5817FDB
:1051B8000AD24C6ADC40531CACF80030845491F895
:1051C8002830072BECD870BDFEE700BF9C050020F7
:1051D8002DE9F04F0D466A4C0021FF262980067004
:1051E800802683B0616284F82810A6779A46002B3F
:1051F80000F0B68003F1FF3B2B8812FA8BFB571E99
:1052080002F1FF0988460A46FF2B17F8016F0FD8ED
:10521800B1B196420DD108F101081FFA88F89A45F4
:1052280040F28A80BB4500F08B80B945ECD1FEE79F
:10523800FEE75FFA88F329460192FFF71BFF019A00
:10524800731EDBB2FD2B2AD83F2B52D906F141033E
:10525800DBB23F2B29D894F82810636A0136F6B2DE
:105268000831C9B246EA032384F82810636211E0C2
:105278000839C9B284F828102B88B3F5817F03F167
:10528800010C35D2666AA5F800C026FA01F1C154AE
:1052980094F828100729EBD82B880021BFE74FF096
:1052A80001082B8832464146B9E794F82810636A0A
:1052B8003F36F6B20931C9B246EA432384F82810CA
:1052C800636211E00839C9B284F828102B88B3F555
:1052D800817F03F1010C0AD2666AA5F800C026FA9C
:1052E80001F1C15494F828100729EBD8D4E7FEE758
:1052F800FEE794F82810636A7F36F6B20831C9B21F
:1053080046EA032384F82810636211E00839C9B219
:1053180084F828102B88B3F5817F03F1010C0AD299
:10532800666AA5F800C026FA01F1C15494F828105D
:105338000729EBD8B0E7FEE7002003B0BDE8F08FFF
:10534800B1B994F8282062B1616AC2F10802012457
:10535800914004FA02F2013A0A4319192980C25409
:105368002B889A4594BF0020012003B0BDE8F08F38
:105378005FFA88F32946FFF77DFE2B88E1E700BF37
:105388009C0500202DE9F04F47F26F7300228270D0
:1053980003800B78A3F1FE03B3FA83F35B098370F0
:1053A8008A780D4612F001011CBF43F08003837018
:1053B800D5F8202122F07F4222F0FF0285B0044672
:1053C80012B143F008038370AA68C2F31702FF2AD8
:1053D8001ED9B2F5803F18D363F07F03A37041F064
:1053E80002014FF0020E09234FF00A0C0822E17067
:1053F8000B20CDF804C01E4617464FF007094FF0A2
:10540800060A4FF0050B042117E043F00203A370CE
:10541800180600F1DF8008234FF0090C07220A2044
:105428004FF0000ECDF804C01E4617464FF006098F
:105438004FF0050A4FF0040B032195F8018004F89A
:10544800018004EB0108297904F80B10697904F844
:105458000A10A97904F80910A178090709D595F85F
:105468002111A15495F82211A155034667466246B9
:105478000646A968A154A278900707D5BA1C1F460A
:10548800AB68C3F30F23A35596B23346BEF1000FA2
:1054980005D05A1C1F46AB7AA35596B23346A2785C
:1054A800D10606D55A1C1F4695F82331A35596B246
:1054B80033464A4A127803F1010914FA89FA05F1C8
:1054C8000C0B42B16B785A460DF10E015046FFF7AE
:1054D8007FFE00285CD16A78504659461FFA82FA46
:1054E80006F06EFA22783E4B6178D243D2B2072F8B
:1054F8009A5C82EA0102995CA27882EA0102995CCC
:10550800E27882EA0102995C227982EA0102995CD6
:10551800627982EA0102995CA27982EA0102995CC5
:10552800E27982EA01029A5C1BD0217A4A40082F6C
:105538009A5C16D0617A4A40092F9A5C11D0A17AF8
:105548004A400A2F9A5C0CD0E17A4A400B2F9A5CA9
:1055580007D0217B4A400C2F9A5C1EBF617B4A40D2
:105568009A5CA2551AFA89F39BB2B3F5947F0ED2CE
:10557800B5F80C21E254981CB5F80C115A1C92B2DB
:1055880080B2090AB0F5947FA1540AD3FEE7FEE77A
:10559800A378BDF80EA043F04003A37088F800A0DC
:1055A800A0E7AA78D20702D405B0BDE8F08FD5F8F5
:1055B8001071D5F81811D5F81461275022180F3337
:1055C8005660916098B295F81C111173B0F5947FEC
:1055D800EAD3FEE74FF0000E05E700BF48030020BE
:1055E80038C100082DE9F84FB14C15460F468046E2
:1055F8000146B04806F0E4F900228023B5F5817F22
:105608003A802284626284F822304FD2A94E84F80C
:1056180028204FF0FF099246012A76D8B4F820C016
:10562800654540F2B180616A16F80C3002F1080055
:105638000CF1010CC0B243EA0123A4F820C0A0F188
:10564800020C23FA0CF1063201F003015FFA82FE24
:105658000229636284F828E000F0BD80032944D061
:10566800012924D1BEF1060F0DD8228C954240F2B3
:105678008B80B15C00F1060E41EA032301325FFA28
:105688008EFE22846362AEF1070E23FA0EF303F056
:105698007F037D2B84F828E076D83A88FF2A23D820
:1056A8004133511C398008F8023019E0FEE7BEF199
:1056B800000F6BD1228C954266D9B15C013241EA68
:1056C80003232284072284F828201A06636200F143
:1056D800C8803B88FF2B06D85A1C3A8008F803A0DC
:1056E80094F8282098E7FEE7FEE7AEF1060E5FFA89
:1056F8008EF284F828203A8823FA0EF3FF2A03F062
:105708003F0301D8413BCCE7FEE7636AA2F1020CF4
:1057180023FA0CF101F003015FFA8CFE022984F8E8
:1057280028E003D003291CD0104699E7BEF1050FE5
:1057380051D8218C8D4227D9705C02F1060E40EABF
:10574800032301315FFA8EFE63622184AEF1060EF7
:1057580023FA0EF384F8282003F03F033A88013334
:105768009FE7BEF1050FC0D8218C8D420CD9705C23
:1057780002F1060E40EA032301315FFA8EFE21840E
:105788006362AEF1060EB4E7BDE8F88F0CF1FF31A5
:1057980023FA01F10EF1FF32D2B2C90784F82820AA
:1057A80097D5F2B9228C9542EED9B15C013241EA23
:1057B800032322840722636284F8282013F0800FD1
:1057C80040F08C803B88FF2B00F287805A1C3A807F
:1057D80008F8039084E7AEF1060E636A5FFA8EF26A
:1057E800B6E7013A23FA02F1AEF10202D2B2C807D3
:1057F80084F82820E6D5002A5ED1228C9542C3D9A8
:10580800B15C41EA0323013207211806228463624E
:1058180084F8281058BF08222AD4B4F820C0654557
:10582800B2D90732D0B216F80C2042EA03220CF1A2
:105838000103238462621346083884F82810C340A1
:1058480038885FFA83FB00EB0B03FF2B0FDC404427
:105858005A46002106F0EEF83B880BEB03023A802B
:105868003EE7062284F8282013F0400FA8E7FEE759
:1058780008460822218C8D4286D916F801C00732C5
:105888004CEA03230131D2B22184636284F82800F0
:10589800083A23FA02F238885FFA82FB00EB0B031E
:1058A800FF2B03DC40445A46FF21D3E7FEE700BF45
:1058B8009C05002070040020511EAEF1030023FA5D
:1058C80001F1C0B2C90784F8280011D407280DD9FE
:1058D800AEF10B01636AC9B2AEE7FEE7511EC8B26A
:1058E80023FA01F1C90784F8280001D4014694E796
:1058F8000728BFD9A0F108010246C8B2C6E700BF11
:105908002DE9F04F5788B7F58F7F8BB014460646C0
:105918000BD90022227000226F2B628000F02581B3
:10592800002333700BB0BDE8F08F12780E2A0D46B5
:1059380024D80E2A00F2D58001A151F822F000BF28
:105948001F590008F75A0008EB5A0008EB5A0008DC
:10595800F75A0008F75A0008F75A0008F75A0008DB
:10596800F75A0008F75A00084F5B0008EB5A00087E
:10597800EB5A0008EB5A00082B5B0008692A40F232
:10598800AE806A2A40F0AD80A74FF98A4A1E92B2CB
:10599800002900F021810332DFF890E207EB020CC6
:1059A800B91CFF2211F8010B424061451EF8022084
:1059B800F8D1934200F0FE804FF0000984F800907F
:1059C800C4F80290A4F80690B7F81680B8F1020F50
:1059D800A6D997F804A0BAF16F0F00F05C83B8F16C
:1059E800030F9DD07A796F2A00F07183B8F1040F04
:1059F80096D0BA796F2A00F07083B8F1050F8FD06E
:105A0800FA796F2A00F06683B8F1060F88D03A7ADF
:105A18006F2A00F06E83B8F1070F81D07A7A6F2A67
:105A280000F06483B8F1080F3FF47AAFBA7A6F2AAE
:105A380000F05983B8F1090F3FF472AFFA7A6F2A70
:105A480000F04E83B8F10A0F3FF46AAF3A7B6F2A31
:105A580000F05583B8F10B0F3FF462AF7A7B6F2AE1
:105A680000F05083B8F10C0F3FF45AAFBA7B6F2A9D
:105A780000F08D81B8F10D0F3FF452AFFA7B6F2A19
:105A880000F06883B8F10E0F3FF44AAF3A7C6F2AF2
:105A980000F06C83B8F10F0F3FF442AF7A7C6F2AA5
:105AA80000F06183B8F1100F3FF43AAFBA7C6F2A67
:105AB80000F05683B8F1110F3FF432AFFA7C6F2A29
:105AC80000F04B83B8F1120F3FF42AAF3A7D6F2AEA
:105AD80000F04F83B8F1130F3FF422AFFEE7632ABB
:105AE80005D800232370C4F80230E38019E74E4F2D
:105AF800FA8A122A14D8B91801328B70FA822278DD
:105B0800092A3AD9A2F1640105293FF609AF653A95
:105B1800042A00F27983DFE802F06D696561830089
:105B2800FEE77A1C6280EB55E38862889A4245D387
:105B3800002262802270B3F5947F4FF00202027057
:105B4800438075D3FEE77A1C6280374EEB55A088F8
:105B5800727F618883189942FFF6E4AE33785F0656
:105B680000F1B3810E232370DCE62F490A8001225D
:105B7800CA8264228B702270D2E6002A3FF4D0AE2B
:105B8800013A082A3FF6CCAE01A151F822F000BF35
:105B98004D5D00082959000829590008C95B00080B
:105BA800C95B0008795D00080B5D0008D35C00083C
:105BB800435D00080A2201232270B2E60123B0E601
:105BC8006288B2F5947F06D2511C6180AB54237869
:105BD80001332370A4E6FEE7FF22EAE60722FB76FC
:105BE80022709DE66822BB76227099E601227B70BE
:105BF800227095E662883B700021B2F5947F797037
:105C08000DD203F00103033B511C6180AB5497F99B
:105C18000030002BC0F2BD820123237080E6FEE72E
:105C28006A223B7722707BE69C05002038C1000879
:105C38002B78FD2B00F02781EB7803722B794372C8
:105C48006B7943606A7808327280002240F28510CE
:105C5800DFF8A8C27281FE210446013499424FEA56
:105C6800540400F2DF80C0F0EA808B4240F02481C7
:105C78002B78FD2B00F01D814FF0060B2846DFF82E
:105C88007C8210F801AF0BEB0A0909F1FF3189B2E8
:105C9800FBF722FF04EB440708EB8707ADF8080081
:105CA8003979019102A8FBF7F3FE05EB090215F813
:105CB80009305278019903EB0223BDF808209BB202
:105CC8009A4200F0BE8005232BE66288B2F5947FE5
:105CD80015D2511C6180AB547B7813F0020340F05D
:105CE80014826288B2F5947F0AD2511C6180AB5449
:105CF8003B78DD064CBF69236A23237010E6FEE774
:105D0800FEE76288B2F5947F15D2511C6180AB54CE
:105D18003B787A78134313F0020340F0ED816288F0
:105D2800B2F5947F08D2511C6180AB546288B2F5F9
:105D3800947FDAD3FEE7FEE7FEE76288B2F5947F48
:105D4800D3D3FEE762883A83B2F5947F0FD2511C11
:105D58006180AB543A787B7712F0010200F0D88169
:105D680006220833A280E38004232370D8E5FEE7E7
:105D78006288B2F5947F09D2511C6180AB543B789C
:105D88001F074CBF672307232370C9E5FEE74FF0C1
:105D98000C09B8F1120F00D9FEE707EB080208F169
:105DA800010A1FFA8AFA937002AB52461846544900
:105DB800A7F816A005F004FE00223A800122FA8214
:105DC8006F22BA706422227009F10102524503461B
:105DD800BFF4A6AD08F1FF310DF10902A1EB0901ED
:105DE8004A4412FA81F24B4401924FF06A0E4FF086
:105DF80007084FF0010900224FF0690AF98A1229B1
:105E08000FD878180131F98213F8011F81702078B2
:105E1800092800F20D81002874D101999942EDD129
:105E28007EE5FEE7601E1418824204F1010745D2A0
:105E380027F0010101EB57015CF821100DE722461C
:105E4800F1E7BB79DA0706D5FA79924582BF52198C
:105E580012F80B20B2729B070BD56300234408EBA2
:105E680083036A781B7A9A4282BF5B1913F80B3056
:105E7800F3724FEA4409A14408EB8908317398F892
:105E8800053073734EE56B790372AB7943726B7AA5
:105E9800297AEA791B0403EB0123134443606A78E7
:105EA80002F10C014180A978C9077FF5CEAE1932FD
:105EB800CAE64FF00A0BE1E6032332E50F4902EB8D
:105EC8004200144651F82010CFE602A92844FFF7F3
:105ED80089FB737FBDF808106288CB1A9BB21A44FD
:105EE8006280727F1A447277E2881344E380338BAE
:105EF800B3F5947F01D2E95434E6FEE738C20008CE
:105F08009E0500200138082887D80FF2080C5CF895
:105F180020F000BF5D5F0008235E0008235E0008D4
:105F2800415F0008415F0008EF5F0008AF5F0008AD
:105F3800116000088D5F00086088B0F5947F08D272
:105F480000F1010CA4F802C0295421780131217014
:105F580063E7FEE760883883B0F5947F11D200F1DB
:105F6800010CA4F802C029543878797710F00100A0
:105F780000F013810831E1800621A18004212170FD
:105F88004BE7FEE76088B0F5947F0BD200F1010C77
:105F9800A4F802C029543978C90600F1288184F888
:105FA80000E03AE7FEE76088B0F5947F19D200F187
:105FB800010CA4F802C0295439787878014311F00B
:105FC800020140F01B816088B0F5947F0AD200F18D
:105FD800010CA4F802C029546088B0F5947FD5D389
:105FE800FEE7FEE7FEE76088B0F5947F0BD200F18C
:105FF800010CA4F802C029543978080700F101817E
:1060080084F8008009E7FEE76088B0F5947F0ED237
:1060180000F1010CA4F802C02954797811F00201AA
:1060280040F0E8806088B0F5947FAFD3FEE7FEE7E4
:10603800A0F1640CBCF1050F3FF6EFAE65380428FB
:1060480000F2EB80DFE800F00E0A05032500F97680
:10605800D6E7B9764FF068012170DEE6797084F8EA
:106068000090DAE660883970B0F5947F7A700FD2C4
:1060780001F00101033900F1010CA4F802C0295410
:1060880097F900100029ACBF494666212170C4E683
:10609800FEE7397783E7B8F1120F3FF67DAE07EBDD
:1060A800080108F101028B7002AB92B218466249EE
:1060B800FA8205F085FC0122FA826422A7F8009092
:1060C80087F802A0034622704FF0020982E64FF0DB
:1060D80003095EE64FF005095BE64FF0040958E650
:1060E8004FF0090955E64FF0080952E64FF0070945
:1060F8004FE64FF006094CE60823237010E44FF0F2
:106108000A0946E64FF00B0943E60923237007E422
:1061180061880C33E380B1F5947F4FF00A03A380C4
:1061280016D27B78481C03F0010360806B546188A9
:10613800B1F5947F0DD2481C60806A5413B1E3888E
:106148000D33E380E388B3F5947FFFF40DAEFEE7EB
:10615800FEE7FEE74FF00D091BE64FF0110918E6C0
:106168004FF0100915E64FF00F0912E64FF00E092F
:106178000FE6B8F1120F3FF60FAEB844BA7088F8C0
:1061880002300123FB82002264233A802370FFF748
:10619800C7BB66232370FFF7C3BBB4F802C00C313A
:1061A800E180BCF5947F4FF00A01A1801DD2797877
:1061B8000CF1010B01F00101A4F802B005F80C1074
:1061C800B4F802C0BCF5947F10D20CF1010BA4F80E
:1061D80002B005F80C0011B1E1880D31E180E188C9
:1061E800B1F5947FFFF4CAAEFEE7FEE7FEE784F858
:1061F80000A012E64FF0090121700EE60821217077
:106208000BE66721217008E6772B0DD00023237059
:10621800C4F80230E380FFF783BB772908D02270E7
:10622800C4F80220E280F8E565232370FFF778BB05
:106238004FF065012170F0E59E0500202DE9F84337
:106248001F46184B164693F8302004463AB393F885
:106258002B301FB11BB31F1F18BF0127A1F1020864
:1062680004F5E36901F11E0538F8020FFBF747F85A
:1062780029F8020FB8F80000FBF74EF8A845A9F86E
:106288002000F1D1084B84F85A771B68C4F85C37B2
:1062980086F00106012384F8606784F81937BDE8A1
:1062A800F88300BFC4000020D82E002070B500F28B
:1062B8007C7400F5B0712046FBF75DFC044B024688
:1062C800186801680D6921462B46BDE870401847DB
:1062D800941D0020B0F8E834B0F8EA249B1A98B26C
:1062E8001B0444BF00F5007080B2003818BF0120BD
:1062F8007047D0F8F826B0F8E8140132C0F8F8264C
:10630800D0F800270132C0F80027B0F8EA249142FB
:1063180003461FBF8118013291F8EE04B3F8EC145C
:106328001ABF0A40A3F8EA2400207047114B93F8DB
:106338002D305A1E012A02D80F48FFF7DABF032B67
:1063480010D10E4AB2F81E36B2F81C1699420ED079
:10635800D118013391F82206B2F820160B40A2F8A2
:106368001E367047064B186803689B69184700205B
:10637800704700BFC4000020E0050020880E002000
:10638800941D00200023A0F8EA34A0F8E834024B5A
:1063980018680368DB691847941D002010B5074882
:1063A800FFF7F0FF064B0022C3F81C26054B1868C0
:1063B8000368BDE81040DB69184700BFE00500200E
:1063C800880E0020941D002038B5B0F8EA24B0F8F3
:1063D800E8349B1A9DB21B04084B044618680368EE
:1063E80048BF05F500751B6A48BFADB29847431909
:1063F800D4F8F006184480B238BD00BF941D0020C0
:10640800F8B5D0F8F43690F81877CB1AB3F57A7F48
:1064180004460E4626D2632B01D800207DE0012FCA
:106428000AD0022F19D0002FF7D1FFF7CDFFB0F512
:10643800806FF2D9012305E0FFF7C6FFB0F5806F42
:1064480003D9022384F818370CE02046FFF7BCFF75
:10645800B0F5C07FE1D20023F4E7FFF7B5FFB0F550
:10646800806FE7D33448C4F8F466FAF7A4FE334DD6
:10647800334A2B681168C3F1000C411A614501DBEE
:1064880099424BDD10600A232B601368B3F5FA7F3D
:10649800BCBF4FF4FA7313601268D4F8F83652216F
:1064A8004A4328496425B1F8481092FBF1F26B433E
:1064B800B3FBF2F35F2B35D8552B35D83B2B03D9DB
:1064C8004B2B34BF5B25322594F81837022B2DD07F
:1064D800012B2DD013B9002F18BF33254FF47A7331
:1064E800D4F80027314604F20470FBF7F1F994F868
:1064F8001837FBB9642D0BD1D4F8F436A3F29A23DC
:10650800C4F8F436D4F8F83603225B00B3FBF2F390
:10651800C4F8F83684F8FC560120F8BD002BB4DD29
:10652800013BB1E70025CFE71E25CDE70025D5E7DC
:106538003225D3E70023EBE7981D00202800002030
:106548004C0300206800002070B5D0F8F43690F8AD
:106558001827CB1AB3F57A7F04460E4614D2032ABD
:1065680008D8DFE802F002092730FFF72DFFB0F561
:10657800487F26D8002029E0FFF726FFB0F5AF6F47
:1065880011D9022384F81837304B94F81857B3F808
:106598004800C4F8F466D4F8F836032D4ED8DFE87E
:1065A80005F03716494B2046FFF70EFFA328E1D820
:1065B8000323E7E7632BDDD9FFF706FFB0F5AF6FDD
:1065C800E2D20123DEE7002084F8180770BD2125F8
:1065D8004FF47A73D4F80027314604F20470FBF7BD
:1065E80077F994F818377BBB642D0BD1D4F8F436BF
:1065F800A3F54873C4F8F436D4F8F83605229B009E
:10660800B3FBF2F3C4F8F83684F8FC560120DDE752
:1066180064210F4AB2FBF0F24B43B3FBF2F35F2B5A
:10662800D6D8552B0CD83B2B0CD94B2B34BF5B251C
:106638003225CDE70025CBE75D25C9E76425C7E707
:106648001E25C5E70D46C3E70023DBE768000020E9
:1066580050400100F8B5244F04463846FAF774FD57
:10666800FAF7EEFD064697F9A600FAF7E9FD0546A2
:106678003846FAF772FD1D4B94F8FC2693F835302E
:1066880084F87221333384F86531442384F8663101
:10669800FF22D4F8683184F874216D2262F317035D
:1066A800C4F86831C0F10A000023C4F86C3184F8DA
:1066B800813200B24FF43943A4F8823280F30700E4
:1066C800092384F8730184F8706104F5B07084F8C4
:1066D800715184F8843204F5AA71FBF7FDFC204659
:1066E800BDE8F840FFF7E2BD981D0020C400002077
:1066F8002DE9F04F044685B0B4F82E270092B4F87F
:1067080030270192B4F83227B0F828670292B4F81B
:1067180038270378B0F822E7B0F824C7B0F81CA7E8
:10672800B0F81E97B0F82087B0F82677B0F82A5747
:106738000392B0F82C07B4F81A27A4F87A61002657
:10674800B4F83617B4F834B7A4F86C21A4F874E197
:10675800A4F876C184F87C31A4F86EA1A4F87091ED
:10676800A4F87281A4F8787184F87D61A4F87E5148
:10677800009AA4F88221019AA4F88421029AA4F824
:106788008621039AA4F88C21FF2284F865214422EB
:1067980084F86621D4F86821A4F88A1184F8813233
:1067A80046214FF4F84361F31702A4F882322623F6
:1067B800A4F88001A4F888B104F5B07084F88E615B
:1067C80084F88F6184F8906184F89161C4F8682135
:1067D80084F8843204F5AA71FBF77EFC204605B0E4
:1067E800BDE8F04FFFF762BDF0B591B0044600F286
:1067F8003A736D4600F25A76186859682A4603C2F9
:106808000833B3421546F7D120220DEB02000021D0
:1068180005F010F994F8602794F85A370AB943F04C
:106828000203224AA4F8703192F835202778D4F868
:106838005C17C4F86C110023333284F873311023C9
:1068480084F87431D2B284F872716B4604F275160A
:106858000DF1400C1D4603CD6545306071602B4637
:1068680006F10806F6D1442384F86631D4F8683175
:1068780084F865214FF4D27262F31703C4F86831C3
:106888004FF4A053A4F88232492304F5B07084F879
:10689800817284F8843204F5AA71FBF71DFC204646
:1068A80011B0BDE8F040FFF701BD00BFC4000020F3
:1068B80070B5244B90F8745793F83530044690F827
:1068C800750784F86F016FF06E0084F87001333338
:1068D8006FF02A0084F8710184F86531122044238E
:1068E80084F8720184F866310020D4F8683184F89D
:1068F80073014D2060F31703C4F868318F2394F8AF
:10690800721794F87327B4F8706784F883320A23EF
:1069180084F8741184F8811204F5B070A4F86C61DD
:1069280084F86E5184F8752184F8822284F88432C0
:1069380004F5AA71FBF7D0FB2046BDE87040FFF7CD
:10694800B5BC00BFC400002010B5224B017893F8F5
:10695800352004464FF07E53C0F86C310023C0F850
:106968007031C0F87431C0F87831C0F87C31C0F8A3
:106978008031C0F8843184F88C31442384F866313E
:106988003332D4F8683184F865214C2262F3170356
:10699800082084F88801C4F86831022049F6010308
:1069A80084F88901A4F882320120212384F88A110D
:1069B80084F88B0184F8811204F5B07084F884326D
:1069C80004F5AA71FBF788FB2046BDE81040FFF7E5
:1069D8006DBC00BFC4000020F0B54E78202E0D46D7
:1069E8008BB0044601F10C013AD8324601A804F0F4
:1069F800E7FF01ABC6F121020021981905F01AF84A
:106A08003D4B9DF8222093F8353033339A4270D1AC
:106A18009DF82330442B6CD1BDF82030F62B02D0E2
:106A2800B3F5FA7F65D1B4F87027A4F870379A42A5
:106A38001CBF002284F87527012284F86D276A7923
:106A480084F87227AA7984F87327F62B4FF002028C
:106A580084F8742713D0B3F5FA7F34D000232BE0E1
:106A68000B4601AA05F12C0718685968164603C693
:106A78000833BB423246F7D11B783370C0E71F4B4F
:106A8800186803685B6A98470028E7D01C49039890
:106A9800FAF7F0F998B11B490498FAF7EBF970B1D5
:106AA80019490798FAF7E6F948B1002384F87437CA
:106AB8009DF82430012B10D184F8753719E0002394
:106AC80084F87437CAE700230F49079884F87437A5
:106AD800FAF7D0F90028C1D0EAE7022BBED194F822
:106AE8007527002ABAD084F87537084B1B68C4F894
:106AF80078370BB0F0BD00BFC4000020941D002003
:106B0800000040400000884288AC9649D82E0020FA
:106B18004FF47F4303800023C0E90133C0E9033306
:106B2800436103767047000038B50023C0E9073396
:106B3800C0E955334362C0F85C310446FBF76AF894
:106B4800254B9878022845D0431F58425841FEF7F4
:106B580089FA40F2FF13A4F8EC34204B1B68002597
:106B680003F57A73C4F8F43604F20470C4E9A25544
:106B7800C4F89052A4F8EA54A4F8E854C4F8F056BB
:106B880084F8FC5684F81857C4F8F856C4F8005727
:106B9800FAF798FE84F81957294604F21A70402229
:106BA80004F048FF7D2384F85A57C4F85C5784F8EA
:106BB8006057C4F86457C4F86857A4F86C37A4F849
:106BC800725784F87557C4F878572046BDE838409E
:106BD800FFF79EBF0120BAE768000020D82E0020EA
:106BE80010B40E4A92F82E20AAB102789AB10C4A33
:106BF8000169126840F6C414511AA14202D910BCA6
:106C0800FFF786BF416831B94169511AFA2982BF35
:106C180042610122027610BC704700BFC400002008
:106C2800D82E00204378032B06D1C068B0F5834FD7
:106C380034BF002001207047002070477FB50B4605
:106C4800324991F82D1000F128060229044600F176
:106C58001C02314668461BD1FEF752FE9DF80030F3
:106C6800022B50D104F5B075324669462846FAF72A
:106C7800DFFFD4F8683123F07F436E2B2FD1244BEC
:106C88009A78052A3DD8DFE802F0303438063038E3
:106C9800FBF716F9E2E75A6CB2F5613F94BF0022A0
:106CA80001222046FFF7BEFFC8B9C2B194F86E3181
:106CB800012B14D894F87231042B10D115491022E5
:106CC80004F27B1004F08AFE48B9782384F88831EE
:106CD80084F8823184F87C312846FEF795F92046FD
:106CE80004B0BDE87040FFF7E1BA5A6CB2F5E13F75
:106CF800D4E75A6CB2F5614FD0E75A6CB2F5164F2B
:106D0800CCE70122CDE704B070BD00BFC40000206D
:106D18006800002017BD00084378032B07D1C0681E
:106D280044F2BF13984294BF00200120704700200E
:106D3800704700002DE9F04F844B0446ABB08448FF
:106D48001D68FDF708F9D4F8683740F6C312EB1A46
:106D5800934204D894F96C37834200F0B6807D4E94
:106D6800C4F86857B17884F86C07052998BF7A4B3E
:106D78008DF819009CBF33F81180784B8DF81710E7
:106D880098BF33F8115023788DF814304FF0000372
:106D98004FF006078DF815304FF07F0388BF0025A8
:106DA8008DF818303A46B6F84A30ADF80C300DF187
:106DB8001A0088BFA846ADF80E308DF81670FAF79D
:106DC80069FC7178DFF898913A4608A8FAF738FC18
:106DD8005F48ADF81080ADF81250FDF7A5F84042B5
:106DE8008DF826005A48FDF79FF84242D2B2204655
:106DF8008DF82720FFF790FF04F5B07504F5AA7603
:106E08008046002864D099F835309DF826109DF901
:106E1800190000913333BDF80C1084F88721DDF890
:106E28001A209DF815B09DF816E09DF817C09DF939
:106E38001870BDF80EA0BDF81090BDF8128001932F
:106E4800A4F86C119DF81430009984F87901C4F8FD
:106E58007A210898BDF81E2084F8743184F88611C8
:106E6800A4F87E21A4F86EA1A4F87091A4F8728108
:106E780084F875B184F876E184F877C184F878717C
:106E8800C4F88001BDF82420A4F88421019A84F86C
:106E98006521442284F86621D4F8682184F8813277
:106EA8004EF68E21AB2361F3170284F88332C4F8BF
:106EB800682184F882B21C23284684F8843231463B
:106EC800FBF70AF92046FFF7F1F92BB0BDE8F08F80
:106ED8000146642211A804F0ADFD0DF10C0CBCE8CC
:106EE8000F000AAF0FC79CE807006FF02E0387E872
:106EF800070084F86C3199F8357094F8009084F89C
:106F08006D811C2384F87031802284F86E9184F896
:106F18006F810AA904F2711004F052FD442384F829
:106F28006631D4F8683184F8819240F2811262F3B4
:106F380017033337FFB2C4F868314FF41343A4F88A
:106F4800823284F865718523B6E700BFD82E002009
:106F58006020002068000020ACC00008B8C000080D
:106F6800C40000208A4B2DE9F04F1A68D0F8643726
:106F7800D31A122BA7B0044640F20681DFF8149208
:106F8800DFF814B299F80010C0F864278B1E594234
:106F980059419BF9A000FAF76BF999F800109BF991
:106FA800A23000908A1E514251419BF9A6000193DC
:106FB800FAF75EF99BF8A4300290012B9BF8A530F4
:106FC80076480CBF03250125012B9BF8AA300CBF7E
:106FD80045F0080545F00405012B9BF8AB3008BFC8
:106FE80045F01005012B0CBF45F0200545F0400584
:106FF800FCF7CEFFF9F752FD6949F9F7A7FD04F050
:1070080073FC6849F9F7A2FD0646634894F800A0A6
:10701800FAF7ACF880466048FAF7B6F899F8003005
:107028000746022B20460CBF9BF8A9904FF0000999
:10703800FFF772FE5C4B93F835303333DBB20393C2
:1070480004F5B07B04F5AA730146002846D0002257
:1070580084F86F21009A84F87221019A84F87321C8
:10706800029A84F875217F2284F8762184F87821A1
:1070780084F87A21039A84F865214422FF2184F850
:107088006621D4F8682184F8771184F879114EF6CE
:107098008D2161F31702C4F868214FF46062A4F8E7
:1070A80082221722A4F86C5184F86EA184F87081AA
:1070B80084F8717184F87491C4F87B61C4F87F61B5
:1070C80084F881A284F8842258461946FBF704F80C
:1070D800204627B0BDE8F04FFFF7E8B86C220490CF
:1070E8000BA8059304F0A6FC4FF67F72ADF822209A
:1070F800ADF824207F22009B8DF826206FF02F0208
:107108000499ADF818508DF81E302578019B84F845
:107118006C2117228DF81B108DF81F3084F86D1123
:10712800029B84F86F1184F8702106A9802284F8E4
:107138006E5104F271108DF821308DF81AA08DF877
:107148001C808DF81D708DF82090CDF82760CDF843
:107158002B6004F035FC442284F86621D4F86821B9
:10716800039B84F8653140F2811161F31702C4F87A
:1071780068214FF41342A4F882228522059B84F8E3
:10718800815284F884229FE727B0BDE8F08F00BFC2
:10719800D82E002083030020981D0020940300208F
:1071A80000007A3A00007A44C4000020F0B54E7816
:1071B800082E85B005460C4601F10C0717D8324653
:1071C800394601A804F0FCFB01ABC6F10902002115
:1071D800981904F02FFC9DF80930032B05D162792A
:1071E8002A70064A12682A616B7005B0F0BDC8683B
:1071F80079683A7A01AB03C31A70ECE7D82E0020FD
:1072080030B5037895B004461BB34A799A4220D129
:107218004D784D2D01F10C011DD82A46684604F021
:10722800CFFBC5F14E0200210DEB050004F002FC76
:10723800049B6360190EC3F3072242F2107000FB2F
:107248000122C3F30743642101FB0323E360059B89
:10725800A36015B030BD4E22684604F0B1FBE7E7E5
:107268008A68C2F317024C2A14D0942A09D09AB912
:107278000A4A92F82E207AB18B79012B0CD1FFF7AC
:1072880095BF064A92F82E2032B18B79012B03D193
:10729800FFF7B6BFFFF7A0BB704700BFC4000020D0
:1072A800B0F8EA34B0F8E824F0B5D21A93B2120470
:1072B80044BF03F500739BB2DD2B85B0044609D8A3
:1072C8002A4D00F5257600F52277286803685B6962
:1072D800984708B905B0F0BD286803689B699847C6
:1072E800D4F8F02601320346C4F8F02631463A466F
:1072F8006846FAF7E5FD9DF80030022BE5D104F564
:107308007075324669462846FAF792FC184B93F88E
:107318002D3004F27C76022B294630460FD1FEF739
:1073280031F800239AB282420CD300232946204622
:10733800C4F8F03605B0BDE8F040FFF791BFFAF7A2
:107348001AFCEEE7B4F8E814B4F8EC744A1C3A40B6
:10735800B4F8EA7497421EBF0919F75C81F8EE7415
:1073680003F1010318BFA4F8E824DBE7941D00200B
:10737800C40000202DE9F0414B4BDFF830811E6836
:1073880098F800304A4F022B1EBF0023A0F8EA34B9
:10739800A0F8E83497F82D30013B012B044600F2A1
:1073A8008180FFF77DFF97F82E50002D5BD098F86D
:1073B8000030022B4BD1012D3ED0022D42D00025AA
:1073C8002046FFF70DFC94F8193743B1002384F8E1
:1073D800193797F83030012B4FD0022B50D015B108
:1073E8002046FFF737F994F86D372BB1002384F85E
:1073F8006D372046FFF75CFA94F87537022B11D1E8
:10740800D4F87837F61AB6F57A7F0BD9B4F870370E
:10741800F62B3ED0B3F5FA7F3DD00023A4F87037A1
:1074280084F87537237E002B3CD000232376204632
:10743800BDE8F041FFF788BA31462046FEF7E0FF85
:107448000546BDE731462046FFF77EF8F8E7D4F851
:10745800F436F31AB3F57A7F08D2002504F20470E3
:10746800FAF730FAACE7C4F8F466F7E73223C4F861
:10747800F46684F8FC360125F0E7FFF739F9AEE742
:10748800FFF7B2F92046FFF76DFD2046FFF752FCE3
:10749800A5E7FAF7E1FF074B1A79002ABDD10122C7
:1074A8005A71BAE7BDE8F081D82E00208303002086
:1074B800C40000205003002070B54C88B4F5427F0A
:1074C80003464FF000000AD80D780B2D77D8DFE877
:1074D80005F0060F1C2C2F32383B54575B6DA2F178
:1074E80024046242488062410A7083F809033EE03E
:1074F8004D2A01D0582A06D11A7002220A7000209B
:1075080083F8090370BD0022F8E702F0FD003C286B
:1075180001D0212AF7D15A701A784D2A0CBF0822B7
:1075280003220A7000229A70E9E79A700422DBE7C6
:107538009A800522D8E7988800EB02229A800622D2
:10754800DCE7DA800722CFE7D88800EB022292B284
:10755800002ADA800CBF0B220A220A7000224A8015
:10756800012283F80923DB88B3F5407F01D8002086
:10757800C8E7002008704880C4E7DA800922B3E72A
:107588009A800A220A70EBE7B4F5407F3CBFE41802
:1075980022724A88013292B24A80D88890429CBFAF
:1075A8000B220A70012283F80923E0E783F80823F5
:1075B80002220870488083F809230120A2E7087096
:1075C8004880D4E7CB88B3F5407F70B531D8242301
:1075D80003700B7843704B7883700B784D2B14D164
:1075E800CB88C3708B88037105230022CD88D418FB
:1075F8009542A6B210FA84F415D891F8082322709F
:10760800CA880132981880B270BD8B78C3708B8895
:1076180003718B881B0A4371CB888371CB881B0A43
:10762800C3710823E1E78C180132247A845592B299
:10763800DCE70020E8E700002DE9F74F16464A8806
:10764800B2F5427F04460D462ED80B780A2B0FD987
:10765800A3F16402032A03D90020287068802DE072
:10766800653B8F4F022B33D8DFE803F063A4A700F4
:1076780000210A2BF0D801A050F823F0B1760008B9
:10768800CB76000861760008617600080F7700085D
:107698001D770008297700082F7700086176000811
:1076A800617600089D770008A6F124077E424FF016
:1076B80000007E4168802E7084F8090303B0BDE89D
:1076C800F08F6F2E0CBF642300232B700020F3E78C
:1076D80016F0040F14BF4D2358233E7023703A78D8
:1076E800D1070ED412F0020F14BF21233E2363707A
:1076F800C2F3C003D20648BF43F00203A3700423B9
:10770800E3E73C23F3E7A68005232B7084F80913ED
:107718000020D3E7A38803EB0623A3800623D4E73E
:10772800E6800723F1E7E38803EB0623E38065237C
:10773800CBE70DF106007E70FAF718FA3978FAF7F8
:107748000DFAA7882179FAF709FA390AFAF706FA39
:10775800E788A179FAF702FA390AFAF7FFF99DF8EA
:107768000630B34206D000232B706B80032384F8C5
:107778000933CDE7002F0CBF66230A232B700123A2
:1077880084F8093300236B80E288B2F5407FBFD9C3
:107798002B70BDE7B2F5407F3CBF121916726B889B
:1077A80001339BB26B80E2889A4201D866232B7022
:1077B8000123DCE77E806723F9E7B7F8028097F8B2
:1077C800009008EB06284FF6FF730DF106001FFA2C
:1077D80088F84946ADF80630A7F80280FAF758F954
:1077E8002679B4F804A03146FAF752F94FEA1A217B
:1077F800FAF74EF994F806B0B4F806A05946FAF725
:1078080047F94FEA1A21FAF743F9797804F108079A
:10781800FAF73EF952463946FAF746F9BDF8063006
:1078280043453AD119F0040015D086EA0B01E21D50
:10783800002398B2824584F8081307D80223012050
:1078480000222A706A8084F8093337E712F8010F9A
:1078580001334140EDE7A178F9F7B4FD217984F8C7
:107868000803F9F7AFFDA18884F80803090AF9F7B6
:10787800A9FDA17984F80803F9F7A4FDE18884F843
:107888000803090AF9F79EFDE28884F808033946D7
:10789800F9F79EFD84F80803D0E703230020CFE71B
:1078A800601C0020CB88B3F5407F2DE9F0410446E9
:1078B8000D464AD84B783C2B40D0A3F121004342D7
:1078C80043415B002A784D2AAA7808BF43F0040395
:1078D800D10748BF43F0080392074FF024022270F3
:1078E80048BF43F010036F226270A370AB88E37047
:1078F800AB881B0A2371EB886371EB88A71C1B0AF2
:10790800A3713846FAF76CFA0822E071E988A2F107
:1079180008039BB2561C8B42B6B204EB02080FD385
:10792800063189B23846FAF7D7F888F80000000A15
:10793800A055E8880A3080B2BDE8F0810123C1E78C
:107948002B441B7AA3543246E0E70020F4E730B416
:10795800BDF80C40B4F5407F03D8039430BCFAF767
:1079680057BA002030BC704710B504462420207058
:1079780058206070237100201B0AA170E2706371A7
:10798800A071E0710522E11CF9F722FD207209209F
:1079980010BD00002DE9F04F0025DFF8E4A00D80B0
:1079A800D71891468FB080460C462B462A464FF092
:1079B800FF0BB94502D10FB0BDE8F08F19F8010BE4
:1079C8003B28114609D001323831D2B26944202A05
:1079D80001F8300C08BF0022EBE738326A444FF058
:1079E800000102F8301C0026F2B25AF83610019352
:1079F80002A80092F8F79CFBDDE90023A0B9FF2B51
:107A08001FBF2388591C218008F803B023880AEB7C
:107A1800C606591C218008F803203379142B01D895
:107A2800189AD554FF231BE00136372EDCD1FE2BE4
:107A380006D023885A1C22806FF0010208F8032020
:107A4800002602A8F8F77EFB721CF6B2B042238823
:107A58000AD85A1C22804FF03B0208F80320FE2364
:107A68000135EDB20022A4E7591C218006F1380146
:107A78000DEB010616F8301C08F803101646E0E76F
:107A880094D7000840F2FF3370B50025A0F82036DF
:107A98007D2380F8543A04460560C0F80E53A0F8D8
:107AA8001E56A0F81C56A0F8425AA0F8445A80F86E
:107AB800465AC0F8485AC0F84C5AC0F8505AC0F84C
:107AC800585A00F6672103460A2600F66D2011F879
:107AD800012F0AB1B6FBF2F2814283F8702A83F8CB
:107AE800715AC3F8745A03F10803F0D11522FF2123
:107AF80004F52A6003F09EFFC4F8B85A70BD000070
:107B0800F8B5134A044692F83000F8B192F82B20E1
:107B180003B1DAB18E1E04F5226701F11E0536F8AD
:107B2800020FF9F7ECFBAE4227F8020FF7D1012359
:107B380084F8423A94F8453A83F0010384F8433ACA
:107B480094F8463A83F0010384F8443AF8BD00BF3C
:107B5800C400002070B5061D04460A46014630469A
:107B6800FFF76AFD18B304F6BC2531462846FFF72F
:107B780029FD0F4B0246186801680E692946B0476F
:107B880063793C2B13D121890A4804F65A2304F659
:107B98006622A4EB8404A4F5F7541C3C33F8025F76
:107BA8008D4204BF056844F823509342F6D170BD56
:107BB800941D0020D82E002070B5124890F82D0092
:107BC800451E012D0C460AD80F4E8D18AC4200D127
:107BD80070BD14F8011B3046FFF730F8F6E70328AC
:107BE80009D10A4E8D18AC42F2D014F8011B304668
:107BF800FFF7B0FFF7E7064B18680368BDE8704069
:107C08001B691847C4000020E0050020880E0020EA
:107C1800941D0020B0F81C36B0F81E269B1A98B2A6
:107C28001B0444BF00F5806080B2003818BF0120F3
:107C380070470000094B93F82D305A1E012A02D8CC
:107C48000748FEF747BB032B02D10648FFF7E2BF00
:107C5800054B186803685B69184700BFC40000201B
:107C6800E0050020880E0020941D002070B500F665
:107C7800BC240B4602223C212046FFF775FE054B2B
:107C88000246186801680D6921462B46BDE8704018
:107C9800184700BF941D0020114B37B51A68D0F85B
:107CA800483AD31A122B19D9C0F8482A00F6BC242E
:107CB800202300F6222001930090C82303223C21B0
:107CC8002046FAF747F8074B0246186801680D691D
:107CD80021462B4603B0BDE83040184703B030BDFD
:107CE800D82E0020941D00207FB5234B1A68D0F8A9
:107CF8004C3AD31AC72B04463CD9204DC0F84C2A1D
:107D08004FF480732846ADF80830F9F71DFA064697
:107D18001B48FCF709F901463046F9F739FB8DF89D
:107D28000A002846F9F710FAF9F72CFB95F8A9305C
:107D38008DF80B0028468DF80C30F9F717FA8DF8F6
:107D48000D002846F9F709FA072304F6BC24019325
:107D580002AB8DF80E000093032241F20D033C2183
:107D68002046F9F7F7FF074B0246186801680D69C6
:107D78002146A84704B070BDD82E0020981D0020C9
:107D880060200020941D002030B5214B044687B0A8
:107D980020481D68FCF7DFF8D4F8503A40F6C312C3
:107DA800EB1A934203D894F9543A83422DD0C4F87D
:107DB800505A002384F8540A8DF80830F9F718FB54
:107DC800154DADF809006978ADF80B0004220DF1E6
:107DD8000D00F9F735FCA97806220DF11100F9F725
:107DE80059FC0F2304F6BC24019302AB0093032231
:107DF80041F20E033C212046F9F7ACFF074B02463F
:107E0800186801680D692146A84707B030BD00BF52
:107E1800D82E00206020002068000020941D00203B
:107E280038B5FAF753FC1E4CFBF7D4F8FAF720FCE8
:107E3800FAF70EFC1B491C4801F066F90025FDF70E
:107E480003F8FBF749F802232373C4E90455A56036
:107E5800FAF7A2FD154B1D70FAF7A4FB144B154851
:107E6800D02283F83223FAF74DFC2946204601F048
:107E780047FF4FF47A70FAF745FCFBF701FF0E480D
:107E8800FBF7EEF80D4B0E48B3F84810FBF7EEF988
:107E98000C4B0D4A1A60BDE83840FAF73DBF00BFE9
:107EA80060200020EA000020641C00203000002030
:107EB80000E100E0E0930400AC1C00206800002012
:107EC800911D0020941D00203800002073B516482D
:107ED800164C4FF6FF7102F053F8206023689B0799
:107EE80012D5134E35798DB10F4808236A46002103
:107EF80001F0D7FED6E90402DDE900139A4208BF73
:107F0800884201D00023236002B070BD02236A4674
:107F18000548294601F0C5FE064BDA8BBDF800304E
:107F28009A4218BF2560EFE760200020D0050020A6
:107F38005003002068000020034A00231370034AFE
:107F48001370034A13707047DB0500209820002047
:107F580088030020024A00231370024A13707047F6
:107F6800DB0500209820002008B5437E203B042B29
:107F78000FD8DFE803F0050E030B0F00FCF756FBE4
:107F8800064A01231370064A137002E0054B0122CA
:107F98001A7008BDFBF768FEF2E700BFDB0500209A
:107FA8009820002088030020034B1B78012B01D167
:107FB800FCF7DEBA704700BFDB0500202DE9F0436F
:107FC800814699B04248FCF751FE0646002869D020
:107FD800404B1C78002C65D13F4B1B78022B5DD1A0
:107FE800DFF8F88003AF25464046ECB2FFF722FEE3
:107FF80040B14046FEF79AF90135522D07F8010BBA
:10800800F2D12C4636482146F9F7F1FC3548F9F704
:10801800E8FC2F4F344DBB788DF800304FF0010845
:1080280095F8A4308DF80530284685F8A5908DF888
:1080380006908DF80180F9F787F88DF80200284638
:10804800F9F794F88DF803002846F9F79DF8274BBF
:10805800DFF89C9019788DF804000222072313FB9F
:1080680001230522B3FBF2F38DF809300EB3194B47
:108078001B78CBB91F48234603AA6946FCF78AF93F
:108088001948012389F80030F9F78CF81648F9F7F0
:1080980092F80123FB7019B0BDE8F0830F48FEF792
:1080A8007DF9B6E70024B4E712486946FFF77CFF7C
:1080B800E6E799F8003003B9FEE70E486946FCF791
:1080C8007DF8284689F80080F9F771F82846DEE738
:1080D8007C2000209820002083030020340000200A
:1080E800FC1D0020D41D0020981D0020D91C002054
:1080F80049030020361D002070B5CB78364EC3F3F7
:10810800800386F8AA308B79C3F3000386F8AB3076
:108118000B79054603F00303C8785B0143EAD000F6
:108128000C46F9F787F886F8A6002379C3F380038D
:1081380086F8A7306379227903F001035B0143EAEB
:10814800D20386F8A8306379C3F3460386F8A930CA
:10815800E37803F00202002A204A14BF012100211B
:1081680011700ED0A27803F001039B0043EA92132A
:108178000321052212FB03130722B3FBF2F3184A6B
:108188005370184821461DB9BDE87040FBF74ABF37
:10819800FBF787FFA37803F03003202B04D1204698
:1081A800BDE87040FFF7E0BEFFF7D4FE0E4B1B782A
:1081B800022B10D1A2790D4804F119015208FFF7DA
:1081C800FBFCA1790A484908F9F711FCBDE87040A1
:1081D8000848F9F706BC70BD981D0020AA210020A8
:1081E800D91C0020B41C0020830300203400002088
:1081F800101E0020E81D002073B5054660B9204B0D
:1082080020491C782048037953B1012C36D002B09C
:10821800BDE87040F9F77ABD1C4B1D491C78F1E7A1
:108228005CB91A4B1B491B780193154B1B780093BB
:10823800224623460D20FCF7C1FC012C164B174E95
:1082480013D08A78C2F3C0025A7002221A70E31E51
:1082580058425841FFF750FF3046F8F76FFF032C9C
:1082680004D13046F8F76DFF00E01C700B4886F823
:10827800A45002B0BDE87040F8F75EBF02B070BD10
:10828800D8050020F420002050030020D905002044
:108298004F21002028BD00087C200020981D0020C8
:1082A8000A4B1A7910B504462AB10146BDE81040B8
:1082B8001846FCF703BCFFF781FE054B05491B7FF9
:1082C80020465B22BDE81040FCF7DABB50030020D3
:1082D80068000020361D0020264B1A7970B5054627
:1082E8000E4632B10A46BDE8704001461846FCF712
:1082F8005BBE214A21495B23FCF7B8FB15BB1F482D
:10830800FBF75CFE044640B31D491E48F9F766FFBB
:1083180005F130011B48C9B2F9F754FF1A49194849
:10832800F9F75CFF204601F0BBFB01461548F9F759
:1083380055FF14480A21F9F745FF012C04D11348C9
:10834800FCF784FC0C48DBE7042C0FD001242846FA
:108358000F49FCF7F1FB204670BD2EB10D48FAF726
:1083680035FF0CB10224F2E70324F0E7002EF9D020
:10837800F4E700BF500300204F210020F420002024
:108388003ABD00082C00002041BD000843BD00088C
:10839800981D0020911D0020024B1878831E58421A
:1083A800584170478303002070B500239CB2A24255
:1083B80000D870BD058886886C1C34404688A64263
:1083C8001EBF2D18CE5CAE7103F1010318BF0480E7
:1083D800ECE70000B0F81E36B0F81C262DE9F04F87
:1083E800D21A93B2120444BF03F580639BB2E62B02
:1083F800ADF5057D04460AD8754E00F21C6704F2F7
:108408001238306803685B699847054618B90DF556
:10841800057DBDE8F08F306803689B69984704F2D2
:108428000E3102464046FFF747F80028E9D094F895
:1084380013333E2B75D1B4F81633B3F5005F38D13A
:1084480094F8983A002B6CD104A804F2273A04F661
:108458009F299E4619464FF0010B036019F8012F1A
:10846800FF2A0ED04FEAD20C02F007021AF80CC00D
:108478004CFA02FC1CF0010F1EBF0BFA03F2114369
:10848800AE460133152BE9D1BEF1000F00D00160D3
:1084980004F6BC290423CDE9000302223E2142F65A
:1084A800FF734846F9F7B4FC494602463846FFF7D9
:1084B8007BFFB4F816A3BAF1740F23D10DF1100B9A
:1084C80004F52A630025009304F21A32B4F818332D
:1084D800ADF80E500DF10E015846FFF75BFABDF8E6
:1084E8000E3084F8985A04F6BC29CDE900B302226C
:1084F8003E2153464846FFF72AFA4946024638467F
:10850800FFF752FFB4F8162343F201039A4208D149
:1085180094F81233582B04D12E4B1D79F5B901224A
:108528005A7194F81333212B22D1B4F8163341F23F
:108538000D02934214D041F20E02934214D0002D42
:108548003FF45DAF04F6BC2541462846FFF7AAF97B
:10855800294602463846FFF727FF50E70025E0E79F
:10856800012384F8453A4AE7012384F8463A46E766
:108578003C2BE4D1B4F81693B9F1440FDFD194F849
:108588001233582BDBD13068D4F81A5303685B6A6E
:10859800984700283FF433AF0F4B9D427FF42FAF2D
:1085A8000E4B1B68C4F8B83A04F6BC250023CDE985
:1085B800003302224B463E212846F9F7CBFB024600
:1085C80030680168D1F810802946C04717E700BF16
:1085D800941D00205003002091D51200D82E0020B1
:1085E8002DE9F0473A4B1B78022B04460CD00023A8
:1085F800A0F81E36A0F81C3690F86D3A13B10A227E
:10860800B2FBF3F384F8983A324B93F82D30032BEE
:108618002DD12046FFF7DEFE94F8422A3AB1002316
:1086280084F8423A2046BDE8F047FFF735BB94F896
:10863800433A33B184F8432A2046BDE8F047FFF7B0
:1086480053BB94F8448AB8F1000F06D084F8443A32
:108658002046BDE8F047FFF797BB1F4B1E68D4F8CC
:10866800583AF31A632B04D8D4F8B83A4BBBBDE890
:10867800F087C4F8586A254604F65C2704F13009E7
:1086880040F6AB5A95F8702AAAB195F8713A0133B9
:10869800DBB29A420BD885F8718AD5F8743AF31A86
:1086A800534508D939882046FFF7E0FA03E085F8F2
:1086B800713A002BF1D008354D4507F10207E1D199
:1086C800D2E7F61AB6F57A7FD1D9F9F7C5FE00BF19
:1086D80083030020C4000020D82E00202DE9F74392
:1086E800924D2B78012B00F2E6800BB9F9F704FFC5
:1086F800FFF796FB8E4B8F4F1868796C03689B6861
:1087080098478D4B00221A809A708C4B08229A62E7
:1087180007244CF25030013CF9F7CAFFF9F7F2FF91
:1087280014F0FF04F5D1864801F059FC013880B2F5
:108738004FF6FD73984203D982490120FCF736FAB7
:10874800814B82491C60824B7D481C60FBF712FC00
:108758008048FBF78FFF97F82020202A00D9FEE7F2
:1087680097F828007C4E796AB7F82C9097F829C0BA
:1087780097F82A30B071052800D9FEE7DFF8DC81C8
:1087880058F830E0BEF1000F00D1FEE708EBC00852
:10879800C6F808E098F804E098F8058086F807E03D
:1087A80086F80C8086F8D500A6F80E9086F8D44096
:1087B800B9F1000F00D1FEE7724524BF0EF1FF3E6C
:1087C8005FFA8EF20528727400F09C80012800F28E
:1087D800A1800CF1FF30C0B200F08B80022813D8C2
:1087E800581EC0B2032809D80C2A01D90C2070746D
:1087F800707C904200D97274644608E0122A84BFE3
:10880800122373740023F3E7052B28BF0023524873
:108818002246F8F7EAFF0024514B34744E48FF26ED
:108828001E705E70FBF7B4FB0146454801F08DFAF7
:108838004C4B4D481C704D4B1C704D4B1C804D4B88
:108848001C704D4B1C704D4B1C704D4B1C704D4B90
:108858001C704D4B1C704D4B1C70FFF76DFB4C4B47
:10886800B7F84A201C704B4B97F840101C704A4BC5
:108878001C70B7F84830F8F726FCB7F84810474896
:10888800F8F73FFF4648FCF7E9F9464B464893F8A6
:10889800291000F046FC4548FEF746F94448FFF722
:1088A800F1F82748FBF757FB424B1C80424B1C80D2
:1088B800FAF75EFB2E70FAF765FB002800F0998046
:1088C8002B4A13880BB1013B1380284B1A4A19789D
:1088D8001388022922D12BB3013B9BB213809278D3
:1088E800002A6BD0002B71D1F9F7D4FEF9F7E0FE1E
:1088F8006CE0022804D80C2A01D90C23737464464E
:10890800002384E70CF1FF33022BF9D8082AF6D9A3
:108918000823F3E71048F8F70FFF7CE7002BDBD1BB
:10892800C723DBE740F2F313D8E700BFD81C0020C9
:10893800941D002068000020D40500200004004891
:108948006020002065BD0008CC0500206C000020D8
:10895800D00500205003002094030020C4C0000864
:10896800D91C0020DA050020981D00208303002070
:108978008603002084030020800300208103002058
:1089880082030020D9050020D8050020DC0500203E
:108998008B0300208A030020C805002084200020C3
:1089A8007C200020C4000020641C0020E00500207A
:1089B800880E002094200020962000200229894853
:1089C8004BD10BB9F9F766FE08238362864C2388DE
:1089D800002B47D0013B9BB284482380FBF7C0FEA5
:1089E8008348FBF7B8FA23881BB982498248F9F70C
:1089F800F5FB824C824E2178002936D002295DD0C1
:108A08003368002B00F096802378032B62D13368FB
:108A1800D8070ED57B4A00233360137843F0010151
:108A28001170794A92F856200AB1990701D50023A6
:108A380023703368002B7DD033687448744913F46D
:108A4800007F58D00378326801930B78009323781D
:108A5800704992B20520FCF7B1F810228262002B0F
:108A6800B4D143E740F2E733B6E76B4B1B7843B129
:108A78006A4A137C507C0133DBB29842137498BF66
:108A880011746648FBF784FA0146594801F05DF90C
:108A980057484FF6FF71F9F7ABFD01F0ECF9544870
:108AA800002101F01CFA594A012323700023137096
:108AB800574A13705A4A13603360A1E75948FBF7C5
:108AC8009BFF594B187AFFF7EBFB032323704D4AA2
:108AD8000023EEE7012BACD133689A07A9D54B4B9D
:108AE8001978B1FA81F1002049093060FFF7F4FBE9
:108AF800474B18709DE733689B0709D503783268A0
:108B080001930B7800932378484992B20120A2E799
:108B1800336813F0010309D00378326801930B78A6
:108B280000932378424992B2022094E7336023707D
:108B380003700B703F4B1A7802F0FF06002A00F012
:108B4800AD8100201870324B1F7807F1FF3CDCF133
:108B5800000848EB0C083FB3FFF74EFB324A0023EE
:108B6800012F137205D8344A1377D3831362334A1B
:108B78001370294D2A78012A6AD8012F12D9304F4B
:108B880097F8A8303E2B18D8244997F8A770087C86
:108B98000FBB83420CD04A7C0B749A429CBF0023C3
:108BA8000B74B04600265CE0264B01221A70D5E70C
:108BB8002548017841F0010101702449002A40F05C
:108BC80090803F2B204B0A704FF0010028BF0322F2
:108BD80028701A703EE08342DDD11B48017841F0CD
:108BE8000201E9E700040048942000205003002017
:108BF800602000206FBD00082C000020DA0500204E
:108C0800D0050020DC05002068000020D9050020E0
:108C1800D805002071BD00088303002094030020BC
:108C2800CC050020D91C0020842000207EBD00082F
:108C38008FBD000889030020E0050020880E002071
:108C4800981D00207C200020800300208403002041
:108C5800012FA7D97B4BB3F84C207B4B1A800223FA
:108C680023702B78002B64D1B8F1000F00D023704B
:108C78007649744A0B78B2F84E200133DBB293423E
:108C88000B70734B0ADB1A7C587C0132D2B29042CB
:108C980098BF00221A7400220A70227093F8D42018
:108CA800002A52D0B3F8D820B3F8D610013292B2C5
:108CB8009142A3F8D82048D8002293F8D500D98942
:108CC800A3F8D82006220130C0B2062828BF002009
:108CD80041FA00F7FF0734D55E4A52F83020EAB966
:108CE800FEE70B785C4801330278DBB20B706AB997
:108CF800544A92F850209A42ACD8584B1B78032B10
:108D080006D102232B7001230370A3E70522F2E7A3
:108D1800531EDBB29A420B70F3D99BE783F8D50058
:108D2800F8F772FE4E48FBF7C3FC002323702B783C
:108D38005BB1454B1B8843B9444A2B7013702370B1
:108D480003E0013A12F0FF02BDD1464B00221A702F
:108D58002A78002A00F044811EB901221A700223E1
:108D680023704148FBF7B4F82B78022B02D03F4B15
:108D780000221A703E4A138813B9324BB3F84A30AE
:108D8800013B9BB2138013B93A48F8F720FA3948E7
:108D9800F8F7D1F92B78022B0BD03648F8F77BF986
:108DA8002B7833B9FFF7D6F8334A01231370334AC7
:108DB8001370334E3046FAF737F97278284B012A88
:108DC80004D100217170197901B95A712448FBF74F
:108DD800F1FCFBF707FD0128064607D002282DD035
:108DE800284B05221A7003B0BDE8F083154F1C48C4
:108DF800FBF780FCB7F84830234A244803EB830389
:108E080003EB83039B001380FAF7E0F9104AB7F8E5
:108E1800481082F8D46041F28833B3FBF1F3A2F82A
:108E2800D6300023A2F8D830194A102191610821C0
:108E38009162184A2B7096702370D1E7164B012265
:108E48001A70CDE768000020860300208103002007
:108E580094030020C4C0000882030020800300207F
:108E680050030020C8050020602000207C2000203E
:108E780096200020981D0020DB0500209820002067
:108E8800AC1C00208B03002064000020911D0020F2
:108E980000040048D4050020880300205349544AA0
:108EA8000B781BB1013BDBB20B7013B11378002BAD
:108EB80044D0504E0023137033784F4A022B08BF1A
:108EC8000121137818BF002153D10BB94B48037007
:108ED8004B4C11704B4894F8281000F04DF933783A
:108EE800022B57D1484E494896F80080F8F72CF9DC
:108EF80007464648F8F73AF9454900234246CDE97E
:108F08000070404800F050FC3E48FCF707F8327803
:108F1800404941480023FDF791F9002332783D4943
:108F28003E48FEF7EDFD3E4B1B783BB994F82630E2
:108F380094F8332036493B48FBF77EFD314800F072
:108F480043FD3548FEF716FA3448FFF749FB364B20
:108F58001B78002B3FF447AF3448FAF7B9FF344B7E
:108F680008229A6110229A61FAF76EFE01232B708B
:108F780039E7002BACD02A4B1B78002BA8D02D4BFF
:108F88001B78002BA4D0274B052058701B4B0120C1
:108F980018709DE7274B1B78CBB16FF07E0300223A
:108FA800CDE9003201231A461949164800F0FCFBA6
:108FB800144800F0F8F801231A4616491648FDF738
:108FC8003DF90123134915481A46FEF799FD0B4B45
:108FD8001B78002BB2D1134B94F826205A70ADE7BA
:108FE800237813F0FD0F3FF4BCAEC0E68B030020DE
:108FF8008A030020830300204A0300204B0300203B
:10900800C4000020641C0020C8050020981D002012
:10901800B41C0020881C0020E0050020880E0020D9
:10902800AA210020D91C00208803002060200020ED
:10903800000400488203002008B5FFF74FFBFCE757
:109048001C4B1D4A10B51A601C4B1D4A1D4C1A605A
:109058005A619A62DA631A651B4A5A669A671B4A0A
:10906800C3F88C20204600F043F8194B2360194BB5
:10907800002240F2FF11C3F8E824C3F8EC14164BA1
:10908800C3F81C26C3F8502A7D2283F8542A134AB1
:1090980040F2FF31506AC3F82016916A03F65C2447
:1090A80003C4D06A2060106B928EC3F8680AA3F8D4
:1090B8006C2A10BD60200020A8BD0008981D002063
:1090C8009CBC0008641C002084BC000890BC0008FC
:1090D80030BE0008E0050020880E002064BA0008B1
:1090E800704700207047002070470020704700003C
:1090F80010B5044B0446012140F8043BF7F778FF0C
:10910800204610BD54D9000838B5242204460D461F
:10911800FF23002103618182104402F08BFCE5608B
:1091280038BD38B50D46017CA942044615D0012941
:1091380018D0022912D011B903685B689847002338
:10914800012D6374257413D0022D0ED02DB9236818
:109158005B68012120469847607438BD0368DB6866
:109168000021EBE703689B68FAE72368DB68F0E710
:10917800236829469B68EDE70430F7F747BF037C6F
:10918800012B10B50ED100F1160301F10C0251F8B4
:10919800044B43F8044B9142F9D10A881A8040F2F3
:1091A8000113438210BD037C012B0BD148F28113BC
:1091B800C3824FF401420023C0E90632038440F21F
:1091C800011343827047F0B5054689B008880C46FC
:1091D80016461F46F8F784F89DF806308DF8050006
:1091E80023F00703C0F30220034360888DF806309C
:1091F800F8F776F89DF8063000F01F0203F0070331
:1092080043EAC2038DF806309DF80730C0F34510D5
:1092180023F03F030343A0888DF80730F8F760F880
:109228009DF8073000F0030203F03F0343EA82137E
:109238008DF80730C0F387038DF808309DF80930A2
:10924800C0F3802023F001030343E0888DF8093040
:10925800F8F746F89DF8093000F07F0203F00103A3
:1092680043EA42038DF809309DF80A30C0F3C31071
:1092780023F00F03034320898DF80A30F8F730F8FC
:109288009DF80A3000F00F0203F00F0343EA0213BF
:109298008DF80A309DF80B30C0F3061023F07F03D9
:1092A800034360898DF80B30F8F71AF89DF80B30F6
:1092B80000F0010203F07F0343EAC2138DF80B307C
:1092C800C0F347038DF80C309DF80D30C0F34120F2
:1092D80023F003030343A0898DF80D30F8F700F855
:1092E8009DF80D3000F03F0203F0030343EA8203C8
:1092F8008DF80D309DF80E30C0F3841023F01F0355
:109308000343E0898DF80E30F7F7EAFF9DF80E3039
:1093180000F0070203F01F03C0F3C70043EA42133B
:109328008DF80F00208A8DF80E30F7F7D9FF9DF8D9
:1093380011308DF8100023F00703C0F30220034317
:10934800608A8DF81130F7F7CBFF9DF8113000F0E7
:109358001F0203F0070343EAC2038DF811309DF89A
:109368001230C0F3451023F03F030343A08A8DF861
:109378001230F7F7B5FF9DF8123000F0030203F042
:109388003F0343EA82138DF81230C0F387038DF848
:1093980013309DF81430C0F3802023F001030343F9
:1093A800E08A8DF81430F7F79BFF9DF8143000F031
:1093B8007F0203F0010343EA42038DF814309DF85D
:1093C8001530C0F3C31023F00F030343208B8DF82F
:1093D8001530F7F785FF9DF8153000F00F0203F000
:1093E8000F0343EA02138DF815309DF81630C0F3C9
:1093F800061023F07F030343608B8DF81630F7F7D0
:109408006FFF9DF8163000F0010203F07F0343EA76
:10941800C2138DF81630C0F347038DF817309DF846
:109428001830C0F3412123F003030B43A08B8DF8C0
:109438001830F7F755FF9DF8183000F03F0203F099
:10944800030343EA82038DF818309DF81930C0F3FE
:10945800841023F01F030343E08B8DF81930F7F7CE
:109468003FFF9DF81930218C00F0070203F01F031D
:1094780043EA42138DF81930628C40F2A95399429D
:1094880088BF0121C0F3C70098BF00219A428DF818
:109498001A0088BF41F002010EB141F004010FB17A
:1094A80041F008010F238DF8043000238DF81C309B
:1094B8002B688DF81B101B68192201A928469847AC
:1094C80009B0F0BD30B5054689B008880C46F7F7F5
:1094D80014FF9DF808308DF8070023F00703C0F348
:1094E8000220034360888DF80830F7F706FF9DF8DF
:1094F800083000F01F0203F0070343EAC2038DF8A7
:1095080008309DF80930C0F3451023F03F030343AA
:10951800A0888DF80930F7F7F0FE9DF8093000F0C3
:10952800030203F03F0343EA82138DF80930C0F3C6
:1095380087038DF80A309DF80B30C0F3802023F0A4
:1095480001030343E0888DF80B30F7F7D6FE9DF84A
:109558000B3000F07F0203F0010343EA42038DF869
:109568000B309DF80C30C0F3C31023F00F030343F6
:1095780020898DF80C30F7F7C0FE9DF80C3000F00C
:109588000F0203F00F0343EA02138DF80C309DF825
:109598000D30C0F3061023F07F03034360898DF874
:1095A8000D30F7F7AAFE9DF80D3000F0010203F028
:1095B8007F0343EAC2138DF80D30C0F347038DF8DB
:1095C8000E309DF80F30C0F3412023F0030303430E
:1095D800A0898DF80F30F7F790FE9DF80F3000F056
:1095E8003F0203F0030343EA82038DF80F309DF82E
:1095F8001030C0F3841023F01F030343E0898DF873
:109608001030F7F77AFE9DF8103000F0070203F0EB
:109618001F03C0F3C70043EA42138DF81100208AE4
:109628008DF81030F7F769FE9DF813308DF81200A9
:1096380023F00703C0F302200343608A8DF8133038
:10964800F7F75BFE9DF8133000F01F0203F00703E5
:1096580043EAC2038DF813309DF81430C0F3451067
:1096680023F03F030343A08A8DF81430F7F745FE33
:109678009DF8143000F0030203F03F0343EA82131D
:109688009DF816208DF81430C0F387038DF8153037
:1096980022F00102C0F380231343E08A8DF81630CC
:1096A800F7F72BFE9DF8163000F07F0203F0010358
:1096B80043EA42038DF816309DF81730C0F3C31003
:1096C80023F00F030343208B8DF81730F7F715FEAF
:1096D8009DF8173000F00F0203F00F0343EA02135E
:1096E8008DF817309DF81830C0F3061023F07F036B
:1096F8000343608B8DF81830F7F7FFFD9DF818309D
:1097080000F0010203F07F0343EAC2139DF81A2018
:109718008DF81830C0F347038DF8193022F0030292
:10972800C0F341231343A08B8DF81A30F7F7E5FDFA
:109738009DF81A3000F03F0203F0030343EA820366
:109748008DF81A309DF81B30C0F3841023F01F03E6
:109758000343E08B8DF81B30F7F7CFFD019B03F037
:109768007F42104B134301939DF81B3000F0070212
:1097780003F01F03C0F3C70043EA42138DF81C002F
:109788000DF10601172200208DF81B30F7F720FE97
:109798002B688DF81D001B681A2201A928469847D6
:1097A80009B030BDC81816002DE9F04700F12407AC
:1097B8009DF920A09DF8249090461E4604463B46FD
:1097C80001F1240251F8040B43F8040B9142F9D13A
:1097D800251D39462846F7F73DFCE1684B7966B107
:1097E800042B77D8DFE803F07C76345C03004FF075
:1097F8000423C4E909330026B046E3681D796B1ECB
:109808000B2B07D850460435F7F740FDEDB204EBB3
:1098180045056884E3681D7B6B1E0B2B07D84846FB
:109828000435F7F74EFDEDB204EB45056884637C1B
:10983800002B55D0237C012B46D013F0FD0F4FD1C0
:109848003346424639462046BDE8F047FFF7BBBCE1
:1098580001F1130304F1220001F11F054FF0780C08
:1098680013F9012FC2EB8222AB4292FBFCF202F504
:10987800806220F8022FF3D104F13A02233140F23A
:10988800FF7513F8010F48B102280CBF28464FF4A2
:109898008060994222F8020FF3D1AEE70120F8E781
:1098A80004F1220304F146024FF4806123F8021FF9
:1098B8009342FBD102212846F7F7EAFB103004EB6C
:1098C80040000023838098E739462046BDE8F047EA
:1098D800FFF7F8BD042B90D813F0FD0F8DD0E9E702
:1098E800BDE8F08730B54B7B032B85B005460C46A9
:1098F80042D191F90000F7F745FD8DF8030094F97E
:109908000100F7F73FFDA3788DF80530E3788DF86F
:1099180004008DF80630207B23798DF80730F7F79F
:1099280029FD8DF8080094F90600F7F7FEFC8DF87C
:10993800090094F90700F7F725FD237A8DF80B3015
:10994800637A8DF80C3040F6C8438DF80A00ADF8FC
:1099580000300DF1020114230B2200208DF8023093
:10996800F7F736FD2B688DF80D001B680E22694647
:109978002846984705B030BD022B03D1FF238DF848
:109988000330BCE791F90000F7F7FCFC8DF8030001
:10999800FF20B8E7837C10B5044633B1F9F714FB10
:1099A800E37C1BB10023A082E37410BDA28A801A55
:1099B80080B2B0F57A6FF8D9A37404F11601204685
:1099C800BDE81040FFF78EBF427C22B1037C012B1B
:1099D80001D1FFF7DFBF704730B5302442F20F7571
:1099E800A84212D80C703021B0F57A7F14D21170C9
:1099F8003022632816D81A703023092817D8039AFA
:109A08001370049B3030187030BDA0F51C50013421
:109A18001038E4B280B2E3E70131A0F57A70C9B238
:109A280080B2E1E701326438D2B280B2E1E70133B3
:109A38000A38DBB280B2E0E713B50B1D0193CB1CEB
:109A480000934A1C8B1C0C46FFF7C6FF002363716A
:109A580002B010BD03099F2800F00F0094BF3033F7
:109A6800373309280B7094BF3030373000234870E3
:109A78008B70704713B502460C46C0B201A9FFF7B8
:109A8800E9FF2146100AFFF7E5FF9DF80430A370AF
:109A98009DF80530E3709DF80630237102B010BDC3
:109AA80008B50249FFF7D6FF084608BDB82E0020C2
:109AB80010B5034C2146FFF7DDFF204610BD00BF5F
:109AC800B82E002013B503688DF807109C680DF1B7
:109AD80007010123A04702B010BD07B503688DF840
:109AE80007101B6901220DF10701984703B05DF8C3
:109AF80004FB2DE9F0411D46036804465B690F46E7
:109B080016469847236820461B689847221D394601
:109B18002046FFF7D7FF2DB123682A461B69314637
:109B280020469847236820465B6898472368204664
:109B38009B69BDE8F0410C2118472DE9F0411E460C
:109B4800036804465B6915460F4698472368204614
:109B58001B689847221D39462046FFF7B3FF204669
:109B68000021FFF7BAFF23682046DB683246294602
:109B78009847236820465B68BDE8F04118472DE9FF
:109B8800F0411F46036804465B690D461646984730
:109B9800236820461B689847221D20460D21FFF7A1
:109BA80091FF290A2046FFF798FFE9B22046FFF700
:109BB80094FF236831463A4620461B699847236834
:109BC80020465B689847236820469B69BDE8F041BA
:109BD8000C21184707B501238DF807200DF107025E
:109BE800FFF7CDFF03B05DF804FB2DE9F0411F46F8
:109BF800036804465B690D46164698472368204665
:109C08001B689847221D20461D21FFF75BFF290A84
:109C18002046FFF762FFE9B22046FFF75EFF2046C5
:109C28000021FFF75AFF23682046DB683A46314691
:109C38009847236820465B68BDE8F041184707B598
:109C480001230DF10702FFF7D0FF9DF8070003B0CD
:109C58005DF804FB2DE9F0411E46036804465B6984
:109C68000F4615469847236820461B689847221DCB
:109C780020460E21FFF726FF39462046FFF72DFF25
:109C880023682946324620461B69984723682046A0
:109C98005B689847236820469B69BDE8F0410C2122
:109CA80018472DE9F0411E46036804465B690F46D4
:109CB80015469847236820461B689847221D20466A
:109CC8001E21FFF7FFFE39462046FFF706FF204614
:109CD8000021FFF702FF23682046DB683246294649
:109CE8009847236820465B68BDE8F041184710B5DF
:109CF800002304461A46C021FFF7FBFE207910BD59
:109D080037B504460D468DF80710012380210DF163
:109D18000702FFF7EEFE2368012D9B690CBF322175
:109D280040F2DC51204603B0BDE83040184737B553
:109D380001230C468DF807100DF107028A2105460C
:109D4800FFF7D7FEAC7103B030BD07B5042309BADD
:109D580001910DEB03028621FFF7CBFE03B05DF8FE
:109D680004FB07B502238DF804108DF805208F2118
:109D780001AAFFF7BEFE03B05DF804FB37B58DF806
:109D8800063000238DF807300423044615468DF865
:109D980004108DF805208B210DEB0302FFF7A9FEB7
:109DA80040F689012046FFF74AFF062D16BF40F00E
:109DB800040200F0FB02D2B240F6890120468DF879
:109DC8000420FFF707FF03B030BD73B515468DF8C3
:109DD800033000229DF818309DF81C608DF8002093
:109DE80004468DF801108DF804308C2106236A464C
:109DF8008DF802508DF80560FFF77BFE40F2367152
:109E08002046FFF71CFF5EB100F0FB0240F23671FE
:109E180020468DF80020FFF7DDFE657102B070BDA9
:109E280040F00402D2B2F1E707B55BBAADF80430EE
:109E3800BDF810305BBAADF8063049BA082352BAFB
:109E4800ADF80010ADF8022019466A46FFF751FE3A
:109E580003B05DF804FB07B5022301AA1221FFF73E
:109E68006CFE9DF804309DF8050000EB032080B2DD
:109E780003B05DF804FB07B5022349BAADF8041036
:109E880001AA1946FFF735FE03B05DF804FB07B5D4
:109E980002238DF804108DF805208E2101AAFFF702
:109EA80028FE03B05DF804FB13B56FF07F439942B9
:109EB80028BF19460B0C04468DF804300B0A8DF8A0
:109EC80005308DF8061001AA03238321FFF711FE40
:109ED800236864219B692046984702B010BD13B5DA
:109EE8006FF07F43994228BF19460B0C04468DF842
:109EF80004300B0A8DF805308DF8061001AA0323EB
:109F08008221FFF7F6FD236864219B692046984764
:109F180002B010BD37B503230D461446142101AA1B
:109F2800FFF70BFE9DF804305B085B422B809DF920
:109F38000530002BB8BF03339B10237003B030BD2E
:109F480010B543680D4A23F07F4323F0FF03934283
:109F5800044611D1002240F60211FFF73BFE40F6FD
:109F680044112046FFF76BFE40F00202D2B240F6E1
:109F780044112046FFF72EFE10BD00BF000101006E
:109F880070B505460E46FFF766FF3146044628467B
:109F9800FFF771FFA30702D52846FFF7D1FF204638
:109FA80070BD07B5002914BF402320238DF8073062
:109FB8000DF1070201239321FFF79BFD03B05DF824
:109FC80004FB10B5002304461A46C121FFF791FD92
:109FD800236820469B69BDE810404621184708B50C
:109FE800FFF785FE80B208BD07B50023ADF8043041
:109FF80001AA02230721FFF77CFD03B05DF804FBEB
:10A0080007B5130C8DF8053052BA04238DF80410E7
:10A01800ADF8062097210DEB0302FFF76AFD03B0A8
:10A028005DF804FB08B50A4640F6AC01FFF7D2FD1F
:10A0380008BD10B540F6D8010446FFF700FE40F011
:10A048001E02D2B240F6D8012046FFF7C3FD10BD6C
:10A0580008B50A4640F6E701FFF7BCFD08BD000059
:10A0680007B5054B019304230DEB03029521FFF778
:10A0780040FD03B05DF804FB0407000107B50223A7
:10A088008DF804108DF80520982101AAFFF731FDFD
:10A0980003B05DF804FB000013B504461C48B0FB90
:10A0A800F1F1080C8DF80000080A8DF801000498F9
:10A0B8008DF803208DF804308DF80210F6F78CF92E
:10A0C80011A3D3E90023F6F72BFBF6F711FC030CD9
:10A0D8008DF8053043BA6A46ADF8063020460823A5
:10A0E8008B21FFF706FD40F689012046FFF7A7FD03
:10A0F80040F00402D2B240F6890120468DF80020D3
:10A10800FFF768FD02B010BD000000008084EE3F3C
:10A118000000093D1FB58DF807309DF818308DF8FF
:10A1280008309DF81C308DF809309DF820308DF8E6
:10A138000A309DF824308DF80B3049BA9DF8283044
:10A14800ADF804108DF806208DF80C3001AA09230B
:10A158008C21FFF7CEFC05B05DF804FB07B50023A2
:10A1680049BAADF80010ADF8023001936A460823E9
:10A178004FF4D861FFF703FD03B05DF804FB13B596
:10A1880003230C4601AA1421FFF7D7FC9DF80630DB
:10A198005B085B42238002B010BD000030B59BB065
:10A1A800202200210BA801F045FC1822002102A85A
:10A1B80001F040FC1C4A136823F4C06343F40073A5
:10A1C8001360136803F4C0630193019B01224FF4E9
:10A1D8000413CDE9082300230A9310210623CDE9AF
:10A1E80015134FF400330224032517934FF0005C36
:10A1F8004FF0007308A8CDE91345CDE9183C00F0ED
:10A2080045FB08B172B6FEE7CDE90400CDE90600CA
:10A218004F23214602A8CDE9023500F0D1FD08B14F
:10A2280072B6FEE71BB030BD00040058154B07B5E9
:10A238001A6842F480721A601A6842F400721A604E
:10A248001A6822F480621A6000F0A0F8FFF7A6FFEF
:10A258004FF0B043DA6C42F00102DA64DA6C02F0D3
:10A2680001020192019ADA6C42F00202DA64DB6CB4
:10A2780003F002030093009B03B05DF804EBFEF7C4
:10A28800DBBE00BF004000587047FEE7FEE7FEE770
:10A29800FEE7FEE7704770477047F8F783BE7047E0
:10A2A8000D488546FFF7FBFF0C480D490D4A002372
:10A2B80002E0D458C4500433C4188C42F9D30A4A73
:10A2C8000A4C002301E013600432A242FBD301F0E0
:10A2D8002FFBFFF7ABFFFEE7000001200000002086
:10A2E8004800002040DA000848000020F42E002032
:10A2F800FEE770474FF0B04310B59A6B4FF0FF324E
:10A308009A63D96BDA630024996B9C63D96BDC631D
:10A31800196C1A64196C1C64596C5A64596C5C6425
:10A32800996A9A62996A9C62D96ADA62D96ADC6225
:10A33800196B1A631A6B1C63FFF7DBFF204610BD0D
:10A3480038B5104C237805460BB9012038BD00F00C
:10A358008DFA22784FF47A73B3FBF2F3B0FBF3F083
:10A3680000F074F804460028EFD10F2DEDD802460E
:10A3780029464FF0FF3000F037F8034B20461D60A8
:10A38800E4E700BF400000204400002010B503208F
:10A3980000F018F800F06AFA064B18600F20FFF773
:10A3A800CFFF044618B9FFF76FFF204610BD012400
:10A3B800FBE700BF3C000020014B1868704700BF56
:10A3C800D82E00200749CA6822F4E062030212046A
:10A3D80003F4E063120C134343F0BF6343F4003308
:10A3E800CB60704700ED00E0164B30B5DC68C4F375
:10A3F8000224C4F10703251D042B28BF0423062DBE
:10A408004FF0FF358CBF033C002405FA03F321EA23
:10A418000303A54022EA0502A340002843EA0203F9
:10A42800ACBF00F16040084A4FEA0313B8BF00F020
:10A438000F00DBB2AABF00F56140135480F8003367
:10A4480030BD00BF00ED00E014ED00E00138B0F1D0
:10A45800807F0BD24FF0E023054A5861F02182F843
:10A4680023100020072298611A6170470120704765
:10A4780000ED00E00A4A536943F4802330B5536184
:10A48800EFF3108472B60023CD58C5500433B3F5EA
:10A49800807FF9D11369DB03FCD484F3108830BDC5
:10A4A80000400058064B5A69002ABFBF054A9A6007
:10A4B80002F188329A60BABF5869C00F002070470D
:10A4C8000040005823016745044B5A6942F0004296
:10A4D8005A615869C043C00F704700BF0040005818
:10A4E80070B50546FFF768FF124E04463369D90375
:10A4F80013D43369DA0744BF012232614CF2FA32CD
:10A50800134011D10B4E306910F480200BD0FFF7A7
:10A5180053FF001BA842F6D304E0FFF74DFF001BD2
:10A52800A842E3D3032070BD024A1361024A012006
:10A538005360F8E700400058DC2E00202DE9F04178
:10A54800184D98462B78012B06460C46174626D000
:10A5580001232B704FF47A7000236B60FFF7C0FF64
:10A56800A0B9012E16D1104A536943F00103536173
:10A578002760BFF36F8FC4F804804FF47A70FFF739
:10A58800AFFF094A536923EA0603536100232B707E
:10A59800BDE8F08139462046FFF76CFFEDE7022061
:10A5A800F6E700BFDC2E002000400058054A53693A
:10A5B80023F47E7343EAC00040F4803040F0020088
:10A5C80050617047004000582DE9F041234F3B7817
:10A5D800012B054688463FD001233B704FF47A7023
:10A5E80000237B60FFF77CFF044688B92B68042BA7
:10A5F80013D11B4A536943F4803343F00403536176
:10A608004FF47A70FFF76CFF0446154B1A681B6805
:10A6180000233B702046BDE8F0814FF0FF33C8F8B7
:10A6280000306E68D5E901321344B3420AD9304686
:10A63800FFF7BCFF4FF47A70FFF752FF50B1C8F82C
:10A6480000600446064A536923F47E7323F002032C
:10A658005361DAE70136E5E70224DBE7DC2E002068
:10A6680000400058024A136843F48073136070472F
:10A6780000040058024B186800F4C060704700BF1F
:10A68800000400584FF0B0431868C0F340407047CA
:10A698004FF0B0431868C0F3400070474FF0B04225
:10A6A800536823F47F4343EA0023536070474FF015
:10A6B800B0431868C0F34060704700007FB54FF0A2
:10A6C800B0432C4AD3F80831C0F3031003F00F034A
:10A6D80052F82040284A52F82330B4FBF3F4FFF72D
:10A6E800C9FF264B054693E80700B5F5007F04AB84
:10A6F80003E9070010D0224B9C4218D303F5B70397
:10A7080003F67F539C4229D903F5741303F51063AC
:10A718009C4225D802230BE01A4B9C4207D91A4BBE
:10A728009C421BD903F5370303F5D853F0E7002300
:10A7380004AA02EB830353F80C4C144D2B6823F046
:10A74800070323432B60FFF737FE06462B6803F009
:10A7580007039C4206D1002004B070BD0123E7E73F
:10A768000024EAE7FFF728FE801B0228EED9032021
:10A77800F2E700BFC4D9000864D900089CBA0008F1
:10A78800C0CF6A00BFEA21013F933402004000585D
:10A798004FF0B04310B59A68D96812F00C0205D092
:10A7A8000C2A4AD101F00303012B50D14FF0B041DC
:10A7B8002B480B6813F0080306D00B6813F0080346
:10A7C80037D1D1F8941007E00C68240756BFD1F8A8
:10A7D80094300968C3F3032350F82330002A0CBFD0
:10A7E800184600204FF0B0418A6802F00C020C2A8B
:10A7F8001ED1CA6802F00302022A2ED0032A06D10B
:10A808000B68184A13F4801F174B18BF13464FF0F4
:10A81800B042D068D168D268C0F306205843C1F36B
:10A8280002130133B0FBF3F0530F0133B0FBF3F025
:10A8380010BD0B68C3F30313CEE7042A0AD0082A15
:10A8480005D11B6813F4801304D10748CAE7002315
:10A858001846C7E703480023C4E7024BD7E700BF01
:10A86800C4D900080024F4000048E80108B5FFF73F
:10A878008FFF4FF0B043044A9B68C3F3031352F8A9
:10A888002330B0FBF3F008BD64D900082DE9F0418E
:10A898000446002853D04FF0B0439D68DE68036833
:10A8A8009B0605F00C0506F0030668D5026A1DB183
:10A8B8000C2D46D1012E44D1002A40D04FF0B04390
:10A8C800A16A1A68170756BFD3F894301B681B098A
:10A8D80003F0F00399421FD90846FFF7EFFE00285E
:10A8E8002DD14FF0B042136843F00803136013688A
:10A8F800A16A23F0F0030B431360606AFFF7CEFEF2
:10A90800FFF7B4FFAB4B1860AB4B1868FFF718FDA7
:10A91800002834D0BDE8F0814FF0B042136843F00E
:10A9280008031360136823F0F0030B431360606A95
:10A93800FFF7B4FE0846FFF7C1FE0028E0D001206B
:10A94800E8E74FF0B043002A54D01A6842F00102F9
:10A958001A60FFF731FD0746FFF79AFE002842D03C
:10A968004FF0B042136843F0080313601368A16AFC
:10A9780023F0F0030B431360606AFFF78FFE236830
:10A98800D80748D42368990700F18C8023681E07EC
:10A9980040F1FA80A3694FF0B046002B00F0E18047
:10A9A800D6F89430E16903F01002914200F0C480B7
:10A9B80003F00302022AC2D0D80740F1B380D6F8C8
:10A9C800943023F00103C6F89430FFF7F5FC0746EE
:10A9D800D6F89430990740F1A580FFF7EDFCC31B2A
:10A9E800112BF5D904E0FFF7E7FCC01B0228B3D907
:10A9F80003208FE71A6822F001021A60FFF7DCFCD7
:10AA08000746FFF745FE0028B9D0FFF7D5FCC01B65
:10AA18000228F6D9ECE7082D03D00C2D05D1032E1A
:10AA280003D16368002BADD189E74FF0B043A1682B
:10AA38001A6822F480120A431A606268B2F5803FED
:10AA480010D11A6842F480321A60FFF7B5FC074645
:10AA5800FFF718FE002895D1FFF7AEFCC01B64284D
:10AA6800F6D9C5E7B2F5041F04D11A6842F40012FA
:10AA78001A60E6E7196821F480311960196821F431
:10AA880000111960002AE0D1FFF796FC0746FFF78E
:10AA9800F9FD00283FF476AFFFF78EFCC01B642851
:10AAA800F5D9A5E7042D236903D00C2D0ED1022E6C
:10AAB8000CD1002B3FF443AF4FF0B04261695368AB
:10AAC80023F0FE4343EA016353605FE74FF0B0466B
:10AAD800BBB1336843F480733360FFF76DFC0746FE
:10AAE80033685A0507D57368626923F0FE4343EA61
:10AAF800026373604AE7FFF75FFCC31B022BEFD9C1
:10AB080076E7336823F480733360FFF755FC074614
:10AB180033685B057FF53AAFFFF74EFCC31B022B8A
:10AB2800F6D965E74FF0B042E169D2F8943023F0E6
:10AB380010030B43C2F894304FF0B047D7F8943065
:10AB480043F00103C7F89430FFF736FC0646D7F800
:10AB580094309A0718D4FFF72FFC831B112BF6D9D2
:10AB680046E7D6F8943023F00103C6F89430FFF78F
:10AB780023FC0746D6F894309B0705D5FFF71CFC45
:10AB8800C31B112BF6D933E72368580754D50B4F4D
:10AB98003B68D90514D4FFF765FDFFF70DFC0646A1
:10ABA8003B68DA050CD4FFF707FC831B022BF7D9A7
:10ABB8001EE700BF3C0000204400002000040058AD
:10ABC800E3684FF0B046002B58D023F08003052BE4
:10ABD80002BFD6F8903043F00403C6F890304FF027
:10ABE800B046FFF7E9FBD6F8903043F0010307467B
:10ABF800C6F8903041F28838D6F890309B0705D4D3
:10AC0800FFF7DAFBC31B4345F6D9F1E6E36823F007
:10AC18000403812B1BD1FFF7CFFBD6F8903043F00C
:10AC28008003C6F8903007464FF0B04641F28838A6
:10AC3800D6F89030180504D5E06A00284AD10020DB
:10AC480068E6FFF7B9FBC01B4045F1D9D0E6FFF72E
:10AC5800B3FBD6F8903023F08003C6F8903007464F
:10AC68004FF0B04641F28838D6F890301905E3D550
:10AC7800FFF7A2FBC01B4045F6D9B9E6FFF79CFBDE
:10AC8800D6F8903023F080030746C6F8903041F29A
:10AC98008838D6F890301A0516D4FFF78DFBD6F809
:10ACA800903023F00103C6F8903007464FF0B048C3
:10ACB80041F28836D8F890309B07BDD5FFF77CFB6A
:10ACC800C31BB342F6D993E6FFF776FBC01B40459A
:10ACD800DFD98DE60C2D4ED04FF0B04302281A680C
:10ACE80022F080721A6033D1FFF766FB0546FFF742
:10ACF800DEFC38BBD4E90C314FF0B0420B43D068CE
:10AD08002D4901400B43E16B0B43216C0B43616CF4
:10AD18000B43A16B43EA0123D360136843F08073AC
:10AD28001360D36843F08053D360FFF745FB0446B4
:10AD3800FFF7BDFC002882D1FFF73EFB001B0A2865
:10AD4800F6D955E6FFF738FB401B0A28CFD94FE65E
:10AD5800FFF732FB0446FFF7AAFC30B94FF0B042C8
:10AD6800164BD1680B40D360D4E5FFF725FB001BD9
:10AD78000A28F0D93CE601283FF4CCAD4FF0B043A7
:10AD8800226BDB6803F0030191427FF4D8AD616B5D
:10AD980003F070028A427FF4D2ADA16B03F4FE4245
:10ADA800B2EB012F7FF4CBAD626C03F060439342AA
:10ADB8003FF445AFC3E500BF8C80C111FCFFFEEE38
:10ADC8002DE9F0410D46044610B90120BDE8F08197
:10ADD800684E336803F007038B4216D323689A073B
:10ADE80027D54FF0B047A268BB6823F0F0031343A0
:10ADF800BB60FFF7E1FA0646BB68DB0319D4FFF72F
:10AE0800DBFA831B022BF7D911E0336823F0070321
:10AE18000B433360FFF7D0FA0746336803F00703A4
:10AE2800AB42DBD0FFF7C8FAC01B0228F5D90320D4
:10AE3800CCE72368580617D54FF0B0476269D7F8B2
:10AE4800083123F00F0343EA1213C7F80831FFF75C
:10AE5800B3FA0646D7F80831D90305D4FFF7ACFA98
:10AE6800831B022BF6D9E2E723685A0713D54FF064
:10AE7800B047E268BB6823F4E0631343BB60FFF7A5
:10AE88009BFA0646BB689B0305D4FFF795FA831B1C
:10AE9800022BF7D9CBE72368180714D54FF0B04732
:10AEA8002269BB6823F4605343EAC203BB60FFF71F
:10AEB80083FA0646BB68590305D4FFF77DFA831B5E
:10AEC800022BF7D9B3E72368DA070FD4294C236894
:10AED80003F00703AB4239D8FFF7C8FC264B1860CC
:10AEE800264BBDE8F0411868FFF72ABA6268022AC3
:10AEF8001DD1FFF7C7FB00283FF467AF4FF0B046FE
:10AF080041F28838B36823F003031343B360FFF7B3
:10AF180053FA0746B368626803F00C03B3EB820F79
:10AF2800D4D0FFF749FAC01B4045F3D97FE7032A7D
:10AF380002D1FFF7BCFBDEE712B9FFF7A9FBDAE79E
:10AF48004FF0B0431B685B05D8D43EE7236823F075
:10AF580007032B432360FFF72FFA0646236803F005
:10AF68000703AB42B8D0FFF727FA801B0228F5D9B0
:10AF78005DE700BF004000583C000020440000206E
:10AF880030B5046891FAA1F3B3FA83F303255B00A3
:10AF980005FA03F324EA030391FAA1F1B1FA81F166
:10AFA80049008A401A43026030BD0000B0F1904F5A
:10AFB8000BD14FF0B043DA6A42F00102DA62DA6A82
:10AFC80022F00102DA6201207047144B984209D13D
:10AFD8004FF0B043DA6A42F00202DA62DA6A22F02B
:10AFE8000202EFE70E4B984209D14FF0B043DA6AFC
:10AFF80042F00402DA62DA6A22F00402E2E7094B5C
:10B00800984209D14FF0B043DA6A42F08002DA621E
:10B01800DA6A22F08002D5E7002070470004004871
:10B0280000080048001C00482DE9F84F0E460F683C
:10B0380097FAA7F54FF0010BB5FA85F54FF0030A1B
:10B048004FF00F0837FA05F302D10120BDE8F88F59
:10B058000BFA05F43C4053D0D6F8049021464A46F2
:10B06800FFF78EFF09F1FF33012B19D8B368816808
:10B0780094FAA4F2B2FA82F252000AFA02F221EA2F
:10B08800020294FAA4F1B1FA81F149008B4013430A
:10B0980083604268F36822EA04026343134343600F
:10B0A8003369C16894FAA4F2B2FA82F252000AFA39
:10B0B80002F221EA020294FAA4F1B1FA81F14900FC
:10B0C8008B401343B9F1020FC36015D1FF2C71698E
:10B0D80018D8026A94FAA4F3B3FA83F39B0008FA27
:10B0E80003F322EA030294FAA4F3B3FA83F39B006E
:10B0F80001FA03F3134303624A462146FFF740FF70
:10B1080001359FE7426A230A93FAA3FCBCFA8CFC38
:10B118004FEA8C0C08FA0CFC22EA0C0293FAA3F30F
:10B12800B3FA83F39B00994011434162E4E74FF07F
:10B13800B0431868C0F3005070474FF0B043186828
:10B14800C0F3802070474FF0B043D3F89000C0F3AD
:10B15800400070474FF0B0431868C0F3C000704714
:10B168004FF0B0431868C0F3406070474FF0B043E9
:10B17800044A9B68C3F3031352F82330B0FBF3F07F
:10B18800704700BF64D900084FF0B043034A9B687A
:10B19800C3F3022352F82330D8407047A4D90008DB
:10B1A8004FF0B04238B5916801F00C01082950D031
:10B1B80017D889B3042900F08C80FFF7CBFF4649E4
:10B1C8000246002876D1FFF7C5FF4FF0B0430128AB
:10B1D80016BFD3F894201B68C2F3032251F822004B
:10B1E8002AE00C29E9D1D36803F00303022B5FD0CE
:10B1F800032B37D0FFF7AEFF374C014600284AD162
:10B20800FFF7A8FF012816BFD2F894101368C1F3FE
:10B21800032154F821302CE0FFF79CFF2E4D044603
:10B2280058B9FFF797FF012816BFD2F89440136862
:10B23800C4F3032455F8240038BDFFF78BFF012819
:10B248000ABF1168D2F89430C1F3031155F82100F0
:10B25800F2E7FFF76CFF214B01462148012908BF9F
:10B268001846E9E7FFF763FF1D4A1C4B012818BF82
:10B2780013464FF0B042D068D168D268C0F30620B8
:10B288005843C1F302130133B0FBF3F0530F0133FA
:10B29800B0FBF3F0D0E7FFF75DFF01280BBF1368A1
:10B2A800D2F89430C3F30313002354F82330E0E7B3
:10B2B8000A4BDEE7FFF74EFF4FF0B04301280BBF04
:10B2C8001B68D3F89430C3F30313002351F8230009
:10B2D800B2E70248B0E700BFC4D900080024F40070
:10B2E8000048E8014FF0B04307B51A6842F0010280
:10B2F8001A601A689207FCD51A6822F0F00242F028
:10B3080060021A605A6822F47F425A605A6822F032
:10B31800FE4242F080425A604FF4E0229A601A6876
:10B3280001920199104A0A400192019A1A60FFF7A6
:10B3380017FF0028FBD14FF0B0430C4ADA6040F207
:10B348003F3298610192019A1A62D3F8942042F42C
:10B358000002C3F8942001204FF44032C3F80821BA
:10B3680003B05DF804FB00BFFFF4CEFE001004221A
:10B3780010B54FF0B0440328D4F888302AD11F4ABA
:10B3880003F0030343F44033934209D0B3F1031F9E
:10B398000DD0013A934211D1BDE81040FFF700BF2C
:10B3A800FFF7CBFE0128164818BF002010BDFFF795
:10B3B800CAFE431E58425841C003F7E7FFF7F0FEA4
:10B3C800FFF7D4FEA3680F4AC3F3C22352F8233011
:10B3D800D840EBE7034043EA00400B4B9842DFD0EC
:10B3E800B0F10C1FE3D0043B9842D5D0FFF7D8FE4C
:10B3F800FFF7BCFEBDE81040FFF7C6BE0200030021
:10B408000024F400A4D9000808000C000F4B98424F
:10B418000BD14FF0B0431A6C42F480521A641A6C84
:10B4280022F480521A6401207047094B98420AD1CD
:10B438004FF0B0439A6B42F480429A639A6B22F4BD
:10B4480080429A63EFE70020704700BF0030014058
:10B458000038004003685B0670B502462DD4D1E978
:10B4680000363343CE68056848690C6A33430E6971
:10B4780033438E6903433343CE6925F47F45334311
:10B4880025F0BF0523432B43136053688D6823F4CD
:10B49800706323F0040345EA10401843B5F5006FC4
:10B4A80050603EBF536843F480535360B4F5005F67
:10B4B80001D18B8C1361012000E00020D36923F4B3
:10B4C8000063D36170BD00001A4A0368904210B54A
:10B4D80002D0B0F1804F09D14C6823F0700390423C
:10B4E80043EA040309D0B0F1804F06D0124A9042D3
:10B4F80003D002F58062904203D1CA6823F44073F6
:10B50800134303608B68C3620B888362094B9842BC
:10B5180007D003F5C053984203D003F580639842DF
:10B5280001D10B690363436943F0010343610120BF
:10B5380010BD00BF002C014000440140B1F5805F00
:10B5480030B500F0F08009D8102975D0B1F5807FAA
:10B5580000F0AE80012935D0002030BDB1F5803F24
:10B5680000F00E81B1F5801FF6D1036A146823F448
:10B5780080130362036A416D21F0807121F4E04178
:10B5880041EA0424116923F4001343EA0153516882
:10B5980023F4801343EA01539149884207D001F507
:10B5A800C051884203D001F58061884206D14168C4
:10B5B800956921F4802141EA85214160D26844657A
:10B5C800C26536E0036A156823F001030362036A63
:10B5D8004168846924F4803424F073042C43156989
:10B5E80023F002032B43556823F001032B437C4DC2
:10B5F800A84207D005F5C055A84203D005F58065D7
:10B60800A84212D1556923F0080343EA85039568D7
:10B6180023F0040343EA8503956921F480712943E3
:10B62800D56921F4007141EA4501D268416084611D
:10B6380042630362012090E7036A156823F0100350
:10B648000362036A4168846924F0807424F4E64440
:10B6580044EA0524156923F0200343EA05135568D5
:10B6680023F0100343EA05135D4DA84207D005F502
:10B67800C055A84203D005F58065A84213D1556985
:10B6880023F0800343EA8513956823F0400343EAD7
:10B698008513956921F4806141EA8501D56921F412
:10B6A800006141EAC501D268416084618263C0E7F4
:10B6B800036A156823F480730362036A4168C469E6
:10B6C80024F4803424F073042C43156923F40073A4
:10B6D80043EA0523556823F4807343EA0523404D64
:10B6E800A84207D005F5C055A84203D005F58065E6
:10B6F800A84213D1556923F4006343EA852395686A
:10B7080023F4806343EA8523956921F4805141EA53
:10B718000511D56921F4005141EA4511D26841600B
:10B72800C461C26385E7036A156823F48053036222
:10B73800036A4468C16921F0807121F4E64141EA55
:10B748000521156923F4005343EA0533556823F4AA
:10B75800805343EA0533224DA84207D005F5C0556A
:10B76800A84203D005F58065A84204D1956924F460
:10B77800804444EA8514D2684460C161026458E791
:10B78800036A146823F480330362036A416D21F469
:10B79800803121F070010C43116923F4003343EA2E
:10B7A8000143516823F4803343EA01430C4988423A
:10B7B80007D001F5C051884203D001F58061884265
:10B7C80006D14168956921F4803141EA052141603B
:10B7D8004465816DD268090C09041143816528E725
:10B7E800002C01400F4B98420BD14FF0B0431A6C1C
:10B7F80042F480421A641A6C22F480421A640120CE
:10B808007047094B98420AD14FF0B0439A6B42F403
:10B8180000329A639A6B22F400329A63EFE70020B1
:10B82800704700BF003801400044004038B5036845
:10B83800DB0704460D464DD42A69AB6801681343FB
:10B848006A691343EA691343234A0A4013430360AE
:10B858004368EA6823F44053134343608368AA6942
:10B8680023F44073134383601C4B984220D1032078
:10B87800FFF77EFD2B68F0B16A68E2B10B2B15D893
:10B88800174951F82330E969B0FBF3F0B1F5004FDF
:10B898004FEA520319D103EB4003B3FBF2F34FF61F
:10B8A800F0721A40C3F342031343E360012003E03C
:10B8B8000C4B984207D00020E26A2B8822F00F0236
:10B8C8001343E36238BD0C20D2E70344B3FBF2F321
:10B8D8009BB2EAE70020F5E7F369FFEF0038014083
:10B8E80004DA00080044004008B5C0F3C7537F3BA2
:10B8F800162B014615DC002B02460BDB0B481841C2
:10B90800014205D04FF480011941114421EA000198
:10B91800084608BD013300F00041F9D141F07E51DD
:10B92800F6E7802BF4D1F5F709F808BDFFFF7F0093
:10B9380070B50D4D0D4C641BA4100026A64209D10C
:10B948000B4D0C4C00F07EF8641BA4100026A64298
:10B9580005D170BD55F8043B98470136EEE755F818
:10B96800043B98470136F2E734DA000834DA000875
:10B9780034DA00083CDA0008034611F8012B03F812
:10B98800012B002AF9D1704710B5024614781346E6
:10B998000132002CFAD1013B11F8012B03F8012FD9
:10B9A800002AF9D110BDC9B20346184613F8012B75
:10B9B80012B18A42F9D17047002918BF0020704798
:10B9C8000A44914200F1FF3300D1704710B511F8D5
:10B9D800014B03F8014F9142F9D110BD10B56AB17E
:10B9E8000139841810F8012B11F8013F9A4203D14C
:10B9F800A04201D0002AF5D1D01A10BD1046FCE7AC
:10BA0800884210B501EB020402D98442234607D8C4
:10BA1800431EA14208D011F8012B03F8012FF8E7C3
:10BA2800024401468A4200D110BD13F8014D02F8C4
:10BA3800014DF7E702440346934200D1704703F8EB
:10BA4800011BF9E7F8B500BFF8BC08BC9E46704773
:0CBA5800F8B500BFF8BC08BC9E46704763
:10BA640018120C180101011919011919010606010E
:10BA7400060601030301030301020201020201128B
:10BA84000C01120C00206C0002206A006D0074008E
:10BA94000205010202010000000000000100000094
:10BAA400020000006D696E2C00206D572C00322EB0
:10BAB4003447003931354D003836384D003433338E
:10BAC4004D003730636D003836364D004455414CD7
:10BAD400003F003530487A003331487A0031394824
:10BAE4007A00464C52430046534B003139487A376A
:10BAF4007800011F136F011300D57FAAFE2B815418
:10BB040029FC5683D702A87D52872DF8AC79D30639
:10BB14007BAE04D18550FA2FA471DB0E5A8F25F029
:10BB24008D58F22773A60CD9F623895C08DD77A219
:10BB3400DF0AA07521F45E8B9D48E23763B61CC909
:10BB4400B461CB1E4A9F35E0CF1AB06531E44E9BF9
:10BB5400E633994C18CD67B239EC4693C712B86DE9
:10BB640010C56FBAEE3B91446BBE14C19540EA3FD9
:10BB740042973DE8BC69C316EF3A904511C46EBBC9
:10BB8400C613B96C38ED4792BD68C21743963CE9B9
:10BB94009441EB3E6ABF15C04B9E34E1B560CA1FA9
:10BBA40062B71DC89C49E33619CC66B3E732984D99
:10BBB40030E54F9ACE1BB16472A70DD88C59F32689
:10BBC4005B8E24F1A570DA0F20F55F8ADE0BA17479
:10BBD40009DC76A3F722885DD603A97C28FD578269
:10BBE400FF2A805501D47EAB8451FB2E7AAF05D059
:10BBF400AD78D20753862CF9616263646566676821
:10BC0400696A6B6C6D6E6F70717273747576777828
:10BC1400797A303132333435363738395F232D2E43
:10BC24000000010001000200020002000300040001
:10BC34000500060008000A000C001000140019009A
:10BC44002000280032003F00500064007D009E0068
:10BC5400C800FA003C019001F40176022003E803D5
:10BC6400E204DC05D0076E00690063007600727799
:10BC74000074007477000000000000000000000061
:10BC8400B71900080000000000000000C3190008F4
:10BC940000000000000000009F19000800010204D9
:10BCA400050301020001020503046D6C72732E305A
:10BCB400005365747570537461727453747834529C
:10BCC4007800536574757053746172744D61726B4E
:10BCD40065720021656E6421004449592045373757
:10BCE40020453232006D4C525301020304006D4C66
:10BCF400525304030201000A00206972713D780066
:10BD0400206C733D0020727831733D0020727832CC
:10BD1400733D0040504152414D2F706172616D2E50
:10BD240070636B0072785F737461747573206661FD
:10BD3400696C757265006661696C2061002000643D
:10BD44006F5F7265636569766528292043484543BA
:10BD54004B5F4552524F525F53594E43574F5244D3
:10BD6400005378206E6F74206F6B002E004952517F
:10BD740020544D4F204641494C00495251205258BD
:10BD840020444F4E45204641494C004952512054CD
:10BD94005820444F4E45204641494C0000000000C5
:10BDA4000000000099210008B12100084D29000875
:10BDB4007929000897290008DD2500083B1A0008A6
:10BDC400091B00080000000000000000211A000800
:10BDD4002F2D0008052C0008452B00081B2B0008FC
:10BDE400211B0008A92B00083D1B0008752B000827
:10BDF400611B00080000000000000000211A000878
:10BE0400752F0008231A0008251A0008932E00082D
:10BE1400291A00082D1A0008311A0008331A0008DC
:10BE2400371A00080000000000000000934D0008CD
:10BE3400314E0008154E0008F54D000800000000C2
:10BE440000000000211A00087D1B0008231A0008C6
:10BE5400251A0008C17B00083D7C000835630008F2
:10BE6400A5630008331A0008371A0008414E474CEE
:10BE74004500484F52495A4F4E004E415620414CBE
:10BE840054484F4C440048454144494E4720484F8C
:10BE94004C440048454144465245450048454144C8
:10BEA40041444A0043414D53544142004E415620BF
:10BEB400525448004E415620504F53484F4C440072
:10BEC4004D414E55414C00424545504552004C456C
:10BED4004453204F4646004C4947485453004F535F
:10BEE40044204F46460054454C454D455452590054
:10BEF4004155544F2054554E4500424C41434B420A
:10BF04004F58004641494C53414645004E41562046
:10BF1400575000414952204D4F444500484F4D452C
:10BF240020524553455400474353204E4156004642
:10BF3400505620414E474C45204D495800535552C8
:10BF44004641434500464C415045524F4E005455DE
:10BF5400524E20415353495354004E4156204C41B4
:10BF6400554E434800534552564F204155544F5463
:10BF740052494D0043414D45524120434F4E545286
:10BF84004F4C20310043414D45524120434F4E54C4
:10BF9400524F4C20320043414D45524120434F4EB5
:10BFA40054524F4C2033004F534420414C542031C1
:10BFB400004F534420414C542032004F53442041FD
:10BFC4004C542033004E415620434F555253452084
:10BFD400484F4C44004D43204252414B494E470088
:10BFE400555345523100555345523200555345522D
:10BFF40033005553455234004C4F49544552204365
:10C0040048414E4745004D5350205243204F56451A
:10C0140052524944450050524541524D00545552E4
:10C02400544C45004E415620435255495345004116
:10C0340055544F204C4556454C205452494D0057B9
:10C044005020504C414E4E455200534F4152494EA0
:10C0540047004D495353494F4E204348414E4745AD
:10C0640000424545504552204D555445004D554CD0
:10C0740054492046554E4354494F4E004D49584566
:10C08400522050524F46494C452032004D495845A4
:10C0940052205452414E534954494F4E00414E4749
:10C0A4004C4520484F4C4400800CD007B704C71BB4
:10C0B400800CB7040410020A0B06972304100B0625
:10C0C4000000000000000000A8D400082B130000AA
:10C0D40080D400080A0000000000000000000000F6
:10C0E400000000000000000000000000000000004C
:10C0F400800080FF000001000A000A000E00190001
:10C104001400640016009E006162636465666768DB
:10C11400696A6B6C6D6E6F70717273747576777813
:10C12400797A303132333435363738395F232D2E2E
:10C134000000000000070E091C1B1215383F3631A1
:10C1440024232A2D70777E796C6B6265484F4641B3
:10C1540054535A5DE0E7EEE9FCFBF2F5D8DFD6D1A3
:10C16400C4C3CACD90979E998C8B8285A8AFA6A193
:10C17400B4B3BABDC7C0C9CEDBDCD5D2FFF8F1F683
:10C18400E3E4EDEAB7B0B9BEABACA5A28F88818673
:10C1940093949D9A2720292E3B3C35321F18111663
:10C1A40003040D0A5750595E4B4C45426F68616653
:10C1B40073747D7A898E878095929B9CB1B6BFB843
:10C1C400ADAAA3A4F9FEF7F0E5E2EBECC1C6CFC833
:10C1D400DDDAD3D4696E676075727B7C51565F5823
:10C1E4004D4A4344191E171005020B0C21262F2813
:10C1F4003D3A33344E49404752555C5B7671787F03
:10C204006A6D64633E39303722252C2B0601080FF2
:10C214001A1D1413AEA9A0A7B2B5BCBB9691989FE2
:10C224008A8D8483DED9D0D7C2C5CCCBE6E1E8EFD2
:10C23400FAFDF4F3000000003209000000000000E1
:10C24400010000007C2B0000000000000200000040
:10C25400890C00000000000004000000ED0E030C37
:10C264000D00000005000000D91C010000000000C2
:10C274000600000068030000000000000700000042
:10C284007720000000000000080000007524000072
:10C29400000000000B00000059060104000000002B
:10C2A40014000000D614030203000000150000006F
:10C2B4009F0203000100000016000000DC190000CA
:10C2C4000000000017000000A81703040500000088
:10C2D40018000000183400000000000019000000DD
:10C2E40017650000000000001A000000AA180000F2
:10C2F400000000001B000000901D00000000000072
:10C304001C00000043100000000000001D0000009D
:10C3140073100000000000001E000000271C000035
:10C32400000000001F000000F630000000000000C4
:10C3340020000000B91C00000000000021000000E3
:10C34400681C00000000000022000000ED16000040
:10C354000000000023000000F416000000000000AC
:10C3640024000000DE25000000000000250000007D
:10C37400D407030405000000260000000907030495
:10C384000500000027000000FE2603202100000015
:10C3940028000000E6050302030000002900000055
:10C3A4001C040302030000002A0000001C12000009
:10C3B400000000002B0000008403030001000000C3
:10C3C4002C000000DD090302030000002D00000022
:10C3D400E8030300010000002E0000000B0200002F
:10C3E400000000002F000000990803000100000075
:10C3F400300000002915010C00000000310000008D
:10C404002714000000000000320000004E25031233
:10C414001300000033000000C40503020300000001
:10C424003500000003050000000000003600000095
:10C434000F1B031819000000370000000319000047
:10C44400000000003D000000A748000000000000BC
:10C454003E000000B71A0000000000003F0000008A
:10C4640077B500000000000040000000BFE10000BC
:10C474000000000041000000762A000000000000D7
:10C484004200000094060302030000004300000081
:10C49400150400000000000045000000F31E010A1E
:10C4A40000000000460000007C260310110000007C
:10C4B4004900000026260320210000004A00000055
:10C4C40014140000000000004B0000009E23031E13
:10C4D4001F0000004C0000009821031E1F000000F4
:10C4E4004D0000008F0A03080900000050000000FE
:10C4F4000E04030203000000510000006A1600004D
:10C504000000000052000000313303242500000025
:10C514005300000016250000000000005400000035
:10C524008F35033233000000550000008C330000C7
:10C5340000000000560000000535033233000000FF
:10C54400570000009633000000000000590000006E
:10C55400E71C0000000000005A000000B73800008B
:10C56400000000005B0000003F2A00000000000003
:10C574005C00000036210000000000005D000000A7
:10C584002F5100000000000064000000AF220000F2
:10C594000000000065000000667500000000000057
:10C5A400660000009E7500000000000067000000A7
:10C5B400D03900000000000068000000387400005A
:10C5C40000000000690000005D3F00000000000062
:10C5D4006A0000008A2C0000000000006B000000CC
:10C5E4006C410000000000006C000000205C0000B2
:10C5F400000000006D000000B90900000000000008
:10C604006E00000054FE0301020000006F000000F1
:10C61400221203101100000070000000AE0C000094
:10C6240000000000710000007C27000000000000F2
:10C6340072000000ED2C00000000000073000000F8
:10C644000440000000000000740000004C180000CA
:10C6540000000000750000008006030405000000CF
:10C6640076000000380E0000000000007700000093
:10C67400740C030A0B0000007800000086610000BF
:10C684000000000079000000ED020300010000003A
:10C694007A000000CB020300010000007B000000D0
:10C6A400FA710300010000007C000000573900000B
:10C6B400000000007D000000CB0600000000000028
:10C6C4007E000000DC51034F500000007F0000009A
:10C6D400192300000000000080000000E223000095
:10C6E40000000000810000002E180000000000007F
:10C6F400820000001D0D0000000000008300000007
:10C70400DFFF000000000000840000005527000047
:10C714000000000085000000061200000000000078
:10C7240086000000E52B00000000000087000000E8
:10C73400CB08000000000000880000000116000083
:10C744000000000089000000C31000000000000089
:10C754008A0000006D780000000000008B000000DB
:10C76400A82B03292A0000008C000000B529000032
:10C77400000000008D0000002F20000000000000D9
:10C784008E00000048F30000000000008F0000004D
:10C794008310000000000000900000007F5D000096
:10C7A4000000000092000000676400000000000028
:10C7B400930000009A36000000000000940000007E
:10C7C400B24E00000000000095000000C83C0000CC
:10C7D4000000000096000000862A0000000000000F
:10C7E40097000000DB080306070000009800000023
:10C7F400D00800000000000099000000BC0C0000FC
:10C80400000000009A000000540F03060700000017
:10C814009B000000160D0304050000009C000000AE
:10C8240013060300010000009D000000150F030C17
:10C834000D0000009E000000860F030C0D00000098
:10C84400A00000004E0C030809000000A100000035
:10C854004403030001000000A2000000BD09000021
:10C8640000000000A30000007F1C00000000000086
:10C87400A40000009A2C000000000000A5000000A5
:10C884001503000000000000A600000015090000C8
:10C8940000000000A7000000901600000000000047
:10C8A400A8000000010C000000000000A900000026
:10C8B400EA12000000000000AA0000004922000063
:10C8C40000000000AB000000B542000000000000C2
:10C8D400AC0000001662000000000000AD00000083
:10C8E4005308000000000000AE000000A730000064
:10C8F40000000000AF0000008A13030E0F000000C8
:10C90400B0000000EA03030001000000B1000000D1
:10C91400F014000000000000B20000002F18000016
:10C9240000000000B3000000BD1D011A000000005B
:10C93400B4000000342F012A00000000B5000000FC
:10C94400AE04000000000000B6000000E52800006E
:10C9540000000000B70000005502030001000000C1
:10C96400B80000009FCE030405000000B9000000D9
:10C97400BA07030405000000BA000000481D0300C4
:10C9840001000000BF0000005C1B0000000000006C
:10C99400C00000002436000000000000C1000000B8
:10C9A400471A000000000000C200000062210000DD
:10C9B40000000000C3000000782500000000000013
:10C9C400C8000000862A032829000000C9000000CE
:10C9D400CD0E030C0D000000D60000004508030630
:10C9E40007000000D70000006503000000000000FD
:10C9F400D80000003203030001000000D900000049
:10CA0400CA06000000000000DA000000110703005D
:10CA140001000000DB000000A20200000000000092
:10CA2400DC0000002220000000000000DD00000007
:10CA3400472A000000000000DE0000000F03000091
:10CA440000000000DF000000772F032A2B00000005
:10CA5400E0000000662D032A2B000000E100000026
:10CA6400D049000000000000E2000000CF080000F0
:10CA740000000000E6000000A32A000000000000FF
:10CA8400E70000006928000000000000E800000042
:10CA94009741000000000000E900000023B60000F8
:10CAA40000000000EA0000009628000000000000DA
:10CAB400EB000000B32A000000000000F1000000B9
:10CAC4005A20000000000000F2000000683C000052
:10CAD40000000000F3000000553D01340000000098
:10CAE400F40000005F06000000000000F5000000F4
:10CAF4008202000000000000F6000000B8260000DA
:10CB040000000000F70000005113000000000000C6
:10CB1400F800000008FE030304000000F900000010
:10CB2400CC24000000000000FA000000311E0000C8
:10CB340000000000FB000000AA120000000000003A
:10CB4400FC0000002C12000000000000FD000000AA
:10CB54005336000000000000FE0000002E09000013
:10CB64000000000000010000472A0308090000003B
:10CB74000101000083090000000000000201000020
:10CB8400BBE8030001000000030100005CED0000AD
:10CB94000000000004010000920E000000000000EC
:10CBA40005010000B33D0000000000000601000084
:10CBB4000C170000000000000701000085FF0000C2
:10CBC4000000000008010000312000000000000007
:10CBD400090100001A140000000000000A0100000E
:10CBE400C1FF0302030000000B01000023FF030246
:10CBF400030000000C0100000E0403020300000007
:10CC04000D0100006DD70000000000000E010000BF
:10CC14003B140000000000000F0100001635000066
:10CC240000000000130100007E200000000000004E
:10CC34001401000012320000000000001501000081
:10CC44003E1E000000000000180100004621000004
:10CC54000000000019010000300D00000000000079
:10CC64001A0100007B230320210000001B010000A7
:10CC74004A910000000000001C0100006320031E14
:10CC84001F0000001D010000893103262700000059
:10CC94001E010000D2390332330000001F010000DE
:10CCA40001170314150000002001000014170314D9
:10CCB4001500000022010000FB2E0000000000000F
:10CCC400230100000A3900000000000024010000D4
:10CCD400E3DF03181900000027010000EA0C00003C
:10CCE40000000000280100003223000000000000C2
:10CCF4002B01000013620000000000002C01000062
:10CD0400D9160000000000002D010000F33A0000D5
:10CD140000000000360100001C11000000000000AB
:10CD2400370100005F7400000000000040010000B3
:10CD3400F314030203000000410100005802030041
:10CD44000100000042010000F39500000000000013
:10CD5400430100004E930300010000004401000061
:10CD640084920000000000004A01000017A70000A0
:10CD7400000000004B0100005BE90000000000001F
:10CD84004C010000ECEF0000000000004D01000029
:10CD9400E76D0000000000004E010000480A00009A
:10CDA400000000004F010000E11800000000000036
:10CDB40050010000F5540000000000005301000081
:10CDC400C705000000000000540100006346000095
:10CDD4000000000059010000D11503020300000007
:10CDE4005E010000E8FC0000000000006201000099
:10CDF400D20E030C0D00000063010000060C0000BD
:10CE040000000000680100000B1900000000000091
:10CE1400690100005D2100000000000071010000B4
:10CE24009718000000000000720100004B6D000024
:10CE340000000000730100000A1A00000000000056
:10CE4400740100001A8C000000000000750100004D
:10CE5400752A00000000000077010000FB8C000030
:10CE64000000000078010000C70800000000000076
:10CE74007C010000E81400000000000081010000B3
:10CE84009385030203000000820100008410030460
:10CE940005000000830100000448030405000000AD
:10CEA4008401000008250320210000008601000001
:10CEB4009CF00000000000008B01000000D4000082
:10CEC400000000008C01000032A0000000000000FF
:10CED4008D010000B66C000000000000900100000D
:10CEE4006EFE03040500000091010000B706030470
:10CEF400050000009A010000A035000000000000B9
:10CF04009B0100006A030000000000009C01000077
:10CF140021060304050000009D0100004D070304E1
:10CF2400050000009E0100006D10000000000000DC
:10CF34009F010000A110000000000000A4010000F7
:10CF44001449030607000000B3010000862E000008
:10CF540000000000B4010000C1090000000000004E
:10CF6400B50100001E01000000000000B80100002F
:10CF74004223000000000000B9010000A9110000D4
:10CF840000000000FE010000F56A0000000000003F
:10CF9400FF0100001C470000000000000002000028
:10CFA400B802000000000000421F0000DA10000078
:10CFB40000000000431F0000E729000000000000FB
:10CFC400441F0000AC62000000000000451F000088
:10CFD400FB26000000000000461F0000610E000058
:10CFE40000000000471F0000402000000000000077
:10CFF400481F0000EA21000000000000491F000053
:10D0040090100000000000004A1F00009B2900004F
:10D01400000000004B1F0000146600000000000028
:10D024004C1F000036100000000000004D1F0000DF
:10D03400DE2E0000000000004E1F0000C80E00009D
:10D04400000000004F1F000017180000000000003F
:10D05400501F00009512000000000000282300006B
:10D0640071890000000000002D23000075220000DB
:10D074000000000011270000D1140000000000008F
:10D0840012270000BA290000000000001327000046
:10D0940004010000000000001427000085090000BE
:10D0A40000000000152700006709000000000000D0
:10D0B40016270000C104000000000000172700002C
:10D0C400471100000000000018270000F00E0000C7
:10D0D40000000000A7270000C35500000000000066
:10D0E400F82A00008634030405000000F92A000031
:10D0F4000F88000000000000FA2A0000EAB40304CC
:10D1040005000000FB2A00004005000000000000AC
:10D11400FC2A00000BE8030809000000FD2A0000B7
:10D124005DE6000000000000022B00002E3100002C
:10D1340000000000032B00006A2C00000000000027
:10D144000C2B0000CD10000000000000162B000086
:10D15400902C000000000000172B0000852C00001C
:10D1640000000000182B0000552C000000000000F7
:10D17400192B0000C3250310110000001A2B000016
:10D184004F050000000000001B2B00008008030472
:10D19400050000001C2B0000B1220000000000006C
:10D1A4001D2B0000821C0000000000001E2B00004C
:10D1B4002F260000000000001F2B00008E09000035
:10D1C40000000000202B0000842C00000000000060
:10D1D400212B0000D02C000000000000222B0000B6
:10D1E400C92C000000000000232B0000C12C00000B
:10D1F40000000000242B0000BD2C000000000000F3
:10D20400342B0000A24E0000000000006432000035
:10D21400722C03000100000065320000FE3B031E77
:10D224001F000000663200008C3503040500000076
:10D2340067320000F92E030001000000683200008C
:10D244004D36031C1D00000069320000312B030021
:10D2540001000000733200005EF9030001000000C9
:10D26400763200008B3300000000000077320000AB
:10D2740007120310110000007832000014050000AA
:10D28400000000006842000067B3000000000000D6
:10D29400FE4200001A21000000000000FF420000CE
:10D2A40048100000000000000143000013110000BA
:10D2B40000000000024300005911000000000000BB
:10D2C400034300001B0A00000000000004430000A8
:10D2D4000E5B00000000000005430000BB5400008A
:10D2E40000000000064300006A180000000000006F
:10D2F40010A40000E30100000000000011A40000DD
:10D30400EF2E00000000000051C30000F6200000D2
:10D314000000000052C30000B5F600000000000049
:10D3240053C300003E1300000000000054C300007B
:10D33400F00A03080900000055C30000980603041E
:10D344000500000020CB00000D6400000000000078
:10D3540021CB0000EF0100000000000015CD00000B
:10D36400F01100000000000016CD0000584E00002F
:10D374000000000017CD0000605500000000000010
:10D3840018CD0000B11C00000000000019CD000001
:10D39400D73200000000000078CD0000B52603203D
:10D3A4002100000079CD0000662400000000000088
:10D3B40060EA000004160314150000006AEA000085
:10D3C400D0210000000000006BEA0000B707000055
:10D3D400000000006CEA0000632403202100000028
:10D3E4006DEA000081180314150000006EEA0000C5
:10D3F400860803040500000074EA0000CA04000063
:10D404000000000088EA00009CF500000000000015
:10D4140089EA0000BFFF0000000000008DEA000060
:10D424000E170302030000008EEA0000AB1C030881
:10D43400090000008FEA0000370700000000000028
:10D4440091EA0000610C00000000000092EA000074
:10D45400DC0E00000000000093EA0000F518000054
:10D464000000000094EA0000652C000000000000A9
:10D4740095EA00002D060000000000006666F43501
:10D48400CCCCFC353333053699990D36000016366D
:10D4940066661E36CCCC263633332F36999937360A
:10D4A400000040366666663800007038999979380D
:10D4B40033338338CCCC8C38666696380000A03879
:10D4C4009999A9383333B338CCCCBC386666C6389E
:10D4D4000000D0389999D9383333E338CCCCEC38C0
:10D4E4006666F638000000399999093933331339DF
:10D4F400CCCC1C3966662639000030399999393903
:10D5040033334339CCCC4C39666656390000603924
:10D514009999693933337339CCCC7C396666863949
:10D5240000009039999999393333A339CCCCAC396B
:10D534006666B6390000C0399999C9393333D3398D
:10D54400CCCCDC396666E6390000F0399999F939B2
:10D554000000891112239B322446AD573665BF74EF
:10D56400488CC19D5AAFD3BE6CCAE5DB7EE9F7F89F
:10D574008110080193331A22A5562C47B7753E64CF
:10D58400C99C408DDBBF52AEEDDA64CBFFF976E87F
:10D5940002218B30100299132667AF763444BD55AF
:10D5A4004AADC3BC588ED19F6EEBE7FA7CC8F5D95F
:10D5B40083310A2091121803A7772E66B5543C458F
:10D5C400CBBD42ACD99E508FEFFB66EAFDD874C93F
:10D5D40004428D5316619F702004A9153227BB366F
:10D5E4004CCEC5DF5EEDD7FC6888E1997AABF3BA1F
:10D5F40085520C4397711E60A1142805B3373A264F
:10D60400CDDE44CFDFFD56ECE9986089FBBB72AAFE
:10D6140006638F7214409D512225AB343006B9172E
:10D624004EEFC7FE5CCCD5DD6AA9E3B8788AF19BDE
:10D6340087730E6295501C41A3352A24B11638070E
:10D64400CFFF46EEDDDC54CDEBB962A8F99A708BBE
:10D65400088481951AA793B62CC2A5D33EE1B7F0EE
:10D664004008C919522BDB3A644EED5F766DFF7C9E
:10D67400899400859BB712A6ADD224C3BFF136E0CE
:10D68400C1184809D33B5A2AE55E6C4FF77D7E6C7E
:10D694000AA583B4188691972EE3A7F23CC0B5D1AE
:10D6A4004229CB38500AD91B666FEF7E744CFD5D5E
:10D6B4008BB502A499961087AFF326E2BDD034C18E
:10D6C400C3394A28D11A580BE77F6E6EF55C7C4D3E
:10D6D4000CC685D71EE597F42880A1913AA3B3B26E
:10D6E400444ACD5B5669DF78600CE91D722FFB3E1E
:10D6F4008DD604C79FF516E4A9902081BBB332A24E
:10D70400C55A4C4BD7795E68E11C680DF33F7A2EFD
:10D714000EE787F61CC495D52AA1A3B03882B1932D
:10D72400466BCF7A5448DD59622DEB3C700EF91FDD
:10D734008FF706E69DD414C5ABB122A0B99230830D
:10D74400C77B4E6AD5585C49E33D6A2CF11E780FBD
:10D75400A08601000B19000050C300001000041043
:10D7640000005B0101000000B01D000096FF0000F6
:10D774000506010C015B00009033000091FF0000DE
:10D784000606010C015B00002058000090FF000019
:10D794001DC000080000000070BE00080200000068
:10D7A40076BE0008030000007EBE000804000000EE
:10D7B4008ABE00080500000097BE000806000000AD
:10D7C400A0BE0008FF000000A8BE0008FF00000083
:10D7D400B0BE000807000000B8BE00080800000042
:10D7E400C4BE000809000000CBBE0008FF00000012
:10D7F400D2BE0008FF000000DBBE0008FF000000EE
:10D80400E2BE0008FF000000EABE0008FF000000BE
:10D81400F4BE00080A000000FEBE0008FF0000007D
:10D8240007BF00080100000010BF00080B00000043
:10D8340017BF00080C00000020BF0008FF00000014
:10D844002BBF0008FF00000033BF0008FF000000EA
:10D8540041BF0008FF00000049BF00080D000000A0
:10D8640052BF00080E0000005EBF00080F00000059
:10D8740069BF0008FF00000078BF0008FF00000037
:10D8840089BF0008FF0000009ABF0008FF000000E5
:10D89400ABBF0008FF000000B5BF0008FF00000098
:10D8A400BFBF0008FF000000C9BF0008100000004F
:10D8B400D9BF0008FF000000E4BF0008FF0000001B
:10D8C400EABF0008FF000000F0BF0008FF000000EE
:10D8D400F6BF0008FF000000FCBF0008FF000000C6
:10D8E4000AC00008FF0000001AC00008FF00000082
:10D8F40021C000081100000028C000081200000028
:10D9040033C00008FF00000043C00008FF0000000F
:10D914004EC000081300000056C00008FF000000BD
:10D9240065C00008FF00000071C00008FF0000008F
:10D9340080C00008FF00000090C00008FF00000045
:10D94400A1C0000814000000000000000000000056
:10D95400E9900008EB900008EF900008F3900008AD
:10D9640001000000030000000500000001000000A9
:10D9740001000000060000000A0000002000000072
:10D984000200000004000000080000001000000075
:10D9940040000000800000000001000000020000C0
:10D9A4000000000000000000000000000000000073
:10D9B4000100000002000000030000000400000059
:10D9C400A0860100400D0300801A060000350C00FB
:10D9D40040420F0080841E0000093D0000127A00BE
:10D9E4000024F40000366E010048E801006CDC02FB
:10D9F4000000000000000000000000000000000023
:10DA04000100000002000000040000000600000005
:10DA1400080000000A0000000C00000010000000D4
:10DA24002000000040000000800000000001000011
:08DA3400D50F0008499000081D
:04DA3C00AD0F000822
:10DA4000D5BC000872BC000875BC000877BC000893
:10DA50006ABC00086CBC00086EBC000870BC000802
:10DA600090BADCFE785634120A00000000BE0008AE
:10DA7000FF00000048BE0008D0BD000800093D00BE
:08DA800001000000100000008D
:040000050800A2A9A4
:00000001FF
