:020000040800F2
:1000000000C001200DCD0008E5CC0008E7CC0008B9
:10001000E9CC0008EBCC0008EDCC000800000000A3
:10002000000000000000000000000000EFCC00080D
:10003000F1CC000800000000F3CC0008F5CC00086B
:100040005DCD00085DCD00085DCD00085DCD0008E8
:100050005DCD00085DCD00085DCD0008418F000832
:100060005DCD00085DCD00085DCD00085DCD0008C8
:100070005DCD00085DCD00085DCD00085DCD0008B8
:100080005DCD00085DCD00085DCD00085DCD0008A8
:100090005DCD0008FDC100085DCD00085DCD000804
:1000A0005DCD00085DCD00085DCD00085DCD000888
:1000B000253800085DCD00085DCD00085DCD000845
:1000C0005DCD00085DCD00085DCD00085DCD000868
:1000D0005DCD0008DD300008452800085DCD000832
:1000E000C98E00085DCD00085DCD00085DCD00081B
:1000F0005DCD00085DCD00085DCD00085DCD000838
:100100005DCD00085DCD00085DCD00085DCD000827
:10011000F53300085DCD00085DCD00085DCD000819
:100120005DCD00085DCD00085DCD00085DCD000807
:100130005DCD00085DCD00085DCD00085DCD0008F7
:100140005DCD00085DCD00085DCD00085DCD0008E7
:100150005DCD00085DCD00085DCD00085DCD0008D7
:100160005DCD00085DCD00085DCD00085DCD0008C7
:100170005DCD00085DCD00085DCD00085DCD0008B7
:100180005DCD00085DCD00085DCD00085DCD0008A7
:100190005DCD000800000000E5C100085DCD00084D
:1001A0005DCD00085DCD00085DCD00085DCD000887
:1001B0005DCD00085DCD00085DCD00085DCD000877
:1001C0005DCD00085DCD00085DCD00085DCD000867
:0801D0005DCD00085DCD0008C3
:1001D80010F8012B11F8013B012A28BF9A42F7D0E9
:1001E800D01A7047034613F8012B002AFBD1181ABE
:1001F8000138704781F0004102E000BF83F00043FE
:1002080030B54FEA41044FEA430594EA050F08BFA9
:1002180090EA020F1FBF54EA000C55EA020C7FEA6D
:10022800645C7FEA655C00F0E2804FEA5454D4EBEA
:100238005555B8BF6D420CDD2C4480EA020281EAB4
:10024800030382EA000083EA010180EA020281EAEC
:100258000303362D88BF30BD11F0004F4FEA01313E
:100268004FF4801C4CEA113102D0404261EB41014D
:1002780013F0004F4FEA03334CEA133302D05242D3
:1002880063EB430394EA050F00F0A780A4F101048F
:10029800D5F1200E0DDB02FA0EFC22FA05F28018C9
:1002A80041F1000103FA0EF2801843FA05F35941AF
:1002B8000EE0A5F120050EF1200E012A03FA0EFC2E
:1002C80028BF4CF0020C43FA05F3C01851EBE37158
:1002D80001F0004507D54FF0000EDCF1000C7EEB75
:1002E80000006EEB0101B1F5801F1BD3B1F5001FB3
:1002F8000CD349085FEA30004FEA3C0C04F10104D2
:100308004FEA445212F5800F80F09A80BCF1004FFA
:1003180008BF5FEA500C50F1000041EB045141EA7C
:10032800050130BD5FEA4C0C404141EB0101013C45
:1003380028BFB1F5801FE9D291F0000F04BF014634
:100348000020B1FA81F308BF2033A3F10B03B3F106
:1003580020020CDA0C3208DD02F1140CC2F10C0296
:1003680001FA0CF021FA02F10CE002F11402D8BFF4
:10037800C2F1200C01FA02F120FA0CFCDCBF41EAC0
:100388000C019040E41AA2BF01EB0451294330BD8F
:100398006FEA04041F3C1CDA0C340EDC04F114046C
:1003A800C4F1200220FA04F001FA02F340EA030043
:1003B80021FA04F345EA030130BDC4F10C04C4F189
:1003C800200220FA02F001FA04F340EA0300294669
:1003D80030BD21FA04F0294630BD94F0000F83F4B3
:1003E800801306BF81F480110134013D4EE77FEA96
:1003F800645C18BF7FEA655C29D094EA050F08BFE2
:1004080090EA020F05D054EA000C04BF19461046C2
:1004180030BD91EA030F1EBF0021002030BD5FEA06
:10042800545C05D14000494128BF41F0004130BD2E
:1004380014F580043CBF01F5801130BD01F0004582
:1004480045F0FE4141F470014FF0000030BD7FEAF5
:10045800645C1ABF194610467FEA655C1CBF0B46F0
:10046800024650EA013406BF52EA033591EA030F07
:1004780041F4002130BD00BF90F0000F04BF0021FF
:10048800704730B54FF4806404F132044FF0000532
:100498004FF0000150E700BF90F0000F04BF0021AB
:1004A800704730B54FF4806404F1320410F0004511
:1004B80048BF40424FF000013EE700BF42004FEA0C
:1004C800E2014FEA31014FEA02701FBF12F07F4389
:1004D80093F07F4F81F06051704732F07F4208BF40
:1004E800704793F07F4F04BF41F40021704730B547
:1004F8004FF4607401F0004521F000411CE700BF93
:1005080050EA010208BF704730B54FF000050AE015
:1005180050EA010208BF704730B511F0004502D516
:10052800404261EB41014FF4806404F132045FEA18
:10053800915C3FF4D8AE4FF003025FEADC0C18BFC1
:1005480003325FEADC0C18BF033202EBDC02C2F1B3
:10055800200300FA03FC20FA02F001FA03FE40EA45
:100568000E0021FA02F11444BDE600BF70B54FF049
:10057800FF0C4CF4E06C1CEA11541DBF1CEA135527
:1005880094EA0C0F95EA0C0F00F0DEF82C4481EA8F
:10059800030621EA4C5123EA4C5350EA013518BFAF
:1005A80052EA033541F4801143F4801338D0A0FB9C
:1005B80002CE4FF00005E1FB02E506F00042E0FB49
:1005C80003E54FF00006E1FB03569CF0000F18BF4F
:1005D8004EF0010EA4F1FF04B6F5007F64F54074F7
:1005E80004D25FEA4E0E6D4146EB060642EAC6218A
:1005F80041EA55514FEAC52040EA5E504FEACE2EF7
:10060800B4F1FD0C88BFBCF5E06F1ED8BEF1004FF9
:1006180008BF5FEA500E50F1000041EB045170BD75
:1006280006F0004646EA010140EA020081EA0301B9
:10063800B4EB5C04C2BFD4EB0C0541EA045170BDB5
:1006480041F480114FF0000E013C00F3AB8014F12F
:10065800360FDEBF002001F0004170BDC4F1000478
:10066800203C35DA0C341BDC04F11404C4F12005F9
:1006780000FA05F320FA04F001FA05F240EA020054
:1006880001F0004221F0004110EBD37021FA04F68A
:1006980042EB06015EEA430E08BF20EAD37070BD44
:1006A800C4F10C04C4F1200500FA04F320FA05F0A3
:1006B80001FA04F240EA020001F0004110EBD370A5
:1006C80041F100015EEA430E08BF20EAD37070BD15
:1006D800C4F1200500FA05F24EEA020E20FA04F3EE
:1006E80001FA05F243EA020321FA04F001F000419D
:1006F80021FA04F220EA020000EBD3705EEA430E0E
:1007080008BF20EAD37070BD94F0000F0FD101F03C
:100718000046400041EB010111F4801F08BF013C75
:10072800F7D041EA060195F0000F18BF704703F0B3
:100738000046520043EB030313F4801F08BF013D3A
:10074800F7D043EA0603704794EA0C0F0CEA1355F6
:1007580018BF95EA0C0F0CD050EA410618BF52EAB0
:100768004306D1D181EA030101F000414FF00000B6
:1007780070BD50EA410606BF1046194652EA4306C4
:1007880019D094EA0C0F02D150EA013613D195EA38
:100798000C0F05D152EA03361CBF104619460AD180
:1007A80081EA030101F0004141F0FE4141F470018A
:1007B8004FF0000070BD41F0FE4141F4780170BD7A
:1007C80070B54FF0FF0C4CF4E06C1CEA11541DBFDF
:1007D8001CEA135594EA0C0F95EA0C0F00F0A7F8E1
:1007E800A4EB050481EA030E52EA03354FEA01310E
:1007F80000F088804FEA03334FF0805545EA131321
:1008080043EA12634FEA022245EA111545EA1065E8
:100818004FEA00260EF000419D4208BF964244F17F
:10082800FD0404F5407402D25B084FEA3202B61A9E
:1008380065EB03055B084FEA32024FF480104FF472
:10084800002CB6EB020E75EB030E22BFB61A7546E6
:1008580040EA0C005B084FEA3202B6EB020E75EB79
:10086800030E22BFB61A754640EA5C005B084FEAE1
:100878003202B6EB020E75EB030E22BFB61A7546AE
:1008880040EA9C005B084FEA3202B6EB020E75EBB9
:10089800030E22BFB61A754640EADC0055EA060E7A
:1008A80018D04FEA051545EA16754FEA06164FEABD
:1008B800C30343EA52734FEAC2025FEA1C1CC0D169
:1008C80011F4801F0BD141EA00014FF000004FF0F6
:1008D800004CB6E711F4801F04BF01430020B4F1B7
:1008E800FD0C88BFBCF5E06F3FF6AFAEB5EB030C6F
:1008F80004BFB6EB020C5FEA500C50F1000041EB6C
:10090800045170BD0EF0004E4EEA113114EB5C0438
:10091800C2BFD4EB0C0541EA045170BD41F480110B
:100928004FF0000E013C90E645EA060E8DE60CEA13
:10093800135594EA0C0F08BF95EA0C0F3FF43BAF30
:1009480094EA0C0F0AD150EA01347FF434AF95EAE7
:100958000C0F7FF425AF104619462CE795EA0C0FCB
:1009680006D152EA03353FF4FDAE1046194622E798
:1009780050EA410618BF52EA43067FF4C5AE50EA72
:1009880041047FF40DAF52EA43057FF4EBAE12E762
:100998004A0011D212F5001211D20DD56FF47873F6
:1009A800B3EB62520ED44FEAC12343F0004343EA4B
:1009B800505323FA02F070474FF00000704750EA96
:1009C800013002D14FF0FF3070474FF00000704700
:1009D8000348044B834202D0034B03B118477047C6
:1009E8007400002074000020000000000548064B39
:1009F8001B1AD90F01EBA301491002D0034B03B115
:100A080018477047740000207400002000000000A0
:100A180010B5064C237843B9FFF7DAFF044B13B13E
:100A28000448AFF300800123237010BD7800002034
:100A380000000000C4EE000808B5054B1BB10549CD
:100A48000548AFF30080BDE80840FFF7CFBF00BFFF
:100A5800000000007C000020C4EE00080022427064
:100A680082700122C270B1FA81F102224909027131
:100A7800032201704271704743788B421FD00129CD
:100A880041700AD0022910D0C1B90123C370817006
:100A980002230371032343717047037843B1012391
:100AA80083700223C3700023F3E70378002BF6D08A
:100AB800022383700023C3700123EAE7FEE770472F
:100AC80082B00B88ADF800304B88ADF802308B88C7
:100AD800ADF80430CB88ADF806300239431C053038
:100AE80013F8012F0DF1080C0CEB4202834232F887
:100AF800082C21F8022FF3D102B0704701448878FE
:100B0800704738B54FF07F33C0F8A03004464FF631
:100B1800FF737F220025A0F8A43080F8A62080F873
:100B2800A950A0F8AA30AC3000F0AFFEA4F8B85035
:100B380038BD37B5154604461146019300F0E5FE69
:100B4800294604F1140000F0E0FE294604F12800CB
:100B580000F0DBFE294604F13C0000F0D6FE2946F1
:100B680004F1500000F0D1FE294604F1640000F0C1
:100B7800CCFE294604F1780000F0C7FE294604F1AE
:100B88008C0000F0C2FE04F1AC00019A4FF4FA7335
:100B98004FF4FA6100F064FE204603B0BDE830402F
:100BA800FFF7AFBF704700F0B7BE143000F0B4BE17
:100BB800283000F0B1BE90F8A43013B990F9A00025
:100BC800704790F9A100704790F8A43013B990F9D4
:100BD800A200704790F9A300704710B5044608F0CA
:100BE80015FC38B104F1140000F09AFE012838BF52
:100BF8000120C0B210BD10B5044608F007FC38B19A
:100C080004F1500000F08CFE012838BF0120C0B26A
:100C180010BD4FF47A71AC3000F03EBE0021AC300C
:100C280000F03ABE08B5AC3000F045FEB0F57A7F6A
:100C3800A8BF4FF47A7020EAE07008BD10B50446EA
:100C480000F044FE04F1140000F040FE04F1280016
:100C580000F03CFE04F13C0000F038FE04F15000C6
:100C680000F034FE04F1640000F03CFE04F178006A
:100C780000F038FE94F8B93013B1013B84F8B9306C
:100C880010BD7F2807D0002807DA10F1800F06D0A2
:100C98004042C0B2704700207047012070477F2053
:100CA800704710B1404240B270477F2070477F289C
:100CB8000FD010F1310F0EDA10F1780F0DDB78300C
:100CC800FE2340B2584323304623B0FBF3F0C0B2B2
:100CD8007047FF207047FE207047002070477F282C
:100CE80005D031B1002806DA4042C0B27047FF2073
:100CF8007047FE207047002070477F2811D010F100
:100D0800310F10DA10F1780F10DB783040F2A96358
:100D180040B2584323304623B0FBF3F0AC3080B2E6
:100D280070470020704740F255707047AC207047FC
:100D380063289FBF40F2A9635843323064239DBFA4
:100D4800B0FBF3F0AC3080B240F2557070474FF40E
:100D5800F063A0F58060584340F2FF7390FBF3F016
:100D680000F5787080B27047FFF7F1BF4FF49663D3
:100D7800A0F58060584340F2FF7390FBF3F000F257
:100D8800DC5080B27047A0F58060D0EB001048BFFF
:100D9800033040F38F007047032812DD0C2812DD62
:100DA8000F2812DD122812DD162812DD192812DD8F
:100DB8001C2812DD1F2812DD2128CCBFFF200620A9
:100DC80070470020704701207047022070470820B4
:100DD800704703207047072070470420704705209C
:100DE8007047000005289ABF014B185CFF20704728
:100DF80060EF00087F281ABF4042C0B20020704749
:100E08007F2811D010F1320F10DA884210DD401A15
:100E18006423C1F1FF21584301F57F01CE31313000
:100E280090FBF1F0C0B27047FF2070476420704714
:100E380000207047014B4140585C704768EF00083C
:100E48005AB110B4054C0A4411F8013B58408A4283
:100E5800205CF9D15DF8044B7047704768EF0008D3
:100E6800002809DB1F2809DC054B33F8100005238F
:100E7800B0FBF3F0C0B2704700207047FA2070470B
:100E880092F00008002805DB212805DC044B33F824
:100E980010007047002070474FF4FA60704700BF99
:100EA80092F00008392808D822280ED9094B23388F
:100EB800C0B2C34003F0010070475F2807D0613813
:100EC80019288CBF0020012070470020704701209E
:100ED800704700BF01EC7F00F8B50246451E461D6D
:100EE80000245F2715F8010FFF2804BF0134E4B27E
:100EF800FFF7D8FF00B92F70AE42F3D1062C04D10A
:100F080019B10B6813608B88938000239371F8BD27
:100F18002DE9F843DFF83490471E441D01250026CB
:100F28004FF0280817F8011F08480DF068FF03461E
:100F380010B1A0EB0903DBB2A3FB05329E19A7424F
:100F4800A5FB0853EED13046BDE8F88368F00008E9
:100F580010B54179A1F13000C3B2092B07D8052398
:100F6800B0FBF3F303EB8303C01AC0B210BD044C0B
:100F780020460DF044FF0028F1D0001BC0B2EEE778
:100F880068F0000870B50446FFF72CF902B2002398
:100F9800551E18B2A84204FA83F104DA265C302EF2
:100FA80003F10103F5D0121A01322046BDE8704062
:100FB8000DF062BF2DE9F047432B28BF432396B0BD
:100FC8000C46154600211A46984607460DF06EFF56
:100FD8000021412205A804910DF068FFDFF87C90FC
:100FE800DFF87CA004EB4505AC4210D104A8FFF75C
:100FF800F9F828B100F158036B44002203F8492C92
:1010080004A938460DF0E4FE16B0BDE8F08734F9BF
:10101800020B47F6FF739842E8D0002812DC5146CD
:1010280068460DF0D5FE04A8FFF7DCF806466846CA
:10103800FFF7D8F80644B045D6D3694604A80DF0A2
:10104800CFFED1E7694680B20BF022FA6846FFF777
:1010580099FF494668460DF0C3FEE4E717EF00081C
:1010680012EF0008F0B589B06D4600242F468E1C9B
:10107800E1B28A4204D83946FFF79CFF09B0F0BDB7
:1010880036F8241025F8021B0134F1E742F21073F8
:101098006421B0FBF3F203FB1200B0FBF1F301FB98
:1010A800130000EB023000EB831080B2704770B57C
:1010B8000E460021054614460DF0F8FE00239AB2AC
:1010C800944200D870BDF25C002AFBD0EA54013388
:1010D800F5E70000072914D8DFE801F00407090B39
:1010E8000D0F11110849FFF7E2BF0849FBE708494E
:1010F800F9E70849F7E70849F5E70849F3E7084930
:10110800F1E70849EFE700BF1CEF000821EF0008EE
:1011180026EF00082BEF000830EF000835EF000835
:101128003AEF00083FEF0008052911D8DFE801F081
:101138000306080A0C0E0749FFF7B9BF0649FBE783
:101148000649F9E70649F7E70649F5E70649F3E7E7
:101158000649F1E741EF000846EF00084BEF0008A9
:1011680050EF000855EF000859EF00083FEF00085E
:1011780070B50E4614460021013205460DF096FE64
:1011880000239AB2944200D870BDF25C002AFBD0CA
:10119800EA540133F5E7914206D19DF900008342F4
:1011A800CCBF00200120704703290DD0032A09D0A5
:1011B800022909D0022A05D0012905D0531E584218
:1011C8005841704701207047002070477D234380B5
:1011D80043F2390309B2C360002301808180C380D0
:1011E80003727047C2680449044B01FB023323F0C1
:1011F8000043C360980F7047FD430300C39E260059
:1012080010B50129044680790ED8042801D8013088
:10121800A071012AE0790BD8042801D80130E071C7
:10122800032925D14B2319E00028F2D00138EFE734
:1012380008B10138E07103290AD1032A18D19DF9B0
:101248000820934208DC3ADA23885B421BB205E0A7
:1012580002290DD1022AF1E7B4F9003062881A4454
:1012680012B27C2A30DD7D226280002222722FE0B9
:101278009142D7D825D3012910D1012A0ED1A279BC
:10128800E3799A4208D302D96FF07C03E6E7204657
:10129800FFF7A8FF0028F7D07D23DFE7B4F90400A3
:1012A800B4F900302288B4F90210002804DB7C2944
:1012B800D4DD524213B2D1E77C31CFDBF9E700230A
:1012C800CCE76FF04A03C9E712F17C0F02DB6280BA
:1012D800A38010BD4FF6837262800122C6E72DE914
:1012E800F0410D4604463522002128460DF0DEFD6A
:1012F80023461022002128460AF0BBFAA31C082224
:10130800102128460AF0B5FAE31C042218212846C1
:101318000AF0AFFA2779202F28BF202706344FF08C
:1013280000080C2606FB08F1B84501F11C0105D39D
:10133800232316FB0730C008BDE8F08123460C22A2
:1013480028460AF096FA08F101080234EAE72DE97E
:10135800F3410D46044640F27912002128460DF06B
:10136800A5FD23462022002128460AF082FA231DE3
:101378000222202128460AF07CFA631D032222213A
:1013880028460AF076FAA31D0322252128460AF0EA
:1013980070FA04F108031022282128460AF069FA95
:1013A80004F110030822382128460AF062FA04F1F1
:1013B80011030822402128460AF05BFA04F11203BF
:1013C8000822482128460AF054FA04F1140320227E
:1013D800502128460AF04DFA04F1180340227021E2
:1013E80028460AF046FA04F120030822B0212846CC
:1013F8000AF03FFA04F121030822B82128460AF02E
:1014080038FA04F12207C0263B463146082228460E
:1014180008360AF02EFAB6F5A07F07F10107F3D1D6
:1014280094F832308DF8073008220DF10703314661
:1014380028460AF01EFA002704F133089DF8073001
:10144800FE009F4206F5A47613D394F83281B8F1D2
:10145800500F28BF4FF05008002704F233144745B7
:1014680006EBC7010ED306EBC800C00802B0BDE802
:10147800F08108EB07030822314628460AF0F9F9FB
:101488000137DBE7E319082228460AF0F2F90137A9
:10149800E5E713B504460846002101602346C0F875
:1014A8000310202201900AF0E4F90198231D02227A
:1014B80020210AF0DEF90198631D032222210AF097
:1014C800D8F90198A31D032225210AF0D2F9019821
:1014D80004F10803102228210AF0CBF9072002B0F2
:1014E80010BDF7B500230C460091072219460546A2
:1014F8000AF086F8631C009301220023072128467E
:101508000AF07EF8AB8A013B03F0FF03102BA370AF
:1015180018D80023E71CA2785E1C93424FEAC60144
:1015280007D3AB8AB3EBD10F14BF0120002003B05F
:10153800F0BD3B4400930822002328460AF060F8D7
:101548003346E8E70120F2E7F8B50D4604467F2266
:10155800002128460DF0AAFC23460822002128462F
:101568000AF087F9631C0722082128460AF081F946
:10157800A31C05220F2128460AF07BF9E31C04224C
:10158800142128460AF075F91822231D1146284609
:101598000AF06FF9267A782E28BF782600270934B2
:1015A800F900B74201F1300103D3F0003730C00829
:1015B800F8BDE319082228460AF05BF90137EFE77E
:1015C800F7B500230C4600910822194605460AF093
:1015D80017F8631C009307220023082128460AF005
:1015E8000FF8A31C0093052201230F2128460AF0B7
:1015F80007F8E31C0093042200231421284609F06D
:10160800FFFF231D1822009311460023284609F0E6
:10161800F7FFAB8A063B03F0FF03782B23721AD837
:10162800002604F10907227AF300964203F13001FB
:1016380008D3AA8A3733B2EBD30F14BF0120002096
:1016480003B0F0BDBB19009308220023284609F017
:10165800D7FF0136E7E70120F2E7000002680449F6
:10166800044B01FB023323F000430360180C70475E
:10167800FD430300C39E2600F0B5002597B0016026
:10168800858004465622294668460DF00FFC01263F
:10169800627CAA4209D80023802104F1B400237493
:1016A80017B0BDE8F0400DF001BC2046FFF7D6FFAB
:1016B800E7797B1B002190FBF3F202FB1300C0B219
:1016C800EC460A46CBB29F421DD80023227B9A42A1
:1016D800DED0A279033A012A04EB050105D925B128
:1016E80091F91120D2B9012BD2D98B74A26852F882
:1016F8002310583304EB85026B440135516303F81A
:10170800586CEDB2C4E71CF801EBBEF1000F03D131
:101718008242DBD00132D2B20131D3E7501E83427C
:10172800E3DB01329342E0DCB2E72DE9F0471546EE
:1017380096B0013D0160027104464371EDB2562234
:10174800002168460DF0B2FB0027022D84BF4FF040
:10175800010900253E464FF0010A94F807809CBF16
:101768004FF00309B8FBF9F8627CB24209D80023AC
:10177800802104F1B400237416B0BDE8F0470DF0E1
:1017880095BB2046FFF76AFFA8EB0603002190FBF4
:10179800F3F202FB1300C0B2EC460A46CBB29845FE
:1017A80006D91CF801EBBEF1000F22D182421ED1EE
:1017B800434528BF4346227B03FB095101F0FF0143
:1017C8008A42D1D016B1B7B9012BCDD9A2191F467B
:1017D8009174A26852F8211004EB86020136516315
:1017E80003F158026A44F6B202F858ACBCE7013279
:1017F800D2B20131D2E77A1E9342E7DB7A1C9342D8
:10180800E4DCB1E70023C0E90133C3600374704727
:10181800F0B5047C0360012C11D944688568C6685A
:10182800141B4FF47A774D1B7C4305FB16442B445D
:1018380094FBF3F33344C360C0E90121F0BD1CB944
:10184800C46001230374F7E743684FF47A74D31A2A
:10185800634384680C1B93FBF4F3C3600223F1E732
:1018680007EE902A0A44F8EE676A07EE902AF8EE27
:10187800677A436086EEA77A07EE903AF8EEE77A41
:1018880080ED007AC0ED027A7047D0ED017AF8EE6B
:10189800E77AC0ED027A704707EE901A90ED027A67
:1018A800D0ED006AF8EEE77A77EEC77AA6EEA77A67
:1018B80080ED027A7047D0ED027AB6EE007A77EEC4
:1018C800877AFDEEE77A17EE900A7047D0E9012390
:1018D8006421D31AC36082604B43418AB3FBF1F39E
:1018E80003747047D0E90123D31AC0E90223704773
:1018F80043682BB1C26864214A43B2FBF3F2D3B206
:1019080003740023C360436070470023C0E90233B7
:1019180041824360037470474368013343607047F2
:10192800007C70474368194441607047072800D914
:10193800FEE7014B185C70470CF10008052800D938
:10194800FEE7014B185C704714F1000870477047B8
:10195800704700207047002070470020704770478C
:10196800002070470020704770470000054BDA6C74
:101978000243DA64DB6C82B003400193019B02B03E
:10198800704700BF00100240054B9A6D02439A65EC
:101998009B6D82B003400193019B02B0704700BF6A
:1019A80000100240054B1A6E02431A661B6E82B085
:1019B80003400193019B02B0704700BF0010024032
:1019C80050E8003F43F0800340E80032002AF7D196
:1019D800704750E8003F23F0400340E80032002AF7
:1019E800F7D1704750E8003F23F0800340E8003209
:1019F800002AF7D1704700000288044B5140C9B251
:101A080033F8113083EA1223038070475C0A010817
:101A1800A2B110B4B0F800C0094C0A4411F8013B57
:101A280083EA0C03DBB2914234F8133083EA1C2CAE
:101A3800A0F800C0F2D15DF8044B7047704700BFB2
:101A48005C0A010837B54FF6FF730446ADF8063057
:101A58004518AC4203D1BDF8060003B030BD14F8F8
:101A6800011B0DF10600FFF7C7FFF2E7044B1888CA
:101A7800044B1B8880B29BB2C01A18BF0120704764
:101A88001A49002018490020044A00231380044AF8
:101A98001380044A1380044A1380704718490020B1
:101AA8001A4900201C4D00201E4D002001207047BF
:101AB800034B0022DA62A3F83428A3F832287047CF
:101AC800081400200278024B51405B5C0370704799
:101AD80040F60008FF230370704700BF704770B5D9
:101AE8000B7803704B7843700B78FD2B05460C463A
:101AF80038D18B788370CB78C3700B7903714B79AD
:101B080043718B7983718B68C3718B68C3F30F231F
:101B180003728B7A43720A26627804F10C01A819C1
:101B28000DF07AF96378B4F80C213344981CEA5420
:101B38005A1CB4F80C1192B2090AA954A278D20717
:101B480080B20ED504F58872054404F58E7452F8F7
:101B5800041B45F8041BA242F9D112782A700F33EE
:101B680098B270BD00238B700B7983704B79C3706A
:101B78008B7903718B6843710626CDE708B52C2253
:101B8800034800210DF092F9024B00221A7008BD9B
:101B9800F4250020780300202DE9F0411378037024
:101BA80092F8018080F80180FD2B04460F46154607
:101BB80054D193788370D378C370137903715379B0
:101BC8004371937983716B7A127A1B0403EB0223B6
:101BD800EA79134423F07F430A26A26863F31702C5
:101BE800A260A919424604F10C000DF015F97A7BA0
:101BF800904507D208F10C00A2EB0802002120440E
:101C08000DF054F963781E44AB195A78AB5D03EBB9
:101C18000223A4F80C31A378DB070ED5023615FA97
:101C280086F304F5887203F10C0153F8040B42F8AB
:101C3800040B8B42F9D11B781370BB7A84F82131DD
:101C4800FB7A84F822313B7B84F823317B7B84F850
:101C580024313B7884F82031BDE8F08100234380AB
:101C680093780371D3784371137983715379062676
:101C7800B3E7000070B50F4C0F4D0646062204F17D
:101C88000A0105F58970FFF773FA237CC3F3030291
:101C9800C3F3031385F81A31637C85F81921C3F35C
:101CA800030385F81B31637ADB0744BF02233373D0
:101CB80070BD00BF013F0020F400002070B504464D
:101CC800BDF81450E2702420237122461B0A2070AC
:101CD800637158202B0AA1706070A57102F8073F44
:101CE800049B59198B420CD16A1D92B2E11C002049
:101CF800FFF7A6F805F10806A05505F1090080B21E
:101D080070BD13F8010B02F8010FEBE70A4A0B4B01
:101D180012680B49A3FB02323220920C00FB02F23C
:101D2800084B486802F5FA72A3FB023292094B6825
:101D38001B1A9A42FBD870474800002083DE1B43D9
:101D4800001000E0D34D621008B5FFF7DFFF024B2B
:101D580010229A6108BD00BF00080048024B1022FB
:101D68009A62FFF7D3BF00BF0008004808B5FFF725
:101D7800CDFF024B4FF480529A6108BD0004004821
:101D8800024B4FF480529A62FFF7C0BF000400482C
:101D980002780A4B90F801C08178D243D2B29A5C9B
:101DA80082EA0C0290F803C09A5C4A40995C027976
:101DB80081EA0C01595C4A40985C704740F600087B
:101DC800F8B53C29BDF81C50044635D0A1F12106D0
:101DD800714271414900D00748BF41F00801E370E2
:101DE80092074FEA13234FF0240248BF41F0100135
:101DF800227023716F222B0AA61C6270A170A37136
:101E080065713046FFF7C4FF2246069B02F8070FAC
:101E180059198B4212D1A91D89B23046FFF712FE1B
:101E280005F1080705F109039BB2E055000AE054E3
:101E380005F10A0080B2F8BD0121CCE713F8010BC7
:101E480002F8010FE5E70000074B084A5B6A02F554
:101E5800006353E8003F43F0200302F5006040E8C8
:101E680000310029F3D170470038014000300140AB
:101E78002DE9F04F0C465188B1F58C7F85B00546A9
:101E880011D300211170D91CC9B2012995BF0121B4
:101E98000023518053809CBF2370117000232B7046
:101EA80005B0BDE8F08F10780E2800F28B8001A6EF
:101EB80056F820F08F1E0008F91E0008211F0008A0
:101EC8003B1F0008CD1F0008CD1F0008CD1F0008CC
:101ED800CD1F0008CD1F0008CD1F0008CD1F00082A
:101EE800CD1F0008CD1F0008CD1F00084D1F00089A
:101EF800481C508063542178FD299BB206D10C33CD
:101F08000A21D380918002231370C7E70833062182
:101F1800D38091800E23F7E7481C50806354D8077C
:101F280042BFD1880D31D180012B8CBF0023032300
:101F3800EAE7002B01F101005080635414BF00232D
:101F48000E23E1E7481C508063545388D1888B42A4
:101F580032D300235380137002232B7069802378B7
:101F6800FD2B35D163792B72A3796B72637A227A50
:101F78001B0403EB0223E27913446B60637803F1DB
:101F88000C026A80A278D10701D519336B8000262C
:101F98006968DFF8F0806E8140F285120C20B31872
:101FA80001335B0800FB03F758F80770B94218D2F1
:101FB8005A1EB242F3D816E092889A423FF66EAFA4
:101FC80001236CE70023137053809380D38066E766
:101FD800E3782B7223796B7263796B6063780833CB
:101FE800D4E71E46E5D80C27774358F807309942BE
:101FF80027D123782046FD2B10F801BF0CBF4FF0E6
:102008000A094FF0060909EB0B03591E89B2474428
:102018000193FFF717FD97F804A0ADF80E0051469D
:102028000DF10E00FFF7E8FC019BE218E35C527823
:1020380003EB0223BDF80E209BB29A4203D005237E
:102048002DE703232BE7BB79DA0706D5FA79934501
:1020580082BF04EB09018A5CAA729B0709D50C238D
:1020680003FB068362781B7A9A4282BF4C44E35C86
:10207800EB720C2303FB068385F80CA05B796B736A
:102088000EE700BF40F70008F0B50546FD2305F848
:102098000C3B85B004468DF8043090F8243103F1E8
:1020A8000C020244012B42D80026637066808DF82A
:1020B80005308B7A23718DF808308B7AADF806607D
:1020C80001338B7263798DF80930A3798DF80A3062
:1020D800A368C3F317031A128DF80B3009211B14D8
:1020E8000DF105008DF80D308DF80C20FFF7AAFCD6
:1020F8006778ADF802003A4629460DF10200FFF76D
:1021080087FC94F82311FFF777FC94F82421BDF895
:102118000230A4F80C31974210D207F10C00D21B00
:102128003146204405B0BDE8F0400CF0BFBE12F8BF
:10213800010D0028B8D1013BDBB2B3E705B0F0BD13
:10214800012B38B50D4614460FD1012A02D00024C0
:10215800204638BD1A4809F046F90028F7D012A3DE
:10216800D3E90023C5E90023F2E7022BEFD1012AC6
:1021780010D040F6B9339A42E9D1124B1C78002CA2
:10218800E5D00F4809F02FF90028E0D008A3D3E9DB
:102198000023E7E70A4809F026F90028D7D106A363
:1021A800D3E90023DEE700BF9E6AC421818A46EE98
:1021B800E9A2A272EAE738B1401DA12026812A0BC4
:1021C800C80300200814002007B503688DF807101D
:1021D8001B6901220DF10701984703B05DF804FB64
:1021E80013B5044608460191FDF7FCFF23680199E1
:1021F8001B6982B2204602B0BDE8104018470000B3
:10220800B0F1904F08B5014607D10120FFF7AEFBAA
:10221800114B99420BD1202014E0104B98420BD05F
:1022280003F58063984209D10420FFF79FFB0C4B0C
:10223800994210D1402005E00220E7E7094B984277
:1022480004D10820BDE80840FFF790BB064B984230
:10225800DED11020F6E708BD00140048000400484D
:1022680000180048000C00480010004808B5254B2D
:10227800984201460DD14FF40060FFF793FB224BC3
:1022880099420FD11020FFF77FFB204B994236D09F
:1022980008BDB0F1804F0DD01D4B98420ED10220E1
:1022A800FFF772FB1B4B99420ED1BDE80840202076
:1022B800FFF76ABB0120FFF767FBE0E7164B984280
:1022C8000BD10420FFF760FB144B994211D14FF456
:1022D8000050BDE80840FFF765BB114B9842CED1CE
:1022E8000820FFF751FB0F4B9942CED14FF4003035
:1022F800EFE70D4B9942F6D14FF48030E9E74FF400
:102308008020E6E7002C0140001000400048014012
:102318000004004000140040000800400034014060
:10232800000C004000440140004001402DE9F0430A
:1023380087B00E46054614460021142201A89DF8D0
:1023480038809DF83C901F460CF0B0FD00960B2C91
:1023580007D8DFE804F007070A1214141416161633
:102368001A1CFEE70323019301E002230493032FC1
:1023780011D8DFE807F0111321110123F6E7012333
:10238800F1E7012301930393F1E70223EBE702232B
:1023980001930123F7E7FEE702230293B8F1100F38
:1023A8000CD8DFE808F02D2D0C11131517191B1D7B
:1023B8001F21232527292B000123EEE7FEE7012310
:1023C8000593022301931EE00223F9E70323F7E7AD
:1023D8000423F5E70523F3E70623F1E70723EFE7EF
:1023E8000823EDE70923EBE70A23E9E70B23E7E7EF
:1023F8000C23E5E70D23E3E70E23E1E70F23DFE7EF
:10240800B8F1000FDDD1B9F1000F02D02846FFF76F
:10241800F7FE053C042C05D8DFE804F0030B0403A1
:102428000B00AE62694628460BF050FF07B0BDE8C6
:10243800F083AE61F6E713B54FF0010C0024CDE947
:10244800004CFFF773FF02B010BD13B50124CDE9AE
:1024580000340323FFF76AFF02B010BD70B586B0E1
:102468000023164604460D46ADF80630FFF7FEFE7B
:10247800042E04D8DFE806F0303404384100FEE7C3
:102488001F4B204A1B68B3FBF2F39BB20022013BAF
:1024980001A92046ADF80430CDE902250492059241
:1024A8000CF06AF9236823F080032360A36823F4FF
:1024B800A03323F00703A360636823F0007323F0BD
:1024C80070036360636823F470036360A36823F098
:1024D8008003A36006B070BD094B0B4A1B68D2E7A6
:1024E800074B0A4A1B68CEE7054B074A1B68B3FB34
:1024F800F2F303EB83035B00C7E70123C6E700BFE2
:102508004800002080A8120140420F0080969800E1
:1025180010B50446FFF7A2FF236843F001032360C8
:1025280010BD00224FF0FF31FFF7F2BF034A034608
:1025380003CA186059601068986070479075FF1F4B
:10254800294B10B5294C5B6823600AF005FC4FF055
:1025580090400BF05BFE26480BF058FE25480BF028
:1025680055FE25480CF024FB24480CF021FB244898
:102578000CF01EFB23480CF01BFB23480CF018FB47
:1025880022480CF07FF822480CF07CF80BF098FFFA
:102598004FF0E02200231F491361536193618A6859
:1025A80022F0030242F001028A6072B64FF0FF3156
:1025B8009A0002F1604202F561420133082BC2F829
:1025C8008010C2F88011F3D162B6134A136823F061
:1025D800070343F001031360034B1B6883F3088868
:1025E80023689847FEE700BF0000FF1F7403002020
:1025F800000400480008004800380140004400403A
:1026080000480040004C00400050004000300140AD
:10261800003C004000100240000001400749084A01
:10262800881AEFF30883521A1A44013A013B984278
:1026380088BF0022AA210CF039BC00BF00C00120CD
:102648000004000010B51148032306220421FFF7F7
:10265800F2FE0E48032302224FF40061FFF7EBFE5F
:1026680003231A4609484FF48061FFF7E4FE074840
:10267800032305220221FFF7DEFEBDE810400348D0
:10268800032305220121FFF7D6BE00BF000400483E
:10269800024B1869C0F38020704700BF000400484F
:1026A80008B5FFF7F5FF00B908BD00BFF9E700005E
:1026B800024B01229A6202229A6170470004004884
:1026C800024B02229A6201229A6170470004004874
:1026D800144801694FF4704321F4704193FAA3F34D
:1026E800B3FA83F3012203F01F0302FA03F30B4347
:1026F80003610D4B5A6822F400625A601A6822F48A
:1027080000621A60DA6822F40062DA609A6842F4B9
:1027180000629A60054BD02283F828234FF4807218
:102728005A607047000001400004014000E100E0E9
:10273800044B4FF400625A611A6842F400621A604E
:10274800704700BF0004014010B50323062208218A
:102758004FF09040FFF76FFE0222114603234FF01F
:102768009040FFF768FE03231A4604214FF090407B
:10277800FFF761FE0748032305224FF40041FFF7E6
:102788005AFEBDE810400348032305224FF4804158
:10279800FFF751BE000800484FF090431869C0F396
:1027A8008000704708B5FFF7F7FF00B908BD00BF04
:1027B800F9E70000034B4FF480429A624FF400425D
:1027C8009A61704700080048034B4FF400429A6230
:1027D8004FF480429A617047000800480F4A936896
:1027E800F02123F0F00391FAA1F193600C4B5A68A1
:1027F80022F002025A601A6822F002021A60DA68AD
:1028080022F00202DA609A6842F002029A60054BEE
:10281800D02283F8072380221A6070470000014005
:102828000004014000E100E0034B02225A611A68EB
:1028380042F002021A607047000401400E48C36962
:102848001A0617D503681B0614D50C4B0C4A1988B1
:10285800138889B29BB299420AD013880133DBB23C
:1028680013801388074A9BB2D35CDBB2836270473C
:10287800FFF7B8B8704700BF004400401641002079
:10288800144100201340002009490A4A08B50B8862
:1028980012880133DBB292B29A4207D0064AD0546A
:1028A80006480B80FFF78CF8012008BD0020FCE7E4
:1028B800164100201441002013400020004400402D
:1028C80038B504464518AC4200D138BD14F8010BA0
:1028D800FFF7DAFFF7E708461146FFF7F1BF0000F8
:1028E80070B588B00C460646154600212022684679
:1028F8000CF0DCFA231E18BF01231B03CDE90235B7
:1029080069460C2303480196049405930CF0A0F93A
:1029180008B070BD0044004010B5064C236823F091
:1029280001032360FFF7DCFF236843F00103236002
:1029380010BD00BF0044004010B5354C236823F09B
:10294800010323604FF40030FFF71EF808231946EF
:1029580030480A22FFF779FD002211462E48FFF77A
:10296800BFFF636823F490436360A36823F02A03DE
:10297800A360236823F0005323604FF0402202F540
:10298800816353E8003F23F0604302F5816040E82B
:1029980000310029F3D14FF0402202F5816353E85A
:1029A800003F23F0606302F5816040E800310029B0
:1029B800F3D11A4BC02283F8262340245C601448C4
:1029C800FFF710F8FFF705F8154B04621980154B4F
:1029D8001980436823F400634360836823F0080385
:1029E8008360436823F480434360836823F02203B1
:1029F8008360836843F480538360036843F0010372
:102A08000360C3699A02FCD5C3695B02F9D510BD9E
:102A18000044004000040048A086010000E100E0F6
:102A28001441002016410020064B1A6822F00102CA
:102A38001A605A6822F400325A601A6842F0010299
:102A48001A6070470044004008B541B14FF4005285
:102A580004484FF48061FFF75FFFFFF7E5FF0120AF
:102A680008BD00BFA086010008B531B1002211469B
:102A78000348FFF751FFFFF7D7FF012008BD00BF4C
:102A88009A5B0600064B1A6822F001021A605A681F
:102A980042F400325A601A6842F001021A60704724
:102AA8000044004008B541B14FF4005204484FF4C7
:102AB8008061FFF731FFFFF7E5FF012008BD00BF88
:102AC800A08601000348002303224FF48071FFF71A
:102AD800B2BC00BF00040048024B1869C0F30020D4
:102AE800704700BF0004004810B50B4C00230522B6
:102AF8004FF480714FF09040FFF79DFC00230522B2
:102B080040212046FFF797FC4FF090434FF4807226
:102B18009A624023A36210BD000800484FF090411C
:102B28004B691A04DB4302F0807203F48073134389
:102B38008B61704705494B691A04DB4302F4800234
:102B480003F0400313438B61704700BF000800483F
:102B580010B5054C0023052280212046FFF76BFCA9
:102B68008023A36210BD00BF00040048034B172850
:102B78004FF08002CCBF9A619A6270470004004807
:102B88001D282DDC1A2807DD022B0CBF022004208B
:102B98001B23087013707047172806DD022B0CBF23
:102BA8006FF0010000201823F3E7132807DD022B3C
:102BB8000CBF6FF005006FF003001423E9E710283D
:102BC80007DD022B0CBF6FF007006FF00600112322
:102BD800DFE7022B0CBF10230E236FF00800D8E7A5
:102BE8000A201E23D5E710B40446084611461A46A3
:102BF800A3685DF8044B5B7AFFF7C2BF10B40446C4
:102C0800084611461A46A3685DF8044B5B7AFFF73D
:102C1800B7BF00000C4BD3F8FC2022F08072C3F839
:102C2800FC20D3F8FC2042F08072C3F8FC20A3F506
:102C38005D431A6822F001021A601A6842F0010224
:102C48001A6000225A60704700ED00E0064A074B00
:102C580051681B6810B5064CB3FBF4F3584353682E
:102C68005B1A8342FBD310BD001000E0480000202F
:102C780040420F007FB50123CDE90413002201A9CA
:102C880002A8CDE902230AF067FC00280CBF042043
:102C9800052007B05DF804FB014608B500200AF0DE
:102CA800A9FB00280CBF0420052008BD08B5FFF7C4
:102CB800E1FF031F5842584108BD08B5FFF7ECFF74
:102CC800031F5842584108BD2DE9F3472A4B2B4DA5
:102CD800012814462A482B4A0E4617BFAA467921CE
:102CE80078211D46019106BF9A46804690460AF013
:102CF8003BFB01992846FFF7D9FF30B900240AF0B9
:102D080045FB204602B0BDE8F087002E08BF4FF40F
:102D1800FC64073424F0070405F11007B146344475
:102D2800AAEB050AA1450BD14FF011324FF0FF3342
:102D38002846FFF7C2FF003818BF01208400DEE7ED
:102D48006EB90AEB0703D3E90023B3F1FF3F08BFCD
:102D5800B2F1FF3F06D1083709F10809E2E7D9E9DE
:102D68000023F2E7B84505D93846FFF7A6FF002843
:102D7800F1D1C3E70324C2E700C0030800C8030871
:102D8800FFCF0308FFC7030810B50AF0EDFA09489A
:102D98007821FFF78BFF58B107487921FFF786FFA5
:102DA800003818BF012084000AF0F0FA204610BD50
:102DB8000446F9E700C0030800C8030830B5084D09
:102DC800002340F2EF749AB2914201D8042030BD3A
:102DD800A34203D05A5DC2540133F4E70320F6E757
:102DE80010C0030813B50A46044672B6019101469D
:102DF8000020FFF769FF62B60428019A05D172B670
:102E080001202146FFF760FF62B602B010BD000046
:102E180038B5124B1C68D3F80058B4F1113F09D1EA
:102E2800B5F1113F17D0002211460120BDE8384006
:102E3800FFF74ABFB5F1113F03D1002211461046F2
:102E4800F4E7FFF7A1FF042804D12C4001340CBF9C
:102E58000220012038BD0420FCE700BF00C00308A1
:102E6800034B18739A68D207FCD5187B704700BFCC
:102E78000038004038B5441E8D18A94200D138BD2D
:102E880014F8010FFFF7ECFF01F8010BF5E708460E
:102E980011461A46FFF7EEBF38B5064D0446014401
:102EA800A14200D138BD2878FFF7DAFF04F8010BFA
:102EB800F6E700BF3C00002008461146FFF7ECBFCC
:102EC80010B5014404468C4200D110BD14F8010B22
:102ED800FFF7C6FFF7E708461146FFF7F1BF000006
:102EE80010B58AB02822002168460BF0DFFF4FF4A6
:102EF8008040FEF749FD4FF480512548254C0323B7
:102F08000622FFF798FA22484FF4805383610A2279
:102F180006234FF40051FFF798FA1D4806230A22AA
:102F28004FF40041FFF791FA1948062303224FF4A2
:102F38008041FFF78AFA182206924FF48272002322
:102F480001924FF40072CDE90333CDE907330093C2
:102F5800059207234FF4E0626946204609930292DE
:102F68000BF0D0FB636823F010036360636823F001
:102F780008036360236843F040032360A3689B074A
:102F8800FCD5237B044BFF221A700AB010BD00BF8A
:102F980000040048003800403C000020034B187330
:102FA8009A68D207FCD5187B704700BF00300140F3
:102FB80038B5441E8D18A94200D138BD14F8010F48
:102FC800FFF7ECFF01F8010BF5E7084611461A4632
:102FD800FFF7EEBF38B5064D04460144A14200D1C3
:102FE80038BD2878FFF7DAFF04F8010BF6E700BFD1
:102FF8003D00002008461146FFF7ECBF10B501441C
:1030080004468C4200D110BD14F8010BFFF7C6FF2F
:10301800F7E708461146FFF7F1BF000010B58AB080
:10302800294C2822002168460BF040FF4FF48050BD
:10303800FEF7B8FC1021204603230622FFF7FBF910
:103048001023A3610A22062320214FF09040FFF7A6
:10305800FCF906230A2280214FF09040FFF7F5F98A
:103068000623032240214FF09040FFF7EEF9182283
:10307800164C06924FF48272002301924FF40072AC
:10308800CDE90333CDE907330093059207234FF4C5
:10309800E06269462046099302920BF033FB6368AD
:1030A80023F010036360636823F0080363602368F8
:1030B80043F040032360A3689B07FCD5237B044BA4
:1030C800FF221A700AB010BD000800480030014005
:1030D8003D0000201C4B10B4DC69A00611D51A680D
:1030E80091060ED519481A495A6A03880988013386
:1030F800C3F30A0389B299421FBF1649D2B2CA5410
:10310800038011481F232206036215D503681B0696
:1031180012D5114B114A1988138889B29BB299426A
:103128000DD013880133C3F30903138013880C4AA5
:103138009BB2D35CDBB283625DF8044B70475DF8E9
:10314800044BFEF74FBC00BF003801401A4900206D
:1031580018490020184100201E4D00201C4D002059
:103168001C4900200A490B4A08B50B88128801330C
:10317800C3F3090392B29A4207D0074AD0540748CA
:103188000B80FEF71DFC012008BD0020FCE700BFF6
:103198001E4D00201C4D00201C4900200038014015
:1031A80038B504464518AC4200D138BD14F8010BB7
:1031B800FFF7D8FFF7E708461146FFF7F1BF000011
:1031C800054B064A1B8810880133C3F3090380B2F4
:1031D800181A18BF012070471E4D00201C4D0020F2
:1031E80008B5FFF7EDFFB0FA80F0400908BD000010
:1031F800054B064A1B8812889B1A98B21B0444BFC9
:1032080000F5006080B270471A4900201849002074
:10321800FFF7EEBF0848094A0188138889B29BB2B4
:103228009942F9D013880133C3F30A031380138832
:10323800034A9BB2D05C70471A4900201849002005
:1032480018410020FFF7E6BF70B588B00C46064667
:1032580015460021202268460BF028FE231E18BFC1
:1032680001231B03CDE9023569460C230348019667
:10327800049405930BF0ECFC08B070BD00380140D5
:1032880010B5064C236823F001032360FFF7DCFF29
:10329800236843F00103236010BD00BF00380140DC
:1032A800002208461146FFF7EBBF000010B5434C5B
:1032B800236823F0010323604FF48040FEF772FB7C
:1032C8004FF4007108230A224FF09040FFF7BDF831
:1032D800082303224FF480614FF09040FFF7B5F8C0
:1032E800002211464FF46140FFF7AEFF6368344A8D
:1032F80023F490436360A36823F02A03A360236840
:1033080023F00053236002F6080353E8003F23F03C
:10331800604302F6080040E800310029F3D102F6C4
:10332800080353E8003F23F0606302F6080040E812
:1033380000310029F3D1234BB02283F82523202222
:103348005A601E48FEF74EFBFEF743FB402303621C
:103358001D4B19801D4B1980194901F5006353E86D
:10336800003F23F0200301F5006040E80032002A06
:10337800F3D1174B1A80174B1A80104B5A6822F456
:1033880000625A609A6822F008029A605A6822F429
:1033980080425A609A6822F022029A609A6842F43F
:1033A80080529A601A6842F001021A60DA69910242
:1033B800FCD5DA695202F9D510BD00BF00380140CA
:1033C8000030014000E100E01C4D00201E4D0020AF
:1033D800184900201A49002008B5FFF767FFBDE823
:1033E8000840FEF731BDFFF7F7BF00000E48C3697C
:1033F8001A0618D503681B0615D50C4B0C4A1988F4
:10340800138889B29BB299420BD013880133C3F356
:10341800090313801388074A9BB2D35CDBB283622B
:103428007047FEF7DFBA7047004C00402251002079
:1034380020510020204D00200A490B4A08B50B886E
:1034480012880133C3F3090392B29A4207D0074A9C
:10345800D05407480B80FEF7B3FA012008BD0020BE
:10346800FCE700BF2251002020510020204D002001
:10347800004C004038B504464518AC4200D138BD70
:1034880014F8010BFFF7D8FFF7E708461146FFF7D6
:10349800F1BF000070B588B00C46064615460021FD
:1034A800202268460BF002FD231E18BF01231B03D0
:1034B800CDE9023569460C23034801960494059327
:1034C8000BF0C6FB08B070BD004C004010B5374C7F
:1034D800236823F0010323604FF40020FEF754FA19
:1034E8004FF48061062332480A22FEF7AEFF00221D
:1034F80011464FF4E130FFF7CDFF636823F49043A2
:103508006360A36823F02A03A360236823F00053B1
:1035180023604FF0402202F6084353E8003F23F0AF
:10352800604302F6084040E800310029F3D14FF02B
:10353800402202F6084353E8003F23F0606302F696
:10354800084040E800310029F3D11A4BB02283F833
:1035580034234FF480125A601448FEF743FAFEF7FA
:1035680038FA40230362144B1980144B19804368BE
:1035780023F400634360836823F00803836043688F
:1035880023F480434360836823F0220383608368C5
:1035980043F480538360036843F001030360C36905
:1035A8009A02FCD5C3695B02F9D510BD004C0040F6
:1035B8000008004800E100E02051002022510020CE
:1035C800FFF784BF024B1A68024B1A60704700BFAE
:1035D8002456002000140020054A064B1968136879
:1035E80099421DBF0133012013600020704700BFBE
:1035F8000014002024560020034A0449136809686F
:103608000B441360704700BF245600204C00002074
:103618000148FEF786BF00BF00040040014B586A0E
:1036280080B27047000400400B4B10B50B4C586A31
:10363800238880B283420A4B07D9D3E9002112F5C7
:10364800803241F10001C3E90021D3E90021208043
:10365800801841F1000110BD0004004088030020DB
:103668008003002008B5FFF7D3FFBDE80840FFF747
:10367800A9BF70B504460D46164609F075FE083D0B
:1036880004EBC606B44204D1042409F07FFE2046A8
:1036980070BD55F8082FD4E900016B68994208BF3E
:1036A800904201D10834EDE72046FFF706FB0028D9
:1036B800F8D10446E9E700001FB503788BB10A4B3F
:1036C8001B68B3F5FA6F0CD30023002203700023A4
:1036D800CDE90023CDE90223406802226946FFF7BD
:1036E800C8FF05B05DF804FB245600200000000068
:1036F8000123F0B50380444B444AD3E90051044602
:103708004348914208BF854285B04FF0000202D17C
:10371800227005B0F0BD3AA1D1E900013D4F6260C9
:10372800C3E900013C484FF0AA33D0E90021B1F1C8
:10373800FF3F08BFB2F1FF3FD0E9026505D09942CB
:1037480008BF9A4201D00A4309D1B5F1FF3F08BF2B
:10375800B6F1FF3F0DD09D4208BF9E4209D0103000
:10376800B842E2D172B67A212B48FFF79FFA62B6C7
:1037780029486060D0E90032CDE90032B2F1FF3F5C
:1037880008BFB3F1FF3FD0E9025109D1B1F1FF3FC2
:1037980008BFB5F1FF3F22D14FF0AA331A4623E004
:1037A8004FF0AA36B24208BFB3420BD1B1F1FF3F86
:1037B80008BFB5F1FF3F0FD0B14208BFB5420ED1E7
:1037C8000023EBE753EA020709D1B14208BFB5422B
:1037D80005D14FF4807121801D46114604E0002375
:1037E80023701A461D461946CDE90032CDE902512B
:1037F80002226946FFF73DFF8BE700BFAFF3008069
:1038080012345678FEDCBA9020000020FEDCBA9014
:103818001234567800D8030800D003084FF08043CC
:103828001A6991070AD56FF002021A615A6B64325D
:10383800DA63084A596B12880A445A634FF0804386
:103848001A69120705D56FF008021A61024B0122A6
:103858001A70704794000020FD1300200A490B8855
:1038680003B9FEE772B64FF0804309885A6A1144DB
:1038780064325963DA636FF002021A616FF008026A
:103888001A6162B6704700BF9400002000B5032299
:1038980089B04FF0FF314FF08040FEF739FE20220B
:1038A800002168460BF002FB64236A4601214FF0B1
:1038B800804003930AF0D0FFC8236A464FF4807112
:1038C8004FF0804003930AF0C7FF054BA02283F80E
:1038D8001C234FF080521A6009B05DF804FB00BF4A
:1038E80000E100E04FF08043DA6842F00202DA605B
:1038F800DA6842F00802DA607047000010B501EBA0
:103908008101084B01EB810189001980064B0446AF
:1039180000221A70FFF7BAFF2046BDE81040FFF7F3
:10392800E1BF00BF94000020FD13002038B51C4CF7
:10393800C0220021201D0BF0B9FA0623238016238C
:1039480063800F231749A38005224323A01DFDF799
:1039580089FB0123C4E913333F231249A4F85430E7
:103968001F254323052204F15600A4F84A50FDF709
:1039780079FB0D4BC4F89C300C49A4F89A500023ED
:1039880004F1AC00C4E9293384F8A0300BF020FA24
:103998007F2384F8C130052384F8C23038BD00BFC6
:1039A800B002002000F60008070003006BF10008D1
:1039B80070B5094E05460C46415C30460BF01FFABF
:1039C800034628B1831B0133DBB2282B28BF002311
:1039D800F35C2B5570BD00BF14F6000870B50C469B
:1039E800114606460BF0F4F944B10025052130468E
:1039F8000135FFF7DDFFEBB29C42F7D870BD000040
:103A080073B5054605F11106214C224A01463601D7
:103A18006846FFF7E3FFB01C6946204426440BF0D4
:103A2800D7F90223737204EB05130022A3F81A21B5
:103A3800142303FB05400421012380F850104FF4A0
:103A4800807540F20111A0F84A30C364A0F85230E2
:103A580080F85530A0F85650A0F8581040F20320CE
:103A680084F83430E384A562A08584F82E3084F885
:103A7800302084F83320C4F83A20C4F83E20C4F833
:103A88004220A4F84610A4F8481002B070BD00BF48
:103A9800F40000201AF10008F7B50546B14CB24A07
:103AA80005F11106014637016846FFF797FFB81C74
:103AB800274469462044FDF70FFA7B7AAB4A072B67
:103AC80088BF022304EB061088BF7B721188437AF3
:103AD80041FA03F3DF070FD40223437261B14807A9
:103AE800C1F3800308D441FA03F7FF07D8B240F1C5
:103AF800D78104EB0613587204EB05112B0191F8DA
:103B08001A01052802D9002081F81A01E7185088FF
:103B180097F81A1140FA01F1C90711D4012187F861
:103B28001A1168B18707C0F3400109D440FA01FCB3
:103B38001CF0010FCFB200F0B881E11881F81A71BA
:103B4800E11891F81B01032802D9002081F81B0114
:103B580004EB0616717A012903D9042901D0002142
:103B68009180E618908896F81B1140FA01F111F03F
:103B780001010ED186F81B1158B110F0010108D1CE
:103B880040FA01F7FF07CEB240F19481234483F84D
:103B98001B61142303FB054191F84A00042802D94C
:103BA800012081F84A0003FB054393F84B100429D0
:103BB80002D9002183F84B10142303FB0543B2F804
:103BC8004A1093F84B0041FA00F0C00712D40120C4
:103BD80083F84B0071B18807C1F340030AD441FA56
:103BE80003F6F707D8B240F16A81142303FB0543B3
:103BF80083F84B00142303FB054393F84C10032967
:103C080002D9012183F84C10142000FB0540B2F8BA
:103C18004C1090F84C3041FA03F313F0010310D123
:103C280080F84C3069B111F001030AD141FA03F66A
:103C3800F607D8B240F14881142303FB054383F803
:103C48004C00142303FB054393F84E10012902D9B5
:103C5800002183F84E10142000FB0540B2F84E10E6
:103C680090F84E3041FA03F313F0010310D180F8B5
:103C78004E3069B111F001030AD141FA03F6F70792
:103C8800D8B240F12681142303FB054383F84E0084
:103C9800142303FB054393F84F10022902D900218E
:103CA80083F84F10142000FB0540B2F8503090F80C
:103CB8004F1043FA01F111F0010110D180F84F10B3
:103CC8006BB113F001010AD143FA01F6F607C8B245
:103CD80040F10481142101FB054181F84F001421B2
:103CE80001FB054090F84D60022E02D9002680F8AD
:103CF8004D6001FB054191F85000052802D90420C8
:103D080081F85000142101FB054090F85260012E03
:103D180002D9012680F8526001FB054191F855004F
:103D2800012802D9012081F85500142101FB054121
:103D380091F85300022802D9002081F85300142674
:103D480006FB0546B2F8520096F8531040FA01F106
:103D580011F0010117D186F85310A0B110F001013C
:103D680011D105E0F40000201AF10008B00200208B
:103D780040FA01F7FF07CEB240F1B580142101FBEC
:103D8800054181F85360142101FB054090F8566005
:103D98000C2E02D9002680F8566001FB054191F8E7
:103DA8004C00012809D191F84F60022E05D1DF0798
:103DB80040F19E80002381F84F30142303FB054314
:103DC800012140F2011083F85710A3F8580094F825
:103DD8002630042B01D984F8261094F82730042BB8
:103DE80002D9002384F82730B2F89A0094F82730D3
:103DF80040FA03F313F0010F8A4B0ED1012184F826
:103E0800271050B18607C0F3400106D440FA01F7E5
:103E1800FF07CEB271D583F8276094F828100229DD
:103E280002D9002184F8281094F82910022902D90F
:103E3800012184F82910B2F89C1094F8292041FA3D
:103E480002F212F001020CD184F8292049B111F0D4
:103E5800010206D141FA02F6F607D0B251D583F82D
:103E6800290094F82A200C2A02D9002284F82A2052
:103E780093F832200C2A02D9002283F8322093F8D2
:103E88002B20042A02D9002283F82B20002266491D
:103E9800104611F9014F14F1780F36DA087036E040
:103EA8000133102B7FF41FAE26E6013110297FF471
:103EB8003DAE45E6013110297FF462AE69E6013373
:103EC800102B7FF48CAE95E60133102B7FF4AEAE49
:103ED800B7E60133102B7FF4D0AED9E601311029B3
:103EE8007FF4F2AEFBE6013110297FF441AF4AE7D7
:103EF80013F0020318BF03465DE70131102985D18D
:103F08008BE70132102AA5D1ABE7782CC6DC013249
:103F1800D2B20C2ABDD145490022012011F8014F27
:103F28000132022CD2B288BF0870042AF6D193F865
:103F38003420012A02D9012283F834203C4AB2F8FD
:103F48009E1093F8342041FA02F212F001020CD1CB
:103F580083F8342049B111F0010206D141FA02F484
:103F6800E407D0B211D583F8340093F82C20052A41
:103F780002D9032283F82C2093F82D20032A08D88D
:103F88000AD1002283F8342006E00132102AE5D154
:103F9800EBE7022283F82D2093F82E20022A02D97B
:103FA800012283F82E2093F83020022A02D9002219
:103FB80083F8302093F833200C2A02D9002283F8A2
:103FC800332093F83520042A02D9002283F83520BB
:103FD800142202FB053191F85A00012802D9002069
:103FE80081F85A0002FB0532FF2103EB05154FF655
:103FF800FF7082F8511082F8541083F82F1083F85C
:1040080031104FF0FF31C5F81C11A5F820011962D5
:10401800998482F85B00A2F85C10D986198703B0EE
:10402800F0BD00BFF40000202D0100203901002060
:10403800B0020020034670B50846052B04D8DFE817
:1040480003F01D0421191D21FEE720261F250F223C
:10405800174CA3702277013B0122A4F84860A4F80A
:104068004A50A276A273042B10D8DFE803F0101888
:104078001B1B180009266F250722E9E7142632259D
:104088000A22E5E7352613251922E1E7FEE7002392
:1040980023712374FDF74AFC6073607670BD22714A
:1040A8002274F7E7002323712374A376A373F1E73F
:1040B80098000020042804D8DFE800F0040F141B3F
:1040C8002500FEE7154B002283F8512040F201122B
:1040D800A3F85220A3F854207047104B012283F80C
:1040E8005120F5E70D4B022283F851204FF48072DE
:1040F800EEE70A4B032283F8512040F20112A3F89D
:1041080052200122E6E7054B042283F8512040F2B1
:104118000112A3F852204FF48072DBE798000020C8
:104128002DE9F043794D7A4C00F1110805EB081799
:1041380002378DB006463846FCF7EAFE4FEA061904
:104148000290042102A805EB0616FDF77BFC96F801
:104158001B31E0832BB103EB031303EB0323184458
:10416800E08305EB08135B7A062B40F0AC80E38B09
:1041780003F5B5432533E38305EB081895F82700C5
:10418800FFF798FF98F8091061708B1FA944012B5D
:104198008CBF0023012399F81A0184F85630FFF7E1
:1041A80049FF99F81B21E18B029BE1806182A360A2
:1041B80063612AB14FF0113000FB0233A3606361E1
:1041C80095F82600534B616213F920302373237648
:1041D800002384F82A30637B84F8292023B93846E1
:1041E800FCF7B6FE84F82A006078FDF79FFB4A4A80
:1041F80084F82800128802F00101970748BF41F0AF
:104208000201A185560742BFA18D41F00401A18595
:104218000346100742BFA18D41F01001A185D106C8
:1042280042BFA18D41F02001A185920642BFA28D17
:1042380042F00802A285394A03AE02F1200C106848
:104248005168374603C7083262453E46F7D11068C1
:104258003860A278324E06210CA801FB03031344F0
:10426800B7EE087A13F8247C84F8207007EE907A69
:10427800F8EEE77A16E90F0067EE877A86E80F000E
:10428800FCEEE77A40F2E243CDED017A7F08A4F82C
:104298004C309DF80430B4F84820A4F84E30052F6F
:1042A8004FF47A73B3FBF2F3A4F8403095F82C304E
:1042B80038BF052784F85070052B1AD8DFE803F0BB
:1042C8000B2216191C1F072B7FF456AFE38BA3F59F
:1042D800B543263B4FE74FF416536364002384F835
:1042E8005730A4F858300DB0BDE8F0834FF41643AA
:1042F800F3E74FF46143F0E74FF4E133EDE74FF4B0
:104308006133EAE74FF49643E7E700BFF400002083
:104318009800002000F60008B0020020DCEE00083B
:10432800C800002002484FF4DE72FF210AF0BEBD2B
:10433800F400002002484FF4DE71FEF753BD00BFC1
:10434800F400002002484FF4DE71FEF737BD00BFCD
:10435800F400002008B5FFF7F5FF034B1878BDE817
:104368000840FFF799BB00BF9800002038B5FFF759
:10437800D9FFFEF74DFD04280CD0FFF7D3FFFEF759
:1043880047FD042803D1FFF7DDFF042806D0FFF717
:10439800C9FF03E0FFF7D6FF0428EED126492748D6
:1043A800264C10220AF046FD38B125491022204635
:1043B8000AF040FD08B1FFF7B5FFA38AB3F5215F06
:1043C80028D008D30025E8B20135FFF719FB0A2DDC
:1043D800F9D10023E3774FF42153A3820125226901
:1043E8001549164842F6A1039A424FF010021CBF25
:1043F800236101250AF01EFD70B10F490F481022F4
:10440800FCF755FE0F4910480822FCF750FEFFF74D
:1044180091FF03E00025E2E7002DF8D10023E377C0
:104428000A4C2370FFF782FA2078FFF735FB2078D3
:10443800BDE83840FFF774BE21F10008F400002001
:1044480032F1000843F10008A6020020980000207D
:104458000129F7B5054600D9FEE70B4E06EB011317
:104468001C460F016278F15D03619B7808F0B2F990
:10447800E3790193A379009322796379E178284657
:1044880008F0CFF903B0F0BD7C0C0108836810B5C3
:10449800044603B9FEE70A781A70002108F05CF9AF
:1044A8004FF47A70FEF7D2FB2046012108F06BF931
:1044B800A36820461978FFF7CBFF10BD38B583688D
:1044C80004466BB1024652F8183BDD6900F1190346
:1044D800A847217E20460222BDE8384008F003BAEA
:1044E80038BD000070B58160897A86B0044601B194
:1044F800012108F048F9204608F0C8FA204608F0DB
:10450800A0FA217BFF2903D0FA22204608F0A5FA59
:10451800A3685B7A013B042B04D8DFE803F0043E70
:104528003E414100FEE7E922E121204608F0D2FAA7
:104538000121204608F062FA9621204608F09FFAE9
:104548003821204608F0B1FA204608F0B5FAA368E9
:10455800204693F90810FFF7B1FFA3689D7A15B3B9
:1045680019782046FFF774FF00221146204608F00C
:1045780024F90023009340F2032220464FF6FF71EE
:1045880008F07EF920464FF6FF7108F0A0F92046A2
:1045980006B0BDE8704008F041BADB22D721C4E775
:1045A8006F226B21C1E75E880E4B63614CF250337A
:1045B800009320460C4919230B2208F099FA01238D
:1045C800CDE903335B23CDE9015310231946204677
:1045D8000095042208F0CAFA3146204608F0EAFAA3
:1045E800C2E700BF5C0C0108A086010038B504468C
:1045F8001D4613460A46002108F058F820464FF693
:10460800FF7108F064F9A9012046BDE8384008F0B8
:1046180077B910B54FF6FF71044608F058F92046EF
:104628000021BDE8104008F086B910B5044608F02E
:10463800F5F920464FF6FF71BDE8104008F047B97C
:10464800836873B50D46144623B981220A70237016
:1046580002B070BD9E7A0DF10601B6B108F086F978
:1046680094F90030002B04DABDF806201344ADF8A5
:104678000630BDF90630002B0BDB4FF6FF73ADF8A3
:104688000630BDF806302B70E2E708F0A4FA267071
:10469800EFE77F33F5DA4FF68173F0E738B58168D5
:1046A800036891F90810DD69044600F1190300F167
:1046B8001802A847A3689A7A42B11A78012A00D941
:1046C800FEE7044B03EB0213236138BD024B636121
:1046D800FBE700BF7C0C01085C0C0108836810B57F
:1046E800044683B103691BB943690BB9FFF7D6FFC9
:1046F800A3689B7A1BB12369B3F90C0010BD6369E9
:10470800B3F91C00FAE71846F8E7836810B50446C1
:1047180043B103691BB943690BB9FFF7BFFF94F9AC
:10472800190010BD1846FCE708B5836843B9FFF7C0
:10473800D9FE7D20FEF78AFABDE80840FDF7F8BFEC
:1047480008BD08B5836843B9FFF7CCFE7D20FEF7A6
:104758007DFABDE80840FEF767B808BD90F8D43088
:1047680053B190F8D520074B03EBC20153F8323010
:10477800497953F821007047037C00EB8300406BB4
:10478800704700BFD0F5000813B5184B0288DB8BC3
:104798009A42044626D18378DB0625D48379812B77
:1047A80022D84FF6FF730D2201460DF10600ADF831
:1047B8000630FDF72DF9B4F80D20BDF806309A4201
:1047C8000ED14C2204F10D01FDF722F9B4F859007D
:1047D800BDF80630C01A18BF0120800002B010BD15
:1047E8000320FBE70120F9E70220F7E79800002003
:1047F8000A7ACB7902F0070243EA022303804B7A54
:104808000A7A03F03F035B0143EAD20343808B7AC1
:104818004A7A9B0043EA9213CA7A02F0010243EAF9
:10482800822383800B7BCA7A03F00F03DB0143EA00
:104838005203C3800B7BC3F30112012A11D813F072
:10484800300F14BF012300239B0203830B7B7F2BB4
:104858000AD813F0C00F14BF012300239B0243831F
:10486800704740F2FF73F0E740F2FF73F7E70A7A08
:10487800CB7902F0070243EA022303804B7A0A7AD3
:1048880003F03F035B0143EAD20343808B7A4A7A01
:104898009B0043EA9213CA7A02F0010243EA822398
:1048A80083800B7BCA7A03F00F03DB0143EA5203D0
:1048B800C3800A7CCB7B02F0070243EA0223038110
:1048C8004B7C0A7C03F03F035B0143EAD20343813C
:1048D8008B7C4A7C9B0043EA9213CA7C02F001025B
:1048E80043EA822383810B7DCA7C03F00F03DB013B
:1048F80043EA5203C3814B7DDB0003828B7DDB00DF
:104908004382CB7DDB0083820B7EDB00C3820B7B83
:10491800C3F30112012A2BD813F0300F14BF01235F
:1049280000239B0203830B7B7F2B24D813F0C00F3B
:1049380014BF012300239B0243830B7DC3F30112A1
:10494800012A1BD813F0300F14BF012300239B0248
:1049580083830B7D7F2B14D813F0C00F14BF012362
:1049680000239B02C3834FF480630384438470470E
:1049780040F2FF73D6E740F2FF73DDE740F2FF73C2
:10498800E6E740F2FF73EDE737B52E4BDB8B03808C
:104998004A78837862F3C30383704A79C37862F3F1
:1049A8008203C3708A79837962F3000383710446B2
:1049B80091F902000D46FCF764F9E37800F01F0254
:1049C80003F0070343EAC203E3702379C0F34110FD
:1049D80023F0030303432371EA78DBB202F03F02BA
:1049E80003F0030343EA82032371EA786379C2F38D
:1049F800801223F00103134363712A7962F347039A
:104A080063716A7AA37802F0030203F03F0343EA72
:104A18008213A3706A7AE378C2F3800223F0010359
:104A28001343E37059224FF6FF7321460DF1060038
:104A3800ADF80630FCF7ECFFBDF80630A4F85930A5
:104A480003B030BD980000202DE9F3419DF8207097
:104A58001546522F88464FF05B024FF0000104467E
:104A680028BF52271E460AF021FA3C4BDB8B2380D5
:104A78002A78A37862F30203A3706B784FEA0818C8
:104A8800DB0003F0080308F0300843EA0801A378C4
:104A980023F038031943A1706A79E37862F382033B
:104AA800E370AA79A37962F30003A37195F9020070
:104AB800FCF7E7F8E37800F01F0203F0070343EA86
:104AC800C203E3702379C0F3411023F003030343C7
:104AD8002371EA78DBB202F03F0203F0030343EAF2
:104AE80082032371EB786279C3F3801322F0010209
:104AF8001A4362712B7963F3470262716A7AA37869
:104B080002F0030203F03F0343EA8213A3706A7AB8
:104B1800E378C2F3800223F001031343A279E37020
:104B2800234667F3470203F8062F3744BE4210D1E5
:104B38004FF6FF73592221460DF10600ADF80630F5
:104B4800FCF766FFBDF80630A4F8593002B0BDE89E
:104B5800F08116F8012B03F8012FE7E798000020F1
:104B680007B5009313460A460121FFF76DFF03B00E
:104B78005DF804FB30B53A4B027893F8261061F3E0
:104B88000302027093F8271061F30712027093F87A
:104B98002810427861F30302427093F8291061F3F8
:104BA8000712427093F82A10827861F30302827028
:104BB80093F83210827961F30302827193F82B1013
:104BC800827861F30712827093F83410C27961F326
:104BD8000302C27193F82C10C27861F30302C27009
:104BE80093F82D1061F30712C27093F82E10027912
:104BF80061F303020271427993F8301061F3030202
:104C0800427193F83310827961F30712827193F835
:104C18003510C27961F30712C27103F1390100F14D
:104C28000A0200F1160411F9015F02F8015FA242BD
:104C3800F9D193F84610C27D61F30102C27593F869
:104C4800471061F38302C27593F8481061F30512A7
:104C5800C27593F8493063F38712C27530BD00BF3F
:104C6800F40000200278344BC2F3030230B583F815
:104C780026200278C2F3031283F827204278C2F371
:104C8800030283F828204278C2F3031283F829200C
:104C98008278C2F3030283F82A208279C2F30302DE
:104CA80083F832208278C2F3031283F82B20C2796A
:104CB800C2F3030283F83420C278C2F3030283F8F4
:104CC8002C20C278C2F3031283F82D200279C2F394
:104CD800030283F82E204279C2F3030283F83020BE
:104CE8008279C2F3031283F83320C279C2F3031224
:104CF80083F8352003F1390100F10A0200F11604A6
:104D080012F9015F01F8015FA242F9D1C27DC2F335
:104D1800010283F84620C27DC2F3810283F847204E
:104D2800C27DC2F3011283F84820C27DC2F381120A
:104D380083F8492030BD00BFF400002070B598B05A
:104D4800522204460D4603A800210AF0AFF8212399
:104D580042F6A1008DF80C30FCF798F9ADF80E007A
:104D68004FF42150FCF792F9204EADF8100020497D
:104D780014220DF11200FCF79AF996F8523013B983
:104D880096F8543083B31B48FFF7BFFC96F85130B0
:104D98008DF826000AA88DF82730FFF7EBFE32239E
:104DA800ADF84630144A154BCDE912236FF0802335
:104DB800149347F6FF73ADF85430114BB3F89A20AB
:104DC8008DF85620B3F89C20B3F89E308DF85830F3
:104DD80052238DF8572000932A4603AB0221204620
:104DE800FFF732FE18B070BD0648CDE798000020E6
:104DF80049F10008AC3E00206400FA00F401E80321
:104E0800B0020020C83E002038B5104D044600F11D
:104E18001B01062205F58970FCF7AAF994F82130E0
:104E2800C3F3030385F8193194F82130C3F303134E
:104E380085F81A3194F82230C3F3030385F81B313F
:104E480004F12500BDE83840FFF70CBFF40000204E
:104E58000B4A0C49126882600A6802614A680A496A
:104E680042610A6882614A68C26100234EF6602284
:104E7800838083718381038402600385704700BF48
:104E8800245600205AF1000863F1000810B50E4CB2
:104E980094F8523013B994F854301BB10B490C48AC
:104EA800FFF7F4FA94F8533013B994F855301BB15E
:104EB80008490948FFF7EAFA0548FFF7B6FB06482C
:104EC800FFF7B3FB10BD00BF980000209C00002036
:104ED800AC3E0020A8000020C83E002038B51C4D7C
:104EE8000446A8786978052826D14FF6FF732385EC
:104EF800FFF7A0F86B7801229A40238D23EA02037A
:104F0800238514491448FFF70FFC14491448FFF788
:104F180018FC1148FFF789FB1148FFF786FB0E487C
:104F28001121FFF7CBFA0E481121FFF7C7FA2046E7
:104F3800BDE83840FFF7AABF002323850220FFF70A
:104F480079F86A7801239340228D13439BB2D7E7FF
:104F5800980000209C000020AC3E0020A800002003
:104F6800C83E002008B590F8203002468BB9FDF7FE
:104F7800B3FD10B982F8210008BD92F82130013341
:104F88005BB2312B82F82130F6DD012382F8203024
:104F9800F2E7FDF7A1FD18B1322382F82130EBE7E3
:104FA80092F82130013B5BB2002B82F82130D8BF48
:104FB80082F82000E0E700000A4B90F820201B68E8
:104FC80072B182689B1AB3F57A6F01D901234371D4
:104FD800037923B9437913B101230371037370472C
:104FE8008360F5E724560020037B9A1E012A4FF0C0
:104FF800000202D890F8201011B9027318467047C1
:105008001346FBE70A4A38B5138801339BB2502B85
:1050180004460D4601D8138038BD00230549138086
:10502800FDF7DEF829462046FDF7DAF8F4E700BF79
:10503800E82300206CF100082DE9F84F15460446D6
:105048000F468049FDF7CCF829462046FDF7C8F8F9
:105058007D4B0022012F1A8015D14FF090434FF459
:1050680080727A4E9A624027B76146F2A810FDF71F
:10507800EDFDB76246F2A810FDF7E8FD2946204687
:10508800FFF7C0FFF0E7BB1E704A40210C2B00F26F
:10509800C980DFE803F03D51672207C7C7C77B7B9C
:1050A8007B7B7B00DFF8A4814FF040094FF09046EE
:1050B8004FF48077C8F8189046F2A810B762FDF749
:1050C800C5FDC8F8289046F2A810B761FDF7BEFDE7
:1050D80029462046FFF796FFE8E7DFF870814FF092
:1050E80040094FF090464FF48077C8F8189046F280
:1050F800A810B761FDF7AAFDC8F8289046F2A810D5
:10510800B762FDF7A3FD29462046FFF77BFFE8E7D6
:1051180091624FF090464FF48077B76146F2A8103D
:10512800FDF794FDB76246F2A810FDF78FFD2946FA
:105138002046FFF767FFF0E74FF090434FF4807287
:10514800424E9A614027B76146F2A810FDF77EFDEE
:10515800B76246F2A810FDF779FD29462046FFF709
:1051680051FFF0E791614FF090464FF48077B761B7
:1051780046F2A810FDF76AFDB76246F2A810FDF7DF
:1051880065FD29462046FFF73DFFF0E7A7F1090B2B
:10519800DFF8B8905FFA8BFB00264FF0400A5E45B7
:1051A8003EBF4FF090434FF480729A614FF004086D
:1051B80046F2A810C9F818A0FDF748FD46F2A81055
:1051C800C9F828A0FDF742FD08F1FF382946204616
:1051D800FFF718FF18F0FF08EAD14FF090434FF49B
:1051E80080729A624FF0040846F2A810C9F818A015
:1051F800FDF72CFD46F2A810C9F828A0FDF726FDFA
:1052080008F1FF3829462046FFF7FCFE18F0FF0892
:10521800EAD10136A7F10803F6B2DBB2B34238BFD0
:105228000026BCE74FF0904391614FF480729A6179
:105238004CF25030FDF70AFD29462046FFF7E2FE02
:10524800F6E700BF6CF10008E823002000080048DA
:1052580010B50446084694F901308B4201D12378F1
:1052680023B901232370FDF781FC607010BD000095
:1052780010B5437802789A421BD0042B8ABF0423C6
:1052880003700370027888BF43700A4B0A4813F909
:1052980022100A4C83682173217613B11972FFF723
:1052A8000DF90748836823B194F918101972FFF7AC
:1052B80005F910BD00F60008AC3E0020980000205B
:1052C800C83E002010B50AB9437010BD541E0B2CFF
:1052D800FBD80332D2B231F91220C83A03FB0222BA
:1052E80040F2716192FBF1F212B222EAE2729A4242
:1052F800C8BF1AB24270E8E7034A044B002808BF47
:105308001346034A13607047380000204400002009
:10531800EC3D002020B90A460146034807F0EDB9E4
:1053280002480021FAE700BFAC3E0020C83E00203A
:1053380013B5134CCDE9002388B9FDF7B9F9114825
:10534800DDE90023FFF752F994F8533013B994F8C4
:10535800553013B10C48FFF768F902B010BDFDF7DE
:1053680029FA0948DDE90023FFF740F994F852309B
:105378001BB994F85430002BEFD00248EBE700BF7C
:1053880098000020AC3E0020C83E00202DE9F041E6
:10539800194C05465B270E463A460021204609F07F
:1053A80085FDAB692360EB696360144B14491B7876
:1053B8009A1E53425341627A63F3000262726FF09D
:1053C8005E02A27228220023E27204F10E00142267
:1053D80023736373FBF76BFE59212046FCF732FBFE
:1053E800084BA4F859003A46214630461B7FBDE8D1
:1053F800F041FFF79DBF00BF343D0020F7130020A8
:1054080049F100089800002008B530B9054801F1B5
:10541800A202A031FFF714F908BD01F1A302024866
:10542800A131F7E7AC3E0020C83E00200A4608B587
:1054380001460148FFF700FE3400002000B591B096
:105448000446684616461D4609F0C2FC18496846D7
:1054580009F0C6FC304607F057F80146684609F0DF
:10546800BFFC1449684609F0BBFC134B684653F867
:105478002510124D09F0B4FC1149684609F0B0FC3A
:105488009DF84830684655F8231009F0A9FC0D49E5
:10549800684609F0A5FC9DF84C30684655F823107D
:1054A80009F09EFC08486A462146FFF7C5FD00BF83
:1054B8006EF1000875F100080000002010000020BF
:1054C8007AF1000881F1000834000020024608B58E
:1054D80001480021FFF7B0FD340000200023FF221F
:1054E800037043708370C27003717047C17829B923
:1054F8008378017101338370012070470378012B91
:105508001DD0022B05D08BB98278013282700371CD
:10551800F2E7827843785340DB0703D40132827084
:105528000023F4E7FF2903D100230371002070470B
:1055380003790133DBB299420371EFD3F6E7FF2910
:10554800F2D002790132D2B291420271EED282785F
:105558000132827000220271CEE7000030B5214C82
:1055680085B00E2200210546684609F09FFCB4F874
:10557800A030ADF800302046FBF72FFB8DF8020075
:105588002046FBF721FBB4F8A4308DF80300164839
:10559800ADF80430FFF7B9F894F8A6308DF8073065
:1055A80094F8A9308DF80830B4F8AA30ADF80A306C
:1055B8000E4B8DF806009A788DF80C2093F852203F
:1055C80093F853305AB1002B0CBF012303236946CB
:1055D80028468DF80D3005F030F805B030BD0133A0
:1055E800DBB2F4E7F03D0020AC3E0020980000203C
:1055F8000148FEF733B900BFEA3D0020F8B5154D64
:105608000E4607465B232946304614462A46FFF7CE
:1056180081FED7E9041328686A689A4208BF88425D
:1056280009D0002430460C49FFF7EEFE002C0CBFD1
:1056380001200320F8BD59212846FCF703FAB5F8E4
:1056480059308342EDD114B1FFF7D2FFEAE70124C4
:10565800E8E700BF013F0020F03D002013B501211D
:1056680004460844FCF7EEF9A178ADF806000DF100
:105678000600FCF7C1F9E178FCF7BEF92179FCF7DF
:10568800BBF96179FCF7B8F9A179FCF7B5F904F130
:1056980008010322FCF7BCF9627804F10C01FCF75D
:1056A800B7F994F82311FCF7A7F9BDF80630A4F868
:1056B8000C3102B010BD00000038024B18BF0120A9
:1056C800187070477803002070B552BB042B5BD864
:1056D8009EB22BB34F4C94F828301546626A0333B8
:1056E800DBB2D20084F82830626213E0083BDBB2F8
:1056F80084F82830B1F800C0BCF5817F0CF1010EA8
:1057080040D2626AA1F800E022FA03F300F80C30F4
:1057180094F82830072BE9D80135AAB29642DDD88B
:1057280070BDFF2AFCD1032B51D81FFA83FC002B34
:10573800F6D0384C94F828304FF0000E626A0433E3
:105748001201DBB242F0020284F82830626210E0F3
:10575800083BDBB284F828300A88B2F5817F02F171
:10576800010610D2656A0E8025FA03F3835494F873
:105778002830072BECD80EF1010E1FFA8EF2944553
:10578800DCD870BDFEE7FEE7224C626A03F5C06311
:1057980043EA423294F8283062620D33DBB284F86F
:1057A800283010E0083BDBB284F828300A88B2F5CC
:1057B800817F02F1010609D2656A0E8025FA03F39A
:1057C800835494F82830072BECD870BDFEE7114CB1
:1057D800626A03F5E06343EA423394F8282063627F
:1057E80002F10D03DBB284F828300EE0083BDBB28F
:1057F80084F828300A88B2F5817F09D2656ADD40CD
:10580800531C0B80855494F82830072BEED870BDB4
:10581800FEE700BFF42500202DE9F84F644C00276F
:10582800FF250F8005708025676284F82870A577AA
:105838009946002B00F0AF8003F1FF3A0B8812FA6B
:105848008AFA561E02F1FF08BB463A46FF2B16F8A5
:10585800015F0DD88AB15D450BD10137BFB29945BB
:1058680040F28680B24500F08680B045EED1FEE772
:10587800FEE7FBB25A46FFF727FF6B1EDBB2FD2B94
:105888002AD83F2B51D905F14103DBB23F2B28D849
:1058980094F82820636A0135EDB20832D2B245EA9D
:1058A800032384F82820636211E0083AD2B284F80E
:1058B80028200B88B3F5817F03F1010C34D2656A87
:1058C800A1F800C025FA02F2C25494F82820072A49
:1058D800EBD80B880022C2E701270B88AB463A4673
:1058E800BDE794F82820636A3F35EDB20932D2B299
:1058F80045EA432384F82820636211E0083AD2B2CB
:1059080084F828200B88B3F5817F03F1010C0AD2B3
:10591800656AA1F800C025FA02F2C25494F828205A
:10592800072AEBD8D5E7FEE7FEE794F82820636A54
:105938007F35EDB20832D2B245EA032384F8282035
:10594800636211E0083AD2B284F828200B88B3F5D4
:10595800817F03F1010C0AD2656AA1F800C025FA1B
:1059680002F2C25494F82820072AEBD8B1E7FEE7E0
:105978000020BDE8F88FAAB994F8282062B1646ABB
:10598800C2F108020125944005FA02F2013A2243C5
:105998005C190C80C2540B88994594BF00200120E3
:1059A800BDE8F88FFBB25A46FFF78EFE0B88E3E797
:1059B800F42500202DE9F04F47F26F730022827022
:1059C80003800B78A3F1FE03B3FA83F35B098370BA
:1059D8008A780D4612F001011CBF43F080038370E2
:1059E800D5F8202122F07F4222F0FF0285B004463C
:1059F80012B143F008038370AA68C2F31702FF2AA2
:105A08001ED9B2F5803F18D363F07F03A37041F02D
:105A180002014FF0020E09234FF00A0C0822E17030
:105A28000B20CDF804C01E4617464FF007094FF06B
:105A3800060A4FF0050B042117E043F00203A37098
:105A4800180600F1DF8008234FF0090C07220A200E
:105A58004FF0000ECDF804C01E4617464FF0060959
:105A68004FF0050A4FF0040B032195F8018004F864
:105A7800018004EB0108297904F80B10697904F80E
:105A88000A10A97904F80910A178090709D595F829
:105A98002111A15495F82211A15503466746624683
:105AA8000646A968A154A278900707D5BA1C1F46D4
:105AB800AB68C3F30F23A35596B23346BEF1000F6C
:105AC80005D05A1C1F46AB7AA35596B23346A27826
:105AD800D10606D55A1C1F4695F82331A35596B210
:105AE80033464A4A127803F1010914FA89FA05F192
:105AF8000C0B42B16B785A460DF10E015046FFF778
:105B08008BFE00285CD16A78504659461FFA82FA03
:105B180009F082F922783E4B6178D243D2B2072F3E
:105B28009A5C82EA0102995CA27882EA0102995C95
:105B3800E27882EA0102995C227982EA0102995CA0
:105B4800627982EA0102995CA27982EA0102995C8F
:105B5800E27982EA01029A5C1BD0217A4A40082F36
:105B68009A5C16D0617A4A40092F9A5C11D0A17AC2
:105B78004A400A2F9A5C0CD0E17A4A400B2F9A5C73
:105B880007D0217B4A400C2F9A5C1EBF617B4A409C
:105B98009A5CA2551AFA89F39BB2B3F5947F0ED298
:105BA800B5F80C21E254981CB5F80C115A1C92B2A5
:105BB80080B2090AB0F5947FA1540AD3FEE7FEE744
:105BC800A378BDF80EA043F04003A37088F800A0A6
:105BD800A0E7AA78D20702D405B0BDE8F08FD5F8BF
:105BE8001071D5F81811D5F81461275022180F3301
:105BF8005660916098B295F81C111173B0F5947FB6
:105C0800EAD3FEE74FF0000E05E700BF7803002057
:105C180040F600082DE9F84FB14C15460F4680466E
:105C28000146B04809F0F8F800228023B5F5817FD5
:105C38003A802284626284F822304FD2A94E84F8D6
:105C480028204FF0FF099246012A76D8B4F820C0E0
:105C5800654540F2B180616A16F80C3002F108001F
:105C68000CF1010CC0B243EA0123A4F820C0A0F152
:105C7800020C23FA0CF1063201F003015FFA82FEEE
:105C88000229636284F828E000F0BD80032944D02B
:105C9800012924D1BEF1060F0DD8228C954240F27D
:105CA8008B80B15C00F1060E41EA032301325FFAF2
:105CB8008EFE22846362AEF1070E23FA0EF303F020
:105CC8007F037D2B84F828E076D83A88FF2A23D8EA
:105CD8004133511C398008F8023019E0FEE7BEF163
:105CE800000F6BD1228C954266D9B15C013241EA32
:105CF80003232284072284F828201A06636200F10D
:105D0800C8803B88FF2B06D85A1C3A8008F803A0A5
:105D180094F8282098E7FEE7FEE7AEF1060E5FFA52
:105D28008EF284F828203A8823FA0EF3FF2A03F02B
:105D38003F0301D8413BCCE7FEE7636AA2F1020CBE
:105D480023FA0CF101F003015FFA8CFE022984F8B2
:105D580028E003D003291CD0104699E7BEF1050FAF
:105D680051D8218C8D4227D9705C02F1060E40EA89
:105D7800032301315FFA8EFE63622184AEF1060EC1
:105D880023FA0EF384F8282003F03F033A880133FE
:105D98009FE7BEF1050FC0D8218C8D420CD9705CED
:105DA80002F1060E40EA032301315FFA8EFE2184D8
:105DB8006362AEF1060EB4E7BDE8F88F0CF1FF316F
:105DC80023FA01F10EF1FF32D2B2C90784F8282074
:105DD80097D5F2B9228C9542EED9B15C013241EAED
:105DE800032322840722636284F8282013F0800F9B
:105DF80040F08C803B88FF2B00F287805A1C3A8049
:105E080008F8039084E7AEF1060E636A5FFA8EF233
:105E1800B6E7013A23FA02F1AEF10202D2B2C8079C
:105E280084F82820E6D5002A5ED1228C9542C3D971
:105E3800B15C41EA03230132072118062284636218
:105E480084F8281058BF08222AD4B4F820C0654521
:105E5800B2D90732D0B216F80C2042EA03220CF16C
:105E68000103238462621346083884F82810C3406B
:105E780038885FFA83FB00EB0B03FF2B0FDC4044F1
:105E88005A46002109F012F83B880BEB03023A80CE
:105E98003EE7062284F8282013F0400FA8E7FEE723
:105EA80008460822218C8D4286D916F801C007328F
:105EB8004CEA03230131D2B22184636284F82800BA
:105EC800083A23FA02F238885FFA82FB00EB0B03E8
:105ED800FF2B03DC40445A46FF21D3E7FEE700BF0F
:105EE800F4250020C8240020511EAEF1030023FA37
:105EF80001F1C0B2C90784F8280011D407280DD9C8
:105F0800AEF10B01636AC9B2AEE7FEE7511EC8B233
:105F180023FA01F1C90784F8280001D4014694E75F
:105F28000728BFD9A0F108010246C8B2C6E700BFDA
:105F38002DE9F04F5788B7F58F7F8BB0144606468A
:105F48000BD90022227000226F2B628000F025817D
:105F5800002333700BB0BDE8F08F12780E2A0D467F
:105F680024D80E2A00F2D58001A151F822F000BFF2
:105F78004F5F0008276100081B6100081B610008CB
:105F880027610008276100082761000827610008C9
:105F980027610008276100087F6100081B6100086D
:105FA8001B6100081B6100085B610008692A40F258
:105FB800AE806A2A40F0AD80A74FF98A4A1E92B295
:105FC800002900F021810332DFF890E207EB020C90
:105FD800B91CFF2211F8010B424061451EF802204E
:105FE800F8D1934200F0FE804FF0000984F8009049
:105FF800C4F80290A4F80690B7F81680B8F1020F1A
:10600800A6D997F804A0BAF16F0F00F05A83B8F137
:10601800030F9DD07A796F2A00F06F83B8F1040FCF
:1060280096D0BA796F2A00F06E83B8F1050F8FD039
:10603800FA796F2A00F06483B8F1060F88D03A7AAB
:106048006F2A00F06C83B8F1070F81D07A7A6F2A33
:1060580000F06283B8F1080F3FF47AAFBA7A6F2A7A
:1060680000F05783B8F1090F3FF472AFFA7A6F2A3C
:1060780000F04C83B8F10A0F3FF46AAF3A7B6F2AFD
:1060880000F05383B8F10B0F3FF462AF7A7B6F2AAD
:1060980000F04E83B8F10C0F3FF45AAFBA7B6F2A69
:1060A80000F08D81B8F10D0F3FF452AFFA7B6F2AE3
:1060B80000F06683B8F10E0F3FF44AAF3A7C6F2ABE
:1060C80000F06A83B8F10F0F3FF442AF7A7C6F2A71
:1060D80000F05F83B8F1100F3FF43AAFBA7C6F2A33
:1060E80000F05483B8F1110F3FF432AFFA7C6F2AF5
:1060F80000F04983B8F1120F3FF42AAF3A7D6F2AB6
:1061080000F04D83B8F1130F3FF422AFFEE7632A86
:1061180005D800232370C4F80230E38019E74E4FF6
:10612800FA8A122A14D8B91801328B70FA822278A6
:10613800092A3AD9A2F1640105293FF609AF653A5F
:10614800042A00F27783DFE802F06D696561830055
:10615800FEE77A1C6280EB55E38862889A4245D351
:10616800002262802270B3F5947F4FF00202027021
:10617800438075D3FEE77A1C6280374EEB55A088C2
:10618800727F618883189942FFF6E4AE33785F0620
:1061980000F1B2810E232370DCE62F490A80012228
:1061A800CA8264228B702270D2E6002A3FF4D0AEF5
:1061B800013A082A3FF6CCAE01A151F822F000BFFF
:1061C8007D630008595F0008595F0008F9610008FD
:1061D800F9610008A96300083B630008036300082D
:1061E800736300080A2201232270B2E60123B0E695
:1061F8006288B2F5947F06D2511C6180AB54237833
:1062080001332370A4E6FEE7FF22EAE60722FB76C5
:1062180022709DE66822BB76227099E601227B7087
:10622800227095E662883B700021B2F5947F797000
:106238000DD203F00103033B511C6180AB5497F965
:106248000030002BC0F2BB820123237080E6FEE7FA
:106258006A223B7722707BE6F425002040F600088E
:106268002B78FD2B00F02681EB7803722B79437293
:106278006B7943606A7808327280002240F2851098
:10628800DFF808C47281FE210446013499424FEABE
:10629800540400F2DF80C0F0EA808B4240F0238192
:1062A8002B78FD2B00F01C814FF0060B2846DFF8F9
:1062B800DC8310F801AF0BEB0A0909F1FF3189B251
:1062C800FBF7C0FB04EB440708EB8707ADF80800B1
:1062D8003979019102A8FBF78FFB05EB090215F844
:1062E80009305278019903EB0223BDF808209BB2CC
:1062F8009A4200F0BE8005232BE66288B2F5947FAF
:1063080015D2511C6180AB547B7813F0020340F026
:1063180012826288B2F5947F0AD2511C6180AB5414
:106328003B78DD064CBF69236A23237010E6FEE73D
:10633800FEE76288B2F5947F15D2511C6180AB5498
:106348003B787A78134313F0020340F0EB816288BC
:10635800B2F5947F08D2511C6180AB546288B2F5C3
:10636800947FDAD3FEE7FEE7FEE76288B2F5947F12
:10637800D3D3FEE762883A83B2F5947F0FD2511CDB
:106388006180AB543A787B7712F0010200F0D68135
:1063980006220833A280E38004232370D8E5FEE7B1
:1063A8006288B2F5947F09D2511C6180AB543B7866
:1063B8001F074CBF672307232370C9E5FEE74FF08B
:1063C8000C09B8F1120F00D9FEE707EB080208F133
:1063D800010A1FFA8AFA937002AB52461846AA4974
:1063E800A7F816A008F018FD00223A800122FA82C8
:1063F8006F22BA706422227009F1010252450346E5
:10640800BFF4A6AD08F1FF310DF10902A1EB0901B6
:106418004A4412FA81F24B4401924FF06A0E4FF04F
:1064280007084FF0010900224FF0690AF98A12297A
:106438000FD878180131F98213F8011F817020787C
:10644800092800F2078100286FD101999942EDD1FE
:106458007EE5FEE7601E1418824204F1010744D26B
:1064680027F0010101EB57015CF821100DE72246E6
:10647800F1E7BB79DA0706D5FA79924582BF521956
:1064880012F80B20B2729B070BD56300234408EB6C
:1064980083036A781B7A9A4282BF5B1913F80B3020
:1064A800F3726300234408EB8308317398F80530CE
:1064B80073734FE56B790372AB7943726B7A297A00
:1064C800EA791B0403EB0123134443606A7802F161
:1064D8000C014180A978C9077FF5CFAE1932CBE608
:1064E8004FF00A0BE2E6032333E5684902EB42006A
:1064F800144651F82010D0E602A92844FFF78AFB79
:10650800737FBDF808106288CB1A9BB21A44628068
:10651800727F1A447277E2881344E380338BB3F5B1
:10652800947F01D2E95435E6FEE7013808288CD873
:106538000FF2040C5CF820F0816500085364000831
:10654800536400086565000865650008136600085F
:10655800D365000835660008B16500086088B0F5A5
:10656800947F08D200F1010CA4F802C029542178C4
:106578000131217069E7FEE760883883B0F5947FC0
:1065880011D200F1010CA4F802C0295438787977A7
:1065980010F0010000F017810831E1800621A18088
:1065A8000421217051E7FEE76088B0F5947F0BD293
:1065B80000F1010CA4F802C029543978C90600F189
:1065C8002C8184F800E040E7FEE76088B0F5947F0E
:1065D80019D200F1010CA4F802C02954397878784E
:1065E800014311F0020140F01F816088B0F5947FEB
:1065F8000AD200F1010CA4F802C029546088B0F551
:10660800947FD5D3FEE7FEE7FEE76088B0F5947F78
:106618000BD200F1010CA4F802C0295439780807FC
:1066280000F1058184F800800FE7FEE76088B0F587
:10663800947F0ED200F1010CA4F802C02954797895
:1066480011F0020140F0EC806088B0F5947FAFD380
:10665800FEE7FEE7A0F1640CBCF1050F3FF6F5AECE
:106668006538042800F2EF80DFE800F0120A05031D
:106678002900F976D6E7B9764FF068012170E4E68B
:10668800797084F80090E0E6F625002040F70008CD
:1066980060883970B0F5947F7A700FD201F00101EB
:1066A800033900F1010CA4F802C0295497F900102D
:1066B8000029ACBF494666212170C6E6FEE7397756
:1066C8007FE7B8F1120F3FF67FAE07EB080108F13C
:1066D80001028B7002AB92B218466249FA8208F046
:1066E8009BFB0122FA826422A7F8009087F802A097
:1066F800034622704FF0020984E64FF0030960E672
:106708004FF005095DE64FF004095AE64FF0090914
:1067180057E64FF0080954E64FF0070951E64FF0E5
:1067280006094EE60823237012E44FF00A0948E6EA
:106738004FF00B0945E60923237009E461880C33FF
:10674800E380B1F5947F4FF00A03A38016D27B78DB
:10675800481C03F0010360806B546188B1F5947F95
:106768000DD2481C60806A5413B1E3880D33E3806E
:10677800E388B3F5947FFFF40FAEFEE7FEE7FEE78C
:106788004FF00D091DE64FF011091AE64FF01009F8
:1067980017E64FF00F0914E64FF00E0911E6B8F1AD
:1067A800120F3FF611AEB844BA7088F802300123D0
:1067B800FB82002264233A802370FFF7C9BB66235B
:1067C8002370FFF7C5BBB4F802C00C31E180BCF5FB
:1067D800947F4FF00A01A1801DD279780CF1010B4A
:1067E80001F00101A4F802B005F80C10B4F802C0D9
:1067F800BCF5947F10D20CF1010BA4F802B005F897
:106808000C0011B1E1880D31E180E188B1F5947F88
:10681800FFF4C6AEFEE7FEE7FEE784F800A014E644
:106828004FF00901217010E6082121700DE667215B
:1068380021700AE6772B0DD000232370C4F80230AC
:10684800E380FFF785BB772908D02270C4F80220BF
:10685800E280FAE565232370FFF77ABB4FF0650104
:106868002170F2E5F62500202DE9F8431F46184B64
:10687800164693F8302004463AB393F82B301FB1EC
:106888001BB31F1F18BF0127A1F1020804F5E36914
:1068980001F11E0538F8020FFAF768FA29F8020F15
:1068A800B8F80000FAF76FFAA845A9F82000F1D166
:1068B800084B84F85A771B68C4F85C3786F00106E1
:1068C800012384F8606784F81937BDE8F88300BFAE
:1068D800F40000202456002070B500F27C7400F506
:1068E800B0712046FBF7FBF8044B024618680168B4
:1068F8000D6921462B46BDE870401847EC3D002045
:10690800B0F8E834B0F8EA249B1A98B21B0444BFE4
:1069180000F5007080B2003818BF01207047D0F829
:10692800F836B0F8E8240133C0F8F836D0F8003764
:106938000133C0F80037B0F8EA349A421FBFC218D2
:10694800B0F8EC1492F8EE24013316BF0B40002285
:10695800A0F8EA3410467047114B93F82D305A1EB0
:10696800012A02D80F48FFF7DABF032B10D10E4ACD
:10697800B2F81E36B2F81C1699420ED0D11801335F
:1069880091F82206B2F820160B40A2F81E3670477E
:10699800064B186803689B6918470020704700BFBA
:1069A800F400002038260020E02E0020EC3D0020D6
:1069B8000023A0F8EA34A0F8E834024B186803680A
:1069C800DB691847EC3D002010B50748FFF7F0FFDA
:1069D800064B0022C3F81C26054B18680368BDE85F
:1069E8001040DB69184700BF38260020E02E002041
:1069F800EC3D002038B5B0F8EA24B0F8E8349B1A2A
:106A08009DB21B04084B04461868036848BF05F587
:106A180000751B6A48BFADB298474319D4F8F00611
:106A2800184480B238BD00BFEC3D0020F8B5D0F85E
:106A3800F43690F81877CB1AB3F57A7F04460E46E9
:106A480026D2632B01D800207DE0012F0AD0022F27
:106A580019D0002FF7D1FFF7CDFFB0F5806FF2D92D
:106A6800012305E0FFF7C6FFB0F5806F03D90223C5
:106A780084F818370CE02046FFF7BCFFB0F5C07F5C
:106A8800E1D20023F4E7FFF7B5FFB0F5806FE7D355
:106A98003448C4F8F466FAF7C5F8334D334A2B681E
:106AA8001168C3F1000C411A614501DB99424BDDC5
:106AB80010600A232B601368B3F5FA7FBCBF4FF44C
:106AC800FA7313601268D4F8F83652214A432849F9
:106AD8006425B1F8481092FBF1F26B43B3FBF2F373
:106AE8005F2B35D8552B35D83B2B03D94B2B34BFCF
:106AF8005B25322594F81837022B2DD0012B2DD089
:106B080013B9002F18BF33254FF47A73D4F8002730
:106B1800314604F20470FAF77BFE94F81837FBB993
:106B2800642D0BD1D4F8F436A3F29A23C4F8F436C2
:106B3800D4F8F83603225B00B3FBF2F3C4F8F83656
:106B480084F8FC560120F8BD002BB4DD013BB1E709
:106B58000025CFE71E25CDE70025D5E73225D3E769
:106B68000023EBE7F03D00202C0000208C030020E0
:106B78009800002070B5D0F8F43690F81827CB1A92
:106B8800B3F57A7F04460E4614D2032A08D8DFE804
:106B980002F002092730FFF72DFFB0F5487F26D80D
:106BA800002029E0FFF726FFB0F5AF6F11D90223C7
:106BB80084F81837304B94F81857B3F84800C4F8DD
:106BC800F466D4F8F836032D4ED8DFE805F037160A
:106BD800494B2046FFF70EFFA328E1D80323E7E738
:106BE800632BDDD9FFF706FFB0F5AF6FE2D20123C3
:106BF800DEE7002084F8180770BD21254FF47A736A
:106C0800D4F80027314604F20470FAF701FE94F82C
:106C180018377BBB642D0BD1D4F8F436A3F5487331
:106C2800C4F8F436D4F8F83605229B00B3FBF2F327
:106C3800C4F8F83684F8FC560120DDE764210F4AD1
:106C4800B2FBF0F24B43B3FBF2F35F2BD6D8552BD4
:106C58000CD83B2B0CD94B2B34BF5B253225CDE709
:106C68000025CBE75D25C9E76425C7E71E25C5E7ED
:106C78000D46C3E70023DBE79800002050400100E1
:106C8800F8B5244F04463846F9F795FFFAF70FF898
:106C9800064697F9A600FAF70AF805463846F9F7BE
:106CA80093FF1D4B94F8FC2693F8353084F8722135
:106CB800333384F86531442384F86631FF22D4F8ED
:106CC800683184F874216D2262F31703C4F86831BF
:106CD800C0F10A000023C4F86C3184F8813200B294
:106CE8004FF43943A4F8823280F30700092384F86B
:106CF800730184F8706104F5B07084F8715184F8F8
:106D0800843204F5AA71FBF7BFF92046BDE8F840C4
:106D1800FFF7E2BDF03D0020F40000202DE9F04F20
:106D2800044685B0B4F82E270092B4F830270192B3
:106D3800B4F83227B0F828670292B4F838270378F5
:106D4800B0F822E7B0F824C7B0F81CA7B0F81E972F
:106D5800B0F82087B0F82677B0F82A570392B0F831
:106D68002C07B4F81A27A4F87A610026B4F8361765
:106D7800B4F834B7A4F86C21A4F874E1A4F876C187
:106D880084F87C31A4F86EA1A4F87091A4F87281FB
:106D9800A4F8787184F87D61A4F87E51039AA4F868
:106DA8008C21FF2284F865214422A4F8800184F80C
:106DB80066210098D4F86821A4F88201A4F88A1101
:106DC800019884F8813246214FF4F84361F31702A1
:106DD800A4F88401A4F882320298A4F88601262334
:106DE80004F5B070A4F888B184F88E6184F88F61D6
:106DF80084F8906184F89161C4F8682184F8843239
:106E080004F5AA71FBF740F9204605B0BDE8F04F3C
:106E1800FFF762BDF0B591B0044600F23A736D46D3
:106E280000F25A76186859682A4603C20833B342F2
:106E38001546F7D120220DEB0200002108F036F8A4
:106E480094F8602794F85A370AB943F00203224AA3
:106E5800A4F8703192F835202778D4F85C17C4F874
:106E68006C110023333284F87331102384F87431A1
:106E7800D2B284F872716B4604F275160DF1400CAB
:106E88001D4603CD6545306071602B4606F1080646
:106E9800F6D1442384F86631D4F8683184F8652142
:106EA8004FF4D27262F31703C4F868314FF4A05359
:106EB800A4F88232492304F5B07084F8817284F80A
:106EC800843204F5AA71FBF7DFF8204611B0BDE85B
:106ED800F040FFF701BD00BFF400002070B5244B5F
:106EE80090F8745793F83530044690F8750784F88D
:106EF8006F016FF06E0084F8700133336FF02A0071
:106F080084F8710184F865311220442384F87201F1
:106F180084F866310020D4F8683184F873014D2074
:106F280060F31703C4F868318F2394F8721794F844
:106F38007327B4F8706784F883320A2384F87411CD
:106F480084F8811204F5B070A4F86C6184F86E516D
:106F580084F8752184F8822284F8843204F5AA71B1
:106F6800FBF792F82046BDE87040FFF7B5BC00BFBC
:106F7800F400002010B5224B027893F8353004460F
:106F88004FF07E51C0F86C1133330021C0F87011F6
:106F9800C0F87411C0F87811C0F87C11C0F88011DD
:106FA800C0F8841184F86531442384F86631D4F834
:106FB800683184F88C114C2161F31703082084F898
:106FC8008801C4F86831022049F6010384F8890170
:106FD800A4F882320120212384F88B0184F88A21C5
:106FE80004F5B07084F8812284F8843204F5AA711B
:106FF800FBF74AF82046BDE81040FFF76DBC00BF1C
:10700800F4000020F0B54E78202E0D468BB00446D3
:1070180001F10C013AD8324601A807F0FDFE01AB98
:10702800C6F121020021981907F040FF444B9DF852
:10703800222093F8353033339A427FD19DF823309C
:10704800442B7BD1BDF82030F62B02D0B3F5FA7F64
:1070580074D1B4F87027A4F870379A421CBF002284
:1070680084F87527012284F86D276A7984F87227D5
:10707800AA7984F87327F62B4FF0020284F8742754
:1070880013D0B3F5FA7F40D0002337E00B4601AAAE
:1070980005F12C0718685968164603C60833BB4221
:1070A8003246F7D11B783370C0E7264B186803685F
:1070B8005B6A98470028E7D09DED037AF0EE087ADE
:1070C800B4EE677AF1EE10FA1BD1DFED1F7A9DED71
:1070D800047AB4EE677AF1EE10FA12D1DFED1B7A7A
:1070E8009DED077AB4EE677AF1EE10FA09D1002324
:1070F80084F874379DF82430012B13D184F8753740
:107108001CE0002384F87437BEE79DED077ADFEDB5
:107118000F7AB4EE677A0023F1EE10FA84F8743728
:10712800B2D1E7E7022BAFD194F87527002AABD08C
:1071380084F87537064B1B68C4F878370BB0F0BD78
:10714800F4000020EC3D00200000884288AC9649FD
:10715800245600204FF47F4303800023C0E9013305
:10716800C0E90333436103767047000038B5002354
:10717800C0E90733C0E955334362C0F85C310446BF
:10718800FAF7FCFC254B9878022845D0431F584253
:107198005841FEF791FA40F2FF13A4F8EC34204B63
:1071A8001B68002503F57A73C4F8F43604F20470FA
:1071B800C4E9A255C4F89052A4F8EA54A4F8E854D3
:1071C800C4F8F05684F8FC5684F81857C4F8F856F2
:1071D800C4F80057FAF716FB84F81957294604F241
:1071E8001A70402207F062FE7D2384F85A57C4F8CB
:1071F8005C5784F86057C4F86457C4F86857A4F813
:107208006C37A4F8725784F87557C4F87857204635
:10721800BDE83840FFF79EBF0120BAE7980000207C
:107228002456002010B40F4A92F82E20B2B10278EA
:10723800A2B10D4A0169126840F6C414511AA1425C
:1072480003D95DF8044BFFF785BF416831B941693F
:10725800511AFA2982BF4261012202765DF8044B75
:10726800704700BFF4000020245600204378032B09
:1072780006D1C068B0F5834F34BF002001207047A5
:10728800002070477FB50B46374991F82D1000F163
:1072980028060229044600F11C02314668461BD123
:1072A800FEF746FE9DF80030022B5BD104F5B07561
:1072B800324669462846FAF76FFCD4F8683123F05D
:1072C8007F436E2B43D1294B9A78052A3DD8DFE8B6
:1072D80002F0303438063038FAF7CAFDE2E75A6C63
:1072E800B2F5613F94BF002201222046FFF7BEFF9E
:1072F800C8B9C2B194F86E31012B14D894F8723120
:10730800042B10D11A49102204F27B1007F092FDC9
:1073180048B9782384F8883184F8823184F87C313C
:107328002846FEF79BF9204604B0BDE87040FFF7F9
:10733800D3BA5A6CB2F5E13FD4E75A6CB2F5614F53
:10734800D0E75A6CB2F5164FCCE70122CDE74C2BAB
:10735800E9D1084B1B78002BE5D0B4F88831B3F598
:10736800FA4FE0D104B070BDF4000020980000206E
:1073780088F10008081400204378032B0FD1D0E9C6
:1073880002232AB1B3F5834F34BF00200120704790
:1073980044F2BF12934294BF00200120704700209E
:1073A80070474378032B07D1C06844F2BF13984253
:1073B80094BF002001207047002070472DE9F04F4E
:1073C800844B0446ABB084481D68FDF79EF9D4F899
:1073D800683740F6C312EB1A934204D894F96C3715
:1073E800834200F0B6807D4EC4F86857B17884F8BF
:1073F8006C07052998BF7A4B8DF819009CBF33F8A4
:107408001180784B8DF8171098BF33F811502378F6
:107418008DF814304FF000034FF006078DF8153043
:107428004FF07F0388BF00258DF818303A46B6F82C
:107438004A30ADF80C300DF11A0088BFA846ADF8F7
:107448000E308DF81670F9F76FFE7178DFF89891A5
:107458003A4608A8F9F73EFE5F48ADF81080ADF847
:107468001250FDF73BF940428DF826005A48FDF7C7
:1074780035F94042C2B220468DF82720FFF791FF28
:1074880004F5B07504F5AA768046002864D099F80A
:1074980035309DF826109DF9190000913333BDF859
:1074A8000C1084F88721DDF81A209DF815B09DF896
:1074B80016E09DF817C09DF91870BDF80EA0BDF82C
:1074C8001090BDF812800193A4F86C119DF8143047
:1074D800009984F87901C4F87A210898BDF81E202B
:1074E80084F8743184F88611A4F87E21A4F86EA17A
:1074F800A4F87091A4F8728184F875B184F876E1E3
:1075080084F877C184F87871C4F88001BDF8242024
:10751800A4F88421019A84F86521442284F866211C
:10752800D4F8682184F881324EF68E21AB2361F3BA
:10753800170284F88332C4F8682184F882B21C23C5
:10754800284684F884323146FAF79EFD2046FFF734
:10755800C3F92BB0BDE8F08F0146642211A807F0EB
:10756800A5FC0DF10C0CBCE80F000AAF0FC79CE896
:1075780007006FF02E0387E8070084F86C3199F84C
:10758800357094F8009084F86D811C2384F870316C
:10759800802284F86E9184F86F810AA904F2711030
:1075A80007F03AFC442384F86631D4F8683184F84B
:1075B800819240F2811262F317033337FFB2C4F8A5
:1075C80068314FF41343A4F8823284F86571852337
:1075D800B6E700BF24560020AC3E002098000020EB
:1075E800B8F50008C4F50008F40000202DE9F04FB4
:1075F800A94B1A68D0F864372DED028BD31A122BD9
:10760800A9B0044640F24281DFF8A8B2A34B9BF828
:107618000010C0F86427881E4142414193F8520087
:1076280093F85320DFF884A2002800F0BC80002AD9
:1076380000F0C5809AF9A000F9F751FB9BF80010FB
:107648009AF9A2908A1E5142074651419AF9A1001F
:10765800F9F745FB9AF9A38006469BF800109AF9BA
:10766800A6008B1E59425941F9F739FB9AF8A42014
:107678000490012A9AF8A52089480CBF0325012502
:10768800012A9AF8AA200CBF45F0080545F0040520
:10769800012A9AF8AB2008BF45F01005012A0CBF53
:1076A80045F0200545F04005FDF758F807EE900A2B
:1076B800B8EE670ADFED7B7A20EE270A07F03EFB7B
:1076C800DFED797A23787948019320EE278AF9F754
:1076D80084FA02907548F9F78EFA9BF80020039017
:1076E800022A0CBF9AF8A930002320469A46FFF7D1
:1076F80058FE6F4B93F835303333DBB2059304F5FE
:10770800B07B04F5AA730146002863D0019A84F877
:107718006E21002284F86F21029A84F87021039A5E
:1077280084F87121049A84F875217F2284F87621DF
:1077380084F87A2118EE102AC4F87B21C4F87F2136
:10774800059A84F865214422FF2184F86621D4F83B
:10775800682184F879114EF68D2161F31702C4F877
:107768006821019A84F881224FF46062A4F8822289
:107778001722A4F86C5184F8727184F8739184F814
:1077880074A184F8776184F8788184F88422584653
:107798001946FAF779FC204629B0BDEC028BBDE802
:1077A800F04FFFF799B852B19AF9A100F9F797FA93
:1077B8004FF07F099AF9A3800646FF274DE79AF90B
:1077C800A000F9F78CFA4FF07F089AF9A2900746C3
:1077D800FF2642E76C2206900DA8079307F066FB88
:1077E8007F228DF82A208DF82E2018EE102A019B72
:1077F8008DF82230CDF82F20029BCDF833206FF082
:107808002F020699ADF820508DF824302578039B77
:1078180084F86C21FF2017228DF823108DF825306D
:107828008DF82D00049B84F86D1184F86F1184F88D
:10783800702108A9802284F86E5104F271108DF825
:1078480029308DF826708DF827908DF828A08DF8AE
:107858002B608DF82C8007F0DFFA442284F866212B
:10786800D4F86821059B84F8653140F2811161F3F1
:107878001702C4F868214FF41342A4F88222852223
:10788800079B84F8815284F8842280E729B0BDECF4
:10789800028BBDE8F08F00BF24560020980000201E
:1078A800EC23002000007A3A00007A44F03D0020E2
:1078B800F4000020F7130020F0B54E78082E85B0AC
:1078C80005460C4601F10C0717D83246394601A87F
:1078D80007F0A2FA01ABC6F109020021981907F0D6
:1078E800E5FA9DF80930032B05D162792A70064A1A
:1078F80012682A616B7005B0F0BDC86879683A7A79
:1079080001AB03C31A70ECE72456002030B50378A6
:1079180095B004461BB34A799A4220D14D784D2D33
:1079280001F10C011DD82A46684607F075FAC5F121
:107938004E0200210DEB050007F0B8FA049B6360C6
:10794800190EC3F3072242F2107000FB0122C3F3A1
:107958000743642101FB0323E360059BA36015B083
:1079680030BD4E22684607F057FAE7E78A68C2F347
:1079780017024C2A14D0942A09D09AB90A4A92F8C4
:107988002E207AB18B79012B0CD1FFF795BF064ACF
:1079980092F82E2032B18B79012B03D1FFF7B6BFB5
:1079A800FFF730BB704700BFF4000020B0F8EA349E
:1079B800B0F8E824F0B5D21A93B2120444BF03F524
:1079C80000739BB2DD2B85B0044609D82A4D00F51B
:1079D800257600F52277286803685B69984708B917
:1079E80005B0F0BD286803689B699847D4F8F0266D
:1079F80001320346C4F8F02631463A466846FAF79B
:107A080037FA9DF80030022BE5D104F5707532463F
:107A180069462846FAF7C0F8184B93F82D3004F257
:107A28007C76022B294630460FD1FDF7C3FF002391
:107A38009AB282420CD3002329462046C4F8F03675
:107A480005B0BDE8F040FFF791BFFAF748F8EEE758
:107A5800B4F8E814B4F8EC744A1C3A40B4F8EA7480
:107A680097421EBF0919F75C81F8EE7403F1010310
:107A780018BFA4F8E824DBE7EC3D0020F400002060
:107A88002DE9F0414B4BDFF838811E6898F800303B
:107A9800494F022B1EBF0023A0F8EA34A0F8E834AF
:107AA80097F82D30013B012B044600F28180FFF747
:107AB8007DFF97F82E50002D5BD098F80030022BF0
:107AC8004BD1012D3ED0022D42D000252046FFF794
:107AD800A9FB94F8193743B1002384F8193797F8AC
:107AE8003030012B4FD0022B50D015B12046FFF774
:107AF800C7F894F86D372BB1002384F86D3720460A
:107B0800FFF7ECF994F87537022B11D1D4F87837D0
:107B1800F61AB6F57A7F0BD9B4F87037F62B3ED043
:107B2800B3F5FA7F3DD00023A4F8703784F8753791
:107B3800237E002B3CD0002323762046BDE8F0416D
:107B4800FFF718BA31462046FEF770FF0546BDE735
:107B580031462046FFF70EF8F8E7D4F8F436F31A62
:107B6800B3F57A7F08D2002504F20470F9F74AFECB
:107B7800ACE7C4F8F466F7E73223C4F8F46684F88F
:107B8800FC360125F0E7FFF7C9F8AEE7FFF742F941
:107B98002046FFF72BFD2046FFF710FCA5E7FAF774
:107BA800CFFC064B1A79002ABDD101225A71BAE7D7
:107BB800BDE8F08124560020F4000020980300203E
:107BC800F713002070B54C88B4F5427F4FF00003DE
:107BD8000AD80D780B2D73D8DFE805F0060D1A2AA0
:107BE8002D30363952555969A2F1240462424B802E
:107BF80062410A7007E04D2A01D0582A06D1027066
:107C080002230B70002380F8093333E00023F8E7E0
:107C180002F0FD033C2B01D0212AF7D103784270F2
:107C28004D2B0CBF082303230B7000238370E9E757
:107C380082700422DDE782800522DAE7838803EB7D
:107C4800022383800623DCE7C2800722D1E7C388AA
:107C580003EB02239BB2002BC3800CBF0B230A2328
:107C68000B7000234B80012380F80933C388B3F5D8
:107C7800407F01D8002002E000200870488070BDD5
:107C8800C2800922B5E70A2382800B70EBE7B4F5BE
:107C9800407F3CBF241822724B8801339BB24B8033
:107CA800C2889A429CBF0B230B700123ABE780F874
:107CB80008230B704B80022380F809330120DEE78C
:107CC8000B704B80D6E7CB88B3F5407F70B531D8C1
:107CD800242303700B7843704B7883700B784D2BFB
:107CE80014D1CB88C3708B88037105230022CD88FB
:107CF800D4189542A6B210FA84F415D891F808233E
:107D08002270CA880132981880B270BD8B78C3700F
:107D18008B8803718B881B0A4371CB888371CB884E
:107D28001B0AC3710823E1E78C180132247A8455B1
:107D380092B2DCE70020E8E72DE9F74F16464A88BB
:107D4800B2F5427F04460D462ED80B780A2B0FD980
:107D5800A3F16402032A03D90020287068802DE06B
:107D6800653B8F4F022B33D8DFE803F063A4A700ED
:107D780000210A2BF0D801A050F823F0B17D0008AB
:107D8800CB7D0008617D0008617D00080F7E00083A
:107D98001D7E0008297E00082F7E0008617D0008EE
:107DA800617D00089D7E0008A6F124077E424FF001
:107DB80000007E4168802E7084F8090303B0BDE896
:107DC800F08F6F2E0CBF642300232B700020F3E785
:107DD80016F0040F14BF4D2358233E7023703A78D1
:107DE800D1070ED412F0020F14BF21233E23637073
:107DF800C2F3C003D20648BF43F00203A3700423B2
:107E0800E3E73C23F3E7A68005232B7084F80913E6
:107E18000020D3E7A38803EB0623A3800623D4E737
:107E2800E6800723F1E7E38803EB0623E380652375
:107E3800CBE70DF106007E70F9F74CFE3978F9F7BB
:107E480041FEA7882179F9F73DFE390AF9F73AFE8C
:107E5800E788A179F9F736FE390AF9F733FE9DF874
:107E68000630B34206D000232B706B80032384F8BE
:107E78000933CDE7002F0CBF66230A232B7001239B
:107E880084F8093300236B80E288B2F5407FBFD9BC
:107E98002B70BDE7B2F5407F3CBF121916726B8894
:107EA80001339BB26B80E2889A4201D866232B701B
:107EB8000123DCE77E806723F9E7B7F8028097F8AB
:107EC800009008EB06284FF6FF730DF106001FFA25
:107ED80088F84946ADF80630A7F80280F9F78CFD16
:107EE8002679B4F804A03146F9F786FD4FEA1A213D
:107EF800F9F782FD94F806B0B4F806A05946F9F7E8
:107F08007BFD4FEA1A21F9F777FD797804F1080724
:107F1800F9F772FD52463946F9F77AFDBDF8063091
:107F280043453AD119F0040015D086EA0B01E21D49
:107F3800002398B2824584F8081307D80223012049
:107F480000222A706A8084F8093337E712F8010F93
:107F580001334140EDE7A178F8F76CFF217984F807
:107F68000803F8F767FFA18884F80803090AF8F7F7
:107F780061FFA17984F80803F8F75CFFE18884F8C9
:107F88000803090AF8F756FFE28884F80803394617
:107F9800F8F756FF84F80803D0E703230020CFE75B
:107FA800B83C0020CB88B3F5407F2DE9F04104466A
:107FB8000D464AD84B783C2B40D0A3F121004342D0
:107FC80043415B002A784D2AAA7808BF43F004038E
:107FD800D10748BF43F0080392074FF024022270EC
:107FE80048BF43F010036F226270A370AB88E37040
:107FF800AB881B0A2371EB886371EB88A71C1B0AEB
:10800800A3713846F9F7C4FE0822E071E988A2F1A5
:1080180008039BB2561C8B42B6B204EB02080FD37E
:10802800063189B23846F9F70DFD88F80000000AD4
:10803800A055E8880A3080B2BDE8F0810123C1E785
:108048002B441B7AA3543246E0E70020F4E730B40F
:10805800BDF80C40B4F5407F03D8039430BCF9F761
:10806800AFBE002030BC704710B5044624202070F5
:1080780058206070237100201B0AA170E2706371A0
:10808800A071E0710522E11CF8F7DAFE20720920E0
:1080980010BD00002DE9F04F0025DFF8E4A00D80A9
:1080A800D71891468FB080460C462B462A464FF08B
:1080B800FF0BB94502D10FB0BDE8F08F19F8010BDD
:1080C8003B28114609D001323831D2B26944202AFE
:1080D80001F8300C08BF0022EBE738326A444FF051
:1080E800000102F8301C0026F2B25AF8361001934B
:1080F80002A80092F8F76CF8DDE90023A0B9FF2B7D
:108108001FBF2388591C218008F803B023880AEB75
:10811800C606591C218008F803203379142B01D88E
:10812800189AD554FF231BE00136372EDCD1FE2BDD
:1081380006D023885A1C22806FF0010208F8032019
:10814800002602A8F8F74EF8721CF6B2B04223884F
:108158000AD85A1C22804FF03B0208F80320FE235D
:108168000135EDB20022A4E7591C218006F138013F
:108178000DEB010616F8301C08F803101646E0E768
:108188009C0C010840F2FF3370B50025A0F820369A
:108198007D2380F8543A04460560C0F80E53A0F8D1
:1081A8001E56A0F81C56A0F8425AA0F8445A80F867
:1081B800465AC0F8485AC0F84C5AC0F8505AC0F845
:1081C800585A00F6672103460A2600F66D2011F872
:1081D800012F0AB1B6FBF2F2814283F8702A83F8C4
:1081E800715AC3F8745A03F10803F0D11522FF211C
:1081F80004F52A6006F05AFEC4F8B85A70BD0000AB
:10820800F8B5134A044692F83000F8B192F82B20DA
:1082180003B1DAB18E1E04F5226701F11E0536F8A6
:10822800020FF8F7A3FDAE4227F8020FF7D101239A
:1082380084F8423A94F8453A83F0010384F8433AC3
:1082480094F8463A83F0010384F8443AF8BD00BF35
:10825800F400002070B5061D04460A460146304663
:10826800FFF76AFD18B304F6BC2531462846FFF728
:108278002AFD0F4B0246186801680E692946B04767
:1082880063793C2B13D121890A4804F65A2304F652
:108298006622A4EB8404A4F5F7541C3C33F8025F6F
:1082A8008D4204BF056844F823509342F6D170BD4F
:1082B800EC3D00202456002070B5124890F82D009F
:1082C800451E012D0C460AD80F4E8D18AC4200D120
:1082D80070BD14F8011B3046FEF7D4FFF6E70328FB
:1082E80009D10A4E8D18AC42F2D014F8011B304661
:1082F800FFF7B0FFF7E7064B18680368BDE8704062
:108308001B691847F400002038260020E02E0020C2
:10831800EC3D0020B0F81C36B0F81E269B1A98B227
:108328001B0444BF00F5806080B2003818BF0120EC
:1083380070470000094B93F82D305A1E012A02D8C5
:108348000748FEF7DDBA032B02D10648FFF7E2BF64
:10835800054B186803685B69184700BFF4000020E4
:1083680038260020E02E0020EC3D002070B500F6F5
:10837800BC240B4602223C212046FFF775FE054B24
:108388000246186801680D6921462B46BDE8704011
:10839800184700BFEC3D0020114B37B51A68D0F8DC
:1083A800483AD31A122B19D9C0F8482A00F6BC2427
:1083B800202300F6222001930090C82303223C21A9
:1083C8002046F9F77BFC074B0246186801680D69DF
:1083D80021462B4603B0BDE83040184703B030BDF6
:1083E80024560020EC3D00207FB5234B1A68D0F8B6
:1083F8004C3AD31AC72B04463CD9204DC0F84C2A16
:108408004FF480732846ADF80830F8F7D4FB0646D9
:108418001B48FCF763F901463046F8F7F1FC8DF884
:108428000A002846F8F7C7FBF8F7E4FC95F8A930E6
:108438008DF80B0028468DF80C30F8F7CEFB8DF838
:108448000D002846F8F7C0FB072304F6BC24019367
:1084580002AB8DF80E000093032241F20D033C217C
:108468002046F9F72BFC074B0246186801680D698E
:108478002146A84704B070BD24560020F03D0020D6
:10848800AC3E0020EC3D002030B5214B044687B0BF
:1084980020481D68FCF739F9D4F8503A40F6C31261
:1084A800EB1A934203D894F9543A83422DD0C4F876
:1084B800505A002384F8540A8DF80830F8F7E2FC83
:1084C800154DADF809006978ADF80B0004220DF1DF
:1084D8000D00F8F7FFFDA97806220DF11100F8F755
:1084E80023FE0F2304F6BC24019302AB009303225E
:1084F80041F20E033C212046F9F7E0FB074B024608
:10850800186801680D692146A84707B030BD00BF4B
:1085180024560020AC3E002098000020EC3D0020AE
:108528000A2313B51A4617482021F9F78EFF0A23A4
:108538001A4640211348F9F788FF134AD2F88830C1
:1085480023F0407343F08073C2F88830D36843F453
:108558008013D3604FF4805005F02EFC04464FF092
:108568000070F9F711FA09496A46204603F038FF06
:10857800002804DB02226946012003F05BFC02B0FC
:1085880010BD00BF000400480010024040420F0028
:1085980010B50446F9F7CAFF014B1B68E36010BD2C
:1085A80000ED00E0054B06491A68064801FB020089
:1085B80020F000401860000C704700BF2800002021
:1085C800FD430300C39E26001FB5684603F05EFE08
:1085D800002807DDFBF728F802460B4603486946E2
:1085E80003F0A6F905B05DF804FB00BFC80300203E
:1085F80008B5074802F0BBFF48B1064B196803F0FD
:10860800ABFC20B1BDE80840014802F0B4BF08BD8A
:10861800C80300202456002030B5054687B014480A
:1086280002F0E1FE01248DF8084050B9114B4FF4D7
:108638008072CDE900232146684603F07FFE07B02B
:1086480030BD0B4802F0CFFE030203F4FE4343F4AF
:10865800C03343F080032A780093064B0193002A25
:10866800E9D0054A0224CDE903238DF80840E2E762
:10867800C803002080FFFF0000B90B0037B50025B4
:108688000170C0E90555458005710572C56005741E
:10869800057780F82050456280F82850C585858583
:1086A800A0F83458A0F8325880F8505CC0F84C5CF8
:1086B800C0F8485CC0F8445CC0F8405CC0F83C5C5A
:1086C800C0F8385C0446FFF72BFF104B00931049A5
:1086D800104B114801954FF4805202F056FE237852
:1086E8001BB10D48442102F077FE0B4802F07BFED7
:1086F800B0FA80F0400920772046FFF78DFF03F09D
:1087080085FD03B0BDE8304003F018BC49210008DE
:10871800F403002099A40008C8030020000000000A
:1087280070B5044686B060480E46154602F05BFEFA
:10873800002874D05D49E3680A68D31A122B6ED9F1
:108748005B4BE26093F82B3025B1002B67D01D1FDF
:1087580018BF0125574B1B786D00A4F8585C022BF5
:108768004FF00005A4F85A5C2AD15348FEF704FEDE
:10877800002800F08A80514A13780133DBB2022BBB
:1087880094BF137015701378012B4AD14C4D2846AD
:10879800F8F723FA95F8A43084F85A0C012BB4F8AA
:1087A800583C04BF60F07F0084F85A0C43F004037F
:1087B800A4F8583CB4F8583C43F00103A4F8583CDA
:1087C8001023B21E84F85C3C04F65C411E3640F26D
:1087D800592032F8023FA3F58063434348BF03F2B0
:1087E800FF3302319B1203F2DC5396420B80F0D127
:1087F80004F55E6504F658402946F8F770FD08232D
:1088080080B21C44029340F27443CDE903500093B4
:108818002548019422A3D3E9002302F029FE06B0DB
:1088280070BD022B25D127480D68FBF76EFF264A3D
:10883800136840F6C411EB1A8B42244B03D893F902
:10884800001081420AD018701560F8F709FBB4F8D7
:10885800583C84F85A0C43F01003A9E71848F8F775
:10886800B3F9B4F8583C803884F85A0C43F00C0338
:108878009EE71348F8F79FF9F8F7BCFAB4F8583CA4
:1088880084F85A0C43F0080392E70D48F8F793F977
:10889800F8F70DFA84F85A0C8CE700BFAFF30080A4
:1088A800CFB4AA96E5551577C803002024560020B2
:1088B800F4000020F71300203826002031000020A3
:1088C800F03D0020AC3E0020900300203000002046
:1088D80070B500239CB2A24205D8D0F83C3C1344A2
:1088E800C0F83C3C70BDB0F83258B0F836686C1C23
:1088F8003440B0F83468A6421EBF2D18CE5C85F807
:10890800386803F1010318BFA0F83248E2E7000015
:108918000148FFF7DDBF00BF08140020D0F8383C3D
:10892800828D0133C0F8383CC38D9A421FBFC218EC
:10893800018E92F83220013316BF0B400022C38506
:10894800104670470148FFF7E9BF00BF0814002030
:10895800194B30B51B684FF47A72B3FBF2F3174A20
:10896800C0F8583C0023A0F85C3C80F85E3C1388B3
:10897800A0F8603C00F55E6587B0013329460446DF
:1089880000F658401380F8F784FD1823029380B24C
:10899800043440F25513CDE903500093019404A325
:1089A800D3E90023064802F063FD07B030BD00BFDD
:1089B800F1C6A7C1D068080F2456002094030020F0
:1089C800C8030020000000002DE9F043344B164690
:1089D8001B684FF47A72B3FBF2F3C0F8583C40F2CC
:1089E80001430025A0F8683C0446012380F86A3C4E
:1089F80087B0A0F85C5C80F85E5CA0F8605CC0F8AA
:108A08006C5CA0F8785C04F68B5800F67A400F4648
:108A1800FFF7BEFD2349404606F0DAF922494046F1
:108A280006F0DEF94FF05F094046F7F7DBFBEBB2E3
:108A380098421ED804F55E6584F88A0D294604F626
:108A48005840F8F784FC00230393B37E029306F1A1
:108A58001903019380B20123CDE904500093F17EFC
:108A68000DA3D3E90023384602F05FFD07B0BDE847
:108A7800F0832344013593F88B2D202A08BF83F80F
:108A88008B9D93F88B2DA2F1410119299CBF2032AF
:108A980083F88B2DC8E700BF9E6AC421818A46EE01
:108AA8002456002099F1000849F10008F0B51D4B43
:108AB8008BB01F68154604460E46FFF773FD4FF44A
:108AC800C87307F51677B0FBF3F202FB130317FA26
:108AD80083F36361EB7E1BB90023A3610BB0F0BD88
:108AE80005A92846F8F7FDFC0028F7D101A8FFF7EB
:108AF8004FFD9DF8165001A92A460DF1170006F002
:108B0800ABF90028E8D10F2D05D86369A561A3F555
:108B180016736361E2E79DF81410304602F05CFCBE
:108B2800DCE700BF2456002070B5214B8CB0054609
:108B38001C68FFF737FD4FF4C873AE69B0FBF3F25A
:108B480004F5167402FB1300002E14FA80F0C6F127
:108B5800100414BF88238923E4B2686108A88DF83B
:108B68001830FFF715FD062C28BF062408AB991905
:108B780022460DF1190006F04FF906AB03931823AE
:108B88000293013405F110030193E4B20123009329
:108B9800049405A3D3E90023064802F069FC0023E6
:108BA800AB610CB070BD00BF401DA12026812A0B0F
:108BB80024560020C8030020F0B590F8283080F82B
:108BC800593C314BB0F8325893F82D30B0F834286E
:108BD800013B012B94BF0123FF2380F8583C4FF43D
:108BE8008073A0F85A3C294BAA1A5B6CC0F85C3C0D
:108BF80093B2120444BF03F580639BB2782B28BF5D
:108C08007823044680F8603C87B00020C1B29942BE
:108C180020DB04F55E65294604F65840F8F794FC15
:108C28001023029304F12003019380B240F6B93374
:108C3800CDE903500093164811A3D3E9002302F0AD
:108C480017FCD4F8443C94F8602C1344C4F8443C12
:108C580007B0F0BDB4F8342895421FBFA618B4F881
:108C6800367896F838680132214416BF3A40002613
:108C7800A4F83428013081F8616CC7E7AFF30080AD
:108C8800E9A2A272EAE738B1F400002098000020B7
:108C9800C80300202DE9F0410446FAF7C5FC8046D8
:108CA80027480F4602F09FFB58B901232377254B2D
:108CB8001A6863699A422CD92046BDE8F041FFF74B
:108CC80033BF237F33B1002323772046BDE8F0412B
:108CD800FFF7A2BC1B4B1A6894F82830DBB1B4F834
:108CE8003438B4F83268F61AB5B2330444BF05F51F
:108CF8008065ADB225B9636AD31AB3F5FA7F03D993
:108D080062622046FFF758FF658855B940F2E7339D
:108D18006380BDE8F0816262A4F83438A4F8323880
:108D2800F2E7013DADB26580002DF2D1044842461C
:108D38003B4602F02BFC2046BDE8F041FFF708BE99
:108D4800C8030020245600202DE9F84F4D4E4E4D03
:108D5800DFF86091DFF86081DFF860A1F9F75AFF6A
:108D6800FAF780FCF9F7C0FEF9F7ACFE06F1260128
:108D7800464801F027FCF9F7DFFDF9F7E9FE444B17
:108D88008022002402275A701C70FAF79FFBC5E95D
:108D98000444AC602F73FAF7A3F83E4B1C70F9F744
:108DA80051FC4FF40063C9F81430F9F791FC4FF007
:108DB800040B4046F9F74AFFCAF828B041F2883058
:108DC800F9F744FFCAF818B04CF25030F9F73EFFF3
:108DD8002846F9F765FC214628462F4D03F0BCFCD0
:108DE8004FF47A70F9F732FF2F73C5E90444AC6089
:108DF800FAF714F9294B1C70F9F7A6FCC9F8147096
:108E08004FF0904740464FF00808F9F7E7FCF9F7AC
:108E18001DFFC7F8288041F28830F9F717FFC7F817
:108E280018804CF25030F9F711FF2846F9F7BAFCD0
:108E38002146284603F090FC4FF47A70F9F706FFB4
:108E4800FBF794FA1648FAF753FC164B1648B3F892
:108E58004810FAF753FD96F83400013818BF01207E
:108E6800FCF74AFA114B186803685B68984796F84C
:108E780034100F484B1E59425941BDE8F84FFFF7CF
:108E8800FDBB00BFF4000020AC3E0020BC3C00202D
:108E9800EA2300203C000020C83E00203D000020BE
:108EA800043D002098000020EA3D0020EC3D002011
:108EB8000814002000040140E09304000004004866
:108EC800184B4FF4006273B55A611748174C4FF6A8
:108ED800FF7103F081FD206023689B0712D5144EB3
:108EE80035798DB1104808236A46002103F005FC46
:108EF800D6E90402DDE900139A4208BF884201D08E
:108F08000023236002B070BD02236A460648294642
:108F180003F0F3FB074BDA8BBDF800309A4218BF19
:108F28002560EFE700040140AC3E00202826002021
:108F38009803002098000020184BF7B502275F61BE
:108F48001748184C4FF6FF7103F046FD2060236860
:108F58009B0712D5144E35798DB1114808236A46FE
:108F6800002103F0CAFBD6E90402DDE900139A42A6
:108F780008BF884201D00023236003B0F0BD3B4600
:108F88006A460748294603F0B8FB084BDA8BBDF858
:108F980000309A4218BF2560EFE700BF0004014087
:108FA800C83E0020242600209803002098000020B6
:108FB800034A00231370034A1370034A137070475F
:108FC80033260020003F0020FC130020024A002323
:108FD8001370024A1370704733260020003F0020A8
:108FE80008B5437E203B042B0FD8DFE803F0050EBD
:108FF800030B0F00FBF708FF064A01231370064A0C
:10900800137002E0054B01221A7008BDFBF7A2F9A4
:10901800F2E700BF33260020003F0020FC130020A9
:10902800034B1B78012B01D1FBF788BE704700BFAB
:10903800332600202DE9F043814699B04148FCF7DA
:1090480055FA0646002867D03F4B1C78002C63D1A0
:109058003E4B1B78022B5BD1DFF8088103AF254616
:109068004046ECB2FFF766F940B14046FDF774FCA4
:109078000135522D07F8010BF2D12C463448214610
:10908800F8F750FC3348F8F747FC2E4F324DBB78C1
:109098008DF800304FF0010895F8A4308DF80530B0
:1090A800284685F8A5908DF806908DF80180F7F789
:1090B80082FD8DF802002846F7F78FFD8DF8030032
:1090C8002846F7F798FD254BDFF89C9019788DF81E
:1090D80004000222072313FB0123D3408DF8093033
:1090E8000EB3194B1B78CBB91D48234603AA694612
:1090F800FBF736FD1848012389F80030F7F789FD9A
:109108001548F7F78FFD0123FB7019B0BDE8F08310
:109118001448FDF759FCB8E70024B6E7104869463B
:10912800FFF77EFFE6E799F8003003B9FEE70C4841
:109138006946FBF729FC284689F80080F7F76EFD99
:109148002846DEE7E43E0020003F0020F713002019
:10915800543E00202C3E0020F03D0020323D0020EF
:109168008F3D0020400000207903002070B5CB78A7
:10917800364EC3F3800386F8AA308B79C3F3000315
:1091880086F8AB300B79054603F00303C8785B011A
:1091980043EAD0000C46F7F784FD86F8A600237949
:1091A800C3F3800386F8A7306379227903F00103BB
:1091B8005B0143EAD20386F8A8306379C3F3460318
:1091C80086F8A930E37803F00202002A204A14BF87
:1091D8000121002111700DD0A27803F001039B003A
:1091E80043EA9213032202EB83030722B3FBF2F351
:1091F800184A5370184821461DB9BDE87040FBF75E
:10920800F7BAFBF734FBA37803F03003202B04D123
:109218002046BDE87040FFF7E3BEFFF7D7FE0F4BCF
:109228001B78022B10D1A2790D4804F119015208BC
:10923800FFF742F8A1790B484908F8F773FBBDE836
:1092480070400948F8F768BB70BD00BFF03D0020CA
:1092580012400020323D00200C3D0020F713002072
:1092680040000020683E0020403E002073B50546BF
:1092780060B9204B20491C782048037953B1012C50
:1092880036D002B0BDE87040F8F7F4BC1C4B1D495D
:109298001C78F1E75CB91A4B1B491B780193154BF5
:1092A8001B780093224623460D20FCF7C7F8012CB3
:1092B800164B174E13D08A78C2F3C0025A70022296
:1092C8001A70E31E58425841FFF750FF3046F7F72F
:1092D8006CFC032C04D13046F7F76AFC00E01C70E4
:1092E8000B4886F8A45002B0BDE87040F7F75BBCA5
:1092F80002B070BD302600205C3F0020980300209B
:1093080031260020B73F00209FF10008E43E0020EE
:10931800F03D00200A4B1A7910B504462AB10146DF
:10932800BDE810401846FCF731B8FFF783FE054B3F
:1093380005491B7F20465B22BDE81040FBF7F8BFBC
:1093480098030020980000208F3D0020264B1A79B2
:1093580070B505460E4632B10A46BDE87040014672
:109368001846FCF74BB9214A21495B23FBF7D2FF8A
:1093780015BB1F48FBF708FA044640B31D491E48B1
:10938800F8F72EFF05F130011B48C9B2F8F71CFFAA
:109398001A491948F8F724FF204603F0ADF80146AA
:1093A8001548F8F71DFF14480A21F8F70DFF012C9E
:1093B80004D11348FCF78AF80C48DBE7042C0FD0DB
:1093C800012428460F49FCF71FF8204670BD2EB12E
:1093D8000D48FAF743FA0CB10224F2E70324F0E748
:1093E800002EF9D0F4E700BF98030020B73F002013
:1093F8005C3F0020B1F1000834000020B8F10008FB
:10940800BAF10008F03D0020EA3D0020024B187830
:10941800831E584258417047F713002070B5002347
:109428009CB2A24200D870BD058886886C1C344066
:109438004688A6421EBF2D18CE5CAE7103F101030B
:1094480018BF0480ECE70000B0F81E36B0F81C2600
:109458002DE9F04FD21A93B2120444BF03F580638A
:109468009BB2E62BADF5057D04460AD8754E00F291
:109478001C6704F21238306803685B699847054630
:1094880018B90DF5057DBDE8F08F306803689B6954
:10949800984704F20E3102464046FEF793FB002837
:1094A800E9D094F813333E2B75D1B4F81633B3F5DD
:1094B800005F38D194F8983A002B6CD104A804F2D4
:1094C800273A04F69F299E4619464FF0010B036080
:1094D80019F8012FFF2A0ED04FEAD20C02F007022A
:1094E8001AF80CC04CFA02FC1CF0010F1EBF0BFA54
:1094F80003F21143AE460133152BE9D1BEF1000F3B
:1095080000D0016004F6BC290423CDE9000302223F
:109518003E2142F6FF734846F8F752FC4946024698
:109528003846FFF77BFFB4F816A3BAF1740F23D1BE
:109538000DF1100B04F52A630025009304F21A328A
:10954800B4F81833ADF80E500DF10E015846FEF779
:10955800A1FDBDF80E3084F8985A04F6BC29CDE96F
:1095680000B302223E2153464846FEF770FD4946A5
:1095780002463846FFF752FFB4F8162343F20103B8
:109588009A4208D194F81233582B04D12E4B1D79E6
:10959800F5B901225A7194F81333212B22D1B4F86A
:1095A800163341F20D02934214D041F20E02934257
:1095B80014D0002D3FF45DAF04F6BC254146284683
:1095C800FEF7F0FC294602463846FFF727FF50E72A
:1095D8000025E0E7012384F8453A4AE7012384F8A7
:1095E800463A46E73C2BE4D1B4F81693B9F1440F58
:1095F800DFD194F81233582BDBD13068D4F81A53E2
:1096080003685B6A984700283FF433AF0F4B9D42CD
:109618007FF42FAF0E4B1B68C4F8B83A04F6BC258C
:109628000023CDE9003302224B463E212846F8F7B5
:1096380045FB024630680168D1F810802946C047CA
:1096480017E700BFEC3D00209803002091D51200D9
:10965800245600202DE9F0473A4B1B78022B04468C
:109668000CD00023A0F81E36A0F81C3690F86D3AEE
:1096780013B10A22B2FBF3F384F8983A324B93F809
:109688002D30032B2DD12046FFF7DEFE94F8422A19
:109698003AB1002384F8423A2046BDE8F047FEF785
:1096A8007BBE94F8433A33B184F8432A2046BDE898
:1096B800F047FEF799BE94F8448AB8F1000F06D037
:1096C80084F8443A2046BDE8F047FEF7DDBE1F4B5C
:1096D8001E68D4F8583AF31A632B04D8D4F8B83A69
:1096E8004BBBBDE8F087C4F8586A254604F65C27EA
:1096F80004F1300940F6AB5A95F8702AAAB195F8EA
:10970800713A0133DBB29A420BD885F8718AD5F8E1
:10971800743AF31A534508D939882046FEF726FECD
:1097280003E085F8713A002BF1D008354D4507F173
:109738000207E1D1D2E7F61AB6F57A7FD1D9F8F760
:10974800FFFE00BFF7130020F4000020245600207D
:109758002DE9F043AB4EAC4C3378012B85B000F2C9
:1097680017810BB9F8F75AFFFFF7EEFAA74B616CB0
:10977800186803689B689847A54B00221A809A705E
:10978800A44B40229A6207274CF25030013FF9F768
:10979800D1F9F9F75BFA17F0FF07F5D19E4803F006
:1097A8004BF9013880B24FF6FD75A84203D99B49A1
:1097B8000120FBF73BFE9A4803F03EF9013880B2DE
:1097C800A84202D997490220F3E7974B1F60974BAD
:1097D8001F6094F8523013B994F854301BB194496F
:1097E8008D48FAF7A1FF94F8533013B994F855301F
:1097F8001BB190498A48FAF7A4FF8F48FBF728FB6A
:1098080094F82020202A00D9FEE794F828008B4DF0
:10981800616AB4F82C9094F829C094F82A30A87199
:10982800052800D9FEE7DFF8788258F830E0BEF165
:10983800000F00D1FEE708EBC008C5F808E098F86B
:1098480004E098F8058085F80C804FF0000885F84A
:1098580007E085F8D500A5F80E9085F8D480B9F111
:10986800000F00D1FEE7724524BF0EF1FF3E5FFAFC
:109878008EF205286A7400F0B380012800F2B880DF
:109888000CF1FF30C0B200F0A280022813D8581E95
:10989800C0B2032809D80C2A01D90C206874687C46
:1098A800904200D96A74674608E0122A84BF1223DE
:1098B8006B740023F3E7052B28BF00235F483A4663
:1098C800F7F733FF00275E4B5C482F74FF221A70AE
:1098D8005A70FAF743FF01464F4802F062FF5748B3
:1098E800FAF73CFF01464E4802F05BFF554B5648DD
:1098F8001F70564B1F70564B1F80564B1F70564B90
:109908001F70564B1F70564B1F70564B1F70564B8F
:109918001F70564B1F70FFF74BFB554BB4F84A208E
:109928001F70544B94F840101F70534B1F70B4F8BD
:109938004830F7F7FEF8B4F848105048F7F746FCF7
:109948004F48FBF7CBFD4F4B4F4893F8291000F0D9
:1099580046FE4E48FDF70AFC4D48FEF713FC94F806
:1099680052301BB994F85430002B45D02A48FAF7E6
:10997800CCFE01464748FBF76BFC02F0D1FC464A97
:1099880000231380454A1380F9F71CFEFF23337028
:10999800F9F722FE002800F0B1802D4A13880BB198
:1099A800013B1380294B1A4A19781388022925D1BB
:1099B800002B77D0013B9BB213809278002A74D099
:1099C800002B7AD1F9F7AAF8F9F7B4F875E002286C
:1099D80004D80C2A01D90C236B74674600236DE761
:1099E8000CF1FF33022BF9D8082AF6D90823F3E73C
:1099F8001248F7F741FE65E70948B8E7002BD9D1C7
:109A0800C723D9E7313D002098000020EC3D002015
:109A18002C26002000080048AC3E0020DCF100089D
:109A2800C83E0020E6F10008242600202826002051
:109A38009C000020A800002098030020EC230020B0
:109A4800323D002032260020F03D0020F713002090
:109A5800FA130020F8130020F4130020F513002057
:109A6800F61300203126002030260020342600205E
:109A7800FF130020FE13002020260020EC3E0020CB
:109A8800E43E0020F4000020BC3C002038260020E2
:109A9800E02E0020EA230020FC3E0020FE3E0020AD
:109AA800D0F5000840F2F31386E7022962D10BB91A
:109AB800F9F734F8914B40229A62914D2B88002B8C
:109AC80060D0013B9BB28F482B80FBF74BFA94F890
:109AD80052301BB994F85430002B56D08A48FAF704
:109AE80014FE01468948FBF7B3FB8948FFF7D2F813
:109AF8002B881BB987498848F8F772FB874D297866
:109B0800002944D0022978D094F8523023B994F827
:109B18005430002B00F0AD80814F3B68002B00F0E3
:109B2800A8802B78032B74D13B68D8070DD57D4AC4
:109B380000233B60137843F00101117094F856201C
:109B48000AB1990701D500232B703B68002B00F060
:109B580090803B687448754913F4007F6AD0037895
:109B68003A6801930B7800932B78714992B20520DB
:109B7800FBF764FC4FF090424FF480719162002B28
:109B88009BD121E740F2E7339DE76A48A7E76A4B94
:109B98001B7843B1694A137C507C0133DBB298428D
:109BA800137498BF11746548FAF7D8FD01465648F2
:109BB80002F0F7FD6148FAF7D1FD01465D4802F071
:109BC800F0FD94F8523023B14F48F8F779FDFAF7D1
:109BD80020FD94F8533023B15648F8F7F5FDFAF70D
:109BE80018FD514A01232B70002313704F4A13703C
:109BF800534A13604A4A136086E75248FBF738FB1A
:109C0800514B187AFFF786FB03232B70454A002334
:109C1800EDE7012B99D13B689A0796D5424B197805
:109C2800B1FA81F1002049093860FFF78FFB3F4BFB
:109C380018708AE73B689B0709D503783A6801934F
:109C48000B7800932B78414992B2012090E73B684A
:109C580013F0010309D003783A6801930B78009355
:109C68002B783B4992B2022082E73B602B7003704D
:109C78000B7094F8533023B994F85530002B00F04A
:109C88008A802F4F3B68002B00F0858028780328B6
:109C980023D13B68D8070DD5224A00233B601378AF
:109CA80043F00201117094F856200AB1D90701D582
:109CB80000232B703B68002B6DD03B681A481B496A
:109CC80013F4007F48D003783A6801930B78009327
:109CD8002B78204992B206204AE70128EAD13B684E
:109CE8009A07E7D500233B60104B1978B1FA81F148
:109CF8004909FFF72BFB0C4B1870DBE700080048FD
:109D0800FC3E002098030020AC3E0020EA230020FF
:109D1800081400209DF1000834000020322600209D
:109D28002826002034260020312600203026002056
:109D3800F1F10008C83E0020F7130020EC230020B2
:109D480024260020323D0020EC3E0020FEF10008D1
:109D58000FF2000820F200083B689B0709D503783A
:109D68003A6801930B7800932B789E4992B20320AE
:109D7800FEE63B6813F0010309D003783A680193C3
:109D88000B7800932B78984992B20420F0E63B6058
:109D98002B7003700B70954B1A7802F0FF09002A9C
:109DA80000F0D3814FF0000883F8008094F8523017
:109DB80094F8530043B3002800F0B1808C498D4AD1
:109DC8000B7883B91778B7EB080718BF0127137802
:109DD800012B00F27682002F40F076823E46864BB9
:109DE80001221A7020E0012B0746F0D0834B93F92B
:109DF800A100009093F9A0301278097880483E4677
:109E0800F7F7C9F947460DE0002800F08880794B3C
:109E18001B78012B8CBF012600260CBF01270027C9
:109E2800002BDCD0FFF722FA94F8542094F8553030
:109E3800002A76D0002B79D0704B6D4993F9A12078
:109E480000926C4A93F9A030127809786D48F7F7B8
:109E5800D7F92EB96C4B1E77DE831E626B4B1E70D2
:109E6800DFF8CC8198F80020012A7ED8A6B1DFF867
:109E78008CC19CF8A8303E2B63D865499CF8A7C0D4
:109E8800087CBCF1000F69D1834255D04A7C0B7421
:109E98009A424ED93746002698F80030002B40F0F9
:109EA800978007B12B705B49B4F84E200B780133CB
:109EB800DBB293420B70564B0ADB1A7C587C01329A
:109EC800D2B2904298BF00221A7400220A702A70F7
:109ED80093F8D420002A00F0B280B3F8D820B3F861
:109EE800D610013292B29142A3F8D82000F2A7808E
:109EF800002293F8D500D989A3F8D820062201308A
:109F0800C0B2062828BF002041FA00F7FF0740F139
:109F18009180414A52F83020002A4DD1FEE7344B57
:109F280076E71BB1374B01221A7292E7354B0022B4
:109F3800FAE700230B74ADE73848017841F00101D6
:109F480001703749DAB93F2B344B0A704FF00100E2
:109F580028BF032288F800001A7008E0834295D1D0
:109F68002E48017841F00201EAE7002E94D02D4BEB
:109F7800B4F84C201A8002232B704E468CE70B78DD
:109F8800294801330278DBB20B706AB994F8502083
:109F98009342ECD3214B1B78032B07D1022388F87B
:109FA800003001230370E2E70522F1E7531EDBB21C
:109FB80093420B70F2D2DAE783F8D500F7F7BEFCCC
:109FC8001A48FAF763FF00232B7098F80030B3B3F0
:109FD800144B1B889BBB0F4A88F8003013702B70FA
:109FE8002DE000BF2EF2000840F20008FD1300200B
:109FF8003026002031260020E43E0020F03D0020DD
:10A00800303D0020EC3E002038260020E02E0020C5
:10A01800EC230020F5130020D0F50008F4130020ED
:10A02800F8130020FA130020F613002098030020EC
:10A03800F7130020013A12F0FF027FF460AFA54B3E
:10A0480000221A7098F80020002A00F034811EB906
:10A0580001221A7002232B709F48FAF7E6FA9F48EC
:10A06800FAF7E3FA98F80030022B02D09C4B002252
:10A078001A709C4A13880BB9B4F84A30013B9BB25A
:10A08800138013B99848F6F7D9FD9748F6F78AFD73
:10A0980098F80030022B0CD09348F6F732FD98F868
:10A0A800003033B9FEF792FF904A01231370904AAB
:10A0B8001370904E3046F9F7FFFA72788E4B012AEA
:10A0C80004D100217170197901B95A718A48FAF7D7
:10A0D80073FFFAF789FF0128064607D0022830D017
:10A0E800864B05221A7005B0BDE8F0838248FAF75E
:10A0F800F5FEB4F84830824A824803EB830303EB49
:10A1080083039B001380F9F7A9FB7F4AB4F8481032
:10A1180082F8D46041F28833B3FBF1F3A2F8D63069
:10A128000023A2F8D8304FF090424FF4807191612B
:10A138004021C2F82818754A88F8003096702B70AC
:10A14800CEE7734B01221A70CAE76C49714A0B7843
:10A158001BB1013BDBB20B7013B11378002B49D054
:10A168006D4D002313702B786C4A022B08BF012118
:10A17800137818BF002162D10BB969480370694C84
:10A188001170694894F8281000F054FA2B78022BC3
:10A1980066D1504D54482A780392F6F70CFD0746CD
:10A1A8005148F6F71AFD039A60490023CDE900707B
:10A1B8005D4800F057FD5C48FBF7D0F92A785C4908
:10A1C8005C480023FCF750FB00232A7858495A487A
:10A1D800FEF716F8564959480022FEF7A1FA584BDF
:10A1E8001B783BB994F8263094F833204F495548EA
:10A1F800FBF768F84C4800F048FE4E48FDF740FC75
:10A208004D48FFF727FAFEF7DFF9FEF7F1F9404B63
:10A218001B78002B3FF467AF2F48FAF706FA2F4850
:10A22800FAF703FA484B40229A614FF090434FF4F3
:10A2380080729A61FAF77EF80123337053E7002B96
:10A248009DD03F4B1B78002B99D0404B1B78002B9F
:10A2580095D03C4B04205870314B012018708EE784
:10A268003A4B1B78F3B16FF07E030022CDE9003240
:10A2780001231A462D492C4800F0F4FC2A4800F026
:10A28800F0F901231A462A492A48FCF7EDFA012376
:10A29800274929481A46FDF7B3FF254927480122CF
:10A2A800FEF73EFA1E4B1B78002BA3D1254B94F8E2
:10A2B80026205A709EE72B7813F0FD0F3FF4CCAEA2
:10A2C800D4E627B906468AE5B84600278EE54FF05A
:10A2D80000088BE520260020AC3E0020C83E002068
:10A2E800E43E0020FE3E0020F03D00203326002002
:10A2F800003F0020043D002098030020FF130020A9
:10A3080094000020EA3D0020EC2300202C260020A9
:10A31800FC130020FE130020F71300208A030020FE
:10A328008B030020F4000020BC3C00200C3D0020E2
:10A33800E03C002038260020E02E002008140020F1
:10A3480012400020323D002000080048F61300208B
:10A3580008B5FFF7FDF9FCE7038842889B1A98B215
:10A368001B0444BF00F5006080B2704708B52C306C
:10A37800FFF7F2FF003818BF012008BD0148FFF7BA
:10A38800F5BF00BF0814002008B50248FFF7E4FF36
:10A3980008BD00BF34140020F8B504463A480D46FD
:10A3A80001F021F828B9D4F8483C0133C4F8483CF6
:10A3B800F8BD04F658412846F7F702F90028F2D10B
:10A3C800EB7E002BEFD0304894F8596C01F00BF875
:10A3D8008642EDD194F95A3C002BE9D12B4B93F8E6
:10A3E8002D305A1E012A2CD894F8583CFF2B01D046
:10A3F800012BD8D194F828303BB1EA7E9A421EBF8F
:10A40800D4F8483C0133C4F8483CEB7E94F8605CCF
:10A4180084F82830002DCBD0A38D268EE78D01330C
:10A428003340BB4207D004F12C00FFF795FFC5F578
:10A43800006398420BDBD4F84C3C0133C4F84C3C25
:10A44800B6E7032BD6D194F8583CFF2BD1E7ADB231
:10A45800002304F66140A18D4A1C324097421EBF7A
:10A46800091910F803C081F832C003F1010318BFBD
:10A47800A2859AB29542EED8D4F8403C94F8602C64
:10A488001344C4F8403C93E7C8030020F4000020BC
:10A498000B7E012B0A4606D1CB8A012B14D101462B
:10A4A8000A48FEF791BA022B0ED1CB8A012B04D0B1
:10A4B80040F6B932934204D0704701460348FEF78C
:10A4C800F5BA0248FFF768BF704700BF08140020BC
:10A4D80038B5234B234A1A60234B244A1A60244B6D
:10A4E800244A254C1A605A619A62DA631A65234A2B
:10A4F8005A669A67224AC3F88C20204600F056F81C
:10A50800204B2360204B214C002240F2FF11C3F85E
:10A51800E824C3F8EC141E4B606AC3F81C2640F20A
:10A52800FF31C3F820167D2183F8541AA16AC3F8B5
:10A53800502A03F65C2503C5E06AA18E2860206BCB
:10A54800A3F86C1AC3F8680A124B40F2FF71DA627A
:10A55800C3F83028104A1963C3F8342838BD00BF3F
:10A56800AC3E00205CF20008C83E002084F20008DF
:10A57800F03D002008F10008BC3C0020F0F0000885
:10A58800FCF000083CF3000838260020DCEE000848
:10A59800E02E0020081400200000FF037047002070
:10A5A80070470020704700207047000010B5044B2A
:10A5B8000446012140F8043BF6F750FA204610BD46
:10A5C8005C0E010838B5242204460D46FF230021FD
:10A5D80003618182104404F069FCE56038BD38B538
:10A5E8000D46017CA942044615D0012918D002293C
:10A5F80012D011B903685B6898470023012D637472
:10A60800257413D0022D0ED02DB923685B68012163
:10A6180020469847607438BD0368DB680021EBE783
:10A6280003689B68FAE72368DB68F0E72368294634
:10A638009B68EDE70430F6F71FBA037C012B10B5D1
:10A648000ED100F1160301F10C0251F8044B43F846
:10A65800044B9142F9D10A881A8040F201134382CF
:10A6680010BD037C012B0BD148F28113C3824FF438
:10A6780001420023C0E90632038440F201134382F9
:10A688007047F0B5054689B008880C4616461F463F
:10A69800F6F75DFB9DF806308DF8050023F00703FB
:10A6A800C0F30220034360888DF80630F6F74FFBAD
:10A6B8009DF8063000F01F0203F0070343EAC203C7
:10A6C8008DF806309DF80730C0F3451023F03F039E
:10A6D8000343A0888DF80730F6F739FB9DF807305B
:10A6E80000F0030203F03F0343EA82138DF80730BA
:10A6F800C0F387038DF808309DF80930C0F3802037
:10A7080023F001030343E0888DF80930F6F71FFBB7
:10A718009DF8093000F07F0203F0010343EA420389
:10A728008DF809309DF80A30C0F3C31023F00F03E9
:10A73800034320898DF80A30F6F709FB9DF80A30A3
:10A7480000F00F0203F00F0343EA02138DF80A30FA
:10A758009DF80B30C0F3061023F07F030343608994
:10A768008DF80B30F6F7F3FA9DF80B3000F0010284
:10A7780003F07F0343EAC2138DF80B30C0F347039D
:10A788008DF80C309DF80D30C0F3412023F0030301
:10A798000343A0898DF80D30F6F7D9FA9DF80D30EE
:10A7A80000F03F0203F0030343EA82038DF80D3003
:10A7B8009DF80E30C0F3841023F01F030343E08993
:10A7C8008DF80E30F6F7C3FA9DF80E3000F0070248
:10A7D80003F01F03C0F3C70043EA42138DF80F00CC
:10A7E800208A8DF80E30F6F7B2FA9DF811308DF800
:10A7F800100023F00703C0F302200343608A8DF89A
:10A808001130F6F7A4FA9DF8113000F01F0203F09A
:10A81800070343EAC2038DF811309DF81230C0F3E4
:10A82800451023F03F030343A08A8DF81230F6F752
:10A838008EFA9DF8123000F0030203F03F0343EA5A
:10A8480082138DF81230C0F387038DF813309DF80A
:10A858001430C0F3802023F001030343E08A8DF80D
:10A868001430F6F774FA9DF8143000F07F0203F004
:10A87800010343EA42038DF814309DF81530C0F304
:10A88800C31023F00F030343208B8DF81530F6F720
:10A898005EFA9DF8153000F00F0203F00F0343EA4B
:10A8A80002138DF815309DF81630C0F3061023F00A
:10A8B8007F030343608B8DF81630F6F748FA9DF84E
:10A8C800163000F0010203F07F0343EAC2138DF84B
:10A8D8001630C0F347038DF817309DF81830C0F3D1
:10A8E800412123F003030B43A08B8DF81830F6F7B2
:10A8F8002EFA9DF8183000F03F0203F0030343EAF4
:10A9080082038DF818309DF81930C0F3841023F0B5
:10A918001F030343E08B8DF81930F6F718FA9DF8FA
:10A928001930218C00F0070203F01F0343EA421399
:10A938008DF81930628C40F2A953994288BF0121E1
:10A94800C0F3C70098BF00219A428DF81A0088BF4B
:10A9580041F002010EB141F004010FB141F00801CC
:10A968000F238DF8043000238DF81C302B688DF8E8
:10A978001B101B68192201A92846984709B0F0BD89
:10A9880030B5054689B008880C46F6F7EDF99DF80C
:10A9980008308DF8070023F00703C0F302200343B3
:10A9A80060888DF80830F6F7DFF99DF8083000F078
:10A9B8001F0203F0070343EAC2038DF808309DF82D
:10A9C8000930C0F3451023F03F030343A0888DF8F6
:10A9D8000930F6F7C9F99DF8093000F0030203F0D1
:10A9E8003F0343EA82138DF80930C0F387038DF8DB
:10A9F8000A309DF80B30C0F3802023F00103034395
:10AA0800E0888DF80B30F6F7AFF99DF80B3000F0C1
:10AA18007F0203F0010343EA42038DF80B309DF8EF
:10AA28000C30C0F3C31023F00F03034320898DF8C3
:10AA38000C30F6F799F99DF80C3000F00F0203F08E
:10AA48000F0343EA02138DF80C309DF80D30C0F364
:10AA5800061023F07F03034360898DF80D30F6F765
:10AA680083F99DF80D3000F0010203F07F0343EAFB
:10AA7800C2138DF80D30C0F347038DF80E309DF8E2
:10AA88000F30C0F3412023F003030343A0898DF85E
:10AA98000F30F6F769F99DF80F3000F03F0203F028
:10AAA800030343EA82038DF80F309DF81030C0F39A
:10AAB800841023F01F030343E0898DF81030F6F764
:10AAC80053F99DF8103000F0070203F01F03C0F39C
:10AAD800C70043EA42138DF81100208A8DF8103020
:10AAE800F6F742F99DF813308DF8120023F00703AA
:10AAF800C0F302200343608A8DF81330F6F734F967
:10AB08009DF8133000F01F0203F0070343EAC20365
:10AB18008DF813309DF81430C0F3451023F03F032F
:10AB28000343A08A8DF81430F6F71EF99DF8143007
:10AB380000F0030203F03F0343EA82139DF8162056
:10AB48008DF81430C0F387038DF8153022F0010218
:10AB5800C0F380231343E08A8DF81630F6F704F922
:10AB68009DF8163000F07F0203F0010343EA420328
:10AB78008DF816309DF81730C0F3C31023F00F037B
:10AB88000343208B8DF81730F6F7EEF89DF8173051
:10AB980000F00F0203F00F0343EA02138DF8173099
:10ABA8009DF81830C0F3061023F07F030343608B31
:10ABB8008DF81830F6F7D8F89DF8183000F0010233
:10ABC80003F07F0343EAC2139DF81A208DF818306A
:10ABD800C0F347038DF8193022F00302C0F3412374
:10ABE8001343A08B8DF81A30F6F7BEF89DF81A308B
:10ABF80000F03F0203F0030343EA82038DF81A30A2
:10AC08009DF81B30C0F3841023F01F030343E08B2F
:10AC18008DF81B30F6F7A8F8019B03F07F42104B24
:10AC2800134301939DF81B3000F0070203F01F0344
:10AC3800C0F3C70043EA42138DF81C000DF106016A
:10AC4800172200208DF81B30F6F7FAF82B688DF8DC
:10AC58001D001B681A2201A92846984709B030BD73
:10AC6800C81816002DE9F34700F124079DF928A01C
:10AC78009DF82C9090461E4604463B4601F124025E
:10AC880051F8040B43F8040B9142F9D1201D3946C1
:10AC98000190F5F715FFE1684B796EB10198042B27
:10ACA80078D8DFE803F07D77355D03004FF00423A3
:10ACB800C4E909330026B046E3681D796B1E0B2BE7
:10ACC80007D850460435F6F718F8EDB204EB4505F9
:10ACD8006884E3681D7B6B1E0B2B07D84846043538
:10ACE800F6F726F8EDB204EB45056884637C002B83
:10ACF80056D0237C012B46D013F0FD0F50D133469C
:10AD080042463946204602B0BDE8F047FFF7B9BCD5
:10AD180001F1130304F1220001F11F054FF0780C33
:10AD280013F9012FC2EB8222AB4292FBFCF202F52F
:10AD3800806220F8022FF3D104F13A02233140F265
:10AD4800FF7513F8010F48B102280CBF28464FF4CD
:10AD58008060994222F8020FF3D1ADE70120F8E7AD
:10AD680004F1220304F146024FF4806123F8021F24
:10AD78009342FBD10221F5F7C1FE103004EB4000ED
:10AD88000023838098E73946204602B0BDE8F047A3
:10AD9800FFF7F6BD042B8FD813F0FD0F8CD0E9E731
:10ADA80002B0BDE8F08730B54B7B032B85B0054674
:10ADB8000C4642D191F90000F6F71CF88DF8030013
:10ADC80094F90100F6F716F8A3788DF80530E378C2
:10ADD8008DF804008DF80630207B23798DF8073034
:10ADE800F6F700F88DF8080094F90600F5F7D4FF97
:10ADF8008DF8090094F90700F5F7FCFF237A8DF820
:10AE08000B30637A8DF80C3040F6C8438DF80A0091
:10AE1800ADF800300DF1020114230B2200208DF84B
:10AE28000230F6F70DF82B688DF80D001B680E221E
:10AE380069462846984705B030BD022B03D1FF2349
:10AE48008DF80330BCE791F90000F5F7D3FF8DF8D2
:10AE58000300FF20B8E7837C10B5044633B1F8F748
:10AE6800DDFBE37C1BB10023A082E37410BDA28A42
:10AE7800801A80B2B0F57A6FF8D9A37404F116017C
:10AE88002046BDE81040FFF78EBF427C22B1037C0C
:10AE9800012B01D1FFF7DFBF70470E2815D8DFE877
:10AEA80000F0151515151515151515080A0C0E10B1
:10AEB80012000C207047102070471420704718208B
:10AEC80070472020704730207047402070472DE998
:10AED800F041456A35B94162BDE8F081CEF800100D
:10AEE8000B60F9E74E6826F0604CC6F38A47C6F354
:10AEF800807817EA260738BF6746AE462B465A6859
:10AF080092EA060F22F060440CD5002A1DDAA40C40
:10AF1800BC4201D0BC420DD99D42DFD10D60DAE7B9
:10AF28001346ECE7A4450BD102F08044C2F38072CB
:10AF3800424507D11A689E46002AF1D11960CBE72D
:10AF4800F8D2E9E7002CF5D0E6E7BC42E2D1F1E718
:10AF58002DE9F047089E01F007054FEAD6082A4474
:10AF680006F0070600EBD1014FF47F49954201D165
:10AF7800BDE8F08705F0070C06F0070AD4456746D8
:10AF880038BF5746C7F10807501BEC08874228BF4F
:10AF980007460C5D08EBD60004FA0CF413F800E041
:10AFA80029FA07FC24FA0AF45FFA8CFC8EEA0404F6
:10AFB8004CFA0AFC04EA0C048EEA040E03F800E0DA
:10AFC8003D443E44D2E780EA0120082341F22102B1
:10AFD80001B24000002980B203F1FF33B8BF5040EE
:10AFE80013F0FF03F4D1704738B50C468D18A5420D
:10AFF80000D138BD14F8011BFFF7E5FFF7E74268F9
:10B008004AB1136843604389818901339BB29942ED
:10B01800438138BF83811046704770B588B02022BD
:10B0280004460D466846002103F040FF204604957B
:10B03800FFF7E5FF024658B16B46054608AE1C46C9
:10B0480003CCB44228606960234605F10805F6D1AF
:10B05800104608B070BD082817D90C280CD910283C
:10B068000CD914280CD918280CD920280CD9302828
:10B078008CBF0F200E207047092070470A207047A8
:10B088000B2070470C2070470D2070472DE9F843BE
:10B09800078C072F04461ED9D0E9029800254FF6E1
:10B0A800FF73C5F12006A5F1200029FA05F108FA79
:10B0B80006F628FA00F031430143C9B21846FFF7F3
:10B0C80082FF0835402D0346EBD1E1693A46BDE8D9
:10B0D800F843FFF789BF4FF6FF70BDE8F88310B556
:10B0E8004B6823B9CA8A63F30902CA8210BD04698E
:10B0F8001A681C600361C38A013BC3824A60EFE798
:10B108002DE9F74F9846CB8A0192C3F3090A5346B3
:10B11800052B81460E4632D0514600201FFA88F38F
:10B1280006F11A048DB2042D87B20FD8BB4201F183
:10B13800010106D8F28A534463F30902F28201201E
:10B148001AE0019A155C65540130EBE7BB42F1D96E
:10B15800AAF1050B1C237468BBFBF3F103FB11BBBD
:10B168001FFA8BF5002C45D14846FFF748FF0446E7
:10B1780038B970606FF0020003B0BDE8F08F0027A7
:10B18800E6E70025056070601FFA88F84FF0000BAD
:10B19800B8450ED9019B211D3B4413F8010B4855B6
:10B1A800A8B201371B28BFB22CD0B84505F101055C
:10B1B800F3D8F38A0AEB080262F30903F382BEE7C5
:10B1C800013189B21C462368002BF9D1A8F1050387
:10B1D80053441C20B3FBF0F301339BB29942D3D202
:10B1E800BBF1000FD0D14846FFF709FF20B9C4F8DA
:10B1F80000B0BFE70121E6E7C0F800B05D46206077
:10B208000446C1E7B845D4D94846FFF7F8FE08B95F
:10B218002060AFE7C0F800B0002520600446B7E71B
:10B228002DE9F04F2DED028B1C4683B05B6900922F
:10B2380007468846002B00F0A580238C2BB1E269D5
:10B24800002A00F09F80072B34D807F10C00FFF785
:10B25800D6FE054638B96FF00205284603B0BDECA6
:10B26800028BBDE8F08F1422002103F01FFE228C10
:10B27800E16905F1080003F0CFFD208C013080B2B0
:10B28800FFF7E9FEFFF709FE431E9BB25A1C238411
:10B298002A74626912782B4402F01F0262F03F029E
:10B2A8001A7248F000436B6029463846FFF70FFED4
:10B2B8000125D2E702339BB20722C18A0633B3FBCA
:10B2C800F2F3828A521A9BB292B29342C3D800F127
:10B2D8000C034FF0000908EE103A4FF0800A4E4672
:10B2E8004D4618EE100AFFF78AFE83460028B2D0B2
:10B2F8001422002103F0DAFD002E3AD1009BABF8AE
:10B30800083002210BF1070C88B20728228C03D0E1
:10B31800964201F101012ED3013080B20192FFF76C
:10B328009AFEFFF7BAFD61690978013801F01F013B
:10B33800964208BF4FF0400A1BFA80FC41EA4911C7
:10B348004AEA01018CF80810013048F00041CBF8B6
:10B3580004108BF8100059463846FFF7B8FD019ADB
:10B36800013596422DB289F001094FF0000AB8D193
:10B3780073E70021C6E7E269925D0CF80120013607
:10B38800B6B2C1E76FF0010567E7F8B515460E4696
:10B398002C22002104461F4603F088FD069B6360AB
:10B3A800B5F5001F079BA76034BF6A094FF6FF7207
:10B3B800A36297B2E66104F1100000239A4206D80E
:10B3C80000230360A782E3822383E360F8BD06605D
:10B3D800013330462036F1E703781BB94BB2002B16
:10B3E800C8BF0170704700787047F8B50C46C96946
:10B3F800074611B9238C002B37D1257E1F2D34D851
:10B408003B782BBB228C072A2CD8268A36F00303DC
:10B418002BD14FF6FF70FFF7E7FD20F00100360251
:10B42800400446EA0566400C46EA40254FF6FF729E
:10B43800234629463846FFF7F3FE002807DD6269F0
:10B4480013780133DBB21F2B88BF00231370F8BDBC
:10B45800228A2D0645EA022520461D43FFF716FEDF
:10B468000246E5E76FF00300F1E76FF00100EEE751
:10B4780070B58AB0044616460021282268461D4643
:10B4880003F014FDBDF83830ADF810300F9B05936C
:10B498009DF840308DF81830119B07936946BDF828
:10B4A8004830ADF820302046CDE90265FFF79DFF12
:10B4B8000AB070BDD3692DE9F04105460C46164621
:10B4C8000BB9138C5BBB377E1F2F28D895F80080EB
:10B4D800B8F1000F26D03046FFF7D8FD33782102A7
:10B4E80041EAC33141EA0801338A41EA076141EA86
:10B4F80003410246334641F080012846FFF790FE9B
:10B5080000280ADD3378012B07D1726913780133DB
:10B51800DBB21F2B88BF00231370BDE8F0816FF0EA
:10B528000100FAE76FF00300F7E730B58BB01D466E
:10B538009DF8443014465A1E534253418DF800304A
:10B548009DF83830ADF810300F9B05939DF84030CA
:10B558008DF81830129B07936A46BDF84C30ADF849
:10B568002030CDE90245FFF7A5FF0BB030BD406A9A
:10B5780000B104307047436A1A68426202691A606F
:10B588000361C38A013BC382704700002DE9F84379
:10B59800D0F82090194F14461E4649464FF000082F
:10B5A80009B9BDE8F883D1E90252651B66EB0202CE
:10B5B800AF4278EB02021DD2036A8B420ED1FFF72D
:10B5C8008EFDD1F800900369C0F820900B60C38A03
:10B5D8000161013BC3824A461146E1E7FFF77FFD5F
:10B5E8000A680369C9F800200B60C38A0161013B3E
:10B5F800C382F1E70A688946EEE700BF80841E002F
:10B608002DE9F04F8BB00D46DDF8509014469B465F
:10B618008046002800F01681B9F1000F00F0128171
:10B62800531E3F2B00F20E81012A03D1BBF1000FFC
:10B6380040F008810023CDE90833B8F81430B5EBA1
:10B64800C30F4FEAC30703D300200BB0BDE8F08F48
:10B658002B199F42D8F80C303ABF7F1BFFB2274600
:10B668001BB9D8F81030002B7AD0272D4ED8C5F149
:10B678002806B7424FF000032CBFF6B23E460093AF
:10B688002946D8F8080008AB3246FFF761FCA7EB5B
:10B69800060A35445FFA8AFAB8F8143003F1005301
:10B6A800053BDB000493D8F80C3003932821039B57
:10B6B80013B1BAF1000F2CD1D8F8100040B1BAF18B
:10B6C800000F05D0009608AB5246691AFFF740FCF8
:10B6D80038B2002FB8D067070AD00AAB03EBD40101
:10B6E800624211F8083C02F00702134101F8083CD5
:10B6F800082C3CD9102C40F2B280202C40F2B480A7
:10B70800BBF1000F00F09980082334E0BA46002608
:10B71800C2E7049BE02B28BFE02306930B44AB420F
:10B72800059314D95A1B03980096924534BF524684
:10B73800D2B2691A08AB04300792FFF709FC079ADE
:10B7480016441544AAEB0202F6B25FFA82FA049B89
:10B75800069A05999B1A0493039B1B680393A6E713
:10B768000093D8F8080008AB3A462946AEE7BBF183
:10B77800000F12D00123B4EBC30F69D0082C11D8E5
:10B788009DF82030621E23FA02F2D60705D54FF045
:10B79800FF32A24013438DF820309DF8203089F8FD
:10B7A800003052E7102C11D8BDF82030621E23FA61
:10B7B80002F2D50705D54FF0FF32A2401343ADF88A
:10B7C8002030BDF82030A9F800303EE7202C0ED8F4
:10B7D800089A631E22FA03F3D90704D54FF0FF3302
:10B7E800A34013430893089BC9F800302DE7402C69
:10B7F8002BD0DDE90851631EC4F12106A4F1210212
:10B8080025FA03F301FA06F6334321FA02F2134349
:10B81800DB0712D50123A4F12002C4F1200603FAA4
:10B8280002F223FA06F6A3405B4242EA060262EB02
:10B8380042022B430A43CDE90832DDE90823C9E96E
:10B84800002302E76FF00100FFE66FF00800FCE656
:10B85800082CA2D9102CB4D9202CEED8C3E7BBF100
:10B86800000FAED0022386E7BBF1000FBBD0042344
:10B8780081E730B5012A144638BF0124402C85B031
:10B8880028BF40240025012ACDE9025518D81B7885
:10B898008DF8083063070AD004AB03EBD405624285
:10B8A80015F8083C02F00702934005F8083C00919F
:10B8B80003462246002102A8FFF74AFB05B030BD27
:10B8C800082AE4D9102A03D81B88ADF80830E1E724
:10B8D800202A8DBFD3E900231B680293CDE90223F8
:10B8E800D8E710B5CB681BB98B600B618B8210BD94
:10B8F80004691A681C600361C38A013BC382CA6079
:10B90800F0E703064CBFC0F3C0300220704708B50B
:10B918000246FFF7F6FF022806D15306C2F30F20AE
:10B9280001D100F0030008BDC2F30740FBE70000A7
:10B938002DE9F04F95B0CDE902230A680546104677
:10B94800FFF7DFFF022814BFC2F306240024002AF1
:10B958000E46834680F2FC8112F0C04A40F0F8811E
:10B96800097B002900F0F481022803D02B78A34238
:10B9780040F0F181C2F304630893104602F07F039C
:10B9880004933144FFF7C3FF049B91F803800590AB
:10B998004FEA834949EA0B4949EA446900220023EE
:10B9A8005FEAD814CDE90A2349EA000969D0049B63
:10B9B800009302466F685B460AA92846B8470028E4
:10B9C80000F0CC812F6A4FB9494605F10C00FFF70A
:10B9D80024FB074690B96FF0020056E03B69994591
:10B9E8000DD03F68002FF9D1494605F10C00FFF74B
:10B9F80014FB07460028EED02B6A3B602F62F87DC7
:10BA0800737B0693C0F3840008F01F03A0EB030CBC
:10BA18001FFA8CFEBCF1000FB8BF0EF1200E079381
:10BA2800A3EB000398B2B8BF0FFA8EFCD7E9021255
:10BA3800002BB8BF20300993BCBF03B2099351EA69
:10BA4800020097F81A90D7F804E075D00298AF4B27
:10BA5800411A039860EB020200208B4270EB02034C
:10BA68006AD3069B4B4518D14CB3BCF1010F63DC7C
:10BA7800BEF1000F60D1A64888427EEB020215D3C2
:10BA88006AE02F6A27B96FF00C0015B0BDE8F08F97
:10BA98003B699945B3D03F68F4E7DFF874C28C4539
:10BAA80070EB0202F1D2002C00F08880099B0F2B6A
:10BAB80042DD069B4B4540F08180002C4CD1FB7D3C
:10BAC800C8F34012B2EBD31F40F04B81079AC3F37F
:10BAD8008403934240F04881327B4FEA9813002C4C
:10BAE80000F09F8013F0010840F0AD80032A40F277
:10BAF8003E81029BBB60039BFB60FB8A033A68F3B1
:10BB080009035FFA82F906F10608FB8242464B46B2
:10BB1800394605F10C00FFF7F3FA002857DA3946E1
:10BB28002846FFF7DCFAFB7DC3F38403013303F0F7
:10BB38001F039B02FB824EE7FB7D08F01F0969F398
:10BB480086036FF3C713FB7539462846FFF7C7FA14
:10BB5800069BBB76002C33D04FEA9813022BAED04D
:10BB6800029BBB60039BFB60142200210FA803F01B
:10BB78009DF9029B0C93039B0D93331D0E93337B0E
:10BB88008DF848B0013BDBB2ADF84430059BADF809
:10BB98004630079B8DF84930089B8DF84A30049B46
:10BBA8008DF84B300CA9AB6828469847FB7DC3F34A
:10BBB8008403013303F01F039B02FB82002064E728
:10BBC800FB7D09F1010969F38603FB755BE7B3881F
:10BBD8003B83DDE90A654FF6FF74CAF12002AAF13A
:10BBE800200326FA0AF105FA02F2114325FA03F3B3
:10BBF80019432046C9B2FFF7E6F90AF1080ABAF173
:10BC0800400F0446E9D1B8824A464146FFF7ECF9AD
:10BC1800FB7DB882DA43C2F3C01262F3C713FB7527
:10BC2800CCE783B9013AD4B20436234632463946C2
:10BC380005F10C00FFF764FA0028FFF670AFB88A28
:10BC480022463146E2E7F98AD7F804E0C1F3090150
:10BC5800501E0429C0B253D80C4606F1030C002329
:10BC680007F11B08984208D91CF8019F08F80490AE
:10BC780001340133052CDBB2F4D183423ABF0433DB
:10BC880056FA83F300231093059BADF84630079BC3
:10BC98008DF84930029C089B8DF84A300C94049B1F
:10BCA800039C8DF84B300D9401448DF848B0002367
:10BCB80007F11B04ADF84410CDE90E4EB88A7B603D
:10BCC800013A311DFFF790F93B8BB882834203D1CB
:10BCD800AB680CA92846984728460CA9FFF701FE2F
:10BCE800FB7DBA8AC3F38403013303F01F039B026D
:10BCF800FB823B8B9A420CBF00206FF01000C4E619
:10BD0800BEF1000F21D17346B7E700BF80841E0043
:10BD180040420F001C349C46DCF80030002BF9D15F
:10BD28000C1BE31C06F103089C4404EB0A09B9F157
:10BD38001B0F5FFA8AF3A0D898429ED918F8013FE2
:10BD48000CF8013F0AF1010AEFE7F4460524E3E79E
:10BD58006FF0090099E66FF00A0096E66FF00B00A5
:10BD680093E66FF00D0090E66FF00E008DE66FF031
:10BD78000F008AE6F8B52B4F2B4E3A682B4C556CC2
:10BD880015F080030DD0936923F001039361072117
:10BD9800384601F051FA337813B9A3680133A36028
:10BDA8000123337005F00706812323FA06F2D10731
:10BDB80004D5C5F30222D340DA0710D43A68536C8D
:10BDC80023F4E06323F007035364194B1B781BB17A
:10BDD8001448072101F030FAE3680133E3606B048B
:10BDE800396806D54B6C23F480434B6423690133CF
:10BDF80023610B6C13F47F0FDAB218BFE06962613C
:10BE0800C3F30622A2611CBFC3F307421218C4E998
:10BE1800095318BFE2618B69E362072E18BF2662D7
:10BE2800F8BD00BF9855002000560020285100207A
:10BE38002451002070B5022A88B006460D461446E3
:10BE480065D8002963D00B88013B9BB2B3F5007F0E
:10BE58005DD28B78002B5AD0CB78013B1B0656D489
:10BE68000B79013B180652D46C2200212B4803F0B1
:10BE78001DF8A11E4C422A4B2A4A4C411C702A4BE1
:10BE88002A4C012E18BF134623605A6D5A652B8819
:10BE98006361AB78E361EB7823624FF480722B79AE
:10BEA80022820122C4E90B22A36162620023A262FA
:10BEB80020460822C4E90133C4E90E23E360A374D1
:10BEC800636300F0F5FF20BB4FF08043CDE9060027
:10BED8000293022304930546EBB2B3FA83F35B099A
:10BEE80002A920460593039501F0E4F8034690B9AA
:10BEF8000135082DF0D10222009011460B4801F0BF
:10BF080001F900280A4808BF002008B070BD094898
:10BF1800FBE70948F9E76FF4FA60F6E728510020D3
:10BF2800245100200064004000680040985500201B
:10BF38002EF8FFFF18FCFFFF30F8FFFF08B5044894
:10BF480001F0FCF80028034808BF002008BD00BF26
:10BF5800985500202DF8FFFFF0B50E468BB005462A
:10BF6800002850D0036813F0C0444ED1002B4CDA9F
:10BF7800037B082B49D8284FFFF7FCFE384601F011
:10BF88006AF960B9254B1968002940D0711A0A2945
:10BF980003D9234A136E013313660BB0F0BD3B6817
:10BFA800D3F8C43013F400130CD01C4B18680028C5
:10BFB800F3D0311A0A2903D9194A536E013353664B
:10BFC8002046EAE72A68099322F0604201924FF07E
:10BFD8008042CDE90223CDE90533CDE907332B7B38
:10BFE800082B28BF08231B042A1D01A938460493DF
:10BFF80001F0BAF868B9094B094A1E6013680133A1
:10C0080013600120C9E70748C7E70748C5E708469E
:10C01800C3E70648C1E700BF98550020FC5500203B
:10C028002851002018FCFFFF16FCFFFF2CF8FFFF2B
:10C03800F0B50468650004D4284A536B0133536390
:10C04800F0BDA10004D5254A936B01339363F7E74C
:10C0580043689A0204D5214AD36B0133D363EFE7CF
:10C0680013F4801104D01D4A136C01331364E7E7FD
:10C0780003F47022B2F5002F04D9184A536C013327
:10C088005364DDE7164E174D32882D88013202F0D1
:10C098003F02ADB295421BD0134D3280170105EB1C
:10C0A8000216EC517360C3F30343082B28BF08231F
:10C0B80003330830C3F387039200CCB2A342BFD93D
:10C0C8005418023450F8046B45F824600131F4E741
:10C0D800024A136B01331363B2E700BF28510020F3
:10C0E8009655002094550020945100202DE9F047E2
:10C0F800DFF8E480D8F80040256D636D266D1D409B
:10C10800636D1E4015F0070306F0380910D0AA0722
:10C11800236505D04FF0480AD4F890301F0735D171
:10C12800AB0740D4680741BF2A4AD36C0133D364B4
:10C13800B9F1000F11D016F0180FC4F8509004D0C0
:10C148004827D4F898301A0732D1F1063DD4B306FF
:10C1580041BF204A536D01335365226D636D1A4008
:10C16800236D616D12F4710203EA010303F4602385
:10C1780004D0184922658A6D01328A6523B1154AAF
:10C188002365D36D0133D365BDE8F087D4F890708B
:10C19800D8F84800C7F301270AFB0700FFF748FF54
:10C1A800C4F89470B8E70B4A936C01339364B9E709
:10C1B800D4F89850D8F84C00C5F3012507FB0500C2
:10C1C800FFF736FFC4F89C50BBE7024A136D0133F2
:10C1D8001365BCE72851002098550020034B1A68C6
:10C1E800034B9A4201D1FFF781BF70479855002051
:10C1F80000680040034B1A68034B9A4201D1FFF7CD
:10C2080075BF7047985500200064004038B5164B3C
:10C21800164D174800241C80164B6C2221461C80A2
:10C2280002F044FE14492246284601F01AF8C8B91B
:10C238002B684FF0FF321A65104A934207D1104B12
:10C24800E02283F856234FF480029A6038BD0D4AE5
:10C258009342FBD10A4BE02283F815234FF40012D6
:10C268001A60F3E70848F1E7965500209855002032
:10C2780028510020945500201B0008000068004049
:10C2880000E100E00064004060F0FFFF38B50446BC
:10C29800002837D0FFF76EFD1C4B1D4A19881388FC
:10C2A80089B29BB299422FD01388013303F03F0320
:10C2B80013801901174A02EB0313525822F0604207
:10C2C80042F0004222605A68C2F30342082A28BF9B
:10C2D80008222273E51C0021C8B2824288BF581880
:10C2E80001F101018ABF007A0020C0B2082905F8CF
:10C2F800010FF1D1084A0023637353680133536077
:10C30800012038BD0548FCE70020FAE796550020D3
:10C3180094550020945100202851002018FCFFFF5C
:10C32800034A00231380034A1380034A13637047A8
:10C338009655002094550020285100202DE9F04101
:10C348000E4686B00446002844D0082942D8142254
:10C35800002101A802F0AAFD4FF080430093DFF806
:10C3680078800223029337460025B542EAB208D105
:10C378000024CDE90444184DFBB2082B20D100203D
:10C388001BE0237A012B04D0022B1CBF02F0010210
:10C39800531C03932368019523F060430493636857
:10C3A800694623F060434046059300F083FE01355B
:10C3B8000C340028D9D06FF4FA6006B0BDE8F081DB
:10C3C800694628460197039400F074FE0137002857
:10C3D800D2D0F0E70148F0E79855002018FCFFFF9D
:10C3E8000E4B99420AD10E4B98420AD00D4B9842F7
:10C3F80010D00D4B98420FD00C4870476FF47A70EC
:10C408007047082313804FF48473538001231371FA
:10C41800002070471023F5E71123F3E740420F008F
:10C4280000B4C4040068890980FE210A48F4FFFFAB
:10C4380030B5302442F20F75A84212D80C70302162
:10C44800B0F57A7F14D211703022632816D81A708A
:10C458003023092817D8039A1370049B30301870BA
:10C4680030BDA0F51C5001341038E4B280B2E3E7C7
:10C478000131A0F57A70C9B280B2E1E701326438BF
:10C48800D2B280B2E1E701330A38DBB280B2E0E72A
:10C4980013B50B1D0193CB1C00934A1C8B1C0C4637
:10C4A800FFF7C6FF0023637102B010BD03099F2880
:10C4B80000F00F0094BF3033373309280B7094BF56
:10C4C80030303730002348708B70704713B5024600
:10C4D8000C46C0B201A9FFF7E9FF2146100AFFF791
:10C4E800E5FF9DF80430A3709DF80530E3709DF8D2
:10C4F8000630237102B010BD08B50249FFF7D6FF18
:10C50800084608BD0156002010B5034C2146FFF728
:10C51800DDFF204610BD00BF0156002013B503689B
:10C528008DF807109C680DF107010123A04702B0A0
:10C5380010BD07B503688DF807101B6901220DF1BE
:10C548000701984703B05DF804FB73B51D460368FF
:10C55800019104465B6916469847236820461B6884
:10C5680098470199221D2046FFF7D8FF2DB123686F
:10C578002A461B69314620469847236820465B684F
:10C58800984723689B690C21204602B0BDE870409B
:10C59800184773B51E460368019104465B69154642
:10C5A8009847236820461B689847221D0199204612
:10C5B800FFF7B4FF20460021FFF7BBFF23682046A2
:10C5C800DB6832462946984723685B68204602B0F4
:10C5D800BDE8704018472DE9F0411F46036804463E
:10C5E8005B690D4616469847236820461B6898479E
:10C5F800221D20460D21FFF791FF290A2046FFF74B
:10C6080098FFE9B22046FFF794FF236831463A467F
:10C6180020461B699847236820465B68984723682B
:10C6280020469B69BDE8F0410C21184707B5012356
:10C638008DF807200DF10702FFF7CDFF03B05DF875
:10C6480004FB2DE9F0411F46036804465B690D466B
:10C6580016469847236820461B689847221D20469F
:10C668001D21FFF75BFF290A2046FFF762FFE9B2A9
:10C678002046FFF75EFF20460021FFF75AFF236898
:10C688002046DB683A4631469847236820465B686F
:10C69800BDE8F041184707B501230DF10702FFF780
:10C6A800D0FF9DF8070003B05DF804FB2DE9F041C9
:10C6B8001E46036804465B690F461546984723687B
:10C6C80020461B689847221D20460E21FFF726FFAB
:10C6D80039462046FFF72DFF236829463246204673
:10C6E8001B699847236820465B689847236820465B
:10C6F8009B69BDE8F0410C2118472DE9F0411E4621
:10C70800036804465B690F46154698472368204628
:10C718001B689847221D20461E21FFF7FFFE394659
:10C728002046FFF706FF20460021FFF702FF236897
:10C738002046DB68324629469847236820465B68CE
:10C74800BDE8F041184710B5002304461A46C02139
:10C75800FFF7FBFE207910BD37B504460D468DF86E
:10C768000710012380210DF10702FFF7EEFE236871
:10C77800012D9B690CBF322140F2DC51204603B0E9
:10C78800BDE83040184737B501230C468DF807102F
:10C798000DF107028A210546FFF7D7FEAC7103B0F9
:10C7A80030BD07B5042309BA01910DEB03028621B8
:10C7B800FFF7CBFE03B05DF804FB07B502238DF845
:10C7C80004108DF805208F2101AAFFF7BEFE03B0E3
:10C7D8005DF804FB37B58DF8063000238DF8073077
:10C7E8000423044615468DF804108DF805208B2186
:10C7F8000DEB0302FFF7A9FE40F689012046FFF77B
:10C808004AFF062D16BF40F0040200F0FB02D2B228
:10C8180040F6890120468DF80420FFF707FF03B092
:10C8280030BD73B515468DF8033000229DF81830D9
:10C838009DF81C608DF8002004468DF801108DF8D5
:10C8480004308C2106236A468DF802508DF8056065
:10C85800FFF77BFE40F236712046FFF71CFF5EB102
:10C8680000F0FB0240F2367120468DF80020FFF7F9
:10C87800DDFE657102B070BD40F00403DAB2F1E785
:10C8880007B55BBAADF80430BDF810305BBAADF847
:10C89800063049BA082352BAADF80010ADF80220A4
:10C8A80019466A46FFF751FE03B05DF804FB07B569
:10C8B800022301AA1221FFF76CFE9DF804309DF8AF
:10C8C800050000EB032080B203B05DF804FB07B558
:10C8D800022349BAADF8041001AA1946FFF735FE3C
:10C8E80003B05DF804FB07B502238DF804108DF83A
:10C8F80005208E2101AAFFF728FE03B05DF804FB8E
:10C9080013B56FF07F43994228BF19460B0C0446B4
:10C918008DF804300B0A8DF805308DF8061001AA41
:10C9280003238321FFF711FE236864219B692046B6
:10C93800984702B010BD13B56FF07F43994228BFE6
:10C9480019460B0C04468DF804300B0A8DF8053097
:10C958008DF8061001AA03238221FFF7F6FD23684C
:10C9680064219B692046984702B010BD37B5032360
:10C978000D461446142101AAFFF70BFE9DF804305A
:10C988005B085B422B809DF90530002BB8BF033351
:10C998009B10237003B030BD10B543680D4A23F0D7
:10C9A8007F4323F0FF039342044611D1002240F64F
:10C9B8000211FFF73BFE40F644112046FFF76BFEDD
:10C9C80040F00200C2B240F644112046FFF72EFEA6
:10C9D80010BD00BF0001010037B505460191FFF702
:10C9E80066FF019904462846FFF771FFA30702D5A1
:10C9F8002846FFF7D1FF204603B030BD07B5002910
:10CA080014BF402320238DF807300DF107020123BE
:10CA18009321FFF79AFD03B05DF804FB10B50023DE
:10CA280004461A46C121FFF790FD236820469B69FA
:10CA3800BDE810404621184708B5FFF784FE80B2CC
:10CA480008BD07B50023ADF8043001AA0223072169
:10CA5800FFF77BFD03B05DF804FB07B5130C8DF8F9
:10CA6800053052BA04238DF80410ADF8062097213A
:10CA78000DEB0302FFF769FD03B05DF804FB08B591
:10CA88000A4640F6AC01FFF7D1FD08BD10B540F6E7
:10CA9800D8010446FFF7FFFD40F01E00C2B240F681
:10CAA800D8012046FFF7C2FD10BD08B50A4640F67A
:10CAB800E701FFF7BBFD08BD07B5054B019304234C
:10CAC8000DEB03029521FFF740FD03B05DF804FB71
:10CAD8000101000107B502238DF804108DF8052027
:10CAE800982101AAFFF731FD03B05DF804FB0000AF
:10CAF80013B504461C48B0FBF1F1080C8DF8000092
:10CB0800080A8DF8010004988DF803208DF8043088
:10CB18008DF80210F3F7B0FC11A3D3E90023F3F763
:10CB28004FFEF3F735FF020C43BA8DF80520ADF838
:10CB380006306A46082320468B21FFF706FD40F69B
:10CB480089012046FFF7A7FD40F00402D2B240F663
:10CB5800890120468DF80020FFF768FD02B010BD5E
:10CB6800000000008084EE3F0000093D1FB58DF8ED
:10CB780007309DF818308DF808309DF81C308DF876
:10CB880009309DF820308DF80A309DF824308DF852
:10CB98000B3049BA9DF82830ADF804108DF80620FE
:10CBA8008DF80C3001AA09238C21FFF7CEFC05B0C3
:10CBB8005DF804FB07B5002349BAADF80010ADF8DD
:10CBC800023001936A4608234FF4D861FFF703FD4A
:10CBD80003B05DF804FB13B503230C4601AA142126
:10CBE800FFF7D7FC9DF806305B085B42238002B054
:10CBF80010BD30B595B03822002106A802F056F9CC
:10CC08001422002101A802F051F9002000F014FDBF
:10CC180001224FF48033CDE9062303250223502255
:10CC2800042406A8CDE90D35CDE91023CDE912433A
:10CC38000F9300F063FD08B172B6FEE7CDE903007B
:10CC48000F230590214601A8CDE9013500F09CFF8E
:10CC580008B172B6FEE715B030BD000007B5104A3E
:10CC6800136823F48063136000F0B2F8FFF7C1FF84
:10CC78000C4BDA6C42F02002DA64DA6C02F0200223
:10CC88000192019ADA6C42F00102DA64DB6C03F07B
:10CC980001030093009B03B05DF804EBFDF758BB5C
:10CCA80000200240001002400B4B1A6E42F00102B5
:10CCB8001A661A6E82B002F001020092009A9A6D0A
:10CCC80042F080529A659B6D03F080530193019B5B
:10CCD80002B000F00BBD00BF00100240FEE7FEE707
:10CCE800FEE7FEE7FEE7704770477047F6F784BC3B
:10CCF800034AD2F8883043F47003C2F8883070478A
:10CD080000ED00E00D488546FFF7F2FF0C480D499D
:10CD18000D4A002302E0D458C4500433C4188C428E
:10CD2800F9D30A4A0A4C002301E013600432A242F4
:10CD3800FBD302F029F8FFF791FFFEE700C00120BE
:10CD48000000002074000020D00E010878000020A8
:10CD580028560020FEE7704710B5094B4FF0FF3208
:10CD680000249A639C631A641C649A629C62DA6267
:10CD7800DC621A631C63FFF7EEFF204610BD00BF9C
:10CD88000010024038B50F4B1A6805460AB9012051
:10CD980038BD4FF47A73B3FBF2F30B4A1068B0FB5B
:10CDA800F3F000F06FF804460028F0D10F2DEED80C
:10CDB800024629464FF0FF3000F032F8034B204678
:10CDC8001D60E5E74C0000204800002050000020CE
:10CDD80010B5032000F012F80F20FFF7D3FF044628
:10CDE80018B9FFF761FF204610BD0124FBE70000DA
:10CDF800014B1868704700BF245600200749CA68CD
:10CE080022F4E0620302120403F4E063120C1343F9
:10CE180043F0BF6343F40033CB60704700ED00E09C
:10CE2800164B30B5DC68C4F30224C4F10703251D92
:10CE3800042B28BF0423062D4FF0FF358CBF033C7D
:10CE4800002405FA03F321EA0303A54022EA0502B8
:10CE5800A340002843EA0203ACBF00F16040084A3F
:10CE68004FEA0313B8BF00F00F00DBB2AABF00F50A
:10CE78006140135480F8003330BD00BF00ED00E07E
:10CE880014ED00E00138B0F1807F0BD24FF0E023C1
:10CE9800054A5861F02182F8231000200722986182
:10CEA8001A6170470120704700ED00E070470000EC
:10CEB80038B50446002800F0D38090F85C3003F0C1
:10CEC800FF021BB980F85D20FFF7F0FF2268936925
:10CED80023F010039361FFF78BFF054623689A69D7
:10CEE800110700F1B0809A6942F001029A61FFF7D8
:10CEF8007FFF054623689A69D20740F1B3809A6993
:10CF080042F002029A61664A934204BF6168C2F81D
:10CF18000011227C012A9A690CBF22F0400242F0DB
:10CF280040029A61627C012A9A690CBF42F48042ED
:10CF380022F480429A61A27C012A9A690CBF22F4E9
:10CF4800805242F480529A619A69A06822F4407231
:10CF580002439A619A6922F0A4029A611A6922F03E
:10CF680010021A61E268012A40F083809A6942F04F
:10CF780004029A61A269511EE269013A120242EA68
:10CF88004162216A01390A436169013942EA014271
:10CF9800B0F5407FDA610ED1E26A511E226B013A88
:10CFA800120142EA0122A16A01390A43616A013980
:10CFB80042EA0142DA60D3F8C020E16B0A43C3F8C1
:10CFC800C020384A934268D03748384902F585422C
:10CFD8002032834218BF0A46D3F88010606B22645F
:10CFE80021F4F81141EA0041C3F8801002F1700100
:10CFF8006164D3F88010A06B21F0706141EA006190
:10D00800C3F8801002F1B003A36402F5C473E364AB
:10D0180002F51873236502F51E73111D636502F589
:10D0280054738B4234BF0123D42302EB83030021C2
:10D0380042F8041B9A42FBD101232166A16584F8BA
:10D048005C30002038BDFFF7D3FE401B0A287FF66E
:10D0580045AF236E43F001032366032384F85C3055
:10D068000120EFE7FFF7C4FE401B0A287FF642AF16
:10D07800EFE7002A3FF47EAF022A0AD0996941F00F
:10D08800800199611969032A41F0100119617FF43F
:10D0980071AF9A6942F020026BE7054A9CE700BF2E
:10D0A8000064004000680040006C004000A400409C
:10D0B80050A70040F0B590F85C30013B012B1BD81D
:10D0C800D1E900258B684E69D1E903749B074AB9F9
:10D0D80043EAC763016C334343EA044341F825300C
:10D0E8000020F0BD426C02EBC50144EA47743343AB
:10D0F80042F835404B60F3E7036E43F002030366E2
:10D108000120EEE730B590F85C40012C10D105689D
:10D118000398D5F8804040EA430343EA820242EA92
:10D12800011124F03F030B43C5F88030002030BDC7
:10D13800036E43F0040303660120F8E790F85C30BF
:10D14800012B0BD10268022380F85C30936923F02D
:10D15800010393610023036618467047036E43F08A
:10D1680004030366012070472DE9F04390F85C3012
:10D17800022B914659D10668D6F8C44014F400141D
:10D1880005D0036E43F400730366012031E0D1E952
:10D198000032D6F8C450D1F810C08F68C5F30145E5
:10D1A8004ABB47EA0C0E4EEA834CD1E906733B436F
:10D1B8004F69D0F854803B43CF683B430F6A43EA3A
:10D1C800076348276F4307EB080E47F808C0194F55
:10D1D800CEF804304A460EF1080ECB89FB5C9C421F
:10D1E80002F104020ED30123AB40C6F8CC308365AC
:10D1F8000020BDE8F08343EA0C0C4CEA070C4CF025
:10D20800804CD2E712F8023C12F801CC1B0443EA26
:10D218000C6312F804CC43EA0C0312F803CC43EA7B
:10D228000C234EF804300434D7E7036E43F00803A8
:10D23800AAE700BF840E010890F85C30022B15BFE6
:10D24800036E036843F00803002016BF0366C3F8A3
:10D25800D010012070470368D3F8C40000F007001D
:10D26800704730B590F85C30013B012B60D80068FE
:10D2780011F00705836D01D0DC071DD511F0380FBB
:10D2880001D09C0718D511F4E07F01D05C0713D5B5
:10D2980011F4F05F01D01C070ED511F4604F01D0D6
:10D2A800DC0609D511F4403F01D09C0604D511F4E1
:10D2B8007C0F05D05C0603D4C46D44F00104C4653A
:10D2C8000DB1DD071DD411F0380F01D09C0718D41B
:10D2D80011F4E07F01D05D0713D411F4F05F01D0A1
:10D2E8001C070ED411F4604F01D0DD0609D411F4E7
:10D2F800403F01D09C0604D411F47C0F05D05D0694
:10D3080003D5C36D43F00203C3650C0642BFD0F8D2
:10D31800DC301343C0F8DC30CB0542BFD0F8E03036
:10D328001343C0F8E030436D0B434365002030BD24
:10D33800036E43F0020303660120F8E7094A5369C4
:10D3480043F4802310B55361EFF3108272B60023C3
:10D35800CC58C4500433B3F5807FF9D182F31088D8
:10D3680010BD00BF00200240064B5A69002ABFBF0B
:10D37800054A9A6002F188329A60BABF5869C00FAC
:10D38800002070470020024023016745044B5A697A
:10D3980042F000425A615869C043C00F704700BF4D
:10D3A8000020024070B50646FFF722FD0F4C0546E7
:10D3B8002369DB030BD423694CF2FA3213400DD0F6
:10D3C8000B494A681A434A600120236170BDFFF780
:10D3D8000FFD401BB042EBD90320F7E7206910F09E
:10D3E8000100F3D0012222611846EFE70020024035
:10D3F800540000202DE9F0471D4E99463378012B43
:10D4080005460F46904631D04FF0010A4FF47A7026
:10D4180086F800A0FFF7C6FF0446B8B97060CDB91A
:10D42800144A536943EA0A035361C7F80080BFF3FB
:10D438006F8FC7F8049054464FF47A70FFF7B2FF25
:10D4480024B10C4A536923EA04035361002333705F
:10D45800BDE8F0876B1E012BEED841463846FFF732
:10D468006DFFAB1E5D425D41AC04E5E70220EFE7CE
:10D4780054000020002002400D4B1A6A520211D5B8
:10D48800C10742BF5A6942F004025A61820703D5B4
:10D498005A6942F400425A61054A536943F4803399
:10D4A800536170475A6942F4004242F00402F2E7BD
:10D4B800002002400F4B1A6A12F4800F5A6913D1E8
:10D4C80022F400625A615A69C00022F47E7200F4A4
:10D4D800FF60104358615A6942F002025A615A6962
:10D4E80042F480325A617047C907E9D442F40062B5
:10D4F800E8E700BF002002401548037FDAB203F0D6
:10D50800FD03012B10D1134B196821F40071196028
:10D51800196841F400611960196821F40061196003
:10D52800196841F400711960931E012B0CD8094B3E
:10D538001A6842F480521A601A6822F480521A60FB
:10D548001A6842F480621A6000230377704700BFAC
:10D5580054000020002002402DE9F047334D2B787D
:10D56800012B064688465ED001274FF47A702F704B
:10D57800FFF718FF044620BB2D4B68601A6812F4A9
:10D58800007F1A6822D0510506D51A6822F48062F5
:10D598001A6003232B7700E02F773368012B1FD104
:10D5A8007068FFF769FF4FF47A70FFF7FBFE204AB7
:10D5B800536923F4004323F0040304465361FFF73F
:10D5C8009BFF00232B702046BDE8F087520505D548
:10D5D8001A6822F480621A600223DBE72877DCE706
:10D5E8004FF0FF33C8F80030B768DFF84490DFF831
:10D5F80044A0D6E902321344BB42E0D971683846E8
:10D60800FFF758FF4FF47A70FFF7CCFED9F81430C3
:10D6180003EA0A03C9F8143018B1C8F800700446C0
:10D62800CDE70137E5E70224CDE700BF540000202D
:10D638000020024005FCFFFF294B1A6830BB02F4AA
:10D64800C062B2F5806FD3F8802022F48072C3F8EC
:10D6580080201AD11A6822F4C06242F400721A605B
:10D66800204A126832214A431F49B2FBF1F20132C3
:10D678005969490500D522B95B69580503D40020CA
:10D688007047013AF4E7032070477047B0F5007F10
:10D698001FD102F4C062B2F5806FD3F8802042F443
:10D6A8008072C3F88020EAD11A6822F4C06242F47A
:10D6B80000721A600B4A126832214A430A49B2FBC7
:10D6C800F1F2013259694905D6D5002AD4D0013A78
:10D6D800F8E722F4C06242F480621A60CFE700BF24
:10D6E800007000404800002040420F00024A936842
:10D6F80043F4804393607047007000402DE9F34184
:10D70800044640B30368DF0714D423689E075BD43C
:10D7180023681E0700F1A48023685D0700F1CB8011
:10D7280023689B0600F13281E069002840F060819F
:10D73800002028E0A14DAB68EA6803F00C030C2B2D
:10D748000BD102F00303032B09D12B689D03DCD511
:10D758006368002BD9D1012015E0082BF4E7636832
:10D76800B3F5803F12D12B6843F480332B60FFF769
:10D778003FFB06462B689803C7D4FFF739FB801B8D
:10D788006428F7D9032002B0BDE8F081B3F5A02FD3
:10D7980004D12B6843F480232B60E4E72A6822F441
:10D7A80080322A602A6822F480222A60002BDED187
:10D7B800FFF71EFB06462B689903A6D5FFF718FB53
:10D7C800801B6428F7D9DDE77C4DAB68EA6803F075
:10D7D8000C030C2B17D102F00303022B15D12B6875
:10D7E8005A0502D5E368002BB5D06B68226923F08F
:10D7F800FE4343EA02636B60714B1868FFF7C2FA95
:10D80800002885D0A7E7042BE8E7E368BBB12B68BD
:10D8180043F480732B60FFF7EBFA06462B685B0531
:10D8280007D56B68226923F0FE4343EA02636B6005
:10D838006EE7FFF7DDFA801B0228EFD9A2E72B6815
:10D8480023F480732B60FFF7D3FA06462B685F0535
:10D858007FF55EAFFFF7CCFA801B0228F6D991E777
:10D868006369564D9BB1D5F8943043F00103C5F870
:10D878009430FFF7BDFA0646D5F8943098073FF57F
:10D888004BAFFFF7B5FA801B0228F5D97AE7D5F830
:10D89800943023F00103C5F89430FFF7A9FA06463F
:10D8A800D5F8943099077FF537AFFFF7A1FA801BB9
:10D8B8000228F5D966E7414DAB6DDA0027D4AB6D88
:10D8C80043F08053AB65AB6D03F080530193019B2C
:10D8D80001273C4E3368DB051BD5A368012B29D1F2
:10D8E800D5F8903043F00103C5F89030FFF780FA7F
:10D8F80041F288380646D5F89030990740D5002F70
:10D908003FF40EAFAB6D23F08053AB6508E70027FB
:10D91800DFE7336843F480733360FFF769FA8046C2
:10D928003368D805D9D4FFF763FAA0EB08000228BA
:10D93800F6D927E7052B06D1D5F8903043F0040334
:10D94800C5F89030CCE7D5F8902022F00102C5F850
:10D958009020D5F8902022F00402C5F89020002BE2
:10D96800C4D1FFF745FA41F288380646D5F8903019
:10D978009A07C4D5FFF73CFA801B4045F6D901E762
:10D98800FFF736FA801B4045B5D9FBE6A3690B4D76
:10D99800D3B1D5F8983043F00103C5F89830FFF7B4
:10D9A80027FA0646D5F898309F073FF5BDAEFFF732
:10D9B8001FFA801B0228F5D9E4E600BF00100240D8
:10D9C8005000002000700040D5F8983023F0010383
:10D9D800C5F89830FFF70CFA0646D5F8983098073E
:10D9E8007FF5A2AEFFF704FA801B0228F5D9C9E635
:10D9F800484DAB6803F00C030C2B57D02B6802285A
:10DA080023F080732B603AD1FFF7F2F906462B68B2
:10DA180099012ED4EA68404B1340226A1343A26A44
:10DA280043EA0223E26A43EAC263626A013A43EACA
:10DA38000213226B5208013A43EA4253626B5208BE
:10DA4800013A43EA4263EB602B6843F080732B6032
:10DA5800EB6843F08073EB60FFF7CAF904462B6864
:10DA68009A013FF565AEFFF7C3F9001B0228F6D906
:10DA780088E6FFF7BDF9801B0228C8D982E6EB6863
:10DA880023F00303EB60EB6823F0887323F48033FF
:10DA9800EB60FFF7ADF904462B689B017FF548AEB4
:10DAA800FFF7A6F9001B0228F6D96BE601283FF418
:10DAB8006AAEEB68226A03F0030191427FF44BAE31
:10DAC800616A03F0F0020139B2EB011F7FF443AE43
:10DAD800A16A03F4FE42B2EB012F7FF43CAEE16A87
:10DAE80003F07842B2EBC16F7FF435AE226B520877
:10DAF80003F4C001013AB1EB425F7FF42CAE626BD4
:10DB0800520803F0C063013AB3EB426F3FF410AE22
:10DB180021E600BF001002400C809F01174B9A6855
:10DB280002F00C02042A23D09A6802F00C02082A98
:10DB380020D09A6802F00C020C2A1DD1D968DA6844
:10DB4800D868DB6801F00301C3F341630329C2F31A
:10DB58000312C0F3062003F101030CBF0849094969
:10DB68005B000132B1FBF2F25043B0FBF3F07047B7
:10DB78000448704702487047002070470010024070
:10DB880000127A000024F4002DE9F8430E460546F9
:10DB980010B90120BDE8F8836D4A136803F00F033C
:10DBA8008B4245D3296811F001084CD12A689107A6
:10DBB80040F1A780674B12F0040F1EBF996841F42B
:10DBC800E0619960120741BF9A6822F47C5242F4DE
:10DBD800E0629A609A68A96822F0F0020A439A60A3
:10DBE8005B4C236803F00F03B34200F293802A686A
:10DBF800584C12F0040F40F0A380130706D5A36811
:10DC08002A6923F4605343EAC203A360FFF786FF3F
:10DC1800A368514AC3F30313D35C03F01F03D8402E
:10DC28004E4B18604E4B1868BDE8F843FFF7AAB88A
:10DC3800136823F00F030B431360136803F00F03FB
:10DC48008B42A6D1AEE76F68424C032F236849D1B7
:10DC58009B019ED5E368E26803F00303032BE368A6
:10DC68000CBF40484048C2F30312C3F306230132F5
:10DC7800B0FBF2F25343E268C2F341620132520050
:10DC8800B3FBF2F3394A93421AD84FF00008A3685D
:10DC980023F003033B43A360FFF7AAF841F2883956
:10DCA8000746A3686A6803F00C03B3EB820F3FF4DE
:10DCB8007DAFFFF79DF8C01B4845F2D9032069E7FF
:10DCC800A36813F0F00F04D08807DED5AB68002BEB
:10DCD800DBD1A36823F0F00343F08003A3604FF087
:10DCE8008008D4E7022F09D113F4003F3FF451AF65
:10DCF800FFF714FF1D4B9842C7D9EAE713F4806F6A
:10DD0800F4E7B8F1800F01BF124A936823F0F003DB
:10DD1800936065E7236823F00F0333432360FFF71D
:10DD280067F841F288380746236803F00F03B342C7
:10DD38003FF45DAFFFF75CF8C01B4045F4D9BDE781
:10DD4800A368E96823F4E0630B43A36055E700BFC9
:10DD580000200240001002406C0E0108480000201C
:10DD68005000002000127A000024F40000B4C4041B
:10DD7800054B064A9B68C3F30223D35C044A106828
:10DD880003F01F03D8407047001002407C0E0108C2
:10DD980048000020054B064A9B68C3F3C223D35CA6
:10DDA800044A106803F01F03D8407047001002406F
:10DDB8007C0E010848000020B0F5002FA54B1ED1AD
:10DDC800D3F89020D3F89010880702F4407203D556
:10DDD800B2F5807F00F00082D3F89410890703D54C
:10DDE800B2F5007F00F0FB81186810F4003000F0F5
:10DDF800FE819948B2F5407F18BF00207047DA6865
:10DE080002F00302022A20D11A68944912F48062AF
:10DE180018BF0A46D968B0F5007FC1F3031101F1B4
:10DE28000101B2FBF1F200F06B813AD8102800F042
:10DE3800F88016D8013807281DD807281BD8DFE82E
:10DE480000F092AF1AC61A1A1ADBDA6802F0030257
:10DE5800032A04D11A68824912F40032D8E7002252
:10DE6800D8E7802800F02B8107D8202800F0FC8014
:10DE7800402800F0128100207047B0F5807FFAD169
:10DE8800D3F8882012F4403200F08F80B2F5803F3A
:10DE980072D0186810F4806000F0A981B2F5003FD4
:10DEA8000BE1B0F5804F24D034D8B0F5805F00F096
:10DEB80065811BD8B0F5806F00F03D81B0F5006F2B
:10DEC800D9D1D3F8881011F4400155D0B1F5800F9D
:10DED80000F03A81B1F5000F00F08481186810F461
:10DEE800806000F08481B1F5400FE6E0B0F5005F96
:10DEF800C1D1D3F8881001F04061B1F1006F00F092
:10DF08002781D3F8980010F0020000F0708155487E
:10DF1800002971E7B0F5003F00F0E38011D8B0F5B3
:10DF2800004F00F03981B0F5803FA4D1D3F88810B4
:10DF380001F04041B1F1804F00F03581B1F1004F5F
:10DF480047E1B0F5802F96D1D3F89C1001F4401129
:10DF5800B1F5001F00F0FC80B1F5801F00F046818C
:10DF6800002988D108E0D3F8882012F0030201D1F3
:10DF7800FFF710BF012A01D1FFF7D0BD1968480586
:10DF880002D5022A00F03281D3F8900010F0020086
:10DF980000F02D81032A14BF00220122D00370470C
:10DFA800D3F8882012F00C0201D1FFF7E1BE042A51
:10DFB800E2D01968490502D5082A00F01781D3F87C
:10DFC800900010F0020000F012810C2AE3E7D3F869
:10DFD800882012F03002E8D0102ACDD01968480500
:10DFE80002D5202A00F00281D3F8900010F0020038
:10DFF80000F0FD80302ACEE7D3F8882012F0C00266
:10E00800D3D0402AB8D01968490502D5802A00F033
:10E01800ED80D3F8900010F0020000F0E880C02AEC
:10E02800B9E7D3F8882012F44072BED0B2F5807FE9
:10E03800A2D01968480503D5B2F5007F00F0D68054
:10E04800D3F8900010F0020000F0D180B2F5407FC4
:10E05800A1E700BF0010024090D003000024F400A4
:10E0680000127A00006CDC02D3F8882012F44062B7
:10E078009BD0B2F5806F3FF47FAF1968490503D58F
:10E08800B2F5006F00F0B280D3F8900010F00200F3
:10E0980000F0AD80B2F5406F7DE7D3F8882012F428
:10E0A800405282D0B2F5805F3FF466AF186810F432
:10E0B800806000F09C80B2F5005F4D489CE6D3F884
:10E0C800882012F440423FF470AFB2F5804F3FF41D
:10E0D80053AF186810F4806000F08980B2F5004FE3
:10E0E800EBE7D3F89C2012F003023FF45EAF012A5D
:10E0F8003FF442AF186810F4806078D0022ADCE759
:10E10800D3F8882012F440223FF44FAFD3F894108C
:10E11800880702D5B2F5802F61D01968490502D564
:10E12800B2F5002F62D0D3F8900010F002005ED054
:10E13800B2F5402F2FE7D3F8881011F440113FF4BF
:10E148001BAFB1F5801F0FD1D86810F480104ED0E6
:10E15800D868DB68C3F34153C0F30620013350434A
:10E168005B00B0FBF3F07047B1F5001F3AD01868B8
:10E1780010F480603BD0B1F5401F9EE7D3F88810BB
:10E1880001F04071B1F1007F3FF40FAF61B3B1F11D
:10E19800807F7FF470AED7E7D3F8881001F0405144
:10E1A800B1F1805F13D1D86810F480301FD0D868DF
:10E1B800D968C90EC0F3062005D1DB6813F4003F07
:10E1C80014BF112107215043B0FBF1F07047B1F1A2
:10E1D800005F7FF450AECFE64FF4004070474FF435
:10E1E800FA40704703487047034870470048704733
:10E1F8000024F4000080BB0000127A00024AD36AAF
:10E208001843D062704700BF00100240B0F1904F31
:10E2180008B509D10120FFF7F1FF254AD36A23F099
:10E228000103D362002008BD224B984207D1022087
:10E23800FFF7E4FF1E4AD36A23F00203F1E71E4BFF
:10E24800984207D10420FFF7D9FF194AD36A23F06F
:10E258000403E6E7194B984207D10820FFF7CEFFE1
:10E26800134AD36A23F00803DBE7154B984207D11A
:10E278001020FFF7C3FF0E4AD36A23F01003D0E73C
:10E28800104B984207D12020FFF7B8FF084AD36AFD
:10E2980023F02003C5E70C4B984207D14020FFF735
:10E2A800ADFF034AD36A23F04003BAE70120BAE777
:10E2B800001002400004004800080048000C004814
:10E2C8000010004800140048001800482DE9F04FDD
:10E2D80002460D6895FAA5F44FF0010EB4FA84F4DD
:10E2E80003274FF00F0C6FEA050835FA04F001D147
:10E2F800BDE8F08F0EFA04F32B4067D04868461E3D
:10E30800012E1ED8966893FAA3F9B9FA89F94FEA4B
:10E31800490907FA09F926EA090993FAA3FA8E685E
:10E32800BAFA8AFA4FEA4A0A06FA0AF646EA0906E1
:10E338009660566808EA0609CE686E4349EA0606FA
:10E348005660D66893FAA3F9B9FA89F94FEA4909E8
:10E3580007FA09F926EA090993FAA3FA0E69BAFA3B
:10E368008AFA4FEA4A0A06FA0AF646EA090602282B
:10E37800D66018D1FF2BD1F814A029D8D2F8209054
:10E3880093FAA3F6B6FA86F6B6000CFA06F629EA68
:10E39800060993FAA3F6B6FA86F6B6000AFA06F65E
:10E3A80046EA09061662166893FAA3F9B9FA89F9D2
:10E3B8004FEA490907FA09F926EA090693FAA3F385
:10E3C800B3FA83F35B0098403043106001348CE764
:10E3D800D2F824901E0A96FAA6FBBBFA8BFB4FEAEA
:10E3E8008B0B0CFA0BFB29EA0B0996FAA6F6B6FA80
:10E3F80086F6B6000AFA06FA4AEA09065662D2E72B
:10E40800024B1868C0F38020704700BF001002401C
:10E41800024BD3F89000C0F3400070470010024050
:10E42800024B1868C0F34060704700BF00100240FC
:10E43800044B054A9B68C3F30313D35C03F01F0323
:10E44800D8407047001002406C0E0108044B054A82
:10E458009B68C3F30223D35C03F01F03D8407047C3
:10E46800001002407C0E0108124B9A6802F00C0260
:10E47800082A1BD00C2A1BD1DA680F480F4902F072
:10E488000302032A08BF0146D868DA68DB68C3F3C9
:10E498004163C0F30620C2F303120133484301323B
:10E4A8005B00B0FBF2F0B0FBF3F070470248704736
:10E4B800024870470010024000127A000024F4005D
:10E4C800164A08B5136843F480731360FFF798FF82
:10E4D8000028FBD0536823F0FE4343F08043536089
:10E4E80001239360936803F00C03042BFAD14FF4D3
:10E4F800807313601360FFF793FF0028FBD14FF47C
:10E50800805140F23B73D16090611362D2F894302D
:10E5180043F40003C2F8943008BD00BF0010024065
:10E52800032810B52DD12D4C2D4AD4F8883003F08E
:10E53800030343F44033934209D0B3F1031F0CD0D3
:10E54800013A934210D1BDE81040FFF78DBFFFF7A5
:10E5580057FF002840D1002010BDFFF759FF0038B1
:10E5680018BF0120C003F7E7FFF77EFFFFF760FF42
:10E57800A3681C4AC3F3C223D35C03F01F03D8402B
:10E58800EAE70C2817D1154B174AD3F8883003F05F
:10E598000C0343F440239342D9D0B3F10C1FDCD0D1
:10E5A800043A9342CFD0FFF75FFFFFF741FFBDE882
:10E5B8001040FFF74BBF3028CDD1084B0B4AD3F89A
:10E5C800883003F0300343F440139342BFD0B3F1D3
:10E5D800301FC2D0103AE4E70548BDE700100240FA
:10E5E800020003007C0E010808000C002000300027
:10E5F8000024F400C02808B527D11E4B1E4AD3F8C2
:10E60800883003F0C00343F44003934209D0B3F1C8
:10E61800C01F0BD0403A93420FD1BDE80840FFF726
:10E6280023BFFFF7EDFE18BB002008BDFFF7F0FE83
:10E63800003818BF0120C003F7E7FFF715FFFFF701
:10E64800F7FEBDE80840FFF701BFB0F5407FEBD10A
:10E65800084B0A4AD3F8883003F4407343F04073F8
:10E668009342DED0B3F1032FE0D0A2F58072D2E757
:10E678000348DAE7001002408000C00000020003EF
:10E688000024F4001B4B98420AD103F560431A6C2E
:10E6980042F480521A641A6C22F480521A6418E008
:10E6A800154B98420CD003F58063984213D1134B55
:10E6B8009A6B42F400429A639A6B22F4004207E094
:10E6C8000E4B9A6B42F480429A639A6B22F4804212
:10E6D8009A63002070470A4B984201D00120704786
:10E6E800064B1A6C42F400421A641A6C22F4004277
:10E6F800D4E700BF0030014000380040001002405D
:10E70800003C014003685B0670B502462DD4D1E990
:10E7180000363343CE68056848690C6A33430E698E
:10E7280033438E6903433343CE6925F47F4533432E
:10E7380025F0BF0523432B43136053688D6823F4EA
:10E74800706323F0040345EA10401843B5F5006FE1
:10E7580050603EBF536843F480535360B4F5005F84
:10E7680001D18B8C1361002000E00120D36923F4D0
:10E778000063D36170BD0000354A0368904216D02B
:10E78800B0F1804F13D0A2F5943290420FD002F529
:10E79800806290420BD002F58062904207D002F569
:10E7A8009432904203D002F5E052904219D14A685F
:10E7B80023F070031343264A904221D0B0F1804FD2
:10E7C8001ED0A2F5943290421AD002F5806290428F
:10E7D80016D002F58062904212D002F5943290422F
:10E7E8000ED01C4A90420BD002F58062904207D0AE
:10E7F80002F58062904203D002F50062904203D194
:10E80800CA6823F44073134303608B68C3620B88A0
:10E8180083620F4B984213D003F5006398420FD0E0
:10E8280003F5406398420BD003F58063984207D004
:10E8380003F58063984203D003F50063984201D141
:10E848000B690363436943F0010343610020704788
:10E85800002C014000400140B1F5805F30B500F068
:10E8680021810AD8102900F08E80B1F5807F00F050
:10E87800D280012941D0012030BDB1F5803F00F0A0
:10E888005B81B1F5801FF6D1036A146823F4801305
:10E898000362036A016D21F0807121F4E04141EACD
:10E8A8000424116923F4001343EA0153516823F443
:10E8B800801343EA01539F49884213D001F5006150
:10E8C80088420FD001F5406188420BD001F5806184
:10E8D800884207D001F58061884203D001F50061C4
:10E8E800884206D14168956921F4802141EA852151
:10E8F8004160D2680465C26442E0036A156823F087
:10E9080001030362036A4168846924F4803424F0B3
:10E9180073042C43156923F002032B43556823F035
:10E9280001032B43834DA84213D005F50065A84287
:10E938000FD005F54065A8420BD005F58065A842C3
:10E9480007D005F58065A84203D005F50065A84203
:10E9580012D1556923F0080343EA8503956823F02B
:10E96800040343EA8503956921F480712943D56935
:10E9780021F4007141EA4501D26841608461426333
:10E988000362002078E7036A156823F01003036226
:10E99800036A4168846924F0807424F4E64444EAF4
:10E9A8000524156923F0200343EA0513556823F06D
:10E9B800100343EA05135F4DA84213D005F500651F
:10E9C800A8420FD005F54065A8420BD005F5806533
:10E9D800A84207D005F58065A84203D005F5006573
:10E9E800A84213D1556923F0800343EA851395683B
:10E9F80023F0400343EA8513956921F4806141EAD5
:10EA08008501D56921F4006141EAC501D2684160F8
:10EA180084618263B4E7036A156823F48073036230
:10EA2800036A4168C46924F4803424F073042C43D5
:10EA3800156923F4007343EA0523556823F48073AA
:10EA480043EA05233B4DA84213D005F50065A842CB
:10EA58000FD005F54065A8420BD005F58065A842A2
:10EA680007D005F58065A84203D005F50065A842E2
:10EA780013D1556923F4006343EA8523956823F489
:10EA8800806343EA8523956921F4805141EA0511A1
:10EA9800D56921F4005141EA4511D2684160C46149
:10EAA800C2636DE7036A156823F480530362036A3F
:10EAB8004168C46924F0807424F4E64444EA0524D7
:10EAC800156923F4005343EA0533556823F480534A
:10EAD80043EA0533174DA84213D005F50065A8424F
:10EAE8000FD005F54065A8420BD005F58065A84212
:10EAF80007D005F58065A84203D005F50065A84252
:10EB080013D1556923F4004343EA8533956823F408
:10EB1800804343EA8533956921F4804141EA8511B0
:10EB2800D56921F4004141EAC511D2684160C46148
:10EB3800026425E7002C0140036A146823F480333B
:10EB48000362036A016D21F4803121F070010C43E6
:10EB5800116923F4003343EA0143516823F48033F5
:10EB680043EA01431149884213D001F50061884204
:10EB78000FD001F5406188420BD001F580618842D1
:10EB880007D001F58061884203D001F50061884211
:10EB980006D14168956921F4803141EA0521416037
:10EBA8000465D268816C8264EAE600BF002C0140EB
:10EBB800224B98420BD103F558431A6C42F4804219
:10EBC8001A641A6C22F480421A64002070471C4BA5
:10EBD80098420AD103F5E6339A6B42F400329A63FD
:10EBE8009A6B22F400329A63EFE7164B984209D1E8
:10EBF80003F5E4339A6B42F480229A639A6B22F409
:10EC08008022F0E7104B984209D103F5E2339A6B62
:10EC180042F400229A639A6B22F40022E3E70B4B3A
:10EC2800984209D103F5E0339A6B42F480129A6353
:10EC38009A6B22F48012D6E7012070470038014011
:10EC48000044004000480040004C00400050004094
:10EC580038B50368DB0704460D465FD42A69AB68FC
:10EC6800016813436A691343EA6913432C4A0A404B
:10EC7800134303604368EA6823F440531343436033
:10EC88008368AA6923F4407313438360254B984231
:10EC980020D10320FFF744FC2B6878B3696869B377
:10ECA8000B2B15D8204A52F82330B0FBF3F3E86950
:10ECB800B0F5004F4FEA51022BD102EB43024FF659
:10ECC800F073B2FBF1F21340C2F342021A43E2605E
:10ECD800002014E0154B984201D10C20DAE7144BC0
:10ECE800984201D13020D5E7124B984203D1C02079
:10ECF800FFF780FCD0E7104B984207D00120E26A6A
:10ED08002B8822F00F021343E36238BD4FF44070A2
:10ED1800EEE71A44B2FBF1F292B2D8E70120F4E729
:10ED2800F369FFEF00380140940E010800440040E9
:10ED380000480040004C00400050004010EE103ADF
:10ED4800C3F3C7527F3A162A10EE101A15DC002AB0
:10ED58000CDB0C481041034205D04FF480031341EB
:10ED68000B4423EA000300EE103A7047013203F027
:10ED78000043F8D143F07E53F5E7802AF3D130EE13
:10ED8800000A7047FFFF7F0070B50D4D0D4C641BE6
:10ED9800A4100026A64209D10B4D0C4C00F08EF8A9
:10EDA800641BA4100026A64205D170BD55F8043B8B
:10EDB80098470136EEE755F8043B98470136F2E7E5
:10EDC800C40E0108C40E0108C40E0108CC0E0108C7
:10EDD800034611F8012B03F8012B002AF9D17047DB
:10EDE80010B50246147813460132002CFAD1013BC3
:10EDF80011F8012B03F8012F002AF9D110BDC9B26F
:10EE0800034610F8012B1AB18A42F9D11846704707
:10EE1800002918BF0023F9E70A44914200F1FF33A3
:10EE280000D1704710B511F8014B03F8014F91421A
:10EE3800F9D110BD10B56AB10139841810F8012B49
:10EE480011F8013F9A4203D1A04201D0002AF5D11E
:10EE5800D01A10BD1046FCE710B5013902449042A3
:10EE680001D1002005E0037811F8014FA34201D039
:10EE7800181B10BD0130F2E7884210B501EB0204FF
:10EE880002D98442234607D8431EA14208D011F86C
:10EE9800012B03F8012FF8E7024401468A4200D10A
:10EEA80010BD13F8014D02F8014DF7E7024403467F
:10EEB800934200D1704703F8011BF9E7F8B500BF8A
:10EEC800F8BC08BC9E467047F8B500BFF8BC08BC43
:04EED8009E4670479B
:10EEDC0018120C1801010119190119190106060162
:10EEEC0006060103030103030102020102020112DF
:10EEFC000C01120C00206C0002206A006D007400E2
:10EF0C000205010202016D696E2C00206D572C0068
:10EF1C00322E3447003931354D003836384D0034F7
:10EF2C0033334D003730636D003836364D00445561
:10EF3C00414C003F003530487A003331487A00317B
:10EF4C0039487A00464C52430046534B00313948FD
:10EF5C007A377800011F136F0113000000D57FAAC8
:10EF6C00FE2B815429FC5683D702A87D52872DF89D
:10EF7C00AC79D3067BAE04D18550FA2FA471DB0E8D
:10EF8C005A8F25F08D58F22773A60CD9F623895C7D
:10EF9C0008DD77A2DF0AA07521F45E8B9D48E2376D
:10EFAC0063B61CC9B461CB1E4A9F35E0CF1AB0655D
:10EFBC0031E44E9BE633994C18CD67B239EC46934D
:10EFCC00C712B86D10C56FBAEE3B91446BBE14C13D
:10EFDC009540EA3F42973DE8BC69C316EF3A90452D
:10EFEC0011C46EBBC613B96C38ED4792BD68C2171D
:10EFFC0043963CE99441EB3E6ABF15C04B9E34E10D
:10F00C00B560CA1F62B71DC89C49E33619CC66B3FC
:10F01C00E732984D30E54F9ACE1BB16472A70DD8EC
:10F02C008C59F3265B8E24F1A570DA0F20F55F8ADC
:10F03C00DE0BA17409DC76A3F722885DD603A97CCC
:10F04C0028FD5782FF2A805501D47EAB8451FB2EBC
:10F05C007AAF05D0AD78D20753862CF96162636420
:10F06C0065666768696A6B6C6D6E6F7071727374CC
:10F07C0075767778797A30313233343536373839AA
:10F08C005F232D2E0000010001000200020002008F
:10F09C00030004000500060008000A000C00100024
:10F0AC00140019002000280032003F0050006400BA
:10F0BC007D009E00C800FA003C019001F40176022C
:10F0CC002003E803E204DC05D0076E00690063004E
:10F0DC007600727700740074770000000000000066
:10F0EC0000000000ED180008000000000000000007
:10F0FC00F91800080000000000000000D5180008F6
:10F10C0000010204050301020001020503046D6CF9
:10F11C0072732E300053657475705374617274532E
:10F12C0074783452780053657475705374617274CA
:10F13C004D61726B65720021656E6421004D6174C6
:10F14C00656B206D523930302D33305444006D4C8A
:10F15C00525301020304006D4C525304030201008C
:10F16C000A00206972713D7800206C733D0020729A
:10F17C007831733D0020727832733D00405041521B
:10F18C00414D2F706172616D2E70636B006D6C72EE
:10F19C00732E0072785F7374617475732066616985
:10F1AC006C757265006661696C2061002000646F8B
:10F1BC005F72656365697665282920434845434B32
:10F1CC005F4552524F525F53594E43574F52440072
:10F1DC005378206E6F74206F6B00537832206E6FF3
:10F1EC0074206F6B0049525120544D4F20464149B9
:10F1FC004C0049525120525820444F4E4520464114
:10F20C00494C0049525120545820444F4E452046F9
:10F21C0041494C004952513220544D4F20464149EE
:10F22C004C004952513220525820444F4E452046F2
:10F23C0041494C004952513220545820444F4E45BC
:10F24C00204641494C000000000000000000000076
:10F25C00891D0008751D0008972E0008C12E000896
:10F26C00DF2E0008A926000871190008052C0008DB
:10F27C000000000000000000651D0008511D000882
:10F28C00D32F0008FD2F00081B300008AD27000805
:10F29C0071190008EF2B00080000000000000000AE
:10F2AC0055190008EF330008A9320008E9310008AD
:10F2BC00BF310008751A00084D320008911A000879
:10F2CC0019320008B51A0008000000000000000008
:10F2DC0055190008C9350008591900085B190008B0
:10F2EC00933400085F1900086319000867190008B7
:10F2FC00691900086D1900080000000000000000EA
:10F30C005519000857190008591900085B1900080D
:10F31C001989000885A300084D890008B91A00084E
:10F32C0091A300086D190008000000000000000007
:10F33C00DF280008AD2A0008712A0008512A0008AD
:10F34C00000000000000000055190008E51A000834
:10F35C00591900085B190008C18200083D83000898
:10F36C0061690008D1690008691900086D19000865
:10F37C00414E474C4500484F52495A4F4E004E4162
:10F38C005620414C54484F4C440048454144494E4A
:10F39C004720484F4C44004845414446524545009F
:10F3AC004845414441444A0043414D535441420075
:10F3BC004E415620525448004E415620504F53480F
:10F3CC004F4C44004D414E55414C00424545504533
:10F3DC0052004C454453204F4646004C4947485434
:10F3EC0053004F5344204F46460054454C454D4521
:10F3FC00545259004155544F2054554E4500424CDF
:10F40C0041434B424F58004641494C5341464500FD
:10F41C004E415620575000414952204D4F44450013
:10F42C00484F4D4520524553455400474353204EB9
:10F43C0041560046505620414E474C45204D4958A8
:10F44C00005355524641434500464C415045524F9E
:10F45C004E005455524E20415353495354004E4183
:10F46C0056204C41554E434800534552564F20416F
:10F47C0055544F5452494D0043414D455241204340
:10F48C004F4E54524F4C20310043414D4552412078
:10F49C00434F4E54524F4C20320043414D45524144
:10F4AC0020434F4E54524F4C2033004F5344204175
:10F4BC004C542031004F534420414C542032004FC7
:10F4CC00534420414C542033004E415620434F5559
:10F4DC0052534520484F4C44004D43204252414B1F
:10F4EC00494E470055534552310055534552320051
:10F4FC005553455233005553455234004C4F4954E3
:10F50C004552204348414E4745004D5350205243ED
:10F51C00204F564552524944450050524541524D98
:10F52C0000545552544C45004E41562043525549B7
:10F53C005345004155544F204C4556454C20545290
:10F54C00494D00575020504C414E4E455200534FA0
:10F55C004152494E47004D495353494F4E20434861
:10F56C00414E474500424545504552204D55544566
:10F57C00004D554C54492046554E4354494F4E006E
:10F58C004D495845522050524F46494C4520320067
:10F59C004D49584552205452414E534954494F4EAF
:10F5AC0000414E474C4520484F4C4400800CD0073E
:10F5BC00B704C71B800CB7040410020A0B06972370
:10F5CC0004100B060000000000000000B009010848
:10F5DC002B130000880901080A000000000000003D
:10F5EC00000000000000000000000000000000000F
:10F5FC000000000011003200140064001800FA0032
:10F60C001B00F4011E00E8036162636465666768B1
:10F61C00696A6B6C6D6E6F707172737475767778D6
:10F62C00797A303132333435363738395F232D2EF1
:10F63C000000000000070E091C1B1215383F363164
:10F64C0024232A2D70777E796C6B6265484F464176
:10F65C0054535A5DE0E7EEE9FCFBF2F5D8DFD6D166
:10F66C00C4C3CACD90979E998C8B8285A8AFA6A156
:10F67C00B4B3BABDC7C0C9CEDBDCD5D2FFF8F1F646
:10F68C00E3E4EDEAB7B0B9BEABACA5A28F88818636
:10F69C0093949D9A2720292E3B3C35321F18111626
:10F6AC0003040D0A5750595E4B4C45426F68616616
:10F6BC0073747D7A898E878095929B9CB1B6BFB806
:10F6CC00ADAAA3A4F9FEF7F0E5E2EBECC1C6CFC8F6
:10F6DC00DDDAD3D4696E676075727B7C51565F58E6
:10F6EC004D4A4344191E171005020B0C21262F28D6
:10F6FC003D3A33344E49404752555C5B7671787FC6
:10F70C006A6D64633E39303722252C2B0601080FB5
:10F71C001A1D1413AEA9A0A7B2B5BCBB9691989FA5
:10F72C008A8D8483DED9D0D7C2C5CCCBE6E1E8EF95
:10F73C00FAFDF4F3000000003209000000000000A4
:10F74C00010000007C2B0000000000000200000003
:10F75C00890C00000000000004000000ED0E030CFA
:10F76C000D00000005000000D91C01000000000085
:10F77C000600000068030000000000000700000005
:10F78C007720000000000000080000007524000035
:10F79C00000000000B0000005906010400000000EE
:10F7AC0014000000D6140302030000001500000032
:10F7BC009F0203000100000016000000DC1900008D
:10F7CC000000000017000000A8170304050000004B
:10F7DC0018000000183400000000000019000000A0
:10F7EC0017650000000000001A000000AA180000B5
:10F7FC00000000001B000000901D00000000000035
:10F80C001C00000043100000000000001D00000060
:10F81C0073100000000000001E000000271C0000F8
:10F82C00000000001F000000F63000000000000087
:10F83C0020000000B91C00000000000021000000A6
:10F84C00681C00000000000022000000ED16000003
:10F85C000000000023000000F4160000000000006F
:10F86C0024000000DE250000000000002500000040
:10F87C00D407030405000000260000000907030458
:10F88C000500000027000000FE26032021000000D8
:10F89C0028000000E6050302030000002900000018
:10F8AC001C040302030000002A0000001C120000CC
:10F8BC00000000002B000000840303000100000086
:10F8CC002C000000DD090302030000002D000000E5
:10F8DC00E8030300010000002E0000000B020000F2
:10F8EC00000000002F000000990803000100000038
:10F8FC00300000002915010C000000003100000050
:10F90C002714000000000000320000004E250312F6
:10F91C001300000033000000C405030203000000C4
:10F92C003500000003050000000000003600000058
:10F93C000F1B03181900000037000000031900000A
:10F94C00000000003D000000A7480000000000007F
:10F95C003E000000B71A0000000000003F0000004D
:10F96C0077B500000000000040000000BFE100007F
:10F97C000000000041000000762A0000000000009A
:10F98C004200000094060302030000004300000044
:10F99C00150400000000000045000000F31E010AE1
:10F9AC0000000000460000007C260310110000003F
:10F9BC004900000026260320210000004A00000018
:10F9CC0014140000000000004B0000009E23031ED6
:10F9DC001F0000004C0000009821031E1F000000B7
:10F9EC004D0000008F0A03080900000050000000C1
:10F9FC000E04030203000000510000006A16000010
:10FA0C0000000000520000003133032425000000E8
:10FA1C0053000000162500000000000054000000F8
:10FA2C008F35033233000000550000008C3300008A
:10FA3C0000000000560000000535033233000000C2
:10FA4C005700000096330000000000005900000031
:10FA5C00E71C0000000000005A000000B73800004E
:10FA6C00000000005B0000003F2A000000000000C6
:10FA7C005C00000036210000000000005D0000006A
:10FA8C002F5100000000000064000000AF220000B5
:10FA9C00000000006500000066750000000000001A
:10FAAC00660000009E75000000000000670000006A
:10FABC00D03900000000000068000000387400001D
:10FACC0000000000690000005D3F00000000000025
:10FADC006A0000008A2C0000000000006B0000008F
:10FAEC006C410000000000006C000000205C000075
:10FAFC00000000006D000000B909000000000000CB
:10FB0C006E00000054FE0301020000006F000000B4
:10FB1C00221203101100000070000000AE0C000057
:10FB2C0000000000710000007C27000000000000B5
:10FB3C0072000000ED2C00000000000073000000BB
:10FB4C000440000000000000740000004C1800008D
:10FB5C000000000075000000800603040500000092
:10FB6C0076000000380E0000000000007700000056
:10FB7C00740C030A0B000000780000008661000082
:10FB8C000000000079000000ED02030001000000FD
:10FB9C007A000000CB020300010000007B00000093
:10FBAC00FA710300010000007C00000057390000CE
:10FBBC00000000007D000000CB06000000000000EB
:10FBCC007E000000DC51034F500000007F0000005D
:10FBDC00192300000000000080000000E223000058
:10FBEC0000000000810000002E1800000000000042
:10FBFC00820000001D0D00000000000083000000CA
:10FC0C00DFFF00000000000084000000552700000A
:10FC1C00000000008500000006120000000000003B
:10FC2C0086000000E52B00000000000087000000AB
:10FC3C00CB08000000000000880000000116000046
:10FC4C000000000089000000C3100000000000004C
:10FC5C008A0000006D780000000000008B0000009E
:10FC6C00A82B03292A0000008C000000B5290000F5
:10FC7C00000000008D0000002F200000000000009C
:10FC8C008E00000048F30000000000008F00000010
:10FC9C008310000000000000900000007F5D000059
:10FCAC0000000000920000006764000000000000EB
:10FCBC00930000009A360000000000009400000041
:10FCCC00B24E00000000000095000000C83C00008F
:10FCDC000000000096000000862A000000000000D2
:10FCEC0097000000DB0803060700000098000000E6
:10FCFC00D00800000000000099000000BC0C0000BF
:10FD0C00000000009A000000540F030607000000DA
:10FD1C009B000000160D0304050000009C00000071
:10FD2C0013060300010000009D000000150F030CDA
:10FD3C000D0000009E000000860F030C0D0000005B
:10FD4C00A00000004E0C030809000000A1000000F8
:10FD5C004403030001000000A2000000BD090000E4
:10FD6C0000000000A30000007F1C00000000000049
:10FD7C00A40000009A2C000000000000A500000068
:10FD8C001503000000000000A6000000150900008B
:10FD9C0000000000A700000090160000000000000A
:10FDAC00A8000000010C000000000000A9000000E9
:10FDBC00EA12000000000000AA0000004922000026
:10FDCC0000000000AB000000B54200000000000085
:10FDDC00AC0000001662000000000000AD00000046
:10FDEC005308000000000000AE000000A730000027
:10FDFC0000000000AF0000008A13030E0F0000008B
:10FE0C00B0000000EA03030001000000B100000094
:10FE1C00F014000000000000B20000002F180000D9
:10FE2C0000000000B3000000BD1D011A000000001E
:10FE3C00B4000000342F012A00000000B5000000BF
:10FE4C00AE04000000000000B6000000E528000031
:10FE5C0000000000B7000000550203000100000084
:10FE6C00B80000009FCE030405000000B90000009C
:10FE7C00BA07030405000000BA000000481D030087
:10FE8C0001000000BF0000005C1B0000000000002F
:10FE9C00C00000002436000000000000C10000007B
:10FEAC00471A000000000000C200000062210000A0
:10FEBC0000000000C30000007825000000000000D6
:10FECC00C8000000862A032829000000C900000091
:10FEDC00CD0E030C0D000000D600000045080306F3
:10FEEC0007000000D70000006503000000000000C0
:10FEFC00D80000003203030001000000D90000000C
:10FF0C00CA06000000000000DA0000001107030020
:10FF1C0001000000DB000000A20200000000000055
:10FF2C00DC0000002220000000000000DD000000CA
:10FF3C00472A000000000000DE0000000F03000054
:10FF4C0000000000DF000000772F032A2B000000C8
:10FF5C00E0000000662D032A2B000000E1000000E9
:10FF6C00D049000000000000E2000000CF080000B3
:10FF7C0000000000E6000000A32A000000000000C2
:10FF8C00E70000006928000000000000E800000005
:10FF9C009741000000000000E900000023B60000BB
:10FFAC0000000000EA00000096280000000000009D
:10FFBC00EB000000B32A000000000000F10000007C
:10FFCC005A20000000000000F2000000683C000015
:10FFDC0000000000F3000000553D0134000000005B
:10FFEC00F40000005F06000000000000F5000000B7
:04FFFC00820200007D
:020000040801F1
:1000000000000000F6000000B8260000000000001C
:10001000F70000005113000000000000F80000008D
:1000200008FE030304000000F9000000CC240000D7
:1000300000000000FA000000311E00000000000077
:10004000FB000000AA12000000000000FC000000FD
:100050002C12000000000000FD00000053360000DC
:1000600000000000FE0000002E090000000000005B
:1000700000010000472A03080900000001010000F8
:10008000830900000000000002010000BBE803003B
:1000900001000000030100005CED00000000000012
:1000A00004010000920E00000000000005010000A5
:1000B000B33D000000000000060100000C17000026
:1000C000000000000701000085FF000000000000A4
:1000D00008010000312000000000000009010000BC
:1000E0001A140000000000000A010000C1FF030212
:1000F000030000000B01000023FF030203000000C7
:100100000C0100000E040302030000000D010000BA
:100110006DD70000000000000E0100003B1400003D
:10012000000000000F010000163500000000000074
:10013000130100007E2000000000000014010000F8
:100140001232000000000000150100003E1E0000F9
:10015000000000001801000046210000000000001F
:1001600019010000300D0000000000001A0100001D
:100170007B230320210000001B0100004A910000A6
:10018000000000001C0100006320031E1F0000008F
:100190001D01000089310326270000001E01000018
:1001A000D2390332330000001F010000011703148D
:1001B00015000000200100001417031415000000B2
:1001C00022010000FB2E00000000000023010000BF
:1001D0000A3900000000000024010000E3DF0318DA
:1001E0001900000027010000EA0C000000000000D8
:1001F0002801000032230000000000002B01000055
:1002000013620000000000002C010000D91600005D
:10021000000000002D010000F33A00000000000083
:10022000360100001C110000000000003701000032
:100230005F7400000000000040010000F31403029E
:10024000030000004101000058020300010000000B
:1002500042010000F395000000000000430100008F
:100260004E9303000100000044010000849200004E
:10027000000000004A01000017A700000000000075
:100280004B0100005BE90000000000004C01000091
:10029000ECEF0000000000004D010000E76D0000E1
:1002A000000000004E010000480A000000000000AD
:1002B0004F010000E11800000000000050010000A4
:1002C000F55400000000000053010000C7050000C5
:1002D0000000000054010000634600000000000020
:1002E00059010000D1150302030000005E01000067
:1002F000E8FC00000000000062010000D20E030CC8
:100300000D00000063010000060C0000000000006A
:10031000680100000B1900000000000069010000E6
:100320005D2100000000000071010000971800002E
:1003300000000000720100004B6D00000000000092
:10034000730100000A1A00000000000074010000A0
:100350001A8C00000000000075010000752A0000E2
:100360000000000077010000FB8C0000000000008E
:1003700078010000C7080000000000007C010000B8
:10038000E8140000000000008101000093850302D2
:100390000300000082010000841003040500000037
:1003A00083010000044803040500000084010000EC
:1003B0000825032021000000860100009CF00000B9
:1003C000000000008B01000000D4000000000000CD
:1003D0008C01000032A00000000000008D01000030
:1003E000B66C000000000000900100006EFE0304E7
:1003F0000500000091010000B7060304050000009D
:100400009A010000A0350000000000009B010000E0
:100410006A030000000000009C01000021060304A4
:10042000050000009D0100004D07030405000000C9
:100430009E0100006D100000000000009F01000000
:10044000A110000000000000A401000014490306F0
:1004500007000000B3010000862E0000000000002D
:10046000B4010000C109000000000000B501000057
:100470001E01000000000000B8010000422300003F
:1004800000000000B9010000A911000000000000F8
:10049000FE010000F56A000000000000FF010000FE
:1004A0001C4700000000000000020000B80200002D
:1004B00000000000421F0000DA10000000000000F1
:1004C000431F0000E729000000000000441F000057
:1004D000AC62000000000000451F0000FB26000089
:1004E00000000000461F0000610E00000000000038
:1004F000471F00004020000000000000481F0000CF
:10050000EA21000000000000491F000090100000D8
:10051000000000004A1F00009B29000000000000AE
:100520004B1F000014660000000000004C1F00007C
:1005300036100000000000004D1F0000DE2E0000FD
:10054000000000004E1F0000C80E00000000000068
:100550004F1F00001718000000000000501F00008F
:10056000951200000000000028230000718900009F
:10057000000000002D230000752200000000000094
:1005800011270000D1140000000000001227000015
:10059000BA29000000000000132700000401000039
:1005A0000000000014270000850900000000000082
:1005B0001527000067090000000000001627000052
:1005C000C1040000000000001727000047110000D0
:1005D0000000000018270000F00E000000000000DE
:1005E000A7270000C355000000000000F82A000003
:1005F0008634030405000000F92A00000F8800007B
:1006000000000000FA2A0000EAB40304050000001C
:10061000FB2A00004005000000000000FC2A00004A
:100620000BE8030809000000FD2A00005DE6000059
:1006300000000000022B00002E310000000000002E
:10064000032B00006A2C0000000000000C2B0000AF
:10065000CD10000000000000162B0000902C0000C0
:1006600000000000172B0000852C00000000000097
:10067000182B0000552C000000000000192B000072
:10068000C3250310110000001A2B00004F050000C5
:10069000000000001B2B0000800803040500000080
:1006A0001C2B0000B1220000000000001D2B0000E8
:1006B000821C0000000000001E2B00002F260000FE
:1006C000000000001F2B00008E0900000000000049
:1006D000202B0000842C000000000000212B0000D3
:1006E000D02C000000000000222B0000C92C0000CC
:1006F00000000000232B0000C12C000000000000BF
:10070000242B0000BD2C000000000000342B000052
:10071000A24E00000000000064320000722C0300B2
:100720000100000065320000FE3B031E1F000000B8
:10073000663200008C3503040500000067320000BB
:10074000F92E030001000000683200004D36031C42
:100750001D00000069320000312B03000100000081
:10076000733200005EF903000100000076320000E1
:100770008B330000000000007732000007120310E6
:100780001100000078320000140500000000000095
:100790006842000067B3000000000000FE42000055
:1007A0001A21000000000000FF4200004810000075
:1007B00000000000014300001311000000000000D1
:1007C0000243000059110000000000000343000034
:1007D0001B0A000000000000044300000E5B000044
:1007E0000000000005430000BB54000000000000B2
:1007F000064300006A1800000000000010A400007A
:10080000E30100000000000011A40000EF2E000032
:100810000000000051C30000F620000000000000AE
:1008200052C30000B5F600000000000053C30000F2
:100830003E1300000000000054C30000F00A03084B
:100840000900000055C300009806030405000000DD
:1008500020CB00000D6400000000000021CB000050
:10086000EF0100000000000015CD0000F0110000B5
:100870000000000016CD0000584E000000000000EF
:1008800017CD0000605500000000000018CD0000EA
:10089000B11C00000000000019CD0000D73200009C
:1008A0000000000078CD0000B526032021000000E4
:1008B00079CD0000662400000000000060EA00001E
:1008C00004160314150000006AEA0000D02100009D
:1008D000000000006BEA0000B70700000000000005
:1008E0006CEA000063240320210000006DEA000090
:1008F00081180314150000006EEA00008608030446
:100900000500000074EA0000CA04000000000000B6
:1009100088EA00009CF500000000000089EA000061
:10092000BFFF0000000000008DEA00000E17030268
:10093000030000008EEA0000AB1C03080900000061
:100940008FEA0000370700000000000091EA000075
:10095000610C00000000000092EA0000DC0E0000C4
:100960000000000093EA0000F518000000000000FD
:1009700094EA0000652C00000000000095EA0000E9
:100980002D060000000000006666F435CCCCFC3576
:100990003333053699990D360000163666661E36D5
:1009A000CCCC263633332F36999937360000403673
:1009B0006666663800007038999979383333833821
:1009C000CCCC8C38666696380000A0389999A93846
:1009D0003333B338CCCCBC386666C6380000D03868
:1009E0009999D9383333E338CCCCEC386666F6388D
:1009F000000000399999093933331339CCCC1C39AB
:100A000066662639000030399999393933334339CC
:100A1000CCCC4C39666656390000603999996939F1
:100A200033337339CCCC7C39666686390000903913
:100A3000999999393333A339CCCCAC396666B63938
:100A40000000C0399999C9393333D339CCCCDC395A
:100A50006666E6390000F0399999F9390000891184
:100A600012239B322446AD573665BF74488CC19D16
:100A70005AAFD3BE6CCAE5DB7EE9F7F881100801F6
:100A800093331A22A5562C47B7753E64C99C408DF6
:100A9000DBBF52AEEDDA64CBFFF976E802218B3092
:100AA000100299132667AF763444BD554AADC3BCD6
:100AB000588ED19F6EEBE7FA7CC8F5D983310A20B6
:100AC00091121803A7772E66B5543C45CBBD42ACB6
:100AD000D99E508FEFFB66EAFDD874C904428D534E
:100AE00016619F702004A9153227BB364CCEC5DF96
:100AF0005EEDD7FC6888E1997AABF3BA85520C4376
:100B000097711E60A1142805B3373A26CDDE44CF75
:100B1000DFFD56ECE9986089FBBB72AA06638F7211
:100B200014409D512225AB343006B9174EEFC7FE55
:100B30005CCCD5DD6AA9E3B8788AF19B87730E6235
:100B400095501C41A3352A24B1163807CFFF46EE35
:100B5000DDDC54CDEBB962A8F99A708B08848195DD
:100B60001AA793B62CC2A5D33EE1B7F04008C91925
:100B7000522BDB3A644EED5F766DFF7C89940085E5
:100B80009BB712A6ADD224C3BFF136E0C118480905
:100B9000D33B5A2AE55E6C4FF77D7E6C0AA583B481
:100BA000188691972EE3A7F23CC0B5D14229CB38E5
:100BB000500AD91B666FEF7E744CFD5D8BB502A4A5
:100BC00099961087AFF326E2BDD034C1C3394A28C5
:100BD000D11A580BE77F6E6EF55C7C4D0CC685D73D
:100BE0001EE597F42880A1913AA3B3B2444ACD5BA5
:100BF0005669DF78600CE91D722FFB3E8DD604C765
:100C00009FF516E4A9902081BBB332A2C55A4C4B84
:100C1000D7795E68E11C680DF33F7A2E0EE787F600
:100C20001CC495D52AA1A3B03882B193466BCF7A64
:100C30005448DD59622DEB3C700EF91F8FF706E624
:100C40009DD414C5ABB122A0B9923083C77B4E6A44
:100C5000D5585C49E33D6A2CF11E780FA08601004F
:100C60000B19000050C300001000041000005B01CD
:100C700001000000B01D000096FF00000506010CF9
:100C8000015B00009033000091FF00000606010C9C
:100C9000015B00002058000090FF000029F50008CB
:100CA000000000007CF300080200000082F300084E
:100CB000030000008AF300080400000096F3000817
:100CC00005000000A3F3000806000000ACF30008D4
:100CD000FF000000B4F30008FF000000BCF30008B0
:100CE00007000000C4F3000808000000D0F300086B
:100CF00009000000D7F30008FF000000DEF3000841
:100D0000FF000000E7F30008FF000000EEF300081A
:100D1000FF000000F6F30008FF00000000F40008E8
:100D20000A0000000AF40008FF00000013F40008A5
:100D3000010000001CF400080B00000023F4000870
:100D40000C0000002CF40008FF00000037F400083D
:100D5000FF0000003FF40008FF0000004DF4000811
:100D6000FF00000055F400080D0000005EF40008CC
:100D70000E0000006AF400080F00000075F400087F
:100D8000FF00000084F40008FF00000095F4000854
:100D9000FF000000A6F40008FF000000B7F4000800
:100DA000FF000000C1F40008FF000000CBF40008C1
:100DB000FF000000D5F4000810000000E5F4000872
:100DC000FF000000F0F40008FF000000F6F4000847
:100DD000FF000000FCF40008FF00000002F500081E
:100DE000FF00000008F50008FF00000016F50008ED
:100DF000FF00000026F50008FF0000002DF50008A8
:100E00001100000034F50008120000003FF5000852
:100E1000FF0000004FF50008FF0000005AF5000831
:100E20001300000062F50008FF00000071F50008E3
:100E3000FF0000007DF50008FF0000008CF50008B1
:100E4000FF0000009CF50008FF000000ADF5000861
:100E5000140000000000000000000000A5A500082C
:100E6000A7A50008ABA50008AFA50008000000007A
:100E7000000000000102030406070809000000004A
:100E8000010203040001020304050607080C101404
:100E900018203040010000000200000004000000A3
:100EA00006000000080000000A0000000C0000001E
:100EB0001000000020000000400000008000000042
:040EC000000100002D
:080EC400410A0008D9A400084E
:040ECC00190A0008F7
:100ED00041F10008DEF00008E1F00008E3F000084E
:100EE000D6F00008D8F00008DAF00008DCF00008BE
:100EF00090BADCFE78563412D20400000A000000DA
:100F00007DFF0000DCF200080CF30008FFFF00008A
:100F100054F30008ACF200080024F40001000000C3
:100F200010000000000000000000000000000000B1
:100F300000000000010000000000000000000000B0
:040F400000000000AD
:040000050800CD0D15
:00000001FF
