:020000040800F2
:10000000008000202DBB000805BB000807BB0008CE
:1000100009BB00080BBB00080DBB00080000000076
:100020000000000000000000000000000FBB0008FE
:1000300011BB00080000000013BB000815BB00083E
:100040007DBB00087DBB00087DBB00087DBB0008B0
:100050007DBB00087DBB00087DBB00087DBB0008A0
:100060007DBB00087DBB00087DBB00087DBB000890
:100070007DBB00087DBB00087DBB00087DBB000880
:100080007DBB0008000000007DBB00087DBB0008B0
:100090007DBB000825B100087DBB00087DBB0008C2
:1000A0007DBB00087DBB00087DBB00087DBB000850
:1000B000D52C00087DBB00087DBB00087DBB000877
:1000C0007DBB00087DBB00087DBB00087DBB000830
:1000D0007DBB0008812500081D1F00087DBB0008AE
:1000E000018100087DBB00087DBB00087DBB0008C6
:1000F0007DBB00087DBB00087DBB00080000000040
:10010000000000007DBB0008000000007DBB00086F
:100110007DBB0008000000007DBB00087DBB00081F
:100120007DBB00087DBB00087DBB00087DBB0008CF
:100130007DBB000800000000000000007DBB00083F
:100140007DBB00087DBB000800000000000000002F
:10015000000000000000000000000000000000009F
:100160000000000000000000000000007DBB00084F
:100170007DBB00080000000000000000000000003F
:10018000000000007DBB000800000000000000002F
:10019000000000000000000000000000000000005F
:1001A00000000000000000007DBB0008A52800083A
:1001B0007DBB00087DBB00087DBB0008000000007F
:1001C000000000007DBB00080000000000000000EF
:0801D0007DBB00087DBB0008A7
:1001D80010F8012B11F8013B012A28BF9A42F7D0E9
:1001E800D01A7047034613F8012B002AFBD1181ABE
:1001F8000138704753B94AB9002908BF00281CBF05
:100208004FF0FF314FF0FF3000F00CB8ADF1080CA3
:100218006DE904CE0DF0E0FCDDF804E0DDE9022331
:1002280004B07047704700BF0348044B834202D0B4
:10023800034B03B118477047740000207400002076
:10024800000000000548064B1B1AD90F01EBA3015B
:10025800491002D0034B03B11847704774000020BF
:10026800740000200000000010B5064C237843B944
:10027800FFF7DAFF044B13B10448AFF30080012302
:10028800237010BD7800002000000000A8DE0008E0
:1002980008B5054B1BB105490548AFF30080BDE81B
:1002A8000840FFF7CFBF00BF000000007C0000201F
:1002B800A8DE00080022427082700122C270B1FAE2
:1002C80081F10222490902710322017042717047CB
:1002D80043788B421FD0012941700AD0022910D0DF
:1002E800C1B90123C37081700223037103234371D1
:1002F8007047037843B1012383700223C37000233E
:10030800F3E70378002BF6D0022383700023C37031
:100318000123EAE7FEE7704782B00B88ADF80030AA
:100328004B88ADF802308B88ADF80430CB88ADF837
:1003380006300239431C053013F8012F0DF1080C63
:100348000CEB4202834232F8082C21F8022FF3D139
:1003580002B0704701448878704738B54FF07F3352
:10036800C0F8A03004464FF6FF737F220025A0F89E
:10037800A43080F8A62080F8A950A0F8AA30AC30A4
:1003880000F045FEA4F8B85038BD37B51546044608
:100398001146019300F07BFE294604F1140000F099
:1003A80076FE294604F1280000F071FE294604F182
:1003B8003C0000F06CFE294604F1500000F067FE96
:1003C800294604F1640000F062FE294604F1780031
:1003D80000F05DFE294604F18C0000F058FE04F19F
:1003E800AC00019A4FF4FA734FF4FA6100F0FAFD89
:1003F800204603B0BDE83040FFF7AFBF704700F0BC
:100408004DBE143000F04ABE283000F047BE90F8C8
:10041800A43013B990F9A000704790F9A100704773
:1004280090F8A43013B990F9A200704790F9A3008E
:10043800704710B5044608F0C9F838B104F1140043
:1004480000F030FE012838BF0120C0B210BD10B541
:10045800044608F0BBF838B104F1500000F022FE61
:10046800012838BF0120C0B210BD4FF47A71AC30FA
:1004780000F0D4BD0021AC3000F0D0BD08B5AC30E0
:1004880000F0DBFDB0F57A7FA8BF4FF47A7020EA60
:10049800E07008BD10B5044600F0DAFD04F1140060
:1004A80000F0D6FD04F1280000F0D2FD04F13C0074
:1004B80000F0CEFD04F1500000F0CAFD04F1640024
:1004C80000F0D2FD04F1780000F0CEFD94F8B930C8
:1004D80013B1013B84F8B93010BD7F2807D000283C
:1004E80007DA10F1800F06D04042C0B270470020F2
:1004F8007047012070477F20704710B1404240B2DA
:1005080070477F2070477F280FD010F1310F0EDA27
:1005180010F1780F0DDB7830FE2340B258432330BA
:100528004623B0FBF3F0C0B27047FF207047FE20AF
:100538007047002070477F2805D031B1002806DABF
:100548004042C0B27047FF207047FE20704700202D
:1005580070477F2811D010F1310F10DA10F1780FA1
:1005680010DB783040F2A96340B258432330462369
:10057800B0FBF3F0AC3080B270470020704740F217
:1005880055707047AC20704763289FBF40F2A9633D
:100598005843323064239DBFB0FBF3F0AC3080B2D7
:1005A80040F2557070474FF4F063A0F580605843EF
:1005B80040F2FF7390FBF3F000F5787080B270475B
:1005C800FFF7F1BF4FF49663A0F58060584340F2FF
:1005D800FF7390FBF3F000F2DC5080B27047A0F597
:1005E8008060D0EB001048BF033040F38F007047A5
:1005F800032812DD0C2812DD0F2812DD122812DD67
:10060800162812DD192812DD1C2812DD1F2812DD1C
:100618002128CCBFFF20062070470020704701200A
:100628007047022070470820704703207047072052
:1006380070470420704705207047000005289ABFBE
:10064800014B185CFF20704744DF00087F281ABF61
:100658004042C0B2002070477F2811D010F1320FFD
:1006680010DA884210DD401A6423C1F1FF21584393
:1006780001F57F01CE31313090FBF1F0C0B2704707
:10068800FF2070476420704700207047014B4140AD
:10069800585C70474CDF00085AB110B4054C0A4446
:1006A80011F8013B58408A42205CF9D15DF8044BAF
:1006B800704770474CDF0008002809DB1F2809DC59
:1006C800054B33F810000523B0FBF3F0C0B27047B8
:1006D80000207047FA20704776E00008002805DB04
:1006E800212805DC044B33F81000704700207047C0
:1006F8004FF4FA60704700BF76E00008392808D840
:1007080022280ED9094B2338C0B2C34003F0010098
:1007180070475F2807D0613819288CBF0020012056
:100728007047002070470120704700BF01EC7F0030
:10073800F8B50246451E461D00245F2715F8010F2F
:10074800FF2804BF0134E4B2FFF7D8FF00B92F70C7
:10075800AE42F3D1062C04D119B10B6813608B8813
:10076800938000239371F8BD2DE9F843DFF83490A6
:10077800471E441D012500264FF0280817F8011FC1
:1007880008480DF0CAF9034610B1A0EB0903DBB223
:10079800A3FB05329E19A742A5FB0853EED13046AC
:1007A800BDE8F8834CE0000810B54179A1F13000AC
:1007B800C3B2092B07D80523B0FBF3F303EB83037C
:1007C800C01AC0B210BD044C20460DF0A6F900288E
:1007D800F1D0001BC0B2EEE74CE0000870B504464B
:1007E800FFF700FD02B20023551E18B2A84204FA12
:1007F80083F104DA265C302E03F10103F5D0121AD6
:1008080001322046BDE870400DF0C4B92DE9F0472B
:10081800432B28BF432396B00C46154600211A46A1
:10082800984607460DF0D0F90021412205A8049109
:100838000DF0CAF9DFF87C90DFF87CA004EB4505E1
:10084800AC4210D104A8FFF7CDFC28B100F1580341
:100858006B44002203F8492C04A938460DF046F9E8
:1008680016B0BDE8F08734F9020B47F6FF739842DB
:10087800E8D0002812DC514668460DF037F904A884
:10088800FFF7B0FC06466846FFF7ACFC0644B045E7
:10089800D6D3694604A80DF031F9D1E7694680B28C
:1008A8000AF07EFD6846FFF799FF494668460DF055
:1008B80025F9E4E7FBDE0008F6DE0008F0B589B0AC
:1008C8006D4600242F468E1CE1B28A4204D8394670
:1008D800FFF79CFF09B0F0BD36F8241025F8021B7D
:1008E8000134F1E742F210736421B0FBF3F203FB29
:1008F8001200B0FBF1F301FB130000EB023000EB38
:10090800831080B2704770B50E4600210546144624
:100918000DF05AF900239AB2944200D870BDF25CE7
:10092800002AFBD0EA540133F5E70000072914D860
:10093800DFE801F00407090B0D0F11110849FFF753
:10094800E2BF0849FBE70849F9E70849F7E708491A
:10095800F5E70849F3E70849F1E70849EFE700BF79
:1009680000DF000805DF00080ADF00080FDF0008C5
:1009780014DF000819DF00081EDF000823DF000865
:10098800052911D8DFE801F00306080A0C0E07490B
:10099800FFF7B9BF0649FBE70649F9E70649F7E754
:1009A8000649F5E70649F3E70649F1E725DF0008B8
:1009B8002ADF00082FDF000834DF000839DF0008CD
:1009C8003DDF000823DF000870B50E4614460021FD
:1009D800013205460DF0F8F800239AB2944200D887
:1009E80070BDF25C002AFBD0EA540133F5E77D23A1
:1009F800438043F2390309B2C36000230180818038
:100A0800C380037270472DE9F0410D460446352234
:100A1800002128460DF0D8F8234610220021284648
:100A280009F0CDFEA31C08221021284609F0C7FEB4
:100A3800E31C04221821284609F0C1FE2779202F3B
:100A480028BF202706344FF000080C2606FB08F1C3
:100A5800B84501F11C0105D3232316FB0730C00854
:100A6800BDE8F08123460C22284609F0A8FE08F1CB
:100A780001080234EAE72DE9F3410D46044640F245
:100A88007912002128460DF09FF8234620220021E4
:100A9800284609F094FE231D02222021284609F049
:100AA8008EFE631D03222221284609F088FEA31D1D
:100AB80003222521284609F082FE04F108031022AA
:100AC8002821284609F07BFE04F11003082238216A
:100AD800284609F074FE04F1110308224021284633
:100AE80009F06DFE04F1120308224821284609F096
:100AF80066FE04F1140320225021284609F05FFE07
:100B080004F1180340227021284609F058FE04F128
:100B180020030822B021284609F051FE04F12103E0
:100B28000822B821284609F04AFE04F12207C02607
:100B38003B46314608222846083609F040FEB6F5FD
:100B4800A07F07F10107F3D194F832308DF8073010
:100B580008220DF107033146284609F030FE002728
:100B680004F133089DF80730FE009F4206F5A4768D
:100B780013D394F83281B8F1500F28BF4FF05008C2
:100B8800002704F23314474506EBC7010ED306EBE2
:100B9800C800C00802B0BDE8F08108EB07030822CE
:100BA8003146284609F00BFE0137DBE7E319082236
:100BB800284609F004FE0137E5E713B50446084660
:100BC800002101602346C0F803102022019009F09B
:100BD800F6FD0198231D0222202109F0F0FD01985D
:100BE800631D0322222109F0EAFD0198A31D0322B7
:100BF800252109F0E4FD019804F1080310222821B9
:100C080009F0DDFD072002B010BDF7B500230C4642
:100C1800009107221946054609F098FC631C0093C9
:100C2800012200230721284609F090FCAB8A013BEA
:100C380003F0FF03102BA37018D80023E71CA27839
:100C48005E1C93424FEAC60107D3AB8AB3EBD10FC0
:100C580014BF0120002003B0F0BD3B4400930822DC
:100C68000023284609F072FC3346E8E70120F2E742
:100C7800F8B50D4604467F22002128460CF0A4FF53
:100C8800234608220021284609F099FD631C072203
:100C98000821284609F093FDA31C05220F212846A8
:100CA80009F08DFDE31C04221421284609F087FD74
:100CB8001822231D1146284609F081FD267A782E30
:100CC80028BF782600270934F900B74201F130011E
:100CD80003D3F0003730C008F8BDE31908222846CE
:100CE80009F06DFD0137EFE7F7B500230C460091D9
:100CF80008221946054609F029FC631C00930722BF
:100D080000230821284609F021FCA31C0093052292
:100D180001230F21284609F019FCE31C0093042243
:100D280000231421284609F011FC231D18220093E2
:100D380011460023284609F009FCAB8A063B03F05C
:100D4800FF03782B23721AD8002604F10907227AA8
:100D5800F300964203F1300108D3AA8A3733B2EB85
:100D6800D30F14BF0120002003B0F0BDBB190093BE
:100D780008220023284609F0E9FB0136E7E70120AD
:100D8800F2E7000002680449044B01FB023323F038
:100D980000430360180C7047FD430300C39E260000
:100DA800F0B5002597B00160858004465622294693
:100DB80068460CF009FF0126627CAA4209D8002384
:100DC800802104F1B400237417B0BDE8F0400CF0A2
:100DD800FBBE2046FFF7D6FFE7797B1B002190FB7F
:100DE800F3F202FB1300C0B2EC460A46CBB29F42B4
:100DF8001DD80023227B9A42DED0A279033A012A29
:100E080004EB050105D925B191F91120D2B9012BBF
:100E1800D2D98B74A26852F82310583304EB850298
:100E28006B440135516303F8586CEDB2C4E71CF804
:100E380001EBBEF1000F03D18242DBD00132D2B206
:100E48000131D3E7501E8342E3DB01329342E0DCF9
:100E5800B2E700002DE9F04F154697B0013D01605B
:100E6800027104464371EDB2562200216846994644
:100E780000270CF0A9FE022D84BF4FF0010A0025BF
:100E88003E4694F807809CBF4FF0030AB8FBFAF877
:100E9800627CB24209D80023802104F1B400237493
:100EA80017B0BDE8F04F0CF08FBE2046FFF76AFF81
:100EB800A8EB060390FBF3F202FB13030020DBB25E
:100EC800EC460246C1B2884506D91CF801EBBEF1D2
:100ED800000F1BD19A4217D1414528BF4146227BBA
:100EE80001FB0A5303F0FF039A42D1D0A0680FFA1E
:100EF80083FC09F1FF3E50F82C20BEF1030F0DD8FA
:100F0800DFE80EF0062124270132D2B20130D9E7FA
:100F1800DFF864E09644174A9645B9D916B10FBB75
:100F28000129B5D9A2190F46937404EB860350F82A
:100F38002C205A6301F1580301226B44164403F82C
:100F4800582CF6B2A4E7DFF834E0E3E7DFF830E046
:100F5800E0E7A2F53D02DFF82CE0A2F59D42443A15
:100F68007245DAE77A1E9142DCDB7A1C9142D9DCC1
:100F78008EE700BF3BB10100C54E47FF776245FFD2
:100F8800287643FF3CB101000023C0E90133C36068
:100F980003747047F0B5047C0360012C11D94468D0
:100FA8008568C668141B4FF47A774D1B7C4305FB94
:100FB80016442B4494FBF3F33344C360C0E9012186
:100FC800F0BD1CB9C46001230374F7E743684FF40C
:100FD8007A74D31A634384680C1B93FBF4F3C360DD
:100FE8000223F1E707EE902A0A44F8EE676A07EE53
:100FF800902AF8EE677A436086EEA77A07EE903A71
:10100800F8EEE77A80ED007AC0ED027A7047D0ED0D
:10101800017AF8EEE77AC0ED027A704707EE901A87
:1010280090ED027AD0ED006AF8EEE77A77EEC77AAB
:10103800A6EEA77A80ED027A7047D0ED027AB6EE76
:10104800007A77EE877AFDEEE77A17EE900A704716
:10105800D0E901236421D31AC36082604B43418ADB
:10106800B3FBF1F303747047D0E90123D31AC0E945
:101078000223704743682BB1C26864214A43B2FB1C
:10108800F3F2D3B203740023C360436070470023B4
:10109800C0E90233418243600374704743680133F7
:1010A80043607047007C704743681944416070474B
:1010B800072800D9FEE7014B185C7047F0E00008EC
:1010C800052800D9FEE7014B185C7047F8E00008D6
:1010D8007047704770470020704700207047002015
:1010E8007047704700207047002070477047000025
:1010F800054BDA6C0243DA64DB6C82B0034001937F
:10110800019B02B0704700BF00100240054B9A6D6A
:1011180002439A659B6D82B003400193019B02B024
:10112800704700BF00100240054B1A6E02431A6652
:101138001B6E82B003400193019B02B0704700BF51
:101148000010024050E8003F43F0800340E80032BE
:10115800002AF7D1704750E8003F23F0400340E8E9
:101168000032002AF7D1704750E8003F23F080038F
:1011780040E80032002AF7D1704700000288044B8B
:101188005140C9B233F8113083EA12230380704703
:1011980044FA0008A2B110B4B0F800C0094C0A44DF
:1011A80011F8013B83EA0C03DBB2914234F81330A7
:1011B80083EA1C2CA0F800C0F2D15DF8044B7047FC
:1011C800704700BF44FA000837B54FF6FF7304466E
:1011D800ADF806304518AC4203D1BDF8060003B09F
:1011E80030BD14F8011B0DF10600FFF7C7FFF2E749
:1011F800044B1888044B1B8880B29BB2C01A18BFD6
:1012080001207047FA480020F8480020044A0023CB
:101218001380044A1380044A1380044A13807047D9
:10122800F8480020FA480020FC4C0020FE4C002022
:1012380001207047034B0022DA62A3F83428A3F890
:1012480032287047081400200278024B51405B5C3A
:1012580003707047BCE50008FF230370704700BFA8
:10126800704770B50B7803704B7843700B78FD2B83
:1012780005460C4638D18B788370CB78C3700B79D0
:1012880003714B7943718B7983718B68C3718B6858
:10129800C3F30F2303728B7A43720A26627804F130
:1012A8000C01A8190CF046FC6378B4F80C213344FF
:1012B800981CEA545A1CB4F80C1192B2090AA954A1
:1012C800A278D20780B20ED504F58872054404F5D9
:1012D8008E7452F8041B45F8041BA242F9D1127807
:1012E8002A700F3398B270BD00238B700B7983700E
:1012F8004B79C3708B7903718B6843710626CDE7F0
:1013080008B52C22034800210CF05EFC024B002299
:101318001A7008BDF4250020780300202DE9F0415B
:101328001378037092F8018080F80180FD2B044641
:101338000F46154654D193788370D378C3701379C8
:10134800037153794371937983716B7A127A1B0411
:1013580003EB0223EA79134423F07F430A26A268A9
:1013680063F31702A260A919424604F10C000CF0BD
:10137800E1FB7A7B904507D208F10C00A2EB08024A
:10138800002120440CF020FC63781E44AB195A78E5
:10139800AB5D03EB0223A4F80C31A378DB070ED571
:1013A800023615FA86F304F5887203F10C0153F836
:1013B800040B42F8040B8B42F9D11B781370BB7AEB
:1013C80084F82131FB7A84F822313B7B84F823317D
:1013D8007B7B84F824313B7884F82031BDE8F081A8
:1013E8000023438093780371D37843711379837111
:1013F80053790626B3E7000070B50F4C0F4D06462B
:10140800062204F10A0105F58970FFF7DDFA237C4D
:10141800C3F30302C3F3031385F81A31637C85F819
:101428001921C3F3030385F81B31637ADB0744BF33
:101438000223337370BD00BFE13E0020F40000209A
:1014480070B50446BDF81450E2702420237122467A
:101458001B0A2070637158202B0AA1706070A57157
:1014680002F8073F049B59198B420CD16A1D92B2AE
:10147800E11C0020FFF710F905F10806A05505F159
:10148800090080B270BD13F8010B02F8010FEBE7F9
:101498000A4A0B4B12680B49A3FB02323220920C0A
:1014A80000FB02F2084B486802F5FA72A3FB02320D
:1014B80092094B681B1A9A42FBD8704748000020D3
:1014C80083DE1B43001000E0D34D621008B5FFF720
:1014D800DFFF4FF0904310229A6108BD4FF0904310
:1014E80010229A62FFF7D4BF02780A4B90F801C025
:1014F8008178D243D2B29A5C82EA0C0290F803C097
:101508009A5C4A40995C027981EA0C01595C4A402C
:10151800985C7047BCE50008F8B53C29BDF81C503C
:10152800044635D0A1F12106714271414900D00726
:1015380048BF41F00801E37092074FEA13234FF0C8
:10154800240248BF41F01001227023716F222B0A38
:10155800A61C6270A170A37165713046FFF7C4FFC5
:101568002246069B02F8070F59198B4212D1A91D72
:1015780089B23046FFF728FE05F1080705F109038F
:101588009BB2E055000AE05405F10A0080B2F8BDAC
:101598000121CCE713F8010B02F8010FE5E7000081
:1015A800074B084A5B6A02F5006353E8003F43F0C3
:1015B800200302F5006040E800310029F3D17047AC
:1015C80000380140003001402DE9F04F0C465188A9
:1015D800B1F58C7F85B0054611D300211170D91C57
:1015E800C9B2012995BF01210023518053809CBFB6
:1015F8002370117000232B7005B0BDE8F08F1078B0
:101608000E2800F28B8001A656F820F0E715000896
:1016180051160008791600089316000825170008C7
:1016280025170008251700082517000825170008A2
:101638002517000825170008251700082517000892
:1016480025170008A5160008481C50806354217807
:10165800FD299BB206D10C330A21D3809180022345
:101668001370C7E708330621D38091800E23F7E76C
:10167800481C50806354D80742BFD1880D31D180AF
:10168800012B8CBF00230323EAE7002B01F10100A3
:101698005080635414BF00230E23E1E7481C508098
:1016A80063545388D1888B4232D3002353801370FC
:1016B80002232B7069802378FD2B35D163792B7237
:1016C800A3796B72637A227A1B0403EB0223E27913
:1016D80013446B60637803F10C026A80A278D10727
:1016E80001D519336B8000266968DFF8F0806E81B8
:1016F80040F285120C20B31801335B0800FB03F796
:1017080058F80770B94218D25A1EB242F3D816E0F8
:1017180092889A423FF66EAF01236CE7002313705C
:1017280053809380D38066E7E3782B7223796B72BA
:1017380063796B6063780833D4E71E46E5D80C27D5
:10174800774358F80730994227D123782046FD2B54
:1017580010F801BF0CBF4FF00A094FF0060909EB5A
:101768000B03591E89B247440193FFF72DFD97F8E3
:1017780004A0ADF80E0051460DF10E00FFF7FEFC77
:10178800019BE218E35C527803EB0223BDF80E20BC
:101798009BB29A4203D005232DE703232BE7BB799D
:1017A800DA0706D5FA79934582BF04EB09018A5C0A
:1017B800AA729B0709D50C2303FB068362781B7A60
:1017C8009A4282BF4C44E35CEB720C2303FB068312
:1017D80085F80CA05B796B730EE700BFBCE60008C8
:1017E800F0B50546FD2305F80C3B85B004468DF899
:1017F800043090F8243103F10C020244012B42D842
:101808000026637066808DF805308B7A23718DF819
:1018180008308B7AADF8066001338B7263798DF8E6
:101828000930A3798DF80A30A368C3F317031A1295
:101838008DF80B3009211B140DF105008DF80D30C2
:101848008DF80C20FFF7C0FC6778ADF802003A4627
:1018580029460DF10200FFF79DFC94F82311FFF7CC
:101868008DFC94F82421BDF80230A4F80C3197427D
:1018780010D207F10C00D21B3146204405B0BDE858
:10188800F0400CF0A1B912F8010D0028B8D1013BC5
:10189800DBB2B3E705B0F0BD012B38B50D461446F1
:1018A8000FD1012A02D00024204638BD1A4808F07A
:1018B80040FD0028F7D012A3D3E90023C5E900238F
:1018C800F2E7022BEFD1012A10D040F6B9339A4241
:1018D800E9D1124B1C78002CE5D00F4808F029FDFF
:1018E8000028E0D008A3D3E90023E7E70A4808F076
:1018F80020FD0028D7D106A3D3E90023DEE700BFE7
:101908009E6AC421818A46EEE9A2A272EAE738B14A
:10191800401DA12026812A0BC8030020081400209E
:1019280007B503688DF807101B6901220DF107013F
:10193800984703B05DF804FB13B5044608460191C7
:10194800FEF750FC236801991B6982B2204602B059
:10195800BDE8104018470000B0F1904F08B50146A7
:1019680007D10120FFF7C4FB114B99420BD120206E
:1019780014E0104B98420BD003F58063984209D1CC
:101988000420FFF7B5FB0C4B994210D1402005E02D
:101998000220E7E7094B984204D10820BDE8084037
:1019A800FFF7A6BB064B9842DED11020F6E708BD2C
:1019B800001400480004004800180048000C0048C3
:1019C8000010004808B5224B984201460BD14FF44D
:1019D8000060FFF7A9FB1F4B99420DD1BDE80840F5
:1019E8002020FFF793BBB0F1804F0ED01A4B9842DE
:1019F8000FD10220FFF78AFB184B99420FD14FF401
:101A08000050BDE80840FFF78FBB0120FFF77EFBC1
:101A1800E1E7134B984208D10420FFF777FB114BFD
:101A280099420CD14FF48030EBE70F4B9842D2D15A
:101A38001020FFF76BFB0D4B994206D008BD0C4BED
:101A48009942F8D14FF40030DBE74FF48020D8E713
:101A5800002C014000140040000400400034014004
:101A680000080040004001400010004000480140CC
:101A7800004401402DE9F04387B00E460546144660
:101A88000021142201A89DF838809DF83C901F463B
:101A98000CF09AF800960B2C07D8DFE804F007073B
:101AA8000A121414141616161A1CFEE703230193BF
:101AB80001E002230493032F11D8DFE807F0111384
:101AC80021110123F6E70123F1E701230193039391
:101AD800F1E70223EBE7022301930123F7E7FEE78F
:101AE80002230293B8F1100F0CD8DFE808F02D2D6F
:101AF8000C11131517191B1D1F21232527292B002E
:101B08000123EEE7FEE701230593022301931EE07C
:101B18000223F9E70323F7E70423F5E70523F3E7AF
:101B28000623F1E70723EFE70823EDE70923EBE7AF
:101B38000A23E9E70B23E7E70C23E5E70D23E3E7AF
:101B48000E23E1E70F23DFE7B8F1000FDDD1B9F18C
:101B5800000F02D02846FFF7FFFE053C042C05D8ED
:101B6800DFE804F0030B04030B00AE626946284665
:101B78000BF026FA07B0BDE8F083AE61F6E713B5BF
:101B88004FF0010C0024CDE9004CFFF773FF02B0C1
:101B980010BD000070B586B00023164604460D46F9
:101BA800ADF80630FFF70EFF042E04D8DFE806F084
:101BB800303404384100FEE71F4B204A1B68B3FB52
:101BC800F2F39BB20022013B01A92046ADF8043094
:101BD800CDE90225049205920BF09EFC236823F0C0
:101BE80080032360A36823F4A03323F00703A360D2
:101BF800636823F0007323F070036360636823F461
:101C080070036360A36823F08003A36006B070BD0F
:101C1800094B0B4A1B68D2E7074B0A4A1B68CEE7F9
:101C2800054B074A1B68B3FBF2F303EB83035B0026
:101C3800C7E70123C6E700BF4800002080A81201BB
:101C480040420F008096980010B50446FFF7A2FFA7
:101C5800236843F00103236010BD00224FF0FF31D9
:101C6800FFF7F2BF034A034603CA186059601068B9
:101C7800986070479075FF1F274B10B5274C5B681D
:101C8800236009F079FF4FF090400BF039F92448B0
:101C98000BF036F923480BF033F923480BF02CFEF0
:101CA80022480BF029FE22480BF026FE21480BF0B3
:101CB80023FE21480BF0C4FB20480BF0C1FB0BF0BE
:101CC800C5FA4FF0E02200231D4913615361936167
:101CD8008A6822F0030242F001028A6072B64FF06D
:101CE800FF319A0002F1604202F561420133082B8C
:101CF800C2F88010C2F88011F3D162B6114A136895
:101D080023F0070343F001031360034B1B6883F3BD
:101D1800088823689847FEE70000FF1F7403002027
:101D28000004004800080048003801400044004012
:101D380000480040004C004000300140003C00409A
:101D480000100240000001400749084A881AEFF3D2
:101D58000883521A1A44013A013B984288BF00226C
:101D6800AA210BF031BF00BF008000200004000052
:101D780010B5114C0323204606224021FFF7FFFE31
:101D8800032302224FF400414FF09040FFF7F7FE83
:101D980003231A4620462021FFF7F1FE204603239D
:101DA80005228021FFF7EBFE20460323BDE8104003
:101DB80005220121FFF7E3BE00040048024B186921
:101DC800C0F34010704700BF0004004808B5FFF793
:101DD800F5FF00B908BD00BFF9E70000024B01227A
:101DE8009A6280229A61704700040048024B802260
:101DF8009A6201229A61704700040048104A5369A8
:101E08004FF4704123F4704391FAA1F153610D4BE3
:101E18005A6822F400425A601A6822F400421A6092
:101E2800DA6822F40042DA609A6842F400429A6062
:101E3800054BD02283F828234FF480725A607047EC
:101E4800000001400004014000E100E0044B4FF4B1
:101E580000425A611A6842F400421A60704700BF93
:101E6800000401400348002303224FF48071FFF768
:101E780086BE00BF00040048024B1869C0F300206A
:101E8800704700BF0004004808B50522002302215E
:101E98004FF09040FFF773FE0023052201214FF019
:101EA8009040FFF76CFE4FF0904302229A620122A5
:101EB8009A6208BD4FF090414B691A04DB4302F463
:101EC800003203F0020313438B6170474FF09041D7
:101ED8004B691A04DB4302F4803203F00103134315
:101EE8008B61704708B5052200234FF480714FF0CD
:101EF8009040FFF744FE4FF090434FF480729A628F
:101F080008BD4FF090431A284FF48072CCBF9A61F5
:101F18009A6270470E48C3691A0617D503681B06EC
:101F280014D50C4B0C4A1988138889B29BB2994274
:101F38000AD013880133DBB213801388074A9BB297
:101F4800D35CDBB283627047FFF70EB9704700BFFE
:101F580000440040F6400020F4400020F33F0020F9
:101F680009490A4A08B50B8812880133DBB292B2D4
:101F78009A4207D0064AD05406480B80FFF7E2F889
:101F8800012008BD0020FCE7F6400020F4400020B6
:101F9800F33F00200044004038B504464518AC42E1
:101FA80000D138BD14F8010BFFF7DAFFF7E7084650
:101FB8001146FFF7F1BF000070B588B00C46064621
:101FC80015460021202268460BF0FEFD231E18BF8F
:101FD80001231B03CDE9023569460C23034801960A
:101FE800049405930BF0CAFC08B070BD004400408F
:101FF80010B5064C236823F001032360FFF7DCFFCC
:10200800236843F00103236010BD00BF0044004073
:1020180013B5374C236823F0010323604FF40030D5
:10202800FFF774F808210123CDE900133148032391
:102038000A22FFF71FFD002211462F48FFF7BCFFB9
:10204800636823F490436360A36823F02A03A360C2
:10205800236823F0005323604FF0402202F5816388
:1020680053E8003F23F0604302F5816040E8003107
:102078000029F3D14FF0402202F5816353E8003F75
:1020880023F0606302F5816040E800310029F3D154
:102098001A4BC02283F8262340245C601448FFF7BB
:1020A80063F8FFF758F8164B04621980154B19802E
:1020B800436823F400634360836823F00803836064
:1020C800436823F480434360836823F022038360DA
:1020D800836843F480538360036843F0010303601B
:1020E800C3699A02FCD5C3695B02F9D502B010BD79
:1020F8000044004000040048A086010000E100E020
:10210800F4400020F6400020064B1A6822F0010235
:102118001A605A6822F400325A601A6842F00102C2
:102128001A6070470044004008B541B14FF40052AE
:1021380004484FF48061FFF75BFFFFF7E5FF0120DC
:1021480008BD00BFA086010008B531B100221146C4
:102158000348FFF74DFFFFF7D7FF012008BD00BF79
:102168009A5B0600064B1A6822F001021A605A6848
:1021780042F400325A601A6842F001021A6070474D
:102188000044004008B541B14FF4005204484FF4F0
:102198008061FFF72DFFFFF7E5FF012008BD00BFB5
:1021A800A08601001D280EDC1A280FDC172810DC79
:1021B800132811DC1128B5BF00200120102311239A
:1021C80008701370704713201E23F9E70C201B2397
:1021D800F6E708201823F3E704201423F0E708465D
:1021E80011461A46FFF7DEBF0C4BD3F8FC2022F04D
:1021F8008072C3F8FC20D3F8FC2042F08072C3F848
:10220800FC20A3F55D431A6822F001021A601A68DF
:1022180042F001021A6000225A60704700ED00E0A7
:10222800064A074B51681B6810B5064CB3FBF4F31C
:10223800584353685B1A8342FBD310BD001000E07B
:102248004800002040420F007FB50123CDE9041368
:10225800002201A902A8CDE902230AF051F80028BA
:102268000CBF0420052007B05DF804FB014608B543
:10227800002009F0AFFF00280CBF0420052008BD8E
:1022880008B5FFF7E1FF031F5842584108BD08B5DC
:10229800FFF7ECFF031F5842584108BD2DE9F347EB
:1022A8002A4B2B4D012814462A482B4A0E4617BFA5
:1022B800AA463D213C211D46019106BF9A4680460B
:1022C800904609F041FF01992846FFF7D9FF30B938
:1022D800002409F04BFF204602B0BDE8F087002E2D
:1022E80008BF4FF4FC64073424F0070405F1100715
:1022F800B1463444AAEB050AA1450BD14FF011327F
:102308004FF0FF332846FFF7C2FF003818BF0120FF
:102318008400DEE76EB90AEB0703D3E90023B3F1C3
:10232800FF3F08BFB2F1FF3F06D1083709F108099E
:10233800E2E7D9E90023F2E7B84505D93846FFF7BF
:10234800A6FF0028F1D1C3E70324C2E700E0010893
:1023580000E80108FFEF0108FFE7010810B509F0E0
:10236800F3FE09483C21FFF78BFF58B107483D2190
:10237800FFF786FF003818BF0120840009F0F6FE39
:10238800204610BD0446F9E700E0010800E801080E
:1023980030B5084D002340F2EF749AB2914201D84B
:1023A800042030BDA34203D05A5DC2540133F4E780
:1023B8000320F6E710E0010813B50A46044672B692
:1023C800019101460020FFF769FF62B60428019ACF
:1023D80005D172B601202146FFF760FF62B602B050
:1023E80010BD000038B5124B1C68D3F80058B4F182
:1023F800113F09D1B5F1113F17D000221146012034
:10240800BDE83840FFF74ABFB5F1113F03D10022BC
:1024180011461046F4E7FFF7A1FF042804D12C4029
:1024280001340CBF0220012038BD0420FCE700BFA6
:1024380000E00108034B18739A68D207FCD5187B93
:10244800704700BF0030014038B5441E8D18A942BE
:1024580000D138BD14F8010FFFF7ECFF01F8010BAC
:10246800F5E7084611461A46FFF7EEBF38B5064DA0
:1024780004460144A14200D138BD2878FFF7DAFFAD
:1024880004F8010BF6E700BF3C000020084611469F
:10249800FFF7ECBF10B5014404468C4200D110BDD3
:1024A80014F8010BFFF7C6FFF7E708461146FFF7D8
:1024B800F1BF000030B58DB02822002102A80BF032
:1024C80083FB4FF48050FEF72FFE102103230622D2
:1024D8004FF09040FFF753FB4FF090400624012542
:1024E800102383610A22CDE9004503232021FFF749
:1024F800C1FACDE9004503230A2280214FF090401C
:10250800FFF7B8FA03231A46CDE9004540214FF0FA
:102518009040FFF7AFFA1822154C08924FF48272D8
:10252800002303924FF40072CDE90533CDE9093356
:102538000293079207234FF4E06202A920460B9307
:1025480004920AF0AFFF636823F0100363606368C6
:1025580023F008036360236843F040032360A36803
:102568009B07FCD5237B034BFF221A700DB030BDAF
:10257800003001403C0000201C4B10B4DC69A00670
:1025880011D51A6891060ED519481A495A6A03884E
:1025980009880133C3F30A0389B299421FBF164958
:1025A800D2B2CA54038011481F232206036215D5EC
:1025B80003681B0612D5114B114A1988138889B272
:1025C8009BB299420DD013880133C3F309031380DA
:1025D80013880C4A9BB2D35CDBB283625DF8044B70
:1025E80070475DF8044BFEF7BFBD00BF00380140DF
:1025F800FA480020F8480020F8400020FE4C00204F
:10260800FC4C0020FC4800200A490B4A08B50B88FE
:1026180012880133C3F3090392B29A4207D0074ADA
:10262800D05407480B80FEF78DFD012008BD00201F
:10263800FCE700BFFE4C0020FC4C0020FC480020BA
:102648000038014038B504464518AC4200D138BDC1
:1026580014F8010BFFF7D8FFF7E708461146FFF714
:10266800F1BF0000054B064A1B8810880133C3F3ED
:10267800090380B2181A18BF01207047FE4C0020C9
:10268800FC4C002008B5FFF7EDFFB0FA80F04009D8
:1026980008BD0000054B064A1B8812889B1A98B291
:1026A8001B0444BF00F5006080B27047FA48002060
:1026B800F8480020FFF7EEBF0848094A0188138848
:1026C80089B29BB29942F9D013880133C3F30A0344
:1026D80013801388034A9BB2D05C7047FA480020E5
:1026E800F8480020F8400020FFF7E6BF70B588B032
:1026F8000C46064615460021202268460BF064FA6F
:10270800231E18BF01231B03CDE9023569460C239C
:1027180003480196049405930BF030F908B070BD96
:102728000038014010B5064C236823F001032360EC
:10273800FFF7DCFF236843F00103236010BD00BFEF
:1027480000380140002208461146FFF7EBBF0000A1
:1027580073B5464C236823F0010323604FF480408F
:1027680008250126FEF7E0FC4FF4007103230A2236
:102778004FF09040CDE90056FFF77CF903231A4645
:102788004FF480614FF09040CDE90056FFF772F9A1
:10279800002211464FF46140FFF7A8FF6368344AEE
:1027A80023F490436360A36823F02A03A36023689B
:1027B80023F00053236002F6080353E8003F23F098
:1027C800604302F6080040E800310029F3D102F620
:1027D800080353E8003F23F0606302F6080040E86E
:1027E80000310029F3D1234BB02283F8252320227E
:1027F8005A601E48FEF7B8FCFEF7ADFC40230362A2
:102808001D4B19801D4B1980194901F5006353E8C8
:10281800003F23F0200301F5006040E80032002A61
:10282800F3D1174B1A80174B1A80104B5A6822F4B1
:1028380000625A609A6822F008029A605A6822F484
:1028480080425A609A6822F022029A609A6842F49A
:1028580080529A601A6842F001021A60DA6991029D
:10286800FCD5DA695202F9D502B070BD00380140D2
:102878000030014000E100E0FC4C0020FE4C00204C
:10288800F8480020FA48002008B5FFF761FFBDE8C6
:102898000840FEF785BEFFF7F7BF00000E48C36982
:1028A8001A0618D503681B0615D50C4B0C4A19884F
:1028B800138889B29BB299420BD013880133C3F3B2
:1028C800090313801388074A9BB2D35CDBB2836287
:1028D8007047FEF749BC7047008000400251002055
:1028E80000510020004D00200A490B4A08B50B880A
:1028F80012880133C3F3090392B29A4207D0074AF8
:10290800D05407480B80FEF71DFC012008BD0020AD
:10291800FCE700BF0251002000510020004D0020BC
:102928000080004038B504464518AC4200D138BD97
:1029380014F8010BFFF7D8FFF7E708461146FFF731
:10294800F1BF000070B588B00C4606461546002158
:102958001C2201A80BF038F9231E18BF01231B0302
:10296800CDE9033501A90C23034802960594069383
:102978000AF0C0FB08B070BD008000401FB5374C9E
:10298800236823F001032360354BDA6D42F001021E
:10299800DA65DB6D03F001030393039B01210D232B
:1029A800CDE900310A22032304214FF09040FFF7BC
:1029B80061F8002211464FF4E130FFF7C3FF2368A6
:1029C80023F00053236004F1080353E8003F23F089
:1029D800604304F1080141E80032002AF3D104F110
:1029E800080353E8003F23F0606304F1080242E85B
:1029F80000310029F3D11B4BB02283F85B234FF041
:102A080000629A601548FEF7AFFBFEF7A4FB40236F
:102A18002362154B1980154B1980636823F40063F2
:102A28006360A36823F00803A360636823F480430A
:102A38006360A36823F02203A360A36843F4805370
:102A4800A360236843F001032360C3699A02FCD59D
:102A5800C3695B02F9D504B010BD00BF0080004017
:102A68000010024000E100E0005100200251002067
:102A7800FFF784BF024B1A68024B1A60704700BF09
:102A88000456002000140020054A064B19681368F4
:102A980099421DBF0133012013600020704700BF19
:102AA8000014002004560020034A044913680968EA
:102AB8000B441360704700BF045600204C000020F0
:102AC8000148FFF7CAB800BF00040040014B586A2C
:102AD80080B27047000400400B4B10B50B4C586A8D
:102AE800238880B283420A4B07D9D3E9002112F523
:102AF800803241F10001C3E90021D3E9002120809F
:102B0800801841F1000110BD000400408803002036
:102B18008003002008B5FFF7D3FFBDE80840FFF7A2
:102B2800A9BF70B504460D46164609F00DFB083DD1
:102B380004EBC606B44204D1042409F017FB20466E
:102B480070BD55F8082FD4E900016B68994208BF99
:102B5800904201D10834EDE72046FFF798FB0028A2
:102B6800F8D10446E9E700001FB503788BB10A4B9A
:102B78001B68B3F5FA6F0CD30023002203700023FF
:102B8800CDE90023CDE90223406802226946FFF718
:102B9800C8FF05B05DF804FB0456002000000000E3
:102BA8000123F0B50380444B444AD3E9005104465D
:102BB8004348914208BF854285B04FF0000202D1D8
:102BC800227005B0F0BD3AA1D1E900013D4F626025
:102BD800C3E900013C484FF0AA33D0E90021B1F124
:102BE800FF3F08BFB2F1FF3FD0E9026505D0994227
:102BF80008BF9A4201D00A4309D1B5F1FF3F08BF87
:102C0800B6F1FF3F0DD09D4208BF9E4209D010305B
:102C1800B842E2D172B63E212B48FFF731FB62B6CB
:102C280029486060D0E90032CDE90032B2F1FF3FB7
:102C380008BFB3F1FF3FD0E9025109D1B1F1FF3F1D
:102C480008BFB5F1FF3F22D14FF0AA331A4623E05F
:102C58004FF0AA36B24208BFB3420BD1B1F1FF3FE1
:102C680008BFB5F1FF3F0FD0B14208BFB5420ED142
:102C78000023EBE753EA020709D1B14208BFB54286
:102C880005D14FF4807121801D46114604E00023D0
:102C980023701A461D461946CDE90032CDE9025186
:102CA80002226946FFF73DFF8BE700BFAFF30080C4
:102CB80012345678FEDCBA9020000020FEDCBA9070
:102CC8001234567800F8010800F001084FF08043EC
:102CD8001A6991070AD56FF002021A615A6B6432B9
:102CE800DA63084A596B12880A445A634FF08043E2
:102CF8001A69120705D56FF008021A61024B012202
:102D08001A70704794000020FD1300200A490B88B0
:102D180003B9FEE772B64FF0804309885A6A114436
:102D280064325963DA636FF002021A616FF00802C5
:102D38001A6162B6704700BF9400002000B50322F4
:102D480089B04FF0FF314FF08040FEF77DFF202221
:102D5800002168460AF038FF64236A4601214FF0D3
:102D6800804003930AF034FCC8236A464FF480710C
:102D78004FF0804003930AF02BFC054BA02283F808
:102D88001C234FF080521A6009B05DF804FB00BFA5
:102D980000E100E04FF08043DA6842F00202DA60B6
:102DA800DA6842F00802DA607047000010B501EBFB
:102DB8008101084B01EB810189001980064B04460B
:102DC80000221A70FFF7BAFF2046BDE81040FFF74F
:102DD800E1BF00BF94000020FD13002070B51B4C1C
:102DE800C0220021201D0AF0EFFE0F23184963803E
:102DF8000125A38005224323A01D2580FDF75EFD44
:102E08003F231349A4F8543002264323052204F132
:102E18005600C4E91355A4F84A60FDF74FFD0D4B61
:102E2800C4F89C300C49A4F89A60002304F1AC0063
:102E3800C4E9293384F8A0300AF058FE7F2384F8C7
:102E4800C130052384F8C23070BD00BFB002002035
:102E58007CE50008070003004DE1000870B5094E45
:102E680005460C46415C30460AF057FE034628B139
:102E7800831B0133DBB2282B28BF0023F35C2B55BF
:102E880070BD00BF90E5000870B50D4611460446B8
:102E980016460AF02BFE2DB3013D082D08D8DFE8B1
:102EA80005F00511131517191B1D1F003523637134
:102EB800627973799A4215D120460521BDE87040A0
:102EC800FFF7CCBF6123F2E76623F0E76B23EEE759
:102ED8007023ECE77523EAE77A23E8E73123E6E78E
:102EE8003223E4E770BD000073B5054605F111060D
:102EF800214C224A014636016846FFF7C5FFB01C3F
:102F08006946204426440AF0F1FD0223737204EB5B
:102F180005130022A3F81A21142303FB05400421FA
:102F2800012380F850104FF4807540F20111A0F889
:102F38004A30C364A0F8523080F85530A0F8565093
:102F4800A0F8581040F2032084F83430E384A562D6
:102F5800A08584F82E3084F8302084F83320C4F813
:102F68003A20C4F83E20C4F84220A4F84610A4F839
:102F7800481002B070BD00BFF4000020FEE0000859
:102F8800F7B50546B04CB14A05F1110601463701BF
:102F98006846FFF779FFB81C274469462044FDF7C7
:102FA800C7FB7B7AAA4A072B88BF002304EB0610CD
:102FB80088BF7B721188437A41FA03F313F0010347
:102FC8000DD1437259B111F0010308D141FA03F749
:102FD800FF07D8B240F1D68104EB0613587204EB10
:102FE80005112B0191F81A01052802D9002081F852
:102FF8001A01E718508897F81A1140FA01F111F0F0
:1030080001010FD187F81A1160B110F0010109D13F
:1030180040FA01FC1CF0010FCFB200F0B881E118B2
:1030280081F81A71E11891F81B01032802D90020D0
:1030380081F81B0104EB0616717A012903D90429CA
:1030480001D000219180E618908896F81B1140FA6B
:1030580001F111F001010ED186F81B1158B110F0E1
:10306800010108D140FA01F7FF07CEB240F194817F
:10307800234483F81B61142303FB054191F84A009C
:10308800042802D9012081F84A0003FB054393F87C
:103098004B10042902D9002183F84B10142303FB99
:1030A8000543B2F84A1093F84B0041FA00F0C00704
:1030B80012D4012083F84B0071B18807C1F3400393
:1030C8000AD441FA03F6F707D8B240F16A8114230B
:1030D80003FB054383F84B00142303FB054393F8D4
:1030E8004C10032902D9012183F84C10142000FB4D
:1030F8000540B2F84C1090F84C3041FA03F313F045
:10310800010310D180F84C3069B111F001030AD1E4
:1031180041FA03F6F607D8B240F14881142303FBBD
:10312800054383F84C00142303FB054393F84E1022
:10313800012902D9002183F84E10142000FB054014
:10314800B2F84E1090F84E3041FA03F313F0010331
:1031580010D180F84E3069B111F001030AD141FA5B
:1031680003F6F707D8B240F12681142303FB054381
:1031780083F84E00142303FB054393F84F100229EC
:1031880002D9002183F84F10142000FB0540B2F843
:10319800503090F84F1043FA01F111F0010110D1AD
:1031A80080F84F106BB113F001010AD143FA01F610
:1031B800F607C8B240F10481142101FB054181F8EA
:1031C8004F00142101FB054090F84D60022E02D9F2
:1031D800002680F84D6001FB054191F85000052854
:1031E80002D9042081F85000142101FB054090F811
:1031F8005260012E02D9012680F8526001FB054178
:1032080091F85500012802D9012081F855001421B0
:1032180001FB054191F85300022802D9002081F8EA
:103228005300142606FB0546B2F8520096F85310D0
:1032380040FA01F111F0010117D186F85310A0B13D
:1032480010F0010111D105E0F4000020FEE00008B3
:10325800B002002040FA01F7FF07CEB240F1B58076
:10326800142101FB054181F85360142101FB05403D
:1032780090F856600C2E02D9002680F8566001FBA3
:10328800054191F84C00012809D191F84F60022EB0
:1032980005D1DF0740F19E80002381F84F301423C9
:1032A80003FB0543012140F2011083F85710A3F8EE
:1032B800580094F82630042B01D984F8261094F885
:1032C8002730042B02D9002384F82730B2F89A005B
:1032D80094F8273040FA03F313F0010F8A4B0ED10C
:1032E800012184F8271050B18607C0F3400106D4A5
:1032F80040FA01F7FF07CEB271D583F8276094F83A
:103308002810022902D9002184F8281094F82910DD
:10331800022902D9012184F82910B2F89C1094F8E6
:10332800292041FA02F212F001020CD184F8292076
:1033380049B111F0010206D141FA02F6F607D0B2FE
:1033480051D583F8290094F82A200C2A02D90022A2
:1033580084F82A2093F832200C2A02D9002283F814
:10336800322093F82B20042A02D9002283F82B203C
:1033780000226649104611F9014F14F1780F36DA28
:10338800087036E00133102B7FF420AE27E60131B8
:1033980010297FF43DAE45E6013110297FF462AE75
:1033A80069E60133102B7FF48CAE95E60133102BC0
:1033B8007FF4AEAEB7E60133102B7FF4D0AED9E67A
:1033C800013110297FF4F2AEFBE6013110297FF4B8
:1033D80041AF4AE713F0020318BF03465DE7013126
:1033E800102985D18BE70132102AA5D1ABE7782CBB
:1033F800C6DC0132D2B20C2ABDD1454900220120D7
:1034080011F8014F0132022CD2B288BF0870042A89
:10341800F6D193F83420012A02D9012283F8342006
:103428003C4AB2F89E1093F8342041FA02F212F0A6
:1034380001020CD183F8342049B111F0010206D100
:1034480041FA02F4E407D0B211D583F8340093F8B6
:103458002C20052A02D9032283F82C2093F82D204A
:10346800032A08D80AD1002283F8342006E0013262
:10347800102AE5D1EBE7022283F82D2093F82E20BD
:10348800022A02D9012283F82E2093F83020022A3A
:1034980002D9002283F8302093F833200C2A02D96D
:1034A800002283F8332093F83520042A02D9002219
:1034B80083F83520142202FB053191F85A000128BF
:1034C80002D9002081F85A0002FB0532FF2103EBE4
:1034D80005154FF6FF7082F8511082F8541083F8E2
:1034E8002F1083F831104FF0FF31C5F81C11A5F8E3
:1034F80020011962998482F85B00A2F85C10D986D1
:10350800198703B0F0BD00BFF40000202D01002092
:1035180039010020B0020020034670B50846052B8B
:1035280004D8DFE803F01D0421191D21FEE7202639
:103538001F250F22184CA3702277013B0122A4F803
:103548004860A4F84A50A276A273042B10D8DFE88A
:1035580003F0131A1C1C1A0009266F250722E9E735
:10356800142632250A22E5E7352613251922E1E734
:1035780000232371237401E022712274FDF798FD62
:103588006073607670BD0223F3E700232371237410
:10359800A376A373F2E700BF98000020044B012232
:1035A80083F85120A3F85220A3F85420704700BF95
:1035B800980000202DE9F043794D7A4C00F111086C
:1035C80005EB081702378DB006463846FDF7CCF8EC
:1035D8004FEA06190290042102A805EB0616FDF72A
:1035E800F3FD96F81B31E0832BB103EB031303EBD8
:1035F80003231844E08305EB08135B7A062B40F09D
:10360800AC80E38B03F5B5432533E38305EB08185A
:1036180095F82700FFF7C2FF98F8091061708B1F13
:10362800A944012B8CBF0023012399F81A0184F8BF
:103638005630FFF771FF99F81B21E18B029BE1805F
:103648006182A36063612AB14FF0113000FB02333D
:10365800A360636195F82600534B616213F920302B
:1036680023732376002384F82A30637B84F8292087
:1036780023B93846FDF798F884F82A006078FDF7F2
:1036880017FD4A4A84F82800128802F001019707BA
:1036980048BF41F00201A185560742BFA18D41F004
:1036A8000401A1850346100742BFA18D41F0100116
:1036B800A185D10642BFA18D41F02001A1859206C6
:1036C80042BFA28D42F00802A285394A03AE02F138
:1036D800200C10685168374603C7083262453E46D9
:1036E800F7D110683860A278324E06210CA801FB89
:1036F80003031344B7EE087A13F8247C84F8207087
:1037080007EE907AF8EEE77A16E90F0067EE877A07
:1037180086E80F00FCEEE77A40F2E243CDED017A4D
:103728007F08A4F84C309DF80430B4F84820A4F879
:103738004E30052F4FF47A73B3FBF2F3A4F8403000
:1037480095F82C3038BF052784F85070052B1AD807
:10375800DFE803F00B2216191C1F072B7FF456AF66
:10376800E38BA3F5B543263B4FE74FF41653636449
:10377800002384F85730A4F858300DB0BDE8F08322
:103788004FF41643F3E74FF46143F0E74FF4E133A6
:10379800EDE74FF46133EAE74FF49643E7E700BFFC
:1037A800F4000020980000207CE50008B00200200A
:1037B800C0DE0008C800002002484FF4DE72FF2176
:1037C8000AF002BAF400002002484FF4DE71FEF756
:1037D800F3BD00BFF400002002484FF4DE71FEF78D
:1037E800D7BD00BFF400002008B5FFF7F5FF034B75
:1037F8001878BDE80840FFF7C3BB00BF9800002059
:1038080038B5FFF7D9FFFEF7EDFD04280CD0FFF718
:10381800D3FFFEF7E7FD042803D1FFF7DDFF0428F7
:1038280006D0FFF7C9FF03E0FFF7D6FF0428EED163
:1038380026492748264C10220AF08AF938B125492A
:10384800102220460AF084F908B1FFF7B5FFA38AD1
:10385800B3F5215F28D008D30025E8B20135FFF77A
:1038680043FB0A2DF9D10023E3774FF42153A382B8
:10387800012522691549164842F6A1039A424FF0DC
:1038880010021CBF236101250AF062F970B10F49CB
:103898000F481022FDF737F80F4910480822FDF7A6
:1038A80032F8FFF791FF03E00025E2E7002DF8D199
:1038B8000023E3770A4C2370FFF790FA2078FFF78C
:1038C8005FFB2078BDE83840FFF774BE05E10008CB
:1038D800F400002016E1000827E10008A6020020F5
:1038E800980000200229F7B5054600D9FEE70B4EDF
:1038F80006EB01131C460F016278F15DC3609B78EB
:1039080007F0EAFEE3790193A379009322796379BA
:10391800E178284607F009FF03B0F0BD58FC00081D
:1039280038B5836804466BB1024652F8143BDD692A
:1039380000F11503A847217D20462022BDE8384024
:1039480007F04FBF38BD00007FB58D7A816004460F
:1039580075B3012107F096FE0121204607F0AAFF62
:103968000121204607F0C0FFA368204693F90810FC
:10397800FFF7D6FFA36820461978FFF7B3FF0022A8
:103988001146204607F09BFE0023009344F20302F1
:1039980020464FF6FF7107F0E4FE20464FF6FF7110
:1039A80007F006FF204604B0BDE8704007F08EBF60
:1039B800032107F067FE2046012107F07BFF204620
:1039C800012107F091FFA368204693F90810FFF73B
:1039D800A7FFA3685E680C4B23612A462046102384
:1039E800862107F0A5FF5B23CDE900532046029509
:1039F80010230422702107F0AAFF2A4631462046E8
:103A080007F0C3FFBBE700BF44FC000810B504463D
:103A180007F05CFF20464FF6FF71BDE8104007F045
:103A2800C7BE000038B58168036891F90810DD69E0
:103A3800044600F1150300F11402A847A3689A7A16
:103A480042B11A78022A00D9FEE7044B03EB0213AD
:103A5800E36038BD024B2361FBE700BF58FC000858
:103A680044FC0008836810B5044683B1C3681BB9D9
:103A780003690BB9FFF7D6FFA3689B7A1BB1E3680C
:103A8800B3F90C0010BD2369B3F91000FAE7184622
:103A9800F8E7836810B5044643B1C3681BB90369E6
:103AA8000BB9FFF7BFFF94F9150010BD1846FCE7E6
:103AB80038B5836804460D466BB9012107F0EEFE60
:103AC80029462046FFF740FF7D20FEF7A9FBBDE809
:103AD8003840FEF7BBB938BD90F8D43053B190F8F0
:103AE800D520074B03EBC20153F83230497953F81C
:103AF80021007047037C00EB8300406B704700BFD8
:103B08004CE5000813B5184B0288DB8B9A42044633
:103B180026D18378DB0625D48379812B22D84FF6EA
:103B2800FF730D2201460DF10600ADF80630FDF7D2
:103B380031FBB4F80D20BDF806309A420ED14C2264
:103B480004F10D01FDF726FBB4F85900BDF8063065
:103B5800C01A18BF0120800002B010BD0320FBE787
:103B68000120F9E70220F7E7980000200A7ACB79CC
:103B780002F0070243EA022303804B7A0A7A03F031
:103B88003F035B0143EAD20343808B7A4A7A9B0066
:103B980043EA9213CA7A02F0010243EA822383803D
:103BA8000B7BCA7A03F00F03DB0143EA5203C3809D
:103BB8000B7BC3F30112012A11D813F0300F14BF85
:103BC800012300239B0203830B7B7F2B0AD813F06E
:103BD800C00F14BF012300239B024383704740F2A8
:103BE800FF73F0E740F2FF73F7E70A7ACB7902F048
:103BF800070243EA022303804B7A0A7A03F03F0361
:103C08005B0143EAD20343808B7A4A7A9B0043EAFA
:103C18009213CA7A02F0010243EA822383800B7B63
:103C2800CA7A03F00F03DB0143EA5203C3800A7C1C
:103C3800CB7B02F0070243EA022303814B7C0A7C18
:103C480003F03F035B0143EAD20343818B7C4A7C48
:103C58009B0043EA9213CA7C02F0010243EA8223E2
:103C680083810B7DCA7C03F00F03DB0143EA520317
:103C7800C3814B7DDB0003828B7DDB004382CB7DE0
:103C8800DB0083820B7EDB00C3820B7BC3F3011254
:103C9800012A2BD813F0300F14BF012300239B02F5
:103CA80003830B7B7F2B24D813F0C00F14BF012391
:103CB80000239B0243830B7DC3F30112012A1BD807
:103CC80013F0300F14BF012300239B0283830B7D65
:103CD8007F2B14D813F0C00F14BF012300239B02BD
:103CE800C3834FF4806303844384704740F2FF73B7
:103CF800D6E740F2FF73DDE740F2FF73E6E740F2F4
:103D0800FF73EDE737B52E4BDB8B03804A7883785A
:103D180062F3C30383704A79C37862F38203C37082
:103D28008A79837962F300038371044691F902006A
:103D38000D46FCF7D2FBE37800F01F0203F00703FF
:103D480043EAC203E3702379C0F3411023F003036D
:103D580003432371EA78DBB202F03F0203F0030366
:103D680043EA82032371EA786379C2F3801223F06D
:103D78000103134363712A7962F3470363716A7A13
:103D8800A37802F0030203F03F0343EA8213A3700F
:103D98006A7AE378C2F3800223F001031343E370E5
:103DA80059224FF6FF7321460DF10600ADF8063093
:103DB800FDF7F0F9BDF80630A4F8593003B030BD6E
:103DC800980000202DE9F3419DF820701546522FE8
:103DD80088464FF05B024FF00001044628BF522787
:103DE8001E4609F0F1FE3C4BDB8B23802A78A37832
:103DF80062F30203A3706B784FEA0818DB0003F044
:103E0800080308F0300843EA0801A37823F03803D0
:103E18001943A1706A79E37862F38203E370AA799F
:103E2800A37962F30003A37195F90200FCF755FB2F
:103E3800E37800F01F0203F0070343EAC203E370CC
:103E48002379C0F3411023F0030303432371EA7875
:103E5800DBB202F03F0203F0030343EA820323715B
:103E6800EB786279C3F3801322F001021A4362717E
:103E78002B7963F3470262716A7AA37802F003022E
:103E880003F03F0343EA8213A3706A7AE378C2F32C
:103E9800800223F001031343A279E370234667F3FA
:103EA800470203F8062F3744BE4210D14FF6FF737E
:103EB800592221460DF10600ADF80630FDF76AF9E2
:103EC800BDF80630A4F8593002B0BDE8F08116F804
:103ED800012B03F8012FE7E79800002007B50093AE
:103EE80013460A460121FFF76DFF03B05DF804FB96
:103EF80030B53A4B027893F8261061F3030202704A
:103F080093F8271061F30712027093F8281042788B
:103F180061F30302427093F8291061F307124270AB
:103F280093F82A10827861F30302827093F83210B2
:103F3800827961F30302827193F82B10827861F31E
:103F48000712827093F83410C27961F30302C271C8
:103F580093F82C10C27861F30302C27093F82D1005
:103F680061F30712C27093F82E10027961F303020D
:103F78000271427993F8301061F30302427193F8A9
:103F88003310827961F30712827193F83510C27980
:103F980061F30712C27103F1390100F10A0200F15D
:103FA800160411F9015F02F8015FA242F9D193F8F2
:103FB8004610C27D61F30102C27593F8471061F3A0
:103FC8008302C27593F8481061F30512C27593F81D
:103FD800493063F38712C27530BD00BFF40000207A
:103FE8000278344BC2F3030230B583F826200278F6
:103FF800C2F3031283F827204278C2F3030283F83E
:1040080028204278C2F3031283F829208278C2F369
:10401800030283F82A208279C2F3030283F832204C
:104028008278C2F3031283F82B20C279C2F3030209
:1040380083F83420C278C2F3030283F82C20C278B4
:10404800C2F3031283F82D200279C2F3030283F826
:104058002E204279C2F3030283F830208279C2F31A
:10406800031283F83320C279C2F3031283F8352090
:1040780003F1390100F10A0200F1160412F9015F97
:1040880001F8015FA242F9D1C27DC2F3010283F8AF
:104098004620C27DC2F3810283F84720C27DC2F365
:1040A800011283F84820C27DC2F3811283F84920A7
:1040B80030BD00BFF400002070B5522698B03246DB
:1040C80004460D4603A8002109F07EFD212342F68F
:1040D800A1008DF80C30FCF705FCADF80E004FF48C
:1040E8002150FCF7FFFB1C49ADF8100014220DF11C
:1040F8001200FCF708FC1948FFF7CBFC184B8DF8A9
:10410800260093F851308DF827300AA8FFF7F0FE03
:104118003223ADF84630134A134BCDE912236FF022
:104128008023149347F6FF73ADF854300F4BB3F860
:104138009A208DF85620B3F89C20B3F89E308DF85D
:1041480057208DF85830009603AB2A4602212046A6
:10415800FFF738FE18B070BD2DE10008AC3E002016
:10416800980000206400FA00F401E803B00200207F
:1041780038B5104D044600F11B01062205F589707B
:10418800FCF722FC94F82130C3F3030385F81931B6
:1041980094F82130C3F3031385F81A3194F82230C8
:1041A800C3F3030385F81B3104F12500BDE838404B
:1041B800FFF716BFF40000200B4A0C491268826012
:1041C8000A6802614A680A4942610A6882614A6863
:1041D800C26100234EF66022838083718381038449
:1041E80002600385704700BF045600203CE10008C8
:1041F80045E1000810B50E4CA36803B9FEE70D4A67
:1042080012791A700021204607F025FA4FF47A70C7
:10421800FEF706F82046012107F034FAA368204685
:104228001978FFF75FFB2046FFF7F0FB10BD00BFD2
:10423800AC3E00209800002038B5174D0446A878F9
:10424800697805281BD14FF6FF732385FFF764F9BA
:104258006B7801229A40238D23EA020323850F49B4
:104268000F48FFF725FC0E48FFF7D0FB0C4811213B
:10427800FFF756FB2046BDE83840FFF7BBBF0023D9
:1042880023850220FFF748F96A7801239340228D9D
:1042980013439BB2E2E700BF980000209C00002077
:1042A800AC3E002008B590F8203002468BB9FDF7E7
:1042B800E3FD10B982F8210008BD92F821300133DE
:1042C8005BB2312B82F82130F6DD012382F82030F1
:1042D800F2E7FDF7D1FD18B1322382F82130EBE780
:1042E80092F82130013B5BB2002B82F82130D8BF15
:1042F80082F82000E0E700000A4B90F820201B68B5
:1043080072B182689B1AB3F57A6F01D901234371A0
:10431800037923B9437913B10123037103737047F8
:104328008360F5E704560020037B9A1E012A4FF0AC
:10433800000202D890F8201011B90273184670478D
:104348001346FBE70A4A38B5138801339BB2502B52
:1043580004460D4601D8138038BD00230549138053
:10436800FDF7EAFA29462046FDF7E6FAF4E700BF2A
:10437800E82300204EE100082DE9F84F15460446D1
:104388000F467749FDF7D8FA29462046FDF7D4FAB3
:10439800744B0022012F1A804FF0904610D102234F
:1043A800B362B76146F2A810FDF73AFFB76246F26A
:1043B800A810FDF735FF29462046FFF7C3FFF0E7B1
:1043C800BB1E01220C2B00F2BE80DFE803F0374A47
:1043D8005E1F07BCBCBC7171717171004FF09046D3
:1043E8004FF001080227C6F8188046F2A810B762F5
:1043F800FDF716FFC6F8288046F2A810B761FDF74A
:104408000FFF29462046FFF79DFFEBE74FF0904648
:104418004FF001080227C6F8188046F2A810B761C5
:10442800FDF7FEFEC6F8288046F2A810B762FDF731
:10443800F7FE29462046FFF785FFEBE7B262022721
:104448004FF09046B76146F2A810FDF7E9FEB76253
:1044580046F2A810FDF7E4FE29462046FFF772FF52
:10446800F0E70223B36101274FF09046B76146F2A7
:10447800A810FDF7D5FEB76246F2A810FDF7D0FEEA
:1044880029462046FFF75EFFF0E7B26102274FF0AA
:104498009046B76146F2A810FDF7C2FEB76246F231
:1044A800A810FDF7BDFE29462046FFF74BFFF0E7B1
:1044B800A7F1090A5FFA8AFA00264FF00109564562
:1044C8003EBF4FF0904302229A614FF004084FF02C
:1044D800904B46F2A810CBF81890FDF7A1FE46F2D3
:1044E800A810CBF82890FDF79BFE08F1FF38294665
:1044F8002046FFF727FF18F0FF08EAD10223CBF880
:1045080028304FF004084FF0904B46F2A810CBF833
:104518001890FDF785FE46F2A810CBF82890FDF715
:104528007FFE08F1FF3829462046FFF70BFF18F0F9
:10453800FF08EAD10136A7F10803F6B2DBB2B342AD
:1045480038BF0026BBE70223B261B3614CF250309A
:10455800FDF766FE29462046FFF7F4FEF6E700BFA2
:104568004EE10008E823002010B50446084694F9F7
:1045780001308B4201D1237823B901232370FDF741
:10458800C0FC607010BD000008B5437802789A42FC
:1045980013D0042B8ABF042303700370027888BFEA
:1045A8004370064B064813F92210064B1973197607
:1045B800836813B11972FFF7B3F908BD7CE50008E9
:1045C800AC3E00209800002010B50AB9437010BD19
:1045D800541E0B2CFBD80332D2B231F91220C83A40
:1045E80003FB022240F2716192FBF1F212B222EA5D
:1045F800E2729A42C8BF1AB24270E8E7034A044B13
:10460800002808BF1346034A13607047380000208B
:1046180044000020EC3D00200A46014610B902483B
:1046280006F0F3BF704700BFAC3E002038B5154612
:104638001C46A0B9FDF7D2FB0A462B4601460A489C
:1046480006F0BCFF08484FF6FF7107F0B1F82201E9
:104658000548BDE8384092B2012107F0D2B80248B7
:10466800FFF7D4F938BD00BFAC3E00202DE9F0417A
:10467800194C05465B270E463A460021204609F0AC
:10468800A3FAAB692360EB696360144B14491B7888
:104698009A1E53425341627A63F3000262726FF0CA
:1046A8005E02A27228220023E27204F10E00142294
:1046B80023736373FCF727F959212046FCF784FD1F
:1046C800084BA4F859003A46214630461B7FBDE8FE
:1046D800F041FFF7ABBF00BF333D0020F7130020C8
:1046E8002DE100089800002037B50C4638B9154868
:1046F800836833B9812281F8A02081F8A23003B001
:1047080030BD9D7A95B101F1A2020DF1060107F0C5
:10471800A2F8BDF90630002B0FDB4FF6FF73ADF89A
:104728000630BDF8063084F8A030E8E70DF1060140
:1047380007F061F984F8A250EBE77F33F1DA4FF61E
:104748008173ECE7AC3E00200A4608B501460148F3
:10475800FFF712FE3400002000B591B00446684609
:1047680016461D4609F0C2F91849684609F0C6F907
:10477800304606F051FE0146684609F0BFF9144973
:10478800684609F0BBF9134B684653F82510124DDB
:1047980009F0B4F91149684609F0B0F99DF84830B4
:1047A800684655F8231009F0A9F90D49684609F03B
:1047B800A5F99DF84C30684655F8231009F09EF984
:1047C80008486A462146FFF7D7FD00BF50E10008B8
:1047D80057E1000800000020100000205CE10008FC
:1047E80063E1000834000020024608B501480021B2
:1047F800FFF7C2FD340000200023FF22037043703E
:104808008370C27003717047C17829B983780171C8
:1048180001338370012070470378012B1DD0022BD0
:1048280005D08BB98278013282700371F2E7827801
:1048380043785340DB0703D4013282700023F4E746
:10484800FF2903D100230371002070470379013346
:10485800DBB299420371EFD3F6E7FF29F2D0027970
:104868000132D2B291420271EED282780132827064
:1048780000220271CEE7000030B51C4C85B00E2234
:1048880000210546684609F09FF9B4F8A030ADF854
:1048980000302046FBF7CDFD8DF802002046FBF7DF
:1048A800BFFDB4F8A4308DF803001148ADF804300A
:1048B800FFF7EFF894F8A6308DF8073094F8A93090
:1048C8008DF80830B4F8AA30ADF80A30094B8DF8E5
:1048D80006009B788DF80C306946012328468DF830
:1048E8000D3004F050FE05B030BD00BFF03D002093
:1048F800AC3E0020980000200148FEF707BA00BF30
:10490800E93D0020F8B5154D0E4607465B232946BC
:10491800304614462A46FFF77FFED7E90413286875
:104928006A689A4208BF884209D0002430460C4978
:10493800FFF7DAFE002C0CBF01200320F8BD592137
:104948002846FCF741FCB5F859308342EDD114B143
:10495800FFF7D2FFEAE70124E8E700BFE13E0020C5
:10496800F03D002013B5012104460844FCF72CFC57
:10497800A178ADF806000DF10600FCF7FFFBE17821
:10498800FCF7FCFB2179FCF7F9FB6179FCF7F6FBF6
:10499800A179FCF7F3FB04F108010322FCF7FAFB09
:1049A800627804F10C01FCF7F5FB94F82311FCF78D
:1049B800E5FBBDF80630A4F80C3102B010BD0000CC
:1049C8000038024B18BF0120187070477803002088
:1049D80070B552BB042B5BD89EB22BB34F4C94F8E6
:1049E80028301546626A0333DBB2D20084F82830D7
:1049F800626213E0083BDBB284F82830B1F800C0EB
:104A0800BCF5817F0CF1010E40D2626AA1F800E08A
:104A180022FA03F300F80C3094F82830072BE9D871
:104A28000135AAB29642DDD870BDFF2AFCD1032B0E
:104A380051D81FFA83FC002BF6D0384C94F8283054
:104A48004FF0000E626A04331201DBB242F0020238
:104A580084F82830626210E0083BDBB284F8283022
:104A68000A88B2F5817F02F1010610D2656A0E80CC
:104A780025FA03F3835494F82830072BECD80EF169
:104A8800010E1FFA8EF29445DCD870BDFEE7FEE7F2
:104A9800224C626A03F5C06343EA423294F8283034
:104AA80062620D33DBB284F8283010E0083BDBB2D9
:104AB80084F828300A88B2F5817F02F1010609D20C
:104AC800656A0E8025FA03F3835494F82830072B7F
:104AD800ECD870BDFEE7114C626A03F5E06343EA67
:104AE800423394F82820636202F10D03DBB284F8A4
:104AF80028300EE0083BDBB284F828300A88B2F58B
:104B0800817F09D2656ADD40531C0B80855494F877
:104B18002830072BEED870BDFEE700BFF425002033
:104B28002DE9F84F644C0027FF250F80057080257C
:104B3800676284F82870A5779946002B00F0AF804B
:104B480003F1FF3A0B8812FA8AFA561E02F1FF089F
:104B5800BB463A46FF2B16F8015F0DD88AB15D4572
:104B68000BD10137BFB2994540F28680B24500F0BB
:104B78008680B045EED1FEE7FEE7FBB25A46FFF766
:104B880027FF6B1EDBB2FD2B2AD83F2B51D905F12D
:104B98004103DBB23F2B28D894F82820636A0135FB
:104BA800EDB20832D2B245EA032384F828206362C2
:104BB80011E0083AD2B284F828200B88B3F5817F37
:104BC80003F1010C34D2656AA1F800C025FA02F29B
:104BD800C25494F82820072AEBD80B880022C2E791
:104BE80001270B88AB463A46BDE794F82820636A4C
:104BF8003F35EDB20932D2B245EA432384F8282082
:104C0800636211E0083AD2B284F828200B88B3F521
:104C1800817F03F1010C0AD2656AA1F800C025FA68
:104C280002F2C25494F82820072AEBD8D5E7FEE709
:104C3800FEE794F82820636A7F35EDB20832D2B2D5
:104C480045EA032384F82820636211E0083AD2B2C7
:104C580084F828200B88B3F5817F03F1010C0AD270
:104C6800656AA1F800C025FA02F2C25494F8282017
:104C7800072AEBD8B1E7FEE70020BDE8F88FAAB90C
:104C880094F8282062B1646AC2F1080201259440B0
:104C980005FA02F2013A22435C190C80C2540B88CF
:104CA800994594BF00200120BDE8F88FFBB25A4611
:104CB800FFF78EFE0B88E3E7F42500202DE9F04F7F
:104CC80047F26F730022827003800B78A3F1FE0312
:104CD800B3FA83F35B0983708A780D4612F00101F9
:104CE8001CBF43F080038370D5F8202122F07F4257
:104CF80022F0FF0285B0044612B143F00803837026
:104D0800AA68C2F31702FF2A1ED9B2F5803F18D34A
:104D180063F07F03A37041F002014FF0020E0923F4
:104D28004FF00A0C0822E1700B20CDF804C01E4693
:104D380017464FF007094FF0060A4FF0050B0421FC
:104D480017E043F00203A370180600F1DF80082380
:104D58004FF0090C07220A204FF0000ECDF804C0CE
:104D68001E4617464FF006094FF0050A4FF0040B90
:104D7800032195F8018004F8018004EB01082979E2
:104D880004F80B10697904F80A10A97904F80910D5
:104D9800A178090709D595F82111A15495F8221190
:104DA800A1550346674662460646A968A154A278FB
:104DB800900707D5BA1C1F46AB68C3F30F23A3554A
:104DC80096B23346BEF1000F05D05A1C1F46AB7A87
:104DD800A35596B23346A278D10606D55A1C1F466B
:104DE80095F82331A35596B233464A4A127803F10F
:104DF800010914FA89FA05F10C0B42B16B785A468D
:104E08000DF10E015046FFF78BFE00285CD16A7841
:104E1800504659461FFA82FA08F08CFE22783E4B1B
:104E28006178D243D2B2072F9A5C82EA0102995C78
:104E3800A27882EA0102995CE27882EA0102995C2E
:104E4800227982EA0102995C627982EA0102995C1C
:104E5800A27982EA0102995CE27982EA01029A5C0B
:104E68001BD0217A4A40082F9A5C16D0617A4A40B2
:104E7800092F9A5C11D0A17A4A400A2F9A5C0CD06B
:104E8800E17A4A400B2F9A5C07D0217B4A400C2FCD
:104E98009A5C1EBF617B4A409A5CA2551AFA89F354
:104EA8009BB2B3F5947F0ED2B5F80C21E254981C4E
:104EB800B5F80C115A1C92B280B2090AB0F5947F69
:104EC800A1540AD3FEE7FEE7A378BDF80EA043F08D
:104ED8004003A37088F800A0A0E7AA78D20702D4FC
:104EE80005B0BDE8F08FD5F81071D5F81811D5F8D0
:104EF8001461275022180F335660916098B295F8C4
:104F08001C111173B0F5947FEAD3FEE74FF0000E41
:104F180005E700BF78030020BCE500082DE9F84F3D
:104F2800B14C15460F4680460146B04808F002FECF
:104F380000228023B5F5817F3A802284626284F85A
:104F480022304FD2A94E84F828204FF0FF0992460C
:104F5800012A76D8B4F820C0654540F2B180616A6C
:104F680016F80C3002F108000CF1010CC0B243EA4B
:104F78000123A4F820C0A0F1020C23FA0CF1063298
:104F880001F003015FFA82FE0229636284F828E0D7
:104F980000F0BD80032944D0012924D1BEF1060FB9
:104FA8000DD8228C954240F28B80B15C00F1060E40
:104FB80041EA032301325FFA8EFE22846362AEF176
:104FC800070E23FA0EF303F07F037D2B84F828E005
:104FD80076D83A88FF2A23D84133511C398008F8FB
:104FE800023019E0FEE7BEF1000F6BD1228C95422A
:104FF80066D9B15C013241EA03232284072284F88E
:1050080028201A06636200F1C8803B88FF2B06D867
:105018005A1C3A8008F803A094F8282098E7FEE77D
:10502800FEE7AEF1060E5FFA8EF284F828203A8881
:1050380023FA0EF3FF2A03F03F0301D8413BCCE7E4
:10504800FEE7636AA2F1020C23FA0CF101F00301F6
:105058005FFA8CFE022984F828E003D003291CD0CB
:10506800104699E7BEF1050F51D8218C8D4227D9FA
:10507800705C02F1060E40EA032301315FFA8EFEEE
:1050880063622184AEF1060E23FA0EF384F8282019
:1050980003F03F033A8801339FE7BEF1050FC0D8FC
:1050A800218C8D420CD9705C02F1060E40EA032374
:1050B80001315FFA8EFE21846362AEF1060EB4E719
:1050C800BDE8F88F0CF1FF3123FA01F10EF1FF3240
:1050D800D2B2C90784F8282097D5F2B9228C954214
:1050E800EED9B15C013241EA0323228407226362CC
:1050F80084F8282013F0800F40F08C803B88FF2B29
:1051080000F287805A1C3A8008F8039084E7AEF1D1
:10511800060E636A5FFA8EF2B6E7013A23FA02F1E5
:10512800AEF10202D2B2C80784F82820E6D5002AD8
:105138005ED1228C9542C3D9B15C41EA0323013286
:10514800072118062284636284F8281058BF0822B1
:105158002AD4B4F820C06545B2D90732D0B216F8BF
:105168000C2042EA03220CF10103238462621346F5
:10517800083884F82810C34038885FFA83FB00EBAE
:105188000B03FF2B0FDC40445A46002108F01CFD9E
:105198003B880BEB03023A803EE7062284F828207E
:1051A80013F0400FA8E7FEE708460822218C8D423D
:1051B80086D916F801C007324CEA03230131D2B26E
:1051C8002184636284F82800083A23FA02F23888B6
:1051D8005FFA82FB00EB0B03FF2B03DC40445A46CB
:1051E800FF21D3E7FEE700BFF4250020C8240020F4
:1051F800511EAEF1030023FA01F1C0B2C90784F8C9
:10520800280011D407280DD9AEF10B01636AC9B281
:10521800AEE7FEE7511EC8B223FA01F1C90784F8C8
:10522800280001D4014694E70728BFD9A0F1080156
:105238000246C8B2C6E700BF2DE9F04F5788B7F558
:105248008F7F8BB0144606460BD9002222700022AD
:105258006F2B628000F02581002333700BB0BDE80E
:10526800F08F12780E2A0D4624D80E2A00F2D58027
:1052780001A151F822F000BF575200082F5400082E
:1052880023540008235400082F5400082F54000802
:105298002F5400082F5400082F5400082F540008DA
:1052A8008754000823540008235400082354000896
:1052B80063540008692A40F2AE806A2A40F0AD8043
:1052C800A74FF98A4A1E92B2002900F021810332C1
:1052D800DFF890E207EB020CB91CFF2211F8010B72
:1052E800424061451EF80220F8D1934200F0FE804A
:1052F8004FF0000984F80090C4F80290A4F80690D2
:10530800B7F81680B8F1020FA6D997F804A0BAF139
:105318006F0F00F05A83B8F1030F9DD07A796F2A86
:1053280000F06F83B8F1040F96D0BA796F2A00F0B5
:105338006E83B8F1050F8FD0FA796F2A00F0648375
:10534800B8F1060F88D03A7A6F2A00F06C83B8F16A
:10535800070F81D07A7A6F2A00F06283B8F1080FBC
:105368003FF47AAFBA7A6F2A00F05783B8F1090F81
:105378003FF472AFFA7A6F2A00F04C83B8F10A0F43
:105388003FF46AAF3A7B6F2A00F05383B8F10B0FF2
:105398003FF462AF7A7B6F2A00F04E83B8F10C0FAE
:1053A8003FF45AAFBA7B6F2A00F08D81B8F10D0F28
:1053B8003FF452AFFA7B6F2A00F06683B8F10E0F04
:1053C8003FF44AAF3A7C6F2A00F06A83B8F10F0FB6
:1053D8003FF442AF7A7C6F2A00F05F83B8F1100F78
:1053E8003FF43AAFBA7C6F2A00F05483B8F1110F3A
:1053F8003FF432AFFA7C6F2A00F04983B8F1120FFC
:105408003FF42AAF3A7D6F2A00F04D83B8F1130FAD
:105418003FF422AFFEE7632A05D800232370C4F8BF
:105428000230E38019E74E4FFA8A122A14D8B918C5
:1054380001328B70FA822278092A3AD9A2F16401E2
:1054480005293FF609AF653A042A00F27783DFE8B9
:1054580002F06D6965618300FEE77A1C6280EB5596
:10546800E38862889A4245D3002262802270B3F5AD
:10547800947F4FF002020270438075D3FEE77A1CD6
:105488006280374EEB55A088727F618883189942F5
:10549800FFF6E4AE33785F0600F1B2810E23237085
:1054A800DCE62F490A800122CA8264228B702270AE
:1054B800D2E6002A3FF4D0AE013A082A3FF6CCAE35
:1054C80001A151F822F000BF85560008615200087A
:1054D800615200080155000801550008B15600083E
:1054E800435600080B5600087B5600080A22012381
:1054F8002270B2E60123B0E66288B2F5947F06D244
:10550800511C6180AB54237801332370A4E6FEE775
:10551800FF22EAE60722FB7622709DE66822BB7628
:10552800227099E601227B70227095E662883B70B2
:105538000021B2F5947F79700DD203F00103033B8B
:10554800511C6180AB5497F90030002BC0F2BB822C
:105558000123237080E6FEE76A223B7722707BE610
:10556800F4250020BCE500082B78FD2B00F02681EF
:10557800EB7803722B7943726B7943606A7808324F
:105588007280002240F28510DFF808C47281FE2183
:105598000446013499424FEA540400F2DF80C0F017
:1055A800EA808B4240F023812B78FD2B00F01C8190
:1055B8004FF0060B2846DFF8DC8310F801AF0BEB41
:1055C8000A0909F1FF3189B2FBF7FEFD04EB440734
:1055D80008EB8707ADF808003979019102A8FBF7B5
:1055E800CDFD05EB090215F809305278019903EB56
:1055F8000223BDF808209BB29A4200F0BE80052322
:105608002BE66288B2F5947F15D2511C6180AB54A9
:105618007B7813F0020340F012826288B2F5947F1F
:105628000AD2511C6180AB543B78DD064CBF69231C
:105638006A23237010E6FEE7FEE76288B2F5947FDE
:1056480015D2511C6180AB543B787A78134313F020
:10565800020340F0EB816288B2F5947F08D2511CB6
:105668006180AB546288B2F5947FDAD3FEE7FEE737
:10567800FEE76288B2F5947FD3D3FEE762883A8367
:10568800B2F5947F0FD2511C6180AB543A787B7786
:1056980012F0010200F0D68106220833A280E380CE
:1056A80004232370D8E5FEE76288B2F5947F09D217
:1056B800511C6180AB543B781F074CBF67230723FD
:1056C8002370C9E5FEE74FF00C09B8F1120F00D9B5
:1056D800FEE707EB080208F1010A1FFA8AFA93703D
:1056E80002AB52461846AA49A7F816A008F022FAB3
:1056F80000223A800122FA826F22BA706422227054
:1057080009F1010252450346BFF4A6AD08F1FF3185
:105718000DF10902A1EB09014A4412FA81F24B4446
:1057280001924FF06A0E4FF007084FF0010900226E
:105738004FF0690AF98A12290FD878180131F982CD
:1057480013F8011F81702078092800F207810028CA
:105758006FD101999942EDD17EE5FEE7601E1418DC
:10576800824204F1010744D227F0010101EB5701FD
:105778005CF821100DE72246F1E7BB79DA0706D578
:10578800FA79924582BF521912F80B20B2729B0720
:105798000BD56300234408EB83036A781B7A9A428B
:1057A80082BF5B1913F80B30F3726300234408EBD4
:1057B8008308317398F8053073734FE56B7903727A
:1057C800AB7943726B7A297AEA791B0403EB0123DC
:1057D800134443606A7802F10C014180A978C90733
:1057E8007FF5CFAE1932CBE64FF00A0BE2E6032382
:1057F80033E5684902EB4200144651F82010D0E620
:1058080002A92844FFF78AFB737FBDF80810628855
:10581800CB1A9BB21A446280727F1A447277E2886C
:105828001344E380338BB3F5947F01D2E95435E612
:10583800FEE7013808288CD80FF2040C5CF820F039
:10584800895800085B5700085B5700086D58000826
:105858006D5800081B590008DB5800083D5900081E
:10586800B95800086088B0F5947F08D200F1010C9F
:10587800A4F802C0295421780131217069E7FEE7B4
:1058880060883883B0F5947F11D200F1010CA4F838
:1058980002C029543878797710F0010000F0178198
:1058A8000831E1800621A1800421217051E7FEE73B
:1058B8006088B0F5947F0BD200F1010CA4F802C007
:1058C80029543978C90600F12C8184F800E040E7B2
:1058D800FEE76088B0F5947F19D200F1010CA4F8B6
:1058E80002C0295439787878014311F0020140F058
:1058F8001F816088B0F5947F0AD200F1010CA4F8EA
:1059080002C029546088B0F5947FD5D3FEE7FEE73E
:10591800FEE76088B0F5947F0BD200F1010CA4F883
:1059280002C029543978080700F1058184F80080FD
:105938000FE7FEE76088B0F5947F0ED200F1010C06
:10594800A4F802C02954797811F0020140F0EC80E3
:105958006088B0F5947FAFD3FEE7FEE7A0F1640C52
:10596800BCF1050F3FF6F5AE6538042800F2EF806C
:10597800DFE800F0120A05032900F976D6E7B976C0
:105988004FF068012170E4E6797084F80090E0E651
:10599800F6250020BCE6000860883970B0F5947FD1
:1059A8007A700FD201F00101033900F1010CA4F85B
:1059B80002C0295497F900100029ACBF4946662156
:1059C8002170C6E6FEE739777FE7B8F1120F3FF698
:1059D8007FAE07EB080108F101028B7002AB92B2AF
:1059E80018466249FA8208F0A5F80122FA82642270
:1059F800A7F8009087F802A0034622704FF002092A
:105A080084E64FF0030960E64FF005095DE64FF0C4
:105A180004095AE64FF0090957E64FF0080954E619
:105A28004FF0070951E64FF006094EE608232370A8
:105A380012E44FF00A0948E64FF00B0945E609233E
:105A4800237009E461880C33E380B1F5947F4FF04B
:105A58000A03A38016D27B78481C03F001036080F8
:105A68006B546188B1F5947F0DD2481C60806A54EC
:105A780013B1E3880D33E380E388B3F5947FFFF433
:105A88000FAEFEE7FEE7FEE74FF00D091DE64FF00B
:105A980011091AE64FF0100917E64FF00F0914E63E
:105AA8004FF00E0911E6B8F1120F3FF611AEB844E7
:105AB800BA7088F802300123FB82002264233A80FE
:105AC8002370FFF7C9BB66232370FFF7C5BBB4F883
:105AD80002C00C31E180BCF5947F4FF00A01A1802F
:105AE8001DD279780CF1010B01F00101A4F802B084
:105AF80005F80C10B4F802C0BCF5947F10D20CF174
:105B0800010BA4F802B005F80C0011B1E1880D31C1
:105B1800E180E188B1F5947FFFF4C6AEFEE7FEE7C9
:105B2800FEE784F800A014E64FF00901217010E6A2
:105B3800082121700DE6672121700AE6772B0DD028
:105B480000232370C4F80230E380FFF785BB772970
:105B580008D02270C4F80220E280FAE56523237099
:105B6800FFF77ABB4FF065012170F2E5F6250020BA
:105B78002DE9F8431F46184B164693F83020044683
:105B88003AB393F82B301FB11BB31F1F18BF01275F
:105B9800A1F1020804F5E36901F11E0538F8020FC6
:105BA800FAF710FD29F8020FB8F80000FAF717FD08
:105BB800A845A9F82000F1D1084B84F85A771B684A
:105BC800C4F85C3786F00106012384F8606784F81E
:105BD8001937BDE8F88300BFF40000200456002000
:105BE80070B500F27C7400F5B0712046FBF739FB04
:105BF800044B0246186801680D6921462B46BDE82A
:105C080070401847EC3D0020B0F8E834B0F8EA24BA
:105C18009B1A98B21B0444BF00F5007080B200388C
:105C280018BF01207047D0F8F836B0F8E8240133DF
:105C3800C0F8F836D0F800370133C0F80037B0F8AC
:105C4800EA349A421FBFC218B0F8EC1492F8EE2456
:105C5800013316BF0B400022A0F8EA341046704703
:105C6800114B93F82D305A1E012A02D80F48FFF71E
:105C7800DABF032B10D10E4AB2F81E36B2F81C1642
:105C880099420ED0D118013391F82206B2F82016A5
:105C98000B40A2F81E367047064B186803689B69CC
:105CA80018470020704700BFF40000203826002065
:105CB800E02E0020EC3D00200023A0F8EA34A0F8F4
:105CC800E834024B18680368DB691847EC3D00208C
:105CD80010B50748FFF7F0FF064B0022C3F81C2653
:105CE800054B18680368BDE81040DB69184700BF1A
:105CF80038260020E02E0020EC3D002038B5B0F812
:105D0800EA24B0F8E8349B1A9DB21B04084B0446F9
:105D18001868036848BF05F500751B6A48BFADB22F
:105D280098474319D4F8F006184480B238BD00BF2C
:105D3800EC3D0020F8B5D0F8F43690F81877CB1A77
:105D4800B3F57A7F04460E4626D2632B01D800208D
:105D58007DE0012F0AD0022F19D0002FF7D1FFF7CD
:105D6800CDFFB0F5806FF2D9012305E0FFF7C6FF3C
:105D7800B0F5806F03D9022384F818370CE0204669
:105D8800FFF7BCFFB0F5C07FE1D20023F4E7FFF7CF
:105D9800B5FFB0F5806FE7D33448C4F8F466FAF776
:105DA8006DFB334D334A2B681168C3F1000C411A5F
:105DB800614501DB99424BDD10600A232B601368B3
:105DC800B3F5FA7FBCBF4FF4FA7313601268D4F8C6
:105DD800F83652214A4328496425B1F8481092FB05
:105DE800F1F26B43B3FBF2F35F2B35D8552B35D863
:105DF8003B2B03D94B2B34BF5B25322594F818373E
:105E0800022B2DD0012B2DD013B9002F18BF33250D
:105E18004FF47A73D4F80027314604F20470FBF784
:105E2800B9F894F81837FBB9642D0BD1D4F8F436C7
:105E3800A3F29A23C4F8F436D4F8F83603225B00A8
:105E4800B3FBF2F3C4F8F83684F8FC560120F8BD29
:105E5800002BB4DD013BB1E70025CFE71E25CDE7D8
:105E68000025D5E73225D3E70023EBE7F03D0020F6
:105E78002C0000208C0300209800002070B5D0F87A
:105E8800F43690F81827CB1AB3F57A7F04460E46F5
:105E980014D2032A08D8DFE802F002092730FFF7F6
:105EA8002DFFB0F5487F26D8002029E0FFF726FF10
:105EB800B0F5AF6F11D9022384F81837304B94F836
:105EC8001857B3F84800C4F8F466D4F8F836032D28
:105ED8004ED8DFE805F03716494B2046FFF70EFF8E
:105EE800A328E1D80323E7E7632BDDD9FFF706FFF3
:105EF800B0F5AF6FE2D20123DEE7002084F818077F
:105F080070BD21254FF47A73D4F80027314604F286
:105F18000470FBF73FF894F818377BBB642D0BD15E
:105F2800D4F8F436A3F54873C4F8F436D4F8F83640
:105F380005229B00B3FBF2F3C4F8F83684F8FC564C
:105F48000120DDE764210F4AB2FBF0F24B43B3FBBB
:105F5800F2F35F2BD6D8552B0CD83B2B0CD94B2BF7
:105F680034BF5B253225CDE70025CBE75D25C9E7A2
:105F78006425C7E71E25C5E70D46C3E70023DBE711
:105F88009800002050400100F8B5244F04463846D8
:105F9800FAF73DFAFAF7B7FA064697F9A600FAF7BC
:105FA800B2FA05463846FAF73BFA1D4B94F8FC2638
:105FB80093F8353084F87221333384F865314423FB
:105FC80084F86631FF22D4F8683184F874216D2290
:105FD80062F31703C4F86831C0F10A000023C4F85B
:105FE8006C3184F8813200B24FF43943A4F882321C
:105FF80080F30700092384F8730184F8706104F5BD
:10600800B07084F8715184F8843204F5AA71FBF7F2
:10601800E7FB2046BDE8F840FFF7E2BDF03D002071
:10602800F40000202DE9F04F044685B0B4F82E277F
:106038000092B4F830270192B4F83227B0F82867F4
:106048000292B4F838270378B0F822E7B0F824C7EA
:10605800B0F81CA7B0F81E97B0F82087B0F82677DC
:10606800B0F82A570392B0F82C07B4F81A27A4F806
:106078007A610026B4F83617B4F834B7A4F86C215E
:10608800A4F874E1A4F876C184F87C31A4F86EA170
:10609800A4F87091A4F87281A4F8787184F87D61ED
:1060A800A4F87E51039AA4F88C21FF2284F8652174
:1060B8004422A4F8800184F866210098D4F8682165
:1060C800A4F88201A4F88A11019884F88132462143
:1060D8004FF4F84361F31702A4F88401A4F882325C
:1060E8000298A4F88601262304F5B070A4F888B1B4
:1060F80084F88E6184F88F6184F8906184F89161E6
:10610800C4F8682184F8843204F5AA71FBF768FBA7
:10611800204605B0BDE8F04FFFF762BDF0B591B07D
:10612800044600F23A736D4600F25A7618685968C8
:106138002A4603C20833B3421546F7D120220DEB95
:106148000200002107F040FD94F8602794F85A37C0
:106158000AB943F00203224AA4F8703192F83520B4
:106168002778D4F85C17C4F86C110023333284F80C
:106178007331102384F87431D2B284F872716B468B
:1061880004F275160DF1400C1D4603CD65453060CF
:1061980071602B4606F10806F6D1442384F866316F
:1061A800D4F8683184F865214FF4D27262F317038A
:1061B800C4F868314FF4A053A4F88232492304F597
:1061C800B07084F8817284F8843204F5AA71FBF700
:1061D80007FB204611B0BDE8F040FFF701BD00BF46
:1061E800F400002070B5244B90F8745793F83530BC
:1061F800044690F8750784F86F016FF06E0084F814
:10620800700133336FF02A0084F8710184F8653126
:106218001220442384F8720184F866310020D4F8EF
:10622800683184F873014D2060F31703C4F86831AE
:106238008F2394F8721794F87327B4F8706784F86A
:1062480083320A2384F8741184F8811204F5B0703B
:10625800A4F86C6184F86E5184F8752184F8822260
:1062680084F8843204F5AA71FBF7BAFA2046BDE82F
:106278007040FFF7B5BC00BFF400002010B5224BFA
:10628800027893F8353004464FF07E51C0F86C110F
:1062980033330021C0F87011C0F87411C0F87811B8
:1062A800C0F87C11C0F88011C0F8841184F86531F9
:1062B800442384F86631D4F8683184F88C114C2171
:1062C80061F31703082084F88801C4F868310220B4
:1062D80049F6010384F88901A4F8823201202123B8
:1062E80084F88B0184F88A2104F5B07084F881223F
:1062F80084F8843204F5AA71FBF772FA2046BDE8E7
:106308001040FFF76DBC00BFF4000020F0B54E78D8
:10631800202E0D468BB0044601F10C013AD83246C6
:1063280001A807F007FC01ABC6F12102002198196A
:1063380007F04AFC444B9DF8222093F8353033335C
:106348009A427FD19DF82330442B7BD1BDF8203071
:10635800F62B02D0B3F5FA7F74D1B4F87027A4F8FD
:1063680070379A421CBF002284F87527012284F8EE
:106378006D276A7984F87227AA7984F87327F62B2F
:106388004FF0020284F8742713D0B3F5FA7F40D097
:10639800002337E00B4601AA05F12C071868596855
:1063A800164603C60833BB423246F7D11B78337012
:1063B800C0E7264B186803685B6A98470028E7D04F
:1063C8009DED037AF0EE087AB4EE677AF1EE10FAF2
:1063D8001BD1DFED1F7A9DED047AB4EE677AF1EEFA
:1063E80010FA12D1DFED1B7A9DED077AB4EE677AC9
:1063F800F1EE10FA09D1002384F874379DF824309F
:10640800012B13D184F875371CE0002384F8743706
:10641800BEE79DED077ADFED0F7AB4EE677A0023C9
:10642800F1EE10FA84F87437B2D1E7E7022BAFD156
:1064380094F87527002AABD084F87537064B1B688B
:10644800C4F878370BB0F0BDF4000020EC3D002014
:106458000000884288AC9649045600204FF47F43D8
:1064680003800023C0E90133C0E9033343610376A5
:106478007047000038B50023C0E90733C0E9553339
:106488004362C0F85C310446FAF73AFF254B987826
:10649800022845D0431F58425841FEF791FA40F26E
:1064A800FF13A4F8EC34204B1B68002503F57A731E
:1064B800C4F8F43604F20470C4E9A255C4F8905242
:1064C800A4F8EA54A4F8E854C4F8F05684F8FC5642
:1064D80084F81857C4F8F856C4F80057FAF754FD6A
:1064E80084F81957294604F21A70402207F06CFB09
:1064F8007D2384F85A57C4F85C5784F86057C4F869
:106508006457C4F86857A4F86C37A4F8725784F82D
:106518007557C4F878572046BDE83840FFF79EBF46
:106528000120BAE7980000200456002010B40F4A52
:1065380092F82E20B2B10278A2B10D4A0169126810
:1065480040F6C414511AA14203D95DF8044BFFF771
:1065580085BF416831B94169511AFA2982BF426140
:10656800012202765DF8044B704700BFF40000205A
:10657800045600204378032B06D1C068B0F5834F3A
:1065880034BF002001207047002070477FB50B46BC
:10659800374991F82D1000F128060229044600F128
:1065A8001C02314668461BD1FEF746FE9DF80030B6
:1065B800022B5BD104F5B075324669462846FAF7D6
:1065C800ADFED4F8683123F07F436E2B43D1294BBD
:1065D8009A78052A3DD8DFE802F03034380630389A
:1065E800FAF7F2FFE2E75A6CB2F5613F94BF002276
:1065F80001222046FFF7BEFFC8B9C2B194F86E3138
:10660800012B14D894F87231042B10D11A49102296
:1066180004F27B1007F09CFA48B9782384F8883193
:1066280084F8823184F87C312846FEF79BF92046AD
:1066380004B0BDE87040FFF7D3BA5A6CB2F5E13F39
:10664800D4E75A6CB2F5614FD0E75A6CB2F5164FE1
:10665800CCE70122CDE74C2BE9D1084B1B78002B66
:10666800E5D0B4F88831B3F5FA4FE0D104B070BD85
:10667800F4000020980000206AE1000808140020B7
:106688004378032B0FD1D0E902232AB1B3F5834F06
:1066980034BF00200120704744F2BF12934294BFD8
:1066A800002001207047002070474378032B07D152
:1066B800C06844F2BF13984294BF0020012070477D
:1066C800002070472DE9F04F844B0446ABB0844856
:1066D8001D68FDF7DEF9D4F8683740F6C312EB1AE7
:1066E800934204D894F96C37834200F0B6807D4E0B
:1066F800C4F86857B17884F86C07052998BF7A4BB5
:106708008DF819009CBF33F81180784B8DF817105D
:1067180098BF33F8115023788DF814304FF00003E8
:106728004FF006078DF815304FF07F0388BF00251E
:106738008DF818303A46B6F84A30ADF80C300DF1FD
:106748001A0088BFA846ADF80E308DF81670FAF713
:1067580017F97178DFF898913A4608A8FAF7E6F839
:106768005F48ADF81080ADF81250FDF77BF9404254
:106778008DF826005A48FDF775F94042C2B2204606
:106788008DF82720FFF791FF04F5B07504F5AA7678
:106798008046002864D099F835309DF826109DF978
:1067A800190000913333BDF80C1084F88721DDF807
:1067B8001A209DF815B09DF816E09DF817C09DF9B0
:1067C8001870BDF80EA0BDF81090BDF812800193A6
:1067D800A4F86C119DF81430009984F87901C4F874
:1067E8007A210898BDF81E2084F8743184F886113F
:1067F800A4F87E21A4F86EA1A4F87091A4F872817F
:1068080084F875B184F876E184F877C184F87871F2
:10681800C4F88001BDF82420A4F88421019A84F8E2
:106828006521442284F86621D4F8682184F88132ED
:106838004EF68E21AB2361F3170284F88332C4F835
:10684800682184F882B21C23284684F884323146B1
:10685800FAF7C6FF2046FFF7C3F92BB0BDE8F08F63
:106868000146642211A807F0AFF90DF10C0CBCE841
:106878000F000AAF0FC79CE807006FF02E0387E8E8
:10688800070084F86C3199F8357094F8009084F812
:106898006D811C2384F87031802284F86E9184F80D
:1068A8006F810AA904F2711007F044F9442384F8AF
:1068B8006631D4F8683184F8819240F2811262F32B
:1068C80017033337FFB2C4F868314FF41343A4F801
:1068D800823284F865718523B6E700BF045600202C
:1068E800AC3E00209800002034E5000840E5000890
:1068F800F40000202DE9F04F8E4B1A68D0F8643769
:106908002DED028BD31A122BA7B0044640F20D814D
:10691800DFF83892DFF82CB299F80010C0F8642735
:106928008B1E594259419BF9A000F9F704FE99F8CA
:1069380000109BF9A23001938A1E5142514106462C
:106948009BF9A600F9F7F7FD9BF8A4300290012BFC
:106958009BF8A53078480CBF03250125012B9BF82F
:10696800AA300CBF45F0080545F00405012B9BF83B
:10697800AB3008BF45F01005012B0CBF45F02005D2
:1069880045F04005FDF7A8F807EE900AB8EE670A4B
:10699800DFED6A7A20EE270A07F05EF8DFED687A05
:1069A800684894F800A020EE278AF9F742FD80464F
:1069B8006448F9F74CFD99F800300746022B204649
:1069C8000CBF9BF8A9904FF00009FFF76EFE5E4BD5
:1069D80093F835303333DBB2039304F5B07B04F519
:1069E800AA730146002849D0002284F86F21019A31
:1069F80084F87321029A84F875217F2284F876211D
:106A080084F8782184F87A2118EE102AC4F87B21BA
:106A1800C4F87F21039A84F865214422FF2184F871
:106A28006621D4F8682184F8771184F879114EF634
:106A38008D2161F31702C4F868214FF46062A4F84D
:106A480082221722A4F86C5184F86EA184F8708110
:106A580084F8717184F8726184F8749184F881A261
:106A680084F8842258461946FAF7BAFE204627B019
:106A7800BDEC028BBDE8F04FFFF7B2B86C22049072
:106A88000BA8059307F0A0F84FF67F72ADF8222007
:106A9800ADF824207F228DF8262018EE102ACDF894
:106AA8002720CDF82B206FF02F020499019BADF819
:106AB800185084F86C2125788DF81B1017228DF852
:106AC8001F3084F86D11029B84F86F1184F87021CF
:106AD80006A9802284F86E5104F271108DF82130D5
:106AE8008DF81AA08DF81C808DF81D708DF81E6029
:106AF8008DF8209007F01EF8442284F86621D4F817
:106B08006821039B84F8653140F2811161F3170213
:106B1800C4F868214FF41342A4F882228522059B09
:106B280084F8815284F884229CE727B0BDEC028B5C
:106B3800BDE8F08F04560020EC23002000005039F7
:106B480000247449F03D0020F4000020F7130020D1
:106B5800F0B54E78082E85B005460C4601F10C07B5
:106B680017D83246394601A806F0E4FF01ABC6F152
:106B780009020021981907F027F89DF80930032B1E
:106B880005D162792A70064A12682A616B7005B0CD
:106B9800F0BDC86879683A7A01AB03C31A70ECE7AC
:106BA8000456002030B5037895B004461BB34A79E3
:106BB8009A4220D14D784D2D01F10C011DD82A465D
:106BC800684606F0B7FFC5F14E0200210DEB05003F
:106BD80006F0FAFF049B6360190EC3F3072242F222
:106BE800107000FB0122C3F30743642101FB032358
:106BF800E360059BA36015B030BD4E22684606F0E1
:106C080099FFE7E78A68C2F317024C2A14D0942A3E
:106C180009D09AB90A4A92F82E207AB18B79012BB9
:106C28000CD1FFF795BF064A92F82E2032B18B7926
:106C3800012B03D1FFF7B6BFFFF768BB704700BF52
:106C4800F4000020B0F8EA34B0F8E824F0B5D21A1D
:106C580093B2120444BF03F500739BB2DD2B85B0D9
:106C6800044609D82A4D00F5257600F522772868CC
:106C780003685B69984708B905B0F0BD28680368E0
:106C88009B699847D4F8F02601320346C4F8F026E9
:106C980031463A466846FAF797FC9DF80030022BD1
:106CA800E5D104F57075324669462846FAF736FB91
:106CB800184B93F82D3004F27C76022B2946304687
:106CC8000FD1FDF7FBFF00239AB282420CD30023B9
:106CD80029462046C4F8F03605B0BDE8F040FFF775
:106CE80091BFFAF7BEFAEEE7B4F8E814B4F8EC741A
:106CF8004A1C3A40B4F8EA7497421EBF0919F75C77
:106D080081F8EE7403F1010318BFA4F8E824DBE767
:106D1800EC3D0020F40000202DE9F0414B4BDFF85A
:106D280038811E6898F80030494F022B1EBF002397
:106D3800A0F8EA34A0F8E83497F82D30013B012B8D
:106D4800044600F28180FFF77DFF97F82E50002D52
:106D58005BD098F80030022B4BD1012D3ED0022D8C
:106D680042D000252046FFF7E1FB94F8193743B1DC
:106D7800002384F8193797F83030012B4FD0022BB5
:106D880050D015B12046FFF7FFF894F86D372BB1B6
:106D9800002384F86D372046FFF724FA94F87537F6
:106DA800022B11D1D4F87837F61AB6F57A7F0BD9B9
:106DB800B4F87037F62B3ED0B3F5FA7F3DD00023F8
:106DC800A4F8703784F87537237E002B3CD0002355
:106DD80023762046BDE8F041FFF750BA31462046F9
:106DE800FEF7A8FF0546BDE731462046FFF746F8FF
:106DF800F8E7D4F8F436F31AB3F57A7F08D2002509
:106E080004F20470FAF7C0F8ACE7C4F8F466F7E7E0
:106E18003223C4F8F46684F8FC360125F0E7FFF75E
:106E280001F9AEE7FFF77AF92046FFF763FD204640
:106E3800FFF748FCA5E7FAF71FFF064B1A79002A67
:106E4800BDD101225A71BAE7BDE8F081045600208D
:106E5800F400002098030020F713002070B54C8838
:106E6800B4F5427F4FF000030AD80D780B2D73D884
:106E7800DFE805F0060D1A2A2D30363952555969C2
:106E8800A2F1240462424B8062410A7007E04D2A55
:106E980001D0582A06D1027002230B70002380F813
:106EA800093333E00023F8E702F0FD033C2B01D05F
:106EB800212AF7D1037842704D2B0CBF08230323F6
:106EC8000B7000238370E9E782700422DDE782807B
:106ED8000522DAE7838803EB022383800623DCE7B5
:106EE800C2800722D1E7C38803EB02239BB2002BA1
:106EF800C3800CBF0B230A230B7000234B80012394
:106F080080F80933C388B3F5407F01D8002002E038
:106F180000200870488070BDC2800922B5E70A23A6
:106F280082800B70EBE7B4F5407F3CBF24182272D7
:106F38004B8801339BB24B80C2889A429CBF0B237B
:106F48000B700123ABE780F808230B704B800223FA
:106F580080F809330120DEE70B704B80D6E7CB8839
:106F6800B3F5407F70B531D8242303700B78437094
:106F78004B7883700B784D2B14D1CB88C3708B88DA
:106F8800037105230022CD88D4189542A6B210FAC1
:106F980084F415D891F808232270CA880132981809
:106FA80080B270BD8B78C3708B8803718B881B0A85
:106FB8004371CB888371CB881B0AC3710823E1E72F
:106FC8008C180132247A845592B2DCE70020E8E775
:106FD8002DE9F74F16464A88B2F5427F04460D461A
:106FE8002ED80B780A2B0FD9A3F16402032A03D9F0
:106FF8000020287068802DE0653B8F4F022B33D826
:10700800DFE803F063A4A70000210A2BF0D801A051
:1070180050F823F04970000863700008F96F000801
:10702800F96F0008A7700008B5700008C170000863
:10703800C7700008F96F0008F96F0008357100087B
:10704800A6F124077E424FF000007E4168802E7032
:1070580084F8090303B0BDE8F08F6F2E0CBF6423DA
:1070680000232B700020F3E716F0040F14BF4D2304
:1070780058233E7023703A78D1070ED412F0020FCD
:1070880014BF21233E236370C2F3C003D20648BF56
:1070980043F00203A3700423E3E73C23F3E7A6804D
:1070A80005232B7084F809130020D3E7A38803EB8A
:1070B8000623A3800623D4E7E6800723F1E7E388C5
:1070C80003EB0623E3806523CBE70DF106007E7012
:1070D800FAF7C2F83978FAF7B7F8A7882179FAF7F2
:1070E800B3F8390AFAF7B0F8E788A179FAF7ACF8F3
:1070F800390AFAF7A9F89DF80630B34206D00023FA
:107108002B706B80032384F80933CDE7002F0CBF65
:1071180066230A232B70012384F8093300236B802C
:10712800E288B2F5407FBFD92B70BDE7B2F5407F4A
:107138003CBF121916726B8801339BB26B80E288D0
:107148009A4201D866232B700123DCE77E806723EF
:10715800F9E7B7F8028097F8009008EB06284FF691
:10716800FF730DF106001FFA88F84946ADF806309E
:10717800A7F80280FAF702F82679B4F804A0314695
:10718800F9F7FCFF4FEA1A21F9F7F8FF94F806B06F
:10719800B4F806A05946F9F7F1FF4FEA1A21F9F7B2
:1071A800EDFF797804F10807F9F7E8FF5246394608
:1071B800F9F7F0FFBDF8063043453AD119F004005D
:1071C80015D086EA0B01E21D002398B2824584F8A7
:1071D800081307D80223012000222A706A8084F845
:1071E800093337E712F8010F01334140EDE7A17881
:1071F800F9F74CFA217984F80803F9F747FAA188D6
:1072080084F80803090AF9F741FAA17984F8080310
:10721800F9F73CFAE18884F80803090AF9F736FA1D
:10722800E28884F808033946F9F736FA84F808033F
:10723800D0E703230020CFE7B83C0020CB88B3F584
:10724800407F2DE9F04104460D464AD84B783C2B47
:1072580040D0A3F12100434243415B002A784D2AE4
:10726800AA7808BF43F00403D10748BF43F00803D6
:1072780092074FF02402227048BF43F010036F2298
:107288006270A370AB88E370AB881B0A2371EB882C
:107298006371EB88A71C1B0AA3713846FAF724F917
:1072A8000822E071E988A2F108039BB2561C8B42C0
:1072B800B6B204EB02080FD3063189B23846F9F7A3
:1072C80083FF88F80000000AA055E8880A3080B2D9
:1072D800BDE8F0810123C1E72B441B7AA354324651
:1072E800E0E70020F4E730B4BDF80C40B4F5407F87
:1072F80003D8039430BCFAF70FB9002030BC7047AC
:1073080010B5044624202070582060702371002096
:107318001B0AA170E2706371A071E0710522E11C83
:10732800F9F7BAF92072092010BD00002DE9F04FD5
:107338000025DFF8E4A00D80D71891468FB080466D
:107348000C462B462A464FF0FF0BB94502D10FB029
:10735800BDE8F08F19F8010B3B28114609D001321E
:107368003831D2B26944202A01F8300C08BF002213
:10737800EBE738326A444FF0000102F8301C00266F
:10738800F2B25AF83610019302A80092F8F720FFDB
:10739800DDE90023A0B9FF2B1FBF2388591C2180DA
:1073A80008F803B023880AEBC606591C218008F8A0
:1073B80003203379142B01D8189AD554FF231BE0E6
:1073C8000136372EDCD1FE2B06D023885A1C2280AA
:1073D8006FF0010208F80320002602A8F8F702FF60
:1073E800721CF6B2B04223880AD85A1C22804FF089
:1073F8003B0208F80320FE230135EDB20022A4E782
:10740800591C218006F138010DEB010616F8301CD5
:1074180008F803101646E0E788FC000840F2FF333E
:1074280070B50025A0F820367D2380F8543A04462C
:107438000560C0F80E53A0F81E56A0F81C56A0F818
:10744800425AA0F8445A80F8465AC0F8485AC0F838
:107458004C5AC0F8505AC0F8585A00F667210346EB
:107468000A2600F66D2011F8012F0AB1B6FBF2F2D8
:10747800814283F8702A83F8715AC3F8745A03F169
:107488000803F0D11522FF2104F52A6006F09CFBC1
:10749800C4F8B85A70BD0000F8B5134A044692F80B
:1074A8003000F8B192F82B2003B1DAB18E1E04F542
:1074B800226701F11E0536F8020FF9F783F8AE428C
:1074C80027F8020FF7D1012384F8423A94F8453A95
:1074D80083F0010384F8433A94F8463A83F00103B1
:1074E80084F8443AF8BD00BFF400002070B5061DCA
:1074F80004460A4601463046FFF76AFD18B304F60B
:10750800BC2531462846FFF72AFD0F4B024618686E
:1075180001680E692946B04763793C2B13D121894C
:107528000A4804F65A2304F66622A4EB8404A4F558
:10753800F7541C3C33F8025F8D4204BF056844F8D9
:1075480023509342F6D170BDEC3D00200456002034
:1075580070B5124890F82D00451E012D0C460AD82A
:107568000F4E8D18AC4200D170BD14F8011B304687
:10757800FFF70CF8F6E7032809D10A4E8D18AC423C
:10758800F2D014F8011B3046FFF7B0FFF7E7064BBF
:1075980018680368BDE870401B691847F4000020AC
:1075A80038260020E02E0020EC3D0020B0F81C36E4
:1075B800B0F81E269B1A98B21B0444BF00F58060E1
:1075C80080B2003818BF012070470000094B93F8BB
:1075D8002D305A1E012A02D80748FEF715BB032B87
:1075E80002D10648FFF7E2BF054B186803685B69DC
:1075F800184700BFF400002038260020E02E0020A5
:10760800EC3D002070B500F6BC240B4602223C215C
:107618002046FFF775FE054B0246186801680D699C
:1076280021462B46BDE87040184700BFEC3D0020BE
:10763800114B37B51A68D0F8483AD31A122B19D912
:10764800C0F8482A00F6BC24202300F62220019323
:107658000090C82303223C212046F9F7F1FE074B8E
:107668000246186801680D6921462B4603B0BDE83B
:107678003040184703B030BD04560020EC3D0020D0
:107688007FB5234B1A68D0F84C3AD31AC72B044657
:107698003CD9204DC0F84C2A4FF480732846ADF8E9
:1076A8000830F8F7B4FE06461B48FCF7DBF901463C
:1076B8003046F8F7D1FF8DF80A002846F8F7A7FEFC
:1076C800F8F7C4FF95F8A9308DF80B0028468DF817
:1076D8000C30F8F7AEFE8DF80D002846F8F7A0FE3E
:1076E800072304F6BC24019302AB8DF80E00009327
:1076F800032241F20D033C212046F9F7A1FE074B76
:107708000246186801680D692146A84704B070BD93
:1077180004560020F03D0020AC3E0020EC3D002047
:1077280030B5214B044687B020481D68FCF7B1F9F5
:10773800D4F8503A40F6C312EB1A934203D894F99E
:10774800543A83422DD0C4F8505A002384F8540A7E
:107758008DF80830F8F7C2FF154DADF809006978C3
:10776800ADF80B0004220DF10D00F9F7DFF8A97848
:1077780006220DF11100F9F703F90F2304F6BC24D2
:10778800019302AB0093032241F20E033C212046F1
:10779800F9F756FE074B0246186801680D6921463D
:1077A800A84707B030BD00BF04560020AC3E0020FB
:1077B80098000020EC3D002030B50A2485B0012552
:1077C8002246CDE9004503234FF400614FF0904075
:1077D800FAF750F922464FF48051CDE900450323CA
:1077E8004FF09040FAF746F9114AD2F8883023F062
:1077F800407343F08073C2F88830D36843F4801331
:10780800D3604FF4805005F0A5F904464FF000709E
:10781800F9F77CFC074902AA204603F069FD002815
:1078280004DB022202A9002003F0AAFA05B030BD49
:107838000010024040420F0010B50446FAF712FA51
:10784800014B1B68E36010BD00ED00E0054B0649E5
:107858001A68064801FB020020F000401860000C7E
:10786800704700BF28000020FD430300C39E260088
:107878001FB5684603F092FC002807DDFBF72CF9DA
:1078880002460B460348694602F0F8FF05B05DF86A
:1078980004FB00BFC803002008B5074802F00DFE2E
:1078A80048B1064B196803F0F7FA20B1BDE8084063
:1078B800014802F006BE08BDC80300200456002097
:1078C80030B5054687B0144802F033FD01248DF821
:1078D800084050B9114B4FF48072CDE9002321467E
:1078E800684603F0B3FC07B030BD0B4802F021FD39
:1078F800030203F4FE4343F4C03343F080032A78C1
:107908000093064B0193002AE9D0054A0224CDE9E9
:1079180003238DF80840E2E7C803002080FFFF003A
:1079280000B90B0037B500250170C0E90555458041
:1079380005710572C5600574057780F820504562A9
:1079480080F82850C5858585A0F83458A0F83258A5
:1079580080F8505CC0F84C5CC0F8485CC0F8445CE7
:10796800C0F8405CC0F83C5CC0F8385C0446FFF7DF
:1079780023FF104B00931049104B114801954FF409
:10798800805202F0A8FC23781BB10D48442102F074
:10799800C9FC0B4802F0CDFCB0FA80F04009207712
:1079A8002046FFF78DFF03F0C5FB03B0BDE830406C
:1079B80003F064BAA1180008F4030020F593000846
:1079C800C80300200000000070B5044686B0604877
:1079D8000E46154602F0ADFC002874D05D49E368F8
:1079E8000A68D31A122B6ED95B4BE26093F82B30DE
:1079F80025B1002B67D01D1F18BF0125574B1B78D9
:107A08006D00A4F8585C022B4FF00005A4F85A5CEE
:107A18002AD15348FEF734FE002800F08A80514AE4
:107A280013780133DBB2022B94BF137015701378EF
:107A3800012B4AD14C4D2846F8F7FBFC95F8A430A9
:107A480084F85A0C012BB4F8583C04BF60F07F004E
:107A580084F85A0C43F00403A4F8583CB4F8583C92
:107A680043F00103A4F8583C1023B21E84F85C3C90
:107A780004F65C411E3640F2592032F8023FA3F565
:107A88008063434348BF03F2FF3302319B1203F282
:107A9800DC5396420B80F0D104F55E6504F658403D
:107AA8002946F8F7B0FF082380B21C44029340F23D
:107AB8007443CDE9035000932548019422A3D3E9E8
:107AC800002302F07BFC06B070BD022B25D12748AD
:107AD8000D68FBF7DEFF264A136840F6C411EB1A5F
:107AE8008B42244B03D893F9001081420AD01870B6
:107AF8001560F8F7E1FDB4F8583C84F85A0C43F0E7
:107B08001003A9E71848F8F78BFCB4F8583C8038FC
:107B180084F85A0C43F00C039EE71348F8F777FCF7
:107B2800F8F794FDB4F8583C84F85A0C43F008036D
:107B380092E70D48F8F76BFCF8F7E5FC84F85A0C67
:107B48008CE700BFAFF30080CFB4AA96E555157750
:107B5800C803002004560020F4000020F71300207A
:107B68003826002031000020F03D0020AC3E0020E7
:107B7800900300203000002070B500239CB2A24280
:107B880005D8D0F83C3C1344C0F83C3C70BDB0F874
:107B98003258B0F836686C1C3440B0F83468A642E5
:107BA8001EBF2D18CE5C85F8386803F1010318BF95
:107BB800A0F83248E2E700000148FFF7DDBF00BF48
:107BC80008140020D0F8383C828D0133C0F8383CC6
:107BD800C38D9A421FBFC218018E92F8322001331A
:107BE80016BF0B400022C385104670470148FFF7B7
:107BF800E9BF00BF08140020194B30B51B684FF4CB
:107C08007A72B3FBF2F3174AC0F8583C0023A0F885
:107C18005C3C80F85E3C1388A0F8603C00F55E652B
:107C280087B001332946044600F658401380F8F718
:107C3800C4FF1823029380B2043440F25513CDE9EF
:107C480003500093019404A3D3E90023064802F0EB
:107C5800B5FB07B030BD00BFF1C6A7C1D068080F9B
:107C68000456002094030020C803002000000000F0
:107C78002DE9F043344B16461B684FF47A72B3FB78
:107C8800F2F3C0F8583C40F201430025A0F8683CE4
:107C98000446012380F86A3C87B0A0F85C5C80F851
:107CA8005E5CA0F8605CC0F86C5CA0F8785C04F6D8
:107CB8008B5800F67A400F46FFF7BEFD2349404631
:107CC80005F014FF2249404605F018FF4FF05F0900
:107CD8004046F8F787FAEBB298421ED804F55E657D
:107CE80084F88A0D294604F65840F8F7C4FE0023A4
:107CF8000393B37E029306F11903019380B2012323
:107D0800CDE904500093F17E0DA3D3E90023384652
:107D180002F0B1FB07B0BDE8F0832344013593F8C6
:107D28008B2D202A08BF83F88B9D93F88B2DA2F109
:107D3800410119299CBF203283F88B2DC8E700BF69
:107D48009E6AC421818A46EE045600207BE1000821
:107D58002DE10008F0B51D4B8BB01F681546044691
:107D68000E46FFF773FD4FF4C87307F51677B0FB9F
:107D7800F3F202FB130317FA83F36361EB7E1BB97B
:107D88000023A3610BB0F0BD05A92846F8F73DFF15
:107D98000028F7D101A8FFF74FFD9DF8165001A95B
:107DA8002A460DF1170005F0E5FE0028E8D10F2D51
:107DB80005D86369A561A3F516736361E2E79DF8C9
:107DC8001410304602F0AEFADCE700BF045600207B
:107DD80070B5214B8CB005461C68FFF737FD4FF492
:107DE800C873AE69B0FBF3F204F5167402FB130016
:107DF800002E14FA80F0C6F1100414BF88238923DA
:107E0800E4B2686108A88DF81830FFF715FD062C54
:107E180028BF062408AB991922460DF1190005F070
:107E280089FE06AB039318230293013405F110036E
:107E38000193E4B201230093049405A3D3E900233A
:107E4800064802F0BBFA0023AB610CB070BD00BF5E
:107E5800401DA12026812A0B04560020C8030020BB
:107E6800F0B590F8283080F8593C314BB0F83258CA
:107E780093F82D30B0F83428013B012B94BF01232F
:107E8800FF2380F8583C4FF48073A0F85A3C294BE4
:107E9800AA1A5B6CC0F85C3C93B2120444BF03F5A9
:107EA80080639BB2782B28BF7823044680F8603C17
:107EB80087B00020C1B2994220DB04F55E652946EF
:107EC80004F65840F8F7D4FE1023029304F1200377
:107ED800019380B240F6B933CDE9035000931648B8
:107EE80011A3D3E9002302F069FAD4F8443C94F8CA
:107EF800602C1344C4F8443C07B0F0BDB4F83428EF
:107F080095421FBFA618B4F8367896F8386801323B
:107F1800214416BF3A400026A4F83428013081F8DD
:107F2800616CC7E7AFF30080E9A2A272EAE738B153
:107F3800F400002098000020C80300202DE9F0413B
:107F48000446FAF7C9FD804627480F4602F0F1F9C2
:107F580058B901232377254B1A6863699A422CD9AB
:107F68002046BDE8F041FFF733BF237F33B100233C
:107F780023772046BDE8F041FFF7A2BC1B4B1A68E7
:107F880094F82830DBB1B4F83438B4F83268F61A0B
:107F9800B5B2330444BF05F58065ADB225B9636A4F
:107FA800D31AB3F5FA7F03D962622046FFF758FF68
:107FB800658855B940F2E7336380BDE8F0816262B5
:107FC800A4F83438A4F83238F2E7013DADB2658040
:107FD800002DF2D1044842463B4602F07DFA204685
:107FE800BDE8F041FFF708BEC80300200456002092
:107FF8002DE9F041334E344D344FFAF7F5F8FAF7DE
:1080080089FDF9F741FFF9F72DFF06F12601304800
:1080180001F07EFAF9F7FCFFF9F764FF2D4B002415
:1080280080225A701C70FAF7A9FCC5E902442C6139
:10803800FAF740FA284B1C70F9F79AFE274B2848A4
:108048004FF400425A614FF04008F9F7D7FEFAF7AB
:10805800E7F8C7F8288041F28830FAF7E1F8C7F85E
:1080680018804CF25030FAF7DBF82846F9F7AEFEE4
:108078002146284603F0EFFA4FF47A70FAF7D0F861
:10808800FBF7BEFB1748FAF78BFD174B1748B3F8F9
:108098004810FAF78BFE96F83400013818BF012013
:1080A800FCF7ACFA124B186803685B68984796F8B7
:1080B800341010484B1E5942BDE8F0415941FFF7B2
:1080C80031BC00BFF4000020AC3E00200004004892
:1080D800BC3C0020EA2300203C00002000040140B2
:1080E800E0930400043D002098000020E93D0020B2
:1080F800EC3D002008140020184B4FF4004273B5E3
:108108005A611748174C4FF6FF7103F05DFB20606A
:1081180023689B0712D5144E35798DB11048082372
:108128006A46002103F071FAD6E90402DDE900137A
:108138009A4208BF884201D00023236002B070BD74
:1081480002236A460648294603F05FFA074BDA8B92
:10815800BDF800309A4218BF2560EFE700040140DF
:10816800AC3E00202826002098030020980000201C
:10817800034A00231370034A1370034A13707047AD
:1081880033260020E03E0020FC130020024A002392
:108198001370024A1370704733260020E03E002017
:1081A80008B5437E203B042B0FD8DFE803F0050E0B
:1081B800030B0F00FBF7DCFF064A01231370064A86
:1081C800137002E0054B01221A7008BDFBF70CFB87
:1081D800F2E700BF33260020E03E0020FC13002019
:1081E800034B1B78012B01D1FBF766BF704700BF1B
:1081F800332600202DE9F043814699B04148FCF729
:1082080003FB0646002867D03F4B1C78002C63D13F
:108218003E4B1B78022B5BD1DFF8088103AF254664
:108228004046ECB2FFF7D2F940B14046FDF718FDE1
:108238000135522D07F8010BF2D12C46344821465E
:10824800F8F732FF3348F8F729FF2E4F324DBB7845
:108258008DF800304FF0010895F8A4308DF80530FE
:10826800284685F8A5908DF806908DF80180F8F7D6
:10827800CEF88DF802002846F8F7DBF88DF80300F1
:108288002846F8F7E4F8254BDFF89C9019788DF824
:1082980004000222072313FB0123D3408DF8093081
:1082A8000EB3194B1B78CBB91D48234603AA694660
:1082B800FBF714FE1848012389F80030F8F7D5F8C1
:1082C8001548F8F7DBF80123FB7019B0BDE8F08317
:1082D8001448FDF7FDFCB8E70024B6E710486946E6
:1082E800FFF77EFFE6E799F8003003B9FEE70C4890
:1082F8006946FBF707FD284689F80080F8F7BAF8C1
:108308002846DEE7C43E0020E03E0020F7130020A8
:10831800543E00202C3E0020F03D0020313D00203E
:108328008E3D0020400000207903002070B5CB78F6
:10833800364EC3F3800386F8AA308B79C3F3000363
:1083480086F8AB300B79054603F00303C8785B0168
:1083580043EAD0000C46F8F7D0F886F8A60023794F
:10836800C3F3800386F8A7306379227903F0010309
:108378005B0143EAD20386F8A8306379C3F3460366
:1083880086F8A930E37803F00202002A204A14BFD5
:108398000121002111700DD0A27803F001039B0088
:1083A80043EA9213032202EB83030722B3FBF2F39F
:1083B800184A5370184821461DB9BDE87040FBF7AC
:1083C800D5BBFBF712FCA37803F03003202B04D1B4
:1083D8002046BDE87040FFF7E3BEFFF7D7FE0F4B1E
:1083E8001B78022B10D1A2790D4804F1190152080B
:1083F800FFF7AEF8A1790B484908F8F755FEBDE834
:1084080070400948F8F74ABE70BD00BFF03D002033
:10841800F23F0020313D00200C3D0020F7130020E2
:1084280040000020683E0020403E002073B505460D
:1084380060B9204B20491C782048037953B1012C9E
:1084480036D002B0BDE87040F8F7D6BF1C4B1D49C6
:108458001C78F1E75CB91A4B1B491B780193154B43
:108468001B780093224623460D20FCF775F9012C52
:10847800164B174E13D08A78C2F3C0025A700222E4
:108488001A70E31E58425841FFF750FF3046F7F77D
:10849800B8FF032C04D13046F7F7B6FF00E01C7094
:1084A8000B4886F8A45002B0BDE87040F7F7A7BFA4
:1084B80002B070BD302600203C3F00209803002009
:1084C80031260020973F002081E10008C43E0020AB
:1084D800F03D00200A4B1A7910B504462AB101462E
:1084E800BDE810401846FCF7C1B8FFF783FE054BFE
:1084F80005491B7F20465B22BDE81040FCF796B873
:1085080098030020980000208E3D0020264B1A7901
:1085180070B505460E4632B10A46BDE870400146C0
:108528001846FCF7EFB9214A21495B23FCF774F898
:1085380015BB1F48FBF7E6FA044640B31D491E4821
:10854800F9F7FAF905F130011B48C9B2F9F7E8F96A
:108558001A491948F9F7F0F9204602F055FF014683
:108568001548F9F7E9F914480A21F9F7D9F9012C5E
:1085780004D11348FCF738F90C48DBE7042C0FD07A
:10858800012428460F49FCF7AFF8204670BD2EB1EC
:108598000D48FAF7BBFB0CB10224F2E70324F0E71D
:1085A800002EF9D0F4E700BF98030020973F002081
:1085B8003C3F002093E10008340000209AE10008C5
:1085C8009CE10008F03D0020E93D0020024B1878AE
:1085D800831E584258417047F713002070B5002396
:1085E8009CB2A24200D870BD058886886C1C3440B5
:1085F8004688A6421EBF2D18CE5CAE7103F101035A
:1086080018BF0480ECE70000B0F81E36B0F81C264E
:108618002DE9F04FD21A93B2120444BF03F58063D8
:108628009BB2E62BADF5057D04460AD8754E00F2DF
:108638001C6704F21238306803685B69984705467E
:1086480018B90DF5057DBDE8F08F306803689B69A2
:10865800984704F20E3102464046FEF7FFFB002819
:10866800E9D094F813333E2B75D1B4F81633B3F52B
:10867800005F38D194F8983A002B6CD104A804F222
:10868800273A04F69F299E4619464FF0010B0360CE
:1086980019F8012FFF2A0ED04FEAD20C02F0070278
:1086A8001AF80CC04CFA02FC1CF0010F1EBF0BFAA2
:1086B80003F21143AE460133152BE9D1BEF1000F89
:1086C80000D0016004F6BC290423CDE9000302228E
:1086D8003E2142F6FF734846F8F71EFF4946024618
:1086E8003846FFF77BFFB4F816A3BAF1740F23D10D
:1086F8000DF1100B04F52A630025009304F21A32D9
:10870800B4F81833ADF80E500DF10E015846FEF7C7
:108718000DFEBDF80E3084F8985A04F6BC29CDE950
:1087280000B302223E2153464846FEF7DCFD494687
:1087380002463846FFF752FFB4F8162343F2010306
:108748009A4208D194F81233582B04D12E4B1D7934
:10875800F5B901225A7194F81333212B22D1B4F8B8
:10876800163341F20D02934214D041F20E029342A5
:1087780014D0002D3FF45DAF04F6BC2541462846D1
:10878800FEF75CFD294602463846FFF727FF50E70B
:108798000025E0E7012384F8453A4AE7012384F8F5
:1087A800463A46E73C2BE4D1B4F81693B9F1440FA6
:1087B800DFD194F81233582BDBD13068D4F81A5330
:1087C80003685B6A984700283FF433AF0F4B9D421C
:1087D8007FF42FAF0E4B1B68C4F8B83A04F6BC25DB
:1087E8000023CDE9003302224B463E212846F8F704
:1087F80027FE024630680168D1F810802946C04734
:1088080017E700BFEC3D00209803002091D5120027
:10881800045600202DE9F0473A4B1B78022B0446FA
:108828000CD00023A0F81E36A0F81C3690F86D3A3C
:1088380013B10A22B2FBF3F384F8983A324B93F857
:108848002D30032B2DD12046FFF7DEFE94F8422A67
:108858003AB1002384F8423A2046BDE8F047FEF7D3
:10886800E7BE94F8433A33B184F8432A2046BDE87A
:10887800F047FEF705BF94F8448AB8F1000F06D018
:1088880084F8443A2046BDE8F047FEF749BF1F4B3D
:108898001E68D4F8583AF31A632B04D8D4F8B83AB7
:1088A8004BBBBDE8F087C4F8586A254604F65C2738
:1088B80004F1300940F6AB5A95F8702AAAB195F838
:1088C800713A0133DBB29A420BD885F8718AD5F830
:1088D800743AF31A534508D939882046FEF792FEB0
:1088E80003E085F8713A002BF1D008354D4507F1C2
:1088F8000207E1D1D2E7F61AB6F57A7FD1D9F9F7AE
:10890800BBF900BFF7130020F40000200456002034
:108918002DE9F043964D2B78012B85B000F2ED80C0
:108928000BB9F9F711FAFFF763FB924B924F1868EE
:10893800796C03689B689847904B00221A809A705C
:108948004FF0904301229A6207244CF25030013CC8
:10895800F9F7BCFAF9F764FC14F0FF04F5D188487C
:1089680002F0D6FF013880B24FF6FD73984203D962
:1089780084490120FBF7E8FE834B84491C60844B43
:108988007F481C60FBF794F88248FBF715FC97F8C2
:108998002020202A00D9FEE797F828007E4E796A21
:1089A800B7F82C9097F829C097F82A30B0710528A5
:1089B80000D9FEE7DFF8448258F830E0BEF1000F36
:1089C80000D1FEE708EBC008C6F808E098F804E014
:1089D80098F8058086F807E086F80C8086F8D500B8
:1089E800A6F80E9086F8D440B9F1000F00D1FEE742
:1089F800724524BF0EF1FF3E5FFA8EF205287274AD
:108A080000F0A280012800F2A7800CF1FF30C0B26C
:108A180000F09180022813D8581EC0B2032809D844
:108A28000C2A01D90C207074707C904200D97274A1
:108A3800644608E0122A84BF122373740023F3E704
:108A4800052B28BF002354482246F8F703FA0024D0
:108A5800524B34745048FF261E705E70FBF73CF88A
:108A68000146474802F01AFE4D4B4E481C704E4BCB
:108A78001C704E4B1C804E4B1C704E4B1C704E4B4A
:108A88001C704E4B1C704E4B1C704E4B1C704E4B4A
:108A98001C70FFF76DFB4D4BB7F84A201C704C4B10
:108AA80097F840101C704B4B1C70B7F84830F7F71C
:108AB8006CFCB7F848104848F7F799FF4748FBF7A8
:108AC8009BFE474B474893F8291000F02EFD464877
:108AD800FDF7D0FC4548FEF7A1FC2948FAF7D9FF75
:108AE80001464348FBF740FD02F0A2FB414B1C80C6
:108AF800414B1C80F9F7BEFF2E70F9F7C5FF00281F
:108B080000F0A180294A13880BB1013B1380264B42
:108B18001A4A19781388022922D12BB3013B9BB238
:108B280013809278002A6BD0002B72D1F9F7C2F922
:108B3800F9F7CCF96DE0022804D80C2A01D90C23E6
:108B48007374644600237EE70CF1FF33022BF9D8D7
:108B5800082AF6D90823F3E70F48F8F721F976E74A
:108B6800002BDBD1C723DBE740F2F313D8E700BFC4
:108B7800303D0020EC3D0020980000202C260020ED
:108B8800AC3E0020BEE10008242600209C00002006
:108B98002826002098030020EC230020313D0020E7
:108BA80032260020F03D0020F7130020FA130020A1
:108BB800F8130020F4130020F5130020F61300200A
:108BC800312600203026002034260020FF13002004
:108BD800FE13002020260020CC3E0020C43E0020AA
:108BE800F4000020BC3C002038260020E02E0020A5
:108BF800EA230020DC3E0020DE3E00204CE5000891
:108C080002294FF0904052D10BB9F9F753F90123DB
:108C180083628A4C2388002B4ED0013B9BB2884844
:108C28002380FBF73FFB8748FAF733FF0146864866
:108C3800FBF79AFC8548FFF781F923881BB984491B
:108C48008448F8F779FE844C844E2178002936D080
:108C580002295ED03368002B00F097802378032B1D
:108C680063D13368D8070ED57D4A00233360137863
:108C780043F0010111707B4A92F856200AB1990716
:108C880001D5002323703368002B7ED033687648E3
:108C9800764913F4804F59D00378326801930B78E2
:108CA80000932378724992B20520FBF755FD022202
:108CB8008262002BADD13BE740F2E733AFE76D4B63
:108CC8001B7843B16C4A137C507C0133DBB2984269
:108CD800137498BF11746848FAF7FEFE01465948A4
:108CE80002F0DCFC57484FF6FF71F9F77FF802F005
:108CF8005FFD00225348012102F098FD5A4A0123E2
:108D0800237000231370594A13705C4A1360336050
:108D1800A0E75B48FBF738FC5A4B187AFFF7DAFBF9
:108D2800032323704E4A0023EEE7012BABD13368AF
:108D38009A07A8D54C4B1978B1FA81F10020490956
:108D48003060FFF7E3FB494B18709CE733689B07DB
:108D580009D50378326801930B78009323784A4940
:108D680092B20120A1E7336813F0010309D0037818
:108D7800326801930B7800932378444992B2022019
:108D880093E73360237003700B70414B1A7802F03D
:108D9800FF06002A00F0AE8100201870334B1F78C0
:108DA80007F1FF3CDCF1000848EB0C083FB3FFF784
:108DB8003DFB344A0023012F137205D8354A137737
:108DC800D3831362344A13702A4D2A78012A6DD846
:108DD800012F12D9314F97F8A8303E2B18D82649C1
:108DE80097F8A770087C0FBB83420CD04A7C0B74A1
:108DF8009A429CBF00230B74B04600265FE0284BC4
:108E080001221A70D5E72748017841F00101017065
:108E18002549002A40F093803F2B224B0A704FF0DF
:108E2800010028BF032228701A7041E08342DDD177
:108E38001C48017841F00201E9E700BFDC3E002050
:108E480098030020AC3E0020EA23002008140020EC
:108E58007FE1000834000020322600202826002068
:108E680034260020980000203126002030260020DB
:108E7800C8E10008F7130020EC2300202426002076
:108E8800313D0020CC3E0020D5E10008E6E1000895
:108E9800FD13002038260020E02E0020F03D0020A1
:108EA800C43E0020F4130020F8130020012FA4D999
:108EB8007B4BB3F84C207B4B1A80022323702B7812
:108EC800002B64D1B8F1000F00D023707649744AA2
:108ED8000B78B2F84E200133DBB293420B70734B20
:108EE8000ADB1A7C587C0132D2B2904298BF002229
:108EF8001A7400220A70227093F8D420002A52D0E3
:108F0800B3F8D820B3F8D610013292B29142A3F840
:108F1800D82048D8002293F8D500D989A3F8D820BA
:108F280006220130C0B2062828BF002041FA00F707
:108F3800FF0734D55E4A52F83020EAB9FEE70B78CD
:108F48005C4801330278DBB20B706AB9544A92F874
:108F580050209A42ACD8584B1B78032B06D10223D9
:108F68002B7001230370A3E70522F2E7531EDBB23F
:108F78009A420B70F3D99BE783F8D500F8F7A0F86D
:108F88004E48FBF737F9002323702B785BB1454B2C
:108F98001B8843B9444A2B701370237003E0013ACD
:108FA80012F0FF02BDD1464B00221A702A78002A1F
:108FB80000F050811EB901221A7002232370414823
:108FC800FAF724FD2B78022B02D03F4B00221A70AF
:108FD8003E4A138813B9324BB3F84A30013B9BB26F
:108FE800138013B93A48F7F755FA3948F7F706FAEC
:108FF8002B78022B0BD03648F7F7AFF92B7833B91B
:10900800FFF7C4F8334A01231370334A1370334E01
:109018003046F9F7A9FD7278284B012A04D10021BE
:109028007170197901B95A712448FBF765F9FBF792
:109038007BF90128064607D002282DD0284B0522A7
:109048001A7005B0BDE8F083154F1C48FBF7F4F81B
:10905800B7F84830234A244803EB830303EB830320
:109068009B001380F9F752FE104AB7F8481082F8AF
:10907800D46041F28833B3FBF1F3A2F8D630002371
:10908800A2F8D8304FF09042022191619662174AB7
:109098002B7096702370D1E7154B01221A70CDE71B
:1090A80098000020FA130020F5130020EC2300207C
:1090B8004CE50008F6130020F41300209803002064
:1090C80020260020AC3E0020C43E0020DE3E0020CA
:1090D800F03D002033260020E03E0020043D002023
:1090E800FF13002094000020E93D00202C260020DA
:1090F800FC1300205A495B4A0B781BB1013BDBB2D9
:109108000B7013B11378002B49D0574E00231370FE
:109118003378564A022B08BF0121137818BF002163
:109128005CD10BB952480370524C1170524894F8F4
:10913800281000F025FA3378022B60D14F4E5048A2
:1091480032780392F7F763F907464D48F7F771F954
:10915800039A4C490023CDE90070474800F028FDE8
:109168004548FBF789FB3278474948480023FCF714
:10917800FFFC0023327844494548FEF78DF94249FF
:1091880044480022FEF720FC434B1B783BB994F877
:10919800263094F833203B494048FBF715FA364807
:1091A80000F019FE3948FDF7B7FD3948FFF732FBE3
:1091B800FEF75EFBFEF770FB394B1B78002B3FF484
:1091C80040AF3848FAF722FC4FF0904301240222BE
:1091D8009C619A61FAF7F8FA2C7032E7002BA3D059
:1091E8002D4B1B78002B9FD02F4B1B78002B9BD02F
:1091F8002A4B042058701E4B0120187094E72A4B04
:109208001B78F3B16FF07E030022CDE90032012311
:109218001A461C49184800F0CBFC174800F0C7F95B
:1092280001231A4618491948FCF7A2FC01231649DC
:1092380017481A46FEF730F9134916480122FEF777
:10924800C3FB0B4B1B78002BA9D1144B94F8262099
:109258005A70A4E7237813F0FD0F3FF4B0AEB4E6DC
:10926800FF130020FE130020F71300208A030020BC
:109278008B030020F4000020BC3C002020260020A6
:10928800F03D00200C3D0020E03C00203826002066
:10929800E02E002008140020F23F0020313D00207D
:1092A800FC130020AC3E0020F613002008B5FFF7A1
:1092B8002FFBFCE7038842889B1A98B21B0444BF23
:1092C80000F5006080B2704708B52C30FFF7F2FF58
:1092D800003818BF012008BD0148FFF7F5BF00BFDF
:1092E8000814002008B50248FFF7E4FF08BD00BFD6
:1092F80034140020F8B504463A480D4601F019F830
:1093080028B9D4F8483C0133C4F8483CF8BD04F601
:1093180058412846F7F7E8FC0028F2D1EB7E002BED
:10932800EFD0304894F8596C01F003F88642EDD13B
:1093380094F95A3C002BE9D12B4B93F82D305A1E47
:10934800012A2CD894F8583CFF2B01D0012BD8D1F6
:1093580094F828303BB1EA7E9A421EBFD4F8483CC4
:109368000133C4F8483CEB7E94F8605C84F82830FC
:10937800002DCBD0A38D268EE78D01333340BB4221
:1093880007D004F12C00FFF795FFC5F5006398425C
:109398000BDBD4F84C3C0133C4F84C3CB6E7032B48
:1093A800D6D194F8583CFF2BD1E7ADB2002304F690
:1093B8006140A18D4A1C324097421EBF091910F81E
:1093C80003C081F832C003F1010318BFA2859AB225
:1093D8009542EED8D4F8403C94F8602C1344C4F875
:1093E800403C93E7C8030020F40000200B7E012BCB
:1093F8000A4606D1CB8A012B14D101460A48FEF74A
:1094080037BC022B0ED1CB8A012B04D040F6B932DF
:10941800934204D0704701460348FEF79BBC0248BC
:10942800FFF768BF704700BF0814002038B5214B0C
:10943800214A1A60214B224A224C1A605A619A62C8
:10944800DA631A65204A5A669A67204AC3F88C205C
:10945800204600F051F81E4B23601E4B1E4C002284
:1094680040F2FF11C3F8E824C3F8EC141B4B606A00
:10947800C3F81C2640F2FF31C3F820167D2183F87B
:10948800541AA16AC3F8502A03F65C2503C5E06A9A
:10949800A18E2860206BA3F86C1AC3F8680A104BD9
:1094A80040F2FF71DA62C3F830280E4A1963C3F834
:1094B800342838BDAC3E002000E20008F03D002012
:1094C800ECE00008BC3C0020D4E00008E0E0000824
:1094D800B8E2000838260020C0DE0008E02E002090
:1094E800081400200000FF03704700207047002088
:1094F800704700207047000010B5044B0446012156
:1095080040F8043BF6F7D6FE204610BD48FE00089A
:1095180038B5242204460D46FF23002103618182C9
:10952800104404F051FBE56038BD38B50D46017CA8
:10953800A942044615D0012918D0022912D011B920
:1095480003685B6898470023012D6374257413D062
:10955800022D0ED02DB923685B680121204698475B
:10956800607438BD0368DB680021EBE703689B681B
:10957800FAE72368DB68F0E7236829469B68EDE78C
:109588000430F6F7A5BE037C012B10B50ED100F10F
:10959800160301F10C0251F8044B43F8044B9142B5
:1095A800F9D10A881A8040F20113438210BD037C66
:1095B800012B0BD148F28113C3824FF401420023DF
:1095C800C0E90632038440F2011343827047F0B5C4
:1095D800054689B008880C4616461F46F6F7E3FF8D
:1095E8009DF806308DF8050023F00703C0F302202C
:1095F800034360888DF80630F6F7D5FF9DF80630EE
:1096080000F01F0203F0070343EAC2038DF8063097
:109618009DF80730C0F3451023F03F030343A088AB
:109628008DF80730F6F7BFFF9DF8073000F003020A
:1096380003F03F0343EA82138DF80730C0F3870332
:109648008DF808309DF80930C0F3802023F001031D
:109658000343E0888DF80930F6F7A5FF9DF8093037
:1096680000F07F0203F0010343EA42038DF809305A
:109678009DF80A30C0F3C31023F00F030343208979
:109688008DF80A30F6F78FFF9DF80A3000F00F02C8
:1096980003F00F0343EA02138DF80A309DF80B30EC
:1096A800C0F3061023F07F03034360898DF80B3065
:1096B800F6F779FF9DF80B3000F0010203F07F0305
:1096C80043EAC2138DF80B30C0F347038DF80C3012
:1096D8009DF80D30C0F3412023F003030343A08914
:1096E8008DF80D30F6F75FFF9DF80D3000F03F0262
:1096F80003F0030343EA82038DF80D309DF80E3022
:10970800C0F3841023F01F030343E0898DF80E3063
:10971800F6F749FF9DF80E3000F0070203F01F032B
:10972800C0F3C70043EA42138DF80F00208A8DF872
:109738000E30F6F738FF9DF811308DF8100023F041
:109748000703C0F302200343608A8DF81130F6F74F
:109758002AFF9DF8113000F01F0203F0070343EAC7
:10976800C2038DF811309DF81230C0F3451023F074
:109778003F030343A08A8DF81230F6F714FF9DF8D3
:10978800123000F0030203F03F0343EA82138DF81E
:109798001230C0F387038DF813309DF81430C0F3EE
:1097A800802023F001030343E08A8DF81430F6F794
:1097B800FAFE9DF8143000F07F0203F0010343EA3B
:1097C80042038DF814309DF81530C0F3C31023F010
:1097D8000F030343208B8DF81530F6F7E4FE9DF850
:1097E800153000F00F0203F00F0343EA02138DF85F
:1097F80015309DF81630C0F3061023F07F0303439D
:10980800608B8DF81630F6F7CEFE9DF8163000F016
:10981800010203F07F0343EAC2138DF81630C0F348
:1098280047038DF817309DF81830C0F3412123F015
:1098380003030B43A08B8DF81830F6F7B4FE9DF8A0
:10984800183000F03F0203F0030343EA82038DF867
:1098580018309DF81930C0F3841023F01F03034318
:10986800E08B8DF81930F6F79EFE9DF81930218CA3
:1098780000F0070203F01F0343EA42138DF8193082
:10988800628C40F2A953994288BF0121C0F3C700F6
:1098980098BF00219A428DF81A0088BF41F0020152
:1098A8000EB141F004010FB141F008010F238DF80A
:1098B800043000238DF81C302B688DF81B101B68B2
:1098C800192201A92846984709B0F0BD30B50546C8
:1098D80089B008880C46F6F773FE9DF808308DF8B5
:1098E800070023F00703C0F30220034360888DF8C4
:1098F8000830F6F765FE9DF8083000F01F0203F007
:10990800070343EAC2038DF808309DF80930C0F315
:10991800451023F03F030343A0888DF80930F6F77C
:109928004FFE9DF8093000F0030203F03F0343EABD
:1099380082138DF80930C0F387038DF80A309DF83B
:109948000B30C0F3802023F001030343E0888DF837
:109958000B30F6F735FE9DF80B3000F07F0203F070
:10996800010343EA42038DF80B309DF80C30C0F335
:10997800C31023F00F03034320898DF80C30F6F74A
:109988001FFE9DF80C3000F00F0203F00F0343EAAE
:1099980002138DF80C309DF80D30C0F3061023F03B
:1099A8007F03034360898DF80D30F6F709FE9DF8B3
:1099B8000D3000F0010203F07F0343EAC2138DF873
:1099C8000D30C0F347038DF80E309DF80F30C0F30B
:1099D800412023F003030343A0898DF80F30F6F7E5
:1099E800EFFD9DF80F3000F03F0203F0030343EA58
:1099F80082038DF80F309DF81030C0F3841023F0E7
:109A08001F030343E0898DF81030F6F7D9FD9DF860
:109A1800103000F0070203F01F03C0F3C70043EA49
:109A280042138DF81100208A8DF81030F6F7C8FD22
:109A38009DF813308DF8120023F00703C0F30220BD
:109A48000343608A8DF81330F6F7BAFD9DF813309A
:109A580000F01F0203F0070343EAC2038DF8133036
:109A68009DF81430C0F3451023F03F030343A08A48
:109A78008DF81430F6F7A4FD9DF8143000F00302B9
:109A880003F03F0343EA82139DF816208DF8143043
:109A9800C0F387038DF8153022F00102C0F380234C
:109AA8001343E08A8DF81630F6F78AFD9DF81630D4
:109AB80000F07F0203F0010343EA42038DF81630F9
:109AC8009DF81730C0F3C31023F00F030343208B16
:109AD8008DF81730F6F774FD9DF8173000F00F0277
:109AE80003F00F0343EA02138DF817309DF818307E
:109AF800C0F3061023F07F030343608B8DF8183002
:109B0800F6F75EFD9DF8183000F0010203F07F03C0
:109B180043EAC2139DF81A208DF81830C0F34703A2
:109B28008DF8193022F00302C0F341231343A08BB0
:109B38008DF81A30F6F744FD9DF81A3000F03F0210
:109B480003F0030343EA82038DF81A309DF81B30B3
:109B5800C0F3841023F01F030343E08B8DF81B3000
:109B6800F6F72EFD019B03F07F42104B1343019340
:109B78009DF81B3000F0070203F01F03C0F3C70075
:109B880043EA42138DF81C000DF10601172200204C
:109B98008DF81B30F6F780FD2B688DF81D001B68CB
:109BA8001A2201A92846984709B030BDC8181600DE
:109BB8002DE9F34700F124079DF928A09DF82C9082
:109BC80090461E4604463B4601F1240251F8040B18
:109BD80043F8040B9142F9D1201D39460190F6F75C
:109BE8009BFBE1684B796EB10198042B78D8DFE8CC
:109BF80003F07D77355D03004FF00423C4E9093392
:109C08000026B046E3681D796B1E0B2B07D850461B
:109C18000435F6F79EFCEDB204EB45056884E3686D
:109C28001D7B6B1E0B2B07D848460435F6F7ACFC9A
:109C3800EDB204EB45056884637C002B56D0237C89
:109C4800012B46D013F0FD0F50D13346424639461A
:109C5800204602B0BDE8F047FFF7B9BC01F1130395
:109C680004F1220001F11F054FF0780C13F9012FC0
:109C7800C2EB8222AB4292FBFCF202F5806220F832
:109C8800022FF3D104F13A02233140F2FF7513F8A1
:109C9800010F48B102280CBF28464FF48060994252
:109CA80022F8020FF3D1ADE70120F8E704F122030F
:109CB80004F146024FF4806123F8021F9342FBD15E
:109CC8000221F6F747FB103004EB400000238380A5
:109CD80098E73946204602B0BDE8F047FFF7F6BDE1
:109CE800042B8FD813F0FD0F8CD0E9E702B0BDE844
:109CF800F08730B54B7B032B85B005460C4642D127
:109D080091F90000F6F7A2FC8DF8030094F9010020
:109D1800F6F79CFCA3788DF80530E3788DF80400FD
:109D28008DF80630207B23798DF80730F6F786FC0E
:109D38008DF8080094F90600F6F75AFC8DF809002A
:109D480094F90700F6F782FC237A8DF80B30637AD2
:109D58008DF80C3040F6C8438DF80A00ADF8003095
:109D68000DF1020114230B2200208DF80230F6F7C2
:109D780093FC2B688DF80D001B680E226946284657
:109D8800984705B030BD022B03D1FF238DF803306F
:109D9800BCE791F90000F6F759FC8DF80300FF20A5
:109DA800B8E7837C10B5044633B1F8F78FFEE37C3F
:109DB8001BB10023A082E37410BDA28A801A80B26E
:109DC800B0F57A6FF8D9A37404F116012046BDE8FE
:109DD8001040FFF78EBF427C22B1037C012B01D1DA
:109DE800FFF7DFBF70470E2815D8DFE800F015151C
:109DF80015151515151515080A0C0E1012000C204E
:109E08007047102070471420704718207047202092
:109E1800704730207047402070472DE9F041456A6F
:109E280035B94162BDE8F081CEF800100B60F9E762
:109E38004E6826F0604CC6F38A47C6F3807817EA66
:109E4800260738BF6746AE462B465A6892EA060F81
:109E580022F060440CD5002A1DDAA40CBC4201D0C3
:109E6800BC420DD99D42DFD10D60DAE71346ECE71D
:109E7800A4450BD102F08044C2F38072424507D159
:109E88001A689E46002AF1D11960CBE7F8D2E9E7B3
:109E9800002CF5D0E6E7BC42E2D1F1E72DE9F04726
:109EA800089E01F007054FEAD6082A4406F007067F
:109EB80000EBD1014FF47F49954201D1BDE8F0870D
:109EC80005F0070C06F0070AD445674638BF574621
:109ED800C7F10807501BEC08874228BF07460C5DEE
:109EE80008EBD60004FA0CF413F800E029FA07FC92
:109EF80024FA0AF45FFA8CFC8EEA04044CFA0AFC91
:109F080004EA0C048EEA040E03F800E03D443E44E3
:109F1800D2E780EA0120082341F2210201B2400081
:109F2800002980B203F1FF33B8BF504013F0FF039C
:109F3800F4D1704738B50C468D18A54200D138BD0C
:109F480014F8011BFFF7E5FFF7E742684AB1136809
:109F580043604389818901339BB29942438138BF69
:109F680083811046704770B588B0202204460D469C
:109F78006846002103F028FE20460495FFF7E5FF18
:109F8800024658B16B46054608AE1C4603CCB4429F
:109F980028606960234605F10805F6D1104608B027
:109FA80070BD082817D90C280CD910280CD91428EA
:109FB8000CD918280CD920280CD930288CBF0F2090
:109FC8000E207047092070470A2070470B20704701
:109FD8000C2070470D2070472DE9F843078C072F98
:109FE80004461ED9D0E9029800254FF6FF73C5F143
:109FF8002006A5F1200029FA05F108FA06F628FA44
:10A0080000F031430143C9B21846FFF782FF083513
:10A01800402D0346EBD1E1693A46BDE8F843FFF726
:10A0280089BF4FF6FF70BDE8F88310B54B6823B9B8
:10A03800CA8A63F30902CA8210BD04691A681C60DF
:10A048000361C38A013BC3824A60EFE72DE9F74FFA
:10A058009846CB8A0192C3F3090A5346052B8146D9
:10A068000E4632D0514600201FFA88F306F11A0432
:10A078008DB2042D87B20FD8BB4201F1010106D879
:10A08800F28A534463F30902F28201201AE0019A2A
:10A09800155C65540130EBE7BB42F1D9AAF1050B19
:10A0A8001C237468BBFBF3F103FB11BB1FFA8BF590
:10A0B800002C45D14846FFF748FF044638B9706080
:10A0C8006FF0020003B0BDE8F08F0027E6E7002537
:10A0D800056070601FFA88F84FF0000BB8450ED97C
:10A0E800019B211D3B4413F8010B4855A8B20137C9
:10A0F8001B28BFB22CD0B84505F10105F3D8F38A67
:10A108000AEB080262F30903F382BEE7013189B260
:10A118001C462368002BF9D1A8F1050353441C20E1
:10A12800B3FBF0F301339BB29942D3D2BBF1000FDA
:10A13800D0D14846FFF709FF20B9C4F800B0BFE7FF
:10A148000121E6E7C0F800B05D4620600446C1E79B
:10A15800B845D4D94846FFF7F8FE08B92060AFE7FC
:10A16800C0F800B0002520600446B7E72DE9F04F9D
:10A178002DED028B1C4683B05B690092074688462A
:10A18800002B00F0A580238C2BB1E269002A00F097
:10A198009F80072B34D807F10C00FFF7D6FE054641
:10A1A80038B96FF00205284603B0BDEC028BBDE854
:10A1B800F08F1422002103F007FD228CE16905F1DC
:10A1C800080003F0B7FC208C013080B2FFF7E9FEED
:10A1D800FFF709FE431E9BB25A1C23842A74626946
:10A1E80012782B4402F01F0262F03F021A7248F004
:10A1F80000436B6029463846FFF70FFE0125D2E77A
:10A2080002339BB20722C18A0633B3FBF2F3828A78
:10A21800521A9BB292B29342C3D800F10C034FF08A
:10A22800000908EE103A4FF0800A4E464D4618EEE7
:10A23800100AFFF78AFE83460028B2D014220021B4
:10A2480003F0C2FC002E3AD1009BABF80830022183
:10A258000BF1070C88B20728228C03D0964201F133
:10A2680001012ED3013080B20192FFF79AFEFFF769
:10A27800BAFD61690978013801F01F01964208BFEB
:10A288004FF0400A1BFA80FC41EA49114AEA0101F1
:10A298008CF80810013048F00041CBF804108BF816
:10A2A800100059463846FFF7B8FD019A0135964225
:10A2B8002DB289F001094FF0000AB8D173E70021E7
:10A2C800C6E7E269925D0CF801200136B6B2C1E733
:10A2D8006FF0010567E7F8B515460E462C220021F8
:10A2E80004461F4603F070FC069B6360B5F5001F2B
:10A2F800079BA76034BF6A094FF6FF72A36297B243
:10A30800E66104F1100000239A4206D80023036096
:10A31800A782E3822383E360F8BD066001333046F9
:10A328002036F1E703781BB94BB2002BC8BF017088
:10A33800704700787047F8B50C46C969074611B9E7
:10A34800238C002B37D1257E1F2D34D83B782BBB8F
:10A35800228C072A2CD8268A36F003032BD14FF6F5
:10A36800FF70FFF7E7FD20F001003602400446EADF
:10A378000566400C46EA40254FF6FF7223462946FB
:10A388003846FFF7F3FE002807DD626913780133CA
:10A39800DBB21F2B88BF00231370F8BD228A2D065D
:10A3A80045EA022520461D43FFF716FE0246E5E76B
:10A3B8006FF00300F1E76FF00100EEE770B58AB0C7
:10A3C800044616460021282268461D4603F0FCFB79
:10A3D800BDF83830ADF810300F9B05939DF840302C
:10A3E8008DF81830119B07936946BDF84830ADF8D1
:10A3F80020302046CDE90265FFF79DFF0AB070BD09
:10A40800D3692DE9F04105460C4616460BB9138C65
:10A418005BBB377E1F2F28D895F80080B8F1000F56
:10A4280026D03046FFF7D8FD3378210241EAC33100
:10A4380041EA0801338A41EA076141EA03410246D9
:10A44800334641F080012846FFF790FE00280ADDD8
:10A458003378012B07D1726913780133DBB21F2BD4
:10A4680088BF00231370BDE8F0816FF00100FAE7A0
:10A478006FF00300F7E730B58BB01D469DF8443008
:10A4880014465A1E534253418DF800309DF8383017
:10A49800ADF810300F9B05939DF840308DF81830BB
:10A4A800129B07936A46BDF84C30ADF82030CDE9D1
:10A4B8000245FFF7A5FF0BB030BD406A00B104307C
:10A4C8007047436A1A68426202691A600361C38A64
:10A4D800013BC382704700002DE9F843D0F8209073
:10A4E800194F14461E4649464FF0000809B9BDE801
:10A4F800F883D1E90252651B66EB0202AF4278EBA2
:10A5080002021DD2036A8B420ED1FFF78EFDD1F8ED
:10A5180000900369C0F820900B60C38A0161013B79
:10A52800C3824A461146E1E7FFF77FFD0A680369DF
:10A53800C9F800200B60C38A0161013BC382F1E7BF
:10A548000A688946EEE700BF80841E002DE9F04FB7
:10A558008BB00D46DDF8509014469B468046002887
:10A5680000F01681B9F1000F00F01281531E3F2B45
:10A5780000F20E81012A03D1BBF1000F40F00881DF
:10A588000023CDE90833B8F81430B5EBC30F4FEA10
:10A59800C30703D300200BB0BDE8F08F2B199F42EF
:10A5A800D8F80C303ABF7F1BFFB227461BB9D8F842
:10A5B8001030002B7AD0272D4ED8C5F12806B74287
:10A5C8004FF000032CBFF6B23E4600932946D8F858
:10A5D800080008AB3246FFF761FCA7EB060A3544D2
:10A5E8005FFA8AFAB8F8143003F10053053BDB0030
:10A5F8000493D8F80C3003932821039B13B1BAF1C4
:10A60800000F2CD1D8F8100040B1BAF1000F05D0D6
:10A61800009608AB5246691AFFF740FC38B2002F83
:10A62800B8D067070AD00AAB03EBD401624211F82D
:10A63800083C02F00702134101F8083C082C3CD9F9
:10A64800102C40F2B280202C40F2B480BBF1000FF5
:10A6580000F09980082334E0BA460026C2E7049B3C
:10A66800E02B28BFE02306930B44AB42059314D993
:10A678005A1B03980096924534BF5246D2B2691AC3
:10A6880008AB04300792FFF709FC079A16441544F3
:10A69800AAEB0202F6B25FFA82FA049B069A0599BF
:10A6A8009B1A0493039B1B680393A6E70093D8F8AF
:10A6B800080008AB3A462946AEE7BBF1000F12D0B6
:10A6C8000123B4EBC30F69D0082C11D89DF82030B2
:10A6D800621E23FA02F2D60705D54FF0FF32A240D8
:10A6E80013438DF820309DF8203089F8003052E768
:10A6F800102C11D8BDF82030621E23FA02F2D507BB
:10A7080005D54FF0FF32A2401343ADF82030BDF815
:10A718002030A9F800303EE7202C0ED8089A631E96
:10A7280022FA03F3D90704D54FF0FF33A3401343AC
:10A738000893089BC9F800302DE7402C2BD0DDE9A1
:10A748000851631EC4F12106A4F1210225FA03F37E
:10A7580001FA06F6334321FA02F21343DB0712D556
:10A768000123A4F12002C4F1200603FA02F223FA1D
:10A7780006F6A3405B4242EA060262EB42022B4322
:10A788000A43CDE90832DDE90823C9E9002302E7D5
:10A798006FF00100FFE66FF00800FCE6082CA2D974
:10A7A800102CB4D9202CEED8C3E7BBF1000FAED0E3
:10A7B800022386E7BBF1000FBBD0042381E730B545
:10A7C800012A144638BF0124402C85B028BF4024F4
:10A7D8000025012ACDE9025518D81B788DF80830D4
:10A7E80063070AD004AB03EBD405624215F8083CB2
:10A7F80002F00702934005F8083C00910346224600
:10A80800002102A8FFF74AFB05B030BD082AE4D9A9
:10A81800102A03D81B88ADF80830E1E7202A8DBF3D
:10A82800D3E900231B680293CDE90223D8E710B5CA
:10A83800CB681BB98B600B618B8210BD04691A68E9
:10A848001C600361C38A013BC382CA60F0E7030648
:10A858004CBFC0F3C0300220704708B50246FFF76E
:10A86800F6FF022806D15306C2F30F2001D100F0EB
:10A87800030008BDC2F30740FBE700002DE9F04FD5
:10A8880095B0CDE902230A6805461046FFF7DFFFB9
:10A89800022814BFC2F306240024002A0E46834669
:10A8A80080F2FC8112F0C04A40F0F881097B00294F
:10A8B80000F0F481022803D02B78A34240F0F18104
:10A8C800C2F304630893104602F07F0304933144F3
:10A8D800FFF7C3FF049B91F8038005904FEA834973
:10A8E80049EA0B4949EA4469002200235FEAD8147F
:10A8F800CDE90A2349EA000969D0049B009302467E
:10A908006F685B460AA92846B847002800F0CC8142
:10A918002F6A4FB9494605F10C00FFF724FB07469B
:10A9280090B96FF0020056E03B6999450DD03F6839
:10A93800002FF9D1494605F10C00FFF714FB074633
:10A948000028EED02B6A3B602F62F87D737B06935C
:10A95800C0F3840008F01F03A0EB030C1FFA8CFE61
:10A96800BCF1000FB8BF0EF1200E0793A3EB000354
:10A9780098B2B8BF0FFA8EFCD7E90212002BB8BF05
:10A9880020300993BCBF03B2099351EA020097F83B
:10A998001A90D7F804E075D00298AF4B411A039883
:10A9A80060EB020200208B4270EB02036AD3069B25
:10A9B8004B4518D14CB3BCF1010F63DCBEF1000F5D
:10A9C80060D1A64888427EEB020215D36AE02F6A5E
:10A9D80027B96FF00C0015B0BDE8F08F3B699945B9
:10A9E800B3D03F68F4E7DFF874C28C4570EB02021D
:10A9F800F1D2002C00F08880099B0F2B42DD069BCA
:10AA08004B4540F08180002C4CD1FB7DC8F34012AF
:10AA1800B2EBD31F40F04B81079AC3F384039342F0
:10AA280040F04881327B4FEA9813002C00F09F8059
:10AA380013F0010840F0AD80032A40F23E81029BEA
:10AA4800BB60039BFB60FB8A033A68F309035FFA68
:10AA580082F906F10608FB8242464B46394605F163
:10AA68000C00FFF7F3FA002857DA39462846FFF7B3
:10AA7800DCFAFB7DC3F38403013303F01F039B025D
:10AA8800FB824EE7FB7D08F01F0969F386036FF32D
:10AA9800C713FB7539462846FFF7C7FA069BBB76EE
:10AAA800002C33D04FEA9813022BAED0029BBB6028
:10AAB800039BFB60142200210FA803F085F8029B7A
:10AAC8000C93039B0D93331D0E93337B8DF848B085
:10AAD800013BDBB2ADF84430059BADF84630079B2F
:10AAE8008DF84930089B8DF84A30049B8DF84B301F
:10AAF8000CA9AB6828469847FB7DC3F38403013350
:10AB080003F01F039B02FB82002064E7FB7D09F131
:10AB1800010969F38603FB755BE7B3883B83DDE9CD
:10AB28000A654FF6FF74CAF12002AAF1200326FA3B
:10AB38000AF105FA02F2114325FA03F319432046F4
:10AB4800C9B2FFF7E6F90AF1080ABAF1400F04465C
:10AB5800E9D1B8824A464146FFF7ECF9FB7DB88255
:10AB6800DA43C2F3C01262F3C713FB75CCE783B9AB
:10AB7800013AD4B2043623463246394605F10C0070
:10AB8800FFF764FA0028FFF670AFB88A224631460C
:10AB9800E2E7F98AD7F804E0C1F30901501E042955
:10ABA800C0B253D80C4606F1030C002307F11B086A
:10ABB800984208D91CF8019F08F804900134013321
:10ABC800052CDBB2F4D183423ABF043356FA83F33F
:10ABD80000231093059BADF84630079B8DF849304C
:10ABE800029C089B8DF84A300C94049B039C8DF8BA
:10ABF8004B300D9401448DF848B0002307F11B0435
:10AC0800ADF84410CDE90E4EB88A7B60013A311D8B
:10AC1800FFF790F93B8BB882834203D1AB680CA94C
:10AC28002846984728460CA9FFF701FEFB7DBA8AFB
:10AC3800C3F38403013303F01F039B02FB823B8BA6
:10AC48009A420CBF00206FF01000C4E6BEF1000F5E
:10AC580021D17346B7E700BF80841E0040420F0031
:10AC68001C349C46DCF80030002BF9D10C1BE31C8B
:10AC780006F103089C4404EB0A09B9F11B0F5FFABB
:10AC88008AF3A0D898429ED918F8013F0CF8013FE2
:10AC98000AF1010AEFE7F4460524E3E76FF009003B
:10ACA80099E66FF00A0096E66FF00B0093E66FF0F6
:10ACB8000D0090E66FF00E008DE66FF00F008AE64B
:10ACC800F8B52B4F2B4E3A682B4C556C15F080037A
:10ACD8000DD0936923F0010393610721384601F0F1
:10ACE8009BF9337813B9A3680133A3600123337048
:10ACF80005F00706812323FA06F2D10704D5C5F328
:10AD08000222D340DA0710D43A68536C23F4E06384
:10AD180023F007035364194B1B781BB11448072110
:10AD280001F07AF9E3680133E3606B04396806D50A
:10AD38004B6C23F480434B642369013323610B6C10
:10AD480013F47F0FDAB218BFE0696261C3F3062219
:10AD5800A2611CBFC3F307421218C4E9095318BF04
:10AD6800E2618B69E362072E18BF2662F8BD00BF57
:10AD780078550020E055002008510020045100209B
:10AD880030B5022A89B00D46144661D800295FD033
:10AD98000B88013B9BB2B3F5007F59D28B78002B0F
:10ADA80056D0CB78013B1B0652D40B79013B1806D1
:10ADB8004ED46C2200212A4802F006FFA11E294B1E
:10ADC8004C424C411C70284B284C5A6D23605A65E4
:10ADD8002B886361AB78E361EB7823624FF4807270
:10ADE8002B7922820122C4E90B22A361626200232B
:10ADF800A26220460822C4E90133C4E90E23E360B5
:10AE0800A374636300F064FF20BB4FF08043CDE977
:10AE180006000293022304930546EBB2B3FA83F3C8
:10AE28005B0902A920460593039501F033F8034610
:10AE380090B90135082DF0D10222009011460B4837
:10AE480001F050F800280A4808BF002009B030BDBA
:10AE58000848FBE70848F9E76FF4FA60F6E700BF2F
:10AE6800085100200451002000640040785500205B
:10AE78002EF8FFFF18FCFFFF30F8FFFF08B5044865
:10AE880001F04CF80028034808BF002008BD00BFA7
:10AE9800785500202DF8FFFFF0B50E468BB005461B
:10AEA800002850D0036813F0C0444ED1002B4CDA70
:10AEB800037B082B49D8284FFFF702FF384601F0DB
:10AEC800BAF860B9254B1968002940D0711A0A29C7
:10AED80003D9234A136E013313660BB0F0BD3B68E8
:10AEE800D3F8C43013F400130CD01C4B1868002896
:10AEF800F3D0311A0A2903D9194A536E013353661C
:10AF08002046EAE72A68099322F0604201924FF04E
:10AF18008042CDE90223CDE90533CDE907332B7B08
:10AF2800082B28BF08231B042A1D01A938460493AF
:10AF380001F00AF868B9094B094A1E601368013321
:10AF480013600120C9E70748C7E70748C5E708466F
:10AF5800C3E70648C1E700BF78550020DC5500204C
:10AF68000851002018FCFFFF16FCFFFF2CF8FFFF1C
:10AF7800F0B50468650004D4284A536B0133536361
:10AF8800F0BDA10004D5254A936B01339363F7E71D
:10AF980043689A0204D5214AD36B0133D363EFE7A0
:10AFA80013F4801104D01D4A136C01331364E7E7CE
:10AFB80003F47022B2F5002F04D9184A536C0133F8
:10AFC8005364DDE7164E174D32882D88013202F0A2
:10AFD8003F02ADB295421BD0134D3280170105EBED
:10AFE8000216EC517360C3F30343082B28BF0823F0
:10AFF80003330830C3F387039200CCB2A342BFD90E
:10B008005418023450F8046B45F824600131F4E711
:10B01800024A136B01331363B2E700BF08510020E3
:10B028007655002074550020745100202DE9F04712
:10B03800DFF8E480D8F80040256D636D266D1D406B
:10B04800636D1E4015F0070306F0380910D0AA07F3
:10B05800236505D04FF0480AD4F890301F0735D142
:10B06800AB0740D4680741BF2A4AD36C0133D36485
:10B07800B9F1000F11D016F0180FC4F8509004D091
:10B088004827D4F898301A0732D1F1063DD4B306D0
:10B0980041BF204A536D01335365226D636D1A40D9
:10B0A800236D616D12F4710203EA010303F4602356
:10B0B80004D0184922658A6D01328A6523B1154A80
:10B0C8002365D36D0133D365BDE8F087D4F890705C
:10B0D800D8F84800C7F301270AFB0700FFF748FF25
:10B0E800C4F89470B8E70B4A936C01339364B9E7DA
:10B0F800D4F89850D8F84C00C5F3012507FB050093
:10B10800FFF736FFC4F89C50BBE7024A136D0133C2
:10B118001365BCE70851002078550020034B1A68D6
:10B12800034B9A4201D1FFF781BF70477855002041
:10B138000064004038B5114B114D124800241C80A2
:10B14800114B6C2221461C8002F03EFD0F4922461D
:10B15800284600F076FF70B92B684FF0FF321A6569
:10B168000B4A934206D10B4BE02283F815234FF488
:10B1780000121A6038BD0848FCE700BF7655002069
:10B188007855002008510020745500201B00080045
:10B198000064004000E100E060F0FFFF38B50446BD
:10B1A800002837D0FFF78CFD1C4B1D4A19881388DF
:10B1B80089B29BB299422FD01388013303F03F0321
:10B1C80013801901174A02EB0313525822F0604208
:10B1D80042F0004222605A68C2F30342082A28BF9C
:10B1E80008222273E51C0021C8B2824288BF581881
:10B1F80001F101018ABF007A0020C0B2082905F8D0
:10B20800010FF1D1084A0023637353680133536077
:10B21800012038BD0548FCE70020FAE776550020F4
:10B2280074550020745100200851002018FCFFFFBD
:10B23800034A00231380034A1380034A13637047A9
:10B248007655002074550020085100202DE9F04162
:10B258000E4686B00446002844D0082942D8142255
:10B26800002101A802F0B0FC4FF080430093DFF802
:10B2780078800223029337460025B542EAB208D106
:10B288000024CDE90444184DFBB2082B20D100203E
:10B298001BE0237A012B04D0022B1CBF02F0010211
:10B2A800531C03932368019523F060430493636858
:10B2B800694623F060434046059300F0EBFD0135F5
:10B2C8000C340028D9D06FF4FA6006B0BDE8F081DC
:10B2D800694628460197039400F0DCFD01370028F1
:10B2E800D2D0F0E70148F0E77855002018FCFFFFBE
:10B2F8000E4B99420AD10E4B98420AD00D4B9842F8
:10B3080010D00D4B98420FD00C4870476FF47A70EC
:10B318007047082313804FF48473538001231371FB
:10B32800002070471023F5E71123F3E740420F0090
:10B3380000B4C4040068890980FE210A48F4FFFFAC
:10B3480030B5302442F20F75A84212D80C70302163
:10B35800B0F57A7F14D211703022632816D81A708B
:10B368003023092817D8039A1370049B30301870BB
:10B3780030BDA0F51C5001341038E4B280B2E3E7C8
:10B388000131A0F57A70C9B280B2E1E701326438C0
:10B39800D2B280B2E1E701330A38DBB280B2E0E72B
:10B3A80013B50B1D0193CB1C00934A1C8B1C0C4638
:10B3B800FFF7C6FF0023637102B010BD03099F2881
:10B3C80000F00F0094BF3033373309280B7094BF57
:10B3D80030303730002348708B70704713B5024601
:10B3E8000C46C0B201A9FFF7E9FF2146100AFFF792
:10B3F800E5FF9DF80430A3709DF80530E3709DF8D3
:10B408000630237102B010BD08B50249FFF7D6FF18
:10B41800084608BDE155002010B5034C2146FFF74A
:10B42800DDFF204610BD00BFE155002013B50368BD
:10B438008DF807109C680DF107010123A04702B0A1
:10B4480010BD07B503688DF807101B6901220DF1BF
:10B458000701984703B05DF804FB73B51D46036800
:10B46800019104465B6916469847236820461B6885
:10B4780098470199221D2046FFF7D8FF2DB1236870
:10B488002A461B69314620469847236820465B6850
:10B49800984723689B690C21204602B0BDE870409C
:10B4A800184773B51E460368019104465B69154643
:10B4B8009847236820461B689847221D0199204613
:10B4C800FFF7B4FF20460021FFF7BBFF23682046A3
:10B4D800DB6832462946984723685B68204602B0F5
:10B4E800BDE8704018472DE9F0411F46036804463F
:10B4F8005B690D4616469847236820461B6898479F
:10B50800221D20461821FFF791FF290A2046FFF740
:10B5180098FFE9B22046FFF794FF236831463A4680
:10B5280020461B699847236820465B68984723682C
:10B5380020469B69BDE8F0410C21184707B5012357
:10B548008DF807200DF10702FFF7CDFF03B05DF876
:10B5580004FB2DE9F0411F46036804465B690D466C
:10B5680016469847236820461B689847221D2046A0
:10B578001921FFF75BFF290A2046FFF762FFE9B2AE
:10B588002046FFF75EFF20460021FFF75AFF236899
:10B598002046DB683A4631469847236820465B6870
:10B5A800BDE8F041184707B501230DF10702FFF781
:10B5B800D0FF9DF8070003B05DF804FB2DE9F041CA
:10B5C8001E46036804465B690F461546984723687C
:10B5D80020461B689847221D20461A21FFF726FFA0
:10B5E80039462046FFF72DFF236829463246204674
:10B5F8001B699847236820465B689847236820465C
:10B608009B69BDE8F0410C2118472DE9F0411E4621
:10B61800036804465B690F46154698472368204629
:10B628001B689847221D20461B21FFF7FFFE39465D
:10B638002046FFF706FF20460021FFF702FF236898
:10B648002046DB68324629469847236820465B68CF
:10B65800BDE8F041184737B504460D468DF8071088
:10B66800012380210DF10702FFF7F7FE2368012D62
:10B678009B690CBF322140F2DC51204603B0BDE883
:10B688003040184707B501238DF807100DF1070260
:10B698008A21FFF7E2FE03B05DF804FB07B50B0C47
:10B6A8008DF804300B0A8DF805308DF80610032349
:10B6B80001AA8621FFF7D1FE03B05DF804FB07B5A8
:10B6C80002238DF804108DF805208F2101AAFFF7B9
:10B6D800C4FE03B05DF804FB37B50C468DF80410C2
:10B6E8008DF805208DF8063001AA03238B21054625
:10B6F800FFF7B3FE702C08D005D8502C07D0602C6B
:10B7080005D0322204E0802CFBD1372200E01E2233
:10B71800284640F62511FFF711FF012240F63C119B
:10B728002846FFF70BFF03B030BD07B58DF8023090
:10B738009DF810308DF803309DF814308DF80430E2
:10B7480000238DF800108DF801208DF805308DF854
:10B7580006306A4607238C21FFF77FFE03B05DF8A9
:10B7680004FB07B55BBAADF80430BDF8103049BA30
:10B7780052BA5BBAADF80010ADF80220ADF8063049
:10B788006A4608238D21FFF768FE03B05DF804FBC5
:10B7980007B5022301AA1521FFF783FE9DF804309F
:10B7A8009DF8050000EB032080B203B05DF804FBB0
:10B7B80007B549BAADF80410022301AA9721FFF78B
:10B7C8004CFE03B05DF804FB37B505460191FFF761
:10B7D800DFFF019904462846FFF7EAFF204603B039
:10B7E80030BD07B51F2928BF1F218DF804108DF81B
:10B7F8000520022301AA8E21FFF72FFE03B05DF872
:10B8080004FB13B5130A04468DF804108DF80530AF
:10B818008DF80620032301AA8321FFF71EFE236863
:10B8280064219B692046984702B010BD13B5130ADE
:10B8380004468DF804108DF805308DF80620032392
:10B8480001AA8221FFF709FE236864219B6920462B
:10B85800984702B010BD37B505230C4615461D2183
:10B868006A46FFF71EFE9DF800309DF90110F02B87
:10B8780084BF00238DF800309DF800305B085B42E0
:10B88800002923800B46B8BFCB1C9B102B700331BB
:10B89800BEBF22889B18238003B030BD07B50123A3
:10B8A8008DF807100DF107029621FFF7D6FD03B0BA
:10B8B8005DF804FB07B501238DF807100DF10702A9
:10B8C8009E21FFF7CAFD03B05DF804FB10B5002305
:10B8D80004461A46C121FFF7C0FD236820469B692C
:10B8E800BDE810404621184738B50D4640F691018D
:10B8F8000446FFF758FE012D0ABF60F03F0200F032
:10B908003F02D2B240F691012046FFF717FE38BD3C
:10B9180038B540F253110546FFF745FE4FF4AA71BA
:10B9280004462846FFF73FFE40EA042080B238BDAF
:10B9380007B58DF804108DF805208DF8063001AA9A
:10B9480003238B21FFF789FD03B05DF804FB07B5DE
:10B958008DF802309DF810308DF803309DF81430C2
:10B968008DF804309DF818308DF8053008238DF8CF
:10B9780000108DF801208DF806306A4607238C21C7
:10B98800FFF76BFD03B05DF804FB73B5C1F3072344
:10B998000E0EC1F3074512F0FD0409BA019126D134
:10B9A8008C2E22D1382D20D14AF6AC12ADF80420C5
:10B9B8009DF80420632A0ED19DF805200E2A0AD18D
:10B9C80023F0080342F66B2263F07F03ADF80420EE
:10B9D8008DF80630002404230DEB030240F6CF1146
:10B9E800FFF781FD204602B070BD0124E0E7141F77
:10B9F80018BF0124EFE713B505230C466A461D213D
:10BA0800FFF74FFD9DF800305B085B42238002B0D2
:10BA180010BD30B595B03822002106A802F0D4F840
:10BA28001422002101A802F0CFF8002000F0D2FC77
:10BA380001224FF48033CDE9062303250223502247
:10BA4800042406A8CDE90D35CDE91023CDE912432C
:10BA58000F9300F021FD08B172B6FEE7CDE90300AF
:10BA68000F230590214601A8CDE9013500F05AFFC2
:10BA780008B172B6FEE715B030BD000007B5104A30
:10BA8800136823F48063136000F0B2F8FFF7C1FF76
:10BA98000C4BDA6C42F02002DA64DA6C02F0200215
:10BAA8000192019ADA6C42F00102DA64DB6C03F06D
:10BAB80001030093009B03B05DF804EBFDF7F6BBB0
:10BAC80000200240001002400B4B1A6E42F00102A7
:10BAD8001A661A6E82B002F001020092009A9A6DFC
:10BAE80042F080529A659B6D03F080530193019B4D
:10BAF80002B000F0C9BC00BF00100240FEE7FEE73C
:10BB0800FEE7FEE7FEE7704770477047F6F7CCBFE1
:10BB1800034AD2F8883043F47003C2F8883070477B
:10BB280000ED00E00D488546FFF7F2FF0C480D498F
:10BB38000D4A002302E0D458C4500433C4188C4280
:10BB4800F9D30A4A0A4C002301E013600432A242E6
:10BB5800FBD301F0A7FFFFF791FFFEE7008000206D
:10BB68000000002074000020DCFE0008780000209F
:10BB780008560020FEE7704710B5094B4FF0FF321A
:10BB880000249A639C631A641C649A629C62DA6259
:10BB9800DC621A631C63FFF7EEFF204610BD00BF8E
:10BBA8000010024038B50F4B1A6805460AB9012043
:10BBB80038BD4FF47A73B3FBF2F30B4A1068B0FB4D
:10BBC800F3F000F06FF804460028F0D10F2DEED8FE
:10BBD800024629464FF0FF3000F032F8034B20466A
:10BBE8001D60E5E74C0000204800002050000020C0
:10BBF80010B5032000F012F80F20FFF7D3FF04461A
:10BC080018B9FFF761FF204610BD0124FBE70000CB
:10BC1800014B1868704700BF045600200749CA68DE
:10BC280022F4E0620302120403F4E063120C1343EB
:10BC380043F0BF6343F40033CB60704700ED00E08E
:10BC4800164B30B5DC68C4F30224C4F10703251D84
:10BC5800042B28BF0423062D4FF0FF358CBF033C6F
:10BC6800002405FA03F321EA0303A54022EA0502AA
:10BC7800A340002843EA0203ACBF00F16040084A31
:10BC88004FEA0313B8BF00F00F00DBB2AABF00F5FC
:10BC98006140135480F8003330BD00BF00ED00E070
:10BCA80014ED00E00138B0F1807F0BD24FF0E023B3
:10BCB800054A5861F02182F8231000200722986174
:10BCC8001A6170470120704700ED00E070470000DE
:10BCD80038B50446002800F0BA8090F85C3003F0CC
:10BCE800FF021BB980F85D20FFF7F0FF2268936917
:10BCF80023F010039361FFF78BFF054623689A69C9
:10BD0800110700F197809A6942F001029A61FFF7E2
:10BD18007FFF054623689A69D20740F19A809A699D
:10BD280042F002029A61574A934204BF6168C2F81E
:10BD38000011227C012A9A690CBF22F0400242F0CD
:10BD480040029A61627C012A9A690CBF42F48042DF
:10BD580022F480429A61A27C012A9A690CBF22F4DB
:10BD6800805242F480529A619A69A06822F4407223
:10BD780002439A619A6922F0A4029A611A6922F030
:10BD880010021A61E268012A6AD19A6942F0040233
:10BD98009A61A269511EE269013A120242EA4162BD
:10BDA800216A01390A436169013942EA0142B0F561
:10BDB800407FDA610ED1E26A511E226B013A12010C
:10BDC80042EA0122A16A01390A43616A013942EA59
:10BDD8000142DA60D3F8C020E16B2B480A43C3F86C
:10BDE800C020D3F88020616B206422F4F81242EA64
:10BDF8000142C3F88020254A6264D3F88020A16BF1
:10BE080022F0706242EA0162C3F88020204BA364EA
:10BE1800D833E364D8332365183363654FF4547219
:10BE2800002101F0D1FE002001232066A06584F8DE
:10BE38005C3038BDFFF7ECFE401B0A287FF65EAF8A
:10BE4800236E43F001032366032384F85C3001204A
:10BE5800EFE7FFF7DDFE401B0A287FF65BAFEFE751
:10BE6800002A96D0022A09D0996941F08001996187
:10BE78001969032A41F0100119618AD19A6942F0BF
:10BE8800200285E70064004000A4004070A4004040
:10BE9800B0A40040F0B590F85C30013B012B1BD8F2
:10BEA800D1E900258B684E69D1E903749B074AB92B
:10BEB80043EAC763016C334343EA044341F825303E
:10BEC8000020F0BD426C02EBC50144EA47743343DD
:10BED80042F835404B60F3E7036E43F00203036614
:10BEE8000120EEE730B590F85C40012C10D10568D0
:10BEF8000398D5F8804040EA430343EA820242EAC5
:10BF0800011124F03F030B43C5F88030002030BDF9
:10BF1800036E43F0040303660120F8E790F85C30F1
:10BF2800012B0BD10268022380F85C30936923F05F
:10BF3800010393610023036618467047036E43F0BC
:10BF480004030366012070472DE9F04390F85C3044
:10BF5800022B914659D10668D6F8C44014F400144F
:10BF680005D0036E43F400730366012031E0D1E984
:10BF78000032D6F8C450D1F810C08F68C5F3014517
:10BF88004ABB47EA0C0E4EEA834CD1E906733B43A1
:10BF98004F69D0F854803B43CF683B430F6A43EA6C
:10BFA800076348276F4307EB080E47F808C0194F87
:10BFB800CEF804304A460EF1080ECB89FB5C9C4251
:10BFC80002F104020ED30123AB40C6F8CC308365DE
:10BFD8000020BDE8F08343EA0C0C4CEA070C4CF057
:10BFE800804CD2E712F8023C12F801CC1B0443EA59
:10BFF8000C6312F804CC43EA0C0312F803CC43EAAE
:10C008000C234EF804300434D7E7036E43F00803DA
:10C01800AAE700BF70FE000890F85C30022B15BF3D
:10C02800036E036843F00803002016BF0366C3F8D5
:10C03800D010012070470368D3F8C40000F007004F
:10C04800704730B590F85C30013B012B60D8006830
:10C0580011F00705836D01D0DC071DD511F0380FED
:10C0680001D09C0718D511F4E07F01D05C0713D5E7
:10C0780011F4F05F01D01C070ED511F4604F01D008
:10C08800DC0609D511F4403F01D09C0604D511F413
:10C098007C0F05D05C0603D4C46D44F00104C4656C
:10C0A8000DB1DD071DD411F0380F01D09C0718D44D
:10C0B80011F4E07F01D05D0713D411F4F05F01D0D3
:10C0C8001C070ED411F4604F01D0DD0609D411F419
:10C0D800403F01D09C0604D411F47C0F05D05D06C6
:10C0E80003D5C36D43F00203C3650C0642BFD0F805
:10C0F800DC301343C0F8DC30CB0542BFD0F8E03069
:10C108001343C0F8E030436D0B434365002030BD56
:10C11800036E43F0020303660120F8E7094A5369F6
:10C1280043F4802310B55361EFF3108272B60023F5
:10C13800CC58C4500433B3F5807FF9D182F310880A
:10C1480010BD00BF00200240064B5A69002ABFBF3D
:10C15800054A9A6002F188329A60BABF5869C00FDE
:10C16800002070470020024023016745044B5A69AC
:10C1780042F000425A615869C043C00F704700BF7F
:10C188000020024070B50646FFF742FD0F4C0546F9
:10C198002369DB030BD423694CF2FA3213400DD028
:10C1A8000B494A681A434A600120236170BDFFF7B2
:10C1B8002FFD401BB042EBD90320F7E7206910F0B0
:10C1C8000100F3D0012222611846EFE70020024067
:10C1D800540000202DE9F0471D4E99463378012B75
:10C1E80005460F46904631D04FF0010A4FF47A7059
:10C1F80086F800A0FFF7C6FF0446B8B97060CDB94D
:10C20800144A536943EA0A035361C7F80080BFF32D
:10C218006F8FC7F8049054464FF47A70FFF7B2FF57
:10C2280024B10C4A536923EA040353610023337091
:10C23800BDE8F0876B1E012BEED841463846FFF764
:10C248006DFFAB1E5D425D41AC04E5E70220EFE700
:10C258005400002000200240064B10F0010F1EBFC2
:10C268005A6942F004025A615A6942F480325A61AA
:10C27800704700BF00200240084B5A69C00022F4F2
:10C28800FC7200F4FF60104358615A6942F00202E0
:10C298005A615A6942F480325A617047002002405C
:10C2A8001548037FDAB203F0FD03012B10D1134BBD
:10C2B800196821F400711960196841F40061196066
:10C2C800196821F400611960196841F40071196056
:10C2D800931E012B0CD8094B1A6842F480521A603D
:10C2E8001A6822F480521A601A6842F480621A604E
:10C2F80000230377704700BF54000020002002404D
:10C308002DE9F843314D2B78012B064688465AD043
:10C3180001274FF47A702F70FFF734FF044610BBE3
:10C328002B4B68601A6812F4007F1A6820D05105F8
:10C3380006D51A6822F480621A6003232B7700E07E
:10C348002F773368012B1DD17068FFF785FF4FF4F5
:10C358007A70FFF717FF1E4A536923F00403044657
:10C368005361FFF79DFF00232B702046BDE8F8833B
:10C37800520505D51A6822F480621A600223DDE7A7
:10C388002877DEE74FF0FF33C8F80030B768DFF8EA
:10C398004090D6E902321344BB42E2D9716838466C
:10C3A800FFF76AFF4FF47A70FFF7ECFED9F8143004
:10C3B80023F4FD73C9F8143018B1C8F800700446A6
:10C3C800CFE70137E5E70224CFE700BF540000209C
:10C3D80000200240294B1A6830BB02F4C062B2F553
:10C3E800806FD3F8802022F48072C3F880201AD19D
:10C3F8001A6822F4C06242F400721A60204A126875
:10C4080032214A431F49B2FBF1F201325969490509
:10C4180000D522B95B69580503D400207047013A5A
:10C42800F4E7032070477047B0F5007F1FD102F48E
:10C43800C062B2F5806FD3F8802042F48072C3F8EE
:10C448008020EAD11A6822F4C06242F400721A60AD
:10C458000B4A126832214A430A49B2FBF1F201320F
:10C4680059694905D6D5002AD4D0013AF8E722F40B
:10C47800C06242F480621A60CFE700BF00700040DB
:10C488004800002040420F00024A936843F480436A
:10C4980093607047007000402DE9F341044640B3B3
:10C4A8000368DF0714D423689E075BD423681E073C
:10C4B80000F1A48023685D0700F1CB8023689B0608
:10C4C80000F13281E069002840F06081002028E016
:10C4D800A14DAB68EA6803F00C030C2B0BD102F0FA
:10C4E8000303032B09D12B689D03DCD56368002B5C
:10C4F800D9D1012015E0082BF4E76368B3F5803F34
:10C5080012D12B6843F480332B60FFF781FB06467A
:10C518002B689803C7D4FFF77BFB801B6428F7D9E7
:10C52800032002B0BDE8F081B3F5A02F04D12B6839
:10C5380043F480232B60E4E72A6822F480322A60DF
:10C548002A6822F480222A60002BDED1FFF760FBE4
:10C5580006462B689903A6D5FFF75AFB801B64286B
:10C56800F7D9DDE77C4DAB68EA6803F00C030C2BC8
:10C5780017D102F00303022B15D12B685A0502D5F7
:10C58800E368002BB5D06B68226923F0FE4343EAC9
:10C5980002636B60714B1868FFF704FB002885D0B5
:10C5A800A7E7042BE8E7E368BBB12B6843F4807383
:10C5B8002B60FFF72DFB06462B685B0507D56B68DC
:10C5C800226923F0FE4343EA02636B606EE7FFF7DC
:10C5D8001FFB801B0228EFD9A2E72B6823F4807386
:10C5E8002B60FFF715FB06462B685F057FF55EAFEE
:10C5F800FFF70EFB801B0228F6D991E76369564DB9
:10C608009BB1D5F8943043F00103C5F89430FFF797
:10C61800FFFA0646D5F8943098073FF54BAFFFF779
:10C62800F7FA801B0228F5D97AE7D5F8943023F079
:10C638000103C5F89430FFF7EBFA0646D5F89430B5
:10C6480099077FF537AFFFF7E3FA801B0228F5D982
:10C6580066E7414DAB6DDA0027D4AB6D43F08053EC
:10C66800AB65AB6D03F080530193019B01273C4EF2
:10C678003368DB051BD5A368012B29D1D5F8903089
:10C6880043F00103C5F89030FFF7C2FA41F2883849
:10C698000646D5F89030990740D5002F3FF40EAFE5
:10C6A800AB6D23F08053AB6508E70027DFE73368FD
:10C6B80043F480733360FFF7ABFA80463368D805DC
:10C6C800D9D4FFF7A5FAA0EB08000228F6D927E786
:10C6D800052B06D1D5F8903043F00403C5F8903007
:10C6E800CCE7D5F8902022F00102C5F89020D5F8C3
:10C6F800902022F00402C5F89020002BC4D1FFF747
:10C7080087FA41F288380646D5F890309A07C4D59A
:10C71800FFF77EFA801B4045F6D901E7FFF778FA64
:10C72800801B4045B5D9FBE6A3690B4DD3B1D5F8BD
:10C73800983043F00103C5F89830FFF769FA0646C8
:10C74800D5F898309F073FF5BDAEFFF761FA801B1B
:10C758000228F5D9E4E600BF00100240500000208E
:10C7680000700040D5F8983023F00103C5F89830E0
:10C77800FFF74EFA0646D5F8983098077FF5A2AE2F
:10C78800FFF746FA801B0228F5D9C9E6484DAB6881
:10C7980003F00C030C2B57D02B68022823F080736E
:10C7A8002B603AD1FFF734FA06462B6899012ED44C
:10C7B800EA68404B1340226A1343A26A43EA022301
:10C7C800E26A43EAC263626A013A43EA0213226BED
:10C7D8005208013A43EA4253626B5208013A43EA6B
:10C7E8004263EB602B6843F080732B60EB6843F087
:10C7F8008073EB60FFF70CFA04462B689A013FF54B
:10C8080065AEFFF705FA001B0228F6D988E6FFF7A0
:10C81800FFF9801B0228C8D982E6EB6823F00303DE
:10C82800EB60EB6823F0887323F48033EB60FFF749
:10C83800EFF904462B689B017FF548AEFFF7E8F94E
:10C84800001B0228F6D96BE601283FF46AAEEB68B4
:10C85800226A03F0030191427FF44BAE616A03F050
:10C86800F0020139B2EB011F7FF443AEA16A03F471
:10C87800FE42B2EB012F7FF43CAEE16A03F078424E
:10C88800B2EBC16F7FF435AE226B520803F4C001DE
:10C89800013AB1EB425F7FF42CAE626B520803F0B1
:10C8A800C063013AB3EB426F3FF410AE21E600BF1C
:10C8B800001002400C809F01174B9A6802F00C028E
:10C8C800042A23D09A6802F00C02082A20D09A6819
:10C8D80002F00C020C2A1DD1D968DA68D868DB6826
:10C8E80001F00301C3F341630329C2F30312C0F348
:10C8F800062003F101030CBF084909495B00013216
:10C90800B1FBF2F25043B0FBF3F0704704487047B4
:10C9180002487047002070470010024000127A0059
:10C928000024F4002DE9F8430E46054610B901200D
:10C93800BDE8F8836D4A136803F00F038B4245D3B3
:10C94800296811F001084CD12A68910740F1A780A5
:10C95800674B12F0040F1EBF996841F4E0619960BB
:10C96800120741BF9A6822F47C5242F4E0629A604E
:10C978009A68A96822F0F0020A439A605B4C23681F
:10C9880003F00F03B34200F293802A68584C12F068
:10C99800040F40F0A380130706D5A3682A6923F47F
:10C9A800605343EAC203A360FFF786FFA368514AB6
:10C9B800C3F30313D35C03F01F03D8404E4B186036
:10C9C8004E4B1868BDE8F843FFF7ECB8136823F03E
:10C9D8000F030B431360136803F00F038B42A6D1B8
:10C9E800AEE76F68424C032F236849D19B019ED55F
:10C9F800E368E26803F00303032BE3680CBF4048D5
:10CA08004048C2F30312C3F306230132B0FBF2F22B
:10CA18005343E268C2F3416201325200B3FBF2F3BE
:10CA2800394A93421AD84FF00008A36823F0030349
:10CA38003B43A360FFF7ECF841F288390746A36847
:10CA48006A6803F00C03B3EB820F3FF47DAFFFF786
:10CA5800DFF8C01B4845F2D9032069E7A36813F043
:10CA6800F00F04D08807DED5AB68002BDBD1A368B4
:10CA780023F0F00343F08003A3604FF08008D4E76D
:10CA8800022F09D113F4003F3FF451AFFFF714FF11
:10CA98001D4B9842C7D9EAE713F4806FF4E7B8F161
:10CAA800800F01BF124A936823F0F003936065E793
:10CAB800236823F00F0333432360FFF7A9F841F2FB
:10CAC80088380746236803F00F03B3423FF45DAF8D
:10CAD800FFF79EF8C01B4045F4D9BDE7A368E96895
:10CAE80023F4E0630B43A36055E700BF0020024036
:10CAF8000010024058FE00084800002050000020A6
:10CB080000127A000024F40000B4C404054B064A5D
:10CB18009B68C3F30223D35C044A106803F01F0325
:10CB2800D84070470010024068FE00084800002006
:10CB3800054B064A9B68C3F3C223D35C044A1068BA
:10CB480003F01F03D84070470010024068FE000839
:10CB580048000020B0F5002FA34B1DD1D3F890203A
:10CB6800D3F89010890702F4407203D5B2F5807F9C
:10CB780000F0AC81D3F89410880703D5B2F5007F94
:10CB880000F0A781186810F400303ED09748B2F53D
:10CB9800407F18BF00207047DA6802F00302022ABB
:10CBA8001DD11A68924912F4806218BF0A46D968E2
:10CBB800B0F5807FC1F3031101F10101B2FBF1F27D
:10CBC80000F0008122D8082815D8F0B101380728CC
:10CBD8001AD8DFE800F0617D1993191919A8DA68E5
:10CBE80002F00302032A04D11A68824912F40032BF
:10CBF800DBE70022DBE7402800F0C280802800F055
:10CC0800D080202800F0A48000207047B0F5805F15
:10CC180000F02D8126D8B0F5806F00F0EF80B0F5D8
:10CC2800006F00F01081B0F5007FEDD1D3F88820B7
:10CC380012F4402251D0D3F89410880703D5B2F5E6
:10CC4800802F00F046811968490503D5B2F5002FF9
:10CC580000F04281D3F8900010F00200D5D0B2F570
:10CC6800402F30E0B0F5804F06D0B0F5004F00F00F
:10CC78000C81B0F5005FC7D1D3F8881001F040618E
:10CC8800B1F1006F00F0C880D3F8980010F00200EE
:10CC9800BBD0594800297CE7D3F8882012F003025A
:10CCA80001D1FFF745BF012A01D1FFF705BE196879
:10CCB800490502D5022A00F00F81D3F8900010F040
:10CCC8000200A2D0032A14BF00220122D003704719
:10CCD800D3F8882012F00C0201D1FFF717BF042AFD
:10CCE800E3D01968480502D5082A00F0F580D3F882
:10CCF800900010F0020088D00C2AE4E7D3F88820CE
:10CD080012F03002E9D0102ACFD01968490502D5AF
:10CD1800202A00F0E180D3F8900010F002003FF4E0
:10CD280074AF302ACFE7D3F8882012F0C002D4D0ED
:10CD3800402ABAD01968480502D5802A00F0CC806C
:10CD4800D3F8900010F002003FF45FAFC02ABAE7B2
:10CD5800D3F8882012F44062BFD0B2F5806FA4D017
:10CD68001968490503D5B2F5006F00F0B580D3F80E
:10CD7800900010F002003FF448AFB2F5406FA2E710
:10CD8800D3F8882012F44052A7D0B2F5805F8CD037
:10CD9800186810F480603FF438AFB2F5005F1448AB
:10CDA800F7E6D3F8882012F4404296D0B2F5804FC7
:10CDB8003FF47BAF186810F480603FF426AFB2F5FB
:10CDC800004FECE7D3F8882012F4403285D0B2F552
:10CDD800803F3FF46AAF186810F480603FF415AFE5
:10CDE800B2F5003FDBE700BF0010024090D003001F
:10CDF8000024F40000127A00006CDC02D3F88810DA
:10CE080011F440113FF451AFB1F5801F10D1D8682B
:10CE180010F480103FF4F9AED868DB68C3F34153CF
:10CE2800C0F30620013350435B00B0FBF3F07047BA
:10CE3800B1F5001F52D0186810F480603FF4E5AED9
:10CE4800B1F5401FABE7D3F8881011F440013FF467
:10CE58002CAFB1F5800FDAD0B1F5000F3ED01868CD
:10CE680010F480603FF4D1AEB1F5400F97E7D3F8E6
:10CE7800881001F04071B1F1007F3FF42EAF79B313
:10CE8800B1F1807F7FF4C0AEC1E7D3F8881001F01C
:10CE98004051B1F1805F14D1D86810F480303FF46C
:10CEA800B4AED968D868C00EC1F3062105D1DB68D5
:10CEB80013F4003F14BF112007204A43B2FBF0F0DF
:10CEC8007047B1F1005F7FF49FAEEEE64FF400408B
:10CED80070474FF4FA40704702487047024870475D
:10CEE800024870470024F4000080BB0000127A005A
:10CEF800024AD36A1843D062704700BF001002404C
:10CF0800B0F1904F08B509D10120FFF7F1FF254A8C
:10CF1800D36A23F00103D362002008BD224B984254
:10CF280007D10220FFF7E4FF1E4AD36A23F0020369
:10CF3800F1E71E4B984207D10420FFF7D9FF194AA1
:10CF4800D36A23F00403E6E7194B984207D1082077
:10CF5800FFF7CEFF134AD36A23F00803DBE7154B2C
:10CF6800984207D11020FFF7C3FF0E4AD36A23F077
:10CF78001003D0E7104B984207D12020FFF7B8FFE5
:10CF8800084AD36A23F02003C5E70C4B984207D11F
:10CF98004020FFF7ADFF034AD36A23F04003BAE706
:10CFA8000120BAE7001002400004004800080048C9
:10CFB800000C004800100048001400480018004801
:10CFC8002DE9F04F02460D6895FAA5F44FF0010ED1
:10CFD800B4FA84F403274FF00F0C6FEA050835FA0A
:10CFE80004F001D1BDE8F08F0EFA04F32B4067D0AE
:10CFF8004868461E012E1ED8966893FAA3F9B9FA16
:10D0080089F94FEA490907FA09F926EA090993FA59
:10D01800A3FA8E68BAFA8AFA4FEA4A0A06FA0AF6B0
:10D0280046EA09069660566808EA0609CE686E431D
:10D0380049EA06065660D66893FAA3F9B9FA89F957
:10D048004FEA490907FA09F926EA090993FAA3FAFE
:10D058000E69BAFA8AFA4FEA4A0A06FA0AF646EA5C
:10D0680009060228D66018D1FF2BD1F814A029D8B8
:10D07800D2F8209093FAA3F6B6FA86F6B6000CFA20
:10D0880006F629EA060993FAA3F6B6FA86F6B60072
:10D098000AFA06F646EA09061662166893FAA3F92A
:10D0A800B9FA89F94FEA490907FA09F926EA090696
:10D0B80093FAA3F3B3FA83F35B009840304310600C
:10D0C80001348CE7D2F824901E0A96FAA6FBBBFA24
:10D0D8008BFB4FEA8B0B0CFA0BFB29EA0B0996FA30
:10D0E800A6F6B6FA86F6B6000AFA06FA4AEA090673
:10D0F8005662D2E7F8B5046814F0010405460F46F5
:10D108003ED13A69BB68016813437A6913431D4AE3
:10D118000A40134303604368FA6823F440531343F7
:10D1280043608368BA6923F44073134383604FF400
:10D13800406000F059F93E6800B37F68F7B1B3B2B8
:10D14800114A214632F813202346F3F753F87A0898
:10D158000302090241EA1061981841F100013A46B8
:10D168002346F3F747F8C0F31300E8602046EB6A5C
:10D17800B6B223F00F031E43EE62F8BD0120F6E7B6
:10D188000120FAE7F3E9FFEF80FE0008024B186878
:10D19800C0F38020704700BF00100240024BD3F854
:10D1A8009000C0F34000704700100240024B18681E
:10D1B800C0F34060704700BF00100240044B054AAE
:10D1C8009B68C3F30313D35C03F01F03D840704775
:10D1D8000010024058FE0008044B054A9B68C3F340
:10D1E8000223D35C03F01F03D840704700100240AD
:10D1F80068FE0008124B9A6802F00C02082A1BD03D
:10D208000C2A1BD1DA680F480F4902F00302032ADF
:10D2180008BF0146D868DA68DB68C3F34163C0F326
:10D228000620C2F303120133484301325B00B0FB0E
:10D23800F2F0B0FBF3F070470248704702487047BD
:10D248000010024000127A000024F400164A08B5C3
:10D25800136843F480731360FFF798FF0028FBD02E
:10D26800536823F0FE4343F08043536001239360E7
:10D27800936803F00C03042BFAD14FF48073136006
:10D288001360FFF793FF0028FBD14FF4805140F261
:10D298003B73D16090611362D2F8943043F4000379
:10D2A800C2F8943008BD00BF00100240032810B532
:10D2B8002DD12D4C2D4AD4F8883003F0030343F4C4
:10D2C8004033934209D0B3F1031F0CD0013A934283
:10D2D80010D1BDE81040FFF78DBFFFF757FF0028BA
:10D2E80040D1002010BDFFF759FF003818BF0120BA
:10D2F800C003F7E7FFF77EFFFFF760FFA3681C4A4C
:10D30800C3F3C223D35C03F01F03D840EAE70C2819
:10D3180017D1154B174AD3F8883003F00C0343F4A0
:10D3280040239342D9D0B3F10C1FDCD0043A934286
:10D33800CFD0FFF75FFFFFF741FFBDE81040FFF7D1
:10D348004BBF3028CDD1084B0B4AD3F8883003F0B7
:10D35800300343F440139342BFD0B3F1301FC2D01F
:10D36800103AE4E70548BDE7001002400200030058
:10D3780068FE000808000C00200030000024F400BB
:10D38800C02808B501D0002008BD144B144AD3F8B2
:10D39800883003F0C00343F44003934209D0B3F14B
:10D3A800C01F0CD0403A934210D1BDE80840FFF7A7
:10D3B80021BFFFF7EBFE0028E5D00A48E4E7FFF7B6
:10D3C800EDFE003818BF0120C003DDE7FFF712FFAC
:10D3D800FFF7F4FEBDE80840FFF7FEBE001002406C
:10D3E8008000C0000024F40008B5134BD3F888303F
:10D3F8001840B0F5006F09D0B0F5406F0DD0B0F50A
:10D40800806F11D1BDE80840FFF7F4BEFFF7BEFEFC
:10D418000A4B002818BF184608BDFFF7BFFE0038A2
:10D4280018BF0120C003F7E7FFF7E4FEFFF7C6FEC9
:10D43800BDE80840FFF7D0BE001002400024F40009
:10D44800154B98420BD103F560431A6C42F4805295
:10D458001A641A6C22F480521A64002070470F4B29
:10D46800984205D003F5806398420BD0012070479D
:10D478000B4B9A6B42F480429A639A6B22F4804277
:10D488009A63EAE7064B9A6B42F400429A639A6BF6
:10D4980022F40042F4E700BF0030014000380040A9
:10D4A8000010024003685B0670B502462DD4D1E92E
:10D4B80000363343CE68056848690C6A33430E6901
:10D4C80033438E6903433343CE6925F47F453343A1
:10D4D80025F0BF0523432B43136053688D6823F45D
:10D4E800706323F0040345EA10401843B5F5006F54
:10D4F80050603EBF536843F480535360B4F5005FF7
:10D5080001D18B8C1361002000E00120D36923F442
:10D518000063D36170BD00002B4A036890420ED0AF
:10D52800B0F1804F0BD0A2F59432904207D002F5AB
:10D538008062904203D002F59632904215D14A6833
:10D5480023F070031343204A904219D0B0F1804F62
:10D5580016D0A2F59432904212D002F58062904221
:10D568000ED002F5963290420AD0184A904207D05F
:10D5780002F58062904203D002F58062904203D1A6
:10D58800CA6823F44073134303608B68C3620B8833
:10D5980083620D4B98420FD003F5006398420BD07D
:10D5A80003F54063984207D003F58063984203D09F
:10D5B80003F58063984201D10B690363436943F023
:10D5C8000103436100207047002C014000400140E6
:10D5D800B1F5805F30B500F011810AD8102900F04C
:10D5E8008680B1F5807F00F0C68001293DD00120FA
:10D5F80030BDB1F5803F00F04781B1F5801FF6D10D
:10D60800036A146823F480130362036A016D21F02E
:10D61800807121F4E04141EA0424116923F40013E4
:10D6280043EA0153516823F4801343EA01539549AF
:10D6380088420FD001F5006188420BD001F54061A6
:10D64800884207D001F58061884203D001F58061E6
:10D65800884206D14168956921F4802141EA8521F3
:10D668004160D2680465C2643EE0036A156823F02D
:10D6780001030362036A4168846924F4803424F056
:10D6880073042C43156923F002032B43556823F0D8
:10D6980001032B437B4DA8420FD005F50065A84236
:10D6A8000BD005F54065A84207D005F58065A8426E
:10D6B80003D005F58065A84212D1556923F0080307
:10D6C80043EA8503956823F0040343EA85039569D3
:10D6D80021F480712943D56921F4007141EA45019B
:10D6E800D2684160846142630362002080E7036A74
:10D6F800156823F010030362036A4168846924F003
:10D70800807424F4E64444EA0524156923F02003D0
:10D7180043EA0513556823F0100343EA0513594DEE
:10D72800A8420FD005F50065A8420BD005F5406565
:10D73800A84207D005F58065A84203D005F58065A5
:10D74800A84213D1556923F0800343EA85139568ED
:10D7580023F0400343EA8513956921F4806141EA87
:10D768008501D56921F4006141EAC501D2684160AB
:10D7780084618263B8E7036A156823F480730362DF
:10D78800036A4168C46924F4803424F073042C4388
:10D79800156923F4007343EA0523556823F480735D
:10D7A80043EA0523374DA8420FD005F50065A84286
:10D7B8000BD005F54065A84207D005F58065A8425D
:10D7C80003D005F58065A84213D1556923F4006399
:10D7D80043EA8523956823F4806343EA85239569A2
:10D7E80021F4805141EA0511D56921F4005141EA3B
:10D7F8004511D2684160C461C26375E7036A156860
:10D8080023F480530362036A4168C46924F0807476
:10D8180024F4E64444EA0524156923F4005343EA52
:10D828000533556823F4805343EA0533154DA84260
:10D838000FD005F50065A8420BD005F54065A84254
:10D8480007D005F58065A84203D005F58065A84294
:10D8580013D1556923F4004343EA8533956823F4CB
:10D86800804343EA8533956921F4804141EA851173
:10D87800D56921F4004141EAC511D2684160C4610B
:10D88800026431E7002C0140036A146823F48033F2
:10D898000362036A016D21F4803121F070010C43A9
:10D8A800116923F4003343EA0143516823F48033B8
:10D8B80043EA01430F4988420FD001F500618842CD
:10D8C8000BD001F54061884207D001F5806188429C
:10D8D80003D001F58061884206D14168956921F439
:10D8E800803141EA052141600465D268816C826417
:10D8F800FAE600BF002C01401C4B98420BD103F5FF
:10D9080058431A6C42F480421A641A6C22F480421A
:10D918001A6400207047164B98420AD103F5E63383
:10D928009A6B42F400329A639A6B22F400329A633B
:10D93800EFE7104B984209D103F5E4339A6B42F4B0
:10D9480080229A639A6B22F48022F0E70A4B98426D
:10D9580009D103F5E2339A6B42F400229A639A6B79
:10D9680022F40022E3E70120704700BF003801409D
:10D978000044004000480040004C004038B50368AF
:10D98800DB0704460D4659D42A69AB68016813437E
:10D998006A691343EA691343294A0A401343036037
:10D9A8004368EA6823F44053134343608368AA69D1
:10D9B80023F4407313438360224B984220D1032001
:10D9C800FFF774FC2B6840B36A6832B30B2B15D889
:10D9D8001D4951F82330E969B0FBF3F0B1F5004F68
:10D9E8004FEA520325D103EB4003B3FBF2F34FF6A2
:10D9F800F0721A40C3F342031343E36000200DE0C2
:10DA0800124B984201D10C20DAE7114B984201D110
:10DA18003020D5E70F4B984207D00120E26A2B88C7
:10DA280022F00F021343E36238BDC020FFF7A8FCC1
:10DA3800C8E70344B3FBF2F39BB2DEE70120F3E748
:10DA4800F369FFEF0038014098FE000800440040E9
:10DA580000480040004C004010EE103AC3F3C75293
:10DA68007F3A162A10EE101A15DC002A0CDB0C4837
:10DA78001041034205D04FF4800313410B4423EABD
:10DA8800000300EE103A7047013203F00043F8D16A
:10DA980043F07E53F5E7802AF3D130EE000A704751
:10DAA800FFFF7F0070B50D4D0D4C641BA4100026C0
:10DAB800A64209D10B4D0C4C00F0F2F9641BA410DE
:10DAC8000026A64205D170BD55F8043B984701369B
:10DAD800EEE755F8043B98470136F2E7D0FE000818
:10DAE800D0FE0008D0FE0008D8FE0008034611F852
:10DAF800012B03F8012B002AF9D1704710B5024613
:10DB0800147813460132002CFAD1013B11F8012B8D
:10DB180003F8012F002AF9D110BDC9B2034610F845
:10DB2800012B1AB18A42F9D118467047002918BF4B
:10DB38000023F9E70A44914200F1FF3300D170470E
:10DB480010B511F8014B03F8014F9142F9D110BDFE
:10DB580010B56AB10139841810F8012B11F8013F8A
:10DB68009A4203D1A04201D0002AF5D1D01A10BDA3
:10DB78001046FCE710B501390244904201D100205B
:10DB880005E0037811F8014FA34201D0181B10BD1E
:10DB98000130F2E7884210B501EB020402D9844251
:10DBA800234607D8431EA14208D011F8012B03F8D9
:10DBB800012FF8E7024401468A4200D110BD13F84C
:10DBC800014D02F8014DF7E702440346934200D1A4
:10DBD800704703F8011BF9E72DE9F047089E0D4649
:10DBE80004460F46002B4AD18A42944665D9B2FAB8
:10DBF80082F343B102FA03FCC3F120029F4020FAEA
:10DC080002F217439C404FEA1C4E1FFA8CF5B7FBF3
:10DC1800FEF1220C0EFB117742EA074201FB05F0E8
:10DC280090420AD91CEB020201F1FF3780F01C81F7
:10DC3800904240F2198102396244121AA4B2B2FB2E
:10DC4800FEF00EFB102244EA024400FB05F5A54253
:10DC58000AD91CEB040400F1FF3280F00781A542C9
:10DC680040F204816444023840EA0140641B002108
:10DC78001EB1DC400023C6E90043BDE8F0878B42B3
:10DC880008D9002E00F0ED800021C6E900050846FD
:10DC9800BDE8F087B3FA83F1002949D1AB4202D33A
:10DCA800824200F2F880841A65EB030201201746CD
:10DCB800002EE2D0C6E90047DFE702B9FFDEB2FA7C
:10DCC80082F3002B40F090808A1A4FEA1C471FFA13
:10DCD8008CFE0121B2FBF7F507FB1520220C42EA66
:10DCE80000420EFB05F0904208D91CEB020205F138
:10DCF800FF3802D2904200F2CB804546121AA4B2F5
:10DD0800B2FBF7F007FB102244EA02440EFB00FEC8
:10DD1800A64508D91CEB040400F1FF3202D2A6453F
:10DD280000F2BB801046A4EB0E0440EA05409FE7D2
:10DD3800C1F120078B4022FA07FC4CEA030C05FAD4
:10DD480001F420FA07F3FD404FEA1C492343B5FBD1
:10DD5800F9F81FFA8CFE09FB18551C0C44EA054417
:10DD680008FB0EF5A54202FA01F200FA01F00BD900
:10DD78001CEB040408F1FF3A80F08880A54240F2C9
:10DD88008580A8F102086444641B9DB2B4FBF9F3D2
:10DD980009FB134445EA044403FB0EFEA64508D9D3
:10DDA8001CEB040403F1FF356CD2A6456AD9023B8B
:10DDB800644443EA0843A3FB0295A4EB0E04AC4277
:10DDC800C846AE4656D353D056B1B0EB080264EB02
:10DDD8000E0404FA07F7CA40CC401743C6E900749A
:10DDE80018460021BDE8F087C3F1200102FA03FCC0
:10DDF80020FA01F225FA01F19D402A434FEA1C4717
:10DE08001FFA8CFEB1FBF7F007FB1015110C41EA65
:10DE1800054100FB0EF58D4204FA03F408D91CEB0A
:10DE2800010100F1FF382FD28D422DD9023861440B
:10DE3800491B92B2B1FBF7F507FB151142EA014203
:10DE480005FB0EF1914208D91CEB020205F1FF38DF
:10DE580016D2914214D9023D6244521A45EA004151
:10DE680038E73146304608E73946E6E61046FBE62D
:10DE78004845A9D2B9EB020865EB0C0E013BA3E7B4
:10DE88004546EAE72B4694E74046D1E7D0467BE78C
:10DE9800023D624432E708460AE76444023842E732
:10DEA800F8B500BFF8BC08BC9E467047F8B500BF7F
:08DEB800F8BC08BC9E4670474F
:10DEC00018120C180101011919011919010606018E
:10DED000060601030301030301020201020201120B
:10DEE0000C01120C00206C0002206A006D0074000E
:10DEF0000205010202016D696E2C00206D572C0095
:10DF0000322E3447003931354D003836384D003423
:10DF100033334D003730636D003836364D0044558D
:10DF2000414C003F003530487A003331487A0031A7
:10DF300039487A00464C52430046534B0031394829
:10DF40007A377800011F136F0113000000D57FAAF4
:10DF5000FE2B815429FC5683D702A87D52872DF8C9
:10DF6000AC79D3067BAE04D18550FA2FA471DB0EB9
:10DF70005A8F25F08D58F22773A60CD9F623895CA9
:10DF800008DD77A2DF0AA07521F45E8B9D48E23799
:10DF900063B61CC9B461CB1E4A9F35E0CF1AB06589
:10DFA00031E44E9BE633994C18CD67B239EC469379
:10DFB000C712B86D10C56FBAEE3B91446BBE14C169
:10DFC0009540EA3F42973DE8BC69C316EF3A904559
:10DFD00011C46EBBC613B96C38ED4792BD68C21749
:10DFE00043963CE99441EB3E6ABF15C04B9E34E139
:10DFF000B560CA1F62B71DC89C49E33619CC66B329
:10E00000E732984D30E54F9ACE1BB16472A70DD818
:10E010008C59F3265B8E24F1A570DA0F20F55F8A08
:10E02000DE0BA17409DC76A3F722885DD603A97CF8
:10E0300028FD5782FF2A805501D47EAB8451FB2EE8
:10E040007AAF05D0AD78D20753862CF9616263644C
:10E0500065666768696A6B6C6D6E6F7071727374F8
:10E0600075767778797A30313233343536373839D6
:10E070005F232D2E000001000100020002000200BB
:10E08000030004000500060008000A000C00100050
:10E09000140019002000280032003F0050006400E6
:10E0A0007D009E00C800FA003C019001F401760258
:10E0B0002003E803E204DC05D0076E00690063007A
:10E0C0007600727700740074770000000000000092
:10E0D00000000000711000080000000000000000B7
:10E0E0007D1000080000000000000000591000082A
:10E0F00000010204050301020001020503046D6C26
:10E1000072732E300053657475705374617274535A
:10E1100074783452780053657475705374617274F6
:10E120004D61726B65720021656E6421004D6174F2
:10E13000656B206D5232342D333043006D4C525399
:10E1400001020304006D4C525304030201000A0053
:10E15000206972713D7800206C733D002072783127
:10E16000733D0020727832733D0040504152414D62
:10E170002F706172616D2E70636B006D6C72732E07
:10E180000072785F737461747573206661696C7571
:10E190007265006661696C2061002000646F5F72C7
:10E1A000656365697665282920434845434B5F458B
:10E1B00052524F525F53594E43574F524400537877
:10E1C000206E6F74206F6B0049525120544D4F20C8
:10E1D0004641494C0049525120525820444F4E4527
:10E1E000204641494C0049525120545820444F4E3A
:10E1F00045204641494C000000000000000000009E
:10E20000E5140008D51400086B24000895240008C4
:10E21000B3240008D51D0008F5100008E721000808
:10E220000000000000000000D91000089F2800082E
:10E230004D2700088D26000863260008F911000804
:10E24000F126000815120008BD2600083912000842
:10E250000000000000000000D9100008792A000822
:10E26000DD100008DF10000843290008E310000853
:10E27000E7100008EB100008ED100008F11000088E
:10E280000000000000000000D9100008DB100008AA
:10E29000DD100008DF100008C17B0008E1920008D3
:10E2A000F57B00083D120008ED920008F11000080F
:10E2B0000000000000000000B71F00088D210008CA
:10E2C000512100083121000800000000000000007A
:10E2D000D910000869120008DD100008DF100008DE
:10E2E00059750008D5750008695C0008D95C0008FC
:10E2F000ED100008F1100008414E474C4500484F12
:10E3000052495A4F4E004E415620414C54484F4CB2
:10E31000440048454144494E4720484F4C4400483A
:10E3200045414446524545004845414441444A0020
:10E3300043414D53544142004E41562052544800EF
:10E340004E415620504F53484F4C44004D414E557E
:10E35000414C00424545504552004C454453204FE6
:10E360004646004C4947485453004F5344204F46BB
:10E37000460054454C454D45545259004155544F63
:10E380002054554E4500424C41434B424F580046A5
:10E3900041494C53414645004E415620575000419B
:10E3A0004952204D4F444500484F4D45205245535A
:10E3B000455400474353204E415600465056204195
:10E3C0004E474C45204D4958005355524641434510
:10E3D00000464C415045524F4E005455524E20413C
:10E3E0005353495354004E4156204C41554E4348D7
:10E3F00000534552564F204155544F5452494D00F9
:10E4000043414D45524120434F4E54524F4C2031D1
:10E410000043414D45524120434F4E54524F4C20F2
:10E42000320043414D45524120434F4E54524F4CD0
:10E430002033004F534420414C542031004F53446B
:10E4400020414C542032004F534420414C5420333F
:10E45000004E415620434F5552534520484F4C449F
:10E46000004D43204252414B494E470055534552BF
:10E4700031005553455232005553455233005553E0
:10E48000455234004C4F49544552204348414E4771
:10E4900045004D5350205243204F56455252494457
:10E4A000450050524541524D00545552544C450080
:10E4B0004E415620435255495345004155544F2033
:10E4C0004C4556454C205452494D00575020504C15
:10E4D000414E4E455200534F4152494E47004D491F
:10E4E0005353494F4E204348414E4745004245450E
:10E4F000504552204D555445004D554C54492046E9
:10E50000554E4354494F4E004D49584552205052A4
:10E510004F46494C452032004D49584552205452EF
:10E52000414E534954494F4E00414E474C452048B7
:10E530004F4C4400800CD007B704C71B800CB704B5
:10E540000410020A0B06972304100B0604F90008B6
:10E55000502E00000000000000000000000000003D
:10E5600000000000000000000000000000000000AB
:10E570000000000000000000000000001100320058
:10E58000140064001800FA001B00F4011E00E803E8
:10E590006162636465666768696A6B6C6D6E6F70F3
:10E5A0007172737475767778797A303132333435A5
:10E5B000363738395F232D2E0000000000070E0982
:10E5C0001C1B1215383F363124232A2D70777E7993
:10E5D0006C6B6265484F464154535A5DE0E7EEE983
:10E5E000FCFBF2F5D8DFD6D1C4C3CACD90979E9973
:10E5F0008C8B8285A8AFA6A1B4B3BABDC7C0C9CE63
:10E60000DBDCD5D2FFF8F1F6E3E4EDEAB7B0B9BE52
:10E61000ABACA5A28F88818693949D9A2720292E42
:10E620003B3C35321F18111603040D0A5750595E32
:10E630004B4C45426F68616673747D7A898E878022
:10E6400095929B9CB1B6BFB8ADAAA3A4F9FEF7F012
:10E65000E5E2EBECC1C6CFC8DDDAD3D4696E676002
:10E6600075727B7C51565F584D4A4344191E1710F2
:10E6700005020B0C21262F283D3A33344E494047E2
:10E6800052555C5B7671787F6A6D64633E393037D2
:10E6900022252C2B0601080F1A1D1413AEA9A0A7C2
:10E6A000B2B5BCBB9691989F8A8D8483DED9D0D7B2
:10E6B000C2C5CCCBE6E1E8EFFAFDF4F300000000C0
:10E6C0003209000000000000010000007C2B000067
:10E6D0000000000002000000890C000000000000A3
:10E6E00004000000ED0E030C0D000000050000000A
:10E6F000D91C0100000000000600000068030000B3
:10E70000000000000700000077200000000000006B
:10E710000800000075240000000000000B0000004D
:10E72000590601040000000014000000D614030282
:10E7300003000000150000009F020300010000001C
:10E7400016000000DC1900000000000017000000A7
:10E75000A81703040500000018000000183400008A
:10E760000000000019000000176500000000000014
:10E770001A000000AA180000000000001B000000A2
:10E78000901D0000000000001C000000431000006D
:10E79000000000001D0000007310000000000000D9
:10E7A0001E000000271C0000000000001F000000E9
:10E7B000F63000000000000020000000B91C00003E
:10E7C0000000000021000000681C000000000000A4
:10E7D00022000000ED1600000000000023000000F1
:10E7E000F41600000000000024000000DE250000F8
:10E7F0000000000025000000D4070304050000000D
:10E80000260000000907030405000000270000009F
:10E81000FE2603202100000028000000E605030278
:10E8200003000000290000001C0403020300000094
:10E830002A0000001C120000000000002B00000055
:10E8400084030300010000002C000000DD09030226
:10E85000030000002D000000E80303000100000099
:10E860002E0000000B020000000000002F0000003E
:10E870009908030001000000300000002915010C78
:10E88000000000003100000027140000000000001C
:10E89000320000004E250312130000003300000078
:10E8A000C40503020300000035000000030500005A
:10E8B00000000000360000000F1B031819000000C4
:10E8C0003700000003190000000000003D000000B8
:10E8D000A7480000000000003E000000B71A00003A
:10E8E000000000003F00000077B5000000000000BD
:10E8F00040000000BFE100000000000041000000F7
:10E90000762A000000000000420000009406030286
:10E910000300000043000000150400000000000098
:10E9200045000000F31E010A000000004600000040
:10E930007C26031011000000490000002626032059
:10E94000210000004A000000141400000000000034
:10E950004B0000009E23031E1F0000004C0000001F
:10E960009821031E1F0000004D0000008F0A0308BD
:10E9700009000000500000000E0403020300000024
:10E98000510000006A160000000000005200000064
:10E990003133032425000000530000001625000039
:10E9A00000000000540000008F35033233000000E7
:10E9B000550000008C3300000000000056000000ED
:10E9C0000535033233000000570000009633000085
:10E9D0000000000059000000E71C000000000000DB
:10E9E0005A000000B7380000000000005B00000083
:10E9F0003F2A0000000000005C00000036210000FB
:10EA0000000000005D0000002F5100000000000029
:10EA100064000000AF22000000000000650000005C
:10EA20006675000000000000660000009E75000092
:10EA30000000000067000000D03900000000000066
:10EA40006800000038740000000000006900000049
:10EA50005D3F0000000000006A0000008A2C0000FA
:10EA6000000000006B0000006C410000000000008E
:10EA70006C000000205C0000000000006D00000041
:10EA8000B9090000000000006E00000054FE030100
:10EA9000020000006F0000002212031011000000AD
:10EAA00070000000AE0C00000000000071000000CB
:10EAB0007C2700000000000072000000ED2C000028
:10EAC000000000007300000004400000000000008F
:10EAD000740000004C1800000000000075000000E9
:10EAE000800603040500000076000000380E0000D8
:10EAF0000000000077000000740C030A0B00000007
:10EB0000780000008661000000000000790000002D
:10EB1000ED020300010000007A000000CB020300B8
:10EB2000010000007B000000FA71030001000000FA
:10EB30007C00000057390000000000007D0000004C
:10EB4000CB060000000000007E000000DC51034FF7
:10EB5000500000007F0000001923000000000000AA
:10EB600080000000E223000000000000810000009F
:10EB70002E18000000000000820000001D0D0000A3
:10EB80000000000083000000DFFF00000000000024
:10EB900084000000552700000000000085000000F0
:10EBA000061200000000000086000000E52B0000B7
:10EBB0000000000087000000CB08000000000000FB
:10EBC000880000000116000000000000890000001D
:10EBD000C3100000000000008A0000006D780000F3
:10EBE000000000008B000000A82B03292A00000071
:10EBF0008C000000B5290000000000008D0000001E
:10EC00002F200000000000008E00000048F30000EC
:10EC1000000000008F0000008310000000000000D2
:10EC2000900000007F5D00000000000092000000E6
:10EC30006764000000000000930000009A360000A6
:10EC40000000000094000000B24E00000000000030
:10EC500095000000C83C0000000000009600000085
:10EC6000862A00000000000097000000DB08030671
:10EC70000700000098000000D0080000000000001D
:10EC800099000000BC0C0000000000009A00000089
:10EC9000540F0306070000009B000000160D03043C
:10ECA000050000009C0000001306030001000000A6
:10ECB0009D000000150F030C0D0000009E000000D9
:10ECC000860F030C0D000000A00000004E0C03088E
:10ECD00009000000A100000044030300010000003F
:10ECE000A2000000BD09000000000000A300000019
:10ECF0007F1C000000000000A40000009A2C00000F
:10ED000000000000A5000000150300000000000046
:10ED1000A60000001509000000000000A700000088
:10ED20009016000000000000A8000000010C000088
:10ED300000000000A9000000EA120000000000002E
:10ED4000AA0000004922000000000000AB00000003
:10ED5000B542000000000000AC0000001662000098
:10ED600000000000AD00000053080000000000009B
:10ED7000AE000000A730000000000000AF0000005F
:10ED80008A13030E0F000000B0000000EA03030026
:10ED900001000000B1000000F014000000000000BD
:10EDA000B20000002F18000000000000B3000000B7
:10EDB000BD1D011A00000000B4000000342F012A1C
:10EDC00000000000B5000000AE04000000000000DC
:10EDD000B6000000E528000000000000B7000000B9
:10EDE0005502030001000000B80000009FCE03049C
:10EDF00005000000B9000000BA0703040500000088
:10EE0000BA000000481D030001000000BF00000020
:10EE10005C1B000000000000C00000002436000061
:10EE200000000000C1000000471A000000000000C0
:10EE3000C20000006221000000000000C3000000CA
:10EE40007825000000000000C8000000862A032882
:10EE500029000000C9000000CD0E030C0D000000C9
:10EE6000D60000004508030607000000D700000098
:10EE70006503000000000000D8000000320303001A
:10EE800001000000D9000000CA06000000000000D8
:10EE9000DA0000001107030001000000DB000000A1
:10EEA000A202000000000000DC00000022200000A0
:10EEB00000000000DD000000472A00000000000004
:10EEC000DE0000000F03000000000000DF00000073
:10EED000772F032A2B000000E0000000662D032A94
:10EEE0002B000000E1000000D049000000000000FD
:10EEF000E2000000CF08000000000000E600000073
:10EF0000A32A000000000000E700000069280000BC
:10EF100000000000E8000000974100000000000031
:10EF2000E900000023B6000000000000EA00000035
:10EF30009628000000000000EB000000B32A00004B
:10EF400000000000F10000005A2000000000000056
:10EF5000F2000000683C000000000000F300000028
:10EF6000553D013400000000F40000005F06000081
:10EF700000000000F5000000820200000000000018
:10EF8000F6000000B826000000000000F7000000B6
:10EF90005113000000000000F800000008FE030309
:10EFA00004000000F9000000CC2400000000000074
:10EFB000FA000000311E000000000000FB0000000D
:10EFC000AA12000000000000FC0000002C1200004B
:10EFD00000000000FD0000005336000000000000AB
:10EFE000FE0000002E0900000000000000010000EB
:10EFF000472A0308090000000101000083090000FE
:10F000000000000002010000BBE803000100000056
:10F01000030100005CED000000000000040100009E
:10F02000920E00000000000005010000B33D00004A
:10F0300000000000060100000C17000000000000A6
:10F040000701000085FF000000000000080100002B
:10F050003120000000000000090100001A14000027
:10F06000000000000A010000C1FF030203000000CD
:10F070000B01000023FF0302030000000C0100004D
:10F080000E040302030000000D0100006DD7000014
:10F09000000000000E0100003B1400000000000012
:10F0A0000F010000163500000000000013010000F1
:10F0B0007E20000000000000140100001232000059
:10F0C00000000000150100003E1E000000000000CE
:10F0D0001801000046210000000000001901000096
:10F0E000300D0000000000001A0100007B23032007
:10F0F000210000001B0100004A91000000000000F8
:10F100001C0100006320031E1F0000001D01000001
:10F1100089310326270000001E010000D239033286
:10F12000330000001F010000011703141500000048
:10F130002001000014170314150000002201000034
:10F14000FB2E000000000000230100000A3900002F
:10F150000000000024010000E3DF03181900000094
:10F1600027010000EA0C0000000000002801000058
:10F1700032230000000000002B0100001362000099
:10F18000000000002C010000D91600000000000063
:10F190002D010000F33A00000000000036010000DD
:10F1A0001C11000000000000370100005F74000027
:10F1B0000000000040010000F314030203000000FF
:10F1C000410100005802030001000000420100005C
:10F1D000F395000000000000430100004E9303007F
:10F1E00001000000440100008492000000000000C3
:10F1F0004A01000017A70000000000004B010000BA
:10F200005BE90000000000004C010000ECEF000092
:10F21000000000004D010000E76D0000000000004C
:10F220004E010000480A0000000000004F010000ED
:10F23000E11800000000000050010000F55400003B
:10F240000000000053010000C7050000000000009E
:10F250005401000063460000000000005901000056
:10F26000D1150302030000005E010000E8FC00006D
:10F270000000000062010000D20E030C0D0000002F
:10F2800063010000060C000000000000680100009F
:10F290000B19000000000000690100005D21000062
:10F2A000000000007101000097180000000000003D
:10F2B000720100004B6D00000000000073010000AF
:10F2C0000A1A000000000000740100001A8C0000FF
:10F2D0000000000075010000752A00000000000019
:10F2E00077010000FB8C00000000000078010000A6
:10F2F000C7080000000000007C010000E8140000C6
:10F30000000000008101000093850302030000005B
:10F310008201000084100304050000008301000046
:10F3200004480304050000008401000008250320B0
:10F3300021000000860100009CF000000000000099
:10F340008B01000000D40000000000008C010000D0
:10F3500032A00000000000008D010000B66C00002B
:10F3600000000000900100006EFE03040500000094
:10F3700091010000B7060304050000009A01000097
:10F38000A0350000000000009B0100006A0300009F
:10F39000000000009C01000021060304050000009D
:10F3A0009D0100004D070304050000009E010000C0
:10F3B0006D100000000000009F010000A11000007F
:10F3C00000000000A401000014490306070000002B
:10F3D000B3010000862E000000000000B401000010
:10F3E000C109000000000000B50100001E0100007E
:10F3F00000000000B80100004223000000000000EF
:10F40000B9010000A911000000000000FE01000089
:10F41000F56A000000000000FF0100001C4700002A
:10F420000000000000020000B80200000000000020
:10F43000421F0000DA10000000000000431F00001F
:10F44000E729000000000000441F0000AC6200003B
:10F4500000000000451F0000FB2600000000000027
:10F46000461F0000610E000000000000471F000062
:10F470004020000000000000481F0000EA210000BA
:10F4800000000000491F0000901000000000000074
:10F490004A1F00009B290000000000004B1F0000D5
:10F4A00014660000000000004C1F00003610000031
:10F4B000000000004D1F0000DE2E000000000000D4
:10F4C0004E1F0000C80E0000000000004F1F00008B
:10F4D0001718000000000000501F000095120000E7
:10F4E00000000000282300007189000000000000D7
:10F4F0002D230000752200000000000011270000ED
:10F50000D11400000000000012270000BA290000FA
:10F5100000000000132700000401000000000000AC
:10F5200014270000850900000000000015270000D6
:10F53000670900000000000016270000C104000059
:10F540000000000017270000471100000000000025
:10F5500018270000F00E000000000000A7270000A0
:10F56000C355000000000000F82A000086340304A0
:10F5700005000000F92A00000F88000000000000CC
:10F58000FA2A0000EAB4030405000000FB2A000088
:10F590004005000000000000FC2A00000BE8030802
:10F5A00009000000FD2A00005DE6000000000000E8
:10F5B000022B00002E31000000000000032B000091
:10F5C0006A2C0000000000000C2B0000CD10000091
:10F5D00000000000162B0000902C0000000000002E
:10F5E000172B0000852C000000000000182B0000E5
:10F5F000552C000000000000192B0000C32503104B
:10F60000110000001A2B00004F0500000000000050
:10F610001B2B000080080304050000001C2B0000C9
:10F62000B1220000000000001D2B0000821C000021
:10F63000000000001E2B00002F260000000000002C
:10F640001F2B00008E09000000000000202B00008E
:10F65000842C000000000000212B0000D02C0000B2
:10F6600000000000222B0000C92C00000000000058
:10F67000232B0000C12C000000000000242B000000
:10F68000BD2C000000000000342B0000A24E000042
:10F690000000000064320000722C03000100000032
:10F6A00065320000FE3B031E1F00000066320000B2
:10F6B0008C3503040500000067320000F92E0300BA
:10F6C00001000000683200004D36031C1D000000E0
:10F6D00069320000312B030001000000733200008A
:10F6E0005EF9030001000000763200008B33000059
:10F6F0000000000077320000071203101100000024
:10F70000783200001405000000000000684200008C
:10F7100067B3000000000000FE4200001A21000054
:10F7200000000000FF420000481000000000000040
:10F73000014300001311000000000000024300001C
:10F740005911000000000000034300001B0A0000E4
:10F7500000000000044300000E5B000000000000F9
:10F7600005430000BB5400000000000006430000F9
:10F770006A1800000000000010A40000E30100006F
:10F780000000000011A40000EF2E000000000000A7
:10F7900051C30000F62000000000000052C300002A
:10F7A000B5F600000000000053C300003E13000047
:10F7B0000000000054C30000F00A03080900000024
:10F7C00055C30000980603040500000020CB00008C
:10F7D0000D6400000000000021CB0000EF010000DC
:10F7E0000000000015CD0000F01100000000000036
:10F7F00016CD0000584E00000000000017CD00009C
:10F80000605500000000000018CD0000B11C000091
:10F810000000000019CD0000D732000000000000F9
:10F8200078CD0000B52603202100000079CD00002E
:10F83000662400000000000060EA000004160314C3
:10F84000150000006AEA0000D0210000000000005E
:10F850006BEA0000B7070000000000006CEA00003F
:10F8600063240320210000006DEA000081180314C6
:10F87000150000006EEA0000860803040500000081
:10F8800074EA0000CA0400000000000088EA0000DA
:10F890009CF500000000000089EA0000BFFF0000A6
:10F8A000000000008DEA00000E17030203000000B4
:10F8B0008EEA0000AB1C0308090000008FEA00007C
:10F8C000370700000000000091EA0000610C000012
:10F8D0000000000092EA0000DC0E000000000000C2
:10F8E00093EA0000F51800000000000094EA000010
:10F8F000652C00000000000095EA00002D060000C5
:10F90000000000003BB1B800ECC4B8009DD8B800BE
:10F910004EECB8000000B900B113B9006227B9007D
:10F92000133BB900C44EB9007662B9002776B9001E
:10F93000D889B900899DB9003BB1B900ECC4B900C0
:10F940009DD8B9004EECB9000000BA00B113BA005E
:10F950006227BA00133BBA00C44EBA007662BA00FE
:10F960002776BA00D889BA00899DBA003BB1BA009F
:10F97000ECC4BA009DD8BA004EECBA000000BB003F
:10F98000B113BB006227BB00133BBB00C44EBB00DE
:10F990007662BB002776BB00D889BB00899DBB007F
:10F9A0003BB1BB00ECC4BB009DD8BB004EECBB0020
:10F9B0000000BC00B113BC006227BC00133BBC00BC
:10F9C000C44EBC007662BC002776BC00D889BC005F
:10F9D000899DBC003BB1BC00ECC4BC009DD8BC0000
:10F9E0004EECBC000000BD00B113BD006227BD009D
:10F9F000133BBD00C44EBD007662BD002776BD003E
:10FA0000D889BD00899DBD003BB1BD00ECC4BD00DF
:10FA10009DD8BD004EECBD000000BE00B113BE007D
:10FA20006227BE00133BBE00C44EBE007662BE001D
:10FA30002776BE00D889BE00899DBE003BB1BE00BE
:10FA4000ECC4BE000000891112239B322446AD573E
:10FA50003665BF74488CC19D5AAFD3BE6CCAE5DB16
:10FA60007EE9F7F88110080193331A22A5562C4736
:10FA7000B7753E64C99C408DDBBF52AEEDDA64CBF6
:10FA8000FFF976E802218B30100299132667AF76D2
:10FA90003444BD554AADC3BC588ED19F6EEBE7FAD6
:10FAA0007CC8F5D983310A2091121803A7772E66F6
:10FAB000B5543C45CBBD42ACD99E508FEFFB66EAB6
:10FAC000FDD874C904428D5316619F702004A91596
:10FAD0003227BB364CCEC5DF5EEDD7FC6888E19996
:10FAE0007AABF3BA85520C4397711E60A1142805B6
:10FAF000B3373A26CDDE44CFDFFD56ECE998608976
:10FB0000FBBB72AA06638F7214409D512225AB3451
:10FB10003006B9174EEFC7FE5CCCD5DD6AA9E3B855
:10FB2000788AF19B87730E6295501C41A3352A2475
:10FB3000B1163807CFFF46EEDDDC54CDEBB962A835
:10FB4000F99A708B088481951AA793B62CC2A5D315
:10FB50003EE1B7F04008C919522BDB3A644EED5F25
:10FB6000766DFF7C899400859BB712A6ADD224C325
:10FB7000BFF136E0C1184809D33B5A2AE55E6C4F05
:10FB8000F77D7E6C0AA583B4188691972EE3A7F2C1
:10FB90003CC0B5D14229CB38500AD91B666FEF7EE5
:10FBA000744CFD5D8BB502A499961087AFF326E2E5
:10FBB000BDD034C1C3394A28D11A580BE77F6E6EC5
:10FBC000F55C7C4D0CC685D71EE597F42880A19185
:10FBD0003AA3B3B2444ACD5B5669DF78600CE91DA5
:10FBE000722FFB3E8DD604C79FF516E4A9902081A5
:10FBF000BBB332A2C55A4C4BD7795E68E11C680D85
:10FC0000F33F7A2E0EE787F61CC495D52AA1A3B040
:10FC10003882B193466BCF7A5448DD59622DEB3C64
:10FC2000700EF91F8FF706E69DD414C5ABB122A064
:10FC3000B9923083C77B4E6AD5585C49E33D6A2C44
:10FC4000F11E780F860010700410005B00000000A9
:10FC50004F09000098FF00005018050C805B004021
:10FC6000D41E000097FF00006018050C805B004068
:10FC70006A34000094FF00007018050C805B00409F
:10FC8000E75B000090FF0000A5E400080000000012
:10FC9000F8E2000802000000FEE200080300000095
:10FCA00006E300080400000012E30008050000005D
:10FCB0001FE300080600000028E30008FF00000022
:10FCC00030E30008FF00000038E3000807000000F0
:10FCD00040E30008080000004CE3000809000000B1
:10FCE00053E30008FF0000005AE30008FF00000093
:10FCF00063E30008FF0000006AE30008FF00000063
:10FD000072E30008FF0000007CE300080A00000026
:10FD100086E30008FF0000008FE3000801000000F8
:10FD200098E300080B0000009FE300080C000000AF
:10FD3000A8E30008FF000000B3E30008FF00000094
:10FD4000BBE30008FF000000C9E30008FF0000005B
:10FD5000D1E300080D000000DAE300080E00000007
:10FD6000E6E300080F000000F1E30008FF000000D8
:10FD700000E40008FF00000011E40008FF0000009C
:10FD800022E40008FF00000033E40008FF00000048
:10FD90003DE40008FF00000047E40008FF00000009
:10FDA00051E400081000000061E40008FF000000BA
:10FDB0006CE40008FF00000072E40008FF0000008F
:10FDC00078E40008FF0000007EE40008FF00000067
:10FDD00084E40008FF00000092E40008FF00000037
:10FDE000A2E40008FF000000A9E4000811000000E0
:10FDF000B0E4000812000000BBE40008FF000000AF
:10FE0000CBE40008FF000000D6E400081300000067
:10FE1000DEE40008FF000000EDE40008FF00000041
:10FE2000F9E40008FF00000008E50008FF000000FA
:10FE300018E50008FF00000029E500081400000094
:10FE40000000000000000000F1940008F394000896
:10FE5000F7940008FB940008000000000000000078
:10FE60000102030406070809000000000102030460
:10FE70000001020304050607080C10141820304086
:10FE8000010002000400060008000A000C00100037
:10FE9000200040008000000101000000020000007E
:10FEA0000400000006000000080000000A00000036
:10FEB0000C000000100000002000000040000000C6
:08FEC0008000000000010000B9
:08FEC80018DDFF7F01000000BE
:08FED0009902000835940008B6
:04FED80071020008AB
:10FEDC0025E10008C2E00008C5E00008C7E0000802
:10FEEC00BAE00008BCE00008BEE00008C0E0000872
:10FEFC0090BADCFE78563412D20400000A000000DE
:10FF0C007DFF000058E2000888E20008FF000000B6
:10FF1C00D0E2000828E200080024F40001000000F0
:10FF2C0010000000000000000000000000000000B5
:10FF3C0000000000010000000000000000000000B4
:04FF4C0000000000B1
:040000050800BB2D07
:00000001FF
