:020000040800F2
:1000000000800020E5C30008BDC30008BFC300088E
:10001000C1C30008C3C30008C5C300080000000036
:10002000000000000000000000000000C7C300083E
:10003000C9C3000800000000CBC30008CDC30008FE
:1000400035C4000835C4000835C4000835C40008AC
:1000500035C4000835C4000835C4000835C400089C
:1000600035C4000835C4000835C4000835C400088C
:1000700035C4000835C4000835C4000835C400087C
:1000800035C400080000000035C4000835C400086D
:1000900035C40008EDB8000835C4000835C40008B0
:1000A00035C4000835C4000835C4000835C400084C
:1000B0008D34000835C4000835C4000835C4000874
:1000C00035C4000835C4000835C4000835C400082C
:1000D00035C40008392D00089D26000835C40008E5
:1000E000CD88000835C4000835C4000835C40008B0
:1000F00035C4000835C4000835C4000800000000FD
:100100000000000035C400080000000035C40008ED
:1001100035C400080000000035C4000835C40008DC
:1001200035C4000835C4000835C4000835C40008CB
:1001300035C40008000000000000000035C40008BD
:1001400035C4000835C400080000000000000000AD
:10015000000000000000000000000000000000009F
:1001600000000000000000000000000035C400088E
:1001700035C400080000000000000000000000007E
:100180000000000035C4000800000000000000006E
:10019000000000000000000000000000000000005F
:1001A000000000000000000035C400085D300008B9
:1001B00035C4000835C4000835C40008000000003C
:1001C0000000000035C4000800000000000000002E
:0801D00035C4000835C4000825
:1001D80010F8012B11F8013B012A28BF9A42F7D0E9
:1001E800D01A7047034613F8012B002AFBD1181ABE
:1001F8000138704781F0004102E000BF83F00043FE
:1002080030B54FEA41044FEA430594EA050F08BFA9
:1002180090EA020F1FBF54EA000C55EA020C7FEA6D
:10022800645C7FEA655C00F0E2804FEA5454D4EBEA
:100238005555B8BF6D420CDD2C4480EA020281EAB4
:10024800030382EA000083EA010180EA020281EAEC
:100258000303362D88BF30BD11F0004F4FEA01313E
:100268004FF4801C4CEA113102D0404261EB41014D
:1002780013F0004F4FEA03334CEA133302D05242D3
:1002880063EB430394EA050F00F0A780A4F101048F
:10029800D5F1200E0DDB02FA0EFC22FA05F28018C9
:1002A80041F1000103FA0EF2801843FA05F35941AF
:1002B8000EE0A5F120050EF1200E012A03FA0EFC2E
:1002C80028BF4CF0020C43FA05F3C01851EBE37158
:1002D80001F0004507D54FF0000EDCF1000C7EEB75
:1002E80000006EEB0101B1F5801F1BD3B1F5001FB3
:1002F8000CD349085FEA30004FEA3C0C04F10104D2
:100308004FEA445212F5800F80F09A80BCF1004FFA
:1003180008BF5FEA500C50F1000041EB045141EA7C
:10032800050130BD5FEA4C0C404141EB0101013C45
:1003380028BFB1F5801FE9D291F0000F04BF014634
:100348000020B1FA81F308BF2033A3F10B03B3F106
:1003580020020CDA0C3208DD02F1140CC2F10C0296
:1003680001FA0CF021FA02F10CE002F11402D8BFF4
:10037800C2F1200C01FA02F120FA0CFCDCBF41EAC0
:100388000C019040E41AA2BF01EB0451294330BD8F
:100398006FEA04041F3C1CDA0C340EDC04F114046C
:1003A800C4F1200220FA04F001FA02F340EA030043
:1003B80021FA04F345EA030130BDC4F10C04C4F189
:1003C800200220FA02F001FA04F340EA0300294669
:1003D80030BD21FA04F0294630BD94F0000F83F4B3
:1003E800801306BF81F480110134013D4EE77FEA96
:1003F800645C18BF7FEA655C29D094EA050F08BFE2
:1004080090EA020F05D054EA000C04BF19461046C2
:1004180030BD91EA030F1EBF0021002030BD5FEA06
:10042800545C05D14000494128BF41F0004130BD2E
:1004380014F580043CBF01F5801130BD01F0004582
:1004480045F0FE4141F470014FF0000030BD7FEAF5
:10045800645C1ABF194610467FEA655C1CBF0B46F0
:10046800024650EA013406BF52EA033591EA030F07
:1004780041F4002130BD00BF90F0000F04BF0021FF
:10048800704730B54FF4806404F132044FF0000532
:100498004FF0000150E700BF90F0000F04BF0021AB
:1004A800704730B54FF4806404F1320410F0004511
:1004B80048BF40424FF000013EE700BF42004FEA0C
:1004C800E2014FEA31014FEA02701FBF12F07F4389
:1004D80093F07F4F81F06051704732F07F4208BF40
:1004E800704793F07F4F04BF41F40021704730B547
:1004F8004FF4607401F0004521F000411CE700BF93
:1005080050EA010208BF704730B54FF000050AE015
:1005180050EA010208BF704730B511F0004502D516
:10052800404261EB41014FF4806404F132045FEA18
:10053800915C3FF4D8AE4FF003025FEADC0C18BFC1
:1005480003325FEADC0C18BF033202EBDC02C2F1B3
:10055800200300FA03FC20FA02F001FA03FE40EA45
:100568000E0021FA02F11444BDE600BF70B54FF049
:10057800FF0C4CF4E06C1CEA11541DBF1CEA135527
:1005880094EA0C0F95EA0C0F00F0DEF82C4481EA8F
:10059800030621EA4C5123EA4C5350EA013518BFAF
:1005A80052EA033541F4801143F4801338D0A0FB9C
:1005B80002CE4FF00005E1FB02E506F00042E0FB49
:1005C80003E54FF00006E1FB03569CF0000F18BF4F
:1005D8004EF0010EA4F1FF04B6F5007F64F54074F7
:1005E80004D25FEA4E0E6D4146EB060642EAC6218A
:1005F80041EA55514FEAC52040EA5E504FEACE2EF7
:10060800B4F1FD0C88BFBCF5E06F1ED8BEF1004FF9
:1006180008BF5FEA500E50F1000041EB045170BD75
:1006280006F0004646EA010140EA020081EA0301B9
:10063800B4EB5C04C2BFD4EB0C0541EA045170BDB5
:1006480041F480114FF0000E013C00F3AB8014F12F
:10065800360FDEBF002001F0004170BDC4F1000478
:10066800203C35DA0C341BDC04F11404C4F12005F9
:1006780000FA05F320FA04F001FA05F240EA020054
:1006880001F0004221F0004110EBD37021FA04F68A
:1006980042EB06015EEA430E08BF20EAD37070BD44
:1006A800C4F10C04C4F1200500FA04F320FA05F0A3
:1006B80001FA04F240EA020001F0004110EBD370A5
:1006C80041F100015EEA430E08BF20EAD37070BD15
:1006D800C4F1200500FA05F24EEA020E20FA04F3EE
:1006E80001FA05F243EA020321FA04F001F000419D
:1006F80021FA04F220EA020000EBD3705EEA430E0E
:1007080008BF20EAD37070BD94F0000F0FD101F03C
:100718000046400041EB010111F4801F08BF013C75
:10072800F7D041EA060195F0000F18BF704703F0B3
:100738000046520043EB030313F4801F08BF013D3A
:10074800F7D043EA0603704794EA0C0F0CEA1355F6
:1007580018BF95EA0C0F0CD050EA410618BF52EAB0
:100768004306D1D181EA030101F000414FF00000B6
:1007780070BD50EA410606BF1046194652EA4306C4
:1007880019D094EA0C0F02D150EA013613D195EA38
:100798000C0F05D152EA03361CBF104619460AD180
:1007A80081EA030101F0004141F0FE4141F470018A
:1007B8004FF0000070BD41F0FE4141F4780170BD7A
:1007C80070B54FF0FF0C4CF4E06C1CEA11541DBFDF
:1007D8001CEA135594EA0C0F95EA0C0F00F0A7F8E1
:1007E800A4EB050481EA030E52EA03354FEA01310E
:1007F80000F088804FEA03334FF0805545EA131321
:1008080043EA12634FEA022245EA111545EA1065E8
:100818004FEA00260EF000419D4208BF964244F17F
:10082800FD0404F5407402D25B084FEA3202B61A9E
:1008380065EB03055B084FEA32024FF480104FF472
:10084800002CB6EB020E75EB030E22BFB61A7546E6
:1008580040EA0C005B084FEA3202B6EB020E75EB79
:10086800030E22BFB61A754640EA5C005B084FEAE1
:100878003202B6EB020E75EB030E22BFB61A7546AE
:1008880040EA9C005B084FEA3202B6EB020E75EBB9
:10089800030E22BFB61A754640EADC0055EA060E7A
:1008A80018D04FEA051545EA16754FEA06164FEABD
:1008B800C30343EA52734FEAC2025FEA1C1CC0D169
:1008C80011F4801F0BD141EA00014FF000004FF0F6
:1008D800004CB6E711F4801F04BF01430020B4F1B7
:1008E800FD0C88BFBCF5E06F3FF6AFAEB5EB030C6F
:1008F80004BFB6EB020C5FEA500C50F1000041EB6C
:10090800045170BD0EF0004E4EEA113114EB5C0438
:10091800C2BFD4EB0C0541EA045170BD41F480110B
:100928004FF0000E013C90E645EA060E8DE60CEA13
:10093800135594EA0C0F08BF95EA0C0F3FF43BAF30
:1009480094EA0C0F0AD150EA01347FF434AF95EAE7
:100958000C0F7FF425AF104619462CE795EA0C0FCB
:1009680006D152EA03353FF4FDAE1046194622E798
:1009780050EA410618BF52EA43067FF4C5AE50EA72
:1009880041047FF40DAF52EA43057FF4EBAE12E762
:100998004A0011D212F5001211D20DD56FF47873F6
:1009A800B3EB62520ED44FEAC12343F0004343EA4B
:1009B800505323FA02F070474FF00000704750EA96
:1009C800013002D14FF0FF3070474FF00000704700
:1009D80053B94AB9002908BF00281CBF4FF0FF319E
:1009E8004FF0FF3000F00CB8ADF1080C6DE904CE03
:1009F8000DF04EFDDDF804E0DDE9022304B0704798
:100A0800704700BF0348044B834202D0034B03B135
:100A18001847704774000020740000200000000090
:100A28000548064B1B1AD90F01EBA301491002D048
:100A3800034B03B11847704774000020740000206E
:100A48000000000010B5064C237843B9FFF7DAFF21
:100A5800044B13B10448AFF300800123237010BD89
:100A6800780000200000000060E7000808B5054B8A
:100A78001BB105490548AFF30080BDE80840FFF702
:100A8800CFBF00BF000000007C00002060E7000826
:100A98000022427082700122C270B1FA81F10222F2
:100AA80049090271032201704271704743788B42F1
:100AB8001FD0012941700AD0022910D0C1B90123E1
:100AC800C370817002230371032343717047037855
:100AD80043B1012383700223C3700023F3E7037833
:100AE800002BF6D0022383700023C3700123EAE7AA
:100AF800FEE7704782B00B88ADF800304B88ADF840
:100B080002308B88ADF80430CB88ADF80630023956
:100B1800431C053013F8012F0DF1080C0CEB4202B1
:100B2800834232F8082C21F8022FF3D102B0704723
:100B380001448878704738B54FF07F33C0F8A0304B
:100B480004464FF6FF737F220025A0F8A43080F8F2
:100B5800A62080F8A950A0F8AA30AC3000F017FE03
:100B6800A4F8B85038BD37B5154604461146019368
:100B780000F04DFE294604F1140000F048FE294615
:100B880004F1280000F043FE294604F13C0000F07F
:100B98003EFE294604F1500000F039FE294604F1D2
:100BA800640000F034FE294604F1780000F02FFEBE
:100BB800294604F18C0000F02AFE04F1AC00019AE9
:100BC8004FF4FA734FF4FA6100F0CCFD204603B0FD
:100BD800BDE83040FFF7AFBF704700F01FBE1430CC
:100BE80000F01CBE283000F019BE90F8A43013B9EC
:100BF80090F9A000704790F9A100704790F8A430D0
:100C080013B990F9A200704790F9A300704710B586
:100C1800044608F0C1F838B104F1140000F002FEEF
:100C2800012838BF0120C0B210BD10B5044608F035
:100C3800B3F838B104F1500000F0F4FD012838BFD2
:100C48000120C0B210BD4FF47A71AC3000F0A6BDDF
:100C58000021AC3000F0A2BD08B5AC3000F0ADFD0D
:100C6800B0F57A7FA8BF4FF47A7020EAE07008BD2B
:100C780010B5044600F0ACFD04F1140000F0A8FD26
:100C880004F1280000F0A4FD04F13C0000F0A0FDF0
:100C980004F1500000F09CFD04F1640000F0A4FD94
:100CA80004F1780000F0A0FD94F8B93013B1013BCD
:100CB80084F8B93010BD7F2807D0002807DA10F172
:100CC800800F06D04042C0B2704700207047012014
:100CD80070477F20704710B1404240B270477F2074
:100CE80070477F280FD010F1310F0EDA10F1780F0E
:100CF8000DDB7830FE2340B2584323304623B0FB47
:100D0800F3F0C0B27047FF207047FE207047002004
:100D180070477F2805D031B1002806DA4042C0B2BA
:100D28007047FF207047FE207047002070477F28DB
:100D380011D010F1310F10DA10F1780F10DB783084
:100D480040F2A96340B2584323304623B0FBF3F086
:100D5800AC3080B270470020704740F25570704741
:100D6800AC20704763289FBF40F2A96358433230D4
:100D780064239DBFB0FBF3F0AC3080B240F25570F5
:100D880070474FF4F063A0F58060584340F2FF735A
:100D980090FBF3F000F5787080B27047FFF7F1BF71
:100DA8004FF49663A0F58060584340F2FF7390FBC0
:100DB800F3F000F2DC5080B27047A0F58060D0EB11
:100DC800001048BF033040F38F007047032812DD3E
:100DD8000C2812DD0F2812DD122812DD162812DD6C
:100DE800192812DD1C2812DD1F2812DD2128CCBF8E
:100DF800FF2006207047002070470120704702201E
:100E08007047082070470320704707207047042068
:100E1800704705207047000005289ABF014B185CF1
:100E2800FF207047FCE700087F281ABF4042C0B285
:100E3800002070477F2811D010F1320F10DA884255
:100E480010DD401A6423C1F1FF21584301F57F01E9
:100E5800CE31313090FBF1F0C0B27047FF207047BF
:100E68006420704700207047014B4140585C704730
:100E780004E800085AB110B4054C0A4411F8013BC3
:100E880058408A42205CF9D15DF8044B704770479E
:100E980004E80008002809DB1F2809DC054B33F8A3
:100EA80010000523B0FBF3F0C0B270470020704774
:100EB800FA2070472EE90008002805DB212805DC08
:100EC800044B33F810007047002070474FF4FA6065
:100ED800704700BF2EE90008392808D822280ED903
:100EE800094B2338C0B2C34003F0010070475F28A4
:100EF80007D0613819288CBF0020012070470020D6
:100F080070470120704700BF01EC7F00F8B502462A
:100F1800451E461D00245F2715F8010FFF2804BF52
:100F28000134E4B2FFF7D8FF00B92F70AE42F3D115
:100F3800062C04D119B10B6813608B8893800023A9
:100F48009371F8BD2DE9F843DFF83490471E441D2E
:100F5800012500264FF0280817F8011F08480DF052
:100F680038FA034610B1A0EB0903DBB2A3FB053244
:100F78009E19A742A5FB0853EED13046BDE8F88379
:100F880004E9000810B54179A1F13000C3B2092B7A
:100F980007D80523B0FBF3F303EB8303C01AC0B2F1
:100FA80010BD044C20460DF014FA0028F1D0001BA7
:100FB800C0B2EEE704E9000870B50446FFF712F97D
:100FC80002B20023551E18B2A84204FA83F104DACB
:100FD800265C302E03F10103F5D0121A01322046A7
:100FE800BDE870400DF032BA2DE9F047432B28BF19
:100FF800432396B00C46154600211A4698460746E4
:101008000DF03EFA0021412205A804910DF038FAAE
:10101800DFF87C90DFF87CA004EB4505AC4210D1EA
:1010280004A8FFF7DFF828B100F158036B44002249
:1010380003F8492C04A938460DF0B4F916B0BDE8F8
:10104800F08734F9020B47F6FF739842E8D000287E
:1010580012DC514668460DF0A5F904A8FFF7C2F85E
:1010680006466846FFF7BEF80644B045D6D369463B
:1010780004A80DF09FF9D1E7694680B20AF074FD23
:101088006846FFF799FF494668460DF093F9E4E78B
:10109800B3E70008AEE70008F0B589B06D46002454
:1010A8002F468E1CE1B28A4204D83946FFF79CFFCE
:1010B80009B0F0BD36F8241025F8021B0134F1E719
:1010C80042F210736421B0FBF3F203FB1200B0FB91
:1010D800F1F301FB130000EB023000EB831080B248
:1010E800704770B50E460021054614460DF0C8F944
:1010F80000239AB2944200D870BDF25C002AFBD05B
:10110800EA540133F5E70000072914D8DFE801F0B5
:101118000407090B0D0F11110849FFF7E2BF084931
:10112800FBE70849F9E70849F7E70849F5E70849F7
:10113800F3E70849F1E70849EFE700BFB8E7000817
:10114800BDE70008C2E70008C7E70008CCE70008C9
:10115800D1E70008D6E70008DBE70008052911D821
:10116800DFE801F00306080A0C0E0749FFF7B9BFCC
:101178000649FBE70649F9E70649F7E70649F5E7AF
:101188000649F3E70649F1E7DDE70008E2E700086A
:10119800E7E70008ECE70008F1E70008F5E70008D2
:1011A800DBE7000870B50E461446002101320546FB
:1011B8000DF066F900239AB2944200D870BDF25C33
:1011C800002AFBD0EA540133F5E77D23438043F23C
:1011D800390309B2C360002301808180C380037290
:1011E80070472DE9F0410D46044635220021284676
:1011F8000DF046F9234610220021284609F0C3FEC7
:10120800A31C08221021284609F0BDFEE31C042275
:101218001821284609F0B7FE2779202F28BF202754
:1012280006344FF000080C2606FB08F1B84501F11A
:101238001C0105D3232316FB0730C008BDE8F08145
:1012480023460C22284609F09EFE08F101080234C4
:10125800EAE72DE9F3410D46044640F279120021F0
:1012680028460DF00DF9234620220021284609F0D2
:101278008AFE231D02222021284609F084FE631DD0
:1012880003222221284609F07EFEA31D03222521E0
:10129800284609F078FE04F1080310222821284680
:1012A80009F071FE04F1100308223821284609F0DC
:1012B8006AFE04F1110308224021284609F063FE62
:1012C80004F1120308224821284609F05CFE04F1C3
:1012D800140320225021284609F055FE04F1180372
:1012E80040227021284609F04EFE04F1200308220E
:1012F800B021284609F047FE04F121030822B8214D
:10130800284609F040FE04F12207C0263B46314634
:1013180008222846083609F036FEB6F5A07F07F100
:101328000107F3D194F832308DF8073008220DF117
:1013380007033146284609F026FE002704F1330842
:101348009DF80730FE009F4206F5A47613D394F863
:101358003281B8F1500F28BF4FF05008002704F22F
:101368003314474506EBC7010ED306EBC800C00887
:1013780002B0BDE8F08108EB070308223146284691
:1013880009F001FE0137DBE7E3190822284609F0D6
:10139800FAFD0137E5E713B5044608460021016068
:1013A8002346C0F803102022019009F0ECFD0198B3
:1013B800231D0222202109F0E6FD0198631D032266
:1013C800222109F0E0FD0198A31D0322252109F03F
:1013D800DAFD019804F108031022282109F0D3FD51
:1013E800072002B010BDF7B500230C460091072274
:1013F8001946054609F08EFC631C00930122002360
:101408000721284609F086FCAB8A013B03F0FF035D
:10141800102BA37018D80023E71CA2785E1C9342F7
:101428004FEAC60107D3AB8AB3EBD10F14BF012033
:10143800002003B0F0BD3B44009308220023284657
:1014480009F068FC3346E8E70120F2E7F8B50D46F5
:1014580004467F22002128460DF012F82346082270
:101468000021284609F08FFD631C07220821284621
:1014780009F089FDA31C05220F21284609F083FDE8
:10148800E31C04221421284609F07DFD1822231D9F
:101498001146284609F077FD267A782E28BF782647
:1014A80000270934F900B74201F1300103D3F000F5
:1014B8003730C008F8BDE3190822284609F063FD53
:1014C8000137EFE7F7B500230C46009108221946CB
:1014D800054609F01FFC631C00930722002308211E
:1014E800284609F017FCA31C0093052201230F21AD
:1014F800284609F00FFCE31C009304220023142162
:10150800284609F007FC231D1822009311460023E2
:10151800284609F0FFFBAB8A063B03F0FF03782B54
:1015280023721AD8002604F10907227AF30096429A
:1015380003F1300108D3AA8A3733B2EBD30F14BFB3
:101548000120002003B0F0BDBB190093082200233E
:10155800284609F0DFFB0136E7E70120F2E7000043
:1015680002680449044B01FB023323F00043036083
:10157800180C7047FD430300C39E2600F0B50025F4
:1015880097B00160858004465622294668460CF0CB
:1015980077FF0126627CAA4209D80023802104F142
:1015A800B400237417B0BDE8F0400CF069BF2046C2
:1015B800FFF7D6FFE7797B1B002190FBF3F202FBD4
:1015C8001300C0B2EC460A46CBB29F421DD8002396
:1015D800227B9A42DED0A279033A012A04EB050164
:1015E80005D925B191F91120D2B9012BD2D98B7423
:1015F800A26852F82310583304EB85026B44013576
:10160800516303F8586CEDB2C4E71CF801EBBEF166
:10161800000F03D18242DBD00132D2B20131D3E7CD
:10162800501E8342E3DB01329342E0DCB2E72DE94E
:10163800F047154696B0013D0160027104464371BA
:10164800EDB25622002168460CF01AFF0027022D41
:1016580084BF4FF0010900253E464FF0010A94F877
:1016680007809CBF4FF00309B8FBF9F8627CB242CF
:1016780009D80023802104F1B400237416B0BDE812
:10168800F0470CF0FDBE2046FFF76AFFA8EB060303
:10169800002190FBF3F202FB1300C0B2EC460A46AD
:1016A800CBB2984506D91CF801EBBEF1000F22D148
:1016B80082421ED1434528BF4346227B03FB095182
:1016C80001F0FF018A42D1D016B1B7B9012BCDD9AB
:1016D800A2191F469174A26852F8211004EB8602E1
:1016E8000136516303F158026A44F6B202F858AC65
:1016F800BCE70132D2B20131D2E77A1E9342E7DB6E
:101708007A1C9342E4DCB1E70023C0E90133C360EB
:1017180003747047F0B5047C0360012C11D9446848
:101728008568C668141B4FF47A774D1B7C4305FB0C
:1017380016442B4494FBF3F33344C360C0E90121FE
:10174800F0BD1CB9C46001230374F7E743684FF484
:101758007A74D31A634384680C1B93FBF4F3C36055
:101768000223F1E707EE902A0A44F8EE676A07EECB
:10177800902AF8EE677A436086EEA77A07EE903AE9
:10178800F8EEE77A80ED007AC0ED027A7047D0ED86
:10179800017AF8EEE77AC0ED027A704707EE901A00
:1017A80090ED027AD0ED006AF8EEE77A77EEC77A24
:1017B800A6EEA77A80ED027A7047D0ED027AB6EEEF
:1017C800007A77EE877AFDEEE77A17EE900A70478F
:1017D800D0E901236421D31AC36082604B43418A54
:1017E800B3FBF1F303747047D0E90123D31AC0E9BE
:1017F8000223704743682BB1C26864214A43B2FB95
:10180800F3F2D3B203740023C3604360704700232C
:10181800C0E902334182436003747047436801336F
:1018280043607047007C70474368194441607047C3
:10183800072800D9FEE7014B185C7047A8E90008A3
:10184800052800D9FEE7014B185C7047B0E900088D
:10185800704770477047002070470020704700208D
:10186800704770470020704700207047704700009D
:10187800054BDA6C0243DA64DB6C82B003400193F7
:10188800019B02B0704700BF00100240054B9A6DE3
:1018980002439A659B6D82B003400193019B02B09D
:1018A800704700BF00100240054B1A6E02431A66CB
:1018B8001B6E82B003400193019B02B0704700BFCA
:1018C8000010024050E8003F43F0800340E8003237
:1018D800002AF7D1704750E8003F23F0400340E862
:1018E8000032002AF7D1704750E8003F23F0800308
:1018F80040E80032002AF7D1704700000288044B04
:101908005140C9B233F8113083EA1223038070477B
:1019180090020108A2B110B4B0F800C0094C0A4402
:1019280011F8013B83EA0C03DBB2914234F813301F
:1019380083EA1C2CA0F800C0F2D15DF8044B704774
:10194800704700BF9002010837B54FF6FF73044691
:10195800ADF806304518AC4203D1BDF8060003B017
:1019680030BD14F8011B0DF10600FFF7C7FFF2E7C1
:10197800044B1888044B1B8880B29BB2C01A18BF4E
:1019880001207047FE480020FC480020044A00233C
:101998001380044A1380044A1380044A1380704752
:1019A800FC480020FE480020004D0020024D002089
:1019B80001207047034B0022DA62A3F83428A3F809
:1019C80032287047081400200278024B51405B5CB3
:1019D8000370704774EE0008FF230370704700BF60
:1019E800704770B50B7803704B7843700B78FD2BFC
:1019F80005460C4638D18B788370CB78C3700B7949
:101A080003714B7943718B7983718B68C3718B68D0
:101A1800C3F30F2303728B7A43720A26627804F1A8
:101A28000C01A8190CF0E2FC6378B4F80C213344DB
:101A3800981CEA545A1CB4F80C1192B2090AA95419
:101A4800A278D20780B20ED504F58872054404F551
:101A58008E7452F8041B45F8041BA242F9D112787F
:101A68002A700F3398B270BD00238B700B79837086
:101A78004B79C3708B7903718B6843710626CDE768
:101A880008B52C22034800210CF0FAFC024B002276
:101A98001A7008BDF4250020780300202DE9F041D4
:101AA8001378037092F8018080F80180FD2B0446BA
:101AB8000F46154654D193788370D378C370137941
:101AC800037153794371937983716B7A127A1B048A
:101AD80003EB0223EA79134423F07F430A26A26822
:101AE80063F31702A260A919424604F10C000CF036
:101AF8007DFC7A7B904507D208F10C00A2EB080226
:101B0800002120440CF0BCFC63781E44AB195A78C1
:101B1800AB5D03EB0223A4F80C31A378DB070ED5E9
:101B2800023615FA86F304F5887203F10C0153F8AE
:101B3800040B42F8040B8B42F9D11B781370BB7A63
:101B480084F82131FB7A84F822313B7B84F82331F5
:101B58007B7B84F824313B7884F82031BDE8F08120
:101B68000023438093780371D37843711379837189
:101B780053790626B3E7000070B50F4C0F4D0646A3
:101B8800062204F10A0105F58970FFF70BFB237C97
:101B9800C3F30302C3F3031385F81A31637C85F892
:101BA8001921C3F3030385F81B31637ADB0744BFAC
:101BB8000223337370BD00BFE53E0020F40000200F
:101BC80070B50446BDF81450E270242023712246F3
:101BD8001B0A2070637158202B0AA1706070A571D0
:101BE80002F8073F049B59198B420CD16A1D92B227
:101BF800E11C0020FFF73EF905F10806A05505F1A4
:101C0800090080B270BD13F8010B02F8010FEBE771
:101C18000A4A0B4B12680B49A3FB02323220920C82
:101C280000FB02F2084B486802F5FA72A3FB023285
:101C380092094B681B1A9A42FBD87047480000204B
:101C480083DE1B43001000E0D34D621008B5FFF798
:101C5800DFFF4FF0904310229A6108BD4FF0904388
:101C680010229A62FFF7D4BF02780A4B90F801C09D
:101C78008178D243D2B29A5C82EA0C0290F803C00F
:101C88009A5C4A40995C027981EA0C01595C4A40A5
:101C9800985C704774EE0008F8B53C29BDF81C50F4
:101CA800044635D0A1F12106714271414900D0079F
:101CB80048BF41F00801E37092074FEA13234FF041
:101CC800240248BF41F01001227023716F222B0AB1
:101CD800A61C6270A170A37165713046FFF7C4FF3E
:101CE8002246069B02F8070F59198B4212D1A91DEB
:101CF80089B23046FFF728FE05F1080705F1090308
:101D08009BB2E055000AE05405F10A0080B2F8BD24
:101D18000121CCE713F8010B02F8010FE5E70000F9
:101D2800074B084A5B6A02F5006353E8003F43F03B
:101D3800200302F5006040E800310029F3D1704724
:101D480000380140003001402DE9F04F0C46518821
:101D5800B1F58C7F85B0054611D300211170D91CCF
:101D6800C9B2012995BF01210023518053809CBF2E
:101D78002370117000232B7005B0BDE8F08F107828
:101D88000E2800F28B8001A656F820F0671D000887
:101D9800D11D0008F91D0008131E0008A51E000823
:101DA800A51E0008A51E0008A51E0008A51E0008FF
:101DB800A51E0008A51E0008A51E0008A51E0008EF
:101DC800A51E0008251E0008481C50806354217871
:101DD800FD299BB206D10C330A21D38091800223BE
:101DE8001370C7E708330621D38091800E23F7E7E5
:101DF800481C50806354D80742BFD1880D31D18028
:101E0800012B8CBF00230323EAE7002B01F101001B
:101E18005080635414BF00230E23E1E7481C508010
:101E280063545388D1888B4232D300235380137074
:101E380002232B7069802378FD2B35D163792B72AF
:101E4800A3796B72637A227A1B0403EB0223E2798B
:101E580013446B60637803F10C026A80A278D1079F
:101E680001D519336B8000266968DFF8F0806E8130
:101E780040F285120C20B31801335B0800FB03F70E
:101E880058F80770B94218D25A1EB242F3D816E071
:101E980092889A423FF66EAF01236CE700231370D5
:101EA80053809380D38066E7E3782B7223796B7233
:101EB80063796B6063780833D4E71E46E5D80C274E
:101EC800774358F80730994227D123782046FD2BCD
:101ED80010F801BF0CBF4FF00A094FF0060909EBD3
:101EE8000B03591E89B247440193FFF72DFD97F85C
:101EF80004A0ADF80E0051460DF10E00FFF7FEFCF0
:101F0800019BE218E35C527803EB0223BDF80E2034
:101F18009BB29A4203D005232DE703232BE7BB7915
:101F2800DA0706D5FA79934582BF04EB09018A5C82
:101F3800AA729B0709D50C2303FB068362781B7AD8
:101F48009A4282BF4C44E35CEB720C2303FB06838A
:101F580085F80CA05B796B730EE700BF74EF00087F
:101F6800F0B50546FD2305F80C3B85B004468DF811
:101F7800043090F8243103F10C020244012B42D8BA
:101F88000026637066808DF805308B7A23718DF892
:101F980008308B7AADF8066001338B7263798DF85F
:101FA8000930A3798DF80A30A368C3F317031A120E
:101FB8008DF80B3009211B140DF105008DF80D303B
:101FC8008DF80C20FFF7C0FC6778ADF802003A46A0
:101FD80029460DF10200FFF79DFC94F82311FFF745
:101FE8008DFC94F82421BDF80230A4F80C319742F6
:101FF80010D207F10C00D21B3146204405B0BDE8D1
:10200800F0400CF03DBA12F8010D0028B8D1013BA0
:10201800DBB2B3E705B0F0BD012B38B50D46144669
:102028000FD1012A02D00024204638BD1A4808F0F2
:1020380064FD0028F7D012A3D3E90023C5E90023E3
:10204800F2E7022BEFD1012A10D040F6B9339A42B9
:10205800E9D1124B1C78002CE5D00F4808F04DFD53
:102068000028E0D008A3D3E90023E7E70A4808F0EE
:1020780044FD0028D7D106A3D3E90023DEE700BF3B
:102088009E6AC421818A46EEE9A2A272EAE738B1C3
:10209800401DA12026812A0BC80300200814002017
:1020A80007B503688DF807101B6901220DF10701B8
:1020B800984703B05DF804FB13B504460846019140
:1020C800FEF790F8236801991B6982B2204602B096
:1020D800BDE8104018470000B0F1904F08B5014620
:1020E80007D10120FFF7C4FB114B99420BD12020E7
:1020F80014E0104B98420BD003F58063984209D145
:102108000420FFF7B5FB0C4B994210D1402005E0A5
:102118000220E7E7094B984204D10820BDE80840AF
:10212800FFF7A6BB064B9842DED11020F6E708BDA4
:10213800001400480004004800180048000C00483B
:102148000010004808B5224B984201460BD14FF4C5
:102158000060FFF7A9FB1F4B99420DD1BDE808406D
:102168002020FFF793BBB0F1804F0ED01A4B984256
:102178000FD10220FFF78AFB184B99420FD14FF479
:102188000050BDE80840FFF78FBB0120FFF77EFB3A
:10219800E1E7134B984208D10420FFF777FB114B76
:1021A80099420CD14FF48030EBE70F4B9842D2D1D3
:1021B8001020FFF76BFB0D4B994206D008BD0C4B66
:1021C8009942F8D14FF40030DBE74FF48020D8E78C
:1021D800002C01400014004000040040003401407D
:1021E8000008004000400140001000400048014045
:1021F800004401402DE9F04387B00E4605461446D9
:102208000021142201A89DF838809DF83C901F46B3
:102218000CF036F900960B2C07D8DFE804F0070716
:102228000A121414141616161A1CFEE70323019337
:1022380001E002230493032F11D8DFE807F01113FC
:1022480021110123F6E70123F1E701230193039309
:10225800F1E70223EBE7022301930123F7E7FEE707
:1022680002230293B8F1100F0CD8DFE808F02D2DE7
:102278000C11131517191B1D1F21232527292B00A6
:102288000123EEE7FEE701230593022301931EE0F5
:102298000223F9E70323F7E70423F5E70523F3E728
:1022A8000623F1E70723EFE70823EDE70923EBE728
:1022B8000A23E9E70B23E7E70C23E5E70D23E3E728
:1022C8000E23E1E70F23DFE7B8F1000FDDD1B9F105
:1022D800000F02D02846FFF7FFFE053C042C05D866
:1022E800DFE804F0030B04030B00AE6269462846DE
:1022F8000BF0C2FA07B0BDE8F083AE61F6E713B59C
:102308004FF0010C0024CDE9004CFFF773FF02B039
:1023180010BD000070B586B00023164604460D4671
:10232800ADF80630FFF70EFF042E04D8DFE806F0FC
:10233800303404384100FEE71F4B204A1B68B3FBCA
:10234800F2F39BB20022013B01A92046ADF804300C
:10235800CDE90225049205920BF03AFD236823F09B
:1023680080032360A36823F4A03323F00703A3604A
:10237800636823F0007323F070036360636823F4D9
:1023880070036360A36823F08003A36006B070BD88
:10239800094B0B4A1B68D2E7074B0A4A1B68CEE772
:1023A800054B074A1B68B3FBF2F303EB83035B009F
:1023B800C7E70123C6E700BF4800002080A8120134
:1023C80040420F008096980010B50446FFF7A2FF20
:1023D800236843F00103236010BD00224FF0FF3152
:1023E800FFF7F2BF034A034603CA18605960106832
:1023F800986070479075FF1F274B10B5274C5B6896
:1024080023600AF015F84FF090400BF0D5F92448F6
:102418000BF0D2F923480BF0CFF923480BF0C8FE94
:1024280022480BF0C5FE22480BF0C2FE21480BF0F3
:10243800BFFE21480BF060FC20480BF05DFC0BF060
:1024480061FB4FF0E02200231D4913615361936142
:102458008A6822F0030242F001028A6072B64FF0E5
:10246800FF319A0002F1604202F561420133082B04
:10247800C2F88010C2F88011F3D162B6114A13680D
:1024880023F0070343F001031360034B1B6883F336
:10249800088823689847FEE70000FF1F74030020A0
:1024A800000400480008004800380140004400408B
:1024B80000480040004C004000300140003C004013
:1024C80000100240000001400749084A881AEFF34B
:1024D8000883521A1A44013A013B984288BF0022E5
:1024E800AA210BF0CDBF00BF00800020000400002F
:1024F80010B5114C0323204606224021FFF7FFFEAA
:10250800032302224FF400414FF09040FFF7F7FEFB
:1025180003231A4620462021FFF7F1FE2046032315
:1025280005228021FFF7EBFE20460323BDE810407B
:1025380005220121FFF7E3BE00040048024B186999
:10254800C0F34010704700BF0004004808B5FFF70B
:10255800F5FF00B908BD00BFF9E70000024B0122F2
:102568009A6280229A61704700040048024B8022D8
:102578009A6201229A61704700040048104A536920
:102588004FF4704123F4704391FAA1F153610D4B5C
:102598005A6822F400425A601A6822F400421A600B
:1025A800DA6822F40042DA609A6842F400429A60DB
:1025B800054BD02283F828234FF480725A60704765
:1025C800000001400004014000E100E0044B4FF42A
:1025D80000425A611A6842F400421A60704700BF0C
:1025E800000401400348002303224FF48071FFF7E1
:1025F80086BE00BF00040048024B1869C0F30020E3
:10260800704700BF0004004808B5052200230221D6
:102618004FF09040FFF773FE0023052201214FF091
:102628009040FFF76CFE4FF0904302229A6201221D
:102638009A6208BD4FF090414B691A04DB4302F4DB
:10264800003203F0020313438B6170474FF090414F
:102658004B691A04DB4302F4803203F0010313438D
:102668008B61704708B5052200234FF480714FF045
:102678009040FFF744FE4FF090434FF480729A6207
:1026880008BD4FF090431A284FF48072CCBF9A616E
:102698009A6270470E48C3691A0617D503681B0665
:1026A80014D50C4B0C4A1988138889B29BB29942ED
:1026B8000AD013880133DBB213801388074A9BB210
:1026C800D35CDBB283627047FFF70EB9704700BF77
:1026D80000440040FA400020F8400020F73F002066
:1026E80009490A4A08B50B8812880133DBB292B24D
:1026F8009A4207D0064AD05406480B80FFF7E2F802
:10270800012008BD0020FCE7FA400020F840002026
:10271800F73F00200044004038B504464518AC4255
:1027280000D138BD14F8010BFFF7DAFFF7E70846C8
:102738001146FFF7F1BF000070B588B00C46064699
:1027480015460021202268460BF09AFE231E18BF6A
:1027580001231B03CDE9023569460C230348019682
:10276800049405930BF066FD08B070BD004400406A
:1027780010B5064C236823F001032360FFF7DCFF44
:10278800236843F00103236010BD00BF00440040EC
:1027980013B5374C236823F0010323604FF400304E
:1027A800FFF774F808210123CDE90013314803230A
:1027B8000A22FFF71FFD002211462F48FFF7BCFF32
:1027C800636823F490436360A36823F02A03A3603B
:1027D800236823F0005323604FF0402202F5816301
:1027E80053E8003F23F0604302F5816040E8003180
:1027F8000029F3D14FF0402202F5816353E8003FEE
:1028080023F0606302F5816040E800310029F3D1CC
:102818001A4BC02283F8262340245C601448FFF733
:1028280063F8FFF758F8164B04621980154B1980A6
:10283800436823F400634360836823F008038360DC
:10284800436823F480434360836823F02203836052
:10285800836843F480538360036843F00103036093
:10286800C3699A02FCD5C3695B02F9D502B010BDF1
:102878000044004000040048A086010000E100E098
:10288800F8400020FA400020064B1A6822F00102A6
:102898001A605A6822F400325A601A6842F001023B
:1028A8001A6070470044004008B541B14FF4005227
:1028B80004484FF48061FFF75BFFFFF7E5FF012055
:1028C80008BD00BFA086010008B531B1002211463D
:1028D8000348FFF74DFFFFF7D7FF012008BD00BFF2
:1028E8009A5B0600064B1A6822F001021A605A68C1
:1028F80042F400325A601A6842F001021A607047C6
:102908000044004008B541B14FF4005204484FF468
:102918008061FFF72DFFFFF7E5FF012008BD00BF2D
:10292800A08601001D282DDC1A2807DD022B0CBF0C
:10293800022004201B23087013707047172806DD37
:10294800022B0CBF6FF0010000201823F3E71328B7
:1029580007DD022B0CBF6FF005006FF00300142396
:10296800E9E7102807DD022B0CBF6FF007006FF0B6
:1029780006001123DFE7022B0CBF10230E236FF094
:102988000800D8E70A201E23D5E710B404460846F5
:1029980011461A46A3685DF8044B5B7AFFF7C2BF7D
:1029A8000C4BD3F8FC2022F08072C3F8FC20D3F83B
:1029B800FC2042F08072C3F8FC20A3F55D431A683E
:1029C80022F001021A601A6842F001021A6000221D
:1029D8005A60704700ED00E0064A074B51681B68D3
:1029E80010B5064CB3FBF4F3584353685B1A8342A3
:1029F800FBD310BD001000E04800002040420F004B
:102A08007FB50123CDE90413002201A902A8CDE96D
:102A180002230AF0D1F800280CBF0420052007B0D3
:102A28005DF804FB014608B500200AF02FF80028DD
:102A38000CBF0420052008BD08B5FFF7E1FF031F00
:102A48005842584108BD08B5FFF7ECFF031F58422C
:102A5800584108BD2DE9F3472A4B2B4D0128144650
:102A68002A482B4A0E4617BFAA463D213C211D463F
:102A7800019106BF9A468046904609F0C1FF019928
:102A88002846FFF7D9FF30B9002409F0CBFF2046CC
:102A980002B0BDE8F087002E08BF4FF4FC6407348D
:102AA80024F0070405F11007B1463444AAEB050ADF
:102AB800A1450BD14FF011324FF0FF332846FFF7F5
:102AC800C2FF003818BF01208400DEE76EB90AEBA8
:102AD8000703D3E90023B3F1FF3F08BFB2F1FF3F7B
:102AE80006D1083709F10809E2E7D9E90023F2E736
:102AF800B84505D93846FFF7A6FF0028F1D1C3E746
:102B08000324C2E700E0010800E80108FFEF01081C
:102B1800FFE7010810B509F073FF09483C21FFF7EA
:102B28008BFF58B107483D21FFF786FF003818BFD3
:102B38000120840009F076FF204610BD0446F9E71D
:102B480000E0010800E8010830B5084D002340F214
:102B5800EF749AB2914201D8042030BDA34203D049
:102B68005A5DC2540133F4E70320F6E710E0010888
:102B780013B50A46044672B6019101460020FFF7D4
:102B880069FF62B60428019A05D172B60120214670
:102B9800FFF760FF62B602B010BD000038B5124BF7
:102BA8001C68D3F80058B4F1113F09D1B5F1113FB1
:102BB80017D0002211460120BDE83840FFF74ABF70
:102BC800B5F1113F03D1002211461046F4E7FFF793
:102BD800A1FF042804D12C4001340CBF022001209D
:102BE80038BD0420FCE700BF00E00108034B187360
:102BF8009A68D207FCD5187B704700BF00300140A7
:102C080038B5441E8D18A94200D138BD14F8010FFB
:102C1800FFF7ECFF01F8010BF5E7084611461A46E5
:102C2800FFF7EEBF38B5064D04460144A14200D176
:102C380038BD2878FFF7DAFF04F8010BF6E700BF84
:102C48003C00002008461146FFF7ECBF10B50144D0
:102C580004468C4200D110BD14F8010BFFF7C6FFE3
:102C6800F7E708461146FFF7F1BF000030B58DB011
:102C78002822002102A80BF003FC4FF48050FEF735
:102C880013FE1021032306224FF09040FFF737FB75
:102C98004FF0904006240125102383610A22CDE9D4
:102CA800004503232021FFF7A5FACDE900450323BA
:102CB8000A2280214FF09040FFF79CFA03231A461E
:102CC800CDE9004540214FF09040FFF793FA1822D4
:102CD800154C08924FF48272002303924FF400724D
:102CE800CDE90533CDE909330293079207234FF461
:102CF800E06202A920460B9304920BF02FF8636858
:102D080023F010036360636823F00803636023689B
:102D180043F040032360A3689B07FCD5237B034B48
:102D2800FF221A700DB030BD003001403C00002079
:102D38001C4B10B4DC69A00611D51A6891060ED593
:102D480019481A495A6A038809880133C3F30A03E0
:102D580089B299421FBF1649D2B2CA54038011489A
:102D68001F232206036215D503681B0612D5114BD3
:102D7800114A1988138889B29BB299420DD01388D9
:102D88000133C3F30903138013880C4A9BB2D35C45
:102D9800DBB283625DF8044B70475DF8044BFEF7C5
:102DA800A3BD00BF00380140FE480020FC480020B9
:102DB800FC400020024D0020004D0020004900206A
:102DC8000A490B4A08B50B8812880133C3F3090373
:102DD80092B29A4207D0074AD05407480B80FEF7B0
:102DE80071FD012008BD0020FCE700BF024D002056
:102DF800004D0020004900200038014038B5044645
:102E08004518AC4200D138BD14F8010BFFF7D8FFC4
:102E1800F7E708461146FFF7F1BF0000054B064AE1
:102E28001B8810880133C3F3090380B2181A18BF2E
:102E380001207047024D0020004D002008B5FFF723
:102E4800EDFFB0FA80F0400908BD0000054B064AC6
:102E58001B8812889B1A98B21B0444BF00F50060B7
:102E680080B27047FE480020FC480020FFF7EEBF04
:102E78000848094A0188138889B29BB29942F9D057
:102E880013880133C3F30A0313801388034A9BB2E0
:102E9800D05C7047FE480020FC480020FC40002021
:102EA800FFF7E6BF70B588B00C4606461546002108
:102EB800202268460BF0E4FA231E18BF01231B03E7
:102EC800CDE9023569460C2303480196049405931D
:102ED8000BF0B0F908B070BD0038014010B5064CD1
:102EE800236823F001032360FFF7DCFF236843F026
:102EF8000103236010BD00BF0038014000220846CE
:102F08001146FFF7EBBF000073B5464C236823F06A
:102F1800010323604FF4804008250126FEF7C4FC16
:102F28004FF4007103230A224FF09040CDE9005678
:102F3800FFF760F903231A464FF480614FF0904081
:102F4800CDE90056FFF756F9002211464FF46140CB
:102F5800FFF7A8FF6368344A23F490436360A368CB
:102F680023F02A03A360236823F00053236002F6AA
:102F7800080353E8003F23F0604302F6080040E8E6
:102F880000310029F3D102F6080353E8003F23F08B
:102F9800606302F6080040E800310029F3D1234BB2
:102FA800B02283F8252320225A601E48FEF79CFC95
:102FB800FEF791FC402303621D4B19801D4B1980BD
:102FC800194901F5006353E8003F23F0200301F598
:102FD800006040E80032002AF3D1174B1A80174BE3
:102FE8001A80104B5A6822F400625A609A6822F0DC
:102FF80008029A605A6822F480425A609A6822F05D
:1030080022029A609A6842F480529A601A6842F0E2
:1030180001021A60DA699102FCD5DA695202F9D51F
:1030280002B070BD003801400030014000E100E00E
:10303800004D0020024D0020FC480020FE480020E2
:1030480008B5FFF761FFBDE80840FEF769BEFFF766
:10305800F7BF00000E48C3691A0618D503681B0697
:1030680015D50C4B0C4A1988138889B29BB2994222
:103078000BD013880133C3F3090313801388074A5D
:103088009BB2D35CDBB283627047FEF72DBC7047FE
:10309800008000400651002004510020044D00200B
:1030A8000A490B4A08B50B8812880133C3F3090390
:1030B80092B29A4207D0074AD05407480B80FEF7CD
:1030C80001FC012008BD0020FCE700BF06510020DC
:1030D80004510020044D00200080004038B504460B
:1030E8004518AC4200D138BD14F8010BFFF7D8FFE2
:1030F800F7E708461146FFF7F1BF000070B588B042
:103108000C460646154600211C2201A80BF0B8F90A
:10311800231E18BF01231B03CDE9033501A90C2386
:1031280003480296059406930AF040FC08B070BD67
:10313800008000401FB5374C236823F0010323604B
:10314800354BDA6D42F00102DA65DB6D03F00103FD
:103158000393039B01210D23CDE900310A220323A8
:1031680004214FF09040FFF745F8002211464FF434
:10317800E130FFF7C3FF236823F00053236004F115
:10318800080353E8003F23F0604304F1080141E8D5
:103198000032002AF3D104F1080353E8003F23F07A
:1031A800606304F1080242E800310029F3D11B4BA7
:1031B800B02283F85B234FF000629A601548FEF74F
:1031C80093FBFEF788FB40232362154B1980154BB0
:1031D8001980636823F400636360A36823F008031D
:1031E800A360636823F480436360A36823F0220329
:1031F800A360A36843F48053A360236843F00103EA
:103208002360C3699A02FCD5C3695B02F9D504B08F
:1032180010BD00BF008000400010024000E100E047
:103228000451002006510020FFF784BF024B1A68A2
:10323800024B1A60704700BF085600200014002097
:10324800054A064B1968136899421DBF01330120CE
:1032580013600020704700BF0014002008560020AB
:10326800034A0449136809680B441360704700BF98
:10327800085600204C0000200148FFF7AEB800BFF8
:1032880000040040014B586A80B2704700040040B7
:103298000B4B10B50B4C586A238880B283420A4BFB
:1032A80007D9D3E9002112F5803241F10001C3E9C1
:1032B8000021D3E900212080801841F1000110BDD0
:1032C80000040040880300208003002008B5FFF7B1
:1032D800D3FFBDE80840FFF7A9BF70B504460D4607
:1032E800164609F08DFB083D04EBC606B44204D12E
:1032F800042409F097FB204670BD55F8082FD4E93F
:1033080000016B68994208BF904201D10834EDE78B
:103318002046FFF798FB0028F8D10446E9E70000AB
:103328001FB503788BB10A4B1B68B3F5FA6F0CD342
:103338000023002203700023CDE90023CDE90223F6
:10334800406802226946FFF7C8FF05B05DF804FB34
:1033580008560020000000000123F0B50380444B0C
:10336800444AD3E9005104464348914208BF854284
:1033780085B04FF0000202D1227005B0F0BD3AA12D
:10338800D1E900013D4F6260C3E900013C484FF0BC
:10339800AA33D0E90021B1F1FF3F08BFB2F1FF3FE6
:1033A800D0E9026505D0994208BF9A4201D00A4384
:1033B80009D1B5F1FF3F08BFB6F1FF3F0DD09D42DF
:1033C80008BF9E4209D01030B842E2D172B63E2101
:1033D8002B48FFF731FB62B629486060D0E900321C
:1033E800CDE90032B2F1FF3F08BFB3F1FF3FD0E9AA
:1033F800025109D1B1F1FF3F08BFB5F1FF3F22D11A
:103408004FF0AA331A4623E04FF0AA36B24208BF5B
:10341800B3420BD1B1F1FF3F08BFB5F1FF3F0FD069
:10342800B14208BFB5420ED10023EBE753EA0207C9
:1034380009D1B14208BFB54205D14FF4807121804E
:103448001D46114604E0002323701A461D461946FE
:10345800CDE90032CDE9025102226946FFF73DFF6E
:103468008BE700BFAFF3008012345678FEDCBA90C9
:1034780020000020FEDCBA901234567800F80108CB
:1034880000F001084FF080431A6991070AD56FF0E0
:1034980002021A615A6B6432DA63084A596B12885D
:1034A8000A445A634FF080431A69120705D56FF032
:1034B80008021A61024B01221A707047940000201A
:1034C800FD1300200A490B8803B9FEE772B64FF0D6
:1034D800804309885A6A114464325963DA636FF089
:1034E80002021A616FF008021A6162B6704700BFE3
:1034F8009400002000B5032289B04FF0FF314FF04F
:103508008040FEF761FF2022002168460AF0B8FFDC
:1035180064236A4601214FF0804003930AF0B4FC0B
:10352800C8236A464FF480714FF0804003930AF035
:10353800ABFC054BA02283F81C234FF080521A6085
:1035480009B05DF804FB00BF00E100E04FF08043E4
:10355800DA6842F00202DA60DA6842F00802DA60F9
:103568007047000010B501EB8101084B01EB8101A8
:1035780089001980064B044600221A70FFF7BAFF2B
:103588002046BDE81040FFF7E1BF00BF94000020CF
:10359800FD13002038B51C4CC0220021201D0AF064
:1035A8006FFF06232380162363800F231749A38008
:1035B80005224323A01DFDF76FFD0123C4E9133342
:1035C8003F231249A4F8543002254323052204F16D
:1035D8005600A4F84A50FDF75FFD0D4BC4F89C3027
:1035E8000C49A4F89A50002304F1AC00C4E929332B
:1035F80084F8A0300AF0D6FE7F2384F8C130052372
:1036080084F8C23038BD00BFB002002034EE000894
:103618000700030006EA000870B5094E05460C4687
:10362800415C30460AF0D5FE034628B1831B0133BE
:10363800DBB2282B28BF0023F35C2B5570BD00BFDD
:1036480048EE000870B50C46114606460AF0AAFE78
:1036580044B10025052130460135FFF7DDFFEBB207
:103668009C42F7D870BD000073B5054605F11106F8
:10367800214C224A014636016846FFF7E3FFB01C99
:103688006946204426440AF08DFE0223737204EB37
:1036980005130022A3F81A21142303FB0540042173
:1036A800012380F850104FF4807540F20111A0F802
:1036B8004A30C364A0F8523080F85530A0F856500C
:1036C800A0F8581040F2032084F83430E384A5624F
:1036D800A08584F82E3084F8302084F83320C4F88C
:1036E8003A20C4F83E20C4F84220A4F84610A4F8B2
:1036F800481002B070BD00BFF4000020B6E9000811
:10370800F7B50546B14CB24A05F111060146370135
:103718006846FFF797FFB81C274469462044FDF721
:10372800F5FB7B7AAB4A072B88BF022304EB061014
:1037380088BF7B721188437A41FA03F3DF070FD4FD
:103748000223437261B14807C1F3800308D441FAE8
:1037580003F7FF07D8B240F1D78104EB061358727C
:1037680004EB05112B0191F81A01052802D9002054
:1037780081F81A01E718508897F81A1140FA01F1F0
:10378800C90711D4012187F81A1168B18707C0F356
:10379800400109D440FA01FC1CF0010FCFB200F03F
:1037A800B881E11881F81A71E11891F81B01032812
:1037B80002D9002081F81B0104EB0616717A012951
:1037C80003D9042901D000219180E618908896F841
:1037D8001B1140FA01F111F001010ED186F81B11FD
:1037E80058B110F0010108D140FA01F7FF07CEB235
:1037F80040F19481234483F81B61142303FB0541A2
:1038080091F84A00042802D9012081F84A0003FBF4
:10381800054393F84B10042902D9002183F84B1073
:10382800142303FB0543B2F84A1093F84B0041FAFE
:1038380000F0C00712D4012083F84B0071B188074B
:10384800C1F340030AD441FA03F6F707D8B240F1AE
:103858006A81142303FB054383F84B00142303FBFD
:10386800054393F84C10032902D9012183F84C1021
:10387800142000FB0540B2F84C1090F84C3041FA87
:1038880003F313F0010310D180F84C3069B111F043
:1038980001030AD141FA03F6F607D8B240F148818C
:1038A800142303FB054383F84C00142303FB05434F
:1038B80093F84E10012902D9002183F84E101420E4
:1038C80000FB0540B2F84E1090F84E3041FA03F371
:1038D80013F0010310D180F84E3069B111F00103E3
:1038E8000AD141FA03F6F707D8B240F1268114232A
:1038F80003FB054383F84E00142303FB054393F8A9
:103908004F10022902D9002183F84F10142000FB20
:103918000540B2F8503090F84F1043FA01F111F019
:10392800010110D180F84F106BB113F001010AD1D9
:1039380043FA01F6F607C8B240F10481142101FBED
:10394800054181F84F00142101FB054090F84D60B6
:10395800022E02D9002680F84D6001FB054191F83E
:103968005000052802D9042081F85000142101FBD9
:10397800054090F85260012E02D9012680F8526065
:1039880001FB054191F85500012802D9012081F871
:103998005500142101FB054191F85300022802D972
:1039A800002081F85300142606FB0546B2F85200A1
:1039B80096F8531040FA01F111F0010117D186F879
:1039C8005310A0B110F0010111D105E0F40000205E
:1039D800B6E90008B002002040FA01F7FF07CEB2AE
:1039E80040F1B580142101FB054181F85360142191
:1039F80001FB054090F856600C2E02D9002680F88D
:103A0800566001FB054191F84C00012809D191F855
:103A18004F60022E05D1DF0740F19E80002381F818
:103A28004F30142303FB0543012140F2011083F8B2
:103A38005710A3F8580094F82630042B01D984F8BD
:103A4800261094F82730042B02D9002384F8273055
:103A5800B2F89A0094F8273040FA03F313F0010FF4
:103A68008A4B0ED1012184F8271050B18607C0F384
:103A7800400106D440FA01F7FF07CEB271D583F8AA
:103A8800276094F82810022902D9002184F8281008
:103A980094F82910022902D9012184F82910B2F8D2
:103AA8009C1094F8292041FA02F212F001020CD17C
:103AB80084F8292049B111F0010206D141FA02F631
:103AC800F607D0B251D583F8290094F82A200C2A99
:103AD80002D9002284F82A2093F832200C2A02D92D
:103AE800002283F8322093F82B20042A02D90022DE
:103AF80083F82B2000226649104611F9014F14F172
:103B0800780F36DA087036E00133102B7FF41FAED9
:103B180026E6013110297FF43DAE45E60131102932
:103B28007FF462AE69E60133102B7FF48CAE95E624
:103B38000133102B7FF4AEAEB7E60133102B7FF4C0
:103B4800D0AED9E6013110297FF4F2AEFBE601319F
:103B580010297FF441AF4AE713F0020318BF034668
:103B68005DE70131102985D18BE70132102AA5D1F3
:103B7800ABE7782CC6DC0132D2B20C2ABDD145495C
:103B88000022012011F8014F0132022CD2B288BF65
:103B98000870042AF6D193F83420012A02D90122A8
:103BA80083F834203C4AB2F89E1093F8342041FA46
:103BB80002F212F001020CD183F8342049B111F05D
:103BC800010206D141FA02F4E407D0B211D583F814
:103BD800340093F82C20052A02D9032283F82C20DC
:103BE80093F82D20032A08D80AD1002283F834201C
:103BF80006E00132102AE5D1EBE7022283F82D20F6
:103C080093F82E20022A02D9012283F82E2093F855
:103C18003020022A02D9002283F8302093F833207A
:103C28000C2A02D9002283F8332093F83520042A7D
:103C380002D9002283F83520142202FB053191F8BD
:103C48005A00012802D9002081F85A0002FB0532E7
:103C5800FF2103EB05154FF6FF7082F8511082F82B
:103C6800541083F82F1083F831104FF0FF31C5F846
:103C78001C11A5F820011962998482F85B00A2F84A
:103C88005C10D986198703B0F0BD00BFF40000208E
:103C98002D01002039010020B0020020034670B534
:103CA8000846052B04D8DFE803F01D0421191D215F
:103CB800FEE720261F250F22174CA3702277013B11
:103CC8000122A4F84860A4F84A50A276A273042BF3
:103CD80010D8DFE803F010181B1B180009266F2501
:103CE8000722E9E7142632250A22E5E735261325B7
:103CF8001922E1E7FEE7002323712374FDF798FDFD
:103D08006073607670BD22712274F7E70023237117
:103D18002374A376A373F1E798000020044B0122D3
:103D280083F85120A3F85220A3F85420704700BF0D
:103D3800980000202DE9F043794D7A4C00F11108E4
:103D480005EB081702378DB006463846FDF7FAF836
:103D58004FEA06190290042102A805EB0616FDF7A2
:103D6800F3FD96F81B31E0832BB103EB031303EB50
:103D780003231844E08305EB08135B7A062B40F015
:103D8800AC80E38B03F5B5432533E38305EB0818D3
:103D980095F82700FFF7C2FF98F8091061708B1F8C
:103DA800A944012B8CBF0023012399F81A0184F838
:103DB8005630FFF773FF99F81B21E18B029BE180D6
:103DC8006182A36063612AB14FF0113000FB0233B6
:103DD800A360636195F82600534B616213F92030A4
:103DE80023732376002384F82A30637B84F8292000
:103DF80023B93846FDF7C6F884F82A006078FDF73D
:103E080017FD4A4A84F82800128802F00101970732
:103E180048BF41F00201A185560742BFA18D41F07C
:103E28000401A1850346100742BFA18D41F010018E
:103E3800A185D10642BFA18D41F02001A18592063E
:103E480042BFA28D42F00802A285394A03AE02F1B0
:103E5800200C10685168374603C7083262453E4651
:103E6800F7D110683860A278324E06210CA801FB01
:103E780003031344B7EE087A13F8247C84F82070FF
:103E880007EE907AF8EEE77A16E90F0067EE877A80
:103E980086E80F00FCEEE77A40F2E243CDED017AC6
:103EA8007F08A4F84C309DF80430B4F84820A4F8F2
:103EB8004E30052F4FF47A73B3FBF2F3A4F8403079
:103EC80095F82C3038BF052784F85070052B1AD880
:103ED800DFE803F00B2216191C1F072B7FF456AFDF
:103EE800E38BA3F5B543263B4FE74FF416536364C2
:103EF800002384F85730A4F858300DB0BDE8F0839B
:103F08004FF41643F3E74FF46143F0E74FF4E1331E
:103F1800EDE74FF46133EAE74FF49643E7E700BF74
:103F2800F40000209800002034EE0008B0020020C1
:103F380078E70008C800002002484FF4DE72FF212D
:103F48000AF09EBAF400002002484FF4DE71FEF732
:103F58000FBE00BFF400002002484FF4DE71FEF7E8
:103F6800F3BD00BFF400002008B5FFF7F5FF034BD1
:103F78001878BDE80840FFF7C3BB00BF98000020D1
:103F880038B5FFF7D9FFFEF709FE04280CD0FFF774
:103F9800D3FFFEF703FE042803D1FFF7DDFF042853
:103FA80006D0FFF7C9FF03E0FFF7D6FF0428EED1DC
:103FB80026492748264C10220AF026FA38B1254906
:103FC800102220460AF020FA08B1FFF7B5FFA38AAD
:103FD800B3F5215F28D008D30025E8B20135FFF7F3
:103FE80043FB0A2DF9D10023E3774FF42153A38231
:103FF800012522691549164842F6A1039A424FF055
:1040080010021CBF236101250AF0FEF970B10F49A7
:104018000F481022FDF765F80F4910480822FDF7F0
:1040280060F8FFF791FF03E00025E2E7002DF8D1E3
:104038000023E3770A4C2370FFF7ACFA2078FFF7E8
:104048005FFB2078BDE83840FFF774BEBDE9000883
:10405800F4000020CEE90008DFE90008A6020020ED
:10406800980000200129F7B5054600D9FEE70B4E58
:1040780006EB01131C460F016278F15D03619B7822
:1040880007F014FFE3790193A37900932279637908
:10409800E178284607F031FF03B0F0BDB00401080D
:1040A80038B5836804466BB1024652F8183BDD699F
:1040B80000F11903A847217E20460222BDE83840B6
:1040C80007F07DBF38BD000070B58160897A86B081
:1040D800044601B1012107F0C2FE204608F042F86B
:1040E800204608F01AF8217BFF2903D0FA2220463F
:1040F80008F01FF8A3685B7A013B042B04D8DFE8BB
:1041080003F0043E3E414100FEE7E922E12120465A
:1041180008F04CF80121204607F0DCFF96212046E4
:1041280008F019F83821204608F02BF8204608F046
:104138002FF8A368204693F90810FFF7B1FFA3688A
:104148009D7A15B319782046FFF78CFF0022114697
:10415800204607F09EFE0023009340F203222046EB
:104168004FF6FF7107F0F8FE20464FF6FF7107F093
:104178001AFF204606B0BDE8704007F0BBBFDB223F
:10418800D721C4E76F226B21C1E75E880E4B6361BC
:104198004CF25033009320460C4919230B2208F0A7
:1041A80013F80123CDE903335B23CDE90153102331
:1041B800194620460095042208F044F83146204666
:1041C80008F064F8C2E700BF90040108A086010067
:1041D80010B5044607F08EFF20464FF6FF71BDE884
:1041E800104007F0E0BE000038B58168036891F917
:1041F8000810DD69044600F1190300F11802A84708
:10420800A3689A7A42B11A78012A00D9FEE7044BCA
:1042180003EB0213236138BD024B6361FBE700BF68
:10422800B004010890040108836810B5044683B1FE
:1042380003691BB943690BB9FFF7D6FFA3689B7ADB
:104248001BB12369B3F90C0010BD6369B3F91C00F5
:10425800FAE71846F8E7836810B5044643B10369DE
:104268001BB943690BB9FFF7BFFF94F9190010BDDB
:104278001846FCE708B5836843B9FFF725FF7D209A
:10428800FEF7AAFBBDE80840FEF7A0B908BD00008C
:1042980090F8D43053B190F8D520074B03EBC20106
:1042A80053F83230497953F821007047037C00EB0A
:1042B8008300406B704700BF04EE000813B5184B2D
:1042C8000288DB8B9A42044626D18378DB0625D404
:1042D8008379812B22D84FF6FF730D2201460DF109
:1042E8000600ADF80630FDF715FBB4F80D20BDF853
:1042F80006309A420ED14C2204F10D01FDF70AFB5B
:10430800B4F85900BDF80630C01A18BF0120800063
:1043180002B010BD0320FBE70120F9E70220F7E710
:10432800980000200A7ACB7902F0070243EA0223B8
:1043380003804B7A0A7A03F03F035B0143EAD20316
:1043480043808B7A4A7A9B0043EA9213CA7A02F036
:10435800010243EA822383800B7BCA7A03F00F03AE
:10436800DB0143EA5203C3800B7BC3F30112012A2A
:1043780011D813F0300F14BF012300239B020383CD
:104388000B7B7F2B0AD813F0C00F14BF0123002327
:104398009B024383704740F2FF73F0E740F2FF73DC
:1043A800F7E70A7ACB7902F0070243EA022303808F
:1043B8004B7A0A7A03F03F035B0143EAD203438056
:1043C8008B7A4A7A9B0043EA9213CA7A02F0010276
:1043D80043EA822383800B7BCA7A03F00F03DB0155
:1043E80043EA5203C3800A7CCB7B02F0070243EA0C
:1043F800022303814B7C0A7C03F03F035B0143EA01
:10440800D20343818B7C4A7C9B0043EA9213CA7C8B
:1044180002F0010243EA822383810B7DCA7C03F008
:104428000F03DB0143EA5203C3814B7DDB000382A8
:104438008B7DDB004382CB7DDB0083820B7EDB0040
:10444800C3820B7BC3F30112012A2BD813F0300F60
:1044580014BF012300239B0203830B7B7F2B24D8EB
:1044680013F0C00F14BF012300239B0243830B7D6D
:10447800C3F30112012A1BD813F0300F14BF012314
:1044880000239B0283830B7D7F2B14D813F0C00F6E
:1044980014BF012300239B02C3834FF4806303846A
:1044A8004384704740F2FF73D6E740F2FF73DDE7BD
:1044B80040F2FF73E6E740F2FF73EDE737B52E4BA6
:1044C800DB8B03804A78837862F3C30383704A796D
:1044D800C37862F38203C3708A79837962F3000335
:1044E8008371044691F902000D46FCF7E4FBE3787A
:1044F80000F01F0203F0070343EAC203E3702379C5
:10450800C0F3411023F0030303432371EA78DBB2BD
:1045180002F03F0203F0030343EA82032371EA78BF
:104528006379C2F3801223F00103134363712A797C
:1045380062F3470363716A7AA37802F0030203F017
:104548003F0343EA8213A3706A7AE378C2F38002D6
:1045580023F001031343E37059224FF6FF732146FA
:104568000DF10600ADF80630FDF7D4F9BDF80630B8
:10457800A4F8593003B030BD980000202DE9F3416C
:104588009DF820701546522F88464FF05B024FF079
:104598000001044628BF52271E4609F071FF3C4B14
:1045A800DB8B23802A78A37862F30203A3706B78ED
:1045B8004FEA0818DB0003F0080308F0300843EA64
:1045C8000801A37823F038031943A1706A79E378C6
:1045D80062F38203E370AA79A37962F30003A371FB
:1045E80095F90200FCF767FBE37800F01F0203F07F
:1045F800070343EAC203E3702379C0F3411023F0B1
:10460800030303432371EA78DBB202F03F0203F0AD
:10461800030343EA82032371EB786279C3F38013BF
:1046280022F001021A4362712B7963F34702627127
:104638006A7AA37802F0030203F03F0343EA821385
:10464800A3706A7AE378C2F3800223F0010313436C
:10465800A279E370234667F3470203F8062F37442D
:10466800BE4210D14FF6FF73592221460DF10600C4
:10467800ADF80630FDF74EF9BDF80630A4F859300C
:1046880002B0BDE8F08116F8012B03F8012FE7E727
:104698009800002007B5009313460A460121FFF74A
:1046A8006DFF03B05DF804FB30B53A4B027893F820
:1046B800261061F30302027093F8271061F30712C2
:1046C800027093F82810427861F30302427093F85D
:1046D800291061F30712427093F82A10827861F367
:1046E8000302827093F83210827961F303028271B7
:1046F80093F82B10827861F30712827093F83410C4
:10470800C27961F30302C27193F82C10C27861F385
:104718000302C27093F82D1061F30712C27093F868
:104728002E10027961F303020271427993F8301076
:1047380061F30302427193F83310827961F307122F
:10474800827193F83510C27961F30712C27103F1CF
:10475800390100F10A0200F1160411F9015F02F8AB
:10476800015FA242F9D193F84610C27D61F30102BC
:10477800C27593F8471061F38302C27593F8481025
:1047880061F30512C27593F8493063F38712C27555
:1047980030BD00BFF40000200278344BC2F303029E
:1047A80030B583F826200278C2F3031283F8272055
:1047B8004278C2F3030283F828204278C2F3031236
:1047C80083F829208278C2F3030283F82A208279A9
:1047D800C2F3030283F832208278C2F3031283F80B
:1047E8002B20C279C2F3030283F83420C278C2F3C3
:1047F800030283F82C20C278C2F3031283F82D2019
:104808000279C2F3030283F82E204279C2F303022D
:1048180083F830208279C2F3031283F83320C279F7
:10482800C2F3031283F8352003F1390100F10A02BB
:1048380000F1160412F9015F01F8015FA242F9D1F3
:10484800C27DC2F3010283F84620C27DC2F3810211
:1048580083F84720C27DC2F3011283F84820C27D45
:10486800C2F3811283F8492030BD00BFF400002054
:1048780070B5522698B0324604460D4603A800216A
:1048880009F0FEFD212342F6A1008DF80C30FCF75B
:1048980017FCADF80E004FF42150FCF711FC1C4931
:1048A800ADF8100014220DF11200FCF71AFC19489B
:1048B800FFF7D1FC184B8DF8260093F851308DF88E
:1048C80027300AA8FFF7F0FE3223ADF84630134A26
:1048D800134BCDE912236FF08023149347F6FF732F
:1048E800ADF854300F4BB3F89A208DF85620B3F832
:1048F8009C20B3F89E308DF857208DF858300096DC
:1049080003AB2A4602212046FFF738FE18B070BDD7
:10491800E5E90008AC3E0020980000206400FA0099
:10492800F401E803B002002038B5104D044600F148
:104938001B01062205F58970FCF734FC94F8213038
:10494800C3F3030385F8193194F82130C3F3031333
:1049580085F81A3194F82230C3F3030385F81B3124
:1049680004F12500BDE83840FFF716BFF400002029
:104978000B4A0C49126882600A6802614A680A494F
:1049880042610A6882614A68C26100234EF6602269
:10499800838083718381038402600385704700BF2D
:1049A80008560020F5E90008FEE9000810B50E4C8D
:1049B800A36803B9FEE70D4A12791A700021204650
:1049C80007F036FA4FF47A70FEF706F82046012110
:1049D80007F045FAA36820461978FFF743FB2046FD
:1049E800FFF7F6FB10BD00BFAC3E0020980000208A
:1049F80038B5174D0446A878697805281BD14FF6B5
:104A0800FF732385FFF74AF96B7801229A40238DBB
:104A180023EA020323850F490F48FFF72BFC0E48B2
:104A2800FFF7D6FB0C481121FFF73AFB2046BDE8FB
:104A38003840FFF7BBBF002323850220FFF72EF97C
:104A48006A7801239340228D13439BB2E2E700BFAB
:104A5800980000209C000020AC3E002008B590F88B
:104A6800203002468BB9FDF7C7FD10B982F8210046
:104A780008BD92F8213001335BB2312B82F8213026
:104A8800F6DD012382F82030F2E7FDF7B5FD18B115
:104A9800322382F82130EBE792F82130013B5BB2F8
:104AA800002B82F82130D8BF82F82000E0E7000010
:104AB8000A4B90F820201B6872B182689B1AB3F5E4
:104AC8007A6F01D901234371037923B9437913B16B
:104AD80001230371037370478360F5E708560020CC
:104AE800037B9A1E012A4FF0000202D890F820108A
:104AF80011B90273184670471346FBE70A4A38B5DE
:104B0800138801339BB2502B04460D4601D81380FD
:104B180038BD002305491380FDF7CEFA2946204603
:104B2800FDF7CAFAF4E700BFE823002007EA000807
:104B38002DE9F84F154604460F467749FDF7BCFAAC
:104B480029462046FDF7B8FA744B0022012F1A8037
:104B58004FF0904610D10223B362B76146F2A81015
:104B6800FDF73AFFB76246F2A810FDF735FF294670
:104B78002046FFF7C3FFF0E7BB1E01220C2B00F213
:104B8800BE80DFE803F0374A5E1F07BCBCBC71710A
:104B9800717171004FF090464FF001080227C6F876
:104BA800188046F2A810B762FDF716FFC6F82880ED
:104BB80046F2A810B761FDF70FFF29462046FFF718
:104BC8009DFFEBE74FF090464FF001080227C6F82B
:104BD800188046F2A810B761FDF7FEFEC6F82880D7
:104BE80046F2A810B762FDF7F7FE29462046FFF700
:104BF80085FFEBE7B26202274FF09046B76146F2B5
:104C0800A810FDF7E9FEB76246F2A810FDF7E4FE2A
:104C180029462046FFF772FFF0E70223B361012718
:104C28004FF09046B76146F2A810FDF7D5FEB7627F
:104C380046F2A810FDF7D0FE29462046FFF75EFF92
:104C4800F0E7B26102274FF09046B76146F2A8102C
:104C5800FDF7C2FEB76246F2A810FDF7BDFE294671
:104C68002046FFF74BFFF0E7A7F1090A5FFA8AFA37
:104C780000264FF0010956453EBF4FF090430222EF
:104C88009A614FF004084FF0904B46F2A810CBF809
:104C98001890FDF7A1FE46F2A810CBF82890FDF772
:104CA8009BFE08F1FF3829462046FFF727FF18F03A
:104CB800FF08EAD10223CBF828304FF004084FF060
:104CC800904B46F2A810CBF81890FDF785FE46F2F7
:104CD800A810CBF82890FDF77FFE08F1FF38294689
:104CE8002046FFF70BFF18F0FF08EAD10136A7F1BD
:104CF8000803F6B2DBB2B34238BF0026BBE7022393
:104D0800B261B3614CF25030FDF766FE2946204689
:104D1800FFF7F4FEF6E700BF07EA0008E8230020E3
:104D280010B50446084694F901308B4201D1237826
:104D380023B901232370FDF7A4FC607010BD0000A7
:104D480008B5437802789A4213D0042B8ABF04230B
:104D580003700370027888BF4370064B064813F946
:104D68002210064B19731976836813B11972FFF76D
:104D780097F908BD34EE0008AC3E002098000020EA
:104D880010B50AB9437010BD541E0B2CFBD8033262
:104D9800D2B231F91220C83A03FB022240F2716103
:104DA80092FBF1F212B222EAE2729A42C8BF1AB238
:104DB8004270E8E7034A044B002808BF1346034A39
:104DC800136070473800002044000020EC3D0020AC
:104DD8000A46014610B9024806F0FBBF704700BFFB
:104DE800AC3E002038B515461C4690B9FDF7B6FB19
:104DF8002B460A460146094806F0C4FF07484FF605
:104E0800FF7107F0D0F8A1010448BDE8384007F069
:104E1800E3B80248FFF7DCF938BD00BFAC3E00201C
:104E28002DE9F041194C05465B270E463A4600210C
:104E3800204609F025FBAB692360EB696360144BDE
:104E480014491B789A1E53425341627A63F3000255
:104E580062726FF05E02A27228220023E27204F1ED
:104E68000E00142223736373FCF73BF95921204683
:104E7800FCF76AFD084BA4F859003A46214630462B
:104E88001B7FBDE8F041FFF7ADBF00BF333D0020F9
:104E9800F7130020E5E900089800002037B50C4614
:104EA80038B91A48836833B9812281F8A02081F87B
:104EB800A23003B030BD9D7ADDB101F1A2020DF13F
:104EC800060107F0BFF894F9A230002B04DABDF808
:104ED80006201344ADF80630BDF90630002B0FDB71
:104EE8004FF6FF73ADF80630BDF8063084F8A030F1
:104EF800DFE70DF1060107F0DAF984F8A250EBE7D5
:104F08007F33F1DA4FF68173ECE700BFAC3E002047
:104F18000A4608B501460148FFF70AFE340000209A
:104F280000B591B00446684616461D4609F03AFA9F
:104F38001849684609F03EFA304606F051FE014627
:104F4800684609F037FA1449684609F033FA134BF2
:104F5800684653F82510124D09F02CFA1149684695
:104F680009F028FA9DF84830684655F8231009F0EA
:104F780021FA0D49684609F01DFA9DF84C3068463B
:104F880055F8231009F016FA08486A462146FFF733
:104F9800CFFD00BF09EA000810EA00080000002061
:104FA8001000002015EA00081CEA00083400002060
:104FB800024608B501480021FFF7BAFD3400002079
:104FC8000023FF22037043708370C270037170471F
:104FD800C17829B983780171013383700120704742
:104FE8000378012B1DD0022B05D08BB982780132B2
:104FF80082700371F2E7827843785340DB0703D469
:10500800013282700023F4E7FF2903D100230371E2
:105018000020704703790133DBB299420371EFD363
:10502800F6E7FF29F2D002790132D2B29142027139
:10503800EED282780132827000220271CEE700003F
:1050480030B51C4C85B00E2200210546684609F093
:1050580017FAB4F8A030ADF800302046FBF7D7FDBA
:105068008DF802002046FBF7C9FDB4F8A4308DF88E
:1050780003001148ADF80430FFF7EDF894F8A630B6
:105088008DF8073094F8A9308DF80830B4F8AA30B4
:10509800ADF80A30094B8DF806009B788DF80C3076
:1050A8006946012328468DF80D3004F050FE05B0FE
:1050B80030BD00BFF03D0020AC3E0020980000202D
:1050C8000148FEF7FFB900BFE93D0020F8B5154DCE
:1050D8000E4607465B232946304614462A46FFF704
:1050E80077FED7E9041328686A689A4208BF88429D
:1050F80009D0002430460C49FFF7D0FE002C0CBF25
:1051080001200320F8BD59212846FCF71DFCB5F8FD
:1051180059308342EDD114B1FFF7D2FFEAE70124F9
:10512800E8E700BFE53E0020F03D002013B501216F
:1051380004460844FCF708FCA178ADF806000DF118
:105148000600FCF7DBFBE178FCF7D8FB2179FCF7DC
:10515800D5FB6179FCF7D2FBA179FCF7CFFB04F111
:1051680008010322FCF7D6FB627804F10C01FCF776
:10517800D1FB94F82311FCF7C1FBBDF80630A4F865
:105188000C3102B010BD00000038024B18BF0120DE
:10519800187070477803002070B552BB042B5BD899
:1051A8009EB22BB34F4C94F828301546626A0333ED
:1051B800DBB2D20084F82830626213E0083BDBB22D
:1051C80084F82830B1F800C0BCF5817F0CF1010EDD
:1051D80040D2626AA1F800E022FA03F300F80C302A
:1051E80094F82830072BE9D80135AAB29642DDD8C1
:1051F80070BDFF2AFCD1032B51D81FFA83FC002B6A
:10520800F6D0384C94F828304FF0000E626A043318
:105218001201DBB242F0020284F82830626210E028
:10522800083BDBB284F828300A88B2F5817F02F1A6
:10523800010610D2656A0E8025FA03F3835494F8A8
:105248002830072BECD80EF1010E1FFA8EF2944588
:10525800DCD870BDFEE7FEE7224C626A03F5C06346
:1052680043EA423294F8283062620D33DBB284F8A4
:10527800283010E0083BDBB284F828300A88B2F501
:10528800817F02F1010609D2656A0E8025FA03F3CF
:10529800835494F82830072BECD870BDFEE7114CE6
:1052A800626A03F5E06343EA423394F828206362B4
:1052B80002F10D03DBB284F828300EE0083BDBB2C4
:1052C80084F828300A88B2F5817F09D2656ADD4002
:1052D800531C0B80855494F82830072BEED870BDEA
:1052E800FEE700BFF42500202DE9F84F644C0027A5
:1052F800FF250F8005708025676284F82870A577E0
:105308009946002B00F0AF8003F1FF3A0B8812FAA0
:105318008AFA561E02F1FF08BB463A46FF2B16F8DA
:10532800015F0DD88AB15D450BD10137BFB29945F0
:1053380040F28680B24500F08680B045EED1FEE7A7
:10534800FEE7FBB25A46FFF727FF6B1EDBB2FD2BC9
:105358002AD83F2B51D905F14103DBB23F2B28D87E
:1053680094F82820636A0135EDB20832D2B245EAD2
:10537800032384F82820636211E0083AD2B284F843
:1053880028200B88B3F5817F03F1010C34D2656ABC
:10539800A1F800C025FA02F2C25494F82820072A7E
:1053A800EBD80B880022C2E701270B88AB463A46A8
:1053B800BDE794F82820636A3F35EDB20932D2B2CE
:1053C80045EA432384F82820636211E0083AD2B200
:1053D80084F828200B88B3F5817F03F1010C0AD2E9
:1053E800656AA1F800C025FA02F2C25494F8282090
:1053F800072AEBD8D5E7FEE7FEE794F82820636A8A
:105408007F35EDB20832D2B245EA032384F828206A
:10541800636211E0083AD2B284F828200B88B3F509
:10542800817F03F1010C0AD2656AA1F800C025FA50
:1054380002F2C25494F82820072AEBD8B1E7FEE715
:105448000020BDE8F88FAAB994F8282062B1646AF0
:10545800C2F108020125944005FA02F2013A2243FA
:105468005C190C80C2540B88994594BF0020012018
:10547800BDE8F88FFBB25A46FFF78EFE0B88E3E7CC
:10548800F42500202DE9F04F47F26F730022827057
:1054980003800B78A3F1FE03B3FA83F35B098370EF
:1054A8008A780D4612F001011CBF43F08003837017
:1054B800D5F8202122F07F4222F0FF0285B0044671
:1054C80012B143F008038370AA68C2F31702FF2AD7
:1054D8001ED9B2F5803F18D363F07F03A37041F063
:1054E80002014FF0020E09234FF00A0C0822E17066
:1054F8000B20CDF804C01E4617464FF007094FF0A1
:10550800060A4FF0050B042117E043F00203A370CD
:10551800180600F1DF8008234FF0090C07220A2043
:105528004FF0000ECDF804C01E4617464FF006098E
:105538004FF0050A4FF0040B032195F8018004F899
:10554800018004EB0108297904F80B10697904F843
:105558000A10A97904F80910A178090709D595F85E
:105568002111A15495F82211A155034667466246B8
:105578000646A968A154A278900707D5BA1C1F4609
:10558800AB68C3F30F23A35596B23346BEF1000FA1
:1055980005D05A1C1F46AB7AA35596B23346A2785B
:1055A800D10606D55A1C1F4695F82331A35596B245
:1055B80033464A4A127803F1010914FA89FA05F1C7
:1055C8000C0B42B16B785A460DF10E015046FFF7AD
:1055D8008BFE00285CD16A78504659461FFA82FA39
:1055E80008F004FF22783E4B6178D243D2B2072FED
:1055F8009A5C82EA0102995CA27882EA0102995CCB
:10560800E27882EA0102995C227982EA0102995CD5
:10561800627982EA0102995CA27982EA0102995CC4
:10562800E27982EA01029A5C1BD0217A4A40082F6B
:105638009A5C16D0617A4A40092F9A5C11D0A17AF7
:105648004A400A2F9A5C0CD0E17A4A400B2F9A5CA8
:1056580007D0217B4A400C2F9A5C1EBF617B4A40D1
:105668009A5CA2551AFA89F39BB2B3F5947F0ED2CD
:10567800B5F80C21E254981CB5F80C115A1C92B2DA
:1056880080B2090AB0F5947FA1540AD3FEE7FEE779
:10569800A378BDF80EA043F04003A37088F800A0DB
:1056A800A0E7AA78D20702D405B0BDE8F08FD5F8F4
:1056B8001071D5F81811D5F81461275022180F3336
:1056C8005660916098B295F81C111173B0F5947FEB
:1056D800EAD3FEE74FF0000E05E700BF780300208D
:1056E80074EE00082DE9F84FB14C15460F46804678
:1056F8000146B04808F07AFE00228023B5F5817F84
:105708003A802284626284F822304FD2A94E84F80B
:1057180028204FF0FF099246012A76D8B4F820C015
:10572800654540F2B180616A16F80C3002F1080054
:105738000CF1010CC0B243EA0123A4F820C0A0F187
:10574800020C23FA0CF1063201F003015FFA82FE23
:105758000229636284F828E000F0BD80032944D060
:10576800012924D1BEF1060F0DD8228C954240F2B2
:105778008B80B15C00F1060E41EA032301325FFA27
:105788008EFE22846362AEF1070E23FA0EF303F055
:105798007F037D2B84F828E076D83A88FF2A23D81F
:1057A8004133511C398008F8023019E0FEE7BEF198
:1057B800000F6BD1228C954266D9B15C013241EA67
:1057C80003232284072284F828201A06636200F142
:1057D800C8803B88FF2B06D85A1C3A8008F803A0DB
:1057E80094F8282098E7FEE7FEE7AEF1060E5FFA88
:1057F8008EF284F828203A8823FA0EF3FF2A03F061
:105808003F0301D8413BCCE7FEE7636AA2F1020CF3
:1058180023FA0CF101F003015FFA8CFE022984F8E7
:1058280028E003D003291CD0104699E7BEF1050FE4
:1058380051D8218C8D4227D9705C02F1060E40EABE
:10584800032301315FFA8EFE63622184AEF1060EF6
:1058580023FA0EF384F8282003F03F033A88013333
:105868009FE7BEF1050FC0D8218C8D420CD9705C22
:1058780002F1060E40EA032301315FFA8EFE21840D
:105888006362AEF1060EB4E7BDE8F88F0CF1FF31A4
:1058980023FA01F10EF1FF32D2B2C90784F82820A9
:1058A80097D5F2B9228C9542EED9B15C013241EA22
:1058B800032322840722636284F8282013F0800FD0
:1058C80040F08C803B88FF2B00F287805A1C3A807E
:1058D80008F8039084E7AEF1060E636A5FFA8EF269
:1058E800B6E7013A23FA02F1AEF10202D2B2C807D2
:1058F80084F82820E6D5002A5ED1228C9542C3D9A7
:10590800B15C41EA0323013207211806228463624D
:1059180084F8281058BF08222AD4B4F820C0654556
:10592800B2D90732D0B216F80C2042EA03220CF1A1
:105938000103238462621346083884F82810C340A0
:1059480038885FFA83FB00EB0B03FF2B0FDC404426
:105958005A46002108F094FD3B880BEB03023A807D
:105968003EE7062284F8282013F0400FA8E7FEE758
:1059780008460822218C8D4286D916F801C00732C4
:105988004CEA03230131D2B22184636284F82800EF
:10599800083A23FA02F238885FFA82FB00EB0B031D
:1059A800FF2B03DC40445A46FF21D3E7FEE700BF44
:1059B800F4250020C8240020511EAEF1030023FA6C
:1059C80001F1C0B2C90784F8280011D407280DD9FD
:1059D800AEF10B01636AC9B2AEE7FEE7511EC8B269
:1059E80023FA01F1C90784F8280001D4014694E795
:1059F8000728BFD9A0F108010246C8B2C6E700BF10
:105A08002DE9F04F5788B7F58F7F8BB014460646BF
:105A18000BD90022227000226F2B628000F02581B2
:105A2800002333700BB0BDE8F08F12780E2A0D46B4
:105A380024D80E2A00F2D58001A151F822F000BF27
:105A48001F5A0008F75B0008EB5B0008EB5B0008D7
:105A5800F75B0008F75B0008F75B0008F75B0008D6
:105A6800F75B0008F75B00084F5C0008EB5B000879
:105A7800EB5B0008EB5B00082B5C0008692A40F22E
:105A8800AE806A2A40F0AD80A74FF98A4A1E92B2CA
:105A9800002900F021810332DFF890E207EB020CC5
:105AA800B91CFF2211F8010B424061451EF8022083
:105AB800F8D1934200F0FE804FF0000984F800907E
:105AC800C4F80290A4F80690B7F81680B8F1020F4F
:105AD800A6D997F804A0BAF16F0F00F05A83B8F16D
:105AE800030F9DD07A796F2A00F06F83B8F1040F05
:105AF80096D0BA796F2A00F06E83B8F1050F8FD06F
:105B0800FA796F2A00F06483B8F1060F88D03A7AE0
:105B18006F2A00F06C83B8F1070F81D07A7A6F2A68
:105B280000F06283B8F1080F3FF47AAFBA7A6F2AAF
:105B380000F05783B8F1090F3FF472AFFA7A6F2A71
:105B480000F04C83B8F10A0F3FF46AAF3A7B6F2A32
:105B580000F05383B8F10B0F3FF462AF7A7B6F2AE2
:105B680000F04E83B8F10C0F3FF45AAFBA7B6F2A9E
:105B780000F08D81B8F10D0F3FF452AFFA7B6F2A18
:105B880000F06683B8F10E0F3FF44AAF3A7C6F2AF3
:105B980000F06A83B8F10F0F3FF442AF7A7C6F2AA6
:105BA80000F05F83B8F1100F3FF43AAFBA7C6F2A68
:105BB80000F05483B8F1110F3FF432AFFA7C6F2A2A
:105BC80000F04983B8F1120F3FF42AAF3A7D6F2AEB
:105BD80000F04D83B8F1130F3FF422AFFEE7632ABC
:105BE80005D800232370C4F80230E38019E74E4F2C
:105BF800FA8A122A14D8B91801328B70FA822278DC
:105C0800092A3AD9A2F1640105293FF609AF653A94
:105C1800042A00F27783DFE802F06D69656183008A
:105C2800FEE77A1C6280EB55E38862889A4245D386
:105C3800002262802270B3F5947F4FF00202027056
:105C4800438075D3FEE77A1C6280374EEB55A088F7
:105C5800727F618883189942FFF6E4AE33785F0655
:105C680000F1B2810E232370DCE62F490A8001225D
:105C7800CA8264228B702270D2E6002A3FF4D0AE2A
:105C8800013A082A3FF6CCAE01A151F822F000BF34
:105C98004D5E0008295A0008295A0008C95C000806
:105CA800C95C0008795E00080B5E0008D35D000837
:105CB800435E00080A2201232270B2E60123B0E6FF
:105CC8006288B2F5947F06D2511C6180AB54237868
:105CD80001332370A4E6FEE7FF22EAE60722FB76FB
:105CE80022709DE66822BB76227099E601227B70BD
:105CF800227095E662883B700021B2F5947F797036
:105D08000DD203F00103033B511C6180AB5497F99A
:105D18000030002BC0F2BB820123237080E6FEE72F
:105D28006A223B7722707BE6F425002074EE000897
:105D38002B78FD2B00F02681EB7803722B794372C8
:105D48006B7943606A7808327280002240F28510CD
:105D5800DFF808C47281FE210446013499424FEAF3
:105D6800540400F2DF80C0F0EA808B4240F02381C7
:105D78002B78FD2B00F01C814FF0060B2846DFF82E
:105D8800DC8310F801AF0BEB0A0909F1FF3189B286
:105D9800FBF7DAFD04EB440708EB8707ADF80800CA
:105DA8003979019102A8FBF7A9FD05EB090215F85D
:105DB80009305278019903EB0223BDF808209BB201
:105DC8009A4200F0BE8005232BE66288B2F5947FE4
:105DD80015D2511C6180AB547B7813F0020340F05C
:105DE80012826288B2F5947F0AD2511C6180AB544A
:105DF8003B78DD064CBF69236A23237010E6FEE773
:105E0800FEE76288B2F5947F15D2511C6180AB54CD
:105E18003B787A78134313F0020340F0EB816288F1
:105E2800B2F5947F08D2511C6180AB546288B2F5F8
:105E3800947FDAD3FEE7FEE7FEE76288B2F5947F47
:105E4800D3D3FEE762883A83B2F5947F0FD2511C10
:105E58006180AB543A787B7712F0010200F0D6816A
:105E680006220833A280E38004232370D8E5FEE7E6
:105E78006288B2F5947F09D2511C6180AB543B789B
:105E88001F074CBF672307232370C9E5FEE74FF0C0
:105E98000C09B8F1120F00D9FEE707EB080208F168
:105EA800010A1FFA8AFA937002AB52461846AA49A9
:105EB800A7F816A008F09AFA00223A800122FA827E
:105EC8006F22BA706422227009F10102524503461A
:105ED800BFF4A6AD08F1FF310DF10902A1EB0901EC
:105EE8004A4412FA81F24B4401924FF06A0E4FF085
:105EF80007084FF0010900224FF0690AF98A1229B0
:105F08000FD878180131F98213F8011F81702078B1
:105F1800092800F2078100286FD101999942EDD133
:105F28007EE5FEE7601E1418824204F1010744D2A0
:105F380027F0010101EB57015CF821100DE722461B
:105F4800F1E7BB79DA0706D5FA79924582BF52198B
:105F580012F80B20B2729B070BD56300234408EBA1
:105F680083036A781B7A9A4282BF5B1913F80B3055
:105F7800F3726300234408EB8308317398F8053003
:105F880073734FE56B790372AB7943726B7A297A35
:105F9800EA791B0403EB0123134443606A7802F196
:105FA8000C014180A978C9077FF5CFAE1932CBE63D
:105FB8004FF00A0BE2E6032333E5684902EB42009F
:105FC800144651F82010D0E602A92844FFF78AFBAE
:105FD800737FBDF808106288CB1A9BB21A4462809E
:105FE800727F1A447277E2881344E380338BB3F5E7
:105FF800947F01D2E95435E6FEE7013808288CD8A9
:106008000FF2040C5CF820F051600008235F0008D0
:10601800235F00083560000835600008E360000869
:10602800A360000805610008816000086088B0F579
:10603800947F08D200F1010CA4F802C029542178F9
:106048000131217069E7FEE760883883B0F5947FF5
:1060580011D200F1010CA4F802C0295438787977DC
:1060680010F0010000F017810831E1800621A180BD
:106078000421217051E7FEE76088B0F5947F0BD2C8
:1060880000F1010CA4F802C029543978C90600F1BE
:106098002C8184F800E040E7FEE76088B0F5947F43
:1060A80019D200F1010CA4F802C029543978787883
:1060B800014311F0020140F01F816088B0F5947F20
:1060C8000AD200F1010CA4F802C029546088B0F586
:1060D800947FD5D3FEE7FEE7FEE76088B0F5947FAE
:1060E8000BD200F1010CA4F802C029543978080732
:1060F80000F1058184F800800FE7FEE76088B0F5BD
:10610800947F0ED200F1010CA4F802C029547978CA
:1061180011F0020140F0EC806088B0F5947FAFD3B5
:10612800FEE7FEE7A0F1640CBCF1050F3FF6F5AE03
:106138006538042800F2EF80DFE800F0120A050352
:106148002900F976D6E7B9764FF068012170E4E6C0
:10615800797084F80090E0E6F625002074EF0008D6
:1061680060883970B0F5947F7A700FD201F0010120
:10617800033900F1010CA4F802C0295497F9001062
:106188000029ACBF494666212170C6E6FEE739778B
:106198007FE7B8F1120F3FF67FAE07EB080108F171
:1061A80001028B7002AB92B218466249FA8208F07B
:1061B8001DF90122FA826422A7F8009087F802A04C
:1061C800034622704FF0020984E64FF0030960E6A7
:1061D8004FF005095DE64FF004095AE64FF009094A
:1061E80057E64FF0080954E64FF0070951E64FF01B
:1061F80006094EE60823237012E44FF00A0948E620
:106208004FF00B0945E60923237009E461880C3334
:10621800E380B1F5947F4FF00A03A38016D27B7810
:10622800481C03F0010360806B546188B1F5947FCA
:106238000DD2481C60806A5413B1E3880D33E380A3
:10624800E388B3F5947FFFF40FAEFEE7FEE7FEE7C1
:106258004FF00D091DE64FF011091AE64FF010092D
:1062680017E64FF00F0914E64FF00E0911E6B8F1E2
:10627800120F3FF611AEB844BA7088F80230012305
:10628800FB82002264233A802370FFF7C9BB662390
:106298002370FFF7C5BBB4F802C00C31E180BCF530
:1062A800947F4FF00A01A1801DD279780CF1010B7F
:1062B80001F00101A4F802B005F80C10B4F802C00E
:1062C800BCF5947F10D20CF1010BA4F802B005F8CC
:1062D8000C0011B1E1880D31E180E188B1F5947FBE
:1062E800FFF4C6AEFEE7FEE7FEE784F800A014E67A
:1062F8004FF00901217010E6082121700DE6672191
:1063080021700AE6772B0DD000232370C4F80230E1
:10631800E380FFF785BB772908D02270C4F80220F4
:10632800E280FAE565232370FFF77ABB4FF0650139
:106338002170F2E5F62500202DE9F8431F46184B99
:10634800164693F8302004463AB393F82B301FB121
:106358001BB31F1F18BF0127A1F1020804F5E36949
:1063680001F11E0538F8020FFAF71AFD29F8020F95
:10637800B8F80000FAF721FDA845A9F82000F1D1E6
:10638800084B84F85A771B68C4F85C3786F0010616
:10639800012384F8606784F81937BDE8F88300BFE3
:1063A800F40000200856002070B500F27C7400F557
:1063B800B0712046FBF715FB044B024618680168CC
:1063C8000D6921462B46BDE870401847EC3D00207A
:1063D800B0F8E834B0F8EA249B1A98B21B0444BF1A
:1063E80000F5007080B2003818BF01207047D0F85F
:1063F800F836B0F8E8240133C0F8F836D0F800379A
:106408000133C0F80037B0F8EA349A421FBFC21807
:10641800B0F8EC1492F8EE24013316BF0B400022BA
:10642800A0F8EA3410467047114B93F82D305A1EE5
:10643800012A02D80F48FFF7DABF032B10D10E4A02
:10644800B2F81E36B2F81C1699420ED0D118013394
:1064580091F82206B2F820160B40A2F81E367047B3
:10646800064B186803689B6918470020704700BFEF
:10647800F400002038260020E02E0020EC3D00200B
:106488000023A0F8EA34A0F8E834024B186803683F
:10649800DB691847EC3D002010B50748FFF7F0FF0F
:1064A800064B0022C3F81C26054B18680368BDE894
:1064B8001040DB69184700BF38260020E02E002076
:1064C800EC3D002038B5B0F8EA24B0F8E8349B1A5F
:1064D8009DB21B04084B04461868036848BF05F5BD
:1064E80000751B6A48BFADB298474319D4F8F00647
:1064F800184480B238BD00BFEC3D0020F8B5D0F894
:10650800F43690F81877CB1AB3F57A7F04460E461E
:1065180026D2632B01D800207DE0012F0AD0022F5C
:1065280019D0002FF7D1FFF7CDFFB0F5806FF2D962
:10653800012305E0FFF7C6FFB0F5806F03D90223FA
:1065480084F818370CE02046FFF7BCFFB0F5C07F91
:10655800E1D20023F4E7FFF7B5FFB0F5806FE7D38A
:106568003448C4F8F466FAF777FB334D334A2B689E
:106578001168C3F1000C411A614501DB99424BDDFA
:1065880010600A232B601368B3F5FA7FBCBF4FF481
:10659800FA7313601268D4F8F83652214A4328492E
:1065A8006425B1F8481092FBF1F26B43B3FBF2F3A8
:1065B8005F2B35D8552B35D83B2B03D94B2B34BF04
:1065C8005B25322594F81837022B2DD0012B2DD0BE
:1065D80013B9002F18BF33254FF47A73D4F8002766
:1065E800314604F20470FBF795F894F81837FBB9B4
:1065F800642D0BD1D4F8F436A3F29A23C4F8F436F8
:10660800D4F8F83603225B00B3FBF2F3C4F8F8368B
:1066180084F8FC560120F8BD002BB4DD013BB1E73E
:106628000025CFE71E25CDE70025D5E73225D3E79E
:106638000023EBE7F03D00202C0000208C03002015
:106648009800002070B5D0F8F43690F81827CB1AC7
:10665800B3F57A7F04460E4614D2032A08D8DFE839
:1066680002F002092730FFF72DFFB0F5487F26D842
:10667800002029E0FFF726FFB0F5AF6F11D90223FC
:1066880084F81837304B94F81857B3F84800C4F812
:10669800F466D4F8F836032D4ED8DFE805F037163F
:1066A800494B2046FFF70EFFA328E1D80323E7E76D
:1066B800632BDDD9FFF706FFB0F5AF6FE2D20123F8
:1066C800DEE7002084F8180770BD21254FF47A739F
:1066D800D4F80027314604F20470FBF71BF894F84D
:1066E80018377BBB642D0BD1D4F8F436A3F5487367
:1066F800C4F8F436D4F8F83605229B00B3FBF2F35D
:10670800C4F8F83684F8FC560120DDE764210F4A06
:10671800B2FBF0F24B43B3FBF2F35F2BD6D8552B09
:106728000CD83B2B0CD94B2B34BF5B253225CDE73E
:106738000025CBE75D25C9E76425C7E71E25C5E722
:106748000D46C3E70023DBE7980000205040010016
:10675800F8B5244F04463846FAF747FAFAF7C1FA6B
:10676800064697F9A600FAF7BCFA05463846FAF73E
:1067780045FA1D4B94F8FC2693F8353084F87221BD
:10678800333384F86531442384F86631FF22D4F822
:10679800683184F874216D2262F31703C4F86831F4
:1067A800C0F10A000023C4F86C3184F8813200B2C9
:1067B8004FF43943A4F8823280F30700092384F8A0
:1067C800730184F8706104F5B07084F8715184F82D
:1067D800843204F5AA71FBF7C3FB2046BDE8F840F4
:1067E800FFF7E2BDF03D0020F40000202DE9F04F56
:1067F800044685B0B4F82E270092B4F830270192E9
:10680800B4F83227B0F828670292B4F8382703782A
:10681800B0F822E7B0F824C7B0F81CA7B0F81E9764
:10682800B0F82087B0F82677B0F82A570392B0F866
:106838002C07B4F81A27A4F87A610026B4F836179A
:10684800B4F834B7A4F86C21A4F874E1A4F876C1BC
:1068580084F87C31A4F86EA1A4F87091A4F8728130
:10686800A4F8787184F87D61A4F87E51039AA4F89D
:106878008C21FF2284F865214422A4F8800184F841
:1068880066210098D4F86821A4F88201A4F88A1136
:10689800019884F8813246214FF4F84361F31702D6
:1068A800A4F88401A4F882320298A4F88601262369
:1068B80004F5B070A4F888B184F88E6184F88F610B
:1068C80084F8906184F89161C4F8682184F884326E
:1068D80004F5AA71FBF744FB204605B0BDE8F04F6C
:1068E800FFF762BDF0B591B0044600F23A736D4609
:1068F80000F25A76186859682A4603C20833B34228
:106908001546F7D120220DEB0200002107F0B8FD53
:1069180094F8602794F85A370AB943F00203224AD8
:10692800A4F8703192F835202778D4F85C17C4F8A9
:106938006C110023333284F87331102384F87431D6
:10694800D2B284F872716B4604F275160DF1400CE0
:106958001D4603CD6545306071602B4606F108067B
:10696800F6D1442384F86631D4F8683184F8652177
:106978004FF4D27262F31703C4F868314FF4A0538E
:10698800A4F88232492304F5B07084F8817284F83F
:10699800843204F5AA71FBF7E3FA204611B0BDE88A
:1069A800F040FFF701BD00BFF400002070B5244B94
:1069B80090F8745793F83530044690F8750784F8C2
:1069C8006F016FF06E0084F8700133336FF02A00A6
:1069D80084F8710184F865311220442384F8720127
:1069E80084F866310020D4F8683184F873014D20AA
:1069F80060F31703C4F868318F2394F8721794F87A
:106A08007327B4F8706784F883320A2384F8741102
:106A180084F8811204F5B070A4F86C6184F86E51A2
:106A280084F8752184F8822284F8843204F5AA71E6
:106A3800FBF796FA2046BDE87040FFF7B5BC00BFEB
:106A4800F400002010B5224B027893F83530044644
:106A58004FF07E51C0F86C1133330021C0F870112B
:106A6800C0F87411C0F87811C0F87C11C0F8801112
:106A7800C0F8841184F86531442384F86631D4F869
:106A8800683184F88C114C2161F31703082084F8CD
:106A98008801C4F86831022049F6010384F88901A5
:106AA800A4F882320120212384F88B0184F88A21FA
:106AB80004F5B07084F8812284F8843204F5AA7150
:106AC800FBF74EFA2046BDE81040FFF76DBC00BF4B
:106AD800F4000020F0B54E78202E0D468BB0044609
:106AE80001F10C013AD8324601A807F07FFC01AB4E
:106AF800C6F121020021981907F0C2FC444B9DF809
:106B0800222093F8353033339A427FD19DF82330D1
:106B1800442B7BD1BDF82030F62B02D0B3F5FA7F99
:106B280074D1B4F87027A4F870379A421CBF0022B9
:106B380084F87527012284F86D276A7984F872270A
:106B4800AA7984F87327F62B4FF0020284F8742789
:106B580013D0B3F5FA7F40D0002337E00B4601AAE3
:106B680005F12C0718685968164603C60833BB4256
:106B78003246F7D11B783370C0E7264B1868036894
:106B88005B6A98470028E7D09DED037AF0EE087A13
:106B9800B4EE677AF1EE10FA1BD1DFED1F7A9DEDA6
:106BA800047AB4EE677AF1EE10FA12D1DFED1B7AAF
:106BB8009DED077AB4EE677AF1EE10FA09D1002359
:106BC80084F874379DF82430012B13D184F8753775
:106BD8001CE0002384F87437BEE79DED077ADFEDEB
:106BE8000F7AB4EE677A0023F1EE10FA84F874375E
:106BF800B2D1E7E7022BAFD194F87527002AABD0C2
:106C080084F87537064B1B68C4F878370BB0F0BDAD
:106C1800F4000020EC3D00200000884288AC964932
:106C2800085600204FF47F4303800023C0E9013356
:106C3800C0E90333436103767047000038B5002389
:106C4800C0E90733C0E955334362C0F85C310446F4
:106C5800FAF716FF254B9878022845D0431F58426B
:106C68005841FEF791FA40F2FF13A4F8EC34204B98
:106C78001B68002503F57A73C4F8F43604F204702F
:106C8800C4E9A255C4F89052A4F8EA54A4F8E85408
:106C9800C4F8F05684F8FC5684F81857C4F8F85627
:106CA800C4F80057FAF730FD84F81957294604F25A
:106CB8001A70402207F0E4FB7D2384F85A57C4F881
:106CC8005C5784F86057C4F86457C4F86857A4F848
:106CD8006C37A4F8725784F87557C4F8785720466B
:106CE800BDE83840FFF79EBF0120BAE798000020B2
:106CF8000856002010B40F4A92F82E20B2B102783C
:106D0800A2B10D4A0169126840F6C414511AA14291
:106D180003D95DF8044BFFF785BF416831B9416974
:106D2800511AFA2982BF4261012202765DF8044BAA
:106D3800704700BFF4000020085600204378032B5A
:106D480006D1C068B0F5834F34BF002001207047DA
:106D5800002070477FB50B46374991F82D1000F198
:106D680028060229044600F11C02314668461BD158
:106D7800FEF746FE9DF80030022B5BD104F5B07596
:106D8800324669462846FAF789FED4F8683123F076
:106D98007F436E2B43D1294B9A78052A3DD8DFE8EB
:106DA80002F0303438063038FAF7CEFFE2E75A6C92
:106DB800B2F5613F94BF002201222046FFF7BEFFD3
:106DC800C8B9C2B194F86E31012B14D894F8723155
:106DD800042B10D11A49102204F27B1007F014FB7F
:106DE80048B9782384F8883184F8823184F87C3172
:106DF8002846FEF79BF9204604B0BDE87040FFF72F
:106E0800D3BA5A6CB2F5E13FD4E75A6CB2F5614F88
:106E1800D0E75A6CB2F5164FCCE70122CDE74C2BE0
:106E2800E9D1084B1B78002BE5D0B4F88831B3F5CD
:106E3800FA4FE0D104B070BDF400002098000020A3
:106E480023EA0008081400204378032B0FD1D0E967
:106E580002232AB1B3F5834F34BF002001207047C5
:106E680044F2BF12934294BF0020012070470020D3
:106E780070474378032B07D1C06844F2BF13984288
:106E880094BF002001207047002070472DE9F04F83
:106E9800844B0446ABB084481D68FDF7DCF9D4F890
:106EA800683740F6C312EB1A934204D894F96C374A
:106EB800834200F0B6807D4EC4F86857B17884F8F4
:106EC8006C07052998BF7A4B8DF819009CBF33F8D9
:106ED8001180784B8DF8171098BF33F8115023782C
:106EE8008DF814304FF000034FF006078DF8153079
:106EF8004FF07F0388BF00258DF818303A46B6F862
:106F08004A30ADF80C300DF11A0088BFA846ADF82C
:106F18000E308DF81670FAF721F97178DFF898912C
:106F28003A4608A8FAF7F0F85F48ADF81080ADF8CF
:106F38001250FDF779F940428DF826005A48FDF7BE
:106F480073F94042C2B220468DF82720FFF791FF1F
:106F580004F5B07504F5AA768046002864D099F83F
:106F680035309DF826109DF9190000913333BDF88E
:106F78000C1084F88721DDF81A209DF815B09DF8CB
:106F880016E09DF817C09DF91870BDF80EA0BDF861
:106F98001090BDF812800193A4F86C119DF814307C
:106FA800009984F87901C4F87A210898BDF81E2060
:106FB80084F8743184F88611A4F87E21A4F86EA1AF
:106FC800A4F87091A4F8728184F875B184F876E118
:106FD80084F877C184F87871C4F88001BDF824205A
:106FE800A4F88421019A84F86521442284F8662152
:106FF800D4F8682184F881324EF68E21AB2361F3F0
:10700800170284F88332C4F8682184F882B21C23FA
:10701800284684F884323146FAF7A2FF2046FFF763
:10702800C3F92BB0BDE8F08F0146642211A807F020
:1070380027FA0DF10C0CBCE80F000AAF0FC79CE84B
:1070480007006FF02E0387E8070084F86C3199F881
:10705800357094F8009084F86D811C2384F87031A1
:10706800802284F86E9184F86F810AA904F2711065
:1070780007F0BCF9442384F86631D4F8683184F801
:10708800819240F2811262F317033337FFB2C4F8DA
:1070980068314FF41343A4F8823284F8657185236C
:1070A800B6E700BF08560020AC3E0020980000203C
:1070B800ECED0008F8ED0008F40000202DE9F04F91
:1070C8008E4B1A68D0F864372DED028BD31A122B29
:1070D800A7B0044640F20D81DFF83892DFF82CB2F1
:1070E80099F80010C0F864278B1E594259419BF942
:1070F800A000F9F70EFE99F800109BF9A230019351
:107108008A1E5142514106469BF9A600F9F701FE35
:107118009BF8A4300290012B9BF8A53078480CBF4F
:1071280003250125012B9BF8AA300CBF45F0080563
:1071380045F00405012B9BF8AB3008BF45F010055E
:10714800012B0CBF45F0200545F04005FDF7A0F8E0
:1071580007EE900AB8EE670ADFED6A7A20EE270A92
:1071680007F0D6F8DFED687A684894F800A020EEBA
:10717800278AF9F74CFD80466448F9F756FD99F8D7
:1071880000300746022B20460CBF9BF8A9904FF011
:107198000009FFF76EFE5E4B93F835303333DBB2F0
:1071A800039304F5B07B04F5AA730146002849D07F
:1071B800002284F86F21019A84F87321029A84F8D6
:1071C80075217F2284F8762184F8782184F87A2141
:1071D80018EE102AC4F87B21C4F87F21039A84F89A
:1071E80065214422FF2184F86621D4F8682184F8B7
:1071F800771184F879114EF68D2161F31702C4F8DE
:1072080068214FF46062A4F882221722A4F86C5116
:1072180084F86EA184F8708184F8717184F87261C1
:1072280084F8749184F881A284F884225846194617
:10723800FAF796FE204627B0BDEC028BBDE8F04F6A
:10724800FFF7B2B86C2204900BA8059307F018F961
:107258004FF67F72ADF82220ADF824207F228DF8FA
:10726800262018EE102ACDF82720CDF82B206FF015
:107278002F020499019BADF8185084F86C212578E9
:107288008DF81B1017228DF81F3084F86D11029BA2
:1072980084F86F1184F8702106A9802284F86E5151
:1072A80004F271108DF821308DF81AA08DF81C8029
:1072B8008DF81D708DF81E608DF8209007F096F8F7
:1072C800442284F86621D4F86821039B84F8653148
:1072D80040F2811161F31702C4F868214FF4134298
:1072E800A4F882228522059B84F8815284F884229E
:1072F8009CE727B0BDEC028BBDE8F08F0856002054
:10730800EC23002000007A3A00007A44F03D002087
:10731800F4000020F7130020F0B54E78082E85B051
:1073280005460C4601F10C0717D83246394601A824
:1073380007F05CF801ABC6F109020021981907F0C3
:107348009FF89DF80930032B05D162792A70064A07
:1073580012682A616B7005B0F0BDC86879683A7A1E
:1073680001AB03C31A70ECE70856002030B5037868
:1073780095B004461BB34A799A4220D14D784D2DD9
:1073880001F10C011DD82A46684607F02FF8C5F10F
:107398004E0200210DEB050007F072F8049B6360B4
:1073A800190EC3F3072242F2107000FB0122C3F347
:1073B8000743642101FB0323E360059BA36015B029
:1073C80030BD4E22684607F011F8E7E78A68C2F335
:1073D80017024C2A14D0942A09D09AB90A4A92F86A
:1073E8002E207AB18B79012B0CD1FFF795BF064A75
:1073F80092F82E2032B18B79012B03D1FFF7B6BF5B
:10740800FFF768BB704700BFF4000020B0F8EA340B
:10741800B0F8E824F0B5D21A93B2120444BF03F5C9
:1074280000739BB2DD2B85B0044609D82A4D00F5C0
:10743800257600F52277286803685B69984708B9BC
:1074480005B0F0BD286803689B699847D4F8F02612
:1074580001320346C4F8F02631463A466846FAF740
:1074680073FC9DF80030022BE5D104F570753246A7
:1074780069462846FAF712FB184B93F82D3004F2A8
:107488007C76022B294630460FD1FDF7FBFF0023FF
:107498009AB282420CD3002329462046C4F8F0361B
:1074A80005B0BDE8F040FFF791BFFAF79AFAEEE7AA
:1074B800B4F8E814B4F8EC744A1C3A40B4F8EA7426
:1074C80097421EBF0919F75C81F8EE7403F10103B6
:1074D80018BFA4F8E824DBE7EC3D0020F400002006
:1074E8002DE9F0414B4BDFF838811E6898F80030E1
:1074F800494F022B1EBF0023A0F8EA34A0F8E83455
:1075080097F82D30013B012B044600F28180FFF7EC
:107518007DFF97F82E50002D5BD098F80030022B95
:107528004BD1012D3ED0022D42D000252046FFF739
:10753800E1FB94F8193743B1002384F8193797F819
:107548003030012B4FD0022B50D015B12046FFF719
:10755800FFF894F86D372BB1002384F86D37204677
:10756800FFF724FA94F87537022B11D1D4F878373D
:10757800F61AB6F57A7F0BD9B4F87037F62B3ED0E9
:10758800B3F5FA7F3DD00023A4F8703784F8753737
:10759800237E002B3CD0002323762046BDE8F04113
:1075A800FFF750BA31462046FEF7A8FF0546BDE76B
:1075B80031462046FFF746F8F8E7D4F8F436F31AD0
:1075C800B3F57A7F08D2002504F20470FAF79CF824
:1075D800ACE7C4F8F466F7E73223C4F8F46684F835
:1075E800FC360125F0E7FFF701F9AEE7FFF77AF976
:1075F8002046FFF763FD2046FFF748FCA5E7FAF7AA
:10760800FBFE064B1A79002ABDD101225A71BAE74E
:10761800BDE8F08108560020F400002098030020FF
:10762800F713002070B54C88B4F5427F4FF0000383
:107638000AD80D780B2D73D8DFE805F0060D1A2A45
:107648002D30363952555969A2F1240462424B80D3
:1076580062410A7007E04D2A01D0582A06D102700B
:1076680002230B70002380F8093333E00023F8E786
:1076780002F0FD033C2B01D0212AF7D10378427098
:107688004D2B0CBF082303230B7000238370E9E7FD
:1076980082700422DDE782800522DAE7838803EB23
:1076A800022383800623DCE7C2800722D1E7C38850
:1076B80003EB02239BB2002BC3800CBF0B230A23CE
:1076C8000B7000234B80012380F80933C388B3F57E
:1076D800407F01D8002002E000200870488070BD7B
:1076E800C2800922B5E70A2382800B70EBE7B4F564
:1076F800407F3CBF241822724B8801339BB24B80D9
:10770800C2889A429CBF0B230B700123ABE780F819
:1077180008230B704B80022380F809330120DEE731
:107728000B704B80D6E7CB88B3F5407F70B531D866
:10773800242303700B7843704B7883700B784D2BA0
:1077480014D1CB88C3708B88037105230022CD88A0
:10775800D4189542A6B210FA84F415D891F80823E3
:107768002270CA880132981880B270BD8B78C370B5
:107778008B8803718B881B0A4371CB888371CB88F4
:107788001B0AC3710823E1E78C180132247A845557
:1077980092B2DCE70020E8E72DE9F74F16464A8861
:1077A800B2F5427F04460D462ED80B780A2B0FD926
:1077B800A3F16402032A03D90020287068802DE011
:1077C800653B8F4F022B33D8DFE803F063A4A70093
:1077D80000210A2BF0D801A050F823F011780008F6
:1077E8002B780008C1770008C17700086F78000877
:1077F8007D780008897800088F780008C17700082C
:10780800C1770008FD780008A6F124077E424FF0F2
:1078180000007E4168802E7084F8090303B0BDE83B
:10782800F08F6F2E0CBF642300232B700020F3E72A
:1078380016F0040F14BF4D2358233E7023703A7876
:10784800D1070ED412F0020F14BF21233E23637018
:10785800C2F3C003D20648BF43F00203A370042357
:10786800E3E73C23F3E7A68005232B7084F809138C
:107878000020D3E7A38803EB0623A3800623D4E7DD
:10788800E6800723F1E7E38803EB0623E38065231B
:10789800CBE70DF106007E70FAF79EF83978FAF713
:1078A80093F8A7882179FAF78FF8390AFAF78CF84C
:1078B800E788A179FAF788F8390AFAF785F89DF880
:1078C8000630B34206D000232B706B80032384F864
:1078D8000933CDE7002F0CBF66230A232B70012341
:1078E80084F8093300236B80E288B2F5407FBFD962
:1078F8002B70BDE7B2F5407F3CBF121916726B883A
:1079080001339BB26B80E2889A4201D866232B70C0
:107918000123DCE77E806723F9E7B7F8028097F850
:10792800009008EB06284FF6FF730DF106001FFACA
:1079380088F84946ADF80630A7F80280F9F7DEFF67
:107948002679B4F804A03146F9F7D8FF4FEA1A218E
:10795800F9F7D4FF94F806B0B4F806A05946F9F739
:10796800CDFF4FEA1A21F9F7C9FF797804F1080722
:10797800F9F7C4FF52463946F9F7CCFFBDF806308F
:1079880043453AD119F0040015D086EA0B01E21DEF
:10799800002398B2824584F8081307D802230120EF
:1079A80000222A706A8084F8093337E712F8010F39
:1079B80001334140EDE7A178F9F756FA217984F8C7
:1079C8000803F9F751FAA18884F80803090AF9F7B6
:1079D8004BFAA17984F80803F9F746FAE18884F8A4
:1079E8000803090AF9F740FAE28884F808033946D7
:1079F800F9F740FA84F80803D0E703230020CFE71B
:107A0800B83C0020CB88B3F5407F2DE9F04104460F
:107A18000D464AD84B783C2B40D0A3F12100434275
:107A280043415B002A784D2AAA7808BF43F0040333
:107A3800D10748BF43F0080392074FF02402227091
:107A480048BF43F010036F226270A370AB88E370E5
:107A5800AB881B0A2371EB886371EB88A71C1B0A90
:107A6800A3713846FAF700F90822E071E988A2F113
:107A780008039BB2561C8B42B6B204EB02080FD324
:107A8800063189B23846F9F75FFF88F80000000A26
:107A9800A055E8880A3080B2BDE8F0810123C1E72B
:107AA8002B441B7AA3543246E0E70020F4E730B4B5
:107AB800BDF80C40B4F5407F03D8039430BCFAF706
:107AC800EBB8002030BC704710B504462420207065
:107AD80058206070237100201B0AA170E270637146
:107AE800A071E0710522E11CF9F7C4F920720920A0
:107AF80010BD00002DE9F04F0025DFF8E4A00D804F
:107B0800D71891468FB080460C462B462A464FF030
:107B1800FF0BB94502D10FB0BDE8F08F19F8010B82
:107B28003B28114609D001323831D2B26944202AA3
:107B380001F8300C08BF0022EBE738326A444FF0F6
:107B4800000102F8301C0026F2B25AF836100193F0
:107B580002A80092F8F73CFBDDE90023A0B9FF2B4F
:107B68001FBF2388591C218008F803B023880AEB1B
:107B7800C606591C218008F803203379142B01D834
:107B8800189AD554FF231BE00136372EDCD1FE2B83
:107B980006D023885A1C22806FF0010208F80320BF
:107BA800002602A8F8F71EFB721CF6B2B042238822
:107BB8000AD85A1C22804FF03B0208F80320FE2303
:107BC8000135EDB20022A4E7591C218006F13801E5
:107BD8000DEB010616F8301C08F803101646E0E70E
:107BE800D004010840F2FF3370B50025A0F8203614
:107BF8007D2380F8543A04460560C0F80E53A0F877
:107C08001E56A0F81C56A0F8425AA0F8445A80F80C
:107C1800465AC0F8485AC0F84C5AC0F8505AC0F8EA
:107C2800585A00F6672103460A2600F66D2011F817
:107C3800012F0AB1B6FBF2F2814283F8702A83F869
:107C4800715AC3F8745A03F10803F0D11522FF21C1
:107C580004F52A6006F014FCC4F8B85A70BD000098
:107C6800F8B5134A044692F83000F8B192F82B2080
:107C780003B1DAB18E1E04F5226701F11E0536F84C
:107C8800020FF9F78DF8AE4227F8020FF7D101235A
:107C980084F8423A94F8453A83F0010384F8433A69
:107CA80094F8463A83F0010384F8443AF8BD00BFDB
:107CB800F400002070B5061D04460A460146304609
:107CC800FFF76AFD18B304F6BC2531462846FFF7CE
:107CD8002AFD0F4B0246186801680E692946B0470D
:107CE80063793C2B13D121890A4804F65A2304F6F8
:107CF8006622A4EB8404A4F5F7541C3C33F8025F15
:107D08008D4204BF056844F823509342F6D170BDF4
:107D1800EC3D00200856002070B5124890F82D0060
:107D2800451E012D0C460AD80F4E8D18AC4200D1C5
:107D380070BD14F8011B3046FFF70CF8F6E703286E
:107D480009D10A4E8D18AC42F2D014F8011B304606
:107D5800FFF7B0FFF7E7064B18680368BDE8704007
:107D68001B691847F400002038260020E02E002068
:107D7800EC3D0020B0F81C36B0F81E269B1A98B2CD
:107D88001B0444BF00F5806080B2003818BF012092
:107D980070470000094B93F82D305A1E012A02D86B
:107DA8000748FEF715BB032B02D10648FFF7E2BFD1
:107DB800054B186803685B69184700BFF40000208A
:107DC80038260020E02E0020EC3D002070B500F69B
:107DD800BC240B4602223C212046FFF775FE054BCA
:107DE8000246186801680D6921462B46BDE87040B7
:107DF800184700BFEC3D0020114B37B51A68D0F882
:107E0800483AD31A122B19D9C0F8482A00F6BC24CC
:107E1800202300F6222001930090C82303223C214E
:107E28002046F9F7CDFE074B0246186801680D6930
:107E380021462B4603B0BDE83040184703B030BD9B
:107E480008560020EC3D00207FB5234B1A68D0F877
:107E58004C3AD31AC72B04463CD9204DC0F84C2ABB
:107E68004FF480732846ADF80830F8F7BEFE064692
:107E78001B48FCF7D9F901463046F8F7DBFF8DF8C7
:107E88000A002846F8F7B1FEF8F7CEFF95F8A930B2
:107E98008DF80B0028468DF80C30F8F7B8FE8DF8F1
:107EA8000D002846F8F7AAFE072304F6BC24019320
:107EB80002AB8DF80E000093032241F20D033C2122
:107EC8002046F9F77DFE074B0246186801680D69E0
:107ED8002146A84704B070BD08560020F03D002098
:107EE800AC3E0020EC3D002030B5214B044687B065
:107EF80020481D68FCF7AFF9D4F8503A40F6C31291
:107F0800EB1A934203D894F9543A83422DD0C4F81B
:107F1800505A002384F8540A8DF80830F8F7CCFF3B
:107F2800154DADF809006978ADF80B0004220DF184
:107F38000D00F9F7E9F8A97806220DF11100F9F713
:107F48000DF90F2304F6BC24019302AB009303221E
:107F580041F20E033C212046F9F732FE074B024658
:107F6800186801680D692146A84707B030BD00BFF1
:107F780008560020AC3E002098000020EC3D002070
:107F880030B50A2485B001252246CDE900450323F2
:107F98004FF400614FF09040FAF72CF922464FF465
:107FA8008051CDE9004503234FF09040FAF722F9BC
:107FB800114AD2F8883023F0407343F08073C2F836
:107FC8008830D36843F48013D3604FF4805005F0B1
:107FD8001DFA04464FF00070F9F758FC074902AA49
:107FE800204603F069FD002804DB022202A90020D4
:107FF80003F0AAFA05B030BD0010024040420F005D
:1080080010B50446FAF7EEF9014B1B68E36010BDA2
:1080180000ED00E0054B06491A68064801FB02001E
:1080280020F000401860000C704700BF28000020B6
:10803800FD430300C39E26001FB5684603F092FC6B
:10804800002807DDFBF724F902460B46034869467A
:1080580002F0F8FF05B05DF804FB00BFC80300207C
:1080680008B5074802F00DFE48B1064B196803F041
:10807800F7FA20B1BDE80840014802F006BE08BD85
:10808800C80300200856002030B5054687B01448BC
:1080980002F033FD01248DF8084050B9114B4FF41C
:1080A8008072CDE900232146684603F0B3FC07B08F
:1080B80030BD0B4802F021FD030203F4FE4343F4F4
:1080C800C03343F080032A780093064B0193002ABB
:1080D800E9D0054A0224CDE903238DF80840E2E7F8
:1080E800C803002080FFFF0000B90B0037B500254A
:1080F8000170C0E90555458005710572C5600574B4
:10810800057780F82050456280F82850C585858518
:10811800A0F83458A0F8325880F8505CC0F84C5C8D
:10812800C0F8485CC0F8445CC0F8405CC0F83C5CEF
:10813800C0F8385C0446FFF723FF104B0093104942
:10814800104B114801954FF4805202F0A8FC237897
:108158001BB10D48442102F0C9FC0B4802F0CDFCCC
:10816800B0FA80F0400920772046FFF78DFF03F032
:10817800C5FB03B0BDE8304003F064BA2120000815
:10818800F4030020BD9B0008C80300200000000085
:1081980070B5044686B060480E46154602F0ADFC40
:1081A800002874D05D49E3680A68D31A122B6ED987
:1081B8005B4BE26093F82B3025B1002B67D01D1F75
:1081C80018BF0125574B1B786D00A4F8585C022B8B
:1081D8004FF00005A4F85A5C2AD15348FEF734FE44
:1081E800002800F08A80514A13780133DBB2022B51
:1081F80094BF137015701378012B4AD14C4D284643
:10820800F8F705FD95F8A43084F85A0C012BB4F85A
:10821800583C04BF60F07F0084F85A0C43F0040314
:10822800A4F8583CB4F8583C43F00103A4F8583C6F
:108238001023B21E84F85C3C04F65C411E3640F202
:10824800592032F8023FA3F58063434348BF03F245
:10825800FF3302319B1203F2DC5396420B80F0D1BC
:1082680004F55E6504F658402946F8F7BAFF082376
:1082780080B21C44029340F27443CDE9035000934A
:108288002548019422A3D3E9002302F07BFC06B021
:1082980070BD022B25D127480D68FBF7DCFF264A65
:1082A800136840F6C411EB1A8B42244B03D893F998
:1082B800001081420AD018701560F8F7EBFDB4F889
:1082C800583C84F85A0C43F01003A9E71848F8F70B
:1082D80095FCB4F8583C803884F85A0C43F00C03E9
:1082E8009EE71348F8F781FCF8F79EFDB4F8583C70
:1082F80084F85A0C43F0080392E70D48F8F775FC28
:10830800F8F7EFFC84F85A0C8CE700BFAFF3008055
:10831800CFB4AA96E5551577C80300200856002063
:10832800F4000020F7130020382600203100002038
:10833800F03D0020AC3E00209003002030000020DB
:1083480070B500239CB2A24205D8D0F83C3C134437
:10835800C0F83C3C70BDB0F83258B0F836686C1CB8
:108368003440B0F83468A6421EBF2D18CE5C85F89C
:10837800386803F1010318BFA0F83248E2E70000AB
:108388000148FFF7DDBF00BF08140020D0F8383CD3
:10839800828D0133C0F8383CC38D9A421FBFC21882
:1083A800018E92F83220013316BF0B400022C3859C
:1083B800104670470148FFF7E9BF00BF08140020C6
:1083C800194B30B51B684FF47A72B3FBF2F3174AB6
:1083D800C0F8583C0023A0F85C3C80F85E3C138849
:1083E800A0F8603C00F55E6587B001332946044675
:1083F80000F658401380F8F7CEFF1823029380B296
:10840800043440F25513CDE903500093019404A3BA
:10841800D3E90023064802F0B5FB07B030BD00BF22
:10842800F1C6A7C1D068080F0856002094030020A1
:10843800C8030020000000002DE9F043344B164625
:108448001B684FF47A72B3FBF2F3C0F8583C40F261
:1084580001430025A0F8683C0446012380F86A3CE3
:1084680087B0A0F85C5C80F85E5CA0F8605CC0F83F
:108478006C5CA0F8785C04F68B5800F67A400F46DE
:10848800FFF7BEFD2349404605F08CFF22494046D0
:1084980005F090FF4FF05F094046F7F7A3FEEBB2F7
:1084A80098421ED804F55E6584F88A0D294604F6BC
:1084B8005840F8F7CEFE00230393B37E029306F1EB
:1084C8001903019380B20123CDE904500093F17E92
:1084D8000DA3D3E90023384602F0B1FB07B0BDE88D
:1084E800F0832344013593F88B2D202A08BF83F8A5
:1084F8008B9D93F88B2DA2F1410119299CBF203245
:1085080083F88B2DC8E700BF9E6AC421818A46EE96
:108518000856002034EA0008E5E90008F0B51D4BCC
:108528008BB01F68154604460E46FFF773FD4FF4DF
:10853800C87307F51677B0FBF3F202FB130317FABB
:1085480083F36361EB7E1BB90023A3610BB0F0BD1D
:1085580005A92846F8F747FF0028F7D101A8FFF733
:108568004FFD9DF8165001A92A460DF1170005F098
:108578005DFF0028E8D10F2D05D86369A561A3F533
:1085880016736361E2E79DF81410304602F0AEFA04
:10859800DCE700BF0856002070B5214B8CB00546BB
:1085A8001C68FFF737FD4FF4C873AE69B0FBF3F2F0
:1085B80004F5167402FB1300002E14FA80F0C6F1BD
:1085C800100414BF88238923E4B2686108A88DF8D1
:1085D8001830FFF715FD062C28BF062408AB99199B
:1085E80022460DF1190005F001FF06AB039318238D
:1085F8000293013405F110030193E4B201230093BF
:10860800049405A3D3E90023064802F0BBFA00232B
:10861800AB610CB070BD00BF401DA12026812A0BA4
:1086280008560020C8030020F0B590F8283080F8DC
:10863800593C314BB0F8325893F82D30B0F8342803
:10864800013B012B94BF0123FF2380F8583C4FF4D2
:108658008073A0F85A3C294BAA1A5B6CC0F85C3CA2
:1086680093B2120444BF03F580639BB2782B28BFF2
:108678007823044680F8603C87B00020C1B2994254
:1086880020DB04F55E65294604F65840F8F7DEFE5F
:108698001023029304F12003019380B240F6B9330A
:1086A800CDE903500093164811A3D3E9002302F043
:1086B80069FAD4F8443C94F8602C1344C4F8443C58
:1086C80007B0F0BDB4F8342895421FBFA618B4F817
:1086D800367896F838680132214416BF3A400026A9
:1086E800A4F83428013081F8616CC7E7AFF3008043
:1086F800E9A2A272EAE738B1F4000020980000204D
:10870800C80300202DE9F0410446FAF7C1FD804670
:1087180027480F4602F0F1F958B901232377254B72
:108728001A6863699A422CD92046BDE8F041FFF7E0
:1087380033BF237F33B1002323772046BDE8F041C0
:10874800FFF7A2BC1B4B1A6894F82830DBB1B4F8C9
:108758003438B4F83268F61AB5B2330444BF05F5B4
:108768008065ADB225B9636AD31AB3F5FA7F03D928
:1087780062622046FFF758FF658855B940F2E73333
:108788006380BDE8F0816262A4F83438A4F8323816
:10879800F2E7013DADB26580002DF2D104484246B2
:1087A8003B4602F07DFA2046BDE8F041FFF708BEDF
:1087B800C8030020085600202DE9F041344E354CFE
:1087C800354FFAF7EDF8FAF781FDF9F71DFFF9F7DC
:1087D80009FF06F12601314801F07EFAF9F7D8FFC2
:1087E800F9F740FF2E4B002580225A701D70FAF7CA
:1087F800A1FC02232373C4E90455A560FAF736FAED
:10880800284B1D70F9F774FE274B28484FF4004297
:108818005A614FF04008F9F7B1FEFAF7DDF8C7F8EA
:10882800288041F28830FAF7D7F8C7F818804CF258
:108838005030FAF7D1F82046F9F788FE2946204645
:1088480003F0F6FA4FF47A70FAF7C6F8FBF798FBDC
:108858001748FAF781FD174B1748B3F84810FAF78D
:1088680081FE96F83400013818BF0120FCF7A2FAFF
:10887800124B186803685B68984796F834101048DC
:108888004B1E5942BDE8F0415941FFF72FBC00BFCC
:10889800F4000020AC3E002000040048BC3C00204E
:1088A800EA2300203C00002000040140E09304007B
:1088B800043D002098000020E93D0020EC3D002008
:1088C80008140020184B4FF4004273B55A6117483A
:1088D800174C4FF6FF7103F0EBFB206023689B07F2
:1088E80012D5144E35798DB1104808236A460021F7
:1088F80003F06FFAD6E90402DDE900139A4208BFD3
:10890800884201D00023236002B070BD02236A466A
:108918000648294603F05DFA074BDA8BBDF80030AC
:108928009A4218BF2560EFE700040140AC3E0020E2
:10893800282600209803002098000020034A0023DE
:108948001370034A1370034A1370704733260020CC
:10895800E43E0020FC130020024A00231370024A60
:108968001370704733260020E43E002008B5437E8C
:10897800203B042B0FD8DFE803F0050E030B0F0094
:10898800FBF7D2FF064A01231370064A137002E070
:10899800054B01221A7008BDFBF7E6FAF2E700BFA3
:1089A80033260020E43E0020FC130020034B1B78F4
:1089B800012B01D1FBF75CBF704700BF33260020B5
:1089C8002DE9F043814699B04148FCF701FB064682
:1089D800002867D03F4B1C78002C63D13E4B1B7896
:1089E800022B5BD1DFF8088103AF25464046ECB285
:1089F800FFF7D0F940B14046FDF716FD0135522D7D
:108A080007F8010BF2D12C4634482146F8F70CFF41
:108A18003348F8F703FF2E4F324DBB788DF80030FE
:108A28004FF0010895F8A4308DF80530284685F8F0
:108A3800A5908DF806908DF80180F8F7D6F88DF896
:108A480002002846F8F7E3F88DF803002846F8F7FF
:108A5800ECF8254BDFF89C9019788DF80400022279
:108A6800072313FB0123D3408DF809300EB3194BAC
:108A78001B78CBB91D48234603AA6946FBF70AFEB3
:108A88001848012389F80030F8F7DDF81548F8F799
:108A9800E3F80123FB7019B0BDE8F0831448FDF733
:108AA800FBFCB8E70024B6E710486946FFF77EFFED
:108AB800E6E799F8003003B9FEE70C486946FBF78A
:108AC800FDFC284689F80080F8F7C2F82846DEE75A
:108AD800C83E0020E43E0020F7130020543E00204A
:108AE8002C3E0020F03D0020313D00208E3D00202E
:108AF800400000207903002070B5CB78364EC3F3D0
:108B0800800386F8AA308B79C3F3000386F8AB306C
:108B18000B79054603F00303C8785B0143EAD000EC
:108B28000C46F8F7D8F886F8A6002379C3F3800333
:108B380086F8A7306379227903F001035B0143EAE1
:108B4800D20386F8A8306379C3F3460386F8A930C0
:108B5800E37803F00202002A204A14BF0121002111
:108B680011700DD0A27803F001039B0043EA921321
:108B7800032202EB83030722B3FBF2F3184A537074
:108B8800184821461DB9BDE87040FBF7CBBBFBF781
:108B980008FCA37803F03003202B04D12046BDE85D
:108BA8007040FFF7E3BEFFF7D7FE0F4B1B78022B91
:108BB80010D1A2790D4804F119015208FFF7ACF859
:108BC800A1790B484908F8F72FFEBDE8704009481D
:108BD800F8F724BE70BD00BFF03D0020F63F00202E
:108BE800313D00200C3D0020F713002040000020FC
:108BF800683E0020403E002073B5054660B9204B12
:108C080020491C782048037953B1012C36D002B092
:108C1800BDE87040F8F7B0BF1C4B1D491C78F1E760
:108C28005CB91A4B1B491B780193154B1B780093B1
:108C3800224623460D20FCF773F9012C164B174EDC
:108C480013D08A78C2F3C0025A7002221A70E31E47
:108C580058425841FFF750FF3046F7F7C0FF032C42
:108C680004D13046F7F7BEFF00E01C700B4886F8C9
:108C7800A45002B0BDE87040F7F7AFBF02B070BDB6
:108C880030260020403F0020980300203126002095
:108C98009B3F00203AEA0008C83E0020F03D002033
:108CA8000A4B1A7910B504462AB10146BDE81040AE
:108CB8001846FCF7B5B8FFF783FE054B05491B7F3F
:108CC80020465B22BDE81040FCF78CB898030020D2
:108CD800980000208E3D0020264B1A7970B5054675
:108CE8000E4632B10A46BDE8704001461846FCF708
:108CF800EDB9214A21495B23FCF76AF815BB1F48E7
:108D0800FBF7DCFA044640B31D491E48F9F7D4F9CD
:108D180005F130011B48C9B2F9F7C2F91A491948D7
:108D2800F9F7CAF9204602F053FF01461548F9F74A
:108D3800C3F914480A21F9F7B3F9012C04D11348EF
:108D4800FCF736F90C48DBE7042C0FD00124284641
:108D58000F49FCF7A3F8204670BD2EB10D48FAF76D
:108D6800B1FB0CB10224F2E70324F0E7002EF9D09E
:108D7800F4E700BF980300209B3F0020403F0020FD
:108D88004CEA00083400002053EA000855EA0008BD
:108D9800F03D0020E93D0020024B1878831E584220
:108DA80058417047F713002070B500239CB2A242C7
:108DB80000D870BD058886886C1C34404688A64259
:108DC8001EBF2D18CE5CAE7103F1010318BF0480DD
:108DD800ECE70000B0F81E36B0F81C262DE9F04F7D
:108DE800D21A93B2120444BF03F580639BB2E62BF8
:108DF800ADF5057D04460AD8754E00F21C6704F2ED
:108E08001238306803685B699847054618B90DF54C
:108E1800057DBDE8F08F306803689B69984704F2C8
:108E28000E3102464046FEF7FDFB0028E9D094F8D3
:108E380013333E2B75D1B4F81633B3F5005F38D130
:108E480094F8983A002B6CD104A804F2273A04F657
:108E58009F299E4619464FF0010B036019F8012F10
:108E6800FF2A0ED04FEAD20C02F007021AF80CC003
:108E78004CFA02FC1CF0010F1EBF0BFA03F211435F
:108E8800AE460133152BE9D1BEF1000F00D00160C9
:108E980004F6BC290423CDE9000302223E2142F650
:108EA800FF734846F8F7F8FE494602463846FFF78A
:108EB8007BFFB4F816A3BAF1740F23D10DF1100B90
:108EC80004F52A630025009304F21A32B4F8183323
:108ED800ADF80E500DF10E015846FEF70BFEBDF829
:108EE8000E3084F8985A04F6BC29CDE900B3022262
:108EF8003E2153464846FEF7DAFD494602463846C3
:108F0800FFF752FFB4F8162343F201039A4208D13F
:108F180094F81233582B04D12E4B1D79F5B9012240
:108F28005A7194F81333212B22D1B4F8163341F235
:108F38000D02934214D041F20E02934214D0002D38
:108F48003FF45DAF04F6BC2541462846FEF75AFDBE
:108F5800294602463846FFF727FF50E70025E0E795
:108F6800012384F8453A4AE7012384F8463A46E75C
:108F78003C2BE4D1B4F81693B9F1440FDFD194F83F
:108F88001233582BDBD13068D4F81A5303685B6A64
:108F9800984700283FF433AF0F4B9D427FF42FAF23
:108FA8000E4B1B68C4F8B83A04F6BC250023CDE97B
:108FB800003302224B463E212846F8F701FE0246BE
:108FC80030680168D1F810802946C04717E700BF0C
:108FD800EC3D00209803002091D51200085600208F
:108FE8002DE9F0473A4B1B78022B04460CD000239E
:108FF800A0F81E36A0F81C3690F86D3A13B10A2274
:10900800B2FBF3F384F8983A324B93F82D30032BE4
:109018002DD12046FFF7DEFE94F8422A3AB100230C
:1090280084F8423A2046BDE8F047FEF7E5BE94F8DA
:10903800433A33B184F8432A2046BDE8F047FEF7A7
:1090480003BF94F8448AB8F1000F06D084F8443A74
:109058002046BDE8F047FEF747BF1F4B1E68D4F80F
:10906800583AF31A632B04D8D4F8B83A4BBBBDE886
:10907800F087C4F8586A254604F65C2704F13009DD
:1090880040F6AB5A95F8702AAAB195F8713A0133AF
:10909800DBB29A420BD885F8718AD5F8743AF31A7C
:1090A800534508D939882046FEF790FE03E085F835
:1090B800713A002BF1D008354D4507F10207E1D18F
:1090C800D2E7F61AB6F57A7FD1D9F9F795F900BF44
:1090D800F7130020F4000020085600202DE9F04383
:1090E800964D2B78012B85B000F2ED800BB9F9F77E
:1090F800EBF9FFF761FB924B924F1868796C0368A4
:109108009B689847904B00221A809A704FF09043C2
:1091180001229A6207244CF25030013CF9F796FA82
:10912800F9F75AFC14F0FF04F5D1884802F0F0FF73
:10913800013880B24FF6FD73984203D98449012063
:10914800FBF7E6FE834B84491C60844B7F481C6018
:10915800FBF790F88248FBF70BFC97F82020202AB1
:1091680000D9FEE797F828007E4E796AB7F82C9068
:1091780097F829C097F82A30B071052800D9FEE77A
:10918800DFF8448258F830E0BEF1000F00D1FEE766
:1091980008EBC008C6F808E098F804E098F80580DD
:1091A80086F807E086F80C8086F8D500A6F80E90B9
:1091B80086F8D440B9F1000F00D1FEE7724524BF0C
:1091C8000EF1FF3E5FFA8EF20528727400F0A2805D
:1091D800012800F2A7800CF1FF30C0B200F09180A6
:1091E800022813D8581EC0B2032809D80C2A01D95E
:1091F8000C207074707C904200D97274644608E048
:10920800122A84BF122373740023F3E7052B28BFA7
:10921800002354482246F8F70AFA0024524B3474C3
:109228005048FF261E705E70FBF732F8014647482B
:1092380002F023FE4D4B4E481C704E4B1C704E4B9B
:109248001C804E4B1C704E4B1C704E4B1C704E4B72
:109258001C704E4B1C704E4B1C704E4B1C70FFF715
:109268006DFB4D4BB7F84A201C704C4B97F84010DB
:109278001C704B4B1C70B7F84830F7F774FCB7F804
:1092880048104848F7F7A1FF4748FBF799FE474BB6
:10929800474893F8291000F02CFD4648FDF7CEFC0E
:1092A8004548FEF79FFC2948FAF7D5FF0146434891
:1092B800FBF736FD02F0A0FB414B1C80414B1C80A4
:1092C800F9F7B4FF2E70F9F7BBFF002800F0A18072
:1092D800294A13880BB1013B1380264B1A4A197887
:1092E8001388022922D12BB3013B9BB213809278B9
:1092F800002A6BD0002B72D1F9F79CF9F9F7A6F97F
:109308006DE0022804D80C2A01D90C237374644632
:1093180000237EE70CF1FF33022BF9D8082AF6D98F
:109328000823F3E70F48F8F729F976E7002BDBD194
:10933800C723DBE740F2F313D8E700BF303D002036
:10934800EC3D0020980000202C260020AC3E002098
:1093580077EA0008242600209C0000202826002008
:1093680098030020EC230020313D00203226002005
:10937800F03D0020F7130020FA130020F813002016
:10938800F4130020F5130020F613002031260020E6
:109398003026002034260020FF130020FE13002072
:1093A80020260020D03E0020C83E0020F4000020E7
:1093B800BC3C002038260020E02E0020EA230020B4
:1093C800E03E0020E23E002004EE000802294FF0B3
:1093D800904052D10BB9F9F72DF901238362894CDA
:1093E8002388002B4ED0013B9BB287482380FBF794
:1093F80035FB8648FAF72FFF01468548FBF790FCB6
:109408008448FFF77FF923881BB983498348F8F715
:1094180053FE834C834E2178002936D002295DD033
:109428003368002B00F096802378032B62D13368D1
:10943800D8070ED57C4A00233360137843F0010126
:1094480011707A4A92F856200AB1990701D500237B
:1094580023703368002B7DD033687548754913F441
:10946800007F58D00378326801930B7800932378F3
:10947800714992B20520FBF753FD02228262002B4C
:10948800ADD13BE740F2E733AFE76C4B1B7843B114
:109498006B4A137C507C0133DBB29842137498BF3B
:1094A80011746748FAF7F4FE0146584802F0E5FCE3
:1094B80056484FF6FF71F9F759F802F074FD534812
:1094C800002102F0A4FD5A4A0123237000231370DF
:1094D800584A13705B4A13603360A1E75A48FBF798
:1094E8002FFC5A4B187AFFF7DBFB032323704E4AF5
:1094F8000023EEE7012BACD133689A07A9D54C4B72
:109508001978B1FA81F1002049093060FFF7E4FBCE
:10951800484B18709DE733689B0709D50378326874
:1095280001930B7800932378494992B20120A2E76E
:10953800336813F0010309D00378326801930B787C
:1095480000932378434992B2022094E73360237052
:1095580003700B70404B1A7802F0FF06002A00F0E7
:10956800AD8100201870334B1F7807F1FF3CDCF108
:10957800000848EB0C083FB3FFF73EFB334A0023D3
:10958800012F137205D8354A1377D3831362344AEF
:1095980013702A4D2A78012A6CD8012F12D9314F1D
:1095A80097F8A8303E2B18D8254997F8A770087C5B
:1095B8000FBB83420CD04A7C0B749A429CBF002399
:1095C8000B74B04600265EE0274B01221A70D5E7DF
:1095D8002648017841F0010101702549002A40F030
:1095E80092803F2B214B0A704FF0010028BF0322C5
:1095F80028701A7040E08342DDD11C48017841F0A0
:109608000201E9E7E03E002098030020AC3E00207C
:10961800EA2300200814002038EA0008340000205B
:10962800322600202826002034260020980000201A
:10963800312600203026002081EA0008F713002098
:10964800EC23002024260020313D0020D03E0020BD
:109658008EEA00089FEA0008FD1300203826002043
:10966800E02E0020F03D0020C83E0020F41300202A
:10967800F8130020012FA5D97B4BB3F84C207B4B66
:109688001A80022323702B78002B64D1B8F1000FC5
:1096980000D023707649744A0B78B2F84E20013313
:1096A800DBB293420B70734B0ADB1A7C587C013295
:1096B800D2B2904298BF00221A7400220A70227017
:1096C80093F8D420002A52D0B3F8D820B3F8D61093
:1096D800013292B29142A3F8D82048D8002293F8D8
:1096E800D500D989A3F8D82006220130C0B20628AF
:1096F80028BF002041FA00F7FF0734D55E4A52F828
:109708003020EAB9FEE70B785C4801330278DBB217
:109718000B706AB9544A92F850209A42ACD8584B08
:109728001B78032B06D102232B7001230370A3E7B8
:109738000522F2E7531EDBB29A420B70F3D99BE77E
:1097480083F8D500F8F77CF84E48FBF72FF900238B
:1097580023702B785BB1454B1B8843B9444A2B7067
:109768001370237003E0013A12F0FF02BDD1464B9B
:1097780000221A702A78002A00F050811EB90122AE
:109788001A70022323704148FAF722FD2B78022B26
:1097980002D03F4B00221A703E4A138813B9324B4D
:1097A800B3F84A30013B9BB2138013B93A48F7F734
:1097B8005FFA3948F7F710FA2B78022B0BD03648A6
:1097C800F7F7B9F92B7833B9FFF7C6F8334A01230D
:1097D8001370334A1370334E3046F9F7A1FD72788F
:1097E800284B012A04D100217170197901B95A71E5
:1097F8002448FBF75DF9FBF773F90128064607D003
:1098080002282DD0284B05221A7005B0BDE8F08338
:10981800154F1C48FBF7ECF8B7F84830234A2448A2
:1098280003EB830303EB83039B001380F9F74AFEE2
:10983800104AB7F8481082F8D46041F28833B3FB75
:10984800F1F3A2F8D6300023A2F8D8304FF09042B6
:10985800022191619662174A2B7096702370D1E7A6
:10986800154B01221A70CDE798000020FA1300204A
:10987800F5130020EC23002004EE0008F613002066
:10988800F41300209803002020260020AC3E00207E
:10989800C83E0020E23E0020F03D00203326002094
:1098A800E43E0020043D0020FF1300209400002027
:1098B800E93D00202C260020FC1300205A495B4A71
:1098C8000B781BB1013BDBB20B7013B11378002B83
:1098D80049D0574E002313703378564A022B08BFDD
:1098E8000121137818BF00215CD10BB952480370CD
:1098F800524C1170524894F8281000F025FA337829
:10990800022B60D14F4E504832780392F7F76DF929
:1099180007464D48F7F77BF9039A4C490023CDE9F0
:109928000070474800F028FD4548FBF789FB32786E
:10993800474948480023FCF7FFFC00233278444994
:109948004548FEF78DF9424944480022FEF720FCBD
:10995800434B1B783BB994F8263094F833203B49A5
:109968004048FBF70DFA364800F019FE3948FDF774
:10997800B7FD3948FFF734FBFEF75EFBFEF770FBD7
:10998800394B1B78002B3FF440AF3848FAF720FCDE
:109998004FF09043012402229C619A61FAF7D4FAAD
:1099A8002C7032E7002BA3D02D4B1B78002B9FD0B7
:1099B8002F4B1B78002B9BD02A4B042058701E4B32
:1099C8000120187094E72A4B1B78F3B16FF07E03DF
:1099D8000022CDE9003201231A461C49184800F03C
:1099E800CBFC174800F0C7F901231A461849194853
:1099F800FCF7A2FC0123164917481A46FEF730F96E
:109A0800134916480122FEF7C3FB0B4B1B78002BAA
:109A1800A9D1144B94F826205A70A4E7237813F0A0
:109A2800FD0F3FF4B0AEB4E6FF130020FE13002094
:109A3800F71300208A0300208B030020F400002085
:109A4800BC3C002020260020F03D00200C3D0020DA
:109A5800E03C002038260020E02E002008140020DA
:109A6800F63F0020313D0020FC130020AC3E0020D2
:109A7800F613002008B5FFF731FBFCE7038842889E
:109A88009B1A98B21B0444BF00F5006080B270476F
:109A980008B52C30FFF7F2FF003818BF012008BDC9
:109AA8000148FFF7F5BF00BF0814002008B50248B9
:109AB800FFF7E4FF08BD00BF34140020F8B50446E2
:109AC8003A480D4601F019F828B9D4F8483C013352
:109AD800C4F8483CF8BD04F658412846F7F7F2FCAC
:109AE8000028F2D1EB7E002BEFD0304894F8596C67
:109AF80001F003F88642EDD194F95A3C002BE9D1E4
:109B08002B4B93F82D305A1E012A2CD894F8583C28
:109B1800FF2B01D0012BD8D194F828303BB1EA7E35
:109B28009A421EBFD4F8483C0133C4F8483CEB7E47
:109B380094F8605C84F82830002DCBD0A38D268E55
:109B4800E78D01333340BB4207D004F12C00FFF707
:109B580095FFC5F5006398420BDBD4F84C3C013304
:109B6800C4F84C3CB6E7032BD6D194F8583CFF2BED
:109B7800D1E7ADB2002304F66140A18D4A1C324002
:109B880097421EBF091910F803C081F832C003F1CB
:109B9800010318BFA2859AB29542EED8D4F8403C8A
:109BA80094F8602C1344C4F8403C93E7C8030020A1
:109BB800F40000200B7E012B0A4606D1CB8A012B2C
:109BC80014D101460A48FEF737BC022B0ED1CB8AC6
:109BD800012B04D040F6B932934204D070470146B5
:109BE8000348FEF79BBC0248FFF768BF704700BFF9
:109BF8000814002038B5214B214A1A60214B224A0B
:109C0800224C1A605A619A62DA631A65204A5A66C7
:109C18009A67204AC3F88C20204600F051F81E4B62
:109C280023601E4B1E4C002240F2FF11C3F8E824AB
:109C3800C3F8EC141B4B606AC3F81C2640F2FF31D2
:109C4800C3F820167D2183F8541AA16AC3F8502A54
:109C580003F65C2503C5E06AA18E2860206BA3F893
:109C68006C1AC3F8680A104B40F2FF71DA62C3F845
:109C780030280E4A1963C3F8342838BDAC3E00209A
:109C8800B8EA0008F03D0020A4E90008BC3C002028
:109C98008CE9000898E9000870EB000838260020D5
:109CA80078E70008E02E0020081400200000FF03D9
:109CB8007047002070470020704700207047000060
:109CC80010B5044B0446012140F8043BF6F7E0FECA
:109CD800204610BD9006010838B5242204460D46DA
:109CE800FF23002103618182104404F0C9FBE56071
:109CF80038BD38B50D46017CA942044615D0012966
:109D080018D0022912D011B903685B68984700235C
:109D1800012D6374257413D0022D0ED02DB923683C
:109D28005B68012120469847607438BD0368DB688A
:109D38000021EBE703689B68FAE72368DB68F0E734
:109D4800236829469B68EDE70430F6F7AFBE037C2D
:109D5800012B10B50ED100F1160301F10C0251F8D8
:109D6800044B43F8044B9142F9D10A881A8040F217
:109D78000113438210BD037C012B0BD148F28113E0
:109D8800C3824FF401420023C0E90632038440F243
:109D9800011343827047F0B5054689B008880C4620
:109DA80016461F46F6F7EDFF9DF806308DF80500BC
:109DB80023F00703C0F30220034360888DF80630C0
:109DC800F6F7DFFF9DF8063000F01F0203F00703E7
:109DD80043EAC2038DF806309DF80730C0F34510FA
:109DE80023F03F030343A0888DF80730F6F7C9FF37
:109DF8009DF8073000F0030203F03F0343EA8213A3
:109E08008DF80730C0F387038DF808309DF80930C6
:109E1800C0F3802023F001030343E0888DF8093064
:109E2800F6F7AFFF9DF8093000F07F0203F0010359
:109E380043EA42038DF809309DF80A30C0F3C31095
:109E480023F00F03034320898DF80A30F6F799FFB2
:109E58009DF80A3000F00F0203F00F0343EA0213E3
:109E68008DF80A309DF80B30C0F3061023F07F03FD
:109E7800034360898DF80B30F6F783FF9DF80B30AC
:109E880000F0010203F07F0343EAC2138DF80B30A0
:109E9800C0F347038DF80C309DF80D30C0F3412016
:109EA80023F003030343A0898DF80D30F6F769FF0B
:109EB8009DF80D3000F03F0203F0030343EA8203EC
:109EC8008DF80D309DF80E30C0F3841023F01F0379
:109ED8000343E0898DF80E30F6F753FF9DF80E30F6
:109EE80000F0070203F01F03C0F3C70043EA421360
:109EF8008DF80F00208A8DF80E30F6F742FF9DF896
:109F080011308DF8100023F00703C0F3022003433B
:109F1800608A8DF81130F6F734FF9DF8113000F0A3
:109F28001F0203F0070343EAC2038DF811309DF8BE
:109F38001230C0F3451023F03F030343A08A8DF885
:109F48001230F6F71EFF9DF8123000F0030203F0FE
:109F58003F0343EA82138DF81230C0F387038DF86C
:109F680013309DF81430C0F3802023F0010303431D
:109F7800E08A8DF81430F6F704FF9DF8143000F0ED
:109F88007F0203F0010343EA42038DF814309DF881
:109F98001530C0F3C31023F00F030343208B8DF853
:109FA8001530F6F7EEFE9DF8153000F00F0203F0BD
:109FB8000F0343EA02138DF815309DF81630C0F3ED
:109FC800061023F07F030343608B8DF81630F6F7F5
:109FD800D8FE9DF8163000F0010203F07F0343EA33
:109FE800C2138DF81630C0F347038DF817309DF86B
:109FF8001830C0F3412123F003030B43A08B8DF8E5
:10A008001830F6F7BEFE9DF8183000F03F0203F056
:10A01800030343EA82038DF818309DF81930C0F322
:10A02800841023F01F030343E08B8DF81930F6F7F3
:10A03800A8FE9DF81930218C00F0070203F01F03D9
:10A0480043EA42138DF81930628C40F2A9539942C1
:10A0580088BF0121C0F3C70098BF00219A428DF83C
:10A068001A0088BF41F002010EB141F004010FB19E
:10A0780041F008010F238DF8043000238DF81C30BF
:10A088002B688DF81B101B68192201A928469847D0
:10A0980009B0F0BD30B5054689B008880C46F6F71A
:10A0A8007DFE9DF808308DF8070023F00703C0F304
:10A0B8000220034360888DF80830F6F76FFE9DF89C
:10A0C800083000F01F0203F0070343EAC2038DF8CB
:10A0D80008309DF80930C0F3451023F03F030343CF
:10A0E800A0888DF80930F6F759FE9DF8093000F080
:10A0F800030203F03F0343EA82138DF80930C0F3EB
:10A1080087038DF80A309DF80B30C0F3802023F0C8
:10A1180001030343E0888DF80B30F6F73FFE9DF806
:10A128000B3000F07F0203F0010343EA42038DF88D
:10A138000B309DF80C30C0F3C31023F00F0303431A
:10A1480020898DF80C30F6F729FE9DF80C3000F0C8
:10A158000F0203F00F0343EA02138DF80C309DF849
:10A168000D30C0F3061023F07F03034360898DF898
:10A178000D30F6F713FE9DF80D3000F0010203F0E4
:10A188007F0343EAC2138DF80D30C0F347038DF8FF
:10A198000E309DF80F30C0F3412023F00303034332
:10A1A800A0898DF80F30F6F7F9FD9DF80F3000F013
:10A1B8003F0203F0030343EA82038DF80F309DF852
:10A1C8001030C0F3841023F01F030343E0898DF897
:10A1D8001030F6F7E3FD9DF8103000F0070203F0A9
:10A1E8001F03C0F3C70043EA42138DF81100208A09
:10A1F8008DF81030F6F7D2FD9DF813308DF8120067
:10A2080023F00703C0F302200343608A8DF813305C
:10A21800F6F7C4FD9DF8133000F01F0203F00703A2
:10A2280043EAC2038DF813309DF81430C0F345108B
:10A2380023F03F030343A08A8DF81430F6F7AEFDF0
:10A248009DF8143000F0030203F03F0343EA821341
:10A258009DF816208DF81430C0F387038DF815305B
:10A2680022F00102C0F380231343E08A8DF81630F0
:10A27800F6F794FD9DF8163000F07F0203F0010315
:10A2880043EA42038DF816309DF81730C0F3C31027
:10A2980023F00F030343208B8DF81730F6F77EFD6C
:10A2A8009DF8173000F00F0203F00F0343EA021382
:10A2B8008DF817309DF81830C0F3061023F07F038F
:10A2C8000343608B8DF81830F6F768FD9DF8183059
:10A2D80000F0010203F07F0343EAC2139DF81A203D
:10A2E8008DF81830C0F347038DF8193022F00302B7
:10A2F800C0F341231343A08B8DF81A30F6F74EFDB7
:10A308009DF81A3000F03F0203F0030343EA82038A
:10A318008DF81A309DF81B30C0F3841023F01F030A
:10A328000343E08B8DF81B30F6F738FD019B03F0F3
:10A338007F42104B134301939DF81B3000F0070236
:10A3480003F01F03C0F3C70043EA42138DF81C0053
:10A358000DF10601172200208DF81B30F6F78AFD53
:10A368002B688DF81D001B681A2201A928469847FA
:10A3780009B030BDC81816002DE9F34700F12407CD
:10A388009DF928A09DF82C9090461E4604463B4611
:10A3980001F1240251F8040B43F8040B9142F9D15E
:10A3A800201D39460190F6F7A5FBE1684B796EB19F
:10A3B8000198042B78D8DFE803F07D77355D03003A
:10A3C8004FF00423C4E909330026B046E3681D7939
:10A3D8006B1E0B2B07D850460435F6F7A8FCEDB2D8
:10A3E80004EB45056884E3681D7B6B1E0B2B07D8BF
:10A3F80048460435F6F7B6FCEDB204EB450568842B
:10A40800637C002B56D0237C012B46D013F0FD0F24
:10A4180050D1334642463946204602B0BDE8F0479F
:10A42800FFF7B9BC01F1130304F1220001F11F0584
:10A438004FF0780C13F9012FC2EB8222AB4292FB4A
:10A44800FCF202F5806220F8022FF3D104F13A02FF
:10A45800233140F2FF7513F8010F48B102280CBFF1
:10A4680028464FF48060994222F8020FF3D1ADE7F5
:10A478000120F8E704F1220304F146024FF4806159
:10A4880023F8021F9342FBD10221F6F751FB10304B
:10A4980004EB40000023838098E73946204602B049
:10A4A800BDE8F047FFF7F6BD042B8FD813F0FD0F7A
:10A4B8008CD0E9E702B0BDE8F08730B54B7B032BC1
:10A4C80085B005460C4642D191F90000F6F7ACFC80
:10A4D8008DF8030094F90100F6F7A6FCA3788DF82F
:10A4E8000530E3788DF804008DF80630207B237959
:10A4F8008DF80730F6F790FC8DF8080094F90600FF
:10A50800F6F764FC8DF8090094F90700F6F78CFC5F
:10A51800237A8DF80B30637A8DF80C3040F6C843F7
:10A528008DF80A00ADF800300DF1020114230B225A
:10A5380000208DF80230F6F79DFC2B688DF80D0091
:10A548001B680E2269462846984705B030BD022B85
:10A5580003D1FF238DF80330BCE791F90000F6F72B
:10A5680063FC8DF80300FF20B8E7837C10B5044630
:10A5780033B1F8F787FEE37C1BB10023A082E374B4
:10A5880010BDA28A801A80B2B0F57A6FF8D9A37488
:10A5980004F116012046BDE81040FFF78EBF427C4B
:10A5A80022B1037C012B01D1FFF7DFBF70470E28D2
:10A5B80015D8DFE800F0151515151515151515082A
:10A5C8000A0C0E1012000C2070471020704714203F
:10A5D800704718207047202070473020704740206F
:10A5E80070472DE9F041456A35B94162BDE8F0810F
:10A5F800CEF800100B60F9E74E6826F0604CC6F301
:10A608008A47C6F3807817EA260738BF6746AE46FA
:10A618002B465A6892EA060F22F060440CD5002AAD
:10A628001DDAA40CBC4201D0BC420DD99D42DFD139
:10A638000D60DAE71346ECE7A4450BD102F080443D
:10A64800C2F38072424507D11A689E46002AF1D1AA
:10A658001960CBE7F8D2E9E7002CF5D0E6E7BC4271
:10A66800E2D1F1E72DE9F047089E01F007054FEA2E
:10A67800D6082A4406F0070600EBD1014FF47F49BB
:10A68800954201D1BDE8F08705F0070C06F0070AEE
:10A69800D445674638BF5746C7F10807501BEC0832
:10A6A800874228BF07460C5D08EBD60004FA0CF475
:10A6B80013F800E029FA07FC24FA0AF45FFA8CFC84
:10A6C8008EEA04044CFA0AFC04EA0C048EEA040E2E
:10A6D80003F800E03D443E44D2E780EA0120082325
:10A6E80041F2210201B24000002980B203F1FF3398
:10A6F800B8BF504013F0FF03F4D1704738B50C468B
:10A708008D18A54200D138BD14F8011BFFF7E5FFED
:10A71800F7E742684AB11368436043898189013386
:10A728009BB29942438138BF83811046704770B508
:10A7380088B0202204460D466846002103F0A0FE9A
:10A7480020460495FFF7E5FF024658B16B460546DB
:10A7580008AE1C4603CCB44228606960234605F164
:10A768000805F6D1104608B070BD082817D90C287E
:10A778000CD910280CD914280CD918280CD9202841
:10A788000CD930288CBF0F200E2070470920704745
:10A798000A2070470B2070470C2070470D20704727
:10A7A8002DE9F843078C072F04461ED9D0E90298F3
:10A7B80000254FF6FF73C5F12006A5F1200029FA00
:10A7C80005F108FA06F628FA00F031430143C9B248
:10A7D8001846FFF782FF0835402D0346EBD1E169A3
:10A7E8003A46BDE8F843FFF789BF4FF6FF70BDE86A
:10A7F800F88310B54B6823B9CA8A63F30902CA8281
:10A8080010BD04691A681C600361C38A013BC382D6
:10A818004A60EFE72DE9F74F9846CB8A0192C3F3D8
:10A82800090A5346052B81460E4632D05146002070
:10A838001FFA88F306F11A048DB2042D87B20FD8D7
:10A84800BB4201F1010106D8F28A534463F30902BD
:10A85800F28201201AE0019A155C65540130EBE799
:10A86800BB42F1D9AAF1050B1C237468BBFBF3F1B9
:10A8780003FB11BB1FFA8BF5002C45D14846FFF7A7
:10A8880048FF044638B970606FF0020003B0BDE8B5
:10A89800F08F0027E6E70025056070601FFA88F84A
:10A8A8004FF0000BB8450ED9019B211D3B4413F80E
:10A8B800010B4855A8B201371B28BFB22CD0B845A8
:10A8C80005F10105F3D8F38A0AEB080262F30903DC
:10A8D800F382BEE7013189B21C462368002BF9D107
:10A8E800A8F1050353441C20B3FBF0F301339BB2DA
:10A8F8009942D3D2BBF1000FD0D14846FFF709FFE8
:10A9080020B9C4F800B0BFE70121E6E7C0F800B0FD
:10A918005D4620600446C1E7B845D4D94846FFF7EC
:10A92800F8FE08B92060AFE7C0F800B00025206045
:10A938000446B7E72DE9F04F2DED028B1C4683B096
:10A948005B69009207468846002B00F0A580238C9F
:10A958002BB1E269002A00F09F80072B34D807F159
:10A968000C00FFF7D6FE054638B96FF002052846F9
:10A9780003B0BDEC028BBDE8F08F1422002103F078
:10A988007FFD228CE16905F1080003F02FFD208C82
:10A99800013080B2FFF7E9FEFFF709FE431E9BB2C4
:10A9A8005A1C23842A74626912782B4402F01F020D
:10A9B80062F03F021A7248F000436B60294638463D
:10A9C800FFF70FFE0125D2E702339BB20722C18AA7
:10A9D8000633B3FBF2F3828A521A9BB292B29342C5
:10A9E800C3D800F10C034FF0000908EE103A4FF0FD
:10A9F800800A4E464D4618EE100AFFF78AFE834637
:10AA08000028B2D01422002103F03AFD002E3AD1DA
:10AA1800009BABF8083002210BF1070C88B207281D
:10AA2800228C03D0964201F101012ED3013080B26D
:10AA38000192FFF79AFEFFF7BAFD616909780138BC
:10AA480001F01F01964208BF4FF0400A1BFA80FC34
:10AA580041EA49114AEA01018CF80810013048F02E
:10AA68000041CBF804108BF8100059463846FFF720
:10AA7800B8FD019A013596422DB289F001094FF0CF
:10AA8800000AB8D173E70021C6E7E269925D0CF8C5
:10AA980001200136B6B2C1E76FF0010567E7F8B5E6
:10AAA80015460E462C22002104461F4603F0E8FCFA
:10AAB800069B6360B5F5001F079BA76034BF6A0952
:10AAC8004FF6FF72A36297B2E66104F1100000230B
:10AAD8009A4206D800230360A782E3822383E360B7
:10AAE800F8BD0660013330462036F1E703781BB91C
:10AAF8004BB2002BC8BF0170704700787047F8B59B
:10AB08000C46C969074611B9238C002B37D1257E1D
:10AB18001F2D34D83B782BBB228C072A2CD8268AA9
:10AB280036F003032BD14FF6FF70FFF7E7FD20F057
:10AB380001003602400446EA0566400C46EA402514
:10AB48004FF6FF72234629463846FFF7F3FE0028E2
:10AB580007DD626913780133DBB21F2B88BF00233E
:10AB68001370F8BD228A2D0645EA022520461D43AA
:10AB7800FFF716FE0246E5E76FF00300F1E76FF016
:10AB88000100EEE770B58AB0044616460021282277
:10AB980068461D4603F074FCBDF83830ADF8103037
:10ABA8000F9B05939DF840308DF81830119B079343
:10ABB8006946BDF84830ADF820302046CDE9026539
:10ABC800FFF79DFF0AB070BDD3692DE9F041054636
:10ABD8000C4616460BB9138C5BBB377E1F2F28D843
:10ABE80095F80080B8F1000F26D03046FFF7D8FD61
:10ABF8003378210241EAC33141EA0801338A41EA44
:10AC0800076141EA03410246334641F08001284684
:10AC1800FFF790FE00280ADD3378012B07D172690F
:10AC280013780133DBB21F2B88BF00231370BDE8F4
:10AC3800F0816FF00100FAE76FF00300F7E730B535
:10AC48008BB01D469DF8443014465A1E534253415A
:10AC58008DF800309DF83830ADF810300F9B059313
:10AC68009DF840308DF81830129B07936A46BDF85E
:10AC78004C30ADF82030CDE90245FFF7A5FF0BB009
:10AC880030BD406A00B104307047436A1A684262B6
:10AC980002691A600361C38A013BC38270470000DE
:10ACA8002DE9F843D0F82090194F14461E4649461E
:10ACB8004FF0000809B9BDE8F883D1E90252651BD5
:10ACC80066EB0202AF4278EB02021DD2036A8B42A6
:10ACD8000ED1FFF78EFDD1F800900369C0F82090DF
:10ACE8000B60C38A0161013BC3824A461146E1E712
:10ACF800FFF77FFD0A680369C9F800200B60C38A63
:10AD08000161013BC382F1E70A688946EEE700BFAB
:10AD180080841E002DE9F04F8BB00D46DDF8509071
:10AD280014469B468046002800F01681B9F1000FB2
:10AD380000F01281531E3F2B00F20E81012A03D12D
:10AD4800BBF1000F40F008810023CDE90833B8F8C3
:10AD58001430B5EBC30F4FEAC30703D300200BB081
:10AD6800BDE8F08F2B199F42D8F80C303ABF7F1BF3
:10AD7800FFB227461BB9D8F81030002B7AD0272D00
:10AD88004ED8C5F12806B7424FF000032CBFF6B2E3
:10AD98003E4600932946D8F8080008AB3246FFF72C
:10ADA80061FCA7EB060A35445FFA8AFAB8F8143052
:10ADB80003F10053053BDB000493D8F80C300393F0
:10ADC8002821039B13B1BAF1000F2CD1D8F8100039
:10ADD80040B1BAF1000F05D0009608AB5246691A87
:10ADE800FFF740FC38B2002FB8D067070AD00AAB8B
:10ADF80003EBD401624211F8083C02F00702134148
:10AE080001F8083C082C3CD9102C40F2B280202CC8
:10AE180040F2B480BBF1000F00F09980082334E0C1
:10AE2800BA460026C2E7049BE02B28BFE02306931E
:10AE38000B44AB42059314D95A1B039800969245CC
:10AE480034BF5246D2B2691A08AB04300792FFF7F2
:10AE580009FC079A16441544AAEB0202F6B25FFAF7
:10AE680082FA049B069A05999B1A0493039B1B6814
:10AE78000393A6E70093D8F8080008AB3A4629469A
:10AE8800AEE7BBF1000F12D00123B4EBC30F69D0BA
:10AE9800082C11D89DF82030621E23FA02F2D6073A
:10AEA80005D54FF0FF32A24013438DF820309DF8AE
:10AEB800203089F8003052E7102C11D8BDF8203026
:10AEC800621E23FA02F2D50705D54FF0FF32A240E1
:10AED8001343ADF82030BDF82030A9F800303EE724
:10AEE800202C0ED8089A631E22FA03F3D90704D53A
:10AEF8004FF0FF33A34013430893089BC9F8003071
:10AF08002DE7402C2BD0DDE90851631EC4F1210642
:10AF1800A4F1210225FA03F301FA06F6334321FAD4
:10AF280002F21343DB0712D50123A4F12002C4F176
:10AF3800200603FA02F223FA06F6A3405B4242EA2D
:10AF4800060262EB42022B430A43CDE90832DDE9EF
:10AF58000823C9E9002302E76FF00100FFE66FF05C
:10AF68000800FCE6082CA2D9102CB4D9202CEED865
:10AF7800C3E7BBF1000FAED0022386E7BBF1000F99
:10AF8800BBD0042381E730B5012A144638BF012419
:10AF9800402C85B028BF40240025012ACDE9025560
:10AFA80018D81B788DF8083063070AD004AB03EB78
:10AFB800D405624215F8083C02F00702934005F8F0
:10AFC800083C009103462246002102A8FFF74AFBED
:10AFD80005B030BD082AE4D9102A03D81B88ADF87B
:10AFE8000830E1E7202A8DBFD3E900231B680293CC
:10AFF800CDE90223D8E710B5CB681BB98B600B618C
:10B008008B8210BD04691A681C600361C38A013B06
:10B01800C382CA60F0E703064CBFC0F3C030022009
:10B02800704708B50246FFF7F6FF022806D1530617
:10B03800C2F30F2001D100F0030008BDC2F307409E
:10B04800FBE700002DE9F04F95B0CDE902230A682F
:10B0580005461046FFF7DFFF022814BFC2F3062497
:10B068000024002A0E46834680F2FC8112F0C04A72
:10B0780040F0F881097B002900F0F481022803D010
:10B088002B78A34240F0F181C2F304630893104681
:10B0980002F07F0304933144FFF7C3FF049B91F848
:10B0A800038005904FEA834949EA0B4949EA446914
:10B0B800002200235FEAD814CDE90A2349EA0009EF
:10B0C80069D0049B009302466F685B460AA928462C
:10B0D800B847002800F0CC812F6A4FB9494605F1DE
:10B0E8000C00FFF724FB074690B96FF0020056E00A
:10B0F8003B6999450DD03F68002FF9D1494605F1C4
:10B108000C00FFF714FB07460028EED02B6A3B60C3
:10B118002F62F87D737B0693C0F3840008F01F0349
:10B12800A0EB030C1FFA8CFEBCF1000FB8BF0EF1A8
:10B13800200E0793A3EB000398B2B8BF0FFA8EFC5A
:10B14800D7E90212002BB8BF20300993BCBF03B265
:10B15800099351EA020097F81A90D7F804E075D0DD
:10B168000298AF4B411A039860EB020200208B4211
:10B1780070EB02036AD3069B4B4518D14CB3BCF164
:10B18800010F63DCBEF1000F60D1A64888427EEB58
:10B19800020215D36AE02F6A27B96FF00C0015B0C8
:10B1A800BDE8F08F3B699945B3D03F68F4E7DFF815
:10B1B80074C28C4570EB0202F1D2002C00F088803A
:10B1C800099B0F2B42DD069B4B4540F08180002CEC
:10B1D8004CD1FB7DC8F34012B2EBD31F40F04B813A
:10B1E800079AC3F38403934240F04881327B4FEAC5
:10B1F8009813002C00F09F8013F0010840F0AD80F8
:10B20800032A40F23E81029BBB60039BFB60FB8AE2
:10B21800033A68F309035FFA82F906F10608FB822C
:10B2280042464B46394605F10C00FFF7F3FA002871
:10B2380057DA39462846FFF7DCFAFB7DC3F3840367
:10B24800013303F01F039B02FB824EE7FB7D08F0EE
:10B258001F0969F386036FF3C713FB753946284640
:10B26800FFF7C7FA069BBB76002C33D04FEA98133A
:10B27800022BAED0029BBB60039BFB601422002113
:10B288000FA803F0FDF8029B0C93039B0D93331D4D
:10B298000E93337B8DF848B0013BDBB2ADF84430F8
:10B2A800059BADF84630079B8DF84930089B8DF813
:10B2B8004A30049B8DF84B300CA9AB682846984758
:10B2C800FB7DC3F38403013303F01F039B02FB825E
:10B2D800002064E7FB7D09F1010969F38603FB752A
:10B2E8005BE7B3883B83DDE90A654FF6FF74CAF173
:10B2F8002002AAF1200326FA0AF105FA02F2114304
:10B3080025FA03F319432046C9B2FFF7E6F90AF113
:10B31800080ABAF1400F0446E9D1B8824A464146C4
:10B32800FFF7ECF9FB7DB882DA43C2F3C01262F38F
:10B33800C713FB75CCE783B9013AD4B20436234668
:10B348003246394605F10C00FFF764FA0028FFF68B
:10B3580070AFB88A22463146E2E7F98AD7F804E0A6
:10B36800C1F30901501E0429C0B253D80C4606F196
:10B37800030C002307F11B08984208D91CF8019F09
:10B3880008F8049001340133052CDBB2F4D1834270
:10B398003ABF043356FA83F300231093059BADF8A4
:10B3A8004630079B8DF84930029C089B8DF84A303F
:10B3B8000C94049B039C8DF84B300D9401448DF83C
:10B3C80048B0002307F11B04ADF84410CDE90E4E38
:10B3D800B88A7B60013A311DFFF790F93B8BB88240
:10B3E800834203D1AB680CA92846984728460CA984
:10B3F800FFF701FEFB7DBA8AC3F38403013303F030
:10B408001F039B02FB823B8B9A420CBF00206FF00C
:10B418001000C4E6BEF1000F21D17346B7E700BFA4
:10B4280080841E0040420F001C349C46DCF800302B
:10B43800002BF9D10C1BE31C06F103089C4404EB18
:10B448000A09B9F11B0F5FFA8AF3A0D898429ED96E
:10B4580018F8013F0CF8013F0AF1010AEFE7F4463A
:10B468000524E3E76FF0090099E66FF00A0096E615
:10B478006FF00B0093E66FF00D0090E66FF00E0092
:10B488008DE66FF00F008AE6F8B52B4F2B4E3A6821
:10B498002B4C556C15F080030DD0936923F00103F4
:10B4A80093610721384601F013FA337813B9A3687A
:10B4B8000133A3600123337005F00706812323FAC3
:10B4C80006F2D10704D5C5F30222D340DA0710D417
:10B4D8003A68536C23F4E06323F007035364194B71
:10B4E8001B781BB11448072101F0F2F9E368013316
:10B4F800E3606B04396806D54B6C23F480434B64D6
:10B508002369013323610B6C13F47F0FDAB218BF80
:10B51800E0696261C3F30622A2611CBFC3F307425C
:10B528001218C4E9095318BFE2618B69E362072E58
:10B5380018BF2662F8BD00BF7C550020E4550020E6
:10B548000C5100200851002030B5022A89B00D4660
:10B55800144661D800295FD00B88013B9BB2B3F534
:10B56800007F59D28B78002B56D0CB78013B1B0635
:10B5780052D40B79013B18064ED46C2200212A487C
:10B5880002F07EFFA11E294B4C424C411C70284BF7
:10B59800284C5A6D23605A652B886361AB78E36148
:10B5A800EB7823624FF480722B7922820122C4E95E
:10B5B8000B22A36162620023A26220460822C4E92A
:10B5C8000133C4E90E23E360A374636300F0DCFF76
:10B5D80020BB4FF08043CDE9060002930223049379
:10B5E8000546EBB2B3FA83F35B0902A9204605933B
:10B5F800039501F0ABF8034690B90135082DF0D159
:10B608000222009011460B4801F0C8F800280A48A9
:10B6180008BF002009B030BD0848FBE70848F9E733
:10B628006FF4FA60F6E700BF0C51002008510020C3
:10B63800006400407C5500202EF8FFFF18FCFFFF37
:10B6480030F8FFFF08B5044801F0C4F800280348A3
:10B6580008BF002008BD00BF7C5500202DF8FFFF63
:10B66800F0B50E468BB00546002850D0036813F09D
:10B67800C0444ED1002B4CDA037B082B49D8284F05
:10B68800FFF702FF384601F032F960B9254B196817
:10B69800002940D0711A0A2903D9234A136E0133AD
:10B6A80013660BB0F0BD3B68D3F8C43013F4001335
:10B6B8000CD01C4B18680028F3D0311A0A2903D97A
:10B6C800194A536E013353662046EAE72A680993FC
:10B6D80022F0604201924FF08042CDE90223CDE989
:10B6E8000533CDE907332B7B082B28BF08231B0420
:10B6F8002A1D01A93846049301F082F868B9094B5C
:10B70800094A1E601368013313600120C9E707481E
:10B71800C7E70748C5E70846C3E70648C1E700BFCB
:10B728007C550020E05500200C51002018FCFFFF3C
:10B7380016FCFFFF2CF8FFFFF0B50468650004D481
:10B74800284A536B01335363F0BDA10004D5254A41
:10B75800936B01339363F7E743689A0204D5214A50
:10B76800D36B0133D363EFE713F4801104D01D4A80
:10B77800136C01331364E7E703F47022B2F5002F6A
:10B7880004D9184A536C01335364DDE7164E174D3C
:10B7980032882D88013202F03F02ADB295421BD0AB
:10B7A800134D3280170105EB0216EC517360C3F399
:10B7B8000343082B28BF082303330830C3F3870348
:10B7C8009200CCB2A342BFD95418023450F8046B8B
:10B7D80045F824600131F4E7024A136B013313631F
:10B7E800B2E700BF0C5100207A55002078550020A0
:10B7F800785100202DE9F047DFF8E480D8F80040C0
:10B80800256D636D266D1D40636D1E4015F00703A1
:10B8180006F0380910D0AA07236505D04FF0480A6A
:10B82800D4F890301F0735D1AB0740D4680741BF23
:10B838002A4AD36C0133D364B9F1000F11D016F042
:10B84800180FC4F8509004D04827D4F898301A0735
:10B8580032D1F1063DD4B30641BF204A536D0133BE
:10B868005365226D636D1A40236D616D12F4710288
:10B8780003EA010303F4602304D0184922658A6DA2
:10B8880001328A6523B1154A2365D36D0133D36527
:10B89800BDE8F087D4F89070D8F84800C7F30127BE
:10B8A8000AFB0700FFF748FFC4F89470B8E70B4A93
:10B8B800936C01339364B9E7D4F89850D8F84C00E6
:10B8C800C5F3012507FB0500FFF736FFC4F89C50B8
:10B8D800BBE7024A136D01331365BCE70C51002026
:10B8E8007C550020034B1A68034B9A4201D1FFF79D
:10B8F80081BF70477C5500200064004038B5114B6B
:10B90800114D124800241C80114B6C2221461C80CA
:10B9180002F0B6FD0F492246284600F0EEFF70B946
:10B928002B684FF0FF321A650B4A934206D10B4B36
:10B93800E02283F815234FF400121A6038BD084836
:10B94800FCE700BF7A5500207C5500200C510020F0
:10B95800785500201B0008000064004000E100E06A
:10B9680060F0FFFF38B50446002837D0FFF78CFD9C
:10B978001C4B1D4A1988138889B29BB299422FD053
:10B988001388013303F03F0313801901174A02EBB0
:10B998000313525822F0604242F0004222605A6873
:10B9A800C2F30342082A28BF08222273E51C00219B
:10B9B800C8B2824288BF581801F101018ABF007AD3
:10B9C8000020C0B2082905F8010FF1D1084A002368
:10B9D8006373536801335360012038BD0548FCE7A1
:10B9E8000020FAE77A550020785500207851002089
:10B9F8000C51002018FCFFFF034A00231380034A60
:10BA08001380034A136370477A5500207855002045
:10BA18000C5100202DE9F0410E4686B0044600285E
:10BA280044D0082942D81422002101A802F028FD98
:10BA38004FF080430093DFF8788002230293374663
:10BA48000025B542EAB208D10024CDE90444184DD6
:10BA5800FBB2082B20D100201BE0237A012B04D055
:10BA6800022B1CBF02F00102531C039323680195AB
:10BA780023F0604304936368694623F060434046BB
:10BA8800059300F063FE01350C340028D9D06FF41B
:10BA9800FA6006B0BDE8F08169462846019703942C
:10BAA80000F054FE01370028D2D0F0E70148F0E753
:10BAB8007C55002018FCFFFF0E4B99420AD10E4B13
:10BAC80098420AD00D4B984210D00D4B98420FD097
:10BAD8000C4870476FF47A707047082313804FF44E
:10BAE8008473538001231371002070471023F5E7F6
:10BAF8001123F3E740420F0000B4C4040068890929
:10BB080080FE210A48F4FFFF30B5302442F20F7559
:10BB1800A84212D80C703021B0F57A7F14D2117077
:10BB28003022632816D81A703023092817D8039AA8
:10BB38001370049B3030187030BDA0F51C500134D0
:10BB48001038E4B280B2E3E70131A0F57A70C9B2E7
:10BB580080B2E1E701326438D2B280B2E1E7013362
:10BB68000A38DBB280B2E0E713B50B1D0193CB1C9A
:10BB780000934A1C8B1C0C46FFF7C6FF0023637119
:10BB880002B010BD03099F2800F00F0094BF3033A6
:10BB9800373309280B7094BF303037300023487092
:10BBA8008B70704713B502460C46C0B201A9FFF767
:10BBB800E9FF2146100AFFF7E5FF9DF80430A3705E
:10BBC8009DF80530E3709DF80630237102B010BD72
:10BBD80008B50249FFF7D6FF084608BDE55500201D
:10BBE80010B5034C2146FFF7DDFF204610BD00BF0E
:10BBF800E555002013B503688DF807109C680DF112
:10BC080007010123A04702B010BD07B503688DF8EE
:10BC180007101B6901220DF10701984703B05DF871
:10BC280004FB73B51D460368019104465B6916461B
:10BC38009847236820461B6898470199221D20468B
:10BC4800FFF7D8FF2DB123682A461B6931462046E5
:10BC58009847236820465B68984723689B690C21AE
:10BC6800204602B0BDE87040184773B51E46036809
:10BC7800019104465B6915469847236820461B686E
:10BC88009847221D01992046FFF7B4FF204600215E
:10BC9800FFF7BBFF23682046DB68324629469847F2
:10BCA80023685B68204602B0BDE8704018472DE95C
:10BCB800F0411F46036804465B690D4616469847DF
:10BCC800236820461B689847221D20460D21FFF750
:10BCD80091FF290A2046FFF798FFE9B22046FFF7AF
:10BCE80094FF236831463A4620461B6998472368E3
:10BCF80020465B689847236820469B69BDE8F04169
:10BD08000C21184707B501238DF807200DF107020C
:10BD1800FFF7CDFF03B05DF804FB2DE9F0411F46A6
:10BD2800036804465B690D46164698472368204613
:10BD38001B689847221D20461D21FFF75BFF290A33
:10BD48002046FFF762FFE9B22046FFF75EFF204674
:10BD58000021FFF75AFF23682046DB683A46314640
:10BD68009847236820465B68BDE8F041184707B547
:10BD780001230DF10702FFF7D0FF9DF8070003B07C
:10BD88005DF804FB2DE9F0411E46036804465B6933
:10BD98000F4615469847236820461B689847221D7A
:10BDA80020460E21FFF726FF39462046FFF72DFFD4
:10BDB80023682946324620461B699847236820464F
:10BDC8005B689847236820469B69BDE8F0410C21D1
:10BDD80018472DE9F0411E46036804465B690F4683
:10BDE80015469847236820461B689847221D204619
:10BDF8001E21FFF7FFFE39462046FFF706FF2046C3
:10BE08000021FFF702FF23682046DB6832462946F7
:10BE18009847236820465B68BDE8F041184710B58D
:10BE2800002304461A46C021FFF7FBFE207910BD07
:10BE380037B504460D468DF80710012380210DF112
:10BE48000702FFF7EEFE2368012D9B690CBF322124
:10BE580040F2DC51204603B0BDE83040184737B502
:10BE680001230C468DF807100DF107028A210546BB
:10BE7800FFF7D7FEAC7103B030BD07B5042309BA8C
:10BE880001910DEB03028621FFF7CBFE03B05DF8AD
:10BE980004FB07B502238DF804108DF805208F21C7
:10BEA80001AAFFF7BEFE03B05DF804FB37B58DF8B5
:10BEB800063000238DF807300423044615468DF814
:10BEC80004108DF805208B210DEB0302FFF7A9FE66
:10BED80040F689012046FFF74AFF062D16BF40F0BD
:10BEE800040200F0FB02D2B240F6890120468DF828
:10BEF8000420FFF707FF03B030BD73B515468DF872
:10BF0800033000229DF818309DF81C608DF8002041
:10BF180004468DF801108DF804308C2106236A46FA
:10BF28008DF802508DF80560FFF77BFE40F2367100
:10BF38002046FFF71CFF5EB100F0FB0240F23671AD
:10BF480020468DF80020FFF7DDFE657102B070BD58
:10BF580040F00403DAB2F1E707B55BBAADF8043094
:10BF6800BDF810305BBAADF8063049BA082352BAAA
:10BF7800ADF80010ADF8022019466A46FFF751FEE9
:10BF880003B05DF804FB07B5022301AA1221FFF7ED
:10BF98006CFE9DF804309DF8050000EB032080B28C
:10BFA80003B05DF804FB07B5022349BAADF80410E5
:10BFB80001AA1946FFF735FE03B05DF804FB07B583
:10BFC80002238DF804108DF805208E2101AAFFF7B1
:10BFD80028FE03B05DF804FB13B56FF07F43994268
:10BFE80028BF19460B0C04468DF804300B0A8DF84F
:10BFF80005308DF8061001AA03238321FFF711FEEF
:10C00800236864219B692046984702B010BD13B588
:10C018006FF07F43994228BF19460B0C04468DF8F0
:10C0280004300B0A8DF805308DF8061001AA032399
:10C038008221FFF7F6FD236864219B692046984713
:10C0480002B010BD37B503230D461446142101AACA
:10C05800FFF70BFE9DF804305B085B422B809DF9CF
:10C068000530002BB8BF03339B10237003B030BDDD
:10C0780010B543680D4A23F07F4323F0FF03934232
:10C08800044611D1002240F60211FFF73BFE40F6AC
:10C0980044112046FFF76BFE40F00200C2B240F6A2
:10C0A80044112046FFF72EFE10BD00BF000101001D
:10C0B80037B505460191FFF766FF01990446284602
:10C0C800FFF771FFA30702D52846FFF7D1FF2046E7
:10C0D80003B030BD07B5002914BF402320238DF8D5
:10C0E80007300DF1070201239321FFF79AFD03B0F2
:10C0F8005DF804FB10B5002304461A46C121FFF77A
:10C1080090FD236820469B69BDE8104046211847EA
:10C1180008B5FFF784FE80B208BD07B50023ADF867
:10C12800043001AA02230721FFF77BFD03B05DF865
:10C1380004FB07B5130C8DF8053052BA04238DF8AB
:10C148000410ADF8062097210DEB0302FFF769FDF7
:10C1580003B05DF804FB08B50A4640F6AC01FFF7EA
:10C16800D1FD08BD10B540F6D8010446FFF7FFFD24
:10C1780040F01E00C2B240F6D8012046FFF7C2FDCB
:10C1880010BD08B50A4640F6E701FFF7BBFD08BD3C
:10C1980007B5054B019304230DEB03029521FFF727
:10C1A80040FD03B05DF804FB0101000107B502235F
:10C1B8008DF804108DF80520982101AAFFF731FDAC
:10C1C80003B05DF804FB000013B504461C48B0FB3F
:10C1D800F1F1080C8DF80000080A8DF801000498A8
:10C1E8008DF803208DF804308DF80210F4F744F927
:10C1F80011A3D3E90023F4F7E3FAF4F7C9FB020C1F
:10C2080043BA8DF80520ADF806306A460823204663
:10C218008B21FFF706FD40F689012046FFF7A7FDB1
:10C2280040F00402D2B240F6890120468DF8002081
:10C23800FFF768FD02B010BD000000008084EE3FEB
:10C248000000093D1FB58DF807309DF818308DF8AE
:10C2580008309DF81C308DF809309DF820308DF895
:10C268000A309DF824308DF80B3049BA9DF82830F3
:10C27800ADF804108DF806208DF80C3001AA0923BA
:10C288008C21FFF7CEFC05B05DF804FB07B5002351
:10C2980049BAADF80010ADF8023001936A46082398
:10C2A8004FF4D861FFF703FD03B05DF804FB13B545
:10C2B80003230C4601AA1421FFF7D7FC9DF806308A
:10C2C8005B085B42238002B010BD30B595B03822C0
:10C2D800002106A802F0D4F81422002101A802F0D7
:10C2E800CFF8002000F0D2FC01224FF48033CDE9D2
:10C2F8000623032502235022042406A8CDE90D3580
:10C30800CDE91023CDE912430F9300F021FD08B1C8
:10C3180072B6FEE7CDE903000F230590214601A878
:10C32800CDE9013500F05AFF08B172B6FEE715B045
:10C3380030BD000007B5104A136823F4806313600A
:10C3480000F0B2F8FFF7C1FF0C4BDA6C42F02002A4
:10C35800DA64DA6C02F020020192019ADA6C42F097
:10C368000102DA64DB6C03F001030093009B03B065
:10C378005DF804EBFDF77EBB002002400010024090
:10C388000B4B1A6E42F001021A661A6E82B002F066
:10C3980001020092009A9A6D42F080529A659B6D54
:10C3A80003F080530193019B02B000F0C9BC00BFA9
:10C3B80000100240FEE7FEE7FEE7FEE7FEE77047F3
:10C3C80070477047F6F74CBF034AD2F8883043F4F9
:10C3D8007003C2F88830704700ED00E00D488546CC
:10C3E800FFF7F2FF0C480D490D4A002302E0D4582C
:10C3F800C4500433C4188C42F9D30A4A0A4C0023A7
:10C4080001E013600432A242FBD301F0A7FFFFF75B
:10C4180091FFFEE70080002000000020740000204B
:10C4280024070108780000200C560020FEE770471A
:10C4380010B5094B4FF0FF3200249A639C631A64CD
:10C448001C649A629C62DA62DC621A631C63FFF7FE
:10C45800EEFF204610BD00BF0010024038B50F4B5C
:10C468001A6805460AB9012038BD4FF47A73B3FB40
:10C47800F2F30B4A1068B0FBF3F000F06FF80446D3
:10C488000028F0D10F2DEED8024629464FF0FF3094
:10C4980000F032F8034B20461D60E5E74C00002011
:10C4A800480000205000002010B5032000F012F8CA
:10C4B8000F20FFF7D3FF044618B9FFF761FF2046A6
:10C4C80010BD0124FBE70000014B1868704700BF4E
:10C4D800085600200749CA6822F4E06203021204E1
:10C4E80003F4E063120C134343F0BF6343F40033D7
:10C4F800CB60704700ED00E0164B30B5DC68C4F344
:10C508000224C4F10703251D042B28BF0423062D8C
:10C518004FF0FF358CBF033C002405FA03F321EAF2
:10C528000303A54022EA0502A340002843EA0203C8
:10C53800ACBF00F16040084A4FEA0313B8BF00F0EF
:10C548000F00DBB2AABF00F56140135480F8003336
:10C5580030BD00BF00ED00E014ED00E00138B0F19F
:10C56800807F0BD24FF0E023054A5861F02182F812
:10C5780023100020072298611A6170470120704734
:10C5880000ED00E07047000038B50446002800F0D0
:10C59800BA8090F85C3003F0FF021BB980F85D2088
:10C5A800FFF7F0FF2268936923F010039361FFF708
:10C5B8008BFF054623689A69110700F197809A69ED
:10C5C80042F001029A61FFF77FFF054623689A69E6
:10C5D800D20740F19A809A6942F002029A61574A5A
:10C5E800934204BF6168C2F80011227C012A9A694B
:10C5F8000CBF22F0400242F040029A61627C012A9C
:10C608009A690CBF42F4804222F480429A61A27C6B
:10C61800012A9A690CBF22F4805242F480529A612E
:10C628009A69A06822F4407202439A619A6922F0DA
:10C63800A4029A611A6922F010021A61E268012ABA
:10C648006AD19A6942F004029A61A269511EE269AC
:10C65800013A120242EA4162216A01390A436169D8
:10C66800013942EA0142B0F5407FDA610ED1E26A4F
:10C67800511E226B013A120142EA0122A16A0139D4
:10C688000A43616A013942EA0142DA60D3F8C020FC
:10C69800E16B2B480A43C3F8C020D3F88020616BB4
:10C6A800206422F4F81242EA0142C3F88020254AA5
:10C6B8006264D3F88020A16B22F0706242EA0162C2
:10C6C800C3F88020204BA364D833E364D8332365B0
:10C6D800183363654FF45472002101F0D1FE002035
:10C6E80001232066A06584F85C3038BDFFF7ECFEB6
:10C6F800401B0A287FF65EAF236E43F001032366D2
:10C70800032384F85C300120EFE7FFF7DDFE401BD0
:10C718000A287FF65BAFEFE7002A96D0022A09D0F5
:10C72800996941F0800199611969032A41F0100162
:10C7380019618AD19A6942F0200285E700640040B5
:10C7480000A4004070A40040B0A40040F0B590F8E8
:10C758005C30013B012B1BD8D1E900258B684E6961
:10C76800D1E903749B074AB943EAC763016C3343B1
:10C7780043EA044341F825300020F0BD426C02EB47
:10C78800C50144EA4774334342F835404B60F3E748
:10C79800036E43F0020303660120EEE730B590F81C
:10C7A8005C40012C10D105680398D5F8804040EA18
:10C7B800430343EA820242EA011124F03F030B4398
:10C7C800C5F88030002030BD036E43F004030366D3
:10C7D8000120F8E790F85C30012B0BD102680223A6
:10C7E80080F85C30936923F00103936100230366AA
:10C7F80018467047036E43F0040303660120704730
:10C808002DE9F04390F85C30022B914659D1066827
:10C81800D6F8C44014F4001405D0036E43F4007332
:10C828000366012031E0D1E90032D6F8C450D1F8CE
:10C8380010C08F68C5F301454ABB47EA0C0E4EEAA3
:10C84800834CD1E906733B434F69D0F854803B438E
:10C85800CF683B430F6A43EA076348276F4307EBF8
:10C86800080E47F808C0194FCEF804304A460EF1B2
:10C87800080ECB89FB5C9C4202F104020ED3012313
:10C88800AB40C6F8CC3083650020BDE8F08343EAAE
:10C898000C0C4CEA070C4CF0804CD2E712F8023C26
:10C8A80012F801CC1B0443EA0C6312F804CC43EAE7
:10C8B8000C0312F803CC43EA0C234EF8043004347A
:10C8C800D7E7036E43F00803AAE700BFB8060108DC
:10C8D80090F85C30022B15BF036E036843F0080321
:10C8E800002016BF0366C3F8D01001207047036804
:10C8F800D3F8C40000F00700704730B590F85C30FA
:10C90800013B012B60D8006811F00705836D01D049
:10C91800DC071DD511F0380F01D09C0718D511F48C
:10C92800E07F01D05C0713D511F4F05F01D01C073C
:10C938000ED511F4604F01D0DC0609D511F4403F43
:10C9480001D09C0604D511F47C0F05D05C0603D4F5
:10C95800C46D44F00104C4650DB1DD071DD411F0A8
:10C96800380F01D09C0718D411F4E07F01D05D077F
:10C9780013D411F4F05F01D01C070ED411F4604FEA
:10C9880001D0DD0609D411F4403F01D09C0604D43F
:10C9980011F47C0F05D05D0603D5C36D43F0020387
:10C9A800C3650C0642BFD0F8DC301343C0F8DC3056
:10C9B800CB0542BFD0F8E0301343C0F8E030436DF8
:10C9C8000B434365002030BD036E43F0020303664A
:10C9D8000120F8E7094A536943F4802310B55361ED
:10C9E800EFF3108272B60023CC58C4500433B3F569
:10C9F800807FF9D182F3108810BD00BF002002406B
:10CA0800064B5A69002ABFBF054A9A6002F188326C
:10CA18009A60BABF5869C00F0020704700200240D2
:10CA280023016745044B5A6942F000425A6158692C
:10CA3800C043C00F704700BF0020024070B50646D3
:10CA4800FFF742FD0F4C05462369DB030BD423692E
:10CA58004CF2FA3213400DD00B494A681A434A6027
:10CA68000120236170BDFFF72FFD401BB042EBD9B9
:10CA78000320F7E7206910F00100F3D001222261BA
:10CA88001846EFE700200240540000202DE9F04747
:10CA98001D4E99463378012B05460F46904631D0F6
:10CAA8004FF0010A4FF47A7086F800A0FFF7C6FF2E
:10CAB8000446B8B97060CDB9144A536943EA0A0309
:10CAC8005361C7F80080BFF36F8FC7F804905446CE
:10CAD8004FF47A70FFF7B2FF24B10C4A536923EA86
:10CAE8000403536100233370BDE8F0876B1E012BEC
:10CAF800EED841463846FFF76DFFAB1E5D425D41FB
:10CB0800AC04E5E70220EFE75400002000200240D3
:10CB1800064B10F0010F1EBF5A6942F004025A6119
:10CB28005A6942F480325A61704700BF00200240BF
:10CB3800084B5A69C00022F4FC7200F4FF601043ED
:10CB480058615A6942F002025A615A6942F48032C5
:10CB58005A617047002002401548037FDAB203F09B
:10CB6800FD03012B10D1134B196821F400711960D2
:10CB7800196841F400611960196821F400611960AD
:10CB8800196841F400711960931E012B0CD8094BE8
:10CB98001A6842F480521A601A6822F480521A60A5
:10CBA8001A6842F480621A6000230377704700BF56
:10CBB80054000020002002402DE9F843314D2B7825
:10CBC800012B064688465AD001274FF47A702F70F9
:10CBD800FFF734FF044610BB2B4B68601A6812F449
:10CBE800007F1A6820D0510506D51A6822F48062A1
:10CBF8001A6003232B7700E02F773368012B1DD1B0
:10CC08007068FFF785FF4FF47A70FFF717FF1E4A29
:10CC1800536923F0040304465361FFF79DFF002383
:10CC28002B702046BDE8F883520505D51A6822F412
:10CC380080621A600223DDE72877DEE74FF0FF33D2
:10CC4800C8F80030B768DFF84090D6E902321344DC
:10CC5800BB42E2D971683846FFF76AFF4FF47A7031
:10CC6800FFF7ECFED9F8143023F4FD73C9F814303B
:10CC780018B1C8F800700446CFE70137E5E7022489
:10CC8800CFE700BF5400002000200240294B1A685B
:10CC980030BB02F4C062B2F5806FD3F8802022F472
:10CCA8008072C3F880201AD11A6822F4C06242F454
:10CCB80000721A60204A126832214A431F49B2FBA7
:10CCC800F1F201325969490500D522B95B69580565
:10CCD80003D400207047013AF4E7032070477047F7
:10CCE800B0F5007F1FD102F4C062B2F5806FD3F8AF
:10CCF800802042F48072C3F88020EAD11A6822F4B6
:10CD0800C06242F400721A600B4A126832214A4328
:10CD18000A49B2FBF1F2013259694905D6D5002A10
:10CD2800D4D0013AF8E722F4C06242F480621A6073
:10CD3800CFE700BF007000404800002040420F00CD
:10CD4800024A936843F48043936070470070004040
:10CD58002DE9F341044640B30368DF0714D4236880
:10CD68009E075BD423681E0700F1A48023685D0733
:10CD780000F1CB8023689B0600F13281E06900282E
:10CD880040F06081002028E0A14DAB68EA6803F01C
:10CD98000C030C2B0BD102F00303032B09D12B68D6
:10CDA8009D03DCD56368002BD9D1012015E0082B41
:10CDB800F4E76368B3F5803F12D12B6843F48033FE
:10CDC8002B60FFF781FB06462B689803C7D4FFF753
:10CDD8007BFB801B6428F7D9032002B0BDE8F081F3
:10CDE800B3F5A02F04D12B6843F480232B60E4E72C
:10CDF8002A6822F480322A602A6822F480222A6073
:10CE0800002BDED1FFF760FB06462B689903A6D5F9
:10CE1800FFF75AFB801B6428F7D9DDE77C4DAB6828
:10CE2800EA6803F00C030C2B17D102F00303022B62
:10CE380015D12B685A0502D5E368002BB5D06B686D
:10CE4800226923F0FE4343EA02636B60714B186862
:10CE5800FFF704FB002885D0A7E7042BE8E7E36881
:10CE6800BBB12B6843F480732B60FFF72DFB06469C
:10CE78002B685B0507D56B68226923F0FE4343EAFC
:10CE880002636B606EE7FFF71FFB801B0228EFD978
:10CE9800A2E72B6823F480732B60FFF715FB064687
:10CEA8002B685F057FF55EAFFFF70EFB801B02283E
:10CEB800F6D991E76369564D9BB1D5F8943043F0A4
:10CEC8000103C5F89430FFF7FFFA0646D5F8943009
:10CED80098073FF54BAFFFF7F7FA801B0228F5D903
:10CEE8007AE7D5F8943023F00103C5F89430FFF7BA
:10CEF800EBFA0646D5F8943099077FF537AFFFF778
:10CF0800E3FA801B0228F5D966E7414DAB6DDA00DC
:10CF180027D4AB6D43F08053AB65AB6D03F0805302
:10CF28000193019B01273C4E3368DB051BD5A368A1
:10CF3800012B29D1D5F8903043F00103C5F8903082
:10CF4800FFF7C2FA41F288380646D5F890309907BB
:10CF580040D5002F3FF40EAFAB6D23F08053AB6587
:10CF680008E70027DFE7336843F480733360FFF78F
:10CF7800ABFA80463368D805D9D4FFF7A5FAA0EBF9
:10CF880008000228F6D927E7052B06D1D5F89030F6
:10CF980043F00403C5F89030CCE7D5F8902022F090
:10CFA8000102C5F89020D5F8902022F00402C5F8B7
:10CFB8009020002BC4D1FFF787FA41F28838064643
:10CFC800D5F890309A07C4D5FFF77EFA801B404504
:10CFD800F6D901E7FFF778FA801B4045B5D9FBE69B
:10CFE800A3690B4DD3B1D5F8983043F00103C5F8C8
:10CFF8009830FFF769FA0646D5F898309F073FF54D
:10D00800BDAEFFF761FA801B0228F5D9E4E600BF40
:10D01800001002405000002000700040D5F8983001
:10D0280023F00103C5F89830FFF74EFA0646D5F805
:10D03800983098077FF5A2AEFFF746FA801B0228C2
:10D04800F5D9C9E6484DAB6803F00C030C2B57D053
:10D058002B68022823F080732B603AD1FFF734FA4B
:10D0680006462B6899012ED4EA68404B1340226A81
:10D078001343A26A43EA0223E26A43EAC263626A8A
:10D08800013A43EA0213226B5208013A43EA425337
:10D09800626B5208013A43EA4263EB602B6843F043
:10D0A80080732B60EB6843F08073EB60FFF70CFA3A
:10D0B80004462B689A013FF565AEFFF705FA001B99
:10D0C8000228F6D988E6FFF7FFF9801B0228C8D99D
:10D0D80082E6EB6823F00303EB60EB6823F08873C8
:10D0E80023F48033EB60FFF7EFF904462B689B01CC
:10D0F8007FF548AEFFF7E8F9001B0228F6D96BE682
:10D1080001283FF46AAEEB68226A03F003019142FA
:10D118007FF44BAE616A03F0F0020139B2EB011FF4
:10D128007FF443AEA16A03F4FE42B2EB012F7FF411
:10D138003CAEE16A03F07842B2EBC16F7FF435AEE2
:10D14800226B520803F4C001013AB1EB425F7FF44D
:10D158002CAE626B520803F0C063013AB3EB426F26
:10D168003FF410AE21E600BF001002400C809F0182
:10D17800174B9A6802F00C02042A23D09A6802F02E
:10D188000C02082A20D09A6802F00C020C2A1DD141
:10D19800D968DA68D868DB6801F00301C3F3416332
:10D1A8000329C2F30312C0F3062003F101030CBFE5
:10D1B800084909495B000132B1FBF2F25043B0FB68
:10D1C800F3F07047044870470248704700207047E2
:10D1D8000010024000127A000024F4002DE9F84300
:10D1E8000E46054610B90120BDE8F8836D4A13685C
:10D1F80003F00F038B4245D3296811F001084CD185
:10D208002A68910740F1A780674B12F0040F1EBFF0
:10D21800996841F4E0619960120741BF9A6822F465
:10D228007C5242F4E0629A609A68A96822F0F0029F
:10D238000A439A605B4C236803F00F03B34200F281
:10D2480093802A68584C12F0040F40F0A38013070B
:10D2580006D5A3682A6923F4605343EAC203A3608E
:10D26800FFF786FFA368514AC3F30313D35C03F0A7
:10D278001F03D8404E4B18604E4B1868BDE8F84362
:10D28800FFF7ECB8136823F00F030B431360136820
:10D2980003F00F038B42A6D1AEE76F68424C032F11
:10D2A800236849D19B019ED5E368E26803F0030334
:10D2B800032BE3680CBF40484048C2F30312C3F392
:10D2C80006230132B0FBF2F25343E268C2F3416233
:10D2D80001325200B3FBF2F3394A93421AD84FF0A5
:10D2E8000008A36823F003033B43A360FFF7ECF8AF
:10D2F80041F288390746A3686A6803F00C03B3EB68
:10D30800820F3FF47DAFFFF7DFF8C01B4845F2D925
:10D31800032069E7A36813F0F00F04D08807DED56F
:10D32800AB68002BDBD1A36823F0F00343F0800344
:10D33800A3604FF08008D4E7022F09D113F4003F0F
:10D348003FF451AFFFF714FF1D4B9842C7D9EAE7E6
:10D3580013F4806FF4E7B8F1800F01BF124A9368A5
:10D3680023F0F003936065E7236823F00F0333434A
:10D378002360FFF7A9F841F288380746236803F0CD
:10D388000F03B3423FF45DAFFFF79EF8C01B404563
:10D39800F4D9BDE7A368E96823F4E0630B43A3600D
:10D3A80055E700BF0020024000100240A006010817
:10D3B800480000205000002000127A000024F400E9
:10D3C80000B4C404054B064A9B68C3F30223D35C2C
:10D3D800044A106803F01F03D84070470010024049
:10D3E800B006010848000020054B064A9B68C3F3B5
:10D3F800C223D35C044A106803F01F03D840704767
:10D4080000100240B006010848000020B0F5002FC7
:10D41800A34B1DD1D3F89020D3F89010890702F4BC
:10D42800407203D5B2F5807F00F0AC81D3F8941038
:10D43800880703D5B2F5007F00F0A781186810F4BB
:10D4480000303ED09748B2F5407F18BF00207047A3
:10D45800DA6802F00302022A1DD11A68924912F40E
:10D46800806218BF0A46D968B0F5807FC1F30311FE
:10D4780001F10101B2FBF1F200F0008122D8082885
:10D4880015D8F0B1013807281AD8DFE800F0617D17
:10D498001993191919A8DA6802F00302032A04D1AA
:10D4A8001A68824912F40032DBE70022DBE74028E1
:10D4B80000F0C280802800F0D080202800F0A480EE
:10D4C80000207047B0F5805F00F02D8126D8B0F5B8
:10D4D800806F00F0EF80B0F5006F00F01081B0F5BC
:10D4E800007FEDD1D3F8882012F4402251D0D3F830
:10D4F8009410880703D5B2F5802F00F0468119688B
:10D50800490503D5B2F5002F00F04281D3F8900009
:10D5180010F00200D5D0B2F5402F30E0B0F5804FC2
:10D5280006D0B0F5004F00F00C81B0F5005FC7D110
:10D53800D3F8881001F04061B1F1006F00F0C880A5
:10D54800D3F8980010F00200BBD0594800297CE7B6
:10D55800D3F8882012F0030201D1FFF745BF012A52
:10D5680001D1FFF705BE1968490502D5022A00F066
:10D578000F81D3F8900010F00200A2D0032A14BF44
:10D5880000220122D0037047D3F8882012F00C0241
:10D5980001D1FFF717BF042AE3D01968480502D55F
:10D5A800082A00F0F580D3F8900010F0020088D027
:10D5B8000C2AE4E7D3F8882012F03002E9D0102AC8
:10D5C800CFD01968490502D5202A00F0E180D3F8A8
:10D5D800900010F002003FF474AF302ACFE7D3F880
:10D5E800882012F0C002D4D0402ABAD01968480561
:10D5F80002D5802A00F0CC80D3F8900010F0020009
:10D608003FF45FAFC02ABAE7D3F8882012F440622B
:10D61800BFD0B2F5806FA4D01968490503D5B2F51B
:10D62800006F00F0B580D3F8900010F002003FF4CE
:10D6380048AFB2F5406FA2E7D3F8882012F4405201
:10D64800A7D0B2F5805F8CD0186810F480603FF4E2
:10D6580038AFB2F5005F1448F7E6D3F8882012F423
:10D66800404296D0B2F5804F3FF47BAF186810F473
:10D6780080603FF426AFB2F5004FECE7D3F888207E
:10D6880012F4403285D0B2F5803F3FF46AAF186893
:10D6980010F480603FF415AFB2F5003FDBE700BF40
:10D6A8000010024090D003000024F40000127A0019
:10D6B800006CDC02D3F8881011F440113FF451AF2C
:10D6C800B1F5801F10D1D86810F480103FF4F9AE7E
:10D6D800D868DB68C3F34153C0F3062001335043D5
:10D6E8005B00B0FBF3F07047B1F5001F52D018682B
:10D6F80010F480603FF4E5AEB1F5401FABE7D3F816
:10D70800881011F440013FF42CAFB1F5800FDAD046
:10D71800B1F5000F3ED0186810F480603FF4D1AE28
:10D72800B1F5400F97E7D3F8881001F04071B1F1D7
:10D73800007F3FF42EAF79B3B1F1807F7FF4C0AEA4
:10D74800C1E7D3F8881001F04051B1F1805F14D1DE
:10D75800D86810F480303FF4B4AED968D868C00EE9
:10D76800C1F3062105D1DB6813F4003F14BF112073
:10D7780007204A43B2FBF0F07047B1F1005F7FF435
:10D788009FAEEEE64FF4004070474FF4FA40704702
:10D798000248704702487047024870470024F40066
:10D7A8000080BB0000127A00024AD36A1843D06294
:10D7B800704700BF00100240B0F1904F08B509D182
:10D7C8000120FFF7F1FF254AD36A23F00103D36252
:10D7D800002008BD224B984207D10220FFF7E4FF42
:10D7E8001E4AD36A23F00203F1E71E4B984207D181
:10D7F8000420FFF7D9FF194AD36A23F00403E6E7A8
:10D80800194B984207D10820FFF7CEFF134AD36A75
:10D8180023F00803DBE7154B984207D11020FFF7E8
:10D82800C3FF0E4AD36A23F01003D0E7104B984287
:10D8380007D12020FFF7B8FF084AD36A23F0200356
:10D84800C5E70C4B984207D14020FFF7ADFF034ACC
:10D85800D36A23F04003BAE70120BAE70010024078
:10D868000004004800080048000C00480010004868
:10D8780000140048001800482DE9F04F02460D68D2
:10D8880095FAA5F44FF0010EB4FA84F403274FF08B
:10D898000F0C6FEA050835FA04F001D1BDE8F08FE6
:10D8A8000EFA04F32B4067D04868461E012E1ED896
:10D8B800966893FAA3F9B9FA89F94FEA490907FA78
:10D8C80009F926EA090993FAA3FA8E68BAFA8AFAD4
:10D8D8004FEA4A0A06FA0AF646EA090696605668C0
:10D8E80008EA0609CE686E4349EA06065660D66815
:10D8F80093FAA3F9B9FA89F94FEA490907FA09F934
:10D9080026EA090993FAA3FA0E69BAFA8AFA4FEADB
:10D918004A0A06FA0AF646EA09060228D66018D123
:10D92800FF2BD1F814A029D8D2F8209093FAA3F6A7
:10D93800B6FA86F6B6000CFA06F629EA060993FA4C
:10D94800A3F6B6FA86F6B6000AFA06F646EA090615
:10D958001662166893FAA3F9B9FA89F94FEA4909E0
:10D9680007FA09F926EA090693FAA3F3B3FA83F347
:10D978005B0098403043106001348CE7D2F8249063
:10D988001E0A96FAA6FBBBFA8BFB4FEA8B0B0CFA26
:10D998000BFB29EA0B0996FAA6F6B6FA86F6B60044
:10D9A8000AFA06FA4AEA09065662D2E7F8B504689E
:10D9B80014F0010405460F463ED13A69BB68016878
:10D9C80013437A6913431D4A0A40134303604368AB
:10D9D800FA6823F44053134343608368BA6923F415
:10D9E8004073134383604FF4406000F059F93E6878
:10D9F80000B37F68F7B1B3B2114A214632F8132059
:10DA08002346F2F7E5FF7A080302090241EA1061AA
:10DA1800981841F100013A462346F2F7D9FFC0F3BE
:10DA28001300E8602046EB6AB6B223F00F031E43EA
:10DA3800EE62F8BD0120F6E70120FAE7F3E9FFEF0F
:10DA4800C8060108024B1868C0F38020704700BF61
:10DA580000100240024BD3F89000C0F3400070471A
:10DA680000100240024B1868C0F34060704700BFC6
:10DA780000100240044B054A9B68C3F30313D35CB0
:10DA880003F01F03D840704700100240A0060108A9
:10DA9800044B054A9B68C3F30223D35C03F01F03BE
:10DAA800D840704700100240B0060108124B9A682F
:10DAB80002F00C02082A1BD00C2A1BD1DA680F4886
:10DAC8000F4902F00302032A08BF0146D868DA6842
:10DAD800DB68C3F34163C0F30620C2F303120133CA
:10DAE800484301325B00B0FBF2F0B0FBF3F0704743
:10DAF80002487047024870470010024000127A003E
:10DB08000024F400164A08B5136843F480731360C0
:10DB1800FFF798FF0028FBD0536823F0FE4343F03B
:10DB28008043536001239360936803F00C03042B34
:10DB3800FAD14FF4807313601360FFF793FF002846
:10DB4800FBD14FF4805140F23B73D1609061136276
:10DB5800D2F8943043F40003C2F8943008BD00BFF3
:10DB680000100240032810B52DD12D4C2D4AD4F8B1
:10DB7800883003F0030343F44033934209D0B3F1F0
:10DB8800031F0CD0013A934210D1BDE81040FFF7B3
:10DB98008DBFFFF757FF002840D1002010BDFFF7C9
:10DBA80059FF003818BF0120C003F7E7FFF77EFFD1
:10DBB800FFF760FFA3681C4AC3F3C223D35C03F0DA
:10DBC8001F03D840EAE70C2817D1154B174AD3F89A
:10DBD800883003F00C0343F440239342D9D0B3F1C7
:10DBE8000C1FDCD0043A9342CFD0FFF75FFFFFF75A
:10DBF80041FFBDE81040FFF74BBF3028CDD1084B9F
:10DC08000B4AD3F8883003F0300343F440139342AF
:10DC1800BFD0B3F1301FC2D0103AE4E70548BDE7E2
:10DC28000010024002000300B006010808000C00C2
:10DC3800200030000024F400C02808B501D00020DE
:10DC480008BD144B144AD3F8883003F0C00343F4DA
:10DC58004003934209D0B3F1C01F0CD0403A93421D
:10DC680010D1BDE80840FFF721BFFFF7EBFE002801
:10DC7800E5D00A48E4E7FFF7EDFE003818BF0120B9
:10DC8800C003DDE7FFF712FFFFF7F4FEBDE8084029
:10DC9800FFF7FEBE001002408000C0000024F40020
:10DCA80008B5134BD3F888301840B0F5006F09D089
:10DCB800B0F5406F0DD0B0F5806F11D1BDE80840C8
:10DCC800FFF7F4BEFFF7BEFE0A4B002818BF184640
:10DCD80008BDFFF7BFFE003818BF0120C003F7E7F3
:10DCE800FFF7E4FEFFF7C6FEBDE80840FFF7D0BE29
:10DCF800001002400024F400154B98420BD103F5A4
:10DD080060431A6C42F480521A641A6C22F48052EE
:10DD18001A64002070470F4B984205D003F58063C2
:10DD280098420BD0012070470B4B9A6B42F480420B
:10DD38009A639A6B22F480429A63EAE7064B9A6BDD
:10DD480042F400429A639A6B22F40042F4E700BF5F
:10DD580000300140003800400010024003685B06B4
:10DD680070B502462DD4D1E900363343CE68056834
:10DD780048690C6A33430E6933438E69034333435E
:10DD8800CE6925F47F45334325F0BF0523432B4354
:10DD9800136053688D6823F4706323F0040345EA25
:10DDA80010401843B5F5006F50603EBF536843F408
:10DDB80080535360B4F5005F01D18B8C1361002050
:10DDC80000E00120D36923F40063D36170BD000033
:10DDD8002B4A036890420ED0B0F1804F0BD0A2F5C9
:10DDE8009432904207D002F58062904203D002F547
:10DDF8009632904215D14A6823F070031343204AA3
:10DE0800904219D0B0F1804F16D0A2F594329042CA
:10DE180012D002F5806290420ED002F596329042FE
:10DE28000AD0184A904207D002F58062904203D087
:10DE380002F58062904203D1CA6823F44073134309
:10DE480003608B68C3620B8883620D4B98420FD0C6
:10DE580003F5006398420BD003F54063984207D05E
:10DE680003F58063984203D003F58063984201D19B
:10DE78000B690363436943F0010343610020704762
:10DE8800002C014000400140B1F5805F30B500F042
:10DE980011810AD8102900F08680B1F5807F00F042
:10DEA800C68001293DD0012030BDB1F5803F00F08A
:10DEB8004781B1F5801FF6D1036A146823F48013F3
:10DEC8000362036A016D21F0807121F4E04141EAA7
:10DED8000424116923F4001343EA0153516823F41D
:10DEE800801343EA0153954988420FD001F5006138
:10DEF80088420BD001F54061884207D001F5806166
:10DF0800884203D001F58061884206D1416895694D
:10DF180021F4802141EA85214160D2680465C26408
:10DF28003EE0036A156823F001030362036A41684F
:10DF3800846924F4803424F073042C43156923F095
:10DF480002032B43556823F001032B437B4DA84262
:10DF58000FD005F50065A8420BD005F54065A8422D
:10DF680007D005F58065A84203D005F58065A8426D
:10DF780012D1556923F0080343EA8503956823F015
:10DF8800040343EA8503956921F480712943D5691F
:10DF980021F4007141EA4501D2684160846142631D
:10DFA8000362002080E7036A156823F01003036208
:10DFB800036A4168846924F0807424F4E64444EADE
:10DFC8000524156923F0200343EA0513556823F057
:10DFD800100343EA0513594DA8420FD005F5006513
:10DFE800A8420BD005F54065A84207D005F5806525
:10DFF800A84203D005F58065A84213D1556923F0DE
:10E00800800343EA8513956823F0400343EA8513A8
:10E01800956921F4806141EA8501D56921F400619F
:10E0280041EAC501D268416084618263B8E7036A46
:10E03800156823F480730362036A4168C46924F491
:10E04800803424F073042C43156923F4007343EAE5
:10E058000523556823F4807343EA0523374DA84206
:10E068000FD005F50065A8420BD005F54065A8421C
:10E0780007D005F58065A84203D005F58065A8425C
:10E0880013D1556923F4006343EA8523956823F483
:10E09800806343EA8523956921F4805141EA05119B
:10E0A800D56921F4005141EA4511D2684160C46143
:10E0B800C26375E7036A156823F480530362036A31
:10E0C8004168C46924F0807424F4E64444EA0524D1
:10E0D800156923F4005343EA0533556823F4805344
:10E0E80043EA0533154DA8420FD005F50065A8424F
:10E0F8000BD005F54065A84207D005F58065A84214
:10E1080003D005F58065A84213D1556923F400436F
:10E1180043EA8533956823F4804343EA8533956958
:10E1280021F4804141EA8511D56921F4004141EA91
:10E13800C511D2684160C461026431E7002C014016
:10E14800036A146823F480330362036A016D21F4BF
:10E15800803121F070010C43116923F4003343EA44
:10E168000143516823F4803343EA01430F4988424D
:10E178000FD001F5006188420BD001F5406188425B
:10E1880007D001F58061884203D001F5806188429B
:10E1980006D14168956921F4803141EA0521416041
:10E1A8000465D268816C8264FAE600BF002C0140E5
:10E1B8001C4B98420BD103F558431A6C42F4804229
:10E1C8001A641A6C22F480421A6400207047164BB5
:10E1D80098420AD103F5E6339A6B42F400329A6307
:10E1E8009A6B22F400329A63EFE7104B984209D1F8
:10E1F80003F5E4339A6B42F480229A639A6B22F413
:10E208008022F0E70A4B984209D103F5E2339A6B72
:10E2180042F400229A639A6B22F40022E3E7012079
:10E22800704700BF003801400044004000480040EB
:10E23800004C004038B50368DB0704460D4659D446
:10E248002A69AB68016813436A691343EA6913438F
:10E25800294A0A40134303604368EA6823F4405399
:10E26800134343608368AA6923F4407313438360AC
:10E27800224B984220D10320FFF774FC2B6840B34F
:10E288006A6832B30B2B15D81D4951F82330E96958
:10E29800B0FBF3F0B1F5004F4FEA520325D103EB81
:10E2A8004003B3FBF2F34FF6F0721A40C3F3420394
:10E2B8001343E36000200DE0124B984201D10C207B
:10E2C800DAE7114B984201D13020D5E70F4B98423D
:10E2D80007D00120E26A2B8822F00F021343E36281
:10E2E80038BDC020FFF7A8FCC8E70344B3FBF2F32E
:10E2F8009BB2DEE70120F3E7F369FFEF0038014046
:10E30800E00601080044004000480040004C00407E
:10E3180010EE103AC3F3C7527F3A162A10EE101ABD
:10E3280015DC002A0CDB0C481041034205D04FF4E1
:10E33800800313410B4423EA000300EE103A7047B0
:10E34800013203F00043F8D143F07E53F5E7802A09
:10E35800F3D130EE000A7047FFFF7F0070B50D4D16
:10E368000D4C641BA4100026A64209D10B4D0C4C81
:10E3780000F0F2F9641BA4100026A64205D170BD76
:10E3880055F8043B98470136EEE755F8043B9847A3
:10E398000136F2E7180701081807010818070108ED
:10E3A80020070108034611F8012B03F8012B002A66
:10E3B800F9D1704710B50246147813460132002C83
:10E3C800FAD1013B11F8012B03F8012F002AF9D1EA
:10E3D80010BDC9B2034610F8012B1AB18A42F9D10F
:10E3E80018467047002918BF0023F9E70A449142EC
:10E3F80000F1FF3300D1704710B511F8014B03F855
:10E40800014F9142F9D110BD10B56AB10139841894
:10E4180010F8012B11F8013F9A4203D1A04201D014
:10E42800002AF5D1D01A10BD1046FCE710B5013905
:10E438000244904201D1002005E0037811F8014F11
:10E44800A34201D0181B10BD0130F2E7884210B575
:10E4580001EB020402D98442234607D8431EA14295
:10E4680008D011F8012B03F8012FF8E70244014600
:10E478008A4200D110BD13F8014D02F8014DF7E7AB
:10E4880002440346934200D1704703F8011BF9E7A1
:10E498002DE9F047089E0D4604460F46002B4AD149
:10E4A8008A42944665D9B2FA82F343B102FA03FC70
:10E4B800C3F120029F4020FA02F217439C404FEA22
:10E4C8001C4E1FFA8CF5B7FBFEF1220C0EFB1177E0
:10E4D80042EA074201FB05F090420AD91CEB02020E
:10E4E80001F1FF3780F01C81904240F21981023916
:10E4F8006244121AA4B2B2FBFEF00EFB102244EAE8
:10E50800024400FB05F5A5420AD91CEB040400F1FE
:10E51800FF3280F00781A54240F20481644402384A
:10E5280040EA0140641B00211EB1DC400023C6E91B
:10E538000043BDE8F0878B4208D9002E00F0ED803B
:10E548000021C6E900050846BDE8F087B3FA83F163
:10E55800002949D1AB4202D3824200F2F880841AE2
:10E5680065EB030201201746002EE2D0C6E90047FA
:10E57800DFE702B9FFDEB2FA82F3002B40F09080A9
:10E588008A1A4FEA1C471FFA8CFE0121B2FBF7F5E5
:10E5980007FB1520220C42EA00420EFB05F09042D0
:10E5A80008D91CEB020205F1FF3802D2904200F2B2
:10E5B800CB804546121AA4B2B2FBF7F007FB102233
:10E5C80044EA02440EFB00FEA64508D91CEB0404ED
:10E5D80000F1FF3202D2A64500F2BB801046A4EB40
:10E5E8000E0440EA05409FE7C1F120078B4022FA5C
:10E5F80007FC4CEA030C05FA01F420FA07F3FD4086
:10E608004FEA1C492343B5FBF9F81FFA8CFE09FBB6
:10E6180018551C0C44EA054408FB0EF5A54202FAFD
:10E6280001F200FA01F00BD91CEB040408F1FF3ADF
:10E6380080F08880A54240F28580A8F102086444F1
:10E64800641B9DB2B4FBF9F309FB134445EA044487
:10E6580003FB0EFEA64508D91CEB040403F1FF35A5
:10E668006CD2A6456AD9023B644443EA0843A3FB3B
:10E678000295A4EB0E04AC42C846AE4656D353D01E
:10E6880056B1B0EB080264EB0E0404FA07F7CA406F
:10E69800CC401743C6E9007418460021BDE8F0874E
:10E6A800C3F1200102FA03FC20FA01F225FA01F174
:10E6B8009D402A434FEA1C471FFA8CFEB1FBF7F036
:10E6C80007FB1015110C41EA054100FB0EF58D42C0
:10E6D80004FA03F408D91CEB010100F1FF382FD22A
:10E6E8008D422DD902386144491B92B2B1FBF7F52E
:10E6F80007FB151142EA014205FB0EF1914208D9C8
:10E708001CEB020205F1FF3816D2914214D9023DE2
:10E718006244521A45EA004138E73146304608E774
:10E728003946E6E61046FBE64845A9D2B9EB0208A9
:10E7380065EB0C0E013BA3E74546EAE72B4694E759
:10E748004046D1E7D0467BE7023D624432E70846BF
:10E758000AE76444023842E7F8B500BFF8BC08BCD1
:10E768009E467047F8B500BFF8BC08BC9E46704787
:10E7780018120C18010101191901191901060601CD
:10E78800060601030301030301020201020201124A
:10E798000C01120C00206C0002206A006D0074004D
:10E7A8000205010202016D696E2C00206D572C00D4
:10E7B800322E3447003931354D003836384D003463
:10E7C80033334D003730636D003836364D004455CD
:10E7D800414C003F003530487A003331487A0031E7
:10E7E80039487A00464C52430046534B0031394869
:10E7F8007A377800011F136F0113000000D57FAA34
:10E80800FE2B815429FC5683D702A87D52872DF808
:10E81800AC79D3067BAE04D18550FA2FA471DB0EF8
:10E828005A8F25F08D58F22773A60CD9F623895CE8
:10E8380008DD77A2DF0AA07521F45E8B9D48E237D8
:10E8480063B61CC9B461CB1E4A9F35E0CF1AB065C8
:10E8580031E44E9BE633994C18CD67B239EC4693B8
:10E86800C712B86D10C56FBAEE3B91446BBE14C1A8
:10E878009540EA3F42973DE8BC69C316EF3A904598
:10E8880011C46EBBC613B96C38ED4792BD68C21788
:10E8980043963CE99441EB3E6ABF15C04B9E34E178
:10E8A800B560CA1F62B71DC89C49E33619CC66B368
:10E8B800E732984D30E54F9ACE1BB16472A70DD858
:10E8C8008C59F3265B8E24F1A570DA0F20F55F8A48
:10E8D800DE0BA17409DC76A3F722885DD603A97C38
:10E8E80028FD5782FF2A805501D47EAB8451FB2E28
:10E8F8007AAF05D0AD78D20753862CF9616263648C
:10E9080065666768696A6B6C6D6E6F707172737437
:10E9180075767778797A3031323334353637383915
:10E928005F232D2E000001000100020002000200FA
:10E93800030004000500060008000A000C0010008F
:10E94800140019002000280032003F005000640025
:10E958007D009E00C800FA003C019001F401760297
:10E968002003E803E204DC05D0076E0069006300B9
:10E9780076007277007400747700000000000000D1
:10E9880000000000F117000800000000000000006F
:10E99800FD1700080000000000000000D91700085B
:10E9A80000010204050301020001020503046D6C65
:10E9B80072732E300053657475705374617274539A
:10E9C8007478345278005365747570537461727436
:10E9D8004D61726B65720021656E6421004D617432
:10E9E800656B206D523930302D333043006D4C52F9
:10E9F8005301020304006D4C525304030201000A40
:10EA080000206972713D7800206C733D0020727897
:10EA180031733D0020727832733D004050415241BD
:10EA28004D2F706172616D2E70636B006D6C727327
:10EA38002E0072785F737461747573206661696CF7
:10EA4800757265006661696C2061002000646F5F03
:10EA580072656365697665282920434845434B5F9D
:10EA68004552524F525F53594E43574F52440053E9
:10EA780078206E6F74206F6B0049525120544D4FAF
:10EA8800204641494C0049525120525820444F4E8B
:10EA980045204641494C0049525120545820444F82
:10EAA8004E45204641494C0000000000000000008F
:10EAB800651C0008551C0008232C00084D2C000874
:10EAC8006B2C0008552500087518000893290008C4
:10EAD8000000000000000000591800085730000826
:10EAE800052F0008452E00081B2E0008791900087C
:10EAF800A92E000895190008752E0008B9190008F4
:10EB08000000000000000000591800083132000819
:10EB18005D1800085F180008FB300008631800083B
:10EB2800671800086B1800086D18000871180008AD
:10EB38000000000000000000591800085B180008D9
:10EB48005D1800085F18000889830008A99A000862
:10EB5800BD830008BD190008B59A0008711800089F
:10EB68000000000000000000372700080D290008F9
:10EB7800D1280008B12800080000000000000000AB
:10EB880059180008E91900085D1800085F180008FE
:10EB9800217D00089D7D000831640008A1640008FB
:10EBA8006D18000871180008414E474C4500484F41
:10EBB80052495A4F4E004E415620414C54484F4CF2
:10EBC800440048454144494E4720484F4C4400487A
:10EBD80045414446524545004845414441444A0060
:10EBE80043414D53544142004E415620525448002F
:10EBF8004E415620504F53484F4C44004D414E55BE
:10EC0800414C00424545504552004C454453204F25
:10EC18004646004C4947485453004F5344204F46FA
:10EC2800460054454C454D45545259004155544FA2
:10EC38002054554E4500424C41434B424F580046E4
:10EC480041494C53414645004E41562057500041DA
:10EC58004952204D4F444500484F4D452052455399
:10EC6800455400474353204E4156004650562041D4
:10EC78004E474C45204D495800535552464143454F
:10EC880000464C415045524F4E005455524E20417B
:10EC98005353495354004E4156204C41554E434816
:10ECA80000534552564F204155544F5452494D0038
:10ECB80043414D45524120434F4E54524F4C203111
:10ECC8000043414D45524120434F4E54524F4C2032
:10ECD800320043414D45524120434F4E54524F4C10
:10ECE8002033004F534420414C542031004F5344AB
:10ECF80020414C542032004F534420414C5420337F
:10ED0800004E415620434F5552534520484F4C44DE
:10ED1800004D43204252414B494E470055534552FE
:10ED2800310055534552320055534552330055531F
:10ED3800455234004C4F49544552204348414E47B0
:10ED480045004D5350205243204F56455252494496
:10ED5800450050524541524D00545552544C4500BF
:10ED68004E415620435255495345004155544F2072
:10ED78004C4556454C205452494D00575020504C54
:10ED8800414E4E455200534F4152494E47004D495E
:10ED98005353494F4E204348414E4745004245454D
:10EDA800504552204D555445004D554C5449204628
:10EDB800554E4354494F4E004D49584552205052E4
:10EDC8004F46494C452032004D495845522054522F
:10EDD800414E534954494F4E00414E474C452048F7
:10EDE8004F4C4400800CD007B704C71B800CB704F5
:10EDF8000410020A0B06972304100B0600000000FB
:10EE080000000000E40101082B130000BC01010808
:10EE18000A000000000000000000000000000000E0
:10EE28000000000000000000000000001100320097
:10EE3800140064001800FA001B00F4011E00E80327
:10EE48006162636465666768696A6B6C6D6E6F7032
:10EE58007172737475767778797A303132333435E4
:10EE6800363738395F232D2E0000000000070E09C1
:10EE78001C1B1215383F363124232A2D70777E79D2
:10EE88006C6B6265484F464154535A5DE0E7EEE9C2
:10EE9800FCFBF2F5D8DFD6D1C4C3CACD90979E99B2
:10EEA8008C8B8285A8AFA6A1B4B3BABDC7C0C9CEA2
:10EEB800DBDCD5D2FFF8F1F6E3E4EDEAB7B0B9BE92
:10EEC800ABACA5A28F88818693949D9A2720292E82
:10EED8003B3C35321F18111603040D0A5750595E72
:10EEE8004B4C45426F68616673747D7A898E878062
:10EEF80095929B9CB1B6BFB8ADAAA3A4F9FEF7F052
:10EF0800E5E2EBECC1C6CFC8DDDAD3D4696E676041
:10EF180075727B7C51565F584D4A4344191E171031
:10EF280005020B0C21262F283D3A33344E49404721
:10EF380052555C5B7671787F6A6D64633E39303711
:10EF480022252C2B0601080F1A1D1413AEA9A0A701
:10EF5800B2B5BCBB9691989F8A8D8483DED9D0D7F1
:10EF6800C2C5CCCBE6E1E8EFFAFDF4F300000000FF
:10EF78003209000000000000010000007C2B0000A6
:10EF88000000000002000000890C000000000000E2
:10EF980004000000ED0E030C0D0000000500000049
:10EFA800D91C0100000000000600000068030000F2
:10EFB80000000000070000007720000000000000AB
:10EFC8000800000075240000000000000B0000008D
:10EFD800590601040000000014000000D6140302C2
:10EFE80003000000150000009F020300010000005C
:10EFF80016000000DC1900000000000017000000E7
:10F00800A8170304050000001800000018340000C9
:10F018000000000019000000176500000000000053
:10F028001A000000AA180000000000001B000000E1
:10F03800901D0000000000001C00000043100000AC
:10F04800000000001D000000731000000000000018
:10F058001E000000271C0000000000001F00000028
:10F06800F63000000000000020000000B91C00007D
:10F078000000000021000000681C000000000000E3
:10F0880022000000ED160000000000002300000030
:10F09800F41600000000000024000000DE25000037
:10F0A8000000000025000000D4070304050000004C
:10F0B80026000000090703040500000027000000DF
:10F0C800FE2603202100000028000000E6050302B8
:10F0D80003000000290000001C04030203000000D4
:10F0E8002A0000001C120000000000002B00000095
:10F0F80084030300010000002C000000DD09030266
:10F10800030000002D000000E803030001000000D8
:10F118002E0000000B020000000000002F0000007D
:10F128009908030001000000300000002915010CB7
:10F13800000000003100000027140000000000005B
:10F14800320000004E2503121300000033000000B7
:10F15800C405030203000000350000000305000099
:10F1680000000000360000000F1B03181900000003
:10F178003700000003190000000000003D000000F7
:10F18800A7480000000000003E000000B71A000079
:10F19800000000003F00000077B5000000000000FC
:10F1A80040000000BFE10000000000004100000036
:10F1B800762A0000000000004200000094060302C6
:10F1C80003000000430000001504000000000000D8
:10F1D80045000000F31E010A000000004600000080
:10F1E8007C26031011000000490000002626032099
:10F1F800210000004A000000141400000000000074
:10F208004B0000009E23031E1F0000004C0000005E
:10F218009821031E1F0000004D0000008F0A0308FC
:10F2280009000000500000000E0403020300000063
:10F23800510000006A1600000000000052000000A3
:10F248003133032425000000530000001625000078
:10F2580000000000540000008F3503323300000026
:10F26800550000008C33000000000000560000002C
:10F2780005350332330000005700000096330000C4
:10F288000000000059000000E71C0000000000001A
:10F298005A000000B7380000000000005B000000C2
:10F2A8003F2A0000000000005C000000362100003A
:10F2B800000000005D0000002F5100000000000069
:10F2C80064000000AF22000000000000650000009C
:10F2D8006675000000000000660000009E750000D2
:10F2E8000000000067000000D039000000000000A6
:10F2F8006800000038740000000000006900000089
:10F308005D3F0000000000006A0000008A2C000039
:10F31800000000006B0000006C41000000000000CD
:10F328006C000000205C0000000000006D00000080
:10F33800B9090000000000006E00000054FE03013F
:10F34800020000006F0000002212031011000000EC
:10F3580070000000AE0C000000000000710000000A
:10F368007C2700000000000072000000ED2C000067
:10F3780000000000730000000440000000000000CE
:10F38800740000004C180000000000007500000028
:10F39800800603040500000076000000380E000017
:10F3A8000000000077000000740C030A0B00000046
:10F3B800780000008661000000000000790000006D
:10F3C800ED020300010000007A000000CB020300F8
:10F3D800010000007B000000FA710300010000003A
:10F3E8007C00000057390000000000007D0000008C
:10F3F800CB060000000000007E000000DC51034F37
:10F40800500000007F0000001923000000000000E9
:10F4180080000000E22300000000000081000000DE
:10F428002E18000000000000820000001D0D0000E2
:10F438000000000083000000DFFF00000000000063
:10F44800840000005527000000000000850000002F
:10F45800061200000000000086000000E52B0000F6
:10F468000000000087000000CB080000000000003A
:10F47800880000000116000000000000890000005C
:10F48800C3100000000000008A0000006D78000032
:10F49800000000008B000000A82B03292A000000B0
:10F4A8008C000000B5290000000000008D0000005D
:10F4B8002F200000000000008E00000048F300002C
:10F4C800000000008F000000831000000000000012
:10F4D800900000007F5D0000000000009200000026
:10F4E8006764000000000000930000009A360000E6
:10F4F8000000000094000000B24E00000000000070
:10F5080095000000C83C00000000000096000000C4
:10F51800862A00000000000097000000DB080306B0
:10F528000700000098000000D0080000000000005C
:10F5380099000000BC0C0000000000009A000000C8
:10F54800540F0306070000009B000000160D03047B
:10F55800050000009C0000001306030001000000E5
:10F568009D000000150F030C0D0000009E00000018
:10F57800860F030C0D000000A00000004E0C0308CD
:10F5880009000000A100000044030300010000007E
:10F59800A2000000BD09000000000000A300000058
:10F5A8007F1C000000000000A40000009A2C00004E
:10F5B80000000000A5000000150300000000000086
:10F5C800A60000001509000000000000A7000000C8
:10F5D8009016000000000000A8000000010C0000C8
:10F5E80000000000A9000000EA120000000000006E
:10F5F800AA0000004922000000000000AB00000043
:10F60800B542000000000000AC00000016620000D7
:10F6180000000000AD0000005308000000000000DA
:10F62800AE000000A730000000000000AF0000009E
:10F638008A13030E0F000000B0000000EA03030065
:10F6480001000000B1000000F014000000000000FC
:10F65800B20000002F18000000000000B3000000F6
:10F66800BD1D011A00000000B4000000342F012A5B
:10F6780000000000B5000000AE040000000000001B
:10F68800B6000000E528000000000000B7000000F8
:10F698005502030001000000B80000009FCE0304DB
:10F6A80005000000B9000000BA07030405000000C7
:10F6B800BA000000481D030001000000BF00000060
:10F6C8005C1B000000000000C000000024360000A1
:10F6D80000000000C1000000471A00000000000000
:10F6E800C20000006221000000000000C30000000A
:10F6F8007825000000000000C8000000862A0328C2
:10F7080029000000C9000000CD0E030C0D00000008
:10F71800D60000004508030607000000D7000000D7
:10F728006503000000000000D80000003203030059
:10F7380001000000D9000000CA0600000000000017
:10F74800DA0000001107030001000000DB000000E0
:10F75800A202000000000000DC00000022200000DF
:10F7680000000000DD000000472A00000000000043
:10F77800DE0000000F03000000000000DF000000B2
:10F78800772F032A2B000000E0000000662D032AD3
:10F798002B000000E1000000D0490000000000003C
:10F7A800E2000000CF08000000000000E6000000B2
:10F7B800A32A000000000000E700000069280000FC
:10F7C80000000000E8000000974100000000000071
:10F7D800E900000023B6000000000000EA00000075
:10F7E8009628000000000000EB000000B32A00008B
:10F7F80000000000F10000005A2000000000000096
:10F80800F2000000683C000000000000F300000067
:10F81800553D013400000000F40000005F060000C0
:10F8280000000000F5000000820200000000000057
:10F83800F6000000B826000000000000F7000000F5
:10F848005113000000000000F800000008FE030348
:10F8580004000000F9000000CC24000000000000B3
:10F86800FA000000311E000000000000FB0000004C
:10F87800AA12000000000000FC0000002C1200008A
:10F8880000000000FD0000005336000000000000EA
:10F89800FE0000002E09000000000000000100002A
:10F8A800472A03080900000001010000830900003D
:10F8B8000000000002010000BBE803000100000096
:10F8C800030100005CED00000000000004010000DE
:10F8D800920E00000000000005010000B33D00008A
:10F8E80000000000060100000C17000000000000E6
:10F8F8000701000085FF000000000000080100006B
:10F908003120000000000000090100001A14000066
:10F91800000000000A010000C1FF0302030000000C
:10F928000B01000023FF0302030000000C0100008C
:10F938000E040302030000000D0100006DD7000053
:10F94800000000000E0100003B1400000000000051
:10F958000F01000016350000000000001301000030
:10F968007E20000000000000140100001232000098
:10F9780000000000150100003E1E0000000000000D
:10F9880018010000462100000000000019010000D5
:10F99800300D0000000000001A0100007B23032046
:10F9A800210000001B0100004A9100000000000037
:10F9B8001C0100006320031E1F0000001D01000041
:10F9C80089310326270000001E010000D2390332C6
:10F9D800330000001F010000011703141500000088
:10F9E8002001000014170314150000002201000074
:10F9F800FB2E000000000000230100000A3900006F
:10FA08000000000024010000E3DF031819000000D3
:10FA180027010000EA0C0000000000002801000097
:10FA280032230000000000002B01000013620000D8
:10FA3800000000002C010000D916000000000000A2
:10FA48002D010000F33A000000000000360100001C
:10FA58001C11000000000000370100005F74000066
:10FA68000000000040010000F3140302030000003E
:10FA7800410100005802030001000000420100009B
:10FA8800F395000000000000430100004E930300BE
:10FA98000100000044010000849200000000000002
:10FAA8004A01000017A70000000000004B010000F9
:10FAB8005BE90000000000004C010000ECEF0000D2
:10FAC800000000004D010000E76D0000000000008C
:10FAD8004E010000480A0000000000004F0100002D
:10FAE800E11800000000000050010000F55400007B
:10FAF8000000000053010000C705000000000000DE
:10FB08005401000063460000000000005901000095
:10FB1800D1150302030000005E010000E8FC0000AC
:10FB28000000000062010000D20E030C0D0000006E
:10FB380063010000060C00000000000068010000DE
:10FB48000B19000000000000690100005D210000A1
:10FB5800000000007101000097180000000000007C
:10FB6800720100004B6D00000000000073010000EE
:10FB78000A1A000000000000740100001A8C00003E
:10FB88000000000075010000752A00000000000058
:10FB980077010000FB8C00000000000078010000E5
:10FBA800C7080000000000007C010000E814000005
:10FBB800000000008101000093850302030000009B
:10FBC8008201000084100304050000008301000086
:10FBD80004480304050000008401000008250320F0
:10FBE80021000000860100009CF0000000000000D9
:10FBF8008B01000000D40000000000008C01000010
:10FC080032A00000000000008D010000B66C00006A
:10FC180000000000900100006EFE030405000000D3
:10FC280091010000B7060304050000009A010000D6
:10FC3800A0350000000000009B0100006A030000DE
:10FC4800000000009C0100002106030405000000DC
:10FC58009D0100004D070304050000009E010000FF
:10FC68006D100000000000009F010000A1100000BE
:10FC780000000000A401000014490306070000006A
:10FC8800B3010000862E000000000000B40100004F
:10FC9800C109000000000000B50100001E010000BD
:10FCA80000000000B801000042230000000000002E
:10FCB800B9010000A911000000000000FE010000C9
:10FCC800F56A000000000000FF0100001C4700006A
:10FCD8000000000000020000B80200000000000060
:10FCE800421F0000DA10000000000000431F00005F
:10FCF800E729000000000000441F0000AC6200007B
:10FD080000000000451F0000FB2600000000000066
:10FD1800461F0000610E000000000000471F0000A1
:10FD28004020000000000000481F0000EA210000F9
:10FD380000000000491F00009010000000000000B3
:10FD48004A1F00009B290000000000004B1F000014
:10FD580014660000000000004C1F00003610000070
:10FD6800000000004D1F0000DE2E00000000000013
:10FD78004E1F0000C80E0000000000004F1F0000CA
:10FD88001718000000000000501F00009512000026
:10FD98000000000028230000718900000000000016
:10FDA8002D2300007522000000000000112700002C
:10FDB800D11400000000000012270000BA2900003A
:10FDC80000000000132700000401000000000000EC
:10FDD8001427000085090000000000001527000016
:10FDE800670900000000000016270000C104000099
:10FDF8000000000017270000471100000000000065
:10FE080018270000F00E000000000000A7270000DF
:10FE1800C355000000000000F82A000086340304DF
:10FE280005000000F92A00000F880000000000000B
:10FE3800FA2A0000EAB4030405000000FB2A0000C7
:10FE48004005000000000000FC2A00000BE8030841
:10FE580009000000FD2A00005DE600000000000027
:10FE6800022B00002E31000000000000032B0000D0
:10FE78006A2C0000000000000C2B0000CD100000D0
:10FE880000000000162B0000902C0000000000006D
:10FE9800172B0000852C000000000000182B000024
:10FEA800552C000000000000192B0000C32503108A
:10FEB800110000001A2B00004F0500000000000090
:10FEC8001B2B000080080304050000001C2B000009
:10FED800B1220000000000001D2B0000821C000061
:10FEE800000000001E2B00002F260000000000006C
:10FEF8001F2B00008E09000000000000202B0000CE
:10FF0800842C000000000000212B0000D02C0000F1
:10FF180000000000222B0000C92C00000000000097
:10FF2800232B0000C12C000000000000242B00003F
:10FF3800BD2C000000000000342B0000A24E000081
:10FF48000000000064320000722C03000100000071
:10FF580065320000FE3B031E1F00000066320000F1
:10FF68008C3503040500000067320000F92E0300F9
:10FF780001000000683200004D36031C1D0000001F
:10FF880069320000312B03000100000073320000C9
:10FF98005EF9030001000000763200008B33000098
:10FFA8000000000077320000071203101100000063
:10FFB80078320000140500000000000068420000CC
:10FFC80067B3000000000000FE4200001A21000094
:10FFD80000000000FF420000481000000000000080
:10FFE800014300001311000000000000024300005C
:08FFF800591100000000000097
:020000040801F1
:10000000034300001B0A000000000000044300003E
:100010000E5B00000000000005430000BB54000020
:1000200000000000064300006A1800000000000005
:1000300010A40000E30100000000000011A4000073
:10004000EF2E00000000000051C30000F620000069
:100050000000000052C30000B5F6000000000000E0
:1000600053C300003E1300000000000054C3000012
:10007000F00A03080900000055C3000098060304B5
:100080000500000020CB00000D640000000000000F
:1000900021CB0000EF0100000000000015CD0000A2
:1000A000F01100000000000016CD0000584E0000C6
:1000B0000000000017CD00006055000000000000A7
:1000C00018CD0000B11C00000000000019CD000098
:1000D000D73200000000000078CD0000B5260320D4
:1000E0002100000079CD000066240000000000001F
:1000F00060EA000004160314150000006AEA00001C
:10010000D0210000000000006BEA0000B7070000EB
:10011000000000006CEA00006324032021000000BE
:100120006DEA000081180314150000006EEA00005B
:10013000860803040500000074EA0000CA040000F9
:100140000000000088EA00009CF5000000000000AC
:1001500089EA0000BFFF0000000000008DEA0000F7
:100160000E170302030000008EEA0000AB1C030818
:10017000090000008FEA00003707000000000000BF
:1001800091EA0000610C00000000000092EA00000B
:10019000DC0E00000000000093EA0000F5180000EB
:1001A0000000000094EA0000652C00000000000040
:1001B00095EA00002D060000000000006666F43598
:1001C000CCCCFC353333053699990D360000163604
:1001D00066661E36CCCC263633332F3699993736A1
:1001E00000004036666666380000703899997938A4
:1001F00033338338CCCC8C38666696380000A03810
:100200009999A9383333B338CCCCBC386666C63834
:100210000000D0389999D9383333E338CCCCEC3856
:100220006666F63800000039999909393333133975
:10023000CCCC1C3966662639000030399999393999
:1002400033334339CCCC4C396666563900006039BB
:100250009999693933337339CCCC7C3966668639E0
:1002600000009039999999393333A339CCCCAC3902
:100270006666B6390000C0399999C9393333D33924
:10028000CCCCDC396666E6390000F0399999F93949
:100290000000891112239B322446AD573665BF7486
:1002A000488CC19D5AAFD3BE6CCAE5DB7EE9F7F836
:1002B0008110080193331A22A5562C47B7753E6466
:1002C000C99C408DDBBF52AEEDDA64CBFFF976E816
:1002D00002218B30100299132667AF763444BD5546
:1002E0004AADC3BC588ED19F6EEBE7FA7CC8F5D9F6
:1002F00083310A2091121803A7772E66B5543C4526
:10030000CBBD42ACD99E508FEFFB66EAFDD874C9D5
:1003100004428D5316619F702004A9153227BB3605
:100320004CCEC5DF5EEDD7FC6888E1997AABF3BAB5
:1003300085520C4397711E60A1142805B3373A26E5
:10034000CDDE44CFDFFD56ECE9986089FBBB72AA95
:1003500006638F7214409D512225AB343006B917C5
:100360004EEFC7FE5CCCD5DD6AA9E3B8788AF19B75
:1003700087730E6295501C41A3352A24B1163807A5
:10038000CFFF46EEDDDC54CDEBB962A8F99A708B55
:10039000088481951AA793B62CC2A5D33EE1B7F085
:1003A0004008C919522BDB3A644EED5F766DFF7C35
:1003B000899400859BB712A6ADD224C3BFF136E065
:1003C000C1184809D33B5A2AE55E6C4FF77D7E6C15
:1003D0000AA583B4188691972EE3A7F23CC0B5D145
:1003E0004229CB38500AD91B666FEF7E744CFD5DF5
:1003F0008BB502A499961087AFF326E2BDD034C125
:10040000C3394A28D11A580BE77F6E6EF55C7C4DD4
:100410000CC685D71EE597F42880A1913AA3B3B204
:10042000444ACD5B5669DF78600CE91D722FFB3EB4
:100430008DD604C79FF516E4A9902081BBB332A2E4
:10044000C55A4C4BD7795E68E11C680DF33F7A2E94
:100450000EE787F61CC495D52AA1A3B03882B193C4
:10046000466BCF7A5448DD59622DEB3C700EF91F74
:100470008FF706E69DD414C5ABB122A0B9923083A4
:10048000C77B4E6AD5585C49E33D6A2CF11E780F54
:10049000A08601000B19000050C3000010000410DA
:1004A00000005B0101000000B01D000096FF00008D
:1004B0000506010C015B00009033000091FF000075
:1004C0000606010C015B00002058000090FF0000B0
:1004D0005DED000800000000B0EB00080200000025
:1004E000B6EB000803000000BEEB000804000000AB
:1004F000CAEB000805000000D7EB0008060000006A
:10050000E0EB0008FF000000E8EB0008FF0000003F
:10051000F0EB000807000000F8EB000808000000FE
:1005200004EC0008090000000BEC0008FF000000CC
:1005300012EC0008FF0000001BEC0008FF000000A8
:1005400022EC0008FF0000002AEC0008FF00000079
:1005500034EC00080A0000003EEC0008FF00000038
:1005600047EC00080100000050EC00080B00000000
:1005700057EC00080C00000060EC0008FF000000D1
:100580006BEC0008FF00000073EC0008FF000000A7
:1005900081EC0008FF00000089EC00080D0000005D
:1005A00092EC00080E0000009EEC00080F00000016
:1005B000A9EC0008FF000000B8EC0008FF000000F4
:1005C000C9EC0008FF000000DAEC0008FF000000A2
:1005D000EBEC0008FF000000F5EC0008FF00000055
:1005E000FFEC0008FF00000009ED0008100000000B
:1005F00019ED0008FF00000024ED0008FF000000D6
:100600002AED0008FF00000030ED0008FF000000A8
:1006100036ED0008FF0000003CED0008FF00000080
:100620004AED0008FF0000005AED0008FF0000003E
:1006300061ED00081100000068ED000812000000E4
:1006400073ED0008FF00000083ED0008FF000000CC
:100650008EED00081300000096ED0008FF0000007A
:10066000A5ED0008FF000000B1ED0008FF0000004C
:10067000C0ED0008FF000000D0ED0008FF00000002
:10068000E1ED000814000000000000000000000080
:10069000B99C0008BB9C0008BF9C0008C39C0008D4
:1006A0000000000000000000010203040607080922
:1006B0000000000001020304000102030405060714
:1006C000080C10141820304001000200040006003D
:1006D00008000A000C00100020004000800000010B
:1006E00001000000020000000400000006000000FD
:1006F000080000000A0000000C00000010000000CC
:100700002000000040000000800000000001000008
:0807100088DDFF7F01000000FD
:08071800750A0008FD9B0008B2
:040720004D0A000876
:10072400DDE900087AE900087DE900087FE90008AE
:1007340072E9000874E9000876E9000878E900081D
:1007440090BADCFE78563412D20400000A0000008D
:100754007DFF000010EB000840EB0008FF000000E4
:1007640088EB0008E0EA00080024F400010000001F
:100774001000000000000000000000000000000065
:100784000000000001000000000000000000000064
:040794000000000061
:040000050800C3E547
:00000001FF
