:020000040800F2
:1000000000500020AD9900089599000897990008C4
:10001000999900089B9900089D990008000000002C
:100020000000000000000000000000009F99000890
:10003000A199000800000000A3990008A5990008F4
:10004000F5990008F5990008F5990008F599000858
:10005000F5990008F5990008F5990008F599000848
:10006000F5990008F5990008F5990008F599000838
:10007000F5990008F5990008F5990008F599000828
:10008000F5990008F5990008F5990008F599000818
:10009000F5990008F5990008F5990008F599000808
:1000A000F5990008F5990008F5990008F5990008F8
:1000B000452B0008F5990008F5990008F599000806
:1000C000F5990008F5990008F5990008F5990008D8
:1000D000F599000801240008E52600080D460008EF
:1000E000CD770008F5990008F59900080000000098
:1000F0000000000000000000000000000000000000
:0C01000000000000000000005FF808F1A3
:1001100010F8012B11F8013B012A28BF9A42F7D0B1
:10012000D01A7047034613F8012B002AFBD1181A86
:100130000138704780F0004002E000BF81F00041CC
:1001400042001FBF5FEA410392EA030F7FEA226C7D
:100150007FEA236C6AD04FEA1262D2EB1363C1BF0D
:10016000D218414048404140B8BF5B42192B88BF7C
:10017000704710F0004F40F4000020F07F4018BF9F
:10018000404211F0004F41F4000121F07F4118BFBF
:10019000494292EA030F3FD0A2F1010241FA03FC67
:1001A00010EB0C00C3F1200301FA03F100F000434F
:1001B00002D5494260EB4000B0F5000F13D3B0F117
:1001C000807F06D340084FEA310102F10102FE2A86
:1001D00051D2B1F1004F40EBC25008BF20F00100F6
:1001E00040EA03007047490040EB0000013A28BF95
:1001F000B0F5000FEDD2B0FA80FCACF1080CB2EB18
:100200000C0200FA0CF0AABF00EBC2505242184395
:10021000BCBFD0401843704792F0000F81F400013A
:1002200006BF80F400000132013BB5E74FEA41030D
:100230007FEA226C18BF7FEA236C21D092EA030F79
:1002400004D092F0000F08BF0846704790EA010FF3
:100250001CBF0020704712F07F4F04D1400028BF20
:1002600040F00040704712F100723CBF00F5000002
:10027000704700F0004343F0FE4040F40000704738
:100280007FEA226216BF08467FEA236301464202E4
:1002900006BF5FEA412390EA010F40F480007047F7
:1002A0004FF0000304E000BF10F0004348BF40429D
:1002B0005FEA000C08BF704743F0964301464FF0D9
:1002C00000001CE050EA010208BF70474FF0000335
:1002D0000AE000BF50EA010208BF704711F0004376
:1002E00002D5404261EB41015FEA010C02BF844646
:1002F0000146002043F0B64308BFA3F18053A3F5A5
:100300000003BCFA8CF2083AA3EBC25310DB01FAEB
:1003100002FC634400FA02FCC2F12002BCF1004F6F
:1003200020FA02F243EB020008BF20F00100704700
:1003300002F1200201FA02FCC2F1200250EA4C0054
:1003400021FA02F243EB020008BF20EADC7070479A
:100350004FF0FF0C1CEAD0521EBF1CEAD15392EAA8
:100360000C0F93EA0C0F6FD01A4480EA010C400284
:1003700018BF5FEA41211ED04FF0006343EA5010DE
:1003800043EA5111A0FB01310CF00040B1F5000F20
:100390003EBF490041EAD3715B0040EA010062F1CF
:1003A0007F02FD2A1DD8B3F1004F40EBC25008BFB9
:1003B00020F00100704790F0000F0CF0004C08BFD7
:1003C00049024CEA502040EA51207F3AC2BFD2F1A4
:1003D000FF0340EAC250704740F400004FF00003B2
:1003E000013A5DDC12F1190FDCBF00F000407047EC
:1003F000C2F10002410021FA02F1C2F1200200FA2A
:1004000002FC5FEA310040F1000053EA4C0308BFF0
:1004100020EADC70704792F0000F00F0004C02BF41
:10042000400010F4000F013AF9D040EA0C0093F0BC
:10043000000F01F0004C02BF490011F4000F013B16
:10044000F9D041EA0C018FE70CEAD15392EA0C0F84
:1004500018BF93EA0C0F0AD030F0004C18BF31F0EF
:10046000004CD8D180EA010000F00040704790F0C5
:10047000000F17BF90F0004F084691F0000F91F069
:10048000004F14D092EA0C0F01D142020FD193EA2F
:100490000C0F03D14B0218BF084608D180EA0100B7
:1004A00000F0004040F0FE4040F40000704740F093
:1004B000FE4040F4400070474FF0FF0C1CEAD05261
:1004C0001EBF1CEAD15392EA0C0F93EA0C0F69D0BD
:1004D000A2EB030280EA010C49024FEA402037D028
:1004E0004FF0805343EA111143EA10130CF000401F
:1004F0008B4238BF5B0042F17D024FF4000C8B420F
:1005000024BF5B1A40EA0C00B3EB510F24BFA3EBEE
:10051000510340EA5C00B3EB910F24BFA3EB9103BE
:1005200040EA9C00B3EBD10F24BFA3EBD10340EA18
:10053000DC001B0118BF5FEA1C1CE0D1FD2A3FF65E
:1005400050AF8B4240EBC25008BF20F00100704713
:100550000CF0004C4CEA50207F32C2BFD2F1FF03B6
:1005600040EAC250704740F400004FF00003013AE7
:1005700037E792F0000F00F0004C02BF400010F48B
:10058000000F013AF9D040EA0C0093F0000F01F09F
:10059000004C02BF490011F4000F013BF9D041EAC1
:1005A0000C0195E70CEAD15392EA0C0F08D14202F4
:1005B0007FF47DAF93EA0C0F7FF470AF084676E7C7
:1005C00093EA0C0F04D14B023FF44CAF08466EE7A0
:1005D00030F0004C18BF31F0004CCAD130F000426E
:1005E0007FF45CAF31F000437FF43CAF5FE700BFC6
:1005F0004FF0FF3C06E000BF4FF0010C02E000BFEF
:100600004FF0010C4DF804CD4FEA40024FEA410390
:100610007FEA226C18BF7FEA236C11D001B052EA46
:10062000530C18BF90EA010F58BFB2EB030088BF0C
:10063000C81738BF6FEAE17018BF40F0010070477B
:100640007FEA226C02D15FEA402C05D17FEA236C5D
:10065000E4D15FEA412CE1D05DF8040B704700BFA4
:10066000844608466146FFE70FB5FFF7C9FF00283B
:1006700048BF10F1000F0FBD4DF808EDFFF7F4FF74
:100680000CBF012000205DF808FB00BF4DF808ED0D
:10069000FFF7EAFF34BF012000205DF808FB00BF30
:1006A0004DF808EDFFF7E0FF94BF012000205DF852
:1006B00008FB00BF4DF808EDFFF7D2FF94BF012003
:1006C00000205DF808FB00BF4DF808EDFFF7C8FFFC
:1006D00034BF012000205DF808FB00BF4FEA400254
:1006E000B2F1FE4F0FD34FF09E03B3EB12620DD960
:1006F0004FEA002343F0004310F0004F23FA02F0CA
:1007000018BF404270474FF00000704712F1610F70
:1007100001D1420205D110F0004008BF6FF0004047
:1007200070474FF00000704742000ED2B2F1FE4F0A
:100730000BD34FF09E03B3EB126209D44FEA0023B0
:1007400043F0004323FA02F070474FF00000704777
:1007500012F1610F01D1420202D14FF0FF30704718
:100760004FF00000704700BF0348044B834202D0A3
:10077000034B03B118477047480000204800002091
:10078000000000000548064B1B1AD90F01EBA3011E
:10079000491002D0034B03B11847704748000020AE
:1007A000480000200000000010B5064C237843B933
:1007B000FFF7DAFF044B13B10448AFF300800123C5
:1007C000237010BD4800002000000000D8AF0008D2
:1007D00008B5054B1BB105490548AFF30080BDE8DE
:1007E0000840FFF7CFBF00BF000000004C00002012
:1007F000D8AF00080022427082700122C27002222B
:10080000B1FA81F102710322490901704271704706
:1008100043788B421FD0012941700AD0022910D0A1
:10082000C1B90123C3700223817003710323437193
:100830007047037843B1012383700223C370002300
:10084000F3E70378002BF6D0022383700023C370F4
:100850000123EAE7FEE770470B8882B0ADF800306D
:100860004B880239ADF80230CB88ADF804300B89E3
:10087000ADF80630431C053013F8012F0DF1080CBC
:100880000CEB420232F8082C834221F8022FF3D1FC
:1008900002B0704708448078704738B54FF07F3316
:1008A0007F22C0F8A03000254FF6FF730446A0F861
:1008B000A43080F8A62080F8A950A0F8AA30AC3067
:1008C00000F049FCA4F8B85038BD70B51546044690
:1008D0001E46114600F07FFC294604F1140000F08A
:1008E0007AFC294604F1280000F075FC294604F141
:1008F0003C0000F070FC294604F1500000F06BFC55
:10090000294604F1640000F066FC294604F17800F1
:1009100000F061FC294604F18C0000F05CFC04F15D
:10092000AC0032464FF4FA734FF4FA6100F0F9FB71
:100930002046BDE87040FFF7B0BF704700F052BCE2
:10094000143000F04FBC283000F04CBC90F8A430BC
:1009500013B990F9A000704790F9A100704790F882
:10096000A43013B990F9A200704790F9A300704722
:1009700010B5044607F096F938B104F1140000F000
:1009800035FC012838BF0120C0B210BD10B50446A7
:1009900007F088F938B104F1500000F027FC012875
:1009A00038BF0120C0B210BD4FF47A71AC3000F0F6
:1009B000D9BB0021AC3000F0D5BB08B5AC3000F09D
:1009C000E2FBB0F57A7FA8BF4FF47A7020EAE070BE
:1009D00008BD10B5044600F0DFFB04F1140000F080
:1009E000DBFB04F1280000F0D7FB04F13C0000F031
:1009F000D3FB04F1500000F0CFFB04F1640000F0E1
:100A0000D7FB04F1780000F0D3FB94F8B93013B1B0
:100A1000013B84F8B93010BD7F2807D0002807DAE1
:100A200010F1800F06D04042C0B2704700207047DE
:100A3000012070477F20704710B1404240B270479C
:100A40007F2070477F280FD010F1310F0EDA10F1A0
:100A5000780F0DDBFE23783040B258434623233015
:100A6000B0FBF3F0C0B27047FF207047FE20704724
:100A7000002070477F2805D031B1002806DA4042B7
:100A8000C0B27047FF207047FE20704700207047BB
:100A90007F2811D010F1310F10DA10F1780F10DB30
:100AA00040F2A963783040B2584346232330B0FB6C
:100AB000F3F0AC3080B270470020704740F25570C0
:100AC0007047AC20704763289FBF40F2A96358432A
:100AD000642332309DBFB0FBF3F0AC3080B240F203
:100AE000557070474FF4F063A0F58060584340F2B2
:100AF000FF7390FBF3F000F5787080B27047FFF75A
:100B0000F1BF4FF49663A0F58060584340F2FF7345
:100B100090FBF3F000F2DC5080B27047A0F58060EB
:100B2000D0EB001048BF033040F38F00704703281C
:100B300012DD0C2812DD0F2812DD122812DD162816
:100B400012DD192812DD1C2812DD1F2812DD2128D4
:100B5000CCBFFF200620704700207047012070475F
:100B60000220704708207047032070470720704715
:100B7000042070470520704705289ABF014B185C78
:100B8000FF20704774B000087F281ABF4042C0B2EF
:100B9000002070477F2811D010F1320F10DA884200
:100BA00010DD6423401A5843C1F1FF2101F57F0194
:100BB000CE31313090FBF1F0C0B27047FF2070476A
:100BC0006420704700207047014B4840185C704714
:100BD0007CB0000852B110B4054C0A4411F8013B36
:100BE00058408A42205CF9D110BC7047704700BF62
:100BF0007CB00008002805DB212805DC044B33F815
:100C000010007047002070474FF4FA60704700BF33
:100C1000A6B10008392808D822280ED9094B233854
:100C2000C0B2C34003F0010070475F2807D06138AD
:100C300019288CBF00200120704700207047012038
:100C4000704700BF01EC7F00F8B5024600245F2723
:100C5000451E461D15F8010FFF2804BF0134E4B2FC
:100C6000FFF7D8FF00B92F70AE42F3D1062C04D1A4
:100C700019B10B6813608B88938000239371F8BDC2
:100C80002DE9F843012500264FF02808DFF82C90C5
:100C9000471E441D17F8011F08480AF04EF9034685
:100CA00010B1A0EB0903DBB2A3FB05329E19A742EA
:100CB000A5FB0853EED13046BDE8F8837CB10008AF
:100CC00010B54179A1F13000C3B2092B07D8052333
:100CD000B0FBF3F303EB8303C01AC0B210BD044CA6
:100CE00020460AF02AF90028F1D0001BC0B2EEE736
:100CF0007CB1000870B50446FFF714FA02B2002078
:100D0000551E03B2AB4204EB030103DAE65C01308B
:100D1000302EF6D0D21A2046BDE8704001320AF0DB
:100D200039B90000432B28BF43232DE9F0470C4677
:100D300096B0154600211A46984607460AF044F92F
:100D40000021412205A804910AF03EF9DFF87C90C9
:100D5000DFF87CA004EB4505AC4210D104A8FFF7F6
:100D6000E1F928B1002200F158036B4403F8492C43
:100D7000384604A90AF0CAF816B0BDE8F08747F66D
:100D8000FF7334F9020B9842E8D0002812DC514678
:100D900068460AF0BBF804A8FFF7C4F9064668469F
:100DA000FFF7C0F90644B045D6D3694604A80AF057
:100DB000B5F8D1E7694680B208F0F0FA6846FFF767
:100DC00099FF494668460AF0A9F8E4E72BB0000805
:100DD00026B00008F0B589B06D4600242F468E1C61
:100DE000E1B28A4204D83946FFF79CFF09B0F0BD52
:100DF00036F82410013425F8021BF1E742F2107393
:100E0000B0FBF3F2642103FB1200B0FBF1F301FB32
:100E1000130000EB023000EB831080B2704770B516
:100E20000E460021054614460AF0CEF800239AB279
:100E3000944200D870BDF25C002AFBD0EA54013322
:100E4000F5E70000072914D8DFE801F00407090BD3
:100E50000D0F11110849FFF7E2BF0849FBE70849E8
:100E6000F9E70849F7E70849F5E70849F3E70849CA
:100E7000F1E70849EFE700BF30B0000835B00008DF
:100E80003AB000083FB0000844B0000849B000087C
:100E90004EB0000853B00008052911D8DFE801F072
:100EA0000306080A0C0E0749FFF7B9BF0649FBE71E
:100EB0000649F9E70649F7E70649F5E70649F3E782
:100EC0000649F1E755B000085AB000085FB00008C5
:100ED00064B0000869B000086DB0000853B00008A5
:100EE00070B50E4614460021013205460AF06CF832
:100EF00000239AB2944200D870BDF25C002AFBD065
:100F0000EA540133F5E77D23438043F23903C3609C
:100F1000002309B201808180C38003727047000002
:100F200002680449044B01FB023323F000430360D1
:100F3000180C7047FD430300C39E2600F0B5002542
:100F400097B00160858004465622294668460AF01B
:100F50003BF80126627CAA4209D80023802104F1D3
:100F6000B400237417B0BDE8F0400AF02DB8204655
:100F7000FFF7D6FFE77900217B1B90FBF3F2EC46ED
:100F800002FB13000A46C0B2CBB29F421CD800231A
:100F9000227B9A42DED0A2796119033A012A05D94F
:100FA00025B191F91120D2B9012BD3D98B74A26844
:100FB00052F82310583304EB85026B44013551631A
:100FC00003F8586CEDB2C5E71CF801EBBEF1000F59
:100FD00003D18242DCD00132D2B20131D4E7501EBB
:100FE0008342E3DB01329342E0DCB3E72DE9F047D3
:100FF000154696B0013D0160027104464371EDB2A1
:1010000056220021684609F0DFFF022D98BF4FF0FD
:1010100003094FF0000794F807808ABF4FF00109D9
:10102000B8FBF9F800253E464FF0010A627CB24257
:1010300009D80023802104F1B400237416B0BDE860
:10104000F04709F0C1BF2046FFF76AFFA8EB06038F
:1010500090FBF3F2002102FB1300EC460A46C0B2FB
:10106000CBB2984506D91CF801EBBEF1000F21D197
:1010700082421DD1434528BF434609FB0351227BD1
:10108000C9B28A42D2D016B1B7B9012BCED9A219B2
:101090009174A2681F4652F8211004EB8602516336
:1010A00003F158026A44013602F858ACF6B2BDE7C3
:1010B0000132D2B20131D3E77A1E9342E7DB7A1CC8
:1010C0009342E4DCB2E70023C0E90133C360037458
:1010D0007047F0B5047C0360012C11D94FF47A7786
:1010E00044688568141B7C43C6684D1B05FB164489
:1010F0002B4494FBF3F33344C360C0E90121F0BDFA
:101100001CB90123C4600374F7E74FF47A74436891
:10111000D31A634384680C1B93FBF4F3C36002236C
:10112000F1E72DE9F041044610461D461646884673
:10113000FFF7B6F8074606EB0800FFF7B1F80146DF
:101140003846FFF7B9F9656020602846FFF7ACF82C
:10115000A060BDE8F08110B504464068FFF7A4F830
:10116000A06010BD38B5044685680846FFF79CF8B6
:101170002946FEF7E3FF2168FFF7EAF82946FEF764
:10118000DFFFA06038BD08B54FF07C518068FEF7E6
:10119000D7FFFFF7A3FA08BD6421D0E90123D31AD2
:1011A000C3604B43418A8260B3FBF1F30374704721
:1011B000D0E90123D31AC0E90223704743682BB159
:1011C0006421C2684A43B2FBF3F2D3B20374002332
:1011D000C3604360704700234182C0E9023343602B
:1011E000037470474368013343607047007C704765
:1011F00043680B4443607047072800D9FEE7014B62
:10120000185C704720B20008052800D9FEE7014BA2
:10121000185C704728B2000870477047002070477C
:101220000020704700207047704700207047002062
:1012300070470000054B82B0DA690243DA61DB696E
:1012400003400193019B02B0704700BF00100240B1
:10125000054B82B09A6902439A619B6903400193EE
:10126000019B02B0704700BF0010024000F10C0368
:1012700053E8003F43F0800300F10C0141E80032E5
:10128000002AF3D1704700F10C0353E8003F23F02C
:10129000400300F10C0141E80032002AF3D170470D
:1012A00000F10C0353E8003F23F0800300F10C0130
:1012B00041E80032002AF3D1704700000B4B0C4A82
:1012C0001B6830B4A2FB03239B0C00FB03F2094D07
:1012D00002F5FA72A5FB0252074992094C684B6865
:1012E0001B1B9342FBD330BC704700BF3C00002067
:1012F00083DE1B43D34D6210001000E00288044BD4
:101300005140C9B233F8113083EA12230380704789
:10131000DCCA00089AB110B4B0F800C0084C0A4406
:1013200011F8013B83EA0C03DBB234F8133091422D
:1013300083EA1C2CA0F800C0F2D110BC70477047A3
:10134000DCCA00084FF6FF7337B50446ADF8063027
:101350004518AC4203D1BDF8060003B030BD14F807
:10136000011B0DF10600FFF7C9FFF2E708B51E20CB
:10137000FFF7A4FF4FF48052034B28205A61BDE8C9
:101380000840FFF79BBF00BF000C014008B5642078
:10139000FFF794FF4FF48052024B1A61BDE80840FA
:1013A000FFF78CBF000C0140044B1888044B80B23F
:1013B0001B889BB2C01A18BF012070470629002065
:1013C000042900200023044A1380044A1380044A9D
:1013D0001380044A13807047042900200629002046
:1013E000082D00200A2D00200120704700207047A2
:1013F000002070470278024B51405B5C03707047DD
:10140000C0B60008FF230370704700BF704770B577
:101410000B78054603704B780C4643700B78FD2B18
:1014200038D10A268B788370CB78C3700B7903711F
:101430004B7943718B7983718B68C3718B68C3F36C
:101440000F2303728B7A4372627804F10C01A8199E
:1014500009F080FD6378B4F80C213344EA54B4F801
:101460000C115A1C92B2090AA954A278981CD207EE
:1014700080B20ED504F58872054404F58E7452F8D6
:10148000041BA24245F8041BF9D112780F332A70CD
:1014900098B270BD00238B700B79062683704B7950
:1014A000C3708B7903718B684371CDE72C2208B52B
:1014B0000021034809F088FD0022024B1A7008BD84
:1014C000A4050020480300202DE9F04113780446CC
:1014D000037092F80180FD2B0F46154680F80180BD
:1014E00054D10A2693788370D378C370137903712B
:1014F00053794371937983716B7A127A1B0403EBEE
:101500000223EA79134423F07F43A268A91963F305
:101510001702A26004F10C00424609F01BFD7A7B21
:10152000904507D208F10C000021A2EB08022044EC
:1015300009F04AFD63781E44AB195A78AB5D03EBA2
:101540000223A4F80C31A378DB070ED50236B6B21D
:10155000354404F5887305F10C0255F8041B9542D7
:1015600043F8041BF9D12A781A70BB7A84F8213128
:10157000FB7A84F822313B7B84F823317B7B84F82F
:1015800024313B7884F82031BDE8F081002343808A
:10159000937806260371D378437113798371537955
:1015A000B3E7000070B50F4C0F4D0646062204F15C
:1015B0000A0105F58970FFF793FC237CC3F303024E
:1015C000C3F3031385F81A31637C85F81921C3F33B
:1015D000030385F81B31637ADB0744BF02233373AF
:1015E00070BD00BFED1E0020C400002070B5044691
:1015F0002420E270207022465820BDF81450237138
:101600001B0A63712B0AA1706070A57102F8073F75
:10161000049B59198B420CD16A1D92B2E11C002027
:10162000FFF7D8FA05F10806A05505F1090080B2C8
:1016300070BD13F8010B02F8010FEBE710B502784B
:101640000A4BD243D2B244789A5C90F802E06240EE
:101650009A5C90F803C082EA0E029A5C017982EAF1
:101660000C029A5C4A40985C10BD00BFC0B60008EE
:10167000F8B53C290446BDF81C5036D0A1F121062E
:10168000714271414900D00748BF41F008019207FB
:101690004FF0240222704FF06F02E3704FEA1323E1
:1016A00048BF41F010012371A61C2B0A6270A17083
:1016B000A37130466571FFF7C1FF2246069B02F811
:1016C000070F59198B4212D1A91D304689B2FFF775
:1016D00039FE05F1080705F10903E0559BB2000A40
:1016E000E05405F10A0080B2F8BD0121CBE713F800
:1016F000010B02F8010FE5E76FF02002084B1A60BA
:101700005B68084A02F60C0353E8003F43F02003ED
:1017100002F60C0040E800310029F3D1704700BF09
:10172000003801400030014050294FEA10122CD0FF
:1017300018D830292CD00DD810292CD041F6786338
:1017400043F6F040202908BF034617489040B0FBFD
:10175000F3F0704741F6786347F61220402908BF3E
:101760000346F2E7802919D008D8602918D041F63D
:1017700078630E48702908BF0346E6E741F67863B0
:101780000B48902908BF0346DFE74AF2E423DCE771
:1017900045F24013D9E742F6A003D6E7054BD4E75C
:1017A0004FF22443D1E700BF40420F0048E8010058
:1017B00020A1070090D003002DE9F04F0C4651887E
:1017C0000546B1F58C7F85B011D300211170D91C6D
:1017D000C9B2012995BF01210023518053809CBFCC
:1017E0002370117000232B7005B0BDE8F08F1078C6
:1017F0000E2800F28B8001A656F820F0CF170008C3
:1018000039180008611800087B1800080D19000835
:101810000D1900080D1900080D1900080D19000810
:101820000D1900080D1900080D1900080D19000800
:101830000D1900088D180008481C50806354217849
:101840009BB2FD2906D10C330A21D380022391805B
:101850001370C7E706210833D38091800E23F7E782
:10186000481C5080D807635442BFD1880D31D180C5
:10187000012B8CBF00230323EAE7002B01F10100B9
:101880005080635414BF00230E23E1E7481C5080AE
:1018900063545388D1888B4232D300235380137012
:1018A000022369802B702378FD2B35D163792B724D
:1018B000A3796B72637A227A1B0403EB0223E27929
:1018C00013446B60637803F10C026A80A278D1073D
:1018D00001D519336B80002640F285120C2069680F
:1018E000DFF8E8806E81B31801335B0800FB03F773
:1018F00058F80770B94218D25A1EB242F3D816E00F
:1019000092889A423FF66EAF01236CE70023137072
:1019100053809380D38066E7E3782B7223796B72D0
:1019200063796B6063780833D4E71E46E5D80C27EB
:10193000774358F80730994227D123782046FD2B6A
:101940000CBF4FF00A094FF0060910F801BF4744D9
:1019500009EB0B03591E89B20193FFF7F3FC97F8CB
:1019600004A0ADF80E0051460DF10E00FFF7C6FCC5
:10197000019BE2185278E35C03EB0223BDF80E20D2
:101980009BB29A4203D005232DE703232BE7BB79B3
:10199000DA0706D5FA79934582BF04EB09018A5C20
:1019A000AA729B0709D50C2303FB068362781B7A76
:1019B0009A4282BF4C44E35CEB720C2303FB068328
:1019C0005B7985F80CA06B730EE700BFC0B7000809
:1019D000F0B5FD230546044685B005F80C3B8DF8AF
:1019E000043090F8243103F10C020244012B42D858
:1019F0000026637066808DF805308B7A0DF1050046
:101A000023718DF808308B7AADF8066001338B7244
:101A1000637909218DF80930A3798DF80A30A3681C
:101A2000C3F317031A128DF80B301B148DF80D3009
:101A30008DF80C20FFF786FC677829463A46ADF80A
:101A400002000DF10200FFF765FC94F82311FFF787
:101A500055FC94F82421BDF802309742A4F80C31CB
:101A600010D2314607F10C00D21B204405B0BDE86E
:101A7000F04009F0A9BA12F8010D0028B8D1013BD5
:101A8000DBB2B3E705B0F0BD07B503688DF807100A
:101A900001221B690DF10701984703B05DF804FBB3
:101AA00070B5044608460D46FEF73CFB2368294600
:101AB00082B21B692046BDE8704018470120FFF73D
:101AC000C7BB00000D4B984202D10420FFF7C0BBFA
:101AD0000B4B984205D003F58063984203D1102048
:101AE000F4E70820F2E7074B984201D12020EDE708
:101AF000054B984200D070474020E7E700080140BE
:101B0000000C014000140140001801400B4B9842AA
:101B100003D14FF40060FFF79BBBB0F1804F04D0BE
:101B2000074B984204D1022000E00120FFF782BB5E
:101B3000044B984201D10420F8E77047002C014083
:101B400000040040000800402DE9F0410C46154615
:101B500086B007461022002102A81E469DF8348058
:101B600009F032FA01940B2D07D8DFE805F00E0ECC
:101B7000070A1414141616161B1DFEE708230293F9
:101B800003E00823029301230593032E0ED8DFE818
:101B900006F01E200E1E0123F1E701230293042309
:101BA0000493F2E70923EAE70923F7E7FEE70123B5
:101BB0000393B8F1000F02D03846FFF783FF053DCD
:101BC000042D0BD8DFE805F007110A0711000323E5
:101BD000EEE70223ECE7C4F30F247C61384601A949
:101BE00008F064FE06B0BDE8F081C4F30F243C6148
:101BF000F4E713B54FF0010C0024CDE9004CFFF7DA
:101C0000A3FF02B010BD000030B50023154687B019
:101C10000446ADF80630FFF779FF042D04D8DFE85D
:101C200005F02A2E04323B00FEE71C4B1C4A1B68C1
:101C3000B3FBF2F39BB20022013BCDE90221204627
:101C400001A9ADF804300492059208F093FF2368CF
:101C500023F080032360A36823F4804323F0070369
:101C6000A360636823F070036360A36823F08003BC
:101C7000A36007B030BD094B0A4A1B68D8E7074B81
:101C8000094A1B68D4E7054B064A1B68B3FBF2F30D
:101C900003EB83035B00CDE70123CCE73C0000208E
:101CA00080A8120140420F0000127A0010B50446CD
:101CB000FFF7AAFF236843F00103236010BD002251
:101CC0004FF0FF31FFF7F2BF1F4B10B55B681F4CA1
:101CD000236007F091FE1E4808F098FD1D4808F0AB
:101CE00095FD1D4808F092FD1C4809F043F81C487A
:101CF00009F040F81B4809F03DF81B4808F0EAFEDF
:101D000008F058FE4FF0E022002318491361536198
:101D100093614A6822F003024A6072B64FF0FF31C5
:101D20009A0002F16042013302F56142082BC2F8C9
:101D30008010C2F88011F3D162B6034B1B6883F3A5
:101D4000088823689847FEE700F0FF1F440300203F
:101D500000080140000C0140001001400038014023
:101D600000440040004800400030014000100240A4
:101D70000749084A881AEFF30883521A1A44013AAD
:101D8000013B984288BF0022AA2109F01DB900BF7B
:101D9000005000200004000010B50E4C0323062262
:101DA0000D490E48FFF725FF2046032302220C4968
:101DB000FFF71FFF0323052240F608010948FFF73C
:101DC00018FF2046BDE810400323052244F24001DD
:101DD000FFF70FBF00080140400040040010014021
:101DE00080008004000C01400822034B5A6140220D
:101DF000A3F580631A617047000C01404022034B39
:101E00005A610822C3F81024704700BF000801403F
:101E1000104A4FF47041536923F4704391FAA1F1D1
:101E200053610D4B5A6822F400425A601A6822F43A
:101E300000421A60DA6822F40042DA609A6842F4DA
:101E400000429A60D022054B83F828234FF4807219
:101E50005A607047000001400004014000E100E0CA
:101E60004FF40042034B5A611A6842F400421A6070
:101E7000704700BF0004014010B5054C0023062246
:101E800042F220012046FFF7B4FE2023236110BD5B
:101E9000000801400023032201490248FFF7A9BEC0
:101EA0000100010400080140024B9868C043C0F3E0
:101EB000002070470008014010B50A4C002305229D
:101EC00020460949FFF795FE0023052220460749D1
:101ED000FFF78FFE4FF4805363614FF4006363613B
:101EE00010BD00BF000801401000100408000804E5
:101EF0000549CB681A04DB4302F0805203F4805397
:101F000013430B61704700BF000801400549CB68CF
:101F10001A04DB4302F0006203F4006313430B6115
:101F2000704700BF0008014010B5054C0023052292
:101F300020460449FFF75DFE4FF40073636110BD56
:101F4000000C0140020002044FF40072024B1628FC
:101F5000CCBF1A615A617047000C014073B504464A
:101F60001C2C0E46184628DC192C2ADC162C2CDCDE
:101F7000122C2EDC0F2C30DC0C2C32DC062CB5BFE6
:101F800003250A2564244FF4347440F6E443C4EB7B
:101F90000424B4FBF3F41570C4F30B138DF8043070
:101FA000036824018DF805400C215C6801AA022316
:101FB000A0470023337002B070BD1E2540F6CA044E
:101FC000E3E71B2540F2C264DFE7182540F2C35463
:101FD000DBE7142540F2AB44D7E711254FF47A74C0
:101FE000D3E70E2540F26B34CFE7000008461146D8
:101FF0001A46014BFFF7B2BF880300200C4BD3F801
:10200000FC2022F08072C3F8FC20D3F8FC2042F0C0
:102010008072C3F8FC20A3F55D431A6822F0010228
:102020001A601A6842F001021A6000225A60704772
:1020300000ED00E0064B074A1B680749B3FBF2F3CB
:10204000434310B54C684A68121B9A42FBD310BD3B
:102050003C00002040420F00001000E02DE9F84352
:1020600081464CF250300E4617461D4607F0AAFD39
:1020700088BBB9F1010F06D0B9F1020F0CBF4FF0C8
:1020800002094FF004094FF00008144A136943F0A5
:10209000010313614FEA0814C4F12002A4F12003E4
:1020A00005FA02F227FA04F4144325FA03F31C4359
:1020B000A4B24CF2503026F8184007F083FD28B93E
:1020C00008F101085FFA88F39945E3D8034A1369D8
:1020D00023F001031361BDE8F88300BF0020024034
:1020E0007FB501230022CDE9040301A902A8CDE9AF
:1020F000022307F0A3FD00280CBF0420052007B031
:102100005DF804FB0A4608B5014600230220FFF7EC
:10211000A5FF00280CBF0420052008BD08B5FFF767
:10212000DFFF031F5842584108BD08B5FFF7EAFF1B
:10213000031F5842584108BD2DE9F047264B274D53
:1021400001280FBF7D267C26AA461D460F46144651
:102150002349244A06BF89469A46914607F016FD50
:1021600031462846FFF7DAFF28B9002407F020FDA2
:102170002046BDE8F087002F08BF4FF478744FF079
:1021800000080334C4F38F0405F11006AAEB050A16
:102190001FFA88F39C4209D84FF011312846FFF707
:1021A000C4FF041E18BF0124A400DFE73FB95AF89A
:1021B00006104B1C06D108F101080436E8E757F871
:1021C0002810F6E74E4505D23046FFF7AEFF00284F
:1021D000F1D1CAE70324C9E700F0010800F40108BF
:1021E000FFF70108FFF3010810B507F0CFFC7C21D1
:1021F0000848FFF793FF044638B17D210648FFF7F2
:102200008DFF041E18BF0124A40007F0D1FC204656
:1022100010BD00BF00F0010800F4010830B5002334
:1022200040F2EF34064D9AB2914201D8042030BDFD
:10223000A34203D05A5DC2540133F4E70320F6E70A
:1022400010F0010838B504460D4672B60A4601463C
:102250000020FFF771FF62B6042806D172B6012094
:102260002A462146FFF768FF62B638BD38B5124BE3
:102270001C68D3F80054B4F1113F09D1B5F1113FF6
:1022800017D0002201201146BDE83840FFF754BFA7
:10229000B5F1113F03D1002211461046F4E7FFF7D4
:1022A000A3FF042804D12C4001340CBF02200120DC
:1022B00038BD0420FCE700BF00F00108034B187391
:1022C0009A68D207FCD5187B704700BF00380040E1
:1022D00038B5441E8D18A94200D138BD14F8010F3D
:1022E000FFF7ECFF01F8010BF5E7084611461A4627
:1022F000FFF7EEBF38B50446054D0144A14200D1B9
:1023000038BD2878FFF7DAFF04F8010BF6E700BFC5
:102310003000002008461146FFF7ECBF10B5044618
:1023200001448C4200D110BD14F8010BFFF7C6FF29
:10233000F7E708461146FFF7F1BF000070B58CB013
:10234000294C2822002102A808F03EFEFFF7B6FB28
:102350004FF48040FEF76EFF2449204603230622F7
:10236000FFF747FC062501264FF4805320462361E2
:102370000A2203231E49CDE90056FFF7E5FB20465C
:1023800003230A221B49CDE90056FFF7DDFB032397
:1023900020461A461849CDE90056FFF7D5FB08221A
:1023A000002308924FF48272CDE90533CDE9093359
:1023B0000293039204934FF400720723A4F554444C
:1023C000204602A90B93079208F0A8FB236843F06C
:1023D00040032360A3689B07FCD5FF22237B074BA8
:1023E0001A700CB070BD00BF000C0140100010044A
:1023F00020002004800080044000400430000020C1
:102400001C4B10B41A68940611D5D96888060ED5ED
:10241000194C1A485968238800880133C3F30A030A
:1024200080B298421FBF1648C9B2C1542380110719
:1024300044BF104B5B68120616D50E48C3681B06D6
:1024400012D5104B104A1988138889B29BB2994251
:102450000CD013880133C3F30903138013880B4A8C
:102460009BB2D35CDBB2436010BC704710BCFEF77C
:1024700017BF00BF003801400629002004290020B2
:10248000042100200A2D0020082D0020082900200A
:102490000A490B4A08B50B8812880133C3F30903B4
:1024A00092B29A4207D0074AD05407480B80FEF7F1
:1024B000DDFE012008BD0020FCE700BF0A2D002042
:1024C000082D0020082900200038014038B50446B6
:1024D0004518AC4200D138BD14F8010BFFF7D8FF06
:1024E000F7E708461146FFF7F1BF0000054B064A23
:1024F0001B8810880133C3F3090380B2181A18BF70
:10250000012070470A2D0020082D002008B5FFF794
:10251000EDFFB0FA80F0400908BD0000054B064A07
:102520001B8812889B1A98B21B0444BF00F50060F8
:1025300080B270470629002004290020FFF7EEBF73
:102540000848094A0188138889B29BB29942F9D098
:1025500013880133C3F30A0313801388034A9BB221
:10256000D05C7047062900200429002004210020A7
:10257000FFF7E6BF002300B589B0CDE90633CB1ADB
:1025800018BF01231B03CDE902320C2301900491F3
:10259000034801A9059308F01FFC09B05DF804FB8E
:1025A0000038014010B5064CE36823F40053E360A3
:1025B000FFF7E0FFE36843F40053E36010BD00BFA2
:1025C00000380140002208461146FFF7EBBF00002B
:1025D00073B5354C0825E368012623F40053E36006
:1025E000FFF76CFA4FF48040FEF732FE00F18040B6
:1025F00003230A22CDE900562C4900F54840FFF795
:10260000A3FA0323CDE900561A4629492948FFF7C2
:102610009BFA00224FF461401146FFF7ABFFB02256
:10262000236923F490432361636923F02A036361E0
:10263000214B83F8252320225A602046FEF730FEE6
:10264000FEF721FE6FF04003236000231B4A1C4964
:1026500013801C4A138001F60C0353E8003F23F05B
:10266000200301F60C0040E80032002AF3D16FF09D
:1026700020032360144B1A80144B1A80236923F41F
:1026800000632361636923F008036361236923F412
:1026900080432361636923F022036361E36843F4A9
:1026A0000053E36002B070BD003801400200020434
:1026B000040004040008014000E100E0082D0020AF
:1026C000003001400A2D00200429002006290020A6
:1026D00008B5FFF77DFFBDE80840FFF70DB8FFF72D
:1026E000F7BF00000E4803681A0618D5C3681B061A
:1026F00015D50C4B0C4A1988138889B29BB29942A4
:102700000BD013880133C3F3080313801388074ADF
:102710009BB2D35CDBB243607047FEF7C1BD70472C
:10272000004400400E2F00200C2F00200C2D002014
:102730000A490B4A08B50B8812880133C3F3080312
:1027400092B29A4207D0074AD05407480B80FEF74E
:102750008DFD012008BD0020FCE700BF0E2F0020EA
:102760000C2F00200C2D00200044004038B50446FA
:102770004518AC4200D138BD14F8010BFFF7D8FF63
:10278000F7E708461146FFF7F1BF0000002300B548
:1027900089B0CDE90633CB1A18BF01231B03CDE95D
:1027A00002320C2301900491034801A9059308F01B
:1027B00013FB09B05DF804FB0044004013B5284C3E
:1027C00040F20441E36823F40053E360FFF776F935
:1027D0004FF40030FEF72EFD0823012200F1804067
:1027E000CDE90032A0F5784003230A22FFF7ACF9C7
:1027F00000224FF4E1301146FFF7C8FFB0222369F1
:1028000023F490432361636923F02A036361154B2A
:1028100083F8262340225A602046FEF741FDFEF74A
:1028200032FD6FF04003236000230F4A13800F4AEC
:102830001380236923F400632361636923F0080391
:102840006361236923F480432361636923F02203D6
:102850006361E36843F40053E36002B010BD00BF5E
:102860000044004000E100E00C2F00200E2F00206B
:10287000FFF7A4BF7FB500250126044644F24001BE
:10288000FFF71CF902230B220F48CDE90056FFF792
:102890005BF902230B2248F28001CDE900560A4879
:1028A000FFF752F92268094B9A420AD103F5DE3349
:1028B000DA6942F40012DA61DB6903F4001303936E
:1028C000039B04B070BD00BF000C014000540040E9
:1028D0000848094B4FF4804203600023C0E90332EB
:1028E000064AC0E90533C0E90733C0E9012307F010
:1028F000E9BA00BFD405002000540040801A060049
:1029000013B50B46054902460C784FF0FF310448D9
:102910000091610007F07EFB02B010BD2806002088
:10292000D4050020007920B50D46194638B1044B76
:1029300010461D70FFF7E4FFB0FA80F0400920BD9B
:1029400028060020044B0A22197804484FF0FF3370
:10295000490007F037BC00BF28060020D40500203E
:1029600008B5FFF7B5FF0022014B1A7008BD00BF84
:102970002806002010B50446FFF7F2FF0C22044B96
:102980001A70FFF7DFFFB0FA80F35B09237110BD07
:1029900028060020024B1A68024B1A60704700BFDD
:1029A000302F002094030020054A064B1968136855
:1029B00099421DBF0133012013600020704700BF02
:1029C00094030020302F0020034A044B11681B7829
:1029D0000B441360704700BF302F002040000020E0
:1029E0000148FFF76CB900BF00040040014B586A72
:1029F00080B270470004004008B5FFF7F1FFBDE862
:102A00000840FFF7C7BF2DE9F04116460546884646
:102A1000002707F0BBF8B6B2BBB29E4201D804242F
:102A20000DE058F827102B688B4202D1043501378E
:102A3000F2E72846FFF779FB04460028F6D107F0B5
:102A4000B7F82046BDE8F081037807B56BB1084BB5
:102A50001B68B3F5FA6F08D300230222037069469E
:102A60004068CDE90033FFF7CEFF03B05DF804FB0B
:102A7000302F002000000000012337B52C4A0380CE
:102A800004462C4B2C48D3E90051914208BF8542A3
:102A90004FF0000202D1227003B030BD22A1D1E973
:102AA0000001C3E90001254825496260D0E90032F0
:102AB0005D1C03D0B3F1AA3F00D023B9551C0CD044
:102AC000B2F1AA3F09D008308842EFD172B67E2118
:102AD0001A48FFF723FB62B6184860600368426833
:102AE000591C009304D1551C1BD14FF0AA3311E09F
:102AF000B3F1AA3F06D1511C0BD0B2F1AA3F10D1BD
:102B0000002307E06BB9B2F1AA3F0AD14FF48072FB
:102B100022801A46CDE9003269460222FFF773FF90
:102B2000BAE700232370F4E712345678FEDCBA903B
:102B3000FEDCBA90200000201234567800F801081C
:102B400000FC01084FF080431A6991070AD56FF025
:102B500002021A615A6B6432DA63084A596B1288AE
:102B60000A445A634FF080431A69120705D56FF083
:102B700008021A610122024B1A707047640000209B
:102B8000910300200A490B8803B9FEE772B64FF0A3
:102B9000804309885A6A114464325963DA636FF0DA
:102BA00002021A616FF008021A6162B6704700BF34
:102BB0006400002000B5032289B04FF0FF314FF0D0
:102BC0008040FFF773F820220021684608F0FCF9E6
:102BD00064236A4601214FF08040039308F002F815
:102BE000C8236A464FF480714FF08040039307F08A
:102BF000F9FFA022044B83F81C234FF080521A6087
:102C000009B05DF804FB00BF00E100E04FF0804335
:102C1000DA6842F00202DA60DA6842F00802DA604A
:102C20007047000010B50022044601EB8101074BFC
:102C300001EB810189001980054B1A70FFF7BAFF7B
:102C40002046BDE81040FFF7E1BF00BF6400002050
:102C500091030020F8B51D4CC0220021201D08F072
:102C6000B3F92023062563800F23194F2A463946DE
:102C7000A380601943232580FEF7ACF80123C4E943
:102C800013333F2302262A463946A4F8543004F170
:102C900056004323A4F84A60FEF79CF84FF0011356
:102CA000C4F89C3000230B4904F1AC00C4E929337B
:102CB00084F8A030A4F89A6008F028F97F2384F8FB
:102CC000C130052384F8C230F8BD00BF8002002067
:102CD0007CB6000878B2000870B5094E05460C466F
:102CE000415C304608F029F9034628B1831B0133C3
:102CF000DBB2282B28BF0023F35C2B5570BD00BF2F
:102D000094B6000870B50C461146064608F0FEF869
:102D100044B10025052130460135FFF7DDFFEBB258
:102D20009C42F7D870BD0000F7B5054605F11106C5
:102D3000214C0146214A68463601FFF7E3FFB01CEB
:102D40006946204408F0E2F80227002304EB05124C
:102D500026447772A2F81A311422042102FB05409E
:102D600001224FF4807580F8501040F20111A0F854
:102D70004A20C264A0F8522080F85520A0F856508E
:102D8000A0F8581040F2032084F83430E284A562A1
:102D9000A08584F82E2084F8307084F83330C4F88D
:102DA0003A30C4F83E30C4F84230A4F84610A4F8D3
:102DB000481003B0F0BD00BFC40000202EB20008D0
:102DC000F7B5054605F111060146B04AB04C684614
:102DD0003701FFF797FFB81C694627442044FDF7E9
:102DE00033FF7B7AAB4A072B88BF022304EB061024
:102DF00088BF7B721188437A41FA03F3DF070FD44F
:102E00000223437261B14807C1F3800308D441FA39
:102E100003F7FF07D8B240F1D78104EB06135872CD
:102E200004EB051191F81A012B01052802D90020A5
:102E300081F81A01E718508897F81A1140FA01F141
:102E4000C90711D4052187F81A1168B18706C0F3A4
:102E5000401109D440FA01FC1CF0010FCFB200F080
:102E6000B881E11881F81A71E11891F81B01032863
:102E700002D9002081F81B0104EB0616717A0129A2
:102E800003D9042901D000219180E618908896F892
:102E90001B1140FA01F111F001010ED186F81B114E
:102EA00058B110F0010108D140FA01F7FF07CEB286
:102EB00040F19481234483F81B61142303FB0541F3
:102EC00091F84A00052802D9012081F84A0003FB45
:102ED000054393F84B10042902D9002183F84B10C5
:102EE000142303FB0543B2F84A1093F84B0041FA50
:102EF00000F0C00712D4012083F84B0071B188079D
:102F0000C1F340030AD441FA03F6F707D8B240F1FF
:102F10006A81142303FB054383F84B00142303FB4E
:102F2000054393F84C10032902D9012183F84C1072
:102F3000142000FB0540B2F84C1090F84C3041FAD8
:102F400003F313F0010310D180F84C3069B111F094
:102F500001030AD141FA03F6F607D8B240F14881DD
:102F6000142303FB054383F84C00142303FB0543A0
:102F700093F84E10012902D9002183F84E10142035
:102F800000FB0540B2F84E1090F84E3041FA03F3C2
:102F900013F0010310D180F84E3069B111F0010334
:102FA0000AD141FA03F6F707D8B240F1268114237B
:102FB00003FB054383F84E00142303FB054393F8FA
:102FC0004F10022902D9002183F84F10142000FB72
:102FD0000540B2F8503090F84F1043FA01F111F06B
:102FE000010110D180F84F106BB113F001010AD12B
:102FF00043FA01F6F607C8B240F10481142101FB3F
:10300000054181F84F00142101FB054090F84D6007
:10301000022E02D9002680F84D6001FB054191F88F
:103020005000052802D9042081F85000142101FB2A
:10303000054090F85260012E02D9012680F85260B6
:1030400001FB054191F85500012802D9012081F8C2
:103050005500142101FB054191F85300022802D9C3
:10306000002081F85300142606FB0546B2F85200F2
:1030700096F8531040FA01F111F0010117D186F8CA
:103080005310A0B110F0010111D105E02EB20008DB
:10309000C40000208002002040FA01F7FF07CEB2F2
:1030A00040F1B580142101FB054181F853601421E2
:1030B00001FB054090F856600C2E02D9002680F8DE
:1030C000566001FB054191F84C00012809D191F8A7
:1030D0004F60022E05D1DF0740F19E80002381F86A
:1030E0004F301423012140F2011003FB054383F804
:1030F0005710A3F8580094F82630052B01D984F80E
:10310000261094F82730042B02D9002384F82730A6
:10311000B2F89A0094F8273040FA03F313F0010F45
:103120008A4B0ED1012184F8271050B18607C0F3D5
:10313000400106D440FA01F7FF07CEB271D583F8FB
:10314000276094F82810022902D9002184F8281059
:1031500094F82910022902D9012184F82910B2F823
:103160009C1094F8292041FA02F212F001020CD1CD
:1031700084F8292049B111F0010206D141FA02F682
:10318000F607D0B251D583F8290094F82A200C2AEA
:1031900002D9002284F82A2093F832200C2A02D97E
:1031A000002283F8322093F82B20042A02D900222F
:1031B00083F82B2000221046654911F9014F14F1C4
:1031C000780F36DA087036E00133102B7FF41FAE2B
:1031D00026E6013110297FF43DAE45E60131102984
:1031E0007FF462AE69E60133102B7FF48CAE95E676
:1031F0000133102B7FF4AEAEB7E60133102B7FF412
:10320000D0AED9E6013110297FF4F2AEFBE60131F0
:1032100010297FF441AF4AE713F0020318BF0346B9
:103220005DE70131102985D18BE70132102AA5D144
:10323000ABE7782CC6DC0132D2B20C2ABDD1002219
:103240000120444911F8014F0132022CD2B288BF4B
:103250000870042AF6D193F83420012A02D90022FA
:1032600083F834203C4AB2F89E1093F8342041FA97
:1032700002F212F001020CD183F8342049B111F0AE
:10328000010206D141FA02F4E407D0B211D583F865
:10329000340093F82C20052A02D9032283F82C202D
:1032A00093F82D20032A08D80AD1002283F834206D
:1032B00006E00132102AE5D1EBE7022283F82D2047
:1032C00093F82E20022A02D9012283F82E2093F8A7
:1032D0003020022A02D9022283F8302093F83320CA
:1032E0000C2A02D9002283F8332093F83520042ACF
:1032F00002D9002283F83520142202FB053191F80F
:103300005A00012802D9002081F85A00FF2102FB4F
:1033100005324FF6FF7082F8511082F8541083F88E
:103320002F1083F831104FF0FF3103EB0515C5F86E
:103330001C11A5F820011962998482F85B00A2F89B
:103340005C10D986198703B0F0BD00BFC40000200F
:10335000FD0000200901002080020020034670B516
:103360000846052B04D8DFE803F01D0421191D21B0
:10337000FEE720261F250F22164C22770122A3707C
:10338000013BA4F84860A4F84A50A276A273042B2B
:1033900011D8DFE803F00F111919110009266F2564
:1033A0000722E9E7142632250A22E5E73526132508
:1033B0001922E1E7FEE7FEE7002323712374FDF7FE
:1033C0001BFF6073607670BD002323712374A376A6
:1033D000A373F4E7680000200122044B83F8512016
:1033E000A3F85220A3F85420704700BF68000020C3
:1033F0002DE9F043774D00F1110805EB081702376E
:103400008BB006463846FDF73BFC04210090684629
:10341000FDF798FF4FEA061905EB06166E4C96F875
:103420001B31E0832BB103EB031303EB032318449D
:10343000E08305EB08135B7A062B40F0A980E38B51
:1034400003F5B5432533E38395F8270005EB08180A
:10345000FFF7C2FF98F80910A9448B1F012B8CBFFE
:103460000023012399F81A01617084F85630FFF7A0
:1034700075FFE18B009B99F81B21E1806182A360BD
:1034800063612AB14FF0113000FB0233A360636126
:1034900095F82600514B616213F9203084F82920F9
:1034A00023732376002384F82A30637B23B93846BC
:1034B000FDF706FC84F82A006078FDF79DFE484A77
:1034C0000346128884F8280002F00101970748BFDC
:1034D00041F00201A185560748BFA18D01AE44BF4E
:1034E00041F00401A185100742BFA18D41F01001F8
:1034F000A185D10642BFA18D41F02001A185920690
:1035000042BFA28D42F00802A285364A02F1200C89
:10351000374610685168083203C762453E46F7D106
:1035200006211068304E38600AA801FB0303A27818
:10353000134413F8247C84F8207016E90F0086E801
:103540000F0040F2E2433846A4F84C30FCF7ACFEE2
:103550004FF07F51FCF7FCFEFDF7E6F84FF47A736D
:10356000B4F848207F08B3FBF2F3052F38BF0527D6
:10357000A4F8403095F82C30C0B2A4F84E0084F87E
:103580005070052B1AD8DFE803F00B2216191C1F08
:10359000072B7FF459AFE38BA3F5B543263B52E7E6
:1035A0004FF416536364002384F85730A4F858305E
:1035B0000BB0BDE8F0834FF41643F3E74FF46143DB
:1035C000F0E74FF4E133EDE74FF46133EAE74FF40E
:1035D0009643E7E7C4000020680000207CB600089E
:1035E00080020020F0AF0008980000204FF4DE7247
:1035F000FF21014807F0E8BCC40000204FF4DE7151
:103600000148FEF71FBE00BFC40000204FF4DE716A
:103610000148FEF703BE00BFC400002008B5FFF755
:10362000F5FF034B1878BDE80840FFF7C9BB00BFA2
:103630006800002038B5FFF7D9FFFEF717FE042811
:103640000CD0FFF7D3FFFEF711FE042803D1FFF7DC
:10365000DDFF042806D0FFF7C9FF03E0FFF7D6FF20
:103660000428EED110222649264807F081FC254C7B
:1036700038B110222046244907F07AFC08B1FFF740
:10368000B5FFA38AB3F5215F28D008D30025E8B29F
:103690000135FFF749FB0A2DF9D10023E3774FF4F9
:1036A00021530125A38242F6A103226914499A42BB
:1036B00014484FF010021CBF0125236107F058FC8D
:1036C00070B110220E490F48FDF7A9FB08220F49DF
:1036D0000F48FDF7A4FBFFF791FF03E00025E2E7A9
:1036E000002DF8D10023E3770A4C2370FFF7B2FADC
:1036F0002078FFF765FB2078BDE83840FFF778BEFB
:1037000035B20008C400002046B2000857B20008D5
:10371000760200206800002037B50C4605468B78FD
:103720004A78097805F0B7FFE37928460193A37931
:103730002279E1780093637905F0DDFF61782078E4
:10374000FDF7F2FFA86103B030BDC36837B504468A
:10375000A3B1024652F8153B5D6900F11603A84774
:1037600032233F220B21204605F0EBFE0923702275
:10377000009380212046637D06F01BF803B030BD26
:103780004B7A73B5043B012B8CBF00230123044605
:10379000DB00C160037505F005FF237D0DF1070215
:1037A00063F07F038DF8073001232046194605F0AA
:1037B0007DFE204605F0FCFEE3681D4E1B78227D51
:1037C00006EB03135D782046294605F00EFF2946D7
:1037D000204605F01FFF03222021204605F0FFFEB2
:1037E00004230C222621204605F0ABFEE368204688
:1037F00093F90810FFF7A9FFE3681D7805B1FEE70C
:10380000314620462661FFF787FF2A462946204693
:1038100005F034FF20462B46C022C82105F097FF53
:10382000FF21204602B0BDE8704005F0ADBF00BFEB
:10383000DCCC000810B5044605F0BAFE2046BDE811
:103840001040FF2105F0A0BF38B504460368C168E9
:103850005D6991F9081000F1160300F11502A847FF
:10386000E3681B7803B1FEE7034B902160202361DE
:10387000FDF75AFFA06138BDDCCC0008C36810B565
:1038800004463BB103690BB9FFF7DEFF2369B3F9C7
:103890000C0010BD1846FCE7C36810B5044633B1F0
:1038A00003690BB9FFF7D0FF94F9160010BD184655
:1038B000FCE708B5C36843B9FFF762FF7D20FEF758
:1038C000B9FBBDE80840FEF7CBBA08BD90F8D4308C
:1038D00053B190F8D520074B03EBC201497953F857
:1038E000323053F821007047037C00EB8300406BBB
:1038F000704700BF4CB6000813B5184B0288DB8B2D
:1039000004469A4226D18378DB0625D48379812B1D
:1039100022D84FF6FF730D2201460DF10600ADF8D7
:103920000630FDF7F7FCB4F80D20BDF806309A42DA
:103930000ED14C2204F10D01FDF7ECFCB4F8590056
:10394000BDF80630C01A18BF0120800002B010BDBB
:103950000320FBE70120F9E70220F7E768000020D9
:103960000A7ACB7902F0070243EA022303804B7AFA
:103970000A7A03F03F035B0143EAD20343808B7A68
:103980004A7A9B0043EA9213CA7A02F0010243EAA0
:10399000822383800B7BCA7A03F00F03DB0143EAA7
:1039A0005203C3800B7BC3F30112012A11D813F019
:1039B000300F14BF012300239B0203830B7B7F2B5B
:1039C0000AD813F0C00F14BF012300239B024383C6
:1039D000704740F2FF73F0E740F2FF73F7E70A7AAF
:1039E000CB7902F0070243EA022303804B7A0A7A7A
:1039F00003F03F035B0143EAD20343808B7A4A7AA8
:103A00009B0043EA9213CA7A02F0010243EA82233E
:103A100083800B7BCA7A03F00F03DB0143EA520376
:103A2000C3800A7CCB7B02F0070243EA02230381B6
:103A30004B7C0A7C03F03F035B0143EAD2034381E2
:103A40008B7C4A7C9B0043EA9213CA7C02F0010201
:103A500043EA822383810B7DCA7C03F00F03DB01E1
:103A600043EA5203C3814B7DDB0003828B7DDB0085
:103A70004382CB7DDB0083820B7EDB00C3820B7B2A
:103A8000C3F30112012A2BD813F0300F14BF012306
:103A900000239B0203830B7B7F2B24D813F0C00FE2
:103AA00014BF012300239B0243830B7DC3F3011248
:103AB000012A1BD813F0300F14BF012300239B02EF
:103AC00083830B7D7F2B14D813F0C00F14BF012309
:103AD00000239B02C3834FF48063038443847047B5
:103AE00040F2FF73D6E740F2FF73DDE740F2FF7369
:103AF000E6E740F2FF73EDE737B52E4B0446DB8B6C
:103B00000D4603804A78837862F3C30383704A7951
:103B1000C37862F38203C3708A79837962F3000306
:103B2000837191F90200FCF777FFE37800F01F0240
:103B300003F0070343EAC203E3702379C0F34110A3
:103B400023F0030303432371EA78DBB202F03F0260
:103B500003F0030343EA82032371EA786379C2F333
:103B6000801223F00103134363712A79214662F323
:103B7000470363716A7AA37802F0030203F03F03FC
:103B800043EA8213A3706A7AE378C2F3800223F0D7
:103B900001031343E3704FF6FF7359220DF1060042
:103BA000ADF80630FDF7B6FBBDF80630A4F8593085
:103BB00003B030BD680000202DE9F34104461546EE
:103BC00088469DF820705B22522F4FF0000128BFDD
:103BD00052271E4607F0F8F93C4B4FEA0818DB8BDA
:103BE00008F0300823802A78A37862F30203A370D8
:103BF0006978DBB2C90001F0080123F0380341EA1B
:103C000008011943A1706A79E37862F38203E370D3
:103C1000AA79A37962F30003A37195F90200FCF776
:103C2000FBFEE37800F01F0203F0070343EAC20340
:103C3000E3702379C0F3411023F00303034323719E
:103C4000EA78DBB202F03F0203F0030343EA8203A7
:103C50002371EB786279C3F3801322F001021A43D7
:103C600062712B7963F3470262716A7AA37802F07A
:103C7000030203F03F0343EA8213A3706A7AE378F6
:103C8000C2F3800223F001031343E3702346A279B9
:103C900067F3470203F8062F3744BE4210D14FF6B0
:103CA000FF73592221460DF10600ADF80630FDF7ED
:103CB00031FBBDF80630A4F8593002B0BDE8F08100
:103CC00016F8012B03F8012FE7E700BF680000207A
:103CD00007B5009313460A460121FFF76DFF03B0B5
:103CE0005DF804FB30B53A4B027893F8261000F1EA
:103CF000160461F30302027093F8271061F30712B0
:103D0000027093F82810427861F30302427093F82E
:103D1000291061F30712427093F82A10827861F338
:103D20000302827093F83210827961F30302827188
:103D300093F82B10827861F30712827093F8341095
:103D4000C27961F30302C27193F82C10C27861F357
:103D50000302C27093F82D1061F30712C27093F83A
:103D60002E10027961F303020271427993F8301048
:103D700061F30302427193F83310827961F3071201
:103D8000827193F83510C27961F30712C27103F1A1
:103D9000390100F10A0211F9015F02F8015FA24244
:103DA000F9D193F84610C27D61F30102C27593F810
:103DB000471061F38302C27593F8481061F305124E
:103DC000C27593F8493063F38712C27530BD00BFE6
:103DD000C40000200278344BC2F3030230B583F8EC
:103DE0002620027803F13901C2F3031283F8272059
:103DF000427800F11604C2F3030283F828204278C7
:103E0000C2F3031283F829208278C2F3030283F8F5
:103E10002A208279C2F3030283F832208278C2F327
:103E2000031283F82B20C279C2F3030283F83420F3
:103E3000C278C2F3030283F82C20C278C2F30312C3
:103E400083F82D200279C2F3030283F82E204279F1
:103E5000C2F3030283F830208279C2F3031283F89D
:103E60003320C279C2F3031283F8352000F10A022D
:103E700012F9015FA24201F8015FF9D1C27DC2F3DC
:103E8000010283F84620C27DC2F3810283F84720F5
:103E9000C27DC2F3011283F84820C27DC2F38112B1
:103EA00083F8492030BD00BFC400002070B5522601
:103EB00098B0324604460D4603A8002107F084F866
:103EC000212342F6A1008DF80C30FCF797FFADF8E6
:103ED0000E004FF42150FCF791FF14221A49ADF85F
:103EE00010000DF11200FCF79AFF1848FFF7D4FC00
:103EF000174B8DF8260093F851300AA88DF827301B
:103F0000FFF7F0FE134A144B0221CDE91223134BA5
:103F10002046149347F6FF73ADF85430104BADF8BC
:103F20004610B3F89A208DF85620B3F89C20B3F8C9
:103F30009E308DF857208DF858302A46009603ABF6
:103F4000FFF73AFE18B070BD5DB20008B41E002045
:103F5000680000200A006400FA00F401E803FF7F13
:103F60008002002038B504460F4D00F11B010622E7
:103F700005F58970FCF7B4FF94F8213004F12500B1
:103F8000C3F3030385F8193194F82130C3F3031305
:103F900085F81A3194F82230C3F3030385F81B31F6
:103FA000BDE83840FFF716BFC40000200B4A0C499B
:103FB0001268002382600A68838002614A680949A6
:103FC00042610A68837182614A688381C2614EF6E8
:103FD0006022038402600385704700BF302F0020F9
:103FE00067B2000870B2000810B5094CE26802B967
:103FF000FEE7084B1B79137003B1FEE70649204624
:104000002161FFF789FB2046FFF714FC10BD00BFBC
:10401000B41E002068000020DCCC000838B5174D25
:104020000446A878697805281BD14FF6FF732385CD
:10403000FFF794F901226B789A40238D23EA02035B
:1040400023850F490F48FFF734FC0E48FFF7F2FBBA
:104050000C480321FFF779FB2046BDE83840FFF705
:10406000C3BF002302202385FFF778F901236A7874
:104070009340228D13439BB2E2E700BF680000200B
:104080006C000020B41E002008B590F820300246D5
:104090008BB9FDF709FF10B982F8210008BD92F82D
:1040A000213001335BB2312B82F82130F6DD012360
:1040B00082F82030F2E7FDF7F7FE18B1322382F8DC
:1040C0002130EBE792F82130013B5BB2002B82F804
:1040D0002130D8BF82F82000E0E700000A4B90F8BA
:1040E00020201B6872B182689B1AB3F57A6F01D9E0
:1040F00001234371037923B9437913B10123037178
:10410000037370478360F5E7302F00200346007B80
:10411000821E012A4FF0000202D893F8201009B93C
:104120001A737047104670470A4A38B51388044618
:1041300001339BB2502B0D4601D8138038BD0023AC
:1041400005491380FDF7ACFC29462046FDF7A8FC85
:10415000F4E700BF9803002079B200082DE9F74F7B
:104160001646054688466D49FDF79AFC31462846B5
:10417000FDF796FC00226A4BB8F1010F694C1A80DA
:1041800011D14FF480534FF40067636146F2A810D9
:104190002761FDF74FFF6761FDF74CFF3146284669
:1041A000FFF7C2FFF2E7A8F102034FF400620C2B05
:1041B00000F2A780DFE803F03141531C07A5A5A555
:1041C0006363636363004FF400684FF4805746F203
:1041D000A810C4F810806761FDF72CFFC4F81480A4
:1041E0002761FDF727FF31462846FFF79DFFEEE7E1
:1041F0004FF400684FF4805746F2A810C4F81080BE
:104200002761FDF717FFC4F814806761FDF712FFFF
:1042100031462846FFF788FFEEE74FF4805762618A
:1042200046F2A8102761FDF705FF6761FDF702FF61
:1042300031462846FFF778FFF2E74FF480534FF4FA
:104240000067236146F2A8102761FDF7F3FE67615E
:10425000FDF7F0FE31462846FFF766FFF2E74FF420
:104260008057226146F2A8102761FDF7E3FE6761DF
:10427000FDF7E0FE31462846FFF756FFF2E700273C
:104280004FF4805B4FF40069A8F1090A5FFA8AFADB
:104290000423574538BFC4F810B0019346F2A81064
:1042A000C4F81090FDF7C6FEC4F81490FDF7C2FEE6
:1042B00031462846FFF738FF019B013B13F0FF030F
:1042C000EBD10423C4F814B0019346F2A810C4F84B
:1042D0001090FDF7AFFEC4F81490FDF7ABFE314629
:1042E0002846FFF721FF019B013B13F0FF03EBD1B1
:1042F0000137A8F10803FFB2DBB2BB4238BF002789
:10430000C6E74FF48053226123614CF25030FDF731
:1043100091FE31462846FFF707FFF6E779B200081D
:10432000980300200008014010B5044694F90130BC
:1043300008468B4201D1237823B901232370FDF76E
:1043400003FE607010BD000008B5437802789A4201
:1043500013D0052B8ABF052303700370027888BF32
:104360004370064B064813F92210064B1973197651
:10437000C36813B11972FFF7E8F908BD7CB60008ED
:10438000B41E00206800002010B50AB9437010BDAB
:10439000541E0B2CFBD80332D2B231F9122040F25A
:1043A0007161C83A03FB022292FBF1F212B222EAD7
:1043B000E2729A42C8BF1AB24270E8E70A46014662
:1043C00010B9024805F0DEB8704700BFB41E0020E7
:1043D00038B50C461546014690B9FDF705FD0A486B
:1043E0002B46224605F0BEF8FF21074805F0CCF920
:1043F000054805F0F1F9BDE838407D20FDF71ABE0B
:104400000148FFF717FA38BDB41E00202DE9F0412E
:104410005B270546184C0E463A460021204606F01A
:10442000D3FDAB6904F10E002360EB6913496360AF
:10443000134B1B789A1E53425341627A63F3000276
:1044400062726FF05E02A27228220023E2721422CE
:1044500023736373FCF7E3FC59212046FCF772FFDA
:10446000084BA4F859003A4621463046BDE8F041D1
:104470001B7FFFF7ADBF00BF3B1D00205DB20008F2
:10448000830300206800002013B50C4638B911489A
:10449000C36833B9812281F8A23081F8A02002B02C
:1044A00010BD037D01F1A2020DF1060105F0A0F996
:1044B000BDF90630002B08DB4FF6FF73ADF8063070
:1044C000BDF8063084F8A030E9E77F33F8DA4FF61C
:1044D0008173F3E7B41E00200A4608B5014601487F
:1044E000FFF73CFE2C000020164600B591B00446B4
:1044F00068461D4606F00AFD1849684606F00EFD9E
:10450000304604F087FF0146684606F007FD14496F
:10451000684606F003FD134B684653F8251006F075
:10452000FDFC1149684606F0F9FC104D9DF8483035
:10453000684655F8231006F0F1FC0D49684606F070
:10454000EDFC9DF84C30684655F8231006F0E6FC6B
:104550006A4621460748FFF701FE00BF7BB200080C
:1045600082B200080000002087B20008100000207E
:104570008EB200082C0000200246002108B5014838
:10458000FFF7ECFD2C0000200023FF220370437096
:104590008370C27003717047C178034629B982786D
:1045A00001710132827001207047007801281ED00D
:1045B000022805D0C8B99A78187101329A70F2E7CA
:1045C00098785A784240D20704D40022013098707B
:1045D0001A71E8E7FF2902D10020187170471A7993
:1045E0000132D2B291421A71EFD300207047FF29F5
:1045F000F2D01A790132D2B291421A71F5D29A7878
:1046000001329A7000221A71704700000E48036848
:104610001A0617D5C3681B0614D50C4B0C4A19880B
:10462000138889B29BB299420AD013880133DBB256
:1046300013801388074A9BB2D35CDBB24360704798
:10464000FCF72EBE704700BF00480040022100204A
:1046500000210020FF1F002009490A4A08B50B88E5
:1046600012880133DBB292B29A4207D0064AD05484
:1046700006480B80FCF7FAFD012008BD0020FCE78E
:104680000221002000210020FF1F002000480040E0
:1046900038B504464518AC4200D138BD14F8010BBA
:1046A000FFF7DAFFF7E708461146FFF7F1BF000012
:1046B000002300B589B0CDE90633CB1A18BF01231A
:1046C0001B03CDE902320C2301900491034801A998
:1046D000059306F081FB09B05DF804FB004800403B
:1046E00010B5064CE36823F40053E360FFF7E0FFE6
:1046F000E36843F40053E36010BD00BF004800408E
:1047000008B531B14FF400524FF480610248FFF711
:10471000E7FF012008BD00BFA086010013B5254CAE
:104720002549E36823F40053E360FDF7C7F94FF42C
:104730008020FCF77FFD082301222048CDE90032CC
:1047400003230A22FDF700FA00221D481146FFF755
:10475000AFFFC022236923F490432361636923F0F0
:104760002A036361174B83F8272380225A6020466F
:10477000FCF796FDFCF787FD6FF0400323600023F4
:10478000114A1380114A1380236923F400632361C3
:10479000636923F008036361236923F48043236181
:1047A000636923F022036361E36843F40053E36029
:1047B00002B010BD0048004004000404000C014099
:1047C000A086010000E100E000210020022100207D
:1047D00030B51C4C85B00E2200210546684606F017
:1047E000F3FBB4F8A0302046ADF80030FCF7C0F879
:1047F0008DF802002046FCF7B2F8B4F8A4308DF82A
:1048000003001148ADF80430FFF746F894F8A630DD
:104810008DF806008DF8073094F8A93069468DF8B8
:104820000830B4F8AA302846ADF80A30074B9B7818
:104830008DF80C3001238DF80D3004F052F905B0DD
:1048400030BD00BFF81D0020B41E0020680000200D
:104850000148FEF797B900BFF11D0020F8B50E46DC
:104860000746144D5B232946304614462A46FFF777
:10487000A5FDD7E9041328686A689A4208BF8842F0
:1048800009D0002430460C49FFF7FEFD002C0CBF78
:1048900001200320F8BD59212846FCF753FDB5F847
:1048A00059308342EDD114B1FFF7D2FFEAE701247A
:1048B000E8E700BFED1E0020F81D002013B5012120
:1048C00004460844FCF73EFDA178ADF806000DF162
:1048D0000600FCF713FDE178FCF710FD2179FCF7E9
:1048E0000DFD6179FCF70AFDA179FCF707FD04F1E4
:1048F00008010322FCF70EFD627804F10C01FCF7BD
:1049000009FD94F82311FCF7F9FCBDF80630A4F872
:104910000C3102B010BD0000003818BF0120014B5F
:10492000187070474803002070B586464ABB042BB8
:104930005AD89EB223B315464F4A92F82830506A8F
:104940000333DBB2C00082F82830506212E0083B2B
:10495000DBB282F82830B1F800C0BCF5817F0CF1E1
:1049600001043FD2506A0C8020FA03F30EF80C3099
:1049700092F82830072BEAD80135A8B28642DED853
:1049800070BDFF2AFCD1032B52D89EB2002BF7D06A
:104990004FF0000C384A92F82830506A0433000176
:1049A000DBB240F0020082F82830506211E0083B90
:1049B000DBB282F828300888B0F5817F00F101056C
:1049C00011D2546A0D8024FA03F30EF8003092F8E5
:1049D0002830072BEBD80CF1010C1FFA8CF0864223
:1049E000DBD870BDFEE7FEE7234A03F5C063506ADB
:1049F00043EA403092F8283050620D33DBB282F83F
:104A0000283011E0083BDBB282F828300888B0F586
:104A1000817F00F101050AD2546A0D8024FA03F364
:104A20000EF8003092F82830072BEBD870BDFEE767
:104A3000114A03F5E063506A43EA403392F82800D4
:104A4000536200F10D03DBB282F828300FE0083B1F
:104A5000DBB282F828300888B0F5817F0AD2546A28
:104A6000DC40431C0B800EF8004092F82830072BE6
:104A7000EDD870BDFEE700BFA40500202DE9F04F82
:104A80000027FF268025694C0F809946067083B069
:104A9000A577676284F82870002B00F0B88003F1D6
:104AA000FF3A1FFA8AFA83469244561E02F1FF0823
:104AB00038463A460B88FF2B16F8015F0DD898B19F
:104AC00095420BD10137BFB2994540F28B80B24578
:104AD00000F08C80B045EED1FEE7FEE75846FBB211
:104AE0000192FFF721FF019A6B1EDBB2FD2B2BD841
:104AF0003F2B53D905F14103DBB23F2B29D894F862
:104B00002800636A0135EDB20830C0B245EA0323DC
:104B100084F82800636212E00838C0B284F82800E4
:104B20000B88B3F5817F03F1010C36D2656AA1F8D9
:104B300000C025FA00F00BF8030094F828000728BD
:104B4000EAD800200B88BFE701272A4638460B88A1
:104B5000BAE794F82800636A3F35EDB20930C0B275
:104B600045EA432384F82800636212E00838C0B2A3
:104B700084F828000B88B3F5817F03F1010C0BD278
:104B8000656AA1F800C025FA00F00BF8030094F85C
:104B900028000728EAD8D4E7FEE7FEE794F82800C3
:104BA000636A7F35EDB20830C0B245EA032384F86A
:104BB0002800636212E00838C0B284F828000B882D
:104BC000B3F5817F03F1010C0BD2656AA1F800C037
:104BD00025FA00F00BF8030094F828000728EAD81B
:104BE000AFE7FEE7002003B0BDE8F08FB8B994F856
:104BF00028206AB1606A0124C2F10802904004FAD8
:104C000002F2013A0243181908800BF803200B88BE
:104C1000994594BF0020012003B0BDE8F08FFBB29E
:104C20005846FFF781FE0B88E1E700BFA40500208E
:104C300047F26F7300222DE9F04F827003800B78EA
:104C40000D46A3F1FE03B3FA83F35B0983708A7800
:104C5000044612F001011CBF43F080038370D5F8B5
:104C6000202185B022F07F4222F0FF0212B143F0F2
:104C700008038370AA68C2F31702FF2A18D9B2F595
:104C8000803F12D3022063F07F03A3700143E170E1
:104C900009260B220A2108234FF0070C4FF0060EBD
:104CA0004FF005084FF0040912E043F00203A3702F
:104CB000180600F1F68008260A22092100200723A1
:104CC0004FF0060C4FF0050E4FF004084FF00309AB
:104CD00095F801A0374604F809A095F804A09B4672
:104CE00004F808A095F80580019104F80E8095F865
:104CF00006E0A14404F80CE094F802C01CF0080F90
:104D00000AD095F821C18B4604F803C00B4695F8EC
:104D100022111646E1551746AA68E254A37899076E
:104D200008D5AB680BF10202C3F30F23E35597B22A
:104D3000B3463E4628B1AB7AB346E355771CBFB2C3
:104D40003E46A378DA0606D595F82331B346E355F7
:104D5000771CBFB23E46544B01361B781FFA86F8CB
:104D6000A04405F10C0A43B1524640466B780DF160
:104D70000E01FFF783FE002870D16A78514693B286
:104D80004046019306F0E6F82278484BD243D2B26F
:104D9000617894F807809A5C94F802A04A404146F2
:104DA0009A5C94F803908AEA020A13F80A2094F8AD
:104DB00004E089EA020913F8092094F805C08EEA94
:104DC000020E13F80E20A0798CEA020C13F80C20C6
:104DD000BBF1070F80EA02001A5C81EA02015A5C0B
:104DE00025D0217ABBF1080F82EA01029A5C1ED01D
:104DF000617ABBF1090F82EA01029A5C17D0A17AAD
:104E0000BBF10A0F82EA01029A5C10D0E17ABBF191
:104E10000B0F82EA01029A5C09D0217BBBF10C0FD7
:104E200082EA01029A5C1EBF617B4A409A5C019B48
:104E3000E2551E44B6B2B6F5947F0ED2B5F80C31E9
:104E4000B01CA355B5F80C2180B2731C120A9BB29A
:104E5000B0F5947FE2540BD3FEE7FEE7A37843F06E
:104E60004003A370BDF80E30019389F800308BE742
:104E7000AB78DB0702D405B0BDE8F08FD5F8182178
:104E8000D5F81071D5F81411231827500F36596032
:104E90009A6095F81C21B0B2B0F5947F1A73EAD3EA
:104EA000FEE70020F3E600BF48030020C0B600087C
:104EB0002DE9F84F804615460F46B048414606F0AA
:104EC00049F800228023AE4CB5F5817F3A8084F802
:104ED0002230228462624FD24FF0FF099246A74EE1
:104EE00084F82820012A76D8B4F820C0654540F21D
:104EF000B180616A16F80C3002F108000CF1010C67
:104F0000C0B243EA0123A4F820C0A0F1020C23FAA6
:104F10000CF1063201F003015FFA82FE022963629E
:104F200084F828E000F0BD80032944D0012924D171
:104F3000BEF1060F0DD8228C954240F28B80B15CF9
:104F400000F1060E41EA032301325FFA8EFE22844D
:104F50006362AEF1070E23FA0EF303F07F037D2B9D
:104F600084F828E076D83A88FF2A23D84133511CA8
:104F7000398008F8023019E0FEE7BEF1000F6BD16E
:104F8000228C954266D9072184F82810B15C013241
:104F900041EA032322841A06636200F1C8803B8839
:104FA000FF2B06D85A1C3A8008F803A094F8282052
:104FB00098E7FEE7FEE7AEF1060E5FFA8EF284F8A0
:104FC00028203A8823FA0EF3FF2A03F03F0301D882
:104FD000413BCCE7FEE7636AA2F1020C23FA0CF135
:104FE00001F003015FFA8CFE022984F828E003D067
:104FF00003291CD0104699E7BEF1050F51D8218C2A
:105000008D4227D9705C02F1060E40EA032301317C
:105010005FFA8EFE63622184AEF1060E23FA0EF370
:1050200084F8282003F03F033A8801339FE7BEF15C
:10503000050FC0D8218C8D420CD9705C02F1060E90
:1050400040EA032301315FFA8EFE21846362AEF1F0
:10505000060EB4E7BDE8F88F0CF1FF3123FA01F139
:105060000EF1FF32D2B2C90784F8282097D5F2B9E1
:10507000218C8D42EED90722705C013140EA032376
:105080002184636284F8282013F0800F40F08C8024
:105090003B88FF2B00F287805A1C3A8008F8039067
:1050A00084E7AEF1060E636A5FFA8EF2B6E7013A64
:1050B00023FA02F1AEF10202D2B2C80784F8282026
:1050C000E6D5002A5ED1228C9542C3D90721B05C77
:1050D000013240EA032318062284636258BF082283
:1050E00084F828102AD4B4F820C06545B2D9073214
:1050F000D0B216F80C2042EA03220CF101032384FB
:1051000013466262083884F82810C34038885FFA72
:1051100083FB00EB0B03FF2B0FDC5A4600214044BE
:1051200005F052FF3B880BEB03023A803EE7062274
:1051300013F0400F84F82820A8E7FEE7084608226D
:10514000218C8D4286D916F801C007324CEA032320
:105150000131D2B22184636284F82800083A23FA2C
:1051600002F238885FFA82FB00EB0B03FF2B03DCB3
:105170005A46FF214044D3E7FEE700BF78040020F1
:10518000A4050020511EAEF1030023FA01F1C0B2C4
:10519000C90784F8280011D407280DD9AEF10B01F6
:1051A000636AC9B2AEE7FEE7511EC8B223FA01F145
:1051B000C90784F8280001D4014694E70728BFD91D
:1051C000A0F108010246C8B2C6E700BF2DE9F04FC2
:1051D0000D4651881446B1F58F7F06468BB00BD92A
:1051E0000022227000226F2B628000F023810023B6
:1051F00033700BB0BDE8F08F12780E2A24D80E2A37
:1052000000F2D58001A050F822F000BFE55100085F
:10521000BB530008AF530008AF530008BB5300084E
:10522000BB530008BB530008BB530008BB53000826
:10523000BB53000811540008AF530008AF530008D7
:10524000AF530008EF530008692A40F2AE806A2A83
:1052500040F0AD80A64FF98A4A1E92B2002900F0B4
:105260001F81033207EB020CFF22DFF888E2B91C32
:1052700011F8010B424061451EF80220F8D193421B
:1052800000F0FC804FF0000884F80080C4F8028031
:10529000A4F80680B7F81690B9F1020FA7D997F8CD
:1052A00004B0BBF16F0F00F06083B9F1030F9ED023
:1052B0007A796F2A00F07683B9F1040F97D0BA7922
:1052C0006F2A00F07583B9F1050F90D0FA796F2A33
:1052D00000F06B83B9F1060F89D03A7A6F2A00F09B
:1052E0007383B9F1070F82D07A7A6F2A00F069834D
:1052F000B9F1080F3FF47BAFBA7A6F2A00F05E83F2
:10530000B9F1090F3FF473AFFA7A6F2A00F05383B3
:10531000B9F10A0F3FF46BAF3A7B6F2A00F05A8362
:10532000B9F10B0F3FF463AF7A7B6F2A00F055831E
:10533000B9F10C0F3FF45BAFBA7B6F2A00F08D819F
:10534000B9F10D0F3FF453AFFA7B6F2A00F0488399
:10535000B9F10E0F3FF44BAF3A7C6F2A00F0708327
:10536000B9F10F0F3FF443AF7A7C6F2A00F06583E9
:10537000B9F1100F3FF43BAFBA7C6F2A00F05A83AB
:10538000B9F1110F3FF433AFFA7C6F2A00F04F836D
:10539000B9F1120F3FF42BAF3A7D6F2A00F053831F
:1053A000B9F1130F3FF423AFFEE7632A05D80023BA
:1053B0002370C4F80230E3801AE74D4FFA8A122AAC
:1053C00014D8511C3A44F98293702278092A39D9A9
:1053D000A2F1640105293FF60AAF653A042A00F2FA
:1053E0007883DFE802F06B81635F6700FEE74A1CA9
:1053F00062806B54E38862889A4243D30022022180
:10540000B3F5947F628022703170738074D3FEE7AD
:105410004A1C374E62806B54A088727F6188831863
:105420009942FFF6E6AE33785F0600F1B8810E23AD
:105430002370DEE62E490A808B7001226423CA8223
:105440002370D4E6002A3FF4D2AE013A082A3FF690
:10545000CEAE01A151F822F097550008EF51000897
:10546000EF5100088954000889540008C35500080A
:1054700023560008FF550008E15500080A220123C1
:105480002270B5E60123B3E66288B2F5947F06D2B6
:10549000511C6180AB54237801332370A7E6FEE7EB
:1054A000FF22ECE60722FB762270A0E66822BB769C
:1054B00022709CE66A223B77227098E600227A707E
:1054C00062883B70B2F5947F0DD203F00103033B79
:1054D000511C6180AB5497F90030002BB4BF662398
:1054E0000123237083E6FEE701227B7022707EE6B3
:1054F000A4050020C0B600082B78FD2B00F02D81FC
:10550000EB7833722B7973726B7973606A78083237
:10551000728040F285100022FE210446DFF8B0C2FE
:105520007281013499424FEA540400F2E580C0F0E0
:10553000F0808B4240F02A812B78FD2B00F02381F4
:105540004FF0060B284610F801AF62000BEB0A097A
:1055500009F1FF3189B20192FBF7F4FEDFF87082A6
:1055600004EB440708EB87073979ADF8080002A877
:105570000191FBF7C3FE05EB0902527815F80930DB
:10558000019903EB0223BDF808209BB29A4200F078
:10559000C28005232CE66288B2F5947F3A830FD24D
:1055A000511C6180AB543A787B7712F0010200F015
:1055B0001D8206220833E380A2800423237016E6AE
:1055C000FEE76288B2F5947F09D2511C6180AB542A
:1055D0003B781F074CBF67230723237007E6FEE7CE
:1055E0006288B2F5947F09D2511C6180AB543B783C
:1055F000DD064CBF69236A232370F8E5FEE7628865
:10560000B2F5947F0CD2511C6180AB547B7813F0BF
:10561000020340F0E8816288B2F5947FE4D3FEE7AC
:10562000FEE76288B2F5947F15D2511C6180AB54BD
:105630003B787A78134313F0020340F0C881628804
:10564000B2F5947F08D2511C6180AB546288B2F5E8
:10565000947FC9D3FEE7FEE7FEE74FF00C08B9F1EF
:10566000120F00D9FEE709F1010B1FFA8BFB07EBC4
:10567000090C0DF1080A8CF802305A46504655497B
:10568000A7F816B005F066FC00233B800123FB82DF
:105690006F23BB706423237008F101035B45BFF4E3
:1056A000A6AD09F1FF310AEB08034FF06A0E4FF087
:1056B00007094FF0010A00224FF0690BA1EB080126
:1056C0000DF1090089B2404401440191F88A122881
:1056D00011D813F8011F00F1010C3844A7F816C0C7
:1056E00081702078092800F20D81002874D1019979
:1056F0009942EBD17BE5FEE7601E1418824204F16B
:10570000010745D227F0010101EB57015CF8211098
:1057100007E72246F1E7BB79DA0706D5FA79924521
:1057200082BF521912F80B20B2729B070BD563008F
:10573000234408EB83031B7A6A789A4282BF5B1981
:1057400013F80B30F3724FEA4409A14408EB8908BF
:1057500098F80530317373734BE56B793372AB791D
:1057600073726B7A297AEA791B0403EB01231344E1
:1057700073606A7802F10C017180A978C9077FF51E
:10578000C8AE1932C4E64FF00A0BDBE603232FE55F
:105790000F4902EB4200144651F82010C9E602A955
:1057A0002844FFF785FB737FBDF808106288CB1A89
:1057B0009BB21A446280727F1A447277E288134463
:1057C000E380338BB3F5947F01D2E9542FE6FEE7F3
:1057D000C0B70008A60500200138082887D80FF2B6
:1057E000080C5CF820F000BF29580008EF560008AC
:1057F000EF5600080D5800080D580008E35800083F
:10580000A35800087B580008595800086088B0F574
:10581000947F08D200F1010CA4F802C02954217829
:105820000131217063E7FEE76088B0F5947F38832B
:1058300011D200F1010CA4F802C02954387879770C
:1058400010F0010000F01C810831E1800621A180E8
:10585000042121704BE7FEE76088B0F5947F0BD2FE
:1058600000F1010CA4F802C029543978C90600F1EE
:10587000048184F800E03AE7FEE76088B0F5947FA1
:105880000ED200F1010CA4F802C02954797811F06D
:10589000020140F0EE806088B0F5947FE0D3FEE72F
:1058A000FEE76088B0F5947F19D200F1010CA4F8EE
:1058B00002C0295439787878014311F0020140F090
:1058C000D5806088B0F5947F0AD200F1010CA4F86D
:1058D00002C029546088B0F5947FC1D3FEE7FEE78B
:1058E000FEE76088B0F5947F0BD200F1010CA4F8BC
:1058F00002C029543978080700F1B58084F8009077
:10590000F5E6FEE7A0F1640CBCF1050F3FF6EFAE43
:105910006538042800F2E680DFE800F00E0A05038F
:105920002500F976EAE7B9764FF068012170DEE6E6
:10593000797084F800A0DAE660883970B0F5947F59
:105940007A700FD201F00101033900F1010CA4F8C3
:1059500002C0295497F900100029ACBF51466621B6
:105960002170C4E6FEE7397783E7B9F1120F3FF6FD
:1059700079AE07EB090C09F101020DF1080A92B2A8
:105980008CF8023050465F49FA8205F0E3FA0123B1
:10599000FB826423A7F8008087F802B04FF002086A
:1059A00023707EE64FF0030859E64FF0050856E6EF
:1059B0004FF0040853E64FF0090850E64FF008088E
:1059C0004DE64FF007084AE64FF0060847E6082381
:1059D00023700CE44FF00A0841E64FF00B083EE656
:1059E0004FF00D083BE60923237000E40C33E380FD
:1059F0000A236188A380B1F5947F16D27B78481C76
:105A000003F0010360806B546188B1F5947F0DD27F
:105A1000481C60806A5413B1E3880D33E380E38847
:105A2000B3F5947FFFF4C9ADFEE7FEE7FEE74FF064
:105A3000110814E64FF0100811E64FF00F080EE6BB
:105A40004FF00E080BE6B9F1120F3FF60BAEB9445A
:105A5000BA7089F802300021012264233980FA8269
:105A60002370FFF7C4BB6721217040E60821217035
:105A70003DE64FF00901217039E684F800B036E6C2
:105A80000C31E1800A21B4F802C0A180BCF5947FFA
:105A90001DD279780CF1010801F00101A4F802800F
:105AA00005F80C10B4F802C0BCF5947F10D20CF1CC
:105AB0000108A4F8028005F80C0011B1E1880D314D
:105AC000E180E188B1F5947FFFF4C2AEFEE7FEE726
:105AD000FEE7772B0DD000232370C4F80230E3805B
:105AE000FFF785BB772908D02270C4F80220E28036
:105AF000FDE565232370FFF77ABB4FF06501217048
:105B0000F5E500BFA60500202DE9F8431F46184B18
:105B1000164693F8302004463AB393F82B301FB161
:105B20001BB31F1F18BF0127A1F1020804F5E36989
:105B300001F11E0538F8020FFAF7E3FF29F8020F0A
:105B4000B8F80000FAF7EAFFA845A9F82000F1D15B
:105B5000084B86F001061B6884F85A77C4F85C3756
:105B6000012384F8606784F81937BDE8F88300BF23
:105B7000C4000020302F002070B500F27C7400F5C6
:105B8000B0712046FBF743FC044B024618680168DD
:105B90000D6921462B46BDE870401847F41D0020D2
:105BA000B0F8E834B0F8EA249B1A98B21B0444BF5A
:105BB00000F5007080B2003818BF0120704703461E
:105BC000D0F8F826B0F8E8140132C0F8F826D0F87A
:105BD00000270132C0F80027B0F8EA2491421FBF25
:105BE000811891F8EE04B3F8EC1401321ABF0A40A0
:105BF000A3F8EA2400207047114B93F82D305A1E69
:105C0000012A02D80F48FFF7DABF032B10D10E4A42
:105C1000B2F81E36B2F81C1699420ED0D11891F87F
:105C20002206B2F8201601330B40A2F81E36704748
:105C3000064B186803689B6918470020704700BF2F
:105C4000C400002040060020E80E0020F41D0020C3
:105C50000023A0F8EA34A0F8E834024B186803687F
:105C6000DB691847F41D002010B50748FFF7F0FF67
:105C7000BDE810400022054BC3F81C26044B1868F1
:105C80000368DB69184700BF40060020E80E0020CB
:105C9000F41D002038B5B0F8EA24B0F8E834044622
:105CA0009B1A9DB21B04084B48BF05F50075186888
:105CB00048BFADB203681B6A98474319D4F8F00691
:105CC000184480B238BD00BFF41D0020F8B5D0F8EC
:105CD000F4360446CB1AB3F57A7F0E4690F818775F
:105CE00026D2632B01D800207DE0012F0AD0022F9D
:105CF00019D0002FF7D1FFF7CDFFB0F5806FF2D9A3
:105D0000012305E0FFF7C6FFB0F5806F03D902233A
:105D100084F818370CE02046FFF7BCFFB0F5C07FD1
:105D2000E1D20023F4E7FFF7B5FFB0F5806FE7D3CA
:105D30003448C4F8F466FAF740FE334D334A2B6812
:105D40001168C3F1000C411A614501DB99424BDD3A
:105D50000A2310602B6013685221B3F5FA7FBCBF91
:105D60004FF4FA731360126864254A432849D4F843
:105D7000F836B1F848106B4392FBF1F2B3FBF2F343
:105D80005F2B35D8552B35D83B2B03D94B2B34BF44
:105D90005B25322594F81837022B2DD0012B2DD0FE
:105DA00013B9002F18BF33254FF47A733146D4F856
:105DB000002704F20470FBF78CF994F81837FBB94C
:105DC000642D0BD10322D4F8F436A3F29A23C4F83D
:105DD000F436D4F8F8365B00B3FBF2F30120C4F8D4
:105DE000F83684F8FC56F8BD002BB4DD013BB1E772
:105DF0000025CFE71E25CDE70025D5E73225D3E7DF
:105E00000023EBE7F81D0020280000204C030020B1
:105E10006800002070B5D0F8F4360446CB1AB3F50C
:105E20007A7F0E4690F8182714D2032A08D8DFE8A4
:105E300002F002092730FFF72DFFB0F5487F26D882
:105E4000002029E0FFF726FFB0F5AF6F11D902233C
:105E500084F81837304B94F81857B3F84800C4F852
:105E6000F466D4F8F836032D4ED8DFE805F037167F
:105E7000494B2046FFF70EFFA328E1D80323E7E7AD
:105E8000632BDDD9FFF706FFB0F5AF6FE2D2012338
:105E9000DEE7002084F8180770BD21254FF47A73DF
:105EA0003146D4F8002704F20470FBF712F994F895
:105EB00018377BBB642D0BD10522D4F8F436A3F53B
:105EC0004873C4F8F436D4F8F8369B00B3FBF2F309
:105ED0000120C4F8F83684F8FC56DDE764210F4A47
:105EE0004B43B2FBF0F2B3FBF2F35F2BD6D8552B4A
:105EF0000CD83B2B0CD94B2B34BF5B253225CDE77F
:105F00000025CBE75D25C9E76425C7E71E25C5E762
:105F10000D46C3E70023DBE7680000205040010086
:105F2000F8B5244F04463846FAF710FDFAF78AFD13
:105F3000064697F9A600FAF785FD05463846FAF7B2
:105F40000EFD94F8FC261C4B84F87221FF2293F876
:105F5000353084F87421333384F8653144236D225D
:105F600084F86631D4F86831C0F10A0062F317038F
:105F7000C4F868310023C4F86C3184F881324FF4DE
:105F80003943A4F88232092300B280F3070084F871
:105F9000730184F8706104F5B07084F8715184F86D
:105FA000843204F5AA71FBF713FD2046BDE8F840E2
:105FB000FFF7E2BDF81D0020C40000202DE9F04FDE
:105FC0000446B0F828670378B0F822E7B0F824C791
:105FD000B0F81CA7B0F81E97B0F82087B0F8267765
:105FE000B0F82A57B0F82C07A4F87A610026B4F864
:105FF0002E2785B00092B4F83027B4F836170192F6
:10600000B4F83227B4F834B70292B4F83827A4F8B9
:1060100074E10392B4F81A27A4F876C1A4F86C21AD
:1060200084F87C31A4F86EA1A4F87091A4F8728170
:10603000A4F8787184F87D61A4F87E51009A84F800
:106040008132A4F88221019A4FF4F843A4F8842104
:10605000029AA4F88A11A4F88621039A4621A4F88A
:106060008C21FF2284F865214422A4F88232262361
:1060700084F86621D4F86821A4F8800161F317023E
:1060800004F5B070A4F888B184F88E6184F88F614B
:1060900084F8906184F89161C4F8682184F88432AE
:1060A00004F5AA71FBF794FC204605B0BDE8F04F5B
:1060B000FFF762BDF0B591B004466D4600F23A7349
:1060C00000F25A762A4618685968083303C2B34268
:1060D0001546F7D1202200210DEB020004F074FFD9
:1060E00094F8602794F85A370AB943F00203A4F8E9
:1060F0007031002384F87331102384F874316B46B7
:106100001D4A277892F83520D4F85C173332D2B282
:10611000C4F86C1184F8727104F275160DF1400C1C
:106120001D4603CD6545306071602B4606F10806BB
:10613000F6D1442384F865214FF4D27284F8663195
:10614000D4F8683104F5B07062F31703C4F868310D
:106150004FF4A053A4F88232492384F8817284F862
:10616000843204F5AA71FBF733FC204611B0BDE878
:10617000F040FFF701BD00BFC400002070B5044629
:1061800090F8745790F87507214B84F86F016FF001
:106190006E0084F870016FF02A0084F871011220FB
:1061A00084F87201002093F8353084F8730133339A
:1061B00084F8653144234D2084F86631D4F8683181
:1061C00094F8721760F31703C4F868318F2384F8CA
:1061D00083320A2394F87327B4F8706784F8741133
:1061E00084F8811204F5B070A4F86C6184F86E51E3
:1061F00084F8752184F8822284F8843204F5AA7127
:10620000FBF7E6FB2046BDE87040FFF7B5BC00BFDA
:10621000C400002010B5224B044693F835204FF0FF
:106220007E53C0F86C3100230178C0F87031C0F89B
:106230007431C0F87831C0F87C31C0F88031C0F8D2
:10624000843184F88C314423333284F865214C2224
:10625000082084F86631D4F8683184F8880162F344
:106260001703C4F86831022049F6010384F8890154
:10627000A4F882320120212384F88A1184F88B014A
:1062800084F8811204F5B07084F8843204F5AA71A0
:10629000FBF79EFB2046BDE81040FFF76DBC00BF3A
:1062A000C4000020F0B54E780D46202E04468BB079
:1062B00001F10C013AD8324601A804F04BFE01ABC3
:1062C0000021C6F12102981904F07EFE3D4B9DF895
:1062D000222093F8353033339A4270D19DF8233021
:1062E000442B6CD1BDF82030F62B02D0B3F5FA7FE9
:1062F00065D1B4F87027A4F870379A421CBF002209
:1063000084F87527012284F86D276A79F62B84F8C2
:106310007227AA7984F873274FF0020284F8742751
:1063200013D0B3F5FA7F34D000232BE00B4601AA3B
:1063300005F12C07164618685968083303C6BB4296
:106340003246F7D11B783370C0E71F4B18680368DB
:106350005B6A98470028E7D01C490398FAF78CF944
:1063600098B11B490498FAF787F970B11949079851
:10637000FAF782F948B1002384F874379DF8243085
:10638000012B10D184F8753719E0002384F8743795
:10639000CAE700230F49079884F87437FAF76CF9B5
:1063A0000028C1D0EAE7022BBED194F87527002A55
:1063B000BAD084F87537084B1B68C4F878370BB02F
:1063C000F0BD00BFC4000020F41D002000004040CC
:1063D0000000884288AC9649302F00204FF47F435C
:1063E00003800023C0E90133C0E90333436103762E
:1063F0007047000038B50023C0E90733C0E95533C2
:106400004362C0F85C310446FBF750F8254B98789E
:10641000022845D0431F58425841FEF77DFA40F20A
:10642000FF130025A4F8EC341F4B04F204701B6822
:10643000C4E9A25503F57A73C4F8F436C4F890524F
:10644000A4F8EA54A4F8E854C4F8F05684F8FC56CA
:1064500084F81857C4F8F856C4F80057FAF733FE12
:10646000294684F8195704F21A70402204F0ACFD52
:106470007D23204684F85A57C4F85C5784F8605747
:10648000C4F86457C4F86857A4F86C37A4F8725776
:1064900084F87557C4F87857BDE83840FFF79EBFB9
:1064A0000120BAE768000020302F002010B40E4A07
:1064B00092F82E20AAB102789AB140F6C4140B4A81
:1064C00001691268511AA14202D910BCFFF786BFB8
:1064D000416831B94169511AFA2982BF42610122EA
:1064E000027610BC704700BFC4000020302F00208F
:1064F0004378032B06D1C068B0F5834F34BF00202A
:1065000001207047002070477FB50B46324900F1EB
:10651000280691F82D100446022900F11C0231468C
:1065200068461BD1FEF752FE9DF80030022B50D179
:1065300004F5B075324669462846FAF7C5FFD4F827
:10654000683123F07F436E2B2FD1244B9A78052A94
:106550003DD8DFE802F0303438063038FBF72CF94C
:10656000E2E75A6CB2F5613F94BF00220122204657
:10657000FFF7BEFFC8B9C2B194F86E31012B14D831
:1065800094F87231042B10D11022154904F27B10BB
:1065900004F0EEFC48B97823284684F8883184F862
:1065A000823184F87C31FEF789F9204604B0BDE8D9
:1065B0007040FFF7E1BA5A6CB2F5E13FD4E75A6C8C
:1065C000B2F5614FD0E75A6CB2F5164FCCE7012215
:1065D000CDE704B070BD00BFC400002068000020FB
:1065E00095B200084378032B07D144F2BF13C0686B
:1065F000984294BF0020012070470020704700009F
:106600002DE9F04F0446814B8148ABB01D68FDF782
:1066100043F940F6C312D4F86837EB1A934204D812
:1066200094F96C37834200F0B0807A4EC4F8685712
:10663000B1780627052997BF774B002533F81180DD
:10664000764B8CBFA84633F8115023783A468DF824
:10665000143000238DF815307F238DF81830B6F8EC
:106660004A3084F86C078DF819000DF11A00ADF866
:106670000C30ADF80E308DF817108DF81670FAF753
:106680000BFC3A46717808A8FAF7DCFB6048ADF8D5
:106690001080ADF81250FDF7F1F840428DF8260059
:1066A0005B48FDF7EBF84242D2B220468DF8272036
:1066B000FFF798FFDFF86891804604F5B07504F5A0
:1066C000AA76002864D09DF8261099F835309DF9F7
:1066D0001900009184F88721BDF80C10DDF81A200C
:1066E00033339DF815B09DF816E09DF817C09DF95D
:1066F0001870BDF80EA0BDF81090BDF8128001937F
:10670000A4F86C119DF81430009984F87901C4F84C
:106710007A210898BDF81E2084F8743184F8861117
:10672000A4F87E21A4F86EA1A4F87091A4F8728157
:1067300084F875B184F876E184F877C184F87871CB
:10674000C4F8800184F88132AB23BDF824204EF6D2
:106750008E21A4F88421019A84F8833284F865217B
:1067600044221C2384F86621D4F8682184F882B27C
:1067700061F31702C4F868212846314684F8843250
:10678000FBF726F92046FFF7F7F92BB0BDE8F08FAD
:106790000146642211A804F017FC0AAF0DF10C0C9D
:1067A000BCE80F000FC79CE807006FF02E0384F8C9
:1067B0006C311C2387E8070099F8357094F8009035
:1067C000802284F8703184F86D8184F86E9184F8A9
:1067D0006F810AA904F2711004F0BCFB442340F25B
:1067E000811284F86631D4F86831333762F31703C5
:1067F000C4F868314FF41343FFB2A4F8823284F82E
:106800006571852384F88192B6E700BF302F0020A0
:10681000B41E00206800002034B6000840B600080E
:10682000C40000208A4B2DE9F04F1A68D0F8643775
:106830000446D31A122BA7B040F20681DFF8149257
:10684000DFF814B299F80010C0F864278B1E594283
:1068500059419BF9A000FAF70DF999F800109BF93E
:10686000A2308A1E5142514100909BF9A60001932B
:10687000FAF700F99BF8A4300290012B0CBF032516
:1068800001259BF8A5307548012B9BF8AA300CBF59
:1068900045F0080545F00405012B9BF8AB3008BF17
:1068A00045F01005012B0CBF45F0200545F04005D3
:1068B000FDF70CF8F9F7F4FC6949F9F749FD04F024
:1068C000DDFA6849F9F744FD0646634894F800A0EC
:1068D000FAF74EF880466048FAF758F899F8003011
:1068E0000746022B20460CBF9BF8A9904FF00009E9
:1068F000FFF778FE5C4B014693F8353004F5B07B2A
:106900003333DBB2039304F5AA73002846D0002288
:1069100084F86F21009AFF2184F87221019A84F88B
:10692000771184F87321029A84F8791184F875211B
:106930007F2284F8762184F8782184F87A21039ADA
:106940004EF68D2184F86521442284F86621D4F81E
:106950006821A4F86C5161F31702C4F868214FF460
:106960006062A4F88222172284F86EA184F87081F4
:1069700084F8717184F87491C4F87B61C4F87F6104
:1069800084F881A284F8842258461946FBF720F83F
:10699000204627B0BDE8F04FFFF7EEB86C22049018
:1069A0000BA8059304F010FB4FF67F72ADF8222080
:1069B000ADF824207F228DF826206FF02F0284F876
:1069C0006C211722009B04998DF81E30019BADF8B5
:1069D000185025788DF81F30029B8DF81B1084F815
:1069E0006D1184F86F1184F8702106A9802284F853
:1069F0006E5104F271108DF821308DF81AA08DF8C7
:106A00001C808DF81D708DF82090CDF82760CDF892
:106A10002B6004F09FFA442240F2811184F8662131
:106A2000D4F86821039B61F31702C4F868214FF47E
:106A30001342A4F88222852284F8653184F88152B9
:106A4000059B84F884229FE727B0BDE8F08F00BF44
:106A5000302F002083030020F81D00209C0300201D
:106A600000007A3D00007A44C4000020F0B54E7862
:106A70000546082E0C4685B001F10C0717D83246A2
:106A8000394601A804F066FA01AB0021C6F10902FB
:106A9000981904F099FA9DF80930032B05D1627911
:106AA0002A70064A12686B702A6105B0F0BDC8688A
:106AB000796801AB03C33A7A1A70ECE7302F0020F3
:106AC00030B50378044695B013B34A799A421FD182
:106AD0004D780C314D2D1DD82A46684604F03AFAFF
:106AE0000021C5F14E020DEB050004F06DFA42F2F3
:106AF0001070049B190EC3F3072200FB01226421CE
:106B00006360C3F3074301FB0323E360059BA360BA
:106B100015B030BD4E22684604F01CFAE7E70000CD
:106B20008A68C2F317024C2A14D0942A09D09AB961
:106B30000A4A92F82E207AB18B79012B0CD1FFF7FB
:106B400095BF064A92F82E2032B18B79012B03D1E2
:106B5000FFF7B6BFFFF7A6BB704700BFC400002019
:106B6000B0F8EA34B0F8E824F0B5D21A93B21204BF
:106B700044BF03F500739BB2DD2B044685B009D8F2
:106B80002A4D00F5257600F52277286803685B69B1
:106B9000984708B905B0F0BD286803689B69984715
:106BA000D4F8F02603460132C4F8F02631463A46BE
:106BB0006846FAF701FE9DF80030022BE5D104F596
:106BC0007075324669462846FAF77EFC184B04F287
:106BD0007C7693F82D302946022B30460FD1FEF7F4
:106BE00027F800239AB282420CD30023294620467C
:106BF000C4F8F03605B0BDE8F040FFF791BFFAF7F2
:106C000006FCEEE7B4F8E814B4F8EC744A1C3A4019
:106C1000B4F8EA7497421EBFF75C091981F8EE7464
:106C200003F1010318BFA4F8E824DBE7F41D0020FA
:106C3000C40000202DE9F0414B4BDFF830811E6885
:106C400098F800304A4F022B1EBF0023A0F8EA3408
:106C5000A0F8E83497F82D300446013B012B00F2F0
:106C60008180FFF77DFF97F82E50002D5BD098F8BC
:106C70000030022B4BD1012D3ED0022D42D00025F9
:106C80002046FFF713FC94F8193743B1002384F82A
:106C9000193797F83030012B4FD0022B50D015B157
:106CA0002046FFF73DF994F86D372BB100232046BD
:106CB00084F86D37FFF762FA94F87537022B11D11B
:106CC000D4F87837F61AB6F57A7F0BD9B4F870375E
:106CD000F62B3ED0B3F5FA7F3DD00023A4F87037F1
:106CE00084F87537237E002B3CD000232046237682
:106CF000BDE8F041FFF78EBA31462046FEF7E6FFC9
:106D00000546BDE731462046FFF784F8F8E7D4F89A
:106D1000F436F31AB3F57A7F08D2002504F2047032
:106D2000FAF7D1F9ACE7C4F8F466F7E732230125A6
:106D3000C4F8F46684F8FC36F0E7FFF73FF9AEE7F5
:106D4000FFF7B8F92046FFF76DFD2046FFF758FC26
:106D5000A5E7FAF7B9FF074B1A79002ABDD101223E
:106D60005A71BAE7BDE8F081302F0020830300207C
:106D7000C40000205003002070B54C880346B4F5D1
:106D8000427F4FF000000AD80D780B2D77D8DFE84E
:106D900005F0060F1C2C2F32383B54575B6DA2F1C7
:106DA00024046242488062410A7083F809033EE08D
:106DB0004D2A01D0582A06D11A7002220A700020EA
:106DC00083F8090370BD0022F8E702F0FD003C28BB
:106DD00001D0212AF7D15A701A784D2A0CBF082207
:106DE00003220A7000229A70E9E79A700422DBE716
:106DF0009A800522D8E7988800EB02229A80062222
:106E0000DCE7DA800722CFE7D88800EB022292B2D3
:106E1000002ADA800CBF0B220A220A7000224A8064
:106E2000012283F80923DB88B3F5407F01D80020D5
:106E3000C8E7002008704880C4E7DA800922B3E779
:106E40009A800A220A70EBE7B4F5407F3CBFE41851
:106E500022724A88013292B24A80D88890429CBFFE
:106E60000B220A70012283F80923E0E783F8082344
:106E7000022208704880012083F80923A2E70870E5
:106E80004880D4E7CB8870B5B3F5407F31D8242350
:106E900003700B7843704B7883700B784D2B14D1B3
:106EA000CB88C3708B88037105230022CE88D41849
:106EB000A4B2964200EB040515D891F808232A7075
:106EC000CA880132981880B270BD8B78C3708B88E5
:106ED00003718B881B0A4371CB888371CB881B0A93
:106EE000C3710823E1E78D182D7A0132055592B25E
:106EF000DCE70020E8E700002DE9F74F16464A8856
:106F00000446B2F5427F0D462ED80B780A2B0FD9D6
:106F1000A3F16402032A03D90020287068802CE0C2
:106F2000653B8F4F022B32D8DFE803F062A3A60047
:106F300000210A2BF0D801A050F823F0696F000857
:106F4000816F0008196F0008196F0008C56F0008ED
:106F5000D36F0008DF6F0008E56F0008196F0008A5
:106F6000196F0008537000080020A6F124077E4224
:106F70007E4168802E7084F8090303B0BDE8F08F6D
:106F80006F2E0CBF6423002300202B70F3E716F054
:106F9000040F14BF4D2358233E7023703A78D10755
:106FA0000ED412F0020F14BF21233E236370C2F3EC
:106FB000C003D20648BF43F00203A3700423E3E7F3
:106FC0003C23F3E70523A6802B7084F809130020E7
:106FD000D3E7A38803EB0623A3800623D4E7072384
:106FE000E680F1E7E38803EB0623E3806523CBE744
:106FF0000DF106007E70FAF705FA3978FAF7FAF91A
:10700000A7882179FAF7F6F9390AFAF7F3F9E78848
:10701000A179FAF7EFF9390AFAF7ECF99DF8063099
:10702000B34206D000232B706B80032384F809330E
:10703000CDE7002F0CBF66230A232B70012384F8B1
:10704000093300236B80E288B2F5407FBFD92B70F3
:10705000BDE7B2F5407F3CBF121916726B88013351
:107060009BB26B80E2889A4201D866232B70012381
:10707000DCE767237E80F9E74FF6FF73B7F80280FD
:1070800097F8009008EB06280DF1060049461FFA14
:1070900088F8ADF80630A7F80280FAF72FF92679BC
:1070A000B4F804A03146FAF729F94FEA1A21FAF7A1
:1070B00025F994F806B0B4F806A05946FAF71EF977
:1070C0004FEA1A21FAF71AF9797804F10807FAF762
:1070D00015F952463946FAF71DF9BDF80630434511
:1070E0003AD119F0040015D0002386EA0B01E21D05
:1070F00098B2824584F8081307D8022301200022A1
:107100002A706A8084F8093337E712F8010F0133D7
:107110004140EDE7A178F9F757FD217984F808039C
:10712000F9F752FDA18884F80803090AF9F74CFD24
:10713000A17984F80803F9F747FDE18884F808038A
:10714000090AF9F741FD3946E28884F80803F9F79E
:1071500041FD84F80803D0E703230020CFE700BFF8
:10716000C01C0020CB882DE9F041B3F5407F0446D8
:107170000D464BD84B783C2B41D0A3F12100434224
:1071800043415B002A78A71C4D2AAA7808BF43F028
:107190000403D10748BF43F0080392074FF02402CD
:1071A00022704FF06F0248BF43F010036270A3706B
:1071B000AB883846E370AB881B0A2371EB88637198
:1071C000EB881B0AA371FAF739FA0822E071E98803
:1071D000A2F108039BB2561C8B42B6B204EB020824
:1071E0000FD30631384689B2FAF7ACF888F80000B8
:1071F000000AA055E8880A3080B2BDE8F08101237A
:10720000C0E72B441B7AA3543246E0E70020F4E7A2
:1072100030B4BDF80C40B4F5407F03D8039430BCC3
:10722000FAF726BA002030BC704710B50446242077
:10723000207058206070002023711B0AA170E2703A
:1072400063710522A071E071E11CF9F7C3FC2072A3
:10725000092010BD2DE9F04F0025D7189146804632
:107260000C462B462A464FF0FF0BDFF8D8A08FB014
:107270000D80B94502D10FB0BDE8F08F19F8010BB0
:1072800011463B2809D00132D2B238316944202A54
:1072900008BF002201F8300CEBE74FF00001002698
:1072A00038326A4402F8301CF2B25AF8361002A89A
:1072B00001930092F8F72CFFDDE90023A8B9FF2B1A
:1072C00018BF23880AEBC6061EBF591C218008F888
:1072D00003B02388591C218008F803203379142B2C
:1072E00001D8189AD554FF231BE00136372EDBD185
:1072F000FE2B06D023885A1C22806FF0010208F86A
:107300000320002602A8F8F70DFF721CF6B2B04267
:1073100023880AD85A1C22804FF03B0208F8032029
:10732000FE2301350022EDB2A3E7591C218006F1AE
:1073300038010DEB010616F8301C164608F803104C
:10734000E0E700BFECCC000840F2FF3370B5002549
:10735000A0F820367D230A2680F8543A04460346D6
:107360000560C0F80E53A0F81E56A0F81C56A0F8F1
:10737000425AA0F8445A80F8465AC0F8485AC0F811
:107380004C5AC0F8505AC0F8585A00F6672100F617
:107390006D2011F8012F0AB1B6FBF2F2814283F899
:1073A000702A83F8715AC3F8745A03F10803F0D1B4
:1073B0001522FF2104F52A6003F006FEC4F8B85A2E
:1073C00070BD0000F8B5134A044692F83000F8B1D9
:1073D00092F82B2003B1DAB18E1E04F5226701F179
:1073E0001E0536F8020FF9F78CFBAE4227F8020FA4
:1073F000F7D1012384F8423A94F8453A83F0010327
:1074000084F8433A94F8463A83F0010384F8443A06
:10741000F8BD00BFC400002070B5061D04460A4632
:1074200001463046FFF768FD18B304F6BC25314627
:107430002846FFF727FD0F4B0246186801680E69C2
:107440002946B04763793C2B13D1218904F65A238E
:1074500004F66622A4EB8404A4F5F75406481C3C09
:1074600033F8025F8D4204BF056844F8235093420D
:10747000F6D170BDF41D0020302F002070B51248E9
:107480000C4690F82D00451E012D0AD80F4E8D1880
:10749000AC4200D170BD304614F8011BFFF734F840
:1074A000F6E7032809D10A4E8D18AC42F2D03046D7
:1074B00014F8011BFFF7B0FFF7E7064BBDE870407B
:1074C000186803681B691847C400002040060020A4
:1074D000E80E0020F41D0020B0F81C36B0F81E267F
:1074E0009B1A98B21B0444BF00F5806080B200383C
:1074F00018BF012070470000094B93F82D305A1E29
:10750000012A02D80748FEF74BBB032B02D10648DD
:10751000FFF7E2BF054B186803685B69184700BFB7
:10752000C400002040060020E80E0020F41D0020CA
:1075300070B500F6BC240B4602223C212046FFF722
:1075400074FE054B0246186801680D6921462B46FA
:10755000BDE87040184700BFF41D0020114B37B53F
:107560001A68D0F8483AD31A122B19D92023C0F838
:10757000482A00F6BC2400F6222001930090C8237C
:1075800003223C212046FAF731F8074B02461868DF
:1075900001680D6921462B4603B0BDE8304018470D
:1075A00003B030BD302F0020F41D00207FB5234BE9
:1075B00004461A68D0F84C3AD31AC72B3CD94FF47A
:1075C00080731F4DC0F84C2A2846ADF80830F9F7F3
:1075D000BDF906461B48FCF751F901463046F9F75C
:1075E000D9FA8DF80A002846F9F7B0F9F9F7CCFA7C
:1075F00095F8A9308DF80B0028468DF80C30F9F776
:10760000B7F98DF80D002846F9F7A9F9072304F614
:10761000BC24019302AB03223C218DF80E000093A1
:10762000204641F20D03F9F7E1FF074B02461868C7
:1076300001680D692146A84704B070BD302F0020B5
:10764000F81D0020B41E0020F41D002030B50446B3
:10765000204B214887B01D68FCF71EF940F6C31285
:10766000D4F8503AEB1A934203D894F9543A83422F
:107670002DD00023C4F8505A84F8540A8DF80830ED
:10768000F9F7B8FA154D04226978ADF80900ADF89C
:107690000B000DF10D00F9F7D5FBA97806220DF1CD
:1076A0001100F9F7F9FB0F2304F6BC24019302AB98
:1076B00003223C210093204641F20E03F9F796FF86
:1076C000074B0246186801680D692146A84707B0B4
:1076D00030BD00BF302F0020B41E00206800002005
:1076E000F41D002070B5FAF789FCFBF785F9FAF76D
:1076F000E3FBFAF7CFFB2849284801F0B7F900244B
:10770000FAF7BAFBFDF70AF8FAF70EFC8022244BD1
:10771000244D5A701C70FBF751F8C5E903442C75D1
:10772000FAF70CFE204B4FF480461C70FAF734FB3E
:107730004FF400421D4B04F180445A6104F5883433
:107740001B48FAF765FBFAF775FC41F28830666171
:10775000FAF770FC4CF250302661FAF76BFC1548D2
:10776000FBF708F9284601F023FF4FF47A70FAF787
:1077700061FCFBF75FFF1048FBF77EF90F4B1048E9
:10778000B3F84810FBF74EFABDE870400D4B0E4AB7
:107790001A60FAF79DBF00BFEA000020C41C002059
:1077A0009A030020B41E0020300000200004014095
:1077B000E0930400880300200C1D002068000020D6
:1077C000F11D0020F41D0020380000204FF400427D
:1077D000174B73B55A61FF21164801F0DBFF164CB9
:1077E000206023685B0612D5144E35798DB10823CD
:1077F0006A4600210F4801F0C5FED6E90402DDE922
:1078000000139A4208BF884201D00023236002B0CF
:1078100070BD02236A462946064801F0B3FE084BB4
:10782000DA8BBDF800309A4218BF2560EFE700BF41
:1078300000040140B41E0020300600205003002048
:10784000680000200023034A1370034A1370034AA0
:10785000137070473B060020EC1E002090030020B0
:107860000023024A1370024A137070473B0600203F
:10787000EC1E002008B5437E203B042B0FD8DFE828
:1078800003F0050E030B0F00FCF76CFB0123064A07
:107890001370064A137002E00122054B1A7008BDEE
:1078A000FBF7BCFEF2E700BF3B060020EC1E002009
:1078B00090030020034B1B78012B01D1FCF7F6BA93
:1078C000704700BF3B0600202DE9F043814699B088
:1078D0004248FCF761FE0546002868D0404B1C7802
:1078E000002C64D13F4B1B78022B5CD12646DFF87D
:1078F000F88003AF4046F4B2FFF7FEFD40B14046CA
:10790000FEF77AF90136522E07F8010BF2D1344610
:1079100036482146F9F76CFC3548F9F763FC012736
:107920002E4EDFF8D080B37840468DF8003098F8BE
:10793000A43088F8A5908DF805308DF806908DF864
:107940000170F9F703F88DF802004046F9F710F8D6
:107950008DF803004046F9F719F80522264BDFF8A9
:107960009C901B788DF80400C3EBC3030233B3FB78
:10797000F2F38DF809300DB3194B1B78CBB92346C0
:1079800069461F4803AAFCF7A3F90123194889F89F
:107990000030F9F709F81748F9F70FF80123F370E9
:1079A00019B0BDE8F0831048FEF75EF9B7E7002490
:1079B000B5E769461248FFF77DFFE6E799F8003022
:1079C00003B9FEE769460E48FCF796F8404689F889
:1079D0000070F8F7EEFF4046DEE700BFD01E002043
:1079E000EC1E002083030020340000205C1E0020D9
:1079F000341E0020F81D0020391D002049030020FE
:107A0000961D002070B5CB78364EC3F3800386F800
:107A1000AA308B790546C3F3000386F8AB300B79A7
:107A2000C87803F003035B0143EAD0000C46F9F782
:107A300003F886F8A6002379C3F3800386F8A730FD
:107A40006379227903F001035B0143EAD20386F8EC
:107A5000A8306379C3F3460386F8A930E37803F0CE
:107A60000202002A14BF012100211F4A11700DD00B
:107A7000A27803F001039B0043EA9213072203EB71
:107A800083030333B3FBF2F3184A537021461848BB
:107A90001DB9BDE87040FBF763BFFBF7A0FFA378FB
:107AA00003F03003202B04D12046BDE87040FFF7DF
:107AB000E1BEFFF7D5FE0F4B1B78022B10D1A27948
:107AC00004F119010C485208FFF7D8FCA1790B48C2
:107AD0004908F9F78DFBBDE870400948F9F782BB0A
:107AE00070BD00BFF81D0020FE1F0020391D0020C2
:107AF000141D00208303002034000020701E00208D
:107B0000481E002073B5054660B9204B20491C78FB
:107B10002048037953B1012C36D002B0BDE8704043
:107B2000F9F740BD1C4B1D491C78F1E75CB91A4BB5
:107B300022461B780D200193144B19491B780093A2
:107B40002346FCF7D1FC012C164B174E13D08A7834
:107B5000C2F3C0025A7002221A70E31E5842584102
:107B6000FFF750FF3046F8F7EBFE032C04D1304608
:107B7000F8F7E9FE00E01C700B4886F8A45002B04C
:107B8000BDE87040F8F7DABE02B070BD38060020DC
:107B9000481F00205003002039060020A31F0020AA
:107BA000A6B20008D01E0020F81D00200A4B10B518
:107BB0001A7904462AB1BDE8104001461846FCF780
:107BC00025BCFFF781FE054B2046BDE810405B2237
:107BD0001B7F0349FCF7FCBB50030020680000201A
:107BE000961D0020264B70B51A7905460E4632B117
:107BF000BDE870400A4601461846FCF72FBE5B23DD
:107C0000204A2149FCF7DAFB15BB1F48FBF774FE3D
:107C1000044640B31D491E48F9F742FF05F1300103
:107C20001B48C9B2F9F730FF1A491948F9F738FF6C
:107C3000204601F0E7FB01461548F9F731FF0A211C
:107C40001348F9F721FF012C04D11348FCF794FCE9
:107C50000C48DBE7042C0FD0012428460F49FCF721
:107C600013FC204670BD2EB10D48FAF78BFF0CB106
:107C70000224F2E70324F0E7002EF9D0F4E700BF76
:107C800050030020A31F0020481F0020B8B20008A6
:107C90002C000020BFB20008C1B20008F81D00206F
:107CA000F11D0020024B1878831E5842584170473E
:107CB00083030020002370B59CB2A24200D870BD9F
:107CC000058886886C1C34404688A6421EBFCE5C60
:107CD0002D18AE7103F1010318BF0480ECE700001A
:107CE000B0F81E36B0F81C262DE9F04FD21A93B228
:107CF000120444BF03F580639BB2E62B0446ADF546
:107D0000057D0AD8754E00F21C6704F212383068FF
:107D100003685B699847054618B90DF5057DBDE810
:107D2000F08F306803689B69984704F20E31024671
:107D30004046FFF721F80028E9D094F813333E2B92
:107D400075D1B4F81633B3F5005F38D194F8983A8A
:107D5000002B6CD19E4619464FF0010B04A804F28B
:107D6000273A04F69F29036019F8012FFF2A0ED045
:107D70004FEAD20C1AF80CC002F007024CFA02FCCF
:107D80001CF0010F1EBFAE460BFA03F21143013384
:107D9000152BE9D1BEF1000F00D00160042304F6D9
:107DA000BC29CDE9000302223E2142F6FF7348467A
:107DB000F9F75EFC494602463846FFF77BFFB4F808
:107DC00016A3BAF1740F23D100250DF1100B04F5A1
:107DD0002A635846009304F21A32B4F818330DF1AE
:107DE0000E01ADF80E50FFF735FABDF80E3004F66F
:107DF000BC2902223E21CDE900B34846534684F80F
:107E0000985AFFF705FA494602463846FFF752FFEF
:107E100043F20103B4F816239A4208D194F81233BE
:107E2000582B04D12E4B1D79F5B901225A7194F8C3
:107E30001333212B22D141F20D02B4F816339342B1
:107E400014D041F20E02934214D0002D3FF45DAFE6
:107E500004F6BC2541462846FFF784F92946024628
:107E60003846FFF727FF50E70025E0E7012384F8B5
:107E7000453A4AE7012384F8463A46E73C2BE4D1E9
:107E8000B4F81693B9F1440FDFD194F81233582B9C
:107E9000DBD13068D4F81A5303685B6A984700282E
:107EA0003FF433AF0F4B9D427FF42FAF0E4B04F6E0
:107EB000BC251B680222C4F8B83A00233E21CDE954
:107EC000003328464B46F9F791FB024630680168BB
:107ED000D1F810802946C04717E700BFF41D0020E5
:107EE0005003002091D51200302F00202DE9F047DB
:107EF0003A4B04461B78022B0CD00023A0F81E3608
:107F0000A0F81C3690F86D3A13B10A22B2FBF3F3D5
:107F100084F8983A324B93F82D30032B2DD120461C
:107F2000FFF7DEFE94F8422A3AB10023204684F897
:107F3000423ABDE8F047FFF711BB94F8433A33B13A
:107F4000204684F8432ABDE8F047FFF72FBB94F89A
:107F5000448AB8F1000F06D0204684F8443ABDE8C0
:107F6000F047FFF773BB1F4B1E68D4F8583AF31A5B
:107F7000632B04D8D4F8B83A4BBBBDE8F08725464C
:107F800040F6AB5AC4F8586A04F65C2704F130098D
:107F900095F8702AAAB195F8713A0133DBB29A428A
:107FA0000BD885F8718AD5F8743AF31A534508D975
:107FB00020463988FFF7BCFA03E085F8713A002BB8
:107FC000F1D008354D4507F10207E1D1D2E7F61AA5
:107FD000B6F57A7FD1D9F9F777FE00BF8303002089
:107FE000C4000020302F00202DE9F043934D85B0D0
:107FF0002B78012B00F2E7800BB9F9F7B9FEFFF7F8
:1080000071FB8F4B8F4F1868796C036807249B684E
:10801000984700228C4B1A809A704FF400628B4B69
:108020005A614CF25030013CF9F770FFFAF702F850
:1080300014F0FF04F5D1864801F0FCFB122803D0B0
:1080400001208449FCF748FA834B84491C60844B27
:108050007F481C60FBF72DFC8248FBF7A7FF97F8D1
:108060002020202A00D9FEE797F828007E4E052818
:10807000796AB7F82C9097F829C097F82A30B07130
:1080800000D9FEE7DFF8E48158F830E0BEF1000FD8
:1080900000D1FEE708EBC008C6F808E098F804E055
:1080A00098F8058086F807E086F80C8086F8D500F9
:1080B000A6F80E9086F8D440B9F1000F00D1FEE783
:1080C000724524BF0EF1FF3E5FFA8EF205287274EE
:1080D00000F0A080012800F2A5800CF1FF30C0B2B2
:1080E00000F08F80022813D8581EC0B2032809D888
:1080F0000C2A01D90C207074707C904200D97274E3
:10810000644608E0122A84BF122373740023F3E745
:10811000052B28BF002322465348F8F767FF0024A9
:108120003474FF26524B50481E705E70FBF7CEFB36
:108130000146474801F083FB4E4B4F481C704F4BA4
:108140001C704F4B1C804F4B1C704F4B1C704F4B87
:108150001C704F4B1C704F4B1C704F4B1C704F4B87
:108160001C70FFF76FFB4E4BB7F84A201C704D4B4D
:1081700097F840101C704C4B1C70B7F84830F8F75B
:10818000A4FBB7F848104948F8F7BDFE4848FCF78B
:10819000FBF9484B484893F8291000F074FC474815
:1081A000FEF728F94648FFF7CFF82948FBF774FB9C
:1081B00001464448FCF7B8F8434B1C80434B1C80F5
:1081C000FAF7E8FB2E70FAF7EFFB002800F0A0802A
:1081D0002B4A13880BB1013B1380284B1A4A19789C
:1081E0001388022922D12BB3013B9BB213809278D2
:1081F000002A6DD0002B74D1F9F77AFEF9F786FECC
:108200006FE0022804D80C2A01D90C237374644649
:10821000002380E70CF1FF33022BF9D8082AF6D9A6
:108220000823F3E71048F8F789FE78E7002BDBD145
:10823000C723DBE740F2F313D8E700BF381D002067
:10824000F41D0020680000203406002000080140D2
:10825000B41E0020E3B200082C0600206C000020B1
:1082600030060020500300209C0300204CB600087C
:10827000391D00203A060020F81D0020830300204D
:108280008603002084030020800300208103002057
:108290008203002039060020380600203C0600201A
:1082A0009303002092030020D0050020D81E002058
:1082B000D01E0020C4000020C41C00204006002066
:1082C000E80E00209A030020E81E0020EA1E00208D
:1082D0000229974851D10BB9F9F70AFE4FF4006310
:1082E0004361944C2388002B4DD0013B9BB29248B4
:1082F0002380FBF7C9FE9148FBF7CEFA0146904870
:10830000FCF712F823881BB98E498F48F9F7C8FB90
:108310008E4C8F4E2178002938D0022969D03368DD
:10832000002B00F0AB802378032B72D13368180741
:108330000ED50023874A3360137843F00101117092
:10834000854A92F856200AB1990701D50023237077
:108350003368002B00F092803368804813F0800F60
:108360007F496CD003780520326801930B787D49F2
:108370000093237892B2FCF7B7F84FF48052426131
:10838000002BAED13AE740F2E733B0E7764B1B78EB
:1083900043B1764A137C507C0133DBB298421374AC
:1083A00098BF11747148FBF791FA002701466348A2
:1083B00001F045FAF9F722FD0D2101230DF10F021D
:1083C0005E488DF80F7001F071F8FF215B4801F0F5
:1083D000DBF95A4801F006FA7D20F9F72BFE01235C
:1083E00023705E4B1F705E4B1F70614B1F603760C8
:1083F00095E76048FBF7A8FF5F4B187AFFF7D6FBBD
:10840000032323700023534A1370594A13603360C7
:1084100085E7012B9CD133685A0699D54F4B002034
:1084200019783060B1FA81F14909FFF7DBFB4C4B59
:10843000032818708CD1414801F006FA88E73368A8
:108440005B0609D50378326801930B78012000930D
:1084500023784A4992B28EE7336813F0080309D0B3
:108460000378326801930B78022000932378444903
:1084700092B280E73360237003700B70414B1A781F
:1084800002F0FF06002A00F0B38100201870344B80
:108490001F7807F1FF3CDCF1000848EB0C0847B3FC
:1084A000FFF730FB0023344A012F137205D8364AF8
:1084B0001377D3831362354A13702B4D2A78012A20
:1084C0006ED8012F13D9324F97F8A8303E2B19D808
:1084D000264997F8A770087C17BB83420DD04A7CC9
:1084E0000B749A4298BF0023B04698BF0B740026C5
:1084F0005FE00122274B1A70D4E72748017841F04A
:10850000010101702549002A40F093803F2B4FF074
:1085100001000A7028BF03221F4B28701A7041E027
:108520008342DCD11C48017841F00201E9E700BF39
:1085300000080140E81E002050030020B41E002067
:108540009A030020EDB200082C0000203A0600201B
:10855000300600203C06002068000020390600207C
:1085600038060020EFB20008830300209C0300209F
:108570002C060020391D0020D81E0020FCB2000867
:108580000DB300089103002040060020E80E0020F3
:10859000F81D0020D01E002080030020840300204E
:1085A000012FA4D97C4BB3F84C207C4B1A800223BA
:1085B00023702B78002B64D1B8F1000F00D023700A
:1085C0007749754A0B78B2F84E200133DBB29342FB
:1085D0000B70744B0ADB1A7C587C0132D2B2904289
:1085E00098BF00221A7400220A70227093F8D420D7
:1085F000002A52D0B3F8D820B3F8D610013292B284
:108600009142A3F8D82048D80022A3F8D820062207
:1086100093F8D500D9890130C0B2062828BF0020C0
:1086200041FA00F7FF0734D55F4A52F83020EAB923
:10863000FEE70B785D4801330278DBB20B706AB954
:10864000554A92F850209A42ACD8594B1B78032BCC
:1086500006D102232B7001230370A3E70522F2E762
:10866000531EDBB29A420B70F3D99BE783F8D50017
:10867000F8F7CAFD4F48FBF7B7FC002323702B78AF
:108680005BB1464B1B8843B9454A2B70137023706E
:1086900003E0013A12F0FF02BDD10022464B1A70EE
:1086A0002A78002A00F047811EB901221A7002239D
:1086B00023704248FBF7BEF82B78022B02D0002231
:1086C0003F4B1A703F4A138813B9334BB3F84A3003
:1086D000013B9BB2138013B93B48F8F77AF93A484B
:1086E000F8F72BF92B78022B0BD03748F8F7D5F891
:1086F0002B7833B9FFF7B4F80123344A1370344AA6
:108700001370344E3046FAF79FF97278294B012ADC
:1087100004D100217170197901B95A712548FBF70C
:10872000DDFCFBF7F3FC0128064607D002282FD01A
:108730000522294B1A7005B0BDE8F083164F1D487D
:10874000FBF76CFCB7F84830244A03EB830303EBD8
:1087500083039B0022481380FAF714FA41F288330E
:10876000B7F848100F4AB3FBF1F3A2F8D630002354
:108770004FF4805182F8D460A2F8D830194A1161C0
:108780004FF400615161184A2B7096702370CFE747
:108790000122164B1A70CBE76800002086030020E8
:1087A000810300209C0300204CB6000882030020B7
:1087B0008003002050030020D0050020B41E0020BC
:1087C000D01E0020EA1E0020F81D00203B060020DD
:1087D000EC1E00200C1D00209303002064000020EC
:1087E000F11D002000080140340600209003002005
:1087F0005449554A0B781BB1013BDBB20B7013B1E6
:108800001378002B43D00023504E13703378504A16
:10881000022B0CBF01210021137855D10BB94D4813
:1088200003704D4C11704D4894F8281000F056F923
:108830003378022B59D14A4E4A4896F80080F8F70F
:1088400085F807464748F8F793F80023424646491B
:10885000CDE90070414800F059FC4048FBF7B8FFF3
:108860000023327841494248FDF74EF9002332781F
:108870003E494048FEF7A6FD3F4B1B783BB994F8B4
:10888000263094F8332038493C48FBF77DFD3348C7
:1088900000F04CFD3648FEF7CDF93648FFF726FBD1
:1088A000374B1B78002B3FF446AF3648FAF7C2FF30
:1088B0004FF40062344B1A614FF480521A61FAF798
:1088C0009DFE01232B7036E7002BAAD02A4B1B7884
:1088D000002BA6D02D4B1B78002BA2D00520274BB8
:1088E000587001201B4B18709BE7284B1B78CBB1AD
:1088F0006FF07E030022CDE9003201231A491A46A7
:10890000164800F003FC154800F0FFF80123174952
:108910001A461748FDF7F8F8012314491A46154876
:10892000FEF750FD0B4B1B78002BB0D194F826209E
:10893000124B5A70ABE7237813F0FD0F3FF4B9AE3A
:10894000BDE600BF930300209203002083030020B4
:108950004A0300204B030020C4000020C41C002058
:10896000D0050020F81D0020141D0020E81C002068
:1089700040060020E80E0020FE1F0020391D0020C8
:1089800090030020B41E0020000801408203002054
:1089900008B5FFF729FBFCE710B51F4B1F4A204C19
:1089A0001A60204600F07AFD1E4B1F4A23601F4BC1
:1089B0001F4C1A605A619A62DA631A651D4A204692
:1089C0005A669A671C4AC3F88C2000F043F80022CC
:1089D00040F2FF11194B2360194BC3F8E824C3F888
:1089E000EC14184B40F2FF31C3F81C26C3F8502A90
:1089F0007D2283F8542A144AC3F82016506A916ADB
:108A000003F65C2403C4D06A2060106B928EC3F816
:108A1000680AA3F86C2A10BD8803002028B3000858
:108A2000B41E002038B300081CB20008F81D002056
:108A3000C41C002004B2000810B20008B8B300083B
:108A400040060020E80E0020F0AF0008704700202C
:108A50007047000010B50446034B012140F8043B69
:108A6000F7F7C8FE204610BDACCE000838B524226A
:108A70000D46FF230021044603618182104402F069
:108A8000A3FAE56038BD38B50D46017C0446A9421D
:108A900015D0012918D0022912D011B903685B68DA
:108AA00098470023012D6374257413D0022D0ED036
:108AB0002DB923685B68012120469847607438BD52
:108AC0000368DB680021EBE703689B68FAE723682B
:108AD000DB68F0E7236829469B68EDE70430F7F789
:108AE00097BE037C10B5012B0ED100F1160301F1E6
:108AF0000C0251F8044B914243F8044BF9D10A8817
:108B00001A8040F20113438210BD037C012B0BD16C
:108B100048F281134FF40142C3820023C0E90632B8
:108B2000038440F2011343827047F0B5054689B0D3
:108B300008880C4616461F46F7F7D4FF9DF8063006
:108B40008DF8050023F00703C0F30220034360887B
:108B50008DF80630F7F7C6FF9DF8063000F01F02CB
:108B600003F0070343EAC2038DF806309DF807308F
:108B7000C0F3451023F03F030343A0888DF807306E
:108B8000F7F7B0FF9DF8073000F0030203F03F0352
:108B900043EA82138DF80730C0F387038DF808305D
:108BA0009DF80930C0F3802023F001030343E088DF
:108BB0008DF80930F7F796FF9DF8093000F07F0235
:108BC00003F0010343EA42038DF809309DF80A30AF
:108BD000C0F3C31023F00F03034320898DF80A303C
:108BE000F7F780FF9DF80A3000F00F0203F00F0343
:108BF00043EA02138DF80A309DF80B30C0F30610DB
:108C000023F07F03034360898DF80B30F7F76AFF89
:108C10009DF80B3000F0010203F07F0343EAC2131A
:108C20008DF80B30C0F347038DF80C309DF80D30F4
:108C3000C0F3412023F003030343A0898DF80D30D6
:108C4000F7F750FF9DF80D3000F03F0203F00303EB
:108C500043EA82038DF80D309DF80E30C0F3841086
:108C600023F01F030343E0898DF80E30F7F73AFF36
:108C70009DF80E3000F0070203F01F03C0F3C70099
:108C800043EA42138DF80F00208A8DF80E30F7F773
:108C900029FF9DF811308DF8100023F00703C0F371
:108CA00002200343608A8DF81130F7F71BFF9DF80F
:108CB000113000F01F0203F0070343EAC2038DF8EE
:108CC00011309DF81230C0F3451023F03F030343E9
:108CD000A08A8DF81230F7F705FF9DF8123000F0EA
:108CE000030203F03F0343EA82138DF81230C0F30E
:108CF00087038DF813309DF81430C0F3802023F0E3
:108D000001030343E08A8DF81430F7F7EBFE9DF87A
:108D1000143000F07F0203F0010343EA42038DF8B0
:108D200014309DF81530C0F3C31023F00F03034334
:108D3000208B8DF81530F7F7D5FE9DF8153000F033
:108D40000F0203F00F0343EA02138DF815309DF86C
:108D50001630C0F3061023F07F030343608B8DF8B9
:108D60001630F7F7BFFE9DF8163000F0010203F051
:108D70007F0343EAC2138DF81630C0F347038DF822
:108D800017309DF81830C0F3412123F003030B4343
:108D9000A08B8DF81830F7F7A5FE9DF8183000F07D
:108DA0003F0203F0030343EA82038DF818309DF875
:108DB0001930C0F3841023F01F030343E08B8DF8B8
:108DC0001930F7F78FFE9DF8193000F0070203F015
:108DD0001F0343EA42138DF8193040F2A953218C46
:108DE000628C99428CBF01210021C0F3C7009A42D6
:108DF0008DF81A0088BF41F002010EB141F0040164
:108E00000FB141F008010F238DF8043000238DF8D5
:108E10001C302B688DF81B10192228461B6801A9ED
:108E2000984709B0F0BD000030B5054689B0088804
:108E30000C46F7F764FE9DF808308DF8070023F024
:108E40000703C0F30220034360888DF80830F7F76A
:108E500056FE9DF8083000F01F0203F0070343EAB6
:108E6000C2038DF808309DF80930C0F3451023F097
:108E70003F030343A0888DF80930F7F740FE9DF8C3
:108E8000093000F0030203F03F0343EA82138DF838
:108E90000930C0F387038DF80A309DF80B30C0F31A
:108EA000802023F001030343E0888DF80B30F7F7AF
:108EB00026FE9DF80B3000F07F0203F0010343EA29
:108EC00042038DF80B309DF80C30C0F3C31023F033
:108ED0000F03034320898DF80C30F7F710FE9DF83F
:108EE0000C3000F00F0203F00F0343EA02138DF879
:108EF0000C309DF80D30C0F3061023F07F030343C0
:108F000060898DF80D30F7F7FAFD9DF80D3000F00F
:108F1000010203F07F0343EAC2138DF80D30C0F362
:108F200047038DF80E309DF80F30C0F3412023F039
:108F300003030343A0898DF80F30F7F7E0FD9DF898
:108F40000F3000F03F0203F0030343EA82038DF881
:108F50000F309DF81030C0F3841023F01F0303433B
:108F6000E0898DF81030F7F7CAFD9DF8103000F059
:108F7000070203F01F03C0F3C70043EA42138DF852
:108F80001100208A8DF81030F7F7B9FD9DF81330E5
:108F90008DF8120023F00703C0F302200343608A18
:108FA0008DF81330F7F7ABFD9DF8133000F01F027A
:108FB00003F0070343EAC2038DF813309DF8143021
:108FC000C0F3451023F03F030343A08A8DF814300B
:108FD000F7F795FD9DF8143000F0030203F03F030E
:108FE00043EA82139DF816208DF81430C0F38703EE
:108FF0008DF8153022F00102C0F380231343E08A7C
:109000008DF81630F7F77BFD9DF8163000F07F02E3
:1090100003F0010343EA42038DF816309DF8173040
:10902000C0F3C31023F00F030343208B8DF81730D8
:10903000F7F765FD9DF8173000F00F0203F00F03FE
:1090400043EA02138DF817309DF81830C0F306106C
:1090500023F07F030343608B8DF81830F7F74FFD43
:109060009DF8183000F0010203F07F0343EAC213B9
:109070009DF81A208DF81830C0F347038DF8193089
:1090800022F00302C0F341231343A08B8DF81A3062
:10909000F7F735FD9DF81A3000F03F0203F00303A7
:1090A00043EA82038DF81A309DF81B30C0F3841018
:1090B00023F01F030343E08B8DF81B30F7F71FFDF0
:1090C000019B0DF1060103F07F420F4B1343019307
:1090D0009DF81B3000F0070203F01F03C0F3C70028
:1090E00043EA42138DF81C00172200208DF81B3034
:1090F000F7F770FD2B688DF81D001A2228461B68B3
:1091000001A9984709B030BDC81816002DE9F047ED
:1091100000F124071E4604463B469DF920A09DF819
:109120002490904601F1240251F8040B914243F837
:10913000040BF9D1251D39462846F7F78DFBE16868
:109140004B7966B1042B77D8DFE803F07C76345C8A
:10915000030000264FF00423B046C4E90933E36856
:109160001D796B1E0B2B07D85046F7F791FC043581
:10917000EDB204EB45056884E3681D7B6B1E0B2B89
:1091800007D84846F7F79FFC0435EDB204EB4505D8
:109190006884637C002B55D0237C012B46D013F0D0
:1091A000FD0F4FD13346424639462046BDE8F047D1
:1091B000FFF7BBBC4FF0780C01F1130304F1220060
:1091C00001F11F0513F9012FC2EB822292FBFCF281
:1091D000AB4202F5806220F8022FF3D140F2FF7516
:1091E00004F13A02233113F8010F48B102280CBFF1
:1091F00028464FF48060994222F8020FF3D1AEE77F
:109200000120F8E74FF4806104F1220304F14602E3
:1092100023F8021F9342FBD102212846F7F73AFBBD
:109220000023103004EB4000838098E73946204645
:10923000BDE8F047FFF7F8BD042B90D813F0FD0F01
:109240008DD0E9E7BDE8F08730B54B7B0546032BB1
:109250000C4685B042D191F90000F7F795FC8DF8E6
:10926000030094F90100F7F78FFCA3788DF8040050
:109270008DF80530E378207B8DF8063023798DF862
:109280000730F7F779FC8DF8080094F90600F7F736
:109290004EFC8DF8090094F90700F7F775FC237A66
:1092A0008DF80A008DF80B30637A0DF102018DF80C
:1092B0000C3040F6C843ADF8003014230B220020D8
:1092C0008DF80230F7F786FC2B688DF80D000E2222
:1092D000694628461B68984705B030BD022B03D16C
:1092E000FF238DF80330BCE791F90000F7F74CFC41
:1092F0008DF80300FF20B8E7837C10B5044633B136
:10930000F9F774FBE37C1BB10023A082E37410BD6A
:10931000A28A801A80B2B0F57A6FF8D92046A37479
:1093200004F11601BDE81040FFF78EBF427C22B168
:10933000037C012B01D1FFF7DFBF704730B530242C
:1093400042F20F75A84212D80C703021B0F57A7F26
:1093500014D211703022632816D81A7030230928CD
:1093600017D8039A30301370049B187030BDA0F5E5
:109370001C5001341038E4B280B2E3E70131A0F5AB
:109380007A70C9B280B2E1E701326438D2B280B2F9
:10939000E1E701330A38DBB280B2E0E713B50B1D19
:1093A0000193CB1C00934A1C8B1C0C46FFF7C6FF95
:1093B0000023637102B010BD03099F2894BF3033AE
:1093C00037330B70002300F00F00092894BF3030B2
:1093D000373048708B70704713B502460C46C0B2E8
:1093E00001A9FFF7E9FF2146100AFFF7E5FF9DF805
:1093F0000430A3709DF80530E3709DF806302371AA
:1094000002B010BD08B50249FFF7D6FF084608BDF7
:10941000102F002010B5034C2146FFF7DDFF20463A
:1094200010BD00BF102F00202DE9F34105460C466A
:1094300000278E18B44202D102B0BDE8F0812B683B
:109440002246D3F80880284601238DF807700DF1D5
:109450000701C0470134EDE7F7B505460C468E1805
:10946000B44201D103B0F0BD14F8013B28468DF899
:1094700007302B680DF106029F680DF107010123EB
:10948000B847EDE707B503688DF8071001221B699F
:109490000DF10701984703B05DF804FB024A026032
:1094A0000022C0E901227047C4CE00082DE9F04136
:1094B0000D46044616461F4603681B68984765F02C
:1094C0007F012046C9B2FFF7DDFF236820463A46F8
:1094D00031461B69984723682046BDE8F0415B6828
:1094E000184707B501238DF807200DF10702FFF794
:1094F000DDFF03B05DF804FB2DE9F04104460F46A3
:1095000015461E4603681B689847204607F07F01F2
:10951000FFF7B8FF2368204632462946DB689847A4
:1095200023682046BDE8F0415B68184707B5012372
:109530000DF10702FFF7E0FF9DF8070003B05DF8AB
:1095400004FBF8B505460E4614461F46FFF7EEFF2E
:1095500020EA0402D2B23C40314628462243FFF7BB
:10956000C0FFF8BD70B5044615461E460A460D21DB
:10957000FFF7B7FF33462A462046BDE8704000217A
:10958000FFF794BF70B5044615461E460A460D21E6
:10959000FFF7A7FF33462A462046BDE8704000216A
:1095A000FFF7AABF08B500220121FFF79AFF08BD07
:1095B000012208B51146FFF794FF08BD07B50B0C53
:1095C0008DF804300B0A8DF805308DF80610032352
:1095D000062101AAFFF76AFF03B05DF804FB08B596
:1095E0000A430C21FFF77DFF08BD902938B50446DA
:1095F00015460CD102223621FFF773FF2DB96422E4
:109600003A212046FFF76DFF38BD7F22F8E703229D
:109610003621F7E7902970B505460C4606D1BDE81E
:109620007040802331211A46FFF78BBF0023802230
:109630003121FFF786FF302C1ED00AD8B4B1102C90
:109640001AD0202C18D0002230212846FFF749FFDD
:1096500070BD602C08D003D804F0EF04402CF1E773
:10966000702C01D0802CEED1402200E048222F2126
:109670002846FFF736FFE6E74422F8E738B5044608
:1096800015460A460E21FFF72CFF2A460F212046D9
:10969000FFF727FF38BD602938B504460D4643EA79
:1096A000020316D143F001021D21FFF71AFF2B46DA
:1096B000F4221E212046FFF744FF07220523312113
:1096C0002046FFF73EFF0C2237212046FFF709FF17
:1096D00038BDFE221D21FFF734FF2B46F0221E214C
:1096E0002046FFF72EFF0722032331212046FFF7F4
:1096F00028FF0A22E8E72DE9F04704460F46164600
:109700001D46002220219DF820909DF82480FFF71F
:10971000E8FE3A4620462121FFF7E3FE3346204685
:1097200001221D21FFF70DFF4B46204604221E217A
:10973000FFF707FF2A4620462221FFF7D2FE4346C5
:109740002046BDE8F04741223321FFF7FABE70B54D
:109750001646CA431D4604461121D2B2FFF7C1FE88
:10976000204646EA05024021FFF7BBFE2046BDE841
:1097700070400023F1224121FFF7E3BE122108B51A
:10978000FFF7D4FE80B208BD08B50A461221FFF7E4
:10979000A8FE08BD70B504460E46FFF7EFFF05466C
:1097A000F1B22046FFF7F0FF2046FFF701FF284601
:1097B00070BD70B5044603F00F059DF810602A4394
:1097C0000A430921FFF78DFE33462046BDE870406D
:1097D0000F220A21FFF7B5BE08B503220121FFF7CA
:1097E00080FE08BD08B505220121FFF77AFE08BDFD
:1097F00070B50C46064615461A21B3B9FFF796FE1A
:10980000A0F19D031BB2238019213046FFF78EFE85
:1098100040B203460028B8BFC31C9B102B70033016
:10982000BEBF22889B18238070BDFFF77FFEA0F18A
:10983000A403E7E708B54221FFF778FE08BD4368B7
:109840008160C91AFFF7BABE836810B504463BB3FE
:109850002821FFF76BFE10F0080F636800F0070087
:109860000BD007280CBF03F1FF33043B6360626831
:109870000D4B9A4209DA636007E090B901336360E7
:1098800040F2666362689A42F5DC084B6268272101
:109890005A43A3682046B2FBF3F2D2B2FFF721FE8F
:1098A00010BD0433EBE700BF9AF9FFFFF07E0E0016
:1098B00010B590B01422002108A801F085FB1422F5
:1098C000002101A801F080FB02244FF48033012223
:1098D000CDE90D43CDE906234FF4801306A80A9283
:1098E0000F9300F01FFD08B172B6FEE70F23CDE91C
:1098F00001344FF480630390CDE90430214601A880
:1099000000F0D8FE08B172B6FEE710B010BD00003E
:1099100007B500F0A5F8FFF7CBFF0C4B9A6942F0B2
:1099200020029A619A6902F020020192019A9A69D2
:1099300042F004029A619B6903F004030093009BC8
:1099400003B05DF804EBFFF723B800BF001002403E
:109950000E4B82B09A6942F001029A619A6902F054
:1099600001020092009ADA6942F08052DA61DB6902
:10997000074A03F080530193019B536823F0E0638F
:1099800043F00073536002B0704700BF0010024004
:1099900000000140FEE7FEE7FEE7FEE7FEE7704756
:1099A00070477047F9F710B870470000FFF7FCFFE9
:1099B0000B480C490C4A002302E0D458C45004332D
:1099C000C4188C42F9D3094A094C002301E0136002
:1099D0000432A242FBD301F075FAFFF799FF7047FA
:1099E000000000204800002010CF000848000020A0
:1099F000582F0020FEE7704710B54FF0FF320024CB
:109A0000044B1A611C61DA60DC60FFF7F4FF20464A
:109A100010BD00BF0010024038B50E4B05461A7845
:109A20004FF47A73B3FBF2F30B4A1068B0FBF3F018
:109A300000F070F8044658B90F2D09D8024629469F
:109A40004FF0FF3000F036F82046044B1D6038BD63
:109A50000120FCE7400000203C00002044000020E2
:109A6000074A08B51368032043F01003136000F0A1
:109A70000FF80F20FFF7D0FFFFF76AFF002008BDA7
:109A800000200240014B1868704700BF302F0020B3
:109A900007490302CA6803F4E06322F4E062120497
:109AA000120C134343F0BF6343F40033CB607047A1
:109AB00000ED00E0154B30B5DC68C4F30224C4F1BE
:109AC0000703251D042B28BF0423062D4FF0FF3567
:109AD00094BF0024033C05FA03F321EA0303A540E5
:109AE00022EA0502A340002843EA0203ACBF00F1CA
:109AF0006040074A4FEA0313DBB2ABBF00F5614099
:109B000000F00F0080F80033135430BD00ED00E08A
:109B100014ED00E00138B0F1807F0BD24FF0E0236C
:109B2000F021054A586182F823100020072298612D
:109B30001A6170470120704700ED00E0114AD368B8
:109B400013F0100305D01049CB6943F00203CB6139
:109B50001023D268500706D50B4943F00403CA69A5
:109B600042F00102CA61074AD169C90708D506480F
:109B7000C16941F00401C161D16921F00101D161E4
:109B8000D360704700200240382F0020064B186930
:109B900010F0800007D0054A5A6002F188325A60FE
:109BA0001869C0F3C01070470020024023016745C8
:109BB000034A0020136943F080031361704700BF1C
:109BC0000020024070B50546FFF75CFF0646114CC9
:109BD000E368D80712D4E368990644BF2023E36002
:109BE000E368DA0606D4E369DB0703D4E06810F023
:109BF000040007D0FFF7A2FF012003E06B1CE7D0B1
:109C00000DB9032070BDFFF73DFF801BA842DFD9CF
:109C1000F7E700BF002002400022064BDA61064B46
:109C20001A6942F002021A6158611A6942F0400250
:109C30001A617047382F0020002002402DE9F041C2
:109C4000264F05463B7E8846012B44D001243C76B6
:109C500003684CF25030022B1AD1FFF7B3FF20B14A
:109C6000012000233B76BDE8F0811D4CF86123699B
:109C70004CF2503043F004032361236943F0400366
:109C80002361FFF79FFF236923F004032361E8E7C3
:109C9000FFF798FF0028E3D14FF0FF33C8F80030FA
:109CA0002046AE680E4CD5E9023203EB8223B34264
:109CB000D7D93046FFF7B0FF4CF25030FFF782FFA4
:109CC000236923F00203236110B1C8F80060C8E7DC
:109CD00006F58066E7E70220C5E700BF382F0020C1
:109CE00000200240016800224B6913F4806310D009
:109CF0006FF480634B612023026380F83D3080F86D
:109D00003E20036C80F83C2043F0040303640120F0
:109D10007047184670472DE9F84606460F469146AB
:109D20001D464FEA114A3368BAF1010F0CBF5C6956
:109D30009C6927EA0404A4B2B4FA84F46409A14536
:109D400001D0002025E06A1CEED0FFF79BFE089BA7
:109D5000C01AA84201D8002DE5D13368BAF1010F2D
:109D60000CBF5B699B6927EA03039BB2B3FA83F3D9
:109D70005B099945D7D1002320220120336386F85F
:109D80003D2086F83E30326C86F83C3042F02002AE
:109D90003264BDE8F8862DE9F04104460F461646C8
:109DA00098462568686927EA000080B2B8B16B69F7
:109DB0005A0516D52B68202243F400732B606FF4EC
:109DC00080636B610023236384F83D2084F83E3078
:109DD000226C42F004020120226484F83C30BDE889
:109DE000F081731CDED0FFF74DFEA0EB0800B042FF
:109DF00001D8002ED5D123685A6927EA020292B20F
:109E0000002ACED000232022236384F83D2084F84A
:109E10003E30226C42F02002DDE770B504460D466C
:109E2000164623685B691B0601D5002070BD2046DD
:109E3000FFF758FFC8B96A1CF3D0FFF723FE801B59
:109E4000A84201D8002DECD123685B6913F0800390
:109E5000E7D12022236384F83D2084F83E30226C31
:109E600084F83C3042F0200222640120DEE770B525
:109E700004460D46164623685B695B0701D5002042
:109E800070BD2046FFF72EFFC8B96A1CF3D0FFF75C
:109E9000F9FD801BA84201D8002DECD123685B6935
:109EA00013F00403E7D12022236384F83D2084F8D3
:109EB0003E30226C84F83C3042F0200222640120C3
:109EC000DEE7000070B5044608B9012070BD90F8C7
:109ED0003D3003F0FF021BB980F83C20F8F7CAFCC4
:109EE000242384F83D3023681A6822F001021A60A6
:109EF0001A6842F400421A601A6822F400421A609A
:109F000000F074FC3F4B65689D4294BF3E4B3F4B55
:109F100098428CBF00230123002BD6D1394E3C4BF5
:109F2000B542B0FBF3F388BF4FF4967622685168D0
:109F300021F03F0141EA030182BF73434FF47A7677
:109F4000B3FBF6F35160116A013321F03F010B437B
:109F50001362D169431E2B4821F44F41854221F001
:109F6000FF0132D86D00B3FBF5F340F6FC7001330E
:109F7000034242D0C3F30B031943D1611168D4E902
:109F8000073021F0C00103430B4313609168D4E90B
:109F9000030321F40341034321F0FF010B439360CA
:109FA000D168D4E9053021F0FF0103430B43D360AE
:109FB0001368002043F0010313602023206484F819
:109FC0003D30206384F83E0080E7A06850B905EB7F
:109FD0004505B3FBF5F30133C3F30B037BB143F446
:109FE0000043C9E719206843B3FBF0F30133C3F31F
:109FF0000B0323B143F44043BEE70423BCE7012332
:10A00000BAE700BFA08601007F841E00FF083D0064
:10A0100040420F002DE9F043044685B098460D46B6
:10A0200091460C9FFFF72EFD94F83D300646202BFD
:10A0300004D00225284605B0BDE8F083009019231E
:10A04000012220465B49FFF766FE0028F1D194F813
:10A050003C30012BEDD00123216884F83C300B68A3
:10A06000DA075EBF0B6843F001030B600B6823F453
:10A0700000630B60212384F83D30102384F83E30C8
:10A0800000232364A4F82A80638DC4F824902385D8
:10A09000494BE362E36A082B04D0012B02D013F58D
:10A0A000803F04D10B6843F480730B6002E0236BA4
:10A0B000122BF7D000223B464FF0011120460096AC
:10A0C000FFF729FE226838B11368DB0544BF4FF45F
:10A0D000007323640125ADE72369B3F5804F21D1D7
:10A0E00005F0FE05156133463A4620463349FFF731
:10A0F00052FE05460028EDD1236803905A69039269
:10A100009B690393039B238DF3B921680A6842F48A
:10A1100000720A60202284F83C3084F83D2084F8E4
:10A120003E3087E7EB1103F0060343F0F0031361C1
:10A13000204633463A462249FFF72DFE0028C9D172
:10A140002368EDB21D61CEE7324639462046FFF75F
:10A1500064FE40B1236C042BBCD12268136843F425
:10A1600000731360B6E7636A20681A4612F8011B91
:10A1700001616262628D013A92B26285228DD0F8ED
:10A1800014C0511E89B21CF0040F21850AD049B1B8
:10A190005978023301616362638D023A013B9BB2DD
:10A1A00063852285324639462046FFF760FE002847
:10A1B000A9D0CFE7020010000000FFFF020001005D
:10A1C000080001002DE9F04F044685B01F4688467F
:10A1D0009246FFF757FC94F83D300546202B03D0FC
:10A1E000022005B0BDE8F08F00901923012220461F
:10A1F0004A49FFF790FD0028F2D194F83C30012B3A
:10A20000EED0012384F83C30236800261A68DFF87A
:10A210000CB1D20758BF1A6808F0FE085CBF42F0C4
:10A2200001021A601A6822F400621A60242384F87A
:10A230003D303B4B2664E36222684FF00111136806
:10A24000204643F4807313603B4600220095FFF7DD
:10A2500062FD236838B11B68DB0502D54FF400733B
:10A2600023640320BDE7C3F81080FFF70BFC4FF019
:10A27000A009054623685A695B69C2F34002C3F32B
:10A28000802394F83D10A02901D013431DD04FF036
:10A290002009236884F83D905A6912F0020F1A6869
:10A2A00042F400721A6025D0002203925A692046B7
:10A2B00003929B6901220393039B1849192300957C
:10A2C000FFF729FD88B101208BE7FFF7DBFB401B7F
:10A2D000B84200D80FB984F83D9023685A695B6989
:10A2E000C2F34002C3F38023CBE784F83D9084F8A7
:10A2F0003C0076E76FF4806259465A612046192384
:10A3000001220095FFF707FD0028DCD101365645F4
:10A3100092D384F83D9084F83C00D4E7020010000A
:10A320000000FFFF2DE9F341054638B30368DB0762
:10A3300010D42B689F075ED42B68190700F1958015
:10A340002B685A0700F1C180E869002840F02C8191
:10A35000002029E0904C636803F00C03042B07D025
:10A36000636803F00C03082B0AD16368DE0307D58A
:10A3700023689C03DDD56B68002BDAD1012013E044
:10A380006B68B3F5803F12D1236843F480332360B8
:10A39000FFF778FB064623689803CAD4FFF772FBE1
:10A3A000801B6428F7D9032002B0BDE8F0819BB977
:10A3B000236823F480332360236823F480232360FD
:10A3C000FFF760FB064623689903B2D5FFF75AFBF7
:10A3D000801B6428F7D9E6E7B3F5A02F236803D1E3
:10A3E00043F480232360CFE723F480332360236882
:10A3F00023F48023CBE7684C636813F00C0F07D07D
:10A40000636803F00C03082B10D16368DA030DD4E2
:10A4100023689B0702D52B69012BAFD123686A699A
:10A4200023F0F80343EAC203236085E72A695B4B04
:10A430006AB101221A60FFF725FB064623689F07D1
:10A44000ECD4FFF71FFB801B0228F7D9ABE71A609B
:10A45000FFF718FB0646236898077FF56DAFFFF7F7
:10A4600011FB801B0228F6D99DE7AA694A4E4B4B87
:10A47000E2B10122C3F88024FFF704FB0446736AAB
:10A480009B070DD54FF4FA52454B1B68B3FBF2F313
:10A49000019300BF019B5A1E0192002BF9D14FE797
:10A4A000FFF7F0FA001B0228E9D97CE7C3F8802403
:10A4B000FFF7E8FA0446736A9F077FF541AFFFF79D
:10A4C000E1FA001B0228F6D96DE7334CE369D800A6
:10A4D00024D40127E36943F08053E361E36903F087
:10A4E00080530093009B2F4E3368D90518D5EB6835
:10A4F000012B26D1236A43F001032362FFF7C2FA3E
:10A5000041F288380646236A9B073FD5002F3FF467
:10A510001BAFE36923F08053E36115E70027E2E70F
:10A52000336843F480733360FFF7ACFA80463368D6
:10A53000DA05DCD4FFF7A6FAA0EB08006428F6D908
:10A5400031E7ABB9236A41F2883823F00103236273
:10A55000236A23F004032362FFF794FA0646236A72
:10A560009807D3D5FFF78EFA801B4045F7D91AE735
:10A57000052B236A03D143F004032362BAE723F0D7
:10A5800001032362236A23F00403B6E7FFF77AFA94
:10A59000801B4045B7D906E7001002400000424248
:10A5A0003C000020007000402A4C636803F00C035C
:10A5B000082B3ED00022284B02281A662CD1FFF728
:10A5C00061FA06462368990120D42B6AB3F5803FCF
:10A5D00005D16268A96822F400320A436260696AA0
:10A5E00062680B4322F474121343012263601A4B16
:10A5F0001A66FFF747FA054623689A013FF5A8AEA9
:10A60000FFF740FA401B0228F6D9CCE6FFF73AFAEA
:10A61000801B0228D6D9C6E6FFF734FA0546236820
:10A620009B017FF595AEFFF72DFA401B0228F6D966
:10A63000B9E601283FF4B8AE63682A6A03F48031B2
:10A6400091427FF49BAE6A6A03F4701393423FF425
:10A650007FAE93E600100240000042420F4A53686A
:10A6600003F00C01042914D0082914D10C48C3F3B9
:10A670008341DB03405C09D553680A4AC3F3404376
:10A680005043094AD35CB0FBF3F07047074B584383
:10A690007047044870470648704700BF00100240EA
:10A6A000F0CE0008001BB70000CF000800093D00F5
:10A6B00000127A002DE9F0410D46044610B9012040
:10A6C000BDE8F081444A136803F007038B4228D3A6
:10A6D00021688E0730D4CA0743D43F4A136803F079
:10A6E0000703AB4265D822683C4D12F0040F6CD1D1
:10A6F000130706D56B68226923F4605343EAC2034B
:10A700006B60FFF7ABFF6B68354AC3F30313D35C91
:10A71000D840344B1860344B1868FFF77DF900209F
:10A72000CEE7136823F007030B431360136803F0AD
:10A7300007038B42C3D1CBE7284B11F0040F1EBF98
:10A740005A6842F4E0625A60080742BF5A6842F40D
:10A7500060525A605A68A06822F0F00202435A60C0
:10A76000B9E762681D4E012A33681AD113F4003F1D
:10A77000A5D0736841F2883823F003031343736054
:10A78000FFF780F907467368626803F00C03B3EBC8
:10A79000820FA2D0FFF776F9C01B4045F3D9032002
:10A7A0008EE7022A02D113F0007FE1E713F0020FD7
:10A7B000DEE7136823F007032B431360136803F0ED
:10A7C0000703AB427FF47BAF8DE76B68E16823F44E
:10A7D000E0630B436B608BE70020024000100240F7
:10A7E000D8CE00083C00002044000020044B054A5D
:10A7F0005B68C3F30223D35C034A1068D8407047F8
:10A8000000100240E8CE00083C000020224B984295
:10A810000BD103F58433DA6842F00402DA60DA68B7
:10A8200022F004020020DA6070471C4B984209D1E4
:10A8300003F58233DA6842F00802DA60DA6822F05F
:10A840000802EFE7164B984209D103F58033DA6826
:10A8500042F01002DA60DA6822F01002E2E7114BEF
:10A86000984209D103F57C43DA6842F02002DA60AD
:10A87000DA6822F02002D5E70B4B984209D103F5A4
:10A880007843DA6842F04002DA60DA6822F0400287
:10A89000C8E70120704700BF00080140000C0140DC
:10A8A0000010014000140140001801402DE9F04F54
:10A8B0000D680446C5F30F2595FAA5F24FF00F0A6F
:10A8C000B2FA82F203274FF0040C4FF0011E40F25F
:10A8D000011835FA02F001D1BDE8F08F0123934051
:10A8E0002B4265D0072A88BFA2F108034E688ABFB1
:10A8F0000EFA03F308FA02F343F08063082E0ED138
:10A90000E0684FEA132920EA132B99FAA9F9B9FA5A
:10A9100089F9086900FA09F040EA0B00E0604FEAA3
:10A92000136954F8090093FAA3FBBBFA8BFB4FEAB7
:10A930008B0B0AFA0BFB20EA0B0093FAA3FBBBFA82
:10A940008BFB4FEA8B0B06FA0BF6064344F80960C3
:10A95000486820F0080001282AD1886893FAA3FBF0
:10A96000BBFA8BFB4FEA8B0B07FA0BFB26EA0B06B5
:10A9700093FAA3FBBBFA8BFB4FEA8B0B00FA0BF0AD
:10A98000304344F80900CE6893FAA3FBBBFA8BFB73
:10A990004FEA8B0B0CFA0BFB20EA0B0B93FAA3F399
:10A9A000B3FA83F39B009E4046EA0B0644F8096025
:10A9B00001328EE7144B1A6842F001021A601A68DD
:10A9C0009207FCD55A6822F003025A605A6812F0C6
:10A9D0000C0FFBD11A6822F080721A60186810F010
:10A9E0000070FBD158601A6822F450221A601A686D
:10A9F00022F0F80242F080021A6098605A6A42F02F
:10AA000080725A62704700BF00100240034B044A34
:10AA10005B68C3F30313D35CD84070470010024057
:10AA2000D8CE0008034B044A5B68C3F30223D35C0F
:10AA3000D840704700100240E8CE0008034B044A9B
:10AA40005B68C3F3C223D35CD84070470010024058
:10AA5000E8CE0008094A5368DB0341BF5368084841
:10AA6000C3F34043013348BFB0FBF3F0536858BF12
:10AA70000448C3F383430233584370470010024035
:10AA8000001BB70000093D00064B5B6803F00C0398
:10AA9000042B03D0082B03D1FFF7DCBF024870471B
:10AAA0000248704700100240001BB70000127A00F5
:10AAB00010B50146FFF7E8FF0860FFF7A7FF486001
:10AAC0000446FFF7AFFF88602046FFF7B7FFC86076
:10AAD00010BD00000F4B98420BD103F56043DA68BC
:10AAE00042F48052DA60DA6822F48052DA600020A0
:10AAF0007047094B98420AD103F5EC331A6942F4C6
:10AB000080421A611A6922F480421A61EFE701203B
:10AB1000704700BF00300140003800400246006826
:10AB2000F0B510F0400023D1D1E900373B438F68E6
:10AB30004D693B43CF6816683B430F690C6A3B4342
:10AB40008F692B433B43CF6926F47F463B43234326
:10AB500026F0BF06334313605368B4F5005F23F05B
:10AB6000040343EA1543536001D18B8C1361F0BD9C
:10AB70000120FCE71A4A036890420AD0B0F1804FE6
:10AB800007D0A2F59432904203D002F58062904241
:10AB900015D14A6823F070031343114A90420AD03A
:10ABA000B0F1804F07D0A2F59432904203D002F565
:10ABB0008062904203D1CA6823F440731343036058
:10ABC0008B68C3620B888362054B984204BF0B6994
:10ABD0000363436943F0010343610020704700BFF2
:10ABE000002C0140B1F5807F30B500F0908005D891
:10ABF00001292AD0102958D0012030BDB1F5805F3D
:10AC0000FAD1036A156823F480530362036A446827
:10AC1000C16923F4005321F4E64141EA0521156995
:10AC200043EA0533556823F4805343EA0533504D16
:10AC3000A84204BF956924F48044D26808BF44EA5E
:10AC400085144460C16102642CE0036A156823F036
:10AC500001030362036A4168846923F0020324F05C
:10AC600073042C4315692B43556823F001032B43D0
:10AC70003F4DA84212D1556923F0080343EA8503EA
:10AC8000956823F0040343EA8503956921F48071F4
:10AC90002943D56921F4007141EA4501D268416038
:10ACA0008461426303620020A7E7036A156823F00A
:10ACB00010030362036A4168846923F0200324F4CB
:10ACC000E64444EA0524156943EA0513556823F070
:10ACD000100343EA0513264DA84213D1556923F00A
:10ACE000800343EA8513956823F0400343EA851304
:10ACF000956921F4806141EA8501D56921F40061FB
:10AD000041EAC501D268416084618263CAE7036A8F
:10AD1000156823F480730362036A4168C46923F4ED
:10AD2000007324F073042C43156943EA0523556826
:10AD300023F4807343EA05230D4DA84213D15569CE
:10AD400023F4006343EA8523956823F4806343EA90
:10AD50008523956921F4805141EA0511D56921F4D3
:10AD6000005141EA4511D2684160C461C26399E76C
:10AD7000002C0140154B98420BD103F55843DA687B
:10AD800042F48042DA60DA6822F48042DA6000201D
:10AD900070470F4B98420AD103F5E6331A6942F423
:10ADA00000321A611A6922F400321A61EFE7094B86
:10ADB000984209D103F5E4331A6942F480221A61FA
:10ADC0001A6922F48022F0E7012070470038014020
:10ADD000004400400048004030B5C36804469B046E
:10ADE0000D4685B002D5012005B030BD4B68C9685D
:10ADF000C2680B43296922F4B0520B4322F00C02C3
:10AE00001343C3600369AA6823F4405313430361E7
:10AE100043696A6923F44073134343616846FFF74B
:10AE200047FE134B9C4219D1039B002BDBD02A68B1
:10AE3000002AD8D019214B439200B3FBF2F36422CD
:10AE4000B3FBF2F102FB11331B013233B3FBF2F31C
:10AE500003EB01139BB20020A360C5E7054B9C42A6
:10AE600001D1029BE1E7044B9C42BCD1F9E700BF52
:10AE700000380140004400400048004008B5C0F3DD
:10AE8000C7537F3B162B014615DC002B02460BDB1C
:10AE90000B481841014205D04FF48001194111447B
:10AEA00021EA0001084608BD013300F00041F9D154
:10AEB00041F07E51F6E7802BF4D1F5F741F908BD5A
:10AEC000FFFF7F0070B500260C4D0D4C641BA410D5
:10AED000A64209D100F080F800260A4D0A4C641BF6
:10AEE000A410A64205D170BD55F8043B9847013621
:10AEF000EEE755F8043B98470136F2E704CF000827
:10AF000004CF000804CF00080CCF0008034611F856
:10AF1000012B03F8012B002AF9D17047024610B526
:10AF2000147813460132002CFAD1013B11F8012BA1
:10AF300003F8012F002AF9D110BD0346C9B2184603
:10AF400013F8012B12B18A42F9D17047002918BFBA
:10AF5000002070470A44914200F1FF3300D170474E
:10AF600010B511F8014B914203F8014FF9D110BD12
:10AF700010B56AB10139841810F8012B11F8013F9E
:10AF80009A4203D1A04201D0002AF5D1D01A10BDB7
:10AF90001046FCE7884210B501EB020402D9844256
:10AFA000234607D8431EA14208D011F8012B03F80D
:10AFB000012FF8E7014602448A4200D110BD13F880
:10AFC000014D02F8014DF7E703460244934200D1D8
:10AFD000704703F8011BF9E7F8B500BFF8BC08BCDF
:10AFE0009E467047F8B500BFF8BC08BC9E46704747
:10AFF00018120C180101011919011919010606018D
:10B000000606010303010303010202010202011209
:10B010000C01120C00206C0002206A006D0074000C
:10B020000205010202016D696E2C00206D572C0093
:10B03000322E3447003931354D003836384D003422
:10B0400033334D003730636D003836364D0044558C
:10B05000414C003F003530487A003331487A0031A6
:10B0600039487A00464C52430046534B0031394828
:10B070007A377800011F136F0113000000D57FAAF3
:10B08000FE2B815429FC5683D702A87D52872DF8C8
:10B09000AC79D3067BAE04D18550FA2FA471DB0EB8
:10B0A0005A8F25F08D58F22773A60CD9F623895CA8
:10B0B00008DD77A2DF0AA07521F45E8B9D48E23798
:10B0C00063B61CC9B461CB1E4A9F35E0CF1AB06588
:10B0D00031E44E9BE633994C18CD67B239EC469378
:10B0E000C712B86D10C56FBAEE3B91446BBE14C168
:10B0F0009540EA3F42973DE8BC69C316EF3A904558
:10B1000011C46EBBC613B96C38ED4792BD68C21747
:10B1100043963CE99441EB3E6ABF15C04B9E34E137
:10B12000B560CA1F62B71DC89C49E33619CC66B327
:10B13000E732984D30E54F9ACE1BB16472A70DD817
:10B140008C59F3265B8E24F1A570DA0F20F55F8A07
:10B15000DE0BA17409DC76A3F722885DD603A97CF7
:10B1600028FD5782FF2A805501D47EAB8451FB2EE7
:10B170007AAF05D0AD78D20753862CF9616263644B
:10B1800065666768696A6B6C6D6E6F7071727374F7
:10B1900075767778797A30313233343536373839D5
:10B1A0005F232D2E000001000100020002000200BA
:10B1B000030004000500060008000A000C0010004F
:10B1C000140019002000280032003F0050006400E5
:10B1D0007D009E00C800FA003C019001F401760257
:10B1E0002003E803E204DC05D0076E006900630079
:10B1F0007600727700740074770000000000000091
:10B2000000000000B1110008000000000000000074
:10B21000BD110008000000000000000099110008A6
:10B2200000010204050301020001020503046D6C24
:10B2300072732E3000536574757053746172745359
:10B2400074783452780053657475705374617274F5
:10B250004D61726B65720021656E642100467273E8
:10B260006B792052394D006D4C525301020304009A
:10B270006D4C525304030201000A00206972713DB3
:10B280007800206C733D0020727831733D0020728D
:10B290007832733D0040504152414D2F70617261D0
:10B2A0006D2E70636B0072785F73746174757320B8
:10B2B0006661696C757265006661696C2061002069
:10B2C00000646F5F7265636569766528292043486D
:10B2D00045434B5F4552524F525F53594E43574F70
:10B2E0005244005378206E6F74206F6B002E00491B
:10B2F000525120544D4F204641494C004952512053
:10B30000525820444F4E45204641494C0049525125
:10B3100020545820444F4E45204641494C000000DF
:10B320000000000000000000752900082529000821
:10B3300000000000000000006D1300088D130008DD
:10B34000EB2200081523000833230008ED1F000836
:10B35000000000000000000019120008DF260008AD
:10B36000C52500080D250008E3240008A9130008DE
:10B3700071250008C51300083D250008E9130008E1
:10B3800000000000000000001912000871280008E9
:10B390001B1200081D120008832700082112000854
:10B3A00025120008291200082B1200082F1200088D
:10B3B0000000000000000000A74600080147000848
:10B3C000ED130008F1130008000000000000000069
:10B3D000191200080D1400081B1200081D120008A5
:10B3E0007D740008F9740008F95B0008695C0008C6
:10B3F0002B1200082F120008414E474C4500484FC1
:10B4000052495A4F4E004E415620414C54484F4CE1
:10B41000440048454144494E4720484F4C44004869
:10B4200045414446524545004845414441444A004F
:10B4300043414D53544142004E415620525448001E
:10B440004E415620504F53484F4C44004D414E55AD
:10B45000414C00424545504552004C454453204F15
:10B460004646004C4947485453004F5344204F46EA
:10B47000460054454C454D45545259004155544F92
:10B480002054554E4500424C41434B424F580046D4
:10B4900041494C53414645004E41562057500041CA
:10B4A0004952204D4F444500484F4D452052455389
:10B4B000455400474353204E4156004650562041C4
:10B4C0004E474C45204D495800535552464143453F
:10B4D00000464C415045524F4E005455524E20416B
:10B4E0005353495354004E4156204C41554E434806
:10B4F00000534552564F204155544F5452494D0028
:10B5000043414D45524120434F4E54524F4C203100
:10B510000043414D45524120434F4E54524F4C2021
:10B52000320043414D45524120434F4E54524F4CFF
:10B530002033004F534420414C542031004F53449A
:10B5400020414C542032004F534420414C5420336E
:10B55000004E415620434F5552534520484F4C44CE
:10B56000004D43204252414B494E470055534552EE
:10B57000310055534552320055534552330055530F
:10B58000455234004C4F49544552204348414E47A0
:10B5900045004D5350205243204F56455252494486
:10B5A000450050524541524D00545552544C4500AF
:10B5B0004E415620435255495345004155544F2062
:10B5C0004C4556454C205452494D00575020504C44
:10B5D000414E4E455200534F4152494E47004D494E
:10B5E0005353494F4E204348414E4745004245453D
:10B5F000504552204D555445004D554C5449204618
:10B60000554E4354494F4E004D49584552205052D3
:10B610004F46494C452032004D495845522054521E
:10B62000414E534954494F4E00414E474C452048E6
:10B630004F4C4400800CD007B704C71B800CB704E4
:10B640000410020A0B06972304100B0600000000EA
:10B650000000000030CA00082B13000008CA0008D0
:10B660000A000000000000000000000000000000D0
:10B6700000000000000000000000000003000200C5
:10B680000A000A00140064001800FA001B00F4010C
:10B690001E00E8036162636465666768696A6B6CD3
:10B6A0006D6E6F707172737475767778797A3031E8
:10B6B00032333435363738395F232D2E0000000001
:10B6C00000070E091C1B1215383F363124232A2D82
:10B6D00070777E796C6B6265484F464154535A5D72
:10B6E000E0E7EEE9FCFBF2F5D8DFD6D1C4C3CACD62
:10B6F00090979E998C8B8285A8AFA6A1B4B3BABD52
:10B70000C7C0C9CEDBDCD5D2FFF8F1F6E3E4EDEA41
:10B71000B7B0B9BEABACA5A28F88818693949D9A31
:10B720002720292E3B3C35321F18111603040D0A21
:10B730005750595E4B4C45426F68616673747D7A11
:10B74000898E878095929B9CB1B6BFB8ADAAA3A401
:10B75000F9FEF7F0E5E2EBECC1C6CFC8DDDAD3D4F1
:10B76000696E676075727B7C51565F584D4A4344E1
:10B77000191E171005020B0C21262F283D3A3334D1
:10B780004E49404752555C5B7671787F6A6D6463C1
:10B790003E39303722252C2B0601080F1A1D1413B1
:10B7A000AEA9A0A7B2B5BCBB9691989F8A8D8483A1
:10B7B000DED9D0D7C2C5CCCBE6E1E8EFFAFDF4F391
:10B7C000000000003209000000000000010000003D
:10B7D0007C2B00000000000002000000890C00002B
:10B7E0000000000004000000ED0E030C0D0000003E
:10B7F00005000000D91C0100000000000600000048
:10B80000680300000000000007000000772000002F
:10B810000000000008000000752400000000000087
:10B820000B00000059060104000000001400000095
:10B83000D614030203000000150000009F0203005D
:10B840000100000016000000DC19000000000000EC
:10B8500017000000A81703040500000018000000EE
:10B8600018340000000000001900000017650000F7
:10B87000000000001A000000AA18000000000000EC
:10B880001B000000901D0000000000001C000000D4
:10B8900043100000000000001D00000073100000B5
:10B8A000000000001E000000271C00000000000037
:10B8B0001F000000F6300000000000002000000023
:10B8C000B91C00000000000021000000681C0000FE
:10B8D0000000000022000000ED1600000000000043
:10B8E00023000000F4160000000000002400000007
:10B8F000DE2500000000000025000000D40703043E
:10B9000005000000260000000907030405000000F0
:10B9100027000000FE260320210000002800000070
:10B92000E605030203000000290000001C040302D6
:10B93000030000002A0000001C12000000000000AC
:10B940002B00000084030300010000002C00000015
:10B95000DD090302030000002D000000E8030300DE
:10B96000010000002E0000000B020000000000009B
:10B970002F000000990803000100000030000000C3
:10B980002915010C00000000310000002714000000
:10B9900000000000320000004E25031213000000DA
:10B9A00033000000C405030203000000350000005E
:10B9B0000305000000000000360000000F1B031804
:10B9C000190000003700000003190000000000000B
:10B9D0003D000000A7480000000000003E000000FD
:10B9E000B71A0000000000003F00000077B500001B
:10B9F0000000000040000000BFE100000000000067
:10BA000041000000762A0000000000004200000013
:10BA10009406030203000000430000001504000028
:10BA20000000000045000000F31E010A00000000B5
:10BA3000460000007C2603101100000049000000B1
:10BA400026260320210000004A00000014140000F4
:10BA5000000000004B0000009E23031E1F0000009A
:10BA60004C0000009821031E1F0000004D00000044
:10BA70008F0A030809000000500000000E040302B2
:10BA800003000000510000006A16000000000000E2
:10BA90005200000031330324250000005300000051
:10BAA0001625000000000000540000008F3503320E
:10BAB00033000000550000008C330000000000003F
:10BAC0005600000005350332330000005700000027
:10BAD000963300000000000059000000E71C000041
:10BAE000000000005A000000B7380000000000000D
:10BAF0005B0000003F2A0000000000005C00000026
:10BB000036210000000000005D0000002F51000001
:10BB10000000000064000000AF22000000000000F0
:10BB2000650000006675000000000000660000006F
:10BB30009E7500000000000067000000D039000082
:10BB400000000000680000003874000000000000E1
:10BB5000690000005D3F0000000000006A00000076
:10BB60008A2C0000000000006B0000006C41000007
:10BB7000000000006C000000205C000000000000DD
:10BB80006D000000B9090000000000006E00000018
:10BB900054FE0301020000006F0000002212031097
:10BBA0001100000070000000AE0C0000000000005A
:10BBB000710000007C2700000000000072000000FF
:10BBC000ED2C0000000000007300000004400000A5
:10BBD00000000000740000004C180000000000008D
:10BBE00075000000800603040500000076000000D8
:10BBF000380E00000000000077000000740C030AFB
:10BC00000B000000780000008661000000000000CA
:10BC100079000000ED020300010000007A0000003E
:10BC2000CB020300010000007B000000FA7103005A
:10BC3000010000007C0000005739000000000000F7
:10BC40007D000000CB060000000000007E00000028
:10BC5000DC51034F500000007F000000192300005A
:10BC60000000000080000000E2230000000000004F
:10BC7000810000002E18000000000000820000007B
:10BC80001D0D00000000000083000000DFFF000029
:10BC900000000000840000005527000000000000A4
:10BCA0008500000006120000000000008600000071
:10BCB000E52B00000000000087000000CB0800001A
:10BCC00000000000880000000116000000000000D5
:10BCD00089000000C3100000000000008A0000007E
:10BCE0006D780000000000008B000000A82B0329E5
:10BCF0002A0000008C000000B529000000000000B0
:10BD00008D0000002F200000000000008E000000C9
:10BD100048F30000000000008F00000083100000C6
:10BD200000000000900000007F5D000000000000A7
:10BD30009200000067640000000000009300000013
:10BD40009A3600000000000094000000B24E00008F
:10BD50000000000095000000C83C0000000000004A
:10BD600096000000862A00000000000097000000F6
:10BD7000DB0803060700000098000000D008000060
:10BD80000000000099000000BC0C00000000000052
:10BD90009A000000540F0306070000009B000000FB
:10BDA000160D0304050000009C00000013060300AC
:10BDB000010000009D000000150F030C0D000000A5
:10BDC0009E000000860F030C0D000000A000000084
:10BDD0004E0C030809000000A1000000440303000A
:10BDE00001000000A2000000BD09000000000000EA
:10BDF000A30000007F1C000000000000A400000061
:10BE00009A2C000000000000A500000015030000AF
:10BE100000000000A600000015090000000000005E
:10BE2000A70000009016000000000000A80000001D
:10BE3000010C000000000000A9000000EA12000050
:10BE400000000000AA0000004922000000000000DD
:10BE5000AB000000B542000000000000AC00000094
:10BE60001662000000000000AD0000005308000052
:10BE700000000000AE000000A7300000000000003D
:10BE8000AF0000008A13030E0F000000B000000096
:10BE9000EA03030001000000B1000000F0140000FC
:10BEA00000000000B20000002F1800000000000099
:10BEB000B3000000BD1D011A00000000B400000026
:10BEC000342F012A00000000B5000000AE0400007D
:10BED00000000000B6000000E5280000000000009F
:10BEE000B70000005502030001000000B800000088
:10BEF0009FCE030405000000B9000000BA07030448
:10BF000005000000BA000000481D03000100000009
:10BF1000BF0000005C1B000000000000C00000002B
:10BF20002436000000000000C1000000471A000095
:10BF300000000000C20000006221000000000000BC
:10BF4000C30000007825000000000000C8000000C9
:10BF5000862A032829000000C9000000CD0E030C2A
:10BF60000D000000D6000000450803060700000091
:10BF7000D70000006503000000000000D8000000AA
:10BF80003203030001000000D9000000CA060000CF
:10BF900000000000DA0000001107030001000000AB
:10BFA000DB000000A202000000000000DC00000036
:10BFB0002220000000000000DD000000472A0000F1
:10BFC00000000000DE0000000F0300000000000081
:10BFD000DF000000772F032A2B000000E0000000A4
:10BFE000662D032A2B000000E1000000D04900006C
:10BFF00000000000E2000000CF0800000000000088
:10C00000E6000000A32A000000000000E700000096
:10C010006928000000000000E800000097410000CF
:10C0200000000000E900000023B60000000000004E
:10C03000EA0000009628000000000000EB0000006D
:10C04000B32A000000000000F10000005A200000A8
:10C0500000000000F2000000683C0000000000004A
:10C06000F3000000553D013400000000F400000022
:10C070005F06000000000000F500000082020000E2
:10C0800000000000F6000000B826000000000000DC
:10C09000F70000005113000000000000F80000004D
:10C0A00008FE030304000000F9000000CC24000097
:10C0B00000000000FA000000311E00000000000037
:10C0C000FB000000AA12000000000000FC000000BD
:10C0D0002C12000000000000FD000000533600009C
:10C0E00000000000FE0000002E090000000000001B
:10C0F00000010000472A03080900000001010000B8
:10C10000830900000000000002010000BBE80300FA
:10C1100001000000030100005CED000000000000D1
:10C1200004010000920E0000000000000501000064
:10C13000B33D000000000000060100000C170000E5
:10C14000000000000701000085FF00000000000063
:10C15000080100003120000000000000090100007B
:10C160001A140000000000000A010000C1FF0302D1
:10C17000030000000B01000023FF03020300000086
:10C180000C0100000E040302030000000D0100007A
:10C190006DD70000000000000E0100003B140000FD
:10C1A000000000000F010000163500000000000034
:10C1B000130100007E2000000000000014010000B8
:10C1C0001232000000000000150100003E1E0000B9
:10C1D00000000000180100004621000000000000DF
:10C1E00019010000300D0000000000001A010000DD
:10C1F0007B230320210000001B0100004A91000066
:10C20000000000001C0100006320031E1F0000004E
:10C210001D01000089310326270000001E010000D7
:10C22000D2390332330000001F010000011703144C
:10C230001500000020010000141703141500000071
:10C2400022010000FB2E000000000000230100007E
:10C250000A3900000000000024010000E3DF031899
:10C260001900000027010000EA0C00000000000097
:10C270002801000032230000000000002B01000014
:10C2800013620000000000002C010000D91600001D
:10C29000000000002D010000F33A00000000000043
:10C2A000360100001C1100000000000037010000F2
:10C2B0005F7400000000000040010000F31403025E
:10C2C00003000000410100005802030001000000CB
:10C2D00042010000F395000000000000430100004F
:10C2E0004E9303000100000044010000849200000E
:10C2F000000000004A01000017A700000000000035
:10C300004B0100005BE90000000000004C01000050
:10C31000ECEF0000000000004D010000E76D0000A0
:10C32000000000004E010000480A0000000000006C
:10C330004F010000E1180000000000005001000063
:10C34000F55400000000000053010000C705000084
:10C3500000000000540100006346000000000000DF
:10C3600059010000D1150302030000005E01000026
:10C37000E8FC00000000000062010000D20E030C87
:10C380000D00000063010000060C0000000000002A
:10C39000680100000B1900000000000069010000A6
:10C3A0005D210000000000007101000097180000EE
:10C3B00000000000720100004B6D00000000000052
:10C3C000730100000A1A0000000000007401000060
:10C3D0001A8C00000000000075010000752A0000A2
:10C3E0000000000077010000FB8C0000000000004E
:10C3F00078010000C7080000000000007C01000078
:10C40000E814000000000000810100009385030291
:10C4100003000000820100008410030405000000F6
:10C4200083010000044803040500000084010000AB
:10C430000825032021000000860100009CF0000078
:10C44000000000008B01000000D40000000000008C
:10C450008C01000032A00000000000008D010000EF
:10C46000B66C000000000000900100006EFE0304A6
:10C470000500000091010000B7060304050000005C
:10C480009A010000A0350000000000009B010000A0
:10C490006A030000000000009C0100002106030464
:10C4A000050000009D0100004D0703040500000089
:10C4B0009E0100006D100000000000009F010000C0
:10C4C000A110000000000000A401000014490306B0
:10C4D00007000000B3010000862E000000000000ED
:10C4E000B4010000C109000000000000B501000017
:10C4F0001E01000000000000B801000042230000FF
:10C5000000000000B9010000A911000000000000B7
:10C51000FE010000F56A000000000000FF010000BD
:10C520001C4700000000000000020000B8020000EC
:10C5300000000000421F0000DA10000000000000B0
:10C54000431F0000E729000000000000441F000016
:10C55000AC62000000000000451F0000FB26000048
:10C5600000000000461F0000610E000000000000F7
:10C57000471F00004020000000000000481F00008E
:10C58000EA21000000000000491F00009010000098
:10C59000000000004A1F00009B290000000000006E
:10C5A0004B1F000014660000000000004C1F00003C
:10C5B00036100000000000004D1F0000DE2E0000BD
:10C5C000000000004E1F0000C80E00000000000028
:10C5D0004F1F00001718000000000000501F00004F
:10C5E000951200000000000028230000718900005F
:10C5F000000000002D230000752200000000000054
:10C6000011270000D11400000000000012270000D4
:10C61000BA290000000000001327000004010000F8
:10C620000000000014270000850900000000000041
:10C630001527000067090000000000001627000011
:10C64000C10400000000000017270000471100008F
:10C650000000000018270000F00E0000000000009D
:10C66000A7270000C355000000000000F82A0000C2
:10C670008634030405000000F92A00000F8800003A
:10C6800000000000FA2A0000EAB4030405000000DC
:10C69000FB2A00004005000000000000FC2A00000A
:10C6A0000BE8030809000000FD2A00005DE6000019
:10C6B00000000000022B00002E31000000000000EE
:10C6C000032B00006A2C0000000000000C2B00006F
:10C6D000CD10000000000000162B0000902C000080
:10C6E00000000000172B0000852C00000000000057
:10C6F000182B0000552C000000000000192B000032
:10C70000C3250310110000001A2B00004F05000084
:10C71000000000001B2B000080080304050000003F
:10C720001C2B0000B1220000000000001D2B0000A7
:10C73000821C0000000000001E2B00002F260000BD
:10C74000000000001F2B00008E0900000000000008
:10C75000202B0000842C000000000000212B000092
:10C76000D02C000000000000222B0000C92C00008B
:10C7700000000000232B0000C12C0000000000007E
:10C78000242B0000BD2C000000000000342B000012
:10C79000A24E00000000000064320000722C030072
:10C7A0000100000065320000FE3B031E1F00000078
:10C7B000663200008C35030405000000673200007B
:10C7C000F92E030001000000683200004D36031C02
:10C7D0001D00000069320000312B03000100000041
:10C7E000733200005EF903000100000076320000A1
:10C7F0008B330000000000007732000007120310A6
:10C800001100000078320000140500000000000054
:10C810006842000067B3000000000000FE42000014
:10C820001A21000000000000FF4200004810000034
:10C830000000000001430000131100000000000090
:10C8400002430000591100000000000003430000F3
:10C850001B0A000000000000044300000E5B000003
:10C860000000000005430000BB5400000000000071
:10C87000064300006A1800000000000010A4000039
:10C88000E30100000000000011A40000EF2E0000F2
:10C890000000000051C30000F6200000000000006E
:10C8A00052C30000B5F600000000000053C30000B2
:10C8B0003E1300000000000054C30000F00A03080B
:10C8C0000900000055C3000098060304050000009D
:10C8D00020CB00000D6400000000000021CB000010
:10C8E000EF0100000000000015CD0000F011000075
:10C8F0000000000016CD0000584E000000000000AF
:10C9000017CD0000605500000000000018CD0000A9
:10C91000B11C00000000000019CD0000D73200005B
:10C920000000000078CD0000B526032021000000A3
:10C9300079CD0000662400000000000060EA0000DD
:10C9400004160314150000006AEA0000D02100005C
:10C95000000000006BEA0000B707000000000000C4
:10C960006CEA000063240320210000006DEA00004F
:10C9700081180314150000006EEA00008608030405
:10C980000500000074EA0000CA0400000000000076
:10C9900088EA00009CF500000000000089EA000021
:10C9A000BFFF0000000000008DEA00000E17030228
:10C9B000030000008EEA0000AB1C03080900000021
:10C9C0008FEA0000370700000000000091EA000035
:10C9D000610C00000000000092EA0000DC0E000084
:10C9E0000000000093EA0000F518000000000000BD
:10C9F00094EA0000652C00000000000095EA0000A9
:10CA00002D0600000000000099D1D70033F3D700B5
:10CA1000CC14D8006636D8000058D8009979D800D0
:10CA2000339BD800CCBCD80066DED8000000D9000B
:10CA30009999E10000C0E10066E6E100CC0CE2005B
:10CA40003333E2009959E2000080E20066A6E2007A
:10CA5000CCCCE20033F3E2009919E3000040E3009C
:10CA60006666E300CC8CE30033B3E30099D9E300BE
:10CA70000000E4006626E400CC4CE4003373E400DC
:10CA80009999E40000C0E40066E6E400CC0CE500FF
:10CA90003333E5009959E5000080E50066A6E5001E
:10CAA000CCCCE50033F3E5009919E6000040E60040
:10CAB0006666E600CC8CE60033B3E60099D9E60062
:10CAC0000000E7006626E700CC4CE7003373E70080
:10CAD0009999E70000C0E70066E6E70000008911C9
:10CAE00012239B322446AD573665BF74488CC19DD6
:10CAF0005AAFD3BE6CCAE5DB7EE9F7F881100801B6
:10CB000093331A22A5562C47B7753E64C99C408DB5
:10CB1000DBBF52AEEDDA64CBFFF976E802218B3051
:10CB2000100299132667AF763444BD554AADC3BC95
:10CB3000588ED19F6EEBE7FA7CC8F5D983310A2075
:10CB400091121803A7772E66B5543C45CBBD42AC75
:10CB5000D99E508FEFFB66EAFDD874C904428D530D
:10CB600016619F702004A9153227BB364CCEC5DF55
:10CB70005EEDD7FC6888E1997AABF3BA85520C4335
:10CB800097711E60A1142805B3373A26CDDE44CF35
:10CB9000DFFD56ECE9986089FBBB72AA06638F72D1
:10CBA00014409D512225AB343006B9174EEFC7FE15
:10CBB0005CCCD5DD6AA9E3B8788AF19B87730E62F5
:10CBC00095501C41A3352A24B1163807CFFF46EEF5
:10CBD000DDDC54CDEBB962A8F99A708B088481959D
:10CBE0001AA793B62CC2A5D33EE1B7F04008C919E5
:10CBF000522BDB3A644EED5F766DFF7C89940085A5
:10CC00009BB712A6ADD224C3BFF136E0C1184809C4
:10CC1000D33B5A2AE55E6C4FF77D7E6C0AA583B440
:10CC2000188691972EE3A7F23CC0B5D14229CB38A4
:10CC3000500AD91B666FEF7E744CFD5D8BB502A464
:10CC400099961087AFF326E2BDD034C1C3394A2884
:10CC5000D11A580BE77F6E6EF55C7C4D0CC685D7FC
:10CC60001EE597F42880A1913AA3B3B2444ACD5B64
:10CC70005669DF78600CE91D722FFB3E8DD604C724
:10CC80009FF516E4A9902081BBB332A2C55A4C4B44
:10CC9000D7795E68E11C680DF33F7A2E0EE787F6C0
:10CCA0001CC495D52AA1A3B03882B193466BCF7A24
:10CCB0005448DD59622DEB3C700EF91F8FF706E6E4
:10CCC0009DD414C5ABB122A0B9923083C77B4E6A04
:10CCD000D5585C49E33D6A2CF11E780F6090020C38
:10CCE000015B00011C57000090FF0000A5B5000883
:10CCF00000000000F8B3000802000000FEB30008C6
:10CD00000300000006B400080400000012B400088C
:10CD1000050000001FB400080600000028B4000849
:10CD2000FF00000030B40008FF00000038B4000825
:10CD30000700000040B40008080000004CB40008E0
:10CD40000900000053B40008FF0000005AB40008B6
:10CD5000FF00000063B40008FF0000006AB4000890
:10CD6000FF00000072B40008FF0000007CB400085F
:10CD70000A00000086B40008FF0000008FB400081D
:10CD80000100000098B400080B0000009FB40008E8
:10CD90000C000000A8B40008FF000000B3B40008B5
:10CDA000FF000000BBB40008FF000000C9B4000889
:10CDB000FF000000D1B400080D000000DAB4000844
:10CDC0000E000000E6B400080F000000F1B40008F7
:10CDD000FF00000000B50008FF00000011B50008CA
:10CDE000FF00000022B50008FF00000033B5000876
:10CDF000FF0000003DB50008FF00000047B5000837
:10CE0000FF00000051B500081000000061B50008E7
:10CE1000FF0000006CB50008FF00000072B50008BC
:10CE2000FF00000078B50008FF0000007EB5000894
:10CE3000FF00000084B50008FF00000092B5000864
:10CE4000FF000000A2B50008FF000000A9B500081F
:10CE500011000000B0B5000812000000BBB50008CA
:10CE6000FF000000CBB50008FF000000D6B50008A9
:10CE700013000000DEB50008FF000000EDB500085B
:10CE8000FF000000F9B50008FF00000008B6000828
:10CE9000FF00000018B60008FF00000029B60008D7
:10CEA0001400000000000000000000004D8A00088F
:10CEB0004F8A0008ED130008F1130008000000007D
:10CEC0000000000000000000000000000000000062
:10CED0002994000859940008000000000000000098
:10CEE0000102030406070809000000000102030410
:10CEF00002030405060708090A0B0C0D0E0F10109B
:04CF0000010200002A
:08CF0400D1070008998900081B
:04CF0C00A907000869
:10CF100055B20008F2B10008F5B10008F7B10008F9
:10CF2000EAB10008ECB10008EEB10008F0B1000869
:10CF300090BADCFE785634120A00000088B300086C
:10CF4000FF000000D0B3000858B300080024F4002C
:08CF50000100000010000000C8
:04000005080099ADA9
:00000001FF
