:020000040800F2
:100000000050002031980008199800081B9800083B
:100010001D9800081F9800082198000800000000A3
:10002000000000000000000000000000239800080D
:10003000259800080000000027980008299800086B
:10004000799800087998000879980008799800084C
:10005000799800087998000879980008799800083C
:10006000799800087998000879980008799800082C
:10007000799800087998000879980008799800081C
:10008000799800087998000879980008799800080C
:1000900079980008799800087998000879980008FC
:1000A00079980008799800087998000879980008EC
:1000B000B529000879980008FD25000879980008FE
:1000C00079980008799800087998000879980008CC
:1000D00079980008C9220008AD4400087998000802
:1000E00079760008799800087998000800000000E7
:1000F0000000000000000000000000000000000000
:0C01000000000000000000005FF808F1A3
:1001100010F8012B11F8013B012A28BF9A42F7D0B1
:10012000D01A7047034613F8012B002AFBD1181A86
:100130000138704780F0004002E000BF81F00041CC
:1001400042001FBF5FEA410392EA030F7FEA226C7D
:100150007FEA236C6AD04FEA1262D2EB1363C1BF0D
:10016000D218414048404140B8BF5B42192B88BF7C
:10017000704710F0004F40F4000020F07F4018BF9F
:10018000404211F0004F41F4000121F07F4118BFBF
:10019000494292EA030F3FD0A2F1010241FA03FC67
:1001A00010EB0C00C3F1200301FA03F100F000434F
:1001B00002D5494260EB4000B0F5000F13D3B0F117
:1001C000807F06D340084FEA310102F10102FE2A86
:1001D00051D2B1F1004F40EBC25008BF20F00100F6
:1001E00040EA03007047490040EB0000013A28BF95
:1001F000B0F5000FEDD2B0FA80FCACF1080CB2EB18
:100200000C0200FA0CF0AABF00EBC2505242184395
:10021000BCBFD0401843704792F0000F81F400013A
:1002200006BF80F400000132013BB5E74FEA41030D
:100230007FEA226C18BF7FEA236C21D092EA030F79
:1002400004D092F0000F08BF0846704790EA010FF3
:100250001CBF0020704712F07F4F04D1400028BF20
:1002600040F00040704712F100723CBF00F5000002
:10027000704700F0004343F0FE4040F40000704738
:100280007FEA226216BF08467FEA236301464202E4
:1002900006BF5FEA412390EA010F40F480007047F7
:1002A0004FF0000304E000BF10F0004348BF40429D
:1002B0005FEA000C08BF704743F0964301464FF0D9
:1002C00000001CE050EA010208BF70474FF0000335
:1002D0000AE000BF50EA010208BF704711F0004376
:1002E00002D5404261EB41015FEA010C02BF844646
:1002F0000146002043F0B64308BFA3F18053A3F5A5
:100300000003BCFA8CF2083AA3EBC25310DB01FAEB
:1003100002FC634400FA02FCC2F12002BCF1004F6F
:1003200020FA02F243EB020008BF20F00100704700
:1003300002F1200201FA02FCC2F1200250EA4C0054
:1003400021FA02F243EB020008BF20EADC7070479A
:100350004FF0FF0C1CEAD0521EBF1CEAD15392EAA8
:100360000C0F93EA0C0F6FD01A4480EA010C400284
:1003700018BF5FEA41211ED04FF0006343EA5010DE
:1003800043EA5111A0FB01310CF00040B1F5000F20
:100390003EBF490041EAD3715B0040EA010062F1CF
:1003A0007F02FD2A1DD8B3F1004F40EBC25008BFB9
:1003B00020F00100704790F0000F0CF0004C08BFD7
:1003C00049024CEA502040EA51207F3AC2BFD2F1A4
:1003D000FF0340EAC250704740F400004FF00003B2
:1003E000013A5DDC12F1190FDCBF00F000407047EC
:1003F000C2F10002410021FA02F1C2F1200200FA2A
:1004000002FC5FEA310040F1000053EA4C0308BFF0
:1004100020EADC70704792F0000F00F0004C02BF41
:10042000400010F4000F013AF9D040EA0C0093F0BC
:10043000000F01F0004C02BF490011F4000F013B16
:10044000F9D041EA0C018FE70CEAD15392EA0C0F84
:1004500018BF93EA0C0F0AD030F0004C18BF31F0EF
:10046000004CD8D180EA010000F00040704790F0C5
:10047000000F17BF90F0004F084691F0000F91F069
:10048000004F14D092EA0C0F01D142020FD193EA2F
:100490000C0F03D14B0218BF084608D180EA0100B7
:1004A00000F0004040F0FE4040F40000704740F093
:1004B000FE4040F4400070474FF0FF0C1CEAD05261
:1004C0001EBF1CEAD15392EA0C0F93EA0C0F69D0BD
:1004D000A2EB030280EA010C49024FEA402037D028
:1004E0004FF0805343EA111143EA10130CF000401F
:1004F0008B4238BF5B0042F17D024FF4000C8B420F
:1005000024BF5B1A40EA0C00B3EB510F24BFA3EBEE
:10051000510340EA5C00B3EB910F24BFA3EB9103BE
:1005200040EA9C00B3EBD10F24BFA3EBD10340EA18
:10053000DC001B0118BF5FEA1C1CE0D1FD2A3FF65E
:1005400050AF8B4240EBC25008BF20F00100704713
:100550000CF0004C4CEA50207F32C2BFD2F1FF03B6
:1005600040EAC250704740F400004FF00003013AE7
:1005700037E792F0000F00F0004C02BF400010F48B
:10058000000F013AF9D040EA0C0093F0000F01F09F
:10059000004C02BF490011F4000F013BF9D041EAC1
:1005A0000C0195E70CEAD15392EA0C0F08D14202F4
:1005B0007FF47DAF93EA0C0F7FF470AF084676E7C7
:1005C00093EA0C0F04D14B023FF44CAF08466EE7A0
:1005D00030F0004C18BF31F0004CCAD130F000426E
:1005E0007FF45CAF31F000437FF43CAF5FE700BFC6
:1005F0004FF0FF3C06E000BF4FF0010C02E000BFEF
:100600004FF0010C4DF804CD4FEA40024FEA410390
:100610007FEA226C18BF7FEA236C11D001B052EA46
:10062000530C18BF90EA010F58BFB2EB030088BF0C
:10063000C81738BF6FEAE17018BF40F0010070477B
:100640007FEA226C02D15FEA402C05D17FEA236C5D
:10065000E4D15FEA412CE1D05DF8040B704700BFA4
:10066000844608466146FFE70FB5FFF7C9FF00283B
:1006700048BF10F1000F0FBD4DF808EDFFF7F4FF74
:100680000CBF012000205DF808FB00BF4DF808ED0D
:10069000FFF7EAFF34BF012000205DF808FB00BF30
:1006A0004DF808EDFFF7E0FF94BF012000205DF852
:1006B00008FB00BF4DF808EDFFF7D2FF94BF012003
:1006C00000205DF808FB00BF4DF808EDFFF7C8FFFC
:1006D00034BF012000205DF808FB00BF4FEA400254
:1006E000B2F1FE4F0FD34FF09E03B3EB12620DD960
:1006F0004FEA002343F0004310F0004F23FA02F0CA
:1007000018BF404270474FF00000704712F1610F70
:1007100001D1420205D110F0004008BF6FF0004047
:1007200070474FF00000704742000ED2B2F1FE4F0A
:100730000BD34FF09E03B3EB126209D44FEA0023B0
:1007400043F0004323FA02F070474FF00000704777
:1007500012F1610F01D1420202D14FF0FF30704718
:100760004FF00000704700BF0348044B834202D0A3
:10077000034B03B118477047480000204800002091
:10078000000000000548064B1B1AD90F01EBA3011E
:10079000491002D0034B03B11847704748000020AE
:1007A000480000200000000010B5064C237843B933
:1007B000FFF7DAFF044B13B10448AFF300800123C5
:1007C000237010BD4800002000000000FCA70008B6
:1007D00008B5054B1BB105490548AFF30080BDE8DE
:1007E0000840FFF7CFBF00BF000000004C00002012
:1007F000FCA700080022427082700122C27002220F
:10080000B1FA81F102710322490901704271704706
:1008100043788B421FD0012941700AD0022910D0A1
:10082000C1B90123C3700223817003710323437193
:100830007047037843B1012383700223C370002300
:10084000F3E70378002BF6D0022383700023C370F4
:100850000123EAE7FEE770470B8882B0ADF800306D
:100860004B880239ADF80230CB88ADF804300B89E3
:10087000ADF80630431C053013F8012F0DF1080CBC
:100880000CEB420232F8082C834221F8022FF3D1FC
:1008900002B0704708448078704738B54FF07F3316
:1008A0007F22C0F8A03000254FF6FF730446A0F861
:1008B000A43080F8A62080F8A950A0F8AA30AC3067
:1008C00000F049FCA4F8B85038BD70B51546044690
:1008D0001E46114600F07FFC294604F1140000F08A
:1008E0007AFC294604F1280000F075FC294604F141
:1008F0003C0000F070FC294604F1500000F06BFC55
:10090000294604F1640000F066FC294604F17800F1
:1009100000F061FC294604F18C0000F05CFC04F15D
:10092000AC0032464FF4FA734FF4FA6100F0F9FB71
:100930002046BDE87040FFF7B0BF704700F052BCE2
:10094000143000F04FBC283000F04CBC90F8A430BC
:1009500013B990F9A000704790F9A100704790F882
:10096000A43013B990F9A200704790F9A300704722
:1009700010B5044607F0ECF838B104F1140000F0AB
:1009800035FC012838BF0120C0B210BD10B50446A7
:1009900007F0DEF838B104F1500000F027FC012820
:1009A00038BF0120C0B210BD4FF47A71AC3000F0F6
:1009B000D9BB0021AC3000F0D5BB08B5AC3000F09D
:1009C000E2FBB0F57A7FA8BF4FF47A7020EAE070BE
:1009D00008BD10B5044600F0DFFB04F1140000F080
:1009E000DBFB04F1280000F0D7FB04F13C0000F031
:1009F000D3FB04F1500000F0CFFB04F1640000F0E1
:100A0000D7FB04F1780000F0D3FB94F8B93013B1B0
:100A1000013B84F8B93010BD7F2807D0002807DAE1
:100A200010F1800F06D04042C0B2704700207047DE
:100A3000012070477F20704710B1404240B270479C
:100A40007F2070477F280FD010F1310F0EDA10F1A0
:100A5000780F0DDBFE23783040B258434623233015
:100A6000B0FBF3F0C0B27047FF207047FE20704724
:100A7000002070477F2805D031B1002806DA4042B7
:100A8000C0B27047FF207047FE20704700207047BB
:100A90007F2811D010F1310F10DA10F1780F10DB30
:100AA00040F2A963783040B2584346232330B0FB6C
:100AB000F3F0AC3080B270470020704740F25570C0
:100AC0007047AC20704763289FBF40F2A96358432A
:100AD000642332309DBFB0FBF3F0AC3080B240F203
:100AE000557070474FF4F063A0F58060584340F2B2
:100AF000FF7390FBF3F000F5787080B27047FFF75A
:100B0000F1BF4FF49663A0F58060584340F2FF7345
:100B100090FBF3F000F2DC5080B27047A0F58060EB
:100B2000D0EB001048BF033040F38F00704703281C
:100B300012DD0C2812DD0F2812DD122812DD162816
:100B400012DD192812DD1C2812DD1F2812DD2128D4
:100B5000CCBFFF200620704700207047012070475F
:100B60000220704708207047032070470720704715
:100B7000042070470520704705289ABF014B185C78
:100B8000FF20704798A800087F281ABF4042C0B2D3
:100B9000002070477F2811D010F1320F10DA884200
:100BA00010DD6423401A5843C1F1FF2101F57F0194
:100BB000CE31313090FBF1F0C0B27047FF2070476A
:100BC0006420704700207047014B4840185C704714
:100BD000A0A8000852B110B4054C0A4411F8013B1A
:100BE00058408A42205CF9D110BC7047704700BF62
:100BF000A0A80008002805DB212805DC044B33F8F9
:100C000010007047002070474FF4FA60704700BF33
:100C1000CAA90008392808D822280ED9094B233838
:100C2000C0B2C34003F0010070475F2807D06138AD
:100C300019288CBF00200120704700207047012038
:100C4000704700BF01EC7F00F8B5024600245F2723
:100C5000451E461D15F8010FFF2804BF0134E4B2FC
:100C6000FFF7D8FF00B92F70AE42F3D1062C04D1A4
:100C700019B10B6813608B88938000239371F8BDC2
:100C80002DE9F843012500264FF02808DFF82C90C5
:100C9000471E441D17F8011F084809F060FD034670
:100CA00010B1A0EB0903DBB2A3FB05329E19A742EA
:100CB000A5FB0853EED13046BDE8F883A0A9000893
:100CC00010B54179A1F13000C3B2092B07D8052333
:100CD000B0FBF3F303EB8303C01AC0B210BD044CA6
:100CE000204609F03CFD0028F1D0001BC0B2EEE721
:100CF000A0A9000870B50446FFF714FA02B200205C
:100D0000551E03B2AB4204EB030103DAE65C01308B
:100D1000302EF6D0D21A2046BDE87040013209F0DC
:100D20004BBD0000432B28BF43232DE9F0470C4661
:100D300096B0154600211A469846074609F056FD1A
:100D40000021412205A8049109F050FDDFF87C90B4
:100D5000DFF87CA004EB4505AC4210D104A8FFF7F6
:100D6000E1F928B1002200F158036B4403F8492C43
:100D7000384604A909F0DCFC16B0BDE8F08747F658
:100D8000FF7334F9020B9842E8D0002812DC514678
:100D9000684609F0CDFC04A8FFF7C4F9064668468A
:100DA000FFF7C0F90644B045D6D3694604A809F058
:100DB000C7FCD1E7694680B208F030FA6846FFF711
:100DC00099FF4946684609F0BBFCE4E74FA80008D4
:100DD0004AA80008F0B589B06D4600242F468E1C45
:100DE000E1B28A4204D83946FFF79CFF09B0F0BD52
:100DF00036F82410013425F8021BF1E742F2107393
:100E0000B0FBF3F2642103FB1200B0FBF1F301FB32
:100E1000130000EB023000EB831080B2704770B516
:100E20000E4600210546144609F0E0FC00239AB264
:100E3000944200D870BDF25C002AFBD0EA54013322
:100E4000F5E70000072914D8DFE801F00407090BD3
:100E50000D0F11110849FFF7E2BF0849FBE70849E8
:100E6000F9E70849F7E70849F5E70849F3E70849CA
:100E7000F1E70849EFE700BF54A8000859A80008A7
:100E80005EA8000863A8000868A800086DA800080C
:100E900072A8000877A80008052911D8DFE801F03A
:100EA0000306080A0C0E0749FFF7B9BF0649FBE71E
:100EB0000649F9E70649F7E70649F5E70649F3E782
:100EC0000649F1E779A800087EA8000883A8000871
:100ED00088A800088DA8000891A8000877A8000835
:100EE00070B50E46144600210132054609F07EFC1D
:100EF00000239AB2944200D870BDF25C002AFBD065
:100F0000EA540133F5E77D23438043F23903C3609C
:100F1000002309B201808180C38003727047000002
:100F200002680449044B01FB023323F000430360D1
:100F3000180C7047FD430300C39E2600F0B5002542
:100F400097B001608580044656222946684609F01C
:100F50004DFC0126627CAA4209D80023802104F1BD
:100F6000B400237417B0BDE8F04009F03FBC204640
:100F7000FFF7D6FFE77900217B1B90FBF3F2EC46ED
:100F800002FB13000A46C0B2CBB29F421CD800231A
:100F9000227B9A42DED0A2796119033A012A05D94F
:100FA00025B191F91120D2B9012BD3D98B74A26844
:100FB00052F82310583304EB85026B44013551631A
:100FC00003F8586CEDB2C5E71CF801EBBEF1000F59
:100FD00003D18242DCD00132D2B20131D4E7501EBB
:100FE0008342E3DB01329342E0DCB3E72DE9F047D3
:100FF000154696B0013D0160027104464371EDB2A1
:1010000056220021684609F0F1FB022D98BF4FF0EF
:1010100003094FF0000794F807808ABF4FF00109D9
:10102000B8FBF9F800253E464FF0010A627CB24257
:1010300009D80023802104F1B400237416B0BDE860
:10104000F04709F0D3BB2046FFF76AFFA8EB060381
:1010500090FBF3F2002102FB1300EC460A46C0B2FB
:10106000CBB2984506D91CF801EBBEF1000F21D197
:1010700082421DD1434528BF434609FB0351227BD1
:10108000C9B28A42D2D016B1B7B9012BCED9A219B2
:101090009174A2681F4652F8211004EB8602516336
:1010A00003F158026A44013602F858ACF6B2BDE7C3
:1010B0000132D2B20131D3E77A1E9342E7DB7A1CC8
:1010C0009342E4DCB2E70023C0E90133C360037458
:1010D0007047F0B5047C0360012C11D94FF47A7786
:1010E00044688568141B7C43C6684D1B05FB164489
:1010F0002B4494FBF3F33344C360C0E90121F0BDFA
:101100001CB90123C4600374F7E74FF47A74436891
:10111000D31A634384680C1B93FBF4F3C36002236C
:10112000F1E72DE9F041044610461D461646884673
:10113000FFF7B6F8074606EB0800FFF7B1F80146DF
:101140003846FFF7B9F9656020602846FFF7ACF82C
:10115000A060BDE8F08110B504464068FFF7A4F830
:10116000A06010BD38B5044685680846FFF79CF8B6
:101170002946FEF7E3FF2168FFF7EAF82946FEF764
:10118000DFFFA06038BD08B54FF07C518068FEF7E6
:10119000D7FFFFF7A3FA08BD6421D0E90123D31AD2
:1011A000C3604B43418A8260B3FBF1F30374704721
:1011B000D0E90123D31AC0E90223704743682BB159
:1011C0006421C2684A43B2FBF3F2D3B20374002332
:1011D000C3604360704700234182C0E9023343602B
:1011E000037470474368013343607047007C704765
:1011F00043680B4443607047072800D9FEE7014B62
:10120000185C704744AA0008052800D9FEE7014B86
:10121000185C70474CAA0008704770470020704760
:101220000020704700207047704700207047002062
:1012300070470000054B82B0DA690243DA61DB696E
:1012400003400193019B02B0704700BF00100240B1
:10125000054B82B09A6902439A619B6903400193EE
:10126000019B02B0704700BF0010024000F10C0368
:1012700053E8003F23F0800300F10C0141E8003205
:10128000002AF3D1704700000B4B0C4A1B6830B4A6
:10129000A2FB03239B0C00FB03F2094D02F5FA723B
:1012A000A5FB0252074992094C684B681B1B9342ED
:1012B000FBD330BC704700BF3C00002083DE1B43E3
:1012C000D34D6210001000E00288044B5140C9B2B7
:1012D00033F8113083EA122303807047E8C2000814
:1012E0009AB110B4B0F800C0084C0A4411F8013BA0
:1012F00083EA0C03DBB234F81330914283EA1C2CEE
:10130000A0F800C0F2D110BC70477047E8C20008D6
:101310004FF6FF7337B50446ADF806304518AC42BA
:1013200003D1BDF8060003B030BD14F8011B0DF168
:101330000600FFF7C9FFF2E708B51E20FFF7A4FF7C
:101340004FF48052034B28205A61BDE80840FFF754
:101350009BBF00BF000C014008B56420FFF794FF5D
:101360004FF48052024B1A61BDE80840FFF78CBF72
:10137000000C0140044B1888044B80B21B889BB2C0
:10138000C01A18BF01207047B22A0020B02A0020DE
:101390000023044A1380044A1380044A1380044A39
:1013A00013807047B02A0020B22A0020B42E0020FB
:1013B000B62E0020012070470020704700207047A3
:1013C0000278024B51405B5C03707047CCAE000862
:1013D000FF230370704700BF704770B50B78054658
:1013E00003704B780C4643700B78FD2B38D10A26DE
:1013F0008B788370CB78C3700B7903714B79437111
:101400008B7983718B68C3718B68C3F30F2303726D
:101410008B7A4372627804F10C01A81909F0ACF9D7
:101420006378B4F80C213344EA54B4F80C115A1C14
:1014300092B2090AA954A278981CD20780B20ED59C
:1014400004F58872054404F58E7452F8041BA24218
:1014500045F8041BF9D112780F332A7098B270BD89
:1014600000238B700B79062683704B79C3708B79C0
:1014700003718B684371CDE72C2208B50021034826
:1014800009F0B4F90022024B1A7008BD9C05002037
:10149000480300202DE9F04113780446037092F8C8
:1014A0000180FD2B0F46154680F8018054D10A2695
:1014B00093788370D378C370137903715379437130
:1014C000937983716B7A127A1B0403EB0223EA7916
:1014D000134423F07F43A268A91963F31702A260A3
:1014E00004F10C00424609F047F97A7B904507D297
:1014F00008F10C000021A2EB0802204409F076F963
:1015000063781E44AB195A78AB5D03EB0223A4F851
:101510000C31A378DB070ED50236B6B2354404F59C
:10152000887305F10C0255F8041B954243F8041B1F
:10153000F9D12A781A70BB7A84F82131FB7A84F8C1
:1015400022313B7B84F823317B7B84F824313B7848
:1015500084F82031BDE8F08100234380937806268B
:101560000371D3784371137983715379B3E7000022
:1015700070B50F4C0F4D0646062204F10A0105F521
:101580008970FFF7ADFC237CC3F30302C3F303139D
:1015900085F81A31637C85F81921C3F3030385F8B4
:1015A0001B31637ADB0744BF0223337370BD00BF76
:1015B00099200020C400002070B504462420E27069
:1015C000207022465820BDF8145023711B0A637105
:1015D0002B0AA1706070A57102F8073F049B59198E
:1015E0008B420CD16A1D92B2E11C0020FFF7F2FA87
:1015F00005F10806A05505F1090080B270BD13F889
:10160000010B02F8010FEBE710B502780A4BD24349
:10161000D2B244789A5C90F802E062409A5C90F80A
:1016200003C082EA0E029A5C017982EA0C029A5C9B
:101630004A40985C10BD00BFCCAE0008F8B53C290C
:101640000446BDF81C5036D0A1F12106714271410B
:101650004900D00748BF41F0080192074FF024022B
:1016600022704FF06F02E3704FEA132348BF41F03E
:1016700010012371A61C2B0A6270A170A371304661
:101680006571FFF7C1FF2246069B02F8070F591943
:101690008B4212D1A91D304689B2FFF739FE05F100
:1016A000080705F10903E0559BB2000AE05405F173
:1016B0000A0080B2F8BD0121CBE713F8010B02F854
:1016C000010FE5E76FF02002084B1A605B68084ADB
:1016D00002F60C0353E8003F43F0200302F60C002F
:1016E00040E800310029F3D1704700BF00380140C5
:1016F0000030014050294FEA10122CD018D8302960
:101700002CD00DD810292CD041F6786343F6F04048
:10171000202908BF034617489040B0FBF3F07047FC
:1017200041F6786347F61220402908BF0346F2E7E6
:10173000802919D008D8602918D041F678630E485E
:10174000702908BF0346E6E741F678630B48902905
:1017500008BF0346DFE74AF2E423DCE745F2401323
:10176000D9E742F6A003D6E7054BD4E74FF224436E
:10177000D1E700BF40420F0048E8010020A1070068
:1017800090D003002DE9F04F0C4651880546B1F585
:101790008C7F85B011D300211170D91CC9B20129E9
:1017A00095BF01210023518053809CBF237011708D
:1017B00000232B7005B0BDE8F08F10780E2800F2E2
:1017C0008B8001A656F820F09B170008051800082A
:1017D0002D18000847180008D9180008D918000863
:1017E000D9180008D9180008D9180008D918000815
:1017F000D9180008D9180008D9180008D918000805
:1018000059180008481C5080635421789BB2FD2968
:1018100006D10C330A21D380022391801370C7E7CD
:1018200006210833D38091800E23F7E7481C5080AF
:10183000D807635442BFD1880D31D180012B8CBFB2
:1018400000230323EAE7002B01F1010050806354D9
:1018500014BF00230E23E1E7481C508063545388D3
:10186000D1888B4232D300235380137002236980C6
:101870002B702378FD2B35D163792B72A3796B7292
:10188000637A227A1B0403EB0223E27913446B6030
:10189000637803F10C026A80A278D10701D519336D
:1018A0006B80002640F285120C206968DFF8E88022
:1018B0006E81B31801335B0800FB03F758F807701B
:1018C000B94218D25A1EB242F3D816E092889A4210
:1018D0003FF66EAF01236CE70023137053809380B3
:1018E000D38066E7E3782B7223796B7263796B6040
:1018F00063780833D4E71E46E5D80C27774358F8B9
:101900000730994227D123782046FD2B0CBF4FF09A
:101910000A094FF0060910F801BF474409EB0B0311
:10192000591E89B20193FFF7F3FC97F804A0ADF8B4
:101930000E0051460DF10E00FFF7C6FC019BE218A8
:101940005278E35C03EB0223BDF80E209BB29A426F
:1019500003D005232DE703232BE7BB79DA0706D550
:10196000FA79934582BF04EB09018A5CAA729B074E
:1019700009D50C2303FB068362781B7A9A4282BF47
:101980004C44E35CEB720C2303FB06835B7985F824
:101990000CA06B730EE700BFCCAF0008F0B5FD23C1
:1019A0000546044685B005F80C3B8DF8043090F8E8
:1019B000243103F10C020244012B42D8002663704B
:1019C00066808DF805308B7A0DF1050023718DF856
:1019D00008308B7AADF8066001338B726379092188
:1019E0008DF80930A3798DF80A30A368C3F3170383
:1019F0001A128DF80B301B148DF80D308DF80C2059
:101A0000FFF786FC677829463A46ADF802000DF1EB
:101A10000200FFF765FC94F82311FFF755FC94F8DA
:101A20002421BDF802309742A4F80C3110D231467F
:101A300007F10C00D21B204405B0BDE8F04008F0CF
:101A4000D5BE12F8010D0028B8D1013BDBB2B3E7D7
:101A500005B0F0BD07B503688DF8071001221B69BA
:101A60000DF10701984703B05DF804FB70B504461B
:101A700008460D46FEF756FB2368294682B21B69CD
:101A80002046BDE8704018470120FFF7E1BB000089
:101A90000D4B984202D10420FFF7DABB0B4B984262
:101AA00005D003F58063984203D11020F4E70820A5
:101AB000F2E7074B984201D12020EDE7054B984211
:101AC00000D070474020E7E700080140000C0140CB
:101AD00000140140001801400B4B984203D14FF411
:101AE0000060FFF7B5BBB0F1804F04D0074B9842C0
:101AF00004D1022000E00120FFF79CBB044B984278
:101B000001D10420F8E77047002C01400004004098
:101B1000000800402DE9F0410C46154686B0074606
:101B20001022002102A81E469DF8348008F05EFEB7
:101B300001940B2D07D8DFE805F00E0E070A1414E8
:101B4000141616161B1DFEE70823029303E0082354
:101B5000029301230593032E0ED8DFE806F01E2022
:101B60000E1E0123F1E70123029304230493F2E7FD
:101B70000923EAE70923F7E7FEE701230393B8F116
:101B8000000F02D03846FFF783FF053D042D0BD828
:101B9000DFE805F007110A0711000323EEE702232F
:101BA000ECE7C4F30F247C61384601A908F090FAF1
:101BB00006B0BDE8F081C4F30F243C61F4E713B52F
:101BC0004FF0010C0024CDE9004CFFF7A3FF02B059
:101BD00010BD000030B50023154687B00446ADF8AF
:101BE0000630FFF779FF042D04D8DFE805F02A2E30
:101BF00004323B00FEE71C4B1C4A1B68B3FBF2F3AC
:101C00009BB20022013BCDE90221204601A9ADF89B
:101C100004300492059208F0BFFB236823F0800390
:101C20002360A36823F4804323F00703A360636861
:101C300023F070036360A36823F08003A36007B000
:101C400030BD094B0A4A1B68D8E7074B094A1B6895
:101C5000D4E7054B064A1B68B3FBF2F303EB83039F
:101C60005B00CDE70123CCE73C00002080A81201F7
:101C700040420F0000127A0010B50446FFF7AAFF99
:101C8000236843F00103236010BD00224FF0FF31B1
:101C9000FFF7F2BF1F4B10B55B681F4C236007F0C6
:101CA000EDFD1E4808F0C4F91D4808F0C1F91D48B3
:101CB00008F0BEF91C4808F06FFC1C4808F06CFCEA
:101CC0001B4808F069FC1B4808F016FB08F084FA72
:101CD0004FF0E022002318491361536193614A6871
:101CE00022F003024A6072B64FF0FF319A0002F10F
:101CF0006042013302F56142082BC2F88010C2F83D
:101D00008011F3D162B6034B1B6883F30888236804
:101D10009847FEE700F0FF1F440300200008014041
:101D2000000C014000100140003801400044004018
:101D30000048004000300140001002400749084AB6
:101D4000881AEFF30883521A1A44013A013B984269
:101D500088BF0022AA2108F049BD00BF0050002022
:101D60000004000010B50323062206490648FFF7C9
:101D700026FFBDE810400323022204490448FFF770
:101D80001EBF00BF400040040010014080008004DE
:101D900000080140104A4FF47041536923F4704326
:101DA00091FAA1F153610D4B5A6822F400425A6036
:101DB0001A6822F400421A60DA6822F40042DA60FB
:101DC0009A6842F400429A60D022054B83F8282397
:101DD0004FF480725A6070470000014000040140D7
:101DE00000E100E04FF40042034B5A611A6842F4EC
:101DF00000421A60704700BF000401400023032224
:101E000001490248FFF7DBBE20002004001001401A
:101E1000024B9868C043C0F3403070470010014047
:101E200038B50A4D0A4C0023052240F60801284621
:101E3000FFF7C5FE0023052240F202212046FFF7EE
:101E4000BEFE08236B610223636138BD000C0140B4
:101E5000001001400549CB681A04DB4302F400225C
:101E600003F0080313430B61704700BF000C0140EF
:101E70000549CB681A04DB4302F4003203F0020385
:101E800013430B61704700BF00100140032208B5E7
:101E90000A4900230A48FFF792FE1022002308494E
:101EA0008868013A80045CBF0133DBB212F0FF02A4
:101EB000F6D10C2B01D9FFF7EDFE08BD2000200460
:101EC000001001400C4BD3F8FC2022F08072C3F8C4
:101ED000FC20D3F8FC2042F08072C3F8FC20A3F56C
:101EE0005D431A6822F001021A601A6842F001028A
:101EF0001A6000225A60704700ED00E0064B074A66
:101F00001B680749B3FBF2F3434310B54C684A68BA
:101F1000121B9A42FBD310BD3C00002040420F0030
:101F2000001000E02DE9F84381464CF250300E4697
:101F300017461D4607F088FD88BBB9F1010F06D092
:101F4000B9F1020F0CBF4FF002094FF004094FF036
:101F50000008144A136943F0010313614FEA08149F
:101F6000C4F12002A4F1200305FA02F227FA04F4D6
:101F7000144325FA03F31C43A4B24CF2503026F864
:101F8000184007F061FD28B908F101085FFA88F3ED
:101F90009945E3D8034A136923F001031361BDE8AF
:101FA000F88300BF002002407FB501230022CDE965
:101FB000040301A902A8CDE9022307F081FD00284E
:101FC0000CBF0420052007B05DF804FB0A4608B5E5
:101FD000014600230220FFF7A5FF00280CBF0420C4
:101FE000052008BD08B5FFF7DFFF031F5842584121
:101FF00008BD08B5FFF7EAFF031F5842584108BD66
:102000002DE9F047264B274D01280FBF7D267C2662
:10201000AA461D460F4614462349244A06BF894650
:102020009A46914607F0F4FC31462846FFF7DAFF5E
:1020300028B9002407F0FEFC2046BDE8F087002FF9
:1020400008BF4FF478744FF000080334C4F38F04D2
:1020500005F11006AAEB050A1FFA88F39C4209D87D
:102060004FF011312846FFF7C4FF041E18BF0124AA
:10207000A400DFE73FB95AF806104B1C06D108F15F
:1020800001080436E8E757F82810F6E74E4505D270
:102090003046FFF7AEFF0028F1D1CAE70324C9E7B5
:1020A00000F0010800F40108FFF70108FFF3010840
:1020B00010B507F0ADFC7C210848FFF793FF0446FC
:1020C00038B17D210648FFF78DFF041E18BF01249B
:1020D000A40007F0AFFC204610BD00BF00F00108CF
:1020E00000F4010830B5002340F2EF34064D9AB2F7
:1020F000914201D8042030BDA34203D05A5DC2549E
:102100000133F4E70320F6E710F0010838B5044680
:102110000D4672B60A4601460020FFF771FF62B60F
:10212000042806D172B601202A462146FFF768FF2F
:1021300062B638BD38B5124B1C68D3F80054B4F100
:10214000113F09D1B5F1113F17D0002201201146EE
:10215000BDE83840FFF754BFB5F1113F03D100226D
:1021600011461046F4E7FFF7A3FF042804D12C40E2
:1021700001340CBF0220012038BD0420FCE700BF61
:1021800000F00108034B18739A68D207FCD5187B3E
:10219000704700BF0038004038B5441E8D18A94272
:1021A00000D138BD14F8010FFFF7ECFF01F8010B67
:1021B000F5E7084611461A46FFF7EEBF38B5044664
:1021C000054D0144A14200D138BD2878FFF7DAFF60
:1021D00004F8010BF6E700BF300000200846114666
:1021E000FFF7ECBF10B5044601448C4200D110BD8E
:1021F00014F8010BFFF7C6FFF7E708461146FFF793
:10220000F1BF000070B58CB0294C2822002102A833
:1022100008F0ECFAFFF738FC4FF48040FFF70AF8BB
:102220002449204603230622FFF7C9FC0625012680
:102230004FF48053204623610A2203231E49CDE92F
:102240000056FFF767FC204603230A221B49CDE90D
:102250000056FFF75FFC032320461A461849CDE9D4
:102260000056FFF757FC0822002308924FF48272B1
:10227000CDE90533CDE909330293039204934FF47A
:1022800000720723A4F55444204602A90B93079239
:1022900008F056F8236843F040032360A3689B07C7
:1022A000FCD5FF22237B074B1A700CB070BD00BF1A
:1022B000000C014010001004200020048000800465
:1022C00040004004300000201C4B10B41A689406F3
:1022D00011D5D96888060ED5194C1A485968238833
:1022E00000880133C3F30A0380B298421FBF164827
:1022F000C9B2C1542380110744BF104B5B6812065A
:1023000016D50E48C3681B0612D5104B104A198803
:10231000138889B29BB299420CD013880133C3F35E
:102320000903138013880B4A9BB2D35CDBB2436072
:1023300010BC704710BCFEF799BF00BF00380140C9
:10234000B22A0020B02A0020B0220020B62E0020A1
:10235000B42E0020B42A00200E490F4A0B881288A0
:102360000133C3F3090392B29A4211D00B4AD054FD
:102370000B4A0B8002F60C0353E8003F43F0800346
:1023800002F60C0040E800310029F3D1012070472B
:1023900000207047B62E0020B42E0020B42A002062
:1023A0000030014038B504464518AC4200D138BD74
:1023B00014F8010BFFF7D0FFF7E708461146FFF7C7
:1023C000F1BF0000054B064A1B8810880133C3F398
:1023D000090380B2181A18BF01207047B62E0020DA
:1023E000B42E002008B5FFF7EDFFB0FA80F04009E9
:1023F00008BD0000054B064A1B8812889B1A98B23C
:102400001B0444BF00F5006080B27047B22A002070
:10241000B02A0020FFF7EEBF0848094A0188138858
:1024200089B29BB29942F9D013880133C3F30A03EE
:1024300013801388034A9BB2D05C7047B22A0020F5
:10244000B02A0020B0220020FFF7E6BF002300B52D
:1024500089B0CDE90633CB1A18BF01231B03CDE9A0
:1024600002320C2301900491034801A9059308F05E
:10247000C5F809B05DF804FB0038014010B5064C02
:10248000E36823F40053E360FFF7E0FFE36843F4FD
:102490000053E36010BD00BF003801400022084631
:1024A0001146FFF7EBBF000073B53A4C0825E3680F
:1024B000012623F40053E360FFF7E6FA4FF480406F
:1024C000FEF7C6FE00F1804003230A22CDE9005644
:1024D000314900F54840FFF71DFB0323CDE90056C5
:1024E0001A462E492E48FFF715FB00224FF4614093
:1024F0001146FFF7ABFFB022236923F49043236119
:10250000636923F02A036361264B83F82523202285
:102510005A602046FEF7AAFE234A02F60C0353E84F
:10252000003F23F0400302F60C0040E80031002990
:10253000F3D16FF0400323601C4B19801C4B1980B2
:1025400002F60C0353E8003F23F0200302F60C00D0
:1025500040E800310029F3D16FF020020D4B1A60E2
:10256000144A1180144A11801A6922F400621A6117
:102570005A6922F008025A611A6922F480421A61EB
:102580005A6922F022025A61DA6842F40052DA6093
:1025900002B070BD003801400200020404000404CF
:1025A0000008014000E100E000300140B42E0020AE
:1025B000B62E0020B02A0020B22A002008B5FFF76E
:1025C00073FFBDE80840FFF77DB8FFF7F7BF0000D5
:1025D000084BDA6892070CD40121074A11805A6A25
:1025E00010325A636FF002021A61DA6842F0020296
:1025F000DA60704700080040581E00202E4A10B5CF
:1026000013699B0725D56FF0020313612B4B1B88C1
:10261000516B9BB20B445363294B2A49188880B2F3
:10262000002840D01888013080B21880188880B205
:1026300002280FD84FF40063234A4B6113880133FB
:10264000C3F3080313801388204A9BB2D35C204A4B
:10265000138010BD188880B20A280DD81C4B1A8828
:1026600012F0010F4FF4006214BF0A614A611A8828
:10267000C2F34E021A80ECE7188880B20B284FF4A0
:102680000060086109D1134A11880F4A89B2128883
:1026900092B29142DDD00122ECE7D16821F0020133
:1026A000D1600022E6E74FF400640C61D16821F0AC
:1026B0000201D1601880CCE700080040541E0020C1
:1026C000581E0020000801405C2000205A1E0020F7
:1026D0005A2000205E20002009490A4A08B50B88CC
:1026E00012880133C3F3080392B29A4206D0064A15
:1026F000D0540B800120FFF76BFF08BD0020FCE7E2
:102700005E2000205C2000205A1E002038B50446C0
:102710004518AC4200D138BD14F8010BFFF7DCFFBF
:10272000F7E708461146FFF7F1BF0000B0F5614F2B
:102730000D4A0E4B0CD0B0F5E13F10D0B0F5165F4E
:102740000DD172B640F24131118040F2E24203E015
:1027500072B68B211180D0221A8062B6704772B691
:10276000452111805422F7E7541E0020561E0020F8
:1027700010B51D4C88B02046032305221B49FFF7E6
:102780001EFA4FF400632361A4F580342046012231
:102790004FF0FF31FFF770FA20220021684608F061
:1027A00025F86A460121204607F02EFE4FF08043AF
:1027B000D3F81828902122F00402C3F818286FF0EB
:1027C000020222610A4A82F81E1313604FF4E130BC
:1027D000FFF7ACFF0023074A1380074A1380074A1C
:1027E000138008B010BD00BF0008014008000804B5
:1027F00000E100E05C2000205E200020581E002048
:10280000FFF7B6BF024B1A68024B1A60704700BF51
:10281000D82E00208C030020054A064B1968136847
:1028200099421DBF0133012013600020704700BF93
:102830008C030020D82E0020034A044B11681B781B
:102840000B441360704700BFD82E002040000020CA
:102850000148FFF71ABA00BF00040040014B586A54
:1028600080B270470004004008B5FFF7F1FFBDE8F3
:102870000840FFF7C7BF2DE9F041164605468846D8
:10288000002707F0C5F8B6B2BBB29E4201D80424B7
:102890000DE058F827102B688B4202D10435013720
:1028A000F2E72846FFF7A5FB04460028F6D107F01B
:1028B000C1F82046BDE8F081037807B56BB1084B3D
:1028C0001B68B3F5FA6F08D3002302220370694630
:1028D0004068CDE90033FFF7CEFF03B05DF804FB9D
:1028E000D82E002000000000012337B52C4A0380B9
:1028F00004462C4B2C48D3E90051914208BF854235
:102900004FF0000202D1227003B030BD22A1D1E904
:102910000001C3E90001254825496260D0E9003281
:102920005D1C03D0B3F1AA3F00D023B9551C0CD0D5
:10293000B2F1AA3F09D008308842EFD172B67E21A9
:102940001A48FFF74FFB62B6184860600368426898
:10295000591C009304D1551C1BD14FF0AA3311E030
:10296000B3F1AA3F06D1511C0BD0B2F1AA3F10D14E
:10297000002307E06BB9B2F1AA3F0AD14FF480728D
:1029800022801A46CDE9003269460222FFF773FF22
:10299000BAE700232370F4E712345678FEDCBA90CD
:1029A000FEDCBA90200000201234567800F80108AE
:1029B00000FC01084FF080431A6991070AD56FF0B7
:1029C00002021A615A6B6432DA63084A596B128840
:1029D0000A445A634FF080431A69120705D56FF015
:1029E00008021A610122024B1A707047640000202D
:1029F000890300200A490B8803B9FEE772B64FF03D
:102A0000804309885A6A114464325963DA636FF06B
:102A100002021A616FF008021A6162B6704700BFC5
:102A20006400002000B5032289B04FF0FF314FF061
:102A30008040FFF721F920220021684607F0D6FEEA
:102A400064236A4601214FF08040039307F0DCFCC9
:102A5000C8236A464FF480714FF08040039307F01B
:102A6000D3FCA022044B83F81C234FF080521A6041
:102A700009B05DF804FB00BF00E100E04FF08043C7
:102A8000DA6842F00202DA60DA6842F00802DA60DC
:102A90007047000010B50022044601EB8101074B8E
:102AA00001EB810189001980054B1A70FFF7BAFF0D
:102AB0002046BDE81040FFF7E1BF00BF64000020E2
:102AC0008903002070B51D4CC0220021201D07F095
:102AD0008DFE06232380202363800F23184E0422BB
:102AE0003146A380A01D4323FEF774F90123C4E9F6
:102AF00013333F23022504223146A4F8543004F155
:102B000056004323A4F84A50FEF764F94FF001132E
:102B1000C4F89C3000230B4904F1AC00C4E929330C
:102B200084F8A030A4F89A5007F002FE7F2384F8BE
:102B3000C130052384F8C23070BD00BF8002002080
:102B400090AE00089DAA000870B5094E05460C46D7
:102B5000415C304607F003FE034628B1831B013376
:102B6000DBB2282B28BF0023F35C2B5570BD00BFC0
:102B7000A0AE000870B50C461146064607F0D8FD19
:102B800044B10025052130460135FFF7DDFFEBB2EA
:102B90009C42F7D870BD0000F7B5054605F1110657
:102BA000214C0146214A68463601FFF7E3FFB01C7D
:102BB0006946204407F0BCFD0227002304EB051200
:102BC00026447772A2F81A311422042102FB054030
:102BD00001224FF4807580F8501040F20111A0F8E6
:102BE0004A20C264A0F8522080F85520A0F8565020
:102BF000A0F8581040F2032084F83430E284A56233
:102C0000A08584F82E2084F8307084F83330C4F81E
:102C10003A30C4F83E30C4F84230A4F84610A4F864
:102C2000481003B0F0BD00BFC400002052AA000845
:102C3000F7B5054605F111060146B04AB04C6846A5
:102C40003701FFF797FFB81C694627442044FDF77A
:102C5000FBFF7B7AAB4A072B88BF022304EB0610ED
:102C600088BF7B721188437A41FA03F3DF070FD4E0
:102C70000223437261B14807C1F3800308D441FACB
:102C800003F7FF07D8B240F1D78104EB061358725F
:102C900004EB051191F81A012B01052802D9002037
:102CA00081F81A01E718508897F81A1140FA01F1D3
:102CB000C90711D4052187F81A1168B18706C0F336
:102CC000401109D440FA01FC1CF0010FCFB200F012
:102CD000B881E11881F81A71E11891F81B010328F5
:102CE00002D9002081F81B0104EB0616717A012934
:102CF00003D9042901D000219180E618908896F824
:102D00001B1140FA01F111F001010ED186F81B11DF
:102D100058B110F0010108D140FA01F7FF07CEB217
:102D200040F19481234483F81B61142303FB054184
:102D300091F84A00032802D9012081F84A0003FBD8
:102D4000054393F84B10042902D9002183F84B1056
:102D5000142303FB0543B2F84A1093F84B0041FAE1
:102D600000F0C00712D4012083F84B0071B188072E
:102D7000C1F340030AD441FA03F6F707D8B240F191
:102D80006A81142303FB054383F84B00142303FBE0
:102D9000054393F84C10032902D9012183F84C1004
:102DA000142000FB0540B2F84C1090F84C3041FA6A
:102DB00003F313F0010310D180F84C3069B111F026
:102DC00001030AD141FA03F6F607D8B240F148816F
:102DD000142303FB054383F84C00142303FB054332
:102DE00093F84E10012902D9002183F84E101420C7
:102DF00000FB0540B2F84E1090F84E3041FA03F354
:102E000013F0010310D180F84E3069B111F00103C5
:102E10000AD141FA03F6F707D8B240F1268114230C
:102E200003FB054383F84E00142303FB054393F88B
:102E30004F10022902D9002183F84F10142000FB03
:102E40000540B2F8503090F84F1043FA01F111F0FC
:102E5000010110D180F84F106BB113F001010AD1BC
:102E600043FA01F6F607C8B240F10481142101FBD0
:102E7000054181F84F00142101FB054090F84D6099
:102E8000022E02D9002680F84D6001FB054191F821
:102E90005000052802D9042081F85000142101FBBC
:102EA000054090F85260012E02D9012680F8526048
:102EB00001FB054191F85500012802D9012081F854
:102EC0005500142101FB054191F85300022802D955
:102ED000002081F85300142606FB0546B2F8520084
:102EE00096F8531040FA01F111F0010117D186F85C
:102EF0005310A0B110F0010111D105E052AA000851
:102F0000C40000208002002040FA01F7FF07CEB283
:102F100040F1B580142101FB054181F85360142173
:102F200001FB054090F856600C2E02D9002680F86F
:102F3000566001FB054191F84C00012809D191F838
:102F40004F60022E05D1DF0740F19E80002381F8FB
:102F50004F301423012140F2011003FB054383F895
:102F60005710A3F8580094F82630032B01D984F8A1
:102F7000261094F82730042B02D9002384F8273038
:102F8000B2F89A0094F8273040FA03F313F0010FD7
:102F90008A4B0ED1012184F8271050B18607C0F367
:102FA000400106D440FA01F7FF07CEB271D583F88D
:102FB000276094F82810022902D9002184F82810EB
:102FC00094F82910022902D9012184F82910B2F8B5
:102FD0009C1094F8292041FA02F212F001020CD15F
:102FE00084F8292049B111F0010206D141FA02F614
:102FF000F607D0B251D583F8290094F82A200C2A7C
:1030000002D9002284F82A2093F832200C2A02D90F
:10301000002283F8322093F82B20042A02D90022C0
:1030200083F82B2000221046654911F9014F14F155
:10303000780F36DA087036E00133102B7FF41FAEBC
:1030400026E6013110297FF43DAE45E60131102915
:103050007FF462AE69E60133102B7FF48CAE95E607
:103060000133102B7FF4AEAEB7E60133102B7FF4A3
:10307000D0AED9E6013110297FF4F2AEFBE6013182
:1030800010297FF441AF4AE713F0020318BF03464B
:103090005DE70131102985D18BE70132102AA5D1D6
:1030A000ABE7782CC6DC0132D2B20C2ABDD10022AB
:1030B0000120444911F8014F0132022CD2B288BFDD
:1030C0000870042AF6D193F83420012A02D900228C
:1030D00083F834203C4AB2F89E1093F8342041FA29
:1030E00002F212F001020CD183F8342049B111F040
:1030F000010206D141FA02F4E407D0B211D583F8F7
:10310000340093F82C20052A02D9032283F82C20BE
:1031100093F82D20032A08D80AD1002283F83420FE
:1031200006E00132102AE5D1EBE7022283F82D20D8
:1031300093F82E20022A02D9012283F82E2093F838
:103140003020022A02D9022283F8302093F833205B
:103150000C2A02D9002283F8332093F83520042A60
:1031600002D9002283F83520142202FB053191F8A0
:103170005A00012802D9002081F85A00FF2102FBE1
:1031800005324FF6FF7082F8511082F8541083F820
:103190002F1083F831104FF0FF3103EB0515C5F800
:1031A0001C11A5F820011962998482F85B00A2F82D
:1031B0005C10D986198703B0F0BD00BFC4000020A1
:1031C000FD0000200901002080020020034670B5A8
:1031D0000846052B04D8DFE803F01D0421191D2142
:1031E000FEE720261F250F22164C22770122A3700E
:1031F000013BA4F84860A4F84A50A276A273042BBD
:1032000011D8DFE803F00F111919110009266F25F5
:103210000722E9E7142632250A22E5E73526132599
:103220001922E1E7FEE7FEE7002323712374FDF78F
:10323000E3FF6073607670BD002323712374A3766F
:10324000A373F4E7680000200122044B83F85120A7
:10325000A3F85220A3F85420704700BF6800002054
:103260002DE9F043774D00F1110805EB08170237FF
:103270008BB006463846FDF703FD042100906846F2
:10328000FEF746F84FEA061905EB06166E4C96F85F
:103290001B31E0832BB103EB031303EB032318442F
:1032A000E08305EB08135B7A062B40F0A980E38BE3
:1032B00003F5B5432533E38395F8270005EB08189C
:1032C000FFF7C2FF98F80910A9448B1F012B8CBF90
:1032D0000023012399F81A01617084F85630FFF732
:1032E00075FFE18B009B99F81B21E1806182A3604F
:1032F00063612AB14FF0113000FB0233A3606361B8
:1033000095F82600514B616213F9203084F829208A
:1033100023732376002384F82A30637B23B938464D
:10332000FDF7CEFC84F82A006078FDF765FF484A77
:103330000346128884F8280002F00101970748BF6D
:1033400041F00201A185560748BFA18D01AE44BFDF
:1033500041F00401A185100742BFA18D41F0100189
:10336000A185D10642BFA18D41F02001A185920621
:1033700042BFA28D42F00802A285364A02F1200C1B
:10338000374610685168083203C762453E46F7D198
:1033900006211068304E38600AA801FB0303A278AA
:1033A000134413F8247C84F8207016E90F0086E893
:1033B0000F0040F2E2433846A4F84C30FCF774FFAB
:1033C0004FF07F51FCF7C4FFFDF7AEF94FF47A736D
:1033D000B4F848207F08B3FBF2F3052F38BF052768
:1033E000A4F8403095F82C30C0B2A4F84E0084F810
:1033F0005070052B1AD8DFE803F00B2216191C1F9A
:10340000072B7FF459AFE38BA3F5B543263B52E777
:103410004FF416536364002384F85730A4F85830EF
:103420000BB0BDE8F0834FF41643F3E74FF461436C
:10343000F0E74FF4E133EDE74FF46133EAE74FF49F
:103440009643E7E7C40000206800002090AE000823
:103450008002002014A80008980000204FF4DE72BB
:10346000FF21014807F0C2B9C40000204FF4DE710B
:103470000148FEF74BBE00BFC40000204FF4DE71D0
:103480000148FEF72FBE00BFC400002008B5FFF7BB
:10349000F5FF034B1878BDE80840FFF7C9BB00BF34
:1034A0006800002038B5FFF7D9FFFEF743FE042877
:1034B0000CD0FFF7D3FFFEF73DFE042803D1FFF742
:1034C000DDFF042806D0FFF7C9FF03E0FFF7D6FFB2
:1034D0000428EED110222649264807F05BF9254C36
:1034E00038B110222046244907F054F908B1FFF7FB
:1034F000B5FFA38AB3F5215F28D008D30025E8B231
:103500000135FFF749FB0A2DF9D10023E3774FF48A
:1035100021530125A38242F6A103226914499A424C
:1035200014484FF010021CBF0125236107F032F947
:1035300070B110220E490F48FDF771FC08220F49A7
:103540000F48FDF76CFCFFF791FF03E00025E2E771
:10355000002DF8D10023E3770A4C2370FFF7B2FA6D
:103560002078FFF765FB2078BDE83840FFF778BE8C
:1035700059AA0008C40000206AAA00087BAA000813
:10358000760200206800002010B5C01A9DF908409E
:10359000023880F30400A042A8BF2046023308701E
:1035A0001844107010BD07B5084611461A460F237F
:1035B00000930023FFF7E8FF03B05DF804FB37B585
:1035C0000C4605468B784A78097805F0A4FFE37924
:1035D00028460193A3792279E1780093637905F075
:1035E000CAFF61782078FEF785F8A86103B030BD86
:1035F000C36837B50446A3B1024652F8153B5D696E
:1036000000F11603A84732233F220B21204605F084
:10361000D8FE09237022009380212046637D06F0A6
:1036200008F803B030BD00004B7A73B5043B012BA2
:103630008CBF002301230446DB00C160037505F045
:10364000F1FE237D0DF1070263F07F038DF8073053
:1036500001232046194605F069FE204605F0E8FEE4
:10366000E3681D4E1B78227D06EB03135D78204630
:10367000294605F0FAFE2946204605F00BFF0322F5
:103680002021204605F0EBFE04230C2226212046B3
:1036900005F097FEE368204693F90810FFF7A8FFAE
:1036A000E3681D7805B1FEE7314620462661FFF745
:1036B00086FF2A462946204605F020FF20462B4655
:1036C000C022C82105F083FFFF21204602B0BDE8DB
:1036D000704005F099BF00BFE8C4000810B504466B
:1036E00005F0A6FE2046BDE81040FF2105F08CBF86
:1036F00038B504460368C1685D6991F9081000F1A6
:10370000160300F11502A847E3681B7803B1FEE732
:10371000034B902160202361FDF7ECFFA06138BDD1
:10372000E8C40008C36810B504463BB103690BB98F
:10373000FFF7DEFF2369B3F90C0010BD1846FCE764
:10374000C36810B5044633B103690BB9FFF7D0FF66
:1037500094F9160010BD1846FCE708B5C36843B9D4
:10376000FFF762FF7D20FEF7C9FBBDE80840FEF7CA
:1037700039BB08BD90F8D43053B190F8D520074B31
:1037800003EBC201497953F8323053F821007047F6
:10379000037C00EB8300406B704700BF60AE000805
:1037A00013B5184B0288DB8B04469A4226D18378E6
:1037B000DB0625D48379812B22D84FF6FF730D22A7
:1037C00001460DF10600ADF80630FDF789FDB4F8AD
:1037D0000D20BDF806309A420ED14C2204F10D01A5
:1037E000FDF77EFDB4F85900BDF80630C01A18BFC9
:1037F0000120800002B010BD0320FBE70120F9E7A3
:103800000220F7E7680000200A7ACB7902F007026D
:1038100043EA022303804B7A0A7A03F03F035B01F9
:1038200043EAD20343808B7A4A7A9B0043EA92139D
:10383000CA7A02F0010243EA822383800B7BCA7AB0
:1038400003F00F03DB0143EA5203C3800B7BC3F396
:103850000112012A11D813F0300F14BF01230023E5
:103860009B0203830B7B7F2B0AD813F0C00F14BF7E
:10387000012300239B024383704740F2FF73F0E76C
:1038800040F2FF73F7E70A7ACB7902F0070243EAC6
:10389000022303804B7A0A7A03F03F035B0143EA79
:1038A000D20343808B7A4A7A9B0043EA9213CA7A06
:1038B00002F0010243EA822383800B7BCA7A03F081
:1038C0000F03DB0143EA5203C3800A7CCB7B02F087
:1038D000070243EA022303814B7C0A7C03F03F0387
:1038E0005B0143EAD20343818B7C4A7C9B0043EA21
:1038F0009213CA7C02F0010243EA822383810B7D8A
:10390000CA7C03F00F03DB0143EA5203C3814B7D02
:10391000DB0003828B7DDB004382CB7DDB00838277
:103920000B7EDB00C3820B7BC3F30112012A2BD871
:1039300013F0300F14BF012300239B0203830B7B82
:103940007F2B24D813F0C00F14BF012300239B0248
:1039500043830B7DC3F30112012A1BD813F0300FF0
:1039600014BF012300239B0283830B7D7F2B14D87C
:1039700013F0C00F14BF012300239B02C3834FF435
:10398000806303844384704740F2FF73D6E740F2BC
:10399000FF73DDE740F2FF73E6E740F2FF73EDE708
:1039A00037B52E4B0446DB8B0D4603804A7883786F
:1039B00062F3C30383704A79C37862F38203C370EE
:1039C0008A79837962F30003837191F90200FDF72C
:1039D00023F8E37800F01F0203F0070343EAC20371
:1039E000E3702379C0F3411023F0030303432371F1
:1039F000EA78DBB202F03F0203F0030343EA8203FA
:103A00002371EA786379C2F3801223F00103134330
:103A100063712A79214662F3470363716A7AA37856
:103A200002F0030203F03F0343EA8213A3706A7AB1
:103A3000E378C2F3800223F001031343E3704FF6EF
:103A4000FF7359220DF10600ADF80630FDF748FC72
:103A5000BDF80630A4F8593003B030BD680000202E
:103A60002DE9F3410446154688469DF820705B22F7
:103A7000522F4FF0000128BF52271E4606F0B6FE17
:103A80003C4B4FEA0818DB8B08F0300823802A787B
:103A9000A37862F30203A3706978DBB2C90001F076
:103AA000080123F0380341EA08011943A1706A793B
:103AB000E37862F38203E370AA79A37962F30003E7
:103AC000A37195F90200FCF7A7FFE37800F01F024D
:103AD00003F0070343EAC203E3702379C0F3411004
:103AE00023F0030303432371EA78DBB202F03F02C1
:103AF00003F0030343EA82032371EB786279C3F393
:103B0000801322F001021A4362712B7963F347029A
:103B100062716A7AA37802F0030203F03F0343EA7A
:103B20008213A3706A7AE378C2F3800223F0010360
:103B30001343E3702346A27967F3470203F8062F85
:103B40003744BE4210D14FF6FF73592221460DF182
:103B50000600ADF80630FDF7C3FBBDF80630A4F84B
:103B6000593002B0BDE8F08116F8012B03F8012F9F
:103B7000E7E700BF6800002007B5009313460A4638
:103B80000121FFF76DFF03B05DF804FB30B53A4B40
:103B9000027893F8261000F1160461F30302027014
:103BA00093F8271061F30712027093F828104278F7
:103BB00061F30302427093F8291061F30712427017
:103BC00093F82A10827861F30302827093F832101E
:103BD000827961F30302827193F82B10827861F38A
:103BE0000712827093F83410C27961F30302C27134
:103BF00093F82C10C27861F30302C27093F82D1071
:103C000061F30712C27093F82E10027961F3030278
:103C10000271427993F8301061F30302427193F814
:103C20003310827961F30712827193F83510C279EB
:103C300061F30712C27103F1390100F10A0211F9AF
:103C4000015F02F8015FA242F9D193F84610C27DEC
:103C500061F30102C27593F8471061F38302C275E4
:103C600093F8481061F30512C27593F8493063F375
:103C70008712C27530BD00BFC40000200278344BEB
:103C8000C2F3030230B583F82620027803F139012C
:103C9000C2F3031283F82720427800F11604C2F31E
:103CA000030283F828204278C2F3031283F8292004
:103CB0008278C2F3030283F82A208279C2F30302D6
:103CC00083F832208278C2F3031283F82B20C27962
:103CD000C2F3030283F83420C278C2F3030283F8EC
:103CE0002C20C278C2F3031283F82D200279C2F38C
:103CF000030283F82E204279C2F3030283F83020B6
:103D00008279C2F3031283F83320C279C2F303121B
:103D100083F8352000F10A0212F9015FA24201F88E
:103D2000015FF9D1C27DC2F3010283F84620C27D52
:103D3000C2F3810283F84720C27DC2F3011283F8E7
:103D40004820C27DC2F3811283F8492030BD00BFF4
:103D5000C400002070B5522698B0324604460D4685
:103D600003A8002106F042FD212342F6A1008DF8B0
:103D70000C30FDF743F8ADF80E004FF42150FDF77D
:103D80003DF814221B49ADF810000DF11200FDF7AB
:103D900046F81948FFF7D4FC184B8DF8260093F825
:103DA00051300AA88DF82730FFF7F0FE0123144A9E
:103DB000ADF84630134B0221CDE912236FF080237A
:103DC000149347F6FF73ADF854300F4B2046B3F809
:103DD0009A208DF85620B3F89C20B3F89E308DF8C9
:103DE00057208DF858302A46009603ABFFF738FE6F
:103DF00018B070BD81AA0008602000206800002073
:103E00000A0019003200FF7F8002002038B5044606
:103E10000F4D00F11B01062205F58970FDF760F8D2
:103E200094F8213004F12500C3F3030385F8193118
:103E300094F82130C3F3031385F81A3194F8223033
:103E4000C3F3030385F81B31BDE83840FFF716BF05
:103E5000C40000200B4A0C491268002382600A68E3
:103E6000838002614A68094942610A6883718261FC
:103E70004A688381C2614EF6602203840260038532
:103E8000704700BFD82E00208CAA000895AA000811
:103E900010B5094CE26802B9FEE7084B1B791370B4
:103EA00003B1FEE7064920462161FFF788FB204663
:103EB000FFF714FC10BD00BF602000206800002048
:103EC000E8C4000838B5174D0446A8786978052875
:103ED0001BD14FF6FF732385FFF778F901226B782A
:103EE0009A40238D23EA020323850F490F48FFF7E9
:103EF00034FC0E48FFF7F2FB0C480021FFF778FB7B
:103F00002046BDE83840FFF7C3BF002302202385C9
:103F1000FFF75CF901236A789340228D13439BB22B
:103F2000E2E700BF680000206C0000206020002055
:103F300008B590F8203002468BB9FDF769FF10B93B
:103F400082F8210008BD92F8213001335BB2312B99
:103F500082F82130F6DD012382F82030F2E7FDF708
:103F600057FF18B1322382F82130EBE792F8213065
:103F7000013B5BB2002B82F82130D8BF82F82000D1
:103F8000E0E700000A4B90F820201B6872B18268BD
:103F90009B1AB3F57A6F01D901234371037923B9D1
:103FA000437913B101230371037370478360F5E70D
:103FB000D82E00200346007B821E012A4FF000020B
:103FC00002D893F8201009B91A7370471046704749
:103FD0000A4A38B51388044601339BB2502B0D466C
:103FE00001D8138038BD002305491380FDF73EFD3D
:103FF00029462046FDF73AFDF4E700BF9003002074
:104000009EAA00082DE9F74F164605460F4673494C
:10401000FDF72CFD31462846FDF728FD0022704BA8
:10402000012F704C1A8010D1082202276E4B5A6162
:1040300046F2A8102761FDF761FF6761FDF75EFF9B
:1040400031462846FFF7C4FFF2E7BB1E02220C2BC5
:1040500000F2B680DFE803F03747581F07B4B4B466
:104060006868686868004FF008085F4F4FF0020901
:1040700046F2A810C4F81090C7F81480FDF73EFF70
:10408000C4F81490C7F81080FDF738FF3146284671
:10409000FFF79EFFEAE74FF00808534F4FF0020981
:1040A00046F2A810C4F81090C7F81080FDF726FF5C
:1040B000C4F81490C7F81480FDF720FF3146284655
:1040C000FFF786FFEAE708276261474C46F2A8102F
:1040D0002761FDF713FF6761FDF710FF31462846A2
:1040E000FFF776FFF2E7082202273F4B1A6146F2FC
:1040F000A8102761FDF702FF6761FDF7FFFE31465B
:104100002846FFF765FFF2E708272261364C46F2A2
:10411000A8102761FDF7F2FE6761FDF7EFFE31465B
:104120002846FFF755FFF2E7A7F109085FFA88F381
:104130004FF0080A4FF00008DFF8AC90009304221B
:104140004FF0020B009B984538BFC9F810A00192B0
:1041500046F2A810C4F810B0FDF7D0FEC4F814B0B1
:10416000FDF7CCFE31462846FFF732FF019A013AAF
:1041700012F0FF02EBD104224FF0020BC9F814A099
:10418000019246F2A810C4F810B0FDF7B7FEC4F8CB
:1041900014B0FDF7B3FE31462846FFF719FF019A28
:1041A000013A12F0FF02EBD108F10103A7F1080276
:1041B0005FFA83F8D2B2424538BF4FF00008BEE73D
:1041C00022610822084B1A614CF25030FDF796FE2E
:1041D00031462846FFF7FCFEF6E700BF9EAA00081E
:1041E0009003002000100140000C014008B5437806
:1041F00002789A4213D0032B8ABF03230370037003
:10420000027888BF4370064B064813F92210064B0C
:1042100019731976C36813B11972FFF7E9F908BD6C
:1042200090AE0008602000206800002010B50AB998
:10423000437010BD541E0B2CFBD80332D2B231F99F
:10424000122040F27161C83A03FB022292FBF1F2A4
:1042500012B222EAE2729A42C8BF1AB24270E8E78A
:104260000A46014610B9024805F0CCB8704700BFB5
:104270006020002010B513460C46014678B922464E
:10428000094805F0AFF8FF21074805F0BDF90648D9
:1042900005F0E2F9BDE810407D20FDF72FBE024891
:1042A000FFF71CFA10BD00BF602000202DE9F0418F
:1042B0005B270546184C0E463A460021204606F07C
:1042C00095FAAB6904F10E002360EB691349636052
:1042D000134B1B789A1E53425341627A63F30002D8
:1042E00062726FF05E02A27228220023E272142230
:1042F00023736373FCF793FD59212046FDF708F8FB
:10430000084BA4F859003A4621463046BDE8F04132
:104310001B7FFFF7AFBF00BFDB1C002081AA000896
:10432000830300206800002013B50C4638B91148FB
:10433000C36833B9812281F8A23081F8A02002B08D
:1043400010BD037D01F1A2020DF1060105F090F907
:10435000BDF90630002B08DB4FF6FF73ADF80630D1
:10436000BDF8063084F8A030E9E77F33F8DA4FF67D
:104370008173F3E7602000200A4608B50146014832
:10438000FFF740FE2C000020164600B591B0044611
:1043900068461D4606F0CCF91849684606F0D0F983
:1043A000304604F077FF0146684606F0C9F9144923
:1043B000684606F0C5F9134B684653F8251006F019
:1043C000BFF91149684606F0BBF9104D9DF8483019
:1043D000684655F8231006F0B3F90D49684606F013
:1043E000AFF99DF84C30684655F8231006F0A8F94F
:1043F0006A4621460748FFF705FE00BFA0AA00084D
:10440000A7AA000800000020ACAA000810000020A5
:10441000B3AA00082C0000200246002108B501487C
:10442000FFF7F0FD2C0000200023FF2203704370F3
:104430008370C27003717047C178034629B98278CE
:1044400001710132827001207047007801281ED06E
:10445000022805D0C8B99A78187101329A70F2E72B
:1044600098785A784240D20704D4002201309870DC
:104470001A71E8E7FF2902D10020187170471A79F4
:104480000132D2B291421A71EFD300207047FF2956
:10449000F2D01A790132D2B291421A71F5D29A78D9
:1044A00001329A7000221A71704700000E480368AA
:1044B0001A0617D5C3681B0614D50C4B0C4A19886D
:1044C000138889B29BB299420AD013880133DBB2B8
:1044D00013801388074A9BB2D35CDBB243607047FA
:1044E000FCF7C4BE704700BF00440040AE2200206D
:1044F000AC220020AB2100200E490F4A0B88128805
:104500000133DBB292B29A4212D00C4AD0544FF02F
:1045100040220B8002F20C4353E8003F43F080033B
:1045200002F20C4040E800310029F3D1012070472D
:1045300000207047AE220020AC220020AB210020DA
:1045400038B504464518AC4200D138BD14F8010B0B
:10455000FFF7D2FFF7E708461146FFF7F1BF00006B
:10456000002300B589B0CDE90633CB1A18BF01236B
:104570001B03CDE902320C2301900491034801A9E9
:10458000059306F03BF809B05DF804FB00440040D9
:1045900010B5064CE36823F40053E360FFF7E0FF37
:1045A000E36843F40053E36010BD00BF00440040E3
:1045B00008B531B14FF400524FF480610248FFF763
:1045C000E7FF012008BD00BFA086010013B52D4CF8
:1045D00040F20441E36823F40053E360FDF754FA2A
:1045E0004FF40030FCF726FE0823012200F1804042
:1045F000CDE90032A0F5784003230A22FDF78AFABC
:10460000002221481146FFF7ABFFC022236923F4A3
:1046100090432361636923F02A0363611B4B83F892
:10462000262340225A602046FCF720FE4FF040210E
:1046300001F20C4353E8003F23F0400301F20C4029
:1046400040E80032002AF3D16FF040032360104BA2
:104650001A80104B1A80236923F400632361636975
:1046600023F008036361236923F4804323616369B2
:1046700023F022036361E36843F40053E36002B074
:1046800010BD00BF00440040A086010000E100E032
:10469000AC220020AE22002030B51C4C85B00E228A
:1046A00000210546684606F0A1F8B4F8A03020467F
:1046B000ADF80030FCF75CF98DF802002046FCF7FD
:1046C0004EF9B4F8A4308DF803001148ADF8043069
:1046D000FFF736F894F8A6308DF806008DF807300D
:1046E00094F8A93069468DF80830B4F8AA30284605
:1046F000ADF80A30074B9B788DF80C3001238DF80C
:104700000D3004F02EF905B030BD00BF981D00201B
:1047100060200020680000200148FEF76BB900BF50
:10472000911D0020F8B50E460746144D5B2329461F
:10473000304614462A46FFF793FDD7E9041328684C
:104740006A689A4208BF884209D0002430460C4962
:10475000FFF7EAFD002C0CBF01200320F8BD592112
:104760002846FCF7D5FDB5F859308342EDD114B198
:10477000FFF7D2FFEAE70124E8E700BF9920002015
:10478000981D002013B5012104460844FCF7C0FD24
:10479000A178ADF806000DF10600FCF795FDE17873
:1047A000FCF792FD2179FCF78FFD6179FCF78CFD18
:1047B000A179FCF789FD04F108010322FCF790FDC3
:1047C000627804F10C01FCF78BFD94F82311FCF7DF
:1047D0007BFDBDF80630A4F80C3102B010BD00001E
:1047E000003818BF0120014B1870704748030020A3
:1047F00070B586464ABB042B5AD89EB223B31546E1
:104800004F4A92F82830506A0333DBB2C00082F876
:104810002830506212E0083BDBB282F82830B1F851
:1048200000C0BCF5817F0CF101043FD2506A0C80BE
:1048300020FA03F30EF80C3092F82830072BEAD850
:104840000135A8B28642DED870BDFF2AFCD1032B09
:1048500052D89EB2002BF7D04FF0000C384A92F895
:104860002830506A04330001DBB240F0020082F8C5
:104870002830506211E0083BDBB282F8283008880B
:10488000B0F5817F00F1010511D2546A0D8024FA40
:1048900003F30EF8003092F82830072BEBD80CF118
:1048A000010C1FFA8CF08642DBD870BDFEE7FEE7F4
:1048B000234A03F5C063506A43EA403092F8283037
:1048C00050620D33DBB282F8283011E0083BDBB2D6
:1048D00082F828300888B0F5817F00F101050AD2FE
:1048E000546A0D8024FA03F30EF8003092F8283051
:1048F000072BEBD870BDFEE7114A03F5E063506A61
:1049000043EA403392F82800536200F10D03DBB212
:1049100082F828300FE0083BDBB282F828300888A4
:10492000B0F5817F0AD2546ADC40431C0B800EF83C
:10493000004092F82830072BEDD870BDFEE700BF8D
:104940009C0500202DE9F04F0027FF268025694CAB
:104950000F809946067083B0A577676284F8287047
:10496000002B00F0B88003F1FF3A1FFA8AFA834661
:104970009244561E02F1FF0838463A460B88FF2B38
:1049800016F8015F0DD898B195420BD10137BFB22F
:10499000994540F28B80B24500F08C80B045EED155
:1049A000FEE7FEE75846FBB20192FFF721FF019AAE
:1049B0006B1EDBB2FD2B2BD83F2B53D905F14103E6
:1049C000DBB23F2B29D894F82800636A0135EDB299
:1049D0000830C0B245EA032384F82800636212E07D
:1049E0000838C0B284F828000B88B3F5817F03F142
:1049F000010C36D2656AA1F800C025FA00F00BF868
:104A0000030094F828000728EAD800200B88BFE7A5
:104A100001272A4638460B88BAE794F82800636ACB
:104A20003F35EDB20930C0B245EA432384F828008F
:104A3000636212E00838C0B284F828000B88B3F52E
:104A4000817F03F1010C0BD2656AA1F800C025FA41
:104A500000F00BF8030094F828000728EAD8D4E700
:104A6000FEE7FEE794F82800636A7F35EDB2083070
:104A7000C0B245EA032384F82800636212E00838D4
:104A8000C0B284F828000B88B3F5817F03F1010CD4
:104A90000BD2656AA1F800C025FA00F00BF80300FC
:104AA00094F828000728EAD8AFE7FEE7002003B013
:104AB000BDE8F08FB8B994F828206AB1606A012483
:104AC000C2F10802904004FA02F2013A02431819B6
:104AD00008800BF803200B88994594BF0020012023
:104AE00003B0BDE8F08FFBB25846FFF781FE0B889C
:104AF000E1E700BF9C05002047F26F7300222DE91B
:104B0000F04F827003800B780D46A3F1FE03B3FAD9
:104B100083F35B0983708A78044612F001011CBF9D
:104B200043F080038370D5F8202185B022F07F42C6
:104B300022F0FF0212B143F008038370AA68C2F3A7
:104B40001702FF2A18D9B2F5803F12D3022063F072
:104B50007F03A3700143E17009260B220A21082379
:104B60004FF0070C4FF0060E4FF005084FF0040908
:104B700012E043F00203A370180600F1F680082645
:104B80000A220921002007234FF0060C4FF0050EE2
:104B90004FF004084FF0030995F801A0374604F8D8
:104BA00009A095F804A09B4604F808A095F8058094
:104BB000019104F80E8095F806E0A14404F80CE099
:104BC00094F802C01CF0080F0AD095F821C18B465A
:104BD00004F803C00B4695F822111646E155174616
:104BE000AA68E254A378990708D5AB680BF10202D2
:104BF000C3F30F23E35597B2B3463E4628B1AB7AD1
:104C0000B346E355771CBFB23E46A378DA0606D515
:104C100095F82331B346E355771CBFB23E46544B5B
:104C200001361B781FFA86F8A04405F10C0A43B13F
:104C3000524640466B780DF10E01FFF783FE0028C7
:104C400070D16A78514693B24046019305F094FDC5
:104C50002278484BD243D2B2617894F807809A5CAC
:104C600094F802A04A4041469A5C94F803908AEA7C
:104C7000020A13F80A2094F804E089EA020913F8FA
:104C8000092094F805C08EEA020E13F80E20A079D0
:104C90008CEA020C13F80C20BBF1070F80EA02002B
:104CA0001A5C81EA02015A5C25D0217ABBF1080F17
:104CB00082EA01029A5C1ED0617ABBF1090F82EA96
:104CC00001029A5C17D0A17ABBF10A0F82EA0102B5
:104CD0009A5C10D0E17ABBF10B0F82EA01029A5C78
:104CE00009D0217BBBF10C0F82EA01029A5C1EBF46
:104CF000617B4A409A5C019BE2551E44B6B2B6F510
:104D0000947F0ED2B5F80C31B01CA355B5F80C2128
:104D100080B2731C120A9BB2B0F5947FE2540BD39D
:104D2000FEE7FEE7A37843F04003A370BDF80E3022
:104D3000019389F800308BE7AB78DB0702D405B02C
:104D4000BDE8F08FD5F81821D5F81071D5F81411F9
:104D5000231827500F3659609A6095F81C21B0B27D
:104D6000B0F5947F1A73EAD3FEE70020F3E600BFA4
:104D700048030020CCAE00082DE9F84F80461546C8
:104D80000F46B048414605F0F7FC00228023AE4CA8
:104D9000B5F5817F3A8084F82230228462624FD256
:104DA0004FF0FF099246A74E84F82820012A76D8B2
:104DB000B4F820C0654540F2B180616A16F80C3045
:104DC00002F108000CF1010CC0B243EA0123A4F87F
:104DD00020C0A0F1020C23FA0CF1063201F003010D
:104DE0005FFA82FE0229636284F828E000F0BD8049
:104DF000032944D0012924D1BEF1060F0DD8228CFD
:104E0000954240F28B80B15C00F1060E41EA03232B
:104E100001325FFA8EFE22846362AEF1070E23FA3E
:104E20000EF303F07F037D2B84F828E076D83A88D0
:104E3000FF2A23D84133511C398008F8023019E089
:104E4000FEE7BEF1000F6BD1228C954266D9072197
:104E500084F82810B15C013241EA032322841A0647
:104E6000636200F1C8803B88FF2B06D85A1C3A8049
:104E700008F803A094F8282098E7FEE7FEE7AEF1D3
:104E8000060E5FFA8EF284F828203A8823FA0EF391
:104E9000FF2A03F03F0301D8413BCCE7FEE7636AFA
:104EA000A2F1020C23FA0CF101F003015FFA8CFE6F
:104EB000022984F828E003D003291CD0104699E782
:104EC000BEF1050F51D8218C8D4227D9705C02F1BB
:104ED000060E40EA032301315FFA8EFE63622184ED
:104EE000AEF1060E23FA0EF384F8282003F03F03F8
:104EF0003A8801339FE7BEF1050FC0D8218C8D425F
:104F00000CD9705C02F1060E40EA032301315FFA0E
:104F10008EFE21846362AEF1060EB4E7BDE8F88F21
:104F20000CF1FF3123FA01F10EF1FF32D2B2C907C1
:104F300084F8282097D5F2B9218C8D42EED907222A
:104F4000705C013140EA03232184636284F82820E5
:104F500013F0800F40F08C803B88FF2B00F287809D
:104F60005A1C3A8008F8039084E7AEF1060E636A93
:104F70005FFA8EF2B6E7013A23FA02F1AEF10202CD
:104F8000D2B2C80784F82820E6D5002A5ED1228C48
:104F90009542C3D90721B05C013240EA03231806C9
:104FA0002284636258BF082284F828102AD4B4F8F7
:104FB00020C06545B2D90732D0B216F80C2042EABB
:104FC00003220CF10103238413466262083884F83B
:104FD0002810C34038885FFA83FB00EB0B03FF2BDC
:104FE0000FDC5A460021404405F000FC3B880BEBE7
:104FF00003023A803EE7062213F0400F84F828208F
:10500000A8E7FEE708460822218C8D4286D916F8CB
:1050100001C007324CEA03230131D2B2218463621A
:1050200084F82800083A23FA02F238885FFA82FBF3
:1050300000EB0B03FF2B03DC5A46FF214044D3E770
:10504000FEE700BF700400209C050020511EAEF159
:10505000030023FA01F1C0B2C90784F8280011D473
:1050600007280DD9AEF10B01636AC9B2AEE7FEE7BE
:10507000511EC8B223FA01F1C90784F8280001D4EF
:10508000014694E70728BFD9A0F108010246C8B23B
:10509000C6E700BF2DE9F04F0D4651881446B1F523
:1050A0008F7F06468BB00BD90022227000226F2B17
:1050B000628000F02381002333700BB0BDE8F08FD5
:1050C00012780E2A24D80E2A00F2D58001A050F8BA
:1050D00022F000BFAD50000883520008775200084C
:1050E0007752000883520008835200088352000858
:1050F000835200088352000883520008D9520008E6
:10510000775200087752000877520008B75200081B
:10511000692A40F2AE806A2A40F0AD80A64FF98A33
:105120004A1E92B2002900F01F81033207EB020CE5
:10513000FF22DFF888E2B91C11F8010B42406145FB
:105140001EF80220F8D1934200F0FC804FF00008D6
:1051500084F80080C4F80280A4F80680B7F816909E
:10516000B9F1020FA7D997F804B0BBF16F0F00F0A7
:105170006083B9F1030F9ED07A796F2A00F07683AD
:10518000B9F1040F97D0BA796F2A00F07583B9F19D
:10519000050F90D0FA796F2A00F06B83B9F1060FF2
:1051A00089D03A7A6F2A00F07383B9F1070F82D061
:1051B0007A7A6F2A00F06983B9F1080F3FF47BAF68
:1051C000BA7A6F2A00F05E83B9F1090F3FF473AF2A
:1051D000FA7A6F2A00F05383B9F10A0F3FF46BAFEC
:1051E0003A7B6F2A00F05A83B9F10B0F3FF463AF9B
:1051F0007A7B6F2A00F05583B9F10C0F3FF45BAF57
:10520000BA7B6F2A00F08D81B9F10D0F3FF453AFD7
:10521000FA7B6F2A00F04883B9F10E0F3FF44BAFD1
:105220003A7C6F2A00F07083B9F10F0F3FF443AF5F
:105230007A7C6F2A00F06583B9F1100F3FF43BAF21
:10524000BA7C6F2A00F05A83B9F1110F3FF433AFE3
:10525000FA7C6F2A00F04F83B9F1120F3FF42BAFA5
:105260003A7D6F2A00F05383B9F1130F3FF423AF57
:10527000FEE7632A05D800232370C4F80230E380D8
:105280001AE74D4FFA8A122A14D8511C3A44F9826F
:1052900093702278092A39D9A2F1640105293FF6D1
:1052A0000AAF653A042A00F27883DFE802F06B81E6
:1052B000635F6700FEE74A1C62806B54E388628884
:1052C0009A4243D300220221B3F5947F6280227078
:1052D0003170738074D3FEE74A1C374E62806B5482
:1052E000A088727F618883189942FFF6E6AE337812
:1052F0005F0600F1B8810E232370DEE62E490A8096
:105300008B7001226423CA822370D4E6002A3FF402
:10531000D2AE013A082A3FF6CEAE01A151F822F0F2
:105320005F540008B7500008B750000851530008F8
:10533000515300088B540008EB540008C754000870
:10534000A95400080A2201232270B5E60123B3E61E
:105350006288B2F5947F06D2511C6180AB542378E9
:1053600001332370A7E6FEE7FF22ECE60722FB7677
:105370002270A0E66822BB7622709CE66A223B7708
:10538000227098E600227A7062883B70B2F5947FB2
:105390000DD203F00103033B511C6180AB5497F91C
:1053A0000030002BB4BF66230123237083E6FEE7A1
:1053B00001227B7022707EE69C050020CCAE0008A6
:1053C0002B78FD2B00F02D81EB7833722B797372E3
:1053D0006B7973606A780832728040F2851000221F
:1053E000FE210446DFF8B0C27281013499424FEACF
:1053F000540400F2E580C0F0F0808B4240F02A8136
:105400002B78FD2B00F023814FF0060B284610F877
:1054100001AF62000BEB0A0909F1FF3189B2019279
:10542000FBF776FFDFF8708204EB440708EB870791
:105430003979ADF8080002A80191FBF745FF05EBAB
:105440000902527815F80930019903EB0223BDF8DF
:1054500008209BB29A4200F0C28005232CE66288A5
:10546000B2F5947F3A830FD2511C6180AB543A78E5
:105470007B7712F0010200F01D8206220833E380E0
:10548000A2800423237016E6FEE76288B2F5947FBB
:1054900009D2511C6180AB543B781F074CBF672376
:1054A0000723237007E6FEE76288B2F5947F09D2EE
:1054B000511C6180AB543B78DD064CBF69236A23E5
:1054C0002370F8E5FEE76288B2F5947F0CD2511C98
:1054D0006180AB547B7813F0020340F0E88162886E
:1054E000B2F5947FE4D3FEE7FEE76288B2F5947FDD
:1054F00015D2511C6180AB543B787A78134313F07A
:10550000020340F0C8816288B2F5947F08D2511C32
:105510006180AB546288B2F5947FC9D3FEE7FEE7A1
:10552000FEE74FF00C08B9F1120F00D9FEE709F1C0
:10553000010B1FFA8BFB07EB090C0DF1080A8CF825
:1055400002305A4650465549A7F816B005F014F9EE
:1055500000233B800123FB826F23BB7064232370F5
:1055600008F101035B45BFF4A6AD09F1FF310AEB79
:1055700008034FF06A0E4FF007094FF0010A0022AE
:105580004FF0690BA1EB08010DF1090089B240440D
:1055900001440191F88A122811D813F8011F00F173
:1055A000010C3844A7F816C081702078092800F251
:1055B0000D81002874D101999942EBD17BE5FEE77A
:1055C000601E1418824204F1010745D227F0010140
:1055D00001EB57015CF8211007E72246F1E7BB79A0
:1055E000DA0706D5FA79924582BF521912F80B20D4
:1055F000B2729B070BD56300234408EB83031B7A2D
:105600006A789A4282BF5B1913F80B30F3724FEA43
:105610004409A14408EB890898F805303173737385
:105620004BE56B793372AB7973726B7A297AEA79CD
:105630001B0403EB0123134473606A7802F10C012D
:105640007180A978C9077FF5C8AE1932C4E64FF05A
:105650000A0BDBE603232FE50F4902EB4200144659
:1056600051F82010C9E602A92844FFF785FB737F93
:10567000BDF808106288CB1A9BB21A446280727F10
:105680001A447277E2881344E380338BB3F5947F36
:1056900001D2E9542FE6FEE7CCAF00089E050020BA
:1056A0000138082887D80FF2080C5CF820F000BFFA
:1056B000F1560008B7550008B7550008D556000840
:1056C000D5560008AB5700086B5700084357000831
:1056D000215700086088B0F5947F08D200F1010CD2
:1056E000A4F802C0295421780131217063E7FEE754
:1056F0006088B0F5947F388311D200F1010CA4F8D2
:1057000002C029543878797710F0010000F01C812C
:105710000831E1800621A180042121704BE7FEE7DA
:105720006088B0F5947F0BD200F1010CA4F802C0A0
:1057300029543978C90600F1048184F800E03AE779
:10574000FEE76088B0F5947F0ED200F1010CA4F85A
:1057500002C02954797811F0020140F0EE8060888F
:10576000B0F5947FE0D3FEE7FEE76088B0F5947F64
:1057700019D200F1010CA4F802C0295439787878C4
:10578000014311F0020140F0D5806088B0F5947FAC
:105790000AD200F1010CA4F802C029546088B0F5C7
:1057A000947FC1D3FEE7FEE7FEE76088B0F5947F03
:1057B0000BD200F1010CA4F802C029543978080773
:1057C00000F1B58084F80090F5E6FEE7A0F1640CE6
:1057D000BCF1050F3FF6EFAE6538042800F2E68015
:1057E000DFE800F00E0A05032500F976EAE7B9764E
:1057F0004FF068012170DEE6797084F800A0DAE6E7
:1058000060883970B0F5947F7A700FD201F0010191
:10581000033900F1010CA4F802C0295497F90010D3
:105820000029ACBF514666212170C4E6FEE73977F6
:1058300083E7B9F1120F3FF679AE07EB090C09F1D6
:1058400001020DF1080A92B28CF8023050465F490D
:10585000FA8204F091FF0123FB826423A7F8008001
:1058600087F802B04FF0020823707EE64FF003087D
:1058700059E64FF0050856E64FF0040853E64FF09E
:10588000090850E64FF008084DE64FF007084AE6D1
:105890004FF0060847E6082323700CE44FF00A088F
:1058A00041E64FF00B083EE64FF00D083BE60923BA
:1058B000237000E40C33E3800A236188A380B1F5F0
:1058C000947F16D27B78481C03F0010360806B54F0
:1058D0006188B1F5947F0DD2481C60806A5413B181
:1058E000E3880D33E380E388B3F5947FFFF4C9AD1B
:1058F000FEE7FEE7FEE74FF0110814E64FF0100850
:1059000011E64FF00F080EE64FF00E080BE6B9F166
:10591000120F3FF60BAEB944BA7089F8023000217D
:10592000012264233980FA822370FFF7C4BB672108
:10593000217040E6082121703DE64FF009012170F9
:1059400039E684F800B036E60C31E1800A21B4F87B
:1059500002C0A180BCF5947F1DD279780CF10108BA
:1059600001F00101A4F8028005F80C10B4F802C09F
:10597000BCF5947F10D20CF10108A4F8028005F860
:105980000C0011B1E1880D31E180E188B1F5947F1F
:10599000FFF4C2AEFEE7FEE7FEE7772B0DD0002353
:1059A0002370C4F80230E380FFF785BB772908D065
:1059B0002270C4F80220E280FDE565232370FFF722
:1059C0007ABB4FF065012170F5E500BF9E05002010
:1059D0002DE9F8431F46184B164693F8302004462D
:1059E0003AB393F82B301FB11BB31F1F18BF012709
:1059F000A1F1020804F5E36901F11E0538F8020F70
:105A0000FBF77FF829F8020FB8F80000FBF786F8DB
:105A1000A845A9F82000F1D1084B86F001061B68C3
:105A200084F85A77C4F85C37012384F8606784F8F7
:105A30001937BDE8F88300BFC4000020D82E00202D
:105A400070B500F27C7400F5B0712046FBF7C5FC20
:105A5000044B0246186801680D6921462B46BDE8D3
:105A600070401847941D0020B0F8E834B0F8EA24DC
:105A70009B1A98B21B0444BF00F5007080B2003836
:105A800018BF012070470346D0F8F826B0F8E81494
:105A90000132C0F8F826D0F800270132C0F80027FC
:105AA000B0F8EA2491421FBF811891F8EE04B3F8D0
:105AB000EC1401321ABF0A40A3F8EA240020704710
:105AC000114B93F82D305A1E012A02D80F48FFF7C8
:105AD000DABF032B10D10E4AB2F81E36B2F81C16EC
:105AE00099420ED0D11891F82206B2F8201601334F
:105AF0000B40A2F81E367047064B186803689B6976
:105B000018470020704700BFC4000020E0050020B7
:105B1000880E0020941D00200023A0F8EA34A0F88D
:105B2000E834024B18680368DB691847941D0020AD
:105B300010B50748FFF7F0FFBDE810400022054B05
:105B4000C3F81C26044B18680368DB69184700BFBC
:105B5000E0050020880E0020941D002038B5B0F824
:105B6000EA24B0F8E83404469B1A9DB21B04084BA3
:105B700048BF05F50075186848BFADB203681B6AD9
:105B800098474319D4F8F006184480B238BD00BFD6
:105B9000941D0020F8B5D0F8F4360446CB1AB3F5BE
:105BA0007A7F0E4690F8187726D2632B01D8002012
:105BB0007DE0012F0AD0022F19D0002FF7D1FFF777
:105BC000CDFFB0F5806FF2D9012305E0FFF7C6FFE6
:105BD000B0F5806F03D9022384F818370CE0204613
:105BE000FFF7BCFFB0F5C07FE1D20023F4E7FFF779
:105BF000B5FFB0F5806FE7D33448C4F8F466FAF720
:105C0000DCFE334D334A2B681168C3F1000C411A96
:105C1000614501DB99424BDD0A2310602B6013685C
:105C20005221B3F5FA7FBCBF4FF4FA7313601268C8
:105C300064254A432849D4F8F836B1F848106B4334
:105C400092FBF1F2B3FBF2F35F2B35D8552B35D82D
:105C50003B2B03D94B2B34BF5B25322594F81837E7
:105C6000022B2DD0012B2DD013B9002F18BF3325B7
:105C70004FF47A733146D4F8002704F20470FBF72E
:105C800028FA94F81837FBB9642D0BD10322D4F805
:105C9000F436A3F29A23C4F8F436D4F8F8365B004D
:105CA000B3FBF2F30120C4F8F83684F8FC56F8BDD3
:105CB000002BB4DD013BB1E70025CFE71E25CDE782
:105CC0000025D5E73225D3E70023EBE7981D002018
:105CD000280000204C0300206800002070B5D0F898
:105CE000F4360446CB1AB3F57A7F0E4690F818279F
:105CF00014D2032A08D8DFE802F002092730FFF7A0
:105D00002DFFB0F5487F26D8002029E0FFF726FFB9
:105D1000B0F5AF6F11D9022384F81837304B94F8DF
:105D20001857B3F84800C4F8F466D4F8F836032DD1
:105D30004ED8DFE805F03716494B2046FFF70EFF37
:105D4000A328E1D80323E7E7632BDDD9FFF706FF9C
:105D5000B0F5AF6FE2D20123DEE7002084F8180728
:105D600070BD21254FF47A733146D4F8002704F230
:105D70000470FBF7AEF994F818377BBB642D0BD198
:105D80000522D4F8F436A3F54873C4F8F436D4F8F1
:105D9000F8369B00B3FBF2F30120C4F8F83684F820
:105DA000FC56DDE764210F4A4B43B2FBF0F2B3FB34
:105DB000F2F35F2BD6D8552B0CD83B2B0CD94B2BA1
:105DC00034BF5B253225CDE70025CBE75D25C9E74C
:105DD0006425C7E71E25C5E70D46C3E70023DBE7BB
:105DE0006800002050400100F8B5244F04463846B2
:105DF000FAF7ACFDFAF726FE064697F9A600FAF781
:105E000021FE05463846FAF7AAFD94F8FC261C4BFD
:105E100084F87221FF2293F8353084F874213333EB
:105E200084F8653144236D2284F86631D4F86831F2
:105E3000C0F10A0062F31703C4F868310023C4F804
:105E40006C3184F881324FF43943A4F8823209234B
:105E500000B280F3070084F8730184F8706104F5E0
:105E6000B07084F8715184F8843204F5AA71FBF79C
:105E700095FD2046BDE8F840FFF7E2BD981D0020E3
:105E8000C40000202DE9F04F0446B0F828670378DD
:105E9000B0F822E7B0F824C7B0F81CA7B0F81E97F6
:105EA000B0F82087B0F82677B0F82A57B0F82C075A
:105EB000A4F87A610026B4F82E2785B00092B4F8D1
:105EC0003027B4F836170192B4F83227B4F834B753
:105ED0000292B4F83827A4F874E10392B4F81A27B0
:105EE000A4F876C1A4F86C2184F87C31A4F86EA1E2
:105EF000A4F87091A4F87281A4F8787184F87D6197
:105F0000A4F87E51009A84F88132A4F88221019A83
:105F10004FF4F843A4F88421029AA4F88A11A4F853
:105F20008621039A4621A4F88C21FF2284F865215A
:105F30004422A4F88232262384F86621D4F868210A
:105F4000A4F8800161F3170204F5B070A4F888B1D9
:105F500084F88E6184F88F6184F8906184F891618F
:105F6000C4F8682184F8843204F5AA71FBF716FDA1
:105F7000204605B0BDE8F04FFFF762BDF0B591B027
:105F800004466D4600F23A7300F25A762A461868C3
:105F90005968083303C2B3421546F7D120220021C5
:105FA0000DEB020004F022FC94F8602794F85A37B5
:105FB0000AB943F00203A4F87031002384F8733166
:105FC000102384F874316B461D4A277892F83520E7
:105FD000D4F85C173332D2B2C4F86C1184F8727101
:105FE00004F275160DF1400C1D4603CD6545306079
:105FF00071602B4606F10806F6D1442384F865212A
:106000004FF4D27284F86631D4F8683104F5B07078
:1060100062F31703C4F868314FF4A053A4F8823236
:10602000492384F8817284F8843204F5AA71FBF75D
:10603000B5FC204611B0BDE8F040FFF701BD00BF40
:10604000C400002070B5044690F8745790F87507A6
:10605000214B84F86F016FF06E0084F870016FF0CF
:106060002A0084F87101122084F87201002093F84C
:10607000353084F87301333384F8653144234D207F
:1060800084F86631D4F8683194F8721760F3170316
:10609000C4F868318F2384F883320A2394F8732775
:1060A000B4F8706784F8741184F8811204F5B07044
:1060B000A4F86C6184F86E5184F8752184F882220A
:1060C00084F8843204F5AA71FBF768FC2046BDE829
:1060D0007040FFF7B5BC00BFC400002010B5224BD4
:1060E000044693F835204FF07E53C0F86C310023FE
:1060F0000178C0F87031C0F87431C0F87831C0F858
:106100007C31C0F88031C0F8843184F88C3144236C
:10611000333284F865214C22082084F86631D4F8A3
:10612000683184F8880162F31703C4F868310220EB
:1061300049F6010384F88901A4F882320120212361
:1061400084F88A1184F88B0184F8811204F5B07008
:1061500084F8843204F5AA71FBF720FC2046BDE8E0
:106160001040FFF76DBC00BFC4000020F0B54E78B2
:106170000D46202E04468BB001F10C013AD8324670
:1061800001A804F0F9FA01AB0021C6F12102981927
:1061900004F02CFB3D4B9DF8222093F8353033332F
:1061A0009A4270D19DF82330442B6CD1BDF8203039
:1061B000F62B02D0B3F5FA7F65D1B4F87027A4F8B6
:1061C00070379A421CBF002284F87527012284F898
:1061D0006D276A79F62B84F87227AA7984F87327D9
:1061E0004FF0020284F8742713D0B3F5FA7F34D04D
:1061F00000232BE00B4601AA05F12C071646186870
:106200005968083303C6BB423246F7D11B78337056
:10621000C0E71F4B186803685B6A98470028E7D0FF
:106220001C490398FAF728FA98B11B490498FAF721
:1062300023FA70B119490798FAF71EFA48B10023FA
:1062400084F874379DF82430012B10D184F8753709
:1062500019E0002384F87437CAE700230F49079830
:1062600084F87437FAF708FA0028C1D0EAE7022B5D
:10627000BED194F87527002ABAD084F87537084B38
:106280001B68C4F878370BB0F0BD00BFC400002015
:10629000941D0020000040400000884288AC9649D0
:1062A000D82E00204FF47F4303800023C0E9013340
:1062B000C0E90333436103767047000038B500231B
:1062C000C0E90733C0E955334362C0F85C31044686
:1062D000FBF7D2F8254B9878022845D0431F584247
:1062E0005841FEF77DFA40F2FF130025A4F8EC3484
:1062F0001F4B04F204701B68C4E9A25503F57A73BE
:10630000C4F8F436C4F89052A4F8EA54A4F8E85457
:10631000C4F8F05684F8FC5684F81857C4F8F856B8
:10632000C4F80057FAF7CFFE294684F8195704F24B
:106330001A70402204F05AFA7D23204684F85A57F6
:10634000C4F85C5784F86057C4F86457C4F86857B9
:10635000A4F86C37A4F8725784F87557C4F87857C6
:10636000BDE83840FFF79EBF0120BAE76800002073
:10637000D82E002010B40E4A92F82E20AAB102782E
:106380009AB140F6C4140B4A01691268511AA1422D
:1063900002D910BCFFF786BF416831B94169511A73
:1063A000FA2982BF42610122027610BC704700BF09
:1063B000C4000020D82E00204378032B06D1C068EB
:1063C000B0F5834F34BF0020012070470020704794
:1063D0007FB50B46324900F1280691F82D1004468E
:1063E000022900F11C02314668461BD1FEF752FE1D
:1063F0009DF80030022B50D104F5B0753246694645
:106400002846FBF747F8D4F8683123F07F436E2B1A
:106410002FD1244B9A78052A3DD8DFE802F030349A
:1064200038063038FBF7AEF9E2E75A6CB2F5613F57
:1064300094BF002201222046FFF7BEFFC8B9C2B1B7
:1064400094F86E31012B14D894F87231042B10D1CA
:106450001022154904F27B1004F09CF948B9782306
:10646000284684F8883184F8823184F87C31FEF73C
:1064700089F9204604B0BDE87040FFF7E1BA5A6CD4
:10648000B2F5E13FD4E75A6CB2F5614FD0E75A6CF0
:10649000B2F5164FCCE70122CDE704B070BD00BFC6
:1064A000C400002068000020BAAA00084378032B2B
:1064B00007D144F2BF13C068984294BF0020012066
:1064C00070470020704700002DE9F04F0446814BD3
:1064D0008148ABB01D68FDF733F940F6C312D4F81C
:1064E0006837EB1A934204D894F96C37834200F072
:1064F000B0807A4EC4F86857B1780627052997BF4F
:10650000774B002533F81180764B8CBFA84633F8C3
:10651000115023783A468DF8143000238DF8153049
:106520007F238DF81830B6F84A3084F86C078DF860
:1065300019000DF11A00ADF80C30ADF80E308DF8E1
:1065400017108DF81670FAF7A7FC3A46717808A86C
:10655000FAF778FC6048ADF81080ADF81250FDF7FE
:10656000E1F840428DF826005B48FDF7DBF8424237
:10657000D2B220468DF82720FFF798FFDFF8689108
:10658000804604F5B07504F5AA76002864D09DF81D
:10659000261099F835309DF91900009184F887216B
:1065A000BDF80C10DDF81A2033339DF815B09DF8B6
:1065B00016E09DF817C09DF91870BDF80EA0BDF843
:1065C0001090BDF812800193A4F86C119DF814305E
:1065D000009984F87901C4F87A210898BDF81E2042
:1065E00084F8743184F88611A4F87E21A4F86EA191
:1065F000A4F87091A4F8728184F875B184F876E1FA
:1066000084F877C184F87871C4F8800184F8813205
:10661000AB23BDF824204EF68E21A4F88421019AE4
:1066200084F8833284F8652144221C2384F866218F
:10663000D4F8682184F882B261F31702C4F86821A3
:106640002846314684F88432FBF7A8F92046FFF744
:10665000F7F92BB0BDE8F08F0146642211A804F0D1
:10666000C5F80AAF0DF10C0CBCE80F000FC79CE891
:1066700007006FF02E0384F86C311C2387E80700B5
:1066800099F8357094F80090802284F8703184F87D
:106690006D8184F86E9184F86F810AA904F27110FB
:1066A00004F06AF8442340F2811284F86631D4F889
:1066B0006831333762F31703C4F868314FF413437A
:1066C000FFB2A4F8823284F86571852384F8819240
:1066D000B6E700BFD82E0020602000206800002010
:1066E00048AE000854AE0008C40000208A4B2DE9D3
:1066F000F04F1A68D0F864370446D31A122BA7B0AB
:1067000040F20681DFF81492DFF814B299F8001015
:10671000C0F864278B1E594259419BF9A000FAF733
:10672000A9F999F800109BF9A2308A1E51425141F3
:1067300000909BF9A6000193FAF79CF99BF8A4300E
:106740000290012B0CBF032501259BF8A53075484D
:10675000012B9BF8AA300CBF45F0080545F0040555
:10676000012B9BF8AB3008BF45F01005012B0CBF87
:1067700045F0200545F04005FCF7FCFFF9F790FDDA
:106780006949F9F7E5FD03F08BFF6849F9F7E0FD8A
:106790000646634894F800A0FAF7EAF88046604895
:1067A000FAF7F4F899F800300746022B20460CBFA0
:1067B0009BF8A9904FF00009FFF778FE5C4B01466B
:1067C00093F8353004F5B07B3333DBB2039304F533
:1067D000AA73002846D0002284F86F21009AFF2176
:1067E00084F87221019A84F8771184F87321029A4F
:1067F00084F8791184F875217F2284F8762184F851
:10680000782184F87A21039A4EF68D2184F8652147
:10681000442284F86621D4F86821A4F86C5161F30D
:106820001702C4F868214FF46062A4F8822217228C
:1068300084F86EA184F8708184F8717184F8749181
:10684000C4F87B61C4F87F6184F881A284F8842253
:1068500058461946FBF7A2F8204627B0BDE8F04F8E
:10686000FFF7EEB86C2204900BA8059303F0BEFF6F
:106870004FF67F72ADF82220ADF824207F228DF8EC
:1068800026206FF02F0284F86C211722009B0499B8
:106890008DF81E30019BADF8185025788DF81F300B
:1068A000029B8DF81B1084F86D1184F86F1184F829
:1068B000702106A9802284F86E5104F271108DF8BF
:1068C00021308DF81AA08DF81C808DF81D708DF880
:1068D0002090CDF82760CDF82B6003F04DFF4422C7
:1068E00040F2811184F86621D4F86821039B61F39A
:1068F0001702C4F868214FF41342A4F882228522BB
:1069000084F8653184F88152059B84F884229FE7DE
:1069100027B0BDE8F08F00BFD82E002083030020F1
:10692000981D00209403002000007A3D00007A4466
:10693000C4000020F0B54E780546082E0C4685B000
:1069400001F10C0717D83246394601A803F014FFAD
:1069500001AB0021C6F10902981903F047FF9DF829
:106960000930032B05D162792A70064A12686B70D0
:106970002A6105B0F0BDC868796801AB03C33A7AF3
:106980001A70ECE7D82E002030B50378044695B095
:1069900013B34A799A421FD14D780C314D2D1DD831
:1069A0002A46684603F0E8FE0021C5F14E020DEBD1
:1069B000050003F01BFF42F21070049B190EC3F395
:1069C000072200FB012264216360C3F3074301FB3C
:1069D0000323E360059BA36015B030BD4E226846DB
:1069E00003F0CAFEE7E700008A68C2F317024C2AE8
:1069F00014D0942A09D09AB90A4A92F82E207AB172
:106A00008B79012B0CD1FFF795BF064A92F82E2007
:106A100032B18B79012B03D1FFF7B6BFFFF7A6BBCD
:106A2000704700BFC4000020B0F8EA34B0F8E82492
:106A3000F0B5D21A93B2120444BF03F500739BB2AF
:106A4000DD2B044685B009D82A4D00F5257600F5E2
:106A50002277286803685B69984708B905B0F0BDDC
:106A6000286803689B699847D4F8F02603460132EA
:106A7000C4F8F02631463A466846FAF783FE9DF898
:106A80000030022BE5D104F5707532466946284680
:106A9000FAF700FD184B04F27C7693F82D30294666
:106AA000022B30460FD1FEF727F800239AB282421C
:106AB0000CD3002329462046C4F8F03605B0BDE8C3
:106AC000F040FFF791BFFAF788FCEEE7B4F8E8145E
:106AD000B4F8EC744A1C3A40B4F8EA7497421EBF0A
:106AE000F75C091981F8EE7403F1010318BFA4F8EB
:106AF000E824DBE7941D0020C40000202DE9F041CC
:106B00004B4BDFF830811E6898F800304A4F022B5B
:106B10001EBF0023A0F8EA34A0F8E83497F82D301F
:106B20000446013B012B00F28180FFF77DFF97F8BF
:106B30002E50002D5BD098F80030022B4BD1012D48
:106B40003ED0022D42D000252046FFF713FC94F8DA
:106B5000193743B1002384F8193797F83030012BE7
:106B60004FD0022B50D015B12046FFF73DF994F8D5
:106B70006D372BB10023204684F86D37FFF762FA9A
:106B800094F87537022B11D1D4F87837F61AB6F588
:106B90007A7F0BD9B4F87037F62B3ED0B3F5FA7F75
:106BA0003DD00023A4F8703784F87537237E002B7E
:106BB0003CD0002320462376BDE8F041FFF78EBA93
:106BC00031462046FEF7E6FF0546BDE73146204642
:106BD000FFF784F8F8E7D4F8F436F31AB3F57A7FC0
:106BE00008D2002504F20470FAF76DFAACE7C4F895
:106BF000F466F7E732230125C4F8F46684F8FC361E
:106C0000F0E7FFF73FF9AEE7FFF7B8F92046FFF7E7
:106C10006DFD2046FFF758FCA5E7FBF73BF8074B57
:106C20001A79002ABDD101225A71BAE7BDE8F08174
:106C3000D82E002083030020C40000205003002031
:106C400070B54C880346B4F5427F4FF000000AD877
:106C50000D780B2D77D8DFE805F0060F1C2C2F32AE
:106C6000383B54575B6DA2F1240462424880624174
:106C70000A7083F809033EE04D2A01D0582A06D154
:106C80001A7002220A70002083F8090370BD0022E6
:106C9000F8E702F0FD003C2801D0212AF7D15A7014
:106CA0001A784D2A0CBF082203220A7000229A701B
:106CB000E9E79A700422DBE79A800522D8E79888F2
:106CC00000EB02229A800622DCE7DA800722CFE777
:106CD000D88800EB022292B2002ADA800CBF0B2285
:106CE0000A220A7000224A80012283F80923DB88E5
:106CF000B3F5407F01D80020C8E700200870488025
:106D0000C4E7DA800922B3E79A800A220A70EBE727
:106D1000B4F5407F3CBFE41822724A88013292B237
:106D20004A80D88890429CBF0B220A70012283F8C7
:106D30000923E0E783F80823022208704880012035
:106D400083F80923A2E708704880D4E7CB8870B5A0
:106D5000B3F5407F31D8242303700B7843704B7810
:106D600083700B784D2B14D1CB88C3708B88037143
:106D700005230022CE88D418A4B2964200EB040565
:106D800015D891F808232A70CA880132981880B261
:106D900070BD8B78C3708B8803718B881B0A43711D
:106DA000CB888371CB881B0AC3710823E1E78D1858
:106DB0002D7A0132055592B2DCE70020E8E70000A9
:106DC0002DE9F74F16464A880446B2F5427F0D4634
:106DD0002ED80B780A2B0FD9A3F16402032A03D90A
:106DE0000020287068802CE0653B8F4F022B32D842
:106DF000DFE803F062A3A60000210A2BF0D801A06F
:106E000050F823F0316E0008496E0008E16D00086B
:106E1000E16D00088D6E00089B6E0008A76E0008EB
:106E2000AD6E0008E16D0008E16D00081B6F000801
:106E30000020A6F124077E427E4168802E7084F8EF
:106E4000090303B0BDE8F08F6F2E0CBF642300234D
:106E500000202B70F3E716F0040F14BF4D235823C6
:106E60003E7023703A78D1070ED412F0020F14BF8F
:106E700021233E236370C2F3C003D20648BF43F010
:106E80000203A3700423E3E73C23F3E70523A68072
:106E90002B7084F809130020D3E7A38803EB0623A3
:106EA000A3800623D4E70723E680F1E7E38803EB1A
:106EB0000623E3806523CBE70DF106007E70FAF729
:106EC00087FA3978FAF77CFAA7882179FAF778FAFD
:106ED000390AFAF775FAE788A179FAF771FA390AE7
:106EE000FAF76EFA9DF80630B34206D000232B70F5
:106EF0006B80032384F80933CDE7002F0CBF662392
:106F00000A232B70012384F8093300236B80E28865
:106F1000B2F5407FBFD92B70BDE7B2F5407F3CBFD3
:106F2000121916726B8801339BB26B80E2889A4209
:106F300001D866232B700123DCE767237E80F9E705
:106F40004FF6FF73B7F8028097F8009008EB062819
:106F50000DF1060049461FFA88F8ADF80630A7F88B
:106F60000280FAF7B1F92679B4F804A03146FAF7AD
:106F7000ABF94FEA1A21FAF7A7F994F806B0B4F87A
:106F800006A05946FAF7A0F94FEA1A21FAF79CF938
:106F9000797804F10807FAF797F952463946FAF773
:106FA0009FF9BDF8063043453AD119F0040015D0D9
:106FB000002386EA0B01E21D98B2824584F808138B
:106FC00007D80223012000222A706A8084F809333E
:106FD00037E712F8010F01334140EDE7A178F9F7E7
:106FE000F3FD217984F80803F9F7EEFDA18884F810
:106FF0000803090AF9F7E8FDA17984F80803F9F70D
:10700000E3FDE18884F80803090AF9F7DDFD394654
:10701000E28884F80803F9F7DDFD84F80803D0E777
:1070200003230020CFE700BF601C0020CB882DE9A0
:10703000F041B3F5407F04460D464BD84B783C2BCE
:1070400041D0A3F12100434243415B002A78A71CB1
:107050004D2AAA7808BF43F00403D10748BF43F084
:10706000080392074FF0240222704FF06F0248BFCE
:1070700043F010036270A370AB883846E370AB88AE
:107080001B0A2371EB886371EB881B0AA371FAF763
:10709000BBFA0822E071E988A2F108039BB2561CF2
:1070A0008B42B6B204EB02080FD30631384689B2E0
:1070B000FAF72EF988F80000000AA055E8880A308F
:1070C00080B2BDE8F0810123C0E72B441B7AA354B2
:1070D0003246E0E70020F4E730B4BDF80C40B4F5E8
:1070E000407F03D8039430BCFAF7A8BA002030BC24
:1070F000704710B50446242020705820607000208E
:1071000023711B0AA170E27063710522A071E07106
:10711000E11CF9F75FFD2072092010BD2DE9F04F49
:107120000025D718914680460C462B462A464FF03C
:10713000FF0BDFF8D8A08FB00D80B94502D10FB09A
:10714000BDE8F08F19F8010B11463B2809D0013238
:10715000D2B238316944202A08BF002201F8300C2D
:10716000EBE74FF00001002638326A4402F8301C89
:10717000F2B25AF8361002A801930092F8F7C8FF4D
:10718000DDE90023A8B9FF2B18BF23880AEBC60648
:107190001EBF591C218008F803B02388591C218088
:1071A00008F803203379142B01D8189AD554FF23FB
:1071B0001BE00136372EDBD1FE2B06D023885A1C6C
:1071C00022806FF0010208F80320002602A8F8F7D9
:1071D000A9FF721CF6B2B04223880AD85A1C22803A
:1071E0004FF03B0208F80320FE2301350022EDB2E8
:1071F000A3E7591C218006F138010DEB010616F8B2
:10720000301C164608F80310E0E700BFF8C4000879
:1072100040F2FF3370B50025A0F820367D230A2602
:1072200080F8543A044603460560C0F80E53A0F8AF
:107230001E56A0F81C56A0F8425AA0F8445A80F8EE
:10724000465AC0F8485AC0F84C5AC0F8505AC0F8CC
:10725000585A00F6672100F66D2011F8012F0AB187
:10726000B6FBF2F2814283F8702A83F8715AC3F8B0
:10727000745A03F10803F0D11522FF2104F52A60A6
:1072800003F0B4FAC4F8B85A70BD0000F8B5134A58
:10729000044692F83000F8B192F82B2003B1DAB12D
:1072A0008E1E04F5226701F11E0536F8020FF9F76C
:1072B00028FCAE4227F8020FF7D1012384F8423AA6
:1072C00094F8453A83F0010384F8433A94F8463A37
:1072D00083F0010384F8443AF8BD00BFC4000020E5
:1072E00070B5061D04460A4601463046FFF768FDA4
:1072F00018B304F6BC2531462846FFF727FD0F4B8F
:107300000246186801680E692946B04763793C2B2C
:1073100013D1218904F65A2304F66622A4EB8404CF
:10732000A4F5F75406481C3C33F8025F8D4204BFB5
:10733000056844F823509342F6D170BD941D002097
:10734000D82E002070B512480C4690F82D00451E2E
:10735000012D0AD80F4E8D18AC4200D170BD3046B9
:1073600014F8011BFFF734F8F6E7032809D10A4E99
:107370008D18AC42F2D0304614F8011BFFF7B0FF75
:10738000F7E7064BBDE87040186803681B691847AB
:10739000C4000020E0050020880E0020941D00207D
:1073A000B0F81C36B0F81E269B1A98B21B0444BFD6
:1073B00000F5806080B2003818BF012070470000DF
:1073C000094B93F82D305A1E012A02D80748FEF7C0
:1073D0004BBB032B02D10648FFF7E2BF054B1868F1
:1073E00003685B69184700BFC4000020E005002067
:1073F000880E0020941D002070B500F6BC240B46BA
:1074000002223C212046FFF774FE054B0246186815
:1074100001680D6921462B46BDE87040184700BF42
:10742000941D0020114B37B51A68D0F8483AD31A8A
:10743000122B19D92023C0F8482A00F6BC2400F6E4
:10744000222001930090C82303223C212046FAF712
:10745000B3F8074B0246186801680D6921462B46B0
:1074600003B0BDE83040184703B030BDD82E00202F
:10747000941D00207FB5234B04461A68D0F84C3A7F
:10748000D31AC72B3CD94FF480731F4DC0F84C2A38
:107490002846ADF80830F9F759FA06461B48FCF7BC
:1074A00041F901463046F9F775FB8DF80A00284688
:1074B000F9F74CFAF9F768FB95F8A9308DF80B004D
:1074C00028468DF80C30F9F753FA8DF80D00284650
:1074D000F9F745FA072304F6BC24019302AB032213
:1074E0003C218DF80E000093204641F20D03FAF77F
:1074F00063F8074B0246186801680D692146A847E2
:1075000004B070BDD82E0020981D002060200020FF
:10751000941D002030B50446204B214887B01D68DB
:10752000FCF70EF940F6C312D4F8503AEB1A934226
:1075300003D894F9543A83422DD00023C4F8505A0A
:1075400084F8540A8DF80830F9F754FB154D0422DD
:107550006978ADF80900ADF80B000DF10D00F9F7F1
:1075600071FCA97806220DF11100F9F795FC0F23A3
:1075700004F6BC24019302AB03223C210093204675
:1075800041F20E03FAF718F8074B02461868016833
:107590000D692146A84707B030BD00BFD82E002096
:1075A0006020002068000020941D002070B5002598
:1075B000264CFAF787FCFAF769FCFBF755F9FAF75E
:1075C0002FFCFAF71BFC2249224801F08FF9FCF747
:1075D000FDFFFBF7CDF8C4E903552575FAF712FE58
:1075E0001D4B4FF480461D70FAF7BCFB4FF4004270
:1075F0001A4B05F180455A6105F588351848FAF7A8
:10760000C9FBFAF77BFC41F288306E61FAF776FC31
:107610004CF250302E61FAF771FC204601F008FF61
:107620004FF47A70FAF76AFCFBF73CFF0D48FBF762
:107630005BF90D4B0D48B3F84810FBF72BFABDE88A
:1076400070400B4B0B4A1A60FAF7B8BF602000205D
:10765000EA000020641C00203000002000040140EB
:10766000E0930400AC1C002068000020911D002065
:10767000941D0020380000204FF40042174B73B5D2
:107680005A61FF21164801F0C5FF164C206023689F
:107690005B0612D5144E35798DB108236A46002158
:1076A0000F4801F0AFFED6E90402DDE900139A426B
:1076B00008BF884201D00023236002B070BD0223BE
:1076C0006A462946064801F09DFE084BDA8BBDF854
:1076D00000309A4218BF2560EFE700BF0004014068
:1076E00060200020D005002050030020680000200A
:1076F0000023034A1370034A1370034A1370704740
:10770000DB05002098200020880300200023024A87
:107710001370024A13707047DB0500209820002088
:1077200008B5437E203B042B0FD8DFE803F0050E9D
:10773000030B0F00FCF76AFB0123064A1370064A8D
:10774000137002E00122054B1A7008BDFBF79EFE84
:10775000F2E700BFDB05002098200020880300200E
:10776000034B1B78012B01D1FCF7F4BA704700BF23
:10777000DB0500202DE9F043814699B04248FCF733
:107780005BFE0546002868D0404B1C78002C64D175
:107790003F4B1B78022B5CD12646DFF8F88003AF05
:1077A0004046F4B2FFF70CFE40B14046FEF788F9C0
:1077B0000136522E07F8010BF2D1344636482146E5
:1077C000F9F716FD3548F9F70DFD01272E4EDFF8C4
:1077D000D080B37840468DF8003098F8A43088F80F
:1077E000A5908DF805308DF806908DF80170F9F7A9
:1077F000ADF88DF802004046F9F7BAF88DF80300AD
:107800004046F9F7C3F80322264BDFF89C901B781B
:107810008DF80400C3EBC3033B44B3FBF2F38DF8D4
:1078200009300DB3194B1B78CBB9234669461F4865
:1078300003AAFCF7A1F90123194889F80030F9F7E8
:10784000B3F81748F9F7B9F80123F37019B0BDE898
:10785000F0831048FEF76CF9B7E70024B5E76946F6
:107860001248FFF77DFFE6E799F8003003B9FEE71D
:1078700069460E48FCF794F8404689F80070F9F71D
:1078800098F84046DEE700BF7C20002098200020CA
:107890008303002034000020FC1D0020D41D0020A4
:1078A000981D0020D91C002049030020361D00200F
:1078B00070B5CB78364EC3F3800386F8AA308B7947
:1078C0000546C3F3000386F8AB300B79C87803F0A4
:1078D00003035B0143EAD0000C46F9F7ADF886F8E4
:1078E000A6002379C3F3800386F8A7306379227951
:1078F00003F001035B0143EAD20386F8A830637901
:10790000C3F3460386F8A930E37803F00202002AA5
:1079100014BF012100211F4A11700DD0A27803F07D
:1079200001039B0043EA92130722013303EB430355
:10793000B3FBF2F3184A5370214618481DB9BDE84D
:107940007040FBF761BFFBF79EFFA37803F03003A5
:10795000202B04D12046BDE87040FFF7E1BEFFF7C1
:10796000D5FE0F4B1B78022B10D1A27904F119011F
:107970000C485208FFF7E6FCA1790B484908F9F7D3
:1079800037FCBDE870400948F9F72CBC70BD00BF5A
:10799000981D0020AA210020D91C0020B41C002022
:1079A0008303002034000020101E0020E81D00206A
:1079B00073B5054660B9204B20491C7820480379EF
:1079C00053B1012C36D002B0BDE87040F9F7D0BDFC
:1079D0001C4B1D491C78F1E75CB91A4B22461B78F9
:1079E0000D200193144B19491B7800932346FCF793
:1079F000CBFC012C164B174E13D08A78C2F3C00271
:107A00005A7002221A70E31E58425841FFF750FF85
:107A10003046F8F795FF032C04D13046F8F793FF72
:107A200000E01C700B4886F8A45002B0BDE870401E
:107A3000F8F784BF02B070BDD8050020F420002004
:107A400050030020D90500204F210020CBAA0008B8
:107A50007C200020981D00200A4B10B51A7904469E
:107A60002AB1BDE8104001461846FCF71FBCFFF7DD
:107A700081FE054B2046BDE810405B221B7F034979
:107A8000FCF7F8BB5003002068000020361D0020E2
:107A9000264B70B51A7905460E4632B1BDE87040E6
:107AA0000A4601461846FCF73DBE5B23204A2149A1
:107AB000FCF7D6FB15BB1F48FBF772FE044640B32C
:107AC0001D491E48F9F7D2FF05F130011B48C9B224
:107AD000F9F7C0FF1A491948F9F7C8FF204601F025
:107AE000D1FB01461548F9F7C1FF0A211348F9F700
:107AF000B1FF012C04D11348FCF78EFC0C48DBE7E6
:107B0000042C0FD0012428460F49FCF70DFC204619
:107B100070BD2EB10D48FAF76DFF0CB10224F2E7EB
:107B20000324F0E7002EF9D0F4E700BF5003002053
:107B30004F210020F4200020DDAA00082C000020A6
:107B4000E4AA0008E6AA0008981D0020911D002064
:107B5000024B1878831E5842584170478303002017
:107B6000002370B59CB2A24200D870BD05888688FB
:107B70006C1C34404688A6421EBFCE5C2D18AE71E8
:107B800003F1010318BF0480ECE70000B0F81E36D3
:107B9000B0F81C262DE9F04FD21A93B2120444BF5C
:107BA00003F580639BB2E62B0446ADF5057D0AD84C
:107BB000754E00F21C6704F21238306803685B6986
:107BC0009847054618B90DF5057DBDE8F08F30687A
:107BD00003689B69984704F20E3102464046FFF75E
:107BE0002FF80028E9D094F813333E2B75D1B4F860
:107BF0001633B3F5005F38D194F8983A002B6CD166
:107C00009E4619464FF0010B04A804F2273A04F6E9
:107C10009F29036019F8012FFF2A0ED04FEAD20CDA
:107C20001AF80CC002F007024CFA02FC1CF0010F1B
:107C30001EBFAE460BFA03F211430133152BE9D1F7
:107C4000BEF1000F00D00160042304F6BC29CDE989
:107C5000000302223E2142F6FF734846F9F7EEFC8C
:107C6000494602463846FFF77BFFB4F816A3BAF13F
:107C7000740F23D100250DF1100B04F52A6358462B
:107C8000009304F21A32B4F818330DF10E01ADF876
:107C90000E50FFF743FABDF80E3004F6BC2902225D
:107CA0003E21CDE900B34846534684F8985AFFF781
:107CB00013FA494602463846FFF752FF43F20103E2
:107CC000B4F816239A4208D194F81233582B04D1F1
:107CD0002E4B1D79F5B901225A7194F81333212BDB
:107CE00022D141F20D02B4F81633934214D041F27E
:107CF0000E02934214D0002D3FF45DAF04F6BC2574
:107D000041462846FFF792F9294602463846FFF7D2
:107D100027FF50E70025E0E7012384F8453A4AE7CA
:107D2000012384F8463A46E73C2BE4D1B4F8169395
:107D3000B9F1440FDFD194F81233582BDBD13068FE
:107D4000D4F81A5303685B6A984700283FF433AFAE
:107D50000F4B9D427FF42FAF0E4B04F6BC251B68E2
:107D60000222C4F8B83A00233E21CDE90033284668
:107D70004B46F9F721FC024630680168D1F81080C3
:107D80002946C04717E700BF941D0020500300207C
:107D900091D51200D82E00202DE9F0473A4B044629
:107DA0001B78022B0CD00023A0F81E36A0F81C363E
:107DB00090F86D3A13B10A22B2FBF3F384F8983AC3
:107DC000324B93F82D30032B2DD12046FFF7DEFEEA
:107DD00094F8422A3AB10023204684F8423ABDE89A
:107DE000F047FFF71FBB94F8433A33B1204684F8BD
:107DF000432ABDE8F047FFF73DBB94F8448AB8F149
:107E0000000F06D0204684F8443ABDE8F047FFF75B
:107E100081BB1F4B1E68D4F8583AF31A632B04D861
:107E2000D4F8B83A4BBBBDE8F087254640F6AB5ACC
:107E3000C4F8586A04F65C2704F1300995F8702AF2
:107E4000AAB195F8713A0133DBB29A420BD885F8A2
:107E5000718AD5F8743AF31A534508D920463988FF
:107E6000FFF7CAFA03E085F8713A002BF1D0083524
:107E70004D4507F10207E1D1D2E7F61AB6F57A7F50
:107E8000D1D9F9F707FF00BF83030020C400002009
:107E9000D82E00202DE9F043904D85B02B78012B92
:107EA00000F2E2800BB9F9F749FFFFF77FFB8C4B3B
:107EB0008C4F1868796C036807249B6898470022E8
:107EC000894B1A809A700222884B5A614CF25030CA
:107ED000013CF9F7CDFFFAF711F814F0FF04F5D1E2
:107EE000834801F0E7FB122803D001208149FCF709
:107EF00043FA814B81491C60814B7D481C60FBF734
:107F00002CFC8048FBF7A6FF97F82020202A00D9F8
:107F1000FEE797F828007C4E0528796AB7F82C9080
:107F200097F829C097F82A30B07100D9FEE7DFF83A
:107F3000DC8158F830E0BEF1000F00D1FEE708EB1D
:107F4000C008C6F808E098F804E098F8058086F8BC
:107F500007E086F80C8086F8D500A6F80E9086F823
:107F6000D440B9F1000F00D1FEE7724524BF0EF1F5
:107F7000FF3E5FFA8EF20528727400F09C800128A3
:107F800000F2A1800CF1FF30C0B200F08B8002281B
:107F900013D8581EC0B2032809D80C2A01D90C20C6
:107FA0007074707C904200D97274644608E0122AA2
:107FB00084BF122373740023F3E7052B28BF00232B
:107FC00022465148F9F712F800243474FF26504B2A
:107FD0004D481E705E70FBF7CDFB0146444801F032
:107FE0006EFB4C4B4C481C704C4B1C704C4B1C801B
:107FF0004C4B1C704C4B1C704C4B1C704C4B1C70F5
:108000004C4B1C704C4B1C704C4B1C70FFF770FBA6
:108010004B4BB7F84A201C704A4B97F840101C7025
:10802000494B1C70B7F84830F8F74FFCB7F84810C8
:108030004648F8F768FF4648FCF7F6F9454B4648CE
:1080400093F8291000F05FFC4448FEF737F94448E4
:10805000FFF7DEF82648FBF773FB424B1C80424BD0
:108060001C80FAF7CFFB2E70FAF7D6FB002800F041
:1080700098802B4A13880BB1013B1380274B1A4A77
:1080800019781388022922D12BB3013B9BB21380AC
:108090009278002A6AD0002B70D1F9F7DBFEF9F74D
:1080A000E7FE6BE0022804D80C2A01D90C23737474
:1080B0006446002384E70CF1FF33022BF9D8082A29
:1080C000F6D90823F3E71048F8F738FF7CE7002BD0
:1080D000DBD1C723DBE740F2F313D8E7D81C00203D
:1080E000941D002068000020D405002000100140ED
:1080F0006020002008AB0008CC0500206C000020A8
:10810000D0050020500300209403002060AE00083A
:10811000D91C0020DA050020981D002083030020D0
:1081200086030020840300208003002081030020B8
:1081300082030020D9050020D8050020DC0500209E
:108140008B0300208A030020C80500208420002023
:108150007C200020C4000020641C0020E0050020DA
:10816000880E0020942000209620002002294DD166
:108170000BB9F9F76FFE0222904B5A61904C23889D
:10818000002B49D0013B9BB28E482380FBF7D0FEE9
:108190008D48FBF7D5FA23881BB98C498C48F9F731
:1081A00065FC8C4C8C4E2178002938D0022967D090
:1081B0003368002B00F0A9802378032B70D133683B
:1081C00018070ED50023854A3360137843F0010168
:1081D0001170834A92F856200AB1990701D50023FD
:1081E00023703368002B00F0908033687D4813F0D3
:1081F000800F7D496AD003780520326801930B789F
:108200007A490093237892B2FCF7BEF80821784AA5
:108210005161002BB2D142E740F2E733B4E7754B2E
:108220001B7843B1744A137C507C0133DBB2984213
:10823000137498BF11747048FBF79CFA002701462D
:10824000614801F03CFA01230DF10F020D215E4857
:108250008DF80F7001F06AF8FF215B4801F0D4F946
:10826000594801F0FFF97D20F9F748FE01232370FA
:108270005C4B1F705C4B1F70604B1F60376097E753
:108280005F48FBF7B3FF5F4B187AFFF7E5FB03236B
:1082900023700023514A1370584A1360336087E7F4
:1082A000012B9ED133685A069BD54E4B002019787E
:1082B0003060B1FA81F14909FFF7EAFB4A4B032824
:1082C00018708ED1404801F0FFF98AE733685B06E9
:1082D00009D50378326801930B7801200093237845
:1082E000494992B290E7336813F0080309D0037844
:1082F000326801930B78022000932378434992B2AD
:1083000082E73360237003700B70414B1A7802F0E0
:10831000FF06002A00F0B28100201870324B1F784F
:1083200007F1FF3CDCF1000848EB0C0847B3FFF70E
:108330003FFB0023334A012F137205D8354A1377C8
:10834000D3831362344A13702A4D2A78012A6DD8D8
:10835000012F13D9314F97F8A8303E2B19D8264951
:1083600097F8A770087C17BB83420DD04A7C0B742A
:108370009A4298BF0023B04698BF0B7400265EE077
:108380000122274B1A70D4E72648017841F00101F9
:1083900001702549002A40F092803F2B4FF00100E8
:1083A0000A7028BF03221F4B28701A7040E08342D6
:1083B000DCD11C48017841F00201E9E700100140DE
:1083C00094200020500300206020002012AB000801
:1083D0002C000020DA050020D0050020DC0500205C
:1083E00068000020D9050020D805002014AB000843
:1083F000000C01408303002094030020CC050020E2
:10840000D91C00208420002021AB000832AB0008DA
:1084100089030020E0050020880E0020981D002020
:108420007C2000208003002084030020012FA5D998
:108430007C4BB3F84C207C4B1A80022323702B78A2
:10844000002B64D1B8F1000F00D023707749754A32
:108450000B78B2F84E200133DBB293420B70744BB1
:108460000ADB1A7C587C0132D2B2904298BF0022BB
:108470001A7400220A70227093F8D420002A52D075
:10848000B3F8D820B3F8D610013292B29142A3F8D3
:10849000D82048D80022A3F8D820062293F8D50087
:1084A000D9890130C0B2062828BF002041FA00F760
:1084B000FF0734D55F4A52F83020EAB9FEE70B785F
:1084C0005D4801330278DBB20B706AB9554A92F805
:1084D00050209A42ACD8594B1B78032B06D102236B
:1084E0002B7001230370A3E70522F2E7531EDBB2D2
:1084F0009A420B70F3D99BE783F8D500F8F784FE16
:108500004F48FBF7C5FC002323702B785BB1464B2B
:108510001B8843B9454A2B701370237003E0013A5E
:1085200012F0FF02BDD10022464B1A702A78002AB1
:1085300000F047811EB901221A70022323704248BD
:10854000FBF7CCF82B78022B02D000223F4B1A709D
:108550003F4A138813B9334BB3F84A30013B9BB2FF
:10856000138013B93B48F8F734FA3A48F8F7E5F9BD
:108570002B78022B0BD03748F8F78FF92B7833B9CB
:10858000FFF7C4F80123344A1370344A1370344E91
:108590003046FAF791F97278294B012A04D100216B
:1085A0007170197901B95A712548FBF7EBFCFBF79B
:1085B00001FD0128064607D002282ED00522294BAE
:1085C0001A7005B0BDE8F083164F1D48FBF77AFC22
:1085D000B7F84830244A03EB830303EB83039B0083
:1085E00022481380FAF706FA41F28833B7F84810A8
:1085F0000F4AB3FBF1F3A2F8D6300023082182F82A
:10860000D460A2F8D8301A4A11610221C2F81414B9
:10861000184A2B7096702370D0E70122164B1A70FF
:10862000CCE700BF68000020860300208103002003
:108630009403002060AE0008820300208003002025
:1086400050030020C8050020602000207C2000206E
:1086500096200020981D0020DB0500209820002097
:10866000AC1C00208B03002064000020911D002022
:10867000000C0140D4050020880300205449554ACD
:108680000B781BB1013BDBB20B7013B11378002BDD
:1086900043D00023504E13703378504A022B0CBF46
:1086A00001210021137855D10BB94D4803704D4C71
:1086B00011704D4894F8281000F050F93378022BCF
:1086C00059D14A4E4A4896F80080F8F73FF90746D4
:1086D0004748F8F74DF9002342464649CDE9007076
:1086E000414800F053FC4048FBF7D6FF00233278A6
:1086F00041494248FDF76CF9002332783E49404831
:10870000FEF7C4FD3F4B1B783BB994F8263094F834
:10871000332038493C48FBF789FD334800F046FDDB
:108720003648FEF7EBF93648FFF736FB374B1B7838
:10873000002B3FF446AF3648FAF7D0FF0222354B04
:108740001A610822A3F580631A61FAF78FFE0123EC
:108750002B7036E7002BAAD02A4B1B78002BA6D013
:108760002D4B1B78002BA2D00320274B58700120E3
:108770001B4B18709BE7284B1B78CBB16FF07E0327
:108780000022CDE9003201231A491A46164800F0AA
:10879000FDFB154800F0F9F8012317491A46174860
:1087A000FDF716F9012314491A461548FEF76EFD28
:1087B0000B4B1B78002BB0D194F82620124B5A702B
:1087C000ABE7237813F0FD0F3FF4B9AEBDE600BF71
:1087D0008B0300208A030020830300204A0300202B
:1087E0004B030020C4000020641C0020C8050020AA
:1087F000981D0020B41C0020881C0020E0050020EB
:10880000880E0020AA210020D91C00208803002007
:1088100060200020001001408203002008B5FFF70F
:1088200039FBFCE710B51E4C204600F077FD1D4BD0
:108830001D4A23601D4B1E4C1A605A619A62DA630E
:108840001A651C4A20465A669A671B4AC3F88C2050
:1088500000F040F8002240F2FF11184B2360184B43
:10886000C3F8E824C3F8EC14164B40F2FF31C3F808
:108870001C26C3F8502A7D2283F8542A124AC3F8D2
:108880002016506A916A03F65C2403C4D06A206003
:10889000106B928EC3F8680AA3F86C2A10BD00BF53
:1088A000602000204CAB000840AA0008981D002062
:1088B000641C002028AA000834AA0008CCAB0008D9
:1088C000E0050020880E002014A800087047002052
:1088D0007047000010B50446034B012140F8043BEB
:1088E000F7F788FF204610BDB8C6000838B5242227
:1088F0000D46FF230021044603618182104401F0EC
:1089000075FFE56038BD38B50D46017C0446A942C7
:1089100015D0012918D0022912D011B903685B685B
:1089200098470023012D6374257413D0022D0ED0B7
:108930002DB923685B68012120469847607438BDD3
:108940000368DB680021EBE703689B68FAE72368AC
:10895000DB68F0E7236829469B68EDE70430F7F70A
:1089600057BF037C10B5012B0ED100F1160301F1A6
:108970000C0251F8044B914243F8044BF9D10A8898
:108980001A8040F20113438210BD037C012B0BD1EE
:1089900048F281134FF40142C3820023C0E906323A
:1089A000038440F2011343827047F0B5054689B055
:1089B00008880C4616461F46F8F794F89DF80630CE
:1089C0008DF8050023F00703C0F3022003436088FD
:1089D0008DF80630F8F786F89DF8063000F01F0293
:1089E00003F0070343EAC2038DF806309DF8073011
:1089F000C0F3451023F03F030343A0888DF80730F0
:108A0000F8F770F89DF8073000F0030203F03F0319
:108A100043EA82138DF80730C0F387038DF80830DE
:108A20009DF80930C0F3802023F001030343E08860
:108A30008DF80930F8F756F89DF8093000F07F02FC
:108A400003F0010343EA42038DF809309DF80A3030
:108A5000C0F3C31023F00F03034320898DF80A30BD
:108A6000F8F740F89DF80A3000F00F0203F00F030A
:108A700043EA02138DF80A309DF80B30C0F306105C
:108A800023F07F03034360898DF80B30F8F72AF851
:108A90009DF80B3000F0010203F07F0343EAC2139C
:108AA0008DF80B30C0F347038DF80C309DF80D3076
:108AB000C0F3412023F003030343A0898DF80D3058
:108AC000F8F710F89DF80D3000F03F0203F00303B3
:108AD00043EA82038DF80D309DF80E30C0F3841008
:108AE00023F01F030343E0898DF80E30F7F7FAFFF8
:108AF0009DF80E3000F0070203F01F03C0F3C7001B
:108B000043EA42138DF80F00208A8DF80E30F7F7F4
:108B1000E9FF9DF811308DF8100023F00703C0F332
:108B200002200343608A8DF81130F7F7DBFF9DF8D0
:108B3000113000F01F0203F0070343EAC2038DF86F
:108B400011309DF81230C0F3451023F03F0303436A
:108B5000A08A8DF81230F7F7C5FF9DF8123000F0AB
:108B6000030203F03F0343EA82138DF81230C0F38F
:108B700087038DF813309DF81430C0F3802023F064
:108B800001030343E08A8DF81430F7F7ABFF9DF83B
:108B9000143000F07F0203F0010343EA42038DF832
:108BA00014309DF81530C0F3C31023F00F030343B6
:108BB000208B8DF81530F7F795FF9DF8153000F0F4
:108BC0000F0203F00F0343EA02138DF815309DF8EE
:108BD0001630C0F3061023F07F030343608B8DF83B
:108BE0001630F7F77FFF9DF8163000F0010203F012
:108BF0007F0343EAC2138DF81630C0F347038DF8A4
:108C000017309DF81830C0F3412123F003030B43C4
:108C1000A08B8DF81830F7F765FF9DF8183000F03D
:108C20003F0203F0030343EA82038DF818309DF8F6
:108C30001930C0F3841023F01F030343E08B8DF839
:108C40001930F7F74FFF9DF8193000F0070203F0D5
:108C50001F0343EA42138DF8193040F2A953218CC7
:108C6000628C99428CBF01210021C0F3C7009A4257
:108C70008DF81A0088BF41F002010EB141F00401E5
:108C80000FB141F008010F238DF8043000238DF857
:108C90001C302B688DF81B10192228461B6801A96F
:108CA000984709B0F0BD000030B5054689B0088886
:108CB0000C46F7F724FF9DF808308DF8070023F0E5
:108CC0000703C0F30220034360888DF80830F7F7EC
:108CD00016FF9DF8083000F01F0203F0070343EA77
:108CE000C2038DF808309DF80930C0F3451023F019
:108CF0003F030343A0888DF80930F7F700FF9DF884
:108D0000093000F0030203F03F0343EA82138DF8B9
:108D10000930C0F387038DF80A309DF80B30C0F39B
:108D2000802023F001030343E0888DF80B30F7F730
:108D3000E6FE9DF80B3000F07F0203F0010343EAEA
:108D400042038DF80B309DF80C30C0F3C31023F0B4
:108D50000F03034320898DF80C30F7F7D0FE9DF800
:108D60000C3000F00F0203F00F0343EA02138DF8FA
:108D70000C309DF80D30C0F3061023F07F03034341
:108D800060898DF80D30F7F7BAFE9DF80D3000F0D0
:108D9000010203F07F0343EAC2138DF80D30C0F3E4
:108DA00047038DF80E309DF80F30C0F3412023F0BB
:108DB00003030343A0898DF80F30F7F7A0FE9DF859
:108DC0000F3000F03F0203F0030343EA82038DF803
:108DD0000F309DF81030C0F3841023F01F030343BD
:108DE000E0898DF81030F7F78AFE9DF8103000F01A
:108DF000070203F01F03C0F3C70043EA42138DF8D4
:108E00001100208A8DF81030F7F779FE9DF81330A5
:108E10008DF8120023F00703C0F302200343608A99
:108E20008DF81330F7F76BFE9DF8133000F01F023A
:108E300003F0070343EAC2038DF813309DF81430A2
:108E4000C0F3451023F03F030343A08A8DF814308C
:108E5000F7F755FE9DF8143000F0030203F03F03CE
:108E600043EA82139DF816208DF81430C0F387036F
:108E70008DF8153022F00102C0F380231343E08AFD
:108E80008DF81630F7F73BFE9DF8163000F07F02A4
:108E900003F0010343EA42038DF816309DF81730C2
:108EA000C0F3C31023F00F030343208B8DF817305A
:108EB000F7F725FE9DF8173000F00F0203F00F03BF
:108EC00043EA02138DF817309DF81830C0F30610EE
:108ED00023F07F030343608B8DF81830F7F70FFE04
:108EE0009DF8183000F0010203F07F0343EAC2133B
:108EF0009DF81A208DF81830C0F347038DF819300B
:108F000022F00302C0F341231343A08B8DF81A30E3
:108F1000F7F7F5FD9DF81A3000F03F0203F0030368
:108F200043EA82038DF81A309DF81B30C0F3841099
:108F300023F01F030343E08B8DF81B30F7F7DFFDB1
:108F4000019B0DF1060103F07F420F4B1343019388
:108F50009DF81B3000F0070203F01F03C0F3C700A9
:108F600043EA42138DF81C00172200208DF81B30B5
:108F7000F7F730FE2B688DF81D001A2228461B6873
:108F800001A9984709B030BDC81816002DE9F0476F
:108F900000F124071E4604463B469DF920A09DF89B
:108FA0002490904601F1240251F8040B914243F8B9
:108FB000040BF9D1251D39462846F7F74DFCE16829
:108FC0004B7966B1042B77D8DFE803F07C76345C0C
:108FD000030000264FF00423B046C4E90933E368D8
:108FE0001D796B1E0B2B07D85046F7F751FD043542
:108FF000EDB204EB45056884E3681D7B6B1E0B2B0B
:1090000007D84846F7F75FFD0435EDB204EB450598
:109010006884637C002B55D0237C012B46D013F051
:10902000FD0F4FD13346424639462046BDE8F04752
:10903000FFF7BBBC4FF0780C01F1130304F12200E1
:1090400001F11F0513F9012FC2EB822292FBFCF202
:10905000AB4202F5806220F8022FF3D140F2FF7597
:1090600004F13A02233113F8010F48B102280CBF72
:1090700028464FF48060994222F8020FF3D1AEE700
:109080000120F8E74FF4806104F1220304F1460265
:1090900023F8021F9342FBD102212846F7F7FAFB7F
:1090A0000023103004EB4000838098E739462046C7
:1090B000BDE8F047FFF7F8BD042B90D813F0FD0F83
:1090C0008DD0E9E7BDE8F08730B54B7B0546032B33
:1090D0000C4685B042D191F90000F7F755FD8DF8A7
:1090E000030094F90100F7F74FFDA3788DF8040011
:1090F0008DF80530E378207B8DF8063023798DF8E4
:109100000730F7F739FD8DF8080094F90600F7F7F6
:109110000EFD8DF8090094F90700F7F735FD237A65
:109120008DF80A008DF80B30637A0DF102018DF88D
:109130000C3040F6C843ADF8003014230B22002059
:109140008DF80230F7F746FD2B688DF80D000E22E2
:10915000694628461B68984705B030BD022B03D1ED
:10916000FF238DF80330BCE791F90000F7F70CFD01
:109170008DF80300FF20B8E7837C10B5044633B1B7
:10918000F9F76CFBE37C1BB10023A082E37410BDF4
:10919000A28A801A80B2B0F57A6FF8D92046A374FB
:1091A00004F11601BDE81040FFF78EBF427C22B1EA
:1091B000037C012B01D1FFF7DFBF704730B53024AE
:1091C00042F20F75A84212D80C703021B0F57A7FA8
:1091D00014D211703022632816D81A70302309284F
:1091E00017D8039A30301370049B187030BDA0F567
:1091F0001C5001341038E4B280B2E3E70131A0F52D
:109200007A70C9B280B2E1E701326438D2B280B27A
:10921000E1E701330A38DBB280B2E0E713B50B1D9A
:109220000193CB1C00934A1C8B1C0C46FFF7C6FF16
:109230000023637102B010BD03099F2894BF30332F
:1092400037330B70002300F00F00092894BF303033
:10925000373048708B70704713B502460C46C0B269
:1092600001A9FFF7E9FF2146100AFFF7E5FF9DF886
:109270000430A3709DF80530E3709DF8063023712B
:1092800002B010BD08B50249FFF7D6FF084608BD79
:10929000B82E002010B5034C2146FFF7DDFF204615
:1092A00010BD00BFB82E00202DE9F34105460C4645
:1092B00000278E18B44202D102B0BDE8F0812B68BD
:1092C0002246D3F80880284601238DF807700DF157
:1092D0000701C0470134EDE7F7B505460C468E1887
:1092E000B44201D103B0F0BD14F8013B28468DF81B
:1092F00007302B680DF106029F680DF1070101236D
:10930000B847EDE707B503688DF8071001221B6920
:109310000DF10701984703B05DF804FB024A0260B3
:109320000022C0E901227047D0C600082DE9F041B3
:109330000D46044616461F4603681B68984765F0AD
:109340007F012046C9B2FFF7DDFF236820463A4679
:1093500031461B69984723682046BDE8F0415B68A9
:10936000184707B501238DF807200DF10702FFF715
:10937000DDFF03B05DF804FB2DE9F04104460F4624
:1093800015461E4603681B689847204607F07F0174
:10939000FFF7B8FF2368204632462946DB68984726
:1093A00023682046BDE8F0415B68184707B50123F4
:1093B0000DF10702FFF7E0FF9DF8070003B05DF82D
:1093C00004FBF8B505460E4614461F46FFF7EEFFB0
:1093D00020EA0402D2B23C40314628462243FFF73D
:1093E000C0FFF8BD70B5044615461E460A460D215D
:1093F000FFF7B7FF33462A462046BDE870400021FC
:10940000FFF794BF70B5044615461E460A460D2167
:10941000FFF7A7FF33462A462046BDE870400021EB
:10942000FFF7AABF08B500220121FFF79AFF08BD88
:10943000012208B51146FFF794FF08BD07B50B0CD4
:109440008DF804300B0A8DF805308DF806100323D3
:10945000062101AAFFF76AFF03B05DF804FB08B517
:109460000A430C21FFF77DFF08BD902938B504465B
:1094700015460CD102223621FFF773FF2DB9642265
:109480003A212046FFF76DFF38BD7F22F8E703221F
:109490003621F7E7902970B505460C4606D1BDE8A0
:1094A0007040802331211A46FFF78BBF00238022B2
:1094B0003121FFF786FF302C1ED00AD8B4B1102C12
:1094C0001AD0202C18D0002230212846FFF749FF5F
:1094D00070BD602C08D003D804F0EF04402CF1E7F5
:1094E000702C01D0802CEED1402200E048222F21A8
:1094F0002846FFF736FFE6E74422F8E738B504468A
:1095000015460A460E21FFF72CFF2A460F2120465A
:10951000FFF727FF38BD602938B504460D4643EAFA
:10952000020316D143F001021D21FFF71AFF2B465B
:10953000F4221E212046FFF744FF07220523312194
:109540002046FFF73EFF0C2237212046FFF709FF98
:1095500038BDFE221D21FFF734FF2B46F0221E21CD
:109560002046FFF72EFF0722032331212046FFF775
:1095700028FF0A22E8E72DE9F04704460F46164681
:109580001D46002220219DF820909DF82480FFF7A1
:10959000E8FE3A4620462121FFF7E3FE3346204607
:1095A00001221D21FFF70DFF4B46204604221E21FC
:1095B000FFF707FF2A4620462221FFF7D2FE434647
:1095C0002046BDE8F04741223321FFF7FABE70B5CF
:1095D0001646CA431D4604461121D2B2FFF7C1FE0A
:1095E000204646EA05024021FFF7BBFE2046BDE8C3
:1095F00070400023F1224121FFF7E3BE122108B59C
:10960000FFF7D4FE80B208BD08B50A461221FFF765
:10961000A8FE08BD70B504460E46FFF7EFFF0546ED
:10962000F1B22046FFF7F0FF2046FFF701FF284682
:1096300070BD70B5044603F00F059DF810602A4315
:109640000A430921FFF78DFE33462046BDE87040EE
:109650000F220A21FFF7B5BE08B503220121FFF74B
:1096600080FE08BD08B505220121FFF77AFE08BD7E
:1096700070B50C46064615461A21B3B9FFF796FE9B
:10968000A0F19D031BB2238019213046FFF78EFE07
:1096900040B203460028B8BFC31C9B102B70033098
:1096A000BEBF22889B18238070BDFFF77FFEA0F10C
:1096B000A403E7E708B54221FFF778FE08BD436839
:1096C0008160C91AFFF7BABE836810B504463BB380
:1096D0002821FFF76BFE10F0080F636800F0070009
:1096E0000BD007280CBF03F1FF33043B63606268B3
:1096F0000D4B9A4209DA636007E090B90133636069
:1097000040F2666362689A42F5DC084B6268272182
:109710005A43A3682046B2FBF3F2D2B2FFF721FE10
:1097200010BD0433EBE700BF9AF9FFFFF07E0E0097
:1097300010B590B01022002109A801F057F81422AA
:10974000002101A801F052F802244FF480330122D5
:109750004FF40031CDE90623CDE90D434FF48013DA
:1097600006A808910A920F9300F0FEF908B172B6AC
:10977000FEE70F23CDE901344FF480630390CDE978
:109780000430214601A800F0B7FB08B172B6FEE72D
:1097900010B010BD07B500F0A5F8FFF7C9FF0C4BDE
:1097A0009A6942F004029A619A6902F004020192F5
:1097B000019A9A6942F020029A619B6903F02003A2
:1097C0000093009B03B05DF804EBFFF727B800BFE0
:1097D000001002400E4B82B09A6942F001029A6179
:1097E0009A6902F001020092009ADA6942F080520E
:1097F000DA61DB69074A03F080530193019B5368E8
:1098000023F0E06343F00073536002B0704700BF81
:109810000010024000000140FEE7FEE7FEE7FEE721
:10982000FEE7704770477047F9F706B870470000C9
:10983000FFF7FCFF0B480C490C4A002302E0D45808
:10984000C4500433C4188C42F9D3094A094C00238C
:1098500001E013600432A242FBD300F045FFFFF7A2
:1098600099FF704700000020480000201CC7000836
:1098700048000020002F0020FEE7704710B54FF091
:10988000FF320024044B1A611C61DA60DC60FFF7D0
:10989000F4FF204610BD00BF0010024038B50E4B4B
:1098A00005461A784FF47A73B3FBF2F30B4A10684B
:1098B000B0FBF3F000F070F8044658B90F2D09D84A
:1098C000024629464FF0FF3000F036F82046044BA0
:1098D0001D6038BD0120FCE7400000203C00002056
:1098E00044000020074A08B51368032043F0100322
:1098F000136000F00FF80F20FFF7D0FFFFF76AFFAB
:10990000002008BD00200240014B1868704700BFCE
:10991000D82E002007490302CA6803F4E06322F44A
:10992000E0621204120C134343F0BF6343F40033AC
:10993000CB60704700ED00E0154B30B5DC68C4F338
:109940000224C4F10703251D042B28BF0423062D80
:109950004FF0FF3594BF0024033C05FA03F321EADE
:109960000303A54022EA0502A340002843EA0203BC
:10997000ACBF00F16040074A4FEA0313DBB2ABBF54
:1099800000F5614000F00F0080F80033135430BD43
:1099900000ED00E014ED00E00138B0F1807F0BD263
:1099A0004FF0E023F021054A586182F8231000208F
:1099B000072298611A6170470120704700ED00E0AE
:1099C000114AD36813F0100305D01049CB6943F056
:1099D0000203CB611023D268500706D50B4943F030
:1099E0000403CA6942F00102CA61074AD169C90782
:1099F00008D50648C16941F00401C161D16921F06F
:109A00000101D161D360704700200240E02E0020A8
:109A1000064B186910F0800007D0054A5A6002F121
:109A200088325A601869C0F3C010704700200240A5
:109A300023016745034A0020136943F08003136143
:109A4000704700BF0020024070B50546FFF75CFF7D
:109A50000646114CE368D80712D4E368990644BF60
:109A60002023E360E368DA0606D4E369DB0703D466
:109A7000E06810F0040007D0FFF7A2FF012003E028
:109A80006B1CE7D00DB9032070BDFFF73DFF801BB5
:109A9000A842DFD9F7E700BF002002400022064BB2
:109AA000DA61064B1A6942F002021A6158611A69BA
:109AB00042F040021A617047E02E00200020024070
:109AC0002DE9F041264F05463B7E8846012B44D0C8
:109AD00001243C7603684CF25030022B1AD1FFF778
:109AE000B3FF20B1012000233B76BDE8F0811D4C7F
:109AF000F86123694CF2503043F004032361236979
:109B000043F040032361FFF79FFF236923F0040321
:109B10002361E8E7FFF798FF0028E3D14FF0FF3318
:109B2000C8F800302046AE680E4CD5E9023203EB8F
:109B30008223B342D7D93046FFF7B0FF4CF2503002
:109B4000FFF782FF236923F00203236110B1C8F8F5
:109B50000060C8E706F58066E7E70220C5E700BFBA
:109B6000E02E0020002002402DE9F341054638B3E5
:109B70000368DB0710D42B689F075ED42B68190796
:109B800000F195802B685A0700F1C180E869002830
:109B900040F02C81002029E0904C636803F00C0316
:109BA000042B07D0636803F00C03082B0AD1636809
:109BB000DE0307D523689C03DDD56B68002BDAD163
:109BC000012013E06B68B3F5803F12D1236843F4A2
:109BD00080332360FFF798FE064623689803CAD4B3
:109BE000FFF792FE801B6428F7D9032002B0BDE87E
:109BF000F0819BB9236823F480332360236823F426
:109C000080232360FFF780FE064623689903B2D5C0
:109C1000FFF77AFE801B6428F7D9E6E7B3F5A02F9B
:109C2000236803D143F480232360CFE723F48033F8
:109C30002360236823F48023CBE7684C636813F028
:109C40000C0F07D0636803F00C03082B10D1636876
:109C5000DA030DD423689B0702D52B69012BAFD102
:109C600023686A6923F0F80343EAC203236085E7A7
:109C70002A695B4B6AB101221A60FFF745FE06466E
:109C800023689F07ECD4FFF73FFE801B0228F7D91B
:109C9000ABE71A60FFF738FE0646236898077FF5A2
:109CA0006DAFFFF731FE801B0228F6D99DE7AA6948
:109CB0004A4E4B4BE2B10122C3F88024FFF724FE49
:109CC0000446736A9B070DD54FF4FA52454B1B6847
:109CD000B3FBF2F3019300BF019B5A1E0192002BCC
:109CE000F9D14FE7FFF710FE001B0228E9D97CE706
:109CF000C3F88024FFF708FE0446736A9F077FF5C8
:109D000041AFFFF701FE001B0228F6D96DE7334C87
:109D1000E369D80024D40127E36943F08053E36169
:109D2000E36903F080530093009B2F4E3368D905FD
:109D300018D5EB68012B26D1236A43F00103236277
:109D4000FFF7E2FD41F288380646236A9B073FD5BC
:109D5000002F3FF41BAFE36923F08053E36115E765
:109D60000027E2E7336843F480733360FFF7CCFDEC
:109D700080463368DA05DCD4FFF7C6FDA0EB0800A7
:109D80006428F6D931E7ABB9236A41F2883823F069
:109D900001032362236A23F004032362FFF7B4FD67
:109DA0000646236A9807D3D5FFF7AEFD801B4045D2
:109DB000F7D91AE7052B236A03D143F00403236282
:109DC000BAE723F001032362236A23F00403B6E712
:109DD000FFF79AFD801B4045B7D906E70010024007
:109DE000000042423C000020007000402A4C6368A2
:109DF00003F00C03082B3ED00022284B02281A66E1
:109E00002CD1FFF781FD06462368990120D42B6AE7
:109E1000B3F5803F05D16268A96822F400320A4395
:109E20006260696A62680B4322F474121343012270
:109E300063601A4B1A66FFF767FD054623689A01AF
:109E40003FF5A8AEFFF760FD401B0228F6D9CCE62F
:109E5000FFF75AFD801B0228D6D9C6E6FFF754FD4E
:109E6000054623689B017FF595AEFFF74DFD401B2E
:109E70000228F6D9B9E601283FF4B8AE63682A6A29
:109E800003F4803191427FF49BAE6A6A03F470134D
:109E900093423FF47FAE93E600100240000042423E
:109EA0000F4A536803F00C01042914D0082914D177
:109EB0000C48C3F38341DB03405C09D553680A4A6D
:109EC000C3F340435043094AD35CB0FBF3F07047FF
:109ED000074B58437047044870470648704700BF17
:109EE00000100240FCC6000800366E010CC70008D6
:109EF00000093D0000127A002DE9F0410D460446AC
:109F000010B90120BDE8F081444A136803F007034B
:109F10008B4228D321688E0730D4CA0743D43F4AE6
:109F2000136803F00703AB4265D822683C4D12F07A
:109F3000040F6CD1130706D56B68226923F46053B4
:109F400043EAC2036B60FFF7ABFF6B68354AC3F3AC
:109F50000313D35CD840344B1860344B1868FFF7B8
:109F60009DFC0020CEE7136823F007030B4313602A
:109F7000136803F007038B42C3D1CBE7284B11F0E2
:109F8000040F1EBF5A6842F4E0625A60080742BFDD
:109F90005A6842F460525A605A68A06822F0F0028F
:109FA00002435A60B9E762681D4E012A33681AD12C
:109FB00013F4003FA5D0736841F2883823F00303FF
:109FC00013437360FFF7A0FC07467368626803F0F1
:109FD0000C03B3EB820FA2D0FFF796FCC01B4045E9
:109FE000F3D903208EE7022A02D113F0007FE1E7C4
:109FF00013F0020FDEE7136823F007032B4313600F
:10A00000136803F00703AB427FF47BAF8DE76B6807
:10A01000E16823F4E0630B436B608BE700200240B0
:10A0200000100240E4C600083C000020440000206C
:10A03000224B98420BD103F58433DA6842F00402D4
:10A04000DA60DA6822F004020020DA6070471C4B04
:10A05000984209D103F58233DA6842F00802DA60E7
:10A06000DA6822F00802EFE7164B984209D103F5AF
:10A070008033DA6842F01002DA60DA6822F0100207
:10A08000E2E7114B984209D103F57C43DA6842F0CC
:10A090002002DA60DA6822F02002D5E70B4B984202
:10A0A00009D103F57843DA6842F04002DA60DA68F1
:10A0B00022F04002C8E70120704700BF00080140BD
:10A0C000000C014000100140001401400018014044
:10A0D0002DE9F04F0D680446C5F30F2595FAA5F25A
:10A0E0004FF00F0AB2FA82F203274FF0040C4FF040
:10A0F000011E40F2011835FA02F001D1BDE8F08FDF
:10A10000012393402B4265D0072A88BFA2F10803A0
:10A110004E688ABF0EFA03F308FA02F343F0806335
:10A12000082E0ED1E0684FEA132920EA132B99FA82
:10A13000A9F9B9FA89F9086900FA09F040EA0B00AF
:10A14000E0604FEA136954F8090093FAA3FBBBFAE5
:10A150008BFB4FEA8B0B0AFA0BFB20EA0B0093FAFE
:10A16000A3FBBBFA8BFB4FEA8B0B06FA0BF60643FD
:10A1700044F80960486820F0080001282AD188685E
:10A1800093FAA3FBBBFA8BFB4FEA8B0B07FA0BFB93
:10A1900026EA0B0693FAA3FBBBFA8BFB4FEA8B0B69
:10A1A00000FA0BF0304344F80900CE6893FAA3FBA1
:10A1B000BBFA8BFB4FEA8B0B0CFA0BFB20EA0B0B69
:10A1C00093FAA3F3B3FA83F39B009E4046EA0B068F
:10A1D00044F8096001328EE7144B1A6842F001021C
:10A1E0001A601A689207FCD55A6822F003025A6076
:10A1F0005A6812F00C0FFBD11A6822F080721A60B4
:10A20000186810F00070FBD158601A6822F45022D0
:10A210001A601A6822F0F80242F080021A60986010
:10A220005A6A42F080725A62704700BF00100240C2
:10A23000034B044A5B68C3F30313D35CD8407047F5
:10A2400000100240E4C60008034B044A5B68C3F3F5
:10A250000223D35CD840704700100240F4C60008C7
:10A26000034B044A5B68C3F3C223D35CD8407047F6
:10A2700000100240F4C60008094A5368DB0341BFDE
:10A2800053680848C3F34043013348BFB0FBF3F0C1
:10A29000536858BF0448C3F383430233584370479D
:10A2A0000010024000366E0100093D00064B5B685D
:10A2B00003F00C03042B03D0082B03D1FFF7DCBF02
:10A2C00002487047024870470010024000366E0195
:10A2D00000127A0010B50146FFF7E8FF0860FFF7AB
:10A2E000A7FF48600446FFF7AFFF88602046FFF7EE
:10A2F000B7FFC86010BD00000F4B98420BD103F5AB
:10A300006043DA6842F48052DA60DA6822F48052FC
:10A31000DA6000207047094B98420AD103F5EC330C
:10A320001A6942F480421A611A6922F480421A6161
:10A33000EFE70120704700BF0030014000380040C7
:10A3400002460068F0B510F0400023D1D1E9003793
:10A350003B438F684D693B43CF6816683B430F69A9
:10A360000C6A3B438F692B433B43CF6926F47F46FE
:10A370003B43234326F0BF06334313605368B4F5D1
:10A38000005F23F0040343EA1543536001D18B8C33
:10A390001361F0BD0120FCE71A4A036890420AD01D
:10A3A000B0F1804F07D0A2F59432904203D002F56D
:10A3B0008062904215D14A6823F070031343114A1A
:10A3C00090420AD0B0F1804F07D0A2F5943290426B
:10A3D00003D002F58062904203D1CA6823F440732F
:10A3E000134303608B68C3620B888362054B9842FA
:10A3F00004BF0B690363436943F001034361002019
:10A40000704700BF002C0140B1F5807F30B500F0EF
:10A41000908005D801292AD0102958D0012030BDBC
:10A42000B1F5805FFAD1036A156823F480530362A3
:10A43000036A4468C16923F4005321F4E64141EA08
:10A440000521156943EA0533556823F4805343EA2F
:10A450000533504DA84204BF956924F48044D26866
:10A4600008BF44EA85144460C16102642CE0036AB9
:10A47000156823F001030362036A4168846923F0CD
:10A48000020324F073042C4315692B43556823F011
:10A4900001032B433F4DA84212D1556923F0080315
:10A4A00043EA8503956823F0040343EA850395692D
:10A4B00021F480712943D56921F4007141EA4501F5
:10A4C000D26841608461426303620020A7E7036AA7
:10A4D000156823F010030362036A4168846923F05E
:10A4E000200324F4E64444EA0524156943EA0513ED
:10A4F000556823F0100343EA0513264DA84213D1F3
:10A50000556923F0800343EA8513956823F04003DF
:10A5100043EA8513956921F4806141EA8501D56993
:10A5200021F4006141EAC501D2684160846182631F
:10A53000CAE7036A156823F480730362036A4168FB
:10A54000C46923F4007324F073042C43156943EAAF
:10A550000523556823F4807343EA05230D4DA84273
:10A5600013D1556923F4006343EA8523956823F4E6
:10A57000806343EA8523956921F4805141EA0511FE
:10A58000D56921F4005141EA4511D2684160C461A6
:10A59000C26399E7002C0140154B98420BD103F59B
:10A5A0005843DA6842F48042DA60DA6822F4804282
:10A5B000DA60002070470F4B98420AD103F5E6336A
:10A5C0001A6942F400321A611A6922F400321A61DF
:10A5D000EFE7094B984209D103F5E4331A6942F4D5
:10A5E00080221A611A6922F48022F0E70120704764
:10A5F00000380140004400400048004030B5C368C6
:10A6000004469B040D4685B002D5012005B030BD3F
:10A610004B68C968C2680B43296922F4B0520B43E6
:10A6200022F00C021343C3600369AA6823F4405369
:10A630001343036143696A6923F44073134343611D
:10A640006846FFF747FE134B9C4219D1039B002B32
:10A65000DBD02A68002AD8D019214B439200B3FBE3
:10A66000F2F36422B3FBF2F102FB11331B0132332C
:10A67000B3FBF2F303EB01139BB20020A360C5E729
:10A68000054B9C4201D1029BE1E7044B9C42BCD1AB
:10A69000F9E700BF00380140004400400048004096
:10A6A00008B5C0F3C7537F3B162B014615DC002BC2
:10A6B00002460BDB0B481841014205D04FF48001E4
:10A6C0001941114421EA0001084608BD013300F098
:10A6D0000041F9D141F07E51F6E7802BF4D1F5F736
:10A6E0002FFD08BDFFFF7F0070B500260C4D0D4CFF
:10A6F000641BA410A64209D100F080F800260A4D80
:10A700000A4C641BA410A64205D170BD55F8043B49
:10A7100098470136EEE755F8043B98470136F2E7D3
:10A7200010C7000810C7000810C7000818C70008A5
:10A73000034611F8012B03F8012B002AF9D17047C9
:10A74000024610B5147813460132002CFAD1013BB1
:10A7500011F8012B03F8012F002AF9D110BD03468F
:10A76000C9B2184613F8012B12B18A42F9D17047C9
:10A77000002918BF002070470A44914200F1FF33BE
:10A7800000D1704710B511F8014B914203F8014F09
:10A79000F9D110BD10B56AB10139841810F8012B38
:10A7A00011F8013F9A4203D1A04201D0002AF5D10D
:10A7B000D01A10BD1046FCE7884210B501EB020428
:10A7C00002D98442234607D8431EA14208D011F87B
:10A7D000012B03F8012FF8E7014602448A4200D119
:10A7E00010BD13F8014D02F8014DF7E7034602448E
:10A7F000934200D1704703F8011BF9E7F8B500BF99
:10A80000F8BC08BC9E467047F8B500BFF8BC08BC51
:04A810009E467047A9
:10A8140018120C1801010119190119190106060170
:10A8240006060103030103030102020102020112ED
:10A834000C01120C00206C0002206A006D007400F0
:10A844000205010202016D696E2C00206D572C0077
:10A85400322E3447003931354D003836384D003406
:10A8640033334D003730636D003836364D00445570
:10A87400414C003F003530487A003331487A00318A
:10A8840039487A00464C52430046534B003139480C
:10A894007A377800011F136F0113000000D57FAAD7
:10A8A400FE2B815429FC5683D702A87D52872DF8AC
:10A8B400AC79D3067BAE04D18550FA2FA471DB0E9C
:10A8C4005A8F25F08D58F22773A60CD9F623895C8C
:10A8D40008DD77A2DF0AA07521F45E8B9D48E2377C
:10A8E40063B61CC9B461CB1E4A9F35E0CF1AB0656C
:10A8F40031E44E9BE633994C18CD67B239EC46935C
:10A90400C712B86D10C56FBAEE3B91446BBE14C14B
:10A914009540EA3F42973DE8BC69C316EF3A90453B
:10A9240011C46EBBC613B96C38ED4792BD68C2172B
:10A9340043963CE99441EB3E6ABF15C04B9E34E11B
:10A94400B560CA1F62B71DC89C49E33619CC66B30B
:10A95400E732984D30E54F9ACE1BB16472A70DD8FB
:10A964008C59F3265B8E24F1A570DA0F20F55F8AEB
:10A97400DE0BA17409DC76A3F722885DD603A97CDB
:10A9840028FD5782FF2A805501D47EAB8451FB2ECB
:10A994007AAF05D0AD78D20753862CF9616263642F
:10A9A40065666768696A6B6C6D6E6F7071727374DB
:10A9B40075767778797A30313233343536373839B9
:10A9C4005F232D2E0000010001000200020002009E
:10A9D400030004000500060008000A000C00100033
:10A9E400140019002000280032003F0050006400C9
:10A9F4007D009E00C800FA003C019001F40176023B
:10AA04002003E803E204DC05D0076E00690063005C
:10AA14007600727700740074770000000000000074
:10AA240000000000B1110008000000000000000058
:10AA3400BD1100080000000000000000991100088A
:10AA440000010204050301020001020503046D6C08
:10AA540072732E300053657475705374617274533D
:10AA640074783452780053657475705374617274D9
:10AA74004D61726B65720021656E642100467273CC
:10AA84006B792052394D4D006D4C52530102030431
:10AA9400006D4C525304030201000A0020697271D4
:10AAA4003D7800206C733D0020727831733D0020A6
:10AAB400727832733D0040504152414D2F706172A3
:10AAC400616D2E70636B0072785F7374617475735B
:10AAD400206661696C757265006661696C2061004D
:10AAE4002000646F5F726563656976652829204379
:10AAF4004845434B5F4552524F525F53594E43575B
:10AB04004F5244005378206E6F74206F6B002E00F8
:10AB140049525120544D4F204641494C004952510D
:10AB240020525820444F4E45204641494C0049523A
:10AB34005120545820444F4E45204641494C000072
:10AB44000000000000000000391300085913000839
:10AB5400B3210008DD210008FB210008A735000807
:10AB6400000000000000000019120008CB250008B6
:10AB74009D240008E5230008BB2300087513000882
:10AB8400492400089113000815240008B51300088F
:10AB9400000000000000000019120008012800084D
:10ABA4001B1200081D1200082327000821120008A8
:10ABB40025120008291200082B1200082F12000881
:10ABC400000000000000000057450008B1450008DF
:10ABD400B9130008BD1300080000000000000000C5
:10ABE40019120008D91300081B1200081D120008CE
:10ABF40045730008C1730008C15A0008315B00089E
:10AC04002B1200082F120008414E474C4500484FB4
:10AC140052495A4F4E004E415620414C54484F4CD5
:10AC2400440048454144494E4720484F4C4400485D
:10AC340045414446524545004845414441444A0043
:10AC440043414D53544142004E4156205254480012
:10AC54004E415620504F53484F4C44004D414E55A1
:10AC6400414C00424545504552004C454453204F09
:10AC74004646004C4947485453004F5344204F46DE
:10AC8400460054454C454D45545259004155544F86
:10AC94002054554E4500424C41434B424F580046C8
:10ACA40041494C53414645004E41562057500041BE
:10ACB4004952204D4F444500484F4D45205245537D
:10ACC400455400474353204E4156004650562041B8
:10ACD4004E474C45204D4958005355524641434533
:10ACE40000464C415045524F4E005455524E20415F
:10ACF4005353495354004E4156204C41554E4348FA
:10AD040000534552564F204155544F5452494D001B
:10AD140043414D45524120434F4E54524F4C2031F4
:10AD24000043414D45524120434F4E54524F4C2015
:10AD3400320043414D45524120434F4E54524F4CF3
:10AD44002033004F534420414C542031004F53448E
:10AD540020414C542032004F534420414C54203362
:10AD6400004E415620434F5552534520484F4C44C2
:10AD7400004D43204252414B494E470055534552E2
:10AD84003100555345523200555345523300555303
:10AD9400455234004C4F49544552204348414E4794
:10ADA40045004D5350205243204F5645525249447A
:10ADB400450050524541524D00545552544C4500A3
:10ADC4004E415620435255495345004155544F2056
:10ADD4004C4556454C205452494D00575020504C38
:10ADE400414E4E455200534F4152494E47004D4942
:10ADF4005353494F4E204348414E47450042454531
:10AE0400504552204D555445004D554C544920460B
:10AE1400554E4354494F4E004D49584552205052C7
:10AE24004F46494C452032004D4958455220545212
:10AE3400414E534954494F4E00414E474C452048DA
:10AE44004F4C4400800CD007B704C71B800CB704D8
:10AE54000410020A0B06972304100B0600000000DE
:10AE6400000000003CC200082B13000014C20008BC
:10AE74000A000000000000000000000000000000C4
:10AE840000000000000000000000000000000100BD
:10AE94000A000A000E0019001100320061626364A6
:10AEA40065666768696A6B6C6D6E6F7071727374D6
:10AEB40075767778797A30313233343536373839B4
:10AEC4005F232D2E0000000000070E091C1B121525
:10AED400383F363124232A2D70777E796C6B626576
:10AEE400484F464154535A5DE0E7EEE9FCFBF2F566
:10AEF400D8DFD6D1C4C3CACD90979E998C8B828556
:10AF0400A8AFA6A1B4B3BABDC7C0C9CEDBDCD5D245
:10AF1400FFF8F1F6E3E4EDEAB7B0B9BEABACA5A235
:10AF24008F88818693949D9A2720292E3B3C353225
:10AF34001F18111603040D0A5750595E4B4C454215
:10AF44006F68616673747D7A898E878095929B9C05
:10AF5400B1B6BFB8ADAAA3A4F9FEF7F0E5E2EBECF5
:10AF6400C1C6CFC8DDDAD3D4696E676075727B7CE5
:10AF740051565F584D4A4344191E171005020B0CD5
:10AF840021262F283D3A33344E49404752555C5BC5
:10AF94007671787F6A6D64633E39303722252C2BB5
:10AFA4000601080F1A1D1413AEA9A0A7B2B5BCBBA5
:10AFB4009691989F8A8D8483DED9D0D7C2C5CCCB95
:10AFC400E6E1E8EFFAFDF4F30000000032090000C6
:10AFD40000000000010000007C2B000000000000C5
:10AFE40002000000890C00000000000004000000C2
:10AFF400ED0E030C0D00000005000000D91C01003B
:10B0040000000000060000006803000000000000CB
:10B014000700000077200000000000000800000086
:10B0240075240000000000000B0000005906010414
:10B034000000000014000000D61403020300000006
:10B04400150000009F02030001000000160000002C
:10B05400DC1900000000000017000000A81703041A
:10B064000500000018000000183400000000000073
:10B074001900000017650000000000001A0000001D
:10B08400AA180000000000001B000000901D000032
:10B09400000000001C00000043100000000000003D
:10B0A4001D00000073100000000000001E000000DE
:10B0B400271C0000000000001F000000F630000004
:10B0C4000000000020000000B91C00000000000087
:10B0D40021000000681C00000000000022000000A5
:10B0E400ED1600000000000023000000F41600002C
:10B0F4000000000024000000DE2500000000000025
:10B1040025000000D4070304050000002600000009
:10B11400090703040500000027000000FE260320A1
:10B124002100000028000000E605030203000000DF
:10B13400290000001C040302030000002A00000090
:10B144001C120000000000002B0000008403030018
:10B15400010000002C000000DD09030203000000D0
:10B164002D000000E8030300010000002E00000091
:10B174000B020000000000002F00000099080300EB
:10B1840001000000300000002915010C000000003F
:10B19400310000002714000000000000320000000D
:10B1A4004E2503121300000033000000C4050302FF
:10B1B400030000003500000003050000000000004B
:10B1C400360000000F1B03181900000037000000B0
:10B1D40003190000000000003D000000A748000023
:10B1E400000000003E000000B71A0000000000004C
:10B1F4003F00000077B500000000000040000000A0
:10B20400BFE100000000000041000000762A0000B9
:10B214000000000042000000940603020300000046
:10B224004300000015040000000000004500000079
:10B23400F31E010A00000000460000007C260310F3
:10B244001100000049000000262603202100000010
:10B254004A00000014140000000000004B0000002D
:10B264009E23031E1F0000004C0000009821031EB3
:10B274001F0000004D0000008F0A030809000000B1
:10B28400500000000E0403020300000051000000FF
:10B294006A1600000000000052000000313303244D
:10B2A40025000000530000001625000000000000E7
:10B2B400540000008F3503323300000055000000B5
:10B2C4008C330000000000005600000005350332F6
:10B2D4003300000057000000963300000000000017
:10B2E40059000000E71C0000000000005A000000A4
:10B2F400B7380000000000005B0000003F2A000097
:10B30400000000005C000000362100000000000086
:10B314005D0000002F5100000000000064000000E8
:10B32400AF22000000000000650000006675000008
:10B3340000000000660000009E7500000000000090
:10B3440067000000D0390000000000006800000021
:10B354003874000000000000690000005D3F000038
:10B36400000000006A0000008A2C000000000000B9
:10B374006B0000006C410000000000006C00000045
:10B38400205C0000000000006D000000B90900000E
:10B39400000000006E00000054FE030102000000E3
:10B3A4006F00000022120310110000007000000062
:10B3B400AE0C000000000000710000007C270000BB
:10B3C4000000000072000000ED2C000000000000EE
:10B3D400730000000440000000000000740000003E
:10B3E4004C180000000000007500000080060304F3
:10B3F4000500000076000000380E00000000000088
:10B4040077000000740C030A0B00000078000000B1
:10B41400866100000000000079000000ED020300D6
:10B42400010000007A000000CB02030001000000CC
:10B434007B000000FA710300010000007C000000A2
:10B4440057390000000000007D000000CB0600001A
:10B45400000000007E000000DC51034F500000009B
:10B464007F0000001923000000000000800000009D
:10B47400E223000000000000810000002E180000FC
:10B4840000000000820000001D0D0000000000000C
:10B4940083000000DFFF00000000000084000000C3
:10B4A400552700000000000085000000061200007F
:10B4B4000000000086000000E52B000000000000F2
:10B4C40087000000CB080000000000008800000096
:10B4D400011600000000000089000000C3100000F5
:10B4E400000000008A0000006D78000000000000E9
:10B4F4008B000000A82B03292A0000008C00000008
:10B50400B5290000000000008D0000002F2000007D
:10B51400000000008E00000048F30000000000005E
:10B524008F00000083100000000000009000000065
:10B534007F5D0000000000009200000067640000CE
:10B5440000000000930000009A3600000000000094
:10B5540094000000B24E00000000000095000000BE
:10B56400C83C00000000000096000000862A00008D
:10B574000000000097000000DB080306070000003D
:10B5840098000000D00800000000000099000000AE
:10B59400BC0C0000000000009A000000540F0306D9
:10B5A400070000009B000000160D030405000000C6
:10B5B4009C00000013060300010000009D00000031
:10B5C400150F030C0D0000009E000000860F030CF5
:10B5D4000D000000A00000004E0C0308090000004C
:10B5E400A10000004403030001000000A2000000C9
:10B5F400BD09000000000000A30000007F1C000043
:10B6040000000000A40000009A2C000000000000CC
:10B61400A50000001503000000000000A6000000C3
:10B624001509000000000000A700000090160000AB
:10B6340000000000A8000000010C00000000000051
:10B64400A9000000EA12000000000000AA000000A7
:10B654004922000000000000AB000000B5420000D9
:10B6640000000000AC0000001662000000000000B2
:10B67400AD0000005308000000000000AE00000010
:10B68400A730000000000000AF0000008A13030E82
:10B694000F000000B0000000EA03030001000000F6
:10B6A400B1000000F014000000000000B20000002F
:10B6B4002F18000000000000B3000000BD1D011A97
:10B6C40000000000B4000000342F012A0000000034
:10B6D400B5000000AE04000000000000B600000049
:10B6E400E528000000000000B70000005502030038
:10B6F40001000000B80000009FCE03040500000014
:10B70400B9000000BA07030405000000BA000000F5
:10B71400481D030001000000BF0000005C1B000086
:10B7240000000000C00000002436000000000000FB
:10B73400C1000000471A000000000000C200000021
:10B744006221000000000000C30000007825000012
:10B7540000000000C8000000862A03282900000019
:10B76400C9000000CD0E030C0D000000D60000003F
:10B774004508030607000000D70000006503000029
:10B7840000000000D80000003203030001000000A4
:10B79400D9000000CA06000000000000DA00000022
:10B7A4001107030001000000DB000000A2020000FA
:10B7B40000000000DC000000222000000000000067
:10B7C400DD000000472A000000000000DE00000049
:10B7D4000F03000000000000DF000000772F032AA1
:10B7E4002B000000E0000000662D032A2B0000005F
:10B7F400E1000000D049000000000000E200000069
:10B80400CF08000000000000E6000000A32A0000AA
:10B8140000000000E70000006928000000000000AC
:10B82400E80000009741000000000000E90000006B
:10B8340023B6000000000000EA0000009628000083
:10B8440000000000EB000000B32A0000000000002C
:10B85400F10000005A20000000000000F200000087
:10B86400683C000000000000F3000000553D013476
:10B8740000000000F40000005F060000000000006B
:10B88400F50000008202000000000000F600000045
:10B89400B826000000000000F7000000511300006B
:10B8A40000000000F800000008FE0303040000008C
:10B8B400F9000000CC24000000000000FA000000A1
:10B8C400311E000000000000FB000000AA1200006E
:10B8D40000000000FC0000002C120000000000002A
:10B8E400FD0000005336000000000000FE000000D0
:10B8F4002E0900000000000000010000472A030890
:10B90400090000000101000083090000000000009C
:10B9140002010000BBE80300010000000301000075
:10B924005CED00000000000004010000920E000025
:10B934000000000005010000B33D0000000000000D
:10B94400060100000C1700000000000007010000C1
:10B9540085FF000000000000080100003120000005
:10B9640000000000090100001A140000000000009B
:10B974000A010000C1FF0302030000000B010000E4
:10B9840023FF0302030000000C0100000E04030265
:10B99400030000000D0100006DD70000000000004E
:10B9A4000E0100003B140000000000000F01000025
:10B9B4001635000000000000130100007E20000086
:10B9C400000000001401000012320000000000001A
:10B9D400150100003E1E00000000000018010000D8
:10B9E400462100000000000019010000300D000095
:10B9F400000000001A0100007B2303202100000046
:10BA04001B0100004A910000000000001C0100001E
:10BA14006320031E1F0000001D010000893103265E
:10BA2400270000001E010000D23903323300000059
:10BA34001F0100000117031415000000200100007D
:10BA4400141703141500000022010000FB2E00004F
:10BA540000000000230100000A390000000000007B
:10BA640024010000E3DF031819000000270100008F
:10BA7400EA0C00000000000028010000322300004E
:10BA8400000000002B010000136200000000000011
:10BA94002C010000D9160000000000002D01000058
:10BAA400F33A000000000000360100001C11000001
:10BAB40000000000370100005F7400000000000077
:10BAC40040010000F31403020300000041010000E0
:10BAD400580203000100000042010000F395000039
:10BAE40000000000430100004E9303000100000029
:10BAF4004401000084920000000000004A0100009C
:10BB040017A70000000000004B0100005BE90000E3
:10BB1400000000004C010000ECEF000000000000F9
:10BB24004D010000E76D0000000000004E01000020
:10BB3400480A0000000000004F010000E118000066
:10BB44000000000050010000F55400000000000057
:10BB540053010000C705000000000000540100006C
:10BB6400634600000000000059010000D1150302E3
:10BB7400030000005E010000E8FC0000000000007B
:10BB840062010000D20E030C0D00000063010000EE
:10BB9400060C000000000000680100000B19000002
:10BBA40000000000690100005D21000000000000A9
:10BBB40071010000971800000000000072010000ED
:10BBC4004B6D000000000000730100000A1A000021
:10BBD40000000000740100001A8C00000000000046
:10BBE40075010000752A00000000000077010000C4
:10BBF400FB8C00000000000078010000C708000072
:10BC0400000000007C010000E814000000000000B7
:10BC140081010000938503020300000082010000FB
:10BC24008410030405000000830100000448030499
:10BC34000500000084010000082503202100000005
:10BC4400860100009CF00000000000008B01000051
:10BC540000D40000000000008C01000032A00000AD
:10BC6400000000008D010000B66C00000000000020
:10BC7400900100006EFE0304050000009101000025
:10BC8400B7060304050000009A010000A035000077
:10BC9400000000009B0100006A0300000000000097
:10BCA4009C01000021060304050000009D01000022
:10BCB4004D070304050000009E0100006D10000004
:10BCC400000000009F010000A1100000000000001F
:10BCD400A40100001449030607000000B30100009A
:10BCE400862E000000000000B4010000C10900001D
:10BCF40000000000B50100001E010000000000006B
:10BD0400B80100004223000000000000B901000057
:10BD1400A911000000000000FE010000F56A000007
:10BD240000000000FF0100001C47000000000000AC
:10BD340000020000B802000000000000421F0000E2
:10BD4400DA10000000000000431F0000E729000093
:10BD540000000000441F0000AC620000000000006E
:10BD6400451F0000FB26000000000000461F0000E5
:10BD7400610E000000000000471F0000402000008A
:10BD840000000000481F0000EA210000000000003D
:10BD9400491F000090100000000000004A1F00002E
:10BDA4009B290000000000004B1F000014660000E7
:10BDB400000000004C1F00003610000000000000CE
:10BDC4004D1F0000DE2E0000000000004E1F00008A
:10BDD400C80E0000000000004F1F000017180000EC
:10BDE40000000000501F0000951200000000000039
:10BDF4002823000071890000000000002D230000AA
:10BE0400752200000000000011270000D11400007A
:10BE14000000000012270000BA2900000000000002
:10BE24001327000004010000000000001427000094
:10BE340085090000000000001527000067090000C4
:10BE44000000000016270000C104000000000000EC
:10BE54001727000047110000000000001827000009
:10BE6400F00E000000000000A7270000C3550000EA
:10BE740000000000F82A00008634030405000000D6
:10BE8400F92A00000F88000000000000FA2A0000D0
:10BE9400EAB4030405000000FB2A0000400500008A
:10BEA40000000000FC2A00000BE803080900000061
:10BEB400FD2A00005DE6000000000000022B0000E7
:10BEC4002E31000000000000032B00006A2C00004B
:10BED400000000000C2B0000CD100000000000004A
:10BEE400162B0000902C000000000000172B00000F
:10BEF400852C000000000000182B0000552C0000C9
:10BF040000000000192B0000C325031011000000DD
:10BF14001A2B00004F050000000000001B2B00003E
:10BF240080080304050000001C2B0000B12200005F
:10BF3400000000001D2B0000821C00000000000017
:10BF44001E2B00002F260000000000001F2B000005
:10BF54008E09000000000000202B0000842C00004B
:10BF640000000000212B0000D02C00000000000085
:10BF7400222B0000C92C000000000000232B00002D
:10BF8400C12C000000000000242B0000BD2C000088
:10BF940000000000342B0000A24E0000000000004E
:10BFA40064320000722C03000100000065320000BE
:10BFB400FE3B031E1F000000663200008C350304A4
:10BFC4000500000067320000F92E030001000000A4
:10BFD400683200004D36031C1D0000006932000069
:10BFE400312B030001000000733200005EF90300EE
:10BFF40001000000763200008B33000000000000D6
:10C00400773200000712031011000000783200009C
:10C0140014050000000000006842000067B300003F
:10C0240000000000FE4200001A2100000000000091
:10C03400FF4200004810000000000000014300001F
:10C044001311000000000000024300005911000019
:10C0540000000000034300001B0A00000000000071
:10C06400044300000E5B00000000000005430000D4
:10C07400BB54000000000000064300006A180000E2
:10C084000000000010A40000E30100000000000014
:10C0940011A40000EF2E00000000000051C30000B6
:10C0A400F62000000000000052C30000B5F60000B6
:10C0B4000000000053C300003E1300000000000015
:10C0C40054C30000F00A03080900000055C300002F
:10C0D400980603040500000020CB00000D64000056
:10C0E4000000000021CB0000EF0100000000000070
:10C0F40015CD0000F01100000000000016CD000076
:10C10400584E00000000000017CD000060550000EC
:10C114000000000018CD0000B11C00000000000069
:10C1240019CD0000D73200000000000078CD0000D7
:10C13400B52603202100000079CD0000662400000C
:10C144000000000060EA000004160314150000005B
:10C154006AEA0000D0210000000000006BEA000041
:10C16400B7070000000000006CEA0000632403200D
:10C17400210000006DEA000081180314150000007E
:10C184006EEA0000860803040500000074EA00005B
:10C19400CA0400000000000088EA00009CF50000CA
:10C1A4000000000089EA0000BFFF0000000000005A
:10C1B4008DEA00000E170302030000008EEA00005F
:10C1C400AB1C0308090000008FEA000037070000D9
:10C1D4000000000091EA0000610C00000000000073
:10C1E40092EA0000DC0E00000000000093EA000068
:10C1F400F51800000000000094EA0000652C00001F
:10C204000000000095EA00002D0600000000000078
:10C2140099D1D70033F3D700CC14D8006636D800B0
:10C224000058D8009979D800339BD800CCBCD800EA
:10C2340066DED8000000D9009999E10000C0E10051
:10C2440066E6E100CC0CE2003333E2009959E200E7
:10C254000080E20066A6E200CCCCE20033F3E20008
:10C264009919E3000040E3006666E300CC8CE30028
:10C2740033B3E30099D9E3000000E4006626E40048
:10C28400CC4CE4003373E4009999E40000C0E4006A
:10C2940066E6E400CC0CE5003333E5009959E5008B
:10C2A4000080E50066A6E500CCCCE50033F3E500AC
:10C2B4009919E6000040E6006666E600CC8CE600CC
:10C2C40033B3E60099D9E6000000E7006626E700EC
:10C2D400CC4CE7003373E7009999E70000C0E7000E
:10C2E40066E6E7000000891112239B322446AD570D
:10C2F4003665BF74488CC19D5AAFD3BE6CCAE5DBAA
:10C304007EE9F7F88110080193331A22A5562C47C9
:10C31400B7753E64C99C408DDBBF52AEEDDA64CB89
:10C32400FFF976E802218B30100299132667AF7665
:10C334003444BD554AADC3BC588ED19F6EEBE7FA69
:10C344007CC8F5D983310A2091121803A7772E6689
:10C35400B5543C45CBBD42ACD99E508FEFFB66EA49
:10C36400FDD874C904428D5316619F702004A91529
:10C374003227BB364CCEC5DF5EEDD7FC6888E19929
:10C384007AABF3BA85520C4397711E60A114280549
:10C39400B3373A26CDDE44CFDFFD56ECE998608909
:10C3A400FBBB72AA06638F7214409D512225AB34E5
:10C3B4003006B9174EEFC7FE5CCCD5DD6AA9E3B8E9
:10C3C400788AF19B87730E6295501C41A3352A2409
:10C3D400B1163807CFFF46EEDDDC54CDEBB962A8C9
:10C3E400F99A708B088481951AA793B62CC2A5D3A9
:10C3F4003EE1B7F04008C919522BDB3A644EED5FB9
:10C40400766DFF7C899400859BB712A6ADD224C3B8
:10C41400BFF136E0C1184809D33B5A2AE55E6C4F98
:10C42400F77D7E6C0AA583B4188691972EE3A7F254
:10C434003CC0B5D14229CB38500AD91B666FEF7E78
:10C44400744CFD5D8BB502A499961087AFF326E278
:10C45400BDD034C1C3394A28D11A580BE77F6E6E58
:10C46400F55C7C4D0CC685D71EE597F42880A19118
:10C474003AA3B3B2444ACD5B5669DF78600CE91D38
:10C48400722FFB3E8DD604C79FF516E4A990208138
:10C49400BBB332A2C55A4C4BD7795E68E11C680D18
:10C4A400F33F7A2E0EE787F61CC495D52AA1A3B0D4
:10C4B4003882B193466BCF7A5448DD59622DEB3CF8
:10C4C400700EF91F8FF706E69DD414C5ABB122A0F8
:10C4D400B9923083C77B4E6AD5585C49E33D6A2CD8
:10C4E400F11E780F6090020C015B00011C570000E4
:10C4F40090FF0000B9AD0008000000000CAC00087B
:10C504000200000012AC0008030000001AAC00088E
:10C514000400000026AC00080500000033AC00084D
:10C52400060000003CAC0008FF00000044AC00081A
:10C53400FF0000004CAC00080700000054AC0008E9
:10C544000800000060AC00080900000067AC0008A7
:10C55400FF0000006EAC0008FF00000077AC00088C
:10C56400FF0000007EAC0008FF00000086AC00085D
:10C57400FF00000090AC00080A0000009AAC00081C
:10C58400FF000000A3AC000801000000ACAC0008F0
:10C594000B000000B3AC00080C000000BCAC0008A9
:10C5A400FF000000C7AC0008FF000000CFAC00088B
:10C5B400FF000000DDAC0008FF000000E5AC00084F
:10C5C4000D000000EEAC00080E000000FAAC0008FC
:10C5D4000F00000005AD0008FF00000014AD0008C6
:10C5E400FF00000025AD0008FF00000036AD000884
:10C5F400FF00000047AD0008FF00000051AD000837
:10C60400FF0000005BAD0008FF00000065AD0008FE
:10C614001000000075AD0008FF00000080AD0008A8
:10C62400FF00000086AD0008FF0000008CAD00088C
:10C63400FF00000092AD0008FF00000098AD000864
:10C64400FF000000A6AD0008FF000000B6AD000822
:10C65400FF000000BDAD000811000000C4AD0008DB
:10C6640012000000CFAD0008FF000000DFAD00089D
:10C67400FF000000EAAD000813000000F2AD00085E
:10C68400FF00000001AE0008FF0000000DAE00082E
:10C69400FF0000001CAE0008FF0000002CAE0008E4
:10C6A400FF0000003DAE0008140000000000000080
:10C6B40000000000CD880008CF880008B9130008E6
:10C6C400BD1300080000000000000000000000008E
:10C6D4000000000000000000A9920008D9920008A0
:10C6E400000000000000000001020304060708091E
:10C6F4000000000001020304020304050607080900
:0CC704000A0B0C0D0E0F101001020000BB
:08C71000D1070008258800088C
:04C71800A907000865
:10C71C0079AA000816AA000819AA00081BAA000882
:10C72C000EAA000810AA000812AA000814AA0008F1
:10C73C0090BADCFE785634120A0000009CAB00085C
:10C74C00FF000000E4AB00086CAB00080024F40010
:08C75C000100000010000000C4
:040000050800983126
:00000001FF
