:020000040800F2
:1000000000C001201D120108451101084711010817
:10001000491101084B1101084D11010800000000B1
:100020000000000000000000000000004F11010867
:100030005111010800000000531101085511010879
:100040006D1201086D1201086D1201086D12010890
:100050006D1201086D1201086D12010891E8000887
:100060006D1201086D1201086D1201083D4800086B
:10007000314800086D1201086D1201086D12010867
:100080006D1201086D1201086D1201086D12010850
:100090006D1201086D1201086D1201086D12010840
:1000A0006D120108656300086D1201086D120108E8
:1000B0006D120108B14900086D1201086D120108A6
:1000C0006D1201086D1201086D1201086D12010810
:1000D0006D120108913F0008517C00082942000878
:1000E0006D1201086D1201086D1201086D120108F0
:1000F0006D1201086D1201086D1201086D120108E0
:10010000000000006D120108000000006D120108DF
:10011000A93C00086D1201086D1201086D1201085A
:100120006D1201086D1201086D1201086D120108AF
:100130006D12010800000000000000006D120108AF
:100140006D1201086D12010800000000000000009F
:10015000000000000000000000000000000000009F
:100160000000000000000000000000006D12010807
:100170006D1201086D1201086D1201086D1201085F
:100180006D1201086D12010800000000000000005F
:1001900000000000000000006D1201086D1201084F
:1001A00000000000000000006D1201081145000869
:1001B00019480008254800086D1201086D12010851
:1001C0006D1201086D1201086D1201086D1201080F
:0801D0006D1201086D12010817
:1001E00010F8012B11F8013B012A28BF9A42F7D0E1
:1001F000D01A7047034613F8012B002AFBD1181AB6
:1002000001387047000000000000000000000000FE
:1002100001F0FF01102A2BDB10F0070F08D010F8B7
:10022000013B013A8B422DD010F0070F42B3F6D1BB
:10023000F0B441EA012141EA014122F007047FF0D4
:1002400000070023F0E80256083C85EA010586EA2B
:10025000010685FA47F5A3FA87F586FA47F6A5FA67
:1002600087F68EB9EED1F0BC01F0FF0102F0070273
:1002700032B110F8013B013A83EA010313B1F8D11E
:100280000020704701387047002D06BF35460338FF
:10029000073815F0010F07D1013015F4807F02BF38
:1002A000013015F4C03F0130F0BC0138704700BF89
:1002B00081F0004102E000BF83F0004330B54FEA17
:1002C00041044FEA430594EA050F08BF90EA020F84
:1002D0001FBF54EA000C55EA020C7FEA645C7FEA17
:1002E000655C00F0E2804FEA5454D4EB5555B8BF3A
:1002F0006D420CDD2C4480EA020281EA030382EAAB
:10030000000083EA010180EA020281EA0303362D3C
:1003100088BF30BD11F0004F4FEA01314FF4801C0F
:100320004CEA113102D0404261EB410113F0004F21
:100330004FEA03334CEA133302D0524263EB4303D8
:1003400094EA050F00F0A780A4F10104D5F1200E76
:100350000DDB02FA0EFC22FA05F2801841F10001D1
:1003600003FA0EF2801843FA05F359410EE0A5F1A5
:1003700020050EF1200E012A03FA0EFC28BF4CF0D6
:10038000020C43FA05F3C01851EBE37101F000458C
:1003900007D54FF0000EDCF1000C7EEB00006EEB99
:1003A0000101B1F5801F1BD3B1F5001F0CD3490823
:1003B0005FEA30004FEA3C0C04F101044FEA44527A
:1003C00012F5800F80F09A80BCF1004F08BF5FEA01
:1003D000500C50F1000041EB045141EA050130BDE1
:1003E0005FEA4C0C404141EB0101013C28BFB1F5F3
:1003F000801FE9D291F0000F04BF01460020B1FA3E
:1004000081F308BF2033A3F10B03B3F120020CDA10
:100410000C3208DD02F1140CC2F10C0201FA0CF0EE
:1004200021FA02F10CE002F11402D8BFC2F1200C53
:1004300001FA02F120FA0CFCDCBF41EA0C01904009
:10044000E41AA2BF01EB0451294330BD6FEA040452
:100450001F3C1CDA0C340EDC04F11404C4F120023D
:1004600020FA04F001FA02F340EA030021FA04F34F
:1004700045EA030130BDC4F10C04C4F1200220FAA6
:1004800002F001FA04F340EA0300294630BD21FAE4
:1004900004F0294630BD94F0000F83F4801306BFAA
:1004A00081F480110134013D4EE77FEA645C18BF9E
:1004B0007FEA655C29D094EA050F08BF90EA020F35
:1004C00005D054EA000C04BF1946104630BD91EA2D
:1004D000030F1EBF0021002030BD5FEA545C05D130
:1004E0004000494128BF41F0004130BD14F580046F
:1004F0003CBF01F5801130BD01F0004545F0FE41E3
:1005000041F470014FF0000030BD7FEA645C1ABF17
:10051000194610467FEA655C1CBF0B46024650EA4E
:10052000013406BF52EA033591EA030F41F400217A
:1005300030BD00BF90F0000F04BF0021704730B500
:100540004FF4806404F132044FF000054FF00001D5
:1005500050E700BF90F0000F04BF0021704730B596
:100560004FF4806404F1320410F0004548BF40426B
:100570004FF000013EE700BF42004FEAE2014FEAC0
:1005800031014FEA02701FBF12F07F4393F07F4F9B
:1005900081F06051704732F07F4208BF704793F09E
:1005A0007F4F04BF41F40021704730B54FF46074B1
:1005B00001F0004521F000411CE700BF50EA0102B4
:1005C00008BF704730B54FF000050AE050EA01025D
:1005D00008BF704730B511F0004502D5404261EBCD
:1005E00041014FF4806404F132045FEA915C3FF40E
:1005F000D8AE4FF003025FEADC0C18BF03325FEAAB
:10060000DC0C18BF033202EBDC02C2F1200300FA5B
:1006100003FC20FA02F001FA03FE40EA0E0021FA80
:1006200002F11444BDE600BF70B54FF0FF0C4CF46E
:10063000E06C1CEA11541DBF1CEA135594EA0C0F20
:1006400095EA0C0F00F0DEF82C4481EA030621EA5B
:100650004C5123EA4C5350EA013518BF52EA033596
:1006600041F4801143F4801338D0A0FB02CE4FF048
:100670000005E1FB02E506F00042E0FB03E54FF078
:100680000006E1FB03569CF0000F18BF4EF0010E70
:10069000A4F1FF04B6F5007F64F5407404D25FEA6C
:1006A0004E0E6D4146EB060642EAC62141EA55511F
:1006B0004FEAC52040EA5E504FEACE2EB4F1FD0C61
:1006C00088BFBCF5E06F1ED8BEF1004F08BF5FEADF
:1006D000500E50F1000041EB045170BD06F0004691
:1006E00046EA010140EA020081EA0301B4EB5C043E
:1006F000C2BFD4EB0C0541EA045170BD41F4801136
:100700004FF0000E013C00F3AB8014F1360FDEBF5A
:10071000002001F0004170BDC4F10004203C35DA36
:100720000C341BDC04F11404C4F1200500FA05F3B9
:1007300020FA04F001FA05F240EA020001F000425A
:1007400021F0004110EBD37021FA04F642EB0601D0
:100750005EEA430E08BF20EAD37070BDC4F10C04FA
:10076000C4F1200500FA04F320FA05F001FA04F2BE
:1007700040EA020001F0004110EBD37041F10001AA
:100780005EEA430E08BF20EAD37070BDC4F12005B5
:1007900000FA05F24EEA020E20FA04F301FA05F21D
:1007A00043EA020321FA04F001F0004121FA04F2C5
:1007B00020EA020000EBD3705EEA430E08BF20EA95
:1007C000D37070BD94F0000F0FD101F000464000CF
:1007D00041EB010111F4801F08BF013CF7D041EA51
:1007E000060195F0000F18BF704703F00046520055
:1007F00043EB030313F4801F08BF013DF7D043EA26
:100800000603704794EA0C0F0CEA135518BF95EADB
:100810000C0F0CD050EA410618BF52EA4306D1D162
:1008200081EA030101F000414FF0000070BD50EA81
:10083000410606BF1046194652EA430619D094EA0B
:100840000C0F02D150EA013613D195EA0C0F05D1F5
:1008500052EA03361CBF104619460AD181EA030149
:1008600001F0004141F0FE4141F470014FF0000001
:1008700070BD41F0FE4141F4780170BD70B54FF09C
:10088000FF0C4CF4E06C1CEA11541DBF1CEA13551C
:1008900094EA0C0F95EA0C0F00F0A7F8A4EB0504FE
:1008A00081EA030E52EA03354FEA013100F08880F5
:1008B0004FEA03334FF0805545EA131343EA1263BE
:1008C0004FEA022245EA111545EA10654FEA002673
:1008D0000EF000419D4208BF964244F1FD0404F52C
:1008E000407402D25B084FEA3202B61A65EB030588
:1008F0005B084FEA32024FF480104FF4002CB6EB45
:10090000020E75EB030E22BFB61A754640EA0C00C4
:100910005B084FEA3202B6EB020E75EB030E22BF04
:10092000B61A754640EA5C005B084FEA3202B6EB45
:10093000020E75EB030E22BFB61A754640EA9C0004
:100940005B084FEA3202B6EB020E75EB030E22BFD4
:10095000B61A754640EADC0055EA060E18D04FEA92
:10096000051545EA16754FEA06164FEAC30343EA32
:1009700052734FEAC2025FEA1C1CC0D111F4801FFF
:100980000BD141EA00014FF000004FF0004CB6E7F8
:1009900011F4801F04BF01430020B4F1FD0C88BF97
:1009A000BCF5E06F3FF6AFAEB5EB030C04BFB6EBA2
:1009B000020C5FEA500C50F1000041EB045170BD95
:1009C0000EF0004E4EEA113114EB5C04C2BFD4EBC2
:1009D0000C0541EA045170BD41F480114FF0000E46
:1009E000013C90E645EA060E8DE60CEA135594EAC2
:1009F0000C0F08BF95EA0C0F3FF43BAF94EA0C0FC5
:100A00000AD150EA01347FF434AF95EA0C0F7FF439
:100A100025AF104619462CE795EA0C0F06D152EA8D
:100A200003353FF4FDAE1046194622E750EA410671
:100A300018BF52EA43067FF4C5AE50EA41047FF482
:100A40000DAF52EA43057FF4EBAE12E74A0011D234
:100A500012F5001211D20DD56FF47873B3EB625218
:100A60000ED44FEAC12343F0004343EA505323FA24
:100A700002F070474FF00000704750EA013002D199
:100A80004FF0FF3070474FF0000070477BB972B9EC
:100A90000029BEBF00204FF0004106E008BF00283B
:100AA0001CBF6FF000414FF0FF3000F057B8ADF1C0
:100AB000080C6DE904CE002909DB002B1ADB15F0C8
:100AC00091FDDDF804E0DDE9022304B07047404207
:100AD00061EB4101002B1BDB15F084FDDDF804E028
:100AE000DDE9022304B0404261EB4101524263EB75
:100AF00043037047524263EB430315F073FDDDF887
:100B000004E0DDE9022304B0404261EB410170479B
:100B1000524263EB430315F065FDDDF804E0DDE9C7
:100B2000022304B0524263EB4303704753B94AB9FE
:100B3000002908BF00281CBF4FF0FF314FF0FF30E5
:100B400000F00CB8ADF1080C6DE904CE15F04AFDCB
:100B5000DDF804E0DDE9022304B07047704700BF10
:100B60000348044B834202D0034B03B1184770473C
:100B70003003002030030020000000000548064B31
:100B80001B1AD90F01EBA301491002D0034B03B18B
:100B90001847704730030020300300200000000099
:100BA00010B5064C237843B9FFF7DAFF044B13B1B5
:100BB0000448AFF300800123237010BD30030020F0
:100BC00000000000AC68010808B5054B1BB10549E1
:100BD0000548AFF30080BDE80840FFF7CFBF00BF76
:100BE0000000000034030020AC68010800224270BD
:100BF00082700122C270B1FA81F1022249090271A8
:100C0000032201704271704743788B421FD0012943
:100C100041700AD0022910D0C1B90123C37081707C
:100C200002230371032343717047037843B1012307
:100C300083700223C3700023F3E70378002BF6D000
:100C4000022383700023C3700123EAE7FEE77047A5
:100C500082B00B88ADF800304B88ADF802308B883D
:100C6000ADF80430CB88ADF806300239431C0530AE
:100C700013F8012F0DF1080C0CEB4202834232F8FD
:100C8000082C21F8022FF3D102B0704710B50C46A2
:100C90001146FFF7B9FF2146BDE81040FFF7D8BF66
:100CA0000B4B10B54FF07F32C0E923234FF47F4345
:100CB000A0F89430FF23044680F89630983000F076
:100CC00088FC002384F8A43084F8A83010BD00BF4D
:100CD000FFFF7F0013B504461146CDE9002300F065
:100CE0009EFC009904F1140000F099FC009904F1B5
:100CF000280000F094FC009904F13C0000F08FFC07
:100D0000009904F1500000F08AFC009904F164009D
:100D100000F085FC009904F1780000F080FC019A55
:100D20004FF4FA734FF4FA6104F1980000F03CFCC0
:100D30002046FFF7B5FF002384F8A5304FF47F432A
:100D4000A4F8A63002B010BD022380F8A830704786
:100D5000704700F06BBC143000F068BC08B5503030
:100D600000F06EFC292200F11403B3FBF2F313F040
:100D7000FF0302D1031E18BF0123184608BD08B5A2
:100D8000643000F05DFC292200F11403B3FBF2F3A0
:100D900013F0FF0302D1031E18BF0123184608BD3C
:100DA00090F8903013B990F98C00704790F98D004D
:100DB000704790F8903013B990F98E00704790F911
:100DC0008F00704710B504460DF08EFE50B194F8B8
:100DD000A83043B904F13C0000F02CFC012838BFD6
:100DE0000120C0B210BD6420FCE790F8A83013B910
:100DF00090F89300704764207047783000F022BC70
:100E0000783000F027BC10B5044600F0E9FB04F18F
:100E1000140000F0E5FB04F1280000F0E1FB04F110
:100E20003C0000F0DDFB04F1500000F0E5FB04F1B4
:100E3000640000F0E1FB04F1780000F0E3FB94F8BB
:100E4000A83013B1013B84F8A83010BD7F2807D02B
:100E5000002807DA10F1800F06D04042C0B2704778
:100E600000207047012070477F20704710B140423A
:100E700040B270477F2070477F280FD010F1310FAC
:100E80000EDA10F1780F0DDB7830FE2340B25843B4
:100E900023304623B0FBF3F0C0B27047FF20704709
:100EA000FE20704700207047012805DD40F2FE73E8
:100EB000984203DC80B270470120704740F2FF7017
:100EC0007047A0F57870C0EBC02040F2AE7390FB85
:100ED000F3F000F58060FFF7E7BFFFF7F2BF0328EC
:100EE00012DD0C2812DD0F2812DD122812DD162863
:100EF00012DD192812DD1C2812DD1F2812DD212821
:100F0000CCBFFF20062070470020704701207047AB
:100F10000220704708207047032070470720704761
:100F2000042070470520704705289ABF014B185CC4
:100F3000FF2070472069010805289ABF014B185C03
:100F4000FF207047266901087F2803D0002803DAB4
:100F5000C0B2704700207047FF2070477F2811D033
:100F600010F1320F10DA884210DD401A6423C1F10B
:100F7000FF21584301F57F01CE31313090FBF1F074
:100F8000C0B27047FF207047642070470020704750
:100F9000014B4140585C70472C6901085AB110B4AC
:100FA000054C0A4411F8013B58408A42205CF9D1B3
:100FB0005DF8044B704770472C690108392808D840
:100FC00022280ED9094B2338C0B2C34003F00100D8
:100FD00070475F2807D0613819288CBF0020012096
:100FE0007047002070470120704700BF01EC7F0070
:100FF000F8B50246451E461D00245F2715F8010F6F
:10100000FF2804BF0134E4B2FFF7D8FF00B92F7006
:10101000AE42F3D1062C04D119B10B6813608B8852
:10102000938000239371F8BD2DE9F843DFF83490E5
:10103000471E441D012500264FF0280817F8011F00
:10104000084814F09CF9034610B1A0EB0903DBB289
:10105000A3FB05329E19A742A5FB0853EED13046EB
:10106000BDE8F8832C6A010810B54179A1F1300080
:10107000C3B2092B07D80523B0FBF3F303EB8303BB
:10108000C01AC0B210BD044C204614F078F90028F4
:10109000F1D0001BC0B2EEE72C6A0108F0B5094B95
:1010A000094F821D2826B1FBF3F4272C94BF3D5D28
:1010B000302502F8015D824203FB1411B3FBF6F305
:1010C000F1D1F0BD00801A062C6A010870B5044603
:1010D000FFF790F802B20023551E18B2A84204FA96
:1010E00083F104DA265C302E03F10103F5D0121AE5
:1010F00001322046BDE8704014F072BB2DE9F04784
:10110000432B28BF432396B00C46154600211A46B0
:101110009846074614F07EFB0021412205A8049161
:1011200014F078FBDFF87C90DFF87CA004EB450539
:10113000AC4210D104A8FFF75DF828B100F15803C4
:101140006B44002203F8492C04A9384614F000F936
:1011500016B0BDE8F08734F9020B47F6FF739842EA
:10116000E8D0002812DC5146684614F0F1F804A8D3
:10117000FFF740F806466846FFF73CF80644B045DE
:10118000D6D3694604A814F0EBF8D1E7694680B2DB
:101190000FF04BFB6846FFF799FF4946684614F08D
:1011A000DFF8E4E71B69010816690108F0B589B0AA
:1011B0006D4600242F468E1CE1B28A4204D839467F
:1011C000FFF79CFF09B0F0BD36F8241025F8021B8C
:1011D0000134F1E742F210736421B0FBF3F203FB38
:1011E0001200B0FBF1F301FB130000EB023000EB47
:1011F000831080B27047020B00F03F0342F210717F
:1012000001FB0233C0F38510642202FB00307047FB
:101210002DE9F04142F2107388B0B1FBF3F603FB05
:1012200016141F49DFF87C80054614F091F86946D2
:10123000F0B20FF0D7FA6846FFF748FF6946284634
:1012400014F08EF84146284614F08AF8642769465F
:10125000B4FBF7F6F0B20FF0C5FA6846FFF736FFB9
:101260006946284614F07CF807FB16444146284698
:1012700014F076F86946E0B20FF0B4FA9DF8013048
:101280008DF800309DF802308DF80130694600235A
:1012900028468DF8023014F063F808B0BDE8F081FC
:1012A00057830108CF7801082DE9F04F4FF0000A6D
:1012B0008BB0074654465646D0465546D146D3468F
:1012C0005FFA8AF238460192FEF794FF019A0130E4
:1012D00090420AD8642303FB05F042F2107303FB2B
:1012E000090040440BB0BDE8F08F052C14D8012351
:1012F00003FA04F111F02A0011D111F0150F0BD0EF
:10130000BA5CA2F13001092906D81C448DF80820E6
:101310008DF80900E4B21E460AF1010AD0E7B95C73
:10132000A1F13002092A0DD806F12803721C0DEB39
:1013300003060AAB06F8201C53FA82F1D6B201F874
:1013400020BCE9E7032C0AD0052C0DD0012C03D1D9
:1013500002A814F046F981460134E4B2DCE702A8A1
:1013600014F03FF90546F7E702A814F03AF9804671
:10137000F2E770B50E4600210546144614F04AFA0D
:1013800000239AB2944200D870BDF25C002AFBD0D0
:10139000EA540133F5E770B50E46144600210132D8
:1013A000054614F037FA00239AB2944200D870BD73
:1013B000F25C002AFBD0EA540133F5E730B5002493
:1013C000A3B2934201D3012005E0055D0B5D1DB979
:1013D000B3FA83F0400930BD1BB19D4204F1010412
:1013E000EED00020F7E77D23438043F2390309B2B2
:1013F000C360002301808180C380037270470000B6
:1014000002680449044B01FB023323F000430360EC
:10141000180C7047FD430300C39E2600F0B500255D
:1014200097B001608580044656222946684614F02C
:10143000F1F90126627CAA4209D80023802104F137
:10144000B400237417B0BDE8F04014F0E3B92046AF
:10145000FFF7D6FFE7797B1B002190FBF3F202FB3D
:101460001300C0B2EC460A46CBB29F421DD80023FF
:10147000227B9A42DED0A279033A012A04EB0501CD
:1014800005D925B191F91120D2B9012BD2D98B748C
:10149000A26852F82310583304EB85026B440135DF
:1014A000516303F8586CEDB2C4E71CF801EBBEF1D0
:1014B000000F03D18242DBD00132D2B20131D3E737
:1014C000501E8342E3DB01329342E0DCB2E72DE9B8
:1014D000F047154696B0013D016002710446437124
:1014E000EDB256220021684614F094F90027022D2F
:1014F00084BF4FF0010900253E464FF0010A94F8E1
:1015000007809CBF4FF00309B8FBF9F8627CB24238
:1015100009D80023802104F1B400237416B0BDE87B
:10152000F04714F077B92046FFF76AFFA8EB0603EF
:10153000002190FBF3F202FB1300C0B2EC460A4616
:10154000CBB2984506D91CF801EBBEF1000F22D1B1
:1015500082421ED1434528BF4346227B03FB0951EB
:1015600001F0FF018A42D1D016B1B7B9012BCDD914
:10157000A2191F469174A26852F8211004EB86024A
:101580000136516303F158026A44F6B202F858ACCE
:10159000BCE70132D2B20131D2E77A1E9342E7DBD7
:1015A0007A1C9342E4DCB1E707EE902A0A44F8EE95
:1015B000676A07EE902AF8EE677A436086EEA77AAC
:1015C00007EE903AF8EEE77A80ED007AC0ED027A05
:1015D0007047D0ED017AF8EEE77AC0ED027A7047F5
:1015E000D0E901236421D31AC36082604B43418A4E
:1015F000B3FBF1F303747047D0E90123D31AC0E9B8
:101600000223704743682BB1C26864214A43B2FB8E
:10161000F3F2D3B203740023C36043607047002326
:10162000C0E9023341824360037470474368013369
:1016300043607047007C70474368194441607047BD
:10164000C068704711B1C3680133C3604368013398
:1016500043607047007C7047072800D9FEE7014BC4
:10166000185C7047806A010800230380837080F84B
:101670002930704703781BB100220270184670476A
:10168000437813B100224270F8E7837813B1002247
:101690008270F3E790F82930002BEFD0002280F819
:1016A0002920EBE701707047017070474170704767
:1016B000817070478170426070470B46837011469D
:1016C0000830202213F0A5BE4068704708307047EC
:1016D00080F8291070470000C0F17F0080B27F2899
:1016E00021D8C1F13F0189B23F291CD84FEAD10C62
:1016F0000D4B00EBCC1080B24FF0010CA3F81EC0D4
:10170000034401F0070112F0010F0CFA01FC93F8F9
:10171000202004D04CEA020C83F820C0704722EA53
:101720000C0283F820207047500300207F281ED829
:101730003F291CD84FEAD10C0D4B00EBCC1080B2E6
:101740004FF0010CA3F81EC0034401F0070112F092
:10175000010F0CFA01FC93F8202004D04CEA020C93
:1017600083F820C0704722EA0C0283F820207047DB
:10177000500300207F2921D8C0F13F0080B23F28CC
:101780001CD84FEAD00C0E4B01EBCC1189B24FF0B4
:10179000010CA3F81EC00B4400F0070012F0010F6B
:1017A0000CFA00FC93F8202004D04CEA020C83F8D9
:1017B00020C0704722EA0C0283F82020704700BF47
:1017C00050030020C1F17F0189B27F291ED83F2834
:1017D0001CD84FEAD00C0E4B01EBCC1189B24FF064
:1017E000010CA3F81EC00B4400F0070012F0010F1B
:1017F0000CFA00FC93F8202004D04CEA020C83F889
:1018000020C0704722EA0C0283F82020704700BFF6
:101810005003002030B5124CE38B83B01BB12588F8
:101820001DB10023E38303B030BD0E4B93E80300EA
:1018300003220090ADF804102846694603F00AF828
:1018400003220DEB0201284603F004F84FF48062F6
:1018500004F12001402003F013F80028E1D0E2E772
:1018600050030020C468010808B503F01BF80238D3
:1018700018BF012008BD00BF104BD88003281AD81C
:10188000DFE800F0191102170D4A9A604FF0400C82
:101890008020002158804FF480620A48A3F804C0D9
:1018A000D98313F0B7BF084A9A604FF0800C4020EC
:1018B000EFE7064AF8E7064AE7E700BF50030020D3
:1018C000D916000870030020C51700087517000816
:1018D0002D170008054B4FF0010C4FF480620021DA
:1018E00003F12000A3F81EC013F094BF50030020A2
:1018F000024B89B29B6880B2184700BF500300209A
:101900002DE9F04F85B01F460192BDF93830BDF882
:101910003C90FA1D48BF07F10E02D210002B804602
:10192000029232DD002F30DD0B441BB20393DFF84F
:1019300060B0002300931D468EB2DDE90012002343
:1019400002EB010A13F0070F9CB24FEAE3034FEAE0
:1019500045050CBF1AF80350EDB204EB080015F072
:10196000800F4A46314680B202D0DBF808309847F3
:10197000013423B29F42E5D1009B029A1344013601
:101980000093039B31B29942D6D105B0BDE8F08FE8
:1019900050030020002A2DE9F8431F4612DB0FD028
:1019A00084B22244DFF848808DB296B220460134DA
:1019B000D8F808303A462946A4B29847A642F5D14D
:1019C000BDE8F883DFF8288084B256421FFA81F917
:1019D000002085B2601B80B2D8F808303A464946EC
:1019E0009847681C00B2B042F3DBBDE8F88300BF43
:1019F00050030020002A2DE9F8431F4612DB0FD0C8
:101A00008CB22244DFF8488085B296B22146013478
:101A1000D8F808303A462846A4B29847A642F5D1ED
:101A2000BDE8F883DFF828808CB256421FFA80F9AF
:101A300000218DB2611B89B2D8F808303A46484679
:101A40009847691C09B2B142F3DBBDE8F88300BFD7
:101A5000500300202DE9F04F1F1E83B0B4BF07F1E3
:101A6000010807F1FF38002ABDF830A000901FFAE6
:101A700088F848DB96B206F1FF339BB2019300F081
:101A80009780BDF800904B4D4E448CB2B6B2CB4619
:101A900058460BF1010BAB68524621461FFA8BFBEF
:101AA00098475E45F4D1A0441FFA88F8484609F1EA
:101AB0000109AB68524641461FFA89F998474E45DD
:101AC000F4D1002F4EDB1BD02744BDF80080394DE8
:101AD000BFB2264631460136AB6852464046B6B2E2
:101AE0009847B742F6D1019B98441FFA88F82146DF
:101AF0000134AB6852464046A4B29847A742F6D19B
:101B000003B0BDE8F08F531C9BB22A4DBDF8009086
:101B100001938CB256424FF0000B1FFA8BFBA9EBDE
:101B20000B000BF1010BAB6880B2524621460FFA55
:101B30008BFB98475E45F0DCA0441FFA88F84FF015
:101B4000000B1FFA8BFBA9EB0B000BF1010BAB6831
:101B500080B2524641460FFA8BFB98475E45F0DC57
:101B6000002FB0DABDF80090124D7F4200239EB2E4
:101B7000A11BAB68524689B248469847731C1BB2FA
:101B8000BB42F4DB019B99441FFA89F900231FFA39
:101B900083F8A4EB0801AE68524689B24846B047C4
:101BA00008F101031BB2BB42F1DB03B0BDE8F08FCB
:101BB0008CB286E7500300202DE9F04F002B83B054
:101BC0000B44BDF83060019391463ADB99421CDA30
:101BD00087B207EB02081FFA88F8B9F1000F17DB8C
:101BE0006FD0424D1FFA81FB3C4620460134AB6862
:101BF00032465946A4B29847A045F6D1019B0BF155
:101C0000010B0FFA8BF19942E7DB03B0BDE8F08FCF
:101C1000364DC9F1000A1FFA81FB0024A4B2381B1B
:101C20000134AB683246594680B224B298475445D5
:101C3000F4DB019B0BF1010B0FFA8BF19942CCDB2A
:101C4000E3E79942E1DD84B2A718B9F1000FBFB212
:101C500019DB40D0254D1FFA81FBA046404608F114
:101C60000108AB68324659461FFA88F8984747453D
:101C7000F4D1019B0BF1FF3B0FFA8BF18B42C4DADD
:101C8000B9F1000FE5DA194DC9F100081FFA81FB1F
:101C90004FF0000A1FFA8AFAA4EB0A000AF1010ABF
:101CA000AB683246594680B20FFA8AFA9847C24565
:101CB000F0DB019B0BF1FF3B0FFA8BF18B42DFDB7B
:101CC000A3E71FFA81FB019B0BF1010B0FFA8BF1CC
:101CD000994282DB99E71FFA81FB019B0BF1FF3BE5
:101CE0000FFA8BF18B42CBDB8FE700BF5003002054
:101CF000014B01229A83704750030020014B0022C0
:101D00009A83704750030020014B9861704700BFD1
:101D100050030020014B00229A61704750030020BD
:101D2000014B01229A82704750030020014B002290
:101D30009A82704750030020014B9881704700BF82
:101D400050030020014BD881704700BF5003002092
:101D5000014B9881D981704750030020024B9A892A
:101D600010449881704700BF500300200A282DE9D5
:101D7000F84F4FD01F283ED9DFF8FCA0BAF90C501D
:101D8000BAF80230AA1D20389A42C0B235DAADB294
:101D900005F10608BAF80E600FFA88F3AAF80C30BD
:101DA000BAF81C30A6F106091FFA89F902361FFAA3
:101DB00088F8002B38D02F4F062303FB0077B6B2EC
:101DC000013FBAF9143017F801BF1BB16FEA0B0BD2
:101DD0005FFA8BFB4C46214601345A46DAF808304C
:101DE0002846A4B29847B4424FEA5B0BF3D10135C1
:101DF000ADB24545E5D1BDE8F88FBAF80E60BAF846
:101E00001020164408360623B6B2AAF80E60002544
:101E10009846C3E7184AD389118A0B440020083337
:101E20009081D381BDE8F88F124F062303FB007722
:101E30001FFA86FB013FBAF9143017F8016F0BB196
:101E4000F643F6B24C4616F0010F21464FEA56060D
:101E50004FF00102284602D0DAF8083098470134E2
:101E6000A4B25C45EFD10135ADB24545E3D1BDE843
:101E7000F88F00BF886A0108500300202DE9F04F59
:101E8000DFF880A1DAF818300A28997A87B07DD077
:101E90001A7A904277D35C7A844274D3D3E90038BB
:101EA000871A08EBC702BAF8120092F90560BAF96E
:101EB0000C40029313799578BAF802C00344A01934
:101EC0002844ADB204956045D57892F90620039276
:101ED0009BB269DCA4B21A1992B2AAF80C20BAF922
:101EE0001420BAF90E90002A70D1BAF81C100129FA
:101EF0007DD0B2FA82FB38F837804FEA5B1B002DA9
:101F000041D0049F002F3ED0BDF80C301FFA89F954
:101F10001D4434444B44A944A2B29EB21FFA89F333
:101F2000039205930025049BFC1A039BA4B203F1C2
:101F3000FF39234613F0070F08BF029D04F1010487
:101F400004BF15F8085008F10103A4B204EB09001E
:101F500008BF1FFA83F82B065A46314680B202D5D5
:101F6000DAF8083098476D00BC42ADB2E1D1049B6D
:101F7000039A1F44D31A9BB201360393059BB6B252
:101F8000B342BFB2CFD107B0BDE8F08FBAF80E3080
:101F9000BAF81000034400220B44AAF80C20AAF857
:101FA0000E3007B0BDE8F08FBAF80E20BAF8100076
:101FB000024411441A46AAF80C20BAF914200FFA68
:101FC00081F9AAF80E900024002A8ED002331AB2AA
:101FD000039B701E591E49442044012309B200B2DC
:101FE0000093AB1CFFF7E8FDBAF9142081E7023338
:101FF00000921AB2039B701E591E4944204409B234
:1020000000B2EEE750030020034B9B690BB1FFF7D2
:1020100035BFFFF7ABBE00BF5003002038B5044604
:10202000007878B1084D04E0FFF728FF14F8010F9D
:1020300040B1AB69002BF7D1FFF798FE14F8010F00
:102040000028F6D138BD00BF50030020F8B5204E5F
:10205000B5690446002D31D00378297A95F809E056
:10206000002B32D0778A00229942A3EB010C09D8C9
:102070009E4507D36B6803EBCC033A441B7913FAF4
:1020800082F292B210F8013F002BEDD173889B1AB7
:1020900003EBD3735B10B381207870B13DB1FFF7D0
:1020A000EDFE14F8010F40B1B569002DF7D1FFF72F
:1020B0005DFE14F8010F0028F6D1F8BDFEF79AF87E
:1020C00000EB4002520092B2E0E71A46DEE700BFA2
:1020D0005003002070B52E4C82B02080C8B1002182
:1020E0002C4A2D4BC4F802204FF4C020C4E9030150
:1020F000A3604FF480624FF4803304F12000E1804C
:10210000A161A182E36113F085FB0023E38302B0A8
:1021100070BD05463C2002F097FB2049202228464E
:1021200002F098FB1B4A1C4B2688C4F802204FF48F
:10213000C022C4E90325A36029464FF480334FF43D
:10214000806204F12000E580A561A582E36113F0BF
:1021500061FB002ED9D1124B93E8030003220090BB
:10216000ADF804103046694602F074FB03220DEB13
:102170000201304602F06EFB4FF4806204F1200150
:10218000402002F07DFB0028BFD002B070BD00BF30
:1021900050030020800040002D170008C86C010883
:1021A000C468010880EAE073022910B5A3EBE0736C
:1021B00004467DD162B90028ACBF7F223F22934202
:1021C000A8BF1346002C184601DA43F0400010BDAA
:1021D000012A1FD1632B05DC5800002CF7DA40F4EC
:1021E0008070F4E740F2F542934211DC07EE903A3A
:1021F0009FED6A0AF8EEE77A27EE800A11F03AFFBF
:10220000FCEEC07A17EE900A400040F00100E4E7CF
:10221000FF20E2E7022A40F0BF80632B05DC980034
:10222000002CD4DA40F40070D1E7B3F57A7F11DAEC
:1022300007EE903A9FED590AF8EEE77A27EE800A0A
:1022400011F018FFFCEEC07A17EE900A800040F003
:102250000100E5E742F20F72934211D807EE903A7F
:102260009FED4F0AF8EEE77A27EE800A11F002FFA1
:10227000FCEEC07A17EE900A800040F00200CFE733
:10228000484A934211D807EE903A9FED470AF8EE7C
:10229000E77A27EE800A11F0EDFEFCEEC07A17EE29
:1022A000900A830043F00300BAE740F2FF10B7E75B
:1022B000032971D1012A20D1B3F57A7F05DA5800BC
:1022C000002C84DA40F4006081E7B3F5205F11DA76
:1022D00007EE903A9FED310AF8EEE77A27EE800A92
:1022E00011F0C8FEFCEEC07A17EE900A430043F0EE
:1022F0000100E5E740F2FF70E2E7022A4CD1B3F5B6
:102300007A7F06DA9800002CBFF661AF40F4805067
:102310005DE742F20F72934211DC07EE903A9FEDB7
:102320001F0AF8EEE77A27EE800A11F0A3FEFCEE12
:10233000C07A17EE900A830043F00100E3E71B4ADE
:10234000934211D807EE903A9FED150AF8EEE77A1E
:1023500027EE800A11F08EFEFCEEC07A17EE900A8E
:10236000830043F00200CEE7B3F57A2F11D207EED7
:10237000903A9FED0D0AF8EEE77A27EE800A11F009
:1023800079FEFCEEC07A17EE900A830043F003005A
:10239000B9E740F6FF70B6E7002018E7CDCCCC3D9A
:1023A0000AD7233C17F001006F12833A9F86010081
:1023B00000234360038170470A2310B504468380DD
:1023C00002F0BAFA2368E0809B6820469847208193
:1023D00010BD038970B504469BB1858845B1013DA8
:1023E000ADB285806DB903681B68BDE870401847C1
:1023F00002F0A2FAE388C01A238980B2834201D294
:10240000258170BD236820465B68EEE700230360EA
:102410007047000038B5084B09291B7828BF0921EF
:102420008B4204460D4602D10023036038BD02F002
:1024300077FA25712060F9E770070020036810B56E
:1024400004460BB9002010BD02F06AFA2368C01AD6
:1024500040F2EE239842F5D90023054A2360127812
:1024600023799A42EED0034A0120D377EBE700BFED
:1024700070070020CC070020FF2343710023017167
:10248000837103818372704738B5037904460D4622
:102490005BB14179A94208D041B101290AD000239A
:1024A000A371657155B1012D0FD038BD03689B68CC
:1024B0009847F4E703680021DB68F9E723689B6825
:1024C000012120469847A071EFE723682946DB6881
:1024D000F7E770477047704700207047002070474B
:1024E00000207047704700207047002070477047F9
:1024F000054BDA6C0243DA64DB6C82B00340019373
:10250000019B02B0704700BF00100240054B9A6D5E
:1025100002439A659B6D82B003400193019B02B018
:10252000704700BF00100240054B1A6E02431A6646
:102530001B6E82B003400193019B02B0704700BF45
:102540000010024050E8003F43F0200340E8003212
:10255000002AF7D1704750E8003F43F0800340E87D
:102560000032002AF7D1704750E8003F23F02003E3
:1025700040E80032002AF7D1704750E8003F23F0CE
:10258000400340E80032002AF7D1704750E8003F8E
:1025900023F0800340E80032002AF7D170470000A2
:1025A0000288044B5140C9B233F8113083EA122338
:1025B0000380704784B20108A2B110B4B0F800C023
:1025C000094C0A4411F8013B83EA0C03DBB2914247
:1025D00034F8133083EA1C2CA0F800C0F2D15DF867
:1025E000044B7047704700BF84B2010837B54FF6FF
:1025F000FF730446ADF806304518AC4203D1BDF870
:10260000060003B030BD14F8011B0DF10600FFF702
:10261000C7FFF2E71629A8BF16216FF00800814214
:10262000B8BF01461170197070470000044B18883C
:10263000044B1B8880B29BB2C01A18BF01207047A0
:102640002244002020440020044A00231380044A2E
:102650001380044A1380044A1380704720440020EA
:1026600022440020244600202646002000207047F7
:10267000044B1888044B1B8880B29BB2C01A18BF49
:10268000012070472A48002028480020044B188861
:10269000044B1B8880B29BB2C01A18BF0120704740
:1026A0003258002030580020044A00231380044A86
:1026B0001380044A1380044A138070473058002066
:1026C00032580020345A0020365A0020002070472B
:1026D0000023A0F87032A0F86E3270470023A0F8F3
:1026E0005C32A0F85A3270470020704700207047D3
:1026F00000207047002070470278024B51405B5C1D
:1027000003707047B08D0108FF230370704700BF4E
:102710007047B0F86E32B0F870229B1A98B21B0462
:1027200044BF00F5006080B2003818BF0120704738
:10273000A0F11400EDE7B0F87032B0F86E229A42C2
:102740001FBFC218B0F8721292F87422013316BF7C
:102750000B400022A0F8703210467047A0F1140020
:10276000E9E770B50B7803704B7843700B78FD2B5D
:1027700005460C4638D18B788370CB78C3700B79C3
:1027800003714B7943718B7983718B68C3718B684B
:10279000C3F30F2303728B7A43720A26627804F123
:1027A0000C01A81912F002FE6378B4F80C2133442E
:1027B000981CEA545A1CB4F80C1192B2090AA95494
:1027C000A278D20780B20ED504F58872054404F5CC
:1027D0008E7452F8041B45F8041BA242F9D11278FA
:1027E0002A700F3398B270BD00238B700B79837001
:1027F0004B79C3708B7903718B6843710626CDE7E3
:1028000038B54A78352A0D46044601F10C010AD83C
:1028100012F0CCFD68780021C0F136022044BDE8FA
:10282000384012F0F7BF403551F8043B40F8043B04
:10283000A942F9D10B88038038BD38B54A781B2AE4
:102840000C46054601F10C010AD812F0AFFD607884
:102850000021C0F11C022844BDE8384012F0DABF64
:10286000283451F8043B45F8043BA142F9D138BD66
:1028700038B54A78082A0D46044601F10C010AD8F9
:1028800012F094FD68780021C0F109022044BDE8EF
:10289000384012F0BFBFEB6803604B6843600B7AAF
:1028A000037238BD38B54A78072A0C46054601F14F
:1028B0000C010AD812F07AFD60780021C0F10802FC
:1028C0002844BDE8384012F0A5BFE36803604B68B8
:1028D000436038BD08B52C220348002112F09AFF4E
:1028E000024B00221A7008BDCC130020500A0020B1
:1028F0002DE9F0411378037092F8018080F801808F
:10290000FD2B04460F46154654D193788370D37837
:10291000C3701379037153794371937983716B7A1F
:10292000127A1B0403EB0223EA79134423F07F435A
:102930000A26A26863F31702A260A919424604F1AD
:102940000C0012F033FD7A7B904507D208F10C00A1
:10295000A2EB08020021204412F05CFF63781E44C1
:10296000AB195A78AB5D03EB0223A4F80C31A378C2
:10297000DB070ED5023615FA86F304F5887203F1EB
:102980000C0153F8040B42F8040B8B42F9D11B786D
:102990001370BB7A84F82131FB7A84F822313B7BB7
:1029A00084F823317B7B84F824313B7884F8203110
:1029B000BDE8F0810023438093780371D37843719D
:1029C0001379837153790626B3E738B54A78132A09
:1029D0000C46054601F10C010AD812F0E7FC6078BC
:1029E0000021C0F114022844BDE8384012F012BFA3
:1029F000203451F8043B45F8043BA142F9D138BDDD
:102A0000044A4109012300F01F00834042F82130AD
:102A1000704700BF00E100E02DE9F04F0C465188FF
:102A2000B1F58C7F054685B04FF000000ED31070D5
:102A3000D91CC9B2012995BF0121002351805380BF
:102A40009CBF2370117000232B7049E016780E2E66
:102A500000F2938001A757F826F000BF312A000842
:102A6000992A0008C12A0008E92A00087B2B0008DF
:102A70007B2B00087B2B00087B2B00087B2B00089E
:102A80007B2B00087B2B00087B2B00087B2B00088E
:102A90007B2B0008FB2A0008481C508063542178D7
:102AA000FD299BB206D10C330A21D38091800223E9
:102AB0001370C8E708330621D38091800E23F7E70F
:102AC000481C50806354D80742BFD1880D31D18053
:102AD000012B4FF000018CBF0B46032313702970AC
:102AE000002005B0BDE8F08F481C508063540021E1
:102AF0008B4214BF0B460E23F0E7481C50806354F2
:102B00005388D1888B4232D3002353801370022321
:102B10002B7069802378FD2B35D163792B72A379D3
:102B20006B72637A227A1B0403EB0223E27913446B
:102B30006B60637803F10C026A80A278D10701D53B
:102B400019336B8000266968DFF8FC806E8140F2E3
:102B500085120C20B31801335B0800FB03F758F80B
:102B60000770B94218D25A1EB242F3D816E09288C2
:102B70009A423FF668AF012366E71070508090805C
:102B8000D0802870ACE7E3782B7223796B7263797D
:102B90006B6063780833D4E71E46E5D80C2777438B
:102BA00058F80730994227D123782046FD2B10F89A
:102BB00001BF0CBF4FF00A094FF0060909EB0B03E8
:102BC000591E89B247440193FFF710FD97F804A0FE
:102BD000ADF80E0051460DF10E00FFF7E1FC019B30
:102BE000E218E35C527803EB0223BDF80E209BB29F
:102BF0009A420AD0052300E003232B7018460238BE
:102C000001288CBF002001206BE7BB79DA0706D5CD
:102C1000FA79934582BF04EB09018A5CAA729B078B
:102C200009D50C2303FB068362781B7A9A4282BF84
:102C30004C44E35CEB720C2303FB068385F80CA089
:102C40005B796B730220DAE7B08E01080148436AB2
:102C5000FFF778BC0044004008B5FFF7F7FF024BD0
:102C600000221A7208BD00BF501E002008B5FFF7F1
:102C7000EDFF024B00221A7208BD00BF840B00203A
:102C800010B50446FEF726FE06210020FFF760F887
:102C90000C48FFF739F82046FDF7ACFAC0B2082817
:102CA0004FF01B0008D8FFF74DF82046FFF7CEF98C
:102CB000BDE81040FFF72EB8FFF744F82046FFF7B5
:102CC000ADF9F5E7D08501080A4A0B4B12680B49AC
:102CD000A3FB02323220920C00FB02F2084B486840
:102CE00002F5FA72A3FB023292094B681B1A9A4250
:102CF000FBD87047A802002083DE1B43001000E0D1
:102D0000D34D621008B5FFF7DFFF4FF09043082264
:102D10009A6108BD4FF0904308229A62FFF7D4BF32
:102D200030B587B0034601AC00F11005186859684A
:102D3000224603C20833AB421446F7D10024094DA2
:102D40008DF81440A96801A8FDF74AFA10B920B21D
:102D500007B030BD0134332C05F10C05F2D14FF032
:102D6000FF30F5E72C00002002780A4B90F801C0F4
:102D70008178D243D2B29A5C82EA0C0290F803C006
:102D80009A5C4A40995C027981EA0C01595C4A409C
:102D9000985C7047B08D010800F1080353E8003FCC
:102DA00023F0606300F1080141E80032002AF3D10A
:102DB000704700F1080353E8003F23F0604300F13F
:102DC000080141E80032002AF3D17047028810B5AB
:102DD0008488531C234044889C421EBF1218917162
:102DE000038010BD411A88B20B0444BF00F5007087
:102DF00080B2704770B5104C0025234626782EB15E
:102E000066788E4202D1A67896420BD001350C2D01
:102E100004F10404F2D1002413F824501DB101344C
:102E20000C2CF9D170BD012503F8245003EB840369
:102E3000D87059709A70F5E7550A00202DE9F843CB
:102E40000B460D795A7A9E7ADF7A204B097A1B5C01
:102E5000DB07044600D50DB9FFF7CCFF00231C4962
:102E60001A4898464FF0010E9C4201F8018B25D07C
:102E70002DB90278920702D501F801EC1EE0154A3F
:102E80004FF0000C92F80090B9F1000F0FD092F8BB
:102E9000039099450BD1002EEED092F80190B145E8
:102EA00005D1002FE8D092F80290B945E4D00CF19A
:102EB000010CBCF10C0F02F10402E3D10133DBB2CF
:102EC000042B00F10100CFD1BDE8F883850A002072
:102ED000510A0020550A0020F0B50546FD2305F8EB
:102EE0000C3B85B004468DF8043090F8243103F192
:102EF0000C020244012B42D80026637066808DF8D4
:102F000005308B7A23718DF808308B7AADF8066026
:102F100001338B7263798DF80930A3798DF80A300B
:102F2000A368C3F317031A128DF80B3009211B1481
:102F30000DF105008DF80D308DF80C20FFF756FBD4
:102F40006778ADF802003A4629460DF10200FFF716
:102F500033FB94F82311FFF723FB94F82421BDF8E9
:102F60000230A4F80C31974210D207F10C00D21BAA
:102F70003146204405B0BDE8F04012F04BBC12F8D9
:102F8000010D0028B8D1013BDBB2B3E705B0F0BDBD
:102F90007047704707B503688DF807101B69012259
:102FA0000DF10701984703B05DF804FB13B5044623
:102FB00008460191FDF71EF9236801991B6982B249
:102FC000204602B0BDE810401847000010B5484B3D
:102FD0005A6A037A044692B263B18389D31A9BB2C8
:102FE000B3F5FA7F84BF00230372837A4F2B84BF2B
:102FF00000230372237AA281082B21D8DFE803F093
:1030000005202020202025323D00EE29B4F8C00400
:1030100001D0C82915D10123A3720623617523723B
:1030200070B1012809D00DF08DFC01463148FFF741
:10303000BDFF31492F48FFF7B9FF0023A4F8C03482
:1030400010BD0130A4F8C004FAE73D299FBFA37A60
:103050005A1C1B19A2728FBF002359756172072376
:103060002372EDE7A27A531C2244DBB2A37251759E
:10307000627A9A42E4D20823F2E7A37A5A1C2344E4
:10308000A2725975E37D162B04D1012384F86530B3
:103090000923E5E76369194A03F0FF23934203D14B
:1030A000012384F86730F3E7154A93421CD1A37ECD
:1030B000102B19D1E37E022B08D0052B0DD0012B4C
:1030C000E6D1227EEE2A08BF84F86A30237EEE2BFA
:1030D000DED1012384F86B30DAE7012384F868300D
:1030E000237F84F86930D3E7012384F86630CFE783
:1030F0000004004028000020E86C010800C80028F7
:1031000000C8003208B5FFF751FF08BDB0F1904F7D
:1031100008B5014607D10120FFF7EAF9114B9942A2
:103120000BD1202014E0104B98420BD003F58063A4
:10313000984209D10420FFF7DBF90C4B994210D1DA
:10314000402005E00220E7E7094B984204D108201F
:10315000BDE80840FFF7CCB9064B9842DED11020FD
:10316000F6E708BD001400480004004800180048B5
:10317000000C00480010004808B5224B9842014658
:103180000BD14FF40060FFF7CFF91F4B99420DD1DF
:10319000BDE808402020FFF7B9B9B0F1804F0ED04C
:1031A0001A4B98420FD10220FFF7B0F9184B994201
:1031B0000FD14FF40050BDE80840FFF7B5B901202A
:1031C000FFF7A4F9E1E7134B984208D10420FFF779
:1031D0009DF9114B99420CD14FF48030EBE70F4B26
:1031E0009842D2D11020FFF791F90D4B994206D0A9
:1031F00008BD0C4B9942F8D14FF40030DBE74FF497
:103200008020D8E7002C014000140040000400405A
:103210000034014000080040004001400010004020
:103220000048014000440140B0F1A04F03D14FF4E9
:103230000050FFF75DB9054B9842F8D003F5407395
:10324000984202D14FF48040F3E7704700010050EC
:103250002DE9F04387B00E4605461446002114229E
:1032600001A89DF838809DF83C901F4612F0D2FAD4
:1032700000960B2C07D8DFE804F007070A12141495
:10328000141616161A1CFEE70323019301E002230D
:103290000493032F11D8DFE807F011132111012344
:1032A000F6E70123F1E7012301930393F1E70223FA
:1032B000EBE7022301930123F7E7FEE702230293E2
:1032C000B8F1100F0CD8DFE808F02D2D0C111315F4
:1032D00017191B1D1F21232527292B000123EEE78A
:1032E000FEE701230593022301931EE00223F9E781
:1032F0000323F7E70423F5E70523F3E70623F1E7C4
:103300000723EFE70823EDE70923EBE70A23E9E7C3
:103310000B23E7E70C23E5E70D23E3E70E23E1E7C3
:103320000F23DFE7B8F1000FDDD1B9F1000F02D0B4
:103330002846FFF7EBFE053C042C05D8DFE804F037
:10334000030B04030B00AE626946284610F0D6F862
:1033500007B0BDE8F083AE61F6E713B54FF0010C9E
:103360000024CDE9004CFFF773FF02B010BD13B588
:103370000124CDE900349DF81030FFF769FF02B059
:1033800010BD000070B586B00023164604460D46F9
:10339000ADF80630FFF7F0FE042E04D8DFE806F0A3
:1033A000303404384100FEE71F4B204A1B68B3FB52
:1033B000F2F39BB20022013B01A92046ADF8043094
:1033C000CDE902250492059210F058FB236823F002
:1033D00080032360A36823F4A03323F00703A360D2
:1033E000636823F0007323F070036360636823F461
:1033F00070036360A36823F08003A36006B070BD10
:10340000094B0B4A1B68D2E7074B0A4A1B68CEE7F9
:10341000054B074A1B68B3FBF2F303EB83035B0026
:10342000C7E70123C6E700BFA802002080A8120159
:1034300040420F008096980010B50446FFF7A2FFA7
:10344000236843F00103236010BD00224FF0FF31D9
:10345000FFF7F2BF294B10B5294C5B6823600DF0D4
:1034600007FF4FF090400FF0E9FF26480FF0E6FF0E
:1034700025480FF0E3FF254810F014FD244810F014
:1034800011FD244810F00EFD234810F00BFD2348D9
:1034900010F008FD224810F085FA224810F082FA58
:1034A00010F072F94FF0E02200231F4913615361BD
:1034B00093618A6822F0030242F001028A6072B6C8
:1034C0004FF0FF319A0002F1604202F56142013390
:1034D000082BC2F88010C2F88011F3D162B6134AEB
:1034E000136823F0070343F001031360034B1B68C9
:1034F00083F3088823689847FEE700BF0000FF1F9A
:103500004C0A002000040048000800480038014030
:103510000044004000480040004C00400050004083
:1035200000300140003C004000100240000001401B
:1035300030B500248FB005461822214608A8CDE9F1
:103540000144039412F066F901A928460FF034FFF4
:103550004FF44033B5F1A04FCDE9054407940493EF
:1035600019D00E4A0E480F4B954208BF184604A9C1
:103570000FF0F4FE00234FF40052CDE90833CDE9FB
:103580000B230A9308A94FF4805328460D930FF09C
:1035900029FF0FB030BD0348E9E700BF000100502C
:1035A0000007005000030050F0B404468D0904F1F8
:1035B000300705F00C0501F01F0118461F267B5946
:1035C0008E4023EA0603C2F3846606FA01F10B4338
:1035D000D10D7B5101F0040104F11405C2F304572D
:1035E0006E580723BB4033436B50D4F8B030049976
:1035F000C2F3120223EA0203C4F8B0300122F0BC85
:103600000023FFF7AABE0000054AD2F8883023F055
:10361000405343F00053C2F88830FFF705BE00BFA7
:1036200000100240D0F8C03023F47F5323F03F0352
:10363000C0F8C030036923F480330361036923F4C5
:10364000806323F003030361836823F0204323F0A6
:103650003F038360836823F0104323F03F0343F06C
:1036600080538360836823F0004323F03F0343F0DB
:1036700001038360704700000749084A881AEFF386
:103680000883521A1A44013A013B984288BF00222B
:10369000AA2112F0BFB800BF00C001200004000042
:1036A00010B50323062210214FF09040FFF755FE7E
:1036B0000222114603234FF09040FFF74EFE0323F2
:1036C0001A4604214FF09040FFF747FE06480323B7
:1036D00005222021FFF741FEBDE8104002480323E8
:1036E00005221021FFF739BE000800484FF0904333
:1036F0001869C0F38000704708B5FFF7F7FF00B9FD
:1037000008BD00BFF9E70000024B10229A62202298
:103710009A61704700080048024B20229A621022EA
:103720009A617047000800480F4A9368F02123F01F
:10373000F00391FAA1F193600C4B5A6822F0020257
:103740005A601A6822F002021A60DA6822F0020255
:10375000DA609A6842F002029A60054BD02283F840
:1037600007230720FFF74CB9000001400004014087
:1037700000E100E0034B02225A611A6842F00202A3
:103780001A60704700040140024800230322802190
:10379000FFF7E3BD00040048034B186980F0800088
:1037A000C0F3C010704700BF0004004810B50023EC
:1037B00005224FF400414FF09040FFF7CEFD08483E
:1037C000002305224FF48051FFF7C7FDBDE81040EC
:1037D0000023052201214FF09040FFF7BEBD00BF3E
:1037E000000800484FF090414B691A04DB4302F097
:1037F000004203F4004313438B61704705494B6952
:103800001A04DB4302F0805203F4805313438B61AC
:10381000704700BF00080048114B1869114B1B6C22
:103820009BB2C72B14D9A3F5E472B2F5C77F11D9A7
:10383000A3F27452B2F5C77F0ED9A3F60213B3F503
:10384000C77F0BD980F40050C0F3403000017047AF
:1038500002207047042070470820704701207047FD
:10386000000800480001005010B50E480023062251
:103870000221FFF772FD0C48002305224FF48071EE
:10388000FFF76BFD0848002303224FF48041FFF748
:1038900064FDBDE810400448002303220821FFF71F
:1038A0005CBD00BF0004004800080048044A1369DA
:1038B0001069C3F38033C0F3C00003EB40007047CE
:1038C000000800480C4BD3F8FC2022F08072C3F8AB
:1038D000FC20D3F8FC2042F08072C3F8FC20A3F552
:1038E0005D431A6822F001021A601A6842F0010270
:1038F0001A6000225A60704700ED00E0064A074B4C
:1039000051681B6810B5064CB3FBF4F35843536879
:103910005B1A8342FBD310BD001000E0A802002018
:1039200040420F0037B5134D134C002303224FF4D0
:1039300000512846FFF711FD2046FFF765FE20469F
:10394000FFF7F6FD04230D4A009306212B4620467F
:10395000FFF72AFE2046FFF765FE6420FFF7CEFF43
:10396000A36823F0004323F03F0343F00403A36064
:1039700003B030BD00080048000100500001802164
:103980007FB50123CDE90413002201A902A8CDE9E6
:1039900002230DF083FF00280CBF0420052007B090
:1039A0005DF804FB014608B500200DF0E1FE00289B
:1039B0000CBF0420052008BD08B5FFF7E1FF031F79
:1039C0005842584108BD08B5FFF7ECFF031F5842A5
:1039D000584108BD2DE9F3472A4B2B4D01281446C9
:1039E0002A482B4A0E4617BFAA46FB21FA211D463C
:1039F000019106BF9A46804690460DF073FE0199EC
:103A00002846FFF7D9FF30B900240DF07DFE20468F
:103A100002B0BDE8F087002E08BF4FF4FC64073405
:103A200024F0070405F11007B1463444AAEB050A57
:103A3000A1450BD14FF011324FF0FF332846FFF76D
:103A4000C2FF003818BF01208400DEE76EB90AEB20
:103A50000703D3E90023B3F1FF3F08BFB2F1FF3FF3
:103A600006D1083709F10809E2E7D9E90023F2E7AE
:103A7000B84505D93846FFF7A6FF0028F1D1C3E7BE
:103A80000324C2E700D0070800D80708FFDF0708B3
:103A9000FFD7070810B50DF025FE0948FA21FFF7FA
:103AA0008BFF58B10748FB21FFF786FF003818BF8E
:103AB000012084000DF028FE204610BD0446F9E7E1
:103AC00000D0070800D8070830B5084D002340F2A1
:103AD000EF749AB2914201D8042030BDA34203D0C2
:103AE0005A5DC2540133F4E70320F6E710D007080B
:103AF00013B50A46044672B6019101460020FFF74D
:103B000069FF62B60428019A05D172B601202146E8
:103B1000FFF760FF62B602B010BD000038B5124B6F
:103B20001C68D3F80058B4F1113F09D1B5F1113F29
:103B300017D0002211460120BDE83840FFF74ABFE8
:103B4000B5F1113F03D1002211461046F4E7FFF70B
:103B5000A1FF042804D12C4001340CBF0220012015
:103B600038BD0420FCE700BF00D00708034B1873E2
:103B70009A68D207FCD5187B704700BF003001401F
:103B800038B5441E8D18A94200D138BD14F8010F74
:103B9000FFF7ECFF01F8010BF5E7084611461A465E
:103BA000FFF7EEBF38B5064D04460144A14200D1EF
:103BB00038BD2878FFF7DAFF04F8010BF6E700BFFD
:103BC0009002002008461146FFF7ECBF10B50144F3
:103BD00004468C4200D110BD14F8010BFFF7C6FF5C
:103BE000F7E708461146FFF7F1BF000010B58CB0AB
:103BF0002822002102A811F00DFE4FF48050FEF79C
:103C000093FC0821032306224FF09040FFF7A5FB09
:103C10004FF090400324082383610A220094062376
:103C20002021FFF7A4FB009406230A2280214FF0F5
:103C30009040FFF79CFB22460094062340214FF062
:103C40009040FFF794FB1822154C08924FF48272B3
:103C5000002303924FF40072CDE90533CDE9093317
:103C60000293079207234FF4E06202A920460B93C8
:103C700004920FF0C9FE636823F010036360636869
:103C800023F008036360236843F040032360A368C4
:103C90009B07FCD5237B034BFF221A700CB010BD91
:103CA00000300140900200201C4B10B4DC69A006DB
:103CB00011D51A6891060ED519481A495A6A03880F
:103CC00009880133C3F30A0389B299421FBF164919
:103CD000D2B2CA54038011481F232206036215D5AD
:103CE00003681B0612D5114B114A1988138889B233
:103CF0009BB299420DD013880133C3F3080313809C
:103D000013880C4A9BB2D35CDBB283625DF8044B30
:103D100070475DF8044BFEF739BC00BF004C004013
:103D20002244002020440020203C00202646002081
:103D300024460020244400200A490B4A08B50B8879
:103D400012880133C3F3080392B29A4207D0074A9C
:103D5000D05407480B80FEF7FEFB012008BD002071
:103D6000FCE700BF26460020244600202444002013
:103D7000004C004038B504464518AC4200D138BD6F
:103D800014F8010BFFF7D8FFF7E708461146FFF7D5
:103D9000F1BF0000054B064A1B8810880133C3F3AE
:103DA000080380B2181A18BF012070472646002069
:103DB0002446002008B5FFF7EDFFB0FA80F0400977
:103DC00008BD0000054B064A1B8812889B1A98B252
:103DD0001B0444BF00F5006080B2704722440020FD
:103DE00020440020FFF7EEBF0848094A01881388E5
:103DF00089B29BB29942F9D013880133C3F30A0305
:103E000013801388034A9BB2D05C70472244002081
:103E100020440020203C0020FFF7E6BF70B588B0AA
:103E20000C460646154600212022684611F0F2FC99
:103E3000231E18BF01231B03CDE9023569460C235D
:103E4000034801960494059310F07CF808B070BD07
:103E5000004C004010B5064C236823F0010323609A
:103E6000FFF7DCFF236843F00103236010BD00BFB0
:103E7000004C0040002208461146FFF7EBBF00004F
:103E800037B5354C236823F00103032523604FF435
:103E90000020FEF73BFB4FF480613048009506237D
:103EA0000A22FFF764FA06232C4800952A464FF4AD
:103EB0000061FFF75CFA002211464FF4E130FFF792
:103EC000ADFF636823F490436360A36823F02A0383
:103ED000A360236823F0005323602046FEF769FFA8
:103EE000FEF75AFF1E4BB02283F834233420FEF72E
:103EF00087FD2046FEF74AFBFEF73FFB4023236287
:103F0000184B00211980184B1980FEF72DFB174B19
:103F10001980174B1980636823F400636360A368FA
:103F200023F00803A360636823F480436360A368FD
:103F300023F02203A360A36843F48053A3602368A3
:103F400043F001032360E3699A02FCD5E3695B0255
:103F5000F9D503B030BD00BF004C00400008004858
:103F600000E100E0244600202646002020440020F6
:103F70002244002008B5FFF783FF0348436ABDE8E9
:103F80000840FEF7DFBA00BF004C0040FFF7F2BF69
:103F90001C4B10B4DC69A00611D51A6891060ED529
:103FA00019481A495A6A038809880133C3F3080378
:103FB00089B299421FBF1649D2B2CA540380114830
:103FC0001F232206036215D503681B0612D5114B69
:103FD000114A1988138889B29BB299420DD013886F
:103FE0000133C3F30A03138013880C4A9BB2D35CDA
:103FF000DBB283625DF8044B70475DF8044BFEF75B
:10400000C5BA00BF003801402A48002028480020D7
:10401000284600202E5000202C5000202C48002044
:104020000A490B4A08B50B8812880133C3F30A0307
:1040300092B29A4207D0074AD05407480B80FEF745
:104040008AFA012008BD0020FCE700BF2E500020A6
:104050002C5000202C4800200038014038B5044680
:104060004518AC4200D138BD14F8010BFFF7D8FF5A
:10407000F7E708461146FFF7F1BF0000054B064A77
:104080001B8810880133C3F30A0380B2181A18BFC3
:10409000012070472E5000202C50002008B5FFF75B
:1040A000EDFFB0FA80F0400908BD00000848094A59
:1040B0000188138889B29BB29942F9D013880133E1
:1040C000C3F3080313801388034A9BB2D05C704784
:1040D0002A4800202848002028460020FFF7E6BF95
:1040E00070B588B00C460646154600212022684669
:1040F00011F090FB231E18BF01231B03CDE90235ED
:1041000069460C2303480196049405930FF01AFFA7
:1041100008B070BD0038014037B5364C236823F035
:104120000103032523604FF48040FEF7FDF94FF4AF
:10413000007108230A224FF090400095FFF717F90D
:1041400008232A464FF480614FF090400095FFF716
:104150000EF9002211464FF4E130FFF7C1FF63680A
:1041600023F490436360A36823F02A03A3602368C9
:1041700023F0005323602046FEF71BFEFEF70CFEE3
:104180001D4BB02283F825232520FEF739FC20465D
:10419000FEF7FCF9FEF7F1F940232362174B0021EB
:1041A0001980174B1980FEF7DFF9164B1980164B53
:1041B0001980636823F400636360A36823F0080335
:1041C000A360636823F480436360A36823F0220341
:1041D000A360A36843F48053A360236843F0010302
:1041E0002360E3699A02FCD5E3695B02F9D503B069
:1041F00030BD00BF0038014000E100E02C5000203D
:104200002E500020284800202A48002008B5FFF73B
:1042100083FF0348436ABDE80840FEF793B900BF37
:1042200000380140FFF7F2BF1C4B10B4DC69A00658
:1042300011D51A6891060ED519481A495A6A038889
:1042400009880133C3F30A0389B299421FBF164993
:10425000D2B2CA54038011481F232206036215D527
:1042600003681B0612D5114B114A1988138889B2AD
:104270009BB299420DD013880133C3F30803138016
:1042800013880C4A9BB2D35CDBB283625DF8044BAB
:1042900070475DF8044BFEF779B900BF0048004055
:1042A000325800203058002030500020365A00206C
:1042B000345A0020345800200A490B4A08B50B88AC
:1042C00012880133C3F3080392B29A4207D0074A17
:1042D000D05407480B80FEF73EF9012008BD0020AE
:1042E000FCE700BF365A0020345A00203458002022
:1042F0000048004038B504464518AC4200D138BDEE
:1043000014F8010BFFF7D8FFF7E708461146FFF74F
:10431000F1BF0000054B064A1B8810880133C3F328
:10432000080380B2181A18BF01207047365A0020BF
:10433000345A002008B5FFF7EDFFB0FA80F04009CD
:1043400008BD0000054B064A1B8812889B1A98B2CC
:104350001B0444BF00F5006080B270473258002053
:1043600030580020FFF7EEBF0848094A018813883B
:1043700089B29BB29942F9D013880133C3F30A037F
:1043800013801388034A9BB2D05C704732580020D8
:104390003058002030500020FFF7E6BF70B588B0DD
:1043A0000C460646154600212022684611F032FAD6
:1043B000231E18BF01231B03CDE9023569460C23D8
:1043C00003480196049405930FF0BCFD08B070BD3E
:1043D0000048004010B5064C236823F00103236019
:1043E000FFF7DCFF236843F00103236010BD00BF2B
:1043F00000480040002208461146FFF7EBBF0000CE
:1044000037B5354C236823F00103032523604FF4AF
:104410008020FEF77BF84FF4806130480095082338
:104420000A22FEF7A4FF08232C4800952A464FF4E1
:104430000061FEF79CFF002211464FF4E130FFF7C8
:10444000ADFF636823F490436360A36823F02A03FD
:10445000A360236823F0005323602046FEF7A9FCE5
:10446000FEF79AFC1E4BF02283F827232720FEF745
:10447000C7FA2046FEF78AF8FEF77FF8402323624A
:10448000184B00211980184B1980FEF76DF8174B57
:104490001980174B1980636823F400636360A36875
:1044A00023F00803A360636823F480436360A36878
:1044B00023F02203A360A36843F48053A36023681E
:1044C00043F001032360E3699A02FCD5E3695B02D0
:1044D000F9D503B030BD00BF0048004000040048DB
:1044E00000E100E0345A0020365A00203058002005
:1044F0003258002008B5FFF783FF0348436ABDE840
:104500000840FEF71FB800BF00480040FFF7F2BFA9
:104510000E48C3691A0618D503681B0615D50C4B3F
:104520000C4A1988138889B29BB299420BD0138820
:104530000133C3F3080313801388074A9BB2D35C8B
:10454000DBB283627047FEF721B8704700800040FD
:104550003A5C0020385C0020385A00200A490B4A97
:1045600008B50B8812880133C3F3080392B29A424C
:1045700007D0074AD05407480B80FDF7ECFF012015
:1045800008BD0020FCE700BF3A5C0020385C00203A
:10459000385A00200080004038B504464518AC4227
:1045A00000D138BD14F8010BFFF7D8FFF7E7084634
:1045B0001146FFF7F1BF000070B588B00C46064603
:1045C000154600211C2201A811F024F9231E18BF52
:1045D00001231B03CDE9033501A90C2303480296EF
:1045E000059406930FF024F808B070BD00800040D9
:1045F0001FB52C4C2C48236823F0010323602B4B60
:10460000DA6D42F00102DA65DB6D03F0010303931A
:10461000039B032300930A2209230221FEF7A7FE2E
:10462000002211464FF4E130FFF7C6FF236823F064
:10463000005323602046FEF7BCFBFEF7ADFB1C4B8E
:10464000F02283F85B235B20FEF7DAF92046FDF7C2
:104650009DFFFDF792FF174A40232362002313803A
:10466000154A1380636823F400636360A36823F032
:104670000803A360636823F480436360A36823F0A6
:104680002203A360A36843F48053A360236843F02C
:1046900001032360E3699A02FCD5E3695B02F9D563
:1046A00004B010BD00800040000800480010024027
:1046B00000E100E0385C00203A5C0020FFF798BF82
:1046C00070B586B00224064609232E4800940B22BA
:1046D0004FF40071FEF74BFE03234FF480710094FA
:1046E0000B224FF09040FEF742FE3168264B994274
:1046F0000AD103F5CC339A6D42F080429A659B6DE6
:1047000003F080430393039B204D214C0023802220
:104710001020C5E90233C5E90423C5E90633C4E91D
:104720000203C4E90423C4E906332B622362164B57
:10473000994225D103F5CC3328469A6C42F0040205
:104740009A649A6C02F004020492049A9A6C42F001
:1047500001029A649B6C0F4A03F001030593059BC9
:104760001423C5E900230CF06BFE0B49F5631523F8
:104770002046C4E90013AE620CF062FEB463A66288
:1047800006B070BD0008004800780040F813002013
:1047900058140020080002401C00024038B51A4C92
:1047A0001A4B236001220023C4E902322046184A32
:1047B0006260C4E90433C4E90733A3610DF062FA0F
:1047C000014600BB20460EF0E1F90146D8B920466B
:1047D0000EF002FAB8B90F4CF02584F85C535C2057
:1047E000FEF70EF984F85D535D20FEF709F984F8B1
:1047F0000C530C20FEF704F984F80B53BDE8384045
:104800000B20FEF7FDB838BDB8140020007800403A
:104810009B2D801000E100E001480DF08ABC00BF34
:10482000B814002001480DF0A5BF00BFB814002047
:1048300001480CF0F4BE00BF5814002001480CF0F1
:10484000EEBE00BFF8130020014B1870704700BF88
:104850000C1500201FB5084B1C7800914FF0FF335A
:10486000CDE901230123024604FA03F103480DF0C8
:104870005BFA04B010BD00BF0C150020B814002076
:1048800013B5064B1C780123CDE90012024604FA49
:1048900003F103480DF022FB02B010BD0C150020FF
:1048A000B8140020044B054819780A224FF0FF3352
:1048B00049000DF0A1BB00BF0C150020B81400206A
:1048C00008B5FFF76BFF024B00221A7008BD00BF4E
:1048D0000C150020024B1A68024B1A60704700BF8B
:1048E0006C5C002090110020054A064B1968136883
:1048F00099421DBF0133012013600020704700BFA3
:10490000901100206C5C0020034A04491368096878
:104910000B441360704700BF6C5C0020AC020020A9
:10492000014B1868704700BF6C5C00200148FEF71F
:104930008CBD00BF00040040014B586A80B2704734
:104940000004004008B5FFF7F1FFBDE80840FFF79D
:10495000C1BF0000044BDA6822F00202DA606FF097
:1049600002021A61704700BF0004004008B500222F
:104970000260FFF7EFFF044BF02283F81D23BDE830
:1049800008401D20FEF73CB800E100E008B50368D0
:1049900053B1FFF7DFFF054B5A6A114489B25963DF
:1049A000DA6842F00202DA6008BD00BF000400408D
:1049B000074B1A69920709D56FF002021A61DA688B
:1049C00022F00202DA60034B1B681847704700BFF1
:1049D00000040040143A002038B51C4CC0220021CD
:1049E000201D10F017FF1623062263800F23A01846
:1049F0001749A38043232280FCF7D8FB154B1449A9
:104A00000B22C4E913233F230225A4F854300622C5
:104A1000432304F15600A4F84A50FCF7C7FB4FF4B7
:104A20008033C4F89C300C49A4F89A50002304F158
:104A3000AC00C4E9293384F8A03010F089FC7F234E
:104A400084F8C130052384F8C23038BD88090020BD
:104A5000AC8501080700FFFF3B6D010870B5094EEA
:104A600005460C46415C304610F089FC034628B1EF
:104A7000831B0133DBB2282B28BF0023F35C2B55AB
:104A800070BD00BF848D010870B50C461146064606
:104A900010F05EFC44B10025052130460135FFF7DA
:104AA000DDFFEBB29C42F7D870BD000073B5054640
:104AB00005F11106214C224A014636016846FFF7EE
:104AC000E3FFB01C6946204410F042FC264404EB8E
:104AD0000511002302227272A1F81A31142101FB80
:104AE00005400425012180F850504FF4807640F2B3
:104AF0000115A0F84A20C164A0F8521080F85510A2
:104B0000A0F85660A0F8585040F2032084F83430E2
:104B1000E284A662A08584F82E1084F8302084F800
:104B20003330C4F83A30C4F83E30C4F84230A4F808
:104B30004650A4F8485002B070BD00BFCC0700201A
:104B4000F66C0108F7B50546B14CB24A05F11106FD
:104B5000014637016846FFF797FFB81C27446946AE
:104B60002044FCF745FA7B7AAB4A072B88BF022327
:104B700004EB061088BF7B721188437A41FA03F375
:104B8000DF070FD40223437261B14807C1F38003EA
:104B900008D441FA03F7FF07D8B240F10A8204EBC8
:104BA0000613587204EB05112B0191F81A01052820
:104BB00002D9002081F81A01E718508897F81A11D5
:104BC00040FA01F1C90711D4012187F81A1168B11F
:104BD0008707C0F3400109D440FA01FC1CF0010F23
:104BE000CFB200F0EB81E11881F81A71E11891F869
:104BF0001B01032802D9002081F81B0104EB0616D3
:104C0000717A012903D9042901D000219180E61885
:104C1000908896F81B1140FA01F111F001010ED1B4
:104C200086F81B1158B110F0010108D140FA01F7C4
:104C3000FF07CEB240F1C781234483F81B611423E0
:104C400003FB054191F84A00052802D9022081F8AA
:104C50004A0003FB054393F84B10042902D90021B5
:104C600083F84B10142303FB0543B2F84A1093F862
:104C70004B0041FA00F0C00712D4012083F84B002A
:104C800071B18807C1F340030AD441FA03F6F7076C
:104C9000D8B240F19D81142303FB054383F84B00F8
:104CA000142303FB054393F84C10032902D9012177
:104CB00083F84C10142000FB0540B2F84C1090F81B
:104CC0004C3041FA03F313F0010310D180F84C305B
:104CD00069B111F001030AD141FA03F6F607D8B21F
:104CE00040F17B81142303FB054383F84C0014231C
:104CF00003FB054393F84E10012902D9002183F8E4
:104D00004E10142000FB0540B2F84E1090F84E30C3
:104D100041FA03F313F0010310D180F84E3069B16A
:104D200011F001030AD141FA03F6F707D8B240F1B6
:104D30005981142303FB054383F84E00142303FB1E
:104D4000054393F84F10022902D9002183F84F1030
:104D5000142000FB0540B2F8503090F84F1043FA91
:104D600001F111F0010110D180F84F106BB113F077
:104D700001010AD143FA01F6F607C8B240F13781C2
:104D8000142101FB054181F84F00142101FB05406E
:104D900090F84D60022E02D9002680F84D6001FB8C
:104DA000054191F85000052802D9042081F85000EF
:104DB000142101FB054090F85260012E02D9012612
:104DC00080F8526001FB054191F85500012802D995
:104DD000012081F85500142101FB054191F8530091
:104DE000022802D9002081F85300142606FB05464C
:104DF000B2F8520096F8531040FA01F111F0010197
:104E000017D186F85310A0B110F0010111D105E0BF
:104E1000CC070020F66C01088809002040FA01F751
:104E2000FF07CEB240F1E880142101FB054181F873
:104E30005360142101FB054090F856600C2E02D9F6
:104E4000002680F8566001FB054191F84C000128CE
:104E500009D191F84F60022E05D1DE0740F1D180D3
:104E6000002381F84F30142303FB054393F85710B8
:104E7000052902D9012183F85710142303FB0543A8
:104E8000B2F8541093F8570041FA00F0C60712D454
:104E9000012083F8570071B18F07C1F340030AD492
:104EA00041FA03F6F607D8B240F1B080142303FBB1
:104EB000054383F85700142303FB054191F858007C
:104EC000032802D9012081F8580003FB054393F819
:104ED0005910022902D9012183F8591094F826307B
:104EE000052B02D9022384F8263094F82730042BAE
:104EF00002D9002384F82730B2F89A1094F82730AA
:104F000041FA03F313F0010F8D4B0ED1012284F807
:104F1000272051B18807C1F3400206D441FA02F4B8
:104F2000E707D0B277D583F8270093F82820022A24
:104F300002D9002283F8282093F82920022A02D9D6
:104F4000012283F829207F4893F82920B0F89C108B
:104F500041FA02F212F001020CD183F8292049B182
:104F600011F0010206D141FA02F6F607D4B257D584
:104F700083F8294093F82A200C2A02D9002283F8CA
:104F80002A2093F832200C2A02D9002283F83220FA
:104F900093F82B20042A02D9002283F82B20002228
:104FA0006949144611F9016F16F1780F3CDA0C705B
:104FB0003CE00133102B7FF4ECADF3E50131102917
:104FC0007FF40AAE12E6013110297FF42FAE36E6E7
:104FD0000133102B7FF459AE62E60133102B7FF4BE
:104FE0007BAE84E60133102B7FF49DAEA6E6013143
:104FF00010297FF4BFAEC8E6013110297FF40EAF4F
:1050000017E713F0020318BF03462AE70133102BFA
:105010007FF446AF4FE70132102A7FF47FAF84E779
:105020000132102A9FD1A5E7782EC0DC0132D2B21E
:105030000C2AB7D145490022012411F8016F013231
:10504000022ED2B288BF0C70042AF6D193F8342015
:10505000012A02D9002283F83420B0F89E1093F878
:10506000342041FA02F212F001020CD183F834200C
:1050700049B111F0010206D141FA02F4E707D0B2BA
:1050800011D583F8340093F82C20052A02D9032285
:1050900083F82C2093F82D20032A08D80AD1002267
:1050A00083F8342006E00132102AE5D1EBE7022232
:1050B00083F82D2093F82E20022A02D9012283F8AA
:1050C0002E2093F83020022A02D9022283F83020C1
:1050D00093F833200C2A02D9002283F8332093F866
:1050E0003520042A02D9002283F83520142202FB3D
:1050F000053191F85A00012802D9002081F85A00A0
:1051000002FB0532FF2103EB05154FF6FF7082F815
:10511000511082F8541083F82F1083F831104FF09B
:10512000FF31C5F81C11A5F820011962998482F895
:105130005B00A2F85C10D986198703B0F0BD00BFF0
:10514000CC07002088090020050800201108002055
:10515000034670B50846052B04D8DFE803F01D04AC
:1051600021191D21FEE720261F250F22174CA370B1
:105170002277013B0122A4F84860A4F84A50A276A5
:10518000A273042B10D8DFE803F010181B1B1800C3
:1051900009266F250722E9E7142632250A22E5E7CA
:1051A000352613251922E1E7FEE700232371237436
:1051B000FCF752FA6073607670BD22712274F7E7D3
:1051C000002323712374A376A373F1E770070020F3
:1051D000044B012283F85120A3F85220A3F8542055
:1051E000704700BF700700202DE9F0438C4D8D4CB7
:1051F00000F1110805EB081702378DB00646384656
:10520000FBF712FF0421029002A8FDF7EFF905EB6E
:105210000613E08393F81B314FEA06192BB103EB19
:10522000031303EB03231844E08305EB08135B7AB5
:10523000062B40F0BA80E38B03F5B5432533E383B7
:10524000142303FB065305EB081893F84B00FFF7F4
:10525000BFFF98F8091061708B1FA944012B8CBF08
:105260000023012399F81A0184F85630FFF770FFE4
:1052700099F81B21E18B029BE1806182A36063614D
:105280002AB14FF0113000FB0233A3606361142395
:1052900003FB0653616293F84A00634B84F82920AC
:1052A00013F9203023732376002384F82A30637B9C
:1052B00023B93846FBF7D8FE84F82A006078FCF75B
:1052C000CBF95A4A84F82800128802F001019707A6
:1052D00048BF41F00201A1850346500742BFA18D9E
:1052E00041F00401A185110742BFA18D41F01001D9
:1052F000A185D70642BFA18D41F02001A18590066E
:1053000042BFA28D42F00802A285494A03AF02F1D2
:10531000200E10685168BC46ACE8030008327245A4
:105320006746F6D11068CCF80000A278414F0621FC
:105330000CA801FB03031344B7EE087A13F824CC3E
:1053400084F820C007EE90CAF8EEE77A17E90F005C
:1053500067EE877A87E80F00FCEEE77A40F2E243D7
:10536000CDED017AA4F84C309DF80430B4F8482013
:10537000A4F84E304FF47A73B3FBF2F3A4F8403044
:10538000142303FB06534FEA5C0CBCF1050F93F8A2
:10539000503038BF4FF0050C84F850C0052B33D87F
:1053A000DFE803F00B382C2F3235072B7FF448AFA2
:1053B000E38BA3F5B543263B41E74FF416536364F3
:1053C000002384F8573084F85930142303FB065027
:1053D00090F84C30032B03D090F84F20022A02D1D2
:1053E000012284F85720591E4A424A4184F8582025
:1053F00094F857208AB1012B0FD1FEE74FF41643E2
:10540000DDE74FF46143DAE74FF4E133D7E74FF4D8
:105410006133D4E74FF49643D1E70DB0BDE8F08394
:10542000CC07002070070020AC8501088809002007
:10543000CA680108A007002002484FF4DE72FF216D
:1054400010F0E8B9CC07002002484FF4DE71FEF7F7
:105450004FBB00BFCC07002002484FF4DE71FEF7BF
:1054600033BB00BFCC07002008B5FFF7F5FF034BA7
:105470001878BDE80840FFF765BB00BF7007002043
:1054800038B5FFF7D9FFFEF749FB04280CD0FFF72A
:10549000D3FFFEF743FB042803D1FFF7DDFF042809
:1054A00006D0FFF7C9FF03E0FFF7D6FF0428EED1CF
:1054B0002F4930482F4C10220FF099FF38B12E4958
:1054C000102220460FF093FF08B1FFF7B5FFA38A23
:1054D000B3F5215F28D008D30025E8B20135FFF7E6
:1054E000E5FA0A2DF9D10023E3774FF42153A38283
:1054F000012522691E491F4842F6A1039A424FF036
:1055000010021CBF236101250FF071FF70B1184913
:1055100018481022FBF72DFF184919480822FBF7FD
:1055200028FFFFF791FF03E00025E2E7002DF8D107
:10553000E37F104A092B84BF0023E377E17F142027
:10554000002300FB0144013394F84C0082F84C0026
:105550000A2B02F11402F6D10A4C2170FFF73CFA33
:105560002078FFF7EFFA2078BDE83840FFF73CBE1F
:10557000FD6C0108CC0700200E6D01081F6D0108AD
:105580007E090020700700200129F7B5054600D9E3
:10559000FEE70B4E06EB01131C460F016278F15D2E
:1055A00003619B780BF048FBE3790193A3790093A7
:1055B00022796379E17828460BF065FB03B0F0BDF2
:1055C000A4B4010838B5836804466BB1024652F8AA
:1055D000183BDD6900F11903A847217E204602220D
:1055E000BDE838400BF0B1BB38BD000070B581603C
:1055F000897A86B0044601B101210BF0F6FA204603
:105600000BF076FC20460BF04EFC217BFF2903D0EB
:10561000FA2220460BF053FCA3685B7A013B042B73
:1056200004D8DFE803F0043E3E414100FEE7E922F2
:10563000E12120460BF080FC012120460BF010FCFC
:10564000962120460BF04DFC382120460BF05FFCE4
:1056500020460BF063FCA368204693F90810FFF77F
:10566000B1FFA3689D7A15B319782046FFF78CFF28
:105670000022114620460BF0D2FA0023009340F29C
:10568000032220464FF6FF710BF02CFB20464FF60D
:10569000FF710BF04EFB204606B0BDE870400BF0EA
:1056A000EFBBDB22D721C4E76F226B21C1E75E8805
:1056B0000E4B63614CF25033009320460C49192382
:1056C0000B220BF049FC0123CDE903335B23CDE929
:1056D0000153102319462046009504220BF07AFC52
:1056E000314620460BF09AFCC2E700BF84B40108A3
:1056F000A086010010B504460BF0C2FB20464FF611
:10570000FF71BDE810400BF014BB000038B5816894
:10571000036891F90810DD69044600F1190300F1EE
:105720001802A847A3689A7A42B11A78012A00D9C8
:10573000FEE7044B03EB0213236138BD024B6361A8
:10574000FBE700BFA4B4010884B4010810B50A4CFB
:10575000A06858B1236923B9636913B92046FFF7DC
:10576000D5FFA3689B7A23B123699868A0F57A7066
:1057700010BD63699869F9E7F4380020836810B5B3
:10578000044683B103691BB943690BB9FFF7BEFF38
:10579000A3689B7A1BB12369B3F90C0010BD636940
:1057A000B3F91C00FAE71846F8E7836810B5044619
:1057B00043B103691BB943690BB9FFF7A7FF94F91C
:1057C000190010BD1846FCE708B5836843B9FFF718
:1057D0000DFF7D20FEF792F8BDE80840FDF7CABF37
:1057E00008BD000090F8D43053B190F8D520074B95
:1057F00003EBC20153F83230497953F82100704766
:10580000037C00EB8300406B704700BF7885010884
:1058100038B504461546084609490FF099FD04EBD2
:10582000850292ED0D0ADFED077AB8EE400A20EE10
:10583000270A0EF01FFCFCEEC07A17EE900A38BD66
:10584000256D010800007A3A2DE9F3419DF8247096
:105850001646402F88464FF05B024FF00001044689
:105860001D4628BF40270FF0D5FFA24BDB8B2380BE
:105870003278A37862F30203A37073784FEA0818B2
:10588000DB0003F0080308F0300843EA0801A378BE
:1058900023F038031943A1707279E37862F382032D
:1058A000E370B279A37962F30003A37196F9020061
:1058B000FBF7CCFAE37800F01F0203F0070343EA9A
:1058C000C203E3702379C0F3411023F003030343C1
:1058D0002371F27962F382032371327ADBB202F030
:1058E0001F0203F0070343EAC2032371327A63798C
:1058F000C2F3401223F0010313436371327962F360
:1059000047036371727AA37802F0030203F03F0346
:1059100043EA8213A370727AE378C2F3800223F021
:1059200001031343E370B27A62F34103E370A37996
:1059300067F34703A3712B78AA78E3716B7802F0C1
:105940001F0203F0070343EAC20323726A88637AE3
:10595000C2F3451223F03F03134363722A79DBB28B
:1059600002F0030203F03F0343EA82136372AB8841
:10597000C3F38703A3726A79E37AC2F3800223F048
:1059800001031343E372AA79DBB202F07F0203F052
:10599000010343EA4203E372EA88237BC2F3C312A2
:1059A00023F00F03134323732B7AAA7AE3736B7AE2
:1059B00002F01F0203F0070343EAC20323746A895B
:1059C000637CC2F3451223F03F03134363742A7BC5
:1059D000DBB202F0030203F03F0343EA8213637475
:1059E000AB89C3F38703A3746A7BE37CC2F38002B1
:1059F00023F001031343E374AA7BDBB202F07F02BE
:105A000003F0010343EA4203E374EA89237DC2F30E
:105A1000C31223F00F03134323752B8ADB0863752E
:105A20006B8ADB08A375AB8ADB08E375EB8ADB08BE
:105A300023762B8BB3F5C06F4ED2B3F5007F94BFA6
:105A400000230123227B63F3051222736B8BB3F5D2
:105A5000C06F43D2B3F5007F94BF00230123227BA4
:105A600063F387122273AB8BB3F5C06F38D2B3F5F3
:105A7000007F94BF00230123227D63F3051222756A
:105A8000EB8BB3F5C06F2DD2B3F5007F94BF00232D
:105A90000123227D63F38712089B22751F4404F1C2
:105AA0001802BB4220D14FF6FF7321460DF10600CC
:105AB0000D22ADF80630FCF77FFD2146BDF806301B
:105AC00021F80D3F4C22FCF777FDBDF80630A4F815
:105AD000593002B0BDE8F0810223B3E70223BEE7EC
:105AE0000223C9E70223D4E713F8011B02F8011FC0
:105AF000D7E700BF7007002013B59DF81040CDE92F
:105B0000003413460A460021FFF79EFE02B010BD86
:105B100013B5144B0288DB8B9A4204461DD183785F
:105B200003F03003102B01D0202B18D1A379A52B23
:105B300015D84FF6FF730DF1060059222146ADF836
:105B40000630FCF739FDB4F85900BDF80630C01A2C
:105B500018BF0120800002B010BD0120FBE7022029
:105B6000F9E700BF7007002030B53A4B027893F890
:105B7000261061F30302027093F8271061F30712F5
:105B8000027093F82810427861F30302427093F890
:105B9000291061F30712427093F82A10827861F39A
:105BA0000302827093F83210827961F303028271EA
:105BB00093F82B10827861F30712827093F83410F7
:105BC000C27961F30302C27193F82C10C27861F3B9
:105BD0000302C27093F82D1061F30712C27093F89C
:105BE0002E10027961F303020271427993F83010AA
:105BF00061F30302427193F83310827961F3071263
:105C0000827193F83510C27961F30712C27103F102
:105C1000390100F10A0200F1160411F9015F02F8DE
:105C2000015FA242F9D193F84610C27D61F30102EF
:105C3000C27593F8471061F38302C27593F8481058
:105C400061F30512C27593F8493063F38712C27588
:105C500030BD00BFCC0700200278344BC2F30302F2
:105C600030B583F826200278C2F3031283F8272088
:105C70004278C2F3030283F828204278C2F3031269
:105C800083F829208278C2F3030283F82A208279DC
:105C9000C2F3030283F832208278C2F3031283F83E
:105CA0002B20C279C2F3030283F83420C278C2F3F6
:105CB000030283F82C20C278C2F3031283F82D204C
:105CC0000279C2F3030283F82E204279C2F3030261
:105CD00083F830208279C2F3031283F83320C2792B
:105CE000C2F3031283F8352003F1390100F10A02EF
:105CF00000F1160412F9015F01F8015FA242F9D127
:105D0000C27DC2F3010283F84620C27DC2F3810244
:105D100083F84720C27DC2F3011283F84820C27D78
:105D2000C2F3811283F8492030BD00BFCC070020A8
:105D30001FB58DF80C300123019303AB009313467C
:105D40000A460221FFF780FD05B05DF804FB000064
:105D5000F0B5234D012385F8A030044685B0B0F896
:105D60000900FBF748FAC5F8A400B4F80B00FBF7EC
:105D700042FA1422C5F8A80004F10D0105F1AC00A7
:105D8000FBF709FB94F9213085F8C13094F82230F3
:105D900085F8C23004F12300FFF75EFF6E4604F180
:105DA000410304F1510718685968324603C20833A9
:105DB000BB421646F7D10B48432308226946FBF73E
:105DC0009DF994F85130A5F89A3094F85230A5F81E
:105DD0009C3094F85330A5F89E3005B0F0BD00BF5C
:105DE00088090020DE0900202DE9F04395B0DFF896
:105DF0009090039204AF4FF0400805460E4642468D
:105E0000002138460FF006FD1C4C99F800102222A4
:105E100004EB01118DF810200DF11200062201F59E
:105E20008971FBF7A6FA99F8000004EB001107A8A6
:105E300091F81A2191F8194102F00F0204F00F04B1
:105E400044EA021491F81B2102F00F0244EA0224F2
:105E5000BDF8182022F47F6222F00F021443ADF83F
:105E60001840FFF781FECDE90078039B32460221FE
:105E70002846FFF7E9FC15B0BDE8F083CC07002009
:105E800070070020034B04491A68044801FB020014
:105E9000186070478C0A00200D6619005FF36E3C95
:105EA00038B50B4A0B4D13782C78A34205D101333A
:105EB0002B70287800F0010038BD1470FFF7E2FF66
:105EC0006FF0004398423CBF01342C70F1E700BFF3
:105ED000890A00208A0A00200B4A0C491268826055
:105EE0000A6802614A680A4942610A6882614A682E
:105EF000C26100234EF66022838083718381038414
:105F000002600385704700BF6C5C00202A6D0108A9
:105F1000336D010810B50E4CA36803B9FEE70D4AB6
:105F200012791A70002120460AF048FE4FF47A7068
:105F3000FDF7E4FC204601210AF057FEA368204645
:105F40001978FFF721FB2046FFF7D4FB10BD00BFF7
:105F5000F43800207007002038B5174D0446A878A3
:105F6000697805281CD14FF6FF732385FFF7F0F8F9
:105F70006B7801229A40238D23EA020323850F497F
:105F80000F48FFF721FC0E48FFF7B4FB0C486FF0F9
:105F90007F01FFF717FB2046BDE83840FFF7BABF87
:105FA000002323850220FFF7D3F86A78012393406A
:105FB000228D13439BB2E1E7700700207407002095
:105FC000F438002008B590F8203002468BB9FDF770
:105FD000E3FB10B982F8210008BD92F821300133AB
:105FE0005BB2312B82F82130F6DD012382F82030BC
:105FF000F2E7FDF7D1FB18B1322382F82130EBE74D
:1060000092F82130013B5BB2002B82F82130D8BFDF
:1060100082F82000E0E70000134B90F820201B6876
:10602000CAB182689B1AB3F57A6F01D90123437113
:106030000379ABB10D4B427B1B781AB1022B1CBF0D
:10604000032202739A1E534253414373837953B11F
:106050000323037370478360EAE701230371F8E7C2
:106060004379002BF9D170476C5C00207D0B002038
:10607000037B9A1E012A4FF0000202D890F82010EC
:1060800011B90273184670471346FBE770B51D4CF3
:106090001D4E05465B22002120460FF0BBFB2B69FD
:1060A00023606B696360194B194D1B7831789A1E18
:1060B00053425341627A05EB011163F300026272AD
:1060C00001F58971062204F10A00FBF752F93378D1
:1060D00005EB031205EB031592F81B1195F8193126
:1060E00092F81A2103F00F0343EA02132374637C2E
:1060F000204661F3030359216374FCF777FAA4F88F
:10610000590070BD59390020700700207D0B002018
:10611000CC0700200A4A38B5138801339BB2502BB4
:1061200004460D4601D8138038BD0023054913806D
:10613000FCF73CFF29462046FCF738FFF4E700BF98
:10614000C01100207B7A01082DE9F84F154604465E
:106150000F468149FCF72AFF29462046FCF726FF17
:106160007E4B0022012F1A8016D14FF090434FF43E
:1061700000427B4E9A624FF48057B76146F2A810F6
:10618000FDF7BCFBB76246F2A810FDF7B7FB294646
:106190002046FFF7BFFFF0E7BB1E714A4FF4805166
:1061A0000C2B00F2CA80DFE803F03D51682207C8DB
:1061B000C8C87C7C7C7C7C00DFF8A4814FF48059CB
:1061C0004FF090464FF40047C8F8189046F2A810D8
:1061D000B762FDF793FBC8F8289046F2A810B761A4
:1061E000FDF78CFB29462046FFF794FFE8E7DFF830
:1061F00070814FF480594FF090464FF40047C8F833
:10620000189046F2A810B761FDF778FBC8F82890FF
:1062100046F2A810B762FDF771FB29462046FFF74A
:1062200079FFE8E791624FF090464FF40047B7617D
:1062300046F2A810FDF762FBB76246F2A810FDF720
:106240005DFB29462046FFF765FFF0E74FF09043DE
:106250004FF40042424E9A614FF48057B76146F2C4
:10626000A810FDF74BFBB76246F2A810FDF746FBFE
:1062700029462046FFF74EFFF0E791614FF0904628
:106280004FF40047B76146F2A810FDF737FBB7623D
:1062900046F2A810FDF732FB29462046FFF73AFFE9
:1062A000F0E7A7F1090BDFF8B8905FFA8BFB002647
:1062B0004FF4805A5E453EBF4FF090434FF400428A
:1062C0009A614FF0040846F2A810C9F818A0FDF72B
:1062D00015FB46F2A810C9F828A0FDF70FFB08F13E
:1062E000FF3829462046FFF715FF18F0FF08EAD1CE
:1062F0004FF090434FF400429A624FF0040846F288
:10630000A810C9F818A0FDF7F9FA46F2A810C9F8C4
:1063100028A0FDF7F3FA08F1FF3829462046FFF7D9
:10632000F9FE18F0FF08EAD10136A7F10803F6B22A
:10633000DBB2B34238BF0026BCE74FF09043916117
:106340004FF400429A614CF25030FDF7D7FA2946DB
:106350002046FFF7DFFEF6E77B7A0108C011002038
:10636000000800480A4B0B496FF001021A610A88C5
:10637000013A92B20A800A8892B23AB9DA6822F0F7
:106380000102DA601A6822F001021A60704700BF49
:10639000002C0140D60A0020064B6FF001021A6162
:1063A000DA6822F00102DA601A6822F001021A604B
:1063B000704700BF002C014010B58AB0FFF7ECFF1A
:1063C0001A4C1B48012300930A220D234FF400713D
:1063D000FCF7CDFF204600224FF47A71FCF7D2FF84
:1063E0000023CDE90333059360234FF480710293BA
:1063F00002AA02232046CDE90731069309910DF048
:10640000A5FB0C4AD2F81C3C23F00403C2F81C3C48
:10641000636C43F400436364074BE02283F8192361
:106420001920FCF7EDFA0AB010BD00BF002C0140A6
:10643000000400480020014000E100E0074BB3FBEE
:10644000F1F1074BD9624908D9631A6842F0010299
:106450001A601A6A42F480621A62704740420F0062
:10646000002C01404A434FF47A73B2FBF3F20B4B1A
:106470000B48B0FBF1F0D8624008D8631A63094AB0
:10648000012111801A680A431A601A6A42F4806274
:106490001A62DA680A43DA60704700BF002C0140D4
:1064A00040420F00D60A002019B94FF4FA71FFF7E5
:1064B000C5BF182905D84FF4FA724FF4FA71FFF7E7
:1064C000D1BF4A2901D8FA22F7E7632901D832223D
:1064D000F3E7FFF761BF0000024B186800F001000E
:1064E000704700BF002C014010B50446FFF7F4FFD1
:1064F00038B920462822BDE810404FF4FA71FFF762
:10650000B1BF10BD08B5038813B96323038008BD6C
:10651000013B9BB20380002BF9D1FDF763F9BDE885
:106520000840FDF76BB9000008B5437802789A423D
:1065300013D0052B8ABF052303700370027888BF30
:106540004370064B064813F92210064B197319764F
:10655000836813B11972FFF735F808BDAC850108DF
:10656000F43800207007002010B50AB9437010BD40
:10657000541E0B2CFBD80332D2B231F91220C83A88
:1065800003FB022240F2716192FBF1F212B222EAA5
:10659000E2729A42C8BF1AB24270E8E7044B054A59
:1065A0001A60054B054A1A60054B064A1A60704787
:1065B000403800209C020020700B0020A002002028
:1065C00044380020A40200200A46014610B90248BF
:1065D0000AF0C5BA704700BFF438002038B5154638
:1065E0001C4690B9FDF790F82B460A46014609482B
:1065F0000AF08EFA07484FF6FF710AF09AFBA101E4
:106600000448BDE838400AF0ADBB0248FFF772F815
:1066100038BD00BFF438002037B50C4638B91A48E9
:10662000836833B9812281F88C2081F88E3003B0E1
:1066300030BD9D7ADDB101F18E020DF106010AF047
:10664000C7FB94F98E30002B04DABDF80620134402
:10665000ADF80630BDF90630002B0FDB4FF6FF73A7
:10666000ADF80630BDF8063084F88C30DFE70DF168
:1066700006010AF0E4FC84F88E50EBE77F33F1DA90
:106680004FF68173ECE700BFF438002070B5114C71
:106690000D4606465B23224621462846FFF794FF17
:1066A000D6E90613206862689A4208BF88420ED174
:1066B00020465921FBF79AFFB4F85940231A5C424F
:1066C0005C4128460449FFF7A7FF601C70BD002409
:1066D000F7E700BF2C370020483800200A4608B5ED
:1066E00001460148FFF730FD2800002000B591B0B9
:1066F0000446684616461D460EF02AFE18496846AE
:106700000EF02EFE30460AF031F9014668460EF0D2
:1067100027FE144968460EF023FE134B684653F8D3
:106720002510124D0EF01CFE114968460EF018FEA1
:106730009DF84830684655F823100EF011FE0D49BB
:1067400068460EF00DFE9DF84C30684655F8231053
:106750000EF006FE08486A462146FFF7F5FC00BF2A
:106760003C6D0108436D0108000000201C00002062
:10677000486D01084F6D01082800002000230370B8
:106780008370437003714371C370704703780022B4
:10679000022B427104D0032B09D0012B16D0FEE747
:1067A00001230371437183784370C370704783780A
:1067B0004278991AA3EB020218BF012112F0060FCA
:1067C00014BF0122002201714271EDE7027170478E
:1067D00002788170002A0CBF022203220270FFF7A8
:1067E000D5BF10B504460846A3782BB12F22A11CB3
:1067F0000EF00FFE012010BD1846FCE7074B2822C3
:1068000002FB003083681A78542A05D15878A0F129
:10681000780358425841704700207047DC850108D2
:10682000074B282202FB003083681A78522A05D1D0
:106830005878A0F1780358425841704700207047BB
:10684000DC850108074B282202FB003083681A7898
:10685000542A04D15878783818BF01207047012095
:10686000704700BFDC85010828230B4A434310B55D
:10687000D1580446FFF7D4FF48B92046FFF7BEFFC2
:10688000064B1B7828B103EB830301EB8301084619
:1068900010BD01EB0311FAE7DC8501087007002049
:1068A000302838B505461AD80E4B282202FB003393
:1068B0004CB21B79022B0DD0FE2B10D1FFF7D4FF69
:1068C0000378E4B2A3420AD004702846BDE83840F9
:1068D000FFF7B8BFFFF7C8FF90F90030F2E70020DC
:1068E00038BD00BFDC850108302838B504460D46A8
:1068F00019D80E4B282202FB00331B79FF2B12D133
:10690000FFF7B2FF06222946FAF758FD58B920468C
:10691000FFF7AAFF29460622FAF73DFD2046BDE80B
:106920003840FFF78FBF002038BD00BFDC8501086D
:106930002DE9F043074615462820394A41435018AF
:10694000012B046A87B025D15258364B9A4235D074
:10695000A3F1CE018A4233D03349F23B9A4208BFB9
:106960000C46FF238DF800304FF00008012620462A
:10697000F9F740FC5FFA88F9484529D806F1180371
:106980006B44AE4203F8188C30D80020387007B042
:10699000BDE8F083022BE4D15258224B9A4211D029
:1069A000591C8A4210D0A3F1CE018A420ED0A3F125
:1069B000F2018A420AD01D49EC3BCFE71C4CD0E7DC
:1069C000194CCEE71B4CCCE71B4CCAE71B4CC8E765
:1069D00014F809302C2B06D106F118036B4401364C
:1069E00003F8188CF6B208F10108C0E705F11803A6
:1069F0000DEB0305002315F8182C15F9175C01326F
:106A0000D2B29918C9B2A94207EB030003DB0023F5
:106A100003700120BBE7615C01700133DBB2F0E77A
:106A2000DC850108E5080020566D01088A6D010823
:106A3000A76D0108506E01082E6E0108046E010852
:106A4000054B282202FB0030436A0BB118887047BF
:106A50004FF6FF70704700BFDC85010838B50B4B5F
:106A6000282202FB0030056A2846F9F7C3FB002202
:106A70001146D4B24B1CA042DBB201D8184638BD37
:106A80002C5D01322C2C08BF1946F2E7DC85010889
:106A900038B5104B282202FB003301461B79FE2B30
:106AA00015D1FFF7CDFF04460846FFF7D7FF0022B8
:106AB00013460125D1B2884201D8184638BD05FADF
:106AC00002F121421CBF0133DBB20132F2E7FF23A6
:106AD000F3E700BFDC8501082DE9F04F4FF0000A15
:106AE0001D4E93B004460F46D146D6F808805FFA93
:106AF0008AF54FF0000B0DE018F8030001920EF03C
:106B00004BFCC3B2019A202B08BF5F2302F8403C24
:106B10000BF1010B5FFA8BF340460193F9F76AFB27
:106B2000019B03F1480298426A44E5D802F8409C70
:106B3000394602A8F9F754FB48B10AF1010ABAF143
:106B4000310F06F12806D0D10025284600E00120AB
:106B5000257013B0BDE8F08FDC85010837B51E4DF8
:106B60001346282202FB015504462A79FE2A18D032
:106B7000FF2A24D0022A2BD10846FFF775FE2146B2
:106B800090F9000009F095FE2D692B783BB113496F
:106B900020460EF0E5FB294620460EF0E1FB0120E1
:106BA00018E0084601930091FFF75EFE019B027812
:106BB0000099204603B0BDE83040FFF7B9BE084653
:106BC000FFF752FE062201462046FAF7E4FBE6E70D
:106BD0000020207003B030BDDC8501089B6F0108E8
:106BE000F8B5194B1646282202FB063300241A7901
:106BF0000470022A07460D4603D0FE2A13D0204611
:106C0000F8BD93F918209142F9DB93F91C309942B1
:106C1000F5DC4FF0000165F307013046FFF740FE59
:106C200001243870EBE70029E9DB3046FFF716FF57
:106C3000A842E4DD3046FFF703FF40FA05F313F006
:106C40000103E6D11C46DAE7DC8501082DE9F843AB
:106C500000230370124B1746282202FB0733064617
:106C60001B79FF2B0C4603D000252846BDE8F8838E
:106C70000846F9F7BFFA0628F6D104F1FF3804F107
:106C8000050918F8010FFAF799F905460028EBD025
:106C9000C845F6D121463846FFF726FE3070E4E7B6
:106CA000DC850108F8B5104E4FF0280C0CFB02668D
:106CB000002736790770FE2E04460B46154603D092
:106CC000FF2E0BD0022E0DD118460EF08AFC2A465C
:106CD00001462046BDE8F840FFF782BFBDE8F84016
:106CE000FFF7B4BF3846F8BDDC85010810B504468F
:106CF0000846B2B9FAF7B8F9042812D8DFE800F06C
:106D000003090B0D0F00084920460EF021FB01205E
:106D100010BD0649F8E70649F6E70649F4E70649D3
:106D2000F2E70020F4E700BF8D6E0108926E0108C3
:106D3000976E01089C6E0108A26E010810B504460A
:106D40000068FCF733F902492068FCF72FF910BD01
:106D50007A7A01080B1E18BF0123122A14D91D2AA2
:106D600014D9312A8CBF0822052203710023016047
:106D700080F885304371C0F8883080F88C3080F816
:106D80008D20A0F88E3070470122EEE70322ECE759
:106D900090F88530682B08D8C2180133DBB25171E6
:106DA00080F88530184400234371704708B50530DA
:106DB000F9F716FAB0FA80F0400908BD2DE9F04164
:106DC00092B00646084601911546F9F713FA06F106
:106DD000050804464046F9F70DFAE4B2631CC7B251
:106DE000BB42019903DB002012B0BDE8F0812246CE
:106DF00040460EF0FCFA0028F5D1221D2346164429
:106E0000BB4202461BD300F148036B44002403F845
:106E1000404C0028E7D09DF808303D2BE3D13023CB
:106E200002A88DF80830F9F7E5F92346DAB2904266
:106E300012D802A80EF0D5FB28600120D4E716F87E
:106E4000011F202905D048326A440130C0B202F83F
:106E5000401C0133DBB2D3E748326A44013312F8F5
:106E6000402C303A092AE1D9BDE72DE9F04192B032
:106E70000646084601911546F9F7BCF906F10508E2
:106E800004464046F9F7B6F9E4B2631CC7B2BB4208
:106E9000019903DB002012B0BDE8F0812246404694
:106EA0000EF0A5FA01460028F4D1221D234616440F
:106EB000BB420A4612D301F148036B44002203F897
:106EC000402C0029E6D09DF808303D2BE2D10DF191
:106ED000090128460EF03CFA0120DCE716F8010F04
:106EE000202805D048326A440131C9B202F8400C6A
:106EF0000133DBB2DCE7000010B50E4B1B78022B30
:106F000004460FD10C4B93F8A0205AB1D3F8A83007
:106F1000B3F5215F07D20949FFF710FF0849204662
:106F2000FFF70CFF10BDFDD00649FFF707FF06492C
:106F3000F5E700BF7D0B002088090020A86E01083E
:106F4000DE6E0108146F01084A6F010810B504468F
:106F5000FFF7D2FF20680749FCF7D4F8064B2068FA
:106F600019783031C9B2FCF715F804492046FFF70B
:106F7000E5FE10BD806F0108700700203B6D010821
:106F80002DE9F0474379702B90B080460F461646A6
:106F900071D18379202B6ED1C0790EF0ADF9002824
:106FA0005CD000254FF0020A2C4608F1050948463E
:106FB000F9F720F9824522D305F140030DEB0305D3
:106FC000002305F8403CC4B3E8461D4618F8010B01
:106FD0000EF0E2F978550135EBB2A342F6D3002565
:106FE0003D550134E4B26846F9F704F96719FFB278
:106FF000874206EB050334D300221A702DE008EB1C
:107000000A035B793D2B0ED0202B07D005F1400100
:107010006A1C0DEB010505F8403CD5B20AF10103ED
:107020005FFA83FAC3E72C46F0E705F140036B44AF
:1070300013F8400C0EF0B0F978556846F9F7DAF815
:10704000E5B2A84207EB050304F10104EDD80022E4
:107050000A491A7030460EF07BF9012010B0BDE8E5
:10706000F08707F140020DEB0207013517F8402CBD
:107070001A70EDB2B7E70020F0E700BFE67801082C
:107080002DE9F0472C4E282303FB016688B03379A5
:10709000FE2B04460D4620D0FF2B4BD0022B2DD1CA
:1070A00096F9185025490068FCF72CF828466946DF
:1070B00009F0FFFB69462046FFF740FE96F91C5099
:1070C0001F492068FCF71EF86946284609F0F1FBC5
:1070D00069462046FFF732FE10E00846FFF7B0FC95
:1070E000DFF86490DFF864A080460027FEB2012339
:1070F000324629466846FFF71BFC10B908B0BDE8C8
:10710000F087BBB248FA03F3DB0711D52068494684
:10711000FBF7F8FF06F130012068C9B2FBF73AFF30
:1071200020685146FBF7EEFF69462046FFF706FE52
:107130000137DBE70349CDE7DC8501088A6F0108E9
:10714000926F0108A16F01089A6F01089D6F0108F5
:10715000F0B504468BB008460D46FFF799FC254F65
:10716000254906462068FBF7CDFF282303FB05775A
:107170002068B968FBF7C6FF20492068FBF7C2FF0B
:107180002EB91F492046FFF7D9FD0BB0F0BD0122F3
:10719000294602A8FFF7E2FC206802A9FBF7B2FF2C
:1071A0003B79FE2B03D0FF2B1AD01649EAE728467D
:1071B000FFF75AFB057814492068FBF7A3FF05F198
:1071C00030012068C9B2FBF7E5FE10492068FBF7E3
:1071D00099FF012EE9D10E492068FBF793FFE4E700
:1071E0000C4B02A95A786846FFF780FD0028DCD0D6
:1071F0006946F1E7DC8501089A6F01089D6F010877
:10720000B06F01083B6D0108C06F0108AE6F010847
:10721000C36F01087007002070B590F88E300446E7
:107220006BB990F88F30012B01D9032B07D1214B7B
:107230001B78022B03D020492046FFF77FFD1D4E0F
:10724000002594F88E10302903D9002384F88C305F
:1072500020E04B1C84F88E3094F88F30012B09D13C
:107260000846FFF7CBFA0028EBD10846FFF7D8FA1B
:1072700038B1E6E7022B0ED10846FFF7BFFA002827
:10728000DFD02046FFF764FF013594F88D30EDB272
:10729000AB42D6D270BD032B08D10846FFF7C0FA27
:1072A0000028CED03378022BDFD1EAE7002BF9D0CB
:1072B000E7E700BF7D0B0020D26F010838B5594BBE
:1072C0001A6890F88C30012B044640F0AA80D0F860
:1072D0008830D31AB3F5FA7FC0F0A380524DC0F8BE
:1072E00088202846F9F76EFD09F018FB0146206852
:1072F000FBF708FF4D492068FBF704FF05F1140078
:10730000FAF798F909F00AFB01462068FBF7FAFE44
:1073100047492068FBF7F6FE95F8940009F0FEFA5D
:1073200001462068FBF7EEFE42492068FBF7EAFEC3
:1073300095F98C0009F0FCFA01462068FBF7E2FEA3
:107340003D492068FBF7DEFE95F98D0009F0F0FA63
:1073500001462068FBF7D6FE38492068FBF7D2FECD
:1073600095F9920009F0E4FA01462068FBF7CAFE9D
:1073700030492068FBF7C6FE95F98E0009F0D8FA6F
:1073800001462068FBF7BEFE2B492068FBF7BAFEDA
:1073900095F98F0009F0CCFA01462068FBF7B2FEA0
:1073A00027492068FBF7AEFE05F15000FAF748F9CF
:1073B00080B209F0C7FA01462068FBF7A3FE1D4919
:1073C0002068FBF79FFE05F16400FAF739F980B2F7
:1073D00009F0B8FA014620681A4DFBF793FE1A49E6
:1073E0002068FBF78FFE194B1B7805EB8303588849
:1073F00009F0A8FA01462068FBF784FE14492068CA
:10740000FBF780FE134B1B7805EB8305688809F0BA
:1074100099FA01462068FBF775FE0F492046FFF7F1
:107420008DFC38BD6C5C0020483800204C70010891
:10743000EF6F0108F26F0108F56F0108F06F0108A6
:10744000F76F0108AC850108FA6F01082A370020A0
:10745000007001083D3800200570010830B5044671
:1074600095B0FFF749FD1C492068FBF74BFE1B4810
:1074700008A9FFF7B6F938B119492068FBF742FEB1
:10748000206808A9FBF73EFE16492046FFF756FC88
:1074900015492068FBF736FE144B1B78022B19D1D7
:1074A000134D95F8A0309BB1206805F1AC01FBF7B6
:1074B00029FE0B492068FBF725FED5F8A410684685
:1074C000F9F7A6FE69462046FFF738FC15B030BD37
:1074D0000849F8E70849F6E7087001083C1500205C
:1074E000F26F01083B6D01082A7001087D0B002036
:1074F0008809002031700108D86F01082DE9F0419A
:1075000090F88E3090B0044643B93A4A3A4B92F81C
:1075100056105B7C394A01B15B001370DFF8DC80E8
:10752000354E002794F88D20FBB29A4208D994F882
:107530008E5098F80030AB4205D8002384F88C3088
:1075400010B0BDE8F081737C9D424DD275B92C49D5
:107550002068FBF7D7FD707C09F0E0F90146206850
:10756000FBF7D0FD27492046FFF7E8FB284609F046
:10757000D5F901462068FBF7C5FD23492068FBF7D4
:10758000C1FD73190137987C09F0C8F901462068DC
:10759000FBF7B8FD1D492068FBF7B4FD06EB85033A
:1075A000586B09F0D9F901462068FBF7ABFD184983
:1075B0002068FBF7A7FD2A4608A93046FEF728F900
:1075C000694609F040F96846F9F780FD2068694688
:1075D000FBF798FD08A92046FFF7B0FB94F88E3022
:1075E000013384F88E309DE7ED1A15F0FF05BDD10B
:1075F0000849ADE770070020C41100209C0A002054
:10760000467001084B7601084E700108557001085C
:107610005F700108657001082DE9F0412E4E2F4F73
:10762000DFF80C810446002594F88D20EBB29A42D5
:107630004FD994F88E30172B48D8DFE803F00C169A
:107640001B1D1F21232527292B2D2F31333537399A
:107650003B3D3F4143452046FFF74EFC94F88E30BA
:10766000013384F88E300135DEE71D492046FFF7EF
:1076700065FBF3E71B49F9E71B49F7E71B49F5E70A
:107680001B49F3E71B49F1E71B49EFE71B49EDE70E
:107690001B49EBE71B49E9E71B49E7E71B49E5E71E
:1076A0001B49E3E71B49E1E71B49DFE71B49DDE72E
:1076B0001B49DBE71B49D9E71B49D7E71B49D5E73E
:1076C0004146D3E73946D1E73146CFE7002384F876
:1076D0008C30BDE8F08100BF8A7401085574010840
:1076E0006D70010891700108BF700108E870010811
:1076F000147101083C710108647101088D71010861
:10770000B6710108FA710108207201084672010879
:10771000697201089C720108CD72010808730108A2
:1077200034730108627301089F730108DD73010857
:107730001E7401082DE9F0470379A0B00446C3B1D7
:1077400090F88C30013B032B19D8DFE803F002528C
:10775000575C006803685B69984768B120680368F4
:107760009B6998470023AC4984F88C302046FFF78A
:10777000E5FA20B0BDE8F0872046FFF79FFDA74B54
:107780001E6894F885308BB1D4F88830F31AB3F5BD
:10779000FA6F0BD9A2492046FFF7D0FAA14920463B
:1077A000FFF7CCFA002384F8853063719C4FDFF833
:1077B000D882DFF8D892206803685B699847002870
:1077C000D7D0206803689B6998470A280546C4F803
:1077D00088601DD00D281BD02C2819D03B2817D02D
:1077E00001462068FBF7D6FB29462046FFF7D0FA72
:1077F000E1E720B0BDE8F047FFF70EBF20B0BDE8DD
:10780000F047FFF709BD20B0BDE8F047FFF776BEAF
:1078100039462046FFF792FA41462046FFF7C6FA5E
:1078200050B1022384F88C30002384F88E3000237A
:1078300084F885306371BEE749462046FFF7B6FA03
:107840000028EED178492046FFF7B0FA0028E8D1A9
:1078500076492046FFF7AAFA054618B12046FFF7F9
:10786000FDFDE4E772492046FFF7A0FA40B120464B
:10787000FFF76CFB032384F88C30A4F88E50D6E716
:107880006C492046FFF792FA50B12046FFF75EFBA5
:10789000032384F88C304FF48073A4F88E30C6E74D
:1078A00065492046FFF782FA40B12046FFF74EFBBC
:1078B000032384F88C304FF40073EEE75F492046D1
:1078C000FFF774FA40B12046FFF740FB032384F82A
:1078D0008C304FF44073E0E70CAD2A4604A92046F3
:1078E000FFF74EFB002846D004A90DF10A00FFF770
:1078F000F3F820B952492046FFF720FA97E7514B99
:107900001B78022B06D09DF80A00FEF789FF08B10C
:107910004D49F0E79DF830303F2B0DD12046FFF761
:1079200015FB9DF80A1001912046FFF711FC019903
:107930002046FFF7A5FB7AE70BB94449DBE79DF842
:107940000AA0294652460DF10B00FFF7ABF908B922
:107950003F49D0E72046FFF7F9FA51462046FFF7A6
:10796000F7FB9DF80B30002B3FF461AF0521394840
:10797000F9F79EFE5BE738492046FFF717FA90B10A
:1079800034480621F9F794FE2046FFF7DFFA2D4B25
:107990001B78022B05D02C492046FFF7CFF92F4941
:1079A000A9E72F49A7E72F492046FFF7FFF928B19C
:1079B00001212848F9F77CFE2B499CE72B492046FA
:1079C000FFF7F4F990B123480721F9F771FE20463B
:1079D000FFF7BCFA1B4B1B78022B05D01A49204637
:1079E000FFF7ACF9224986E7224984E7224903AA36
:1079F0002046FFF7E3F900285BD0039D092D01D94C
:107A00001E4978E72046FFF7A1FA1D4B1B789D42DF
:107A10003ED11C496FE700BF157501086C5C002062
:107A2000D77901082F750108E67801085783010806
:107A30003E75010841750108467501084C7501083D
:107A4000527501087D0B0020D26F01086E75010888
:107A5000867501081839002099750108A07501087C
:107A6000B7750108CB750108D0750108E7750108E5
:107A7000EE750108077601081D76010829760108D0
:107A8000700700204D7601087784010839750108D8
:107A90002A4656480A21F9F70DFE55492068FBF79A
:107AA00031FB05F13001C9B22068FBF773FA514987
:107AB00021E751492046FFF779F9824640B1012379
:107AC0004E4984F88C302046FFF738F94C4912E7CC
:107AD0004C492046FFF76AF928B1042384F88C301A
:107AE00084F88EA0A3E648492046FFF75FF908B165
:107AF00003213CE745492046FFF758F908B1092121
:107B000035E743492046FFF751F908B108212EE730
:107B100040492046FFF74AF960B13F4814A9FEF7F3
:107B200060FE28B13D492068FBF7ECFA14A9E2E6B3
:107B30003B49E0E63B492046FFF738F908B10E2102
:107B400015E739492A462046FFF78FF9F0B19DF82D
:107B500030303BB12846F8F74DFB0838102801D9E2
:107B60003249C8E632492068FBF7CCFA9DF830105C
:107B7000304B2046002914BF29461946FFF7DEF88E
:107B80002A460F211948F9F798FD50E62A49204660
:107B9000FFF70CF908B11021E9E628492A462046EA
:107BA000FFF763F9C8B19DF830302BB12846F8F7DC
:107BB00021FB08381028D3D821492068FBF7A2FA06
:107BC0009DF830101F4B2046002914BF2946194646
:107BD000FFF7B4F82A461121D4E794F885101A4A21
:107BE0001A4B00290CBF1146194684E618390020AB
:107BF000627601083B6D01088B76010878760108F2
:107C000091760108AE760108B8760108C3760108BE
:107C1000C9760108D17601083C1500209A6F010849
:107C2000D9760108F7760108047701081177010871
:107C300054770108C574010861770108717701085C
:107C400081770108E0740108FB74010807750108D9
:107C500070B5254CE569AB0607D523689E0604D5AB
:107C6000606A224BC0B21B6898471F232806236214
:107C700015D52368190612D51D4B1E4A198813887D
:107C800089B29BB2994219D013880133C3F3080318
:107C900013801388184A9BB2D35CDBB2A3626A06D6
:107CA00020D5114803685B061CD5FAF766FC402313
:107CB0000362124BBDE870401B6818470A48FAF788
:107CC00065FC402323624FF0402202F5806353E8B5
:107CD000003F43F0400302F5806040E80031002996
:107CE000F3D1DCE770BD00BF0044004094020020E7
:107CF0001E3C00201C3C00201C3A00209802002062
:107D000070B588B00C46064615460021202268460C
:107D10000DF080FD231E18BF01231B03CDE90235A2
:107D200069460C2303480196049405930CF00AF964
:107D300008B070BD0044004037B5334C236823F0D1
:107D4000010323604FF40030FAF7E0FB032508231A
:107D500019462E4800950A22FBF709FB08232B48F9
:107D600000952A461021FBF702FB00221146284805
:107D7000FFF7C6FF636823F490436360A36823F0B2
:107D80002A03A360236823F0005323602046FBF7F7
:107D900010F8FBF701F81F4BA02283F826232620BA
:107DA000FAF72EFE2046FAF7F1FBFAF7E6FB40233E
:107DB0002362194B00211980184B1980FAF7D4FB64
:107DC000174B1980174B1980636823F400636360B5
:107DD000A36823F00803A360636823F4804363600F
:107DE000A36823F02203A360A36843F48053A36035
:107DF000236843F001032360E3699A02FCD5E36939
:107E00005B02F9D503B030BD0044004000040048D7
:107E1000801A060000E100E01C3C00201E3C00200F
:107E2000183A00201A3A00200649074A0B8812889F
:107E30000133C3F3080392B29A421EBF034AD054DF
:107E40000B8070471E3C00201C3C00201C3A002088
:107E5000F8B5012380F86C3090F8BD30044603F08B
:107E6000FF005BB194F8BD5004F16C070026B3B27B
:107E70009D4204D8002384F8BD300120F8BD17F8D6
:107E8000010FFFF7D1FF0136F1E700000148FAF7D3
:107E900062BB00BF0044004007B5FFF74DFF134B26
:107EA00013481A6822F001021A605A6842F400323C
:107EB0005A605A6842F480325A601A6842F00102ED
:107EC0001A6003230093022208231021FBF74FFAC4
:107ED000FAF7BCFE01210023CDE9003104224FF066
:107EE0009040FBF7B5F903B05DF804FB0044004097
:107EF0000004004810B50023044683810371C38049
:107F00000381837203610448FCF730FD2046BDE81D
:107F10001040FFF7C1BF00BF143A0020036810B53E
:107F200004461B689847237A082B05D90A2B03D0EF
:107F3000092B02D00023237210BD236820465B6802
:107F400098470028F6D00848036823B1FA21FCF7C7
:107F50001DFD0A23EFE70548FAF706FB0B23237202
:107F6000BDE81040FFF792BF143A002000440040E3
:107F700001460148FFF7D2BF501E002001460148CC
:107F8000FFF7CCBF840B002008B5037A0A2B01460B
:107F900008D10548FAF7E8FA0B230B72BDE8084050
:107FA000FFF774BF08BD00BF004400400148FFF761
:107FB000EBBF00BF840B002008B5027A0B4B0A2AE6
:107FC0001B6801D8036108BD02699B1A142BFAD9FA
:107FD0004FF0904301229A6100230372FAF736FEB4
:107FE0000348FAF7CAFA40230362ECE76C5C00200E
:107FF000004400400238C0B210289ABF014B185C00
:10800000002070474085010810B5464B5A6A037A34
:10801000044692B233B18389D31A9BB2FA2B84BF40
:1080200000230372237AA281052B1AD8DFE803F01C
:10803000031E2349606C4F29B4F8020B12D10123AF
:10804000237270B1984209D008F07CFC0146364892
:10805000FAF7ACFF35493448FAF7A8FF0023A4F833
:10806000023B10BD0130A4F8020BFAE757290CD1EE
:1080700002232372F5E70023FF29A37207D141F2FF
:1080800004732381637E002BEBD00023F1E79F294B
:108090000FD901F01F000122A27284F83200FFF70D
:1080A000A9FF607218B984F84B200923E1E7052382
:1080B000DFE71829E9D80029F7D00323617223727A
:1080C000E0E7B4F86E22B4F87202531C0340B4F82F
:1080D000700298421EBF121982F87412A4F86E3210
:1080E000A37A627A0133DBB29A42A372DDD9B8E790
:1080F000A27A531C2244DBB2A372D176627A9A42EE
:10810000AFD80123A376D0E7A27A531C2244DBB276
:10811000A37282F83210627A9A42A2D2012384F8C2
:108120004B30C2E70004004028000020E86C010842
:108130002DE9F04389B0002301AFB0F868908DF8C5
:1081400004300446B8460125B4F86A204846114672
:10815000EEB2FAF747FEA0B1192D11D091451FBF1D
:10816000A318B4F86C1093F86E30013214BF0A40B3
:10817000002308F8013F18BFA4F86A200135E3E79F
:108180002E46B6B20024013417F8010BA4B2FFF753
:108190004BFEA642F7D8012009B0BDE8F08370B5C8
:1081A00090F8665000F14C040026B3B29D4200D80E
:1081B00070BD14F8010FFFF737FE0136F5E770B513
:1081C000457E044605B1FEE7012680F84C6090F834
:1081D000663033B1FFF7E3FF84F866503546284632
:1081E00070BDB0F86A10B0F86800FAF7FBFD00281F
:1081F000F5D02046FFF79CFFF0E7027FC37E02F038
:10820000070243EA02230B80838BC3F3CA034B802C
:10821000C369C3F38A338B8090F82030C27F03F0A8
:108220000F03DB0143EA5203CB80038CC3F30A1331
:108230000B81036AC3F3CA334B8190F8243090F862
:10824000232003F01F039B0143EA92038B81838C5D
:10825000C3F34A13CB81C38CC3F30A030B8290F898
:10826000283090F8272003F03F035B0143EAD20354
:108270004B82836AC3F38A138B82438DC3F34A0311
:10828000CB8290F82C3090F82B2003F07F031B0159
:1082900043EA12130B83C36AC3F3CA134B83C38D20
:1082A000C3F38A038B8390F8303090F82F20DB00E3
:1082B00043EA5213CB8390F8312040F2547312F00A
:1082C000010F14BF1A46AC220A8490F8312012F034
:1082D000020F08BFAC234B847047437E70B5044641
:1082E00043B1002303720D468E18B54203D100231B
:1082F0002372A37670BD236815F8011B1B68204606
:108300009847F2E7437E30B56BB190F8664004F0D1
:10831000FF0554B100F14D040C6090F86610117027
:10832000002280F86620184630BD2B46FBE700008F
:1083300042766AB30123037640F2FF11A0F86C1075
:1083400040F2FF710023A0F872127F2180F84C30B8
:10835000A0F86A308376A0F8683080F84B30A0F837
:10836000703280F86630A0F86E32A0F8763AA0F845
:10837000743AA0F8781A80F8FA3AC0F8FC3A52B980
:10838000054B064A1A60064B064A1A60FFF7B2BD53
:1083900001760029D0D1704794020020717F000837
:1083A00098020020592C000870B5467E044616B18C
:1083B0000025284670BD037E002BF9D0FFF7FCFD99
:1083C000A37E03F0FF05002BF2D0A6762046FFF730
:1083D00014FFEEE7427E10B5EAB9037EBBB190F818
:1083E0004C4004F0FF0394B1047980F84C200CB1A8
:1083F0000271C280C48882790134052AC48008D001
:10840000092A06D0012A4FF0000206D10A70184648
:1084100010BD0122FAE70023F9E71346F7E7037ED0
:1084200063B190F84B2002F0FF033AB1002280F8CC
:108430004B2090F8322002F01F020A701846704755
:10844000F8B506460D461746002119224D300DF0AD
:10845000E1F92846FFF7CEFD05F01F050446603D13
:108460000134024686F84D50394606F14E00E4B21A
:108470000CF09CFF86F86640F8BD000070B590F8DF
:10848000FA4A0CB1002070BDB0F8745AB0F8763AD0
:10849000EE1AB2B2360444BF803292B2002AF1D052
:1084A0000D4A1668427E22B1D0F8FC2A921B092A96
:1084B000E8D900229D42C0F8FC6A80F8FA2A08D068
:1084C000C218013392F87A4AB0F8782A1340A0F81B
:1084D000763A0C700120D6E76C5C002010B52C4C6D
:1084E00086B01822002168460DF094F923782948B7
:1084F0008DF80630FDF742F9ADF800002548FDF78C
:1085000054F99DF8073094F851208DF8030062F378
:1085100003038DF80730204B93F8A0205AB39DF841
:10852000052042F001028DF8052093F8C12093F850
:10853000C2308DF8042003F00F039DF80720174880
:1085400063F30712164B8DF807201B799DF8022064
:108550005B0043F0010322F0030203F00303134323
:108560008DF802306A4631230B218DF80830FFF771
:1085700067FF06B010BDBDF8043023F4FF7323F08D
:10858000010343F07F03ADF804300523D5E700BFB6
:1085900070070020F438002088090020501E0020B9
:1085A000A00A00207FB51822002168460DF032F99C
:1085B00042F6A100F8F70EFEADF800004FF421508E
:1085C000F8F708FE0749ADF80200142201A8F8F7F1
:1085D000D0FE05486A460421FFF732FF07B05DF878
:1085E00004FB00BF91770108501E002010B5134C0A
:1085F00086B01822002168460DF00CF994F8A030DE
:10860000C3B1D4F8A400F8F7E5FDADF80000D4F844
:10861000A800F8F7DFFD1422ADF8020004F1AC0168
:1086200001A8F8F7A6FE06486A460521FFF708FFED
:1086300006B010BD03491422F2E700BF88090020EC
:10864000501E00203B6D01082DE9F04F344C2823CB
:1086500003FB014489B007460846FEF7F1F9237988
:10866000D4F82080FE2B814603D14FF6FF73984249
:1086700006D14146384609B0BDE8F04F0CF068BE5F
:108680000846FEF7F1F8002590F800B02E46AA46FD
:108690002C46EAB240460192F7F7ACFD019A013050
:1086A00090424FF02D0102D809B0BDE8F08F18F8C4
:1086B00002000AF1200CEC440AF101032C28DBB281
:1086C0000CF8180C00D040BB5E4503D049FA06F008
:1086D000C00718D50DF1080E0022D0B254FA82FC62
:1086E00083425FFA8CFC08D85444013404F0FF0440
:1086F0000136502CF6B20FD9FEE71EF8010B07F831
:108700000C000132E9E73955631CDBB218F802208E
:10871000FA540234E4B2EBE7002301359A46B8E795
:10872000DC850108044B1870044B05480022072122
:108730001A70FAF74BBB00BF98360020993600201C
:10874000C428002008B50B78033B082B20D8DFE8AD
:1087500003F010050C1F1A1F1F1F0E00042100F646
:108760007420BDE80840FAF731BB0521F7E70B217B
:10877000F5E7042100F67420FAF728FB0521FAF743
:1087800025FB0B21EDE7BDE808404878FFF7CABF9D
:1087900008BD000070B56E4D2C78302C86B00ED917
:1087A0001822002168460DF035F8FF2369488DF83E
:1087B00000306A460721FFF743FE06B070BD664EE3
:1087C000317800294BD1022333701822634E68465A
:1087D0000DF020F8282303FB04638DF800401B797B
:1087E000FE2B27D0FF2B2DD0022B09D101232046B1
:1087F0008DF80130FEF738F890F900308DF812301E
:108800002B78282202FB03660DF10200B1681022CA
:10881000F8F7AFFD4F4807216A46FFF711FE2978A8
:108820004F48FFF711FF4F48072106B0BDE87040E1
:10883000FAF7CCBA042320468DF80130FEF714F87D
:108840000378DBE7052320468DF80130FEF70CF8AE
:10885000062201460DF11200F8F78BFDD0E7022940
:1088600042D100211822684631700CF0D3FF3B4BF7
:108870008DF80040282202FB04331A79022A0DD019
:10888000FE2A1BD06A4608213248FFF7D9FD33780B
:10889000002BC8D12B7801332B708EE71A7D8DF811
:1088A00005201A7E8DF801201A7F8DF803201969A2
:1088B00006220DF10700F8F75CFDE3E75B6A83B180
:1088C0001B882749ADF8013015220DF10300F8F798
:1088D00050FD2348F7F78EFC142884BF0323337020
:1088E000D0E74FF6FF73ECE7032917D100211822D8
:1088F000684631700CF08EFF1B498DF8004017223E
:108900000DF10100F8F735FD1548F7F773FC2B283A
:1089100084BF042333706A460921B5E783D9002157
:108920001822684631700CF075FF0DF101000F49F7
:108930008DF800401722F8F71CFD9DF8003005481F
:10894000803B6A4609218DF80030FFF779FDA1E7E9
:1089500098360020501E002099360020DC85010842
:108960009A360020C4280020AF360020C6360020EA
:1089700010B500230B700246007830280C4611D841
:10898000094B282101FB00331B79FF2B06D0B2F9DC
:108990000110FDF785FF2070012010BD511CFDF76F
:1089A000A3FFF8E71846F8E7DC8501080438072834
:1089B0000DD8DFE800F004060C080C0C0C0AFFF7D9
:1089C000F1BDFFF713BEFFF7E5BEFFF787BD7047A8
:1089D000D20638B505460C4604D5BDE838402049D6
:1089E0000CF0B6BCCB044CBF1E491F490CF0B0FCC8
:1089F000A1070BD51D4928460CF0AAFCE3072ED48D
:108A000028461B49BDE838400CF0AABCA20501D598
:108A10001849F0E7230601D51749ECE7E00501D531
:108A20001649E8E7164BA34301D11649E3E7E103F2
:108A300001D51549DFE7220501D51449DBE7E30637
:108A400001D51349D7E7600701D51249D3E72107BC
:108A500001D51149CFE7E202D0D51049CBE738BDA7
:108A6000A4770108A9770108AD770108B27701085A
:108A7000D7770108B7770108AC7E01089F8001080D
:108A800010000100BC770108C17701080C7F0108C4
:108A9000C6770108C9770108CE770108D2770108A7
:108AA00010B51422044600212A300CF0B3FE002336
:108AB000C4F8D032A4F8D432C4F8D832FF2384F8F2
:108AC000DC3210BD0B68C0F890304B68C0F89430B1
:108AD0000B7A80F89830012380F82D3080F83330FD
:108AE00090F89630DB0980F8D5327047993001F163
:108AF000280351F8042B40F8042B9942F9D10B8834
:108B000003808B788370704710B500F1C40301F1C6
:108B1000340251F8044B43F8044B9142F9D101233C
:108B200080F82E3010BDF83001F11C0351F8042BF1
:108B300040F8042B9942F9D10B780370704710B5B7
:108B400000F2151301F11C0251F8044B43F8044BD9
:108B50009142F9D1012380F8323010BD10B500F2F6
:108B6000311301F11C0251F8044B43F8044B9142BC
:108B7000F9D140F201134385012380F8303080F8A9
:108B8000D23290F8D53253B990F8D4323BB9D0F8FC
:108B90003931C0F82C32D0F83531C0F8283210BD48
:108BA00000F2671001F1100351F8042B40F8042B78
:108BB0009942F9D10B880380704700F24D1001F102
:108BC000180351F8042B40F8042B9942F9D10B8873
:108BD0000380704710B500F2791301F1140251F8C7
:108BE000044B43F8044B9142F9D1012380F8313012
:108BF000D0F8993013F0100308D0D0F89D3013F05E
:108C000010031CBFD0F8A130C3F3001380F83D302F
:108C100010BD00F28D1001F1140351F8042B40F83F
:108C2000042B9942F9D10B880380704791F82030CA
:108C300030B57BB90B4600F2A31201F1340453F8AE
:108C4000045B42F8045BA342F9D11B881380012323
:108C500080F82F3091F82030012B0ED100F2D9137B
:108C600001F1340251F8044B43F8044B9142F9D11D
:108C70000A881A80012380F8343030BD0B68C0F8B0
:108C80000F324B68C0F813320B7A80F81732012389
:108C900080F8D33270470B68C0F818324B68C0F8C0
:108CA0001C32012380F8323070470B68C0F8203244
:108CB0004B68C0F82432012380F83630704710B575
:108CC00000F50A7301F13C0251F8044B43F8044BE0
:108CD0009142F9D1012380F8303080F8D43210BDB0
:108CE00010B500F5197301F1340251F8044B43F843
:108CF000044B9142F9D10A881A80012380F82C3064
:108D000010BDF0B500252C460126AB4206D80368FD
:108D1000214001FA02F213430360F0BD06FA05F7A1
:108D20003C430135F1E770B50446084694F82A60E3
:108D300016B90026304670BD94F8E0300022022BB0
:108D400084F82A20F5D90A60D4F83551002DC8BF1F
:108D50006D423223B5FBF3F11E2301EB4101FFF716
:108D6000D0FFD4F8351102231E22C90FFFF7C9FF27
:108D7000E0E770B50446084694F82B6016B9002663
:108D8000304670BD94F8E0300022022B84F82B208E
:108D9000F5D9D4F839510260002DC8BF6D42322395
:108DA000B5FBF3F11E2301EB4101FFF7AAFFD4F855
:108DB0003931002B4FF002034FF01E02B4BF0321E4
:108DC0001946FFF79EFFDBE738B50446084694F8DE
:108DD000D022AAB994F82C30DBB384F82C2004F507
:108DE000197304F29A2204F5267153F8045B42F8D1
:108DF000045B8B42F9D11B8813800123A4F8D03285
:108E000000230360182594F8D132312B06D85A1C60
:108E1000234484F8D12293F89B12E1B994F89A1272
:108E2000012319400722FFF76CFF94F89A120123DF
:108E30000F22C1F34001FFF764FF94F89A12012357
:108E40001722C1F38001FFF75CFF002384F8D032C2
:108E50000123184638BD2A46083D0723EDB2FFF727
:108E600050FFF82DCFD194F8D132312BD6D8EFE77F
:108E700003462DE9F04793F82D600846002E65D093
:108E800093F81552D3F89010B3F88B4193F8D5723C
:108E900093F8D3820022AD1A83F82D2001F101014D
:108EA00018BF01254CB1632CD7BFC4EB84143F24F9
:108EB00031346422D8BFB4FBF2F4B3F91331002B80
:108EC00047D0642293FBF2F3522BA8BF5223132BFB
:108ED000B8BF1323A3F113094FF0000A052352462C
:108EE000C0F800A0FFF70DFF022305225146FFF74F
:108EF00008FF012307223946FFF703FF0123082259
:108F00003946FFF7FEFE012309225146FFF7F9FE1D
:108F100002230A225146FFF7F4FE01230C22514698
:108F2000FFF7EFFE01230D224146FFF7EAFE012382
:108F30000E222946FFF7E5FE072313222146FFF7FD
:108F4000E0FE06231A224946FFF7DBFE3046BDE865
:108F5000F0879946C0E700002DE9F84390F82E808D
:108F60000D46B8F1000F3AD090F8E1300021FF2B08
:108F700080F82E1003D00F2B28BF0F23194690F82E
:108F8000E090B9F1030F2DD84FF000062FD07F27C6
:108F90003446002228462A600423FFF7B2FE02234B
:108FA00004224946FFF7ADFE012202213846F9F7B7
:108FB000F9F80823014606222846FFF7A2FE0223FD
:108FC0000E223146FFF79DFE022211462046F9F798
:108FD000E9F80A23014616222846FFF792FE40468A
:108FE000BDE8F883A9F10306062E28BF06260A234A
:108FF000B0F8D870D0F8D440B7FBF3F70B4B7F2F05
:10900000A8BF7F279C4208DC094B9C4209DB6423F4
:109010004FF0030994FBF3F4BBE7064C4FF0030950
:10902000B7E7054C4FF00309B3E700BFC3C9C10060
:109030003D363EFF18F00100E80FFEFF2DE9F0413C
:1090400090F830302DED088B05460E462BB90027E1
:10905000BDEC088B3846BDE8F08190F8D272002351
:1090600080F83030002FF2D0D0ED8A7AD0F8353148
:109070009FED60BA9FED60AAF8EEE78A09EE103A1C
:1090800068EE8B8AB8EEC99A68EE8A8A29EE0B9A46
:10909000B0EE680A0BF042F829EE0A9AF0EE40AA08
:1090A000B0EE490A0BF03AF8D5F83931D5ED8B7AA4
:1090B00008EE103AB8EEC88AF8EEE77A28EE0B8A86
:1090C0006BEE677A28EE0A8AF0EE409AA7EE8A8A5B
:1090D0004FF00008B0EE480A0BF060F829EE80BAB5
:1090E000B0EE490A0BF05AF8F0EE40BAB0EE680A5A
:1090F0000BF054F8B0EE40AAB0EE480A0BF00EF8B0
:1091000029EE8AAA60EE4A0AB0EE4B0AEAEEAB0AF2
:109110000BF002F8DFED397A60EE277A39EE689AC3
:10912000F5EEC07AF1EE10FA44BF9FED357A77EE96
:10913000877AB6EE00AAFDEEE77A29EE0A0A17EE64
:10914000903A9BB2A3F1B40424B2002CBCBFB43358
:109150001CB2B4F5B47FA4BFA4F5B47424B20BF070
:109160001DF8F0EE408A28EE0A0A0BF017F860EEC0
:10917000007A67EEAA7A27EEA90AA8EEA80A0AF0F2
:1091800057FF0AF09DFFDFED1F7AD5F84131C6F891
:10919000008020EE270A6422BDEEC00A93FBF2F5A0
:1091A000B8EEC00A0222FDEEC07A032117EE900A43
:1091B000F8F7F8FF07EE905A01460C234246304676
:1091C000FFF79FFDF8EEE77A0222FDEEE77A032132
:1091D00017EE900AF8F7E6FF0D2301460C22304601
:1091E000FFF78FFD07231922032194FBF1F1FFF70D
:1091F00088FD2DE795BFD63335FA8E3CE12E6542CA
:109200000000B443706D424BF8B590F831702DED0D
:10921000028B04460D46002F43D0D0F8853100EE76
:10922000103A0026B2EE048A80F8316028EE000A77
:109230000AF020FFD4F87D31F0EE408A00EE103ABB
:1092400028EE000A0AF016FFB4F989112E60FDEE2F
:10925000E87A01EB810417EE900A01220221B0EEB8
:10926000408AF8F79FFF0923014632462846FFF758
:1092700048FDFDEEC87A0122022117EE900AF8F7A8
:1092800091FF0823014609222846FFF73AFD0B23E8
:1092900011222146FFF735FD01231C223146FFF73D
:1092A00030FDBDEC028B3846F8BDF8B590F83D7046
:1092B0002DED028B04460D46002F43D0D0F88531AA
:1092C00000EE103A0026B2EE048A80F83D6028EEE7
:1092D000000A0AF0CFFED4F87931F0EE408A00EEB1
:1092E000103A28EE000A0AF0C5FEB4F989112E6082
:1092F000FDEEE87A01EB810417EE900A01220221CB
:10930000B0EE408AF8F74EFF092301463246284660
:10931000FFF7F7FCFDEEC87A0122022117EE900A52
:10932000F8F740FF0823014609222846FFF7E9FC29
:109330000B2311222146FFF7E4FC01231C221946CE
:10934000FFF7DFFCBDEC028B3846F8BDF8B590F8AE
:1093500032702DED048B04460D46002F4AD0D0F814
:1093600019319FED269A9FED260A07EE903A67EE97
:10937000897A0026B1EE048A80F83260A7EE880A66
:109380000AF078FED4F81D3107EE903AF0EE408AEC
:1093900067EE897A9FED1B0AA7EE880A0AF06AFE3B
:1093A000DFED197AB0EE408A94ED860A20EE270AA6
:1093B0000AF060FEFDEEE87A284617EE901A0B23BD
:1093C00032462E60FFF79DFCFDEEC87A0A2317EEA9
:1093D000901A0B22FFF795FCFDEEC07A01220321C3
:1093E00017EE900AF8F7DEFE0B23014615222846F9
:1093F000FFF787FCBDEC048B3846F8BDE12E6542D3
:10940000000061440000E1430000C84238B5034653
:10941000084693F8334014B90024204638BD93F829
:10942000DC220132D2B20021032A83F833100FD993
:1094300083F8DC1293F894100125002202601823AF
:10944000FFF75FFC082318222946FFF75AFCE4E7E0
:1094500083F8DC22002AEDD0012ADDD1D3F8D8121E
:109460000029D9D00425E8E71C2945D8DFE801F018
:109470000F121416181A1C1E4420442244242628B5
:109480002A2C2E30323436383A3C3E4042001B49BA
:109490000BF05EBF1A49FBE71A49F9E71A49F7E7EB
:1094A0001A49F5E71A49F3E71A49F1E71A49EFE7CC
:1094B0001A49EDE71A49EBE71A49E9E71A49E7E7DC
:1094C0001A49E5E71A49E3E71A49E1E71A49DFE7EC
:1094D0001A49DDE71A49DBE71A49D9E71A49D7E7FC
:1094E0001A49D5E71A49D3E71A49D1E71A49CFE70C
:1094F0001A49CDE71A49CBE71A49C9E7A37E010803
:10950000AD770108D9770108DE770108E377010814
:10951000E8770108ED770108F2770108F77701088D
:10952000FC77010801780108067801080B7801082A
:1095300010780108157801081A7801081F780108C9
:1095400024780108297801082E7801083378010869
:10955000387801083D780108427801084778010809
:109560004C7801083B6D0108192941D8DFE801F06A
:109570000D10121416181A1C1E4020222426282A08
:109580002C2E30323436383A3C3E1A490BF0E0BECD
:109590001949FBE71949F9E71949F7E71949F5E7C7
:1095A0001949F3E71949F1E71949EFE71949EDE7D7
:1095B0001949EBE71949E9E71949E7E71949E5E7E7
:1095C0001949E3E71949E1E71949DFE71949DDE7F7
:1095D0001949DBE71949D9E71949D7E71949D5E707
:1095E0001949D3E71949D1E71949CFE71949CDE717
:1095F0001949CBE7B7770108F2770108A37E010884
:1096000051780108AD770108567801085B780108A8
:10961000607801080B780108DE770108ED77010812
:10962000E8770108657801081F780108E3770108E9
:109630006A7801086F780108747801087978010860
:109640007E78010883780108887801088D78010800
:1096500092780108977801083B6D0108102925D8F8
:10966000DFE801F0090C240E1012141618241A1C3D
:109670001E24242022000E490BF06ABE0D49FBE790
:109680000D49F9E70D49F7E70D49F5E70D49F3E70E
:109690000D49F1E70D49EFE70D49EDE70D49EBE71E
:1096A0000D49E9E70D49E7E70D49E5E70D49E3E72E
:1096B000B7770108AD7701089C7801089F80010801
:1096C000E877010833780108A1780108A678010835
:1096D000DE770108ED77010829780108E3770108B2
:1096E0006A7801083B6D0108142921D8DFE801F0F0
:1096F0000B0E1012142020162018202020202020CD
:109700001A20201C1E000B490BF022BE0A49FBE761
:109710000A49F9E70A49F7E70A49F5E70A49F3E789
:109720000A49F1E70A49EFE70A49EDE70A49EBE799
:109730000A49E9E7A37E0108AD770108AB78010883
:10974000DE770108E3770108F2770108B0780108B5
:1097500010780108B7770108B57801083B6D01085A
:1097600023289ABF014B185C0220704751850108DD
:109770000B46013B1146032B0BD8DFE803F0020434
:109780000608FFF771BEFFF7EFBEFFF767BFFFF7F1
:10979000ABBF01490BF0DCBD3B6D010838B5384B60
:1097A0000446821C03F1280153F8040B42F8040B11
:1097B0008B42F9D100252946C4E9245584F89850F4
:1097C0002B2204F199000CF025F82946342204F1EB
:1097D000C4000CF01FF829461D2204F1F8000CF01B
:1097E00019F829461C2204F215100CF013F829462A
:1097F0001C2204F231100CF00DF829461A2204F252
:109800004D100CF007F82946122204F267100CF0F4
:1098100001F82946142204F279100BF0FBFF2946C7
:10982000162204F28D100BF0F5FF2946362204F2C1
:10983000A3100BF0EFFF2946362204F2D9100BF0EB
:10984000E9FF2946C4E98655C4E98855C4F80F5292
:10985000C4F8135284F817523C2204F50A700BF036
:10986000D9FF2946362204F519700BF0D3FF3622B2
:10987000294604F29A200BF0CDFF204638BD00BFE8
:10988000EE6801082DE9F04F2DED068B85B0437E83
:10989000C77E0093837E009A457F867F90F820C024
:1098A00090F82BE090F82D80BF000C4647EA931704
:1098B00003F03F01037F490141EAD20103F00102B5
:1098C00047EA822705F00F02D20142EA530206F06E
:1098D0007F031B0143EA1513C57F01936D0045EA21
:1098E000D6150CF0030645EA462390F82160029253
:1098F00006F01F05AD0108EE103A45EA9C0390F80A
:10990000225090F824C00391ED0008EE903A45EA09
:10991000561390F823500CF0070609EE103A45EA6A
:10992000062390F8255005F03F06760109EE903A9F
:1099300046EADC0390F8266090F827C0B60046EAB5
:1099400095160CF0010546EA852690F8285005F09A
:109950000F0B4FEACB1B4BEA5C0B90F829C00CF0C5
:109960007F0A4FEA0A1A4AEA151A90F82A506D003F
:1099700045EADC150EF0030C45EA4C2590F82CC0A6
:109980000AEE103A4FEAC808009B48EA5C180CF04F
:109990001F0990F818C003F007004CEA00204FEAB6
:1099A000891949EA9E09F7F798FA03992080084631
:1099B000F7F793FA60803846F7F78FFA029AA0809B
:1099C0001046F7F78AFA019BE0801846F7F785FA08
:1099D000208118EE100AF7F780FA608118EE900ADD
:1099E000F7F77BFAA08119EE100AF7F776FAE08113
:1099F00019EE900AF7F771FA20821AEE100AF7F7BB
:109A00006CFA60823046F7F768FAA0825846F7F79A
:109A100064FAE0825046F7F760FA20832846F7F7A9
:109A20005CFA60834846F7F758FAA0834046F7F798
:109A300054FAE08305B0BDEC068BBDE8F08F4A78A0
:109A4000013A92B202310020F7F7A8BA38B50446BD
:109A50000175002937D0002580F8BD50034680F8F5
:109A60006C5000F1500280F8655080F8665080F824
:109A7000675080F8685080F86A5080F86B5083F81F
:109A80008451C3F8885108339342F8D14FF6FF73DD
:109A9000A4F8BE300C4BC4F8C03004F5EA70FEF7F1
:109AA000FFFF0A4B0A4A1A600A4B0B4AC4F8B45427
:109AB000A4F8B854C4F8BC5420461A60FEF71AFA49
:109AC000064B074A1A6038BD0000C07F9402002090
:109AD0007D7F0008980200206D2C0008143A0020B9
:109AE000AD7F0008037D70B504460D4613B900260E
:109AF000304670BDFEF760FA94F8653003F0FF065B
:109B0000002BF4D0002384F8653004F115012046C1
:109B1000FFF795FFA37D23449B7D8342E7D1294630
:109B20002046FFF7AFFEE3E70346007D30B560B3A4
:109B300093F86C4004F0FF003CB31D79002483F8D7
:109B40006C403DB1132A1C7111D8114C22784AB9CE
:109B500001222270DA88541CD2B2DC8052B903236D
:109B60000B7012E0013AD2B22270002AF2D1002228
:109B7000DA80EFE793F8672002F0FF0432B10022A9
:109B800083F8672005230B70204630BD0423E7E7E8
:109B90009D0A0020027D03460AB90020704790F814
:109BA000682002F0FF0022B1002283F868200A70CA
:109BB000704793F86A2002F0FF002AB1002283F870
:109BC0006A2001230B70704793F86B2002F0FF00AE
:109BD00022B1002283F86B200223F3E793F866207A
:109BE00002F0FF00002AD8D0002283F866205A7DB8
:109BF000EE2AD2D1DB7D812BCFD10323E2E738B52A
:109C000004461D46EA23084684F86D30AB1C114615
:109C100084F86E302A4684F86F0004F170000BF06F
:109C2000C5FB04F16D012046FFF709FF63190435F8
:109C300083F87000EDB284F8BD5038BD13460A4673
:109C40008221FFF7DCBF000070B50C4600F1DC0696
:109C500005461022002130460BF0DCFD6379032B12
:109C600010D12079FFF77CFD22680146D2B2304640
:109C7000FFF77EFD94F90630002B03DB03493046E5
:109C80000BF06EFB012385F8843170BDD777010896
:109C900037B504460D460868496850EA010331D0DB
:109CA000194A0023F6F742FFCDE9000168460BF0A0
:109CB0009DFC436903F26C735BBAA4F8D33003696B
:109CC000114A013384F8D530C36884F8D6308368EC
:109CD00084F8D730436884F8D830036884F8D930E2
:109CE000286869680023F6F721FF104619464FF4EB
:109CF0007A720023F6F71AFF40BA0123A4F8DA00BB
:109D000084F8CC3103B030BD40420F00002310B5C1
:109D10001A464FF6FF74191D00EB410101334988C3
:109D2000A14218BF52180A2BF5D1B0F829301344BC
:109D3000B0F82B201A44B0F82D30B0F82F0013449F
:109D4000184410BD2DE9F04190F82F7004460D46DF
:109D500097B3002680F82F6000F2A310FFF7D6FF1C
:109D6000B4F9C131D4F8A3812E60B342B8BF3446F0
:109D70004FF0640290FBF2F1A8BF0A222846A8BF68
:109D800093FBF2F409230022FEF7BBFF012202211C
:109D90002046F8F707FA0823014609222846FEF76D
:109DA000B0FF47F6FF7141454FF00F034FF011022E
:109DB000A8BF4146FEF7A5FF3846BDE8F0812DE972
:109DC000F04190F8347004460D4697B3002680F8B1
:109DD000346000F2D910FFF799FFB4F9F731D4F8E5
:109DE000D9812E60B342B8BF34464FF0640290FB75
:109DF000F2F1A8BF0A222846A8BF93FBF2F4092378
:109E00000022FEF77EFF012202212046F8F7CAF960
:109E10000823014609222846FEF773FF47F6FF7123
:109E200041454FF00F034FF01102A8BF4146FEF726
:109E300068FF3846BDE8F081F0B591B00D46F223D9
:109E400001A904461646ADF80830FFF711F838B1FD
:109E50002389ADF80A30019B039301238DF8093063
:109E600001A92046FFF7D0F970B19DF8093010A97B
:109E7000062202FB0312218A22F8361C01330199C3
:109E800042F8341C8DF8093001A92046FFF70DFA7D
:109E900070B19DF8093010A9062202FB0312218D32
:109EA00022F8361C0133019942F8341C8DF8093030
:109EB00001A92046FFF74AFA70B19DF8093010A9B0
:109EC000062202FB0312618A22F8361C0133019933
:109ED00042F8341C8DF8093001A92046FFF73CF800
:109EE00070B19DF8093010A9062202FB03126189A6
:109EF00022F8361C0133019942F8341C8DF80930E0
:109F000001A92046FEF70FFF70B19DF8093010A996
:109F1000062202FB0312618822F8361C01330199E4
:109F200042F8341C8DF8093001A92046FEF721FFC4
:109F300070B19DF8093010A9062202FB0312A18816
:109F400022F8361C0133019942F8341C8DF809308F
:109F50009DF80970082F11D801A92046FFF7F2FEDD
:109F600060B110AA062303FB0723A28923F8362C2D
:109F70000137019A43F8342C8DF809709DF8097067
:109F8000082F11D801A92046FFF719FF60B110AAC8
:109F9000062303FB0723E28A23F8362C0137019AB4
:109FA00043F8342C8DF809709DF80970082F11D8EA
:109FB00001A92046FFF742F860B110AA062303FB6F
:109FC0000723E28923F8362C0137019A43F8342C11
:109FD0008DF809709DF80970082F11D801A9204645
:109FE000FFF714FA60B110AA062303FB0723A28A25
:109FF00023F8362C0137019A43F8342C8DF8097078
:10A000009DF80970082F11D801A92046FEF7DCFE43
:10A0100060B110AA062303FB0723E28823F8362C3D
:10A020000137019A43F8342C8DF809709DF8090026
:10A0300050B100EB40035B000233DAB2327002A988
:10A0400028460BF0B3F9012011B0F0BD2DE9F04F17
:10A05000334B04461F68064600F15001034697B093
:10A0600040F6C4100125D3F8882122B1BA1A8242E1
:10A0700088BF83F8845108338B42F4D14FF0000835
:10A080008DF8078004F17809254604F16D0A96F8E9
:10A0900084319DF807B05BB395F814310BEB0302E4
:10A0A0002B2A0DDD9DF8075045B32A4602A904F17D
:10A0B0006D000BF07BF984F8BD5017B0BDE8F08F50
:10A0C00086F88481C6F88871D5F8102195F80C11AE
:10A0D0002046FFF794FD02AB03EB0B0094F8BD2084
:10A0E00051460BF063F994F8BD305B448DF80730AE
:10A0F0000C354D4506F10806C9D1D3E70DF107022D
:10A1000002A904F5EA70FFF797FE0028D5D09DF864
:10A11000073002AA80212046FFF771FDCDE700BF7E
:10A120006C5C002070B591F8205004460E465DBB73
:10A130000846FFF7EBFD642390FBF3F040BAA4F868
:10A14000EC00B6F91E30591C1CBF0A2593FBF5F52F
:10A150006DBAA4F8EE5033680C4A23EAE3739342D5
:10A1600028BF13461A0C84F8F0201A0A84F8F1204C
:10A1700084F8F23096F923305A1C08BF002384F883
:10A18000F330012384F8C43170BD00BFFFFF7F00AE
:10A190008B689FED147A07EE903A67EE877AFDEEB2
:10A1A000E77A17EE903A5BBAA0F8F4304B6807EE06
:10A1B000903A67EE877AFDEEE77A17EE903A5BBA4F
:10A1C000A0F8F630CB6807EE903A67EE877AFDEE9E
:10A1D000E77A17EE903A5BBAA0F8F830012380F8DE
:10A1E0009431704700401C464B681BBAC0F8C4301D
:10A1F0008B681BBA4FF47A72C0F8C830CB6893FBF7
:10A20000F2F3134483F310035BBAA0F8D0304B8B06
:10A210005BBAD0ED307AA0F8CE30B2EE047A67EEB9
:10A22000877A9FED0F7A67EE877AFCEEE77A17EE72
:10A23000903A5BBAA0F8CC3090F8BE30FF2B0CD02F
:10A2400090F8BF20FF2A02D0934238BF134680F80F
:10A25000D230012380F88C3170470023F7E700BF2C
:10A26000666666400B689FED127A07EE903A67EEDD
:10A27000877AFCEEE77A17EE903A5BBA0122A0F8F3
:10A28000FF3080F8AC214B68C0F8C030CB689FED40
:10A29000097A80F89C2107EE903A67EE877AFDEE06
:10A2A000E77A17EE903A5BBAA0F8FA30704700BF31
:10A2B000000010420000C8424B689FED157A07EE7F
:10A2C000903A67EE877A0122FCEEE77A9FED117AE9
:10A2D00017EE903A1BBAC0F80431B1F90C3080F88F
:10A2E000BC211BBAC0F8083180F80121B1F90C304B
:10A2F00080F8B42107EE903AF8EEE77A67EE877AB5
:10A30000FDEEE77A17EE903A5BBAA0F8023170479B
:10A310000000C842CDCCCC3D70B58A68C2F31702AC
:10A320003E2A90B004460B4600F0938141D8212A82
:10A3300026D8172A0AD8012A00F03181022A00F013
:10A340009480002A00F0848010B070BD183A092A69
:10A35000FAD801A151F822F0BFA4000849A30008CF
:10A3600049A30008EBA5000849A300085DA5000863
:10A37000A5A4000849A3000849A3000843A50008B4
:10A380002A2AE1D14D78112D01F10C0100F25381FF
:10A390002A4601A80BF00AF801ABC5F11202002110
:10A3A00058190BF037FA01A904F5EA70FEF7F8FB2B
:10A3B000CAE7A22A00F097812DD8882A00F06D8183
:10A3C0001AD84A2A00F0B1807C2ABDD14D78382DA8
:10A3D00001F10C0100F29B802A4601A80AF0E6FF79
:10A3E00001ABC5F13902002158190BF013FA9DF8A1
:10A3F000253084F8BF30A7E7932AA5D101A8F8F744
:10A40000FFF901A92046FFF78DFE01A904F5EA70C6
:10A41000FEF70CFC98E7F22A00F077810DD8AD2A00
:10A4200000F06A81E22A8FD101A8F8F73BFA01A96E
:10A4300004F5EA70FEF739FC86E7FD2A84D101A80D
:10A44000F8F7DEF901A904F5EA70FEF749FC7BE7AD
:10A4500001A8F8F70DFA01A92046FFF7F5FB01A9BD
:10A4600004F5EA70FEF72EFB6EE74D780B2D01F137
:10A470000C0610D82A46314601A80AF097FF01AB16
:10A48000C5F10C02002158190BF0C4F901A92046AE
:10A49000FFF7FEFB58E7C868716801AA03C2B068FD
:10A4A0001060F3E7194601A8F8F7C7F9204601A99B
:10A4B000FFF76EFE04F5EA70FEF741FB44E75D78B6
:10A4C000332D03F10C0114D82A4601A80AF06EFFBF
:10A4D00001ABC5F13402002158190BF09BF99DF82E
:10A4E000213084F8BE3001A904F5EA70FEF70CFBB8
:10A4F0002AE70A4601AD3C33106851682E4603C670
:10A5000008329A423546F7D110683060E7E70A46CC
:10A5100001AD4433106851682E4603C608329A4292
:10A520003546F7D11378337061E701A8F8F74DFA93
:10A53000204601A9FFF796FE04F5EA70FEF74AFBF4
:10A5400002E7194601A8F8F778F9204601A9FFF7B4
:10A550004BFE04F5EA70FEF701FBF5E65D780F2D82
:10A5600003F10C010FD82A4601A80AF01FFF01AB26
:10A57000C5F11002002158190BF04CF901A9204631
:10A58000FFF79AFEE0E60A4601AE1C3310685168F8
:10A59000354603C508329A422E46F7D1EEE74D788C
:10A5A0002A2D01F10C0110D82A4601A80AF0FEFE5E
:10A5B00001ABC5F12B02002158190BF02BF901A9B1
:10A5C00004F5EA70FEF792FABEE60A4601AD3433AE
:10A5D000106851682E4603C608329A423546F7D1B4
:10A5E00011889378B3703180E9E75D781C2D03F111
:10A5F0000C0110D82A4601A80AF0D8FE01ABC5F11B
:10A600001D02002158190BF005F901A904F5EA70A3
:10A61000FEF789FA98E60A4601AD243310685168BE
:10A620002E4603C608329A423546F7D1106830608C
:10A6300013793371E9E70A4601AD1C33106851689C
:10A640002E4603C608329A423546F7D11388338026
:10A65000A9E64D78192D01F10C0110D82A4601A860
:10A660000AF0A4FE01ABC5F11A02002158190BF043
:10A67000D1F801A904F5EA70FEF79FFA64E60A46EC
:10A6800001AD2433106851682E4603C608329A4241
:10A690003546F7D113883380EBE74D78152D01F15E
:10A6A0000C0110D82A4601A80AF080FE01ABC5F1C2
:10A6B0001602002158190BF0ADF801A904F5EA7053
:10A6C000FEF7A7FA40E60A4601AD1C331068516850
:10A6D0002E4603C608329A423546F7D110683060DC
:10A6E0009388B380E9E701A8F8F7C2F801A904F557
:10A6F000EA70FEF7C3FA27E601A8F8F7D3F801A934
:10A7000004F5EA70FEF7C7FA1EE64D783B2D01F11D
:10A710000C0110D82A4601A80AF048FE01ABC5F189
:10A720003C02002158190BF075F801A904F5EA70F4
:10A73000FEF7C5FA08E60A4601AD443310685168D1
:10A740002E4603C608329A423546F7D1106830606B
:10A75000EBE700BF4A7922B18B79012B01D1FFF7DA
:10A76000DBBD7047B0F5E16F03DC10F5E16F04DB92
:10A770007047A0F5616000B2F4E700F5616000B2D7
:10A78000F3E70000B0F8B8348A8810B5044613F037
:10A79000080008BFC4F8900113F0020308BFC4F812
:10A7A000A831B2F5005F00F0B58007D86C2A18D048
:10A7B0006D2A00F09D806A2A6ED010BD42F202031D
:10A7C0009A4249D042F6FF739A42F6D1D4F8BC249B
:10A7D000896804F1DC00FEF7FBF8012384F884317A
:10A7E000EBE7B1F90A009FED4F7AFFF7BBFF07EEE9
:10A7F000900AF8EEE77A67EE877AFDEEE77A17EED1
:10A80000903A5BBAA4F8F430B1F90800FFF7AAFF58
:10A8100007EE900AF8EEE77A67EE877A9FED427AC4
:10A82000FDEEE77A17EE903A5BBAA4F8F630B1F98C
:10A830000C00FFF797FF07EE900AF8EEE77A67EE55
:10A84000877AFDEEE77A17EE903A5BBAA4F8F83013
:10A85000012384F89431B0E7B1F809300A22B3FB40
:10A86000F2F35BBAA4F8EC30B1F80B30B3FBF2F3BF
:10A870005BBAA4F8EE30D1F8113084F8F2301A0C3B
:10A8800084F8F0201A0A84F8F1204B7F84F8F33022
:10A89000012384F8C43190E700288ED0D1F80A3023
:10A8A0001BBAC4F8C430D1F80E301BBAC4F8C83093
:10A8B0008B8A2422534332336422B3FBF2F35BBA14
:10A8C000A4F8CC30CB8A0A2043435BBAA4F8CE303C
:10A8D000D4F8B43493FBF2F303F57A735BBAA4F8BB
:10A8E000D0304B7A84F8D230012384F88C3164E77D
:10A8F000B1F90C2052BAA4F8FA20012284F89C2164
:10A90000002B3FF45AAFD1F80E30C4F8B43484F8B9
:10A910008C2152E78B89A4F8B834D1F81130C4F8EF
:10A92000BC344AE758A08B416E882E437FB5204C3B
:10A93000054694F99200F6F707FB00268DF804000F
:10A9400020468DF80560F6F750FA94F895308DF8AA
:10A950000830184B8DF8060098788DF80760F6F7E8
:10A96000E3FA8DF809001448FAF71FFFF6F7B7FA73
:10A970008DF80A002046F6F713FAF6F7E5FA8DF897
:10A980000B002046F6F71EFA8DF80C002046F6F76D
:10A9900010FA8DF80D002046F6F732FA0A238DF8EA
:10A9A000050001AA14212846FFF729F904B070BD5B
:10A9B0004838002070070020F438002073B5184C88
:10A9C00005462046F6F7ECF9F6F7BEFA8DF80000DA
:10A9D0002046F6F7E5F906461248FAF7CFFE01469B
:10A9E0003046F6F7BBFA8DF801002046F6F7EAF993
:10A9F0008DF802002046F6F7DCF9FF238DF80430CD
:10AA0000094B8DF803009878F6F796FA06238DF82F
:10AA100005006A461D212846FFF7F1F802B070BD17
:10AA200048380020F438002070070020F7B5144D96
:10AA3000144E044695F99200F6F786FA8DF8000058
:10AA4000304695F99270FAF799FE01463846F6F7C6
:10AA500085FA8DF801002846F6F7C7F900238DF82E
:10AA6000020030468DF80330FAF79FFE05238DF87B
:10AA700004006A461C212046FFF7C1F803B0F0BD70
:10AA800048380020F438002030B595B04EF6EA631F
:10AA90001A49ADF80030044614220DF10200F6F711
:10AAA0007AFC0DF10200F5F7A5FBC3B2DA1CD0B2B7
:10AAB000694651FA82F26D250DF800504C20507015
:10AAC000522090705320D070312010716FF02B0005
:10AAD000002150710425012011339171D17111723F
:10AAE00050729572D07211735173DBB26A4629218C
:10AAF0002046FFF784F815B030BD00BF91770108FC
:10AB000070B5054694B005F16D06FFF70FFF95F897
:10AB1000BD20314668460AF049FC95F8BD402846FC
:10AB2000E4B2FFF74BFF95F8BD2031460DEB040072
:10AB30000AF03CFC95F8BD301C442846E4B2FFF70F
:10AB400075FF95F8BD2031460DEB04000AF02EFC90
:10AB500095F8BD301C44E4B22246694630460AF0FE
:10AB600025FC85F8BD4014B070BD00000038024BD4
:10AB700018BF012018707047500A002070B552BBF2
:10AB8000042B5BD89EB22BB34F4C94F8283015465B
:10AB9000626A0333DBB2D20084F82830626213E0C9
:10ABA000083BDBB284F82830B1F800C0BCF5817FE7
:10ABB0000CF1010E40D2626AA1F800E022FA03F320
:10ABC00000F80C3094F82830072BE9D80135AAB2E8
:10ABD0009642DDD870BDFF2AFCD1032B51D81FFA55
:10ABE00083FC002BF6D0384C94F828304FF0000E40
:10ABF000626A04331201DBB242F0020284F82830A8
:10AC0000626210E0083BDBB284F828300A88B2F5B3
:10AC1000817F02F1010610D2656A0E8025FA03F3E6
:10AC2000835494F82830072BECD80EF1010E1FFA4C
:10AC30008EF29445DCD870BDFEE7FEE7224C626AD6
:10AC400003F5C06343EA423294F8283062620D3360
:10AC5000DBB284F8283010E0083BDBB284F82830FF
:10AC60000A88B2F5817F02F1010609D2656A0E8079
:10AC700025FA03F3835494F82830072BECD870BDE1
:10AC8000FEE7114C626A03F5E06343EA423394F84D
:10AC90002820636202F10D03DBB284F828300EE055
:10ACA000083BDBB284F828300A88B2F5817F09D2EC
:10ACB000656ADD40531C0B80855494F82830072BBF
:10ACC000EED870BDFEE700BFCC1300202DE9F84F91
:10ACD000644C0027FF250F8005708025676284F88B
:10ACE0002870A5779946002B00F0AF8003F1FF3A5A
:10ACF0000B8812FA8AFA561E02F1FF08BB463A4642
:10AD0000FF2B16F8015F0DD88AB15D450BD10137D5
:10AD1000BFB2994540F28680B24500F08680B045CA
:10AD2000EED1FEE7FEE7FBB25A46FFF727FF6B1EA8
:10AD3000DBB2FD2B2AD83F2B51D905F14103DBB201
:10AD40003F2B28D894F82820636A0135EDB20832E9
:10AD5000D2B245EA032384F82820636211E0083A5E
:10AD6000D2B284F828200B88B3F5817F03F1010C5F
:10AD700034D2656AA1F800C025FA02F2C25494F8F0
:10AD80002820072AEBD80B880022C2E701270B886E
:10AD9000AB463A46BDE794F82820636A3F35EDB2EA
:10ADA0000932D2B245EA432384F82820636211E0D5
:10ADB000083AD2B284F828200B88B3F5817F03F1DA
:10ADC000010C0AD2656AA1F800C025FA02F2C25449
:10ADD00094F82820072AEBD8D5E7FEE7FEE794F899
:10ADE0002820636A7F35EDB20832D2B245EA0323E8
:10ADF00084F82820636211E0083AD2B284F828204F
:10AE00000B88B3F5817F03F1010C0AD2656AA1F8C2
:10AE100000C025FA02F2C25494F82820072AEBD881
:10AE2000B1E7FEE70020BDE8F88FAAB994F8282022
:10AE300062B1646AC2F108020125944005FA02F287
:10AE4000013A22435C190C80C2540B88994594BF87
:10AE500000200120BDE8F88FFBB25A46FFF78EFEB6
:10AE60000B88E3E7CC1300202DE9F04F47F26F7316
:10AE70000022827003800B78A3F1FE03B3FA83F300
:10AE80005B0983708A780D4612F001011CBF43F004
:10AE900080038370D5F8202122F07F4222F0FF0248
:10AEA00085B0044612B143F008038370AA68C2F368
:10AEB0001702FF2A1ED9B2F5803F18D363F07F0333
:10AEC000A37041F002014FF0020E09234FF00A0C6B
:10AED0000822E1700B20CDF804C01E4617464FF043
:10AEE00007094FF0060A4FF0050B042117E043F065
:10AEF0000203A370180600F1DF8008234FF0090C4D
:10AF000007220A204FF0000ECDF804C01E46174657
:10AF10004FF006094FF0050A4FF0040B032195F896
:10AF2000018004F8018004EB0108297904F80B1072
:10AF3000697904F80A10A97904F80910A1780907B9
:10AF400009D595F82111A15495F82211A155034670
:10AF5000674662460646A968A154A278900707D5BD
:10AF6000BA1C1F46AB68C3F30F23A35596B23346F2
:10AF7000BEF1000F05D05A1C1F46AB7AA35596B2FE
:10AF80003346A278D10606D55A1C1F4695F82331C0
:10AF9000A35596B233464A4A127803F1010914FACE
:10AFA00089FA05F10C0B42B16B785A460DF10E018E
:10AFB0005046FFF78BFE00285CD16A785046594610
:10AFC0001FFA82FA0AF0F2F922783E4B6178D243F6
:10AFD000D2B2072F9A5C82EA0102995CA27882EAD7
:10AFE0000102995CE27882EA0102995C227982EAA4
:10AFF0000102995C627982EA0102995CA27982EA93
:10B000000102995CE27982EA01029A5C1BD0217A02
:10B010004A40082F9A5C16D0617A4A40092F9A5C00
:10B0200011D0A17A4A400A2F9A5C0CD0E17A4A40AA
:10B030000B2F9A5C07D0217B4A400C2F9A5C1EBFD5
:10B04000617B4A409A5CA2551AFA89F39BB2B3F528
:10B05000947F0ED2B5F80C21E254981CB5F80C116F
:10B060005A1C92B280B2090AB0F5947FA1540AD357
:10B07000FEE7FEE7A378BDF80EA043F04003A370FF
:10B0800088F800A0A0E7AA78D20702D405B0BDE8EE
:10B09000F08FD5F81071D5F81811D5F81461275034
:10B0A00022180F335660916098B295F81C111173F5
:10B0B000B0F5947FEAD3FEE74FF0000E05E700BF3E
:10B0C000500A0020B08D01082DE9F84FB14C15460B
:10B0D0000F4680460146B0480AF068F900228023F6
:10B0E000B5F5817F3A802284626284F822304FD2A3
:10B0F000A94E84F828204FF0FF099246012A76D8FD
:10B10000B4F820C0654540F2B180616A16F80C3091
:10B1100002F108000CF1010CC0B243EA0123A4F8CB
:10B1200020C0A0F1020C23FA0CF1063201F0030159
:10B130005FFA82FE0229636284F828E000F0BD8095
:10B14000032944D0012924D1BEF1060F0DD8228C49
:10B15000954240F28B80B15C00F1060E41EA032378
:10B1600001325FFA8EFE22846362AEF1070E23FA8B
:10B170000EF303F07F037D2B84F828E076D83A881D
:10B18000FF2A23D84133511C398008F8023019E0D6
:10B19000FEE7BEF1000F6BD1228C954266D9B15CFF
:10B1A000013241EA03232284072284F828201A0668
:10B1B000636200F1C8803B88FF2B06D85A1C3A8096
:10B1C00008F803A094F8282098E7FEE7FEE7AEF120
:10B1D000060E5FFA8EF284F828203A8823FA0EF3DE
:10B1E000FF2A03F03F0301D8413BCCE7FEE7636A47
:10B1F000A2F1020C23FA0CF101F003015FFA8CFEBC
:10B20000022984F828E003D003291CD0104699E7CE
:10B21000BEF1050F51D8218C8D4227D9705C02F107
:10B22000060E40EA032301315FFA8EFE6362218439
:10B23000AEF1060E23FA0EF384F8282003F03F0344
:10B240003A8801339FE7BEF1050FC0D8218C8D42AB
:10B250000CD9705C02F1060E40EA032301315FFA5B
:10B260008EFE21846362AEF1060EB4E7BDE8F88F6E
:10B270000CF1FF3123FA01F10EF1FF32D2B2C9070E
:10B2800084F8282097D5F2B9228C9542EED9B15C8A
:10B29000013241EA032322840722636284F82820D2
:10B2A00013F0800F40F08C803B88FF2B00F28780EA
:10B2B0005A1C3A8008F8039084E7AEF1060E636AE0
:10B2C0005FFA8EF2B6E7013A23FA02F1AEF102021A
:10B2D000D2B2C80784F82820E6D5002A5ED1228C95
:10B2E0009542C3D9B15C41EA032301320721180614
:10B2F0002284636284F8281058BF08222AD4B4F844
:10B3000020C06545B2D90732D0B216F80C2042EA07
:10B3100003220CF10103238462621346083884F887
:10B320002810C34038885FFA83FB00EB0B03FF2B28
:10B330000FDC40445A4600210AF06CFA3B880BEBC4
:10B3400003023A803EE7062284F8282013F0400FDB
:10B35000A8E7FEE708460822218C8D4286D916F818
:10B3600001C007324CEA03230131D2B22184636267
:10B3700084F82800083A23FA02F238885FFA82FB40
:10B3800000EB0B03FF2B03DC40445A46FF21D3E7BD
:10B39000FEE700BFCC130020A0120020511EAEF12A
:10B3A000030023FA01F1C0B2C90784F8280011D4C0
:10B3B00007280DD9AEF10B01636AC9B2AEE7FEE70B
:10B3C000511EC8B223FA01F1C90784F8280001D43C
:10B3D000014694E70728BFD9A0F108010246C8B288
:10B3E000C6E700BF2DE9F04F5788B7F58F7F8BB0C8
:10B3F000144606460BD90022227000226F2B628071
:10B4000000F02581002333700BB0BDE8F08F127877
:10B410000E2A0D4624D80E2A00F2D58001A151F83B
:10B4200022F000BFFBB30008D3B50008C7B5000881
:10B43000C7B50008D3B50008D3B50008D3B50008D8
:10B44000D3B50008D3B50008D3B500082BB6000863
:10B45000C7B50008C7B50008C7B5000807B600089B
:10B46000692A40F2AE806A2A40F0AD80A74FF98A7F
:10B470004A1E92B2002900F021810332DFF890E2E7
:10B4800007EB020CB91CFF2211F8010B4240614589
:10B490001EF80220F8D1934200F0FE804FF0000920
:10B4A00084F80090C4F80290A4F80690B7F81680CB
:10B4B000B8F1020FA6D997F804A0BAF16F0F00F007
:10B4C0005A83B8F1030F9DD07A796F2A00F06F8309
:10B4D000B8F1040F96D0BA796F2A00F06E83B8F1F4
:10B4E000050F8FD0FA796F2A00F06483B8F1060F48
:10B4F00088D03A7A6F2A00F06C83B8F1070F81D0B8
:10B500007A7A6F2A00F06283B8F1080F3FF47AAFBD
:10B51000BA7A6F2A00F05783B8F1090F3FF472AF7F
:10B52000FA7A6F2A00F04C83B8F10A0F3FF46AAF41
:10B530003A7B6F2A00F05383B8F10B0F3FF462AFF0
:10B540007A7B6F2A00F04E83B8F10C0F3FF45AAFAC
:10B55000BA7B6F2A00F08D81B8F10D0F3FF452AF26
:10B56000FA7B6F2A00F06683B8F10E0F3FF44AAF02
:10B570003A7C6F2A00F06A83B8F10F0F3FF442AFB4
:10B580007A7C6F2A00F05F83B8F1100F3FF43AAF76
:10B59000BA7C6F2A00F05483B8F1110F3FF432AF38
:10B5A000FA7C6F2A00F04983B8F1120F3FF42AAFFA
:10B5B0003A7D6F2A00F04D83B8F1130F3FF422AFAC
:10B5C000FEE7632A05D800232370C4F80230E38025
:10B5D00019E74E4FFA8A122A14D8B91801328B7023
:10B5E000FA822278092A3AD9A2F1640105293FF6A4
:10B5F00009AF653A042A00F27783DFE802F06D694B
:10B6000065618300FEE77A1C6280EB55E3886288FF
:10B610009A4245D3002262802270B3F5947F4FF0A6
:10B6200002020270438075D3FEE77A1C6280374EB7
:10B63000EB55A088727F618883189942FFF6E4AECB
:10B6400033785F0600F1B2810E232370DCE62F49C8
:10B650000A800122CA8264228B702270D2E6002AFC
:10B660003FF4D0AE013A082A3FF6CCAE01A151F822
:10B6700022F000BF29B8000805B4000805B400088E
:10B68000A5B60008A5B6000855B80008E7B7000839
:10B69000AFB700081FB800080A2201232270B2E6E3
:10B6A0000123B0E66288B2F5947F06D2511C618016
:10B6B000AB54237801332370A4E6FEE7FF22EAE6C9
:10B6C0000722FB7622709DE66822BB76227099E6FF
:10B6D00001227B70227095E662883B700021B2F5F2
:10B6E000947F79700DD203F00103033B511C6180FC
:10B6F000AB5497F90030002BC0F2BB8201232370BA
:10B7000080E6FEE76A223B7722707BE6CC130020BE
:10B71000B08D01082B78FD2B00F02681EB780372A9
:10B720002B7943726B7943606A7808327280002209
:10B7300040F28510DFF808C47281FE21044601340E
:10B7400099424FEA540400F2DF80C0F0EA808B4255
:10B7500040F023812B78FD2B00F01C814FF0060B6D
:10B760002846DFF8DC8310F801AF0BEB0A0909F17A
:10B77000FF3189B2F6F73AFF04EB440708EB87077D
:10B78000ADF808003979019102A8F6F709FF05EB39
:10B79000090215F809305278019903EB0223BDF82C
:10B7A00008209BB29A4200F0BE8005232BE66288F7
:10B7B000B2F5947F15D2511C6180AB547B7813F0A5
:10B7C000020340F012826288B2F5947F0AD2511CC3
:10B7D0006180AB543B78DD064CBF69236A2323703C
:10B7E00010E6FEE7FEE76288B2F5947F15D2511CA1
:10B7F0006180AB543B787A78134313F0020340F036
:10B80000EB816288B2F5947F08D2511C6180AB5401
:10B810006288B2F5947FDAD3FEE7FEE7FEE762883E
:10B82000B2F5947FD3D3FEE762883A83B2F5947F72
:10B830000FD2511C6180AB543A787B7712F0010231
:10B8400000F0D68106220833A280E380042323700F
:10B85000D8E5FEE76288B2F5947F09D2511C618079
:10B86000AB543B781F074CBF672307232370C9E500
:10B87000FEE74FF00C09B8F1120F00D9FEE707EB15
:10B88000080208F1010A1FFA8AFA937002AB5246C5
:10B890001846AA49A7F816A009F088FD00223A80A8
:10B8A0000122FA826F22BA706422227009F1010229
:10B8B00052450346BFF4A6AD08F1FF310DF1090270
:10B8C000A1EB09014A4412FA81F24B4401924FF074
:10B8D0006A0E4FF007084FF0010900224FF0690A85
:10B8E000F98A12290FD878180131F98213F8011F4B
:10B8F00081702078092800F2078100286FD1019912
:10B900009942EDD17EE5FEE7601E1418824204F1F3
:10B91000010744D227F0010101EB57015CF8211027
:10B920000DE72246F1E7BB79DA0706D5FA799245A9
:10B9300082BF521912F80B20B2729B070BD563001D
:10B94000234408EB83036A781B7A9A4282BF5B190F
:10B9500013F80B30F3726300234408EB8308317350
:10B9600098F8053073734FE56B790372AB794372C6
:10B970006B7A297AEA791B0403EB012313444360B1
:10B980006A7802F10C014180A978C9077FF5CFAE32
:10B990001932CBE64FF00A0BE2E6032333E56849A0
:10B9A00002EB4200144651F82010D0E602A92844C8
:10B9B000FFF78AFB737FBDF808106288CB1A9BB231
:10B9C0001A446280727F1A447277E2881344E380DB
:10B9D000338BB3F5947F01D2E95435E6FEE70138A5
:10B9E00008288CD80FF2040C5CF820F02DBA00085F
:10B9F000FFB80008FFB8000811BA000811BA000823
:10BA0000BFBA00087FBA0008E1BA00085DBA0008B2
:10BA10006088B0F5947F08D200F1010CA4F802C050
:10BA2000295421780131217069E7FEE76088388365
:10BA3000B0F5947F11D200F1010CA4F802C0295492
:10BA40003878797710F0010000F017810831E18033
:10BA50000621A1800421217051E7FEE76088B0F53E
:10BA6000947F0BD200F1010CA4F802C0295439785C
:10BA7000C90600F12C8184F800E040E7FEE7608809
:10BA8000B0F5947F19D200F1010CA4F802C029543A
:10BA900039787878014311F0020140F01F81608805
:10BAA000B0F5947F0AD200F1010CA4F802C0295429
:10BAB0006088B0F5947FD5D3FEE7FEE7FEE76088A7
:10BAC000B0F5947F0BD200F1010CA4F802C0295408
:10BAD0003978080700F1058184F800800FE7FEE758
:10BAE0006088B0F5947F0ED200F1010CA4F802C07A
:10BAF0002954797811F0020140F0EC806088B0F5AB
:10BB0000947FAFD3FEE7FEE7A0F1640CBCF1050F14
:10BB10003FF6F5AE6538042800F2EF80DFE800F06C
:10BB2000120A05032900F976D6E7B9764FF06801C5
:10BB30002170E4E6797084F80090E0E6CE130020EE
:10BB4000B08E010860883970B0F5947F7A700FD29A
:10BB500001F00101033900F1010CA4F802C02954DD
:10BB600097F900100029ACBF494666212170C6E64E
:10BB7000FEE739777FE7B8F1120F3FF67FAE07EBAC
:10BB8000080108F101028B7002AB92B218466249BB
:10BB9000FA8209F00BFC0122FA826422A7F80090D5
:10BBA00087F802A0034622704FF0020984E64FF0A6
:10BBB000030960E64FF005095DE64FF004095AE617
:10BBC0004FF0090957E64FF0080954E64FF007090E
:10BBD00051E64FF006094EE60823237012E44FF0B9
:10BBE0000A0948E64FF00B0945E60923237009E4EA
:10BBF00061880C33E380B1F5947F4FF00A03A38092
:10BC000016D27B78481C03F0010360806B54618876
:10BC1000B1F5947F0DD2481C60806A5413B1E3885B
:10BC20000D33E380E388B3F5947FFFF40FAEFEE7B6
:10BC3000FEE7FEE74FF00D091DE64FF011091AE689
:10BC40004FF0100917E64FF00F0914E64FF00E09F8
:10BC500011E6B8F1120F3FF611AEB844BA7088F889
:10BC600002300123FB82002264233A802370FFF715
:10BC7000C9BB66232370FFF7C5BBB4F802C00C3103
:10BC8000E180BCF5947F4FF00A01A1801DD2797844
:10BC90000CF1010B01F00101A4F802B005F80C1041
:10BCA000B4F802C0BCF5947F10D20CF1010BA4F8DB
:10BCB00002B005F80C0011B1E1880D31E180E18896
:10BCC000B1F5947FFFF4C6AEFEE7FEE7FEE784F829
:10BCD00000A014E64FF00901217010E60821217040
:10BCE0000DE6672121700AE6772B0DD00023237023
:10BCF000C4F80230E380FFF785BB772908D02270B3
:10BD0000C4F80220E280FAE565232370FFF77ABBCE
:10BD10004FF065012170F2E5CE13002037B500F534
:10BD2000EF65044600F5CA612846F6F71AFD02469B
:10BD3000A0680192036829461B699847E06838B1FA
:10BD40000368019A1B69294603B0BDE830401847D3
:10BD500003B030BD08B583684BB1B0F84C14B0F8EF
:10BD60004A04F7F73FF8003818BF012008BD18460D
:10BD7000FCE70346806880B1B3F84C24B3F84A145A
:10BD8000914209D09918013291F85004B3F84E1439
:10BD90000A40A3F84C24704700207047836810B510
:10BDA00004467BB10023A0F84C34A0F84A34C068A4
:10BDB00010B10368DB699847A0680368BDE81040CC
:10BDC000DB69184710BD0000F8B5244F044638461B
:10BDD000F4F7E6FFF5F750F8064697F99200F5F705
:10BDE0004BF805463846F4F7E4FF1D4B84F86066CF
:10BDF00093F8353084F86156333384F8553664222D
:10BE0000442384F8622684F85636FF22D4F8583644
:10BE100084F864266D2262F31703C4F85836C0F123
:10BE20000A000023C4F85C3684F8713700B24FF47E
:10BE30003943A4F8723780F30700092384F86306B6
:10BE400084F8743704F5CA6004F5A471F7F744F870
:10BE50002046BDE8F840FFF761BF00BF483800202A
:10BE6000CC07002010B5194B194A93F83530C0F8AB
:10BE70006026333380F85536442380F85636D0F8A0
:10BE800058366FF31703C0F85836002380F85C3635
:10BE900080F85D3680F85E3680F85F3680F871375E
:10BEA0004FF44853A0F8723703220923044680F860
:10BEB000642680F8743700F5A47100F5CA60F7F7BE
:10BEC0000BF82046BDE81040FFF728BFCC07002044
:10BED00000088004F0B587B004460021102202A8B3
:10BEE000019109F097FC484B93F8352001AB03CB47
:10BEF00001ABC4F88006C4F8841603CB01ABC4F8C8
:10BF00008806C4F88C1603CB3332D2B2C4F890063C
:10BF1000C4F8941601AB04F5D36505AF1E4603CEF5
:10BF2000BE4228606960334605F10805F6D13388C2
:10BF30002B80442384F85636D4F8583684F8552696
:10BF4000942262F3170318216FF05E02C4F858368A
:10BF500084F85C16002384F86C262021282284F8BB
:10BF60005D1684F85E3684F85F3684F8603684F8AF
:10BF7000613684F8623684F8633684F8643684F86F
:10BF8000653684F8663684F8673684F8683684F84F
:10BF9000693684F86A3684F86B3684F86D2684F83E
:10BFA0006E3684F86F3684F8703684F8713684F80B
:10BFB000723684F8733684F8743684F8753684F8EB
:10BFC000763684F8773684F8783684F8793684F8CB
:10BFD0007A3684F87B3684F871374FF432430B4A53
:10BFE000A4F872374E2304F5CA60C4F87C2684F89E
:10BFF000743704F5A471F6F76FFF204607B0BDE86B
:10C00000F040FFF78BBE00BFCC070020D016CB0F4F
:10C0100038B504461C4884F85E26002284F85F2662
:10C0200084F8602684F8612684F8622684F8632602
:10C03000442290F8350084F85626D4F85826A4F8FF
:10C040005C1684F8643684F871374D218F239DF88F
:10C05000105084F8733761F317020A23333084F8E1
:10C06000550684F8655604F5CA60C4F8582684F865
:10C07000725784F8743704F5A471F6F72DFF204643
:10C08000BDE83840FFF74ABECC070020F0B50229D2
:10C090008DB004460D461CD1424B43481B7800EB43
:10C0A000031000F58970F4F7BFFF404B1860404A59
:10C0B0000C236B43D718D3583A7900210391511EB2
:10C0C000082908D8DFE801F00909636367670707F3
:10C0D0006A003229EBD90DB0F0BD1B788DF80C3019
:10C0E0008DF82C200021102207A8039E09F092FB56
:10C0F000B96801910846F4F77DF8C2B2102A019997
:10C1000028BF102207A809F051F9274BC4F85C6634
:10C1100093F835209DF82C3084F87436332133326F
:10C1200084F860160021D2B284F86116A4F8625631
:10C1300007AB04F264660BAF1D4603CDBD42306011
:10C1400071602B4606F10806F6D1442384F8563672
:10C15000D4F8583684F85526162262F31703C4F82B
:10C160005836002384F871374FF45C43A4F87237D3
:10C17000192304F5CA6084F8743704F5A471F6F73E
:10C18000ABFE20460DB0BDE8F040FFF7C7BD1B88F1
:10C19000ADF80C30A4E71B680393A1E71B68039379
:10C1A0009EE700BF70070020CC070020D00A0020C7
:10C1B0002C0000202DE9F041884D894F2A780B464C
:10C1C000142101FB027288B092F85520012A04461E
:10C1D00018D193F8210197F8351048B101F13302D5
:10C1E000D2B282420ED193F822210AB1442A09D157
:10C1F0009A68C2F31702172A56D006D8142A2FD0ED
:10C20000152A45D008B0BDE8F08102F180724B3AA2
:10C2100022F07F42012AF5D833318842F2D193F8D7
:10C220002221442AEED1198DDA6840F2072081429A
:10C2300000F0CF80B1F5027F00F0BD80B1F5007F46
:10C240000CD107EE902AFCEEE77A17EE902A942A9A
:10C2500000F0B180B2F5967F00F0BB800222B1E021
:10C2600002A81946F6F7B1FBBDF90800002804DA68
:10C2700003A8F6F755FD0028C4DB3228C2DCA4F879
:10C28000C208B4F8BA3843F01003A4F8BA38B9E7D2
:10C29000012384F8C0380023A4F8C238514B1B682E
:10C2A000643BC4F8C438ADE733318842AAD193F86F
:10C2B0002221442AA6D15E78162E03F10C012DD836
:10C2C000324602A809F072F802ABC6F1170200214B
:10C2D000981909F09FFA0DF10E00F6F721FDB0F163
:10C2E00000088FDB404A9DF81E1008EB48039800B9
:10C2F00002EB83031B79994284D1B8F1320F1FFA04
:10C3000088F622DC0139029B125808291DD8DFE883
:10C3100001F01B1B39393B3B1C1C3D000A4602AE99
:10C320001C3310685168B446ACE8030008329A42E6
:10C330006646F6D11068CCF80000918893798CF8A5
:10C340000630ACF80410C6E713702878F8F7FAFB4B
:10C350002A78142303FB0273012183F8551097F800
:10C360002D300BB987F82D10B8F1020F10D11F4BEB
:10C3700007EB0210196800F58970F4F78FFEA4F836
:10C38000C2687EE71380E0E71360DEE71360DCE756
:10C39000B8F1000FF3D1164B1A78002AEFD083F8CA
:10C3A0000080602323800F4B1B680BB16360E6E7BE
:10C3B0004FF0FF33FAE7B4F8BA2842F00202A4F8CB
:10C3C000BA280022987900905B792046FFF720FE7A
:10C3D00018E7B4F8BA2842F00402F0E7700700202A
:10C3E000CC0700206C5C00202C000020D00A00202C
:10C3F000FC36002010B52F4B1A782F4B142101FB6F
:10C400000233044693F85530012B37D12B4BD0F82B
:10C41000BC281B689A1AB2F57A7F21BFB0F8BA28F7
:10C42000C0F8BC3842F00102A0F8BA2890F8C02841
:10C4300062B1D0F8C4289A1A312A81BFB0F8BA285C
:10C44000C0F8C43842F01003A0F8BA38B4F8BA38CB
:10C45000DA0614D523F01003A4F8BA38B4F8C218D9
:10C460002046FFF713FEB4F8C23801339BB2322BDB
:10C47000A4F8C23802D9002384F8C03810BD980748
:10C4800008D523F00203A4F8BA382046BDE81040CE
:10C49000FFF720BD590702D523F00403F3E7DA07BD
:10C4A000ECD523F00103A4F8BA382046BDE81040CB
:10C4B000FFF7D8BC70070020CC0700206C5C002080
:10C4C00038B5134B134A1B68C0F8BC38002380F8FA
:10C4D000C038A0F8C238C0F8C438A0F8BA38137011
:10C4E0000D4B0E481B780E4D00EB031000F58970C4
:10C4F000F4F79AFD0B4B02241860E0B2FAF7B4F996
:10C500000134312C286305F10C05F6D138BD00BF8C
:10C510006C5C0020FC36002070070020CC07002057
:10C520002C000020D00A00206FF0FF03036040F6CB
:10C53000FF2383800023836003737047F8B5394D70
:10C5400004462E783848142707FB060090F84F6001
:10C55000012E0CD0022E0CD076B9A16090F84C3090
:10C56000032B18BF0022A368E26033B9FEE7A36083
:10C57000F4E7A2600022F6E7FEE70023C4E90433F3
:10C58000C4E95233C4E95433A3617F23A4F858317A
:10C59000F6F7A0F9A878022842D0431F5842584124
:10C5A000224940F2FF12FEF7E1FA0220A4F84E24DD
:10C5B0001F4A0870002348708870C8701D491370A6
:10C5C00053709370D370C4F8DA31C4F8DE31C4F814
:10C5D000E231C4F81233C4F81633C4F81A33A4F89D
:10C5E0004C34A4F84A341A4601330C2B0A70CA7032
:10C5F0004A708A7001F10401F6D10F4B1B6803F5F4
:10C600007A7304F6A800C4F8A438FFF78DFFA4F8E5
:10C61000B828228062602046BDE8F840FFF750BF8E
:10C620000120BDE770070020CC070020850A00200C
:10C63000510A0020550A00206C5C00204278FF2A35
:10C6400008D00368044923F07F4323F0FF038B42A3
:10C6500008BF022210467047000101000C4B02780F
:10C660001B6810B51AB903F21B63836010BD90F903
:10C670000520002AFADD816840F21B64591AA142A4
:10C68000F4D98360013A012342710373EEE700BFDE
:10C690006C5C002070B590F90530002B88B0054621
:10C6A00021DB4C78182C01F10C031ED819462246C8
:10C6B00001A808F07BFE01ABC4F119020021181992
:10C6C00009F0A8F8104903A8F3F78AFD58B9DDED81
:10C6D000017AFCEEE77A17EE903A13B10B4AC2F8F2
:10C6E000AC34FF236B7108B070BD01AA01F12404C2
:10C6F00018685968164603C60833A3423246F7D174
:10C700001B783370DEE700BFBA780108840B002085
:10C71000007840B14B79834204D18879431E584256
:10C7200058417047002070475379032B10B50446D9
:10C730000AD14B7903709379DB0943701079FDF7C7
:10C740000FF8E0701368237110BD00007FB58B688F
:10C7500033F07F4305460C4600F6A8060ED18B79D0
:10C76000012B0BD101A8F6F783F89DF80930082BAF
:10C7700004D001AA21463046FFF7D6FF21463046B5
:10C78000FFF7C6FF88B3A368C3F31703162B32D095
:10C79000F52B16D16678012E29D8324604F10C010A
:10C7A00001A808F003FE01ABC6F1020200219819AE
:10C7B00009F030F89DF805309A1E5342534185F830
:10C7C000AA3895F8B83853B195F8B93821790C489A
:10C7D0000133DBB2CB1A59425941F4F70EFB012366
:10C7E00085F8B838237985F8B93804B070BDA389C5
:10C7F000ADF80430DEE73046FFF74CFFE1E700BF5D
:10C80000483800207FB52E4E044600F11C05B4F8D0
:10C810005411B4F85621881A83B2000444BF8033FF
:10C820009BB20BB904B070BD91421FBFB4F8581150
:10C83000A31801320A4096F82D101ABF93F85A3106
:10C84000A4F856210023022904F110022946684663
:10C8500020D1FEF7C7FD9DF80030022BD7D1E36849
:10C86000DBB9A0680368BDF802201B692946984718
:10C8700004F5CA662A4669463046F6F739F8314665
:10C880001048FDF767FF3146204604B0BDE8704010
:10C89000FFF75CBFF6F7C0F8DDE70B4E69460020F6
:10C8A000F6F7CCFA737833B1A068BDF802200368BC
:10C8B00029461B699847B378002BD9D0E068D1E7A7
:10C8C000CC070020840B0020510A00200148FFF70C
:10C8D000B5BE00BF301E002010B54E4C86B0002102
:10C8E0001622684608F096FF2046F4F76BFA94F893
:10C8F0008C308DF800008DF80130204694F88D3092
:10C900008DF80230F4F755FA94F8913094F89020AD
:10C910008DF803005B0002F0010203F002031343F1
:10C9200094F8A52043EA821394F8A62043EAC213A0
:10C930009DF80B2002F03C02134320468DF80B308B
:10C94000F4F753FA94F894308DF8083094F8923054
:10C9500094F895208DF8093094F896308DF80700FA
:10C96000DB00920002F0040203F0080313439DF879
:10C970000B2022F00C02134304F128008DF80B3039
:10C98000F4F758FE8DF80C002046F4F7E7F98DF81F
:10C990000D0004F11400F4F74DFE8DF80E0004F1C3
:10C9A0003C00F4F747FE8DF80F002046F4F7E7F956
:10C9B0008DF810002046F4F723FA94F8A7308DF88C
:10C9C0001230154B8DF811005B7C8DF81330FFF79A
:10C9D0007DFF124B1A78931E5A425A4100F003030E
:10C9E00043EA02230E4A0F48127943EA4223BDF874
:10C9F000142023F0FC039B0522F4407222F0030272
:10CA00009B0D134302216A46ADF81430FBF718FD65
:10CA100006B010BD48380020C41100207D0B002056
:10CA2000A00A0020501E002070B54C88B4F5427F4B
:10CA30004FF000030AD80D780B2D73D8DFE805F00E
:10CA4000060D1A2A2D30363952555969A2F124049F
:10CA500062424B8062410A7007E04D2A01D0582A99
:10CA600006D1027002230B70002380F8093333E0F3
:10CA70000023F8E702F0FD033C2B01D0212AF7D177
:10CA8000037842704D2B0CBF082303230B70002347
:10CA90008370E9E782700422DDE782800522DAE70D
:10CAA000838803EB022383800623DCE7C28007220E
:10CAB000D1E7C38803EB02239BB2002BC3800CBFDA
:10CAC0000B230A230B7000234B80012380F80933CA
:10CAD000C388B3F5407F01D8002002E00020087031
:10CAE000488070BDC2800922B5E70A2382800B709E
:10CAF000EBE7B4F5407F3CBF241822724B8801332A
:10CB00009BB24B80C2889A429CBF0B230B700123BF
:10CB1000ABE780F808230B704B80022380F80933C1
:10CB20000120DEE70B704B80D6E7CB88B3F5407F62
:10CB300070B531D8242303700B7843704B78837021
:10CB40000B784D2B14D1CB88C3708B8803710523D0
:10CB50000022CD88D4189542A6B210FA84F415D8D4
:10CB600091F808232270CA880132981880B270BDEB
:10CB70008B78C3708B8803718B881B0A4371CB88B9
:10CB80008371CB881B0AC3710823E1E78C1801323B
:10CB9000247A845592B2DCE70020E8E72DE9F74FCC
:10CBA00016464A88B2F5427F04460D462ED80B78C9
:10CBB0000A2B0FD9A3F16402032A03D9002028709D
:10CBC00068802DE0653B8F4F022B33D8DFE803F000
:10CBD00063A4A70000210A2BF0D801A050F823F08D
:10CBE0000DCC000827CC0008BDCB0008BDCB000849
:10CBF0006BCC000879CC000885CC00088BCC0008F1
:10CC0000BDCB0008BDCB0008F9CC0008A6F1240775
:10CC10007E424FF000007E4168802E7084F8090348
:10CC200003B0BDE8F08F6F2E0CBF642300232B7080
:10CC30000020F3E716F0040F14BF4D2358233E7075
:10CC400023703A78D1070ED412F0020F14BF2123BB
:10CC50003E236370C2F3C003D20648BF43F0020311
:10CC6000A3700423E3E73C23F3E7A68005232B709E
:10CC700084F809130020D3E7A38803EB0623A380DD
:10CC80000623D4E7E6800723F1E7E38803EB0623D6
:10CC9000E3806523CBE70DF106007E70F5F734FDE8
:10CCA0003978F5F729FDA7882179F5F725FD390AA7
:10CCB000F5F722FDE788A179F5F71EFD390AF5F7AA
:10CCC0001BFD9DF80630B34206D000232B706B800D
:10CCD000032384F80933CDE7002F0CBF66230A2312
:10CCE0002B70012384F8093300236B80E288B2F5AE
:10CCF000407FBFD92B70BDE7B2F5407F3CBF121912
:10CD000016726B8801339BB26B80E2889A4201D81D
:10CD100066232B700123DCE77E806723F9E7B7F8F1
:10CD2000028097F8009008EB06284FF6FF730DF18C
:10CD300006001FFA88F84946ADF80630A7F80280C9
:10CD4000F5F72EFC2679B4F804A03146F5F728FC57
:10CD50004FEA1A21F5F724FC94F806B0B4F806A0BF
:10CD60005946F5F71DFC4FEA1A21F5F719FC7978B9
:10CD700004F10807F5F714FC52463946F5F71CFC98
:10CD8000BDF8063043453AD119F0040015D086EAC3
:10CD90000B01E21D002398B2824584F8081307D8DE
:10CDA0000223012000222A706A8084F8093337E7C1
:10CDB00012F8010F01334140EDE7A178F4F7E8F8EC
:10CDC000217984F80803F4F7E3F8A18884F80803CC
:10CDD000090AF4F7DDF8A17984F80803F4F7D8F824
:10CDE000E18884F80803090AF4F7D2F8E28884F8A5
:10CDF00008033946F4F7D2F884F80803D0E7032390
:10CE00000020CFE794360020CB88B3F5407F2DE992
:10CE1000F04104460D464AD84B783C2B40D0A3F154
:10CE20002100434243415B002A784D2AAA7808BF7B
:10CE300043F00403D10748BF43F0080392074FF0C3
:10CE40002402227048BF43F010036F226270A37067
:10CE5000AB88E370AB881B0A2371EB886371EB88A6
:10CE6000A71C1B0AA3713846F5F77EFF0822E07164
:10CE7000E988A2F108039BB2561C8B42B6B204EBC0
:10CE800002080FD3063189B23846F5F7AFFB88F8B0
:10CE90000000000AA055E8880A3080B2BDE8F081A1
:10CEA0000123C1E72B441B7AA3543246E0E700205C
:10CEB000F4E710B5044681780020F4F769F8217989
:10CEC00084F80803F4F764F8A18884F80803090AD1
:10CED000F4F75EF8A17984F80803F4F759F8E188CB
:10CEE00084F80803090AF4F753F8E28884F8080381
:10CEF00004F10801F4F752F884F8080310BD0000AB
:10CF00002DE9F74FC788DFF89880B7F5407F0D46C9
:10CF100028BF4FF4407704463A4600F10801002646
:10CF2000284608F043FA2F44E6804FF03B09AF4211
:10CF300005D1204603B0BDE8F04FFFF7BABF15F8A2
:10CF4000013BFF2B2AD0FE2B28D0FF2E1ED1362BE3
:10CF5000EDD858F833204FF0000A10460192F3F74D
:10CF600049F91FFA8AFB5845E388019A0AF1010A38
:10CF700005D85A1C2344E28083F80890D7E7591C4F
:10CF8000E180234412F80B101972E6E7FE2ECED191
:10CF9000E288511C2244E1801372C8E71E46C6E7AE
:10CFA000C4B4010830B50F4B1C780F4B142505FB9A
:10CFB000043393F84F30012B03D0022B10D00BB168
:10CFC000FEE7114600234360C0F81233A0F8223672
:10CFD000A0F8203640F2FF330160A0F8243630BDBF
:10CFE0000021EFE770070020CC070020F8B5B0F86B
:10CFF0002026B0F82236D21A93B2120444BF03F5A9
:10D0000080639BB2E62B044608D800F2163500F286
:10D010001236206803685B69984700B9F8BD20683C
:10D0200003689B699847314602462846FFF7FCFC97
:10D030000028EED004F6262729463846FFF7E4FEFE
:10D0400000239AB29042E4D9B4F82016B4F824C66A
:10D050004A1C02EA0C02B4F822C694451EBF091904
:10D0600017F803C081F826C603F1010318BFA4F81E
:10D070002026E6E7F8B500F1080504460A46011D3A
:10D080002846FFF78BFD70B3637A3E2B14D004F66D
:10D09000262629463046FFF748FD024620680168EB
:10D0A0000F693146B847637A3E2B1CD129460E489A
:10D0B000BDE8F840FDF766BBA389742B0AD042F6A1
:10D0C000FF729B1A18BF0123A27A9207EBD4002BA0
:10D0D000DDD1E8E70023A37204F626212846FFF7F6
:10D0E0000FFF0123F0E7F8BD840B002003680BB1AC
:10D0F000FFF7C0BF70470346006868B1B3F8202649
:10D10000B3F82236D31A98B21B0444BF00F58060EE
:10D1100080B2003818BF012070470346006880B114
:10D12000B3F82226B3F82016914209D0991801329B
:10D1300091F82606B3F824160A40A3F82226704771
:10D1400000207047036843B10022A0F82226A0F80F
:10D1500020261A681846D2691047704710B5044651
:10D160000548FEF71BFE0548FFF7ECFF6068036803
:10D17000BDE81040DB6918478815002054290020BD
:10D1800070B50A4C25780A4C142606FB054494F821
:10D190004F40012C03D0022C05D00CB1FEE71946FC
:10D1A000416011B9FEE71146FAE770BD7007002033
:10D1B000CC07002038B50446084694F83150615534
:10D1C000F9F766FC6319013583F8320084F83150B1
:10D1D00038BD0000F8B50446F7F772FB234B3C223C
:10D1E0001A70F7F75FFB00280CBF012300232370A0
:10D1F00004D1F4F76FFF0220F4F73EFB00256570C1
:10D20000A570A580E58025816581F6F705FB40F2D4
:10D21000DC53E3810123A07165732382658284F866
:10D220004B5084F8AE5084F8115104F11A0604F101
:10D230007D07E9B20846F9F7E1FA50B13846FFF741
:10D24000B9FF0135312DF4D10023A382E38223837A
:10D25000F8BD0846F9F7E4FA0028F2D10846F9F7D4
:10D26000EFFB0028EDD03046E9E700BF0C150020A9
:10D2700038B5002480F8114100F1E005E1B208461C
:10D28000F9F7CEFA10B12846FFF794FF0134312C9C
:10D29000F4D138BD437B052B05D0062B05D0042BDC
:10D2A00005D11A3070477D307047E030704700205C
:10D2B0007047437B0022191F10B502768282827567
:10D2C000032907D8DFE801F0020D101390F84B1086
:10D2D000013941758274DA1E534253419B00C37475
:10D2E00010BD90F8AE10F3E790F81111F0E70321AC
:10D2F000EFE70000837D032B00D9FEE70B4AD35CE8
:10D30000032B11D8DFE803F0020A0C0E022343734B
:10D310000123037406210648F4F7C8B90121FAE78E
:10D320000321F8E70821F6E7704700BFA885010848
:10D3300018390020437B032B04BF0123437470473B
:10D34000437B012B1EBF012343730374704710B549
:10D350000446084623783BB101232374F5F790FC7B
:10D36000F4F758FA0023237410BD000008B50449EF
:10D37000FFF7EDFFBDE808400248F6F7BFBA00BF6F
:10D38000C878010890D0030004290FD8DFE801F025
:10D390000306080A0C00064907F0DABF0549FBE757
:10D3A0000549F9E70549F7E70549F5E70549F3E7D1
:10D3B000CD780108D1780108856D0108D67801087B
:10D3C000DC780108E6780108F8B506B205460C4697
:10D3D0008FB2304601220139F4F78AFA2146681EDD
:10D3E00001230322F4F7D6FA0122B9183046BDE82A
:10D3F000F840F4F77DBA000010B50C46F4F76AFA6D
:10D4000006210020F4F7A4FC0E4B18783030C0B28F
:10D41000F4F7FAFD01230A2200210820F4F7EAFAC2
:10D4200006210C20F4F794FC2046F4F7F7FD064B98
:10D430005A88013ABDE81040012312B20A210020A7
:10D44000F4F7A8BA70070020500300202DE9F04F30
:10D45000DFF84091DFF840A1DFF840B18BB005461E
:10D460000F464FF0000897F831305FFA88F4A34276
:10D4700002D80BB0BDE8F08F297DA14259D8611ABE
:10D480000429F6DC01EB81014900143100203E5DE6
:10D49000F4F75EFCAB7DA34201D1F4F741FC3046CA
:10D4A000F9F7ACF9282303FB0693996818B93046BD
:10D4B000F9F7B6F900B1033102A807F049FF0023DC
:10D4C00002A88DF81530F4F7A9FDF4F72FFCBAF88F
:10D4D00002002B3800B2F4F72FFC594602A807F0DF
:10D4E00037FF282303FB06931B79FF2B24D13146FA
:10D4F000022202A8F9F732FB02A8BAF90C60F4F78D
:10D500008DFDAB7DA34212D1EB7D83B1BAF80E1035
:10D51000287EB41E0123093900EB4000E4B20093D9
:10D520000B220D2309B204EB4000F4F793FAF4F751
:10D53000FDFB08F1010896E7AB7DA34203D1EB7D2B
:10D540000BB1F4F7EDFB3C4494F8323053B90F497A
:10D5500002A807F0FDFE002302A88DF80F30F4F7B3
:10D560005DFDE4E70222314602A8F9F7F7FA08491F
:10D57000072202A807F03BFF0028ECD19DF80F30EE
:10D580008DF80B308DF80C00E5E700BF906E0108B8
:10D59000E8780108DC85010850030020E2780108E2
:10D5A000037C07B5D3B1F4F795F9262301220021B6
:10D5B000CDE9003217200B4A5B23F4F7A1F93420A0
:10D5C000F4F7C0FB0848F4F741FD3F20F4F7BAFB3D
:10D5D000064803B05DF804EBF4F738BD03B05DF81E
:10D5E00004FB00BF20A10108917701082270010807
:10D5F000037C13B10846F5F743BB70472DE9F043B0
:10D60000037C824C89B0002B70D08149FFF7F4FE77
:10D6100014210520F4F79CFB7E48F4F7FFFC6E20F4
:10D62000F4F78AFB7C48F4F7F9FC28215C20F4F736
:10D630008FFB3E20F4F7E8FC01233F222521202028
:10D64000F4F7A8F932211C20F4F782FB3C20F4F710
:10D65000DBFC01233F222F212020F4F79BF994F8D3
:10D66000512094F85630002A40F0B980002B40F049
:10D67000B98025210120FFF7A7FE684D95F8A0305D
:10D680004BB195F8C23013B1033B012B03D82521D0
:10D690007D20FFF799FE94F8513013B1033B012B25
:10D6A00003D82F210120FFF78FFE95F8A02094F8D2
:10D6B0005630002A00F09E8095F8C220002A40F0E3
:10D6C0009980002B40F099802F217D20FFF77CFE70
:10D6D0001E214620F4F73CFB5148F4F79FFC4620FE
:10D6E0003C21F4F735FB4E48F4F798FCF4F700FBC7
:10D6F0004C4B28210A2093F8908093F8915093F88E
:10D70000959093F89670F4F723FB94F8563033B95C
:10D710004548464B012D18BF1846F4F77FFC424E92
:10D72000424D6920F4F708FBB9F1010F0CBF3046F8
:10D730002846F4F773FC32210A20F4F709FBB8F10C
:10D74000010F0CBF30462846F4F768FC6920F4F757
:10D75000F3FA94F856302BB9012F0CBF3046284607
:10D76000F4F75CFC3248F3F76BFF04463148F3F7FB
:10D7700067FF1E2105462820F4F7EAFAA0B26946A1
:10D7800003F07CF86C466A460423202012F8011B43
:10D7900011B902F8010C1170013B13F0FF03F5D130
:10D7A0006846F4F73BFC3C212820F4F7D1FA69469F
:10D7B000A8B203F063F80423202114F8012B12B956
:10D7C00004F8011C2270013B13F0FF03F5D16846F9
:10D7D000F4F724FCF4F792FA09B0BDE8F083002BCB
:10D7E0003FF44BAF28210420F4F7B2FA1248F4F7C3
:10D7F00015FC42E7002B3FF46BAF32216920F4F7B0
:10D80000A7FA0D48F4F70AFC62E700BF7007002092
:10D81000F37801080B6D0108FA78010888090020E7
:10D8200001790108483800202B6E0108F0780108C2
:10D8300098380020AC380020FD78010810B5164952
:10D840008CB0FFF7D9FD14210020F4F781FA1348BA
:10D850006946F8F7C6FF044658B91148F4F7DEFBED
:10D8600020461E21F4F774FA0E48F4F7D7FB0CB0EB
:10D8700010BD6846F4F7D2FB6846F2F7BBFC1528EA
:10D8800094BF00200120411C01EB810149001431AB
:10D890000020F4F75DFAEAE7057901083C1500205D
:10D8A0000C7901081C790108037C13B50446EBB11F
:10D8B0000F49FFF7A1FD04F11A012046FFF7C6FD4D
:10D8C0000C4B0D491A7801EB021101F589715A7858
:10D8D0006846F9F70BFA48B13C210020F4F738FA12
:10D8E0000648F4F79BFB6846F4F798FB02B010BDBE
:10D8F0003279010870070020CC070020397901082F
:10D90000037C10B504464BB10549FFF775FD04F1E2
:10D910007D012046BDE81040FFF798BD10BD00BF57
:10D920000B6D0108037C10B50446B3B10B49FFF73A
:10D9300063FD0B4B1B78022B08D000201821F4F755
:10D9400007FABDE810400748F4F768BB04F1E001AE
:10D950002046BDE81040FFF779BD10BDFA780108F8
:10D960007D0B002041790108037C10B50446002B93
:10D9700047D02449FFF740FD2348F4F7C5F91921A2
:10D980000520F4F7E5F9A37D0BB9F4F7C9F91F48B1
:10D99000F4F744FBF4F7CAF929210520F4F7D8F984
:10D9A000A37D012B01D1F4F7BBF91948F4F736FB3D
:10D9B000F4F7BCF9F4F7AEF914214B20F4F7C8F9E9
:10D9C000A37D022B01D1F4F7ABF91248F4F726FB43
:10D9D000F4F7ACF91F214B20F4F7BAF9A37D032B20
:10D9E00001D1F4F79DF90C48F4F718FB6FF0010032
:10D9F000F4F7B4F90948F4F711FBBDE81040F4F767
:10DA000095B910BD50790108C4850108097C010849
:10DA100058790108C87801085D790108777901080B
:10DA20002DE9F041427A05461AB900263046BDE894
:10DA3000F081FFF72FFCAB7D02F0EF01C45C69724F
:10DA4000D306C2F3001612D5564B282202FB04332C
:10DA50001B79FF2BEAD12E7E0136F6B2052E4FF050
:10DA600001032E762B7494BF00260126DEE702F018
:10DA7000E7030F076B7250D54A4F282303FB047747
:10DA80003B79022B0ED12046F8F7EEFE97F91C20C9
:10DA900090F900309A42C8DD01334FF0000163F382
:10DAA000070116E0FE2B1ED12046F8F7DDFE0778B1
:10DAB0002046F8F7D3FF01468F42B6D22046F8F74A
:10DAC000BFFF0137FFB23841C007F5D5B942ACD925
:10DAD00039462046F8F7E4FE01232B740028A4D031
:10DAE00005236B76A2E7FF2B9FD12046F8F7BCFEFB
:10DAF0002F7E0446C15D2C4807F041FC034600B967
:10DB0000FEE72A4A0133A2F12801934228BF0B46BF
:10DB10001B78E35501232B74E2E722F01C026A72A2
:10DB20005A0782D51F4F282303FB04773B79022B2A
:10DB30000BD12046F8F798FE97F9182090F900309D
:10DB40009A42BFF672AF013BA7E7FE2B0FD12046EA
:10DB5000F8F78AFE017800293FF467AF2046F8F70E
:10DB60006FFF0139C9B20841C307F4D5B1E7FF2BF4
:10DB70007FF45BAF2046F8F777FE0B4F95F81880DF
:10DB8000044610F80810384607F0F9FB00B9FEE724
:10DB9000431E07F12702BB4238BF13461B7804F827
:10DBA0000830B7E7DC850108848D0108AC8D0108D9
:10DBB00003782DE9F0410446002B00F0898083882A
:10DBC000002B2BD109238380A27902B96281E77DE2
:10DBD000637A002F14BF0C21032119421CBF40F2AD
:10DBE000EE236381638943B1013B9BB2638123B917
:10DBF0000A401EBFAF2363816272657B55BBE38918
:10DC00005BB3013B9BB2E381002B61D103236373C0
:10DC10004FF4806363820123237459E0013B9BB27C
:10DC20008380002BD0D1F5F7F7FDA279E579267A2C
:10DC3000504000EA0503DB43C1B2DBB23040E37180
:10DC400021EA0501434023720B405A401340A27160
:10DC50006372B9E76B1E012B3AD9544B1E78637877
:10DC6000A6F1020CDCF1000848EB0C08434506D095
:10DC70000123022E237402D12046FFF7F9FA4C4B00
:10DC800084F8018093F8A020A17891421CBF012262
:10DC9000227493F8A030A370022E1BD0062D19D148
:10DCA00000232375E3822376637A03F00C03637207
:10DCB000637A03F0F7021E0762721DD5EB1E032B79
:10DCC00006D8013565732046FFF7F3FA0123237464
:10DCD000BDE8F081002FEBD02046FFF7A1FE002821
:10DCE000F6D0617E00250123E575237411B131481A
:10DCF000F3F7DCFC6576EBE703F0F30150076172A4
:10DD000004D52B1F032BE3D8013DDBE703F0F10221
:10DD10008907627217D5A27D637D93420CD9217D5C
:10DD2000531CDBB2A3755B1A042BC8BF033A4FF038
:10DD30000103C8BF22752374A37CE27C9A42C7D931
:10DD40000133A37467E703F0F00112F0010261727E
:10DD50000FD0A37D43B1227D013BDBB29A42A37574
:10DD600088BF237501232374A37C002BB0D0013B13
:10DD7000E7E723F01F036372CB06A9D52B1F022B05
:10DD80000CD82046FFF786FAA37D184490F832306D
:10DD9000012B9DD90123E37522763DE7072D97D10D
:10DDA0002046BDE8F041FFF7A5BA00BF7D0B00207B
:10DDB0008809002018390020012808BF064A074BAF
:10DDC00005BF022191614FF480724FF480720CBF45
:10DDD0009A619A62704700BF00040048000800483A
:10DDE0002DE9F84F4B4F4C493E684C4DDFF83C91C4
:10DDF000DFF83C8104464A48FFF7A9FA4CF250305C
:10DE0000F5F77CFD4FF48053E068AB624FF0904330
:10DE10004FF400429A6103684FF4E1319B689847E0
:10DE2000A06803684FF4E1319B689847E068036895
:10DE3000DB699847A0680368DB699847F6F754FDEB
:10DE400010B14846F8F75EFBF5F730FD637D83427D
:10DE50000FD010F0020F4FF4807314BFAB61AB62B0
:10DE600010F0010F4FF0020314BFC8F81830C8F8C3
:10DE70002830D7F800B060754FF0410AA0680368F9
:10DE80005B699847C8B94FF0410AE06803685B696D
:10DE9000984748BBABEB060BBBF57A6FCED91F4C4E
:10DEA00020484FF48075A562F5F728FDA5611E494D
:10DEB0001B48BDE8F84FFFF74ABAE0680368DB6823
:10DEC00098470028DFD10AF1FF3A1FFA8AFABAF11F
:10DED000000FD8D0A06803689B6998470146E068A6
:10DEE000F5F758F85E46C9E7A0680368DB6898470D
:10DEF0000028CFD10AF1FF3A1FFA8AFABAF1000FCF
:10DF0000C8D0E06803689B6998470146A068F5F7A8
:10DF100041F8BAE76C5C0020647901080008004809
:10DF200048100020A08601003B6D01087A150020F2
:10DF30000004004838B5037D04467BB1F5F7B6FC14
:10DF4000637D032B054608D1012806D12046FFF743
:10DF500047FF03480421F3F7BBFB657538BD00BFDD
:10DF600018390020294B4FF4805270B59A6204464C
:10DF70004FF09043C068264E4FF400429A61036808
:10DF80004FF4E1319B689847E0680368DB69984784
:10DF9000A0680368DB699847F6F7A6FC10B1304625
:10DFA000F8F7B0FA4125A06803685B699847C8B9DB
:10DFB0004125E06803685B6998470028ECD0A068B9
:10DFC0000368DB6898470028E6D1013DADB2002D1B
:10DFD000E2D0E06803689B6998470146A068F4F7BF
:10DFE000D9FFE6E7E0680368DB6898470028DFD1DF
:10DFF000013DADB2002DDBD0A06803689B69984756
:10E000000146E068F4F7C6FFCDE700BF000800480E
:10E010007A150020037D2DE9F041044603B3114930
:10E020001148124F124DFFF792F94FF4807847F2E2
:10E0300030500226F5F762FCC7F8288042F21070D3
:10E04000AE62F5F75BFC0B48C7F81880F5F756FC95
:10E0500042F21070AE61F5F751FC2046FFF782FFE7
:10E06000BDE8F081717901084810002000080048DF
:10E0700000040048A0860100037D10B5044653B19A
:10E0800005490648FFF763F947F23050F5F736FCCB
:10E090002046FFF767FF10BD7B790108481000207C
:10E0A0002DE9F0411C460646C0681C4F1546F4F7A2
:10E0B0007DFF00232370D7F8008023783F2B2AD8D8
:10E0C0003B68A3EB0803452B25D8F06803685B6920
:10E0D00098470028F1D0F06803689B699847237837
:10E0E0000A2803F101022270E854E6D123780020C7
:10E0F000E8542378032B0CD92A784F2A09D16A785F
:10E100004B2A06D12B4413F8020CA0F10D03584200
:10E110005841BDE8F08100202070FAE76C5C0020D7
:10E12000826942F642039A4206D98B782B2B03D19F
:10E1300041F28830F5F7E2BB0048FBE7A08601001A
:10E1400030B58269174C42F6420300259A4293B0DB
:10E15000A570258024D90DF1030301AA1249FFF708
:10E160009FFF9DF8033003F148026A44162B02F822
:10E17000465C04F1020004D92F220DF1160107F0CC
:10E1800048F90A48F2F736F8092809D90849074832
:10E19000052207F02CF918B9064807F022FA20806A
:10E1A00013B030BD3C150020887901083E150020D1
:10E1B0009C79010843150020F0B5826942F64403BA
:10E1C0009A42A3B004460D4605D82849A068F4F742
:10E1D000EDFE23B0F0BD264E02274CF25030B76260
:10E1E000F5F78CFB234901A807F0B2F8294601A8EE
:10E1F00007F0B6F8204901A807F0B2F81F49A06857
:10E20000F4F7D4FEA06801A9F4F7D0FE1C49A06879
:10E21000F4F7CCFE0DF1030311AA01A92046FFF784
:10E220003FFF68B91749A068F4F7C0FEA068294607
:10E23000F4F7BCFE1449A068F4F7B8FE1349C5E72B
:10E2400011A92046FFF76CFF9DF80330A0688833C2
:10E250006B44002203F8462C11A9F4F7A7FE0B49E2
:10E26000A068F4F7A3FEB761B3E700BFA279010885
:10E2700000040048D2790108507A01089A6F010819
:10E28000D6790108D9790108DE7901087A7A01087E
:10E29000F0B51546826942F644039A42A3B004469B
:10E2A0000E4605D84149A068F4F780FE23B0F0BDC2
:10E2B0003F4B02229A624CF25030F5F71FFB3D496A
:10E2C00001A807F045F8314601A807F049F83A4996
:10E2D00001A807F045F829463E2201A807F074F886
:10E2E0003046F1F787FF1C30C5B201A88DF8035006
:10E2F000F1F780FFC3B2EA1AD2B29D4238BF0022C2
:10E3000001ABFF21184407F085FA05F188030DEBF6
:10E31000030500272949A06805F8847CF4F746FE28
:10E32000A06801A9F4F742FE2549A068F4F73EFE73
:10E330000DF1030311AA01A92046FFF7B1FE68B948
:10E340002049A068F4F732FEA0683146F4F72EFEAB
:10E350001D49A068F4F72AFE1C49A4E711A920462C
:10E36000FFF7DEFE9DF80330A06888336B4411A9E7
:10E3700003F8467CF4F71AFE1449A068F4F716FE79
:10E3800013490DF1030311AA2046FFF789FE10B1CE
:10E390001048F5F7B3FAE0680368DB699847204650
:10E3A000FFF7CEFE024B02229A617FE7A2790108B5
:10E3B00000040048D27901080A7A01089A6F01081E
:10E3C000D6790108E6790108DE7901087A7A010830
:10E3D000EB79010860E316000149FFF7EDBE00BFCD
:10E3E000F67901080A460149FFF752BFF67901089C
:10E3F0000149FFF7E1BE00BFFB7901080A46014968
:10E40000FFF746BFFB79010810B5A2B009A9044681
:10E41000006902F018FA09A8F2F758FE0A4901A8A3
:10E4200006F096FF09A901A806F09AFF0DF1030373
:10E4300011AA01A92046FFF733FE18B111A9204601
:10E44000FFF76EFE22B010BD037A010810B5044636
:10E450009AB0144901A806F07BFF23685B7B052B6B
:10E4600016D8DFE803F0031517191B1D0E4901A884
:10E4700006F076FF0DF1030309AA01A92046FFF774
:10E480000FFE18B109A92046FFF74AFE1AB010BDC9
:10E490000649ECE70649EAE70649E8E70649E6E700
:10E4A0000649E4E70C7A0108FB6C01087F7F01084C
:10E4B000A17F0108868001080A7901082A7A0108EB
:10E4C00010B504469AB0134901A806F041FF23682D
:10E4D0009B7B032B1BD8DFE803F0021416180E49B0
:10E4E00001A806F03DFF0DF1030309AA01A920468A
:10E4F000FFF7D6FD18B109A92046FFF711FE1AB0A3
:10E5000010BD0649ECE70649EAE70649E8E706498F
:10E51000E6E700BF197A010827700108297A010887
:10E520002E7E0108FB8201082A7A010810B50446F4
:10E530009AB00F4901A806F00BFF2368DB7B1BB1E3
:10E54000022B13D10B4900E00B4901A806F008FF8C
:10E550000DF1030309AA01A92046FFF7A1FD18B197
:10E5600009A92046FFF7DCFD1AB010BD0349ECE70E
:10E570002C7A010886800108FB6C01087F7F010866
:10E5800010B504469AB00B4901A806F0E1FE616897
:10E5900001A806F0E5FE0DF1030309AA01A9204632
:10E5A000FFF77EFD18B109A92046FFF7B9FD1AB0A3
:10E5B00010BD00BF3A7A01082DE9F04FC3689BB047
:10E5C0000446002B00F0A280534B5448DFF868B19A
:10E5D00002229A62F5F792F94FF496434FF41652DD
:10E5E000CDE903234FF416414FF46143CDE9051300
:10E5F0004FF4E1304FF46133CDE90703002623697E
:10E60000029335460DF1080A0027E0685AF8041B0A
:10E6100003689B68984741F28830F5F76FF9E06826
:10E620000368DB6998473E490DF1070309AA2046B4
:10E63000FFF736FD5FFA87F98046C0B19DF80730D5
:10E6400068336B44002203F8462C59461C2209A863
:10E6500006F0CDFE48B909A8F1F7CCFD202803D972
:10E6600010A8F2F721FEA0614646802503E001379D
:10E67000072FCAD1B9460135EDB2022DC2D923699F
:10E6800046B31AAA02EB890959F8605C9D4202D090
:10E690002046FFF7B9FE2046FFF7D8FE2046FFF7D9
:10E6A0000FFF2046FFF742FFA26942F642039A425B
:10E6B00002D92046FFF764FF1A490DF1070309AAA2
:10E6C0002046FFF7EDFC10B11748F5F717F923695D
:10E6D0009D4204D0E068216903689B689847E06820
:10E6E0000368DB69984716B12046FFF729FD0C49FE
:10E6F0000DF1070309AA2046FFF7D2FC48B10B49E8
:10E700000B48F4F753FC044B02229A611BB0BDE89E
:10E71000F08F0849F4E700BF0004004820A107007B
:10E72000497A0108EB79010860E31600707A010864
:10E73000280000207D7A0108537A0108019A0260BE
:10E74000029AC360C0E90121009A026111B1191E49
:10E7500018BF012100230175437583758361FFF79D
:10E760002BBF000008B50248FEF700FEF4F772FE6A
:10E77000481000202DE9F04172B6F5F7A3F8F6F73E
:10E78000E1F8F5F713F8F4F7FFFFF5F76DF8F5F793
:10E79000C9F8F7F703FF314B314D1868314C036866
:10E7A0005B689847304B186803685B6898472F4B45
:10E7B000186803685B6898472D48F7F7FDFDF5F783
:10E7C00017FFF6F75DFE2A782A4B142101FB02336E
:10E7D000002693F84F000227FFF7EEFA2773C4E9EB
:10E7E0000466A660F5F702FA234B1E70F4F758FF93
:10E7F000224B5F614FF09047F4F796FF4FF01008FF
:10E800001F48F5F77BF8C7F8288041F28830F5F704
:10E8100075F8C7F818804CF25030F5F76FF82046BD
:10E82000F4F76AFF3146204602F0C8F94FF47A70D7
:10E83000F5F764F895F8582095F857101148F9F74E
:10E8400077FD95F858101048FBF700F995F8591026
:10E850000E48F3F711FE62B6BDE8F08140380020A3
:10E8600070070020F438002044380020700B00208E
:10E87000D40A0020CC0700209002002000040140B0
:10E88000E0930400501E0020840B0020101500208F
:10E89000184BF7B502275F611748184C4FF6FF7108
:10E8A00002F0CCFA206023689B0712D5144E35790C
:10E8B0008DB1114808236A46002102F050F9D6E9CB
:10E8C0000602DDE900139A4208BF884201D0002306
:10E8D000236003B0F0BD3B466A460748294602F074
:10E8E0003EF9084BDA8BBDF800309A4218BF25601C
:10E8F000EFE700BF00040140F43800207415002049
:10E90000A00A002070070020044A00231370044A64
:10E910001380044A1370044A137070478215002054
:10E9200084150020583900208C110020024B1878E3
:10E93000B0FA80F040097047821500200D4A117826
:10E940000346A9B910700C4A012010700B4A032B22
:10E95000118009D0042B01D083420AD1084B002238
:10E9600083F8A020012070474FF4FA73138070479A
:10E97000002070478215002058390020841500209F
:10E9800088090020034A00231370034A1380034AB6
:10E99000137070478215002084150020583900201C
:10E9A0000A4A08B5138883B1013B9BB2138063B94F
:10E9B000074B1B78032B02BF064B01221A70FFF78F
:10E9C000E1FF054B002283F8FA2A08BD84150020D8
:10E9D000821500208C110020501E002013B5C37931
:10E9E000212B12D10A4CF7F7B3F9FFF7CBFF94F8BC
:10E9F000FA3A032B06D10DF1070120468DF80730B6
:10EA0000F9F7A0FE002384F8FA3A02B010BD00BF67
:10EA1000501E002010B50D4B1B78013B032B14D862
:10EA2000DFE803F002090D072023BDE81040F7F7E7
:10EA30007FB92423F9E7BDE81040F7F7D5B92323C0
:10EA4000F7F776F9024B00221A7010BD82150020EC
:10EA500058390020034B01221A7000225A711A7192
:10EA6000704700BFFD360020054A064B12791B7F18
:10EA70001AB105495B22F7F7B1BD04495B22FAE7F9
:10EA8000A00A00207007002059390020B439002066
:10EA900038B5114B1A79054632B1014600221846A5
:10EAA000BDE83840F7F7F2BD0C4A0D495B23F7F794
:10EAB0008BFD7DB90A48F7F72BF80128044607D0EB
:10EAC00000280849284614BF01240224F7F7A4FDB2
:10EAD000204638BD0148EEE7A00A0020E2370020BA
:10EAE0008737002048380020024B1878831E584290
:10EAF000584170477D0B0020044B1B78022B06BF4A
:10EB0000034B93F8A0000020704700BF7D0B00204E
:10EB10008809002038B5184B1A78184B0546142080
:10EB200000FB023393F85540012C22D12A8893062A
:10EB300006D522F020022A80052301200B7038BD63
:10EB400012F0400316D0FFF7D7FF20B1FFF7EEFE1B
:10EB500008B90023F1E7686830B1094B1B681B1A3C
:10EB6000312BF6D900236B6022F040022A80062365
:10EB7000E3E700231846E1E770070020CC070020F8
:10EB80006C5C002013B50DF107010446FFF7C2FFCE
:10EB900018B19DF8070002B010BD2080FBE700000F
:10EBA00010B5504988B0FEF727FC3220F3F7C4F8BF
:10EBB000022201216846F7F7D1FF6846F1F71AFBF8
:10EBC00005288CBF2B2032200621F3F7C1F86846B8
:10EBD000F3F724FA5520F3F7AFF84348F6F7E5FDCD
:10EBE00010F1090F79DB694601F063FE6846F3F71F
:10EBF00015FA6420F3F7A0F8FFF77EFF58B13B4BFE
:10EC000093F9C10010F1090F69DB694601F051FE6B
:10EC10006846F3F703FA7320F3F78EF83448354C5F
:10EC2000F3F7FCF914210020F3F792F83248F3F7D8
:10EC3000F5F923217320F3F78BF82D48F3F7EEF95C
:10EC40002E210020F3F784F82C48F3F7E7F93D2153
:10EC50007920F3F77DF82A48F3F7E0F92948F3F72C
:10EC600053F823210520F3F773F82046F2F798F8BC
:10EC7000694601F0C0FD6846F3F7D0F93C20F3F790
:10EC80005BF894F99200204C694601F0B4FD2378BA
:10EC9000022B02D16846F3F7C1F93D211020F3F7AA
:10ECA00057F81448F2F78EF8694601F002FE6846FC
:10ECB000F3F7B4F94720F3F73FF82378022B08D194
:10ECC0000C48F2F792F8694601F0F3FD6846F3F755
:10ECD000A5F9F3F71FF808B010BD0C4887E70B48FB
:10ECE00097E700BF867A0108F438002088090020E1
:10ECF0009B7A0108483800208E7A0108A182010819
:10ED00001D850108C48501087D0B00208B7A010850
:10ED100010B53A493A4C88B0FEF76EFB142100203A
:10ED2000F3F716F83748F3F779F92820F3F704F8E2
:10ED3000002201216846F7F711FF6846F3F76EF9E4
:10ED40005520F2F7F9FF3048F6F718FD694601F053
:10ED5000B0FD6846F3F762F92C48F3F75FF91E211E
:10ED60000020F2F7F5FF2A48F3F758F92820F2F7C8
:10ED7000E3FF2548F6F719FD694601F09AFD68465C
:10ED8000F3F74CF95020F2F7D7FF94F9C100694628
:10ED900001F08FFDFFF7B0FE10B16846F3F73EF9C2
:10EDA0007320F2F7C9FF1B48F3F738F92821002038
:10EDB000F2F7CEFF1848F3F731F92820F2F7BCFF3D
:10EDC000164B684693F85110FEF7DEFA6846F3F7E3
:10EDD00025F95020F2F7B0FF94F8A03063B194F811
:10EDE000C2106846FEF7D0FAFFF786FE10B16846FB
:10EDF000F3F714F908B010BD0521F2E7937A010882
:10EE00008809002065830108F43800209A7A0108F7
:10EE1000068301089B7A01089E7A0108700700208A
:10EE200010B5164988B0FEF7E7FA14210020F2F772
:10EE30008FFF1348F3F7F2F800201E21F2F788FF46
:10EE40001048F3F7EBF8FFF757FEA0B10E4C322154
:10EE50000020F2F77DFF04F1AC00F3F7DFF83C216E
:10EE60000020F2F775FF6846D4F8A410F2F7D0F945
:10EE70006846F3F7D3F808B010BD00BFA37A0108C5
:10EE8000917701082270010888090020837C013BEA
:10EE9000032B11D8DFE803F00206080C037C6BB1EA
:10EEA000FFF736BFFEF7AABB037C3BB1FFF7B8BF45
:10EEB000037C1BB1FEF7C2BCFFF772BE70470000B7
:10EEC000037810B50446B3B1037C0BB9437C93B10E
:10EED000F2F7CAFC78B1637B072B08D8DFE803F0B0
:10EEE0000420250C1014181C2046FEF759FBF2F7DD
:10EEF00091FC0023238210BD2046FFF7C7FFF6E7F1
:10EF00002046FEF7D1FCF2E72046FEF7F9FCEEE7DB
:10EF10002046FEF707FDEAE72046FEF725FDE6E777
:10EF200003492046FEF764FBE1E70249F9E700BF29
:10EF3000AA7A0108097C010870B505461448154EE7
:10EF4000F8F7F8FB144B1C683368E31AF92B03D964
:10EF500012483460FEF7EEF9114B1B7913B10F48DC
:10EF6000FEF7EEF92B6828469B689847B0F5FA6FD4
:10EF700002D83368A3420AD00A4A1368E31A312B35
:10EF800005D914600548BDE87040FFF799BF70BD12
:10EF9000E00A0020980A00206C5C00204810002045
:10EFA000A00A0020940A00202DE9F04106460C46F4
:10EFB0001546FFF7A1FD70B1184B93F82D30581E80
:10EFC000012819D8164BB3F85861B3F856710022CE
:10EFD00091B28D4201D8BDE8F081B3F85401411CD3
:10EFE0003140B9421FBFC01814F802C080F85AC19E
:10EFF000A3F854110132EBE7032B09D1094E0D445C
:10F00000AC42E8D014F8011B3046FEF76FF8F7E782
:10F0100070680368BDE8F0411B691847CC07002001
:10F020008815002054290020F8B52B4B2B4D1F7953
:10F03000CB78C3F3800385F895308B79C3F3000355
:10F0400085F896300B79064603F00303C8785B0118
:10F0500043EAD0000C46F1F709FF85F89200637986
:10F06000227903F001039B0143EA920385F8933070
:10F070006379C3F3460385F89430E378A17803F00D
:10F0800001039B00052243EA9113032012FB0303B3
:10F090000722B3FBF2F3124A1370DEB1D7B101F0CD
:10F0A0003001202904D12046BDE8F840FFF796BC86
:10F0B000A2790C48E11D5208FFF776FFA17905F10E
:10F0C00064004908F2F7B8FA05F13C00BDE8F840E1
:10F0D000F2F7ACBAF8BD00BFFD360020483800207A
:10F0E0003D3800201039002073B5054690B9204BFB
:10F0F000204E1B78204A1479002C36D173B91F4A50
:10F100001F49127801921A4A127800920D201A466D
:10F11000F7F7ECFA194B1B4E1B78EBE7022B1A485A
:10F120000ED1B17801F00701F7F752FB4379ABB983
:10F1300031460120FFF778FF1448F1F70CFE05E097
:10F1400001229342027044710471F1D10F4880F89A
:10F15000905002B0BDE87040F1F7FBBD0C4B1C7441
:10F160005C825C610B4B1C71E2E702B070BD00BFBA
:10F170007E15002087370020A00A00207F15002080
:10F18000B27A0108E2370020FD360020483800201E
:10F19000881500205429002010B50246FFF7ACFC6A
:10F1A000B8B10C4B93F82D30591E012904D8BDE895
:10F1B00010400948FCF7CEBD032B04D1BDE8104038
:10F1C0000648FDF798BF50680368BDE810405B69CA
:10F1D000184710BDCC0700208815002054290020B6
:10F1E00010B50246FFF788FCB8B10C4B93F82D30F0
:10F1F000591E012904D8BDE810400948FCF7B9BDE3
:10F20000032B04D1BDE810400648FDF786BF5068C7
:10F210000368BDE810409B69184710BDCC0700206B
:10F2200088150020542900202DE9F04FDFF83081A7
:10F2300098F8004097B081460E461746002C48D1FA
:10F240003C4B1B78022B40D1DFF800B10DF1180ABE
:10F2500025465846ECB2FFF79FFF40B15846FFF7EE
:10F26000BFFF0135402D0AF8010BF2D12C46324880
:10F270002146F2F7E1F93148F2F7D8F930488DF834
:10F28000129090F8A4308DF80C302E4B80F89190AD
:10F29000DB788DF80D3090F890308DF81130F1F763
:10F2A0007FFD8DF80E00F6F7FBFD274D8DF813005E
:10F2B00010F0010F0CBF33463B468DF8143095F823
:10F2C000563043B9B74206D0FEE72048FDF746FF67
:10F2D000D4E70024D2E71A48F1F774FD1C4B8DF8EF
:10F2E000100019780222072313FB01230522B3FB28
:10F2F000F2F32A788DF81530164B142101FB0233F6
:10F3000093F85A305A1E534253418DF8163098F8EC
:10F3100000304BB9104A1148009406AB03A9F6F728
:10F32000EBFB17B0BDE8F08F0B4A0C4803A9FFF7C1
:10F3300071FBF6E77D0B0020983800207038002024
:10F3400048380020FD3600207007002010390020CA
:10F350002A370020CC07002004370020B4390020D1
:10F360005839002030B4084C257925B10146204693
:10F3700030BCF6F78BBE054C94F8A430013384F80A
:10F38000A43030BCFFF750BFA00A0020483800204E
:10F3900008B50246FFF7B0FB18B9A2F82206A2F89A
:10F3A0002006054B93F82D30032B04D1BDE808400F
:10F3B0001046FDF71BBE08BDCC07002070B500232A
:10F3C0009CB2A24200D870BD058886886C1C34406F
:10F3D0004688A6421EBF2D18CE5CAE7103F1010314
:10F3E00018BF0480ECE708B56830FFF7E7FF08BDF9
:10F3F000A0F11400F7E7000038B50A4B93F82D3060
:10F4000000F5EF65022B0446284608D1FBF72CFDDA
:10F410000246294604F24A40FFF7D0FF38BDF3F711
:10F42000A0F9F5E7CC070020F0B587B0044610221C
:10F4300001A8F1F79EFF204B94F8A8C893F8352057
:10F4400084F85EC64FF0FF33333284F85C3684F8BC
:10F450005D36012384F85F3604F5CA67D2B201AB8A
:10F4600004F5CC660DF1140E1D4603CD75453060D4
:10F4700071602B4606F10806F6D184F85526442320
:10F48000D4F8582684F85636142363F31702C4F8C8
:10F4900058264DF2016284F871C7A4F8722784F8E7
:10F4A000743704F5A4713846F3F716FD3946204643
:10F4B000FFF7A2FF07B0F0BDCC0700202DE9FF4108
:10F4C0000446B0F84C14B0F84A04F3F78BFCE36838
:10F4D0004BBBDD2808D804F5F37604F5ED75A0687C
:10F4E00003685B69984710B904B0BDE8F081A06873
:10F4F00003689B6998472A46034631466846F3F7F6
:10F500008BFA0028EBD09DF80030022BECD104F5EB
:10F51000CA65324669462846F3F7EAF92946204685
:10F52000FFF76AFF94E0DD28DED84D4D2B780133DC
:10F53000DBB2012B2B700FD900232B70A06803685E
:10F540005B69984750B901232B70E06803685B69D9
:10F55000984730B9287004E0002BEFD02B78012BAE
:10F56000F3D004F5F37604F5ED772B78002B36D144
:10F57000A06803685B69984788B3A06803689B69C3
:10F5800098473A46034631466846F3F745FA00285D
:10F59000EBD0DFF8D08069460120F3F74FFC98F8F4
:10F5A000023033B1E068BDF80220036831461B69C0
:10F5B00098479DF80030022B11D104F5CA673246F6
:10F5C00069463846F3F794F998F800301BB139468C
:10F5D0002046FFF711FF39462046FCF7EBFD04F209
:10F5E0001E3604F212372B78012B7FF47DAFE068D2
:10F5F00003685B69984700283FF476AFE0680368CA
:10F600009B6998473A46034631466846F3F704FA41
:10F610000028E8D0134F69460220F3F70FFC7B78EF
:10F6200033B1A068BDF80220036831461B699847D2
:10F630009DF80030022B7FF457AF04F5CA653246BF
:10F6400069462846F3F754F93B78002B7FF466AF00
:10F650002946204604B0BDE8F041FCF7ABBD00BF31
:10F66000900A0020510A0020264B70B51E680446FF
:10F67000FFF742FA58B9C4F8A468A4F85601A4F8F0
:10F680005401A4F84C04A4F84A0484F8B8081E4DA8
:10F6900095F82D30013B012B33D82046FDF7B2F809
:10F6A0002046FFF70BFF194B1B78142202FB035572
:10F6B00095F8525095B1D4F8A438F31AB3F57A7F7F
:10F6C0000FD3C4F8A468012504F6A800FCF7C6FF10
:10F6D0004DB12046BDE87040FCF776BBC4F8A46885
:10F6E000F2E70025F0E794F8B4382BB1084984F824
:10F6F000B4582046FFF798FE2046BDE87040FCF75E
:10F7000079BE70BD6C5C0020CC0700207007002023
:10F71000BA7801082DE9F04F504F514C3B78012B3E
:10F7200089B000F266810BB9F3F7A6FFDFF86081BC
:10F73000FFF720F8D8F80000616C03689B689847D1
:10F74000484B616C186803689B689847464B0022D9
:10F750001A809A70454B4FF480529A6207254CF2FA
:10F760005030013DF4F74AF8F4F7C8F815F0FF05FA
:10F77000F5D13F4B3F489D701D8001F08FFB013854
:10F7800080B24FF6FD73984203D93B490120F6F74A
:10F79000A5FF3A4B3A491D603A4B36481D60F6F7D3
:10F7A00013F83948F6F798FB94F82020202A00D95E
:10F7B000FEE794F82800354E616AB4F82CA094F85E
:10F7C00029C094F82A30B071052800D9FEE7DFF887
:10F7D000C49059F830E0BEF1000F00D1FEE709EB0C
:10F7E000C009C6F808E099F804E099F8059086F891
:10F7F00007E086F80C9086F8D500A6F80EA086F8EB
:10F80000D450BAF1000F00D1FEE7724524BF0EF1CB
:10F81000FF3E5FFA8EF20528727400F02581012800
:10F8200000F22A810CF1FF30C0B200F014810228EE
:10F8300032D8581EC0B2032809D80C2A01D90C208E
:10F840007074707C904200D97274654627E0122A69
:10F8500084BF122373740023F3E700BF293700200D
:10F8600070070020443800207A1500200008004866
:10F870003C150020F4380020C47A010870150020DF
:10F880007407002074150020A00A0020C411002075
:10F890004038002078850108052B28BF00238048C8
:10F8A0002A46F1F714FE0025227835747D4E7E4BF2
:10F8B000DFF884B24FF0140A0AFB02624FF0FF092E
:10F8C00092F85A2083F80090501E424283F801902B
:10F8D000764B42411A7005229A706422DA705D708C
:10F8E0001D71734B6E481D70F5F77CFF0146714822
:10F8F00001F089F9704B1D80704B1D70704B1D70AD
:10F90000704B1D80704B1D80704B1D70704B1D80A7
:10F91000704B1D70704B1D70704B1D70704B1D70C7
:10F92000704B01201D70FEF7EFFFFFF707F8B4F8EA
:10F930004830B4F84A2094F840106B48F1F7CAF9FF
:10F94000B4F848106948F1F74EFD6948F6F716FF1C
:10F95000237868480AFB036393F84E10F2F794FD8E
:10F96000D8F80010DBF80030634A6448FCF7E6FD85
:10F97000D8F80080DBF80030614805931A4641460C
:10F98000FDF710FB059B5C4A5E484146FDF7F8FB1E
:10F990005D49B4F8482009685C48F7F7DBF920783E
:10F9A000059B06EB00120AFB006602F589724A36D7
:10F9B00002920196626C564800924246FEF7BEFEE5
:10F9C0003C48F5F7F2FE5348F2F7F2FC5248FDF7D7
:10F9D00001FC5248F1F748FE5148F2F717FD514B30
:10F9E0001D70514B1D80514B1D80F4F773FF87F83C
:10F9F0000090F4F779FF324E002800F0BE80344AC0
:10FA000013880BB1013B13802B4A13880BB9B4F850
:10FA10004830013B9BB2012B138031D1274A137030
:10FA2000FEF7BEFF3378002B40F0A780274B404AFB
:10FA30001978138802292CD17BB3013B9BB2138028
:10FA40009278002A7AD0002B40F08180F3F7CAFE2A
:10FA5000F3F7D4FE7BE0022804D80C2A01D90C234A
:10FA60007374654600231AE70CF1FF33022BF9D8B3
:10FA7000082AF6D90823F3E70948F1F7CFFC12E783
:10FA8000002BCDD1012333702A4B5A6A0D4B1A80BB
:10FA9000C6E7002BD1D1C723D1E740F2F313CEE75D
:10FAA000C4110020CC0700202A3700209411002028
:10FAB0003D380020F4380020103A0020781500204E
:10FAC0008D110020FA360020801500207D0B0020CB
:10FAD000800B00207E0B00207C0B00207F15002077
:10FAE0007E1500208615002048380020443900206B
:10FAF000FD36002010150020641E0020881500200F
:10FB00005429002010390020700B0020E00A00204A
:10FB10009C1100203C5C0020481000201839002077
:10FB2000740B00202837002054390020563900205B
:10FB30007A150020000400404438002002296ED1CC
:10FB40000BB9F3F74FFE794B4FF480529A62784D20
:10FB50002B88002B6BD140F2E7332B807548F6F7EA
:10FB600031FA7548FEF724F87448F5F71EFE2B8825
:10FB70001BB973497348F3F719FA734DDFF8148210
:10FB80002B88022B6DD0042B00F09980012B0FD114
:10FB90006E4B1A7C597C0132D2B2914298BF00223E
:10FBA0001A746B4B1146187AFFF7DCFB02232B808B
:10FBB000D8F80030002B00F0F4802B88032B40F0A5
:10FBC0009580D8F80030D9070ED5624A0023C8F8CE
:10FBD0000030137843F00101117094F856200AB1F7
:10FBE0009A0701D504232B80D8F80030002B00F0B1
:10FBF000D880D8F80030D8F800305748574913F06B
:10FC0000020F00F083800378D8F8002001930B786E
:10FC100000932B78524992B20120F6F767FD4FF01E
:10FC200090424FF400419162002B90D110E7013BCC
:10FC30009BB22B80002B91D122784A4B142101FBDF
:10FC4000023393F85330022B88D1474B1B78002B9B
:10FC500084D04648F1F7C9F801464548F6F724FC38
:10FC60007CE7444B444A5B6A12889B1A9BB240F281
:10FC7000ED2293429CD9414B41484FF0000983F853
:10FC80000090F6F751FC3148F5F7ACFD01462B48E2
:10FC900000F0B9FF2E4B187AFEF7E6FE03232B8007
:10FCA0002C4B384883F80090374BC3F80090374B03
:10FCB000C8F8009001221A71F2F77EFB78E71F481E
:10FCC0004FF6FF71F3F728FD01F033F81B480021D0
:10FCD00001F063F8204A05232B80002313701F4A8C
:10FCE0001370294A1360C8F8003061E7052B7FF4D0
:10FCF0007BAFD8F800309B077FF576AF0020C8F8BF
:10FD00000000FEF7C5FE154B18706DE7D8F80030FF
:10FD100013F0010340D00378D8F8002001930B784A
:10FD200000932B781A4992B2022076E70008004827
:10FD300054390020A00A002048100020F438002088
:10FD4000CF7801082800002080150020C411002071
:10FD500044390020861500207F1500207E150020E4
:10FD6000CE7A0108CC0700207C0B00204838002008
:10FD7000D40A002000040040FA3600207815002044
:10FD80002A3700203C5C002070150020840B0020E6
:10FD9000DF7A010874150020C8F800302B8003704A
:10FDA0000B703378002B00F08181DFF8C8B29D48DA
:10FDB0004FF0000886F80080F5F79CFC9BF800A047
:10FDC000BAF1000F00F0BD804046FFF78DF9964B69
:10FDD000DFF86C9283F80880DFF89C82934E98F8E5
:10FDE000103089F8A7309BF80030012B94BF002316
:10FDF000012389F8A5308E4B1B78012B94BF00237B
:10FE00000123BAF1010F89F8A630337809D9002B04
:10FE100000F09A80012B00F09C80864BB4F84C20B7
:10FE20001A803378022B03D1824B1B8803B93370BD
:10FE300032787F4900230120022A28808BF8003085
:10FE40000B7006D07C490B701AB9FEF79BFDFEF7CC
:10FE500075FD7A4A13880BB9B4F84A30013B9BB25E
:10FE6000138053BB7648F0F7CEFF3378022B24D1B2
:10FE7000734899F99250F0F7B8FF81466948F5F751
:10FE80007DFC704B1A78C2B11A790AB1013A1A7125
:10FE9000DA78DFF8B8C1072101FB02910431A2EB47
:10FEA0000902C908132AD97002DCB9F1320F7BD8D4
:10FEB0009A788CF801200A221A716148624DF0F795
:10FEC00047FF3378022B0CBF4FF001094FF00009B8
:10FED0000ED05B48F0F7E4FE2B784BB1594B1A7803
:10FEE00032B15A4A997851706422DA7000221A713C
:10FEF0002278574B85F80090142101FB023393F8C8
:10FF00005330012B0BD1534B1B7843B1524B1B7910
:10FF10002BB9BAF1010F02D85048F6F7E5FA504B69
:10FF20001D78002D70D04F4B4FF480529A614FF0E6
:10FF300090434FF400429A61F5F786FA01233B7033
:10FF40006CE0FEF787FD42E701223270464A1370EB
:10FF500063E7454A13780133DBB213703D4A1078EA
:10FF6000E0B994F8501099423FF657AF3F4991F8E5
:10FF7000A0304BB9384B1B7933B988B1FEF702FD7D
:10FF80000123344A81F8A03013781BB92C48F0F7CC
:10FF9000DBFE304A022333700123D8E70521E2E774
:10FFA00033490C20FFF7F3BB80B200F10F0E0FFABC
:10FFB0008EFE75459CF800200EDA93F802E0964517
:10FFC0000AD9501C8CF8010054294FF00A0018710E
:10FFD0003FF673AF01326CE7153000B285420BDD9E
:10FFE0005E2909D959789142BFF467AF1979002980
:10FFF0007FF463AF013A5CE754293FF65EAF99782E
:020000040801F1
:1000000091427FF65AAFE5E71348F6F705F8F6F7A1
:100010002FF80128044631D003288FD009B0BDE85D
:10002000F08F00BFF4380020443900207D0B002001
:100030007F150020800B0020FD360020563900205F
:1000400048380020941100208B0A00202A37002015
:10005000CC0700207C0B0020A00A0020D40A00203E
:100060008C110020000800487E0B00208809002029
:10007000F07A01087E150020C41100209048F5F7A1
:100080006BFF41F28833A8F8D6304FF090434FF41D
:10009000004288F8D440A8F8D8509A614FF48052B2
:1000A000C3F82828874B35709C70B7E794F8573011
:1000B000854EEBB185498648F8F776F968B1227824
:1000C000844B142101FB0233012293F84C30032BA3
:1000D00004BF012333707E4B1A717D480DF11B0163
:1000E000F8F778F920B19DF81B30F3B1012B1FD040
:1000F00094F8573023B994F85830002B00F0FA8068
:1001000073480DF11B01F8F78AF950B39DF81B30C5
:10011000033B0F2B25D8DFE803F0162424242424E6
:100120002448244C6373787E7A7CFCF7D5FBDFE7A8
:10013000674807A9F8F7A2F90028D9D09DF81C0054
:10014000F8F734FCD4E7F5F78FF9634B1B78022BF3
:100150004FF0030822D10420FEF7F0FB5C4B83F83C
:10016000FA8A94F85830002B00F0C48057495B4855
:10017000F9F7B8FC08B101233370B4F848205748A8
:1001800006A9F9F7D1FC00284FD09DF81830052BAF
:100190004BD8DFE803F0475F63676B914C488DF8FD
:1001A0001C8007A9F8F7CEFADBE74D49A1F133002F
:1001B000F8E7DFF81C8107A908F13300F8F7D8FB4E
:1001C0000028CED09DF81C30002BCAD0424B1878A6
:1001D0000228C6D1FEF7B2FB0C2388F8FA3AC0E732
:1001E0003D4B1B78022B07D10320FEF7A7FB384BB2
:1001F0000D2283F8FA2AB4E73A4B01221A70B0E7CD
:1002000001213948F1F74EFAABE70221F9E7032162
:10021000F7E70821F5E72E4B344893F83310F2F74F
:10022000F9F89EE72D48FAF781FBDFF8B0800DF171
:1002300019014046F9F7AEFC00285BD09DF8193053
:10024000022B55D8002B00F0A18027480121F1F79F
:100250002BFA4FE02148FAF7B1FBE6E71F48FAF71F
:10026000E5FBE2E71D48FAF74BFCDEE718480DF125
:100270001A01F8F703F918B19DF81A00F8F796FB80
:1002800013480DF11B0207A9F8F73CF830B19DF8AF
:100290001B2007991148F9F7D1FCC6E7FEF72CFCA3
:1002A0000028C2D00B4B93F82D30013B022BBCD859
:1002B0000A48F9F7CBFEB8E70848FAF7E5FBB4E7D8
:1002C000A00A00207A1500202837002004370020DB
:1002D000501E0020CC0700207D0B0020840B002046
:1002E000831E00208C11002018390020740B002080
:1002F000032B51D0337813B300233370604E23782F
:10030000604961484FF0140808FB036393F84D20DF
:10031000F0F7BCFC237808FB036898F85A20012A00
:1003200002D15A4A127852B9142202FB0366554987
:1003300096F84A3096F856205548F6F715F9554B79
:100340001B78002B7FF46AAE2B88022B3FF466AE3D
:100350005148FFF789F95148FFF71AF85048F2F76A
:1003600038F85048F1F786F910B94B48FEF70AFC07
:10037000431E102B7FD8DFE803F04249507E19302E
:100380003A5A5E527E7E7A62666E720098F8691002
:100390004548F2F73FF8ADE798F816204348023A8F
:1003A000D2B208F11801F7F798FFA3E7404B18788D
:1003B000022805D1FEF7C2FA3C4BFF2283F8FA2A45
:1003C0003C48FDF7B7FD3848F2F738F800283FF40D
:1003D00025AE394B01221A7020E6354B1B78022BD3
:1003E00001D10320E6E7344B01221A70E8E7F5F764
:1003F0003BF82F4B1B78022BE2D10420DAE72F4B7E
:100400001A79002ADCD101225A71D9E72B4B1A79CB
:10041000002AD5D001229A71D2E7FEF7A3F921482C
:10042000F1F752F9C1B22048F1F7F4FFC8E72148CB
:10043000FDF7F0FDC4E71F48FDF71EFEC0E71D48AD
:10044000FDF7CAFFBCE71748F1F740F90146194824
:10045000FDF7C8FFB4E71748FDF7CAFFB0E711483A
:10046000F1F734F901461348FDF7C8FFA8E70D4836
:10047000F1F72AF9A4E704283FF460ADA0E700BF34
:10048000CC07002004370020D80A00207C0B002075
:100490002A370020781500208815002054290020D4
:1004A0003C5C002018390020740B0020501E0020F6
:1004B0007D0B00209C1100208C110020A00A002040
:1004C00008B5FFF727F9FCE7544B554A70B51A6099
:1004D000544B554A1A605A619A62DA63534A1A6554
:1004E0005A66534A9A67534A534B544C02F10801D7
:1004F000283200255A6140F2FF12C3E91A527F26C2
:100500004F4A1960C3F87022C3F86C52C3F8745A8A
:10051000C3F8786AA3F8025B4A4B2360212384F86E
:100520000C3104F1DC03C4F81031102384F81431C9
:1005300004F1C403C4F81C310F2384F820311E23B6
:1005400084F8243104F1F403C4F82831062384F834
:100550002C31072384F8303104F1FA0302220921F7
:10056000C4F8343104F1FC0384F83C1184F81821F8
:1005700084F83821C4F8403184F850210D220A2033
:1005800084F8542104F2011284F84801C4F8582177
:1005900004F1FF0011220323C4F84C0184F8602108
:1005A00004F1EC0004F5827284F8443184F85C3183
:1005B000C4F86421C4F87001082284F8783104F585
:1005C000EA7004F1D30384F8682184F86C2184F87C
:1005D0007421C4F87C3184F88011F9F7DFF81A4BE4
:1005E0001A4A1A601A48A4F8C0542946F0F7FEFACD
:1005F000184B194AC3F84C24C3E95556A3F84A547A
:10060000164B40F2FF32C3F82426C3F82056144B91
:10061000144A1A60144B154A1A6070BDF438002051
:10062000107B0108483800207C6A0108646A0108D0
:10063000706A0108D0B60108501E0020840B00200B
:100640000000FF07C8B6010810150020F87B01085C
:10065000D80A0020881500200000FF01542900203E
:100660001039002084B601083C5C0020B4B60108B3
:1006700010B53024632807D80C703021092808D819
:1006800030301170187010BD01346438E4B2C0B25B
:10069000F0E701310A38C9B2C0B2EFE730B5302413
:1006A00042F20F75A84212D80C703021B0F57A7F53
:1006B00014D211703022632816D81A7030230928FA
:1006C00017D8039A1370049B3030187030BDA0F512
:1006D0001C5001341038E4B280B2E3E70131A0F5D8
:1006E0007A70C9B280B2E1E701326438D2B280B226
:1006F000E1E701330A38DBB280B2E0E770B5324D92
:10070000324E3024A84232D80C70314D314C302159
:10071000A04230D811703049302288422FD21A704E
:100720002E4A302390422ED8049A13702C4A30233C
:1007300090422FD8059A1370302342F20F729042E4
:100740002ED8069A13703023B0F57A7F2ED2079AEE
:100750001370302363282ED8089A13703023092889
:100760002DD8099A13700A9B3030187070BD01346F
:10077000E4B23044C6E70131C9B22844C8E70132C7
:10078000D2B2401AC9E70133A0F57420DBB2A0F55C
:100790001070C7E70133A0F5C330DBB2A038C7E75C
:1007A0000133A0F51C50DBB21038C8E70133DBB2CF
:1007B000A0F57A70C8E70133DBB26438CAE70133C9
:1007C000DBB20A38CBE700BFFFC99A3B003665C4ED
:1007D000001F0AFAFFE0F505809698003F420F00DF
:1007E0009F86010010B58B1C0C464A1CFFF740FF8A
:1007F0000023E37010BD002810B50C460FDA10F18D
:10080000800F0FD04042C0B22D222346611C03F856
:10081000032BA21CFFF72CFF0023237110BDC0B2D5
:100820002022F2E72D228020EFE713B50B1D019364
:10083000CB1C00934A1C8B1C0C46FFF72FFF002398
:10084000637102B010BD10B588B001F109030693C1
:1008500001F108030593CB1D04938B1D03934B1DDE
:1008600002930B1D0193CB1C00934A1C8B1C0C465E
:10087000FFF744FF0023A37208B010BD0A2230B571
:1008800001231446824207D95A1E12B20A241504C3
:1008900006D50022CA5430BD01339BB26243F1E752
:1008A000B0FBF4F504FB1500303088542846013ABB
:1008B000EDE7031E10B50C4603DBBDE81040FFF763
:1008C000DDBF58420131FFF7D9FF2D23237010BD42
:1008D00003099F2800F00F0094BF303337330928F5
:1008E0000B7094BF30303730002348708B707047E6
:1008F00013B502460C46C0B201A9FFF7E9FF214635
:10090000100AFFF7E5FF9DF80430A3709DF805304D
:10091000E3709DF80630237102B010BD10B5034C92
:100920002146FFF75FFF204610BD00BF485C002056
:1009300010B5034C2146FFF75EFF204610BD00BFF7
:10094000485C002010B5034C2146FFF76EFF20469F
:1009500010BD00BF485C002010B5034C2146FFF7D6
:1009600072FF204610BD00BF485C002010B5034C4C
:100970002146FFF7BDFF204610BD00BF485C0020A8
:1009800013B503688DF807109C680DF1070101236A
:10099000A04702B010BD07B503688DF807101B69AA
:1009A00001220DF10701984703B05DF804FB73B510
:1009B0001D460368019104465B6916469847236803
:1009C00020461B6898470199221D2046FFF7D8FF53
:1009D0002DB123682A461B69314620469847236873
:1009E00020465B68984723689B690C21204602B02B
:1009F000BDE87040184773B51E4603680191044670
:100A00005B6915469847236820461B689847221D56
:100A100001992046FFF7B4FF20460021FFF7BBFFF6
:100A200023682046DB6832462946984723685B687E
:100A3000204602B0BDE8704018472DE9F0411F463E
:100A4000036804465B690D461646984723682046AE
:100A50001B689847221D20460D21FFF791FF290AA8
:100A60002046FFF798FFE9B22046FFF794FF23687E
:100A700031463A4620461B699847236820465B6802
:100A80009847236820469B69BDE8F0410C21184730
:100A900007B501238DF807200DF10702FFF7CDFF01
:100AA00003B05DF804FB2DE9F0411F4603680446DE
:100AB0005B690D4616469847236820461B68984791
:100AC000221D20461D21FFF75BFF290A2046FFF764
:100AD00062FFE9B22046FFF75EFF20460021FFF7E4
:100AE0005AFF23682046DB683A4631469847236818
:100AF00020465B68BDE8F041184707B501230DF1BA
:100B00000702FFF7D0FF9DF8070003B05DF804FB74
:100B10002DE9F0411E46036804465B690F46154601
:100B20009847236820461B689847221D20460E21BF
:100B3000FFF726FF39462046FFF72DFF2368294699
:100B4000324620461B699847236820465B689847D1
:100B5000236820469B69BDE8F0410C2118472DE928
:100B6000F0411E46036804465B690F4615469847E8
:100B7000236820461B689847221D20461E21FFF748
:100B8000FFFE39462046FFF706FF20460021FFF70B
:100B900002FF23682046DB683246294698472368CF
:100BA00020465B68BDE8F041184710B500230446B5
:100BB0001A46C021FFF7FBFE207910BD37B5044669
:100BC0000D468DF80710012380210DF10702FFF774
:100BD000EEFE2368012D9B690CBF322140F2DC51EF
:100BE000204603B0BDE83040184737B501230C4616
:100BF0008DF807100DF107028A210546FFF7D7FE91
:100C0000AC7103B030BD07B5042309BA01910DEBF7
:100C100003028621FFF7CBFE03B05DF804FB07B5A6
:100C200002238DF804108DF805208F2101AAFFF70B
:100C3000BEFE03B05DF804FB37B58DF80630002327
:100C40008DF807300423044615468DF804108DF8FE
:100C500005208B210DEB0302FFF7A9FE40F6890169
:100C60002046FFF74AFF062D16BF40F0040200F0B1
:100C7000FB02D2B240F6890120468DF80420FFF72E
:100C800007FF03B030BD73B515468DF80330002261
:100C90009DF818309DF81C608DF8002004468DF8F2
:100CA00001108DF804308C2106236A468DF802501D
:100CB0008DF80560FFF77BFE40F236712046FFF7A6
:100CC0001CFF5EB100F0FB0240F2367120468DF849
:100CD0000020FFF7DDFE657102B070BD40F0040337
:100CE000DAB2F1E707B55BBAADF80430BDF8103001
:100CF0005BBAADF8063049BA082352BAADF8001015
:100D0000ADF8022019466A46FFF751FE03B05DF8C0
:100D100004FB07B5022301AA1221FFF76CFE9DF820
:100D200004309DF8050000EB032080B203B05DF8AD
:100D300004FB07B5022349BAADF8041001AA19460D
:100D4000FFF735FE03B05DF804FB07B502238DF80D
:100D500004108DF805208E2101AAFFF728FE03B0AC
:100D60005DF804FB13B56FF07F43994228BF194625
:100D70000B0C04468DF804300B0A8DF805308DF805
:100D8000061001AA03238321FFF711FE23686421C3
:100D90009B692046984702B010BD13B56FF07F43A2
:100DA000994228BF19460B0C04468DF804300B0AF3
:100DB0008DF805308DF8061001AA03238221FFF774
:100DC000F6FD236864219B692046984702B010BD58
:100DD00037B503230D461446142101AAFFF70BFE75
:100DE0009DF804305B085B422B809DF90530002B99
:100DF000B8BF03339B10237003B030BD10B54368F8
:100E00000D4A23F07F4323F0FF039342044611D1A0
:100E1000002240F60211FFF73BFE40F64411204647
:100E2000FFF76BFE40F00200C2B240F644112046CC
:100E3000FFF72EFE10BD00BF0001010037B50546CB
:100E40000191FFF766FF019904462846FFF771FFFD
:100E5000A30702D52846FFF7D1FF204603B030BDD7
:100E600007B5002914BF402320238DF807300DF16A
:100E7000070201239321FFF79AFD03B05DF804FBFD
:100E800010B5002304461A46C121FFF790FD2368E0
:100E900020469B69BDE810404621184708B5FFF77A
:100EA00084FE80B208BD07B50023ADF8043001AA66
:100EB00002230721FFF77BFD03B05DF804FB07B5B4
:100EC000130C8DF8053052BA04238DF80410ADF8D8
:100ED000062097210DEB0302FFF769FD03B05DF8D3
:100EE00004FB08B50A4640F6AC01FFF7D1FD08BD8A
:100EF00010B540F6D8010446FFF7FFFD40F01E0094
:100F0000C2B240F6D8012046FFF7C2FD10BD08B5B9
:100F10000A4640F6E701FFF7BBFD08BD07B5054BE4
:100F2000019304230DEB03029521FFF740FD03B06D
:100F30005DF804FB0407000107B502238DF80410D7
:100F40008DF80520982101AAFFF731FD03B05DF867
:100F500004FB00000000000013B504461C48B0FB71
:100F6000F1F1080C8DF80000080A8DF801000498D2
:100F70008DF803208DF804308DF80210EFF7DAFABF
:100F800011A3D3E90023EFF779FCEFF75FFD020C23
:100F900043BA8DF80520ADF806306A46082320468E
:100FA0008B21FFF704FD40F689012046FFF7A5FDE0
:100FB00040F00402D2B240F6890120468DF80020AC
:100FC000FFF766FD02B010BD000000008084EE3F18
:100FD0000000093D1FB58DF807309DF818308DF8D9
:100FE00008309DF81C308DF809309DF820308DF8C0
:100FF0000A309DF824308DF80B3049BA9DF828301E
:10100000ADF804108DF806208DF80C3001AA0923E4
:101010008C21FFF7CCFC05B05DF804FB07B500237D
:1010200049BAADF80010ADF8023001936A460823C2
:101030004FF4D861FFF701FD03B05DF804FB13B571
:1010400003230C4601AA1421FFF7D5FC9DF80630B6
:101050005B085B42238002B010BD10B594B038220B
:10106000002106A804F0D6FB1422002101A804F0F8
:10107000D1FB002001F0D6FD01224FF48033CDE9F1
:10108000062303240223552206A8CDE90D34CDE919
:101090001023CDE912330F9301F026FE08B172B68A
:1010A000FEE70421CDE903000F2305900DEB0100BD
:1010B000CDE9013402F05EF808B172B6FEE714B073
:1010C00010BD000007B5104A136823F48063136055
:1010D00000F00AF9FFF7C1FF0C4BDA6C42F0200276
:1010E000DA64DA6C02F020020192019ADA6C42F0C2
:1010F0000102DA64DB6C03F001030093009B03B090
:101100005DF804EBFFF7DCB900200240001002405C
:101110000B4B1A6E42F001021A661A6E82B002F090
:1011200001020092009A9A6D42F080529A659B6D7E
:1011300003F080530193019B02B001F0CDBD00BFCD
:1011400000100240FEE7FEE7FEE7FEE7FEE770471D
:1011500070477047F3F7D8BB0120704708B504F01B
:101160001BFB162303604FF0FF3008BD08B504F0E9
:1011700013FB16230360FEE770B50D4614460E46BA
:10118000731B9C4201DC204670BDAFF3008006F863
:10119000010BF5E770B50D4614460E46731B9C42D5
:1011A00001DC204670BD16F8010BAFF30080F5E7B7
:1011B0004FF0FF3070474FF400534B6000207047F2
:1011C00001207047002070470B4A116810B5034694
:1011D00009B90A491160106809490A4C0344091BFE
:1011E0008B4206D904F0D8FA0C2303604FF0FF308D
:1011F00010BD1360FCE700BF685C0020C05D0020EC
:1012000000C0012000040000034AD2F8883043F4F3
:101210007003C2F88830704700ED00E00D48854645
:10122000FFF7F2FF0C480D490D4A002302E0D458A5
:10123000C4500433C4188C42F9D30A4A0A4C002320
:1012400001E013600432A242FBD304F05DF8FFF723
:1012500039FFFEE700C0012000000020300300201D
:1012600080BD010830030020BC5D0020FEE7704710
:1012700010B5094B4FF0FF3200249A639C631A6447
:101280001C649A629C62DA62DC621A631C63FFF778
:10129000EEFF204610BD00BF0010024038B50F4BD6
:1012A0001A6805460AB9012038BD4FF47A73B3FBBA
:1012B000F2F30B4A1068B0FBF3F000F06FF804464D
:1012C0000028F0D10F2DEED8024629464FF0FF300E
:1012D00000F032F8034B20461D60E5E7AC02002029
:1012E000A8020020B002002010B5032000F012F880
:1012F0000F20FFF7D3FF044618B9FFF709FF204678
:1013000010BD0124FBE70000014B1868704700BFC7
:101310006C5C00200749CA6822F4E06203021204F0
:1013200003F4E063120C134343F0BF6343F4003350
:10133000CB60704700ED00E0164B30B5DC68C4F3BD
:101340000224C4F10703251D042B28BF0423062D06
:101350004FF0FF358CBF033C002405FA03F321EA6C
:101360000303A54022EA0502A340002843EA020342
:10137000ACBF00F16040084A4FEA0313B8BF00F069
:101380000F00DBB2AABF00F56140135480F80033B0
:1013900030BD00BF00ED00E014ED00E00138B0F119
:1013A000807F0BD24FF0E023054A5861F02182F88C
:1013B00023100020072298611A61704701207047AE
:1013C00000ED00E070B5D0E913456560446D14B1DF
:1013D000D0E916456560D0E9105404F01F060124D9
:1013E000B4406C60046863608368102B0BBFA2601C
:1013F000A160E160E26070BD03680D490D4A10B55F
:101400000D4CA34288BF0A46416C21F003010A44F7
:101410008264DBB2094AC264083B1422B3FBF2F3D4
:10142000012203F01F0302FA03F3036510BD00BF9E
:1014300020080240000802400704024080080240E1
:1014400038B500285BD002682E4B9A424FF0140149
:1014500049D82D4B1344B3FBF1F32C499B00C0E951
:101460001013022380F82530D0E902430569116882
:1014700023432B4345692B4385692B43C5692B4384
:10148000056A21F4FF4121F070012B430B431360E7
:10149000FFF7B2FFB4F5804F04BF002343604268FA
:1014A000816CD3B20B60D0E91314013A032A4C606B
:1014B00020D8174A174981651A44013B920001213F
:1014C00003F01F0301FA03F300214265C3651160B5
:1014D000114A536400230122C36380F8243080F84A
:1014E0002520184638BD0D4B1344B3FBF1F30C49CE
:1014F0009B00B4E70023C0E91533C365EAE7012088
:10150000F0E700BF07040240F8FFFDBF0000024003
:101510003F8200104009024000090240F8FBFDBF75
:101520000004024070B590F82450012D044638D0D4
:10153000012580F8245090F82550012D4FF0000629
:101540004FF002052BD180F825500568C6632E6840
:1015500026F001062E60FFF735FF036BBBB12B6849
:1015600043F00E032B60A36C1A68D20342BF1A68C3
:1015700042F480721A60636D1BB11A6842F4807283
:101580001A602B6843F001032B60002070BD2B68AC
:1015900023F004032B602B6843F00A03E2E780F892
:1015A00024600220F2E710B590F82530022B09D014
:1015B0000423C3630022012380F8253080F824200F
:1015C00018462BE003681A6822F00E021A601A68A7
:1015D00022F001021A60826C136823F48073136096
:1015E000D0E9101303F01F02012393404B60D0E9B0
:1015F00013325A60436D33B11A6822F480721A6054
:10160000D0E916325A60012380F82530836B00241C
:1016100080F82440002BD3D09847204610BD016CA1
:10162000426C036870B402F01F020E681D68042447
:10163000944034420ED015F0040F0BD01A68920675
:101640005EBF1A6822F004021A60036B4C6073B329
:1016500070BC184702249440344212D015F0020F97
:101660000FD01A68950606D41A6822F00A021A608A
:10167000012380F8253000234C6080F82430C36AB1
:10168000E5E708249440344211D02C070FD51C689C
:1016900024F00E041C60012303FA02F24A60C363C3
:1016A00080F82530002380F82430436BCFE770BCEE
:1016B000704790F825007047094A536943F4802326
:1016C00010B55361EFF3108272B60023CC58C450AA
:1016D0000433B3F5807FF9D182F3108810BD00BFC9
:1016E00000200240064B5A69002ABFBF054A9A6093
:1016F00002F188329A60BABF5869C00F0020704763
:101700000020024023016745044B5A6942F0004221
:101710005A615869C043C00F704700BF00200240A3
:1017200070B50646FFF7F0FD0F4C05462369DB0355
:101730000BD423694CF2FA3213400DD00B494A689E
:101740001A434A600120236170BDFFF7DDFD401B95
:10175000B042EBD90320F7E7206910F00100F3D085
:10176000012222611846EFE700200240B402002067
:101770002DE9F0471D4E99463378012B05460F465B
:10178000904631D04FF0010A4FF47A7086F800A0ED
:10179000FFF7C6FF0446B8B97060CDB9144A536963
:1017A00043EA0A035361C7F80080BFF36F8FC7F89D
:1017B000049054464FF47A70FFF7B2FF24B10C4AFC
:1017C000536923EA0403536100233370BDE8F087B3
:1017D0006B1E012BEED841463846FFF76DFFAB1E5E
:1017E0005D425D41AC04E5E70220EFE7B402002072
:1017F00000200240064B10F0010F1EBF5A6942F054
:1018000004025A615A6942F480325A61704700BF3B
:1018100000200240084B5A69C00022F4FF6200F425
:10182000FF60104358615A6942F002025A615A69D6
:1018300042F480325A617047002002401548037F0D
:10184000DAB203F0FD03012B10D1134B196821F418
:1018500000711960196841F400611960196821F478
:1018600000611960196841F400711960931E012B21
:101870000CD8094B1A6842F480521A601A6822F494
:1018800080521A601A6842F480621A60002303775B
:10189000704700BFB4020020002002402DE9F0474D
:1018A000324D2B78012B064688465CD001274FF439
:1018B0007A702F70FFF734FF044610BB2C4B686022
:1018C0001A6812F4007F1A6820D0510506D51A68EC
:1018D00022F480621A6003232B7700E02F773368AD
:1018E000012B1DD17068FFF785FF4FF47A70FFF769
:1018F00017FF1F4A536923F0040304465361FFF79F
:101900009DFF00232B702046BDE8F087520505D5CA
:101910001A6822F480621A600223DDE72877DEE786
:101920004FF0FF33C8F80030B768DFF84490DFF8B5
:1019300044A0D6E902321344BB42E0D9716838466C
:10194000FFF768FF4FF47A70FFF7EAFED9F814301A
:1019500003EA0A03C9F8143018B1C8F80070044645
:10196000CDE70137E5E70224CDE700BFB402002050
:101970000020024005F8FFFF03689A69910744BF01
:1019800000229A629A69D2075EBF9A6942F0010208
:101990009A61704730B5039D04682B4343EA0243C4
:1019A000064A6068C1F309010B4342EA555223F02D
:1019B000004320EA02000343636030BDFF63FF037E
:1019C00010B5426B194CA2420BB202D0184CA24285
:1019D00011D1002B0DDB102923D0202923D0002387
:1019E000402901D143F0400301680A6813430B60AA
:1019F00010BDB823F4E7002BACBF0023B823CC07FD
:101A000048BF43F0F2038A0748BF43F0F4031029AC
:101A100002D143F09003E7E72029E5D143F020030A
:101A2000E2E79023E0E76023DEE700BFE924010856
:101A30006D29010811F0010307D090F8413003F03F
:101A40002803282B0CBF4223F2238A0709D590F8DC
:101A5000412002F02802282A0CBF43F0440343F03F
:101A6000F4030A0401680A6848BF43F0B80322EA95
:101A700003030B60704703682DE9F0419C6914F083
:101A8000100405460F4616466FD010220024DA6176
:101A9000A0462B689A69900661D4B8F1000F35D042
:101AA00044F0040401202E68B369D90541BF4FF406
:101AB0008072F26144F0010401205A0541BF4FF4E5
:101AC000806244F00804F26101209B054FD54FF479
:101AD000007344F00204F3612846FFF74DFF73687A
:101AE00023F0FF7323F48B3323F4FF7323F00103FC
:101AF00073606B6C23436B64202385F841300023B3
:101B000085F8423085F84030012032E07A1CC1D09F
:101B1000FFF7FAFB801BB84201D8002FB9D12B6820
:101B2000596895F8422098690004D2B20AD5490450
:101B300008D4202A06D05A6842F480425A60FFF73F
:101B4000E3FB06462B689B699B06A2D4FFF7DCFBF0
:101B5000801B1928F6D920244FF0010899E7B8F125
:101B6000000F9DD12022DA619AE720469BE70028EA
:101B7000B2D1BDE8F08170B504460D461646236823
:101B80009B699B0701D5002070BD3246294620463F
:101B9000FFF771FFC0B96A1CF1D0FFF7B5FB801BDE
:101BA000A84201D8002DEAD123689B6913F00203F3
:101BB000E5D1626C84F8403042F020026264202259
:101BC00084F8412084F842300120DDE72DE9F0411E
:101BD000069F0446884616461D462268936938EAE1
:101BE00003030CBF01230023B34201D000201EE0F9
:101BF0006B1CF3D0FFF788FBC01BA84201D8002D57
:101C0000EBD123689B6938EA03030CBF012300234F
:101C1000B342E2D1636C43F020036364202384F871
:101C20004130002384F8423084F840300120BDE880
:101C3000F08170B504460D46164623689B699B06E5
:101C400001D5002070BD324629462046FFF713FF1C
:101C5000B0B9FFF759FB801BA84201D8002DECD189
:101C600023689B6913F02003E7D1626C84F840304D
:101C700042F020026264202284F8412084F842303D
:101C80000120DFE710B5044600284AD090F8413023
:101C900003F0FF021BB980F84020F2F711FD242366
:101CA00084F8413023681A6822F001021A606268E1
:101CB00022F070621A619A6822F400429A60D4E9B4
:101CC0000221012924D142F400429A605A6842F06C
:101CD000007242F400425A60DA6822F40042DA608C
:101CE000D4E904210A43A16942EA0122DA60D4E975
:101CF00007210A431A601A6842F001021A600020A4
:101D00002023606484F84130206384F8420010BDD1
:101D100042F4044202299A6004BF4FF400625A6000
:101D2000D4E70120F3E700002DE9F74F994690F83A
:101D30004130BDF834A0DDF83880202B04460F4632
:101D4000164640F0C6800C9B13B1BAF1000F06D1C5
:101D50004FF400736364012003B0BDE8F08F90F886
:101D60004030012B00F0B5804FF0010B80F840B0FF
:101D7000FFF7CAFA1923054600905A464FF400416E
:101D80002046FFF723FF0028E5D1212384F84130C6
:101D9000402384F842300C9B63624F4B6064606365
:101DA00000935FFA89F239462046A4F82AA04FF042
:101DB0008073FFF7EFFD2A4641462046FFF7DBFE22
:101DC00018BBB9F1010F236815D1F6B29E6200224B
:101DD0000095434680212046FFF7F8FEA8B9638DA1
:101DE0009BB2FF2B15D8628D009092B222854FF0E6
:101DF0000073D2B212E0320A9A6241462A46204665
:101E0000FFF7B9FE08B92368DFE7002384F8403004
:101E1000A1E7FF22228500904FF0807339462046CB
:101E2000FFF7B8FD2A4641462046FFF7A4FE0028EA
:101E300091D1636A226813F8011B91626362638D1A
:101E4000228D013B9BB26385638D013A92B29BB2B6
:101E50002285B3B1AAB90095434680212046FFF7F9
:101E6000B5FE00287FF477AF638D9BB2FF2B28D996
:101E7000FF22228500904FF0807339462046FFF7FD
:101E800089FD638D9BB2002BCCD12A46414620466A
:101E9000FFF7CFFE00287FF45EAF23682021D961D1
:101EA0005A6822F0FF7222F48B3222F4FF7222F081
:101EB00001025A6084F8411084F8400084F842001E
:101EC0004AE7628D009092B222854FF00073D2B241
:101ED000D3E7022040E700BF002000802DE9F34156
:101EE00004461F4694F84130BDF82400202B0E46CE
:101EF000089975D101B120B94FF4007363640125CD
:101F000052E02568AB6913F4004369D194F840C0EE
:101F1000BCF1010F64D04FF0010C84F840C04FF0C9
:101F2000210C84F841C04FF0400C84F842C0636437
:101F30002C4B6085E362E6642B4B6363638D6162C7
:101F40009BB2FF2B96BF638DFF239BB2012FD0B2B4
:101F500018BF120A23850EBFA862AA622065A06B73
:101F600004BF4FF0FF32226510B3204AC2624FF027
:101F700000081F4A4263C0F8308005F12802C0F80B
:101F80003880FFF7CFFA0546F0B91A4B0093314677
:101F900020464FF08073FAB2FFF7FCFC84F8405003
:101FA00001212046FFF70CFD284602B0BDE8F08174
:101FB000202384F8413084F84200636C84F84000A8
:101FC00043F0800363649AE7202384F8413084F867
:101FD0004280636C84F8408043F0100363648EE7B2
:101FE0000225E1E70000FFFF51260108FD25010859
:101FF000EB250108002000802DE9F04F85B01E463A
:102000000023039390F84130202B0446914640F082
:102010008E8003689B6913F4004340F0888090F839
:102020004020012A00F083800122C1F3090780F8D3
:10203000402047F0007A242280F841204AF4005AD8
:102040004364E3682268012B0CBF534647F42053D6
:102050005360FFF759F9804623689D699B69C5F372
:102060004015C3F300131D4315D023689A69CDF8BA
:10207000008012F01002334626D120212046FFF7BF
:10208000A5FDE8B922682023D361054684F84130D4
:1020900084F8400014E0731CDED0FFF735F9A0EBA4
:1020A0000800B04201D8002ED6D1202384F8413058
:1020B000636C43F020036364002384F840300125FF
:1020C000284605B0BDE8F08F002220212046FFF70A
:1020D0007DFD02460028F3D1236810214FF0200B2C
:1020E000D961C3F81CB0039949450FD1596841F42F
:1020F000804159602046CDF8008033465946FFF7AD
:1021000065FD0028DCD12368C3F81CB0039B0133B4
:102110000393039B4B4594D3202384F84130636C95
:1021200043F020036364002384F84030C8E70225AD
:10213000C6E70268436B9169126803B1184770479C
:102140007047704738B5002580F8425090F841300C
:10215000212B4FF0200380F841300AD11123036373
:1021600045630121FFF766FC80F84050FFF7E8FF68
:1021700038BD1223036345630221FFF75BFC80F83F
:102180004050FFF7DEFFF3E77047704708B503687C
:102190001A68002180F84210510415D51A6822F4FB
:1021A00080421A6090F84130292B13D1282380F8FF
:1021B0004130212303630121FFF73CFC002380F819
:1021C0004030FFF7E1FF08BD1204EBD51A6822F496
:1021D0000042E6E790F841302A2BF4D1282380F81A
:1021E0004130222303630221FFF724FC002380F8FF
:1021F0004030FFF7CAFFE6E7704790F8412002F051
:102200002802282AF8B5036834D19E69C2689D69FE
:102210009968DF682D0C022AC6F3004605F0FE051A
:102220001FD185EAD11515F00605C1F309020ED1BB
:10223000816C01318164816C022907D10821856498
:10224000D96180F840503146FFF7D6FFF8BD4FF412
:102250000041FFF7EFFB002380F8403007F0FE025B
:10226000F1E74FF40041FFF7E5FB002380F8403031
:102270002A46E8E70822DA61002380F84030E5E7E3
:102280007047000008B5164BC36220220023036389
:10229000436380F8412080F842304B0712D5036831
:1022A0005A6A436A1A70436A01334362038D4BB121
:1022B000013B0385438D013B9BB24385436C43F057
:1022C0000403436448F20301FFF7B4FB03681022E0
:1022D000DA61002380F84030FFF7D2FF08BD00BF6D
:1022E0000000FFFF704770477047704790F841202B
:1022F000602A08B54FF0000208D1202180F8411073
:1023000080F840200263FFF7F0FF08BD026380F809
:102310004020FFF7E9FFF8E770B50022344D90F850
:10232000413080F84220C5624285426C283B11430F
:10233000022B044641642AD80321FFF77BFB2823A4
:1023400080F841302B4BA06B6363236B002830D0A7
:10235000112B01D0212B2CD123681A68510442BFC4
:102360001A6822F480421A60FFF7A3F901281BD0F3
:10237000A06B214B8363002384F84030FFF713F9EF
:10238000002834D0A06B836BBDE87040184748F23A
:102390000301FFF74FFB90F84130602B1CBF202357
:1023A00080F841300023CEE72046BDE87040FFF7BB
:1023B0009DBFE06B0028F7D0122B01D0222BF3D168
:1023C00023681A68120442BF1A6822F400421A6095
:1023D000FFF76FF90128E7D0E06B074B8363002319
:1023E00084F84030FFF7DFF808B1E06BCBE770BD51
:1023F0000000FFFF652A0108772B010873B5056807
:102400002023EB6190F84130212B04460E4635D154
:102410000121FFF70FFB112323636B6823F0FF7388
:1024200023F48B3323F4FF7323F001036B60002349
:102430006363F206A3F58033E36205D51023EB61F5
:10244000636C43F00403636494F84130602B05D15E
:10245000730741BF6B6ADBB20193019B2046FFF714
:102460008BFA636C94F84120602A00D07BB1616CD8
:10247000204602B0BDE87040FFF74EBF90F84130F3
:10248000222BCAD10221FFF7D5FA1223C4E794F810
:102490004120212A12D1202284F84120236394F87C
:1024A000422084F84030402A84F8423003D1FFF7BC
:1024B00019FF02B070BDFFF743FEFAE794F8412020
:1024C000222AF6D1202284F84120236394F8422066
:1024D00084F84030402A84F8423002D1FFF703FFED
:1024E000E7E7FFF72EFEE4E773B590F84030012BE5
:1024F000044678D0012380F84030CB0612D5D606AA
:1025000010D503681022DA61436C43F0040343647E
:102510002021FFF755FAFFF72FFA002084F840003A
:1025200002B070BD0D0641D550063FD525682B6819
:1025300023F040032B60638D9BB25BB36968638DAE
:102540009BB2FF2BC1F309011AD9FF2323854FF05A
:10255000807300220092204694F82820268DFFF7F1
:1025600019FA638D9B1B9BB2638594F84130222B33
:102570002B680CBF43F4004343F480432B60CCE74B
:10258000638D2385E36A13F5803F14BFE36A4FF040
:102590000073DEE76B689A0103D42046FFF7D2FD93
:1025A000BBE740212046FFF7B7FEB6E74B0612D542
:1025B000560610D5638D9BB2002BF2D123685A6862
:1025C0009501AAD4E26A12F5803FE6D15A6842F436
:1025D00080425A60A1E788069FD593069DD5204684
:1025E000FFF70CFF99E702209AE7806A02685368B8
:1025F00043F4004353601021FFF78EBE10B5846A88
:102600002268136823F480431360638D9BB22BB957
:1026100020212046BDE81040FFF7D2B9238D616A22
:10262000A06B1944638D61629BB2FF2B96BF638DD3
:10263000FF239BB223852832FEF774FF28B1204682
:102640001021BDE81040FFF767BE4021E1E7000020
:1026500013B590F84030012B044600F0858001232B
:1026600080F84030CB0612D5D30610D5036810226F
:10267000DA61436C43F0040343642021FFF7A0F9BF
:10268000FFF77AF9002084F8400002B010BD8807F7
:1026900008D5930706D52368226D9A624FF0FF3361
:1026A0002365EFE7080633D5530631D510212046C0
:1026B000FFF786F9638D9BB233B3638D9BB2FF2B1B
:1026C00018D90023FF22E16C009322854FF080731C
:1026D00089B2FFF75FF9638D228D9B1A9BB26385E8
:1026E00094F841202368222A1A6832D142F4004229
:1026F0001A60C7E7628DE16C92B2002322850093D5
:10270000D2B24FF00073E3E74021FFF705FEB9E7CF
:10271000480621D553061FD594F84110134A144B8F
:10272000222908BF1346628D92B2FF2A08D9FF22E0
:10273000E16C009322854FF0807389B22046C8E790
:10274000628D009392B22285E16C4FF00073D2B299
:10275000F3E742F48042CBE7880693D5930691D500
:102760002046FFF74BFE8DE702208EE70024008015
:1027700000200080036899691A6810B4CC0508D558
:10278000140606D5446C44F0010444644FF480748C
:10279000DC614C0508D5140606D5446C44F00804E9
:1027A00044644FF48064DC61890508D5120606D5BF
:1027B000426C42F0020242644FF40072DA61416CF2
:1027C00011F00B0F03D05DF8044BFFF7A5BD5DF8CA
:1027D000044B70472DE9F8430568D5F80090D0F810
:1027E0002C8090F8417007F0F7072023212F044632
:1027F0000E46EB6164D148F20101FFF71BF9276334
:102800006B6843F400436B606B6823F0FF7323F441
:102810008B3323F4FF7323F001036B602046FFF733
:10282000ABF819F4804F50D02B6823F480432B6011
:10283000A36B1BB11B685B689BB2638572070FD5E6
:10284000636A6A6A1A70636A01336362238D26F0D1
:1028500004062BB1013B2385638D013B9BB263854D
:10286000638D9BB21BB1636C43F004036364F30696
:1028700011D519F0100F0ED0638D9BB2002B3ED1F5
:1028800094F84130282B29D1B8F1007F26D1314668
:102890002046FFF7F7FC002384F84230656C636341
:1028A000002D3BD0616C2046FFF736FD94F8413097
:1028B000282B45D131462046BDE8F843FFF7E2BC5E
:1028C000222F9DD148F2020197E719F4004FB5D0AD
:1028D0002B6823F400432B60E36BAAE794F84120B4
:1028E0002368292A4FF01002DA61D4D118F5803F0D
:1028F000D1D02046FFF740F8FFF748FCCBE723682C
:102900001022DA61636C43F00403636438F080736F
:10291000C1D1616C2046FFF7FFFCBCE7E36A13F509
:10292000803F0FD02046FFF731FC0F4BE36220239E
:1029300084F8413084F8405025632046FFF7A0FC1E
:10294000BDE8F88394F8413084F84050222B4FF0D2
:10295000200384F841302046256302D1FFF715FC9F
:10296000EEE7FFF711FCEBE70000FFFF70B590F812
:102970004030C66A012B04460D4671D0012380F811
:1029800040308B0607D5930605D5FFF723FF0020BF
:1029900084F8400070BDE9065AD5D30658D512F424
:1029A000404F51D0E16BE1B112F4004304D00B6809
:1029B0005B68B3FA83F35B09A16B21B1500402D5C4
:1029C0000A6852680AB1012B1ED194F84130282BB5
:1029D00009D1B6F1007F06D129462046FFF752FC07
:1029E000D5E70B46E8E794F841202368292A4FF001
:1029F0001002DA61CBD116F5803FC8D02046FEF731
:102A0000BBFFFFF7C3FBC2E723681022DA61636CE8
:102A100043F00403636494F8413036F08072DBB213
:102A2000B5D1213B092B08D8DFE803F0050C0707D7
:102A300007070707050C21232363616C2046FFF776
:102A40006BFCA4E72223F7E723681022DA619EE7F4
:102A500029079CD513079AD52046FFF7CEFB96E7AA
:102A6000022097E770B590F84060C56A012E0446D1
:102A70000B467ED0012680F840608E0607D596066C
:102A800005D5FFF7A7FE002084F8400070BDD906E9
:102A900030D5D6062ED5628D92B2E2B994F8412097
:102AA000282A07D1B5F1007F04D119462046FFF747
:102AB000E9FBE8E794F841202368292A4FF0100247
:102AC000DA61E0D115F5803FDDD02046FEF754FFF6
:102AD000FFF75CFBD7E723681022DA61636C43F0F1
:102AE0000403636435F08073CDD1616C2046FFF739
:102AF00013FCC8E758071BD5510719D5638D9BB246
:102B00006BB123685A6A636A1A70636A013363623D
:102B1000238D013B2385638D013B9BB26385638DD0
:102B20009BB2002BAFD115F5803FACD02046CFE74C
:102B30001E0705D5100703D52046FFF75EFBA2E769
:102B40009907A0D593079ED5638D9BB26BB1636A3D
:102B5000226813F8011B91626362638D013B9BB293
:102B60006385238D013B23858DE735F08073DDD0B0
:102B700089E702208AE7806A836B0BB100229A639F
:102B8000C36B0BB100229A63FFF7B0BB10B590F88E
:102B90004130202BDCB21DD190F84030012B19D0F0
:102BA000242380F8413003681A6822F001021A6079
:102BB0001A6822F480521A601A68114319601A6860
:102BC00042F001021A60002380F8414080F8403052
:102BD000184610BD0220FCE710B590F84130202BBC
:102BE000DCB21CD190F84030012B18D0242380F89F
:102BF000413003681A6822F001021A601A6822F450
:102C0000706242EA012119601A6842F001021A60FA
:102C1000002380F8414080F84030184610BD022063
:102C2000FCE70000294B1A6830BB02F4C062B2F521
:102C3000806FD3F8802022F48072C3F880201AD1EC
:102C40001A6822F4C06242F400721A60204A1268C4
:102C500032214A431F49B2FBF1F201325969490559
:102C600000D522B95B69580503D400207047013AAA
:102C7000F4E7032070477047B0F5007F1FD102F4DE
:102C8000C062B2F5806FD3F8802042F48072C3F83E
:102C90008020EAD11A6822F4C06242F400721A60FD
:102CA0000B4A126832214A430A49B2FBF1F201325F
:102CB00059694905D6D5002AD4D0013AF8E722F45B
:102CC000C06242F480621A60CFE700BF007000402B
:102CD000A802002040420F00024A936843F4804358
:102CE00093607047007000402DE9F341044640B303
:102CF0000368DF0714D423689E075BD423681E078C
:102D000000F1A48023685D0700F1CB8023689B0657
:102D100000F13281E069002840F06081002028E065
:102D2000A14DAB68EA6803F00C030C2B0BD102F049
:102D30000303032B09D12B689D03DCD56368002BAB
:102D4000D9D1012015E0082BF4E76368B3F5803F83
:102D500012D12B6843F480332B60FEF7D5FA064678
:102D60002B689803C7D4FEF7CFFA801B6428F7D9E5
:102D7000032002B0BDE8F081B3F5A02F04D12B6889
:102D800043F480232B60E4E72A6822F480322A602F
:102D90002A6822F480222A60002BDED1FEF7B4FAE2
:102DA00006462B689903A6D5FEF7AEFA801B642869
:102DB000F7D9DDE77C4DAB68EA6803F00C030C2B18
:102DC00017D102F00303022B15D12B685A0502D547
:102DD000E368002BB5D06B68226923F0FE4343EA19
:102DE00002636B60714B1868FEF758FA002885D0B3
:102DF000A7E7042BE8E7E368BBB12B6843F48073D3
:102E00002B60FEF781FA06462B685B0507D56B68D9
:102E1000226923F0FE4343EA02636B606EE7FEF72C
:102E200073FA801B0228EFD9A2E72B6823F4807382
:102E30002B60FEF769FA06462B685F057FF55EAFEB
:102E4000FEF762FA801B0228F6D991E76369564DB6
:102E50009BB1D5F8943043F00103C5F89430FEF7E8
:102E600053FA0646D5F8943098073FF54BAFFEF776
:102E70004BFA801B0228F5D97AE7D5F8943023F075
:102E80000103C5F89430FEF73FFA0646D5F89430B2
:102E900099077FF537AFFEF737FA801B0228F5D97F
:102EA00066E7414DAB6DDA0027D4AB6D43F080533C
:102EB000AB65AB6D03F080530193019B01273C4E42
:102EC0003368DB051BD5A368012B29D1D5F89030D9
:102ED00043F00103C5F89030FEF716FA41F2883846
:102EE0000646D5F89030990740D5002F3FF40EAF35
:102EF000AB6D23F08053AB6508E70027DFE733684D
:102F000043F480733360FEF7FFF980463368D805D9
:102F1000D9D4FEF7F9F9A0EB08000228F6D927E783
:102F2000052B06D1D5F8903043F00403C5F8903056
:102F3000CCE7D5F8902022F00102C5F89020D5F812
:102F4000902022F00402C5F89020002BC4D1FEF797
:102F5000DBF941F288380646D5F890309A07C4D597
:102F6000FEF7D2F9801B4045F6D901E7FEF7CCF910
:102F7000801B4045B5D9FBE6A3690B4DD3B1D5F80D
:102F8000983043F00103C5F89830FEF7BDF90646C6
:102F9000D5F898309F073FF5BDAEFEF7B5F9801B19
:102FA0000228F5D9E4E600BF00100240B00200207C
:102FB00000700040D5F8983023F00103C5F8983030
:102FC000FEF7A2F90646D5F8983098077FF5A2AE2D
:102FD000FEF79AF9801B0228F5D9C9E6484DAB687F
:102FE00003F00C030C2B57D02B68022823F08073BE
:102FF0002B603AD1FEF788F906462B6899012ED44A
:10300000EA68404B1340226A1343A26A43EA022350
:10301000E26A43EAC263626A013A43EA0213226B3C
:103020005208013A43EA4253626B5208013A43EABA
:103030004263EB602B6843F080732B60EB6843F0D6
:103040008073EB60FEF760F904462B689A013FF548
:1030500065AEFEF759F9001B0228F6D988E6FEF79F
:1030600053F9801B0228C8D982E6EB6823F00303DA
:10307000EB60EB6823F0887323F48033EB60FEF79A
:1030800043F904462B689B017FF548AEFEF73CF9F7
:10309000001B0228F6D96BE601283FF46AAEEB6804
:1030A000226A03F0030191427FF44BAE616A03F0A0
:1030B000F0020139B2EB011F7FF443AEA16A03F4C1
:1030C000FE42B2EB012F7FF43CAEE16A03F078429E
:1030D000B2EBC16F7FF435AE226B520803F4C0012E
:1030E000013AB1EB425F7FF42CAE626B520803F001
:1030F000C063013AB3EB426F3FF410AE21E600BF6C
:10310000001002400C809F01174B9A6802F00C02DD
:10311000042A23D09A6802F00C02082A20D09A6868
:1031200002F00C020C2A1DD1D968DA68D868DB6875
:1031300001F00301C3F341630329C2F30312C0F397
:10314000062003F101030CBF084909495B00013265
:10315000B1FBF2F25043B0FBF3F070470448704704
:1031600002487047002070470010024000127A00A9
:103170000024F4002DE9F8430E46054610B901205D
:10318000BDE8F8836D4A136803F00F038B4245D303
:10319000296811F001084CD12A68910740F1A780F5
:1031A000674B12F0040F1EBF996841F4E06199600B
:1031B000120741BF9A6822F47C5242F4E0629A609E
:1031C0009A68A96822F0F0020A439A605B4C23686F
:1031D00003F00F03B34200F293802A68584C12F0B8
:1031E000040F40F0A380130706D5A3682A6923F4CF
:1031F000605343EAC203A360FFF786FFA368514A06
:10320000C3F30313D35C03F01F03D8404E4B186085
:103210004E4B1868BDE8F843FEF740B8136823F03A
:103220000F030B431360136803F00F038B42A6D107
:10323000AEE76F68424C032F236849D19B019ED5AE
:10324000E368E26803F00303032BE3680CBF404824
:103250004048C2F30312C3F306230132B0FBF2F27B
:103260005343E268C2F3416201325200B3FBF2F30E
:10327000394A93421AD84FF00008A36823F0030399
:103280003B43A360FEF740F841F288390746A36844
:103290006A6803F00C03B3EB820F3FF47DAFFEF7D7
:1032A00033F8C01B4845F2D9032069E7A36813F03F
:1032B000F00F04D08807DED5AB68002BDBD1A36804
:1032C00023F0F00343F08003A3604FF08008D4E7BD
:1032D000022F09D113F4003F3FF451AFFFF714FF61
:1032E0001D4B9842C7D9EAE713F4806FF4E7B8F1B1
:1032F000800F01BF124A936823F0F003936065E7E3
:10330000236823F00F0333432360FDF7FDFF41F2F1
:1033100088380746236803F00F03B3423FF45DAFDC
:10332000FDF7F2FFC01B4045F4D9BDE7A368E9688B
:1033300023F4E0630B43A36055E700BF0020024085
:103340000010024020B70108A8020020B0020020AF
:1033500000127A000024F40000B4C404134B984215
:103360000BBF4FF0A043124B9A689B6808BF03F550
:10337000807330B504BF9B681343DB4303F0010344
:103380008BB1D1E900430B4D82682A4043B12343FE
:1033900013438A681343CA6813438360002030BD17
:1033A00022438260FAE70120F9E700BF00030050E2
:1033B00000040050E030C0FF836813F0010330B513
:1033C0000DD1D1E90025C46889682A430A4324F451
:1033D000404121F018010A43C260184630BD012067
:1033E000FCE700008368DB07F0B51BD4D1E90032AD
:1033F000D1E903474E690C4D234372B1C468896813
:103400003B4333432C4023430B43C360036B23F004
:103410000F03134303630020F0BDC1683B433343F4
:103420002940F1E70120F7E71CC0F0FF024AD36A08
:103430001843D062704700BF00100240B0F1904FB7
:1034400008B509D10120FFF7F1FF254AD36A23F01F
:103450000103D362002008BD224B984207D102200D
:10346000FFF7E4FF1E4AD36A23F00203F1E71E4B85
:10347000984207D10420FFF7D9FF194AD36A23F0F5
:103480000403E6E7194B984207D10820FFF7CEFF67
:10349000134AD36A23F00803DBE7154B984207D1A0
:1034A0001020FFF7C3FF0E4AD36A23F01003D0E7C2
:1034B000104B984207D12020FFF7B8FF084AD36A83
:1034C00023F02003C5E70C4B984207D14020FFF7BB
:1034D000ADFF034AD36A23F04003BAE70120BAE7FD
:1034E000001002400004004800080048000C00489A
:1034F0000010004800140048001800482DE9F04F63
:1035000002460D6895FAA5F44FF0010EB4FA84F462
:1035100003274FF00F0C6FEA050835FA04F001D1CC
:10352000BDE8F08F0EFA04F32B4067D04868461EC2
:10353000012E1ED8966893FAA3F9B9FA89F94FEAD1
:10354000490907FA09F926EA090993FAA3FA8E68E4
:10355000BAFA8AFA4FEA4A0A06FA0AF646EA090667
:103560009660566808EA0609CE686E4349EA060680
:103570005660D66893FAA3F9B9FA89F94FEA49096E
:1035800007FA09F926EA090993FAA3FA0E69BAFAC1
:103590008AFA4FEA4A0A06FA0AF646EA09060228B1
:1035A000D66018D1FF2BD1F814A029D8D2F82090DA
:1035B00093FAA3F6B6FA86F6B6000CFA06F629EAEE
:1035C000060993FAA3F6B6FA86F6B6000AFA06F6E4
:1035D00046EA09061662166893FAA3F9B9FA89F958
:1035E0004FEA490907FA09F926EA090693FAA3F30B
:1035F000B3FA83F35B0098403043106001348CE7EA
:10360000D2F824901E0A96FAA6FBBBFA8BFB4FEA6F
:103610008B0B0CFA0BFB29EA0B0996FAA6F6B6FA05
:1036200086F6B6000AFA06FA4AEA09065662D2E7B0
:10363000F8B5046814F0010405460F463ED13A6916
:10364000BB68016813437A6913431D4A0A40134358
:1036500003604368FA6823F440531343436083686C
:10366000BA6923F44073134383604FF4406000F061
:103670006DF93E6800B37F68F7B1B3B2114A2146D5
:1036800032F813202346EDF751FA7A0803020902B3
:1036900041EA1061981841F100013A462346EDF7DE
:1036A00045FAC0F31300E8602046EB6AB6B223F097
:1036B0000F031E43EE62F8BD0120F6E70120FAE792
:1036C000F3E9FFEF38B70108024B1868C0F3802018
:1036D000704700BF00100240024BD3F89000C0F3C7
:1036E0004000704700100240024B1868C0F3406071
:1036F000704700BF00100240044B054A9B68C3F3AB
:103700000313D35C03F01F03D8407047001002403E
:1037100020B70108044B054A9B68C3F30223D35C1E
:1037200003F01F03D84070470010024030B7010873
:10373000124B9A6802F00C02082A1BD00C2A1BD1EB
:10374000DA680F480F4902F00302032A08BF014656
:10375000D868DA68DB68C3F34163C0F30620C2F3BC
:1037600003120133484301325B00B0FBF2F0B0FBBF
:10377000F3F070470248704702487047001002405B
:1037800000127A000024F400164A08B5136843F4C6
:1037900080731360FFF798FF0028FBD0536823F075
:1037A000FE4343F08043536001239360936803F02A
:1037B0000C03042BFAD14FF4807313601360FFF7EE
:1037C00093FF0028FBD14FF4805140F23B73D1604E
:1037D00090611362D2F8943043F40003C2F894303D
:1037E00008BD00BF00100240032810B52DD12D4C9C
:1037F0002D4AD4F8883003F0030343F44033934256
:1038000009D0B3F1031F0CD0013A934210D1BDE8A7
:103810001040FFF78DBFFFF757FF002840D1002071
:1038200010BDFFF759FF003818BF0120C003F7E7AC
:10383000FFF77EFFFFF760FFA3681C4AC3F3C223B4
:10384000D35C03F01F03D840EAE70C2817D1154BCF
:10385000174AD3F8883003F00C0343F44023934213
:10386000D9D0B3F10C1FDCD0043A9342CFD0FFF78C
:103870005FFFFFF741FFBDE81040FFF74BBF302867
:10388000CDD1084B0B4AD3F8883003F0300343F412
:1038900040139342BFD0B3F1301FC2D0103AE4E7D7
:1038A0000548BDE7001002400200030030B70108E0
:1038B00008000C00200030000024F400C02808B5E7
:1038C00027D11E4B1E4AD3F8883003F0C00343F4BF
:1038D0004003934209D0B3F1C01F0BD0403A93424A
:1038E0000FD1BDE80840FFF723BFFFF7EDFE18BB7F
:1038F000002008BDFFF7F0FE003818BF0120C0030C
:10390000F7E7FFF715FFFFF7F7FEBDE80840FFF701
:1039100001BFB0F5407FEBD1084B0A4AD3F888309D
:1039200003F4407343F040739342DED0B3F1032FAE
:10393000E0D0A2F58072D2E70348DAE70010024037
:103940008000C000000200030024F40008B5134BFF
:10395000D3F888301840B0F5006F09D0B0F5406F4B
:103960000DD0B0F5806F11D1BDE80840FFF7E0BE83
:10397000FFF7AAFE0A4B002818BF184608BDFFF73C
:10398000ABFE003818BF0120C003F7E7FFF7D0FEF9
:10399000FFF7B2FEBDE80840FFF7BCBE00100240D2
:1039A0000024F400154B98420BD103F560431A6CC8
:1039B00042F480521A641A6C22F480521A64002075
:1039C00070470F4B984205D003F5806398420BD0A7
:1039D000012070470B4B9A6B42F480429A639A6BBA
:1039E00022F480429A63EAE7064B9A6B42F4004263
:1039F0009A639A6B22F40042F4E700BF0030014062
:103A0000003800400010024003685B0670B50246B3
:103A10002DD4D1E900363343CE68056848690C6A75
:103A200033430E6933438E6903433343CE6925F430
:103A30007F45334325F0BF0523432B431360536871
:103A40008D6823F4706323F0040345EA10401843A3
:103A5000B5F5006F50603EBF536843F48053536028
:103A6000B4F5005F01D18B8C1361002000E00120D0
:103A7000D36923F40063D36170BD0000314A036849
:103A8000904212D0B0F1804F0FD0A2F59432904204
:103A90000BD002F58062904207D002F59632904238
:103AA00003D002F5E052904215D14A6823F070032A
:103AB0001343244A90421DD0B0F1804F1AD0A2F592
:103AC0009432904216D002F58062904212D002F5F4
:103AD000963290420ED01C4A90420BD002F5806282
:103AE000904207D002F58062904203D002F5006256
:103AF000904203D1CA6823F44073134303608B6878
:103B0000C3620B8883620F4B984213D003F50063A6
:103B100098420FD003F5406398420BD003F58063C1
:103B2000984207D003F58063984203D003F5006301
:103B3000984201D10B690363436943F00103436178
:103B400000207047002C014000400140B1F5805F2B
:103B500030B500F021810AD8102900F08E80B1F52F
:103B6000807F00F0D280012941D0012030BDB1F525
:103B7000803F00F05B81B1F5801FF6D1036A1468C5
:103B800023F480130362036A016D21F0807121F434
:103B9000E04141EA0424116923F4001343EA01538C
:103BA000516823F4801343EA01539F49884213D09C
:103BB00001F5006188420FD001F5406188420BD0C9
:103BC00001F58061884207D001F58061884203D009
:103BD00001F50061884206D14168956921F4802190
:103BE00041EA85214160D2680465C26442E0036A0B
:103BF000156823F001030362036A4168846924F4B1
:103C0000803424F073042C43156923F002032B4302
:103C1000556823F001032B43834DA84213D005F5CB
:103C20000065A8420FD005F54065A8420BD005F508
:103C30008065A84207D005F58065A84203D005F548
:103C40000065A84212D1556923F0080343EA8503B1
:103C5000956823F0040343EA8503956921F4807194
:103C60002943D56921F4007141EA4501D2684160D8
:103C7000846142630362002078E7036A156823F0D9
:103C800010030362036A4168846924F0807424F499
:103C9000E64444EA0524156923F0200343EA0513AA
:103CA000556823F0100343EA05135F4DA84213D073
:103CB00005F50065A8420FD005F54065A8420BD078
:103CC00005F58065A84207D005F58065A84203D0B8
:103CD00005F50065A84213D1556923F0800343EA36
:103CE0008513956823F0400343EA8513956921F411
:103CF000806141EA8501D56921F4006141EAC5018D
:103D0000D268416084618263B4E7036A156823F472
:103D100080730362036A4168C46924F4803424F028
:103D200073042C43156923F4007343EA0523556893
:103D300023F4807343EA05233B4DA84213D005F5D5
:103D40000065A8420FD005F54065A8420BD005F5E7
:103D50008065A84207D005F58065A84203D005F527
:103D60000065A84213D1556923F4006343EA852313
:103D7000956823F4806343EA8523956921F4805193
:103D800041EA0511D56921F4005141EA4511D26893
:103D90004160C461C2636DE7036A156823F4805310
:103DA0000362036A4168C46924F0807424F4E64421
:103DB00044EA0524156923F4005343EA05335568A2
:103DC00023F4805343EA0533174DA84213D005F579
:103DD0000065A8420FD005F54065A8420BD005F557
:103DE0008065A84207D005F58065A84203D005F597
:103DF0000065A84213D1556923F4004343EA853393
:103E0000956823F4804343EA8533956921F4804122
:103E100041EA8511D56921F4004141EAC511D26812
:103E20004160C461026425E7002C0140036A146804
:103E300023F480330362036A016D21F4803121F0A1
:103E400070010C43116923F4003343EA01435168C4
:103E500023F4803343EA01431149884213D001F52A
:103E6000006188420FD001F5406188420BD001F516
:103E70008061884207D001F58061884203D001F556
:103E80000061884206D14168956921F4803141EA98
:103E9000052141600465D268816C8264EAE600BF56
:103EA000002C0140224B98420BD103F558431A6C69
:103EB00042F480421A641A6C22F480421A64002090
:103EC00070471C4B98420AD103F5E6339A6B42F4D3
:103ED00000329A639A6B22F400329A63EFE7164B32
:103EE000984209D103F5E4339A6B42F480229A6335
:103EF0009A6B22F48022F0E7104B984209D103F527
:103F0000E2339A6B42F400229A639A6B22F4002205
:103F1000E3E70B4B984209D103F5E0339A6B42F487
:103F200080129A639A6B22F48012D6E701207047C0
:103F3000003801400044004000480040004C004070
:103F40000050004038B50368DB0704460D465FD4D7
:103F50002A69AB68016813436A691343EA6913432A
:103F60002C4A0A40134303604368EA6823F4405331
:103F7000134343608368AA6923F440731343836047
:103F8000254B984220D10320FFF72EFC2B6878B3F5
:103F9000696869B30B2B15D8204A52F82330B0FB5F
:103FA000F3F3E869B0F5004F4FEA51022BD102EB71
:103FB00043024FF6F073B2FBF1F21340C2F3420238
:103FC0001A43E260002014E0154B984201D10C2006
:103FD000DAE7144B984201D13020D5E7124B9842D2
:103FE00003D1C020FFF76AFCD0E7104B984207D0FE
:103FF0000120E26A2B8822F00F021343E36238BDEE
:104000004FF44070EEE71A44B2FBF1F292B2D8E7F7
:104010000120F4E7F369FFEF0038014050B70108D1
:104020000044004000480040004C00400050004068
:1040300008B52DED028BB0EE408A00F0E9F8B4EE41
:10404000488AF1EE10FA06D6DFED098AB4EEE88A66
:10405000F1EE10FA02D4BDEC028B08BD01F09CFB1E
:1040600088EEA80ABDEC028B2123036008BD00BFC7
:104070000000000010EE103AC3F3C7527F3A162A30
:1040800010EE101A15DC002A0CDB0C48104103421C
:1040900005D04FF4800313410B4423EA000300EEE4
:1040A000103A7047013203F00043F8D143F07E53D9
:1040B000F5E7802AF3D130EE000A7047FFFF7F005A
:1040C00008B52DED028BB0EE408A00F0A5FAB4EEF3
:1040D000488AF1EE10FAF0EE408A0AD6B0EE480AAD
:1040E00000F054F8F7EE007AB4EEE70AF1EE10FAB9
:1040F00004DCB0EE680ABDEC028B08BD01F04CFB9D
:10410000BDEC028B034621221A600248BDE808403C
:1041100000F034BA80B7010800F084BB10EE103A0A
:10412000184A23F0004393421BDDB3F1FF4F02DB3B
:1041300030EE400A704700B583B0684600F0EEF8F4
:1041400000F003000128DDED010A9DED000A0CD00E
:10415000022812D070B1012000F016FA03B05DF809
:1041600004FBDFED090A00F057B800F00DFAB1EEDC
:10417000400AF3E700F050F8F0E700F04DF8B1EE38
:10418000400AEBE7D80F493F0000000010EE103A5C
:1041900023F0004300EE103A704700BF10EE103AD3
:1041A000194A23F0004393421CDDB3F1FF4F02DBB9
:1041B00030EE400A704700B583B0684600F0AEF8B4
:1041C00000F003000128DDED010A9DED000A0ED08C
:1041D000022813D070B100F01FF8B1EE400A03B00E
:1041E0005DF804FBDFED090A002000F0CDB900F016
:1041F00013F8F4E7012000F0C7F9F0E7012000F020
:10420000C3F9B1EE400AEAE7D80F493F00000000C9
:10421000B1EEC00A704700BF10EE103A23F0004321
:10422000B3F1485F2CDAFDEEC07A17EE903A002B1E
:1042300060D020EE007ADFED317A9FED315ADFED6C
:10424000315A9FED316ADFED316AA7EE275ADFED73
:10425000307AE7EE055AA7EE256AE7EE067AE7EE32
:10426000276A67EE266A60EEC00AF6EE007AE7EE8D
:10427000260AB7EE000AD7EE270A30EE600A70472A
:1042800020EE007ADFED1D7A9FED1D5ADFED1D5AFD
:104290009FED1D6ADFED1D6A1E4AA7EE275A934265
:1042A000DFED1B7AE5EE075AA5EE876AE6EE077AA0
:1042B000E7EE876A66EE876AD5DD174A934214DC1B
:1042C00003F17F4307EE903AB7EE006A36EE676A75
:1042D00060EEC00AF6EE005AD7EE257AE7EE260A1F
:1042E00077EEE07A36EE670A7047B6EE076AF5EECB
:1042F000027AEDE7B7EE000A704700BF4ED747AD30
:10430000F6740F317CF293B4010DD037ABAA2A3D7D
:10431000610BB6BA9999993E0000483F70B510EE0E
:10432000103A884A23F00044944286B0054670DD76
:10433000854A944210EE106A22DC002BDFED837A6E
:10434000834A24F00F04B0EE407A40F3E2809442B6
:1043500070EE677A09BFDFED7F6A9FED7F7A9FED90
:104360007F7A77EEE67A012077EEC76A77EEE67A13
:10437000C5ED006A77EEC77AC5ED017A06B070BD6B
:10438000774A944254DDB4F1FF4F49DAE215863A98
:10439000A4EBC25307EE903ABDEEE77ADFED716A07
:1043A000B8EEC77A77EEC77A8DED037A67EEA67A14
:1043B000BDEEE77AB8EEC77A77EEC77A8DED047A6C
:1043C00067EEA67AF5EE407AF1EE10FACDED057AB9
:1043D00040F08E80B5EE407AF1EE10FA14BF022361
:1043E0000123614901910221009103A8294600F0AF
:1043F0009BFB002EC2DA95ED007AD5ED017AB1EE85
:10440000477AF1EE677A85ED007AC5ED017A404290
:10441000B4E7002285ED000A4260002006B070BDBE
:1044200070EE407A0020C5ED017AC5ED007AA5E76F
:10443000FFF7ACFE9FED4D7A9FED446AF6EE007AF1
:10444000E0EE077A9FED447AFDEEE77A17EE900AE8
:10445000F8EEE76A1F28A6EEC60A66EE877AB1EE86
:10446000666A1EDC424A411E24F0FF0352F82120F6
:10447000934216D030EE677A85ED007A30EE470A27
:10448000002E30EE670A85ED010ABFF677AFB1EE78
:10449000477AB1EE400A85ED007A85ED010A404287
:1044A0006CE730EE677AE21517EE103AC3F3C753A4
:1044B000C3EBD453082BDFDD9FED267A9FED275AFF
:1044C000F0EE405AE6EE075A70EE657AE6EE077AAD
:1044D000D6EE857A35EEE77A17EE103AC3F3C75376
:1044E000D21A192A06DCB0EE650A85ED007AC5E716
:1044F000032376E79FED1F7A9FED1F5AB0EE650A02
:10450000A6EE070A75EEC07AE6EE077AD6EE857A51
:10451000B0E7944270EE277A09BFDFED0E6A9FED97
:104520000E7A9FED0E7A77EEA67A4FF0FF3077EE97
:10453000876A77EEE67AC5ED006A77EE877AC5ED91
:10454000017A1BE7D80F493FE3CB1640800FC93FE4
:10455000D00FC93F004435374344353708A3852E73
:10456000800F49430000804304B8010884F9223FCA
:1045700084B7010800A3852E32318D249FED010AF6
:10458000704700BF0000C07F10EE103A23F00043D8
:10459000B3F1485F04DAFDEEC07A17EE903A5BB3F0
:1045A00060EE007A9FED157ADFED155A9FED156AE2
:1045B000DFED156AE7EE875A9FED147AA5EEA76A3C
:1045C00020EE275AE6EE276AA6EEA77A30B9DFED8D
:1045D000106AE7EE876AA6EE850A704727EE457AED
:1045E000F6EE006AA0EEA67ADFED0A6AD7EE270A99
:1045F000E5EE260A30EE600A704700BFD3C92E2FC1
:10460000342FD7B21BEF3836010D50B98988083CDA
:10461000ABAA2ABEABAA2A3E38B510EE105A25F036
:104620000044B4F17E5F2DED048B00F085807ADCD0
:10463000B4F17C5F0FDAB4F1485F80F29C80DFED6B
:10464000697A70EE277AB7EE007AF4EEC77AF1EE67
:1046500010FA00F38D80FFF799FDF7EE007A37EE40
:10466000C00AB6EE007A20EE078ADFED5F6A9FEDA2
:104670005F7A9FED5F6A9FED5F5ADFED5F5ADFED76
:104680005F8AE8EE076A9FED5E7AA8EE067A9FEDF4
:104690005D6AA6EE885AA7EE086A9FED5B7ADFEDA9
:1046A0005B6AE5EE085AA6EE087AE5EE886AE7EE60
:1046B000087AE6EE888AB0EE480AB0EE679AFFF70D
:1046C000A7FD534B9C4268EE888A42DC10EE103AFC
:1046D00023F47F6323F00F0306EE903AA6EEE68AFA
:1046E00030EE267A88EE895AC8EE074ADFED497A1D
:1046F0009FED497AB0EE006AE4EEC67A30EE000A29
:10470000F0EE475AE6EEC65AD0EE057A77EEE57A35
:1047100037EE677A002D0ADCBDEC048BB1EE477AE8
:10472000B0EE470A38BD70EE407A87EEA77ABDEC4E
:10473000048BB0EE470A38BD9FED367ADFED377A4D
:1047400020EE077ABDEC048BA0EE277AB0EE470A84
:1047500038BD88EE896ADFED327A9FED307AA0EEBF
:10476000060AF0EE006AE0EE267A37EE677AD1E7C5
:10477000B0EE407ADBE760EE007A9FED1C7ADFED69
:104780001A6A9FED1C6ADFED1A5A9FED1B5AE7EE7D
:10479000876ABDEC048BA6EEA76A9FED197ADFED60
:1047A000196AA7EEA57AA6EE275AE7EE276ADFED8B
:1047B000175A9FED156A9FED117AE5EE275AA6EE7E
:1047C000A76AA5EEA77AF7EE006AE6EE276A67EE1B
:1047D000277AB0EE407A87EEA66AA0EE067AB0EEAF
:1047E000470A38BDCAF24971047F4F3A08EF1138C1
:1047F0002EC69D3D461124BDA80A4E3EABAA2A3EB8
:10480000613330BF2D57014039D119C090B0A6BED9
:104810009999793F2EBD3BB3DB0F493FDB0FC93F71
:104820002EBD3B3310B582B0CDED010A019B23F0C4
:104830000042B2F1FF4FF0EE407A30DC10EE100A89
:1048400020F00041B1F1FF4F29DCB3F17E5F42D08F
:104850009C1704F0020444EAD07431B37AB3B2F185
:10486000FF4F40D0B1F1FF4F29D0891AB1F1F45F69
:104870004FEAE15234DA002B42DA3C3240DA9FED63
:10488000340A012C4ED0022C43D064B19FED317A12
:10489000DFED317A30EE070A30EE670A03E09DED76
:1048A000017A37EE270A02B010BD022C10D09FED1E
:1048B0002B7A032C08BFB0EE470A02B010BD9FED63
:1048C000280ADFED287A0028B8BFB0EE670AEAE7C9
:1048D0009FED210AE7E702B0BDE8104000F04AB8BA
:1048E0009FED1F0ACDE7B1F1FF4F04F1FF3420D057
:1048F000022C26D81C4B03EB840393ED000AD2E76D
:104900009DED017A87EE870AFFF740FC00F032F850
:10491000B7E79FED107ADFED107A30EE070A37EE39
:10492000C00AC0E710EE103A03F1004300EE103A5F
:10493000B9E7022C08D80D4B03EB840393ED000A72
:10494000B1E79FED030AAEE79FED090AABE700BFB1
:10495000000000002EBDBB33DB0F4940DB0F49C018
:10496000DB0FC93FDB0FC9BF28BB01081CBB010817
:10497000DB0F493F38B510EE105A25F00044B4F172
:10498000A14FF0EE407A0DDBB4F1FF4F5BDCDFEDC1
:10499000537A9FED537A002DD4BFB0EE470AB0EEA4
:1049A000670A38BD4F4B9C425CDCB4F1445F4DDB81
:1049B0004FF0FF3327EEA76ADFED4B6ADFED4B5A6E
:1049C000DFED4B4A9FED4B5A9FED4B4A26EE067AA0
:1049D0005A1CE7EE265ADFED496AA5EE875AE7EE44
:1049E000246ADFED475ADFED474AE6EE875AA5EE27
:1049F000074A9FED455ADFED456AA5EE875AE4EE7A
:104A0000074ADFED435AE4EE876AE5EE075A66EEA1
:104A1000866A65EE875A3AD03E4A02EB830276EE0A
:104A2000A56A92ED007A3C4A96EEA77A02EB8303E0
:104A3000002DD3ED006A77EE677A36EEE70AB0DA3A
:104A4000B1EE400A38BD30EE000A38BD9FED337A32
:104A500030EE077AF7EE006AB4EEE67AF1EE10FA7D
:104A6000A6DD38BDFFF792FB2D4B9C4216DCA3F56B
:104A7000D0039C4227DCF0EE007ABFEE007AA0EE75
:104A8000277A002330EE270AC7EE007A92E776EE07
:104A9000A56AE6EEE77AB0EE670A38BD214B9C4284
:104AA0000BDCF7EE087AB7EE007AA0EE277A022345
:104AB00030EE670AC0EE077A7CE7BFEE007AC7EEF9
:104AC000007A032376E7F7EE007A30EE677A30EE6D
:104AD000270A0123C7EE007A6CE700BFDB0FC93F4E
:104AE000DB0FC9BFFFFFDF3ED769853C59DA4B3D7D
:104AF00021A215BD356B883D6E2EBA3D6BF16EBDA2
:104B000095879DBD2549123E388EE3BDABAAAA3ECE
:104B1000CDCC4CBE44BB010834BB0108CAF249717C
:104B2000FFFF973FFFFF1B402DE9F04F2DED048B5A
:104B3000DBB01C4603930691A04B6899089253F88A
:104B40002150111D824604F1FF38C0F29882D31E15
:104B500048BF131DDB1002930133DB000793DDE92F
:104B600007239B1A0593029B15EB0801A3EB08038F
:104B700016D401319FED927A699819441EAA002B30
:104B8000A4BF50F8234007EE904A03F10103ACBFE5
:104B9000F8EEE77AF0EE477A8B42E2EC017AEED15A
:104BA000002DC0F2DB82039B1EAA02EB830446AEFB
:104BB0004FEA830C4046EF180AEB8301B8F1000F6F
:104BC000DFED7F7A09DB22465346F3EC016A32EDD2
:104BD000017A8B42E6EE877AF7D10130B842E6ECF3
:104BE000017A04F10404E9D10AAF07EB8503043B21
:104BF0009FED759ADFED738A059804930AEB0C0418
:104C000007EB850946AE00955AAB03EB8503002DF3
:104C100013ED140A4FEA850B16DD06EB85033A46C1
:104C200060EE097AB0EE407AFDEEE77A73ED016A44
:104C3000F8EEE77AB342A7EEE87A37EEA60ABDEEC1
:104C4000C77AA2EC017AEBD1019000F0E1FAB0EE64
:104C5000408AB4EE000A28EE000A00F091FAF2EE63
:104C6000007AA0EE678A01980028FDEEC89AF8EE57
:104C7000E97A38EE678A76DD05F1FF3EC0F1080378
:104C800057F82E2042FA03FC0CFA03F3D31AC0F1B2
:104C9000070119EE902A47F82E300B416244002B91
:104CA00009EE902A67DCB5EE408AF1EE10FA40F08A
:104CB000BE80009A05F1FF3B5A450EDC4FEA850C99
:104CC00007EB850200219E4652F8043D4A4541EA21
:104CD0000301F9D1002940F0F180009B013B57F816
:104CE0002330002B40F0E680049B4FF0010C53F87A
:104CF000042D0CF1010C002AF9D06B1CAC449E462B
:104D00000299039A01EB030B0BF1804B69992A443A
:104D10000BF1FF3B06EB83051EAB01EB8B0B03EBAB
:104D20008201DBED017A9FED267AF8EEE77AB8F1A1
:104D3000000F0BF1040BC1ED007A0A4601F10401EA
:104D400009DB534601E072ED017AF3EC016AA342FC
:104D5000A6EEA77AF7D10EF1010EE645A5EC017A91
:104D6000DFDD654650E740F09B806B1E57F823302F
:104D7000DB11002B97DD19EE902A002D02F10102C4
:104D800009EE902A40F39181396800297ED1012DE6
:104D900026D03A464FF0010C52F8041F002979D072
:104DA0000CF10102C1F58071954247F82C1016DD17
:104DB00057F82210BB4407EB82020AE080BB0108CF
:104DC00000000000000080430000803B0000C93F5D
:104DD0001168C1F1FF0142F8041B5A45F8D10121C5
:104DE00000280CDD012800F04181022807D105F1DF
:104DF000FF3C57F82C2002F03F0247F82C20022BF2
:104E00007FF451AFB7EE000A30EE488A00293FF434
:104E10004AAF0993019000F0FBF938EE408A099BF4
:104E20000198B5EE408AF1EE10FA3FF442AF984691
:104E3000DDE90732B0EE480A981A0195009D00F0AE
:104E4000E7F91FED207A019BB4EEC70AF1EE10FAE4
:104E5000C0F255815FED247A059A60EE277A083218
:104E6000FDEEE77A0592F8EEE77A03F1010BA7EE83
:104E7000C70AFDEEE77ABDEEC00A10EE102A47F829
:104E8000232017EE903A47F82B302BE001224FF009
:104E9000000C87E70CF1010CAC457FF47DAF9FE778
:104EA000F6EE007AB4EEE78AF1EE10FA80F2EC80CA
:104EB0000023F8E66B1C9E469C4621E7059B009D5F
:104EC000A3F1080257F82B300592F04653B9ACF124
:104ED00004033B4453F8041D0BF1FF3B083A00293F
:104EE000F8D005920598B7EE000A00F091F9BBF1F1
:104EF000000FC0F229810BF1010646AA1FED4E7A80
:104F00004FEA860C07EB860302EB860273ED017A0B
:104F1000F8EEE77ABB4267EE807A20EE070A62ED90
:104F2000017AF3D1ACF1040346AA002D1FED596AB2
:104F300002EB03044FF0000022DB8F49DFED8F7A94
:104F4000B0EE467A2246002303E0984208DBB1EC3B
:104F5000017AF2EC016A01339D42E6EE877AF4DAD7
:104F60005AAB03EB8003584543ED287A4FEA8001A2
:104F700000F10102A4F1040405D0002D1046DCDA92
:104F8000DFED7E7AECE7689A022A1DDC002A00F346
:104F90008E8010D132ABDFED797A9C443CED017A02
:104FA000634577EE877AF9D143460BB1F1EE677A24
:104FB000069BC3ED007A19EE903A03F007005BB050
:104FC000BDEC048BBDE8F08F689A032AF3D1BBF1E6
:104FD000000F00F0CB8032A813ED287A00EB8B0293
:104FE0000BF1804372ED017AF0EE476A37EE277AD3
:104FF000904277EEC77A82ED007A77EEA67AC2ED1C
:10500000017AEFD1BBF1010F40F3B08001F5B4722A
:105010000DEB020111ED287A9A0033A900EB83030E
:1050200073ED017AF0EE476A37EE277A994277EE10
:10503000C77A83ED007A77EEA67AC3ED017AEFD1D5
:10504000131DDFED4E7A0344083033ED017A9842A8
:1050500077EE877AF9D14346002B58D10699329AD8
:10506000339B0A604B60C1ED027AA4E705F1FF3C77
:1050700057F82C2002F07F0247F82C20BFE60823C7
:105080000793002302936AE519EE903A002D03F18D
:10509000010309EE903AC8BF02233FF775AEF7EE61
:1050A000007A37EEC88A0223FDE5002198E632AB8C
:1050B000DFED327A03EB860636ED017AB34277EE06
:1050C000877AF9D143469DED327A93BB069BBBF1BB
:1050D000000FC3ED007A77EE677A0CDD33AA012367
:1050E000B2EC017A01339B4577EE877AF8DA4346D2
:1050F0000BB1F1EE677A069BC3ED017A5BE7BDEE7B
:10510000C00A9B4610EE102A47F82320EAE6DDEDA0
:10511000326A9DED337A069BF1EE666AB1EE477A0C
:10512000F1EE677AC3ED006A83ED017AC3ED027A8E
:1051300041E7069BF1EE676ABBF1000F77EE677AF5
:10514000C3ED006ACADCD4E7689B022B0ADC002BA3
:105150000FDC7FF430AFDFED097A25E7039B4FEAE0
:10516000830C41E5689B032B7FF425AFDFED037AC9
:1051700071E7DFED027AA5E758BB010800000000E7
:1051800010EE102AC2F3C7537F3B162B22F00041CA
:105190002ADC002B10EE100A18DB1A4919410A42CA
:1051A00021D0DFED197A70EE277AF5EEC07AF1EEB4
:1051B00010FA18DD002A04DA4FF4000242FA03F371
:1051C000184420EA010300EE103A7047DFED0E7A32
:1051D00070EE277AF5EEC07AF1EE10FA03DD002AC0
:1051E00008DB9FED0A0A7047B1F1FF4FFBD330EEA9
:1051F000000A7047FFEE007A002918BFB0EE670A78
:10520000704700BFFFFF7F00CAF249710000000035
:1052100010EE103A33F0004110EE102A28D0B1F110
:10522000FF4F22D213F0FF4F23D1DFED2C7A2C4A0F
:1052300060EE277A904217EE903A34DB4CF2503C05
:10524000C3F3C751604517EE902AA1F1190116DD8D
:10525000DFED247ADFED246A002BB0EE677AB8BF69
:10526000F0EE667A27EE870A704730EE000A704744
:1052700070474CF2503C60454FEAD151E8DC0144A4
:10528000FE29E5DC002915DC11F1160F19DB1931B7
:1052900022F0FF4242EAC15207EE902A9FED130A24
:1052A00027EE800A7047DFED127A07EE103A27EEFC
:1052B000270A704722F0FF4242EAC15300EE103A3B
:1052C0007047DFED0B7ADFED0B6A002BB0EE677AEB
:1052D000B8BFF0EE667A27EE870A70470000004CF0
:1052E000B03CFFFFCAF24971CAF249F10000003335
:1052F0006042A20D6042A28D024B1844407800F03B
:10530000030070478CBB010870B50D4D0D4C641B3C
:10531000A4100026A64209D10B4D0C4C01F0C6FA90
:10532000641BA4100026A64205D170BD55F8043BAD
:1053300098470136EEE755F8043B98470136F2E707
:1053400074BD010874BD010874BD01087CBD01086D
:10535000034611F8012B03F8012B002AF9D17047FD
:1053600010B50246147813460132002CFAD1013BE5
:1053700011F8012B03F8012F002AF9D110BDC9B291
:10538000034610F8012B1AB18A42F9D1184670472A
:10539000002918BF0023F9E7034B1B5C03F003034C
:1053A000022B08BF203870478DBB01080A44914288
:1053B00000F1FF3300D1704710B511F8014B03F82D
:1053C000014F9142F9D110BD30B5044625782346EE
:1053D0000134002DFAD1013A04D311F8014B03F83E
:1053E000014B04B930BD002AF5D11A70F3E710B5AE
:1053F0006AB10139841810F8012B11F8013F9A4263
:1054000003D1A04201D0002AF5D1D01A10BD104618
:10541000FCE710B50139034632B111F8014F03F82A
:10542000014B013A002CF7D11A440021934200D1DC
:1054300010BD03F8011BF9E7002310B50446C0E9CD
:105440000033C0E90433836081814366C281836194
:10545000194608225C3000F0DDF9054B6362054B0C
:10546000A362054BE362054B2462236310BD00BFBA
:105470005D5501087F550108B7550108DB55010846
:10548000024A0349034800F08DB900BFD40200204E
:105490006D5A0108E002002041680C4B994210B59A
:1054A000044601D000F0E2FAA168094B994202D00B
:1054B000204600F0DBFAE168064B994204D0204612
:1054C000BDE8104000F0D2BA10BD00BF705C0020F3
:1054D000D85C0020405D002010B50B4B0B4C0C4AF3
:1054E0001A60204600220421FFF7A6FF04F168009D
:1054F00001220921FFF7A0FF04F1D0000222BDE83C
:1055000010401221FFF798BFA85D0020705C0020BA
:1055100081540108014800F011BA00BFAD5D0020C0
:10552000014800F00CBA00BFAD5D002010B5044684
:10553000FFF7F0FF236A1BB1BDE81040FFF7F0BF93
:10554000044B2362044B1B68002BF5D1FFF7C4FF0B
:10555000F2E700BF99540108A85D002010B50C4681
:10556000B1F90E1000F078FB0028ABBF636DA38982
:105570001B1823F48053ACBF6365A38110BD2DE9D4
:10558000F0411F468B89DB0505460C46164605D5BE
:10559000B1F90E100223002200F04CFBA389B4F9EC
:1055A0000E1023F48053A38132463B462846BDE8C3
:1055B000F04100F0DFB810B50C46B1F90E1000F064
:1055C00039FB431CA38915BF606523F4805343F462
:1055D0008053A38118BFA38110BDB1F90E1000F054
:1055E000AFB90A22002100F09FB9000038B50B4B7B
:1055F0001D686B6B044653B9242000F05FFA024625
:10560000686320B9064B07483D2100F0F5FA696B45
:105610002046BDE8384000F007B800BF2C0300204A
:105620008DBC0108A4BC01082DE9F0414D4A0C468F
:105630000023D0E90001EBF729FA002ABCBF02F5EC
:10564000A83202F5C0724FF4616100F52F20B2FB61
:10565000F1F301FB13224FF03C01ACBF00F66C20CC
:1056600000F66B20A360B2FBF1F301FB1322636031
:105670002260C31C072293FBF2F2C2EBC2029B1A08
:1056800048BF07330028A361B8BFA0F50E333649E1
:10569000AEBF90FBF1F1A3F52C7393FBF1F1334B0B
:1056A00003FB010048F6AC63B0FBF3F3034440F2A4
:1056B000B45CB0FBFCF29B1A40F26D172C4AB0FBB5
:1056C000F2F264269B1AB3FBF7F2B3FBFCF3B2FBD6
:1056D000F6F5EB1A034407FB1233992003EB83071B
:1056E000023703F1010EB7FBF0FC00FB0CF00230B7
:1056F0004FF00508B0FBF8F0AEEB000040F2F95EA9
:10570000774594BF02276FF0090767444FF4C87CC0
:105710000CFB0121012F98BF0131B3F5997F0CD308
:10572000A3F59973E361A1F26C710023E060C4E911
:10573000047123622046BDE8F08112F0030F02D10C
:1057400006FB15255DB94FF4C875B2FBF5F605FBF0
:105750001622B2FA82F252093B331344E2E70122E5
:10576000FAE700BF80510100B13A02004FC5FDFFCA
:10577000B03A020038B5074D0446084611460022EB
:105780002A601A46FBF706FD431C02D12B6803B1C1
:10579000236038BDB05D0020014B1868704700BF22
:1057A0002C0300202DE9F8430746884614460026BE
:1057B000D4E90195B9F1010905D52468002CF7D188
:1057C0003046BDE8F883AB89012B07D9B5F90E3017
:1057D000013303D029463846C04706436835E9E718
:1057E000884210B501EB020402D98442234607D84F
:1057F000431EA14208D011F8012B03F8012FF8E74E
:10580000024401468A4200D110BD13F8014D02F84E
:10581000014DF7E702440346934200D1704703F875
:10582000011BF9E7012B2DE9F04701D0242B06D904
:10583000FFF7B2FF162303600020BDE8F087DFF812
:10584000E4C00D462E4615F8014B1CF8047017F005
:105850000807F7D12D2C32D12C780127B51C002B4D
:105860005BD0102B09D1302C07D12C7804F0DF0449
:10587000582C4DD16C781023023507F1004808F1FF
:10588000FF384FF0000EB8FBF3F9764603FB198A98
:10589000A4F1300CBCF1090F16D86446A34224DDF4
:1058A000BEF1FF3F08D0B1451CD301D1A24519DBA1
:1058B00006FB03464FF0010E15F8014BE8E72B2CD1
:1058C00004BF2C78B51CCAE7A4F1410CBCF1190F38
:1058D00001D8373CE2E7A4F1610CBCF1190F04D800
:1058E000573CDBE74FF0FF3EE6E7BEF1FF3F05D157
:1058F00022230360464642B930469EE707B176420E
:10590000002AF9D0BEF1000F00D0691E1160F3E744
:105910003024002BB1D10823AFE7302CA5D00A23C7
:10592000ABE700BF8DBB010813460A46014602489B
:105930000068FFF777BF00BF2C0300207047704757
:1059400038B5064D0023044608462B60FBF730FCB3
:10595000431C02D12B6803B1236038BDB05D002029
:105960008A892DE9F041054610070C4658D44B684A
:10597000002B05DC0B6C002B02DC0020BDE8F08165
:10598000E66A002EF9D0002312F480522F68216AB3
:105990002B6032D0606DA3895A0705D56368C01AA1
:1059A000636B0BB1236CC01A00230246E66A216ABE
:1059B0002846B047431CA38906D129681D292BD846
:1059C000294A0A41D60727D400226260D9042269F5
:1059D000226004D5421C01D12B6803B96065616B5C
:1059E0002F600029C9D004F14403994202D028460F
:1059F00000F072F900206063C0E701232846B04739
:105A0000411CC8D12B68002BC5D01D2B01D0162BF3
:105A100001D12F60B1E7A38943F04003A381ADE733
:105A20000F69002FA9D093070E6808BF4B690F605C
:105A300018BF0023A6EB07088B60B8F1000F9CDDB0
:105A4000216AA66A43463A462846B047002806DC43
:105A5000A38943F04003A3814FF0FF308EE7074452
:105A6000A8EB0008E9E700BFFEFFBFDF38B50B6910
:105A700005460C4613B90025284638BD18B1036AFF
:105A80000BB9FFF753FDB4F90C30002BF3D0626E65
:105A9000D00704D4990502D4A06DFFF74FFF284624
:105AA0002146FFF75DFF636EDA070546E4D4A3895C
:105AB0009B05E1D4A06DFFF742FFDDE7024B0146F5
:105AC000186800F023B800BF2C03002070B50E4EFC
:105AD0000C463168054611B900F0EEF830602146F9
:105AE000284600F0E9F8431C0AD0C41C24F0030443
:105AF000A04207D0211A284600F0DEF8013001D17B
:105B00004FF0FF34204670BDB85D00202DE9F04114
:105B1000CD1C25F0030508350C2D38BF0C25002DB4
:105B2000074601DBA94205D90C233B60002630461D
:105B3000BDE8F0812F4E00F0B3F833681C4644BB3B
:105B400029463846FFF7C2FF431C04464FD134684C
:105B50002646002E42D1002C43D0236831463846D9
:105B600004EB030800F0A8F880453AD12368033518
:105B7000ED1A25F0030508350C2D38BF0C252946F4
:105B80003846FFF7A3FF01302BD023682B44236056
:105B90000EE02268521B1ED40B2A16D96119A342AB
:105BA000256018BF5960636808BF316062514B605F
:105BB000384604F10B0600F079F826F00706231D9D
:105BC000F21AB4D09B1BA350B1E76268A3420CBF8A
:105BD00032605A60ECE723466468B0E73446766882
:105BE000B7E70C233B60384600F060F89FE725607C
:105BF000DEE700BFB45D00201FB514461A46094B0E
:105C00001B680546D8684CB1074B0091CDE90134BB
:105C100006492B4600F032F800F014FC044B1C46F9
:105C2000F3E700BF2C030020FDBC01080ABD0108FA
:105C30003B6D010838B5074D044608461146002261
:105C40002A601A46FBF7BEFA431C02D12B6803B147
:105C5000236038BDB05D002038B5074D04460846C6
:105C6000114600222A601A46FBF786FA431C02D12D
:105C70002B6803B1236038BDB05D00200EB403B5BE
:105C8000014603AB054853F8042B0068019300F06C
:105C900099F802B05DF804EB03B070472C030020C4
:105CA0000148FFF74BBE00BFAC5D00200148FFF785
:105CB00046BE00BFAC5D002038B5064D002304464B
:105CC00008462B60FBF780FA431C02D12B6803B116
:105CD000236038BDB05D002037B5002944D051F8AD
:105CE000043C0190002BA1F10404B8BFE418FFF7B5
:105CF000D7FF1E4A0198136833B96360146003B07C
:105D0000BDE83040FFF7D2BFA34208D9256861192A
:105D10008B4201BF19685B6849192160EDE71A469B
:105D20005B680BB1A342FAD911685518A5420BD193
:105D3000246821445418A3421160E0D11C685B68B8
:105D400053600C441460DAE702D90C230360D6E7F1
:105D5000256861198B4204BF19685B68636004BFE2
:105D6000491921605460CAE703B030BDB45D00201A
:105D70009368013B002B10B4936008DA9469A34246
:105D800001DB0A2903D15DF8044B00F035B9136833
:105D9000581C1060197008465DF8044B7047F8B540
:105DA00006460F461446D518AC4201D1002007E044
:105DB00014F8011B3A463046FFF7DAFF431CF3D1D3
:105DC000F8BD00002DE9F04F0D469DB014469846F1
:105DD000064618B1036A0BB9FFF7A8FB6B6ED9072B
:105DE00005D4AB899A0502D4A86DFFF7A7FDAB894E
:105DF0001B0701D52B699BB92946304600F03AF9BB
:105E000070B16B6EDC0704D54FF0FF301DB0BDE8FC
:105E1000F08FAB899805F7D4A86DFFF790FDF3E7F5
:105E20000023099320238DF82930CDF80C803023EE
:105E3000DFF8B0818DF82A304FF0010923469A46E9
:105E400013F8012B0AB1252AF9D1BAEB040B0BD0B8
:105E50005B46224629463046FFF7A1FF013000F09D
:105E6000A980099A5A4409929AF80030002B00F050
:105E7000A18000234FF0FF32CDE905230AF1010A8A
:105E8000049307938DF853301A935446052214F85F
:105E9000011B5448EAF7BCF9049AD8B9D10644BFAB
:105EA00020238DF85330130744BF2B238DF8533034
:105EB0009AF800302A2B15D0079A544600204FF04C
:105EC0000A0C214611F8013B303B092B4DD9B0B1EA
:105ED000079214E0A0EB080309FA03F313430493B9
:105EE000A246D2E7039B191D1B680391002BBBBF81
:105EF0005B4242F0020207930793B8BF04922378F3
:105F00002E2B0CD163782A2B34D1039B1A1D1B68CE
:105F10000392002BB8BF4FF0FF3302340593DFF834
:105F2000D4A0217803225046EAF772F938B1049BD5
:105F3000A0EB0A004022824013430134049314F87A
:105F4000011B29488DF828100622EAF761F900287C
:105F50003FD0264B1BBB039B073323F007030833BB
:105F60000393099B3B44099368E70CFB02320C4600
:105F70000120A6E700230134059319464FF00A0CCF
:105F8000204610F8012B303A092A03D9002BC6D03D
:105F90000591C4E70CFB012104460123F0E703ABA4
:105FA00000932A46124B04A93046AFF300800746FF
:105FB000781CD6D16B6ED90705D4AB899A0502D46B
:105FC000A86DFFF7BCFCAB895B063FF51DAF0998D8
:105FD0001CE703AB00932A46054B04A9304600F0AA
:105FE0000FF9E4E739BD010843BD010800000000D6
:105FF0009F5D01083FBD0108F8B50E4614460546F1
:1060000018B1036A0BB9FFF791FAA369A360A389DA
:106010001A0725D523691BB323682269981A636977
:10602000F6B28342374604DC21462846FFF71EFDC0
:10603000E0B9A368013BA36023685A1C22601E706C
:106040006269431C9A4204D0A389DB0706D50A2E55
:1060500004D121462846FFF709FD38B93846F8BD76
:106060002146284600F006F80028D5D04FF0FF372B
:10607000F4E7000038B52A4B054618680C4618B1FD
:10608000036A0BB9FFF752FAA389B4F90C20180779
:1060900022D4D90607D409232B6042F04003A38100
:1060A0004FF0FF3034E0580712D5616B41B104F175
:1060B0004403994202D02846FFF70EFE0023636393
:1060C000A38923F02403A381002363602369236051
:1060D000A38943F00803A38123694BB9A38903F47F
:1060E0002073B3F5007F03D02146284600F0D7F98E
:1060F000A089B4F90C2010F001030AD00023A3609A
:1061000063695B42A361236943B910F08000C4D185
:1061100038BD810758BF6369A360F4E70020F7E743
:106120002C0300202DE9F047164699468A680B6932
:10613000DDF820809342B8BF1346336091F84320C6
:1061400007460C460AB1013333602368990642BF03
:10615000336802333360256815F0060506D104F173
:10616000190AE36832689B1AAB4226DC94F8432094
:10617000131E226818BF012392062BD404F1430298
:1061800049463846C04701301ED02368226903F0D3
:106190000603042B02BFE5683368ED1AA3680CBF41
:1061A00025EAE57500259342C4BF9B1AED18002629
:1061B0001A34B5421AD1002008E00123524649465C
:1061C0003846C047013003D14FF0FF30BDE8F087BB
:1061D0000135C6E7E1185A1C302081F843002244FB
:1061E00094F8451082F843100233C7E70123224692
:1061F00049463846C0470130E6D00136D9E70000AD
:106200002DE9FF470F7E0C9D782F914680460C4666
:106210009A4601F1430207D8622F0AD8002F00F0F6
:10622000D480582F00F0C08004F1420584F84270F9
:106230003AE0A7F16303152BF6D801A151F823F03A
:1062400099620108AD62010829620108296201080A
:106250002962010829620108AD620108296201086A
:10626000296201082962010829620108B163010855
:10627000D96201086B6301082962010829620108DB
:10628000D363010829620108D96201082962010863
:1062900029620108736301082B681A1D1B682A60B4
:1062A00004F1420584F8423001239FE020682B6806
:1062B000070603F10401296001D51E6803E04606C4
:1062C000FBD5B3F90060002E03DA2D23764284F863
:1062D00043305A480A2312E02B682068191D2960B0
:1062E000050601D51E6802E04106FBD51E8853480D
:1062F0006F2F0CBF08230A23002184F84310656820
:10630000A560002DA2BF216821F0040121600EB913
:10631000002D4BD01546B6FBF3F103FB1167C75DAB
:1063200005F8017D3746BB420E46F4D9082B0BD148
:106330002368DE0708D5236961689942DEBF3023F0
:1063400005F8013C05F1FF35521B2261CDF800A094
:106350004B4603AA21464046FFF7E4FE01304AD1EE
:106360004FF0FF3004B0BDE8F087236843F020030E
:1063700023603348782784F84570236829681F060E
:1063800051F8046B02D45F0648BFB6B2DF0748BFBE
:1063900043F02003296048BF23601EB9236823F01F
:1063A000200323601023A7E72448E4E71546BDE750
:1063B0002B6826686169181D286035061B6801D5A1
:1063C000196002E07006FBD5198000232361154691
:1063D000BCE72B681A1D2A601D68626800212846E8
:1063E000E9F716FF08B1401B606063682361002372
:1063F00084F84330AAE723692A4649464046D047F5
:106400000130ADD023689B0713D4E068039B98420A
:10641000B8BF1846A6E70123324649464046D04752
:1064200001309DD00135E36803995B1AAB42F2DC81
:10643000EBE7002504F11906F5E700BF4ABD0108A6
:106440005BBD010808B5062000F08EF80120FAF7C0
:106450008DFE70B50C46B1F90E10002996B01546A8
:106460001E460DDAA38913F0800F4FF000010CBF18
:106470004FF480634023002031602B6016B070BD64
:106480006A4600F079F80028ECDB019901F47041CC
:10649000A1F50053594259414FF48063EBE78B89D2
:1064A00073B59D0706460C4607D504F147032360E4
:1064B00023610123636102B070BD01AB6A46FFF73F
:1064C000C8FF009905463046FFF720FB48B9B4F9EC
:1064D0000C309A05EFD423F0030343F00203A381A9
:1064E000E3E7A389206043F08003A381009B6361FD
:1064F000019B20615BB1B4F90E10304600F04EF8FC
:1065000028B1A38923F0030343F00103A381A389E6
:106510001D43A581CFE71F2938B504460D4604D990
:10652000162303604FF0FF3038BDC26B12B152F832
:1065300021304BB9204600F053F82A460146204648
:10654000BDE8384000F03AB8012B0AD0591C03D1FD
:10655000162303600120E7E7002442F8254028467F
:1065600098470020E0E70000024B01461868FFF75B
:10657000D2BF00BF2C03002038B5074D00230446CE
:10658000084611462B60FAF716FE431C02D12B6811
:1065900003B1236038BD00BFB05D002038B5064DA3
:1065A0000023044608462B60FAF70AFE431C02D17A
:1065B0002B6803B1236038BDB05D002038B5074DAE
:1065C00000230446084611462B60FAF7C7FD431C1A
:1065D00002D12B6803B1236038BD00BFB05D00203D
:1065E000FAF7BABD2DE9F047089E0D4604460F465E
:1065F000002B4AD18A42944665D9B2FA82F343B15C
:1066000002FA03FCC3F120029F4020FA02F2174372
:106610009C404FEA1C4E1FFA8CF5B7FBFEF1220C92
:106620000EFB117742EA074201FB05F090420AD9BE
:106630001CEB020201F1FF3780F01C81904240F216
:10664000198102396244121AA4B2B2FBFEF00EFBA9
:10665000102244EA024400FB05F5A5420AD91CEBCE
:10666000040400F1FF3280F00781A54240F204816A
:106670006444023840EA0140641B00211EB1DC4042
:106680000023C6E90043BDE8F0878B4208D9002EFD
:1066900000F0ED800021C6E900050846BDE8F0875E
:1066A000B3FA83F1002949D1AB4202D3824200F20E
:1066B000F880841A65EB030201201746002EE2D011
:1066C000C6E90047DFE702B9FFDEB2FA82F3002B2A
:1066D00040F090808A1A4FEA1C471FFA8CFE012175
:1066E000B2FBF7F507FB1520220C42EA00420EFB35
:1066F00005F0904208D91CEB020205F1FF3802D2E6
:10670000904200F2CB804546121AA4B2B2FBF7F0D9
:1067100007FB102244EA02440EFB00FEA64508D9FE
:106720001CEB040400F1FF3202D2A64500F2BB804C
:106730001046A4EB0E0440EA05409FE7C1F1200794
:106740008B4022FA07FC4CEA030C05FA01F420FA0C
:1067500007F3FD404FEA1C492343B5FBF9F81FFA44
:106760008CFE09FB18551C0C44EA054408FB0EF589
:10677000A54202FA01F200FA01F00BD91CEB040465
:1067800008F1FF3A80F08880A54240F28580A8F1A8
:1067900002086444641B9DB2B4FBF9F309FB134483
:1067A00045EA044403FB0EFEA64508D91CEB04048D
:1067B00003F1FF356CD2A6456AD9023B644443EA33
:1067C0000843A3FB0295A4EB0E04AC42C846AE46B8
:1067D00056D353D056B1B0EB080264EB0E0404FA62
:1067E00007F7CA40CC401743C6E900741846002199
:1067F000BDE8F087C3F1200102FA03FC20FA01F2A0
:1068000025FA01F19D402A434FEA1C471FFA8CFEEE
:10681000B1FBF7F007FB1015110C41EA054100FB35
:106820000EF58D4204FA03F408D91CEB010100F1C6
:10683000FF382FD28D422DD902386144491B92B2C4
:10684000B1FBF7F507FB151142EA014205FB0EF11A
:10685000914208D91CEB020205F1FF3816D2914291
:1068600014D9023D6244521A45EA004138E73146E4
:10687000304608E73946E6E61046FBE64845A9D229
:10688000B9EB020865EB0C0E013BA3E74546EAE7CE
:106890002B4694E74046D1E7D0467BE7023D624471
:1068A00032E708460AE76444023842E7F8B500BF19
:1068B000F8BC08BC9E467047F8B500BFF8BC08BCE1
:0468C0009E46704739
:1068C40021007F22000718120C1801010119190177
:1068D4001919010606010606010303010303010257
:1068E4000201020201120C01120C000800080050FF
:1068F40001500250035004500550065007500850F0
:1069040009500A500B500C500D50F150F25001F147
:1069140005506D696E2C00206D572C00011F136FFC
:1069240001130503020B050200D57FAAFE2B815437
:1069340029FC5683D702A87D52872DF8AC79D3065B
:106944007BAE04D18550FA2FA471DB0E5A8F25F04B
:106954008D58F22773A60CD9F623895C08DD77A23B
:10696400DF0AA07521F45E8B9D48E23763B61CC92B
:10697400B461CB1E4A9F35E0CF1AB06531E44E9B1B
:10698400E633994C18CD67B239EC4693C712B86D0B
:1069940010C56FBAEE3B91446BBE14C19540EA3FFB
:1069A40042973DE8BC69C316EF3A904511C46EBBEB
:1069B400C613B96C38ED4792BD68C21743963CE9DB
:1069C4009441EB3E6ABF15C04B9E34E1B560CA1FCB
:1069D40062B71DC89C49E33619CC66B3E732984DBB
:1069E40030E54F9ACE1BB16472A70DD88C59F326AB
:1069F4005B8E24F1A570DA0F20F55F8ADE0BA1749B
:106A040009DC76A3F722885DD603A97C28FD57828A
:106A1400FF2A805501D47EAB8451FB2E7AAF05D07A
:106A2400AD78D20753862CF9616263646566676842
:106A3400696A6B6C6D6E6F7071727374757677784A
:106A4400797A303132333435363738395F232D2E65
:106A5400007477007277000000000000000000005E
:106A6400F9150008000000000000000005160008E9
:106A74000000000000000000E1150008000102040D
:106A8400050301020000000000000000002F0000C8
:106A940000000700070000147F147F1400242A7FDD
:106AA4002A1200626408132300364955225000005C
:106AB4000503000000001C224100000041221C00CC
:106AC4000014083E08140008083E0808000000A04E
:106AD400600000080808080800006060000000204A
:106AE40010080402003E5149453E0000427F400028
:106AF400004261514946002141454B3100181412AE
:106B04007F10002745454539003C4A49493000017A
:106B14007109050300364949493600064949291EC9
:106B2400000036360000000056360000000814222B
:106B3400410000141414141400004122140800022B
:106B44000151090600324959513E007C1211127C50
:106B5400007F49494936003E41414122007F41417D
:106B6400221C007F49494941007F09090901003E6F
:106B74004149497A007F0808087F0000417F4100AD
:106B8400002040413F01007F08142241007F404023
:106B94004040007F020C027F007F0408107F003E0B
:106BA4004141413E007F09090906003E4151215EF1
:106BB400007F091929460046494949310001017FEE
:106BC4000101003F4040403F001F2040201F003F84
:106BD4004038403F00631408146300070870080736
:106BE40000615149454300007F41410000552A5549
:106BF4002A55000041417F000004020102040040C4
:106C040040404040000001020400002054545478E5
:106C1400007F484444380038444444200038444405
:106C2400487F00385454541800087E0901020018A3
:106C3400A4A4A47C007F080404780000447D4000E0
:106C4400004080847D00007F102844000000417FC4
:106C54004000007C04180478007C080404780038A0
:106C64004444443800FC242424180018242418FC28
:106C7400007C0804040800485454542000043F4491
:106C84004020003C4040207C001C2040201C003C54
:106C94004030403C004428102844001CA0A0A07CA4
:106CA400004464544C440000087741000000006331
:106CB40000000000417708000008040808040008E8
:106CC40014081408AED580A83FD300408D142000CA
:106CD400A1C881CFD9F1DB402EA4A6AFDA122100DE
:106CE4007F220007206279746573206C6F737421AE
:106CF4000A006D6C72732E30005365747570537492
:106D04006172745374783454780053657475705395
:106D1400746172744D61726B65720021656E6421D9
:106D240000206B487A006D4C525301020304006D3D
:106D34004C52530403020100206972713D78002013
:106D44006C733D0020727831733D00207278327389
:106D54003D00656E61626C65642C616E74656E6E77
:106D640061312C616E74656E6E61322C723A656E9F
:106D74002E20743A616E74312C723A656E2E207432
:106D84003A616E7432007472616E73702E2C6D6190
:106D9400766C696E6B2C6D61766C6E6B582C6D73B2
:106DA400705800322E342047487A2C393135204D22
:106DB400487A204643432C383638204D487A2C34C0
:106DC4003333204D487A2C373020636D2048414DB1
:106DD4002C383636204D487A20494E2C393135200E
:106DE4004D487A202B20322E342047487A2C3836CE
:106DF40038204D487A202B20322E342047487A0000
:106E0400656E61626C65642C616E74656E6E613171
:106E14002C616E74656E6E61322C72656E207461C5
:106E2400312C72656E2074613200353020487A2C22
:106E3400333120487A2C313920487A2C464C52433D
:106E44002C46534B2C3139487A377800322E342073
:106E540047487A2C393135204643432C383638207C
:106E64004D487A2C343333204D487A2C3730206304
:106E74006D2C38363620494E2C3931352B322E3490
:106E84002C3836382B322E3400202F2D2D00202F75
:106E9400653100202F653600202F65313100202F09
:106EA40065313300212120527820706172616D2098
:106EB40076657273696F6E20736D616C6C65722098
:106EC4007468616E20547820706172616D207665FB
:106ED4007273696F6E2E20212100212120506C6570
:106EE400617365207570677261646520726563659E
:106EF400697665722E20202020202020202020204A
:106F0400202020202020202020202020202121009B
:106F1400212120547820706172616D20766572732E
:106F2400696F6E20736D616C6C6572207468616E3C
:106F340020527820706172616D2076657273696F7A
:106F44006E2E20212100212120506C656173652063
:106F540075706772616465205478206D6F64756C18
:106F6400652E2020202020202020202020202020CA
:106F7400202020202020202020212100436F6E6625
:106F8400696749643A0020206D696E3A2000202028
:106F94006D61783A2000202000203D200020205BF5
:106FA400612D7A302D39232D2E5F5D002D2028751B
:106FB4006E617661696C61626C652900205B0028F2
:106FC400756E6368616E676561626C6529007761DF
:106FD400726E3A207265636569766572206E6F74AD
:106FE40020636F6E6E656374656400292C002C2029
:106FF400002F003B20003B2054783A002052783A7E
:10700400006D5700202054783A2044495920447593
:10701400616C453232204734393152452C20763167
:107024002E342E303100202052783A20002D202892
:10703400756E6578706563746564206572726F72CD
:1070440029006668737331202800202063683A2081
:10705400002020665F7265673A20002020663A208F
:10706400006668737332202800202068656C702CD9
:1070740020682C203F2020202020202D3E207468D2
:1070840069732068656C70207061676500202076E4
:107094002020202020202020202020202020202DDF
:1070A4003E207072696E7420646576696365206140
:1070B4006E642076657273696F6E002020706C2098
:1070C400202020202020202020202020202D3E2091
:1070D4006C69737420616C6C20706172616D65748D
:1070E400657273002020706C2063202020202020F3
:1070F4002020202020202D3E206C69737420636F93
:107104006D6D6F6E20706172616D65746572730070
:107114002020706C20747820202020202020202023
:1071240020202D3E206C6973742054782070617285
:10713400616D6574657273002020706C2072782014
:10714400202020202020202020202D3E206C697328
:107154007420527820706172616D65746572730079
:10716400202070206E616D652020202020202020AA
:1071740020202D3E2067657420706172616D6574F6
:1071840065722076616C756500202070206E616DDB
:1071940065203D2076616C756520202D3E20736549
:1071A4007420706172616D657465722076616C75AE
:1071B4006500202070206E616D65203D203F2020F9
:1071C400202020202D3E2067657420706172616D3F
:1071D400657465722076616C756520616E64206CDF
:1071E400697374206F6620616C6C6F7765642076B8
:1071F400616C7565730020207073746F7265202054
:1072040020202020202020202D3E2073746F7265C2
:1072140020706172616D65746572730020207365FE
:1072240074636F6E666967696420202020202D3E98
:107234002073656C65637420636F6E66696720698B
:107244006400202062696E642020202020202020F9
:10725400202020202D3E2073746172742062696E98
:1072640064696E6700202072656C6F616420202061
:10727400202020202020202D3E2072656C6F616428
:1072840020616C6C20706172616D6574657220732D
:10729400657474696E67730020207374617473205D
:1072A400202020202020202020202D3E20737461C7
:1072B4007274732073747265616D696E6720737480
:1072C40061746973746963730020206C69737466F4
:1072D40072657173202020202020202D3E206C69AF
:1072E400737473206672657175656E636965732066
:1072F4007573656420696E206668737320736368B0
:10730400656D6500202073797374656D626F6F74A9
:107314002020202020202D3E2063616C6C20737976
:107324007374656D20626F6F746C6F616465720055
:1073340020206573707074202020202020202020BD
:1073440020202D3E20656E7465722073657269611C
:107354006C20706173737468726F756768002020A5
:10736400657370626F6F74202020202020202020FD
:107374002D3E207265626F6F742045535020616EFC
:107384006420656E7465722073657269616C207027
:107394006173737468726F75676800202065737019
:1073A4006E616D652020202020202020202D3E208D
:1073B4006765742063757272656E74206E616D65A5
:1073C40020285443502F5544502F55445053544172
:1073D4002F42542F424C45290020206573702067AA
:1073E40065742070737764202020202020202020C2
:1073F400202D3E206765742063757272656E74205B
:1074040070617373776F726420285443502F55440E
:10741400502F554450535441290020206573702047
:107424007365742070737764203D20737472202018
:1074340020202D3E207365742070617373776F7202
:107444006420283234206368617273206D61782966
:1074540000202065737020676574206E65747373F3
:107464006964202020202020202D3E206765742080
:107474006E6574776F726B205353494420285544CA
:107484005053544129002020657370207365742083
:107494006E657473736964203D20737472202D3E8D
:1074A40020736574206E6574776F726B2053534933
:1074B4004420283234206368617273206D61782916
:1074C40000656D7074792076616C7565202D3E20A1
:1074D400636C65617273207073776400656D70749A
:1074E400792076616C7565202D3E20636C65617230
:1074F400732073736964002020656D707479206350
:107504006D64002020696E76616C696420636D642B
:1075140000202073747265616D696E6720737461F5
:1075240074732073746F7070656400202074696DC7
:10753400656F75740068656C7000706C00706C2009
:107544006300706C20747800706C2072780065722F
:10755400723A20696E76616C696420706172616D43
:1075640065746572206E616D65006572723A206E95
:107574006F2076616C7565207370656369666965F3
:1075840064006572723A20696E76616C6964207673
:10759400616C7565007073746F7265002020547897
:1075A40020706172616D65746572732073746F729B
:1075B4006564002020706172616D6574657273206A
:1075C40073746F7265640062696E6400202054787D
:1075D40020656E74657265642062696E64206D6FE7
:1075E40064650072656C6F616400202054782070BB
:1075F4006172616D65746572732072656C6F61642C
:107604006564002020706172616D65746572732019
:1076140072656C6F6164656400736574636F6E6634
:1076240069676964006572723A20696E76616C6993
:107634006420636F6E666967206964206E756D628D
:1076440065722028302D39290020206E6F20636850
:10765400616E6765207265717569726564002020CA
:107664006368616E676520436F6E6669674964206D
:10767400746F2000202073746172747320737472A9
:1076840065616D696E672073746174730020207383
:10769400656E6420616E79206368617261637465EC
:1076A4007220746F2073746F70006C6973746672E7
:1076B4006571730073797374656D626F6F740065BF
:1076C4007370707400657370626F6F7400657370AB
:1076D4006E616D65002020756E6B6E6F776E20286D
:1076E40072657374617274207478206D6F64756C44
:1076F4006529006573702067657420707377640072
:10770400657370207365742070737764006572729A
:107714003A20696E76616C696420737472696E676D
:1077240020286D696E20382063686172732C206D87
:1077340061782032342063686172732C206F722068
:10774400656D70747920746F20636C6561722900B3
:10775400202065737020707377643A20006573701D
:1077640020676574206E6574737369640065737053
:1077740020736574206E65747373696400202065DA
:107784007370206E6574737369643A2000444959B8
:10779400204475616C4532322047343931524500FA
:1077A4002145525200414952004143524F00214663
:1077B4005321004D414E55004352555A00435253F4
:1077C4004800414800414E474C00484F5200414E4A
:1077D4004748002A00414C5448004155544F004743
:1077E400554944004C4F49540052544C20004349DD
:1077F4005243004C414E44004452494600535052B7
:107804005400464C4950004154554E0050484C4495
:10781400004252414B00544852570041564F4900D0
:10782400474E4750005352544C0046484C4400467F
:107834004F4C4C005A49475A00535953490041523E
:107844004F54004152544C005452544C0054524131
:107854004E00464257410046425742004352555358
:1078640000544B4F4600494E495400515354420072
:1078740051484F5600514C4F5400514C4E44005106
:1078840052544C005141544E005141434F0054480E
:107894004D4C004C32514C005354455200534D5002
:1078A4004C00444F434B0041484C4400535552460E
:1078B400004D44455400424154545F4341504143B8
:1078C40049545900424F4F5400656E2E00616E7446
:1078D400310072652C74310072652C74320075703D
:1078E40073203F00616E74656E6E61006131004DFE
:1078F40061696E2F33005278006131320042707337
:10790400004D61696E2F3500776972656C6573731C
:1079140020627269646765006E6F742061766169C4
:107924006C61626C652F656E61626C656400436FA7
:107934006D6D6F6E0065786365707420006E6F7492
:1079440020636F6E6E6563746564210041637469BE
:107954006F6E730042494E4400464C415348200028
:107964004553500A464C415348494E4700464C4102
:10797400534820455350004553500A5041535354E3
:107984004852550041542B574946494445564943AA
:10799400454E414D453D3F006D4C52532D00202036
:1079A4006E6F7420737570706F7274656420627981
:1079B400207468697320776972656C6573732062DB
:1079C40072696467652076657273696F6E004154ED
:1079D4002B002D3E006765742000206661696C658C
:1079E4006400736574200041542B52455354415232
:1079F400540050535744004E455453534944004196
:107A0400542B424155443D0041542B50524F544F46
:107A1400434F4C3D0041542B574946494348414E3E
:107A24004E454C3D0030360041542B574946495091
:107A34004F5745523D0041542B42494E4450485201
:107A44004153453D0041542B4E414D453D3F004F70
:107A54004B2B4E414D453D6D4C52532D576972652C
:107A64006C6573732D4272696467650021414C4CE7
:107A740020474F4F44210D0A002146204954210D2F
:107A84000A004D61696E002D7F0052737369004DC9
:107A940061696E2F3200206442004469762E004DE5
:107AA40061696E2F340042494E44494E4700727852
:107AB4005F737461747573206661696C75726500B7
:107AC4005378206E6F74206F6B00495251205258C6
:107AD40020444F4E45204641494C004952512054C0
:107AE4005820444F4E45204641494C0072785F610E
:107AF4007661696C61626C65206E6F742074727556
:107B0400650000000000000000000000152D0008C2
:107B1400052D00089B3B0008C53B0008E33B00081B
:107B2400F9360008EF2400081526000800000000BC
:107B340000000000D32400088D3F0008753E0008B3
:107B4400B53D00088B3D00082D260008193E0008AD
:107B540049260008E53D00086D26000800000000E5
:107B640000000000D324000825420008D7240008A0
:107B74009D4000087340000871260008DD4000089D
:107B8400E5240008E7240008EB24000800000000B6
:107B940000000000D32400080D450008F543000848
:107BA400354300080B4300088D260008994300085C
:107BB400A926000865430008CD260008000000003F
:107BC40000000000D3240008BD460008D7240008A4
:107BD400D9240008AF450008DD240008E12400088A
:107BE400E5240008E7240008EB2400080000000056
:107BF40000000000E9260008ED260008F126000830
:107C0400F52600085053544F524500434F4E464901
:107C1400472049440042494E445F5048524153452D
:107C24005F5533320052465F42414E440052465F34
:107C34004F5254484F0054585F504F5745520054C8
:107C4400585F4449564552534954590054585F4368
:107C5400485F534F555243450054585F43485F4F64
:107C6400524445520054585F494E5F4D4F444500BD
:107C740054585F5345525F444553540054585F531E
:107C840045525F424155440054585F534E445F523D
:107C94004144494F535441540054585F4D41565F39
:107CA400434F4D504F4E454E540054585F504F571C
:107CB40045525F53575F43480054585F42555A5AE0
:107CC40045520044594E5F504F5745520054585F37
:107CD400574946495F50524F540054585F574946DC
:107CE400495F4348414E4E454C0054585F574946FE
:107CF400495F504F5745520052585F504F574552B5
:107D04000052585F444956455253495459005258F9
:107D14005F43485F4F524445520052585F4F555499
:107D24005F4D4F44450052585F4641494C534146CC
:107D3400455F4D4F44450052585F5345525F504F85
:107D440052540052585F5345525F424155440052C9
:107D5400585F5345525F4C4E4B5F4D4F4445005264
:107D6400585F4D41565F53595354454D5F49440044
:107D740052585F534E445F524144494F5354415407
:107D84000052585F534E445F52434348414E4E4560
:107D94004C0052585F4F55545F525353495F434808
:107DA4000052585F4F55545F4C515F43480052583E
:107DB4005F504F5745525F53575F43480052585FD7
:107DC40046535F4348310052585F46535F4348323D
:107DD4000052585F46535F4348330052585F46533E
:107DE4005F4348340052585F46535F43483500525E
:107DF400585F46535F4348360052585F46535F43CB
:107E040048370052585F46535F4348380052585F22
:107E140046535F4348390052585F46535F434831E5
:107E2400300052585F46535F434831310052585F27
:107E340046535F434831320052585F46535F4348CC
:107E440031330052585F46535F434831340052582F
:107E54005F46535F434831350052585F46535F4392
:107E640048313600414E474C4500484F52495A4F1D
:107E74004E004E415620414C54484F4C4400484516
:107E84004144494E4720484F4C44004845414446EC
:107E9400524545004845414441444A0043414D53FD
:107EA400544142004E415620525448004E415620FF
:107EB400504F53484F4C44004D414E55414C0042A5
:107EC4004545504552004C454453204F4646004CCE
:107ED4004947485453004F5344204F4646005445A5
:107EE4004C454D45545259004155544F2054554E1C
:107EF4004500424C41434B424F58004641494C5384
:107F0400414645004E415620575000414952204DAC
:107F14004F444500484F4D45205245534554004772
:107F24004353204E41560046505620414E474C453F
:107F3400204D4958005355524641434500464C4153
:107F44005045524F4E005455524E204153534953BD
:107F540054004E4156204C41554E4348005345521F
:107F6400564F204155544F5452494D0043414D45BD
:107F7400524120434F4E54524F4C20310043414D07
:107F840045524120434F4E54524F4C2032004341FE
:107F94004D45524120434F4E54524F4C2033004FD5
:107FA400534420414C542031004F534420414C54FD
:107FB4002032004F534420414C542033004E41564C
:107FC40020434F5552534520484F4C44004D4320C5
:107FD4004252414B494E4700555345523100555387
:107FE40045523200555345523300555345523400DF
:107FF4004C4F49544552204348414E4745004D5348
:1080040050205243204F5645525249444500505245
:108014004541524D00545552544C45004E41562052
:10802400435255495345004155544F204C455645FC
:108034004C205452494D00575020504C414E4E450F
:108044005200534F4152494E47004D495353494FF3
:108054004E204348414E4745004245455045522035
:108064004D555445004D554C54492046554E4354A6
:10807400494F4E004D495845522050524F46494CA5
:10808400452032004D49584552205452414E5349DF
:1080940054494F4E00414E474C4520484F4C4400F4
:1080A40042696E64205068726173650042494E44AF
:1080B4005F50485241534500353020487A2C3331C3
:1080C40020487A2C313920487A2C464C52432C468D
:1080D400534B2C313920487A2037780052462042BD
:1080E400616E6400322E342C393135204643432CE2
:1080F4003836382C3433332C37302C383636204944
:108104004E2C3931352B322E342C3836382B322E36
:1081140034005246204F7274686F006F66662C31CB
:108124002F332C322F332C332F3300547820506FBD
:10813400776572005478204469766572736974793E
:1081440000656E61626C65642C616E74656E6E614F
:10815400312C616E74656E6E61322C723A656E20DC
:10816400743A616E74312C723A656E20743A616EA1
:10817400743200547820436820536F75726365002D
:108184006E6F6E652C637273662C696E2C6D6272F1
:1081940069646765005478204368204F726465728F
:1081A40000414554522C544145522C4554415200EF
:1081B400547820496E204D6F646500736275732C8A
:1081C4007362757320696E7600547820536572204B
:1081D400446573740073657269616C2C73657269AC
:1081E400616C322C6D627269646765005478205347
:1081F400657220426175647261746500393630308D
:108204002C31393230302C33383430302C35373649
:1082140030302C3131353230302C32333034303050
:1082240000547820536E6420526164696F53746102
:1082340074006F66662C3120487A005478204D61B2
:108244007620436F6D706F6E656E74006F66662C7A
:10825400656E61626C656400547820506F77657256
:10826400205377204368006F66662C352C362C37F4
:108274002C382C392C31302C31312C31322C3133F7
:108284002C31342C31352C31360054782042757A17
:108294007A6572006F66662C4C502C72784C5100D3
:1082A40044796E20506F776572006F66662C6F6E2E
:1082B40000547820576966692050726F746F636F39
:1082C4006C005443502C5544502C42542C5544506B
:1082D400205354412C424C452C4553504E4F57008B
:1082E40054782057696669204368616E6E656C0036
:1082F400312C362C31312C313300547820576966B7
:108304006920506F776572006C6F772C6D65642CF3
:108314006D617800527820506F7765720052782032
:1083240044697665727369747900527820436820D1
:108334004F72646572005278204F7574204D6F64DB
:108344006500736275732C637273662C7362757344
:1083540020696E76005278204661696C53616665C7
:10836400204D6F6465006E6F207369672C6C6F77A6
:10837400207468722C627920636E662C6C6F77208F
:1083840074687220636E742C63683163683420638C
:108394006E740052782053657220506F72740073AB
:1083A400657269616C2C63616E005278205365724A
:1083B400204261756472617465005278205365725D
:1083C400204C696E6B204D6F6465007472616E732E
:1083D400702E2C6D61766C696E6B2C6D61766C6998
:1083E4006E6B582C6D737058005278204D61762056
:1083F40053797374656D2049440035312C35322C22
:1084040035332C35342C353500527820536E6420A6
:10841400526164696F53746174006F66662C617293
:1084240064755F312C6D6574685F62005278205307
:108434006E642052634368616E6E656C006F66669D
:108444002C7263206F766572726964652C72632086
:108454006368616E6E656C73005278204F7574208A
:1084640052737369204368005278204F7574204C0E
:108474005120436800527820506F776572205377FB
:1084840020436800527820465320436831005278D4
:1084940020465320436832005278204653204368D4
:1084A40033005278204653204368340052782046E3
:1084B40053204368350052782046532043683600E1
:1084C4005278204653204368370052782046532080
:1084D4004368380052782046532043683900527864
:1084E40020465320436831300052782046532043BD
:1084F40068313100527820465320436831320052AB
:10850400782046532043683133002D313230202502
:108514002C3020252C31323020250052782046532F
:108524002043683134005278204653204368313563
:10853400005278204653204368313600160018183C
:1085440000181818121807000000030000000201A8
:1085540001010202020202030304010101020202F8
:1085640002020202020202020202010202020202E8
:10857400010000000000000000000000D8B1010864
:108584002B130000F8A001080A00000000000000FE
:1085940000000000000000000000000000000000D7
:1085A4000000000000010203800080FF00000100C1
:1085B4000A000A000E0019001400640016009E0050
:1085C400D8A80108E8A20108207E120024AC010802
:1085D400E0A50108207E1800DE080020FF0000004E
:1085E400A4800108B08001083B6D01080000000070
:1085F40000000000000000003B6D010800000000C6
:10860400E6080020FE00000065830108137F0108CE
:108614003B6D0108000000000000000000000000A5
:10862400BC8001088A090020E5080020FE00000043
:10863400E0800108297C01083B6D0108000000006E
:108644000000000000000000E88001088809002004
:10865400E7080020FE00000016810108317C0108B3
:108664003B6D010800000000000000000000000055
:108674001F8101088C09002016080020FE0000005C
:108684002F8101083A7C01083B6D010800000000BD
:1086940000000000000000008E090020000000001F
:1086A40017080020FE00000038810108437C0108FF
:1086B4003B6D010800000000000000000000000005
:1086C40045810108D209002018080020FE0000009E
:1086D40077810108507C01083B6D0108000000000F
:1086E400000000000000000084810108D40900207B
:1086F40019080020FE000000998101085D7C010832
:108704003B6D0108000000000000000000000000B4
:10871400A5810108000000001A080020FE000000E6
:10872400B4810108697C01083B6D01080000000068
:108734000000000000000000BF810108D6090020ED
:108744001B080020FE000000CD810108747C010894
:108754003B6D010800000000000000000000000064
:10876400D9810108D80900201C080020FE0000005F
:10877400F0810108807C01083B6D010800000000C5
:10878400000000000000000000820108000000005A
:108794001E080020FE000000258201088C7C0108D0
:1087A4003B6D010800000000000000000000000014
:1087B400368201080000000021080020FE000000AD
:1087C4003F8201089D7C01083B6D01080000000008
:1087D40000000000000000005082010800000000BA
:1087E40022080020FE0000005C820108AE7C010823
:1087F4003B6D0108000000000000000000000000C4
:108804006B820108000000001F080020FE00000029
:108814008E820108BD7C01083B6D01080000000048
:10882400000000000000000098820108DA0900201E
:1088340026080020FE000000A4820108C77C01086D
:108844003B6D010800000000000000000000000073
:10885400AE8201080000000023080020FE00000092
:10886400B5820108D17C01083B6D010800000000BD
:108874000000000000000000C6820108DC0900209E
:1088840024080020FE000000E4820108DE7C0108C8
:108894003B6D010800000000000000000000000023
:1088A400F48201080000000025080020FE000000FA
:1088B400FE820108EE7C01083B6D01080000000007
:1088C40000000000000000000C830108000000000C
:1088D400F2070020FE00000018830108FC7C010858
:1088E4003B6D0108000000000000000000000000D3
:1088F400DE09002000000000F3070020FE00000055
:1089040021830108057D01083B6D0108000000007A
:10891400000000000000000045810108220A002038
:10892400F4070020FE0000002E830108127D0108D8
:108934003B6D010800000000000000000000000082
:10894400A581010800000000F5070020FE000000DA
:108954003A8301081E7D01083B6D010800000000F8
:10896400000000000000000046830108240A0020E3
:10897400F7070020FE000000598301082A7D010842
:108984003B6D010800000000000000000000000032
:108994006A8301080000000000080020FE000000B7
:1089A400978301083B7D01083B6D0108000000002E
:1089B4000000000000000000A3830108260A002034
:1089C400F8070020FE000000AE830108477D01087F
:1089D4003B6D0108000000000000000000000000E2
:1089E4000082010800000000F9070020FE000000DA
:1089F400BE830108537D01083B6D0108000000009F
:108A04000000000000000000CF8301080000000007
:108A140001080020FE000000ED830108637D0108C9
:108A24003B6D010800000000000000000000000091
:108A3400FE83010800000000FA070020FE00000089
:108A44000D840108747D01083B6D010800000000DD
:108A540000000000000000001E8401080000000067
:108A6400FC070020FE00000030840108857D010819
:108A74003B6D010800000000000000000000000041
:108A84004184010800000000F6070020FE000000F9
:108A94005D840108967D01083B6D0108000000001B
:108AA40000000000000000006B82010800000000CC
:108AB400FE070020FE0000006C840108A57D01086B
:108AC4003B6D0108000000000000000000000000F1
:108AD4006B82010800000000FF070020FE00000078
:108AE40079840108B27D01083B6D01080000000093
:108AF40000000000000000006B820108000000007C
:108B0400060800200200000088840108C17D0108D5
:108B14001D850108000000008800000078000000A6
:108B24003B6D01080000000007080020020000005F
:108B340092840108CB7D01081D8501080000000016
:108B440088000000780000003B6D01080000000070
:108B540008080020020000009C840108D57D01085B
:108B64001D85010800000000880000007800000056
:108B74003B6D01080000000009080020020000000D
:108B8400A6840108DF7D01081D850108000000009E
:108B940088000000780000003B6D01080000000020
:108BA4000A08002002000000B0840108E97D0108E1
:108BB4001D85010800000000880000007800000006
:108BC4003B6D0108000000000B08002002000000BB
:108BD400BA840108F37D01081D8501080000000026
:108BE40088000000780000003B6D010800000000D0
:108BF4000C08002002000000C4840108FD7D010867
:108C04001D850108000000008800000078000000B5
:108C14003B6D0108000000000D0800200200000068
:108C2400CE840108077E01081D85010800000000AC
:108C340088000000780000003B6D0108000000007F
:108C44000E08002002000000D8840108117E0108EB
:108C54001D85010800000000880000007800000065
:108C64003B6D0108000000000F0800200200000016
:108C7400E28401081B7E01081D8501080000000034
:108C840088000000780000003B6D0108000000002F
:108C94001008002002000000ED840108267E01086F
:108CA4001D85010800000000880000007800000015
:108CB4003B6D0108000000001108002002000000C4
:108CC400F8840108317E01081D85010800000000B8
:108CD40088000000780000003B6D010800000000DF
:108CE40012080020FE000000038501083C7E0108F4
:108CF4003B6D0108000000000000000000000000BF
:108D04000E8501080000000013080020FE0000008A
:108D14001F850108477E01083B6D01080000000023
:108D240000000000000000000E85010800000000A3
:108D340014080020FE0000002A850108527E010864
:108D44003B6D01080000000000000000000000006E
:108D54000E8501080000000015080020FE00000038
:108D6400358501085D7E01083B6D010800000000A7
:108D740000000000000000000E8501080000000053
:108D84006162636465666768696A6B6C6D6E6F7057
:108D94007172737475767778797A30313233343509
:108DA400363738395F232D2E0000000000070E09E6
:108DB4001C1B1215383F363124232A2D70777E79F7
:108DC4006C6B6265484F464154535A5DE0E7EEE9E7
:108DD400FCFBF2F5D8DFD6D1C4C3CACD90979E99D7
:108DE4008C8B8285A8AFA6A1B4B3BABDC7C0C9CEC7
:108DF400DBDCD5D2FFF8F1F6E3E4EDEAB7B0B9BEB7
:108E0400ABACA5A28F88818693949D9A2720292EA6
:108E14003B3C35321F18111603040D0A5750595E96
:108E24004B4C45426F68616673747D7A898E878086
:108E340095929B9CB1B6BFB8ADAAA3A4F9FEF7F076
:108E4400E5E2EBECC1C6CFC8DDDAD3D4696E676066
:108E540075727B7C51565F584D4A4344191E171056
:108E640005020B0C21262F283D3A33344E49404746
:108E740052555C5B7671787F6A6D64633E39303736
:108E840022252C2B0601080F1A1D1413AEA9A0A726
:108E9400B2B5BCBB9691989F8A8D8483DED9D0D716
:108EA400C2C5CCCBE6E1E8EFFAFDF4F30000000024
:108EB4003209000000000000010000007C2B0000CB
:108EC4000000000002000000890C00000000000007
:108ED40004000000ED0E030C0D000000050000006E
:108EE400D91C010000000000060000006803000017
:108EF40000000000070000007720000000000000D0
:108F04000800000075240000000000000B000000B1
:108F1400590601040000000014000000D6140302E6
:108F240003000000150000009F0203000100000080
:108F340016000000DC19000000000000170000000B
:108F4400A8170304050000001800000018340000EE
:108F54000000000019000000176500000000000078
:108F64001A000000AA180000000000001B00000006
:108F7400901D0000000000001C00000043100000D1
:108F8400000000001D00000073100000000000003D
:108F94001E000000271C0000000000001F0000004D
:108FA400F63000000000000020000000B91C0000A2
:108FB4000000000021000000681C00000000000008
:108FC40022000000ED160000000000002300000055
:108FD400F41600000000000024000000DE2500005C
:108FE4000000000025000000D40703040500000071
:108FF4002600000009070304050000002700000004
:10900400FE2603202100000028000000E6050302DC
:1090140003000000290000001C04030203000000F8
:109024002A0000001C120000000000002B000000B9
:1090340084030300010000002C000000DD0903028A
:10904400030000002D000000E803030001000000FD
:109054002E0000000B020000000000002F000000A2
:109064009908030001000000300000002915010CDC
:109074000000000031000000271400000000000080
:10908400320000004E2503121300000033000000DC
:10909400C4050302030000003500000003050000BE
:1090A40000000000360000000F1B03181900000028
:1090B4003700000003190000000000003D0000001C
:1090C400A7480000000000003E000000B71A00009E
:1090D400000000003F00000077B500000000000021
:1090E40040000000BFE1000000000000410000005B
:1090F400762A0000000000004200000094060302EB
:1091040003000000430000001504000000000000FC
:1091140045000000F31E010A0000000046000000A4
:109124007C260310110000004900000026260320BD
:10913400210000004A000000141400000000000098
:109144004B0000009E23031E1F0000004C00000083
:109154009821031E1F0000004D0000008F0A030821
:1091640009000000500000000E0403020300000088
:10917400510000006A1600000000000052000000C8
:10918400313303242500000053000000162500009D
:1091940000000000540000008F350332330000004B
:1091A400550000008C330000000000005600000051
:1091B40005350332330000005700000096330000E9
:1091C4000000000059000000E71C0000000000003F
:1091D4005A000000B7380000000000005B000000E7
:1091E4003F2A0000000000005C000000362100005F
:1091F400000000005D0000002F510000000000008E
:1092040064000000AF2200000000000065000000C0
:109214006675000000000000660000009E750000F6
:109224000000000067000000D039000000000000CA
:1092340068000000387400000000000069000000AD
:109244005D3F0000000000006A0000008A2C00005E
:10925400000000006B0000006C41000000000000F2
:109264006C000000205C0000000000006D000000A5
:10927400B9090000000000006E00000054FE030164
:10928400020000006F000000221203101100000011
:1092940070000000AE0C000000000000710000002F
:1092A4007C2700000000000072000000ED2C00008C
:1092B40000000000730000000440000000000000F3
:1092C400740000004C18000000000000750000004D
:1092D400800603040500000076000000380E00003C
:1092E4000000000077000000740C030A0B0000006B
:1092F4007800000086610000000000007900000092
:10930400ED020300010000007A000000CB0203001C
:10931400010000007B000000FA710300010000005E
:109324007C00000057390000000000007D000000B0
:10933400CB060000000000007E000000DC51034F5B
:10934400500000007F00000019230000000000000E
:1093540080000000E2230000000000008100000003
:109364002E18000000000000820000001D0D000007
:109374000000000083000000DFFF00000000000088
:109384008400000055270000000000008500000054
:10939400061200000000000086000000E52B00001B
:1093A4000000000087000000CB080000000000005F
:1093B4008800000001160000000000008900000081
:1093C400C3100000000000008A0000006D78000057
:1093D400000000008B000000A82B03292A000000D5
:1093E4008C000000B5290000000000008D00000082
:1093F4002F200000000000008E00000048F3000051
:10940400000000008F000000831000000000000036
:10941400900000007F5D000000000000920000004A
:109424006764000000000000930000009A3600000A
:109434000000000094000000B24E00000000000094
:1094440095000000C83C00000000000096000000E9
:10945400862A00000000000097000000DB080306D5
:109464000700000098000000D00800000000000081
:1094740099000000BC0C0000000000009A000000ED
:10948400540F0306070000009B000000160D0304A0
:10949400050000009C00000013060300010000000A
:1094A4009D000000150F030C0D0000009E0000003D
:1094B400860F030C0D000000A00000004E0C0308F2
:1094C40009000000A10000004403030001000000A3
:1094D400A2000000BD09000000000000A30000007D
:1094E4007F1C000000000000A40000009A2C000073
:1094F40000000000A50000001503000000000000AB
:10950400A60000001509000000000000A7000000EC
:109514009016000000000000A8000000010C0000EC
:1095240000000000A9000000EA1200000000000092
:10953400AA0000004922000000000000AB00000067
:10954400B542000000000000AC00000016620000FC
:1095540000000000AD0000005308000000000000FF
:10956400AE000000A730000000000000AF000000C3
:109574008A13030E0F000000B0000000EA0303008A
:1095840001000000B1000000F01400000000000021
:10959400B20000002F18000000000000B30000001B
:1095A400BD1D011A00000000B4000000342F012A80
:1095B40000000000B5000000AE0400000000000040
:1095C400B6000000E528000000000000B70000001D
:1095D4005502030001000000B80000009FCE030400
:1095E40005000000B9000000BA07030405000000EC
:1095F400BA000000481D030001000000BF00000085
:109604005C1B000000000000C000000024360000C5
:1096140000000000C1000000471A00000000000024
:10962400C20000006221000000000000C30000002E
:109634007825000000000000C8000000862A0328E6
:1096440029000000C9000000CD0E030C0D0000002D
:10965400D60000004508030607000000D7000000FC
:109664006503000000000000D8000000320303007E
:1096740001000000D9000000CA060000000000003C
:10968400DA0000001107030001000000DB00000005
:10969400A202000000000000DC0000002220000004
:1096A40000000000DD000000472A00000000000068
:1096B400DE0000000F03000000000000DF000000D7
:1096C400772F032A2B000000E0000000662D032AF8
:1096D4002B000000E1000000D04900000000000061
:1096E400E2000000CF08000000000000E6000000D7
:1096F400A32A000000000000E70000006928000021
:1097040000000000E8000000974100000000000095
:10971400E900000023B6000000000000EA00000099
:109724009628000000000000EB000000B32A0000AF
:1097340000000000F10000005A20000000000000BA
:10974400F2000000683C000000000000F30000008C
:10975400553D013400000000F40000005F060000E5
:1097640000000000F500000082020000000000007C
:10977400F6000000B826000000000000F70000001A
:109784005113000000000000F800000008FE03036D
:1097940004000000F9000000CC24000000000000D8
:1097A400FA000000311E000000000000FB00000071
:1097B400AA12000000000000FC0000002C120000AF
:1097C40000000000FD00000053360000000000000F
:1097D400FE0000002E09000000000000000100004F
:1097E400472A030809000000010100008309000062
:1097F4000000000002010000BBE8030001000000BB
:10980400030100005CED0000000000000401000002
:10981400920E00000000000005010000B33D0000AE
:1098240000000000060100000C170000000000000A
:109834000701000085FF000000000000080100008F
:109844003120000000000000090100001A1400008B
:10985400000000000A010000C1FF03020300000031
:109864000B01000023FF0302030000000C010000B1
:109874000E040302030000000D0100006DD7000078
:10988400000000000E0100003B1400000000000076
:109894000F01000016350000000000001301000055
:1098A4007E200000000000001401000012320000BD
:1098B40000000000150100003E1E00000000000032
:1098C40018010000462100000000000019010000FA
:1098D400300D0000000000001A0100007B2303206B
:1098E400210000001B0100004A910000000000005C
:1098F4001C0100006320031E1F0000001D01000066
:1099040089310326270000001E010000D2390332EA
:10991400330000001F0100000117031415000000AC
:109924002001000014170314150000002201000098
:10993400FB2E000000000000230100000A39000093
:109944000000000024010000E3DF031819000000F8
:1099540027010000EA0C00000000000028010000BC
:1099640032230000000000002B01000013620000FD
:10997400000000002C010000D916000000000000C7
:109984002D010000F33A0000000000003601000041
:109994001C11000000000000370100005F7400008B
:1099A4000000000040010000F31403020300000063
:1099B40041010000580203000100000042010000C0
:1099C400F395000000000000430100004E930300E3
:1099D4000100000044010000849200000000000027
:1099E4004A01000017A70000000000004B0100001E
:1099F4005BE90000000000004C010000ECEF0000F7
:109A0400000000004D010000E76D000000000000B0
:109A14004E010000480A0000000000004F01000051
:109A2400E11800000000000050010000F55400009F
:109A34000000000053010000C70500000000000002
:109A440054010000634600000000000059010000BA
:109A5400D1150302030000005E010000E8FC0000D1
:109A64000000000062010000D20E030C0D00000093
:109A740063010000060C0000000000006801000003
:109A84000B19000000000000690100005D210000C6
:109A940000000000710100009718000000000000A1
:109AA400720100004B6D0000000000007301000013
:109AB4000A1A000000000000740100001A8C000063
:109AC4000000000075010000752A0000000000007D
:109AD40077010000FB8C000000000000780100000A
:109AE400C7080000000000007C010000E81400002A
:109AF40000000000810100009385030203000000C0
:109B040082010000841003040500000083010000AA
:109B14000448030405000000840100000825032014
:109B240021000000860100009CF0000000000000FD
:109B34008B01000000D40000000000008C01000034
:109B440032A00000000000008D010000B66C00008F
:109B540000000000900100006EFE030405000000F8
:109B640091010000B7060304050000009A010000FB
:109B7400A0350000000000009B0100006A03000003
:109B8400000000009C010000210603040500000001
:109B94009D0100004D070304050000009E01000024
:109BA4006D100000000000009F010000A1100000E3
:109BB40000000000A401000014490306070000008F
:109BC400B3010000862E000000000000B401000074
:109BD400C109000000000000B50100001E010000E2
:109BE40000000000B8010000422300000000000053
:109BF400B9010000A911000000000000FE010000EE
:109C0400F56A000000000000FF0100001C4700008E
:109C14000000000000020000B80200000000000084
:109C2400421F0000DA10000000000000431F000083
:109C3400E729000000000000441F0000AC6200009F
:109C440000000000451F0000FB260000000000008B
:109C5400461F0000610E000000000000471F0000C6
:109C64004020000000000000481F0000EA2100001E
:109C740000000000491F00009010000000000000D8
:109C84004A1F00009B290000000000004B1F000039
:109C940014660000000000004C1F00003610000095
:109CA400000000004D1F0000DE2E00000000000038
:109CB4004E1F0000C80E0000000000004F1F0000EF
:109CC4001718000000000000501F0000951200004B
:109CD400000000002823000071890000000000003B
:109CE4002D23000075220000000000001127000051
:109CF400D11400000000000012270000BA2900005F
:109D04000000000013270000040100000000000010
:109D1400142700008509000000000000152700003A
:109D2400670900000000000016270000C1040000BD
:109D34000000000017270000471100000000000089
:109D440018270000F00E000000000000A727000004
:109D5400C355000000000000F82A00008634030404
:109D640005000000F92A00000F8800000000000030
:109D7400FA2A0000EAB4030405000000FB2A0000EC
:109D84004005000000000000FC2A00000BE8030866
:109D940009000000FD2A00005DE60000000000004C
:109DA400022B00002E31000000000000032B0000F5
:109DB4006A2C0000000000000C2B0000CD100000F5
:109DC40000000000162B0000902C00000000000092
:109DD400172B0000852C000000000000182B000049
:109DE400552C000000000000192B0000C3250310AF
:109DF400110000001A2B00004F05000000000000B5
:109E04001B2B000080080304050000001C2B00002D
:109E1400B1220000000000001D2B0000821C000085
:109E2400000000001E2B00002F2600000000000090
:109E34001F2B00008E09000000000000202B0000F2
:109E4400842C000000000000212B0000D02C000016
:109E540000000000222B0000C92C000000000000BC
:109E6400232B0000C12C000000000000242B000064
:109E7400BD2C000000000000342B0000A24E0000A6
:109E84000000000064320000722C03000100000096
:109E940065320000FE3B031E1F0000006632000016
:109EA4008C3503040500000067320000F92E03001E
:109EB40001000000683200004D36031C1D00000044
:109EC40069320000312B03000100000073320000EE
:109ED4005EF9030001000000763200008B330000BD
:109EE4000000000077320000071203101100000088
:109EF40078320000140500000000000068420000F1
:109F040067B3000000000000FE4200001A210000B8
:109F140000000000FF4200004810000000000000A4
:109F24000143000013110000000000000243000080
:109F34005911000000000000034300001B0A000048
:109F440000000000044300000E5B0000000000005D
:109F540005430000BB54000000000000064300005D
:109F64006A1800000000000010A40000E3010000D3
:109F74000000000011A40000EF2E0000000000000B
:109F840051C30000F62000000000000052C300008E
:109F9400B5F600000000000053C300003E130000AB
:109FA4000000000054C30000F00A03080900000088
:109FB40055C30000980603040500000020CB0000F0
:109FC4000D6400000000000021CB0000EF01000040
:109FD4000000000015CD0000F0110000000000009A
:109FE40016CD0000584E00000000000017CD000000
:109FF400605500000000000018CD0000B11C0000F6
:10A004000000000019CD0000D7320000000000005D
:10A0140078CD0000B52603202100000079CD000092
:10A02400662400000000000060EA00000416031427
:10A03400150000006AEA0000D021000000000000C2
:10A044006BEA0000B7070000000000006CEA0000A3
:10A0540063240320210000006DEA0000811803142A
:10A06400150000006EEA00008608030405000000E5
:10A0740074EA0000CA0400000000000088EA00003E
:10A084009CF500000000000089EA0000BFFF00000A
:10A09400000000008DEA00000E1703020300000018
:10A0A4008EEA0000AB1C0308090000008FEA0000E0
:10A0B400370700000000000091EA0000610C000076
:10A0C4000000000092EA0000DC0E00000000000026
:10A0D40093EA0000F51800000000000094EA000074
:10A0E400652C00000000000095EA00002D06000029
:10A0F400000000006666F435CCCCFC3533330536FD
:10A1040099990D360000163666661E36CCCC263676
:10A1140033332F369999373600004036000000005B
:10A124000000000000000000001E000000F000001D
:10A134000FC0000000330000019800000FF8000079
:10A14400002101FFFF0800000FFE0000002103FFB3
:10A15400FF08000000FF80000033070001980000A2
:10A16400001FC000001E0E0000F01E000E07E000DD
:10A174003C0C1C00000033000FC1F000660C381FBB
:10A18400FFFFE1000FF0F800420C703FFFFFE10019
:10A194000FFC7C00420CE0700000330000FE3E0027
:10A1A400640CC0E000001E00001F1E003E0CC1C075
:10A1B400000000000F0F8F00070CC38F8000000009
:10A1C4000FC7CF00038CC71FDE0000000FE3C7805A
:10A1D40001CCCE387300000003F1E78000CCCC70D2
:10A1E4002100000000F8F3C000CCCCE02100000006
:10A1F400007CF3C000CCCDCF331FF801F83C71C014
:10A2040000CCCD8F1E1FFE07FE1E79C000CCCD8F63
:10A21400001FFF0FFF1E79C00000018F001E0F0FEB
:10A22400078E79C00E3C3C0F001E078E078E79C046
:10A234000FFE7F0F001E078E038000000FFFFF0F2D
:10A24400001E078F000000000F9FCF8F001E0F8F8E
:10A25400C00000000F0F878F001E1F07F8000000CA
:10A264000F0F078F001FFE03FE0000000F0F078F64
:10A27400001FFC00FF0000000F0F078F001FF800F5
:10A284001F0000000F0F078F001E3C000780000016
:10A294000F0F078F001E3E0E038000000F0F078F65
:10A2A400001E1E0E038000000F0F078F001E1F0FDD
:10A2B400078000000F0F078FFF1E0F8FFF000000A5
:10A2C4000F0F078FFF1E0F87FE0000000F0F078F71
:10A2D400FF1E0781FC0000000000000000000000D9
:10A2E40000000000000000000B0001000000020B51
:10A2F4000B04F600030006050B02F6000700070C2A
:10A304000B02F6001200080C0B01F6001E00070BEE
:10A314000B02F6002800070A0B02F70031000305C0
:10A324000B04F6003300020D0B05F6003700020D96
:10A334000B04F6003B0007070B02F6004200070778
:10A344000B02F800490003050B02FF004B00090152
:10A354000B01FB004D0002020B04FF004E00070D31
:10A364000B02F5005A00070B0B02F6006400050B04
:10A374000B03F6006B00070B0B02F6007500080BCD
:10A384000B01F6008000060B0B03F6008900070B97
:10A394000B02F6009300070B0B02F6009D00070B5F
:10A3A4000B02F600A700070B0B02F600B100070B27
:10A3B4000B02F600BB0002080B04F900BD00030BFE
:10A3C4000B03F900C20008080B01F800CA000904D5
:10A3D4000B01FA00CF0009080B01F800D800070AA6
:10A3E4000B02F700E100080C0B02F600ED000B0A6B
:10A3F4000B00F700FB00090A0B01F7000701090A2B
:10A404000B01F7001301090A0B01F7001F01090AE8
:10A414000B01F7002B01090A0B01F70037010A0AA7
:10A424000B01F7004401090A0B01F7005001050A6A
:10A434000B03F7005701080A0B02F7006101090A30
:10A444000B01F7006D01080A0B02F70077010B0AF4
:10A454000B00F7008501090A0B01F7009101090AB5
:10A464000B01F7009D01080A0B01F700A701090D74
:10A474000B01F700B601090A0B01F700C201070A34
:10A484000B02F700CB01090A0B01F700D701090AF7
:10A494000B01F700E3010B0A0B00F700F1010B0AB3
:10A4A4000B00F700FF01090A0B01F7000B02090A70
:10A4B4000B01F7001702070A0B02F7002002020D36
:10A4C4000B05F6002402070D0B02F5003002020D05
:10A4D4000B04F600340207050B02F60039020B01E7
:10A4E4000B0002003B0203030B03F5003D020908C5
:10A4F4000B01F9004602090B0B01F6005302070891
:10A504000B02F9005A02090B0B01F6006702080856
:10A514000B01F9006F02060B0B03F6007802090B1E
:10A524000B01F9008502090B0B01F6009202070AE0
:10A534000B02F7009B02050D0B03F700A402080BA6
:10A544000B02F600AF02070B0B02F600B902090872
:10A554000B01F900C20209080B01F900CB0209083A
:10A564000B01F900D402090B0B01F900E102090BFC
:10A574000B01F900EE0207080B03F900F5020708C6
:10A584000B02F900FC02080A0B02F7000603080894
:10A594000B01F9000E0309080B01F9001703090860
:10A5A4000B01F900200309080B01F9002903090B29
:10A5B4000B01F900360307080B02F9003D03030DF4
:10A5C4000B04F6004203010D0B05F6004403030DD2
:10A5D4000B04F600490307030B02FA000000000015
:10A5E4000E0001000000030F0E06F200060008072B
:10A5F4000E03F2000D000A100E02F20021000A11EF
:10A604000E02F20037000A0F0E02F2004A00090C93
:10A614000E03F500580003070E05F2005B00031259
:10A624000E07F200620003120E04F2006900090929
:10A634000E03F2007400090B0E03F50081000507F8
:10A644000E03FD0086000B010E02FA0088000303CE
:10A654000E05FE008A0009120E03F1009F00090F87
:10A664000E03F200B000070E0E04F300BD00090F44
:10A674000E02F200CE000A0F0E02F200E100080FF3
:10A684000E03F200F000090F0E03F2000101090F9E
:10A694000E03F2001201080F0E03F2002101090F4C
:10A6A4000E03F2003201090F0E03F2004301030A04
:10A6B4000E05F7004701050D0E03F70050010B0BC3
:10A6C4000E02F50060010C040E01F80066010B0B8C
:10A6D4000E02F5007601090E0E03F300860109103F
:10A6E4000E03F20098010E0E0E00F300B1010B0EE2
:10A6F4000E02F300C5010A0E0E02F300D7010A0E82
:10A704000E02F300E9010B0E0E02F300FD010B0E25
:10A714000E02F30011020B0E0E02F30025020A0EC4
:10A724000E02F3003702070E0E04F30044020B0E70
:10A734000E02F30058020C0E0E02F3006D020B0E13
:10A744000E02F30081020D0E0E01F30098020C0EAE
:10A754000E01F300AD020C0E0E01F300C2020A0E4C
:10A764000E02F300D4020C110E01F300EE020C0EE3
:10A774000E02F30003030A0E0E02F30015030B0E80
:10A784000E02F30029030C0E0E01F3003E030E0E1D
:10A794000E00F30057030E0E0E00F30070030C0EB0
:10A7A4000E01F30085030C0E0E01F3009A03090E4B
:10A7B4000E03F300AA0303120E07F200B1030912F9
:10A7C4000E03F100C60303120E05F200CD030906C1
:10A7D4000E03F200D4030E010E000300D60304049A
:10A7E4000E04F100D8030A0A0E02F700E5030D0F68
:10A7F4000E00F200FE030B0A0E02F7000C040B0F0E
:10A804000E02F20021040A0A0E02F7002E04090FB8
:10A814000E04F2003F040B0E0E02F70053040A0F5D
:10A824000E02F2006604090F0E03F2007704071308
:10A834000E03F20088040C0F0E01F2009F04090FAE
:10A844000E03F200B0040D0A0E01F700C1040C0A55
:10A854000E01F700D0040B0A0E02F700DE040C0E02
:10A864000E01F700F3040B0E0E02F70007050A0AA7
:10A874000E03F70014050A0A0E02F70021050B0E59
:10A884000E01F30035050B0A0E02F70043050D0A0D
:10A894000E01F70054050D0A0E01F70065050C0AB8
:10A8A4000E01F70074050C0E0E01F7008905090A64
:10A8B4000E03F700950505120E05F200A10501121D
:10A8C4000E07F200A40505120E05F200B0050A03F6
:10A8D4000E02F900AAA80CED2492482448912FE412
:10A8E400897F28512240083E6240300E0181C3BE58
:10A8F40008087112238023B80E224470388102069E
:10A904001A6546C8ECE9245AAAA940A9555A8010E8
:10A91400224BE3051100102047F10204006B48FFAD
:10A9240000F0020810608104082041020800388AFF
:10A934000C183060C18288E02728421084213E38F8
:10A944008A08102082086103F87C0602021C0601B2
:10A954000101423C18A2928A28BF0821C07C8103CD
:10A96400E44040810388E01E41040B98B0C1C288D2
:10A97400E0FE040820408204082040388A0C144772
:10A984001141838CE0388A1C1868CE810413C0F00E
:10A994000F6C00D2D2000304186060180403FF8017
:10A9A400001FF040180300602060C0803D84083020
:10A9B400C2000000303C46828EB2A2A29F8080403A
:10A9C4003C3C014028090110420FC104409E3CFE5A
:10A9D40021904867E209028141FF803EB0F03008CF
:10A9E40004020080608F80FE219068140A050283AF
:10A9F400437F00FF20900887C221008140FFC0FFF1
:10AA0400A0500887C22100804078001E986C0A007C
:10AA14008020F80B026087C0E3A0904827F2090465
:10AA2400824171C0F90842108427C01F0202020249
:10AA3400028282C678E3A11109058321088441704A
:10AA4400C0E04040404040414141FFE0EC1945280E
:10AA5400A4A494911202405C1CC3B0944A24924969
:10AA6400148A4370801E319050180C060282630FC2
:10AA740000FE434141427C404040F01C319050185C
:10AA84000C060282631F04079230FE21904824239F
:10AA9400E110844170C03ACD0A030180C1C778FF38
:10AAA400C462210080402010081F00E3A0904824C5
:10AAB40012090482220E00F1E810821042102204CE
:10AAC40080500C0080F1E809112544A8550CA18C94
:10AAD400318430E3A088828080C090444171C0E317
:10AAE400A088828140402010081F00FD0A208104B4
:10AAF400102183FCEAAAAAC0808103020404080886
:10AB040010102020D55555C01051222820FFE08870
:10AB1400807E008047EC140A0CFBC020100BC61288
:10AB240005028140B0B7803A8E0C0810109E0300D5
:10AB34008047A4340A050281218F603C4381FF8051
:10AB440080613E3D043E410410410F803DA1A05070
:10AB54002814090C7A01018780C020100BC6320921
:10AB640004824120B8E01001C08102040811FC10E5
:10AB74003E10842108423F00C040404F4458704872
:10AB84004442C7702040810204081023F8B764626D
:10AB940031188C4623915E31904824120905C73E32
:10ABA40031A030180C058C7CDE309028140A058402
:10ABB400BC402038003DA1A0502814090C7A0100A3
:10ABC40080E0CEA1820408107C3A8D0B80F070DE08
:10ABD4004040FC4040404040413EC341414141412E
:10ABE400433DE3A090844220A05010E3C0924B2543
:10ABF40092A99844E331050101411105C7E3A090EE
:10AC0400844240A0601010083E00FD082082081015
:10AC1400BF2924A24926FFF889248A492C612430BB
:10AC24004924924801F8E7E7674242424209024157
:10AC34001044111FF1104C123FE1204812048120EE
:10AC4400480407A21902401003003C0080100601CA
:10AC5400E0A7C0401004003C19842108660F000CD2
:10AC64001C7801E0CC21084330783E301008020300
:10AC74000347148A43118F60FDA49005252492484C
:10AC84009224112489249292900004021107F0C0A6
:10AC940050484200080402010087FC201008040206
:10ACA400003B9CCE6200FFE0FF800080C04020207B
:10ACB4001010080804040202010100808040001CF6
:10ACC400319058380C06030180C06030341318707A
:10ACD40030E14481020408102040811FC01E1090FE
:10ACE4006810080C040404060606060E07FE3E104F
:10ACF400400802008040E004008010040100D86392
:10AD0400E0060A0A12222242428282FF0202020F53
:10AD14007F2010080402F18C0300804020181618CC
:10AD2400F00F8C08080404027946C1E06028141965
:10AD34000878FF818102020202040404040808085E
:10AD4400083E31B070180C058C3863406030181B15
:10AD540018F83C313050280C0F06853C80404020C8
:10AD64002063E0FF8007FC39CE0000063398C4005E
:10AD740000C060180C0601800C0060030030010064
:10AD8400FFF000000FFFC00600300180180180C0F2
:10AD940030180C0200003E60A020100808181008AB
:10ADA40000000001C0E01C31105028143A25229103
:10ADB4004CA3F0080201807C3F000C0048012004F1
:10ADC4004021008404081FE040820108042013E1AC
:10ADD400F0FF081101202404811FC2064068050009
:10ADE400A01405FF001E487405018020080200809D
:10ADF400200401013087C0FE1044090240501405AC
:10AE0400014050140D02413F80FFC8090120040095
:10AE1400881F022040080100A01403FFC0FFE805BA
:10AE240000A00400881F022040080100200401F053
:10AE3400001F4619016028010020040083F00B0163
:10AE440020230C3E00E1D0240902409027F902405F
:10AE54009024090240B870FE2040810204081020AA
:10AE640040811FC00FE01002004008010020048050
:10AE740090120240C6307C00F1E40C4104204404EA
:10AE8400805C066043041040840840CF07F8040047
:10AE9400801002004008010020040480901203FF87
:10AEA400C0E03B019414A0A48924491448A245128B
:10AEB400109004802401783CE0F6025025024824D6
:10AEC400C244242243241240A40A406F060F030CF8
:10AED4006064028018018018018018014026063041
:10AEE400C0F0FF1064050140503419FC4010040107
:10AEF40000403E000F030C606402801801801801BA
:10AF040080180140260630C1F00C01F130E0FF0446
:10AF14001840C40440440C4187E0430410408404B6
:10AF2400404F031F48340501400801C00E0040187B
:10AF34000601E1A7C0FFF08610820040080100204E
:10AF4400040080100200407F00F0F402402402401C
:10AF5400240240240240240240220430C0F0F87C41
:10AF64008022010404102040808202100840110055
:10AF74004801A003000C00F87C80220088C2231042
:10AF84008E4229092424909141850614187060800A
:10AF9400F0F2063041080980500600600D00881068
:10AFA400C204602F0FF0F202104104088050050023
:10AFB400200200200200200201FCFF40A09040403B
:10AFC40040202020105030180FFCF24924924924CC
:10AFD4009C806010080201004020080401008020C9
:10AFE400100402008040E492492492493C080C0970
:10AFF4000C4C1404FFFC84213E006008023F982896
:10B004000A02C39F30E00100080040020013E0A0E0
:10B0140086022009004802401301141B9F001F4CA4
:10B024001901402801002002006043F000C008011B
:10B034000020043C98520680500A0140240CC28728
:10B04400983F18680601FFE008030060C7C00F9826
:10B0540008040207F8804020100804020103F81EC7
:10B064006C390340280500A012066143C801002082
:10B07400083E00C010040100401387118240902450
:10B08400090240902E1C080402000003C02010088E
:10B09400040201008043FE040810001FC081020462
:10B0A4000810204081020BE0E00200200200200290
:10B0B4003C2102602C0380240220210208E1F07864
:10B0C400040201008040201008040201008043FEB5
:10B0D400DCE319908484242121090848424217188A
:10B0E400C0678384202202202202202202202F070C
:10B0F4001F04110140180300600A022083E0CF8579
:10B10400066024014014014016025044F840040033
:10B11400400F001E6C3B0340280500A0120661434B
:10B12400C80100200403C0E38B13808020080200C0
:10B1340080203F801F583405801E00600601C0AF88
:10B14400C020040080100FF040080100200400809B
:10B154001003043F00C1C809012024048090120296
:10B1640061C7CCF8F9010810608108084022012069
:10B1740005003000F07A0110088C42621290A50597
:10B184001828C0860078F3041880D006007009815E
:10B194000C206F8FF0F202204104108088090050C7
:10B1A400060020040040080FE0FF410080808080FA
:10B1B400808040BFC0190842108464184210842063
:10B1C400C0FFFFC0C108421084104C421084260006
:10B1D40038133838666666380000703899997938BB
:10B1E40033338338CCCC8C38666696380000A0386C
:10B1F4009999A9383333B338CCCCBC386666C63891
:10B204000000D0389999D9383333E338CCCCEC38B2
:10B214006666F638000000399999093933331339D1
:10B22400CCCC1C39666626390000303999993939F5
:10B2340033334339CCCC4C39666656390000603917
:10B244009999693933337339CCCC7C39666686393C
:10B2540000009039999999393333A339CCCCAC395E
:10B264006666B6390000C0399999C9393333D33980
:10B27400CCCCDC396666E6390000F0399999F939A5
:10B284000000891112239B322446AD573665BF74E2
:10B29400488CC19D5AAFD3BE6CCAE5DB7EE9F7F892
:10B2A4008110080193331A22A5562C47B7753E64C2
:10B2B400C99C408DDBBF52AEEDDA64CBFFF976E872
:10B2C40002218B30100299132667AF763444BD55A2
:10B2D4004AADC3BC588ED19F6EEBE7FA7CC8F5D952
:10B2E40083310A2091121803A7772E66B5543C4582
:10B2F400CBBD42ACD99E508FEFFB66EAFDD874C932
:10B3040004428D5316619F702004A9153227BB3661
:10B314004CCEC5DF5EEDD7FC6888E1997AABF3BA11
:10B3240085520C4397711E60A1142805B3373A2641
:10B33400CDDE44CFDFFD56ECE9986089FBBB72AAF1
:10B3440006638F7214409D512225AB343006B91721
:10B354004EEFC7FE5CCCD5DD6AA9E3B8788AF19BD1
:10B3640087730E6295501C41A3352A24B116380701
:10B37400CFFF46EEDDDC54CDEBB962A8F99A708BB1
:10B38400088481951AA793B62CC2A5D33EE1B7F0E1
:10B394004008C919522BDB3A644EED5F766DFF7C91
:10B3A400899400859BB712A6ADD224C3BFF136E0C1
:10B3B400C1184809D33B5A2AE55E6C4FF77D7E6C71
:10B3C4000AA583B4188691972EE3A7F23CC0B5D1A1
:10B3D4004229CB38500AD91B666FEF7E744CFD5D51
:10B3E4008BB502A499961087AFF326E2BDD034C181
:10B3F400C3394A28D11A580BE77F6E6EF55C7C4D31
:10B404000CC685D71EE597F42880A1913AA3B3B260
:10B41400444ACD5B5669DF78600CE91D722FFB3E10
:10B424008DD604C79FF516E4A9902081BBB332A240
:10B43400C55A4C4BD7795E68E11C680DF33F7A2EF0
:10B444000EE787F61CC495D52AA1A3B03882B19320
:10B45400466BCF7A5448DD59622DEB3C700EF91FD0
:10B464008FF706E69DD414C5ABB122A0B992308300
:10B47400C77B4E6AD5585C49E33D6A2CF11E780FB0
:10B48400A08601000B19000050C300001000041036
:10B4940000005B0101000000B01D000096FF0000E9
:10B4A4000506010C015B00009033000091FF0000D1
:10B4B4000606010C015B00002058000090FF00000C
:10B4C4001580010800000000687E010802000000E9
:10B4D4006E7E010803000000767E0108040000006F
:10B4E400827E0108050000008F7E0108060000002E
:10B4F400987E0108FF000000A07E0108FF00000004
:10B50400A87E010807000000B07E010808000000C2
:10B51400BC7E010809000000C37E0108FF00000092
:10B52400CA7E0108FF000000D37E0108FF0000006E
:10B53400DA7E0108FF000000E27E0108FF0000003F
:10B54400EC7E01080A000000F67E0108FF000000FE
:10B55400FF7E010801000000087F01080B000000C5
:10B564000F7F01080C000000187F0108FF00000095
:10B57400237F0108FF0000002B7F0108FF0000006B
:10B58400397F0108FF000000417F01080D00000021
:10B594004A7F01080E000000567F01080F000000DA
:10B5A400617F0108FF000000707F0108FF000000B8
:10B5B400817F0108FF000000927F0108FF00000066
:10B5C400A37F0108FF000000AD7F0108FF00000019
:10B5D400B77F0108FF000000C17F010810000000D0
:10B5E400D17F0108FF000000DC7F0108FF0000009C
:10B5F400E27F0108FF000000E87F0108FF0000006F
:10B60400EE7F0108FF000000F47F0108FF00000046
:10B6140002800108FF00000012800108FF00000002
:10B6240019800108110000002080010812000000A8
:10B634002B800108FF0000003B800108FF00000090
:10B6440046800108130000004E800108FF0000003E
:10B654005D800108FF00000069800108FF00000010
:10B6640078800108FF00000088800108FF000000C6
:10B674009980010814000000000000000000000090
:10B68400D3240008D5240008D7240008D9240008AE
:10B69400A9EF000899F10008E1F100085DD1000864
:10B6A400E7240008EB24000800000000000000006C
:10B6B40039EF0008112700084D570008000000006A
:10B6C40000000000CD2F0008517E0008000000009B
:10B6D4000000000009800008BF810008E7F30008AB
:10B6E4001327000837270008D1260008ECFFFFFFC6
:10B6F40000000000D3240008D5240008D724000843
:10B70400D9240008F1F30008312700085D27000858
:10B71400DD260008E7240008EB24000800000000F0
:10B7240000000000010203040607080900000000ED
:10B7340001020304010002000400060008000A00DC
:10B744000C001000200040008000000101000000F7
:10B7540002000000040000000600000008000000D1
:10B764000A0000000C00000010000000200000008F
:10B774004000000080000000000100000000000004
:10B78400000FC93F000F494000CB9640000FC9404D
:10B794000053FB4000CB164100ED2F41000F4941FF
:10B7A4000031624100537B41003A8A4100CB96410B
:10B7B400005CA34100EDAF41007EBC41000FC941D4
:10B7C40000A0D5410031E24100C2EE410053FB41EB
:10B7D40000F20342003A0A420083104200CB1642B0
:10B7E40000141D42005C234200A5294200ED2F42B3
:10B7F40000363642007E3C4200C74242000F4942B6
:10B80400A2000000F9000000830000006E000000A8
:10B814004E00000044000000150000002900000054
:10B82400FC0000002700000057000000D1000000C9
:10B83400F500000034000000DD000000C00000003E
:10B84400DB00000062000000950000009900000089
:10B854003C00000043000000900000004100000094
:10B86400FE0000005100000063000000AB00000077
:10B87400DE000000BB000000C50000006100000005
:10B88400B7000000240000006E0000003A00000031
:10B89400420000004D000000D2000000E000000063
:10B8A40006000000490000002E000000EA0000002D
:10B8B40009000000D1000000920000001C000000FC
:10B8C400FE0000001D000000EB0000001C00000052
:10B8D400B100000029000000A70000003E000000A5
:10B8E400E80000008200000035000000F5000000C0
:10B8F4002E000000BB000000440000008400000093
:10B90400E90000009C000000700000002600000018
:10B91400B40000005F0000007E0000004100000051
:10B924003900000091000000D6000000390000003A
:10B93400830000005300000039000000F400000000
:10B944009C000000840000005F0000008B000000E9
:10B95400BD000000F9000000280000003B000000CA
:10B964001F000000F800000097000000FF00000026
:10B97400DE00000005000000980000000F00000039
:10B98400EF0000002F000000110000008B000000F9
:10B994005A0000000A0000006D0000001F000000B3
:10B9A4006D000000360000007E000000CF000000A3
:10B9B40027000000CB00000009000000B7000000D1
:10B9C4004F000000460000003F0000006600000039
:10B9D4009E0000005F000000EA0000002D0000004F
:10B9E4007500000027000000BA000000C700000036
:10B9F400EB000000E5000000F10000007B00000007
:10BA04003D0000000700000039000000F7000000BE
:10BA14008A0000005200000092000000EA000000CA
:10BA24006B000000FB0000005F000000B10000009C
:10BA34001F0000008D0000005D00000008000000F1
:10BA44005600000003000000300000004600000023
:10BA5400FC0000007B0000006B000000AB00000055
:10BA6400F0000000CF000000BC0000002000000037
:10BA74009A000000F4000000360000001D000000E1
:10BA8400A9000000E3000000910000006100000034
:10BA94005E000000E60000001B000000080000003B
:10BAA4006500000099000000850000005F000000B0
:10BAB40014000000A0000000680000004000000026
:10BAC4008D000000FF000000D8000000800000008E
:10BAD4004D0000007300000027000000310000004A
:10BAE40006000000060000001500000056000000DB
:10BAF400CA00000073000000A8000000C900000094
:10BB040060000000E20000007B000000C0000000B4
:10BB14008C0000006B000000DB0F49BFE4CB164033
:10BB2400E4CB16C000000080DB0F4940DB0F49C0A6
:10BB34003863ED3EDA0F493F5E987B3FDA0FC93F29
:10BB44006937AC3168212233B40F14336821A2332E
:10BB54000000C93F0000F0390000DA370000A233CA
:10BB64000000842E0000502B0000C2270000D022C9
:10BB74000000C41F0000C61B00004417040000009E
:10BB840007000000090000000020202020202020C1
:10BB94002020282828282820202020202020202079
:10BBA4002020202020202020208810101010101089
:10BBB40010101010101010101004040404040404D5
:10BBC400040404101010101010104141414141416F
:10BBD4000101010101010101010101010101010151
:10BBE4000101010110101010101042424242424261
:10BBF4000202020202020202020202020202020221
:10BC040002020202101010102000000000000000C8
:10BC14000000000000000000000000000000000020
:10BC24000000000000000000000000000000000010
:10BC34000000000000000000000000000000000000
:10BC440000000000000000000000000000000000F0
:10BC540000000000000000000000000000000000E0
:10BC640000000000000000000000000000000000D0
:10BC740000000000000000000000000000000000C0
:10BC84000000000000000000005245454E54206DA5
:10BC9400616C6C6F632073756363656564656400D0
:10BCA4002F646174612F6A656E6B696E732F776F91
:10BCB400726B73706163652F474E552D746F6F6C93
:10BCC400636861696E2F61726D2D31312F737263F8
:10BCD4002F6E65776C69622D63796777696E2F6E55
:10BCE40065776C69622F6C6962632F74696D652F67
:10BCF400676D74696D652E63002C2066756E6374C0
:10BD0400696F6E3A2000617373657274696F6E2097
:10BD140022257322206661696C65643A2066696C29
:10BD24006520222573222C206C696E6520256425EC
:10BD34007325730A00232D302B2000686C4C00659A
:10BD44006667454647003031323334353637383943
:10BD54004142434445460030313233343536373876
:08BD6400396162636465660049
:08BD6C0078A8FF7F0100000030
:08BD7400C90B0008C904010815
:04BD7C00A10B00080F
:10BD8000917A01081C8401088E760108556A010821
:10BD900032730108586A0108EC750108AC83010888
:10BDA000917A010857830108C87B0108FC360020FE
:10BDB00001000000087C0108EB07002001000000E2
:10BDC0000F7C0108D00A002005000000197C010842
:10BDD000E608002001000000137F0108E5080020AC
:10BDE00001000000297C0108E70800200100000094
:10BDF000317C010816080020010000003A7C01088F
:10BE00001708002001000000437C010818080020EA
:10BE100001000000507C010819080020010000000A
:10BE20005D7C01081A08002001000000697C0108FF
:10BE30001B08002001000000747C01081C08002081
:10BE400001000000807C01081E08002001000000A5
:10BE50008C7C010821080020010000009D7C010865
:10BE60002208002001000000AE7C01081F0800200D
:10BE700001000000BD7C0108260800200100000030
:10BE8000C77C01082308002001000000D17C0108C4
:10BE90002408002001000000DE7C010825080020A5
:10BEA00001000000EE7C0108F20700200100000004
:10BEB000FC7C0108F307002001000000057D01085B
:10BEC000F407002001000000127D0108F5070020A2
:10BED000010000001E7D0108F7070020010000009E
:10BEE0002A7D010800080020010000003B7D0108B8
:10BEF000F807002001000000477D0108F907002035
:10BF000001000000537D010801080020010000002D
:10BF1000637D0108FA07002001000000747D01081C
:10BF2000FC07002001000000857D0108F6070020C5
:10BF300001000000967D0108FE07002001000000BE
:10BF4000A57D0108FF07002001000000B27D010867
:10BF50000608002002000000C17D0108070800203B
:10BF600002000000CB7D010808080020020000004C
:10BF7000D57D01080908002002000000DF7D0108CE
:10BF80000A08002002000000E97D01080B080020DB
:10BF900002000000F37D01080C08002002000000F0
:10BFA000FD7D01080D08002002000000077E010849
:10BFB0000E08002002000000117E01080F0800207A
:10BFC000020000001B7E0108100800200200000093
:10BFD000267E01081108002002000000317E0108C1
:10BFE00012080020010000003C7E01081308002018
:10BFF00001000000477E0108140800200100000035
:10C00000527E010815080020010000005D7E010835
:10C01000FF000000912F0008932F0008387B0108D3
:10C02000687B0108987B01080024F40001000000EF
:10C0300010000000000000000000000000000000F0
:10C0400000000000010000000000000000000000EF
:10C05000000000000000000003000000705C0020F1
:10C0600000000000705C0020D85C0020405D0020D3
:10C0700000000000000000000000000000000000C0
:10C0800000000000000000000000000000000000B0
:10C0900000000000000000000000000000000000A0
:10C0A000000000000000000000000000E00200208E
:040000050801121DBF
:00000001FF
