:020000040800F2
:100000000080002055E100087DE000087FE0000846
:1000100081E0000883E0000885E00008000000009F
:1000200000000000000000000000000087E0000861
:1000300089E00008000000008BE000088DE0000867
:10004000A5E10008A5E10008A5E10008A5E1000878
:10005000A5E10008A5E10008A5E10008A5E1000868
:10006000A5E10008A5E10008ADBC0008A5E1000875
:10007000A5E10008A5E10008A5E10008A5E1000848
:10008000A5E1000800000000A5E10008A5E10008C6
:10009000A5E10008A5E10008A5E10008A5E1000828
:1000A000A5E10008A5E10008A5E10008A5E1000818
:1000B000A5E100082D360008A5E10008A5E100082B
:1000C000A5E10008A5E10008A5E10008A5E10008F8
:1000D000A5E10008992F0008A1640008A5E1000827
:1000E000A5E10008A5E10008A5E10008A5E10008D8
:1000F000A5E10008A5E10008A5E100080000000056
:1001000000000000A5E1000800000000A5E10008D3
:10011000A5E1000800000000A5E10008A5E1000835
:10012000A5E10008A5E10008A5E10008A5E1000897
:10013000A5E100080000000000000000A5E10008A3
:10014000A5E10008A5E10008000000000000000093
:10015000000000000000000000000000000000009F
:10016000000000000000000000000000A5E1000801
:10017000A5E10008000000000000000000000000F1
:1001800000000000A5E100080000000000000000E1
:10019000000000000000000000000000000000005F
:1001A0000000000000000000A5E10008A1320008E6
:1001B000A5E10008A5E10008A5E100080000000095
:1001C00000000000A5E100080000000000000000A1
:0801D000A5E10008A5E100080B
:1001E00010F8012B11F8013B012A28BF9A42F7D0E1
:1001F000D01A7047034613F8012B002AFBD1181AB6
:1002000001387047000000000000000000000000FE
:1002100001F0FF01102A2BDB10F0070F08D010F8B7
:10022000013B013A8B422DD010F0070F42B3F6D1BB
:10023000F0B441EA012141EA014122F007047FF0D4
:1002400000070023F0E80256083C85EA010586EA2B
:10025000010685FA47F5A3FA87F586FA47F6A5FA67
:1002600087F68EB9EED1F0BC01F0FF0102F0070273
:1002700032B110F8013B013A83EA010313B1F8D11E
:100280000020704701387047002D06BF35460338FF
:10029000073815F0010F07D1013015F4807F02BF38
:1002A000013015F4C03F0130F0BC0138704700BF89
:1002B00081F0004102E000BF83F0004330B54FEA17
:1002C00041044FEA430594EA050F08BF90EA020F84
:1002D0001FBF54EA000C55EA020C7FEA645C7FEA17
:1002E000655C00F0E2804FEA5454D4EB5555B8BF3A
:1002F0006D420CDD2C4480EA020281EA030382EAAB
:10030000000083EA010180EA020281EA0303362D3C
:1003100088BF30BD11F0004F4FEA01314FF4801C0F
:100320004CEA113102D0404261EB410113F0004F21
:100330004FEA03334CEA133302D0524263EB4303D8
:1003400094EA050F00F0A780A4F10104D5F1200E76
:100350000DDB02FA0EFC22FA05F2801841F10001D1
:1003600003FA0EF2801843FA05F359410EE0A5F1A5
:1003700020050EF1200E012A03FA0EFC28BF4CF0D6
:10038000020C43FA05F3C01851EBE37101F000458C
:1003900007D54FF0000EDCF1000C7EEB00006EEB99
:1003A0000101B1F5801F1BD3B1F5001F0CD3490823
:1003B0005FEA30004FEA3C0C04F101044FEA44527A
:1003C00012F5800F80F09A80BCF1004F08BF5FEA01
:1003D000500C50F1000041EB045141EA050130BDE1
:1003E0005FEA4C0C404141EB0101013C28BFB1F5F3
:1003F000801FE9D291F0000F04BF01460020B1FA3E
:1004000081F308BF2033A3F10B03B3F120020CDA10
:100410000C3208DD02F1140CC2F10C0201FA0CF0EE
:1004200021FA02F10CE002F11402D8BFC2F1200C53
:1004300001FA02F120FA0CFCDCBF41EA0C01904009
:10044000E41AA2BF01EB0451294330BD6FEA040452
:100450001F3C1CDA0C340EDC04F11404C4F120023D
:1004600020FA04F001FA02F340EA030021FA04F34F
:1004700045EA030130BDC4F10C04C4F1200220FAA6
:1004800002F001FA04F340EA0300294630BD21FAE4
:1004900004F0294630BD94F0000F83F4801306BFAA
:1004A00081F480110134013D4EE77FEA645C18BF9E
:1004B0007FEA655C29D094EA050F08BF90EA020F35
:1004C00005D054EA000C04BF1946104630BD91EA2D
:1004D000030F1EBF0021002030BD5FEA545C05D130
:1004E0004000494128BF41F0004130BD14F580046F
:1004F0003CBF01F5801130BD01F0004545F0FE41E3
:1005000041F470014FF0000030BD7FEA645C1ABF17
:10051000194610467FEA655C1CBF0B46024650EA4E
:10052000013406BF52EA033591EA030F41F400217A
:1005300030BD00BF90F0000F04BF0021704730B500
:100540004FF4806404F132044FF000054FF00001D5
:1005500050E700BF90F0000F04BF0021704730B596
:100560004FF4806404F1320410F0004548BF40426B
:100570004FF000013EE700BF42004FEAE2014FEAC0
:1005800031014FEA02701FBF12F07F4393F07F4F9B
:1005900081F06051704732F07F4208BF704793F09E
:1005A0007F4F04BF41F40021704730B54FF46074B1
:1005B00001F0004521F000411CE700BF50EA0102B4
:1005C00008BF704730B54FF000050AE050EA01025D
:1005D00008BF704730B511F0004502D5404261EBCD
:1005E00041014FF4806404F132045FEA915C3FF40E
:1005F000D8AE4FF003025FEADC0C18BF03325FEAAB
:10060000DC0C18BF033202EBDC02C2F1200300FA5B
:1006100003FC20FA02F001FA03FE40EA0E0021FA80
:1006200002F11444BDE600BF70B54FF0FF0C4CF46E
:10063000E06C1CEA11541DBF1CEA135594EA0C0F20
:1006400095EA0C0F00F0DEF82C4481EA030621EA5B
:100650004C5123EA4C5350EA013518BF52EA033596
:1006600041F4801143F4801338D0A0FB02CE4FF048
:100670000005E1FB02E506F00042E0FB03E54FF078
:100680000006E1FB03569CF0000F18BF4EF0010E70
:10069000A4F1FF04B6F5007F64F5407404D25FEA6C
:1006A0004E0E6D4146EB060642EAC62141EA55511F
:1006B0004FEAC52040EA5E504FEACE2EB4F1FD0C61
:1006C00088BFBCF5E06F1ED8BEF1004F08BF5FEADF
:1006D000500E50F1000041EB045170BD06F0004691
:1006E00046EA010140EA020081EA0301B4EB5C043E
:1006F000C2BFD4EB0C0541EA045170BD41F4801136
:100700004FF0000E013C00F3AB8014F1360FDEBF5A
:10071000002001F0004170BDC4F10004203C35DA36
:100720000C341BDC04F11404C4F1200500FA05F3B9
:1007300020FA04F001FA05F240EA020001F000425A
:1007400021F0004110EBD37021FA04F642EB0601D0
:100750005EEA430E08BF20EAD37070BDC4F10C04FA
:10076000C4F1200500FA04F320FA05F001FA04F2BE
:1007700040EA020001F0004110EBD37041F10001AA
:100780005EEA430E08BF20EAD37070BDC4F12005B5
:1007900000FA05F24EEA020E20FA04F301FA05F21D
:1007A00043EA020321FA04F001F0004121FA04F2C5
:1007B00020EA020000EBD3705EEA430E08BF20EA95
:1007C000D37070BD94F0000F0FD101F000464000CF
:1007D00041EB010111F4801F08BF013CF7D041EA51
:1007E000060195F0000F18BF704703F00046520055
:1007F00043EB030313F4801F08BF013DF7D043EA26
:100800000603704794EA0C0F0CEA135518BF95EADB
:100810000C0F0CD050EA410618BF52EA4306D1D162
:1008200081EA030101F000414FF0000070BD50EA81
:10083000410606BF1046194652EA430619D094EA0B
:100840000C0F02D150EA013613D195EA0C0F05D1F5
:1008500052EA03361CBF104619460AD181EA030149
:1008600001F0004141F0FE4141F470014FF0000001
:1008700070BD41F0FE4141F4780170BD70B54FF09C
:10088000FF0C4CF4E06C1CEA11541DBF1CEA13551C
:1008900094EA0C0F95EA0C0F00F0A7F8A4EB0504FE
:1008A00081EA030E52EA03354FEA013100F08880F5
:1008B0004FEA03334FF0805545EA131343EA1263BE
:1008C0004FEA022245EA111545EA10654FEA002673
:1008D0000EF000419D4208BF964244F1FD0404F52C
:1008E000407402D25B084FEA3202B61A65EB030588
:1008F0005B084FEA32024FF480104FF4002CB6EB45
:10090000020E75EB030E22BFB61A754640EA0C00C4
:100910005B084FEA3202B6EB020E75EB030E22BF04
:10092000B61A754640EA5C005B084FEA3202B6EB45
:10093000020E75EB030E22BFB61A754640EA9C0004
:100940005B084FEA3202B6EB020E75EB030E22BFD4
:10095000B61A754640EADC0055EA060E18D04FEA92
:10096000051545EA16754FEA06164FEAC30343EA32
:1009700052734FEAC2025FEA1C1CC0D111F4801FFF
:100980000BD141EA00014FF000004FF0004CB6E7F8
:1009900011F4801F04BF01430020B4F1FD0C88BF97
:1009A000BCF5E06F3FF6AFAEB5EB030C04BFB6EBA2
:1009B000020C5FEA500C50F1000041EB045170BD95
:1009C0000EF0004E4EEA113114EB5C04C2BFD4EBC2
:1009D0000C0541EA045170BD41F480114FF0000E46
:1009E000013C90E645EA060E8DE60CEA135594EAC2
:1009F0000C0F08BF95EA0C0F3FF43BAF94EA0C0FC5
:100A00000AD150EA01347FF434AF95EA0C0F7FF439
:100A100025AF104619462CE795EA0C0F06D152EA8D
:100A200003353FF4FDAE1046194622E750EA410671
:100A300018BF52EA43067FF4C5AE50EA41047FF482
:100A40000DAF52EA43057FF4EBAE12E74A0011D234
:100A500012F5001211D20DD56FF47873B3EB625218
:100A60000ED44FEAC12343F0004343EA505323FA24
:100A700002F070474FF00000704750EA013002D199
:100A80004FF0FF3070474FF0000070477BB972B9EC
:100A90000029BEBF00204FF0004106E008BF00283B
:100AA0001CBF6FF000414FF0FF3000F057B8ADF1C0
:100AB000080C6DE904CE002909DB002B1ADB10F0CD
:100AC000FDFFDDF804E0DDE9022304B07047404299
:100AD00061EB4101002B1BDB10F0F0FFDDF804E0BF
:100AE000DDE9022304B0404261EB4101524263EB75
:100AF00043037047524263EB430310F0DFFFDDF81E
:100B000004E0DDE9022304B0404261EB410170479B
:100B1000524263EB430310F0D1FFDDF804E0DDE95E
:100B2000022304B0524263EB4303704753B94AB9FE
:100B3000002908BF00281CBF4FF0FF314FF0FF30E5
:100B400000F00CB8ADF1080C6DE904CE10F0B6FF62
:100B5000DDF804E0DDE9022304B07047704700BF10
:100B60000348044B834202D0034B03B1184770473C
:100B70000C0300200C030020000000000548064B79
:100B80001B1AD90F01EBA301491002D0034B03B18B
:100B9000184770470C0300200C03002000000000E1
:100BA00010B5064C237843B9FFF7DAFF044B13B1B5
:100BB0000448AFF300800123237010BD1003002010
:100BC00000000000841D010808B5054B1BB1054954
:100BD0000548AFF30080BDE80840FFF7CFBF00BF76
:100BE0000000000014030020841D01080022427050
:100BF00082700122C270B1FA81F1022249090271A8
:100C0000032201704271704743788B421FD0012943
:100C100041700AD0022910D0C1B90123C37081707C
:100C200002230371032343717047037843B1012307
:100C300083700223C3700023F3E70378002BF6D000
:100C4000022383700023C3700123EAE7FEE77047A5
:100C500082B00B88ADF800304B88ADF802308B883D
:100C6000ADF80430CB88ADF806300239431C0530AE
:100C700013F8012F0DF1080C0CEB4202834232F8FD
:100C8000082C21F8022FF3D102B0704710B50C46A2
:100C90001146FFF7B9FF2146BDE81040FFF7D8BF66
:100CA0000B4B10B54FF07F32C0E923234FF47F4345
:100CB000A0F89430FF23044680F89630983000F076
:100CC00022FC002384F8A43084F8A83010BD00BFB3
:100CD000FFFF7F0013B504461146CDE9002300F065
:100CE00038FC009904F1140000F033FC009904F181
:100CF000280000F02EFC009904F13C0000F029FCD3
:100D0000009904F1500000F024FC009904F1640003
:100D100000F01FFC009904F1780000F01AFC019A21
:100D20004FF4FA734FF4FA6104F1980000F0D6FB27
:100D30002046FFF7B5FF002384F8A5304FF47F432A
:100D4000A4F8A63002B010BD022380F8A830704786
:100D5000704700F005BC143000F002BC08B55030FC
:100D600000F008FC292200F11403B3FBF2F313F0A6
:100D7000FF0302D1031E18BF0123184608BD08B5A2
:100D8000643000F0F7FB292200F11403B3FBF2F307
:100D900013F0FF0302D1031E18BF0123184608BD3C
:100DA00090F8903013B990F98C00704790F98D004D
:100DB000704790F8903013B990F98E00704790F911
:100DC0008F00704710B504460BF09CF850B194F8B2
:100DD000A83043B904F13C0000F0C6FB012838BF3D
:100DE0000120C0B210BD6420FCE790F8A83013B910
:100DF00090F89300704764207047783000F0BCBBD7
:100E0000783000F0C1BB10B5044600F083FB04F15C
:100E1000140000F07FFB04F1280000F07BFB04F1DC
:100E20003C0000F077FB04F1500000F07FFB04F180
:100E3000640000F07BFB04F1780000F07DFB94F887
:100E4000A83013B1013B84F8A83010BD7F2807D02B
:100E5000002807DA10F1800F06D04042C0B2704778
:100E600000207047012070477F20704710B140423A
:100E700040B270477F2070477F280FD010F1310FAC
:100E80000EDA10F1780F0DDB7830FE2340B25843B4
:100E900023304623B0FBF3F0C0B27047FF20704709
:100EA000FE20704700207047012805DD40F2FE73E8
:100EB000984203DC80B270470120704740F2FF7017
:100EC0007047A0F57870C0EBC02040F2AE7390FB85
:100ED000F3F000F58060FFF7E7BFFFF7F2BF0328EC
:100EE00012DD0C2812DD0F2812DD122812DD162863
:100EF00012DD192812DD1C2812DD1F2812DD212821
:100F0000CCBFFF20062070470020704701207047AB
:100F10000220704708207047032070470720704761
:100F2000042070470520704705289ABF014B185CC4
:100F3000FF207047F41D010805289ABF014B185C7B
:100F4000FF207047FA1D01087F2803D0002803DA2C
:100F5000C0B2704700207047FF2070477F2811D033
:100F600010F1320F10DA884210DD401A6423C1F10B
:100F7000FF21584301F57F01CE31313090FBF1F074
:100F8000C0B27047FF207047642070470020704750
:100F9000014B4140585C7047001E01085AB110B423
:100FA000054C0A4411F8013B58408A42205CF9D1B3
:100FB0005DF8044B70477047001E0108392808D8B7
:100FC00022280ED9094B2338C0B2C34003F00100D8
:100FD00070475F2807D0613819288CBF0020012096
:100FE0007047002070470120704700BF01EC7F0070
:100FF000F8B50246451E461D00245F2715F8010F6F
:10100000FF2804BF0134E4B2FFF7D8FF00B92F7006
:10101000AE42F3D1062C04D119B10B6813608B8852
:10102000938000239371F8BD2DE9F843DFF83490E5
:10103000471E441D012500264FF0280817F8011F00
:1010400008480FF01AFC034610B1A0EB0903DBB20D
:10105000A3FB05329E19A742A5FB0853EED13046EB
:10106000BDE8F883001F010810B54179A1F13000F7
:10107000C3B2092B07D80523B0FBF3F303EB8303BB
:10108000C01AC0B210BD044C20460FF0F6FB002879
:10109000F1D0001BC0B2EEE7001F0108F0B5094B0C
:1010A000094F821D2826B1FBF3F4272C94BF3D5D28
:1010B000302502F8015D824203FB1411B3FBF6F305
:1010C000F1D1F0BD00801A06001F010870B504467A
:1010D000FFF790F802B20023551E18B2A84204FA96
:1010E00083F104DA265C302E03F10103F5D0121AE5
:1010F00001322046BDE870400FF0DEBD2DE9F0471B
:10110000432B28BF432396B00C46154600211A46B0
:10111000984607460FF0EAFD0021412205A80491F8
:101120000FF0E4FDDFF87C90DFF87CA004EB4505D0
:10113000AC4210D104A8FFF75DF828B100F15803C4
:101140006B44002203F8492C04A938460FF07EFBBB
:1011500016B0BDE8F08734F9020B47F6FF739842EA
:10116000E8D0002812DC514668460FF06FFB04A857
:10117000FFF740F806466846FFF73CF80644B045DE
:10118000D6D3694604A80FF069FBD1E7694680B25F
:101190000CF0E9FA6846FFF799FF494668460FF0F8
:1011A0005DFBE4E7ED1D0108E81D0108F0B589B01D
:1011B0006D4600242F468E1CE1B28A4204D839467F
:1011C000FFF79CFF09B0F0BD36F8241025F8021B8C
:1011D0000134F1E742F210736421B0FBF3F203FB38
:1011E0001200B0FBF1F301FB130000EB023000EB47
:1011F000831080B27047020B00F03F0342F210717F
:1012000001FB0233C0F38510642202FB00307047FB
:101210002DE9F04142F2107388B0B1FBF3F603FB05
:1012200016141F49DFF87C8005460FF00FFB694656
:10123000F0B20CF075FA6846FFF748FF6946284699
:101240000FF00CFB414628460FF008FB6427694667
:10125000B4FBF7F6F0B20CF063FA6846FFF736FF1E
:10126000694628460FF0FAFA07FB1644414628461D
:101270000FF0F4FA6946E0B20CF052FA9DF8013032
:101280008DF800309DF802308DF80130694600235A
:1012900028468DF802300FF0E1FA08B0BDE8F08181
:1012A000B1300108F21D010870B50E460021054657
:1012B00014460FF01BFD00239AB2944200D870BD73
:1012C000F25C002AFBD0EA540133F5E770B50E4614
:1012D00014460021013205460FF008FD00239AB2A2
:1012E000944200D870BDF25C002AFBD0EA5401336E
:1012F000F5E730B50024A3B2934201D3012005E005
:10130000055D0B5D1DB9B3FA83F0400930BD1BB11B
:101310009D4204F10104EED00020F7E77D234380D5
:1013200043F2390309B2C360002301808180C38086
:101330000372704702680449044B01FB023323F037
:1013400000430360180C7047FD430300C39E260052
:10135000F0B5002597B001608580044656222946E5
:1013600068460FF0C3FC0126627CAA4209D800231C
:10137000802104F1B400237417B0BDE8F0400FF0F1
:10138000B5BC2046FFF7D6FFE7797B1B002190FB19
:10139000F3F202FB1300C0B2EC460A46CBB29F4206
:1013A0001DD80023227B9A42DED0A279033A012A7B
:1013B00004EB050105D925B191F91120D2B9012B12
:1013C000D2D98B74A26852F82310583304EB8502EB
:1013D0006B440135516303F8586CEDB2C4E71CF857
:1013E00001EBBEF1000F03D18242DBD00132D2B259
:1013F0000131D3E7501E8342E3DB01329342E0DC4C
:10140000B2E72DE9F047154696B0013D0160027143
:1014100004464371EDB25622002168460FF066FC87
:101420000027022D84BF4FF0010900253E464FF0F2
:10143000010A94F807809CBF4FF00309B8FBF9F844
:10144000627CB24209D80023802104F1B4002374E5
:1014500016B0BDE8F0470FF049BC2046FFF76AFF21
:10146000A8EB0603002190FBF3F202FB1300C0B2CD
:10147000EC460A46CBB2984506D91CF801EBBEF102
:10148000000F22D182421ED1434528BF4346227B12
:1014900003FB095101F0FF018A42D1D016B1B7B95F
:1014A000012BCDD9A2191F469174A26852F82110C0
:1014B00004EB86020136516303F158026A44F6B226
:1014C00002F858ACBCE70132D2B20131D2E77A1E41
:1014D0009342E7DB7A1C9342E4DCB1E707EE902A03
:1014E0000A44F8EE676A07EE902AF8EE677A4360DE
:1014F00086EEA77A07EE903AF8EEE77A80ED007A6A
:10150000C0ED027A7047D0ED017AF8EEE77AC0EDCF
:10151000027A7047D0E901236421D31AC360826044
:101520004B43418AB3FBF1F303747047D0E90123C5
:10153000D31AC0E90223704743682BB1C268642103
:101540004A43B2FBF3F2D3B203740023C360436097
:1015500070470023C0E9023341824360037470473F
:101560004368013343607047007C70474368194407
:1015700041607047C068704711B1C3680133C360F0
:101580004368013343607047007C7047072800D9E7
:10159000FEE7014B185C7047581F010800230380C9
:1015A000837080F82930704703781BB100220270E5
:1015B00018467047437813B100224270F8E78378E9
:1015C00013B100228270F3E790F82930002BEFD09E
:1015D000002280F82920EBE7017070470170704706
:1015E0008170704781704260704740687047083072
:1015F0007047000080EAE073022910B5A3EBE073A6
:1016000004467DD162B90028ACBF7F223F229342BD
:10161000A8BF1346002C184601DA43F0400010BD65
:10162000012A1FD1632B05DC5800002CF7DA40F4A7
:101630008070F4E740F2F542934211DC07EE903AF5
:101640009FED6A0AF8EEE77A27EE800A0DF090FF28
:10165000FCEEC07A17EE900A400040F00100E4E78B
:10166000FF20E2E7022A40F0BF80632B05DC9800F0
:10167000002CD4DA40F40070D1E7B3F57A7F11DAA8
:1016800007EE903A9FED590AF8EEE77A27EE800AC6
:101690000DF06EFFFCEEC07A17EE900A800040F06D
:1016A0000100E5E742F20F72934211D807EE903A3B
:1016B0009FED4F0AF8EEE77A27EE800A0DF058FF0B
:1016C000FCEEC07A17EE900A800040F00200CFE7EF
:1016D000484A934211D807EE903A9FED470AF8EE38
:1016E000E77A27EE800A0DF043FFFCEEC07A17EE92
:1016F000900A830043F00300BAE740F2FF10B7E717
:10170000032971D1012A20D1B3F57A7F05DA580077
:10171000002C84DA40F4006081E7B3F5205F11DA31
:1017200007EE903A9FED310AF8EEE77A27EE800A4D
:101730000DF01EFFFCEEC07A17EE900A430043F056
:101740000100E5E740F2FF70E2E7022A4CD1B3F571
:101750007A7F06DA9800002CBFF661AF40F4805023
:101760005DE742F20F72934211DC07EE903A9FED73
:101770001F0AF8EEE77A27EE800A0DF0F9FEFCEE7C
:10178000C07A17EE900A830043F00100E3E71B4A9A
:10179000934211D807EE903A9FED150AF8EEE77ADA
:1017A00027EE800A0DF0E4FEFCEEC07A17EE900AF8
:1017B000830043F00200CEE7B3F57A2F11D207EE93
:1017C000903A9FED0D0AF8EEE77A27EE800A0DF0C9
:1017D000CFFEFCEEC07A17EE900A830043F00300C0
:1017E000B9E740F6FF70B6E7002018E7CDCCCC3D56
:1017F0000AD7233C17F001006F12833A9F8601003D
:1018000000234360038170470A2310B50446838098
:1018100001F0D0FE2368E0809B6820469847208135
:1018200010BD038970B504469BB1858845B1013D63
:10183000ADB285806DB903681B68BDE8704018477C
:1018400001F0B8FEE388C01A238980B2834201D236
:10185000258170BD236820465B68EEE700230360A6
:101860007047000038B5084B09291B7828BF0921AB
:101870008B4204460D4602D10023036038BD01F0BF
:101880008DFE25712060F9E72C030020036810B558
:1018900004460BB9002010BD01F080FE2368C01A79
:1018A00040F2EE239842F5D90023054A23601278CE
:1018B00023799A42EED0034A0120D377EBE700BFA9
:1018C0002C03002088030020FF23437100230171B3
:1018D000837103818372704738B5037904460D46DE
:1018E0005BB14179A94208D041B101290AD0002356
:1018F000A371657155B1012D0FD038BD03689B6888
:101900009847F4E703680021DB68F9E723689B68E0
:10191000012120469847A071EFE723682946DB683C
:10192000F7E72DE9F04F2DED068B85B0837B077C23
:101930000093C37B009A857CC67C90F815C090F814
:1019400020E090F82280BF000C4647EA931703F08E
:101950003F01437C490141EAD20103F0010247EA19
:10196000822705F00F02D20142EA530206F07F03FC
:101970001B0143EA1513057D01936D0045EAD61559
:101980000CF0030645EA4623867D029206F01F0509
:10199000AD0108EE103A45EA9C03C57D90F819C0E8
:1019A0000391ED0008EE903A45EA5613057E0CF0DF
:1019B000070609EE103A45EA0623857E05F03F0644
:1019C000760109EE903A46EADC03C67E90F81CC028
:1019D000B60046EA95160CF0010546EA8526457FD5
:1019E00005F00F0B4FEACB1B4BEA5C0B90F81EC0C7
:1019F0000CF07F0A4FEA0A1A4AEA151AC57F6D00F1
:101A000045EADC150EF0030C45EA4C2590F821C0A0
:101A10000AEE103A4FEAC808009B48EA5C180CF03E
:101A20001F0990F80DC003F007004CEA00204FEAB0
:101A3000891949EA9E09FFF744FA0399208008466C
:101A4000FFF73FFA60803846FFF73BFA029AA08022
:101A50001046FFF736FA019BE0801846FFF731FA8F
:101A6000208118EE100AFFF72CFA608118EE900A18
:101A7000FFF727FAA08119EE100AFFF722FAE0819A
:101A800019EE900AFFF71DFA20821AEE100AFFF7EE
:101A900018FA60823046FFF714FAA0825846FFF722
:101AA00010FAE0825046FFF70CFA20832846FFF731
:101AB00008FA60834846FFF704FAA0834046FFF720
:101AC00000FA4FF48063E0832384638405B0BDECA7
:101AD000068BBDE8F08F2DE9F04104460F4601F07A
:101AE00069FD4FF001080546236820461B689847AA
:101AF000064650B9A37A012B1FD12389ED1A40F66F
:101B0000C4139D42C8BFA07217E0236820465B68DB
:101B10009847A37AA3B90F2814D1A4F80A80E37ACE
:101B2000E2180133DBB2182B1073E3720AD939467D
:101B30002046FFF7F6FE0023A3723046BDE8F08191
:101B4000012BECD02581CFE7827922B14379012B9B
:101B500001D8FFF7C0BF002070477047704770473B
:101B60000020704770470020704700207047704782
:101B7000002070470020704770470000054BDA6C6A
:101B80000243DA64DB6C82B003400193019B02B034
:101B9000704700BF00100240054B9A6D02439A65E2
:101BA0009B6D82B003400193019B02B0704700BF60
:101BB00000100240054B1A6E02431A661B6E82B07B
:101BC00003400193019B02B0704700BF0010024028
:101BD00050E8003F43F0200340E80032002AF7D1EC
:101BE000704750E8003F43F0800340E80032002A8D
:101BF000F7D1704750E8003F23F0200340E800325F
:101C0000002AF7D1704750E8003F23F0400340E836
:101C10000032002AF7D1704750E8003F23F08003DC
:101C200040E80032002AF7D1704700000288044BD8
:101C30005140C9B233F8113083EA12230380704750
:101C4000904E0108A2B110B4B0F800C0094C0A448B
:101C500011F8013B83EA0C03DBB2914234F81330F4
:101C600083EA1C2CA0F800C0F2D15DF8044B704749
:101C7000704700BF904E010837B54FF6FF7304461A
:101C8000ADF806304518AC4203D1BDF8060003B0EC
:101C900030BD14F8011B0DF10600FFF7C7FFF2E796
:101CA0001629A8BF16216FF008008142B8BF01466F
:101CB0001170197070470000044B1888044B1B8882
:101CC00080B29BB2C01A18BF012070474A3F002063
:101CD000483F0020044A00231380044A1380044A2A
:101CE0001380044A13807047483F00204A3F002079
:101CF0004C4100204E41002001207047044B1888C1
:101D0000044B1B8880B29BB2C01A18BF01207047D9
:101D10005243002050430020704700000649074A04
:101D20000B8812880133C3F3080392B29A421EBF94
:101D3000034AD0540B8070474235002040350020C4
:101D4000403300200023A0F87032A0F86E327047B4
:101D50000023A0F85C32A0F85A3270473C4B5A6A14
:101D6000037A92B263B18389D31A9BB2B3F5FA7F37
:101D700084BF00230372837A4F2B84BF0023037236
:101D8000037A8281082B0FD8DFE803F0050E0E0ED0
:101D90000E0E0F1B2600EE2901D0C82904D1012305
:101DA000837241750623037270473D299FBF837A72
:101DB0005A1C1B1882728FBF00235975417207236A
:101DC000F1E7827A531C0244DBB283725175427A86
:101DD0009A42E9D20823E6E7837A5A1C03448272C6
:101DE0005975C37D162B04D1012380F86530092372
:101DF000D9E74369174A03F0FF23934203D1012334
:101E000080F86730F3E7144A93421CD1837E102B8D
:101E100019D1C37E022B08D0052B0DD0012BE6D1A2
:101E2000027EEE2A08BF80F86A30037EEE2BDED1F8
:101E3000012380F86B30DAE7012380F86830037FF4
:101E400080F86930D3E7012380F86630CFE700BF20
:101E50000004004000C8002800C80032044B188865
:101E6000044B1B8880B29BB2C01A18BF0120704778
:101E700042350020403500200278024B51405B5C27
:101E800003707047743A0108FF230370704700BF66
:101E90007047B0F86E32B0F870229B1A98B21B04EB
:101EA00044BF00F5006080B2003818BF01207047C1
:101EB000A0F11400EDE7B0F87032B0F86E229A424B
:101EC0001FBFC218B0F8721292F87422013316BF05
:101ED0000B400022A0F8703210467047A0F11400A9
:101EE000E9E770B50B7803704B7843700B78FD2BE6
:101EF00005460C4638D18B788370CB78C3700B794C
:101F000003714B7943718B7983718B68C3718B68D3
:101F1000C3F30F2303728B7A43720A26627804F1AB
:101F20000C01A8190EF0C0FC6378B4F80C213344FE
:101F3000981CEA545A1CB4F80C1192B2090AA9541C
:101F4000A278D20780B20ED504F58872054404F554
:101F50008E7452F8041B45F8041BA242F9D1127882
:101F60002A700F3398B270BD00238B700B79837089
:101F70004B79C3708B7903718B6843710626CDE76B
:101F800038B54A78352A0D46044601F10C010AD8C5
:101F90000EF08AFC68780021C0F136022044BDE8CA
:101FA00038400EF0A3BE403551F8043B40F8043BE6
:101FB000A942F9D10B88038038BD38B54A781B2A6D
:101FC0000C46054601F10C010AD80EF06DFC607854
:101FD0000021C0F11C022844BDE838400EF086BE46
:101FE000283451F8043B45F8043BA142F9D138BDEF
:101FF00038B54A78082A0D46044601F10C010AD882
:102000000EF052FC68780021C0F109022044BDE8BE
:1020100038400EF06BBEEB6803604B6843600B7A90
:10202000037238BD38B54A78072A0C46054601F1D7
:102030000C010AD80EF038FC60780021C0F10802CB
:102040002844BDE838400EF051BEE36803604B6899
:10205000436038BD08B52C22034800210EF046FE2F
:10206000024B00221A7008BD080E00200C0600204A
:102070002DE9F0411378037092F8018080F8018017
:10208000FD2B04460F46154654D193788370D378C0
:10209000C3701379037153794371937983716B7AA8
:1020A000127A1B0403EB0223EA79134423F07F43E3
:1020B0000A26A26863F31702A260A919424604F136
:1020C0000C000EF0F1FB7A7B904507D208F10C0072
:1020D000A2EB0802002120440EF008FE63781E44A3
:1020E000AB195A78AB5D03EB0223A4F80C31A3784B
:1020F000DB070ED5023615FA86F304F5887203F174
:102100000C0153F8040B42F8040B8B42F9D11B78F5
:102110001370BB7A84F82131FB7A84F822313B7B3F
:1021200084F823317B7B84F824313B7884F8203198
:10213000BDE8F0810023438093780371D378437125
:102140001379837153790626B3E738B54A78132A91
:102150000C46054601F10C010AD80EF0A5FB60788B
:102160000021C0F114022844BDE838400EF0BEBD85
:10217000203451F8043B45F8043BA142F9D138BD65
:102180002DE9F04F0C465188B1F58C7F054685B09E
:102190004FF000000ED31070D91CC9B2012995BFB1
:1021A00001210023518053809CBF237011700023B4
:1021B0002B7049E016780E2E00F2938001A757F895
:1021C00026F000BF992100080122000829220008FA
:1021D00051220008E3220008E3220008E32200085D
:1021E000E3220008E3220008E3220008E3220008BB
:1021F000E3220008E3220008E3220008632200082B
:10220000481C508063542178FD299BB206D10C33C1
:102210000A21D380918002231370C8E70833062176
:10222000D38091800E23F7E7481C50806354D80771
:1022300042BFD1880D31D180012B4FF000018CBFFE
:102240000B46032313702970002005B0BDE8F08F02
:10225000481C5080635400218B4214BF0B460E2350
:10226000F0E7481C508063545388D1888B4232D3A6
:1022700000235380137002232B7069802378FD2B79
:1022800035D163792B72A3796B72637A227A1B043E
:1022900003EB0223E27913446B60637803F10C02D1
:1022A0006A80A278D10701D519336B80002669684E
:1022B000DFF8FC806E8140F285120C20B3180133E8
:1022C0005B0800FB03F758F80770B94218D25A1E92
:1022D000B242F3D816E092889A423FF668AF0123E3
:1022E00066E7107050809080D0802870ACE7E3786B
:1022F0002B7223796B7263796B6063780833D4E750
:102300001E46E5D80C27774358F80730994227D165
:1023100023782046FD2B10F801BF0CBF4FF00A09AF
:102320004FF0060909EB0B03591E89B2474401938C
:10233000FFF7A2FC97F804A0ADF80E0051460DF18E
:102340000E00FFF773FC019BE218E35C527803EB8D
:102350000223BDF80E209BB29A420AD0052300E06A
:1023600003232B701846023801288CBF002001205F
:102370006BE7BB79DA0706D5FA79934582BF04EBA0
:1023800009018A5CAA729B0709D50C2303FB06830B
:1023900062781B7A9A4282BF4C44E35CEB720C2356
:1023A00003FB068385F80CA05B796B730220DAE7E8
:1023B000743B01080148436AFFF70ABC004400402F
:1023C0000A4A0B4B12680B49A3FB02323220920CD3
:1023D00000FB02F2084B486802F5FA72A3FB0232D6
:1023E00092094B681B1A9A42FBD87047840200205E
:1023F00083DE1B43001000E0D34D621008B5FFF7E9
:10240000DFFF4FF0904310229A6108BD4FF09043D8
:1024100010229A62FFF7D4BF30B587B0034601ACF3
:1024200000F1100518685968224603C20833AB4210
:102430001446F7D10024094D8DF81440A96801A86D
:10244000FDF7CEFE10B920B207B030BD0134302CFC
:1024500005F10C05F2D14FF0FF30F5E72C0000201C
:1024600002780A4B90F801C08178D243D2B29A5CCC
:1024700082EA0C0290F803C09A5C4A40995C0279A7
:1024800081EA0C01595C4A40985C7047743A010833
:10249000028810B58488531C234044889C421EBF88
:1024A00012189171038010BD411A88B20B0444BF09
:1024B00000F5007080B2704770B5104C00252346BF
:1024C00026782EB166788E4202D1A67896420BD03D
:1024D00001350C2D04F10404F2D1002413F824502A
:1024E0001DB101340C2CF9D170BD012503F8245025
:1024F00003EB8403D87059709A70F5E71106002039
:102500002DE9F8430B460D795A7A9E7ADF7A204BF3
:10251000097A1B5CDB07044600D50DB9FFF7CCFF39
:1025200000231C491A4898464FF0010E9C4201F8BE
:10253000018B25D02DB90278920702D501F801EC64
:102540001EE0154A4FF0000C92F80090B9F1000F10
:102550000FD092F8039099450BD1002EEED092F84F
:102560000190B14505D1002FE8D092F80290B9450D
:10257000E4D00CF1010CBCF10C0F02F10402E3D128
:102580000133DBB2042B00F10100CFD1BDE8F883A9
:10259000410600200D0600201106002007B5036843
:1025A0008DF807101B6901220DF10701984703B050
:1025B0005DF804FBF0B50546FD2305F80C3B85B03E
:1025C00004468DF8043090F8243103F10C020244E3
:1025D000012B42D80026637066808DF805308B7A17
:1025E00023718DF808308B7AADF8066001338B7259
:1025F00063798DF80930A3798DF80A30A368C3F3A5
:1026000017031A128DF80B3009211B140DF1050068
:102610008DF80D308DF80C20FFF72EFB6778ADF8A4
:1026200002003A4629460DF10200FFF70BFB94F831
:102630002311FFF7FBFA94F82421BDF80230A4F827
:102640000C31974210D207F10C00D21B31462044C6
:1026500005B0BDE8F0400EF049BB12F8010D0028AE
:10266000B8D1013BDBB2B3E705B0F0BD704713B59D
:10267000044608460191FDF7BDFD236801991B69D9
:1026800082B2204602B0BDE81040184708B5FFF7F7
:10269000EEFF08BDB0F1904F08B5014607D101200B
:1026A000FFF76CFA114B99420BD1202014E0104B2C
:1026B00098420BD003F58063984209D10420FFF7BC
:1026C0005DFA0C4B994210D1402005E00220E7E76B
:1026D000094B984204D10820BDE80840FFF74EBAE4
:1026E000064B9842DED11020F6E708BD00140048E2
:1026F0000004004800180048000C00480010004882
:1027000008B5224B984201460BD14FF40060FFF709
:1027100051FA1F4B99420DD1BDE808402020FFF728
:102720003BBAB0F1804F0ED01A4B98420FD1022025
:10273000FFF732FA184B99420FD14FF40050BDE821
:102740000840FFF737BA0120FFF726FAE1E7134BFD
:10275000984208D10420FFF71FFA114B99420CD17F
:102760004FF48030EBE70F4B9842D2D11020FFF7A7
:1027700013FA0D4B994206D008BD0C4B9942F8D183
:102780004FF40030DBE74FF48020D8E7002C014005
:1027900000140040000400400034014000080040E4
:1027A000004001400010004000480140004401404A
:1027B0002DE9F04387B00E46054614460021142249
:1027C00001A89DF838809DF83C901F460EF08EFAC7
:1027D00000960B2C07D8DFE804F007070A12141440
:1027E000141616161A1CFEE70323019301E00223B8
:1027F0000493032F11D8DFE807F0111321110123EF
:10280000F6E70123F1E7012301930393F1E70223A4
:10281000EBE7022301930123F7E7FEE7022302938C
:10282000B8F1100F0CD8DFE808F02D2D0C1113159E
:1028300017191B1D1F21232527292B000123EEE734
:10284000FEE701230593022301931EE00223F9E72B
:102850000323F7E70423F5E70523F3E70623F1E76E
:102860000723EFE70823EDE70923EBE70A23E9E76E
:102870000B23E7E70C23E5E70D23E3E70E23E1E76E
:102880000F23DFE7B8F1000FDDD1B9F1000F02D05F
:102890002846FFF7FFFE053C042C05D8DFE804F0CE
:1028A000030B04030B00AE62694628460CF086FA5F
:1028B00007B0BDE8F083AE61F6E713B54FF0010C49
:1028C0000024CDE9004CFFF773FF02B010BD13B533
:1028D0000124CDE900340323FFF76AFF02B010BDE5
:1028E00070B586B00023164604460D46ADF8063096
:1028F000FFF706FF042E04D8DFE806F03034043872
:102900004100FEE71F4B204A1B68B3FBF2F39BB26A
:102910000022013B01A92046ADF80430CDE9022593
:10292000049205920CF0F6FC236823F080032360E8
:10293000A36823F4A03323F00703A360636823F0A4
:10294000007323F070036360636823F470036360B3
:10295000A36823F08003A36006B070BD094B0B4A47
:102960001B68D2E7074B0A4A1B68CEE7054B074AAC
:102970001B68B3FBF2F303EB83035B00C7E70123A0
:10298000C6E700BF8402002080A8120140420F0069
:102990008096980010B50446FFF7A2FF236843F025
:1029A0000103236010BD00224FF0FF31FFF7F2BF9B
:1029B000274B10B5274C5B6823600BF0F5FB4FF0FD
:1029C00090400CF09BF924480CF098F923480CF047
:1029D00095F923480CF0FAFC22480CF0F7FC224849
:1029E0000CF0F4FC21480CF0F1FC21480CF026FC22
:1029F00020480CF023FC0CF027FB4FF0E0220023D2
:102A00001D491361536193618A6822F0030242F009
:102A100001028A6072B64FF0FF319A0002F1604203
:102A200002F561420133082BC2F88010C2F8801110
:102A3000F3D162B6114A136823F0070343F0010390
:102A40001360034B1B6883F3088823689847FEE7ED
:102A50000000FF1F0806002000040048000800488E
:102A6000003801400044004000480040004C004055
:102A700000300140003C00400010024000000140D6
:102A80000749084A881AEFF30883521A1A44013A90
:102A9000013B984288BF0022AA210EF027B900BF4F
:102AA000008000200004000010B510480323062217
:102AB0004021FFF702FF0D48032302221021FFF7F8
:102AC000FCFE03231A4609482021FFF7F6FE0748BB
:102AD000032305228021FFF7F0FEBDE810400348E4
:102AE000032305220121FFF7E8BE00BF00040048D0
:102AF000024B1869C0F34010704700BF0004004843
:102B000008B5FFF7F5FF00B908BD00BFF9E7000001
:102B1000024B01229A6280229A61704700040048A9
:102B2000024B80229A6201229A6170470004004899
:102B30001448C1680F2321F00F0193FAA3F3B3FAED
:102B400083F3012203F01F0302FA03F30B43C36074
:102B50000D4B5A6822F010025A601A6822F01002D7
:102B60001A60DA6822F01002DA609A6842F0100205
:102B70009A60064BD02283F80A234FF480621A60D1
:102B8000704700BF000001400004014000E100E088
:102B9000034B10225A611A6842F010021A60704703
:102BA00000040140002303224FF400614FF09040E5
:102BB000FFF783BE4FF09043186980F40060C0F3C4
:102BC000C020704710B50023052202214FF090402D
:102BD000FFF773FEBDE810400023052201214FF0EE
:102BE0009040FFF76ABE4FF090414B691A04DB43F7
:102BF00002F4003203F0020313438B6170474FF07D
:102C000090414B691A04DB4302F4803203F0010364
:102C100013438B61704700000C4BD3F8FC2022F06B
:102C20008072C3F8FC20D3F8FC2042F08072C3F815
:102C3000FC20A3F55D431A6822F001021A601A68AD
:102C400042F001021A6000225A60704700ED00E075
:102C5000064A074B51681B6810B5064CB3FBF4F3EA
:102C6000584353685B1A8342FBD310BD001000E049
:102C70008402002040420F007FB50123CDE90413F8
:102C8000002201A902A8CDE902230BF029FC0028AB
:102C90000CBF0420052007B05DF804FB014608B511
:102CA00000200BF087FB00280CBF0420052008BD86
:102CB00008B5FFF7E1FF031F5842584108BD08B5AA
:102CC000FFF7ECFF031F5842584108BD2DE9F347B9
:102CD0002A4B2B4D012814462A482B4A0E4617BF73
:102CE000AA463D213C211D46019106BF9A468046D9
:102CF00090460BF019FB01992846FFF7D9FF30B930
:102D000000240BF023FB204602B0BDE8F087002E24
:102D100008BF4FF4FC64073424F0070405F11007E2
:102D2000B1463444AAEB050AA1450BD14FF011324C
:102D30004FF0FF332846FFF7C2FF003818BF0120CD
:102D40008400DEE76EB90AEB0703D3E90023B3F191
:102D5000FF3F08BFB2F1FF3F06D1083709F108096C
:102D6000E2E7D9E90023F2E7B84505D93846FFF78D
:102D7000A6FF0028F1D1C3E70324C2E700E0010861
:102D800000E80108FFEF0108FFE7010810B50BF0AC
:102D9000CBFA09483C21FFF78BFF58B107483D218A
:102DA000FFF786FF003818BF012084000BF0CEFA31
:102DB000204610BD0446F9E700E0010800E80108DC
:102DC00030B5084D002340F2EF749AB2914201D819
:102DD000042030BDA34203D05A5DC2540133F4E74E
:102DE0000320F6E710E0010813B50A46044672B660
:102DF000019101460020FFF769FF62B60428019A9D
:102E000005D172B601202146FFF760FF62B602B01D
:102E100010BD000038B5124B1C68D3F80058B4F14F
:102E2000113F09D1B5F1113F17D000221146012001
:102E3000BDE83840FFF74ABFB5F1113F03D100228A
:102E400011461046F4E7FFF7A1FF042804D12C40F7
:102E500001340CBF0220012038BD0420FCE700BF74
:102E600000E00108034B18739A68D207FCD5187B61
:102E7000704700BF0030014038B5441E8D18A9428C
:102E800000D138BD14F8010FFFF7ECFF01F8010B7A
:102E9000F5E7084611461A46FFF7EEBF38B5064D6E
:102EA00004460144A14200D138BD2878FFF7DAFF7B
:102EB00004F8010BF6E700BF6C020020084611463B
:102EC000FFF7ECBF10B5014404468C4200D110BDA1
:102ED00014F8010BFFF7C6FFF7E708461146FFF7A6
:102EE000F1BF000010B58AB02822002168460DF01D
:102EF000FDFE4FF48050FEF75DFE102103230622F5
:102F00004FF09040FFF7D9FC4FF0904010238361C1
:102F10000A2206232021FFF7DAFC06230A22802159
:102F20004FF09040FFF7D3FC0623032240214FF0DF
:102F30009040FFF7CCFC1822154C06924FF4827299
:102F4000002301924FF40072CDE90333CDE907333A
:102F50000093059207234FF4E062694620460993E7
:102F600002920CF09DF9636823F0100363606368BC
:102F700023F008036360236843F040032360A368E1
:102F80009B07FCD5237B034BFF221A700AB010BDB0
:102F9000003001406C0200201C4B10B4DC69A0061C
:102FA00011D51A6891060ED519481A495A6A03882C
:102FB00009880133C3F30A0389B299421FBF164936
:102FC000D2B2CA54038011481F232206036215D5CA
:102FD00003681B0612D5114B114A1988138889B250
:102FE0009BB299420DD013880133C3F308031380B9
:102FF00013880C4A9BB2D35CDBB283625DF8044B4E
:1030000070475DF8044BFEF707BE00BF0038014073
:103010004A3F0020483F0020483700204E41002012
:103020004C4100204C3F00200A490B4A08B50B8850
:1030300012880133C3F3080392B29A4207D0074AB9
:10304000D05407480B80FEF7CCFD012008BD0020BE
:10305000FCE700BF4E4100204C4100204C3F0020C7
:103060000038014038B504464518AC4200D138BD9F
:1030700014F8010BFFF7D8FFF7E708461146FFF7F2
:10308000F1BF0000054B064A1B8810880133C3F3CB
:10309000080380B2181A18BF012070474E41002063
:1030A0004C41002008B5FFF7EDFFB0FA80F0400971
:1030B00008BD0000054B064A1B8812889B1A98B26F
:1030C0001B0444BF00F5006080B270474A3F0020F7
:1030D000483F0020FFF7EEBF0848094A01881388DF
:1030E00089B29BB29942F9D013880133C3F30A0322
:1030F00013801388034A9BB2D05C70474A3F00207C
:10310000483F002048370020FFF7E6BF70B588B081
:103110000C46064615460021202268460DF0E6FDC5
:10312000231E18BF01231B03CDE9023569460C237A
:1031300003480196049405930CF08AF908B070BD19
:103140000038014010B5064C236823F001032360CA
:10315000FFF7DCFF236843F00103236010BD00BFCD
:1031600000380140002208461146FFF7EBBF00007F
:1031700010B53D4C236823F0010323604FF48040D9
:10318000FEF718FD4FF4007108230A224FF090401B
:10319000FFF79DFB082303224FF480614FF090401E
:1031A000FFF795FB002211464FF4E130FFF7AEFF29
:1031B00063682E4A23F490436360A36823F02A03D4
:1031C000A360236823F00053236002F6080353E84A
:1031D000003F23F0604302F6080040E80031002978
:1031E000F3D102F6080353E8003F23F0606302F6D0
:1031F000080040E800310029F3D11D4BB02283F8CC
:10320000252320225A601848FEF706FDFEF7FBFC36
:1032100040230362174B1980174B1980FEF7EAFC15
:10322000164B1980164B1980436823F400634360E2
:10323000836823F008038360436823F4804343607A
:10324000836823F022038360836843F480538360A0
:10325000036843F001030360C3699A02FCD5C369A4
:103260005B02F9D510BD00BF0038014000300140BD
:1032700000E100E04C4100204E410020483F00208A
:103280004A3F002008B5FFF773FF0348436ABDE8D3
:103290000840FEF79DBC00BF00380140FFF7F2BFB9
:1032A0001C4B10B4DC69A00611D51A6891060ED526
:1032B00019481A495A6A038809880133C3F3080375
:1032C00089B299421FBF1649D2B2CA54038011482D
:1032D0001F232206036215D503681B0612D5114B66
:1032E000114A1988138889B29BB299420DD013886C
:1032F0000133C3F30A03138013880C4A9BB2D35CD7
:10330000DBB283625DF8044B70475DF8044BFEF757
:1033100083BC00BF00800040524300205043002087
:1033200050410020564B0020544B002054430020B5
:103330000A490B4A08B50B8812880133C3F30A0304
:1033400092B29A4207D0074AD05407480B80FEF742
:1033500048FC012008BD0020FCE700BF564B0020C0
:10336000544B0020544300200080004038B50446F0
:103370004518AC4200D138BD14F8010BFFF7D8FF57
:10338000F7E708461146FFF7F1BF0000054B064A74
:103390001B8810880133C3F30A0380B2181A18BFC0
:1033A00001207047564B0020544B002008B5FFF712
:1033B000EDFFB0FA80F0400908BD00000848094A56
:1033C0000188138889B29BB29942F9D013880133DE
:1033D000C3F3080313801388034A9BB2D05C704781
:1033E000524300205043002050410020FFF7E6BF29
:1033F00070B588B00C460646154600211C2201A86F
:103400000DF074FC231E18BF01231B03CDE9033507
:1034100001A90C2303480296059406930BF068FD5E
:1034200008B070BD0080004013B53B4C236823F00A
:1034300001032360394BDA6D42F00102DA65DB6D7E
:1034400003F001030193019B0A220D2304214FF095
:103450009040FFF73CFA0D23032208214FF09040E3
:10346000FFF735FA002211464FF4E130FFF7C0FFB5
:10347000236823F00053236004F1080353E8003F5E
:1034800023F0604304F1080141E80032002AF3D13F
:1034900004F1080353E8003F23F0606304F10802DD
:1034A00042E800310029F3D11D4BB02283F85B23A1
:1034B0004FF000629A601848FEF7AEFBFEF7A3FBE0
:1034C00040232362174B1980174B1980FEF792FB9C
:1034D000164B1980164B1980636823F400636360F0
:1034E000A36823F00803A360636823F48043636048
:1034F000A36823F02203A360A36843F48053A3606E
:10350000236843F001032360C3699A02FCD5C369B1
:103510005B02F9D502B010BD0080004000100240EF
:1035200000E100E0544B0020564B002050430020A7
:103530005243002008B5FFF777FF0348436ABDE810
:103540000840FEF745BB00BF00800040FFF7F2BF18
:10355000024B1A68024B1A60704700BF884B00206C
:10356000F40B0020054A064B1968136899421DBFE9
:103570000133012013600020704700BFF40B0020CE
:10358000884B0020034A0449136809680B44136000
:10359000704700BF884B002088020020014B18684C
:1035A000704700BF884B00200148FFF7FCB900BFFF
:1035B00000040040014B586A80B27047000400408C
:1035C00008B5FFF7F1FFBDE80840FFF7C1BF0000F5
:1035D000044BDA6822F00202DA606FF002021A612C
:1035E000704700BF00040040002208B50260FFF7EA
:1035F000EFFF044BF02283F81D234FF000521A60B6
:1036000008BD00BF00E100E008B5036853B1FFF753
:10361000DFFF054B5A6A114489B25963DA6842F0F8
:103620000202DA6008BD00BF00040040074B1A69BF
:10363000920709D56FF002021A61DA6822F00202DD
:10364000DA60034B1B681847704700BF0004004056
:103650003C33002070B51C4CC0220021201D0DF011
:1036600045FB1623062263800F23A0181749A38069
:1036700043232280FDF79AFD154B14490525C4E923
:1036800013353F230226A4F854300622432304F1C5
:103690005600A4F84A60FDF789FD4FF48033C4F862
:1036A0009C300C49A4F89A60002304F1AC00C4E9F2
:1036B000293384F8A0300DF0C9F87F2384F8C13095
:1036C00084F8C25070BD00BF4405002000330108DB
:1036D0000F000300A51F010870B5094E05460C46F2
:1036E000415C30460DF0C9F8034628B1831B013315
:1036F000DBB2282B28BF0023F35C2B5570BD00BF25
:10370000483A010870B50C46114606460DF09EF881
:1037100044B10025052130460135FFF7DDFFEBB24E
:103720009C42F7D870BD000073B5054605F111063F
:10373000214C224A014636016846FFF7E3FFB01CE0
:10374000694620440DF082F8264404EB051100235D
:1037500002227272A1F81A31142101FB05400425DE
:10376000012180F850504FF4807640F20115A0F806
:103770004A20C164A0F8521080F85510A0F8566095
:10378000A0F8585040F2032084F83430E284A66256
:10379000A08584F82E1084F8302084F83330C4F8E3
:1037A0003A30C4F83E30C4F84230A4F84650A4F889
:1037B000485002B070BD00BF88030020601F0108A0
:1037C000F7B50546B14CB24A05F11106014637017D
:1037D0006846FFF797FFB81C274469462044FDF769
:1037E00007FC7B7AAB4A072B88BF022304EB061049
:1037F00088BF7B721188437A41FA03F3DF070FD445
:103800000223437261B14807C1F3800308D441FA2F
:1038100003F7FF07D8B240F1D88104EB06135872C2
:1038200004EB05112B0191F81A01052802D900209B
:1038300081F81A01E718508897F81A1140FA01F137
:10384000C90711D4012187F81A1168B18707C0F39D
:10385000400109D440FA01FC1CF0010FCFB200F086
:10386000B981E11881F81A71E11891F81B01032858
:1038700002D9002081F81B0104EB0616717A012998
:1038800003D9042901D000219180E618908896F888
:103890001B1140FA01F111F001010ED186F81B1144
:1038A00058B110F0010108D140FA01F7FF07CEB27C
:1038B00040F19581234483F81B61142303FB0541E8
:1038C00091F84A00052802D9022081F84A0003FB3A
:1038D000054393F84B10042902D9002183F84B10BB
:1038E000142303FB0543B2F84A1093F84B0041FA46
:1038F00000F0C00712D4012083F84B0071B1880793
:10390000C1F340030AD441FA03F6F707D8B240F1F5
:103910006B81142303FB054383F84B00142303FB43
:10392000054393F84C10032902D9012183F84C1068
:10393000142000FB0540B2F84C1090F84C3041FACE
:1039400003F313F0010310D180F84C3069B111F08A
:1039500001030AD141FA03F6F607D8B240F14981D2
:10396000142303FB054383F84C00142303FB054396
:1039700093F84E10012902D9002183F84E1014202B
:1039800000FB0540B2F84E1090F84E3041FA03F3B8
:1039900013F0010310D180F84E3069B111F001032A
:1039A0000AD141FA03F6F707D8B240F12781142370
:1039B00003FB054383F84E00142303FB054393F8F0
:1039C0004F10022902D9002183F84F10142000FB68
:1039D0000540B2F8503090F84F1043FA01F111F061
:1039E000010110D180F84F106BB113F001010AD121
:1039F00043FA01F6F607C8B240F10581142101FB34
:103A0000054181F84F00142101FB054090F84D60FD
:103A1000022E02D9002680F84D6001FB054191F885
:103A20005000052802D9042081F85000142101FB20
:103A3000054090F85260012E02D9012680F85260AC
:103A400001FB054191F85500012802D9012081F8B8
:103A50005500142101FB054191F85300022802D9B9
:103A6000002081F85300142606FB0546B2F85200E8
:103A700096F8531040FA01F111F0010117D186F8C0
:103A80005310A0B110F0010111D105E0880300200E
:103A9000601F01084405002040FA01F7FF07CEB27D
:103AA00040F1B680142101FB054181F853601421D7
:103AB00001FB054090F856600C2E02D9002680F8D4
:103AC000566001FB054191F84C00012809D191F89D
:103AD0004F60022E05D1DF0740F19F80002381F85F
:103AE0004F30142303FB0543012183F8571040F2A4
:103AF0000111A3F8581094F82630052B02D902239F
:103B000084F8263094F82730042B02D9002384F857
:103B10002730B2F89A0094F8273040FA03F313F0F4
:103B2000010F8A4B0ED1012184F8271050B186076E
:103B3000C0F3400106D440FA01F7FF07CEB271D5B9
:103B400083F8276094F82810022902D9002184F80C
:103B5000281094F82910022902D9012184F829108B
:103B6000B2F89C1094F8292041FA02F212F00102F6
:103B70000CD184F8292049B111F0010206D141FA93
:103B800002F6F607D0B251D583F8290094F82A201E
:103B90000C2A02D9002284F82A2093F832200C2A19
:103BA00002D9002283F8322093F82B20042A02D96C
:103BB000002283F82B2000226549104611F9014F9D
:103BC00014F1780F36DA087036E00133102B7FF4E9
:103BD0001EAE25E6013110297FF43CAE44E60131EA
:103BE00010297FF461AE68E60133102B7FF48BAEB1
:103BF00094E60133102B7FF4ADAEB6E60133102B03
:103C00007FF4CFAED8E6013110297FF4F1AEFAE6A9
:103C1000013110297FF440AF49E713F0020318BFC8
:103C200003465CE70131102985D18BE70132102A68
:103C3000A5D1ABE7782CC6DC0132D2B20C2ABDD1BB
:103C400044490022012011F8014F0132022CD2B266
:103C500088BF0870042AF6D193F83420012A02D9CB
:103C6000002283F834203C4AB2F89E1093F83420A6
:103C700041FA02F212F001020CD183F8342049B16A
:103C800011F0010206D141FA02F4E407D0B211D5D5
:103C900083F8340093F82C20052A02D9032283F8F4
:103CA0002C2093F82D20032A08D80AD1002283F86B
:103CB000342006E00132102AE5D1EBE7022283F836
:103CC0002D2093F82E20022A02D9012283F82E20DB
:103CD00093F83020022A02D9022283F8302093F888
:103CE00033200C2A02D9002283F8332093F83520A0
:103CF000042A02D9002283F83520142202FB053160
:103D000091F85A00012802D9002081F85A0002FBDC
:103D10000532FF2103EB05154FF6FF7082F85110B5
:103D200082F8541083F82F1083F831104FF0FF31D0
:103D3000C5F81C11A5F820011962998482F85B006E
:103D4000A2F85C10D986198703B0F0BD8803002063
:103D5000C1030020CD03002044050020034670B5B8
:103D60000846052B04D8DFE803F01D0421191D21A6
:103D7000FEE720261F250F22174CA3702277013B58
:103D80000122A4F84860A4F84A50A276A273042B3A
:103D900010D8DFE803F010181B1B180009266F2548
:103DA0000722E9E7142632250A22E5E735261325FE
:103DB0001922E1E7FEE7002323712374FDF7E6FBF8
:103DC0006073607670BD22712274F7E7002323715F
:103DD0002374A376A373F1E72C030020044B012284
:103DE00083F85120A3F85220A3F85420704700BF55
:103DF0002C0300202DE9F043964D974C00F111085B
:103E000005EB081702378DB006463846FDF70CF96A
:103E10000421029002A8FDF72FFF05EB0613E083B3
:103E200093F81B314FEA06192BB103EB031303EB95
:103E300003231844E08305EB08135B7A062B40F05C
:103E4000BA80E38B03F5B5432533E383142303FBE7
:103E5000065305EB081893F84B00FFF7BFFF98F8DF
:103E6000091061708B1FA944012B8CBF0023012313
:103E700099F81A0184F85630FFF770FF99F81B2162
:103E8000E18B029BE1806182A36063612AB14FF004
:103E9000113000FB0233A3606361142303FB06535C
:103EA000616293F84A006D4B84F8292013F92030A1
:103EB00023732376002384F82A30637B23B93846A2
:103EC000FDF7D2F884F82A006078FDF75FFB644ABA
:103ED00084F82800128802F00101970748BF41F0DA
:103EE0000201A1850346500742BFA18D41F00401A4
:103EF000A185110742BFA18D41F01001A185D70610
:103F000042BFA18D41F02001A185900642BFA28D44
:103F100042F00802A285534A03AF02F1200E106856
:103F20005168BC46ACE80300083272456746F6D1DA
:103F30001068CCF80000A2784B4F06210CA801FBBA
:103F400003031344B7EE087A13F824CC84F820C096
:103F500007EE90CAF8EEE77A17E90F0067EE877A66
:103F600087E80F00FCEEE77A40F2E243CDED017AFC
:103F7000A4F84C309DF80430B4F84820A4F84E3032
:103F80004FF47A73B3FBF2F3A4F84030142303FB2D
:103F900006534FEA5C0CBCF1050F93F8503038BF64
:103FA0004FF0050C84F850C0052B33D8DFE803F040
:103FB0000B382C2F3235072B7FF448AFE38BA3F55A
:103FC000B543263B41E74FF416536364002384F85E
:103FD000573084F85930142303FB065696F84C30BA
:103FE000032B03D096F84F20022A02D1012284F835
:103FF0005720591E4A424A4184F8582094F85720C5
:104000008AB1012B0FD1FEE74FF41643DDE74FF4E1
:104010006143DAE74FF4E133D7E74FF46133D4E794
:104020004FF49643D1E72178142000FB015595F811
:104030004C10022907D1012184F8591022B194F8BB
:1040400059301BB1FEE70AB9012BF8D00DB0BDE81D
:10405000F08300BF880300202C03002000330108F8
:10406000440500209C1D01085C03002002484FF419
:10407000DE72FF210CF03ABE8803002002484FF4A4
:10408000DE71FEF7B1BE00BF8803002002484FF486
:10409000DE71FEF795BE00BF8803002008B5FFF76C
:1040A000F5FF034B1878BDE80840FFF789BB00BF58
:1040B0002C03002038B5FFF7D9FFFEF7ABFE04282C
:1040C0000CD0FFF7D3FFFEF7A5FE042803D1FFF7BE
:1040D000DDFF042806D0FFF7C9FF03E0FFF7D6FF96
:1040E0000428EED12F4930482F4C10220CF0EAFB67
:1040F00038B12E49102220460CF0E4FB08B1FFF73E
:10410000B5FFA38AB3F5215F28D008D30025E8B214
:104110000135FFF709FB0A2DF9D10023E3774FF4AE
:104120002153A382012522691E491F4842F6A1039B
:104130009A424FF010021CBF236101250CF0C2FB14
:1041400070B1184918481022FDF7AEF818491948FF
:104150000822FDF7A9F8FFF791FF03E00025E2E749
:10416000002DF8D1E37F104A092B84BF0023E377A9
:10417000E17F1420002300FB0144013394F84C003C
:1041800082F84C000A2B02F11402F6D10A4C21707D
:10419000FFF760FA2078FFF713FB2078BDE838407E
:1041A000FFF728BE671F010888030020781F010859
:1041B000891F01083A0500202C0300200129F7B5CA
:1041C000054600D9FEE70B4E06EB01131C460F0116
:1041D0006278F15D03619B7809F0CCFCE37901938F
:1041E000A379009322796379E178284609F0E9FC04
:1041F00003B0F0BDB050010838B5836804466BB118
:10420000024652F8183BDD6900F11903A847217EE8
:1042100020460222BDE8384009F035BD38BD000017
:1042200070B58160897A86B0044601B1012109F038
:104230007AFC204609F0FAFD204609F0D2FD217BE8
:10424000FF2903D0FA22204609F0D7FDA3685B7A44
:10425000013B042B04D8DFE803F0043E3E4141005B
:10426000FEE7E922E121204609F004FE0121204673
:1042700009F094FD9621204609F0D1FD3821204611
:1042800009F0E3FD204609F0E7FDA368204693F915
:104290000810FFF7B1FFA3689D7A15B3197820467F
:1042A000FFF78CFF00221146204609F056FC002340
:1042B000009340F2032220464FF6FF7109F0B0FC54
:1042C00020464FF6FF7109F0D2FC204606B0BDE84B
:1042D000704009F073BDDB22D721C4E76F226B2148
:1042E000C1E75E880E4B63614CF250330093204669
:1042F0000C4919230B2209F0CBFD0123CDE903332F
:104300005B23CDE901531023194620460095042272
:1043100009F0FCFD3146204609F01CFEC2E700BF53
:1043200090500108A086010010B5044609F046FD32
:1043300020464FF6FF71BDE8104009F098BC000020
:1043400038B58168036891F90810DD69044600F109
:10435000190300F11802A847A3689A7A42B11A78A3
:10436000012A00D9FEE7044B03EB0213236138BD99
:10437000024B6361FBE700BFB05001089050010899
:1043800010B50A4CA06858B1236923B9636913B901
:104390002046FFF7D5FFA3689B7A23B1236998686D
:1043A000A0F57A7010BD63699869F9E71C320020A6
:1043B000836810B5044683B103691BB943690BB91F
:1043C000FFF7BEFFA3689B7A1BB12369B3F90C000A
:1043D00010BD6369B3F91C00FAE71846F8E7836873
:1043E00010B5044643B103691BB943690BB9FFF724
:1043F000A7FF94F9190010BD1846FCE708B58368BB
:1044000043B9FFF70DFF7D20FEF722FCBDE8084011
:10441000FEF7BEBB08BD000090F8D43053B190F851
:10442000D520074B03EBC20153F83230497953F8DA
:1044300021007047037C00EB8300406B704700BF96
:10444000D032010838B504461546084609490CF033
:10445000FDF904EB850292ED0D0ADFED077AB8EE67
:10446000400A20EE270A0BF083F8FCEEC07A17EE24
:10447000900A38BD8F1F010800007A3A2DE9F341F8
:104480009DF824701646402F88464FF05B024FF08F
:10449000000104461D4628BF40270CF027FCA24B14
:1044A000DB8B23803278A37862F30203A3707378E6
:1044B0004FEA0818DB0003F0080308F0300843EA6D
:1044C0000801A37823F038031943A1707279E378C7
:1044D00062F38203E370B279A37962F30003A371FC
:1044E00096F90200FCF7B2FCE37800F01F0203F03B
:1044F000070343EAC203E3702379C0F3411023F0BA
:10450000030303432371F27962F382032371327A46
:10451000DBB202F01F0203F0070343EAC203237178
:10452000327A6379C2F3401223F0010313436371BB
:10453000327962F347036371727AA37802F003025F
:1045400003F03F0343EA8213A370727AE378C2F365
:10455000800223F001031343E370B27A62F3410354
:10456000E370A37967F34703A3712B78AA78E3710B
:104570006B7802F01F0203F0070343EAC2032372C1
:104580006A88637AC2F3451223F03F0313436372D0
:104590002A79DBB202F0030203F03F0343EA8213FD
:1045A0006372AB88C3F38703A3726A79E37AC2F3B9
:1045B000800223F001031343E372AA79DBB202F015
:1045C0007F0203F0010343EA4203E372EA88237B9C
:1045D000C2F3C31223F00F03134323732B7AAA7A77
:1045E000E3736B7A02F01F0203F0070343EAC2038E
:1045F00023746A89637CC2F3451223F03F0313439B
:1046000063742A7BDBB202F0030203F03F0343EA48
:1046100082136374AB89C3F38703A3746A7BE37C5F
:10462000C2F3800223F001031343E374AA7BDBB2DD
:1046300002F07F0203F0010343EA4203E374EA89D4
:10464000237DC2F3C31223F00F03134323752B8A78
:10465000DB0863756B8ADB08A375AB8ADB08E3753F
:10466000EB8ADB0823762B8BB3F5C06F4ED2B3F504
:10467000007F94BF00230123227B63F30512227382
:104680006B8BB3F5C06F43D2B3F5007F94BF0023AB
:104690000123227B63F387122273AB8BB3F5C06FC8
:1046A00038D2B3F5007F94BF00230123227D63F34A
:1046B00005122275EB8BB3F5C06F2DD2B3F5007FD9
:1046C00094BF00230123227D63F38712089B227588
:1046D0001F4404F11802BB4220D14FF6FF7321465C
:1046E0000DF106000D22ADF80630FDF7ABFA2146BC
:1046F000BDF8063021F80D3F4C22FDF7A3FABDF8B6
:104700000630A4F8593002B0BDE8F0810223B3E7C7
:104710000223BEE70223C9E70223D4E713F8011BF3
:1047200002F8011FD7E700BF2C03002013B59DF846
:104730001040CDE9003413460A460021FFF79EFEE3
:1047400002B010BD13B5144B0288DB8B9A420446AD
:104750001DD1837803F03003102B01D0202B18D10A
:10476000A379A52B15D84FF6FF730DF1060059223A
:104770002146ADF80630FDF765FAB4F85900BDF8EA
:104780000630C01A18BF0120800002B010BD012001
:10479000FBE70220F9E700BF2C03002030B53A4BBD
:1047A000027893F8261061F30302027093F8271041
:1047B00061F30712027093F82810427861F3030244
:1047C000427093F8291061F30712427093F82A108F
:1047D000827861F30302827093F83210827961F378
:1047E0000302827193F82B10827861F307128270B2
:1047F00093F83410C27961F30302C27193F82C105C
:10480000C27861F30302C27093F82D1061F30712AE
:10481000C27093F82E10027961F30302027142799B
:1048200093F8301061F30302427193F833108279E8
:1048300061F30712827193F83510C27961F30712A0
:10484000C27103F1390100F10A0200F1160411F9F5
:10485000015F02F8015FA242F9D193F84610C27DD0
:1048600061F30102C27593F8471061F38302C275C8
:1048700093F8481061F30512C27593F8493063F359
:104880008712C27530BD00BF880300200278344B08
:10489000C2F3030230B583F826200278C2F3031274
:1048A00083F827204278C2F3030283F82820427855
:1048B000C2F3031283F829208278C2F3030283F83B
:1048C0002A208279C2F3030283F832208278C2F36D
:1048D000031283F82B20C279C2F3030283F8342039
:1048E000C278C2F3030283F82C20C278C2F3031209
:1048F00083F82D200279C2F3030283F82E20427937
:10490000C2F3030283F830208279C2F3031283F8E2
:104910003320C279C2F3031283F8352003F1390141
:1049200000F10A0200F1160412F9015F01F8015FBB
:10493000A242F9D1C27DC2F3010283F84620C27DB2
:10494000C2F3810283F84720C27DC2F3011283F8CB
:104950004820C27DC2F3811283F8492030BD00BFD8
:10496000880300201FB58DF80C300123019303ABA1
:10497000009313460A460221FFF780FD05B05DF85B
:1049800004FB0000F0B5234D012385F8A030044658
:1049900085B0B0F80900FCF72EFCC5F8A400B4F807
:1049A0000B00FCF728FC1422C5F8A80004F10D0147
:1049B00005F1AC00FCF78AFC94F9213085F8C13090
:1049C00094F8223085F8C23004F12300FFF75EFF2F
:1049D0006E4604F1410304F15107186859683246E4
:1049E00003C20833BB421646F7D10B4843230822C3
:1049F0006946FCF783FB94F85130A5F89A3094F897
:104A00005230A5F89C3094F85330A5F89E3005B08C
:104A1000F0BD00BF440500209A0500202DE9F043B9
:104A200095B0DFF89090039204AF4FF04008054630
:104A30000E464246002138460CF058F91C4C99F8B5
:104A40000010222204EB01118DF810200DF112004C
:104A5000062201F58971FCF727FC99F8000004EBA8
:104A6000001107A891F81A2191F8194102F00F02DC
:104A700004F00F0444EA021491F81B2102F00F0223
:104A800044EA0224BDF8182022F47F6222F00F02CB
:104A90001443ADF81840FFF781FECDE90078039B81
:104AA000324602212846FFF7E9FC15B0BDE8F08345
:104AB000880300202C030020034B04491A68044893
:104AC00001FB020018607047480600200D661900BF
:104AD0005FF36E3C38B50B4A0B4D13782C78A3422C
:104AE00005D101332B70287800F0010038BD147017
:104AF000FFF7E2FF6FF0004398423CBF01342C7097
:104B0000F1E700BF45060020460600200B4A0C498D
:104B1000126882600A6802614A680A4942610A684A
:104B200082614A68C26100234EF6602283808371ED
:104B30008381038402600385704700BF884B002097
:104B4000941F01089D1F010810B50E4CA36803B9FE
:104B5000FEE70D4A12791A700021204608F0CCFFBA
:104B60004FF47A70FEF774F82046012108F0DBFF5D
:104B7000A36820461978FFF721FB2046FFF7D4FBF6
:104B800010BD00BF1C3200202C03002038B5174D8B
:104B90000446A878697805281CD14FF6FF73238551
:104BA000FFF7DCF86B7801229A40238D23EA020399
:104BB00023850F490F48FFF721FC0E48FFF7B4FB90
:104BC0000C486FF07F01FFF717FB2046BDE8384027
:104BD000FFF7BABF002323850220FFF7BFF86A78EA
:104BE00001239340228D13439BB2E1E72C03002065
:104BF000300300201C32002008B590F82030024617
:104C00008BB9FDF7D7FF10B982F8210008BD92F8E3
:104C1000213001335BB2312B82F82130F6DD0123E4
:104C200082F82030F2E7FDF7C5FF18B1322382F891
:104C30002130EBE792F82130013B5BB2002B82F888
:104C40002130D8BF82F82000E0E70000134B90F835
:104C500020201B68CAB182689B1AB3F57A6F01D90C
:104C6000012343710379ABB10D4B427B1B781AB121
:104C7000022B1CBF032202739A1E534253414373FB
:104C8000837953B10323037370478360EAE70123F9
:104C90000371F8E74379002BF9D17047884B002066
:104CA00029070020037B9A1E012A4FF0000202D838
:104CB00090F8201011B90273184670471346FBE7AD
:104CC00070B51D4C1D4E05465B22002120460CF0A0
:104CD0000DF82B6923606B696360194B194D1B78C4
:104CE00031789A1E53425341627A05EB011163F306
:104CF0000002627201F58971062204F10A00FCF7D4
:104D0000D3FA337805EB031205EB031592F81B1168
:104D100095F8193192F81A2103F00F0343EA0213B0
:104D20002374637C204661F3030359216374FCF709
:104D3000A3FFA4F8590070BD813200202C0300208D
:104D400029070020880300200A4A38B51388013358
:104D50009BB2502B04460D4601D8138038BD00236A
:104D600005491380FDF783FC29462046FDF77FFCAB
:104D7000F4E700BFFE0B0020132101082DE9F84FD6
:104D8000154604460F467749FDF771FC2946204633
:104D9000FDF76DFC744B0022012F1A804FF09046F6
:104DA00010D10223B362B76146F2A810FDF750FF9D
:104DB000B76246F2A810FDF74BFF29462046FFF7E1
:104DC000C3FFF0E7BB1E01220C2B00F2BE80DFE820
:104DD00003F0374A5E1F07BCBCBC71717171710072
:104DE0004FF090464FF001080227C6F8188046F2AF
:104DF000A810B762FDF72CFFC6F8288046F2A8106D
:104E0000B761FDF725FF29462046FFF79DFFEBE739
:104E10004FF090464FF001080227C6F8188046F27E
:104E2000A810B761FDF714FFC6F8288046F2A81055
:104E3000B762FDF70DFF29462046FFF785FFEBE738
:104E4000B26202274FF09046B76146F2A810FDF714
:104E5000FFFEB76246F2A810FDF7FAFE294620468B
:104E6000FFF772FFF0E70223B36101274FF090468E
:104E7000B76146F2A810FDF7EBFEB76246F2A81044
:104E8000FDF7E6FE29462046FFF75EFFF0E7B26138
:104E900002274FF09046B76146F2A810FDF7D8FE02
:104EA000B76246F2A810FDF7D3FE29462046FFF769
:104EB0004BFFF0E7A7F1090A5FFA8AFA00264FF0E4
:104EC000010956453EBF4FF0904302229A614FF0D0
:104ED00004084FF0904B46F2A810CBF81890FDF75D
:104EE000B7FE46F2A810CBF82890FDF7B1FE08F106
:104EF000FF3829462046FFF727FF18F0FF08EAD1C0
:104F00000223CBF828304FF004084FF0904B46F2C4
:104F1000A810CBF81890FDF79BFE46F2A810CBF82E
:104F20002890FDF795FE08F1FF3829462046FFF747
:104F30000BFF18F0FF08EAD10136A7F10803F6B21B
:104F4000DBB2B34238BF0026BBE70223B261B361D4
:104F50004CF25030FDF77CFE29462046FFF7F4FE68
:104F6000F6E700BF13210108FE0B002008B54378C7
:104F700002789A4213D0052B8ABF05230370037071
:104F8000027888BF4370064B064813F92210064B7F
:104F900019731976836813B11972FFF72DF908BDDB
:104FA000003301081C3200202C03002010B50AB980
:104FB000437010BD541E0B2CFBD80332D2B231F912
:104FC0001220C83A03FB022240F2716192FBF1F217
:104FD00012B222EAE2729A42C8BF1AB24270E8E7FD
:104FE000044B054A1A60054B054A1A60054B064AF0
:104FF0001A60704768310020780200201C070020EA
:105000007C0200206C310020800200200A4601460C
:1050100010B9024808F041BD704700BF1C320020A3
:1050200038B515461C4690B9FDF772FD2B460A4669
:105030000146094808F00AFD07484FF6FF7108F0DD
:1050400016FEA1010448BDE8384008F029BE024818
:10505000FFF76AF938BD00BF1C32002037B50C4697
:1050600038B91A48836833B9812281F88C2081F8D5
:105070008E3003B030BD9D7ADDB101F18E020DF1AD
:10508000060108F043FE94F98E30002B04DABDF8D7
:1050900006201344ADF80630BDF90630002B0FDBB7
:1050A0004FF6FF73ADF80630BDF8063084F88C304B
:1050B000DFE70DF1060108F05EFF84F88E50EBE7A4
:1050C0007F33F1DA4FF68173ECE700BF1C3200202A
:1050D00070B5114C0D4606465B23224621462846F4
:1050E000FFF794FFD6E90613206862689A4208BF6A
:1050F00088420ED120465921FCF7BEFDB4F8594034
:10510000231A5C425C4128460449FFF7A7FF601C54
:1051100070BD0024F7E700BF54300020703100203C
:105120000A4608B501460148FFF728FE280000207E
:1051300000B591B00446684616461D460BF086FB46
:10514000184968460BF08AFB304608F0ADFB014673
:1051500068460BF083FB144968460BF07FFB134B4A
:10516000684653F82510124D0BF078FB114968463C
:105170000BF074FB9DF84830684655F823100BF08F
:105180006DFB0D4968460BF069FB9DF84C30684695
:1051900055F823100BF062FB08486A462146FFF7DA
:1051A000EDFD00BFA61F0108AD1F01080000002093
:1051B0001C000020B21F0108B91F010828000020B0
:1051C000002303708370437003714371C370704791
:1051D00003780022022B427104D0032B09D0012B4B
:1051E00016D0FEE701230371437183784370C370C7
:1051F000704783784278991AA3EB020218BF012105
:1052000012F0060F14BF0122002201714271EDE776
:105210000271704702788170002A0CBF02220322BB
:105220000270FFF7D5BF0000074B282202FB0030B9
:1052300083681A78542A05D15878A0F17803584227
:10524000584170470020704718330108074B282247
:1052500002FB003083681A78522A05D15878A0F1F1
:1052600078035842584170470020704718330108AE
:10527000074B282202FB003083681A78542A04D195
:105280005878783818BF012070470120704700BF58
:105290001833010828230B4A434310B5D15804465C
:1052A000FFF7D4FF48B92046FFF7BEFF064B1B7837
:1052B00028B103EB830301EB8301084610BD01EB2A
:1052C0000311FAE7183301082C0300202D2838B504
:1052D00005461AD80E4B282202FB00334CB21B792C
:1052E000022B0DD0FE2B10D1FFF7D4FF0378E4B2D0
:1052F000A3420AD004702846BDE83840FFF7B8BF83
:10530000FFF7C8FF90F90030F2E7002038BD00BF7A
:10531000183301082D2838B504460D4619D80E4B10
:10532000282202FB00331B79FF2B12D1FFF7B2FFBB
:1053300006222946FBF7DDFF58B92046FFF7AAFFF2
:1053400029460622FBF7C2FF2046BDE83840FFF79A
:105350008FBF002038BD00BF183301082DE9F0438E
:10536000074615462820394A41435018012B046A44
:1053700087B025D15258364B9A4235D0A3F1CE0191
:105380008A4233D03349F23B9A4208BF0C46FF238E
:105390008DF800304FF0000801262046FAF72AFF6A
:1053A0005FFA88F9484529D806F118036B44AE42E4
:1053B00003F8188C30D80020387007B0BDE8F083AF
:1053C000022BE4D15258224B9A4211D0591C8A42E6
:1053D00010D0A3F1CE018A420ED0A3F1F2018A428D
:1053E0000AD01D49EC3BCFE71C4CD0E7194CCEE767
:1053F0001B4CCCE71B4CCAE71B4CC8E714F8093020
:105400002C2B06D106F118036B44013603F8188CD7
:10541000F6B208F10108C0E705F118030DEB03052A
:10542000002315F8182C15F9175C0132D2B299181F
:10543000C9B2A94207EB030003DB0023037001207C
:10544000BBE7615C01700133DBB2F0E718330108A0
:10545000A1040020C01F0108F41F01081120010849
:10546000BA200108982001086E200108054B282267
:1054700002FB0030436A0BB1188870474FF6FF708B
:10548000704700BF1833010838B50B4B282202FBC8
:105490000030056A2846FAF7ADFE00221146D4B264
:1054A0004B1CA042DBB201D8184638BD2C5D01323E
:1054B0002C2C08BF1946F2E71833010838B5104BF9
:1054C000282202FB003301461B79FE2B15D1FFF782
:1054D000CDFF04460846FFF7D7FF002213460125FB
:1054E000D1B2884201D8184638BD05FA02F12142EE
:1054F0001CBF0133DBB20132F2E7FF23F3E700BF49
:10550000183301082DE9F04F4FF0000A1D4E93B0FB
:1055100004460F46D146D6F808805FFA8AF54FF068
:10552000000B0DE018F8030001920BF0B3F9C3B2C1
:10553000019A202B08BF5F2302F8403C0BF1010BBE
:105540005FFA8BF340460193FAF754FE019B03F197
:10555000480298426A44E5D802F8409C394602A8BD
:10556000FAF73EFE48B10AF1010ABAF12E0F06F130
:105570002806D0D10025284600E00120257013B070
:10558000BDE8F08F1833010837B51E4D13462822A9
:1055900002FB015504462A79FE2A18D0FF2A24D09E
:1055A000022A2BD10846FFF775FE214690F900002C
:1055B00008F01DF92D692B783BB1134920460BF0FB
:1055C0004DF9294620460BF049F9012018E008461C
:1055D00001930091FFF75EFE019B0278009920463F
:1055E00003B0BDE83040FFF7B9BE0846FFF752FEF2
:1055F000062201462046FBF769FEE6E70020207000
:1056000003B030BD183301080A220108F8B5194B60
:105610001646282202FB063300241A790470022A57
:1056200007460D4603D0FE2A13D02046F8BD93F955
:1056300018209142F9DB93F91C309942F5DC4FF0C8
:10564000000165F307013046FFF740FE0124387082
:10565000EBE70029E9DB3046FFF716FFA842E4DD5F
:105660003046FFF703FF40FA05F313F00103E6D1DC
:105670001C46DAE7183301082DE9F84300230370CC
:10568000124B1746282202FB073306461B79FF2BD5
:105690000C4603D000252846BDE8F8830846FAF7F3
:1056A000A9FD0628F6D104F1FF3804F1050918F820
:1056B000010FFBF783FC05460028EBD0C845F6D167
:1056C00021463846FFF726FE3070E4E7183301081C
:1056D000F8B5104E4FF0280C0CFB02660027367907
:1056E0000770FE2E04460B46154603D0FF2E0BD046
:1056F000022E0DD118460BF0E0F92A46014620464D
:10570000BDE8F840FFF782BFBDE8F840FFF7B4BF3F
:105710003846F8BD1833010810B504460846B2B93A
:10572000FBF7A2FC042812D8DFE800F003090B0DF8
:105730000F00084920460BF089F8012010BD0649EA
:10574000F8E70649F6E70649F4E70649F2E70020DC
:10575000F4E700BFF7200108FC200108012101083F
:10576000062101080C21010810B504460068FCF769
:105770007EFF02492068FCF77AFF10BD1221010864
:105780000B1E18BF0123122A14D91D2A14D9312A3D
:105790008CBF0822052203710023016080F8853048
:1057A0004371C0F8883080F88C3080F88D20A0F8E4
:1057B0008E3070470122EEE70322ECE790F8853047
:1057C000682B08D8C2180133DBB2517180F88530DC
:1057D000184400234371704708B50530FAF700FDFF
:1057E000B0FA80F0400908BD2DE9F04192B00646BC
:1057F000084601911546FAF7FDFC06F10508044636
:105800004046FAF7F7FCE4B2631CC7B2BB42019909
:1058100003DB002012B0BDE8F081224640460BF0C9
:1058200051F80028F5D1221D23461644BB420246FA
:105830001BD300F148036B44002403F8404C0028BC
:10584000E7D09DF808303D2BE3D1302302A88DF836
:105850000830FAF7CFFC2346DAB2904212D802A8F9
:105860000BF02BF928600120D4E716F8011F20293E
:1058700005D048326A440130C0B202F8401C0133FE
:10588000DBB2D3E748326A44013312F8402C303A95
:10589000092AE1D9BDE7000010B50E4B1B78022B99
:1058A00004460FD10C4B93F8A0205AB1D3F8A8307E
:1058B000B3F5215F07D20949FFF756FF0849204693
:1058C000FFF752FF10BDFDD00649FFF74DFF064917
:1058D000F5E700BF29070020440500201521010835
:1058E0004B21010881210108B721010810B50446A8
:1058F000FFF7D2FF20680749FCF7C8FE064B206877
:1059000019783031C9B2FCF749FE04492046FFF747
:105910002BFF10BDED2101082C030020A51F01085D
:105920002DE9F0474379702B90B080460F4616461C
:1059300071D18379202B6ED1C0790AF05BFF0028EA
:105940005CD000254FF0020A2C4608F105094846B4
:10595000FAF750FC824522D305F140030DEB030515
:10596000002305F8403CC4B3E8461D4618F8010B77
:105970000AF090FF78550135EBB2A342F6D300252B
:105980003D550134E4B26846FAF734FC6719FFB2BA
:10599000874206EB050334D300221A702DE008EB92
:1059A0000A035B793D2B0ED0202B07D005F1400177
:1059B0006A1C0DEB010505F8403CD5B20AF1010364
:1059C0005FFA83FAC3E72C46F0E705F140036B4426
:1059D00013F8400C0AF05EFF78556846FAF70AFCA7
:1059E000E5B2A84207EB050304F10104EDD800225B
:1059F0000A491A7030460AF029FF012010B0BDE8AC
:105A0000F08707F140020DEB0207013517F8402C33
:105A10001A70EDB2B7E70020F0E700BFF7210108E8
:105A20002DE9F0472C4E282303FB016688B033791B
:105A3000FE2B04460D4620D0FF2B4BD0022B2DD140
:105A400096F9185025490068FCF720FE284669465B
:105A500007F0CDFE69462046FFF786FE96F91C50FA
:105A60001F492068FCF712FE6946284607F0BFFE72
:105A700069462046FFF778FE10E00846FFF7F6FC7F
:105A8000DFF86490DFF864A080460027FEB20123AF
:105A9000324629466846FFF761FC10B908B0BDE8F8
:105AA000F087BBB248FA03F3DB0711D520684946FB
:105AB000FCF7ECFD06F130012068C9B2FCF76EFD81
:105AC00020685146FCF7E2FD69462046FFF74CFE90
:105AD0000137DBE70349CDE718330108F921010855
:105AE0000122010810220108092201080C220108E4
:105AF000F0B504468BB008460D46FFF7DFFC254F96
:105B0000254906462068FCF7C1FD282303FB0577DD
:105B10002068B968FCF7BAFD20492068FCF7B6FD9B
:105B20002EB91F492046FFF71FFE0BB0F0BD012222
:105B3000294602A8FFF728FD206802A9FCF7A6FD68
:105B40003B79FE2B03D0FF2B1AD01649EAE72846F3
:105B5000FFF7A0FB057814492068FCF797FD05F1D5
:105B600030012068C9B2FCF719FD10492068FCF724
:105B70008DFD012EE9D10E492068FCF787FDE4E791
:105B80000C4B02A95A786846FFF7C6FD0028DCD006
:105B90006946F1E718330108092201080C220108BF
:105BA0001F220108A51F01082F2201081D2201083C
:105BB000322201082C03002070B590F88E30044684
:105BC0006BB990F88F30012B01D9032B07D1214BF2
:105BD0001B78022B03D020492046FFF7C5FD1D4E40
:105BE000002594F88E102D2903D9002384F88C30D9
:105BF00020E04B1C84F88E3094F88F30012B09D1B3
:105C00000846FFF711FB0028EBD10846FFF71EFB03
:105C100038B1E6E7022B0ED10846FFF705FB002856
:105C2000DFD02046FFF764FF013594F88D30EDB2E8
:105C3000AB42D6D270BD032B08D10846FFF706FB56
:105C40000028CED03378022BDFD1EAE7002BF9D041
:105C5000E7E700BF290700204122010838B5594B6A
:105C60001A6890F88C30012B044640F0AA80D0F8D6
:105C70008830D31AB3F5FA7FC0F0A380524DC0F834
:105C800088202846FBF79EF807F0E6FD01462068CD
:105C9000FCF7FCFC4D492068FCF7F8FC05F114000A
:105CA000FBF762FC07F0D8FD01462068FCF7EEFC2C
:105CB00047492068FCF7EAFC95F8940007F0CCFD12
:105CC00001462068FCF7E2FC42492068FCF7DEFC54
:105CD00095F98C0007F0CAFD01462068FCF7D6FC58
:105CE0003D492068FCF7D2FC95F98D0007F0BEFD18
:105CF00001462068FCF7CAFC38492068FCF7C6FC5E
:105D000095F9920007F0B2FD01462068FCF7BEFC51
:105D100030492068FCF7BAFC95F98E0007F0A6FD23
:105D200001462068FCF7B2FC2B492068FCF7AEFC6A
:105D300095F98F0007F09AFD01462068FCF7A6FC54
:105D400027492068FCF7A2FC05F15000FBF712FC84
:105D500080B207F095FD01462068FCF797FC1D49CD
:105D60002068FCF793FC05F16400FBF703FC80B2AC
:105D700007F086FD014620681A4DFCF787FC1A499A
:105D80002068FCF783FC194B1B7805EB83035888CC
:105D900007F076FD01462068FCF778FC144920687E
:105DA000FCF774FC134B1B7805EB8305688807F040
:105DB00067FD01462068FCF769FC0F492046FFF7A4
:105DC000D3FC38BD884B002070310020B722010879
:105DD0005E22010861220108642201085F22010895
:105DE00066220108003301086922010852300020B0
:105DF0006F220108653100207422010830B5044685
:105E000095B0FFF749FD1E492068FCF73FFC1D498E
:105E10008B7863B12F22023108A80AF065FD1A4978
:105E20002068FCF733FC206808A9FCF72FFC174911
:105E30002046FFF799FC16492068FCF727FC154B14
:105E40001B78022B19D1144D95F8A0309BB1206816
:105E500005F1AC01FCF71AFC0B492068FCF716FCB5
:105E6000D5F8A4106846FBF7D3F969462046FFF73A
:105E70007BFC15B030BD0949F8E70949F6E700BFDA
:105E800077220108600E002061220108A51F010889
:105E90009522010829070020440500209C220108C2
:105EA000472201082DE9F04190F88E3090B0044669
:105EB00043B93A4A3A4B92F856105B7C394A01B1E1
:105EC0005B001370DFF8DC80354E002794F88D20DE
:105ED000FBB29A4208D994F88E5098F80030AB4241
:105EE00005D8002384F88C3010B0BDE8F081737CB5
:105EF0009D424DD275B92C492068FCF7C7FB707CD8
:105F000007F0AAFC01462068FCF7C0FB27492046A1
:105F1000FFF72AFC284607F09FFC01462068FCF7A3
:105F2000B5FB23492068FCF7B1FB73190137987C56
:105F300007F092FC01462068FCF7A8FB1D49206889
:105F4000FCF7A4FB06EB8503586B07F0A3FC0146A6
:105F50002068FCF79BFB18492068FCF797FB2A4652
:105F600008A93046FEF76EFA694607F00AFC684653
:105F7000FBF7ACF820686946FCF788FB08A92046C7
:105F8000FFF7F2FB94F88E30013384F88E309DE7F2
:105F9000ED1A15F0FF05BDD10849ADE72C0300202F
:105FA000000C00204D060020B1220108F126010856
:105FB000B9220108C0220108CA220108D022010822
:105FC0002DE9F041254E264FDFF8CC800446002510
:105FD00094F88D20EBB29A423ED994F88E30102B73
:105FE00037D8DFE803F00913181A1C1E20222426D4
:105FF000282A2C2E303234002046FFF74DFC94F82E
:106000008E30013384F88E300135E1E715492046A2
:10601000FFF7AAFBF3E71449F9E71449F7E7144936
:10602000F5E71449F3E71449F1E71449EFE7144998
:10603000EDE71449EBE71449E9E71449E7E71449A8
:10604000E5E71449E3E74146E1E73946DFE7314652
:10605000DDE7002384F88C30BDE8F081732501086A
:1060600038250108D8220108FC2201082A2301084A
:10607000532301087F230108A7230108CF23010828
:10608000F823010821240108652401088B24010854
:10609000B1240108D4240108072501082DE9F043A3
:1060A000037995B00446C3B190F88C30013B032BC3
:1060B00019D8DFE803F00252575C006803685B6997
:1060C000984768B1206803689B6998470023AB49EB
:1060D00084F88C302046FFF747FB15B0BDE8F0830D
:1060E0002046FFF7BBFDA64B1E6894F885308BB1A8
:1060F000D4F88830F31AB3F5FA6F0BD9A1492046CA
:10610000FFF732FBA0492046FFF72EFB002384F85F
:10611000853063719B4FDFF8D482DFF8D49220681A
:1061200003685B6998470028D7D0206803689B699B
:1061300098470A280546C4F888601DD00D281BD052
:106140002C2819D03B2817D001462068FCF726FAE6
:1061500029462046FFF732FBE1E715B0BDE8F043E2
:10616000FFF72EBF15B0BDE8F043FFF725BD15B012
:10617000BDE8F043FFF796BE39462046FFF7F4FA34
:1061800041462046FFF728FB50B1022384F88C30AB
:10619000002384F88E30002384F885306371BEE7D5
:1061A00049462046FFF718FB0028EED177492046E4
:1061B000FFF712FB0028E8D175492046FFF70CFBDA
:1061C000054618B12046FFF719FEE4E7714920465D
:1061D000FFF702FB40B12046FFF788FB032384F85A
:1061E0008C30A4F88E50D6E76B492046FFF7F4FABE
:1061F00050B12046FFF77AFB032384F88C304FF42C
:106200008073A4F88E30C6E764492046FFF7E4FAAD
:1062100040B12046FFF76AFB032384F88C304FF42B
:106220000073EEE75E492046FFF7D6FA40B12046FC
:10623000FFF75CFB032384F88C304FF44073E0E7F6
:106240000CAA04A92046FFF76BFB002846D004A93E
:106250000DF10A00FFF756F920B952492046FFF721
:1062600083FA98E7504B1B78022B06D09DF80A0062
:10627000FEF7ECFF08B14D49F0E79DF830303F2BB9
:106280000DD12046FFF732FB9DF80A100191204600
:10629000FFF72EFC01992046FFF7C2FB7BE70BB905
:1062A0004349DBE79DF80A500CA92A460DF10B0083
:1062B000FFF70EFA08B93F49D0E72046FFF716FB73
:1062C00029462046FFF714FC9DF80B30002B3FF4C5
:1062D00062AF05213848FBF783F95CE73749204670
:1062E000FFF77AFA90B134480621FBF779F9204696
:1062F000FFF7FCFA2C4B1B78022B05D02B492046CC
:10630000FFF732FA2E49A9E72E49A7E72E49204682
:10631000FFF762FA28B101212748FBF761F92B4901
:106320009CE72B492046FFF757FA90B122480721F6
:10633000FBF756F92046FFF7D9FA1B4B1B78022BC7
:1063400005D01A492046FFF70FFA224986E722496D
:1063500084E7224903AA2046FFF746FA00285AD0CC
:10636000039D092D01D91E4978E72046FFF7BEFAA3
:106370001C4B1B789D423DD11B496FE7B925010895
:10638000884B0020D3250108D5250108F7210108F5
:10639000B1300108E4250108E7250108EC250108D2
:1063A000F2250108F82501082907002041220108EB
:1063B000142601082C260108403200203F2601083F
:1063C000462601085D260108712601087626010887
:1063D0008D26010894260108AD260108C326010870
:1063E000CF2601082C030020F3260108D131010833
:1063F000DF2501082A461D480A21FBF7F3F81C494E
:106400002068FCF743F905F13001C9B22068FCF7B8
:10641000C5F8184922E718492046FFF7DDF9054677
:1064200040B10123154984F88C302046FFF79CF9D0
:10643000134913E713492046FFF7CEF928B1042387
:1064400084F88C3084F88E50A5E60F492046FFF77B
:10645000C3F908B103213DE794F885100B4A0C4BB2
:1064600000290CBF11461946F8E600BF4032002053
:1064700008270108A51F0108312701081E27010868
:1064800037270108542701085E2701089F250108C6
:10649000AB2501080148FFF701BE00BF8C060020B4
:1064A00070B5254CE569AB0607D523689E0604D573
:1064B000606A224BC0B21B6898471F2328062362DC
:1064C00015D52368190612D51D4B1E4A1988138845
:1064D00089B29BB2994219D013880133C3F30803E0
:1064E00013801388184A9BB2D35CDBB2A3626A069E
:1064F00020D5114803685B061CD5FBF784FB4023BD
:106500000362124BBDE870401B6818470A48FBF74E
:1065100083FB402323624FF0402202F5806353E85F
:10652000003F43F0400302F5806040E8003100295D
:10653000F3D1DCE770BD00BF0044004070020020D2
:1065400046370020443700204435002074020020E4
:106550000848094A0188138889B29BB29942F9D048
:1065600013880133C3F3080313801388034A9BB2D3
:10657000D05C704742350020403500204033002079
:10658000FFF7E6BF70B588B00C46064615460021F9
:10659000202268460AF0AAFB231E18BF01231B0312
:1065A000CDE9023569460C2303480196049405930E
:1065B00008F04EFF08B070BD0044004010B5064C16
:1065C000236823F001032360FFF7DCFF236843F017
:1065D0000103236010BD00BF0044004010B5134C00
:1065E0002046FBF707FBF1B111484FF400524FF47E
:1065F0008061FFF7E3FF23680E4823F00103236067
:10660000636843F400436360636823F4803363602A
:10661000236843F001032360082303221946FCF793
:1066200056F9FBF7C7FE012010BD00BF0044004033
:10663000A08601000004004810B5134C2046FBF76B
:10664000D9FAF1B111484FF400524FF48061FFF7CD
:10665000B5FF23680E4823F001032360636843F409
:1066600000436360636843F480336360236843F0EE
:1066700001032360082302221946FCF728F9FBF7DF
:1066800099FE012010BD00BF00440040A08601001B
:106690000004004810B53C4C236823F0010323603C
:1066A0004FF40030FBF778FA0823194637480A22DE
:1066B000FCF70DF9082303224FF400414FF09040FE
:1066C000FCF705F9002211463148FFF75BFF6368CC
:1066D00023F490436360A36823F02A03A360236834
:1066E00023F0005323604FF0402202F5816353E80A
:1066F000003F23F0604302F5816040E8003100294B
:10670000F3D14FF0402202F5816353E8003F23F0BC
:10671000606302F5816040E800310029F3D11D4B30
:10672000A02283F8262340245C601748FBF774FA04
:10673000FBF769FA184B04621980184B1980FBF7B4
:1067400059FA174B1980174B1980436823F40063DB
:106750004360836823F008038360436823F4804325
:106760004360836823F022038360836843F480538B
:106770008360036843F001030360C3699A02FCD598
:10678000C3695B02F9D510BD004400400004004815
:10679000801A060000E100E0443700204637002060
:1067A00040350020423500200649074A0B881288F0
:1067B0000133C3F3080392B29A421EBF034AD05476
:1067C0000B807047463700204437002044350020B6
:1067D000F8B5012380F86C3090F8BD30044603F022
:1067E000FF005BB194F8BD5004F16C070026B3B212
:1067F0009D4204D8002384F8BD300120F8BD17F86D
:10680000010FFFF7D1FF0136F1E700000148FBF768
:10681000E8B900BF0044004007B50D48FBF7EAF9AE
:10682000036823F001030360436823F400434360DB
:10683000036843F00103036008210023CDE900133E
:10684000044803230A22FBF7B3FF03B05DF804FBFF
:1068500000440040000400480D4B07B51A680D487D
:1068600022F001021A605A6842F400425A601A6823
:1068700042F001021A6008210023CDE90013022230
:106880000323FBF795FF03B05DF804EBFBF792BD24
:10689000004400400004004810B50446FFF7FAFE2B
:1068A000134B14481A6822F001021A605A6842F425
:1068B00000325A605A6842F480325A605A6842F490
:1068C00000425A601A6842F001021A600823194611
:1068D0000222FBF7FCFF4FF09040032302224FF40B
:1068E0000041FBF7EAFF2046BDE81040FFF7B4BFC8
:1068F000004400400004004808B500238381037170
:10690000C38003818372036101460448FCF76CFE77
:10691000BDE808400846FFF7BFBF00BF3C3300207A
:10692000036810B504461B689847237A082B05D9DD
:106930000A2B03D0092B02D00023237210BD236839
:1069400020465B6898470028F6D00848036823B1C2
:10695000FA21FCF759FE0A23EFE72046FFF75CFF18
:106960000B232372BDE81040FFF750BF3C330020DB
:1069700001460148FFF7D4BF7817002001460148BF
:10698000FFF7CEBF30070020037A0A2B10B504466C
:1069900007D1FFF741FF0B232372BDE81040FFF73B
:1069A00035BF10BD0148FFF7EFBF00BF3007002023
:1069B00010B50446FFF750FF0023237210BD0000FE
:1069C0000148FFF7F5BF00BF781700200148FFF727
:1069D000EFBF00BF3007002008B5017A094A0A2935
:1069E000126801D8026108BD0169521A142AFAD945
:1069F00000220272FFF730FF0348FBF704F940233F
:106A00000362F0E7884B0020004400400238C0B227
:106A100010289ABF014B185C002070479A32010879
:106A20003B4B0246586A137A10B580B233B1938952
:106A3000C31A9BB2FA2B84BF00231372137A90817E
:106A4000052B19D8DFE803F003080E334A564F2907
:106A500012D1012313720FE0572901D10223F9E764
:106A60000023F7E70023FF29937206D141F2047354
:106A70001381537E002BF3D110BD9F290FD901F054
:106A80001F000124947282F83200FFF7BFFF50729A
:106A900018B982F84B400923DCE70523DAE7182907
:106AA000DED80029F7D0032351721372E1E7B2F860
:106AB0006E02B2F87242431C2340B2F870429C420C
:106AC0001EBF801880F87412A2F86E32937A517A41
:106AD0000133DBB299429372DDD9CDE7907A431C42
:106AE0001044DBB29372C176517A9942C4D8012323
:106AF0009376D0E7907A431C1044DBB2937280F80F
:106B00003210517A9942B7D2012382F84B30C2E752
:106B1000000400402DE9F04389B0002301AFB0F834
:106B200068908DF804300446B8460125B4F86A2010
:106B300048461146EEB2FBF7B7FCA0B1192D11D0B3
:106B400091451FBFA318B4F86C1093F86E30013252
:106B500014BF0A40002308F8013F18BFA4F86A20B8
:106B60000135E3E72E46B6B20024013417F8010BD5
:106B7000A4B2FFF719FEA642F7D8012009B0BDE87C
:106B8000F08370B590F8665000F14C040026B3B263
:106B90009D4200D870BD14F8010FFFF705FE0136C5
:106BA000F5E770B5457E044605B1FEE7012680F89D
:106BB0004C6090F8663033B1FFF7E3FF84F866501D
:106BC0003546284670BDB0F86A10B0F86800FBF78B
:106BD0006BFC0028F5D02046FFF79CFFF0E7027F12
:106BE000C37E02F0070243EA02230B80838BC3F3C8
:106BF000CA034B80C369C3F38A338B8090F820307B
:106C0000C27F03F00F03DB0143EA5203CB80038C06
:106C1000C3F30A130B81036AC3F3CA334B8190F8A1
:106C2000243090F8232003F01F039B0143EA9203D2
:106C30008B81838CC3F34A13CB81C38CC3F30A03C8
:106C40000B8290F8283090F8272003F03F035B0177
:106C500043EAD2034B82836AC3F38A138B82438D48
:106C6000C3F34A03CB8290F82C3090F82B2003F02A
:106C70007F031B0143EA12130B83C36AC3F3CA13D6
:106C80004B83C38DC3F38A038B8390F8303090F825
:106C90002F20DB0043EA5213CB8390F8312040F2DF
:106CA000547312F0010F14BF1A46AC220A8490F8F4
:106CB000312012F0020F08BFAC234B847047437E93
:106CC00070B5044643B1002303720D468E18B542D9
:106CD00003D100232372A37670BD236815F8011B2E
:106CE0001B6820469847F2E7437E30B56BB190F8B9
:106CF000664004F0FF0554B100F14D040C6090F8BB
:106D000066101170002280F86620184630BD2B46B0
:106D1000FBE7000042766AB30123037640F2FF11DD
:106D2000A0F86C1040F2FF710023A0F872127F21CE
:106D300080F84C30A0F86A308376A0F8683080F88C
:106D40004B30A0F8703280F86630A0F86E32A0F8B0
:106D5000763AA0F8743AA0F8781A80F8FA3AC0F8AF
:106D6000FC3A52B9054B064A1A60064B064A1A60AD
:106D7000FFF7C2BD01760029D0D170477002002014
:106D80007169000874020020C169000873B5467E6D
:106D900004461EB10025284602B070BD037E019155
:106DA000002BF7D0FFF718FEA37E03F0FF05002BA2
:106DB000F0D00199A6762046FFF711FFEBE7427E5F
:106DC00010B5EAB9037EBBB190F84C4004F0FF0364
:106DD00094B1047980F84C200CB10271C280C4884F
:106DE00082790134052AC48008D0092A06D0012AF4
:106DF0004FF0000206D10A70184610BD0122FAE7D2
:106E00000023F9E71346F7E7037E63B190F84B20C0
:106E100002F0FF033AB1002280F84B2090F83220B4
:106E200002F01F020A7018467047F8B506460D4674
:106E30001746002119224D3009F058FF2846FFF768
:106E4000E5FD05F01F050446603D0134024686F865
:106E50004D50394606F14E00E4B209F025FD86F8A2
:106E60006640F8BD70B590F8FA4A0CB1002070BDCC
:106E7000B0F8745AB0F8763AEE1AB2B2360444BF9B
:106E8000803292B2002AF1D00D4A1668427E22B1B9
:106E9000D0F8FC2A921B092AE8D900229D42C0F8AA
:106EA000FC6A80F8FA2A08D0C218013392F87A4AAC
:106EB000B0F8782A1340A0F8763A0C700120D6E793
:106EC000884B002010B52C4C86B018220021684653
:106ED00009F00CFF237829488DF80630FDF768FA91
:106EE000ADF800002548FDF77AFA9DF8073094F8D0
:106EF00051208DF8030062F303038DF80730204B17
:106F000093F8A0205AB39DF8052042F001028DF8B5
:106F1000052093F8C12093F8C2308DF8042003F0C7
:106F20000F039DF80720174863F30712164B8DF8DF
:106F300007201B799DF802205B0043F0010322F03B
:106F4000030203F0030313438DF802306A462E2335
:106F50000B218DF80830FFF768FF06B010BDBDF8B3
:106F6000043023F4FF7323F0010343F07F03ADF8F3
:106F700004300523D5E700BF2C0300201C3200207D
:106F80004405002078170020500600207FB5182205
:106F90000021684609F0AAFE42F6A100FAF71AF9A4
:106FA000ADF800004FF42150FAF714F90749ADF895
:106FB0000200142201A8FAF777F905486A4604216D
:106FC000FFF733FF07B05DF804FB00BF6927010836
:106FD0007817002010B5134C86B01822002168469F
:106FE00009F084FE94F8A030C3B1D4F8A400FAF7F5
:106FF000F1F8ADF80000D4F8A800FAF7EBF8142285
:10700000ADF8020004F1AC0101A8FAF74DF9064809
:107010006A460521FFF709FF06B010BD0349142297
:10702000F2E700BF4405002078170020A51F0108E3
:107030002DE9F04F344C282303FB014489B0074667
:107040000846FEF713FA2379D4F82080FE2B8146F8
:1070500003D14FF6FF73984206D14146384609B036
:10706000BDE8F04F09F0F2BB0846FEF713F9002522
:1070700090F800B02E46AA462C46EAB2404601924D
:10708000F9F7B8F8019A013090424FF02D0102D87B
:1070900009B0BDE8F08F18F802000AF1200CEC44AA
:1070A0000AF101032C28DBB20CF8180C00D040BB0D
:1070B0005E4503D049FA06F0C00718D50DF1080E59
:1070C0000022D0B254FA82FC83425FFA8CFC08D8CA
:1070D0005444013404F0FF040136502CF6B20FD9A9
:1070E000FEE71EF8010B07F80C000132E9E73955FD
:1070F000631CDBB218F80220FA540234E4B2EBE766
:10710000002301359A46B8E718330108044B18707C
:10711000044B0548002207211A70FBF7B9B900BFDC
:10712000C02F0020C12F0020EC21002008B50B78D3
:10713000033B082B20D8DFE803F010050C1F1A1FB3
:107140001F1F0E00042100F67420BDE80840FBF765
:107150009FB90521F7E70B21F5E7042100F674201C
:10716000FBF796F90521FBF793F90B21EDE7BDE855
:1071700008404878FFF7CABF08BD000070B56E4DE3
:107180002C782D2C86B00ED918220021684609F0E3
:10719000ADFDFF2369488DF800306A460721FFF7EF
:1071A00044FE06B070BD664E317800294BD10223F3
:1071B00033701822634E684609F098FD282303FBBC
:1071C00004638DF800401B79FE2B27D0FF2B2DD0B8
:1071D000022B09D1012320468DF80130FEF75AF821
:1071E00090F900308DF812302B78282202FB0366CC
:1071F0000DF10200B1681022FAF756F84F48072146
:107200006A46FFF712FE29784F48FFF711FF4F48F3
:10721000072106B0BDE87040FBF73AB904232046C9
:107220008DF80130FEF736F80378DBE705232046BA
:107230008DF80130FEF72EF8062201460DF11200FE
:10724000FAF732F8D0E7022942D100211822684625
:10725000317009F04BFD3B4B8DF80040282202FBBA
:1072600004331A79022A0DD0FE2A1BD06A4608215F
:107270003248FFF7DAFD3378002BC8D12B78013381
:107280002B708EE71A7D8DF805201A7E8DF801206F
:107290001A7F8DF80320196906220DF10700FAF70D
:1072A00003F8E3E75B6A83B11B882749ADF8013037
:1072B00015220DF10300F9F7F7FF2348F8F79AFFBD
:1072C000142884BF03233370D0E74FF6FF73ECE735
:1072D000032917D1002118226846317009F006FDF4
:1072E0001B498DF8004017220DF10100F9F7DCFF72
:1072F0001548F8F77FFF2B2884BF042333706A46B4
:107300000921B5E783D9002118226846317009F0B8
:10731000EDFC0DF101000F498DF800401722F9F73F
:10732000C3FF9DF800300548803B6A4609218DF86F
:107330000030FFF77AFDA1E7C02F0020781700206A
:10734000C12F002018330108C22F0020EC2100209B
:10735000D72F0020EE2F002010B500230B7002461F
:1073600000782D280C4611D8094B282101FB003349
:107370001B79FF2B06D0B2F90110FDF7A7FF207093
:10738000012010BD511CFDF7C5FFF8E71846F8E7CE
:1073900018330108043807280DD8DFE800F0040688
:1073A0000C080C0C0C0AFFF7F1BDFFF713BEFFF73A
:1073B000E5BEFFF787BD7047D20638B505460C46D7
:1073C00004D5BDE83840204909F040BACB044CBF91
:1073D0001E491F4909F03AFAA1070BD51D49284655
:1073E00009F034FAE3072ED428461B49BDE838409B
:1073F00009F034BAA20501D51849F0E7230601D5F2
:107400001749ECE7E00501D51649E8E7164BA34319
:1074100001D11649E3E7E10301D51549DFE722056C
:1074200001D51449DBE7E30601D51349D7E7600727
:1074300001D51249D3E7210701D51149CFE7E2026F
:10744000D0D51049CBE738BD782701087D27010842
:107450008127010886270108AB2701088B2701082F
:10746000692C01085C2E010810000100902701081A
:1074700095270108C92C01089A2701089D270108B2
:10748000A2270108A627010810B5142204460021EE
:107490002A3009F02BFC0023C4F8D032A4F8D432EF
:1074A000C4F8D832FF2384F8DC3210BD0B68C0F872
:1074B00090304B68C0F894300B7A80F898300123F4
:1074C00080F82D3080F8333090F89630DB0980F862
:1074D000D5327047993001F1280351F8042B40F858
:1074E000042B9942F9D10B8803808B788370704705
:1074F00010B500F1C40301F1340251F8044B43F814
:10750000044B9142F9D1012380F82E3010BDF830A0
:1075100001F11C0351F8042B40F8042B9942F9D1D6
:107520000B780370704710B500F2151301F11C02BF
:1075300051F8044B43F8044B9142F9D1012380F8F0
:10754000323010BD10B500F2311301F11C0251F8B8
:10755000044B43F8044B9142F9D140F201134385A7
:10756000012380F8303080F8D23290F8D53253B908
:1075700090F8D4323BB9D0F83931C0F82C32D0F879
:107580003531C0F8283210BD00F2671001F1100348
:1075900051F8042B40F8042B9942F9D10B88038051
:1075A000704700F24D1001F1180351F8042B40F818
:1075B000042B9942F9D10B880380704710B500F273
:1075C000791301F1140251F8044B43F8044B914232
:1075D000F9D1012380F83130D0F8993013F010033D
:1075E00008D0D0F89D3013F010031CBFD0F8A130A4
:1075F000C3F3001380F83D3010BD00F28D1001F18F
:10760000140351F8042B40F8042B9942F9D10B884C
:107610000380704791F8203030B57BB90B4600F2FB
:10762000A31201F1340453F8045B42F8045BA34253
:10763000F9D11B881380012380F82F3091F8203076
:10764000012B0ED100F2D91301F1340251F8044B91
:1076500043F8044B9142F9D10A881A80012380F83B
:10766000343030BD0B68C0F80F324B68C0F81332AD
:107670000B7A80F81732012380F8D33270470B68F9
:10768000C0F818324B68C0F81C32012380F8323041
:1076900070470B68C0F820324B68C0F824320123D1
:1076A00080F83630704710B500F50A7301F13C02DE
:1076B00051F8044B43F8044B9142F9D1012380F86F
:1076C000303080F8D43210BD10B500F5197301F1D7
:1076D000340251F8044B43F8044B9142F9D10A8823
:1076E0001A80012380F82C3010BDF0B500252C46FF
:1076F0000126AB4206D80368214001FA02F2134387
:107700000360F0BD06FA05F73C430135F1E770B5BB
:107710000446084694F82A6016B90026304670BD23
:1077200094F8E0300022022B84F82A20F5D90A6070
:10773000D4F83551002DC8BF6D423223B5FBF3F1AB
:107740001E2301EB4101FFF7D0FFD4F835110223CE
:107750001E22C90FFFF7C9FFE0E770B504460846CF
:1077600094F82B6016B90026304670BD94F8E030CE
:107770000022022B84F82B20F5D9D4F8395102606D
:10778000002DC8BF6D423223B5FBF3F11E2301EB80
:107790004101FFF7AAFFD4F83931002B4FF0020363
:1077A0004FF01E02B4BF03211946FFF79EFFDBE72F
:1077B00038B50446084694F8D022AAB994F82C307B
:1077C000DBB384F82C2004F5197304F29A2204F533
:1077D000267153F8045B42F8045B8B42F9D11B8895
:1077E00013800123A4F8D03200230360182594F8F5
:1077F000D132312B06D85A1C234484F8D12293F875
:107800009B12E1B994F89A12012319400722FFF75D
:107810006CFF94F89A1201230F22C1F34001FFF785
:1078200064FF94F89A1201231722C1F38001FFF735
:107830005CFF002384F8D0320123184638BD2A4665
:10784000083D0723EDB2FFF750FFF82DCFD194F894
:10785000D132312BD6D8EFE703462DE9F04793F824
:107860002D600846002E65D093F81552D3F890107D
:10787000B3F88B4193F8D57293F8D3820022AD1AF6
:1078800083F82D2001F1010118BF01254CB1632CB3
:10789000D7BFC4EB84143F2431346422D8BFB4FB77
:1078A000F2F4B3F91331002B47D0642293FBF2F3C7
:1078B000522BA8BF5223132BB8BF1323A3F11309D4
:1078C0004FF0000A05235246C0F800A0FFF70DFF55
:1078D000022305225146FFF708FF012307223946FC
:1078E000FFF703FF012308223946FFF7FEFE0123BD
:1078F00009225146FFF7F9FE02230A225146FFF7FB
:10790000F4FE01230C225146FFF7EFFE01230D2266
:107910004146FFF7EAFE01230E222946FFF7E5FE66
:10792000072313222146FFF7E0FE06231A224946C9
:10793000FFF7DBFE3046BDE8F0879946C0E7000060
:107940002DE9F84390F82E800D46B8F1000F3AD09B
:1079500090F8E1300021FF2B80F82E1003D00F2B80
:1079600028BF0F23194690F8E090B9F1030F2DD8E6
:107970004FF000062FD07F273446002228462A6089
:107980000423FFF7B2FE022304224946FFF7ADFEAF
:10799000012202213846F9F72DFE0823014606226E
:1079A0002846FFF7A2FE02230E223146FFF79DFE76
:1079B000022211462046F9F71DFE0A23014616222F
:1079C0002846FFF792FE4046BDE8F883A9F103067A
:1079D000062E28BF06260A23B0F8D870D0F8D44067
:1079E000B7FBF3F70B4B7F2FA8BF7F279C4208DC28
:1079F000094B9C4209DB64234FF0030994FBF3F429
:107A0000BBE7064C4FF00309B7E7054C4FF00309FD
:107A1000B3E700BFC3C9C1003D363EFF18F0010007
:107A2000E80FFEFF2DE9F04190F830302DED088B86
:107A300005460E462BB90027BDEC088B3846BDE83D
:107A4000F08190F8D272002380F83030002FF2D00D
:107A5000D0ED8A7AD0F835319FED60BA9FED60AAFB
:107A6000F8EEE78A09EE103A68EE8B8AB8EEC99A0A
:107A700068EE8A8A29EE0B9AB0EE680A07F0CCFD10
:107A800029EE0A9AF0EE40AAB0EE490A07F0C4FDCA
:107A9000D5F83931D5ED8B7A08EE103AB8EEC88AB0
:107AA000F8EEE77A28EE0B8A6BEE677A28EE0A8A00
:107AB000F0EE409AA7EE8A8A4FF00008B0EE480A2E
:107AC00007F0EAFD29EE80BAB0EE490A07F0E4FDBE
:107AD000F0EE40BAB0EE680A07F0DEFDB0EE40AA64
:107AE000B0EE480A07F098FD29EE8AAA60EE4A0A2D
:107AF000B0EE4B0AEAEEAB0A07F08CFDDFED397A07
:107B000060EE277A39EE689AF5EEC07AF1EE10FA57
:107B100044BF9FED357A77EE877AB6EE00AAFDEE88
:107B2000E77A29EE0A0A17EE903A9BB2A3F1B40461
:107B300024B2002CBCBFB4331CB2B4F5B47FA4BFD4
:107B4000A4F5B47424B207F0A7FDF0EE408A28EE45
:107B50000A0A07F0A1FD60EE007A67EEAA7A27EE26
:107B6000A90AA8EEA80A07F0E1FC07F027FDDFED5F
:107B70001F7AD5F84131C6F8008020EE270A64222A
:107B8000BDEEC00A93FBF2F5B8EEC00A0222FDEE8C
:107B9000C07A032117EE900AF9F72CFD07EE905AF0
:107BA00001460C2342463046FFF79FFDF8EEE77A88
:107BB0000222FDEEE77A032117EE900AF9F71AFD8B
:107BC0000D2301460C223046FFF78FFD07231922B3
:107BD000032194FBF1F1FFF788FD2DE795BFD63324
:107BE00035FA8E3CE12E65420000B443706D424B85
:107BF000F8B590F831702DED028B04460D46002F3C
:107C000043D0D0F8853100EE103A0026B2EE048A57
:107C100080F8316028EE000A07F0AAFCD4F87D3124
:107C2000F0EE408A00EE103A28EE000A07F0A0FCC1
:107C3000B4F989112E60FDEEE87A01EB810417EEAC
:107C4000900A01220221B0EE408AF9F7D3FC092301
:107C5000014632462846FFF748FDFDEEC87A01226C
:107C6000022117EE900AF9F7C5FC08230146092204
:107C70002846FFF73AFD0B2311222146FFF735FD79
:107C800001231C223146FFF730FDBDEC028B384644
:107C9000F8BDF8B590F83D702DED028B04460D4609
:107CA000002F43D0D0F8853100EE103A0026B2EE16
:107CB000048A80F83D6028EE000A07F059FCD4F8E9
:107CC0007931F0EE408A00EE103A28EE000A07F013
:107CD0004FFCB4F989112E60FDEEE87A01EB8104C6
:107CE00017EE900A01220221B0EE408AF9F782FCD9
:107CF0000923014632462846FFF7F7FCFDEEC87A15
:107D00000122022117EE900AF9F774FC08230146BC
:107D100009222846FFF7E9FC0B2311222146FFF731
:107D2000E4FC01231C221946FFF7DFFCBDEC028BAB
:107D30003846F8BDF8B590F832702DED048B044646
:107D40000D46002F4AD0D0F819319FED269A9FEDAD
:107D5000260A07EE903A67EE897A0026B1EE048A89
:107D600080F83260A7EE880A07F002FCD4F81D31D3
:107D700007EE903AF0EE408A67EE897A9FED1B0A93
:107D8000A7EE880A07F0F4FBDFED197AB0EE408A1F
:107D900094ED860A20EE270A07F0EAFBFDEEE87A6A
:107DA000284617EE901A0B2332462E60FFF79DFCF3
:107DB000FDEEC87A0A2317EE901A0B22FFF795FC06
:107DC000FDEEC07A0122032117EE900AF9F712FCAA
:107DD0000B23014615222846FFF787FCBDEC048BD8
:107DE0003846F8BDE12E6542000061440000E143E1
:107DF0000000C84238B50346084693F8334014B92A
:107E00000024204638BD93F8DC220132D2B2002192
:107E1000032A83F833100FD983F8DC1293F89410F7
:107E20000125002202601823FFF75FFC08231822B7
:107E30002946FFF75AFCE4E783F8DC22002AEDD05C
:107E4000012ADDD1D3F8D8120029D9D00425E8E7DA
:107E50001C2945D8DFE801F00F121416181A1C1E51
:107E600044204422442426282A2C2E30323436380A
:107E70003A3C3E4042001B4908F0E8BC1A49FBE787
:107E80001A49F9E71A49F7E71A49F5E71A49F3E7F2
:107E90001A49F1E71A49EFE71A49EDE71A49EBE702
:107EA0001A49E9E71A49E7E71A49E5E71A49E3E712
:107EB0001A49E1E71A49DFE71A49DDE71A49DBE722
:107EC0001A49D9E71A49D7E71A49D5E71A49D3E732
:107ED0001A49D1E71A49CFE71A49CDE71A49CBE742
:107EE0001A49C9E7602C010881270108AD2701085C
:107EF000B2270108B7270108BC270108C1270108DC
:107F0000C6270108CB270108D0270108D52701087B
:107F1000DA270108DF270108E4270108E92701081B
:107F2000EE270108F3270108F8270108FD270108BB
:107F300002280108072801080C2801081128010857
:107F4000162801081B28010820280108A51F010880
:107F5000192941D8DFE801F00D10121416181A1C67
:107F60001E4020222426282A2C2E30323436383A3D
:107F70003C3E1A4908F06ABC1949FBE71949F9E780
:107F80001949F7E71949F5E71949F3E71949F1E7FD
:107F90001949EFE71949EDE71949EBE71949E9E70D
:107FA0001949E7E71949E5E71949E3E71949E1E71D
:107FB0001949DFE71949DDE71949DBE71949D9E72D
:107FC0001949D7E71949D5E71949D3E71949D1E73D
:107FD0001949CFE71949CDE71949CBE78B270108A4
:107FE000C6270108602C01082528010881270108FF
:107FF0002A2801082F28010834280108DF27010852
:10800000B2270108C1270108BC2701083928010847
:10801000F3270108B72701083E2801084328010873
:10802000482801084D28010852280108572801084E
:108030005C28010861280108662801086B280108EE
:10804000A51F0108102925D8DFE801F0090C240E2E
:108050001012141618241A1C1E24242022000E4963
:1080600008F0F4BB0D49FBE70D49F9E70D49F7E7C7
:108070000D49F5E70D49F3E70D49F1E70D49EFE744
:108080000D49EDE70D49EBE70D49E9E70D49E7E754
:108090000D49E5E70D49E3E78B2701088127010832
:1080A000702801085C2E0108BC2701080728010878
:1080B000752801087A280108B2270108C12701089C
:1080C000FD270108B72701083E280108A51F010860
:1080D000142921D8DFE801F00B0E1012142020160D
:1080E00020182020202020201A20201C1E000B49B0
:1080F00008F0ACBB0A49FBE70A49F9E70A49F7E788
:108100000A49F5E70A49F3E70A49F1E70A49EFE7BF
:108110000A49EDE70A49EBE70A49E9E7602C01085B
:10812000812701087F280108B2270108B727010825
:10813000C627010884280108E42701088B270108C5
:1081400089280108A51F010823289ABF014B185C44
:1081500002207047AB3201080B46013B1146032B4E
:108160000BD8DFE803F002040608FFF771BEFFF743
:10817000EFBEFFF767BFFFF7ABBF014908F066BB73
:10818000A51F010838B5384B0446821C03F12801AD
:1081900053F8040B42F8040B8B42F9D10025294611
:1081A000C4E9245584F898502B2204F1990008F072
:1081B0009DFD2946342204F1C40008F097FD2946AC
:1081C0001D2204F1F80008F091FD29461C2204F25A
:1081D000151008F08BFD29461C2204F2311008F01E
:1081E00085FD29461A2204F24D1008F07FFD29462C
:1081F000122204F2671008F079FD2946142204F2D5
:10820000791008F073FD2946162204F28D1008F04B
:108210006DFD2946362204F2A31008F067FD2946B9
:10822000362204F2D91008F061FD2946C4E98655CA
:10823000C4E98855C4F80F52C4F8135284F8175291
:108240003C2204F50A7008F051FD2946362204F557
:10825000197008F04BFD3622294604F29A2008F0E6
:1082600045FD204638BD00BFC01D01082DE9F04F77
:108270002DED068B85B0437EC77E0093837E009AEA
:10828000457F867F90F820C090F82BE090F82D80F5
:10829000BF000C4647EA931703F03F01037F4901F3
:1082A00041EAD20103F0010247EA822705F00F02FA
:1082B000D20142EA530206F07F031B0143EA151381
:1082C000C57F01936D0045EAD6150CF0030645EA1B
:1082D000462390F82160029206F01F05AD0108EEDA
:1082E000103A45EA9C0390F8225090F824C003917C
:1082F000ED0008EE903A45EA561390F823500CF042
:10830000070609EE103A45EA062390F8255005F0D5
:108310003F06760109EE903A46EADC0390F82660C3
:1083200090F827C0B60046EA95160CF0010546EA1B
:10833000852690F8285005F00F0B4FEACB1B4BEA2F
:108340005C0B90F829C00CF07F0A4FEA0A1A4AEA3F
:10835000151A90F82A506D0045EADC150EF0030C52
:1083600045EA4C2590F82CC00AEE103A4FEAC808AE
:10837000009B48EA5C180CF01F0990F818C003F045
:1083800007004CEA00204FEA891949EA9E09F8F7EC
:10839000A4FD039920800846F8F79FFD60803846C9
:1083A000F8F79BFD029AA0801046F8F796FD019B16
:1083B000E0801846F8F791FD208118EE100AF8F7D2
:1083C0008CFD608118EE900AF8F787FDA08119EE08
:1083D000100AF8F782FDE08119EE900AF8F77DFDAA
:1083E00020821AEE100AF8F778FD60823046F8F71E
:1083F00074FDA0825846F8F770FDE0825046F8F709
:108400006CFD20832846F8F768FD60834846F8F73E
:1084100064FDA0834046F8F760FDE08305B0BDEC45
:10842000068BBDE8F08F4A78013A92B20231002003
:10843000F8F7B4BD38B504460175002937D00025DA
:1084400080F8BD50034680F86C5000F1500280F86F
:10845000655080F8665080F8675080F8685080F862
:108460006A5080F86B5083F88451C3F88851083300
:108470009342F8D14FF6FF73A4F8BE300C4BC4F80A
:10848000C03004F5EA70FEF7FFFF0A4B0A4A1A6093
:108490000A4B0B4AC4F8B454A4F8B854C4F8BC54FA
:1084A00020461A60FEF728FA064B074A1A6038BDC4
:1084B0000000C07F700200207D6900087402002067
:1084C000CD6900083C330020A5690008037D70B524
:1084D00004460D4613B90026304670BDFEF77CFAFF
:1084E00094F8653003F0FF06002BF4D0002384F8E5
:1084F000653004F115012046FFF795FFA37D234465
:108500009B7D8342E7D129462046FFF7AFFEE3E794
:108510000346007D30B560B393F86C4004F0FF0073
:108520003CB31D79002483F86C403DB1132A1C71C3
:1085300011D8114C22784AB901222270DA88541CD1
:10854000D2B2DC8052B903230B7012E0013AD2B2EE
:108550002270002AF2D10022DA80EFE793F8672038
:1085600002F0FF0432B1002283F8672005230B706C
:10857000204630BD0423E7E74E060020027D034677
:108580000AB90020704790F8682002F0FF0022B17D
:10859000002283F868200A70704793F86A2002F07E
:1085A000FF002AB1002283F86A2001230B70704774
:1085B00093F86B2002F0FF0022B1002283F86B20B9
:1085C0000223F3E793F8662002F0FF00002AD8D0D8
:1085D000002283F866205A7DEE2AD2D1DB7D812BE2
:1085E000CFD10323E2E738B504461D46EA23084607
:1085F00084F86D30AB1C114684F86E302A4684F83E
:108600006F0004F1700008F04FF904F16D0120468D
:10861000FFF709FF6319043583F87000EDB284F8A1
:10862000BD5038BD13460A468221FFF7DCBF00006B
:1086300070B50C4600F1DC060546102200213046DC
:1086400008F054FB6379032B10D12079FFF77CFDF0
:1086500022680146D2B23046FFF77EFD94F906301B
:10866000002B03DB0349304608F0F8F8012385F8B6
:10867000843170BDAB27010837B504460D46086844
:10868000496850EA010331D0194A0023F8F74EFA3D
:10869000CDE90001684608F015FA436903F26C73EE
:1086A0005BBAA4F8D3300369114A013384F8D5309A
:1086B000C36884F8D630836884F8D730436884F878
:1086C000D830036884F8D930286869680023F8F73F
:1086D0002DFA104619464FF47A720023F8F726FA5D
:1086E00040BA0123A4F8DA0084F8CC3103B030BDDD
:1086F00040420F00002310B51A464FF6FF74191DB3
:1087000000EB410101334988A14218BF52180A2BDE
:10871000F5D1B0F829301344B0F82B201A44B0F842
:108720002D30B0F82F001344184410BD2DE9F0414E
:1087300090F82F7004460D4697B3002680F82F60FE
:1087400000F2A310FFF7D6FFB4F9C131D4F8A3812A
:108750002E60B342B8BF34464FF0640290FBF2F192
:10876000A8BF0A222846A8BF93FBF2F409230022DF
:10877000FEF7BBFF012202212046F8F73BFF08234A
:10878000014609222846FEF7B0FF47F6FF71414532
:108790004FF00F034FF01102A8BF4146FEF7A5FFAF
:1087A0003846BDE8F0812DE9F04190F83470044678
:1087B0000D4697B3002680F8346000F2D910FFF719
:1087C00099FFB4F9F731D4F8D9812E60B342B8BF1C
:1087D00034464FF0640290FBF2F1A8BF0A2228460B
:1087E000A8BF93FBF2F409230022FEF77EFF0122CB
:1087F00002212046F8F7FEFE0823014609222846FA
:10880000FEF773FF47F6FF7141454FF00F034FF03E
:108810001102A8BF4146FEF768FF3846BDE8F08167
:10882000F0B591B00D46F22301A904461646ADF805
:108830000830FFF711F838B12389ADF80A30019BF1
:10884000039301238DF8093001A92046FFF7D0F9E1
:1088500070B19DF8093010A9062202FB0312218A8B
:1088600022F8361C0133019942F8341C8DF8093086
:1088700001A92046FFF70DFA70B19DF8093010A943
:10888000062202FB0312218D22F8361C01330199C6
:1088900042F8341C8DF8093001A92046FFF74AFA46
:1088A00070B19DF8093010A9062202FB0312618AFB
:1088B00022F8361C0133019942F8341C8DF8093036
:1088C00001A92046FFF73CF870B19DF8093010A9C6
:1088D000062202FB0312618922F8361C013301993A
:1088E00042F8341C8DF8093001A92046FEF70FFF2D
:1088F00070B19DF8093010A9062202FB03126188AD
:1089000022F8361C0133019942F8341C8DF80930E5
:1089100001A92046FEF721FF70B19DF8093010A98A
:10892000062202FB0312A18822F8361C01330199AA
:1089300042F8341C8DF809309DF80970082F11D8C1
:1089400001A92046FFF7F2FE60B110AA062303FB3F
:108950000723A28923F8362C0137019A43F8342CD7
:108960008DF809709DF80970082F11D801A92046CB
:10897000FFF719FF60B110AA062303FB0723E28A61
:1089800023F8362C0137019A43F8342C8DF80970FE
:108990009DF80970082F11D801A92046FFF742F869
:1089A00060B110AA062303FB0723E28923F8362CC3
:1089B0000137019A43F8342C8DF809709DF809703D
:1089C000082F11D801A92046FFF714FA60B110AAA8
:1089D000062303FB0723A28A23F8362C0137019ACA
:1089E00043F8342C8DF809709DF80970082F11D8C0
:1089F00001A92046FEF7DCFE60B110AA062303FBA6
:108A00000723E28823F8362C0137019A43F8342CE7
:108A10008DF809709DF8090050B100EB40035B0030
:108A20000233DAB2327002A9284607F03DFF012076
:108A300011B0F0BD2DE9F04F334B04461F680646D8
:108A400000F15001034697B040F6C4100125D3F859
:108A5000882122B1BA1A824288BF83F88451083330
:108A60008B42F4D14FF000088DF8078004F17809AB
:108A7000254604F16D0A96F884319DF807B05BB382
:108A800095F814310BEB03022B2A0DDD9DF80750EE
:108A900045B32A4602A904F16D0007F005FF84F8EA
:108AA000BD5017B0BDE8F08F86F88481C6F8887194
:108AB000D5F8102195F80C112046FFF794FD02AB74
:108AC00003EB0B0094F8BD20514607F0EDFE94F83F
:108AD000BD305B448DF807300C354D4506F1080676
:108AE000C9D1D3E70DF1070202A904F5EA70FFF737
:108AF00097FE0028D5D09DF8073002AA8021204695
:108B0000FFF771FDCDE700BF884B002070B591F8ED
:108B1000205004460E465DBB0846FFF7EBFD64237C
:108B200090FBF3F040BAA4F8EC00B6F91E30591CE3
:108B30001CBF0A2593FBF5F56DBAA4F8EE50336817
:108B40000C4A23EAE373934228BF13461A0C84F8B5
:108B5000F0201A0A84F8F12084F8F23096F92330D4
:108B60005A1C08BF002384F8F330012384F8C43171
:108B700070BD00BFFFFF7F008B689FED147A07EE8A
:108B8000903A67EE877AFDEEE77A17EE903A5BBA95
:108B9000A0F8F4304B6807EE903A67EE877AFDEE66
:108BA000E77A17EE903A5BBAA0F8F630CB6807EE9A
:108BB000903A67EE877AFDEEE77A17EE903A5BBA65
:108BC000A0F8F830012380F89431704700401C462B
:108BD0004B681BBAC0F8C4308B681BBA4FF47A726A
:108BE000C0F8C830CB6893FBF2F3134483F310034F
:108BF0005BBAA0F8D0304B8B5BBAD0ED307AA0F8DE
:108C0000CE30B2EE047A67EE877A9FED0F7A67EE88
:108C1000877AFCEEE77A17EE903A5BBAA0F8CC3090
:108C200090F8BE30FF2B0CD090F8BF20FF2A02D066
:108C3000934238BF134680F8D230012380F88C313C
:108C400070470023F7E700BF666666400B689FED3C
:108C5000127A07EE903A67EE877AFCEEE77A17EE23
:108C6000903A5BBA0122A0F8FF3080F8AC214B6843
:108C7000C0F8C030CB689FED097A80F89C2107EEE0
:108C8000903A67EE877AFDEEE77A17EE903A5BBA94
:108C9000A0F8FA30704700BF000010420000C84240
:108CA0004B689FED157A07EE903A67EE877A0122BE
:108CB000FCEEE77A9FED117A17EE903A1BBAC0F8F6
:108CC0000431B1F90C3080F8BC211BBAC0F808316E
:108CD00080F80121B1F90C3080F8B42107EE903A08
:108CE000F8EEE77A67EE877AFDEEE77A17EE903ACC
:108CF0005BBAA0F8023170470000C842CDCCCC3D31
:108D000070B58A68C2F317023E2A90B004460B463B
:108D100000F0938141D8212A26D8172A0AD8012A9F
:108D200000F03181022A00F09480002A00F0848053
:108D300010B070BD183A092AFAD801A151F822F0F2
:108D4000A78E0008318D0008318D0008D38F0008F0
:108D5000318D0008458F00088D8E0008318D000888
:108D6000318D00082B8F00082A2AE1D14D78112D72
:108D700001F10C0100F253812A4601A807F094FD8D
:108D800001ABC5F112020021581907F0AFFF01A98C
:108D900004F5EA70FEF7F8FBCAE7A22A00F0978113
:108DA0002DD8882A00F06D811AD84A2A00F0B180A7
:108DB0007C2ABDD14D78382D01F10C0100F29B8049
:108DC0002A4601A807F070FD01ABC5F13902002168
:108DD000581907F08BFF9DF8253084F8BF30A7E7BE
:108DE000932AA5D101A8F9F7CBF801A92046FFF7EE
:108DF0008DFE01A904F5EA70FEF70CFC98E7F22A53
:108E000000F077810DD8AD2A00F06A81E22A8FD177
:108E100001A8F9F707F901A904F5EA70FEF739FC92
:108E200086E7FD2A84D101A8F9F7AAF801A904F57B
:108E3000EA70FEF749FC7BE701A8F9F7D9F801A928
:108E40002046FFF7F5FB01A904F5EA70FEF72EFBBB
:108E50006EE74D780B2D01F10C0610D82A463146ED
:108E600001A807F021FD01ABC5F10C020021581942
:108E700007F03CFF01A92046FFF7FEFB58E7C86852
:108E8000716801AA03C2B0681060F3E7194601A82F
:108E9000F9F793F8204601A9FFF76EFE04F5EA7092
:108EA000FEF741FB44E75D78332D03F10C0114D844
:108EB0002A4601A807F0F8FC01ABC5F134020021F5
:108EC000581907F013FF9DF8213084F8BE3001A92E
:108ED00004F5EA70FEF70CFB2AE70A4601AD3C33C5
:108EE000106851682E4603C608329A423546F7D1BB
:108EF00010683060E7E70A4601AD443310685168F6
:108F00002E4603C608329A423546F7D1137833709D
:108F100061E701A8F9F719F9204601A9FFF796FEC4
:108F200004F5EA70FEF74AFB02E7194601A8F9F7D3
:108F300044F8204601A9FFF74BFE04F5EA70FEF75E
:108F400001FBF5E65D780F2D03F10C010FD82A46E1
:108F500001A807F0A9FC01ABC5F1100200215819C6
:108F600007F0C4FE01A92046FFF79AFEE0E60A4694
:108F700001AE1C3310685168354603C508329A4269
:108F80002E46F7D1EEE74D782A2D01F10C0110D8CD
:108F90002A4601A807F088FC01ABC5F12B0200218D
:108FA000581907F0A3FE01A904F5EA70FEF792FA3A
:108FB000BEE60A4601AD3433106851682E4603C63A
:108FC00008329A423546F7D111889378B3703180D0
:108FD000E9E75D781C2D03F10C0110D82A4601A8A1
:108FE00007F062FC01ABC5F11D020021581907F022
:108FF0007DFE01A904F5EA70FEF789FA98E60A46B3
:1090000001AD2433106851682E4603C608329A42D7
:109010003546F7D11068306013793371E9E70A46B5
:1090200001AD1C33106851682E4603C608329A42BF
:109030003546F7D113883380A9E64D78192D01F113
:109040000C0110D82A4601A807F02EFC01ABC5F18F
:109050001A020021581907F049FE01A904F5EA7027
:10906000FEF79FFA64E60A4601AD243310685168A2
:109070002E4603C608329A423546F7D1138833800C
:10908000EBE74D78152D01F10C0110D82A4601A807
:1090900007F00AFC01ABC5F116020021581907F0D0
:1090A00025FE01A904F5EA70FEF7A7FA40E60A4694
:1090B00001AD1C33106851682E4603C608329A422F
:1090C0003546F7D1106830609388B380E9E701A88E
:1090D000F8F78EFF01A904F5EA70FEF7C3FA27E658
:1090E00001A8F8F79FFF01A904F5EA70FEF7C7FA97
:1090F0001EE64D783B2D01F10C0110D82A4601A83F
:1091000007F0D2FB01ABC5F13C020021581907F072
:10911000EDFD01A904F5EA70FEF7C5FA08E60A4676
:1091200001AD4433106851682E4603C608329A4296
:109130003546F7D110683060EBE700BF4A7922B1BD
:109140008B79012B01D1FFF7DBBD7047B0F5E16FE3
:1091500003DC10F5E16F04DB7047A0F5616000B23D
:10916000F4E700F5616000B2F3E70000B0F8B8344E
:109170008A8810B5044613F0080008BFC4F89001AF
:1091800013F0020308BFC4F8A831B2F5005F00F085
:10919000B58007D86C2A18D06D2A00F09D806A2A05
:1091A0006ED010BD42F202039A4249D042F6FF73DC
:1091B0009A42F6D1D4F8BC24896804F1DC00FEF7A9
:1091C000FBF8012384F88431EBE7B1F90A009FED45
:1091D0004F7AFFF7BBFF07EE900AF8EEE77A67EEEB
:1091E000877AFDEEE77A17EE903A5BBAA4F8F4308E
:1091F000B1F90800FFF7AAFF07EE900AF8EEE77A48
:1092000067EE877A9FED427AFDEEE77A17EE903AA5
:109210005BBAA4F8F630B1F90C00FFF797FF07EE40
:10922000900AF8EEE77A67EE877AFDEEE77A17EEB6
:10923000903A5BBAA4F8F830012384F89431B0E78F
:10924000B1F809300A22B3FBF2F35BBAA4F8EC30B0
:10925000B1F80B30B3FBF2F35BBAA4F8EE30D1F8FF
:10926000113084F8F2301A0C84F8F0201A0A84F8CD
:10927000F1204B7F84F8F330012384F8C43190E768
:1092800000288ED0D1F80A301BBAC4F8C430D1F807
:109290000E301BBAC4F8C8308B8A242253433233B1
:1092A0006422B3FBF2F35BBAA4F8CC30CB8A0A2079
:1092B00043435BBAA4F8CE30D4F8B43493FBF2F352
:1092C00003F57A735BBAA4F8D0304B7A84F8D230C5
:1092D000012384F88C3164E7B1F90C2052BAA4F868
:1092E000FA20012284F89C21002B3FF45AAFD1F8D8
:1092F0000E30C4F8B43484F88C2152E78B89A4F87A
:10930000B834D1F81130C4F8BC344AE758A08B41C6
:109310006E882E437FB5204C054694F99200F7F7EE
:1093200013FE00268DF8040020468DF80560F7F73F
:109330005CFD94F895308DF80830184B8DF80600D8
:1093400098788DF80760F7F7EFFD8DF8090014485D
:10935000FBF745F8F7F7C3FD8DF80A002046F7F74D
:109360001FFDF7F7F1FD8DF80B002046F7F72AFDFA
:109370008DF80C002046F7F71CFD8DF80D002046F7
:10938000F7F73EFD0A238DF8050001AA14212846AF
:10939000FFF729F904B070BD703100202C030020C4
:1093A0001C32002073B5184C05462046F7F7F8FC30
:1093B000F7F7CAFD8DF800002046F7F7F1FC0646E6
:1093C0001248FAF7F5FF01463046F7F7C7FD8DF86A
:1093D00001002046F7F7F6FC8DF802002046F7F76B
:1093E000E8FCFF238DF80430094B8DF803009878D2
:1093F000F7F7A2FD06238DF805006A461D212846D1
:10940000FFF7F1F802B070BD703100201C3200206F
:109410002C030020F7B5144D144E044695F9920024
:10942000F7F792FD8DF80000304695F99270FAF743
:10943000BFFF01463846F7F791FD8DF80100284639
:10944000F7F7D3FC00238DF8020030468DF8033087
:10945000FAF7C5FF05238DF804006A461C21204653
:10946000FFF7C1F803B0F0BD703100201C320020BE
:1094700030B595B04EF6EA631A49ADF800300446AF
:1094800014220DF10200F7F721FF0DF10200F6F7AB
:10949000B1FEC3B2DA1CD0B2694651FA82F26D2530
:1094A0000DF800504C205070522090705320D07016
:1094B000312010716FF02B00002150710425012024
:1094C00011339171D171117250729572D072117302
:1094D0005173DBB26A4629212046FFF784F815B0A4
:1094E00030BD00BF6927010870B5054694B005F18D
:1094F0006D06FFF70FFF95F8BD203146684607F06F
:10950000D3F995F8BD402846E4B2FFF74BFF95F834
:10951000BD2031460DEB040007F0C6F995F8BD30CB
:109520001C442846E4B2FFF775FF95F8BD2031468C
:109530000DEB040007F0B8F995F8BD301C44E4B217
:1095400022466946304607F0AFF985F8BD4014B0B1
:1095500070BD00000038024B18BF01201870704722
:109560000C06002070B552BB042B5BD89EB22BB307
:109570004F4C94F828301546626A0333DBB2D200B0
:1095800084F82830626213E0083BDBB284F82830AC
:10959000B1F800C0BCF5817F0CF1010E40D2626AC7
:1095A000A1F800E022FA03F300F80C3094F8283018
:1095B000072BE9D80135AAB29642DDD870BDFF2A43
:1095C000FCD1032B51D81FFA83FC002BF6D0384C6A
:1095D00094F828304FF0000E626A04331201DBB2B7
:1095E00042F0020284F82830626210E0083BDBB2ED
:1095F00084F828300A88B2F5817F02F1010610D282
:10960000656A0E8025FA03F3835494F82830072BFB
:10961000ECD80EF1010E1FFA8EF29445DCD870BD25
:10962000FEE7FEE7224C626A03F5C06343EA42327A
:1096300094F8283062620D33DBB284F8283010E0F1
:10964000083BDBB284F828300A88B2F5817F02F14A
:10965000010609D2656A0E8025FA03F3835494F853
:109660002830072BECD870BDFEE7114C626A03F579
:10967000E06343EA423394F82820636202F10D0369
:10968000DBB284F828300EE0083BDBB284F82830E7
:109690000A88B2F5817F09D2656ADD40531C0B80D0
:1096A000855494F82830072BEED870BDFEE700BF34
:1096B000080E00202DE9F84F644C0027FF250F808D
:1096C00005708025676284F82870A5779946002B7D
:1096D00000F0AF8003F1FF3A0B8812FA8AFA561EA7
:1096E00002F1FF08BB463A46FF2B16F8015F0DD882
:1096F0008AB15D450BD10137BFB2994540F28680F2
:10970000B24500F08680B045EED1FEE7FEE7FBB241
:109710005A46FFF727FF6B1EDBB2FD2B2AD83F2BE3
:1097200051D905F14103DBB23F2B28D894F828200A
:10973000636A0135EDB20832D2B245EA032384F8F8
:109740002820636211E0083AD2B284F828200B88FE
:10975000B3F5817F03F1010C34D2656AA1F800C032
:1097600025FA02F2C25494F82820072AEBD80B8875
:109770000022C2E701270B88AB463A46BDE794F8C2
:109780002820636A3F35EDB20932D2B245EA43235D
:1097900084F82820636211E0083AD2B284F82820C5
:1097A0000B88B3F5817F03F1010C0AD2656AA1F839
:1097B00000C025FA02F2C25494F82820072AEBD8F8
:1097C000D5E7FEE7FEE794F82820636A7F35EDB21F
:1097D0000832D2B245EA032384F82820636211E0FC
:1097E000083AD2B284F828200B88B3F5817F03F1C0
:1097F000010C0AD2656AA1F800C025FA02F2C2542F
:1098000094F82820072AEBD8B1E7FEE70020BDE84E
:10981000F88FAAB994F8282062B1646AC2F10802EC
:109820000125944005FA02F2013A22435C190C80AA
:10983000C2540B88994594BF00200120BDE8F88FE1
:10984000FBB25A46FFF78EFE0B88E3E7080E0020B6
:109850002DE9F04F47F26F730022827003800B787E
:10986000A3F1FE03B3FA83F35B0983708A780D4694
:1098700012F001011CBF43F080038370D5F8202152
:1098800022F07F4222F0FF0285B0044612B143F07D
:1098900008038370AA68C2F31702FF2A1ED9B2F523
:1098A000803F18D363F07F03A37041F002014FF0B3
:1098B000020E09234FF00A0C0822E1700B20CDF8AC
:1098C00004C01E4617464FF007094FF0060A4FF036
:1098D000050B042117E043F00203A370180600F102
:1098E000DF8008234FF0090C07220A204FF0000EFA
:1098F000CDF804C01E4617464FF006094FF0050A82
:109900004FF0040B032195F8018004F8018004EB6B
:109910000108297904F80B10697904F80A10A9796B
:1099200004F80910A178090709D595F82111A15467
:1099300095F82211A1550346674662460646A96876
:10994000A154A278900707D5BA1C1F46AB68C3F391
:109950000F23A35596B23346BEF1000F05D05A1C13
:109960001F46AB7AA35596B23346A278D10606D5E8
:109970005A1C1F4695F82331A35596B233464A4ADE
:10998000127803F1010914FA89FA05F10C0B42B1BE
:109990006B785A460DF10E015046FFF78BFE0028FA
:1099A0005CD16A78504659461FFA82FA06F07CFF6D
:1099B00022783E4B6178D243D2B2072F9A5C82EA7A
:1099C0000102995CA27882EA0102995CE27882EA5B
:1099D0000102995C227982EA0102995C627982EA49
:1099E0000102995CA27982EA0102995CE27982EA39
:1099F00001029A5C1BD0217A4A40082F9A5C16D04B
:109A0000617A4A40092F9A5C11D0A17A4A400A2F04
:109A10009A5C0CD0E17A4A400B2F9A5C07D0217BEC
:109A20004A400C2F9A5C1EBF617B4A409A5CA2554B
:109A30001AFA89F39BB2B3F5947F0ED2B5F80C21D4
:109A4000E254981CB5F80C115A1C92B280B2090A63
:109A5000B0F5947FA1540AD3FEE7FEE7A378BDF8E2
:109A60000EA043F04003A37088F800A0A0E7AA78F6
:109A7000D20702D405B0BDE8F08FD5F81071D5F843
:109A80001811D5F81461275022180F3356609160D1
:109A900098B295F81C111173B0F5947FEAD3FEE7E4
:109AA0004FF0000E05E700BF0C060020743A0108D5
:109AB0002DE9F84FB14C15460F4680460146B04897
:109AC00006F0F2FE00228023B5F5817F3A802284E1
:109AD000626284F822304FD2A94E84F828204FF0D9
:109AE000FF099246012A76D8B4F820C0654540F2B5
:109AF000B180616A16F80C3002F108000CF1010C1B
:109B0000C0B243EA0123A4F820C0A0F1020C23FA5A
:109B10000CF1063201F003015FFA82FE0229636252
:109B200084F828E000F0BD80032944D0012924D125
:109B3000BEF1060F0DD8228C954240F28B80B15CAD
:109B400000F1060E41EA032301325FFA8EFE228401
:109B50006362AEF1070E23FA0EF303F07F037D2B51
:109B600084F828E076D83A88FF2A23D84133511C5C
:109B7000398008F8023019E0FEE7BEF1000F6BD122
:109B8000228C954266D9B15C013241EA03232284DA
:109B9000072284F828201A06636200F1C8803B88F7
:109BA000FF2B06D85A1C3A8008F803A094F8282006
:109BB00098E7FEE7FEE7AEF1060E5FFA8EF284F854
:109BC00028203A8823FA0EF3FF2A03F03F0301D836
:109BD000413BCCE7FEE7636AA2F1020C23FA0CF1E9
:109BE00001F003015FFA8CFE022984F828E003D01B
:109BF00003291CD0104699E7BEF1050F51D8218CDE
:109C00008D4227D9705C02F1060E40EA0323013130
:109C10005FFA8EFE63622184AEF1060E23FA0EF324
:109C200084F8282003F03F033A8801339FE7BEF110
:109C3000050FC0D8218C8D420CD9705C02F1060E44
:109C400040EA032301315FFA8EFE21846362AEF1A4
:109C5000060EB4E7BDE8F88F0CF1FF3123FA01F1ED
:109C60000EF1FF32D2B2C90784F8282097D5F2B995
:109C7000228C9542EED9B15C013241EA0323228461
:109C80000722636284F8282013F0800F40F08C8054
:109C90003B88FF2B00F287805A1C3A8008F803901B
:109CA00084E7AEF1060E636A5FFA8EF2B6E7013A18
:109CB00023FA02F1AEF10202D2B2C80784F82820DA
:109CC000E6D5002A5ED1228C9542C3D9B15C41EA27
:109CD00003230132072118062284636284F82810C6
:109CE00058BF08222AD4B4F820C06545B2D907323B
:109CF000D0B216F80C2042EA03220CF101032384AF
:109D000062621346083884F82810C34038885FFA26
:109D100083FB00EB0B03FF2B0FDC40445A46002172
:109D200006F0E4FF3B880BEB03023A803EE7062295
:109D300084F8282013F0400FA8E7FEE70846082221
:109D4000218C8D4286D916F801C007324CEA0323D4
:109D50000131D2B22184636284F82800083A23FAE0
:109D600002F238885FFA82FB00EB0B03FF2B03DC67
:109D700040445A46FF21D3E7FEE700BF080E00200B
:109D8000DC0C0020511EAEF1030023FA01F1C0B239
:109D9000C90784F8280011D407280DD9AEF10B01AA
:109DA000636AC9B2AEE7FEE7511EC8B223FA01F1F9
:109DB000C90784F8280001D4014694E70728BFD9D1
:109DC000A0F108010246C8B2C6E700BF2DE9F04F76
:109DD0005788B7F58F7F8BB0144606460BD9002203
:109DE000227000226F2B628000F0258100233370E7
:109DF0000BB0BDE8F08F12780E2A0D4624D80E2A3B
:109E000000F2D58001A151F822F000BFE39D0008C7
:109E1000BB9F0008AF9F0008AF9F0008BB9F0008D2
:109E2000BB9F0008BB9F0008BB9F0008BB9F0008AA
:109E3000BB9F000813A00008AF9F0008AF9F000859
:109E4000AF9F0008EF9F0008692A40F2AE806A2A9F
:109E500040F0AD80A74FF98A4A1E92B2002900F067
:109E600021810332DFF890E207EB020CB91CFF22DC
:109E700011F8010B424061451EF80220F8D19342CF
:109E800000F0FE804FF0000984F80090C4F80290C2
:109E9000A4F80690B7F81680B8F1020FA6D997F883
:109EA00004A0BAF16F0F00F05A83B8F1030F9DD0F0
:109EB0007A796F2A00F06F83B8F1040F96D0BA79DF
:109EC0006F2A00F06E83B8F1050F8FD0FA796F2AF0
:109ED00000F06483B8F1060F88D03A7A6F2A00F058
:109EE0006C83B8F1070F81D07A7A6F2A00F0628311
:109EF000B8F1080F3FF47AAFBA7A6F2A00F05783AF
:109F0000B8F1090F3FF472AFFA7A6F2A00F04C8370
:109F1000B8F10A0F3FF46AAF3A7B6F2A00F053831F
:109F2000B8F10B0F3FF462AF7A7B6F2A00F04E83DB
:109F3000B8F10C0F3FF45AAFBA7B6F2A00F08D8155
:109F4000B8F10D0F3FF452AFFA7B6F2A00F0668331
:109F5000B8F10E0F3FF44AAF3A7C6F2A00F06A83E3
:109F6000B8F10F0F3FF442AF7A7C6F2A00F05F83A5
:109F7000B8F1100F3FF43AAFBA7C6F2A00F0548367
:109F8000B8F1110F3FF432AFFA7C6F2A00F0498329
:109F9000B8F1120F3FF42AAF3A7D6F2A00F04D83DB
:109FA000B8F1130F3FF422AFFEE7632A05D8002370
:109FB0002370C4F80230E38019E74E4FFA8A122A60
:109FC00014D8B91801328B70FA822278092A3AD94A
:109FD000A2F1640105293FF609AF653A042A00F2AF
:109FE0007783DFE802F06D6965618300FEE77A1C24
:109FF0006280EB55E38862889A4245D300226280F2
:10A000002270B3F5947F4FF002020270438075D343
:10A01000FEE77A1C6280374EEB55A088727F61881C
:10A0200083189942FFF6E4AE33785F0600F1B281FF
:10A030000E232370DCE62F490A800122CA826422A3
:10A040008B702270D2E6002A3FF4D0AE013A082A83
:10A050003FF6CCAE01A151F822F000BF11A20008DA
:10A06000ED9D0008ED9D00088DA000088DA0000862
:10A070003DA20008CFA1000897A1000807A2000890
:10A080000A2201232270B2E60123B0E66288B2F50B
:10A09000947F06D2511C6180AB5423780133237026
:10A0A000A4E6FEE7FF22EAE60722FB7622709DE6A1
:10A0B0006822BB76227099E601227B70227095E6B9
:10A0C00062883B700021B2F5947F79700DD203F065
:10A0D0000103033B511C6180AB5497F90030002B06
:10A0E000C0F2BB820123237080E6FEE76A223B7741
:10A0F00022707BE6080E0020743A01082B78FD2BB5
:10A1000000F02681EB7803722B7943726B79436000
:10A110006A7808327280002240F28510DFF808C4A5
:10A120007281FE210446013499424FEA540400F240
:10A13000DF80C0F0EA808B4240F023812B78FD2B3A
:10A1400000F01C814FF0060B2846DFF8DC8310F886
:10A1500001AF0BEB0A0909F1FF3189B2F7F78CFD6A
:10A1600004EB440708EB8707ADF808003979019143
:10A1700002A8F7F75BFD05EB090215F809305278E4
:10A18000019903EB0223BDF808209BB29A4200F02C
:10A19000BE8005232BE66288B2F5947F15D2511C50
:10A1A0006180AB547B7813F0020340F01282628826
:10A1B000B2F5947F0AD2511C6180AB543B78DD0626
:10A1C0004CBF69236A23237010E6FEE7FEE762882E
:10A1D000B2F5947F15D2511C6180AB543B787A78EC
:10A1E000134313F0020340F0EB816288B2F5947FD1
:10A1F00008D2511C6180AB546288B2F5947FDAD3E7
:10A20000FEE7FEE7FEE76288B2F5947FD3D3FEE770
:10A2100062883A83B2F5947F0FD2511C6180AB54AF
:10A220003A787B7712F0010200F0D68106220833DB
:10A23000A280E38004232370D8E5FEE76288B2F5AC
:10A24000947F09D2511C6180AB543B781F074CBFEF
:10A25000672307232370C9E5FEE74FF00C09B8F127
:10A26000120F00D9FEE707EB080208F1010A1FFAF6
:10A270008AFA937002AB52461846AA49A7F816A06C
:10A2800006F012FB00223A800122FA826F22BA7095
:10A290006422227009F1010252450346BFF4A6ADC3
:10A2A00008F1FF310DF10902A1EB09014A4412FA4C
:10A2B00081F24B4401924FF06A0E4FF007084FF0C5
:10A2C000010900224FF0690AF98A12290FD878187B
:10A2D0000131F98213F8011F81702078092800F2FA
:10A2E000078100286FD101999942EDD17EE5FEE703
:10A2F000601E1418824204F1010744D227F00101C4
:10A3000001EB57015CF821100DE72246F1E7BB791C
:10A31000DA0706D5FA79924582BF521912F80B2056
:10A32000B2729B070BD56300234408EB83036A7862
:10A330001B7A9A4282BF5B1913F80B30F3726300E9
:10A34000234408EB8308317398F8053073734FE5A5
:10A350006B790372AB7943726B7A297AEA791B04C1
:10A3600003EB0123134443606A7802F10C0141803E
:10A37000A978C9077FF5CFAE1932CBE64FF00A0BAB
:10A38000E2E6032333E5684902EB4200144651F844
:10A390002010D0E602A92844FFF78AFB737FBDF89E
:10A3A00008106288CB1A9BB21A446280727F1A44EA
:10A3B0007277E2881344E380338BB3F5947F01D244
:10A3C000E95435E6FEE7013808288CD80FF2040C72
:10A3D0005CF820F015A40008E7A20008E7A2000836
:10A3E000F9A30008F9A30008A7A4000867A40008BF
:10A3F000C9A4000845A400086088B0F5947F08D27D
:10A4000000F1010CA4F802C0295421780131217017
:10A4100069E7FEE760883883B0F5947F11D200F1D8
:10A42000010CA4F802C029543878797710F00100A3
:10A4300000F017810831E1800621A18004212170FC
:10A4400051E7FEE76088B0F5947F0BD200F1010C74
:10A45000A4F802C029543978C90600F12C8184F887
:10A4600000E040E7FEE76088B0F5947F19D200F184
:10A47000010CA4F802C0295439787878014311F00E
:10A48000020140F01F816088B0F5947F0AD200F18C
:10A49000010CA4F802C029546088B0F5947FD5D38C
:10A4A000FEE7FEE7FEE76088B0F5947F0BD200F18F
:10A4B000010CA4F802C029543978080700F105817D
:10A4C00084F800800FE7FEE76088B0F5947F0ED235
:10A4D00000F1010CA4F802C02954797811F00201AE
:10A4E00040F0EC806088B0F5947FAFD3FEE7FEE7E4
:10A4F000A0F1640CBCF1050F3FF6F5AE65380428F9
:10A5000000F2EF80DFE800F0120A05032900F97677
:10A51000D6E7B9764FF068012170E4E6797084F8E7
:10A520000090E0E60A0E0020743B01086088397054
:10A53000B0F5947F7A700FD201F00101033900F178
:10A54000010CA4F802C0295497F900100029ACBFEF
:10A55000494666212170C6E6FEE739777FE7B8F104
:10A56000120F3FF67FAE07EB080108F101028B7076
:10A5700002AB92B218466249FA8206F095F90122BE
:10A58000FA826422A7F8009087F802A0034622709E
:10A590004FF0020984E64FF0030960E64FF0050929
:10A5A0005DE64FF004095AE64FF0090957E64FF00F
:10A5B000080954E64FF0070951E64FF006094EE648
:10A5C0000823237012E44FF00A0948E64FF00B0904
:10A5D00045E60923237009E461880C33E380B1F573
:10A5E000947F4FF00A03A38016D27B78481C03F0B7
:10A5F000010360806B546188B1F5947F0DD2481CD3
:10A6000060806A5413B1E3880D33E380E388B3F5C7
:10A61000947FFFF40FAEFEE7FEE7FEE74FF00D0973
:10A620001DE64FF011091AE64FF0100917E64FF03A
:10A630000F0914E64FF00E0911E6B8F1120F3FF6BC
:10A6400011AEB844BA7088F802300123FB820022B0
:10A6500064233A802370FFF7C9BB66232370FFF79A
:10A66000C5BBB4F802C00C31E180BCF5947F4FF05B
:10A670000A01A1801DD279780CF1010B01F00101D2
:10A68000A4F802B005F80C10B4F802C0BCF5947F31
:10A6900010D20CF1010BA4F802B005F80C0011B1B6
:10A6A000E1880D31E180E188B1F5947FFFF4C6AE19
:10A6B000FEE7FEE7FEE784F800A014E64FF009018C
:10A6C000217010E6082121700DE6672121700AE64D
:10A6D000772B0DD000232370C4F80230E380FFF7FE
:10A6E00085BB772908D02270C4F80220E280FAE501
:10A6F00065232370FFF77ABB4FF065012170F2E507
:10A700000A0E002037B500F5EF65044600F5CA6172
:10A710002846F7F7E6FB0246A0680192036829463F
:10A720001B699847E06838B10368019A1B6929469C
:10A7300003B0BDE83040184703B030BD08B58368AA
:10A740004BB1B0F84C14B0F84A04F7F7ADFE00383E
:10A7500018BF012008BD1846FCE70346806880B199
:10A76000B3F84C24B3F84A14914209D09918013235
:10A7700091F85004B3F84E140A40A3F84C247047E3
:10A7800000207047836810B504467BB10023A0F811
:10A790004C34A0F84A34C06810B10368DB699847AC
:10A7A000A0680368BDE81040DB69184710BD0000D1
:10A7B000F8B5244F04463846F6F7F2FAF6F75CFB94
:10A7C000064697F99200F6F757FB05463846F6F726
:10A7D000F0FA1D4B84F8606693F8353084F86156C2
:10A7E000333384F855366422442384F8622684F88F
:10A7F0005636FF22D4F8583684F864266D2262F368
:10A800001703C4F85836C0F10A000023C4F85C36B8
:10A8100084F8713700B24FF43943A4F8723780F3EB
:10A820000700092384F8630684F8743704F5CA60C6
:10A8300004F5A471F7F7BEFE2046BDE8F840FFF727
:10A8400061BF00BF703100208803002010B5194B94
:10A85000194A93F83530C0F86026333380F85536FE
:10A86000442380F85636D0F858366FF31703C0F8F3
:10A870005836002380F85C3680F85D3680F85E3606
:10A8800080F85F3680F871374FF44853A0F872377C
:10A8900003220923044680F8642680F8743700F503
:10A8A000A47100F5CA60F7F785FE2046BDE81040A8
:10A8B000FFF728BF8803002000088004F0B587B0A8
:10A8C00004460021102202A8019106F00FFA484B1D
:10A8D00093F8352001AB03CB01ABC4F88006C4F874
:10A8E000841603CB01ABC4F88806C4F88C1603CBDE
:10A8F0003332D2B2C4F89006C4F8941601AB04F512
:10A90000D36505AF1E4603CEBE422860696033465C
:10A9100005F10805F6D133882B80442384F8563698
:10A92000D4F8583684F85526942262F31703182178
:10A930006FF05E02C4F8583684F85C16002384F881
:10A940006C262021282284F85D1684F85E3684F86F
:10A950005F3684F8603684F8613684F8623684F8AD
:10A96000633684F8643684F8653684F8663684F88D
:10A97000673684F8683684F8693684F86A3684F86D
:10A980006B3684F86D2684F86E3684F86F3684F85A
:10A99000703684F8713684F8723684F8733684F829
:10A9A000743684F8753684F8763684F8773684F809
:10A9B000783684F8793684F87A3684F87B3684F8E9
:10A9C00071374FF432430B4AA4F872374E2304F523
:10A9D000CA60C4F87C2684F8743704F5A471F7F7CC
:10A9E000E9FD204607B0BDE8F040FFF78BBE00BF91
:10A9F00088030020D016CB0F38B504461C4884F8D5
:10AA00005E26002284F85F2684F8602684F861269A
:10AA100084F8622684F86326442290F8350084F88E
:10AA20005626D4F85826A4F85C1684F8643684F8C0
:10AA300071374D218F239DF8105084F8733761F3DF
:10AA400017020A23333084F8550684F8655604F556
:10AA5000CA60C4F8582684F8725784F8743704F52D
:10AA6000A471F7F7A7FD2046BDE83840FFF74ABEBE
:10AA700088030020F0B502298DB004460D461CD194
:10AA8000424B43481B7800EB031000F58970F6F742
:10AA9000CBFA404B1860404A0C236B43D718D3586D
:10AAA0003A7900210391511E082908D8DFE801F006
:10AAB00009096363676707076A002F29EBD90DB09F
:10AAC000F0BD1B788DF80C308DF82C200021102261
:10AAD00007A8039E06F00AF9B96801910846F5F740
:10AAE00089FBC2B2102A019928BF102207A805F0DD
:10AAF000DBFE274BC4F85C6693F835209DF82C30BC
:10AB000084F874363021333284F860160021D2B2D2
:10AB100084F86116A4F8625607AB04F264660BAFC2
:10AB20001D4603CDBD42306071602B4606F108061C
:10AB3000F6D1442384F85636D4F8583684F855268E
:10AB4000162262F31703C4F85836002384F87137CD
:10AB50004FF45C43A4F87237192304F5CA6084F8F3
:10AB6000743704F5A471F7F725FD20460DB0BDE854
:10AB7000F040FFF7C7BD1B88ADF80C30A4E71B6899
:10AB80000393A1E71B6803939EE700BF2C030020FB
:10AB900088030020800600202C0000202DE9F041D1
:10ABA000884D894F2A780B46142101FB027288B028
:10ABB00092F85520012A044618D193F8210197F8FC
:10ABC000351048B101F13302D2B282420ED193F86E
:10ABD00022210AB1442A09D19A68C2F31702172A1E
:10ABE00056D006D8142A2FD0152A45D008B0BDE873
:10ABF000F08102F180724B3A22F07F42012AF5D8AF
:10AC000033318842F2D193F82221442AEED1198DB2
:10AC1000DA6840F20720814200F0CF80B1F5027F70
:10AC200000F0BD80B1F5007F0CD107EE902AFCEE5C
:10AC3000E77A17EE902A942A00F0B180B2F5967F59
:10AC400000F0BB800222B1E002A81946F7F77DFAB6
:10AC5000BDF90800002804DA03A8F7F7DDFB002897
:10AC6000C4DB2F28C2DCA4F8C208B4F8BA3843F019
:10AC70001003A4F8BA38B9E7012384F8C0380023D8
:10AC8000A4F8C238514B1B68643BC4F8C438ADE724
:10AC900033318842AAD193F82221442AA6D15E7882
:10ACA000162E03F10C012DD8324602A805F0FCFD4A
:10ACB00002ABC6F117020021981906F017F80DF142
:10ACC0000E00F7F7A9FBB0F100088FDB404A9DF8B2
:10ACD0001E1008EB4803980002EB83031B7999428E
:10ACE00084D1B8F12F0F1FFA88F622DC0139029BBC
:10ACF000125808291DD8DFE801F01B1B39393B3BEE
:10AD00001C1C3D000A4602AE1C3310685168B44654
:10AD1000ACE8030008329A426646F6D11068CCF8D7
:10AD20000000918893798CF80630ACF80410C6E7DF
:10AD300013702878F8F744FD2A78142303FB027374
:10AD4000012183F8551097F82D300BB987F82D1095
:10AD5000B8F1020F10D11F4B07EB0210196800F574
:10AD60008970F6F79BF9A4F8C2687EE71380E0E7E4
:10AD70001360DEE71360DCE7B8F1000FF3D1164B88
:10AD80001A78002AEFD083F80080602323800F4BCD
:10AD90001B680BB16360E6E74FF0FF33FAE7B4F8E6
:10ADA000BA2842F00202A4F8BA280022987900904A
:10ADB0005B792046FFF720FE18E7B4F8BA2842F086
:10ADC0000402F0E72C03002088030020884B0020B9
:10ADD0002C000020800600202430002010B52F4BCE
:10ADE0001A782F4B142101FB0233044693F8553097
:10ADF000012B37D12B4BD0F8BC281B689A1AB2F51F
:10AE00007A7F21BFB0F8BA28C0F8BC3842F00102FE
:10AE1000A0F8BA2890F8C02862B1D0F8C4289A1ACD
:10AE2000312A81BFB0F8BA28C0F8C43842F0100304
:10AE3000A0F8BA38B4F8BA38DA0614D523F01003FB
:10AE4000A4F8BA38B4F8C2182046FFF713FEB4F8D5
:10AE5000C23801339BB22F2BA4F8C23802D9002389
:10AE600084F8C03810BD980708D523F00203A4F871
:10AE7000BA382046BDE81040FFF720BD590702D57B
:10AE800023F00403F3E7DA07ECD523F00103A4F879
:10AE9000BA382046BDE81040FFF7D8BC2C0300208C
:10AEA00088030020884B002038B5134B134A1B68D9
:10AEB000C0F8BC38002380F8C038A0F8C238C0F809
:10AEC000C438A0F8BA3813700D4B0E481B780E4DDD
:10AED00000EB031000F58970F6F7A6F80B4B02247F
:10AEE0001860E0B2FAF7D6F901342E2C286305F188
:10AEF0000C05F6D138BD00BF884B0020243000205F
:10AF00002C030020880300202C0000208006002055
:10AF10006FF0FF03036040F6FF238380002383600C
:10AF200003737047F8B5394D04462E783848142716
:10AF300007FB060090F84F60012E0CD0022E0CD0BB
:10AF400076B9A16090F84C30032B18BF0022A3689B
:10AF5000E26033B9FEE7A360F4E7A2600022F6E7FF
:10AF6000FEE70023C4E90433C4E95233C4E954338F
:10AF7000A3617F23A4F85831F7F76CF8A87802286A
:10AF800042D0431F58425841224940F2FF12FEF777
:10AF9000E1FA0220A4F84E241F4A087000234870EA
:10AFA0008870C8701D49137053709370D370C4F8C3
:10AFB000DA31C4F8DE31C4F8E231C4F81233C4F82F
:10AFC0001633C4F81A33A4F84C34A4F84A341A4699
:10AFD00001330C2B0A70CA704A708A7001F10401A7
:10AFE000F6D10F4B1B6803F57A7304F6A800C4F87A
:10AFF000A438FFF78DFFA4F8B828228062602046AD
:10B00000BDE8F840FFF750BF0120BDE72C0300204A
:10B0100088030020410600200D06002011060020B4
:10B02000884B00204278FF2A08D00368044923F0A7
:10B030007F4323F0FF038B4208BF02221046704774
:10B04000000101000C4B02781B6810B51AB903F21D
:10B050001B63836010BD90F90520002AFADD81682A
:10B0600040F21B64591AA142F4D98360013A0123CA
:10B0700042710373EEE700BF884B002070B590F972
:10B080000530002B88B0054621DB4C78182C01F1E7
:10B090000C031ED81946224601A805F005FC01AB99
:10B0A000C4F119020021181905F020FE104903A867
:10B0B000F5F796F858B9DDED017AFCEEE77A17EE70
:10B0C000903A13B10B4AC2F8AC34FF236B7108B04D
:10B0D00070BD01AA01F1240418685968164603C618
:10B0E0000833A3423246F7D11B783370DEE700BF46
:10B0F0008E28010830070020007840B14B79834248
:10B1000004D18879431E5842584170470020704747
:10B110005379032B10B504460AD14B790370937908
:10B12000DB0943701079FDF70FF8E07013682371A5
:10B1300010BD00007FB58B6833F07F4305460C4699
:10B1400000F6A8060ED18B79012B0BD101A8F6F7DA
:10B150004FFF9DF80930082B04D001AA2146304644
:10B16000FFF7D6FF21463046FFF7C6FF88B3A36836
:10B17000C3F31703162B32D0F52B16D16678012EA8
:10B1800029D8324604F10C0101A805F08DFB01AB72
:10B19000C6F102020021981905F0A8FD9DF80530BE
:10B1A0009A1E5342534185F8AA3895F8B83853B1DE
:10B1B00095F8B93821790C480133DBB2CB1A5942E2
:10B1C0005941F5F71AFE012385F8B838237985F837
:10B1D000B93804B070BDA389ADF80430DEE730465D
:10B1E000FFF74CFFE1E700BF703100207FB52E4E26
:10B1F000044600F11C05B4F85411B4F85621881A1D
:10B2000083B2000444BF80339BB20BB904B070BD5D
:10B2100091421FBFB4F85811A31801320A4096F8A2
:10B220002D101ABF93F85A31A4F856210023022991
:10B2300004F110022946684620D1FEF7C7FD9DF8AB
:10B240000030022BD7D1E368DBB9A0680368BDF8F2
:10B2500002201B692946984704F5CA662A466946B2
:10B260003046F6F705FF31461048FDF767FF3146D7
:10B27000204604B0BDE87040FFF75CBFF6F780FFE2
:10B28000DDE70B4E69460020F7F73AF9737833B1E2
:10B29000A068BDF80220036829461B699847B37867
:10B2A000002BD9D0E068D1E78803002030070020C8
:10B2B0000D0600200148FFF7B5BE00BF581700205B
:10B2C00010B54E4C86B000211622684605F00EFDE2
:10B2D0002046F5F777FD94F88C308DF800008DF856
:10B2E0000130204694F88D308DF80230F5F761FD7D
:10B2F00094F8913094F890208DF803005B0002F0F0
:10B30000010203F00203134394F8A52043EA8213D9
:10B3100094F8A62043EAC2139DF80B2002F03C02E9
:10B32000134320468DF80B30F5F75FFD94F8943009
:10B330008DF8083094F8923094F895208DF8093003
:10B3400094F896308DF80700DB00920002F00402BA
:10B3500003F0080313439DF80B2022F00C02134363
:10B3600004F128008DF80B30F6F7FEF88DF80C008C
:10B370002046F5F7F3FC8DF80D0004F11400F6F704
:10B38000F3F88DF80E0004F13C00F6F7EDF88DF8B7
:10B390000F002046F5F7F3FC8DF810002046F5F776
:10B3A0002FFD94F8A7308DF81230154B8DF8110051
:10B3B0005B7C8DF81330FFF77DFF124B1A78931EDC
:10B3C0005A425A4100F0030343EA02230E4A0F484F
:10B3D000127943EA4223BDF8142023F0FC039B05B5
:10B3E00022F4407222F003029B0D134302216A46AD
:10B3F000ADF81430FBF719FD06B010BD7031002018
:10B40000000C00202907002050060020781700209B
:10B4100070B54C88B4F5427F4FF000030AD80D7820
:10B420000B2D73D8DFE805F0060D1A2A2D303639BA
:10B4300052555969A2F1240462424B8062410A705C
:10B4400007E04D2A01D0582A06D1027002230B7062
:10B45000002380F8093333E00023F8E702F0FD030E
:10B460003C2B01D0212AF7D1037842704D2B0CBF21
:10B47000082303230B7000238370E9E78270042202
:10B48000DDE782800522DAE7838803EB02238380ED
:10B490000623DCE7C2800722D1E7C38803EB02233F
:10B4A0009BB2002BC3800CBF0B230A230B7000231D
:10B4B0004B80012380F80933C388B3F5407F01D85E
:10B4C000002002E000200870488070BDC280092280
:10B4D000B5E70A2382800B70EBE7B4F5407F3CBFF1
:10B4E000241822724B8801339BB24B80C2889A4247
:10B4F0009CBF0B230B700123ABE780F808230B7074
:10B500004B80022380F809330120DEE70B704B806B
:10B51000D6E7CB88B3F5407F70B531D824230370CC
:10B520000B7843704B7883700B784D2B14D1CB88FC
:10B53000C3708B88037105230022CD88D4189542EF
:10B54000A6B210FA84F415D891F808232270CA889C
:10B550000132981880B270BD8B78C3708B880371EC
:10B560008B881B0A4371CB888371CB881B0AC371FC
:10B570000823E1E78C180132247A845592B2DCE783
:10B580000020E8E72DE9F74F16464A88B2F5427FDA
:10B5900004460D462ED80B780A2B0FD9A3F164026E
:10B5A000032A03D90020287068802DE0653B8F4F67
:10B5B000022B33D8DFE803F063A4A70000210A2B95
:10B5C000F0D801A050F823F0F5B500080FB6000838
:10B5D000A5B50008A5B5000853B6000861B6000877
:10B5E0006DB6000873B60008A5B50008A5B500083B
:10B5F000E1B60008A6F124077E424FF000007E412C
:10B6000068802E7084F8090303B0BDE8F08F6F2EB8
:10B610000CBF642300232B700020F3E716F0040F07
:10B6200014BF4D2358233E7023703A78D1070ED4AF
:10B6300012F0020F14BF21233E236370C2F3C00334
:10B64000D20648BF43F00203A3700423E3E73C2380
:10B65000F3E7A68005232B7084F809130020D3E7B5
:10B66000A38803EB0623A3800623D4E7E680072301
:10B67000F1E7E38803EB0623E3806523CBE70DF1D5
:10B6800006007E70F6F700FC3978F6F7F5FBA78820
:10B690002179F6F7F1FB390AF6F7EEFBE788A17995
:10B6A000F6F7EAFB390AF6F7E7FB9DF80630B342F6
:10B6B00006D000232B706B80032384F80933CDE779
:10B6C000002F0CBF66230A232B70012384F8093353
:10B6D00000236B80E288B2F5407FBFD92B70BDE7B5
:10B6E000B2F5407F3CBF121916726B8801339BB2D2
:10B6F0006B80E2889A4201D866232B700123DCE735
:10B700007E806723F9E7B7F8028097F8009008EB8E
:10B7100006284FF6FF730DF106001FFA88F8494618
:10B72000ADF80630A7F80280F6F780FA2679B4F86B
:10B7300004A03146F6F77AFA4FEA1A21F6F776FABC
:10B7400094F806B0B4F806A05946F6F76FFA4FEA37
:10B750001A21F6F76BFA797804F10807F6F766FA1A
:10B7600052463946F6F76EFABDF8063043453AD1EF
:10B7700019F0040015D086EA0B01E21D002398B2EF
:10B78000824584F8081307D80223012000222A707A
:10B790006A8084F8093337E712F8010F013341401A
:10B7A000EDE7A178F5F7F4FB217984F80803F5F7C4
:10B7B000EFFBA18884F80803090AF5F7E9FBA179F2
:10B7C00084F80803F5F7E4FBE18884F80803090A24
:10B7D000F5F7DEFBE28884F808033946F5F7DEFB6F
:10B7E00084F80803D0E703230020CFE7BC2F002014
:10B7F000CB88B3F5407F2DE9F04104460D464AD889
:10B800004B783C2B40D0A3F12100434243415B00E5
:10B810002A784D2AAA7808BF43F00403D10748BF0D
:10B8200043F0080392074FF02402227048BF43F010
:10B8300010036F226270A370AB88E370AB881B0AA1
:10B840002371EB886371EB88A71C1B0AA371384630
:10B85000F6F706FE0822E071E988A2F108039BB220
:10B86000561C8B42B6B204EB02080FD3063189B2E4
:10B870003846F6F701FA88F80000000AA055E88873
:10B880000A3080B2BDE8F0810123C1E72B441B7A66
:10B89000A3543246E0E70020F4E710B5044681786F
:10B8A0000020F5F775FB217984F80803F5F770FBA4
:10B8B000A18884F80803090AF5F76AFBA17984F8DE
:10B8C0000803F5F765FBE18884F80803090AF5F732
:10B8D0005FFBE28884F8080304F10801F5F75EFBDA
:10B8E00084F8080310BD00002DE9F74FC788DFF882
:10B8F0009880B7F5407F0D4628BF4FF44077044647
:10B900003A4600F108010026284604F0CDFF2F44F6
:10B91000E6804FF03B09AF4205D1204603B0BDE8B9
:10B92000F04FFFF7BABF15F8013BFF2B2AD0FE2BD3
:10B9300028D0FF2E1ED1362BEDD858F833204FF0EB
:10B94000000A10460192F4F755FC1FFA8AFB58458D
:10B95000E388019A0AF1010A05D85A1C2344E280BF
:10B9600083F80890D7E7591CE180234412F80B10A4
:10B970001972E6E7FE2ECED1E288511C2244E18006
:10B980001372C8E71E46C6E7D050010830B50F4B0A
:10B990001C780F4B142505FB043393F84F30012B13
:10B9A00003D0022B10D00BB1FEE7114600234360F9
:10B9B000C0F81233A0F82236A0F8203640F2FF3348
:10B9C0000160A0F8243630BD0021EFE72C030020F1
:10B9D00088030020F8B5B0F82026B0F82236D21A35
:10B9E00093B2120444BF03F580639BB2E62B044676
:10B9F00008D800F2163500F21236206803685B6939
:10BA0000984700B9F8BD206803689B69984731469C
:10BA100002462846FFF7FCFC0028EED004F6262755
:10BA200029463846FFF7E4FE00239AB29042E4D953
:10BA3000B4F82016B4F824C64A1C02EA0C02B4F882
:10BA400022C694451EBF091917F803C081F826C6FF
:10BA500003F1010318BFA4F82026E6E7F8B500F1CA
:10BA6000080504460A46011D2846FFF78BFD70B302
:10BA7000637A3E2B14D004F6262629463046FFF77B
:10BA800048FD0246206801680F693146B847637A6D
:10BA90003E2B1CD129460E48BDE8F840FDF766BB99
:10BAA000A389742B0AD042F6FF729B1A18BF012398
:10BAB000A27A9207EBD4002BDDD1E8E70023A37232
:10BAC00004F626212846FFF70FFF0123F0E7F8BD13
:10BAD0003007002003680BB1FFF7C0BF7047034673
:10BAE000006868B1B3F82026B3F82236D31A98B2AA
:10BAF0001B0444BF00F5806080B2003818BF0120ED
:10BB000070470346006880B1B3F82226B3F82016C8
:10BB1000914209D09918013291F82606B3F82416FB
:10BB20000A40A3F82226704700207047036843B1FB
:10BB30000022A0F82226A0F820261A681846D2690A
:10BB40001047704710B504460548FEF71BFE054830
:10BB5000FFF7ECFF60680368BDE81040DB69184739
:10BB6000B00E00207C22002070B50A4C25780A4CCB
:10BB7000142606FB054494F84F40012C03D0022CF8
:10BB800005D00CB1FEE71946416011B9FEE7114638
:10BB9000FAE770BD2C03002088030020F8B572B6C8
:10BBA000F7F73AF8F7F70CFDF7F70CF8F6F7FAFFA6
:10BBB000F9F716FA2D4B2E4C18682E4E03685B6869
:10BBC00098472D4B186803685B6898472B4B18689B
:10BBD00003685B6898470025F8F76CFA0223237323
:10BBE000C4E90455A560F7F77DF9254B1D70F6F7FC
:10BBF0005BFF244B10225A61F6F79AFF4027224838
:10BC0000F7F726F841F28830B762F7F721F84CF2DF
:10BC10005030B761F7F71CF82046F6F771FF294658
:10BC200020461A4C01F068FF4FF47A70F7F710F8CD
:10BC300094F8582094F857101548FBF76BF894F8CF
:10BC400058101448FCF7F6FB94F859401248214666
:10BC5000F5F73AFE3CB1114B114A1A60114B124AEA
:10BC60001A60FAF717FD62B6F8BD00BF6831002010
:10BC70001C320020000400486C3100201C0700200A
:10BC80006C02002000040140E09304002C0300201B
:10BC90007817002030070020340E002070020020AA
:10BCA0001D1D0008740200206D260008184B10228C
:10BCB00073B55A611748184C4FF6FF7102F05CF8E3
:10BCC000206023689B0712D5144E35798DB1114839
:10BCD00008236A46002101F0E0FED6E90602DDE90C
:10BCE00000139A4208BF884201D00023236002B0AB
:10BCF00070BD02236A460748294601F0CEFE084B74
:10BD0000DA8BBDF800309A4218BF2560EFE700BF1C
:10BD1000000401401C320020980E00205006002034
:10BD20002C030020044A00231370044A1380044AA1
:10BD30001370044A13707047A60E0020A80E00204E
:10BD400080320020F00B0020024B1878B0FA80F00F
:10BD500040097047A60E00200D4A11780346A9B984
:10BD600010700C4A012010700B4A032B118009D06F
:10BD7000042B01D083420AD1084B002283F8A02073
:10BD8000012070474FF4FA7313807047002070470A
:10BD9000A60E002080320020A80E002044050020BE
:10BDA000034A00231370034A1380034A1370704739
:10BDB000A60E0020A80E0020803200200A4A08B5F6
:10BDC000138883B1013B9BB2138063B9074B1B7887
:10BDD000032B02BF064B01221A70FFF7E1FF054B50
:10BDE000002283F8FA2A08BDA80E0020A60E002023
:10BDF000F00B00207817002013B5C379212B12D146
:10BE00000A4CF8F7BFFDFFF7CBFF94F8FA3A032B83
:10BE100006D10DF1070120468DF80730FBF786F9B2
:10BE2000002384F8FA3A02B010BD00BF7817002052
:10BE300010B50D4B1B78013B032B14D8DFE803F042
:10BE400002090D072023BDE81040F8F78BBD24231D
:10BE5000F9E7BDE81040F8F7E1BD2323F8F782FDCC
:10BE6000024B00221A7010BDA60E00208032002066
:10BE7000034B01221A7000225A711A71704700BFD9
:10BE800025300020054A064B12791B7F1AB105495F
:10BE90005B22F9F7C5B804495B22FAE75006002097
:10BEA0002C03002081320020DC32002038B5114BF9
:10BEB0001A79054632B1014600221846BDE83840DD
:10BEC000F9F706B90C4A0D495B23F9F79FF87DB9DC
:10BED0000A48F8F737FC0128044607D0002808492B
:10BEE000284614BF01240224F9F7B8F8204638BDCB
:10BEF0000148EEE7500600200A310020AF30002054
:10BF000070310020024B1878831E58425841704708
:10BF100029070020044B1B78022B06BF034B93F824
:10BF2000A0000020704700BF290700204405002022
:10BF300038B5184B1A78184B0546142000FB02330D
:10BF400093F85540012C22D12A88930606D522F079
:10BF500020022A80052301200B7038BD12F0400317
:10BF600016D0FFF7D7FF20B1FFF7EEFE08B9002388
:10BF7000F1E7686830B1094B1B681B1A312BF6D901
:10BF800000236B6022F040022A800623E3E70023AF
:10BF90001846E1E72C03002088030020884B00208E
:10BFA00013B50DF107010446FFF7C2FF18B19DF864
:10BFB000070002B010BD2080FBE700002DE9F04132
:10BFC00006460C461546FFF7A5FF70B1184B93F8CF
:10BFD0002D30581E012819D8164BB3F85861B3F804
:10BFE0005671002291B28D4201D8BDE8F081B3F8BC
:10BFF0005401411C3140B9421FBFC01814F802C09F
:10C0000080F85AC1A3F854110132EBE7032B09D190
:10C01000094E0D44AC42E8D014F8011B3046FFF73E
:10C0200059FDF7E770680368BDE8F0411B691847E0
:10C0300088030020B00E00207C220020F8B52B4B96
:10C040002B4D1F79CB78C3F3800385F895308B791E
:10C05000C3F3000385F896300B79064603F003031B
:10C06000C8785B0143EAD0000C46F4F7FFFE85F880
:10C0700092006379227903F001039B0143EA920362
:10C0800085F893306379C3F3460385F89430E378F9
:10C09000A17803F001039B00052243EA91130320DA
:10C0A00012FB03030722B3FBF2F3124A1370DEB153
:10C0B000D7B101F03001202904D12046BDE8F84075
:10C0C000FFF79ABEA2790C48E11D5208FFF776FFF0
:10C0D000A17905F164004908F5F748FA05F13C003B
:10C0E000BDE8F840F5F73CBAF8BD00BF25300020A8
:10C0F00070310020653100203832002073B50546CC
:10C1000090B9204B204E1B78204A1479002C36D150
:10C1100073B91F4A1F49127801921A4A1278009285
:10C120000D201A46F9F704F8194B1B4E1B78EBE764
:10C13000022B1A480ED1B17801F00701F9F76AF81D
:10C140004379ABB931460120FFF778FF1448F4F783
:10C1500002FE05E001229342027044710471F1D1A4
:10C160000F4880F8905002B0BDE87040F4F7F1BD80
:10C170000C4B1C745C825C610B4B1C71E2E702B0DF
:10C1800070BD00BFA20E0020AF300020500600207E
:10C19000A30E00209C2801080A3100202530002031
:10C1A00070310020B00E00207C22002010B5024625
:10C1B000FFF7B0FEB8B10C4B93F82D30591E012992
:10C1C00004D8BDE810400948FEF7B8BA032B04D1E3
:10C1D000BDE810400648FFF782BC50680368BDE820
:10C1E00010405B69184710BD88030020B00E002086
:10C1F0007C22002010B50246FFF78CFEB8B10C4B34
:10C2000093F82D30591E012904D8BDE81040094883
:10C21000FEF7A3BA032B04D1BDE810400648FFF790
:10C2200070BC50680368BDE810409B69184710BD9A
:10C2300088030020B00E00207C2200202DE9F04F62
:10C24000DFF8308198F8004097B081460E461746D7
:10C25000002C48D13C4B1B78022B40D1DFF800B1B9
:10C260000DF1180A25465846ECB2FFF79FFF40B182
:10C270005846FFF7BFFF0135402D0AF8010BF2D1F8
:10C280002C4632482146F5F771F93148F5F768F93F
:10C2900030488DF8129090F8A4308DF80C302E4B69
:10C2A00080F89190DB788DF80D3090F890308DF813
:10C2B0001130F4F775FD8DF80E00F8F70BFC274DE3
:10C2C0008DF8130010F0010F0CBF33463B468DF87C
:10C2D000143095F8563043B9B74206D0FEE72048EF
:10C2E000FFF730FCD4E70024D2E71A48F4F76AFDE0
:10C2F0001C4B8DF8100019780222072313FB012331
:10C300000522B3FBF2F32A788DF81530164B142171
:10C3100001FB023393F85A305A1E534253418DF8B1
:10C32000163098F800304BB9104A1148009406AB0B
:10C3300003A9F8F7FBF917B0BDE8F08F0B4A0C48DA
:10C3400003A9FFF775FDF6E729070020C03100209B
:10C350009831002070310020253000202C0300206F
:10C360003832002052300020880300202C3000207A
:10C37000DC3200208032002030B4084C257925B111
:10C380000146204630BCF8F79BBC054C94F8A4301D
:10C39000013384F8A43030BCFFF750BF50060020B2
:10C3A0007031002008B50246FFF7B4FD18B9A2F8B5
:10C3B0002206A2F82006054B93F82D30032B04D15A
:10C3C000BDE808401046FFF705BB08BD8803002004
:10C3D00070B500239CB2A24200D870BD0588868843
:10C3E0006C1C34404688A6421EBF2D18CE5CAE7130
:10C3F00003F1010318BF0480ECE708B56830FFF7CC
:10C40000E7FF08BDA0F11400F7E7000038B50A4BBC
:10C4100093F82D3000F5EF65022B0446284608D12D
:10C42000FDF716FA0246294604F24A40FFF7D0FF0C
:10C4300038BDF5F756FDF5E788030020F0B587B065
:10C440000446102201A8F4F72FFF204B94F8A8C847
:10C4500093F8352084F85EC64FF0FF33333284F80A
:10C460005C3684F85D36012384F85F3604F5CA67CC
:10C47000D2B201AB04F5CC660DF1140E1D4603CD0E
:10C480007545306071602B4606F10806F6D184F8D8
:10C4900055264423D4F8582684F85636142363F3DB
:10C4A0001702C4F858264DF2016284F871C7A4F847
:10C4B000722784F8743704F5A4713846F6F77AF8D1
:10C4C00039462046FFF7A2FF07B0F0BD88030020E1
:10C4D0002DE9FF410446B0F84C14B0F84A04F5F7D2
:10C4E000E3FFE3684BBBDD2808D804F5F37604F5D9
:10C4F000ED75A06803685B69984710B904B0BDE8A2
:10C50000F081A06803689B6998472A460346314634
:10C510006846F5F735FE0028EBD09DF80030022B79
:10C52000ECD104F5CA65324669462846F5F7A0FD08
:10C5300029462046FFF76AFF94E0DD28DED84D4DFE
:10C540002B780133DBB2012B2B700FD900232B701A
:10C55000A06803685B69984750B901232B70E068B5
:10C5600003685B69984730B9287004E0002BEFD06E
:10C570002B78012BF3D004F5F37604F5ED772B78C7
:10C58000002B36D1A06803685B69984788B3A06820
:10C5900003689B6998473A46034631466846F5F773
:10C5A000EFFD0028EBD0DFF8D08069460120F5F7D9
:10C5B000A7FF98F8023033B1E068BDF802200368A5
:10C5C00031461B6998479DF80030022B11D104F5C4
:10C5D000CA67324669463846F5F74AFD98F8003092
:10C5E0001BB139462046FFF711FF39462046FEF7BA
:10C5F000D5FA04F21E3604F212372B78012B7FF4A1
:10C600007DAFE06803685B69984700283FF476AF28
:10C61000E06803689B6998473A4603463146684696
:10C62000F5F7AEFD0028E8D0134F69460220F5F774
:10C6300067FF7B7833B1A068BDF8022003683146FC
:10C640001B6998479DF80030022B7FF457AF04F523
:10C65000CA65324669462846F5F70AFD3B78002B45
:10C660007FF466AF2946204604B0BDE8F041FEF7EE
:10C6700095BA00BF4C0600200D060020264B70B571
:10C680001E680446FFF746FC58B9C4F8A468A4F82D
:10C690005601A4F85401A4F84C04A4F84A0484F800
:10C6A000B8081E4D95F82D30013B012B33D820469C
:10C6B000FEF79CFD2046FFF70BFF194B1B78142259
:10C6C00002FB035595F8525095B1D4F8A438F31AEB
:10C6D000B3F57A7F0FD3C4F8A468012504F6A80047
:10C6E000FEF7B0FC4DB12046BDE87040FEF760B8E3
:10C6F000C4F8A468F2E70025F0E794F8B4382BB149
:10C70000084984F8B4582046FFF798FE2046BDE853
:10C710007040FEF763BB70BD884B0020880300208B
:10C720002C0300208E2801082DE9F04F534E33785A
:10C73000012B87B000F253810BB9F6F7A1F9DFF8AE
:10C740006C814F4DDFF86891FFF728FAD8F80000A8
:10C75000696C03689B689847D9F80000696C0368A6
:10C760009B689847474B00221A809A704FF090437D
:10C7700001229A6207244CF25030013CF6F73FFA4E
:10C78000F6F766FA14F0FF04F5D13F4B3F489C7072
:10C790001C8001F021FB013880B24FF6FD739842F6
:10C7A00003D93B490120F8F7BBFC3A4B3A491C60DE
:10C7B0003A4B36481C60F7F721FE3948F8F7A6F9DE
:10C7C00095F820C0BCF1200F00D9FEE795F828208D
:10C7D000344F696AB5F82CB095F829E095F82A30FD
:10C7E000BA71052A00D9FEE72F4850F832A0BAF1F5
:10C7F000000F00D1FEE7C7F808A000EBC20A87F8D7
:10C80000D5209AF804009AF805A0F87187F80CA0D2
:10C81000A7F80EB087F8D440BBF1000F00D1FEE7B7
:10C82000844524BF00F1FF305FFA80FC1D48052AD3
:10C8300080F811C000F00F81012A00F215810EF17D
:10C84000FF32D2B200F0FD80022A33D85A1ED2B293
:10C85000032A0BD8BCF10C0F01D90C224274427C84
:10C86000624501D980F811C0744626E0BCF1120F70
:10C8700084BF122343740023F1E700BF513000202E
:10C880002C0300209E0E0020600E00201C32002091
:10C89000AE280108940E002030030020980E0020DE
:10C8A00050060020000C0020D03201086831002022
:10C8B0006C310020052B28BF002375482246F4F771
:10C8C000A0FD00242A783C74724F734B4FF0140B78
:10C8D0000BFB02724FF0FF0A92F85A2083F800A077
:10C8E000501E424283F801A06C4B42411A7005224F
:10C8F0009A706422DA705C701C71694B64481C7019
:10C90000F7F78AFD0146674801F01BF9664B1C806A
:10C91000664B1C70664B1C70664B1C80664B1C8003
:10C92000664B1C70664B1C80664B1C70664B1C7003
:10C93000664B1C70664B1C70664B01201C70FFF729
:10C94000F1F9FFF709FAB5F84830B5F84A2095F83B
:10C9500040106148F4F7BEF9B5F848105F48F4F7A5
:10C96000DDFC5F48F8F72CFC2B785E480BFB037767
:10C9700097F84E10F4F7B0FFD9F800305A4AD8F8BB
:10C9800000105A48FEF7CEFAD9F80020D8F8001067
:10C9900057480391FEF7FAFF13460399524A554848
:10C9A000FFF7E2F8544BB5F8482019685348F8F7F8
:10C9B000E7FE3C48F7F713FD5148F4F721FF5148D3
:10C9C000F4F7ECFD5048F4F749FF504B1C70504B06
:10C9D0001C80504B1C80F6F7BBFD86F800A0F6F7D4
:10C9E000C1FD334D002800F0B980354A13880BB1E2
:10C9F000013B13802C4A138813B9474BB3F84830D6
:10CA0000013B9BB2012B138031D1284A1370FFF7F1
:10CA1000D5F92B78002B40F0A180284B3F4A19789C
:10CA2000138802292CD17BB3013B9BB213809278EF
:10CA3000002A77D0002B7ED1F6F7D5F8F6F7DFF88D
:10CA400079E0022A05D8BCF10C0F01D90C234374FC
:10CA50007446002331E70EF1FF33022BF9D8BCF105
:10CA6000080FF5D90823F2E7F4F772FC29E7002B49
:10CA7000CDD101232B702A4B5A6A0E4B1A80C6E780
:10CA8000002BD1D1C723D1E740F2F313CEE700BF8B
:10CA9000000C00208803002052300020F80B0020FA
:10CAA000653100201C320020383300209C0E00200D
:10CAB000F10B002022300020A40E002029070020C6
:10CAC0002C0700202A07002028070020A30E0020A2
:10CAD000A20E0020AA0E0020703100206C3200202F
:10CAE00025300020340E00208C170020B00E0020CE
:10CAF0007C220020383200201C0700208C060020F9
:10CB0000584B0020403200202007002050300020E9
:10CB10007C3200207E3200202C0300209E0E00205C
:10CB20000004004002294FF0904067D10BB9F6F79E
:10CB30005AF8012383626D4C2388002B63D140F2A5
:10CB4000E73323806A48F8F757F86A48F7F747FC55
:10CB500023881BB968496948F5F789FDDFF8EC813E
:10CB6000674CB8F80030022B64D0042B00F08C80A6
:10CB7000012B10D1634B1A7C597C0132D2B2914205
:10CB800098BF00221A74604B1146187AFFF7F4FB25
:10CB90000223A8F800302368002B00F0DE80B8F8EC
:10CBA0000030032B40F087802368D9070FD5574A00
:10CBB00000232360137843F001011170544A92F866
:10CBC00056200AB19A0702D50423A8F8003023683A
:10CBD000002B00F0C280236823684E484E4913F0B2
:10CBE000020F74D00378226801930B78009398F8B1
:10CBF00000304A4992B20120F8F79AFA0222826282
:10CC0000002B98D11AE7013B9BB22380002B99D1CE
:10CC10003F4B1A78424B142101FB023393F85330F7
:10CC2000022B8FD13F4B1B78002B8BD03E48F4F763
:10CC3000DCF887E73D4B3E4A5B6A12889B1A9BB241
:10CC400040F2ED229342A6D93A4B3B4800271F7091
:10CC5000F8F78CF92B48F7F7DFFB0146254800F081
:10CC600070FF294B187AFFF70DF90323A8F800305D
:10CC7000264B32481F70324B1F60324B2760012217
:10CC80001A71F4F7C1FD86E71A484FF6FF71F5F700
:10CC900047FF00F0ECFF1748002101F01CF81D4A87
:10CCA0000523A8F80030002313701B4A1370244A90
:10CCB000136023606FE7052B89D123689B0786D516
:10CCC00000202060FFF7F2F8134B18707FE723680D
:10CCD00013F001033CD00378226801930B78009392
:10CCE00098F80030184992B2022085E77C32002083
:10CCF000500600201C320020F21D010828000020F0
:10CD0000980E0020000C00206C320020AA0E00209B
:10CD10002C030020A30E0020A20E0020B82801083A
:10CD20008803002028070020703100200004004004
:10CD3000223000209C0E002052300020584B002052
:10CD4000940E002030070020C9280108A40E0020FE
:10CD50002360A8F8003003700B702B78002B00F0D4
:10CD60006181DFF8B8929A4800242C70F7F7DCFA5A
:10CD700099F800B0BBF1000F00F0A6802046FFF745
:10CD8000BDF9944B944D954F1C722B7C87F8A730BE
:10CD900099F80030924C012B94BF0023012387F8AF
:10CDA000A530904B1B78012B94BF00230123BBF1CE
:10CDB000010F87F8A63023780BD9DFF838B2002BA3
:10CDC00000F08580012B00F08780874BBBF84C205A
:10CDD0001A802378022B03D1834B1B8803B923705D
:10CDE0002278804900230120022AA8F8000089F84F
:10CDF00000300B7006D07D490B701AB9FEF7D0FFDA
:10CE0000FEF7AAFF7A4A138813B97A4BB3F84A306F
:10CE1000013B9BB2138043BB7048F3F7F4FF2378C8
:10CE2000022B22D16D4897F99280F3F7DEFF8146FD
:10CE30006748F7F7BDFA704B1A78B2B11A790AB1A0
:10CE4000013A1A71DA786D4F072101FB0291043122
:10CE5000A2EB0902C908132AD97002DCB9F1320F1A
:10CE600067D89A787A700A221A715C48644FF3F78F
:10CE70006FFF2378022B0CBF4FF001084FF0000822
:10CE80000ED05648F3F70CFF3B784BB15A4B1A784B
:10CE900032B15A4A997851706422DA7000221A71BC
:10CEA000584B87F8008093F80080B8F1000F6DD0E0
:10CEB0004FF09043012402229C619A61F7F7DEF85B
:10CEC000347007B0BDE8F08FFEF7D2FF59E70122BA
:10CED00022704D4A137078E74B4ADFF844A113786B
:10CEE0009AF800000133DBB21370E8B99BF85010D8
:10CEF00099423FF66AAF454991F8A03043B9444B97
:10CF00001B792BB990B1FEF74BFF012381F8A030BC
:10CF10009AF8003013B93148F3F716FF0223237053
:10CF200001238AF8003050E70521E1E739490C2058
:10CF300039E480B200F10F0C0FFA8CFCE0453A782E
:10CF40000CDA93F802C0944508D9501C7870542923
:10CF50004FF00A00187188D8013283E7153000B20B
:10CF600080450BDD5E2909D959789142BFF47DAF28
:10CF7000197900297FF479AF013A73E754293FF614
:10CF800074AF997891427FF670AFE5E72048F7F7E4
:10CF90005DFEF7F787FE0128074604D0032890D1ED
:10CFA000012333708DE71A48F7F7F0FD41F288331B
:10CFB000A5F8D6304FF09043022285F8D470A5F83A
:10CFC000D8809A619F62144B84F800809F7078E744
:10CFD0001C3200206C320020000C00207031002038
:10CFE00029070020A30E00202C0700202530002058
:10CFF0007E3200202C030020F80B0020523000204D
:10D0000047060020F00B00202A07002044050020DE
:10D0100050060020DA2801089E0E0020A20E0020F3
:10D0200028070020844D854C95F85730EBB1844992
:10D030008448F9F7ABFE68B12A78834B142101FBD1
:10D040000233012293F84C30032B04BF01232370D9
:10D050007C4B1A717B480DF11301F9F7B0FE20B13A
:10D060009DF81330F3B1012B1FD095F8573023B939
:10D0700095F85830002B00F0F78072480DF113013D
:10D08000F9F7C2FE50B39DF81330033B0F2B25D8A0
:10D09000DFE803F01624242424242448244C62725C
:10D0A000777D797BFEF70CF9DFE7664805A9F9F78C
:10D0B000D9FE0028D9D09DF81400FAF76BF9D4E70F
:10D0C000F6F7ECFF614B1B78022B4FF0030722D1E0
:10D0D0000420FEF741FE5B4B83F8FA7A95F858304E
:10D0E000002B00F0C18056495948FBF7EFF908B111
:10D0F00001232370B5F84820554804A9FBF708FA26
:10D1000000284ED09DF81030052B4AD8DFE803F0F8
:10D11000465D6165698F4B488DF8147005A9FAF773
:10D1200005F8DBE74B49A1F13300F8E7454F05A9C6
:10D1300007F13300FAF710F90028CFD09DF814302A
:10D14000002BCBD0414B18780228C7D1FEF704FE44
:10D150000C2387F8FA3AC1E73C4B1B78022B07D126
:10D160000320FEF7F9FD374B0D2283F8FA2AB5E7C5
:10D17000394B01221A70B1E701213848F4F72CFA33
:10D18000ACE70221F9E70321F7E70821F5E72D4B8A
:10D19000334893F83310F4F765FB9FE72C48FCF70E
:10D1A000B9F82B4F0DF111013846FBF7E7F90028CC
:10D1B0005AD09DF81130022B54D8002B00F0A880D3
:10D1C00026480121F4F70AFA4EE02148FCF7EAF874
:10D1D000E7E71F48FCF71EF9E3E71D48FCF784F971
:10D1E000DFE718480DF11201F9F73CFE18B19DF880
:10D1F0001200FAF7CFF813480DF1130205A9F9F759
:10D2000073FD30B19DF8132005991148FBF70AFA18
:10D21000C7E7FEF77FFE0028C3D00B4B93F82D30F5
:10D22000013B022BBDD80A48FBF704FCB9E70848CC
:10D23000FCF71EF9B5E700BF2C030020503000209A
:10D240002C300020781700208803002029070020B8
:10D2500030070020AB170020F00B002040320020E8
:10D2600020070020032B59D095F8593023B1554998
:10D270005548F4F769FC08B923780BB300232370F1
:10D28000524C2B784F495248142707FB034393F81D
:10D290004D20F3F7FBFC2B7807FB034797F85A2048
:10D2A000012A02D14B4A127852B9142202FB0344DC
:10D2B000444994F84A3094F856204748F7F776FEE8
:10D2C000464B1B78002B7FF4FCADB8F80030022BE6
:10D2D0003FF4F7AD4248FFF7D1F94248FFF762F853
:10D2E0004148F4F79EFA4148F4F75EF910B93C481A
:10D2F000FEF756FE431E102B5FD8DFE803F03E45D5
:10D300004C5E182C365E5E4E5E5E5A5E565E560071
:10D3100097F869103648F4F7A5FAA5E7BA7D3548BD
:10D32000023AD2B207F11801F9F7C9FC9CE7324B77
:10D330001878022805D1FEF70FFD2E4BFF2283F847
:10D34000FA2A2B48F4F7A2FA00283FF4BAAD2B4B87
:10D3500001221A70B5E5284B1B78022B01D103205E
:10D36000E9E7264B01221A70EBE7F6F797FE224B0E
:10D370001B78022BE5D10420DDE7214B1A79002A26
:10D38000DFD101225A71DCE71D4B1A79002AD8D06F
:10D3900001229A71D5E7F5F70BFB1448F4F725F94C
:10D3A000C1B21348F4F75EFACBE71048F4F71FF95F
:10D3B000C7E70E48F4F719F9C3E704283FF4F0ADC6
:10D3C000BFE700BF2C300020340E0020880300206F
:10D3D0008406002028070020523000209C0E0020E8
:10D3E000B00E00207C220020584B0020403200204C
:10D3F000200700207817002029070020F00B0020CC
:10D400005006002008B5FFF78FF9FCE7524B534A4E
:10D41000534870B51A60534B534A1A605A619A6266
:10D42000DA63524A1A655A66514A9A67514A524B10
:10D4300002F10801283200245A6140F2FF12C3E9C8
:10D440001A427F254D4A1960C3F87022C3F86C4216
:10D45000C3F8744AC3F8785A494B0360212380F813
:10D460000C3100F1DC03C0F81031102380F81431C6
:10D4700000F1C403C0F81C310F2380F820311E23B3
:10D4800080F8243100F1F403C0F82831062380F835
:10D490002C31072380F8303100F1FA03C0F8343121
:10D4A00000F1FC0302220921C0F84031032380F877
:10D4B000182180F8382180F83C1180F8443180F838
:10D4C00050210D2280F8542100F20112C0F8582199
:10D4D0000A26112280F8486180F8602100F1FF06D9
:10D4E00000F58272C0F84C6180F85C31C0F86421AC
:10D4F00080F87831082200F1D30300F1EC0680F8BF
:10D50000682180F86C2180F87421C0F87C3180F8A3
:10D510008011C0F8706100F5EA70FAF733FE194B1C
:10D52000194A1A6019482146F3F760FB184B194A4B
:10D53000C3F84C24C3E95545A3F84A44164B40F2BE
:10D54000FF32C3F82426C3F82046144B144A1A604D
:10D55000144B154A1A6070BD1C320020F8280108CF
:10D560003007002070310020541F01083C1F0108C3
:10D57000481F0108DC520108781700200000FF074F
:10D58000D4520108340E0020E0290108840600204E
:10D59000B00E00200000FF017C2200203832002065
:10D5A00090520108584B0020C052010810B5302499
:10D5B000632807D80C703021092808D83030117042
:10D5C000187010BD01346438E4B2C0B2F0E7013124
:10D5D0000A38C9B2C0B2EFE730B5302442F20F7555
:10D5E000A84212D80C703021B0F57A7F14D2117095
:10D5F0003022632816D81A703023092817D8039AC6
:10D600001370049B3030187030BDA0F51C500134ED
:10D610001038E4B280B2E3E70131A0F57A70C9B204
:10D6200080B2E1E701326438D2B280B2E1E701337F
:10D630000A38DBB280B2E0E770B5324D324E3024AA
:10D64000A84232D80C70314D314C3021A04230D834
:10D6500011703049302288422FD21A702E4A30235E
:10D6600090422ED8049A13702C4A302390422FD81F
:10D67000059A1370302342F20F7290422ED8069A08
:10D6800013703023B0F57A7F2ED2079A13703023AF
:10D6900063282ED8089A1370302309282DD8099AA8
:10D6A00013700A9B3030187070BD0134E4B23044FE
:10D6B000C6E70131C9B22844C8E70132D2B2401AE4
:10D6C000C9E70133A0F57420DBB2A0F51070C7E7FD
:10D6D0000133A0F5C330DBB2A038C7E70133A0F5B2
:10D6E0001C50DBB21038C8E70133DBB2A0F57A700A
:10D6F000C8E70133DBB26438CAE70133DBB20A386A
:10D70000CBE700BFFFC99A3B003665C4001F0AFA89
:10D71000FFE0F505809698003F420F009F860100CC
:10D7200010B58B1C0C464A1CFFF740FF0023E3702A
:10D7300010BD002810B50C460FDA10F1800F0FD085
:10D740004042C0B22D222346611C03F8032BA21CC9
:10D75000FFF72CFF0023237110BDC0B22022F2E797
:10D760002D228020EFE713B50B1D0193CB1C0093F6
:10D770004A1C8B1C0C46FFF72FFF0023637102B07D
:10D7800010BD10B588B001F10903069301F108033B
:10D790000593CB1D04938B1D03934B1D02930B1D0F
:10D7A0000193CB1C00934A1C8B1C0C46FFF744FFD3
:10D7B0000023A37208B010BD0A2230B5012314461D
:10D7C000824207D95A1E12B20A24150406D5002235
:10D7D000CA5430BD01339BB26243F1E7B0FBF4F5AC
:10D7E00004FB1500303088542846013AEDE7031E4B
:10D7F00010B50C4603DBBDE81040FFF7DDBF584213
:10D800000131FFF7D9FF2D23237010BD03099F2895
:10D8100000F00F0094BF3033373309280B7094BFEA
:10D8200030303730002348708B70704713B5024694
:10D830000C46C0B201A9FFF7E9FF2146100AFFF725
:10D84000E5FF9DF80430A3709DF80530E3709DF866
:10D850000630237102B010BD10B5034C2146FFF70E
:10D860005FFF204610BD00BF644B002010B5034C85
:10D870002146FFF75EFF204610BD00BF644B00202D
:10D8800010B5034C2146FFF76EFF204610BD00BFC8
:10D89000644B002010B5034C2146FFF772FF204671
:10D8A00010BD00BF644B002010B5034C2146FFF7AC
:10D8B000BDFF204610BD00BF644B002013B50368B8
:10D8C0008DF807109C680DF107010123A04702B0F5
:10D8D00010BD07B503688DF807101B6901220DF113
:10D8E0000701984703B05DF804FB73B51D46036854
:10D8F000019104465B6916469847236820461B68D9
:10D9000098470199221D2046FFF7D8FF2DB12368C3
:10D910002A461B69314620469847236820465B68A3
:10D92000984723689B690C21204602B0BDE87040EF
:10D93000184773B51E460368019104465B69154696
:10D940009847236820461B689847221D0199204666
:10D95000FFF7B4FF20460021FFF7BBFF23682046F6
:10D96000DB6832462946984723685B68204602B048
:10D97000BDE8704018472DE9F0411F460368044692
:10D980005B690D4616469847236820461B689847F2
:10D99000221D20460D21FFF791FF290A2046FFF79F
:10D9A00098FFE9B22046FFF794FF236831463A46D4
:10D9B00020461B699847236820465B689847236880
:10D9C00020469B69BDE8F0410C21184707B50123AB
:10D9D0008DF807200DF10702FFF7CDFF03B05DF8CA
:10D9E00004FB2DE9F0411F46036804465B690D46C0
:10D9F00016469847236820461B689847221D2046F4
:10DA00001D21FFF75BFF290A2046FFF762FFE9B2FD
:10DA10002046FFF75EFF20460021FFF75AFF2368EC
:10DA20002046DB683A4631469847236820465B68C3
:10DA3000BDE8F041184707B501230DF10702FFF7D4
:10DA4000D0FF9DF8070003B05DF804FB2DE9F0411D
:10DA50001E46036804465B690F46154698472368CF
:10DA600020461B689847221D20460E21FFF726FFFF
:10DA700039462046FFF72DFF2368294632462046C7
:10DA80001B699847236820465B68984723682046AF
:10DA90009B69BDE8F0410C2118472DE9F0411E4675
:10DAA000036804465B690F4615469847236820467D
:10DAB0001B689847221D20461E21FFF7FFFE3946AE
:10DAC0002046FFF706FF20460021FFF702FF2368EC
:10DAD0002046DB68324629469847236820465B6823
:10DAE000BDE8F041184710B5002304461A46C0218E
:10DAF000FFF7FBFE207910BD37B504460D468DF8C3
:10DB00000710012380210DF10702FFF7EEFE2368C5
:10DB1000012D9B690CBF322140F2DC51204603B03D
:10DB2000BDE83040184737B501230C468DF8071083
:10DB30000DF107028A210546FFF7D7FEAC7103B04D
:10DB400030BD07B5042309BA01910DEB030286210C
:10DB5000FFF7CBFE03B05DF804FB07B502238DF899
:10DB600004108DF805208F2101AAFFF7BEFE03B037
:10DB70005DF804FB37B58DF8063000238DF80730CB
:10DB80000423044615468DF804108DF805208B21DA
:10DB90000DEB0302FFF7A9FE40F689012046FFF7CF
:10DBA0004AFF062D16BF40F0040200F0FB02D2B27D
:10DBB00040F6890120468DF80420FFF707FF03B0E7
:10DBC00030BD73B515468DF8033000229DF818302E
:10DBD0009DF81C608DF8002004468DF801108DF82A
:10DBE00004308C2106236A468DF802508DF80560BA
:10DBF000FFF77BFE40F236712046FFF71CFF5EB157
:10DC000000F0FB0240F2367120468DF80020FFF74D
:10DC1000DDFE657102B070BD40F00403DAB2F1E7D9
:10DC200007B55BBAADF80430BDF810305BBAADF89B
:10DC3000063049BA082352BAADF80010ADF80220F8
:10DC400019466A46FFF751FE03B05DF804FB07B5BD
:10DC5000022301AA1221FFF76CFE9DF804309DF803
:10DC6000050000EB032080B203B05DF804FB07B5AC
:10DC7000022349BAADF8041001AA1946FFF735FE90
:10DC800003B05DF804FB07B502238DF804108DF88E
:10DC900005208E2101AAFFF728FE03B05DF804FBE2
:10DCA00013B56FF07F43994228BF19460B0C044609
:10DCB0008DF804300B0A8DF805308DF8061001AA96
:10DCC00003238321FFF711FE236864219B6920460B
:10DCD000984702B010BD13B56FF07F43994228BF3B
:10DCE00019460B0C04468DF804300B0A8DF80530EC
:10DCF0008DF8061001AA03238221FFF7F6FD2368A1
:10DD000064219B692046984702B010BD37B50323B4
:10DD10000D461446142101AAFFF70BFE9DF80430AE
:10DD20005B085B422B809DF90530002BB8BF0333A5
:10DD30009B10237003B030BD10B543680D4A23F02B
:10DD40007F4323F0FF039342044611D1002240F6A3
:10DD50000211FFF73BFE40F644112046FFF76BFE31
:10DD600040F00200C2B240F644112046FFF72EFEFA
:10DD700010BD00BF0001010037B505460191FFF756
:10DD800066FF019904462846FFF771FFA30702D5F5
:10DD90002846FFF7D1FF204603B030BD07B5002964
:10DDA00014BF402320238DF807300DF10702012313
:10DDB0009321FFF79AFD03B05DF804FB10B5002333
:10DDC00004461A46C121FFF790FD236820469B694F
:10DDD000BDE810404621184708B5FFF784FE80B221
:10DDE00008BD07B50023ADF8043001AA02230721BE
:10DDF000FFF77BFD03B05DF804FB07B5130C8DF84E
:10DE0000053052BA04238DF80410ADF8062097218E
:10DE10000DEB0302FFF769FD03B05DF804FB08B5E5
:10DE20000A4640F6AC01FFF7D1FD08BD10B540F63B
:10DE3000D8010446FFF7FFFD40F01E00C2B240F6D5
:10DE4000D8012046FFF7C2FD10BD08B50A4640F6CE
:10DE5000E701FFF7BBFD08BD07B5054B01930423A0
:10DE60000DEB03029521FFF740FD03B05DF804FBC5
:10DE70000407000107B502238DF804108DF8052072
:10DE8000982101AAFFF731FD03B05DF804FB000003
:10DE900013B504461C48B0FBF1F1080C8DF80000E6
:10DEA000080A8DF8010004988DF803208DF80430DD
:10DEB0008DF80210F2F73EFB11A3D3E90023F2F72D
:10DEC000DDFCF2F7C3FD020C43BA8DF80520ADF876
:10DED00006306A46082320468B21FFF706FD40F6F0
:10DEE00089012046FFF7A7FD40F00402D2B240F6B8
:10DEF000890120468DF80020FFF768FD02B010BDB3
:10DF0000000000008084EE3F0000093D1FB58DF841
:10DF100007309DF818308DF808309DF81C308DF8CA
:10DF200009309DF820308DF80A309DF824308DF8A6
:10DF30000B3049BA9DF82830ADF804108DF8062052
:10DF40008DF80C3001AA09238C21FFF7CEFC05B017
:10DF50005DF804FB07B5002349BAADF80010ADF831
:10DF6000023001936A4608234FF4D861FFF703FD9E
:10DF700003B05DF804FB13B503230C4601AA14217A
:10DF8000FFF7D7FC9DF806305B085B42238002B0A8
:10DF900010BD10B594B03822002106A802F0A6FEEC
:10DFA0001422002101A802F0A1FE002000F002FBD3
:10DFB00001224FF48033CDE90623032402235522A6
:10DFC00006A8CDE90D34CDE91023CDE912330F9326
:10DFD00000F052FB08B172B6FEE70421CDE9030060
:10DFE0000F2305900DEB0100CDE9013400F08AFD0F
:10DFF00008B172B6FEE714B010BD000007B5104AB4
:10E00000136823F48063136000F00AF9FFF7C1FF7F
:10E010000C4BDA6C42F02002DA64DA6C02F0200277
:10E020000192019ADA6C42F00102DA64DB6C03F0CF
:10E0300001030093009B03B05DF804EBFFF7E2B926
:10E0400000200240001002400B4B1A6E42F0010209
:10E050001A661A6E82B002F001020092009A9A6D5E
:10E0600042F080529A659B6D03F080530193019BAF
:10E0700002B000F0F9BA00BF00100240FEE7FEE770
:10E08000FEE7FEE7FEE7704770477047F5F77ABA9C
:10E090000120704708B502F0EBFD162303604FF036
:10E0A000FF3008BD08B502F0E3FD16230360FEE76C
:10E0B00070B50D4614460E46731B9C4201DC20468B
:10E0C00070BDAFF3008006F8010BF5E770B50D46A3
:10E0D00014460E46731B9C4201DC204670BD16F8A8
:10E0E000010BAFF30080F5E74FF0FF3070474FF4BE
:10E0F00000534B600020704701207047002070479C
:10E100000B4A116810B5034609B90A491160106835
:10E1100009490A4C0344091B8B4206D902F0A8FDA9
:10E120000C2303604FF0FF3010BD1360FCE700BF0D
:10E13000844B0020D84C0020008000200004000008
:10E14000034AD2F8883043F47003C2F8883070472D
:10E1500000ED00E00D488546FFF7F2FF0C480D4941
:10E160000D4A002302E0D458C4500433C4188C4232
:10E17000F9D30A4A0A4C002301E013600432A24298
:10E18000FBD302F03FFBFFF739FFFEE700800020E2
:10E19000000000200C0300208C590108100300200F
:10E1A000D84C0020FEE7704710B5094B4FF0FF3206
:10E1B00000249A639C631A641C649A629C62DA620B
:10E1C000DC621A631C63FFF7EEFF204610BD00BF40
:10E1D0000010024038B50F4B1A6805460AB90120F5
:10E1E00038BD4FF47A73B3FBF2F30B4A1068B0FBFF
:10E1F000F3F000F06FF804460028F0D10F2DEED8B0
:10E20000024629464FF0FF3000F032F8034B20461B
:10E210001D60E5E788020020840200208C020020B7
:10E2200010B5032000F012F80F20FFF7D3FF0446CB
:10E2300018B9FFF709FF204610BD0124FBE70000D5
:10E24000014B1868704700BF884B00200749CA6817
:10E2500022F4E0620302120403F4E063120C13439D
:10E2600043F0BF6343F40033CB60704700ED00E040
:10E27000164B30B5DC68C4F30224C4F10703251D36
:10E28000042B28BF0423062D4FF0FF358CBF033C21
:10E29000002405FA03F321EA0303A54022EA05025C
:10E2A000A340002843EA0203ACBF00F16040084AE3
:10E2B0004FEA0313B8BF00F00F00DBB2AABF00F5AE
:10E2C0006140135480F8003330BD00BF00ED00E022
:10E2D00014ED00E00138B0F1807F0BD24FF0E02365
:10E2E000054A5861F02182F8231000200722986126
:10E2F0001A6170470120704700ED00E0094A536938
:10E3000043F4802310B55361EFF3108272B60023FB
:10E31000CC58C4500433B3F5807FF9D182F3108810
:10E3200010BD00BF00200240064B5A69002ABFBF43
:10E33000054A9A6002F188329A60BABF5869C00FE4
:10E34000002070470020024023016745044B5A69B2
:10E3500042F000425A615869C043C00F704700BF85
:10E360000020024070B50646FFF76AFF0F4C0546D5
:10E370002369DB030BD423694CF2FA3213400DD02E
:10E380000B494A681A434A600120236170BDFFF7B8
:10E3900057FF401BB042EBD90320F7E7206910F08C
:10E3A0000100F3D0012222611846EFE7002002406D
:10E3B000900200202DE9F0471D4E99463378012B3D
:10E3C00005460F46904631D04FF0010A4FF47A705F
:10E3D00086F800A0FFF7C6FF0446B8B97060CDB953
:10E3E000144A536943EA0A035361C7F80080BFF334
:10E3F0006F8FC7F8049054464FF47A70FFF7B2FF5E
:10E4000024B10C4A536923EA040353610023337097
:10E41000BDE8F0876B1E012BEED841463846FFF76A
:10E420006DFFAB1E5D425D41AC04E5E70220EFE706
:10E430009002002000200240064B10F0010F1EBF8A
:10E440005A6942F004025A615A6942F480325A61B0
:10E45000704700BF00200240084B5A69C00022F4F8
:10E46000FC7200F4FF60104358615A6942F00202E6
:10E470005A615A6942F480325A6170470020024062
:10E480001548037FDAB203F0FD03012B10D1134BC3
:10E49000196821F400711960196841F4006119606C
:10E4A000196821F400611960196841F4007119605C
:10E4B000931E012B0CD8094B1A6842F480521A6043
:10E4C0001A6822F480521A601A6842F480621A6054
:10E4D00000230377704700BF900200200020024015
:10E4E0002DE9F843314D2B78012B064688465AD04A
:10E4F00001274FF47A702F70FFF734FF044610BBEA
:10E500002B4B68601A6812F4007F1A6820D05105FE
:10E5100006D51A6822F480621A6003232B7700E084
:10E520002F773368012B1DD17068FFF785FF4FF4FB
:10E530007A70FFF717FF1E4A536923F0040304465D
:10E540005361FFF79DFF00232B702046BDE8F88341
:10E55000520505D51A6822F480621A600223DDE7AD
:10E560002877DEE74FF0FF33C8F80030B768DFF8F0
:10E570004090D6E902321344BB42E2D97168384672
:10E58000FFF76AFF4FF47A70FFF7ECFED9F814300A
:10E5900023F4FD73C9F8143018B1C8F800700446AC
:10E5A000CFE70137E5E70224CFE700BF9002002064
:10E5B00000200240294B1A6830BB02F4C062B2F559
:10E5C000806FD3F8802022F48072C3F880201AD1A3
:10E5D0001A6822F4C06242F400721A60204A12687B
:10E5E00032214A431F49B2FBF1F201325969490510
:10E5F00000D522B95B69580503D400207047013A61
:10E60000F4E7032070477047B0F5007F1FD102F494
:10E61000C062B2F5806FD3F8802042F48072C3F8F4
:10E620008020EAD11A6822F4C06242F400721A60B3
:10E630000B4A126832214A430A49B2FBF1F2013215
:10E6400059694905D6D5002AD4D0013AF8E722F411
:10E65000C06242F480621A60CFE700BF00700040E1
:10E660008402002040420F00024A936843F4804332
:10E6700093607047007000402DE9F341044640B3B9
:10E680000368DF0714D423689E075BD423681E0742
:10E6900000F1A48023685D0700F1CB8023689B060E
:10E6A00000F13281E069002840F06081002028E01C
:10E6B000A14DAB68EA6803F00C030C2B0BD102F000
:10E6C0000303032B09D12B689D03DCD56368002B62
:10E6D000D9D1012015E0082BF4E76368B3F5803F3A
:10E6E00012D12B6843F480332B60FFF7A9FD064657
:10E6F0002B689803C7D4FFF7A3FD801B6428F7D9C4
:10E70000032002B0BDE8F081B3F5A02F04D12B683F
:10E7100043F480232B60E4E72A6822F480322A60E5
:10E720002A6822F480222A60002BDED1FFF788FDC0
:10E7300006462B689903A6D5FFF782FD801B642847
:10E74000F7D9DDE77C4DAB68EA6803F00C030C2BCE
:10E7500017D102F00303022B15D12B685A0502D5FD
:10E76000E368002BB5D06B68226923F0FE4343EACF
:10E7700002636B60714B1868FFF72CFD002885D091
:10E78000A7E7042BE8E7E368BBB12B6843F4807389
:10E790002B60FFF755FD06462B685B0507D56B68B8
:10E7A000226923F0FE4343EA02636B606EE7FFF7E2
:10E7B00047FD801B0228EFD9A2E72B6823F4807362
:10E7C0002B60FFF73DFD06462B685F057FF55EAFCA
:10E7D000FFF736FD801B0228F6D991E76369564D95
:10E7E0009BB1D5F8943043F00103C5F89430FFF79E
:10E7F00027FD0646D5F8943098073FF54BAFFFF755
:10E800001FFD801B0228F5D97AE7D5F8943023F054
:10E810000103C5F89430FFF713FD0646D5F8943090
:10E8200099077FF537AFFFF70BFD801B0228F5D95D
:10E8300066E7414DAB6DDA0027D4AB6D43F08053F2
:10E84000AB65AB6D03F080530193019B01273C4EF8
:10E850003368DB051BD5A368012B29D1D5F890308F
:10E8600043F00103C5F89030FFF7EAFC41F2883825
:10E870000646D5F89030990740D5002F3FF40EAFEB
:10E88000AB6D23F08053AB6508E70027DFE7336803
:10E8900043F480733360FFF7D3FC80463368D805B8
:10E8A000D9D4FFF7CDFCA0EB08000228F6D927E762
:10E8B000052B06D1D5F8903043F00403C5F890300D
:10E8C000CCE7D5F8902022F00102C5F89020D5F8C9
:10E8D000902022F00402C5F89020002BC4D1FFF74D
:10E8E000AFFC41F288380646D5F890309A07C4D577
:10E8F000FFF7A6FC801B4045F6D901E7FFF7A0FC17
:10E90000801B4045B5D9FBE6A3690B4DD3B1D5F8C3
:10E91000983043F00103C5F89830FFF791FC0646A4
:10E92000D5F898309F073FF5BDAEFFF789FC801BF7
:10E930000228F5D9E4E600BF001002408C02002056
:10E9400000700040D5F8983023F00103C5F89830E6
:10E95000FFF776FC0646D5F8983098077FF5A2AE0B
:10E96000FFF76EFC801B0228F5D9C9E6484DAB685D
:10E9700003F00C030C2B57D02B68022823F0807374
:10E980002B603AD1FFF75CFC06462B6899012ED428
:10E99000EA68404B1340226A1343A26A43EA022307
:10E9A000E26A43EAC263626A013A43EA0213226BF3
:10E9B0005208013A43EA4253626B5208013A43EA71
:10E9C0004263EB602B6843F080732B60EB6843F08D
:10E9D0008073EB60FFF734FC04462B689A013FF527
:10E9E00065AEFFF72DFC001B0228F6D988E6FFF77D
:10E9F00027FC801B0228C8D982E6EB6823F00303BA
:10EA0000EB60EB6823F0887323F48033EB60FFF74F
:10EA100017FC04462B689B017FF548AEFFF710FCFE
:10EA2000001B0228F6D96BE601283FF46AAEEB68BA
:10EA3000226A03F0030191427FF44BAE616A03F056
:10EA4000F0020139B2EB011F7FF443AEA16A03F477
:10EA5000FE42B2EB012F7FF43CAEE16A03F0784254
:10EA6000B2EBC16F7FF435AE226B520803F4C001E4
:10EA7000013AB1EB425F7FF42CAE626B520803F0B7
:10EA8000C063013AB3EB426F3FF410AE21E600BF22
:10EA9000001002400C809F01174B9A6802F00C0294
:10EAA000042A23D09A6802F00C02082A20D09A681F
:10EAB00002F00C020C2A1DD1D968DA68D868DB682C
:10EAC00001F00301C3F341630329C2F30312C0F34E
:10EAD000062003F101030CBF084909495B0001321C
:10EAE000B1FBF2F25043B0FBF3F0704704487047BB
:10EAF00002487047002070470010024000127A0060
:10EB00000024F4002DE9F8430E46054610B9012013
:10EB1000BDE8F8836D4A136803F00F038B4245D3B9
:10EB2000296811F001084CD12A68910740F1A780AB
:10EB3000674B12F0040F1EBF996841F4E0619960C1
:10EB4000120741BF9A6822F47C5242F4E0629A6054
:10EB50009A68A96822F0F0020A439A605B4C236825
:10EB600003F00F03B34200F293802A68584C12F06E
:10EB7000040F40F0A380130706D5A3682A6923F485
:10EB8000605343EAC203A360FFF786FFA368514ABC
:10EB9000C3F30313D35C03F01F03D8404E4B18603C
:10EBA0004E4B1868BDE8F843FFF714BB136823F019
:10EBB0000F030B431360136803F00F038B42A6D1BE
:10EBC000AEE76F68424C032F236849D19B019ED565
:10EBD000E368E26803F00303032BE3680CBF4048DB
:10EBE0004048C2F30312C3F306230132B0FBF2F232
:10EBF0005343E268C2F3416201325200B3FBF2F3C5
:10EC0000394A93421AD84FF00008A36823F003034F
:10EC10003B43A360FFF714FB41F288390746A36822
:10EC20006A6803F00C03B3EB820F3FF47DAFFFF78C
:10EC300007FBC01B4845F2D9032069E7A36813F01E
:10EC4000F00F04D08807DED5AB68002BDBD1A368BA
:10EC500023F0F00343F08003A3604FF08008D4E773
:10EC6000022F09D113F4003F3FF451AFFFF714FF17
:10EC70001D4B9842C7D9EAE713F4806FF4E7B8F167
:10EC8000800F01BF124A936823F0F003936065E799
:10EC9000236823F00F0333432360FFF7D1FA41F2D7
:10ECA00088380746236803F00F03B3423FF45DAF93
:10ECB000FFF7C6FAC01B4045F4D9BDE7A368E96871
:10ECC00023F4E0630B43A36055E700BF002002403C
:10ECD000001002402C530108840200208C02002006
:10ECE00000127A000024F40000B4C404024AD36A7B
:10ECF0001843D062704700BF00100240B0F1904F3F
:10ED000008B509D10120FFF7F1FF254AD36A23F0A6
:10ED10000103D362002008BD224B984207D1022094
:10ED2000FFF7E4FF1E4AD36A23F00203F1E71E4B0C
:10ED3000984207D10420FFF7D9FF194AD36A23F07C
:10ED40000403E6E7194B984207D10820FFF7CEFFEE
:10ED5000134AD36A23F00803DBE7154B984207D127
:10ED60001020FFF7C3FF0E4AD36A23F01003D0E749
:10ED7000104B984207D12020FFF7B8FF084AD36A0A
:10ED800023F02003C5E70C4B984207D14020FFF742
:10ED9000ADFF034AD36A23F04003BAE70120BAE784
:10EDA000001002400004004800080048000C004821
:10EDB0000010004800140048001800482DE9F04FEA
:10EDC00002460D6895FAA5F44FF0010EB4FA84F4EA
:10EDD00003274FF00F0C6FEA050835FA04F001D154
:10EDE000BDE8F08F0EFA04F32B4067D04868461E4A
:10EDF000012E1ED8966893FAA3F9B9FA89F94FEA59
:10EE0000490907FA09F926EA090993FAA3FA8E686B
:10EE1000BAFA8AFA4FEA4A0A06FA0AF646EA0906EE
:10EE20009660566808EA0609CE686E4349EA060607
:10EE30005660D66893FAA3F9B9FA89F94FEA4909F5
:10EE400007FA09F926EA090993FAA3FA0E69BAFA48
:10EE50008AFA4FEA4A0A06FA0AF646EA0906022838
:10EE6000D66018D1FF2BD1F814A029D8D2F8209061
:10EE700093FAA3F6B6FA86F6B6000CFA06F629EA75
:10EE8000060993FAA3F6B6FA86F6B6000AFA06F66B
:10EE900046EA09061662166893FAA3F9B9FA89F9DF
:10EEA0004FEA490907FA09F926EA090693FAA3F392
:10EEB000B3FA83F35B0098403043106001348CE771
:10EEC000D2F824901E0A96FAA6FBBBFA8BFB4FEAF7
:10EED0008B0B0CFA0BFB29EA0B0996FAA6F6B6FA8D
:10EEE00086F6B6000AFA06FA4AEA09065662D2E738
:10EEF000F8B5046814F0010405460F463ED13A699E
:10EF0000BB68016813437A6913431D4A0A401343DF
:10EF100003604368FA6823F44053134343608368F3
:10EF2000BA6923F44073134383604FF4406000F0E8
:10EF300059F93E6800B37F68F7B1B3B2114A214670
:10EF400032F813202346F1F7F1FD7A080302090293
:10EF500041EA1061981841F100013A462346F1F761
:10EF6000E5FDC0F31300E8602046EB6AB6B223F07B
:10EF70000F031E43EE62F8BD0120F6E70120FAE719
:10EF8000F3E9FFEF44530108024B1868C0F38020F7
:10EF9000704700BF00100240024BD3F89000C0F34E
:10EFA0004000704700100240024B1868C0F34060F8
:10EFB000704700BF00100240044B054A9B68C3F332
:10EFC0000313D35C03F01F03D840704700100240C6
:10EFD0002C530108044B054A9B68C3F30223D35CFE
:10EFE00003F01F03D8407047001002403C53010853
:10EFF000124B9A6802F00C02082A1BD00C2A1BD173
:10F00000DA680F480F4902F00302032A08BF0146DD
:10F01000D868DA68DB68C3F34163C0F30620C2F343
:10F0200003120133484301325B00B0FBF2F0B0FB46
:10F03000F3F07047024870470248704700100240E2
:10F0400000127A000024F400164A08B5136843F44D
:10F0500080731360FFF798FF0028FBD0536823F0FC
:10F06000FE4343F08043536001239360936803F0B1
:10F070000C03042BFAD14FF4807313601360FFF775
:10F0800093FF0028FBD14FF4805140F23B73D160D5
:10F0900090611362D2F8943043F40003C2F89430C4
:10F0A00008BD00BF00100240032810B52DD12D4C23
:10F0B0002D4AD4F8883003F0030343F440339342DD
:10F0C00009D0B3F1031F0CD0013A934210D1BDE82F
:10F0D0001040FFF78DBFFFF757FF002840D10020F9
:10F0E00010BDFFF759FF003818BF0120C003F7E734
:10F0F000FFF77EFFFFF760FFA3681C4AC3F3C2233C
:10F10000D35C03F01F03D840EAE70C2817D1154B56
:10F11000174AD3F8883003F00C0343F4402393429A
:10F12000D9D0B3F10C1FDCD0043A9342CFD0FFF713
:10F130005FFFFFF741FFBDE81040FFF74BBF3028EE
:10F14000CDD1084B0B4AD3F8883003F0300343F499
:10F1500040139342BFD0B3F1301FC2D0103AE4E75E
:10F160000548BDE700100240020003003C530108BF
:10F1700008000C00200030000024F400C02808B56E
:10F1800001D0002008BD144B144AD3F8883003F096
:10F19000C00343F44003934209D0B3F1C01F0CD025
:10F1A000403A934210D1BDE80840FFF721BFFFF776
:10F1B000EBFE0028E5D00A48E4E7FFF7EDFE003853
:10F1C00018BF0120C003DDE7FFF712FFFFF7F4FED1
:10F1D000BDE80840FFF7FEBE001002408000C000FE
:10F1E0000024F40008B5134BD3F888301840B0F56C
:10F1F000006F09D0B0F5406F0DD0B0F5806F11D120
:10F20000BDE80840FFF7F4BEFFF7BEFE0A4B00283A
:10F2100018BF184608BDFFF7BFFE003818BF012011
:10F22000C003F7E7FFF7E4FEFFF7C6FEBDE80840BE
:10F23000FFF7D0BE001002400024F400154B9842A6
:10F240000BD103F560431A6C42F480521A641A6CB5
:10F2500022F480521A64002070470F4B984205D068
:10F2600003F5806398420BD0012070470B4B9A6BDB
:10F2700042F480429A639A6B22F480429A63EAE7EE
:10F28000064B9A6B42F400429A639A6B22F4004256
:10F29000F4E700BF00300140003800400010024099
:10F2A00003685B0670B502462DD4D1E900363343BE
:10F2B000CE68056848690C6A33430E6933438E692A
:10F2C00003433343CE6925F47F45334325F0BF051F
:10F2D00023432B43136053688D6823F4706323F03A
:10F2E000040345EA10401843B5F5006F50603EBF77
:10F2F000536843F480535360B4F5005F01D18B8CA5
:10F300001361002000E00120D36923F40063D3617E
:10F3100070BD00002B4A036890420ED0B0F1804FC0
:10F320000BD0A2F59432904207D002F58062904251
:10F3300003D002F59632904215D14A6823F070034B
:10F340001343204A904219D0B0F1804F16D0A2F555
:10F350009432904212D002F5806290420ED002F5B3
:10F36000963290420AD0184A904207D002F5806245
:10F37000904203D002F58062904203D1CA6823F420
:10F380004073134303608B68C3620B8883620D4B29
:10F3900098420FD003F5006398420BD003F5406309
:10F3A000984207D003F58063984203D003F5806349
:10F3B000984201D10B690363436943F00103436140
:10F3C00000207047002C0140004001401C4B984237
:10F3D0000BD103F558431A6C42F480421A641A6C3C
:10F3E00022F480421A6400207047164B98420AD1DA
:10F3F00003F5E6339A6B42F400329A639A6B22F477
:10F4000000329A63EFE7104B984209D103F5E433D9
:10F410009A6B42F480229A639A6B22F48022F0E77E
:10F420000A4B984209D103F5E2339A6B42F4002269
:10F430009A639A6B22F40022E3E70120704700BF31
:10F44000003801400044004000480040004C0040AB
:10F4500038B50368DB0704460D4659D42A69AB6802
:10F46000016813436A691343EA691343294A0A404E
:10F47000134303604368EA6823F440531343436033
:10F480008368AA6923F4407313438360224B984234
:10F4900020D10320FFF708FE2B6840B36A6832B31F
:10F4A0000B2B15D81D4951F82330E969B0FBF3F057
:10F4B000B1F5004F4FEA520325D103EB4003B3FBF4
:10F4C000F2F34FF6F0721A40C3F342031343E360C2
:10F4D00000200DE0124B984201D10C20DAE7114BCD
:10F4E000984201D13020D5E70F4B984207D0012038
:10F4F000E26A2B8822F00F021343E36238BDC0207A
:10F50000FFF73CFEC8E70344B3FBF2F39BB2DEE730
:10F510000120F3E7F369FFEF003801405C53010875
:10F520000044004000480040004C004008B52DED6C
:10F53000028BB0EE408A00F0E9F8B4EE488AF1EEB2
:10F5400010FA06D6DFED098AB4EEE88AF1EE10FA79
:10F5500002D4BDEC028B08BD01F08AFB88EEA80A3C
:10F56000BDEC028B2123036008BD00BF000000003A
:10F5700010EE103AC3F3C7527F3A162A10EE101A53
:10F5800015DC002A0CDB0C481041034205D04FF477
:10F59000800313410B4423EA000300EE103A704746
:10F5A000013203F00043F8D143F07E53F5E7802A9F
:10F5B000F3D130EE000A7047FFFF7F0008B52DED54
:10F5C000028BB0EE408A00F0A5FAB4EE488AF1EE64
:10F5D00010FAF0EE408A0AD6B0EE480A00F054F86D
:10F5E000F7EE007AB4EEE70AF1EE10FA04DCB0EEC2
:10F5F000680ABDEC028B08BD01F03AFBBDEC028B42
:10F60000034621221A600248BDE8084000F034BADF
:10F610008C53010800F084BB10EE103A184A23F016
:10F62000004393421BDDB3F1FF4F02DB30EE400A93
:10F63000704700B583B0684600F0EEF800F00300B4
:10F640000128DDED010A9DED000A0CD0022812D040
:10F6500070B1012000F016FA03B05DF804FBDFED95
:10F66000090A00F057B800F00DFAB1EE400AF3E7CE
:10F6700000F050F8F0E700F04DF8B1EE400AEBE78B
:10F68000D80F493F0000000010EE103A23F000436D
:10F6900000EE103A704700BF10EE103A194A23F0FE
:10F6A000004393421CDDB3F1FF4F02DB30EE400A12
:10F6B000704700B583B0684600F0AEF800F0030074
:10F6C0000128DDED010A9DED000A0ED0022813D0BD
:10F6D00070B100F01FF8B1EE400A03B05DF804FB12
:10F6E000DFED090A002000F0CDB900F013F8F4E7CF
:10F6F000012000F0C7F9F0E7012000F0C3F9B1EEF6
:10F70000400AEAE7D80F493F00000000B1EEC00A06
:10F71000704700BF10EE103A23F00043B3F1485F8A
:10F720002CDAFDEEC07A17EE903A002B60D020EE76
:10F73000007ADFED317A9FED315ADFED315A9FEDDE
:10F74000316ADFED316AA7EE275ADFED307AE7EE56
:10F75000055AA7EE256AE7EE067AE7EE276A67EE16
:10F76000266A60EEC00AF6EE007AE7EE260AB7EEE9
:10F77000000AD7EE270A30EE600A704720EE007AC2
:10F78000DFED1D7A9FED1D5ADFED1D5A9FED1D6ABD
:10F79000DFED1D6A1E4AA7EE275A9342DFED1B7A62
:10F7A000E5EE075AA5EE876AE6EE077AE7EE876A86
:10F7B00066EE876AD5DD174A934214DC03F17F4376
:10F7C00007EE903AB7EE006A36EE676A60EEC00A5E
:10F7D000F6EE005AD7EE257AE7EE260A77EEE07AC3
:10F7E00036EE670A7047B6EE076AF5EE027AEDE785
:10F7F000B7EE000A704700BF4ED747ADF6740F3121
:10F800007CF293B4010DD037ABAA2A3D610BB6BA96
:10F810009999993E0000483F70B510EE103A884A19
:10F8200023F00044944286B0054670DD854A944238
:10F8300010EE106A22DC002BDFED837A834A24F07D
:10F840000F04B0EE407A40F3E280944270EE677AA3
:10F8500009BFDFED7F6A9FED7F7A9FED7F7A77EEBC
:10F86000E67A012077EEC76A77EEE67AC5ED006AA0
:10F8700077EEC77AC5ED017A06B070BD774A94423B
:10F8800054DDB4F1FF4F49DAE215863AA4EBC253D6
:10F8900007EE903ABDEEE77ADFED716AB8EEC77A0F
:10F8A00077EEC77A8DED037A67EEA67ABDEEE77A3A
:10F8B000B8EEC77A77EEC77A8DED047A67EEA67A4E
:10F8C000F5EE407AF1EE10FACDED057A40F08E803B
:10F8D000B5EE407AF1EE10FA14BF0223012361491C
:10F8E00001910221009103A8294600F09BFB002E04
:10F8F000C2DA95ED007AD5ED017AB1EE477AF1EEF4
:10F90000677A85ED007AC5ED017A4042B4E70022BE
:10F9100085ED000A4260002006B070BD70EE407AAE
:10F920000020C5ED017AC5ED007AA5E7FFF7ACFE32
:10F930009FED4D7A9FED446AF6EE007AE0EE077A8D
:10F940009FED447AFDEEE77A17EE900AF8EEE76A4B
:10F950001F28A6EEC60A66EE877AB1EE666A1EDC3E
:10F96000424A411E24F0FF0352F82120934216D050
:10F9700030EE677A85ED007A30EE470A002E30EEE1
:10F98000670A85ED010ABFF677AFB1EE477AB1EEAF
:10F99000400A85ED007A85ED010A40426CE730EEC1
:10F9A000677AE21517EE103AC3F3C753C3EBD4538B
:10F9B000082BDFDD9FED267A9FED275AF0EE405AA7
:10F9C000E6EE075A70EE657AE6EE077AD6EE857AAD
:10F9D00035EEE77A17EE103AC3F3C753D21A192A55
:10F9E00006DCB0EE650A85ED007AC5E7032376E70D
:10F9F0009FED1F7A9FED1F5AB0EE650AA6EE070A2B
:10FA000075EEC07AE6EE077AD6EE857AB0E79442D4
:10FA100070EE277A09BFDFED0E6A9FED0E7A9FED3B
:10FA20000E7A77EEA67A4FF0FF3077EE876A77EEA0
:10FA3000E67AC5ED006A77EE877AC5ED017A1BE7B5
:10FA4000D80F493FE3CB1640800FC93FD00FC93FC5
:10FA5000004435374344353708A3852E800F49438A
:10FA6000000080431054010884F9223F905301089C
:10FA700000A3852E32318D249FED010A704700BF0F
:10FA80000000C07F10EE103A23F00043B3F1485F4E
:10FA900004DAFDEEC07A17EE903A5BB360EE007ABE
:10FAA0009FED157ADFED155A9FED156ADFED156AAA
:10FAB000E7EE875A9FED147AA5EEA76A20EE275A43
:10FAC000E6EE276AA6EEA77A30B9DFED106AE7EE18
:10FAD000876AA6EE850A704727EE457AF6EE006A39
:10FAE000A0EEA67ADFED0A6AD7EE270AE5EE260A2F
:10FAF00030EE600A704700BFD3C92E2F342FD7B223
:10FB00001BEF3836010D50B98988083CABAA2ABED4
:10FB1000ABAA2A3E38B510EE105A25F00044B4F1D5
:10FB20007E5F2DED048B00F085807ADCB4F17C5F84
:10FB30000FDAB4F1485F80F29C80DFED697A70EEF5
:10FB4000277AB7EE007AF4EEC77AF1EE10FA00F3F6
:10FB50008D80FFF799FDF7EE007A37EEC00AB6EE1A
:10FB6000007A20EE078ADFED5F6A9FED5F7A9FEDF6
:10FB70005F6A9FED5F5ADFED5F5ADFED5F8AE8EE67
:10FB8000076A9FED5E7AA8EE067A9FED5D6AA6EEA3
:10FB9000885AA7EE086A9FED5B7ADFED5B6AE5EEB7
:10FBA000085AA6EE087AE5EE886AE7EE087AE6EEED
:10FBB000888AB0EE480AB0EE679AFFF7A7FD534B6C
:10FBC0009C4268EE888A42DC10EE103A23F47F6390
:10FBD00023F00F0306EE903AA6EEE68A30EE267A80
:10FBE00088EE895AC8EE074ADFED497A9FED497AD7
:10FBF000B0EE006AE4EEC67A30EE000AF0EE475A44
:10FC0000E6EEC65AD0EE057A77EEE57A37EE677AF9
:10FC1000002D0ADCBDEC048BB1EE477AB0EE470A4A
:10FC200038BD70EE407A87EEA77ABDEC048BB0EE5B
:10FC3000470A38BD9FED367ADFED377A20EE077A36
:10FC4000BDEC048BA0EE277AB0EE470A38BD88EEF3
:10FC5000896ADFED327A9FED307AA0EE060AF0EE87
:10FC6000006AE0EE267A37EE677AD1E7B0EE407AA6
:10FC7000DBE760EE007A9FED1C7ADFED1A6A9FEDFC
:10FC80001C6ADFED1A5A9FED1B5AE7EE876ABDEC3E
:10FC9000048BA6EEA76A9FED197ADFED196AA7EE2D
:10FCA000A57AA6EE275AE7EE276ADFED175A9FEDF1
:10FCB000156A9FED117AE5EE275AA6EEA76AA5EE22
:10FCC000A77AF7EE006AE6EE276A67EE277AB0EECB
:10FCD000407A87EEA66AA0EE067AB0EE470A38BDF3
:10FCE000CAF24971047F4F3A08EF11382EC69D3D84
:10FCF000461124BDA80A4E3EABAA2A3E613330BF4E
:10FD00002D57014039D119C090B0A6BE9999793FBD
:10FD10002EBD3BB3DB0F493FDB0FC93F2EBD3B334D
:10FD200010B582B0CDED010A019B23F00042B2F183
:10FD3000FF4FF0EE407A30DC10EE100A20F0004168
:10FD4000B1F1FF4F29DCB3F17E5F42D09C1704F084
:10FD5000020444EAD07431B37AB3B2F1FF4F40D019
:10FD6000B1F1FF4F29D0891AB1F1F45F4FEAE152A6
:10FD700034DA002B42DA3C3240DA9FED340A012CAF
:10FD80004ED0022C43D064B19FED317ADFED317A51
:10FD900030EE070A30EE670A03E09DED017A37EE98
:10FDA000270A02B010BD022C10D09FED2B7A032C35
:10FDB00008BFB0EE470A02B010BD9FED280ADFED84
:10FDC000287A0028B8BFB0EE670AEAE79FED210A5B
:10FDD000E7E702B0BDE8104000F04AB89FED1F0A07
:10FDE000CDE7B1F1FF4F04F1FF3420D0022C26D82B
:10FDF0001C4B03EB840393ED000AD2E79DED017ADF
:10FE000087EE870AFFF740FC00F032F8B7E79FED76
:10FE1000107ADFED107A30EE070A37EEC00AC0E73D
:10FE200010EE103A03F1004300EE103AB9E7022C4D
:10FE300008D80D4B03EB840393ED000AB1E79FED67
:10FE4000030AAEE79FED090AABE700BF0000000020
:10FE50002EBDBB33DB0F4940DB0F49C0DB0FC93F71
:10FE6000DB0FC9BF3457010828570108DB0F493F92
:10FE700038B510EE105A25F00044B4F1A14FF0EE61
:10FE8000407A0DDBB4F1FF4F5BDCDFED537A9FED81
:10FE9000537A002DD4BFB0EE470AB0EE670A38BDE2
:10FEA0004F4B9C425CDCB4F1445F4DDB4FF0FF33C1
:10FEB00027EEA76ADFED4B6ADFED4B5ADFED4B4AC9
:10FEC0009FED4B5A9FED4B4A26EE067A5A1CE7EE01
:10FED000265ADFED496AA5EE875AE7EE246ADFED80
:10FEE000475ADFED474AE6EE875AA5EE074A9FEDEF
:10FEF000455ADFED456AA5EE875AE4EE074ADFED85
:10FF0000435AE4EE876AE5EE075A66EE866A65EEC6
:10FF1000875A3AD03E4A02EB830276EEA56A92ED0A
:10FF2000007A3C4A96EEA77A02EB8303002DD3EDCC
:10FF3000006A77EE677A36EEE70AB0DAB1EE400A89
:10FF400038BD30EE000A38BD9FED337A30EE077AC7
:10FF5000F7EE006AB4EEE67AF1EE10FAA6DD38BDEF
:10FF6000FFF792FB2D4B9C4216DCA3F5D0039C427D
:10FF700027DCF0EE007ABFEE007AA0EE277A0023AD
:10FF800030EE270AC7EE007A92E776EEA56AE6EE33
:10FF9000E77AB0EE670A38BD214B9C420BDCF7EEE6
:10FFA000087AB7EE007AA0EE277A022330EE670ACD
:10FFB000C0EE077A7CE7BFEE007AC7EE007A032333
:10FFC00076E7F7EE007A30EE677A30EE270A012303
:10FFD000C7EE007A6CE700BFDB0FC93FDB0FC9BF7C
:10FFE000FFFFDF3ED769853C59DA4B3D21A215BDA5
:10FFF000356B883D6E2EBA3D6BF16EBD95879DBD0C
:020000040801F1
:100000002549123E388EE3BDABAAAA3ECDCC4CBEEC
:100010005057010840570108CAF24971FFFF973F46
:10002000FFFF1B402DE9F04F2DED048BDBB01C468C
:1000300003930691A04B6899089253F82150111D23
:10004000824604F1FF38C0F29882D31E48BF131DC8
:10005000DB1002930133DB000793DDE907239B1AD2
:100060000593029B15EB0801A3EB080316D401319D
:100070009FED927A699819441EAA002BA4BF50F8EC
:10008000234007EE904A03F10103ACBFF8EEE77A94
:10009000F0EE477A8B42E2EC017AEED1002DC0F20D
:1000A000DB82039B1EAA02EB830446AE4FEA830C5D
:1000B0004046EF180AEB8301B8F1000FDFED7F7ABD
:1000C00009DB22465346F3EC016A32ED017A8B429A
:1000D000E6EE877AF7D10130B842E6EC017A04F116
:1000E0000404E9D10AAF07EB8503043B9FED759A41
:1000F000DFED738A059804930AEB0C0407EB85097E
:1001000046AE00955AAB03EB8503002D13ED140AA0
:100110004FEA850B16DD06EB85033A4660EE097A59
:10012000B0EE407AFDEEE77A73ED016AF8EEE77A19
:10013000B342A7EEE87A37EEA60ABDEEC77AA2EC84
:10014000017AEBD1019000F0E1FAB0EE408AB4EE12
:10015000000A28EE000A00F091FAF2EE007AA0EE12
:10016000678A01980028FDEEC89AF8EEE97A38EE21
:10017000678A76DD05F1FF3EC0F1080357F82E20AF
:1001800042FA03FC0CFA03F3D31AC0F1070119EE8B
:10019000902A47F82E300B416244002B09EE902A3A
:1001A00067DCB5EE408AF1EE10FA40F0BE80009AAE
:1001B00005F1FF3B5A450EDC4FEA850C07EB850243
:1001C00000219E4652F8043D4A4541EA0301F9D117
:1001D000002940F0F180009B013B57F82330002BB1
:1001E00040F0E680049B4FF0010C53F8042D0CF115
:1001F000010C002AF9D06B1CAC449E460299039A6C
:1002000001EB030B0BF1804B69992A440BF1FF3B87
:1002100006EB83051EAB01EB8B0B03EB8201DBEDE1
:10022000017A9FED267AF8EEE77AB8F1000F0BF12C
:10023000040BC1ED007A0A4601F1040109DB5346C3
:1002400001E072ED017AF3EC016AA342A6EEA77A0F
:10025000F7D10EF1010EE645A5EC017ADFDD65462A
:1002600050E740F09B806B1E57F82330DB11002BCA
:1002700097DD19EE902A002D02F1010209EE902A75
:1002800040F39181396800297ED1012D26D03A466C
:100290004FF0010C52F8041F002979D00CF1010233
:1002A000C1F58071954247F82C1016DD57F82210E1
:1002B000BB4407EB82020AE08C57010800000000F3
:1002C000000080430000803B0000C93F1168C1F17D
:1002D000FF0142F8041B5A45F8D1012100280CDD2A
:1002E000012800F04181022807D105F1FF3C57F8B1
:1002F0002C2002F03F0247F82C20022B7FF451AF54
:10030000B7EE000A30EE488A00293FF44AAF09935D
:10031000019000F0FBF938EE408A099B0198B5EE98
:10032000408AF1EE10FA3FF442AF9846DDE9073219
:10033000B0EE480A981A0195009D00F0E7F91FED0C
:10034000207A019BB4EEC70AF1EE10FAC0F2558193
:100350005FED247A059A60EE277A0832FDEEE77A9F
:100360000592F8EEE77A03F1010BA7EEC70AFDEE5E
:10037000E77ABDEEC00A10EE102A47F8232017EEE8
:10038000903A47F82B302BE001224FF0000C87E722
:100390000CF1010CAC457FF47DAF9FE7F6EE007ADF
:1003A000B4EEE78AF1EE10FA80F2EC800023F8E672
:1003B0006B1C9E469C4621E7059B009DA3F108020D
:1003C00057F82B300592F04653B9ACF104033B4487
:1003D00053F8041D0BF1FF3B083A0029F8D00592B1
:1003E0000598B7EE000A00F091F9BBF1000FC0F2DA
:1003F00029810BF1010646AA1FED4E7A4FEA860CC1
:1004000007EB860302EB860273ED017AF8EEE77ADA
:10041000BB4267EE807A20EE070A62ED017AF3D1E3
:10042000ACF1040346AA002D1FED596A02EB030448
:100430004FF0000022DB8F49DFED8F7AB0EE467A75
:100440002246002303E0984208DBB1EC017AF2EC8B
:10045000016A01339D42E6EE877AF4DA5AAB03EB88
:100460008003584543ED287A4FEA800100F10102EC
:10047000A4F1040405D0002D1046DCDADFED7E7A0D
:10048000ECE7689A022A1DDC002A00F38E8010D166
:1004900032ABDFED797A9C443CED017A634577EE2F
:1004A000877AF9D143460BB1F1EE677A069BC3ED2B
:1004B000007A19EE903A03F007005BB0BDEC048BB4
:1004C000BDE8F08F689A032AF3D1BBF1000F00F06A
:1004D000CB8032A813ED287A00EB8B020BF180431E
:1004E00072ED017AF0EE476A37EE277A904277EEA6
:1004F000C77A82ED007A77EEA67AC2ED017AEFD163
:10050000BBF1010F40F3B08001F5B4720DEB0201B5
:1005100011ED287A9A0033A900EB830373ED017A79
:10052000F0EE476A37EE277A994277EEC77A83ED85
:10053000007A77EEA67AC3ED017AEFD1131DDFEDD5
:100540004E7A0344083033ED017A984277EE877A89
:10055000F9D14346002B58D10699329A339B0A6051
:100560004B60C1ED027AA4E705F1FF3C57F82C205F
:1005700002F07F0247F82C20BFE6082307930023F0
:1005800002936AE519EE903A002D03F1010309EE9A
:10059000903AC8BF02233FF775AEF7EE007A37EE08
:1005A000C88A0223FDE5002198E632ABDFED327AFE
:1005B00003EB860636ED017AB34277EE877AF9D1FE
:1005C00043469DED327A93BB069BBBF1000FC3ED12
:1005D000007A77EE677A0CDD33AA0123B2EC017A58
:1005E00001339B4577EE877AF8DA43460BB1F1EE9B
:1005F000677A069BC3ED017A5BE7BDEEC00A9B46B6
:1006000010EE102A47F82320EAE6DDED326A9DED70
:10061000337A069BF1EE666AB1EE477AF1EE677ABD
:10062000C3ED006A83ED017AC3ED027A41E7069BD0
:10063000F1EE676ABBF1000F77EE677AC3ED006AEF
:10064000CADCD4E7689B022B0ADC002B0FDC7FF4AA
:1006500030AFDFED097A25E7039B4FEA830C41E5D4
:10066000689B032B7FF425AFDFED037A71E7DFEDA5
:10067000027AA5E7645701080000000010EE102A76
:10068000C2F3C7537F3B162B22F000412ADC002B1C
:1006900010EE100A18DB1A4919410A4221D0DFED89
:1006A000197A70EE277AF5EEC07AF1EE10FA18DDBD
:1006B000002A04DA4FF4000242FA03F3184420EA55
:1006C000010300EE103A7047DFED0E7A70EE277AE4
:1006D000F5EEC07AF1EE10FA03DD002A08DB9FED9B
:1006E0000A0A7047B1F1FF4FFBD330EE000A7047A2
:1006F000FFEE007A002918BFB0EE670A704700BF0E
:10070000FFFF7F00CAF249710000000010EE103AAE
:1007100033F0004110EE102A28D0B1F1FF4F22D261
:1007200013F0FF4F23D1DFED2C7A2C4A60EE277AAD
:10073000904217EE903A34DB4CF2503CC3F3C75171
:10074000604517EE902AA1F1190116DDDFED247A3C
:10075000DFED246A002BB0EE677AB8BFF0EE667A60
:1007600027EE870A704730EE000A704770474CF258
:10077000503C60454FEAD151E8DC0144FE29E5DCFC
:10078000002915DC11F1160F19DB193122F0FF4297
:1007900042EAC15207EE902A9FED130A27EE800A23
:1007A0007047DFED127A07EE103A27EE270A7047FE
:1007B00022F0FF4242EAC15300EE103A7047DFEDEB
:1007C0000B7ADFED0B6A002BB0EE677AB8BFF0EE64
:1007D000667A27EE870A70470000004CB03CFFFFA6
:1007E000CAF24971CAF249F1000000336042A20D19
:1007F0006042A28D024B1844407800F0030070471D
:100800009857010870B50D4D0D4C641BA4100026BF
:10081000A64209D10B4D0C4C01F0B4FA641BA41094
:100820000026A64205D170BD55F8043B9847013615
:10083000EEE755F8043B98470136F2E78059010886
:10084000805901088059010888590108034611F8A8
:10085000012B03F8012B002AF9D1704710B502468D
:10086000147813460132002CFAD1013B11F8012B08
:1008700003F8012F002AF9D110BDC9B2034610F8C0
:10088000012B1AB18A42F9D118467047002918BFC6
:100890000023F9E7034B1B5C03F00303022B08BFA3
:1008A00020387047995701080A44914200F1FF33FC
:1008B00000D1704710B511F8014B03F8014F914278
:1008C000F9D110BD10B56AB10139841810F8012BA7
:1008D00011F8013F9A4203D1A04201D0002AF5D17C
:1008E000D01A10BD1046FCE710B50139034632B1ED
:1008F00011F8014F03F8014B013A002CF7D11A44CB
:100900000021934200D110BD03F8011BF9E700005C
:10091000002310B50446C0E90033C0E90433836006
:1009200081814366C2818361194608225C3000F0F0
:10093000DDF9054B6362054BA362054BE362054B92
:100940002462236310BD00BF350A0108570A01085D
:100950008F0A0108B30A0108024A0349034800F05C
:100960008DB900BFB0020020450F0108BC02002075
:1009700041680C4B994210B5044601D000F0E2FAF0
:10098000A168094B994202D0204600F0DBFAE168E9
:10099000064B994204D02046BDE8104000F0D2BA80
:1009A00010BD00BF8C4B0020F44B00205C4C00209D
:1009B00010B50B4B0B4C0C4A1A6020460022042148
:1009C000FFF7A6FF04F1680001220921FFF7A0FF4D
:1009D00004F1D0000222BDE810401221FFF798BFB9
:1009E000C44C00208C4B002059090108014800F03C
:1009F00011BA00BFC94C0020014800F00CBA00BF7A
:100A0000C94C002010B50446FFF7F0FF236A1BB164
:100A1000BDE81040FFF7F0BF044B2362044B1B6896
:100A2000002BF5D1FFF7C4FFF2E700BF7109010801
:100A3000C44C002010B50C46B1F90E1000F078FB44
:100A40000028ABBF636DA3891B1823F48053ACBF90
:100A50006365A38110BD2DE9F0411F468B89DB053D
:100A600005460C46164605D5B1F90E1002230022A4
:100A700000F04CFBA389B4F90E1023F48053A3813A
:100A800032463B462846BDE8F04100F0DFB810B5DD
:100A90000C46B1F90E1000F039FB431CA38915BFB9
:100AA000606523F4805343F48053A38118BFA3816E
:100AB00010BDB1F90E1000F0AFB90A22002100F00C
:100AC0009FB9000038B50B4B1D686B6B044653B9DA
:100AD000242000F05FFA0246686320B9064B0748FD
:100AE0003D2100F0F5FA696B2046BDE8384000F082
:100AF00007B800BF0803002099580108B058010842
:100B00002DE9F0414D4A0C460023D0E90001EFF7F2
:100B1000BDFF002ABCBF02F5A83202F5C0724FF437
:100B2000616100F52F20B2FBF1F301FB13224FF0BE
:100B30003C01ACBF00F66C2000F66B20A360B2FB5A
:100B4000F1F301FB132263602260C31C072293FBB5
:100B5000F2F2C2EBC2029B1A48BF07330028A3611E
:100B6000B8BFA0F50E333649AEBF90FBF1F1A3F547
:100B70002C7393FBF1F1334B03FB010048F6AC639C
:100B8000B0FBF3F3034440F2B45CB0FBFCF29B1AFD
:100B900040F26D172C4AB0FBF2F264269B1AB3FBAD
:100BA000F7F2B3FBFCF3B2FBF6F5EB1A034407FBD9
:100BB0001233992003EB8307023703F1010EB7FBD1
:100BC000F0FC00FB0CF002304FF00508B0FBF8F031
:100BD000AEEB000040F2F95E774594BF02276FF05C
:100BE000090767444FF4C87C0CFB0121012F98BF13
:100BF0000131B3F5997F0CD3A3F59973E361A1F2A9
:100C00006C710023E060C4E9047123622046BDE8F2
:100C1000F08112F0030F02D106FB15255DB94FF4E8
:100C2000C875B2FBF5F605FB1622B2FA82F252093C
:100C30003B331344E2E70122FAE700BF8051010091
:100C4000B13A02004FC5FDFFB03A020038B5074D7A
:100C500004460846114600222A601A46FDF736FA75
:100C6000431C02D12B6803B1236038BDCC4C00205B
:100C7000014B1868704700BF080300202DE9F843B6
:100C80000746884614460026D4E90195B9F10109C2
:100C900005D52468002CF7D13046BDE8F883AB8930
:100CA000012B07D9B5F90E30013303D02946384658
:100CB000C04706436835E9E7884210B501EB0204F6
:100CC00002D98442234607D8431EA14208D011F816
:100CD000012B03F8012FF8E7024401468A4200D1B4
:100CE00010BD13F8014D02F8014DF7E70244034629
:100CF000934200D1704703F8011BF9E7012B2DE95E
:100D0000F04701D0242B06D9FFF7B2FF162303606A
:100D10000020BDE8F087DFF8E4C00D462E4615F848
:100D2000014B1CF8047017F00807F7D12D2C32D1B5
:100D30002C780127B51C002B5BD0102B09D1302C4F
:100D400007D12C7804F0DF04582C4DD16C78102397
:100D5000023507F1004808F1FF384FF0000EB8FBEC
:100D6000F3F9764603FB198AA4F1300CBCF1090FA4
:100D700016D86446A34224DDBEF1FF3F08D0B1453A
:100D80001CD301D1A24519DB06FB03464FF0010E2F
:100D900015F8014BE8E72B2C04BF2C78B51CCAE7EB
:100DA000A4F1410CBCF1190F01D8373CE2E7A4F1E2
:100DB000610CBCF1190F04D8573CDBE74FF0FF3E44
:100DC000E6E7BEF1FF3F05D122230360464642B964
:100DD00030469EE707B17642002AF9D0BEF1000FF7
:100DE00000D0691E1160F3E73024002BB1D1082335
:100DF000AFE7302CA5D00A23ABE700BF9957010815
:100E000013460A46014602480068FFF777BF00BF55
:100E1000080300207047704738B5064D002304468C
:100E200008462B60FDF760F9431C02D12B6803B123
:100E3000236038BDCC4C00208A892DE9F04105465D
:100E400010070C4658D44B68002B05DC0B6C002BAC
:100E500002DC0020BDE8F081E66A002EF9D0002314
:100E600012F480522F68216A2B6032D0606DA38902
:100E70005A0705D56368C01A636B0BB1236CC01A9F
:100E800000230246E66A216A2846B047431CA3892C
:100E900006D129681D292BD8294A0A41D60727D40B
:100EA00000226260D9042269226004D5421C01D16B
:100EB0002B6803B96065616B2F600029C9D004F10C
:100EC0004403994202D0284600F072F90020606382
:100ED000C0E701232846B047411CC8D12B68002B2E
:100EE000C5D01D2B01D0162B01D12F60B1E7A389EE
:100EF00043F04003A381ADE70F69002FA9D093070A
:100F00000E6808BF4B690F6018BF0023A6EB0708E7
:100F10008B60B8F1000F9CDD216AA66A43463A4611
:100F20002846B047002806DCA38943F04003A3818C
:100F30004FF0FF308EE70744A8EB0008E9E700BF59
:100F4000FEFFBFDF38B50B6905460C4613B9002517
:100F5000284638BD18B1036A0BB9FFF753FDB4F941
:100F60000C30002BF3D0626ED00704D4990502D464
:100F7000A06DFFF74FFF28462146FFF75DFF636E28
:100F8000DA070546E4D4A3899B05E1D4A06DFFF7F9
:100F900042FFDDE7024B0146186800F023B800BFAE
:100FA0000803002070B50E4E0C463168054611B995
:100FB00000F0EEF830602146284600F0E9F8431CC6
:100FC0000AD0C41C24F00304A04207D0211A2846EA
:100FD00000F0DEF8013001D14FF0FF34204670BD43
:100FE000D44C00202DE9F041CD1C25F00305083537
:100FF0000C2D38BF0C25002D074601DBA94205D971
:101000000C233B6000263046BDE8F0812F4E00F0F7
:10101000B3F833681C4644BB29463846FFF7C2FF85
:10102000431C04464FD134682646002E42D1002C82
:1010300043D023683146384604EB030800F0A8F893
:1010400080453AD123680335ED1A25F003050835AC
:101050000C2D38BF0C2529463846FFF7A3FF013079
:101060002BD023682B4423600EE02268521B1ED431
:101070000B2A16D96119A342256018BF596063680D
:1010800008BF316062514B60384604F10B0600F036
:1010900079F826F00706231DF21AB4D09B1BA35043
:1010A000B1E76268A3420CBF32605A60ECE72346A6
:1010B0006468B0E734467668B7E70C233B6038468F
:1010C00000F060F89FE72560DEE700BFD04C00200D
:1010D0001FB514461A46094B1B680546D8684CB123
:1010E000074B0091CDE9013406492B4600F032F858
:1010F00000F014FC044B1C46F3E700BF080300207B
:101100000959010816590108A51F010838B5074DEE
:1011100004460846114600222A601A46FCF7EEFFF4
:10112000431C02D12B6803B1236038BDCC4C002096
:1011300038B5074D04460846114600222A601A4673
:10114000FCF7B6FF431C02D12B6803B1236038BD06
:10115000CC4C00200EB403B5014603AB054853F850
:10116000042B0068019300F099F802B05DF804EBDD
:1011700003B07047080300200148FFF74BBE00BFD3
:10118000C84C00200148FFF746BE00BFC84C0020F5
:1011900038B5064D0023044608462B60FCF7B0FF27
:1011A000431C02D12B6803B1236038BDCC4C002016
:1011B00037B5002944D051F8043C0190002BA1F12F
:1011C0000404B8BFE418FFF7D7FF1E4A019813685C
:1011D00033B96360146003B0BDE83040FFF7D2BF9D
:1011E000A34208D9256861198B4201BF19685B6861
:1011F00049192160EDE71A465B680BB1A342FAD9A1
:1012000011685518A5420BD1246821445418A342F3
:101210001160E0D11C685B6853600C441460DAE72D
:1012200002D90C230360D6E7256861198B4204BFFD
:1012300019685B68636004BF491921605460CAE79C
:1012400003B030BDD04C00209368013B002B10B49C
:10125000936008DA9469A34201DB0A2903D15DF89F
:10126000044B00F035B91368581C1060197008461B
:101270005DF8044B7047F8B506460F461446D5187E
:10128000AC4201D1002007E014F8011B3A46304679
:10129000FFF7DAFF431CF3D1F8BD00002DE9F04F52
:1012A0000D469DB014469846064618B1036A0BB920
:1012B000FFF7A8FB6B6ED90705D4AB899A0502D45A
:1012C000A86DFFF7A7FDAB891B0701D52B699BB95B
:1012D0002946304600F03AF970B16B6EDC0704D550
:1012E0004FF0FF301DB0BDE8F08FAB899805F7D403
:1012F000A86DFFF790FDF3E70023099320238DF8F5
:101300002930CDF80C803023DFF8B0818DF82A30F9
:101310004FF0010923469A4613F8012B0AB1252AFA
:10132000F9D1BAEB040B0BD05B4622462946304676
:10133000FFF7A1FF013000F0A980099A5A440992F1
:101340009AF80030002B00F0A18000234FF0FF320C
:10135000CDE905230AF1010A049307938DF8533070
:101360001A935446052214F8011B5448EEF750FF17
:10137000049AD8B9D10644BF20238DF853301307FF
:1013800044BF2B238DF853309AF800302A2B15D008
:10139000079A544600204FF00A0C214611F8013BF1
:1013A000303B092B4DD9B0B1079214E0A0EB0803F4
:1013B00009FA03F313430493A246D2E7039B191DD2
:1013C0001B680391002BBBBF5B4242F002020793F4
:1013D0000793B8BF049223782E2B0CD163782A2B65
:1013E00034D1039B1A1D1B680392002BB8BF4FF02A
:1013F000FF3302340593DFF8D4A02178032250464E
:10140000EEF706FF38B1049BA0EB0A0040228240B1
:1014100013430134049314F8011B29488DF8281054
:101420000622EEF7F5FE00283FD0264B1BBB039BA0
:10143000073323F0070308330393099B3B440993C5
:1014400068E70CFB02320C460120A6E700230134BA
:10145000059319464FF00A0C204610F8012B303A3C
:10146000092A03D9002BC6D00591C4E70CFB012142
:1014700004460123F0E703AB00932A46124B04A96C
:101480003046AFF300800746781CD6D16B6ED90783
:1014900005D4AB899A0502D4A86DFFF7BCFCAB89D3
:1014A0005B063FF51DAF09981CE703AB00932A4686
:1014B000054B04A9304600F00FF9E4E7455901084F
:1014C0004F59010800000000771201084B5901082C
:1014D000F8B50E461446054618B1036A0BB9FFF776
:1014E00091FAA369A360A3891A0725D523691BB3C1
:1014F00023682269981A6369F6B28342374604DC8E
:1015000021462846FFF71EFDE0B9A368013BA36012
:1015100023685A1C22601E706269431C9A4204D0E0
:10152000A389DB0706D50A2E04D121462846FFF7FA
:1015300009FD38B93846F8BD2146284600F006F8BE
:101540000028D5D04FF0FF37F4E7000038B52A4B1C
:10155000054618680C4618B1036A0BB9FFF752FA32
:10156000A389B4F90C20180722D4D90607D409237B
:101570002B6042F04003A3814FF0FF3034E0580766
:1015800012D5616B41B104F14403994202D028465F
:10159000FFF70EFE00236363A38923F02403A381D6
:1015A0000023636023692360A38943F00803A381B8
:1015B00023694BB9A38903F42073B3F5007F03D0EB
:1015C0002146284600F0D7F9A089B4F90C2010F084
:1015D00001030AD00023A36063695B42A36123690E
:1015E00043B910F08000C4D138BD810758BF63698A
:1015F000A360F4E70020F7E7080300202DE9F04797
:10160000164699468A680B69DDF820809342B8BF78
:101610001346336091F8432007460C460AB1013364
:1016200033602368990642BF33680233336025680C
:1016300015F0060506D104F1190AE36832689B1A11
:10164000AB4226DC94F84320131E226818BF012306
:1016500092062BD404F1430249463846C047013074
:101660001ED02368226903F00603042B02BFE5683D
:101670003368ED1AA3680CBF25EAE575002593428F
:10168000C4BF9B1AED1800261A34B5421AD10020A7
:1016900008E00123524649463846C047013003D18D
:1016A0004FF0FF30BDE8F0870135C6E7E1185A1C5E
:1016B000302081F84300224494F8451082F843100A
:1016C0000233C7E70123224649463846C047013066
:1016D000E6D00136D9E700002DE9FF470F7E0C9DCB
:1016E000782F914680460C469A4601F1430207D86E
:1016F000622F0AD8002F00F0D480582F00F0C0804D
:1017000004F1420584F842703AE0A7F16303152B17
:10171000F6D801A151F823F07117010885170108C7
:101720000117010801170108011701080117010835
:1017300085170108011701080117010801170108A1
:101740000117010889180108B11701084318010899
:101750000117010801170108AB180108011701085A
:10176000B117010801170108011701084B180108FA
:101770002B681A1D1B682A6004F1420584F8423068
:1017800001239FE020682B68070603F1040129600C
:1017900001D51E6803E04606FBD5B3F90060002EB4
:1017A00003DA2D23764284F843305A480A2312E0A4
:1017B0002B682068191D2960050601D51E6802E006
:1017C0004106FBD51E8853486F2F0CBF08230A2300
:1017D000002184F843106568A560002DA2BF216830
:1017E00021F0040121600EB9002D4BD01546B6FB47
:1017F000F3F103FB1167C75D05F8017D3746BB4276
:101800000E46F4D9082B0BD12368DE0708D52369CF
:1018100061689942DEBF302305F8013C05F1FF35D0
:10182000521B2261CDF800A04B4603AA2146404638
:10183000FFF7E4FE01304AD14FF0FF3004B0BDE8BD
:10184000F087236843F0200323603348782784F827
:101850004570236829681F0651F8046B02D45F069F
:1018600048BFB6B2DF0748BF43F02003296048BF36
:1018700023601EB9236823F0200323601023A7E709
:101880002448E4E71546BDE72B6826686169181D02
:10189000286035061B6801D5196002E07006FBD58B
:1018A0001980002323611546BCE72B681A1D2A60A6
:1018B0001D68626800212846EEF7AAFC08B1401BAB
:1018C000606063682361002384F84330AAE72369DA
:1018D0002A4649464046D0470130ADD023689B0791
:1018E00013D4E068039B9842B8BF1846A6E70123CB
:1018F000324649464046D04701309DD00135E36825
:1019000003995B1AAB42F2DCEBE7002504F1190600
:10191000F5E700BF565901086759010808B50620C8
:1019200000F08EF80120FCF7BDFB70B50C46B1F954
:101930000E10002996B015461E460DDAA38913F045
:10194000800F4FF000010CBF4FF480634023002054
:1019500031602B6016B070BD6A4600F079F800283F
:10196000ECDB019901F47041A1F500535942594152
:101970004FF48063EBE78B8973B59D0706460C46F1
:1019800007D504F14703236023610123636102B09B
:1019900070BD01AB6A46FFF7C8FF009905463046A7
:1019A000FFF720FB48B9B4F90C309A05EFD423F0C7
:1019B000030343F00203A381E3E7A389206043F01C
:1019C0008003A381009B6361019B20615BB1B4F93B
:1019D0000E10304600F04EF828B1A38923F003031F
:1019E00043F00103A381A3891D43A581CFE71F29EC
:1019F00038B504460D4604D9162303604FF0FF3076
:101A000038BDC26B12B152F821304BB9204600F0FC
:101A100053F82A4601462046BDE8384000F03AB85F
:101A2000012B0AD0591C03D1162303600120E7E7DC
:101A3000002442F82540284698470020E0E70000AF
:101A4000024B01461868FFF7D2BF00BF0803002011
:101A500038B5074D00230446084611462B60FCF7B5
:101A600046FB431C02D12B6803B1236038BD00BF85
:101A7000CC4C002038B5064D0023044608462B60A8
:101A8000FCF73AFB431C02D12B6803B1236038BD3D
:101A9000CC4C002038B5074D0023044608461146BB
:101AA0002B60FCF7F7FA431C02D12B6803B12360CB
:101AB00038BD00BFCC4C0020FCF7EABA2DE9F04756
:101AC000089E0D4604460F46002B4AD18A42944692
:101AD00065D9B2FA82F343B102FA03FCC3F12002E2
:101AE0009F4020FA02F217439C404FEA1C4E1FFA17
:101AF0008CF5B7FBFEF1220C0EFB117742EA074290
:101B000001FB05F090420AD91CEB020201F1FF37FC
:101B100080F01C81904240F2198102396244121A0D
:101B2000A4B2B2FBFEF00EFB102244EA024400FB1A
:101B300005F5A5420AD91CEB040400F1FF3280F040
:101B40000781A54240F204816444023840EA014022
:101B5000641B00211EB1DC400023C6E90043BDE840
:101B6000F0878B4208D9002E00F0ED800021C6E9F5
:101B700000050846BDE8F087B3FA83F1002949D192
:101B8000AB4202D3824200F2F880841A65EB030272
:101B900001201746002EE2D0C6E90047DFE702B970
:101BA000FFDEB2FA82F3002B40F090808A1A4FEAEF
:101BB0001C471FFA8CFE0121B2FBF7F507FB15202D
:101BC000220C42EA00420EFB05F0904208D91CEBC1
:101BD000020205F1FF3802D2904200F2CB80454666
:101BE000121AA4B2B2FBF7F007FB102244EA024437
:101BF0000EFB00FEA64508D91CEB040400F1FF32E1
:101C000002D2A64500F2BB801046A4EB0E0440EAC7
:101C100005409FE7C1F120078B4022FA07FC4CEA00
:101C2000030C05FA01F420FA07F3FD404FEA1C49C2
:101C30002343B5FBF9F81FFA8CFE09FB18551C0C61
:101C400044EA054408FB0EF5A54202FA01F200FA47
:101C500001F00BD91CEB040408F1FF3A80F08880F6
:101C6000A54240F28580A8F102086444641B9DB23D
:101C7000B4FBF9F309FB134445EA044403FB0EFEED
:101C8000A64508D91CEB040403F1FF356CD2A64528
:101C90006AD9023B644443EA0843A3FB0295A4EBE0
:101CA0000E04AC42C846AE4656D353D056B1B0EB44
:101CB000080264EB0E0404FA07F7CA40CC4017434D
:101CC000C6E9007418460021BDE8F087C3F1200181
:101CD00002FA03FC20FA01F225FA01F19D402A43A1
:101CE0004FEA1C471FFA8CFEB1FBF7F007FB1015FB
:101CF000110C41EA054100FB0EF58D4204FA03F494
:101D000008D91CEB010100F1FF382FD28D422DD9EB
:101D100002386144491B92B2B1FBF7F507FB15117C
:101D200042EA014205FB0EF1914208D91CEB020286
:101D300005F1FF3816D2914214D9023D6244521A7D
:101D400045EA004138E73146304608E73946E6E6DD
:101D50001046FBE64845A9D2B9EB020865EB0C0E2C
:101D6000013BA3E74546EAE72B4694E74046D1E727
:101D7000D0467BE7023D624432E708460AE7644406
:101D8000023842E7F8B500BFF8BC08BC9E46704771
:0C1D9000F8B500BFF8BC08BC9E467047C8
:101D9C0018120C1801010119190119190106060173
:101DAC0006060103030103030102020102020112F0
:101DBC000C01120C00080008005001500250035096
:101DCC000450055006500750085009500A500B504B
:101DDC000C500D50F150F25001F105506D696E2C04
:101DEC0000206D572C002E00011F136F01130503EB
:101DFC00020B050200D57FAAFE2B815429FC5683C9
:101E0C00D702A87D52872DF8AC79D3067BAE04D1CE
:101E1C008550FA2FA471DB0E5A8F25F08D58F227BE
:101E2C0073A60CD9F623895C08DD77A2DF0AA075AE
:101E3C0021F45E8B9D48E23763B61CC9B461CB1E9E
:101E4C004A9F35E0CF1AB06531E44E9BE633994C8E
:101E5C0018CD67B239EC4693C712B86D10C56FBA7E
:101E6C00EE3B91446BBE14C19540EA3F42973DE86E
:101E7C00BC69C316EF3A904511C46EBBC613B96C5E
:101E8C0038ED4792BD68C21743963CE99441EB3E4E
:101E9C006ABF15C04B9E34E1B560CA1F62B71DC83E
:101EAC009C49E33619CC66B3E732984D30E54F9A2E
:101EBC00CE1BB16472A70DD88C59F3265B8E24F11E
:101ECC00A570DA0F20F55F8ADE0BA17409DC76A30E
:101EDC00F722885DD603A97C28FD5782FF2A8055FE
:101EEC0001D47EAB8451FB2E7AAF05D0AD78D207EE
:101EFC0053862CF96162636465666768696A6B6C0A
:101F0C006D6E6F707172737475767778797A303113
:101F1C0032333435363738395F232D2E006900744F
:101F2C007700727700000000000000000000000045
:101F3C002D150008000000000000000039150008F5
:101F4C00000000000000000015150008000102044C
:101F5C00050301026D6C72732E300053657475703D
:101F6C005374617274537478345478005365747577
:101F7C007053746172744D61726B65720021656E81
:101F8C00642100206B487A006D4C5253010203040B
:101F9C00006D4C52530403020100206972713D78AC
:101FAC0000206C733D0020727831733D00207278F4
:101FBC0032733D00656E61626C65642C616E746594
:101FCC006E6E61312C616E74656E6E61322C723A7C
:101FDC00656E2E20743A616E74312C723A656E2ED9
:101FEC0020743A616E7432007472616E73702E2CB0
:101FFC006D61766C696E6B2C6D61766C6E6B582CAA
:10200C006D73705800322E342047487A2C39313594
:10201C00204D487A204643432C383638204D487A98
:10202C002C343333204D487A2C373020636D2048C4
:10203C00414D2C383636204D487A20494E2C3931BA
:10204C0035204D487A202B20322E342047487A2CCC
:10205C00383638204D487A202B20322E34204748F1
:10206C007A00656E61626C65642C616E74656E6E6F
:10207C0061312C616E74656E6E61322C72656E20EE
:10208C007461312C72656E207461320035302048D9
:10209C007A2C333120487A2C313920487A2C464C12
:1020AC0052432C46534B2C3139487A377800322E18
:1020BC00342047487A2C393135204643432C383666
:1020CC0038204D487A2C343333204D487A2C373015
:1020DC0020636D2C38363620494E2C3931352B3255
:1020EC002E342C3836382B322E3400202F2D2D0048
:1020FC00202F653100202F653600202F65313100EF
:10210C00202F653133000D0A0021212052782070D8
:10211C006172616D2076657273696F6E20736D618B
:10212C006C6C6572207468616E20547820706172DA
:10213C00616D2076657273696F6E2E2021210021EE
:10214C002120506C656173652075706772616465E0
:10215C002072656365697665722E20202020202010
:10216C002020202020202020202020202020202063
:10217C002020212100212120547820706172616D72
:10218C002076657273696F6E20736D616C6C65720D
:10219C00207468616E20527820706172616D2076B7
:1021AC00657273696F6E2E20212100212120506CE5
:1021BC006561736520757067726164652054782061
:1021CC006D6F64756C652E2020202020202020202F
:1021DC0020202020202020202020202020202121F1
:1021EC0000436F6E66696749643A003F0020206DBA
:1021FC00696E3A200020206D61783A200020200082
:10220C00203D200020205B612D7A302D39232D2E8E
:10221C005F5D002D2028756E617661696C61626C62
:10222C00652900205B0028756E6368616E676561C7
:10223C00626C6529007761726E3A2072656365691C
:10224C00766572206E6F7420636F6E6E6563746555
:10225C006400292C002C20002F003B20003B205434
:10226C00783A002052783A006D5700202054783A82
:10227C00204449592045323220473433314B422CCB
:10228C002076312E342E303100202052783A200026
:10229C002D2028756E657870656374656420657291
:1022AC00726F7229006668737331202800202063D6
:1022BC00683A20002020665F7265673A2000202073
:1022CC00663A200066687373322028002020686507
:1022DC006C702C20682C203F2020202020202D3EAC
:1022EC0020746869732068656C7020706167650084
:1022FC00202076202020202020202020202020207C
:10230C0020202D3E207072696E742064657669639E
:10231C006520616E642076657273696F6E00202093
:10232C00706C202020202020202020202020202005
:10233C002D3E206C69737420616C6C20706172612D
:10234C006D6574657273002020706C2063202020F2
:10235C002020202020202020202D3E206C6973740A
:10236C0020636F6D6D6F6E20706172616D65746549
:10237C007273002020706C20747820202020202084
:10238C0020202020202D3E206C697374205478204E
:10239C00706172616D6574657273002020706C20C1
:1023AC00727820202020202020202020202D3E204C
:1023BC006C69737420527820706172616D657465FC
:1023CC00727300202070206E616D6520202020200B
:1023DC0020202020202D3E206765742070617261C2
:1023EC006D657465722076616C75650020207020B7
:1023FC006E616D65203D2076616C756520202D3EEB
:10240C002073657420706172616D657465722076DD
:10241C00616C756500202070206E616D65203D201B
:10242C003F2020202020202D3E20676574207061E5
:10243C0072616D657465722076616C756520616E74
:10244C0064206C697374206F6620616C6C6F7765A7
:10245C00642076616C7565730020207073746F72E4
:10246C0065202020202020202020202D3E20737449
:10247C006F726520706172616D6574657273002096
:10248C0020736574636F6E66696769642020202011
:10249C00202D3E2073656C65637420636F6E6669D6
:1024AC006720696400202062696E6420202020204F
:1024BC00202020202020202D3E2073746172742057
:1024CC0062696E64696E6700202072656C6F61646E
:1024DC00202020202020202020202D3E2072656CE2
:1024EC006F616420616C6C20706172616D657465E4
:1024FC00722073657474696E677300202073746145
:10250C00747320202020202020202020202D3E20ED
:10251C007374617274732073747265616D696E6724
:10252C0020737461746973746963730020206C691F
:10253C0073746672657173202020202020202D3E3C
:10254C00206C69737473206672657175656E63694E
:10255C006573207573656420696E206668737320DB
:10256C00736368656D6500202073797374656D62A3
:10257C006F6F742020202020202D3E2063616C6C16
:10258C002073797374656D20626F6F746C6F616406
:10259C006572002020656D70747920636D64002075
:1025AC0020696E76616C696420636D640020207311
:1025BC00747265616D696E672073746174732073D6
:1025CC00746F70706564003E00202074696D656FD7
:1025DC0075740068656C7000706C00706C20630022
:1025EC00706C20747800706C207278006572723A8E
:1025FC0020696E76616C696420706172616D6574BE
:10260C006572206E616D65006572723A206E6F2086
:10261C0076616C75652073706563696669656400C5
:10262C006572723A20696E76616C69642076616CB1
:10263C007565007073746F7265002020547820707B
:10264C006172616D65746572732073746F72656409
:10265C00002020706172616D6574657273207374F3
:10266C006F7265640062696E640020205478206586
:10267C006E74657265642062696E64206D6F64654A
:10268C000072656C6F616400202054782070617258
:10269C00616D65746572732072656C6F61646564DD
:1026AC00002020706172616D6574657273207265B3
:1026BC006C6F6164656400736574636F6E666967E3
:1026CC006964006572723A20696E76616C69642087
:1026DC00636F6E666967206964206E756D626572E2
:1026EC002028302D39290020206E6F206368616E00
:1026FC006765207265717569726564002020636876
:10270C00616E676520436F6E666967496420746FFC
:10271C00200020207374617274732073747265616D
:10272C006D696E6720737461747300202073656E1D
:10273C006420616E792063686172616374657220D4
:10274C00746F2073746F70006C697374667265714A
:10275C00730073797374656D626F6F7400444959BB
:10276C002045323220473433314B420021455252FE
:10277C0000414952004143524F0021465321004D24
:10278C00414E55004352555A00435253480041485C
:10279C0000414E474C00484F5200414E4748002ADA
:1027AC0000414C5448004155544F00475549440092
:1027BC004C4F49540052544C200043495243004C56
:1027CC00414E440044524946005350525400464C2A
:1027DC004950004154554E0050484C44004252411F
:1027EC004B00544852570041564F4900474E4750F2
:1027FC00005352544C0046484C4400464F4C4C003D
:10280C005A49475A00535953490041524F540041B9
:10281C0052544C005452544C005452414E004642B7
:10282C0057410046425742004352555300544B4FB8
:10283C004600494E495400515354420051484F569A
:10284C0000514C4F5400514C4E44005152544C00CA
:10285C005141544E005141434F0054484D4C004C93
:10286C0032514C005354455200534D504C00444F80
:10287C00434B0041484C440053555246004D44458F
:10288C005400424154545F43415041434954590010
:10289C0072785F737461747573206661696C75729C
:1028AC0065005378206E6F74206F6B004952512075
:1028BC00525820444F4E45204641494C00495251F4
:1028CC0020545820444F4E45204641494C007278C4
:1028DC005F617661696C61626C65206E6F742074E7
:1028EC007275650000000000000000000D24000857
:1028FC00FD230008932E0008BD2E0008DB2E0008D7
:10290C00012B0008791B0008A11C00080000000026
:10291C00000000005B1B00089D32000865310008B8
:10292C00A53000087B300008B91C000809310008EC
:10293C00D51C0008D5300008F91C00080000000068
:10294C00000000005B1B00084D3500085F1B0008F1
:10295C00AD33000883330008FD1C0008ED3300087C
:10296C006F1B0008711B0008751B0008000000009D
:10297C00000000005B1B00085D1B00085F1B0008CB
:10298C00611B0008651B0008671B00086B1B000817
:10299C006F1B0008711B0008751B0008000000006D
:1029AC00000000005B1B00085D1B00085F1B00089B
:1029BC00611B0008651B0008671B00086B1B0008E7
:1029CC006F1B0008711B0008751B0008000000003D
:1029DC00000000005D1E00088165000839660008D3
:1029EC00DD6500085053544F524500434F4E464945
:1029FC00472049440042494E445F50485241534598
:102A0C005F5533320052465F42414E440052465F9E
:102A1C004F5254484F0054585F504F574552005432
:102A2C00585F4449564552534954590054585F43D2
:102A3C00485F534F555243450054585F43485F4FCE
:102A4C00524445520054585F494E5F4D4F44450027
:102A5C0054585F5345525F444553540054585F5388
:102A6C0045525F424155440054585F534E445F52A7
:102A7C004144494F535441540054585F4D41565FA3
:102A8C00434F4D504F4E454E540054585F504F5786
:102A9C0045525F53575F43480054585F42555A5A4A
:102AAC0045520044594E5F504F5745520052585FA3
:102ABC00504F5745520052585F444956455253495E
:102ACC0054590052585F43485F4F5244455200528C
:102ADC00585F4F55545F4D4F44450052585F464127
:102AEC00494C534146455F4D4F44450052585F5346
:102AFC0045525F504F52540052585F5345525F42FB
:102B0C004155440052585F5345525F4C4E4B5F4DFC
:102B1C004F44450052585F4D41565F5359535445ED
:102B2C004D5F49440052585F534E445F52414449F3
:102B3C004F535441540052585F534E445F524343D9
:102B4C0048414E4E454C0052585F4F55545F5253BE
:102B5C0053495F43480052585F4F55545F4C515F87
:102B6C0043480052585F504F5745525F53575F438D
:102B7C00480052585F46535F4348310052585F46F5
:102B8C00535F4348320052585F46535F434833000B
:102B9C0052585F46535F4348340052585F46535F68
:102BAC004348350052585F46535F434836005258ED
:102BBC005F46535F4348370052585F46535F434864
:102BCC00380052585F46535F4348390052585F46AD
:102BDC00535F434831300052585F46535F4348318E
:102BEC00310052585F46535F434831320052585FB0
:102BFC0046535F434831330052585F46535F434856
:102C0C0031340052585F46535F43483135005258B7
:102C1C005F46535F4348313600414E474C450048B0
:102C2C004F52495A4F4E004E415620414C54484F3A
:102C3C004C440048454144494E4720484F4C4400C1
:102C4C004845414446524545004845414441444A63
:102C5C000043414D53544142004E4156205254487A
:102C6C00004E415620504F53484F4C44004D414E5E
:102C7C0055414C00424545504552004C454453206B
:102C8C004F4646004C4947485453004F5344204F3D
:102C9C0046460054454C454D4554525900415554F7
:102CAC004F2054554E4500424C41434B424F580027
:102CBC004641494C53414645004E41562057500021
:102CCC00414952204D4F444500484F4D45205245F7
:102CDC0053455400474353204E415600465056200E
:102CEC00414E474C45204D4958005355524641439F
:102CFC004500464C415045524F4E005455524E20C3
:102D0C00415353495354004E4156204C41554E4368
:102D1C004800534552564F204155544F5452494D3B
:102D2C000043414D45524120434F4E54524F4C208D
:102D3C00310043414D45524120434F4E54524F4C6C
:102D4C0020320043414D45524120434F4E54524F87
:102D5C004C2033004F534420414C542031004F53EE
:102D6C004420414C542032004F534420414C5420B9
:102D7C0033004E415620434F5552534520484F4C3B
:102D8C0044004D43204252414B494E470055534558
:102D9C00523100555345523200555345523300556C
:102DAC0053455234004C4F49544552204348414EF0
:102DBC004745004D5350205243204F5645525249DF
:102DCC0044450050524541524D00545552544C45C7
:102DDC00004E415620435255495345004155544FDE
:102DEC00204C4556454C205452494D0057502050CC
:102DFC004C414E4E455200534F4152494E47004DA7
:102E0C00495353494F4E204348414E474500424594
:102E1C0045504552204D555445004D554C54492074
:102E2C0046554E4354494F4E004D4958455220503B
:102E3C00524F46494C452032004D4958455220547A
:102E4C0052414E534954494F4E00414E474C452038
:102E5C00484F4C440042696E64205068726173653F
:102E6C000042494E445F5048524153450035302092
:102E7C00487A2C333120487A2C313920487A2C4628
:102E8C004C52432C46534B2C313920487A203778FE
:102E9C000052462042616E6400322E342C3931359A
:102EAC00204643432C3836382C3433332C37302CD3
:102EBC0038363620494E2C3931352B322E342C38BD
:102ECC0036382B322E34005246204F7274686F0005
:102EDC006F66662C312F332C322F332C332F33006B
:102EEC00547820506F776572005478204469766569
:102EFC00727369747900656E61626C65642C616EC5
:102F0C0074656E6E61312C616E74656E6E61322CFF
:102F1C00723A656E20743A616E74312C723A656E39
:102F2C0020743A616E743200547820436820536FD9
:102F3C0075726365006E6F6E652C637273662C69B7
:102F4C006E2C6D627269646765005478204368204A
:102F5C004F7264657200414554522C544145522CB9
:102F6C004554415200547820496E204D6F646500E1
:102F7C00736275732C7362757320696E7600547866
:102F8C002053657220446573740073657269616CBB
:102F9C002C73657269616C322C6D62726964676541
:102FAC0000547820536572204261756472617465B7
:102FBC0000393630302C31393230302C3338343013
:102FCC00302C35373630302C3131353230302C32E4
:102FDC00333034303000547820536E6420526164A6
:102FEC00696F53746174006F66662C3120487A00E7
:102FFC005478204D617620436F6D706F6E656E74E2
:10300C00006F66662C656E61626C65640054782096
:10301C00506F776572205377204368006F66662C7B
:10302C00352C362C372C382C392C31302C31312C8A
:10303C0031322C31332C31342C31352C3136005487
:10304C00782042757A7A6572006F66662C4C502C2B
:10305C0072784C510044796E20506F776572006F16
:10306C0066662C6F6E00527820506F776572005236
:10307C0078204469766572736974790052782043BC
:10308C0068204F72646572005278204F7574204D21
:10309C006F646500736275732C637273662C736254
:1030AC00757320696E76005278204661696C5361A5
:1030BC006665204D6F6465006E6F207369672C6CBC
:1030CC006F77207468722C627920636E662C6C6F3B
:1030DC00772074687220636E742C63683163683473
:1030EC0020636E740052782053657220506F727496
:1030FC000073657269616C2C63616E0052782053A9
:10310C006572204261756472617465005278205357
:10311C006572204C696E6B204D6F64650074726132
:10312C006E73702E2C6D61766C696E6B2C6D617686
:10313C006C696E6B582C6D737058005278204D6111
:10314C00762053797374656D2049440035312C35E4
:10315C00322C35332C35342C353500527820536EC7
:10316C006420526164696F53746174006F66662CDD
:10317C00617264755F312C6D6574685F62005278A2
:10318C0020536E642052634368616E6E656C006FF1
:10319C0066662C7263206F766572726964652C7238
:1031AC0063206368616E6E656C73005278204F7596
:1031BC00742052737369204368005278204F7574E1
:1031CC00204C5120436800527820506F7765722054
:1031DC0053772043680052782046532043683100CF
:1031EC0052782046532043683200527820465320B0
:1031FC004368330052782046532043683400527899
:10320C0020465320436835005278204653204368AB
:10321C0036005278204653204368370052782046B7
:10322C0053204368380052782046532043683900B5
:10323C005278204653204368313000527820465350
:10324C002043683131005278204653204368313294
:10325C000052782046532043683133002D313230F0
:10326C0020252C3020252C3132302025005278207E
:10327C00465320436831340052782046532043682B
:10328C003135005278204653204368313600160001
:10329C001818001818181218070000000300000076
:1032AC0002010101020202020203030401010102F4
:1032BC0002020202020202020202020201020202E3
:1032CC00020201000000000000000000E44D0108B3
:1032DC002B130000BC4D01080A0000000000000088
:1032EC0000000000000000000000000000000000D2
:1032FC0000000000800080FF000001000A000A00AE
:10330C000E0019001400640016009E009A040020A0
:10331C00FF000000612E01086D2E0108A51F010899
:10332C00000000000000000000000000A51F0108C4
:10333C0000000000A2040020FE000000BF300108C5
:10334C00D02C0108A51F010800000000000000009F
:10335C0000000000792E010846050020A104002081
:10336C00FE0000009D2E0108112A0108A51F01086E
:10337C00000000000000000000000000A52E010865
:10338C0044050020A3040020FE000000D32E0108F9
:10339C00192A0108A51F0108000000000000000008
:1033AC0000000000DC2E010848050020D20300209C
:1033BC00FE000000EC2E0108222A0108A51F0108BE
:1033CC000000000000000000000000004A05002082
:1033DC0000000000D3030020FE000000F52E0108C1
:1033EC002B2A0108A51F01080000000000000000A6
:1033FC0000000000022F01088E050020D4030020DD
:10340C00FE000000342F0108382A0108A51F01080E
:10341C00000000000000000000000000412F010827
:10342C0090050020D5030020FE000000562F010857
:10343C00452A0108A51F010800000000000000003B
:10344C0000000000622F010800000000D6030020DD
:10345C00FE000000712F0108512A0108A51F010868
:10346C000000000000000000000000007C2F01089C
:10347C0092050020D7030020FE0000008A2F0108CF
:10348C005C2A0108A51F01080000000000000000D4
:10349C0000000000962F010894050020D80300209E
:1034AC00FE000000AD2F0108682A0108A51F0108C5
:1034BC00000000000000000000000000BD2F01080B
:1034CC0000000000DA030020FE000000E22F0108DB
:1034DC00742A0108A51F010800000000000000006C
:1034EC0000000000F32F010800000000DD030020A5
:1034FC00FE000000FC2F0108852A0108A51F010809
:10350C000000000000000000000000000D30010869
:10351C0000000000DE030020FE000000193001084E
:10352C00962A0108A51F01080000000000000000F9
:10353C00000000002830010800000000DB03002020
:10354C00FE0000004B300108A52A0108A51F010848
:10355C0000000000000000000000000055300108D1
:10356C0096050020E2030020FE00000061300108F7
:10357C00AF2A0108A51F0108000000000000000090
:10358C00000000006B30010800000000AE030020BA
:10359C00FE00000072300108B92A0108A51F0108BD
:1035AC000000000000000000000000009A05002050
:1035BC0000000000AF030020FE0000007B3001087B
:1035CC00C22A0108A51F010800000000000000002D
:1035DC0000000000022F0108DE050020B0030020CF
:1035EC00FE00000088300108CF2A0108A51F010841
:1035FC00000000000000000000000000622F010825
:10360C0000000000B1030020FE000000943001080F
:10361C00DB2A0108A51F01080000000000000000C3
:10362C0000000000A0300108E0050020B3030020DA
:10363C00FE000000B3300108E72A0108A51F0108AD
:10364C00000000000000000000000000C430010871
:10365C0000000000BC030020FE000000F130010857
:10366C00F82A0108A51F0108000000000000000056
:10367C0000000000FD300108E2050020B40300202A
:10368C00FE00000008310108042B0108A51F0108E9
:10369C00000000000000000000000000BD2F010829
:1036AC0000000000B5030020FE00000018310108E6
:1036BC00102B0108A51F01080000000000000000ED
:1036CC00000000002931010800000000BD030020AB
:1036DC00FE00000047310108202B0108A51F01083E
:1036EC00000000000000000000000000583101083C
:1036FC0000000000B6030020FE0000006731010846
:10370C00312B0108A51F010800000000000000007B
:10371C00000000007831010800000000B803002010
:10372C00FE0000008A310108422B0108A51F010888
:10373C000000000000000000000000009B310108A8
:10374C0000000000B2030020FE000000B7310108A9
:10375C00532B0108A51F0108000000000000000009
:10376C00000000002830010800000000BA0300200F
:10377C00FE000000C6310108622B0108A51F0108DC
:10378C0000000000000000000000000028300108CC
:10379C0000000000BB030020FE000000D331010834
:1037AC006F2B0108A51F010800000000000000009D
:1037BC00000000002830010800000000C2030020B7
:1037CC0002000000E23101087E2B0108773201086B
:1037DC00000000008800000078000000A51F010810
:1037EC0000000000C303002002000000EC310108BF
:1037FC00882B0108773201080000000088000000C7
:10380C0078000000A51F010800000000C403002080
:10381C0002000000F6310108922B010877320108F2
:10382C00000000008800000078000000A51F0108BF
:10383C0000000000C5030020020000000032010857
:10384C009C2B010877320108000000008800000062
:10385C0078000000A51F010800000000C60300202E
:10386C00020000000A320108A62B01087732010879
:10387C00000000008800000078000000A51F01086F
:10388C0000000000C70300200200000014320108F1
:10389C00B02B0108773201080000000088000000FE
:1038AC0078000000A51F010800000000C8030020DC
:1038BC00020000001E320108BA2B01087732010801
:1038CC00000000008800000078000000A51F01081F
:1038DC0000000000C903002002000000283201088B
:1038EC00C42B01087732010800000000880000009A
:1038FC0078000000A51F010800000000CA0300208A
:10390C000200000032320108CE2B01087732010888
:10391C00000000008800000078000000A51F0108CE
:10392C0000000000CB030020020000003C32010824
:10393C00D82B010877320108000000008800000035
:10394C0078000000A51F010800000000CC03002037
:10395C000200000047320108E32B0108773201080E
:10396C00000000008800000078000000A51F01087E
:10397C0000000000CD0300200200000052320108BC
:10398C00EE2B0108773201080000000088000000CF
:10399C0078000000A51F010800000000CE030020E5
:1039AC00FE0000005D320108F92B0108A51F01087B
:1039BC000000000000000000000000006832010858
:1039CC0000000000CF030020FE0000007932010847
:1039DC00042C0108A51F01080000000000000000D5
:1039EC00000000006832010800000000D003002035
:1039FC00FE000000843201080F2C0108A51F0108ED
:103A0C000000000000000000000000006832010807
:103A1C0000000000D1030020FE0000008F320108DE
:103A2C001A2C0108A51F010800000000000000006E
:103A3C00000000006832010800000000616263644D
:103A4C0065666768696A6B6C6D6E6F7071727374A2
:103A5C0075767778797A3031323334353637383980
:103A6C005F232D2E0000000000070E091C1B1215F1
:103A7C00383F363124232A2D70777E796C6B626542
:103A8C00484F464154535A5DE0E7EEE9FCFBF2F532
:103A9C00D8DFD6D1C4C3CACD90979E998C8B828522
:103AAC00A8AFA6A1B4B3BABDC7C0C9CEDBDCD5D212
:103ABC00FFF8F1F6E3E4EDEAB7B0B9BEABACA5A202
:103ACC008F88818693949D9A2720292E3B3C3532F2
:103ADC001F18111603040D0A5750595E4B4C4542E2
:103AEC006F68616673747D7A898E878095929B9CD2
:103AFC00B1B6BFB8ADAAA3A4F9FEF7F0E5E2EBECC2
:103B0C00C1C6CFC8DDDAD3D4696E676075727B7CB1
:103B1C0051565F584D4A4344191E171005020B0CA1
:103B2C0021262F283D3A33344E49404752555C5B91
:103B3C007671787F6A6D64633E39303722252C2B81
:103B4C000601080F1A1D1413AEA9A0A7B2B5BCBB71
:103B5C009691989F8A8D8483DED9D0D7C2C5CCCB61
:103B6C00E6E1E8EFFAFDF4F3000000003209000092
:103B7C0000000000010000007C2B00000000000091
:103B8C0002000000890C000000000000040000008E
:103B9C00ED0E030C0D00000005000000D91C010007
:103BAC000000000006000000680300000000000098
:103BBC000700000077200000000000000800000053
:103BCC0075240000000000000B00000059060104E1
:103BDC000000000014000000D614030203000000D3
:103BEC00150000009F0203000100000016000000F9
:103BFC00DC1900000000000017000000A8170304E7
:103C0C00050000001800000018340000000000003F
:103C1C001900000017650000000000001A000000E9
:103C2C00AA180000000000001B000000901D0000FE
:103C3C00000000001C000000431000000000000009
:103C4C001D00000073100000000000001E000000AA
:103C5C00271C0000000000001F000000F6300000D0
:103C6C000000000020000000B91C00000000000053
:103C7C0021000000681C0000000000002200000071
:103C8C00ED1600000000000023000000F4160000F8
:103C9C000000000024000000DE25000000000000F1
:103CAC0025000000D40703040500000026000000D6
:103CBC00090703040500000027000000FE2603206E
:103CCC002100000028000000E605030203000000AC
:103CDC00290000001C040302030000002A0000005D
:103CEC001C120000000000002B00000084030300E5
:103CFC00010000002C000000DD090302030000009D
:103D0C002D000000E8030300010000002E0000005D
:103D1C000B020000000000002F00000099080300B7
:103D2C0001000000300000002915010C000000000B
:103D3C0031000000271400000000000032000000D9
:103D4C004E2503121300000033000000C4050302CB
:103D5C000300000035000000030500000000000017
:103D6C00360000000F1B031819000000370000007C
:103D7C0003190000000000003D000000A7480000EF
:103D8C00000000003E000000B71A00000000000018
:103D9C003F00000077B5000000000000400000006C
:103DAC00BFE100000000000041000000762A000086
:103DBC000000000042000000940603020300000013
:103DCC004300000015040000000000004500000046
:103DDC00F31E010A00000000460000007C260310C0
:103DEC0011000000490000002626032021000000DD
:103DFC004A00000014140000000000004B000000FA
:103E0C009E23031E1F0000004C0000009821031E7F
:103E1C001F0000004D0000008F0A0308090000007D
:103E2C00500000000E0403020300000051000000CB
:103E3C006A16000000000000520000003133032419
:103E4C0025000000530000001625000000000000B3
:103E5C00540000008F350332330000005500000081
:103E6C008C330000000000005600000005350332C2
:103E7C0033000000570000009633000000000000E3
:103E8C0059000000E71C0000000000005A00000070
:103E9C00B7380000000000005B0000003F2A000063
:103EAC00000000005C000000362100000000000053
:103EBC005D0000002F5100000000000064000000B5
:103ECC00AF220000000000006500000066750000D5
:103EDC0000000000660000009E750000000000005D
:103EEC0067000000D03900000000000068000000EE
:103EFC003874000000000000690000005D3F000005
:103F0C00000000006A0000008A2C00000000000085
:103F1C006B0000006C410000000000006C00000011
:103F2C00205C0000000000006D000000B9090000DA
:103F3C00000000006E00000054FE030102000000AF
:103F4C006F0000002212031011000000700000002E
:103F5C00AE0C000000000000710000007C27000087
:103F6C000000000072000000ED2C000000000000BA
:103F7C00730000000440000000000000740000000A
:103F8C004C180000000000007500000080060304BF
:103F9C000500000076000000380E00000000000054
:103FAC0077000000740C030A0B000000780000007E
:103FBC00866100000000000079000000ED020300A3
:103FCC00010000007A000000CB0203000100000099
:103FDC007B000000FA710300010000007C0000006F
:103FEC0057390000000000007D000000CB060000E7
:103FFC00000000007E000000DC51034F5000000068
:10400C007F00000019230000000000008000000069
:10401C00E223000000000000810000002E180000C8
:10402C0000000000820000001D0D000000000000D8
:10403C0083000000DFFF000000000000840000008F
:10404C00552700000000000085000000061200004B
:10405C000000000086000000E52B000000000000BE
:10406C0087000000CB080000000000008800000062
:10407C00011600000000000089000000C3100000C1
:10408C00000000008A0000006D78000000000000B5
:10409C008B000000A82B03292A0000008C000000D4
:1040AC00B5290000000000008D0000002F2000004A
:1040BC00000000008E00000048F30000000000002B
:1040CC008F00000083100000000000009000000032
:1040DC007F5D00000000000092000000676400009B
:1040EC0000000000930000009A3600000000000061
:1040FC0094000000B24E000000000000950000008B
:10410C00C83C00000000000096000000862A000059
:10411C000000000097000000DB0803060700000009
:10412C0098000000D008000000000000990000007A
:10413C00BC0C0000000000009A000000540F0306A5
:10414C00070000009B000000160D03040500000092
:10415C009C00000013060300010000009D000000FD
:10416C00150F030C0D0000009E000000860F030CC1
:10417C000D000000A00000004E0C03080900000018
:10418C00A10000004403030001000000A200000095
:10419C00BD09000000000000A30000007F1C00000F
:1041AC0000000000A40000009A2C00000000000099
:1041BC00A50000001503000000000000A600000090
:1041CC001509000000000000A70000009016000078
:1041DC0000000000A8000000010C0000000000001E
:1041EC00A9000000EA12000000000000AA00000074
:1041FC004922000000000000AB000000B5420000A6
:10420C0000000000AC00000016620000000000007E
:10421C00AD0000005308000000000000AE000000DC
:10422C00A730000000000000AF0000008A13030E4E
:10423C000F000000B0000000EA03030001000000C2
:10424C00B1000000F014000000000000B2000000FB
:10425C002F18000000000000B3000000BD1D011A63
:10426C0000000000B4000000342F012A0000000000
:10427C00B5000000AE04000000000000B600000015
:10428C00E528000000000000B70000005502030004
:10429C0001000000B80000009FCE030405000000E0
:1042AC00B9000000BA07030405000000BA000000C2
:1042BC00481D030001000000BF0000005C1B000053
:1042CC0000000000C00000002436000000000000C8
:1042DC00C1000000471A000000000000C2000000EE
:1042EC006221000000000000C300000078250000DF
:1042FC0000000000C8000000862A032829000000E6
:10430C00C9000000CD0E030C0D000000D60000000B
:10431C004508030607000000D700000065030000F5
:10432C0000000000D8000000320303000100000070
:10433C00D9000000CA06000000000000DA000000EE
:10434C001107030001000000DB000000A2020000C6
:10435C0000000000DC000000222000000000000033
:10436C00DD000000472A000000000000DE00000015
:10437C000F03000000000000DF000000772F032A6D
:10438C002B000000E0000000662D032A2B0000002B
:10439C00E1000000D049000000000000E200000035
:1043AC00CF08000000000000E6000000A32A000077
:1043BC0000000000E7000000692800000000000079
:1043CC00E80000009741000000000000E900000038
:1043DC0023B6000000000000EA0000009628000050
:1043EC0000000000EB000000B32A000000000000F9
:1043FC00F10000005A20000000000000F200000054
:10440C00683C000000000000F3000000553D013442
:10441C0000000000F40000005F0600000000000037
:10442C00F50000008202000000000000F600000011
:10443C00B826000000000000F70000005113000037
:10444C0000000000F800000008FE03030400000058
:10445C00F9000000CC24000000000000FA0000006D
:10446C00311E000000000000FB000000AA1200003A
:10447C0000000000FC0000002C12000000000000F6
:10448C00FD0000005336000000000000FE0000009C
:10449C002E0900000000000000010000472A03085C
:1044AC000900000001010000830900000000000069
:1044BC0002010000BBE80300010000000301000042
:1044CC005CED00000000000004010000920E0000F2
:1044DC000000000005010000B33D000000000000DA
:1044EC00060100000C17000000000000070100008E
:1044FC0085FF0000000000000801000031200000D2
:10450C0000000000090100001A1400000000000067
:10451C000A010000C1FF0302030000000B010000B0
:10452C0023FF0302030000000C0100000E04030231
:10453C00030000000D0100006DD70000000000001A
:10454C000E0100003B140000000000000F010000F1
:10455C001635000000000000130100007E20000052
:10456C0000000000140100001232000000000000E6
:10457C00150100003E1E00000000000018010000A4
:10458C00462100000000000019010000300D000061
:10459C00000000001A0100007B2303202100000012
:1045AC001B0100004A910000000000001C010000EB
:1045BC006320031E1F0000001D010000893103262B
:1045CC00270000001E010000D23903323300000026
:1045DC001F0100000117031415000000200100004A
:1045EC00141703141500000022010000FB2E00001C
:1045FC0000000000230100000A3900000000000048
:10460C0024010000E3DF031819000000270100005B
:10461C00EA0C00000000000028010000322300001A
:10462C00000000002B0100001362000000000000DD
:10463C002C010000D9160000000000002D01000024
:10464C00F33A000000000000360100001C110000CD
:10465C0000000000370100005F7400000000000043
:10466C0040010000F31403020300000041010000AC
:10467C00580203000100000042010000F395000005
:10468C0000000000430100004E93030001000000F5
:10469C004401000084920000000000004A01000068
:1046AC0017A70000000000004B0100005BE90000B0
:1046BC00000000004C010000ECEF000000000000C6
:1046CC004D010000E76D0000000000004E010000ED
:1046DC00480A0000000000004F010000E118000033
:1046EC000000000050010000F55400000000000024
:1046FC0053010000C7050000000000005401000039
:10470C00634600000000000059010000D1150302AF
:10471C00030000005E010000E8FC00000000000047
:10472C0062010000D20E030C0D00000063010000BA
:10473C00060C000000000000680100000B190000CE
:10474C0000000000690100005D2100000000000075
:10475C0071010000971800000000000072010000B9
:10476C004B6D000000000000730100000A1A0000ED
:10477C0000000000740100001A8C00000000000012
:10478C0075010000752A0000000000007701000090
:10479C00FB8C00000000000078010000C70800003E
:1047AC00000000007C010000E81400000000000084
:1047BC0081010000938503020300000082010000C8
:1047CC008410030405000000830100000448030466
:1047DC0005000000840100000825032021000000D2
:1047EC00860100009CF00000000000008B0100001E
:1047FC0000D40000000000008C01000032A000007A
:10480C00000000008D010000B66C000000000000EC
:10481C00900100006EFE03040500000091010000F1
:10482C00B7060304050000009A010000A035000043
:10483C00000000009B0100006A0300000000000063
:10484C009C01000021060304050000009D010000EE
:10485C004D070304050000009E0100006D100000D0
:10486C00000000009F010000A110000000000000EB
:10487C00A40100001449030607000000B301000066
:10488C00862E000000000000B4010000C1090000E9
:10489C0000000000B50100001E0100000000000037
:1048AC00B80100004223000000000000B901000024
:1048BC00A911000000000000FE010000F56A0000D4
:1048CC0000000000FF0100001C4700000000000079
:1048DC0000020000B802000000000000421F0000AF
:1048EC00DA10000000000000431F0000E729000060
:1048FC0000000000441F0000AC620000000000003B
:10490C00451F0000FB26000000000000461F0000B1
:10491C00610E000000000000471F00004020000056
:10492C0000000000481F0000EA2100000000000009
:10493C00491F000090100000000000004A1F0000FA
:10494C009B290000000000004B1F000014660000B3
:10495C00000000004C1F000036100000000000009A
:10496C004D1F0000DE2E0000000000004E1F000056
:10497C00C80E0000000000004F1F000017180000B8
:10498C0000000000501F0000951200000000000005
:10499C002823000071890000000000002D23000076
:1049AC00752200000000000011270000D114000047
:1049BC000000000012270000BA29000000000000CF
:1049CC001327000004010000000000001427000061
:1049DC008509000000000000152700006709000091
:1049EC000000000016270000C104000000000000B9
:1049FC0017270000471100000000000018270000D6
:104A0C00F00E000000000000A7270000C3550000B6
:104A1C0000000000F82A00008634030405000000A2
:104A2C00F92A00000F88000000000000FA2A00009C
:104A3C00EAB4030405000000FB2A00004005000056
:104A4C0000000000FC2A00000BE80308090000002D
:104A5C00FD2A00005DE6000000000000022B0000B3
:104A6C002E31000000000000032B00006A2C000017
:104A7C00000000000C2B0000CD1000000000000016
:104A8C00162B0000902C000000000000172B0000DB
:104A9C00852C000000000000182B0000552C000095
:104AAC0000000000192B0000C325031011000000AA
:104ABC001A2B00004F050000000000001B2B00000B
:104ACC0080080304050000001C2B0000B12200002C
:104ADC00000000001D2B0000821C000000000000E4
:104AEC001E2B00002F260000000000001F2B0000D2
:104AFC008E09000000000000202B0000842C000018
:104B0C0000000000212B0000D02C00000000000051
:104B1C00222B0000C92C000000000000232B0000F9
:104B2C00C12C000000000000242B0000BD2C000054
:104B3C0000000000342B0000A24E0000000000001A
:104B4C0064320000722C030001000000653200008A
:104B5C00FE3B031E1F000000663200008C35030470
:104B6C000500000067320000F92E03000100000070
:104B7C00683200004D36031C1D0000006932000035
:104B8C00312B030001000000733200005EF90300BA
:104B9C0001000000763200008B33000000000000A2
:104BAC007732000007120310110000007832000069
:104BBC0014050000000000006842000067B300000C
:104BCC0000000000FE4200001A210000000000005E
:104BDC00FF420000481000000000000001430000EC
:104BEC0013110000000000000243000059110000E6
:104BFC0000000000034300001B0A0000000000003E
:104C0C00044300000E5B00000000000005430000A0
:104C1C00BB54000000000000064300006A180000AE
:104C2C000000000010A40000E301000000000000E0
:104C3C0011A40000EF2E00000000000051C3000082
:104C4C00F62000000000000052C30000B5F6000082
:104C5C000000000053C300003E13000000000000E1
:104C6C0054C30000F00A03080900000055C30000FB
:104C7C00980603040500000020CB00000D64000022
:104C8C000000000021CB0000EF010000000000003C
:104C9C0015CD0000F01100000000000016CD000042
:104CAC00584E00000000000017CD000060550000B9
:104CBC000000000018CD0000B11C00000000000036
:104CCC0019CD0000D73200000000000078CD0000A4
:104CDC00B52603202100000079CD000066240000D9
:104CEC000000000060EA0000041603141500000028
:104CFC006AEA0000D0210000000000006BEA00000E
:104D0C00B7070000000000006CEA000063240320D9
:104D1C00210000006DEA000081180314150000004A
:104D2C006EEA0000860803040500000074EA000027
:104D3C00CA0400000000000088EA00009CF5000096
:104D4C000000000089EA0000BFFF00000000000026
:104D5C008DEA00000E170302030000008EEA00002B
:104D6C00AB1C0308090000008FEA000037070000A5
:104D7C000000000091EA0000610C0000000000003F
:104D8C0092EA0000DC0E00000000000093EA000034
:104D9C00F51800000000000094EA0000652C0000EB
:104DAC000000000095EA00002D0600000000000045
:104DBC006666F435CCCCFC353333053699990D3613
:104DCC000000163666661E36CCCC263633332F36AC
:104DDC0099993736000040366666663800007038A0
:104DEC009999793833338338CCCC8C3866669638BD
:104DFC000000A0389999A9383333B338CCCCBC38DF
:104E0C006666C6380000D0389999D9383333E33800
:104E1C00CCCCEC386666F638000000399999093923
:104E2C0033331339CCCC1C39666626390000303943
:104E3C009999393933334339CCCC4C396666563968
:104E4C00000060399999693933337339CCCC7C398A
:104E5C006666863900009039999999393333A339AC
:104E6C00CCCCAC396666B6390000C0399999C939D1
:104E7C003333D339CCCCDC396666E6390000F039F3
:104E8C009999F9390000891112239B322446AD57A8
:104E9C003665BF74488CC19D5AAFD3BE6CCAE5DB76
:104EAC007EE9F7F88110080193331A22A5562C4796
:104EBC00B7753E64C99C408DDBBF52AEEDDA64CB56
:104ECC00FFF976E802218B30100299132667AF7632
:104EDC003444BD554AADC3BC588ED19F6EEBE7FA36
:104EEC007CC8F5D983310A2091121803A7772E6656
:104EFC00B5543C45CBBD42ACD99E508FEFFB66EA16
:104F0C00FDD874C904428D5316619F702004A915F5
:104F1C003227BB364CCEC5DF5EEDD7FC6888E199F5
:104F2C007AABF3BA85520C4397711E60A114280515
:104F3C00B3373A26CDDE44CFDFFD56ECE9986089D5
:104F4C00FBBB72AA06638F7214409D512225AB34B1
:104F5C003006B9174EEFC7FE5CCCD5DD6AA9E3B8B5
:104F6C00788AF19B87730E6295501C41A3352A24D5
:104F7C00B1163807CFFF46EEDDDC54CDEBB962A895
:104F8C00F99A708B088481951AA793B62CC2A5D375
:104F9C003EE1B7F04008C919522BDB3A644EED5F85
:104FAC00766DFF7C899400859BB712A6ADD224C385
:104FBC00BFF136E0C1184809D33B5A2AE55E6C4F65
:104FCC00F77D7E6C0AA583B4188691972EE3A7F221
:104FDC003CC0B5D14229CB38500AD91B666FEF7E45
:104FEC00744CFD5D8BB502A499961087AFF326E245
:104FFC00BDD034C1C3394A28D11A580BE77F6E6E25
:10500C00F55C7C4D0CC685D71EE597F42880A191E4
:10501C003AA3B3B2444ACD5B5669DF78600CE91D04
:10502C00722FFB3E8DD604C79FF516E4A990208104
:10503C00BBB332A2C55A4C4BD7795E68E11C680DE4
:10504C00F33F7A2E0EE787F61CC495D52AA1A3B0A0
:10505C003882B193466BCF7A5448DD59622DEB3CC4
:10506C00700EF91F8FF706E69DD414C5ABB122A0C4
:10507C00B9923083C77B4E6AD5585C49E33D6A2CA4
:10508C00F11E780FA08601000B19000050C3000020
:10509C001000041000005B0101000000B01D0000B6
:1050AC0096FF00000506010C015B00009033000028
:1050BC0091FF00000606010C015B00002058000067
:1050CC0090FF0000D22D010800000000252C0108E3
:1050DC00020000002B2C010803000000332C0108F7
:1050EC00040000003F2C0108050000004C2C0108B6
:1050FC0006000000552C0108FF0000005D2C010883
:10510C00FF000000652C0108070000006D2C010851
:10511C0008000000792C010809000000802C01080F
:10512C00FF000000872C0108FF000000902C0108F4
:10513C00FF000000972C0108FF0000009F2C0108C5
:10514C00FF000000A92C01080A000000B32C010884
:10515C00FF000000BC2C010801000000C52C010858
:10516C000B000000CC2C01080C000000D52C010811
:10517C00FF000000E02C0108FF000000E82C0108F3
:10518C00FF000000F62C0108FF000000FE2C0108B7
:10519C000D000000072D01080E000000132D010862
:1051AC000F0000001E2D0108FF0000002D2D01082E
:1051BC00FF0000003E2D0108FF0000004F2D0108EC
:1051CC00FF000000602D0108FF0000006A2D01089F
:1051DC00FF000000742D0108FF0000007E2D010867
:1051EC00100000008E2D0108FF000000992D010811
:1051FC00FF0000009F2D0108FF000000A52D0108F5
:10520C00FF000000AB2D0108FF000000B12D0108CC
:10521C00FF000000BF2D0108FF000000CF2D01088A
:10522C00FF000000D62D010811000000DD2D010843
:10523C0012000000E82D0108FF000000F82D010805
:10524C00FF000000032E0108130000000B2E0108C4
:10525C00FF0000001A2E0108FF000000262E010896
:10526C00FF000000352E0108FF000000452E01084C
:10527C00FF000000562E0108140000000000000082
:10528C00000000005B1B00085D1B00085F1B000892
:10529C00611B0008BDBF0008ADC10008F5C10008C6
:1052AC0045BB0008711B0008751B000800000000BE
:1052BC000000000095640008911E0008814300085E
:1052CC0000000000000000005D1D0008D167000810
:1052DC000000000000000000216A0008A36B000819
:1052EC00FBC30008931E0008B71E0008451D0008EC
:1052FC00ECFFFFFF000000005B1B00085D1B0008BB
:10530C005F1B0008611B000805C40008B11E0008E3
:10531C00DD1E0008511D0008711B0008751B0008DC
:10532C000000000000000000010203040607080949
:10533C00000000000102030401000200040006004A
:10534C0008000A000C001000200040008000000142
:10535C000100000002000000040000000600000034
:10536C00080000000A0000000C0000001000000003
:10537C002000000040000000800000000001000040
:10538C0000000000000FC93F000F494000CB9640C1
:10539C00000FC9400053FB4000CB164100ED2F41DC
:1053AC00000F49410031624100537B41003A8A4170
:1053BC0000CB9641005CA34100EDAF41007EBC41A7
:1053CC00000FC94100A0D5410031E24100C2EE41BD
:1053DC000053FB4100F20342003A0A4200831042A0
:1053EC0000CB164200141D42005C234200A529424A
:1053FC0000ED2F4200363642007E3C4200C742424E
:10540C00000F4942A2000000F900000083000000D8
:10541C006E0000004E00000044000000150000006B
:10542C0029000000FC0000002700000057000000CD
:10543C00D1000000F500000034000000DD00000089
:10544C00C0000000DB0000006200000095000000BE
:10545C00990000003C000000430000009000000098
:10546C0041000000FE00000051000000630000003D
:10547C00AB000000DE000000BB000000C500000017
:10548C0061000000B7000000240000006E00000066
:10549C003A000000420000004D000000D200000065
:1054AC00E000000006000000490000002E00000093
:1054BC00EA00000009000000D1000000920000008A
:1054CC001C000000FE0000001D000000EB000000AE
:1054DC001C000000B100000029000000A700000023
:1054EC003E000000E80000008200000035000000D3
:1054FC00F50000002E000000BB000000440000007E
:10550C0084000000E90000009C0000007000000016
:10551C0026000000B40000005F0000007E000000C8
:10552C00410000003900000091000000D60000008E
:10553C003900000083000000530000003900000017
:10554C00F40000009C000000840000005F000000DC
:10555C008B000000BD000000F900000028000000D6
:10556C003B0000001F000000F80000009700000046
:10557C00FF000000DE0000000500000098000000A5
:10558C000F000000EF0000002F00000011000000D1
:10559C008B0000005A0000000A0000006D000000A3
:1055AC001F0000006D000000360000007E000000AF
:1055BC00CF00000027000000CB0000000900000015
:1055CC00B70000004F000000460000003F00000044
:1055DC00660000009E0000005F000000EA00000072
:1055EC002D0000007500000027000000BA0000002C
:1055FC00C7000000EB000000E5000000F100000017
:10560C007B0000003D000000070000003900000096
:10561C00F70000008A000000520000009200000019
:10562C00EA0000006B000000FB0000005F000000BF
:10563C00B10000001F0000008D0000005D000000A4
:10564C0008000000560000000300000030000000BD
:10565C0046000000FC0000007B0000006B00000016
:10566C00AB000000F0000000CF000000BC00000008
:10567C00200000009A000000F4000000360000003A
:10568C001D000000A9000000E300000091000000D4
:10569C00610000005E000000E60000001B0000003E
:1056AC000800000065000000990000008500000063
:1056BC005F00000014000000A00000006800000063
:1056CC00400000008D000000FF000000D80000002A
:1056DC00800000004D000000730000002700000057
:1056EC00310000000600000006000000150000005C
:1056FC0056000000CA00000073000000A800000063
:10570C00C900000060000000E20000007B00000007
:10571C00C00000008C0000006B000000DB0F49BFD4
:10572C00E4CB1640E4CB16C000000080DB0F4940F0
:10573C00DB0F49C03863ED3EDA0F493F5E987B3F83
:10574C00DA0FC93F6937AC3168212233B40F1433F7
:10575C006821A2330000C93F0000F0390000DA379D
:10576C000000A2330000842E0000502B0000C22742
:10577C000000D0220000C41F0000C61B000044170C
:10578C000400000007000000090000000020202099
:10579C0020202020202028282828282020202020D5
:1057AC0020202020202020202020202020881010A5
:1057BC001010101010101010101010101004040401
:1057CC0004040404040404101010101010104141BF
:1057DC0041414141010101010101010101010101AD
:1057EC0001010101010101011010101010104242C1
:1057FC00424242420202020202020202020202027D
:10580C00020202020202020210101010200000001C
:10581C00000000000000000000000000000000007C
:10582C00000000000000000000000000000000006C
:10583C00000000000000000000000000000000005C
:10584C00000000000000000000000000000000004C
:10585C00000000000000000000000000000000003C
:10586C00000000000000000000000000000000002C
:10587C00000000000000000000000000000000001C
:10588C000000000000000000000000000052454530
:10589C004E54206D616C6C6F63207375636365652A
:1058AC00646564002F646174612F6A656E6B696E48
:1058BC00732F776F726B73706163652F474E552D25
:1058CC00746F6F6C636861696E2F61726D2D31310D
:1058DC002F7372632F6E65776C69622D63796777AE
:1058EC00696E2F6E65776C69622F6C6962632F74B9
:1058FC00696D652F676D74696D652E63002C20666C
:10590C00756E6374696F6E3A20006173736572749F
:10591C00696F6E2022257322206661696C65643A7A
:10592C002066696C6520222573222C206C696E65BB
:10593C00202564257325730A00232D302B20006845
:10594C006C4C006566674546470030313233343560
:10595C0036373839414243444546003031323334CE
:0C596C00353637383961626364656600C7
:0859780044C1FF7F01000000A3
:08598000C90B00080DD400085A
:04598800A10B000867
:10598C00291F010876310108342701082B1F010853
:10599C009D2501082E1F01089226010806310108D9
:1059AC00291F0108B1300108B0290108243000205A
:1059BC0001000000F0290108A703002001000000ED
:1059CC00F72901088006002005000000012A0108C3
:1059DC00A204002001000000D02C0108A10400202A
:1059EC0001000000112A0108A3040020010000009E
:1059FC00192A0108D203002001000000222A010804
:105A0C00D3030020010000002B2A0108D40300203E
:105A1C0001000000382A0108D50300200100000015
:105A2C00452A0108D603002001000000512A010874
:105A3C00D7030020010000005C2A0108D8030020D5
:105A4C0001000000682A0108DA03002001000000B0
:105A5C00742A0108DD03002001000000852A0108DA
:105A6C00DE03002001000000962A0108DB03002061
:105A7C0001000000A52A0108E2030020010000003B
:105A8C00AF2A0108AE03002001000000B92A01086A
:105A9C00AF03002001000000C22A0108B00300205F
:105AAC0001000000CF2A0108B10300200100000012
:105ABC00DB2A0108B303002001000000E72A0108DB
:105ACC00BC03002001000000F82A0108B4030020E8
:105ADC0001000000042B0108B503002001000000A8
:105AEC00102B0108BD03002001000000202B010831
:105AFC00B603002001000000312B0108B803002080
:105B0C0001000000422B0108B2030020010000003C
:105B1C00532B0108BA03002001000000622B01087E
:105B2C00BB030020010000006F2B0108C203002002
:105B3C00020000007E2B0108C303002002000000BD
:105B4C00882B0108C403002002000000922B0108DE
:105B5C00C5030020020000009C2B0108C603002096
:105B6C0002000000A62B0108C70300200200000061
:105B7C00B02B0108C803002002000000BA2B01085A
:105B8C00C903002002000000C42B0108CA03002036
:105B9C0002000000CE2B0108CB0300200200000005
:105BAC00D82B0108CC03002002000000E32B0108D5
:105BBC00CD03002002000000EE2B0108CE030020D4
:105BCC0001000000F92B0108CF03002001000000A8
:105BDC00042C0108D0030020010000000F2C010848
:105BEC00D1030020010000001A2C0108FF00000066
:105BFC00191D00086D2600082029010850290108EC
:105C0C00802901080024F4000100000010000000AD
:105C1C000000000000000000000000000000000078
:105C2C000100000000000000000000000000000067
:105C3C0000000000030000008C4B0020000000005E
:105C4C008C4B0020F44B00205C4C0020000000002A
:105C5C000000000000000000000000000000000038
:105C6C000000000000000000000000000000000028
:105C7C000000000000000000000000000000000018
:0C5C8C000000000000000000BC0200202E
:040000050800E155B9
:00000001FF
