:020000040800F2
:100000000000012065E500089BE400089DE400086D
:100010009FE40008A1E40008A3E400080000000039
:10002000000000000000000000000000A5E400083F
:10003000A7E4000800000000A9E40008ABE4000801
:10004000B5E50008B5E50008B5E50008B5E5000828
:10005000B5E50008B5E50008B5E50008B5E5000818
:10006000B5E50008B5E50008B5E50008B5E5000808
:10007000B5E50008B5E50008B5E50008B5E50008F8
:10008000B5E50008B5E50008B5E50008B5E50008E8
:1000900000000000B5E50008B5E50008B5E500087A
:1000A000B5E50008B5E50008B5E50008B5E50008C8
:1000B000793A00088D370008B5E50008B5E5000875
:1000C000B5E50008B5E50008B5E50008B5E50008A8
:1000D0000569000899340008B5E50008B5E5000891
:1000E000B5E50008B5E50008B5E50008B5E5000888
:1000F000B5E500080000000000000000B5E50008BC
:10010000B5E50008B5E50008C1C00008B5E5000880
:10011000B5E50008B5E50008B5E50008B5E5000857
:10012000B5E50008B5E50008B5E50008B5E5000847
:08013000B5E50008B5E5000883
:1001400010F8012B11F8013B012A28BF9A42F7D081
:10015000D01A7047034613F8012B002AFBD1181A56
:10016000013870470000000000000000000000009F
:1001700001F0FF01102A2BDB10F0070F08D010F858
:10018000013B013A8B422DD010F0070F42B3F6D15C
:10019000F0B441EA012141EA014122F007047FF075
:1001A00000070023F0E80256083C85EA010586EACC
:1001B000010685FA47F5A3FA87F586FA47F6A5FA08
:1001C00087F68EB9EED1F0BC01F0FF0102F0070214
:1001D00032B110F8013B013A83EA010313B1F8D1BF
:1001E0000020704701387047002D06BF35460338A0
:1001F000073815F0010F07D1013015F4807F02BFD9
:10020000013015F4C03F0130F0BC0138704700BF29
:1002100081F0004102E000BF83F0004330B54FEAB7
:1002200041044FEA430594EA050F08BF90EA020F24
:100230001FBF54EA000C55EA020C7FEA645C7FEAB7
:10024000655C00F0E2804FEA5454D4EB5555B8BFDA
:100250006D420CDD2C4480EA020281EA030382EA4B
:10026000000083EA010180EA020281EA0303362DDD
:1002700088BF30BD11F0004F4FEA01314FF4801CB0
:100280004CEA113102D0404261EB410113F0004FC2
:100290004FEA03334CEA133302D0524263EB430379
:1002A00094EA050F00F0A780A4F10104D5F1200E17
:1002B0000DDB02FA0EFC22FA05F2801841F1000172
:1002C00003FA0EF2801843FA05F359410EE0A5F146
:1002D00020050EF1200E012A03FA0EFC28BF4CF077
:1002E000020C43FA05F3C01851EBE37101F000452D
:1002F00007D54FF0000EDCF1000C7EEB00006EEB3A
:100300000101B1F5801F1BD3B1F5001F0CD34908C3
:100310005FEA30004FEA3C0C04F101044FEA44521A
:1003200012F5800F80F09A80BCF1004F08BF5FEAA1
:10033000500C50F1000041EB045141EA050130BD81
:100340005FEA4C0C404141EB0101013C28BFB1F593
:10035000801FE9D291F0000F04BF01460020B1FADE
:1003600081F308BF2033A3F10B03B3F120020CDAB1
:100370000C3208DD02F1140CC2F10C0201FA0CF08F
:1003800021FA02F10CE002F11402D8BFC2F1200CF4
:1003900001FA02F120FA0CFCDCBF41EA0C019040AA
:1003A000E41AA2BF01EB0451294330BD6FEA0404F3
:1003B0001F3C1CDA0C340EDC04F11404C4F12002DE
:1003C00020FA04F001FA02F340EA030021FA04F3F0
:1003D00045EA030130BDC4F10C04C4F1200220FA47
:1003E00002F001FA04F340EA0300294630BD21FA85
:1003F00004F0294630BD94F0000F83F4801306BF4B
:1004000081F480110134013D4EE77FEA645C18BF3E
:100410007FEA655C29D094EA050F08BF90EA020FD5
:1004200005D054EA000C04BF1946104630BD91EACD
:10043000030F1EBF0021002030BD5FEA545C05D1D0
:100440004000494128BF41F0004130BD14F580040F
:100450003CBF01F5801130BD01F0004545F0FE4183
:1004600041F470014FF0000030BD7FEA645C1ABFB8
:10047000194610467FEA655C1CBF0B46024650EAEF
:10048000013406BF52EA033591EA030F41F400211B
:1004900030BD00BF90F0000F04BF0021704730B5A1
:1004A0004FF4806404F132044FF000054FF0000176
:1004B00050E700BF90F0000F04BF0021704730B537
:1004C0004FF4806404F1320410F0004548BF40420C
:1004D0004FF000013EE700BF42004FEAE2014FEA61
:1004E00031014FEA02701FBF12F07F4393F07F4F3C
:1004F00081F06051704732F07F4208BF704793F03F
:100500007F4F04BF41F40021704730B54FF4607451
:1005100001F0004521F000411CE700BF50EA010254
:1005200008BF704730B54FF000050AE050EA0102FD
:1005300008BF704730B511F0004502D5404261EB6D
:1005400041014FF4806404F132045FEA915C3FF4AE
:10055000D8AE4FF003025FEADC0C18BF03325FEA4B
:10056000DC0C18BF033202EBDC02C2F1200300FAFC
:1005700003FC20FA02F001FA03FE40EA0E0021FA21
:1005800002F11444BDE600BF70B54FF0FF0C4CF40F
:10059000E06C1CEA11541DBF1CEA135594EA0C0FC1
:1005A00095EA0C0F00F0DEF82C4481EA030621EAFC
:1005B0004C5123EA4C5350EA013518BF52EA033537
:1005C00041F4801143F4801338D0A0FB02CE4FF0E9
:1005D0000005E1FB02E506F00042E0FB03E54FF019
:1005E0000006E1FB03569CF0000F18BF4EF0010E11
:1005F000A4F1FF04B6F5007F64F5407404D25FEA0D
:100600004E0E6D4146EB060642EAC62141EA5551BF
:100610004FEAC52040EA5E504FEACE2EB4F1FD0C01
:1006200088BFBCF5E06F1ED8BEF1004F08BF5FEA7F
:10063000500E50F1000041EB045170BD06F0004631
:1006400046EA010140EA020081EA0301B4EB5C04DE
:10065000C2BFD4EB0C0541EA045170BD41F48011D6
:100660004FF0000E013C00F3AB8014F1360FDEBFFB
:10067000002001F0004170BDC4F10004203C35DAD7
:100680000C341BDC04F11404C4F1200500FA05F35A
:1006900020FA04F001FA05F240EA020001F00042FB
:1006A00021F0004110EBD37021FA04F642EB060171
:1006B0005EEA430E08BF20EAD37070BDC4F10C049B
:1006C000C4F1200500FA04F320FA05F001FA04F25F
:1006D00040EA020001F0004110EBD37041F100014B
:1006E0005EEA430E08BF20EAD37070BDC4F1200556
:1006F00000FA05F24EEA020E20FA04F301FA05F2BE
:1007000043EA020321FA04F001F0004121FA04F265
:1007100020EA020000EBD3705EEA430E08BF20EA35
:10072000D37070BD94F0000F0FD101F0004640006F
:1007300041EB010111F4801F08BF013CF7D041EAF1
:10074000060195F0000F18BF704703F000465200F5
:1007500043EB030313F4801F08BF013DF7D043EAC6
:100760000603704794EA0C0F0CEA135518BF95EA7C
:100770000C0F0CD050EA410618BF52EA4306D1D103
:1007800081EA030101F000414FF0000070BD50EA22
:10079000410606BF1046194652EA430619D094EAAC
:1007A0000C0F02D150EA013613D195EA0C0F05D196
:1007B00052EA03361CBF104619460AD181EA0301EA
:1007C00001F0004141F0FE4141F470014FF00000A2
:1007D00070BD41F0FE4141F4780170BD70B54FF03D
:1007E000FF0C4CF4E06C1CEA11541DBF1CEA1355BD
:1007F00094EA0C0F95EA0C0F00F0A7F8A4EB05049F
:1008000081EA030E52EA03354FEA013100F0888095
:100810004FEA03334FF0805545EA131343EA12635E
:100820004FEA022245EA111545EA10654FEA002613
:100830000EF000419D4208BF964244F1FD0404F5CC
:10084000407402D25B084FEA3202B61A65EB030528
:100850005B084FEA32024FF480104FF4002CB6EBE5
:10086000020E75EB030E22BFB61A754640EA0C0065
:100870005B084FEA3202B6EB020E75EB030E22BFA5
:10088000B61A754640EA5C005B084FEA3202B6EBE6
:10089000020E75EB030E22BFB61A754640EA9C00A5
:1008A0005B084FEA3202B6EB020E75EB030E22BF75
:1008B000B61A754640EADC0055EA060E18D04FEA33
:1008C000051545EA16754FEA06164FEAC30343EAD3
:1008D00052734FEAC2025FEA1C1CC0D111F4801FA0
:1008E0000BD141EA00014FF000004FF0004CB6E799
:1008F00011F4801F04BF01430020B4F1FD0C88BF38
:10090000BCF5E06F3FF6AFAEB5EB030C04BFB6EB42
:10091000020C5FEA500C50F1000041EB045170BD35
:100920000EF0004E4EEA113114EB5C04C2BFD4EB62
:100930000C0541EA045170BD41F480114FF0000EE6
:10094000013C90E645EA060E8DE60CEA135594EA62
:100950000C0F08BF95EA0C0F3FF43BAF94EA0C0F65
:100960000AD150EA01347FF434AF95EA0C0F7FF4DA
:1009700025AF104619462CE795EA0C0F06D152EA2E
:1009800003353FF4FDAE1046194622E750EA410612
:1009900018BF52EA43067FF4C5AE50EA41047FF423
:1009A0000DAF52EA43057FF4EBAE12E74A0011D2D5
:1009B00012F5001211D20DD56FF47873B3EB6252B9
:1009C0000ED44FEAC12343F0004343EA505323FAC5
:1009D00002F070474FF00000704750EA013002D13A
:1009E0004FF0FF3070474FF00000704780F000403C
:1009F00002E000BF81F0004142001FBF5FEA4103F7
:100A000092EA030F7FEA226C7FEA236C6AD04FEAF6
:100A10001262D2EB1363C1BFD2184140484041403B
:100A2000B8BF5B42192B88BF704710F0004F40F4ED
:100A3000000020F07F4018BF404211F0004F41F409
:100A4000000121F07F4118BF494292EA030F3FD0D5
:100A5000A2F1010241FA03FC10EB0C00C3F12003E8
:100A600001FA03F100F0004302D5494260EB400077
:100A7000B0F5000F13D3B0F1807F06D340084FEAE2
:100A8000310102F10102FE2A51D2B1F1004F40EBD7
:100A9000C25008BF20F0010040EA0300704749003F
:100AA00040EB0000013A28BFB0F5000FEDD2B0FADC
:100AB00080FCACF1080CB2EB0C0200FA0CF0AABFFF
:100AC00000EBC25052421843BCBFD040184370479D
:100AD00092F0000F81F4000106BF80F400000132A3
:100AE000013BB5E74FEA41037FEA226C18BF7FEA7A
:100AF000236C21D092EA030F04D092F0000F08BFBC
:100B00000846704790EA010F1CBF0020704712F0A2
:100B10007F4F04D1400028BF40F00040704712F1E1
:100B200000723CBF00F50000704700F0004343F046
:100B3000FE4040F4000070477FEA226216BF08467C
:100B40007FEA23630146420206BF5FEA412390EA3F
:100B5000010F40F4800070474FF0000304E000BF35
:100B600010F0004348BF40425FEA000C08BF7047E6
:100B700043F0964301464FF000001CE050EA0102AA
:100B800008BF70474FF000030AE000BF50EA0102BF
:100B900008BF704711F0004302D5404261EB4101AC
:100BA0005FEA010C02BF84460146002043F0B643D1
:100BB00008BFA3F18053A3F50003BCFA8CF2083AF6
:100BC000A3EBC25310DB01FA02FC634400FA02FCFF
:100BD000C2F12002BCF1004F20FA02F243EB020006
:100BE00008BF20F00100704702F1200201FA02FC68
:100BF000C2F1200250EA4C0021FA02F243EB02005B
:100C000008BF20EADC7070474FF0FF0C1CEAD0529E
:100C10001EBF1CEAD15392EA0C0F93EA0C0F6FD05F
:100C20001A4480EA010C400218BF5FEA41211ED03D
:100C30004FF0006343EA501043EA5111A0FB013129
:100C40000CF00040B1F5000F3EBF490041EAD371FE
:100C50005B0040EA010062F17F02FD2A1DD8B3F17A
:100C6000004F40EBC25008BF20F00100704790F0E9
:100C7000000F0CF0004C08BF49024CEA502040EA3B
:100C800051207F3AC2BFD2F1FF0340EAC250704701
:100C900040F400004FF00003013A5DDC12F1190F3F
:100CA000DCBF00F000407047C2F10002410021FAB1
:100CB00002F1C2F1200200FA02FC5FEA310040F1C9
:100CC000000053EA4C0308BF20EADC70704792F042
:100CD000000F00F0004C02BF400010F4000F013A7A
:100CE000F9D040EA0C0093F0000F01F0004C02BF75
:100CF000490011F4000F013BF9D041EA0C018FE7E4
:100D00000CEAD15392EA0C0F18BF93EA0C0F0AD0E9
:100D100030F0004C18BF31F0004CD8D180EA01000F
:100D200000F00040704790F0000F17BF90F0004FA8
:100D3000084691F0000F91F0004F14D092EA0C0F8A
:100D400001D142020FD193EA0C0F03D14B0218BF1D
:100D5000084608D180EA010000F0004040F0FE4063
:100D600040F40000704740F0FE4040F440007047FF
:100D70004FF0FF0C1CEAD0521EBF1CEAD15392EA7E
:100D80000C0F93EA0C0F69D0A2EB030280EA010C6E
:100D900049024FEA402037D04FF0805343EA111107
:100DA00043EA10130CF000408B4238BF5B0042F165
:100DB0007D024FF4000C8B4224BF5B1A40EA0C000A
:100DC000B3EB510F24BFA3EB510340EA5C00B3EB3C
:100DD000910F24BFA3EB910340EA9C00B3EBD10F2A
:100DE00024BFA3EBD10340EADC001B0118BF5FEA7C
:100DF0001C1CE0D1FD2A3FF650AF8B4240EBC250A5
:100E000008BF20F0010070470CF0004C4CEA502065
:100E10007F32C2BFD2F1FF0340EAC250704740F4B4
:100E200000004FF00003013A37E792F0000F00F0A6
:100E3000004C02BF400010F4000F013AF9D040EA24
:100E40000C0093F0000F01F0004C02BF490011F4B8
:100E5000000F013BF9D041EA0C0195E70CEAD153B0
:100E600092EA0C0F08D142027FF47DAF93EA0C0F97
:100E70007FF470AF084676E793EA0C0F04D14B027B
:100E80003FF44CAF08466EE730F0004C18BF31F02D
:100E9000004CCAD130F000427FF45CAF31F0004327
:100EA0007FF43CAF5FE700BF4FF0FF3C06E000BFC0
:100EB0004FF0010C02E000BF4FF0010C4DF804CDE3
:100EC0004FEA40024FEA41037FEA226C18BF7FEAF3
:100ED000236C11D001B052EA530C18BF90EA010FF5
:100EE00058BFB2EB030088BFC81738BF6FEAE17084
:100EF00018BF40F0010070477FEA226C02D15FEA20
:100F0000402C05D17FEA236CE4D15FEA412CE1D08B
:100F10005DF8040B704700BF844608466146FFE752
:100F20000FB5FFF7C9FF002848BF10F1000F0FBD34
:100F30004DF808EDFFF7F4FF0CBF012000205DF82D
:100F400008FB00BF4DF808EDFFF7EAFF34BF0120B2
:100F500000205DF808FB00BF4DF808EDFFF7E0FF4B
:100F600094BF012000205DF808FB00BF4DF808ED9C
:100F7000FFF7D2FF94BF012000205DF808FB00BFFF
:100F80004DF808EDFFF7C8FF34BF012000205DF8E1
:100F900008FB00BF4FEA40024FEA41037FEA226CA0
:100FA00002D15FEA402C08D17FEA236C02D15FEACC
:100FB000412C02D14FF0000070474FF00100704704
:100FC0004FEA4002B2F1FE4F0FD34FF09E03B3EB56
:100FD00012620DD94FEA002343F0004310F0004F96
:100FE00023FA02F018BF404270474FF000007047EC
:100FF00012F1610F01D1420205D110F0004008BF8B
:101000006FF0004070474FF00000704742000ED272
:10101000B2F1FE4F0BD34FF09E03B3EB126209D433
:101020004FEA002343F0004323FA02F070474FF0E9
:101030000000704712F1610F01D1420202D14FF05E
:10104000FF3070474FF00000704700BF7BB972B9A6
:101050000029BEBF00204FF0004106E008BF002875
:101060001CBF6FF000414FF0FF3000F057B8ADF1FA
:10107000080C6DE904CE002909DB002B1ADB11F006
:10108000DFF9DDF804E0DDE9022304B070474042F7
:1010900061EB4101002B1BDB11F0D2F9DDF804E01C
:1010A000DDE9022304B0404261EB4101524263EBAF
:1010B00043037047524263EB430311F0C1F9DDF87B
:1010C00004E0DDE9022304B0404261EB41017047D6
:1010D000524263EB430311F0B3F9DDF804E0DDE9BC
:1010E000022304B0524263EB4303704753B94AB939
:1010F000002908BF00281CBF4FF0FF314FF0FF3020
:1011000000F00CB8ADF1080C6DE904CE11F098F9BF
:10111000DDF804E0DDE9022304B07047704700BF4A
:101120000348044B834202D0034B03B11847704776
:10113000F4020020F4020020000000000548064BE5
:101140001B1AD90F01EBA301491002D0034B03B1C5
:1011500018477047F4020020F4020020000000004D
:1011600010B5064C237843B9FFF7DAFF044B13B1EF
:101170000448AFF300800123237010BDF802002063
:10118000000000000827010808B5054B1BB1054900
:101190000548AFF30080BDE80840FFF7CFBF00BFB0
:1011A00000000000FC020020082701080022427015
:1011B00082700122C270B1FA81F1022249090271E2
:1011C000032201704271704743788B421FD001297E
:1011D00041700AD0022910D0C1B90123C3708170B7
:1011E00002230371032343717047037843B1012342
:1011F00083700223C3700023F3E70378002BF6D03B
:10120000022383700023C3700123EAE7FEE77047DF
:1012100082B00B88ADF800304B88ADF802308B8877
:10122000ADF80430CB88ADF806300239431C0530E8
:1012300013F8012F0DF1080C0CEB4202834232F837
:10124000082C21F8022FF3D102B0704710B50C46DC
:101250001146FFF7B9FF2146BDE81040FFF7D8BFA0
:101260000B4B10B54FF07F32C0E923234FF47F437F
:10127000A0F89430FF23044680F89630983000F0B0
:1012800029FC002384F8A43084F8A83010BD00BFE6
:10129000FFFF7F0070B51146154604461E4600F05C
:1012A0003FFC294604F1140000F03AFC294604F101
:1012B000280000F035FC294604F13C0000F030FC29
:1012C000294604F1500000F02BFC294604F164008B
:1012D00000F026FC294604F1780000F021FC4FF4D0
:1012E000FA7332464FF4FA6104F1980000F0D8FB2B
:1012F0002046FFF7B5FF002384F8A5304FF47F4365
:10130000A4F8A63070BD022380F8A830704770475B
:1013100000F00DBC143000F00ABC08B5503000F0ED
:1013200010FC292100F114030246B3FBF1F313F082
:10133000FF0002D1101E18BF012008BD08B564309F
:1013400000F0FFFB292100F114030246B3FBF1F387
:1013500013F0FF0002D1101E18BF012008BD90F845
:10136000903013B990F98C00704790F98D00704758
:1013700090F8903013B990F98E00704790F98F0073
:10138000704710B504460AF0C1FF50B194F8A83078
:1013900043B904F13C0000F0CEFB012838BF012026
:1013A000C0B210BD6420FCE790F8A83013B990F8E3
:1013B0009300704764207047783000F0C4BB7830E9
:1013C00000F0C9BB10B5044600F08BFB04F114001B
:1013D00000F087FB04F1280000F083FB04F13C00DF
:1013E00000F07FFB04F1500000F087FB04F1640083
:1013F00000F083FB04F1780000F085FB94F8A8303E
:1014000013B1013B84F8A83010BD7F2807D0002815
:1014100007DA10F1800F06D04042C0B270470020BA
:101420007047012070477F20704710B1404240B2A2
:1014300070477F2070477F280FD010F1310F0EDAF0
:1014400010F1780F0DDB7830FE2340B25843233083
:101450004623B0FBF3F0C0B27047FF207047FE2078
:10146000704700207047012805DD40F2FE73984266
:1014700003DC80B270470120704740F2FF70704774
:10148000A0F57870C0EBC02040F2AE7390FBF3F093
:1014900000F58060FFF7E7BFFFF7F2BF032812DD1A
:1014A0000C2812DD0F2812DD122812DD162812DD9D
:1014B000192812DD1C2812DD1F2812DD2128CCBFBF
:1014C000FF2006207047002070470120704702204F
:1014D000704708207047032070470720704704209A
:1014E000704705207047000005289ABF014B185C23
:1014F000FF2070478427010805289ABF014B185C1C
:10150000FF2070478A2701087F2803D0002803DACC
:10151000C0B2704700207047FF2070477F2811D06D
:1015200010F1320F10DA884210DD401A6423C1F145
:10153000FF21584301F57F01CE31313090FBF1F0AE
:10154000C0B27047FF20704764207047002070478A
:10155000014B4840185C70479027010852B110B405
:10156000054C0A4411F8013B58408A42205CF9D1ED
:1015700010BC7047704700BF90270108392808D871
:1015800022280ED9094B2338C0B2C34003F0010012
:1015900070475F2807D0613819288CBF00200120D0
:1015A0007047002070470120704700BF01EC7F00AA
:1015B000F8B50246451E461D00245F2715F8010FA9
:1015C000FF2804BF0134E4B2FFF7D8FF00B92F7041
:1015D000AE42F3D1062C04D119B10B6813608B888D
:1015E000938000239371F8BD2DE9F843DFF8349020
:1015F000471E441D012500264FF0280817F8011F3B
:1016000008480FF008FE034610B1A0EB0903DBB257
:10161000A3FB05329E19A742A5FB0853EED1304625
:10162000BDE8F8839028010810B54179A1F1300098
:10163000C3B2092B07D80523B0FBF3F303EB8303F5
:10164000C01AC0B210BD044C20460FF0E4FD0028C3
:10165000F1D0001BC0B2EEE790280108F0B5094BAD
:10166000094F821D2826B1FBF3F4272C94BF3D5D62
:10167000302502F8015D824203FB1411B3FBF6F33F
:10168000F1D1F0BD00801A069028010870B504461B
:10169000FEF760FD02B20023551E18B2A84204FAFC
:1016A00083F104DA265C302E03F10103F5D0121A1F
:1016B00001322046BDE870400FF0CCBF2DE9F04765
:1016C000432B28BF432396B00C46154600211A46EB
:1016D000984607460FF0D8FF0021412205A8049143
:1016E0000FF0D2FFDFF87C90DFF87CA004EB45051B
:1016F000AC4210D104A8FEF72DFD28B100F158032B
:101700006B44002203F8492C04A938460FF06CFD05
:1017100016B0BDE8F08734F9020B47F6FF73984224
:10172000E8D0002812DC514668460FF05DFD04A8A1
:10173000FEF710FD06466846FEF70CFD0644B04570
:10174000D6D3694604A80FF057FDD1E7694680B2A9
:101750000CF013FA6846FFF799FF494668460FF008
:101760004BFDE4E77D27010878270108F0B589B033
:101770006D4600242F468E1CE1B28A4204D83946B9
:10178000FFF79CFF09B0F0BD36F8241025F8021BC6
:101790000134F1E742F210736421B0FBF3F203FB72
:1017A0001200B0FBF1F301FB130000EB023000EB81
:1017B000831080B27047020B00F03F0342F21071B9
:1017C00001FB0233C0F38510642202FB0030704736
:1017D0002DE9F04142F2107388B0B1FBF3F603FB40
:1017E00016141F49DFF87C8005460FF0FDFC6946A2
:1017F000F0B20CF09FF96846FFF748FF69462846AB
:101800000FF0FAFC414628460FF0F6FC64276946C3
:10181000B4FBF7F6F0B20CF08DF96846FFF736FF2F
:10182000694628460FF0E8FC07FB16444146284667
:101830000FF0E2FC6946E0B20CF07CF99DF8013053
:101840008DF800309DF802308DF801306946002394
:1018500028468DF802300FF0CFFC08B0BDE8F081CB
:10186000593A01088227010870B50E460021054645
:1018700014460FF009FF00239AB2944200D870BDBD
:10188000F25C002AFBD0EA540133F5E770B50E464E
:1018900014460021013205460FF0F6FE00239AB2ED
:1018A000944200D870BDF25C002AFBD0EA540133A8
:1018B000F5E730B50023044698B2904201D30120E9
:1018C00005E0E55CC85C1DB9B0FA80F0400930BDA8
:1018D0000028FCD0854203F10103EDD00020F6E79B
:1018E0007D23438043F2390309B2C36000230180A2
:1018F0008180C3800372704702680449044B01FB76
:10190000023323F000430360180C7047FD430300CB
:10191000C39E2600F0B5002597B00160858004467F
:101920005622294668460FF0AFFE0126627CAA4285
:1019300009D80023802104F1B400237417B0BDE856
:10194000F0400FF0A1BE2046FFF7D6FFE7797B1BE2
:10195000002190FBF3F202FB1300C0B2EC460A46F2
:10196000CBB29F421DD80023227B9A42DED0A279BF
:10197000033A012A04EB050105D925B191F911209B
:10198000D2B9012BD2D98B74A26852F823105833E4
:1019900004EB85026B440135516303F8586CEDB2DA
:1019A000C4E71CF801EBBEF1000F03D18242DBD08B
:1019B0000132D2B20131D3E7501E8342E3DB013260
:1019C0009342E0DCB2E72DE9F047154696B0013DC1
:1019D0000160027104464371EDB25622002168464F
:1019E0000FF052FE0027022D84BF4FF001090025A1
:1019F0003E464FF0010A94F807809CBF4FF0030960
:101A0000B8FBF9F8627CB24209D80023802104F1C6
:101A1000B400237416B0BDE8F0470FF035BE204681
:101A2000FFF76AFFA8EB0603002190FBF3F202FB2D
:101A30001300C0B2EC460A46CBB2984506D91CF852
:101A400001EBBEF1000F22D182421ED1434528BFD7
:101A50004346227B03FB095101F0FF018A42D1D0AA
:101A600016B1B7B9012BCDD9A2191F469174A2683E
:101A700052F8211004EB86020136516303F158023B
:101A80006A44F6B202F858ACBCE70132D2B2013176
:101A9000D2E77A1E9342E7DB7A1C9342E4DCB1E79B
:101AA0002DE9F041044610461D4616468846FFF7CC
:101AB00053F8074606EB0800FFF74EF80146384694
:101AC000FFF756F9656020602846FFF749F8A060E7
:101AD000BDE8F08110B504464068FFF741F8A0600A
:101AE00010BDD0E901236421D31AC36082604B4347
:101AF000418AB3FBF1F303747047D0E90123D31A91
:101B0000C0E90223704743682BB1C26864214A438D
:101B1000B2FBF3F2D3B203740023C3604360704797
:101B20000023C0E902334182436003747047436875
:101B3000013343607047007C704743680B44436047
:101B40007047C068704711B1C3680133C360436810
:101B5000013343607047007C70470000072800D9BC
:101B6000FEE7014B185C7047E8280108002303805A
:101B7000837080F8293070470346007810B1002246
:101B80001A707047587810B100225A7070479878D0
:101B900010B100229A70704793F8290010B100220A
:101BA00083F8292070470170704701707047817079
:101BB00070478170426070474068704708307047D6
:101BC00010B50229044680EAE070A0EBE47068D109
:101BD0005AB9002CACBF7F233F239842A8BF1846B8
:101BE000002C01DA40F0400010BD012A1AD1632810
:101BF00005DC4000002CF7DA40F48070F4E740F296
:101C0000F54398420CDCFEF7A7FF5749FEF7FCFFAF
:101C10000DF0E8FFFFF7FAF9400040F00100E9E7B6
:101C2000FF20E7E7022A40F09C80632805DC800063
:101C3000002CD9DA40F40070D6E7B0F57A7F0CDAE0
:101C4000FEF78AFF4849FEF7DFFF0DF0CBFFFFF7F5
:101C5000DDF9800040F00100EAE742F20F7398429C
:101C60000CD8FEF779FF4149FEF7CEFF0DF0BAFF21
:101C7000FFF7CCF9800040F00200D9E73C4B9842D6
:101C80000CD8FEF769FF3B49FEF7BEFF0DF0AAFF37
:101C9000FFF7BCF9800040F00300C9E740F2FF10F5
:101CA000C6E703295DD1012A1BD1B0F57A7F05DA99
:101CB0004000002C98DA40F4006095E7B0F5205F12
:101CC0000CDAFEF749FF2849FEF79EFF0DF08AFF68
:101CD000FFF79CF9400040F00100EAE740F2FF7096
:101CE000E7E7022A3DD1B0F57A7F06DA8000002CC2
:101CF000BFF67AAF40F4805076E742F20F73984215
:101D00000CDCFEF729FF1849FEF77EFF0DF06AFF95
:101D1000FFF77CF9800040F00100E8E7164B98429D
:101D20000CD8FEF719FF1149FEF76EFF0DF05AFFB0
:101D3000FFF76CF9800040F00200D8E7B0F57A2F89
:101D40000CD2FEF709FF0B49FEF75EFF0DF04AFFCC
:101D5000FFF75CF9800040F00300C8E740F6FF7031
:101D6000C5E7002040E700BFCDCCCC3D0AD7233CDF
:101D700017F001006F12833A9F8601000023436031
:101D8000038170470A2310B50446838001F038FEB2
:101D90002368E0809B6820469847208110BD038916
:101DA00070B504469BB1858845B1013DADB28580D3
:101DB0006DB903681B68BDE87040184701F020FE4C
:101DC000E388C01A238980B2834201D2258170BD85
:101DD000236820465B68EEE700230360704700003D
:101DE00038B5084B09291B7828BF09218B420446C6
:101DF0000D4602D10023036038BD01F0F5FD2571C9
:101E00002060F9E714030020036810B504460BB9FD
:101E1000002010BD01F0E8FD2368C01A40F2EE2357
:101E20009842F5D90023054A2360127823799A4213
:101E3000EED0034A0120D377EBE700BF1403002064
:101E400070030020FF23437100230171837103811C
:101E50008372704738B5037904460D465BB141790A
:101E6000A94208D041B101290AD00023A3716571AC
:101E700055B1012D0FD038BD03689B689847F4E732
:101E800003680021DB68F9E723689B68012120468D
:101E90009847A071EFE723682946DB68F7E72DE94B
:101EA000F04F077CC37B857CC67C90F815E090F8EA
:101EB000208090F80EC0BF000C4647EA931703F04D
:101EC0003F01437C03F0010247EA822705F00F023D
:101ED000D20142EA530206F07F031B0143EA1513C5
:101EE000057D89B06D0045EAD6150EF00306059311
:101EF00045EA4623867D009306F01F05AD0145EABD
:101F00009E03C57D90F819E00193ED0045EA561354
:101F1000057E02930EF0070645EA0623857E0393AD
:101F200005F03F06760146EADE03C67E90F81CE027
:101F30000493B60046EA95160EF0010546EA85269A
:101F4000457F069205F00F0B4FEACB1B4BEA5E0B69
:101F500090F81EE00EF07F0A4FEA0A1A4AEA151AB4
:101F6000C57F6D0045EADE1508F0030E45EA4E25F3
:101F700090F821E00EF01F094FEA891949EA980903
:101F8000490190F82280407B41EADC010CF0070C0B
:101F900040EA0C204FEAC80848EA5E180791FFF7AC
:101FA0006FFA079920800846FFF76AFA6080384682
:101FB000FFF766FA069AA0801046FFF761FA059BC4
:101FC000E0801846FFF75CFA20810098FFF758FA86
:101FD00060810198FFF754FAA0810298FFF750FA48
:101FE000E0810398FFF74CFA20820498FFF748FA43
:101FF00060823046FFF744FAA0825846FFF740FA65
:10200000E0825046FFF73CFA20832846FFF738FA73
:1020100060834846FFF734FAA0834046FFF730FA62
:102020004FF48063E0832384638409B0BDE8F08FBC
:102030002DE9F04104460F4601F0E2FC4FF00108A3
:102040000546236820461B689847064650B9A37A80
:10205000012B1FD12389ED1A40F6C4139D42C8BF3E
:10206000A07217E0236820465B689847A37AA3B95B
:102070000F2814D1A4F80A80E37AE2180133DBB206
:10208000182B1073E3720AD939462046FFF707FF71
:102090000023A3723046BDE8F081012BECD02581EE
:1020A000CFE7827922B14379012B01D8FFF7C0BF76
:1020B0000020704770477047704700207047704796
:1020C00000207047002070477047002070470020B4
:1020D000704770474FF0B04382B0DA6C0243DA6465
:1020E000DB6C03400193019B02B070474FF0B0439B
:1020F00082B09A6D02439A659B6D03400193019BE8
:1021000002B070474FF0B04382B01A6E02431A66B5
:102110001B6E03400193019B02B0704750E8003FE3
:1021200043F0800340E80032002AF7D1704750E8BE
:10213000003F23F0200340E80032002AF7D1704727
:1021400050E8003F23F0400340E80032002AF7D176
:10215000704750E8003F23F0800340E80032002A37
:10216000F7D170470288044B5140C9B233F811309F
:1021700083EA122303807047385801089AB110B4DB
:10218000B0F800C0084C0A4411F8013B83EA0C0384
:10219000DBB2914234F8133083EA1C2CA0F800C063
:1021A000F2D110BC704770473858010837B54FF668
:1021B000FF730446ADF806304518AC4203D1BDF8B4
:1021C000060003B030BD14F8011B0DF10600FFF747
:1021D000C9FFF2E71629A8BF16216FF00800814257
:1021E000B8BF01461170197070470000044B188881
:1021F000044B1B8880B29BB2C01A18BF01207047E5
:102200003E4100203C410020044A00231380044A40
:102210001380044A1380044A138070473C41002015
:102220003E410020404300204243002001207047EF
:102230000649074A0B8812880133C3F3080392B298
:102240009A421EBF034AD0540B8070473637002095
:1022500034370020343500200023A0F87032A0F875
:102260006E3270470023A0F85C32A0F85A327047F3
:10227000044B1888044B1B8880B29BB2C01A18BF4D
:102280000120704736370020343700200278024B97
:1022900051405B5C037070471C440108FF230370CE
:1022A000704700BF7047B0F86E32B0F870229B1ACA
:1022B00098B21B0444BF00F5006080B2003818BF1C
:1022C00001207047A0F11400EDE7B0F87022B0F8DB
:1022D0006E12914203461FBF8118013291F87402B9
:1022E000B3F872121ABF0A40A3F870220020704798
:1022F000A0F11400E9E770B50B7803704B784370D8
:102300000B78FD2B05460C4638D18B788370CB7843
:10231000C3700B7903714B7943718B7983718B682F
:10232000C3718B68C3F30F2303728B7A43720A263F
:10233000627804F10C01A8190EF084FF6378B4F8F8
:102340000C213344981CEA545A1CB4F80C1192B274
:10235000090AA954A278D20780B20ED504F5887272
:10236000054404F58E7452F8041B45F8041BA24280
:10237000F9D112782A700F3398B270BD00238B7098
:102380000B7983704B79C3708B7903718B684371C0
:102390000626CDE738B54A78352A0D46044601F1C0
:1023A0000C010AD80EF04EFF68780021C0F1360209
:1023B0002044BDE838400FF067B9403551F8043B80
:1023C00040F8043BA942F9D10B88038038BD38B5E9
:1023D0004A781B2A0C46054601F10C010AD80EF07A
:1023E00031FF60780021C0F11C022844BDE838406C
:1023F0000FF04AB9283451F8043B45F8043BA14298
:10240000F9D138BD38B54A78082A0D46044601F19D
:102410000C010AD80EF016FF68780021C0F10902FD
:102420002044BDE838400FF02FB9EB6803604B68DB
:1024300043600B7A037238BD38B54A78072A0C46D8
:10244000054601F10C010AD80EF0FCFE607800216F
:10245000C0F108022844BDE838400FF015B9E36820
:1024600003604B68436038BD08B52C220348002147
:102470000FF00AF9024B00221A7008BDF40D00207B
:10248000F40500202DE9F0411378037092F80180E3
:1024900080F80180FD2B04460F46154654D19378F1
:1024A0008370D378C370137903715379437193792F
:1024B00083716B7A127A1B0403EB0223EA791344CB
:1024C00023F07F430A26A26863F31702A260A919CA
:1024D000424604F10C000EF0B5FE7A7B904507D21F
:1024E00008F10C00A2EB0802002120440FF0CCF808
:1024F00063781E44AB195A78AB5D03EB0223A4F852
:102500000C31A378DB070ED5023615FA86F304F5F5
:10251000887203F10C0153F8040B42F8040B8B4250
:10252000F9D11B781370BB7A84F82131FB7A84F8D7
:1025300022313B7B84F823317B7B84F824313B7848
:1025400084F82031BDE8F081002343809378037143
:10255000D37843711379837153790626B3E738B57D
:102560004A78132A0C46054601F10C010AD80EF0F0
:1025700069FE60780021C0F114022844BDE83840AB
:102580000FF082B8203451F8043B45F8043BA142D7
:10259000F9D138BD2DE9F04F0C465188B1F58C7F4B
:1025A000054685B04FF0000010D31070D91CC9B299
:1025B000012995BF01210023518053809CBF2370C6
:1025C00011700020287005B0BDE8F08F16780E2E2F
:1025D00000F2908001A757F826F000BFAD25000853
:1025E00019260008412600085F260008F526000885
:1025F000F5260008F5260008F5260008F52600084F
:10260000F5260008F5260008F5260008F52600083E
:10261000F526000871260008481C50806354217874
:10262000FD299BB206D10C330A21D380918002236D
:102630001370C6E708330621D38091800E23F7E795
:10264000481C50806354D80742BFD1880D31D180D7
:102650000020012B8CBF034603231370B2E7481CF4
:10266000508000208342635414BF03460E23F4E7D6
:10267000481C508063545388D1888B4232D3002346
:102680005380137002232B7069802378FD2B37D180
:1026900063792B72A3796B72637A227A1B0403EB42
:1026A0000223E27913446B60637803F10C026A80C1
:1026B000A278D10701D519336B8000266968DFF84D
:1026C00000816E8140F285120C20B31801335B0843
:1026D00000FB03F758F80770B9421AD25A1EB242EB
:1026E000F3D818E092889A423FF66BAF01232B7023
:1026F000002068E7107050809080D0802870F7E745
:10270000E3782B7223796B7263796B60637808339B
:10271000D2E71E46E3D80C27774358F80730994292
:1027200027D123782046FD2B10F801BF0CBF4FF0B6
:102730000A094FF0060909EB0B03591E89B24744F9
:102740000193FFF733FD97F804A0ADF80E00514652
:102750000DF10E00FFF706FD019BE218E35C5278D5
:1027600003EB0223BDF80E209BB29A4209D005204C
:1027700000E003202870023801288CBF00200120CF
:1027800021E7BB79DA0706D5FA79934582BF04EBD6
:1027900009018A5CAA729B0709D50C2303FB0683F7
:1027A00062781B7A9A4282BF4C44E35CEB720C2342
:1027B00003FB068385F80CA05B796B730220DAE7D4
:1027C0001C450108074B084A5B6A02F5006353E8A1
:1027D000003F43F0200302F5006040E8003100298B
:1027E000F3D1704700380140003001400A4A0B4BDA
:1027F00012680B49A3FB02323220920C00FB02F25A
:10280000084B486802F5FA72A3FB023292094B6842
:102810001B1A9A42FBD870478402002083DE1B43B8
:10282000001000E0D34D621030B587B0034601AC14
:1028300000F1100518685968224603C20833AB42FC
:102840001446F7D10024094D8DF81440A96801A859
:10285000FDF776FC10B920B207B030BD0134302C42
:1028600005F10C05F2D14FF0FF30F5E72C00002008
:1028700002780A4B90F801C08178D243D2B29A5CB8
:1028800082EA0C0290F803C09A5C4A40995C027993
:1028900081EA0C01595C4A40985C70471C4401086D
:1028A000028810B58488531C234044889C421EBF74
:1028B00012189171038010BD411A88B20B0444BFF5
:1028C00000F5007080B2704770B5104C00252346AB
:1028D00026782EB166788E4202D1A67896420BD029
:1028E00001350C2D04F10404F2D1002413F8245016
:1028F0001DB101340C2CF9D170BD012503F8245011
:1029000003EB8403D87059709A70F5E7F90500203D
:102910002DE9F8430B460D795A7A9E7ADF7A204BDF
:10292000097A1B5CDB07044600D50DB9FFF7CCFF25
:1029300000231C491A4898464FF0010E9C4201F8AA
:10294000018B25D02DB90278920702D501F801EC50
:102950001EE0154A4FF0000C92F80090B9F1000FFC
:102960000FD092F8039099450BD1002EEED092F83B
:102970000190B14505D1002FE8D092F80290B945F9
:10298000E4D00CF1010CBCF10C0F02F10402E3D114
:102990000133DBB2042B00F10100CFD1BDE8F88395
:1029A00029060020F5050020F905002007B5036879
:1029B0008DF807101B6901220DF10701984703B03C
:1029C0005DF804FBF0B50546FD2305F80C3B85B02A
:1029D00004468DF8043090F8243103F10C020244CF
:1029E000012B42D80026637066808DF805308B7A03
:1029F00023718DF808308B7AADF8066001338B7245
:102A000063798DF80930A3798DF80A30A368C3F390
:102A100017031A128DF80B3009211B140DF1050054
:102A20008DF80D308DF80C20FFF7C0FB6778ADF8FE
:102A300002003A4629460DF10200FFF79FFB94F889
:102A40002311FFF78FFB94F82421BDF80230A4F87E
:102A50000C31974210D207F10C00D21B31462044B2
:102A600005B0BDE8F0400EF00FBE12F8010D0028D1
:102A7000B8D1013BDBB2B3E705B0F0BD704770479A
:102A800008B5FFF7B3FE044AD2F8903043F4004390
:102A9000C2F8903008BD00BF00040058044AD2F8C4
:102AA000903023F40043C2F89030FFF79FBE00BF80
:102AB00000040058084B5B6A4FF0402202F5806327
:102AC00053E8003F43F0200302F5806040E8003106
:102AD0000029F3D1704700BF0044004070B50446A0
:102AE00008460D46FDF736FB236882B2294620468C
:102AF0001B69BDE87040184710B5484B5A6A037A05
:102B0000044692B263B18389D31A9BB2B3F5FA7FBC
:102B100084BF00230372837A4F2B84BF0023037288
:102B2000237AA281082B21D8DFE803F0052020209A
:102B3000202025323D00EE29B4F8C00401D0C82978
:102B400015D10123A37206236175237270B1012888
:102B500009D00BF09FF801463148FFF7BFFF31491C
:102B60002F48FFF7BBFF0023A4F8C03410BD01308D
:102B7000A4F8C004FAE73D299FBFA37A5A1C1B1989
:102B8000A2728FBF00235975617207232372EDE78C
:102B9000A27A531C2244DBB2A3725175627A9A4224
:102BA000E4D20823F2E7A37A5A1C2344A27259758F
:102BB000E37D162B04D1012384F865300923E5E772
:102BC0006369194A03F0FF23934203D1012384F878
:102BD0006730F3E7154A93421CD1A37E102B19D11D
:102BE000E37E022B08D0052B0DD0012BE6D1227EEF
:102BF000EE2A08BF84F86A30237EEE2BDED1012353
:102C000084F86B30DAE7012384F86830237F84F896
:102C10006930D3E7012384F86630CFE700440140F0
:102C200028000020F028010800C8002800C8003251
:102C300008B5FFF753FF08BDB0F1904F02D1012056
:102C4000FFF748BA084B984205D003F580639842D5
:102C500003D10420F4E70220F2E7044B984201D1AB
:102C60008020EDE7704700BF00040048001C0048CA
:102C70000C4B984203D14FF40060FFF743BAB0F118
:102C8000804F05D0084B984205D14FF40030F4E74F
:102C90000120FFF72BBA054B984202D14FF4802058
:102CA000EBE77047002C0140004401400048014020
:102CB0002DE9F04387B00E46054614460021142244
:102CC00001A89DF838809DF83C901F460EF0DCFC72
:102CD00000960B2C07D8DFE804F007070A1214143B
:102CE000141616161A1CFEE70323019301E00223B3
:102CF0000493032F11D8DFE807F0111321110123EA
:102D0000F6E70123F1E7012301930393F1E702239F
:102D1000EBE7022301930123F7E7FEE70223029387
:102D2000B8F1100F0CD8DFE808F02D2D0C11131599
:102D300017191B1D1F21232527292B000123EEE72F
:102D4000FEE701230593022301931EE00223F9E726
:102D50000323F7E70423F5E70523F3E70623F1E769
:102D60000723EFE70823EDE70923EBE70A23E9E769
:102D70000B23E7E70C23E5E70D23E3E70E23E1E769
:102D80000F23DFE7B8F1000FDDD1B9F1000F02D05A
:102D90002846FFF751FF053C042C05D8DFE804F076
:102DA000030B04030B00AE62694628460CF09EFA42
:102DB00007B0BDE8F083AE61F6E713B54FF0010C44
:102DC0000024CDE9004CFFF773FF02B010BD0000F6
:102DD00030B587B0002315460446ADF80630FFF73E
:102DE00047FF042D04D8DFE805F02E3204363F00FB
:102DF000FEE71E4B1E4A1B68B3FBF2F39BB2002298
:102E0000CDE90221013B01A92046ADF8043004922E
:102E100005920CF0BBFC236823F080032360A368B9
:102E200023F4A03323F00703A360636823F0700347
:102E30006360636823F470036360A36823F0800316
:102E4000A36007B030BD094B0A4A1B68D4E7074BA3
:102E5000094A1B68D0E7054B064A1B68B3FBF2F32F
:102E600003EB83035B00C9E70123C8E7840200206A
:102E700080A8120140420F0000127A0010B50446EB
:102E8000FFF7A6FF236843F00103236010BD002273
:102E90004FF0FF31FFF7F2BF204B10B5204C5B68BD
:102EA00023600BF089FB4FF090400CF0E1F91D48D6
:102EB0000CF0DEF91C480CF0DBF91C480CF0F4FDBA
:102EC0001B480CF0F1FD1B480CF002FC0CF06CFBF5
:102ED0004FF0E02200234FF0B04113615361936142
:102EE0008A6822F0030242F001028A6072B64FF053
:102EF000FF319A0002F1604202F561420133082B72
:102F0000C2F88010C2F88011F3D162B6034B1B687F
:102F100083F3088823689847FEE700BF0000FF1F7F
:102F2000F005002000040048000800480038014077
:102F300000440040003001400749084A881AEFF376
:102F40000883521A1A44013A013B984288BF002272
:102F5000AA210EF099BB00BF000001200004000070
:102F6000044B5A69586910F0020018BFC2F3800080
:102F7000704700BF000400584FF0B042D2F89430C0
:102F800043F40043C2F894304FF47A7300BF013B1E
:102F90009BB2002BFAD14FF0B043D3F8942022F427
:102FA0000042C3F89420D3F894205204FBD40C4B75
:102FB000D3F8902022F40042C3F890204FF47A72A4
:102FC00000BF013A92B2002AFAD1D3F8902042F41D
:102FD0000042C3F890204FF400629A61704700BF2E
:102FE0000004005810B50323052240214FF0904003
:102FF000FFF7E3FEBDE810400323052280214FF0D8
:103000009040FFF7DABE08B5FFF7AAFF003818BFF7
:10301000012008BD08B5FFF7F6FF00B908BD00BFE5
:10302000F9E74FF0904380229A6240229A617047FC
:103030004FF0904340229A6280229A6170470000CC
:10304000024B4FF480225A60704700BF00E100E05D
:103050000023032201214FF09040FFF7AEBE4FF056
:1030600090431869C04300F00100704710B5074C49
:103070000023204605220821FFF79FFE204600235B
:10308000BDE8104005221021FFF797BE000400485C
:1030900005494B691A04DB4302F4002203F00803DC
:1030A00013438B61704700BF0004004805494B691A
:1030B0001A04DB4302F4801203F0100313438B6104
:1030C000704700BF0004004808B5032200234FF0FA
:1030D00090400121FFF771FE102300204FF0904235
:1030E0001169C90758BF013003F1FF3358BFC0B29F
:1030F00013F0FF03F4D108288CBF0020012008BD85
:103100000C4BD3F8FC2022F08072C3F8FC20D3F8DB
:10311000FC2042F08072C3F8FC20A3F55D431A68DE
:1031200022F001021A601A6842F001021A600022BD
:103130005A60704700ED00E00649074B074A1B68DC
:10314000B3FBF2F310B54C6843434A68121B9A4232
:10315000FBD310BD001000E08402002040420F00AD
:1031600008B50322002302214FF09040FFF725FE0F
:1031700042F21070FFF7E0FF102200234FF0904161
:103180000869800758BF013302F1FF3258BFDBB234
:1031900012F0FF02F4D10C2B01D9FFF77DFE08BD20
:1031A0001FB50223CDE9013101A80123694603932C
:1031B0000BF06CFB00280CBF0420052005B05DF867
:1031C00004FB014608B501200BF01AFB00280CBFD8
:1031D0000420052008BD08B5FFF7E2FF031F584291
:1031E000584108BD08B5FFF7ECFF031F584258418E
:1031F00008BD00002DE9F047294B2A4D01280E4655
:1032000014462949294A0FBF79277827AA461D461F
:1032100006BF88469A4690460BF0A6FA39462846DD
:10322000FFF7D9FF28B900240BF0B0FA2046BDE81B
:10323000F087002E08BF4FF4FC64073424F0070425
:1032400005F11007B1463444AAEB050AA1450BD19C
:103250004FF011324FF0FF332846FFF7C3FF041E33
:1032600018BF0124A400DFE76EB90AEB0703D3E916
:103270000023B3F1FF3F08BFB2F1FF3F06D108378B
:1032800009F10809E2E7D9E90023F2E7B84505D9D1
:103290003846FFF7A7FF0028F1D1C4E70324C3E7AE
:1032A00000C0030800C80308FFCF0308FFC70308D6
:1032B00010B50BF059FA09487821FFF78CFF044646
:1032C00038B107487921FFF786FF041E18BF012493
:1032D000A4000BF05BFA204610BD00BF00C003083D
:1032E00000C8030830B5084D002340F2EF749AB2CD
:1032F000914201D8042030BDA34203D05A5DC2548C
:103300000133F4E70320F6E710C0030838B504469C
:103310000D4672B60A4601460020FFF76BFF62B603
:10332000042806D172B601202A462146FFF762FF23
:1033300062B638BD38B5124B1C68D3F80058B4F1EA
:10334000113F09D1B5F1113F17D0002211460120DC
:10335000BDE83840FFF74EBFB5F1113F03D1002261
:1033600011461046F4E7FFF7A3FF042804D12C40D0
:1033700001340CBF0220012038BD0420FCE700BF4F
:1033800000C00308044B9A689107FCD518739A682B
:10339000D207FCD5187B70470000015870B50C4669
:1033A000451E8E18B44200D170BD15F8010FFFF70D
:1033B000E9FF04F8010BF5E7084611461A46FFF746
:1033C000EDBF000070B5064E04464518A54200D179
:1033D00070BD3078FFF7D6FF04F8010BF6E700BFA9
:1033E0006C02002008461146FFF7ECBF38B50446D2
:1033F0004518AC4200D138BD14F8010BFFF7C2FFED
:10340000F7E708461146FFF7F1BF000010B58CB092
:103410002822002102A80EF037F94FF0B0431C4CCF
:103420005A6E42F001025A665B6E03F0010301938B
:10343000019BFFF7A1FD082208924FF4827200233E
:1034400003924FF40072CDE90533CDE909330293BD
:10345000079207234FF4E06202A920460B930492DF
:103460000CF05AF9636823F010036360636823F07B
:1034700008036360236843F040032360A3689B074D
:10348000FCD5237B034BFF221A700CB010BD00BF8C
:10349000000001586C0200201B4B10B4DC69A00630
:1034A00011D51A6891060ED5184819495A6A038829
:1034B00009880133C3F30A0389B299421FBF154932
:1034C000D2B2CA54038010481F232206036215D5C6
:1034D00003681B0612D5104B104A1988138889B24D
:1034E0009BB299420CD013880133C3F308031380B5
:1034F00013880B4A9BB2D35CDBB2836210BC70476B
:1035000010BCFEF726BE00BF004400403E41002034
:103510003C4100203C390020424300204043002031
:10352000404100200A490B4A08B50B881288013334
:10353000C3F3080392B29A4207D0074AD05407480F
:103540000B80FEF7EBFD012008BD0020FCE700BF6B
:1035500042430020404300204041002000440040FE
:1035600038B504464518AC4200D138BD14F8010BFB
:10357000FFF7D8FFF7E708461146FFF7F1BF000055
:10358000054B064A1B8810880133C3F3080380B239
:10359000181A18BF01207047424300204043002002
:1035A00008B5FFF7EDFFB0FA80F0400908BD000054
:1035B000054B064A1B8812889B1A98B21B0444BF0D
:1035C00000F5006080B270473E4100203C41002081
:1035D000FFF7EEBF0848094A0188138889B29BB2F9
:1035E0009942F9D013880133C3F30A031380138877
:1035F000034A9BB2D05C70473E4100203C41002012
:103600003C390020FFF7E6BF70B588B00C4606468F
:1036100015460021202268460EF036F8231E18BFFA
:1036200001231B03CDE9023569460C2303480196AB
:10363000049405930CF05CFA08B070BD004400409F
:1036400010B5064C236823F001032360FFF7DCFF6D
:10365000236843F00103236010BD00BF0044004015
:10366000002208461146FFF7EBBF000073B5314C4E
:10367000236823F001030825236001264FF400305E
:10368000FEF734FD0421CDE9005603230A224FF052
:103690009040FFF70DFB03231A462946CDE900565B
:1036A0004FF09040FFF704FB002211464FF4E13049
:1036B000FFF7AAFF636823F490436360A36823F0D5
:1036C0002A03A3601C4BB02283F8252320225A60D2
:1036D0002046FEF73EFDFEF733FD40232362174BE5
:1036E00000211980164B1980FEF721FD154B19801A
:1036F000154B1980636823F400636360A36823F0AB
:103700000803A360636823F480436360A36823F025
:103710002203A360A36843F48053A3602368334368
:103720002360E3699A02FCD5E3695B02F9D502B034
:1037300070BD00BF0044004000E100E040430020B5
:10374000424300203C4100203E41002008B5FFF7E5
:103750008DFFBDE80840FFF7ADB9FFF7F7BF0000E8
:10376000084BDA6892070CD4074A012111805A6A83
:1037700010325A636FF002021A61DA6842F00202F4
:10378000DA6070470048014008320020314A13696E
:103790009B0710B525D56FF0020313612E4B1B88D4
:1037A000516B11FA83F353632C4B198889B20029AA
:1037B00045D01988013189B21980198889B2022946
:1037C00010D84FF0904320229A62254A1388013383
:1037D000C3F3080313801388224A9BB2D35C224AA6
:1037E000138010BD198889B20A290FD81E4B1A8878
:1037F00012F0010F4FF090424FF0200114BF916181
:1038000091621A88C2F34E021A80EAE7198889B2D7
:103810000B294FF090414FF02000886109D1134AE5
:1038200011880F4A128889B292B29142D9D00122EE
:10383000EAE7D16821F00201D1600022E4E74FF00D
:10384000904020248461D06820F00200D06019806C
:10385000C7E700BF004801400432002008320020C2
:103860000C3400200A3200200A3400200E340020DC
:1038700009490A4A08B50B8812880133C3F30803C3
:1038800092B29A4206D0064AD0540B80FFF768FFE6
:10389000012008BD0020FCE70E3400200C3400207D
:1038A0000A32002038B504464518AC4200D138BD74
:1038B00014F8010BFFF7DCFFF7E708461146FFF7A6
:1038C000F1BF0000B0F5614F0D4A0E4B0CD0B0F5C2
:1038D000E13F10D0B0F5165F0DD172B640F2413124
:1038E000118040F2E24203E072B68B211180D022B7
:1038F0001A8062B6704772B6452111805422F7E7EC
:10390000043200200632002030B5032389B005229E
:1039100020214FF09040FFF750FA194C4FF09043A0
:1039200020259D61204601224FF0FF31FFF7A6FAC6
:103930002A46002168460DF0A7FE6A46012120466E
:103940000BF05EFF0F4AD2F8183823F00403C2F8D8
:1039500018386FF0020323610B4B902283F81D236C
:103960004FF000521A604FF4E130FFF7ABFF074A07
:1039700000231380064A1380064A138009B030BD25
:10398000004801400040014000E100E00C3400200C
:103990000E34002008320020FFF7B6BF024B1A6831
:1039A000024B1A60704700BF74430020E00B0020F8
:1039B000054A064B1968136899421DBF013301205F
:1039C00013600020704700BFE00B0020744300200C
:1039D000034A044B11681B780B441360704700BF07
:1039E0007443002088020020014B1868704700BF14
:1039F000744300200148FFF74ABA00BF0044014069
:103A0000014B586A80B270470044014008B5FFF787
:103A1000F1FFBDE80840FFF7C1BF0000044BDA68C2
:103A200022F00202DA606FF002021A61704700BFF2
:103A300000440140002208B50260FFF7EFFF044B8D
:103A4000F02283F81C234FF080521A6008BD00BF9B
:103A500000E100E008B5036853B1FFF7DFFF054B55
:103A60005A6A114489B25963DA6842F00202DA6094
:103A700008BD00BF00440140074B1A69920709D5F1
:103A80006FF002021A61DA6822F00202DA60034B78
:103A90001B681847704700BF0044014030350020C4
:103AA0002DE9F0411D4CDFF87880C0220021201D57
:103AB0000DF0EAFD1623062563800F23A3802A4616
:103AC0004323414660192580FDF750FE154B05261E
:103AD000C4E913363F230227A4F854302A4643236F
:103AE000414604F15600A4F84A70FDF73FFE4FF43A
:103AF0008033C4F89C300C49A4F89A70002304F178
:103B0000AC00C4E9293384F8A0300DF06DFB7F23AD
:103B100084F8C13084F8C260BDE8F0812C05002033
:103B2000A83C01080F0003004329010870B5094EA5
:103B300005460C46415C30460DF06DFB034628B14E
:103B4000831B0133DBB2282B28BF0023F35C2B55EA
:103B500070BD00BFF043010870B50C461146064623
:103B60000DF042FB44B10025052130460135FFF739
:103B7000DDFFEBB29C42F7D870BD000073B505467F
:103B800005F11106214C224A014636016846FFF72D
:103B9000E3FFB01C694620440DF026FB264404EBED
:103BA0000511002302227272A1F81A31142101FBBF
:103BB00005400425012180F850504FF4807640F2F2
:103BC0000115A0F84A20C164A0F8521080F85510E1
:103BD000A0F85660A0F8585040F2032084F8343022
:103BE000E284A662A08584F82E1084F8302084F840
:103BF0003330C4F83A30C4F83E30C4F84230A4F848
:103C00004650A4F8485002B070BD00BF70030020B9
:103C1000FE280108F7B50546B14CB24A05F1110678
:103C2000014637016846FFF797FFB81C27446946ED
:103C30002044FDF7BDFC7B7AAB4A072B88BF0223EB
:103C400004EB061088BF7B721188437A41FA03F3B4
:103C5000DF070FD40223437261B14807C1F3800329
:103C600008D441FA03F7FF07D8B240F1D88104EB3A
:103C70000613587204EB05112B0191F81A0105285F
:103C800002D9002081F81A01E718508897F81A1114
:103C900040FA01F1C90711D4012187F81A1168B15E
:103CA0008707C0F3400109D440FA01FC1CF0010F62
:103CB000CFB200F0B981E11881F81A71E11891F8DA
:103CC0001B01032802D9002081F81B0104EB061612
:103CD000717A012903D9042901D000219180E618C5
:103CE000908896F81B1140FA01F111F001010ED1F4
:103CF00086F81B1158B110F0010108D140FA01F704
:103D0000FF07CEB240F19581234483F81B61142351
:103D100003FB054191F84A00052802D9022081F8E9
:103D20004A0003FB054393F84B10042902D90021F4
:103D300083F84B10142303FB0543B2F84A1093F8A1
:103D40004B0041FA00F0C00712D4012083F84B0069
:103D500071B18807C1F340030AD441FA03F6F707AB
:103D6000D8B240F16B81142303FB054383F84B0069
:103D7000142303FB054393F84C10032902D90121B6
:103D800083F84C10142000FB0540B2F84C1090F85A
:103D90004C3041FA03F313F0010310D180F84C309A
:103DA00069B111F001030AD141FA03F6F607D8B25E
:103DB00040F14981142303FB054383F84C0014238D
:103DC00003FB054393F84E10012902D9002183F823
:103DD0004E10142000FB0540B2F84E1090F84E3003
:103DE00041FA03F313F0010310D180F84E3069B1AA
:103DF00011F001030AD141FA03F6F707D8B240F1F6
:103E00002781142303FB054383F84E00142303FB8F
:103E1000054393F84F10022902D9002183F84F106F
:103E2000142000FB0540B2F8503090F84F1043FAD0
:103E300001F111F0010110D180F84F106BB113F0B6
:103E400001010AD143FA01F6F607C8B240F1058133
:103E5000142101FB054181F84F00142101FB0540AD
:103E600090F84D60022E02D9002680F84D6001FBCB
:103E7000054191F85000052802D9042081F850002E
:103E8000142101FB054090F85260012E02D9012651
:103E900080F8526001FB054191F85500012802D9D4
:103EA000012081F85500142101FB054191F85300D0
:103EB000022802D9002081F85300142606FB05468B
:103EC000B2F8520096F8531040FA01F111F00101D6
:103ED00017D186F85310A0B110F0010111D105E0FF
:103EE00070030020FE2801082C05002040FA01F78D
:103EF000FF07CEB240F1B680142101FB054181F8E5
:103F00005360142101FB054090F856600C2E02D935
:103F1000002680F8566001FB054191F84C0001280D
:103F200009D191F84F60022E05D1DF0740F19F8043
:103F3000002381F84F30142303FB0543012183F84C
:103F4000571040F20111A3F8581094F82630052BB1
:103F500002D9022384F8263094F82730042B02D9A2
:103F6000002384F82730B2F89A0094F8273040FAFA
:103F700003F313F0010F8A4B0ED1012184F82710AF
:103F800050B18607C0F3400106D440FA01F7FF079D
:103F9000CEB271D583F8276094F82810022902D98F
:103FA000002184F8281094F82910022902D901214F
:103FB00084F82910B2F89C1094F8292041FA02F2F2
:103FC00012F001020CD184F8292049B111F001024C
:103FD00006D141FA02F6F607D0B251D583F829008E
:103FE00094F82A200C2A02D9002284F82A2093F877
:103FF00032200C2A02D9002283F8322093F82B2099
:10400000042A02D9002283F82B2000226549104699
:1040100011F9014F14F1780F36DA087036E00133E8
:10402000102B7FF41EAE25E6013110297FF43CAE43
:1040300044E6013110297FF461AE68E60133102BAC
:104040007FF48BAE94E60133102B7FF4ADAEB6E671
:104050000133102B7FF4CFAED8E6013110297FF465
:10406000F1AEFAE6013110297FF440AF49E713F0D1
:10407000020318BF03465CE70131102985D18BE7A5
:104080000132102AA5D1ABE7782CC6DC0132D2B2BE
:104090000C2ABDD144490022012011F8014F013200
:1040A000022CD2B288BF0870042AF6D193F83420CB
:1040B000012A02D9002283F834203C4AB2F89E102B
:1040C00093F8342041FA02F212F001020CD183F885
:1040D000342049B111F0010206D141FA02F4E4079B
:1040E000D0B211D583F8340093F82C20052A02D9D8
:1040F000032283F82C2093F82D20032A08D80AD114
:10410000002283F8342006E00132102AE5D1EBE7E3
:10411000022283F82D2093F82E20022A02D90122B0
:1041200083F82E2093F83020022A02D9022283F845
:10413000302093F833200C2A02D9002283F8332050
:1041400093F83520042A02D9002283F8352014225E
:1041500002FB053191F85A00012802D9002081F8AC
:104160005A0002FB0532FF2103EB05154FF6FF70E5
:1041700082F8511082F8541083F82F1083F8311010
:104180004FF0FF31C5F81C11A5F820011962998480
:1041900082F85B00A2F85C10D986198703B0F0BDE5
:1041A00070030020A9030020B50300202C05002087
:1041B000034670B50846052B04D8DFE803F01D045C
:1041C00021191D21FEE720261F250F22174CA37061
:1041D0002277013B0122A4F84860A4F84A50A27655
:1041E000A273042B10D8DFE803F010181B1B180073
:1041F00009266F250722E9E7142632250A22E5E77A
:10420000352613251922E1E7FEE7002323712374E5
:10421000FDF7A4FC6073607670BD22712274F7E72D
:10422000002323712374A376A373F1E71403002002
:10423000044B012283F85120A3F85220A3F8542004
:10424000704700BF140300202DE9F043944D954CB6
:1042500000F1110805EB081702378BB00646384607
:10426000FDF7C2F9042100906846FDF79FFF05EBBA
:104270000613E08393F81B314FEA06192BB103EBC9
:10428000031303EB03231844E08305EB08135B7A65
:10429000062B40F0B680E38B03F5B5432533E3836B
:1042A000142303FB065305EB081893F84B00FFF7A4
:1042B000BFFF98F8091061708B1FA944012B8CBFB8
:1042C0000023012399F81A0184F85630FFF770FF94
:1042D00099F81B21E18B009BE1806182A3606361FF
:1042E0002AB14FF0113000FB0233A3606361142345
:1042F00003FB0653616293F84A006B4B84F8292054
:1043000013F9203023732376002384F82A30637B4B
:1043100023B93846FDF788F984F82A006078FDF75C
:104320001DFC624A84F82800128802F001019707F8
:1043300048BF41F00201A1850346500742BFA18D4D
:1043400041F00401A185110742BFA18D41F0100188
:10435000A185D70642BFA18D41F02001A18590061D
:1043600042BFA28D42F00802A285514A01AF02F17C
:10437000200E10685168BC46ACE803000832724554
:104380006746F6D11068CCF80000A278494F0621A4
:104390000AA801FB0303134413F8248C84F820803B
:1043A00017E90F0087E80F0040F2E2434046A4F807
:1043B0004C30FCF7D5FB4FF07F51FCF725FCFCF7A8
:1043C00025FEB4F848204FF47A73B3FBF2F3A4F857
:1043D0004030142303FB06534FEA5808B8F1050F89
:1043E00093F85030C0B238BF4FF00508A4F84E0023
:1043F00084F85080052B33D8DFE803F00B382C2FDE
:104400003235072B7FF44CAFE38BA3F5B543263B46
:1044100045E74FF416536364002384F8573084F85B
:104420005930142303FB065696F84C30032B03D067
:1044300096F84F20022A02D1012284F85720591EF3
:104440004A424A4184F8582094F857208AB1012BF7
:104450000FD1FEE74FF41643DDE74FF46143DAE78F
:104460004FF4E133D7E74FF46133D4E74FF4964389
:10447000D1E72178142000FB015595F84C10022952
:1044800007D1012184F8591022B194F859301BB199
:10449000FEE70AB9012BF8D00BB0BDE8F08300BFEE
:1044A0007003002014030020A83C01082C05002004
:1044B000202701084403002002484FF4DE72FF2148
:1044C0000DF0E2B87003002002484FF4DE71FEF7F1
:1044D0001DBF00BF7003002002484FF4DE71FEF7DD
:1044E00001BF00BF7003002008B5FFF7F5FF034BC5
:1044F0001878BDE80840FFF78DBB00BF140300200B
:1045000038B5FFF7D9FFFEF715FF04280CD0FFF7E9
:10451000D3FFFEF70FFF042803D1FFF7DDFF0428C8
:1045200006D0FFF7C9FF03E0FFF7D6FF0428EED15E
:104530002F4930482F4C10220CF092FE38B12E49F2
:10454000102220460CF08CFE08B1FFF7B5FFA38ABD
:10455000B3F5215F28D008D30025E8B20135FFF775
:104560000DFB0A2DF9D10023E3774FF42153A382E9
:10457000012522691E491F4842F6A1039A424FF0C5
:1045800010021CBF236101250CF06AFE70B11849AE
:1045900018481022FDF768F9184919480822FDF754
:1045A00063F9FFF791FF03E00025E2E7002DF8D162
:1045B000E37F104A092B84BF0023E377E17F1420B7
:1045C000002300FB0144013394F84C0082F84C00B6
:1045D0000A2B02F11402F6D10A4C2170FFF760FA9F
:1045E0002078FFF717FB2078BDE83840FFF72CBE96
:1045F0000529010870030020162901082729010850
:1046000022050020140300200129F7B5054600D932
:10461000FEE70B4E06EB01131C460F016278F15DBD
:1046200003619B7809F0B0FCE3790193A3790093CF
:1046300022796379E178284609F0CDFC03B0F0BD1A
:10464000585A010838B5836804466BB1024652F8DF
:10465000183BDD6900F11903A847217E204602229C
:10466000BDE8384009F019BD38BD000070B5816063
:10467000897A86B0044601B1012109F05EFC20462A
:1046800009F0DDFD204609F0B5FD217BFF2903D0AF
:10469000FA22204609F0BAFDA3685B7A013B042B9D
:1046A00004D8DFE803F0043E3E414100FEE7E92282
:1046B000E121204609F0E8FD0121204609F077FDBF
:1046C0009621204609F0B4FD3821204609F0C6FDA8
:1046D000204609F0CBFDA368204693F90810FFF7A8
:1046E000B1FFA3689D7A15B319782046FFF78CFFB8
:1046F00000221146204609F03AFC0023009340F2C4
:10470000032220464FF6FF7109F094FC20464FF635
:10471000FF7109F0B6FC204606B0BDE8704009F014
:1047200056BDDB22D721C4E76F226B21C1E75E882B
:104730000E4B63614CF25033009320460C49192311
:104740000B2209F0B1FD0123CDE903335B23CDE951
:1047500001531023194620460095042209F0E2FD7A
:104760003146204609F002FEC2E700BF385A010870
:10477000A086010010B5044609F029FD20464FF639
:10478000FF71BDE8104009F07CBC000038B58168BD
:10479000036891F90810DD69044600F1190300F17E
:1047A0001802A847A3689A7A42B11A78012A00D958
:1047B000FEE7044B03EB0213236138BD024B636138
:1047C000FBE700BF585A0108385A010810B50A4CD7
:1047D000A06858B1236923B9636913B92046FFF76C
:1047E000D5FFA3689B7A23B123699868A0F57A70F6
:1047F00010BD63699869F9E710340020836810B52B
:10480000044683B103691BB943690BB9FFF7BEFFC7
:10481000A3689B7A1BB12369B3F90C0010BD6369CF
:10482000B3F91C00FAE71846F8E7836810B50446A8
:1048300043B103691BB943690BB9FFF7A7FF94F9AB
:10484000190010BD1846FCE708B5836843B9FFF7A7
:104850000DFF7D20FEF770FCBDE80840FEF7F0BBC1
:1048600008BD000090F8D43053B190F8D520074B24
:1048700003EBC20153F83230497953F821007047F5
:10488000037C00EB8300406B704700BF783C01085D
:1048900038B51546044604EB8504084606490CF075
:1048A000A3FC606BFCF758F90449FCF7ADF90BF079
:1048B00099F9FCF7ABFB38BD2D29010800007A3AC5
:1048C0002DE9F3419DF824701646402F88464FF09D
:1048D0005B024FF0000104461D4628BF40270CF044
:1048E000D3FEA24BDB8B23803278A37862F30203E2
:1048F000A37071784FEA0818C90001F0080108F0A8
:104900003008DBB223F0380341EA08011943A170F3
:104910007279E37862F38203E370B279A37962F388
:104920000003A37196F90200FCF76FFDE37800F035
:104930001F0203F0070343EAC203E3702379C0F3C5
:10494000411023F0030303432371F27962F38203DE
:104950002371327ADBB202F01F0203F0070343EA4D
:10496000C2032371327A6379C2F3401223F0010348
:1049700013436371327962F347036371727AA378E8
:1049800002F0030203F03F0343EA8213A370727A3A
:10499000E378C2F3800223F001031343E370B27A99
:1049A00062F34103E370A37967F34703A3712B78A4
:1049B000AA78E3716B7802F01F0203F0070343EA61
:1049C000C20323726A88637AC2F3451223F03F035D
:1049D000134363722A79DBB202F0030203F03F0350
:1049E00043EA82136372AB88C3F38703A3726A79C5
:1049F000E37AC2F3800223F001031343E372AA793E
:104A0000DBB202F07F0203F0010343EA4203E372E8
:104A1000EA88237BC2F3C31223F00F0313432373EB
:104A20002B7AAA7AE3736B7A02F01F0203F0070372
:104A300043EAC20323746A89637CC2F3451223F0FC
:104A40003F03134363742A7BDBB202F0030203F0DB
:104A50003F0343EA82136374AB89C3F38703A374F0
:104A60006A7BE37CC2F3800223F001031343E37407
:104A7000AA7BDBB202F07F0203F0010343EA4203A8
:104A8000E374EA89237DC2F3C31223F00F031343B7
:104A900023752B8ADB0863756B8ADB08A375AB8AE9
:104AA000DB08E375EB8ADB0823762B8BB3F5C06F4D
:104AB0004ED2B3F5007F94BF00230123227B63F322
:104AC000051222736B8BB3F5C06F43D2B3F5007F31
:104AD00094BF00230123227B63F387122273AB8BE5
:104AE000B3F5C06F38D2B3F5007F94BF0023012324
:104AF000227D63F305122275EB8BB3F5C06F2DD2C7
:104B0000B3F5007F94BF00230123227D63F3871256
:104B1000089B22751F4404F11802BB4220D14FF6B6
:104B2000FF7321460DF106000D22ADF80630FDF7AA
:104B300025FB2146BDF8063021F80D3F4C22FDF73C
:104B40001DFBBDF80630A4F8593002B0BDE8F08175
:104B50000223B3E70223BEE70223C9E70223D4E717
:104B600013F8011B02F8011FD7E700BF1403002050
:104B700013B59DF81040CDE9003413460A460021D4
:104B8000FFF79EFE02B010BD13B5144B0288DB8BFD
:104B90009A4204461DD1837803F03003102B01D0D4
:104BA000202B18D1A379A52B15D84FF6FF730DF143
:104BB000060059222146ADF80630FDF7DFFAB4F8B9
:104BC0005900BDF80630C01A18BF0120800002B09D
:104BD00010BD0120FBE70220F9E700BF140300200D
:104BE00030B53A4B027893F8261061F30302027055
:104BF00093F8271061F30712027093F82810427897
:104C000061F30302427093F8291061F307124270B6
:104C100093F82A10827861F30302827093F83210BD
:104C2000827961F30302827193F82B10827861F329
:104C30000712827093F83410C27961F30302C271D3
:104C400093F82C10C27861F30302C27093F82D1010
:104C500061F30712C27093F82E10027961F3030218
:104C60000271427993F8301061F30302427193F8B4
:104C70003310827961F30712827193F83510C2798B
:104C800061F30712C27103F1390100F10A0200F168
:104C9000160411F9015F02F8015FA242F9D193F8FD
:104CA0004610C27D61F30102C27593F8471061F3AB
:104CB0008302C27593F8481061F30512C27593F828
:104CC000493063F38712C27530BD00BF7003002006
:104CD0000278344BC2F3030230B583F82620027801
:104CE000C2F3031283F827204278C2F3030283F849
:104CF00028204278C2F3031283F829208278C2F375
:104D0000030283F82A208279C2F3030283F8322057
:104D10008278C2F3031283F82B20C279C2F3030214
:104D200083F83420C278C2F3030283F82C20C278BF
:104D3000C2F3031283F82D200279C2F3030283F831
:104D40002E204279C2F3030283F830208279C2F325
:104D5000031283F83320C279C2F3031283F835209B
:104D600003F1390100F10A0200F1160412F9015FA2
:104D700001F8015FA242F9D1C27DC2F3010283F8BA
:104D80004620C27DC2F3810283F84720C27DC2F370
:104D9000011283F84820C27DC2F3811283F84920B2
:104DA00030BD00BF700300201FB58DF80C3001230B
:104DB000019303AB009313460A460221FFF780FDDF
:104DC00005B05DF804FB0000F0B5234D012385F824
:104DD000A030044685B0B0F80900FCF7ECFCC5F83B
:104DE000A400B4F80B00FCF7E6FC1422C5F8A800F8
:104DF00004F10D0105F1AC00FCF748FD94F92130F8
:104E000085F8C13094F8223085F8C23004F12300CF
:104E1000FFF75EFF6E4604F1410304F15107186885
:104E20005968324603C20833BB421646F7D10B48D5
:104E3000432308226946FCF741FC94F85130A5F859
:104E40009A3094F85230A5F89C3094F85330A5F875
:104E50009E3005B0F0BD00BF2C050020820500206B
:104E60002DE9F04792B0DFF890A0244C0DF108082E
:104E70004FF0400905460E46174600214A46404677
:104E80000CF002FC9AF8001004EB011122230DF142
:104E90000A00062201F589718DF80830FCF7E4FC60
:104EA0009AF8001004EB011205A892F81A3192F852
:104EB000194103F00F0304F00F0444EA031492F8BD
:104EC0001B3103F00F0344EA0324BDF8103023F430
:104ED0007F6323F00F031C43ADF81040FFF780FE03
:104EE000CDE900893B46324602212846FFF7E8FC1F
:104EF00012B0BDE8F08700BF14030020700300204B
:104F0000034B04491A68044801FB0200186070470B
:104F1000300600200D6619005FF36E3C38B50B4A71
:104F20000B4D13782C78A34205D101332B702878D0
:104F300000F0010038BD1470FFF7E2FF6FF000438E
:104F400098423CBF01342C70F1E700BF2D060020D1
:104F50002E0600200B4A0C49126882600A68026122
:104F60004A680A4942610A6882614A68C26100234C
:104F70004EF66022838083718381038402600385FF
:104F8000704700BF74430020322901083B29010803
:104F900010B50E4CA36803B9FEE70D4A12791A70DA
:104FA0000021204608F0B2FF4FF47A70FEF7C4F8F3
:104FB0002046012108F0C1FFA36820461978FFF7B9
:104FC00023FB2046FFF7D6FB10BD00BF10340020A6
:104FD0001403002038B5174D0446A87869780528D1
:104FE0001CD14FF6FF732385FFF7E2F86B7801229F
:104FF0009A40238D23EA020323850F490F48FFF7C8
:1050000023FC0E48FFF7B6FB0C486FF07F01FFF75B
:1050100019FB2046BDE83840FFF7BABF00232385BF
:105020000220FFF7C5F86A7801239340228D1343CD
:105030009BB2E1E714030020180300201034002085
:1050400008B590F8203002468BB9FEF708F810B981
:1050500082F8210008BD92F8213001335BB2312B78
:1050600082F82130F6DD012382F82030F2E7FDF7E7
:10507000F6FF18B1322382F82130EBE792F82130A5
:10508000013B5BB2002B82F82130D8BF82F82000B0
:10509000E0E70000134B90F820201B68CAB182683B
:1050A0009B1AB3F57A6F01D9012343710379ABB130
:1050B0000D4B427B1B781AB1022B1CBF03220273DB
:1050C0009A1E534253414373837953B103230373AD
:1050D00070478360EAE701230371F8E74379002B07
:1050E000F9D1704774430020110700200346007B6C
:1050F000821E012A4FF0000202D893F8201009B94D
:105100001A7370471046704770B51D4C1D4E05460A
:105110005B22002120460CF0B7FA2B6923606B69F3
:105120006360194B194D1B7831789A1E53425341D5
:10513000627A05EB011163F30002627201F5897175
:10514000062204F10A00FCF78FFB337805EB03120B
:1051500005EB031592F81B1195F8193192F81A21F5
:1051600003F00F0343EA02132374637C204661F3C8
:10517000030359216374FDF719F8A4F8590070BDB1
:105180007534002014030020110700207003002054
:105190000A4A38B5138801339BB2502B04460D469A
:1051A00001D8138038BD002305491380FDF796FC14
:1051B00029462046FDF792FCF4E700BFEA0B0020E9
:1051C000B12A01082DE9F84F154604460F466B49F0
:1051D0006B4EFDF783FC29462046FDF77FFC694BAB
:1051E0000022012F1A800FD10823B362102746F244
:1051F000A810B761FDF7A0FFB762FDF79DFF294634
:105200002046FFF7C5FFF2E7BB1E10220C2B00F271
:10521000A880DFE803F03141521C07A6A6A662620F
:1052200062626200564E4FF010080827C6F81880D8
:1052300046F2A810B762FDF77FFFC6F82880B76175
:10524000FDF77AFF29462046FFF7A2FFEDE74C4E17
:105250004FF010080827C6F8188046F2A810B7616A
:10526000FDF76AFFC6F82880B762FDF765FF29469B
:105270002046FFF78DFFEDE7B262414E082746F268
:10528000A810B761FDF758FFB762FDF755FF294633
:105290002046FFF77DFFF2E70823B361384E102761
:1052A00046F2A810B761FDF747FFB762FDF744FF6C
:1052B00029462046FFF76CFFF2E7B261304E08271F
:1052C00046F2A810B761FDF737FFB762FDF734FF6C
:1052D00029462046FFF75CFFF2E7A7F1090BDFF84C
:1052E000A0805FFA8BFB00264FF0100A5E453CBFA2
:1052F0000823C8F818304FF0040946F2A810C8F87F
:1053000018A0FDF719FFC8F828A0FDF715FF09F14F
:10531000FF3929462046FFF73BFF19F0FF09ECD182
:105320000823C8F828304FF0040946F2A810C8F83E
:1053300018A0FDF701FFC8F828A0FDF7FDFE09F150
:10534000FF3929462046FFF723FF19F0FF09ECD16A
:105350000136A7F10803F6B2DBB2B34238BF00262C
:10536000C4E70823B261B3614CF25030FDF7E4FEAC
:1053700029462046FFF70CFFF6E700BFB12A0108D7
:1053800000040048EA0B002008B5437802789A42EE
:1053900013D0052B8ABF052303700370027888BFE2
:1053A0004370064B064813F92210064B1973197601
:1053B000836813B11972FFF745F908BDA83C0108CD
:1053C000103400201403002010B50AB9437010BD3A
:1053D000541E0B2CFBD80332D2B231F91220C83A3A
:1053E00003FB022240F2716192FBF1F212B222EA57
:1053F000E2729A42C8BF1AB24270E8E7034B044A0D
:105400001A60044B044A1A60704700BF50310020F4
:1054100078020020040700207C020020034B044A8D
:105420001A60044B04481860704700BF50310020D8
:105430007C020020040700207802002008B5FDF758
:1054400043FE28B1FFF7DAFF064B074A1A6008BD92
:10545000FFF7E4FF054B186803684FF4E1319B68E0
:105460009847F1E754310020800200200407002013
:105470000A46014610B9024808F019BD704700BF3E
:105480001034002070B50D4616461C46014688B9FA
:10549000FDF7C7FD094833462A4608F0E1FC0748F6
:1054A0004FF6FF7108F0EDFDA1010448BDE8704022
:1054B00008F000BE0148FFF75DF970BD1034002010
:1054C00037B50C4638B91A48836833B9812281F858
:1054D0008C2081F88E3003B030BD9D7ADDB101F1B2
:1054E0008E020DF1060108F01BFE94F98E30002BA0
:1054F00004DABDF806201344ADF80630BDF90630D5
:10550000002B0FDB4FF6FF73ADF80630BDF8063009
:1055100084F88C30DFE70DF1060108F038FF84F8DD
:105520008E50EBE77F33F1DA4FF68173ECE700BF83
:105530001034002070B5114C0D4606465B23224600
:1055400021462846FFF794FFD6E9061320686268D3
:105550009A4208BF88420ED120465921FCF726FE08
:10556000B4F85940231A5C425C4128460449FFF7CD
:10557000A7FF601C70BD0024F7E700BF3C3000208F
:10558000583100200A4608B501460148FFF71AFEC7
:105590002800002000B591B00446684616461D4616
:1055A0000BF022FE184968460BF026FE304608F044
:1055B00085FB014668460BF01FFE144968460BF058
:1055C0001BFE134B684653F82510124D0BF014FECA
:1055D000114968460BF010FE9DF84830684655F8B2
:1055E00023100BF009FE0D4968460BF005FE9DF8EF
:1055F0004C30684655F823100BF0FEFD08486A460B
:105600002146FFF7DFFD00BF442901084B290108AF
:10561000000000201C000020502901085729010823
:1056200028000020002303708370437003714371CE
:10563000C370704703780022022B427104D0032B01
:1056400009D0012B16D0FEE7012303714371837843
:105650004370C370704783784278991AA3EB0202B3
:1056600018BF012112F0060F14BF012200220171A0
:105670004271EDE70271704702788170002A0CBF19
:10568000022203220270FFF7D5BF0000074B282239
:1056900002FB00339B681A78542A05D15878A0F190
:1056A000780358425841704700207047C03C0108B9
:1056B000074B282202FB00339B681A78522A05D137
:1056C0005878A0F17803584258417047002070473D
:1056D000C03C0108074B282202FB00339B681A7864
:1056E000542A04D15878783818BF01207047012017
:1056F000704700BFC03C010828230B4A434310B544
:10570000D1580446FFF7D4FF48B92046FFF7BEFF43
:10571000064B1B7828B103EB830301EB830108469A
:1057200010BD01EB0311FAE7C03C0108140300208F
:105730002D2838B505461AD80E4B282202FB003317
:105740004CB21B79022B0DD0FE2B10D1FFF7D4FFEA
:105750000378E4B2A3420AD004702846BDE838407A
:10576000FFF7B8BFFFF7C8FF90F90030F2E700205D
:1057700038BD00BFC03C01082D2838B504460D4691
:1057800019D80E4B282202FB00331B79FF2B12D1B4
:10579000FFF7B2FF06222946FCF78BF858B92046DE
:1057A000FFF7AAFF29460622FCF770F82046BDE85D
:1057B0003840FFF78FBF002038BD00BFC03C010854
:1057C0002DE9F043074615462820394A4143501831
:1057D000012B046A87B025D15258364B9A4235D0F6
:1057E000A3F1CE018A4233D03349F23B9A4208BF3B
:1057F0000C46FF238DF800304FF0000801262046AC
:10580000FAF7A8FC5FFA88F9484529D806F1180389
:105810006B44AE4203F8188C30D80020387007B0C3
:10582000BDE8F083022BE4D15258224B9A4211D0AA
:10583000591C8A4210D0A3F1CE018A420ED0A3F1A6
:10584000F2018A420AD01D49EC3BCFE71C4CD0E75D
:10585000194CCEE71B4CCCE71B4CCAE71B4CC8E7E6
:1058600014F809302C2B06D106F118036B440136CD
:1058700003F8188CF6B208F10108C0E705F1180327
:105880000DEB0305002315F8182C15F9175C0132F0
:10589000D2B29918C9B2A94207EB030003DB002377
:1058A00003700120BBE7615C01700133DBB2F0E7FC
:1058B000C03C0108890400205E29010892290108E2
:1058C000AF290108582A0108362A01080C2A0108C4
:1058D000054B282202FB00335B6A0BB11888704726
:1058E0004FF6FF70704700BFC03C01080B4B2822E9
:1058F00002FB003370B51E6A3046FAF72BFC00221B
:1059000001461446D5B2631CA942D8B200D870BD76
:10591000735D01322C2B08BF0446F3E7C03C01083D
:1059200038B5104B282202FB003301461B79FE2BB1
:1059300015D1FFF7CDFF04460846FFF7D7FF002239
:10594000014601251046D3B2994200D838BD05FA68
:1059500002F323421CBF431CD8B20132F3E7FF20FD
:10596000F4E700BFC03C01082DE9F04F4FF0000AFA
:105970001D4E93B004460F46D146D6F808805FFA14
:105980008AF54FF0000B0DE018F8030001920BF0C0
:105990004FFCC3B2019A202B08BF5F2302F8403CA2
:1059A0000BF1010B5FFA8BF340460193FAF7D2FB40
:1059B000019B03F1480298426A44E5D802F8409CF2
:1059C000394602A8FAF7BCFB48B10AF1010ABAF15C
:1059D0002E0F06F12806D0D10025284600E0012030
:1059E000257013B0BDE8F08FC03C01082DE9F041EF
:1059F0001D4E282303FB016604463379FE2B0D461A
:105A0000174618D0FF2B21D0022B28D10846FFF7CC
:105A100073FE214690F9000008F0F3F835692B7801
:105A20003BB1124920460BF0E7FB294620460BF01C
:105A3000E3FB012015E00846FFF75EFE3B460278D7
:105A400029462046BDE8F041FFF7BABE0846FFF7F9
:105A500053FE062201462046FBF718FFE9E7002027
:105A60002070BDE8F08100BFC03C0108A82B0108F0
:105A7000F8B5194B1646282202FB063300241A7982
:105A80000470022A07460D4603D0FE2A13D0204692
:105A9000F8BD93F918209142F9DB93F91C30994233
:105AA000F5DC4FF0000165F307013046FFF740FEDB
:105AB00001243870EBE70029E9DB3046FFF716FFD9
:105AC000A842E4DD3046FFF703FF40FA05F313F088
:105AD0000100E6D10446DAE7C03C01082DE9F843AD
:105AE00000230370124B1746282202FB0733064699
:105AF0001B79FF2B0C4603D000252846BDE8F88310
:105B00000846FAF727FB0628F6D104F1FF3804F11E
:105B1000050918F8010FFBF731FD05460028EBD009
:105B2000C845F6D121463846FFF726FE3070E4E737
:105B3000C03C0108F8B5104E4FF0280C0CFB026673
:105B4000002736790770FE2E04460B46154603D013
:105B5000FF2E0BD0022E0DD118460BF07CFC2A46EE
:105B600001462046BDE8F840FFF782BFBDE8F84097
:105B7000FFF7B4BF3846F8BDC03C010810B5044675
:105B80000846B2B9FBF750FD042812D8DFE800F050
:105B900003090B0D0F00084920460BF025FB0120DF
:105BA00010BD0649F8E70649F6E70649F4E7064955
:105BB000F2E70020F4E700BF952A01089A2A0108BD
:105BC0009F2A0108A42A0108AA2A010810B5044640
:105BD0000068FCF783FF02492068FCF77FFF10BDD7
:105BE000B02A01080B1E18BF0123122A14D91D2A3E
:105BF00014D9312A8CBF08220522037100230160C9
:105C000080F885304371C0F8883080F88C3080F897
:105C10008D20A0F88E3070470122EEE70322ECE7DA
:105C200090F88530682B08D8C2180133DBB2517167
:105C300080F88530184400234371704708B505305B
:105C4000FAF77EFAB0FA80F0400908BD2DE9F0437A
:105C5000064691B0084688461546FAF77BFA06F1E3
:105C6000050904464846FAF775FAE4B2631CC7B260
:105C7000BB4203DB002011B0BDE8F0832246414661
:105C800048460BF0EDFA0028F4D1231D22461E44AD
:105C9000BA4203461BD300F140036B44002403F8CF
:105CA000404C0028E6D09DF800303D2BE2D1302357
:105CB00068468DF80030FAF74DFA2346DAB2904282
:105CC00012D868460BF0C7FB28600120D3E716F80E
:105CD000011F202905D040336B440130C0B203F8C6
:105CE000401C0132D2B2D3E740326A44013312F889
:105CF000402C303A092AE1D9BCE7000010B50E4B20
:105D00001B78022B04460FD10C4B93F8A0205AB1FC
:105D1000D3F8A830B3F5215F07D20949FFF756FF42
:105D200008492046FFF752FF10BDFDD00649FFF796
:105D30004DFF0649F5E700BF110700202C050020A4
:105D4000B32A0108E92A01081F2B0108552B010875
:105D500010B50446FFF7D2FF20680749FCF768FF3B
:105D6000064B206819783031C9B2FCF71FFE044990
:105D70002046FFF72BFF10BD8B2B010814030020DA
:105D8000432901082DE9F0474379702B90B08046F4
:105D90000F46164671D18379202B6ED1C0790BF056
:105DA000F7F900285CD000254FF0020A2C4608F1D4
:105DB00005094846FAF7CEF9824522D305F140039A
:105DC0000DEB0305002305F8403CC4B3E8461D462F
:105DD00018F8010B0BF02CFA78550135EBB2A34201
:105DE000F6D300253D550134E4B26846FAF7B2F91E
:105DF0006719FFB2874206EB050334D300221A70FD
:105E00002DE008EB0A035B793D2B0ED0202B07D049
:105E100005F140016A1C0DEB010505F8403CD5B2C7
:105E20000AF101035FFA83FAC3E72C46F0E705F1B4
:105E300040036B4413F8400C0BF0FAF978556846B0
:105E4000FAF788F9E5B2A84207EB050304F101046B
:105E5000EDD800220A491A7030460BF0C5F901202E
:105E600010B0BDE8F08707F140020DEB02070135E5
:105E700017F8402C1A70EDB2B7E70020F0E700BF2A
:105E8000952B01082DE9F0472C4E282303FB0166D2
:105E900088B03379FE2B04460D4620D0FF2B4BD023
:105EA000022B2DD196F9185025490068FCF7C0FE49
:105EB0002846694607F0A5FE69462046FFF786FE9C
:105EC00096F91C501F492068FCF7B2FE6946284627
:105ED00007F097FE69462046FFF778FE10E0084677
:105EE000FFF7F6FCDFF86090DFF860A0804600273F
:105EF000FEB20123324629466846FFF761FC10B91D
:105F000008B0BDE8F087BBB248FA03F3DB0711D550
:105F100020684946FCF78CFE06F130012068C9B2C2
:105F2000FCF744FD20685146FCF782FE6946204696
:105F3000FFF74CFE0137DBE70549CDE7C03C010820
:105F4000972B01089F2B0108A72B0108AA2B0108FA
:105F5000AE2B0108F0B504468BB008460D46FFF79E
:105F6000DFFC254F254906462068FCF761FE282303
:105F700003FB05772068B968FCF75AFE20492068C2
:105F8000FCF756FE2EB91F492046FFF71FFE0BB047
:105F9000F0BD0122294602A8FFF728FD206802A9CA
:105FA000FCF746FE3B79FE2B03D0FF2B1AD0164997
:105FB000EAE72846FFF7A0FB057814492068FCF7BC
:105FC00037FE05F130012068C9B2FCF7EFFC10493B
:105FD0002068FCF72DFE012EE9D10E492068FCF760
:105FE00027FEE4E70C4B02A95A786846FFF7C6FD86
:105FF0000028DCD06946F1E7C03C0108A72B010866
:10600000AA2B0108BD2B010843290108CD2B01084B
:10601000BB2B0108D02B01081403002070B590F8A9
:106020008E3004466BB990F88F30012B01D9032BC9
:1060300007D1214B1B78022B03D020492046FFF7C4
:10604000C5FD1D4E002594F88E102D2903D900237F
:1060500084F88C3020E04B1C84F88E3094F88F301C
:10606000012B09D10846FFF711FB0028EBD10846A8
:10607000FFF71EFB38B1E6E7022B0ED10846FFF70B
:1060800005FB0028DFD02046FFF764FF013594F8B8
:106090008D30EDB2AB42D6D270BD032B08D108468D
:1060A000FFF706FB0028CED03378022BDFD1EAE7DA
:1060B000002BF9D0E7E700BF11070020DF2B010814
:1060C00038B5594B1A6890F88C30012B044640F0D3
:1060D000AA80D0F88830D31AB3F5FA7FC0F0A38035
:1060E000524DC0F888202846FBF74BF907F0BEFD5B
:1060F00001462068FCF79CFD4D492068FCF798FD9F
:1061000005F11400FBF717FD07F0B0FD014620680C
:10611000FCF78EFD47492068FCF78AFD95F894004E
:1061200007F0A4FD01462068FCF782FD4249206883
:10613000FCF77EFD95F98C0007F0A2FD0146206872
:10614000FCF776FD3D492068FCF772FD95F98D005E
:1061500007F096FD01462068FCF76AFD3849206883
:10616000FCF766FD95F9920007F08AFD014620686C
:10617000FCF75EFD30492068FCF75AFD95F98E006A
:1061800007F07EFD01462068FCF752FD2B49206890
:10619000FCF74EFD95F98F0007F072FD014620686F
:1061A000FCF746FD27492068FCF742FD05F1500049
:1061B000FBF7C7FC80B207F06DFD01462068FCF7D5
:1061C00037FD1D492068FCF733FD05F16400FBF73E
:1061D000B8FC80B207F05EFD014620681A4DFCF75E
:1061E00027FD1A492068FCF723FD194B1B7805EBA6
:1061F0008303588807F04EFD01462068FCF718FD20
:1062000014492068FCF714FD134B1B7805EB83053C
:10621000688807F03FFD01462068FCF709FD0F493B
:106220002046FFF7D3FC38BD7443002058310020CE
:10623000592C0108FC2B0108FF2B0108022C010836
:10624000FD2B0108042C0108A83C0108072C0108BB
:106250003A3000200D2C01084D310020122C01088D
:1062600030B5044695B0FFF749FD1E492068FCF79C
:10627000DFFC1D498B7863B12F22023108A80BF097
:1062800001F81A492068FCF7D3FC206808A9FCF73C
:10629000CFFC17492046FFF799FC16492068FCF708
:1062A000C7FC154B1B78022B19D1144D95F8A03063
:1062B0009BB1206805F1AC01FCF7BAFC0B492068E2
:1062C000FCF7B6FCD5F8A4106846FBF781FA6946DE
:1062D0002046FFF77BFC15B030BD0949F8E70949B6
:1062E000F6E700BF152C01084C0E0020FF2B01081B
:1062F00043290108372C0108110700202C05002034
:106300003E2C0108E52B01082DE9F04190F88E3074
:1063100090B0044643B93A4A3A4B92F856105B7C27
:10632000394A01B15B001370DFF8DC80354E00277D
:1063300094F88D20FBB29A4208D994F88E5098F8C0
:106340000030AB4205D8002384F88C3010B0BDE893
:10635000F081737C9D424DD275B92C492068FCF7C1
:1063600067FC707C07F082FC01462068FCF760FC4B
:1063700027492046FFF72AFC284607F077FC01460C
:106380002068FCF755FC23492068FCF751FC731981
:106390000137987C07F06AFC01462068FCF748FC4E
:1063A0001D492068FCF744FC06EB8503586B07F099
:1063B0007BFC01462068FCF73BFC18492068FCF791
:1063C00037FC2A4608A93046FEF762FA694607F00C
:1063D000E2FB6846FBF75AF920686946FCF728FC9F
:1063E00008A92046FFF7F2FB94F88E30013384F8B9
:1063F0008E309DE7ED1A15F0FF05BDD10849ADE7D8
:1064000014030020EC0B002035060020532C01085B
:10641000933001085B2C0108622C01086C2C0108E8
:10642000722C01082DE9F041254E264FDFF89880A7
:106430000446002594F88D20EBB29A423ED994F898
:106440008E30102B37D8DFE803F00913181A1C1E02
:1064500020222426282A2C2E303234002046FFF712
:106460004DFC94F88E30013384F88E300135E1E72D
:1064700016492046FFF7AAFBF3E71549F9E7154946
:10648000F7E71549F5E71549F3E71549F1E7154928
:10649000EFE71549EDE71549EBE71549E9E7154938
:1064A000E7E71549E5E71549E3E74146E1E73946FE
:1064B000DFE73146DDE7002384F88C30BDE8F0816A
:1064C000152F0108DA2E0108A92E01087A2C0108DF
:1064D0009E2C0108CC2C0108F52C0108212D010867
:1064E000492D0108712D01089A2D0108C32D0108BD
:1064F000072E01082D2E0108532E0108762E0108C3
:106500002DE9F043037993B00446C3B190F88C3081
:10651000013B032B19D8DFE803F00252575C0068F7
:1065200003685B69984768B1206803689B6998476E
:106530000023AB4984F88C302046FFF747FB13B0AB
:10654000BDE8F0832046FFF7BBFDA64B1E6894F81C
:1065500085308BB1D4F88830F31AB3F5FA6F0BD9C4
:10656000A1492046FFF732FBA0492046FFF72EFB4A
:10657000002384F8853063719B4FDFF87482DFF865
:106580007492206803685B6998470028D7D0206818
:1065900003689B6998470A280546C4F888601DD09F
:1065A0000D281BD02C2819D03B2817D00146206875
:1065B000FCF7FCF929462046FFF732FBE1E713B070
:1065C000BDE8F043FFF72EBF13B0BDE8F043FFF77F
:1065D00025BD13B0BDE8F043FFF796BE394620460F
:1065E000FFF7F4FA41462046FFF728FB50B102239B
:1065F00084F88C30002384F88E30002384F88530B2
:106600006371BEE749462046FFF718FB0028EED12C
:1066100079492046FFF712FB0028E8D17749204648
:10662000FFF70CFB054618B12046FFF719FEE4E71B
:1066300073492046FFF702FB40B12046FFF788FB75
:10664000032384F88C30A4F88E50D6E76D49204699
:10665000FFF7F4FA50B12046FFF77AFB032384F8E2
:106660008C304FF48073A4F88E30C6E7664920461C
:10667000FFF7E4FA40B12046FFF76AFB032384F8F2
:106680008C304FF40073EEE760492046FFF7D6FAEE
:1066900040B12046FFF75CFB032384F88C304FF4B5
:1066A0004073E0E70AAA02A92046FFF76BFB002827
:1066B00046D002A90DF10200FFF756F920B954495E
:1066C0002046FFF783FA98E7524B1B78022B06D03F
:1066D0009DF80200FEF7ECFF08B14F49F0E79DF886
:1066E00028303F2B0DD12046FFF732FB9DF802509A
:1066F00020462946FFF72EFC29462046FFF7C2FB1D
:106700007BE70BB94549DBE79DF802500AA92A4609
:106710000DF10300FFF70EFA08B94149D0E7204612
:10672000FFF716FB29462046FFF714FC9DF80330BF
:10673000002B3FF462AF05213A48FBF738FA5CE7DB
:1067400039492046FFF77AFA90B136480621FBF71F
:106750002EFA2046FFF7FCFA2E4B1B78022B05D0B1
:106760002D492046FFF732FA3049A9E73049A7E71B
:1067700030492046FFF762FA28B101212948FBF78A
:1067800016FA2D499CE72D492046FFF757FA90B19C
:1067900024480721FBF70BFA2046FFF7D9FA1D4BD7
:1067A0001B78022B05D01C492046FFF70FFA24491D
:1067B00086E7244984E7244901AA2046FFF746FAE0
:1067C00000285AD0019D092D01D9204978E720469B
:1067D000FFF7BEFA1E4B1B789D423DD11D496FE766
:1067E0005B2F010874430020752F0108772F0108E3
:1067F000793B0108812F0108952B0108593A0108BE
:10680000862F0108892F01088E2F0108942F010877
:106810009A2F010811070020DF2B0108B62F01086D
:10682000CE2F010834340020E12F0108E82F0108A1
:10683000FF2F010813300108183001082F3001081C
:10684000363001084F300108653001087130010809
:1068500014030020953001082A461D480A21FBF741
:10686000A8F91C492068FCF7E3F905F13001C9B229
:106870002068FCF79BF8184922E718492046FFF7E3
:10688000DDF9054640B10123154984F88C302046D6
:10689000FFF79CF9134913E713492046FFF7CEF998
:1068A00028B1042384F88C3084F88E50A5E60F4973
:1068B0002046FFF7C3F908B103213DE794F885109E
:1068C0000B4A0C4B00290CBF11461946F8E600BFD5
:1068D00034340020AA30010843290108D3300108CC
:1068E000C0300108D9300108F63001080031010834
:1068F000412F01084D2F01080148FFF701BE00BFDD
:106900007406002070B5244CE569AB0607D52368F2
:106910009E0604D5606A214BC0B21B6898471F23AE
:106920002806236215D52368190612D51C4B1D4A6B
:106930001988138889B29BB2994219D01388013300
:10694000C3F3080313801388174A9BB2D35CDBB2EE
:10695000A3626A061FD5104803685B061BD5FBF7C8
:10696000EFFB40230362114BBDE870401B681847E2
:106970000948FBF7EEFB40230D4A236202F5006352
:1069800053E8003F43F0400302F5006040E8003167
:106990000029F3D1DDE770BD00380140700200200E
:1069A0003A3900203839002038370020740200209E
:1069B000003001400848094A0188138889B29BB217
:1069C0009942F9D013880133C3F308031380138865
:1069D000034A9BB2D05C7047363700203437002022
:1069E00034350020FFF7E6BF70B588B00C46064688
:1069F00015460021202268460AF046FE231E18BFD5
:106A000001231B03CDE9023569460C230348019697
:106A10000494059309F06CF808B070BD003801408B
:106A200010B5064C236823F001032360FFF7DCFF59
:106A3000236843F00103236010BD00BF003801400C
:106A400013B5134C2046FBF772FBF1B111484FF41C
:106A500000524FF48061FFF7E3FF23680E4823F0F4
:106A600001032360636823F480336360236843F089
:106A70000103236001220823CDE9003203231A46D3
:106A80008021FCF715F9FBF79DFE012002B010BD37
:106A900000380140A08601000004004813B5134CE3
:106AA0002046FBF744FBF1B111484FF400524FF47C
:106AB0008061FFF7B5FF23680E4823F001032360D0
:106AC000636843F480336360236843F00103236009
:106AD00001220823CDE90032802103230222FCF7A2
:106AE000E7F8FBF76FFE012002B010BD003801404F
:106AF000A08601000004004873B52F4C236823F0E2
:106B000001032360082501264FF48040FBF7FAFAC1
:106B10004021CDE90056294803230A22FCF7C8F892
:106B200003231A46CDE9005624488021FCF7C0F81B
:106B3000002211462248FFF757FF636823F4904371
:106B40006360A36823F02A03A3601E4BA02283F88E
:106B5000242310225A602046FBF7FBFAFBF7F0FAD9
:106B600040232362184B00211980184B1980FBF732
:106B7000DEFA174B1980174B1980636823F4006302
:106B80006360A36823F00803A360636823F4804371
:106B90006360A36823F02203A360A36843F48053D7
:106BA000A360236833432360E3699A02FCD5E36959
:106BB0005B02F9D502B070BD003801400004004806
:106BC000801A060000E100E0383900203A39002040
:106BD00034370020363700200649074A0B881288D0
:106BE0000133C3F3080392B29A421EBF034AD05442
:106BF0000B8070473A3900203839002038370020A0
:106C0000F8B5012380F86C3090F8BD30044603F0ED
:106C1000FF005BB194F8BD5004F16C070026B3B2DD
:106C20009D4204D8002384F8BD300120F8BD17F838
:106C3000010FFFF7D1FF0136F1E700000148FBF734
:106C40006DBA00BF0038014007B50E48FBF76FFA78
:106C5000036823F001030360436843F40043436087
:106C6000036843F00103036000220823CDE90032EA
:106C7000054803230A228021FCF71AF803B05DF8C7
:106C800004FB00BF00380140000400480E4B07B56C
:106C90001A680E4822F001021A605A6822F4004273
:106CA0005A601A6842F001021A6008230022CDE9F6
:106CB0000032802103230222FBF7FAFF03B05DF8C4
:106CC00004EBFBF77FBD00BF003801400004004823
:106CD00037B50446FFF710FF134B144D1A6822F026
:106CE00001021A605A6842F400325A605A6842F44B
:106CF00080325A601A6842F001021A6008230122A9
:106D0000CDE900322846032302228021FBF7D0FF81
:106D10002846032302224021FCF74FF8204603B007
:106D2000BDE83040FFF7B2BF003801400004004822
:106D300008B5002383810371C380038183720361DB
:106D400001460448FCF776FEBDE808400846FFF718
:106D5000BFBF00BF30350020036810B504461B6874
:106D60009847237A082B05D90A2B03D0092B02D088
:106D70000023237210BD236820465B6898470028D3
:106D8000F6D00848036823B1FA21FCF763FE0A2312
:106D9000EFE72046FFF758FF0B232372BDE81040B2
:106DA000FFF74CBF3035002001460148FFF7D4BF44
:106DB0006017002001460148FFF7CEBF18070020EA
:106DC000037A0A2B10B5044607D1FFF73DFF0B23CA
:106DD0002372BDE81040FFF731BF10BD0148FFF737
:106DE000EFBF00BF1807002010B50446FFF74EFFA5
:106DF0000023237210BD00000148FFF7F5BF00BF5C
:106E0000601700200148FFF7EFBF00BF1807002000
:106E100008B5017A094A0A29126801D8026108BD39
:106E20000169521A142AFAD900220272FFF72EFFC2
:106E30000348FBF785F940230362F0E77443002021
:106E4000003801400238C0B210289ABF014B185CCC
:106E500000207047423C010810B5464B5A6A037A3D
:106E6000044692B233B18389D31A9BB2FA2B84BF02
:106E700000230372237AA281052B1AD8DFE803F0DE
:106E8000031E2349606C4F29B4F8020B12D1012371
:106E9000237270B1984209D006F0FCFE01463648D4
:106EA000FBF71CFE35493448FBF718FE0023A4F815
:106EB000023B10BD0130A4F8020BFAE757290CD1B0
:106EC00002232372F5E70023FF29A37207D141F2C1
:106ED00004732381637E002BEBD00023F1E79F290D
:106EE0000FD901F01F000122A27284F83200FFF7CF
:106EF000A9FF607218B984F84B200923E1E7052344
:106F0000DFE71829E9D80029F7D00323617223723B
:106F1000E0E7B4F86E22B4F87202531C0340B4F8F0
:106F2000700298421EBF121982F87412A4F86E32D1
:106F3000A37A627A0133DBB29A42A372DDD9B8E751
:106F4000A27A531C2244DBB2A372D176627A9A42AF
:106F5000AFD80123A376D0E7A27A531C2244DBB238
:106F6000A37282F83210627A9A42A2D2012384F884
:106F70004B30C2E70044014028000020F0280108FF
:106F80002DE9F04389B0002301AFB0F868908DF887
:106F900004300446B8460125B4F86A204846114634
:106FA000EEB2FBF789FCA0B1192D11D091451FBF9E
:106FB000A318B4F86C1093F86E30013214BF0A4075
:106FC000002308F8013F18BFA4F86A200135E3E761
:106FD0002E46B6B20024013417F8010BA4B2FFF715
:106FE000FBFDA642F7D8012009B0BDE8F08370B5DB
:106FF00090F8665000F14C040026B3B29D4200D8D0
:1070000070BD14F8010FFFF7E7FD0136F5E770B525
:10701000457E044605B1FEE7012680F84C6090F8F5
:10702000663033B1FFF7E3FF84F8665035462846F3
:1070300070BDB0F86A10B0F86800FBF73DFC00289E
:10704000F5D02046FFF79CFFF0E7027FC37E02F0F9
:10705000070243EA02230B80838BC3F3CA034B80EE
:10706000C369C3F38A338B8090F82030C27F03F06A
:107070000F03DB0143EA5203CB80038CC3F30A13F3
:107080000B81036AC3F3CA334B8190F8243090F824
:10709000232003F01F039B0143EA92038B81838C1F
:1070A000C3F34A13CB81C38CC3F30A030B8290F85A
:1070B000283090F8272003F03F035B0143EAD20316
:1070C0004B82836AC3F38A138B82438DC3F34A03D3
:1070D000CB8290F82C3090F82B2003F07F031B011B
:1070E00043EA12130B83C36AC3F3CA134B83C38DE2
:1070F000C3F38A038B8390F8303090F82F20DB00A5
:1071000043EA5213CB8390F8312040F2547312F0CB
:10711000010F14BF1A46AC220A8490F8312012F0F5
:10712000020F08BFAC234B847047437E70B5044602
:107130000D463BB1002303728E18B54203D10023E4
:107140002372A37670BD236815F8011B1B682046C7
:107150009847F2E70346407E30B568B193F8664041
:1071600004F0FF054CB103F14D040C6093F8661078
:107170001170002283F8662030BD2846FCE700002D
:1071800042766AB30123037640F2FF11A0F86C1037
:1071900040F2FF710023A0F872127F2180F84C307A
:1071A000A0F86A308376A0F8683080F84B30A0F8F9
:1071B000703280F86630A0F86E32A0F8763AA0F807
:1071C000743AA0F8781A80F8FA3AC0F8FC3A52B942
:1071D000054B064A1A60064B064A1A60FFF7A8BD1F
:1071E00001760029D0D1704770020020A96D0008F7
:1071F00074020020F96D0008F8B5477E04460D467C
:1072000017B100263046F8BD037E002BF9D0FFF7FA
:10721000FFFDA37E03F0FF06002BF2D0A7762946E0
:107220002046FFF712FFEDE7427E10B50346E2B9B4
:10723000007EB8B193F84C4004F0FF0094B11C7983
:1072400083F84C200CB11A71DA80DC889A79013409
:10725000052ADC8007D0092A05D0012A4FF0000357
:1072600005D10B7010BD0123FBE70020FAE718469B
:10727000F8E70346007E60B193F84B2002F0FF0070
:107280003AB1002283F84B2093F8323003F01F0309
:107290000B707047F8B506460D46174600211922B7
:1072A0004D300AF0F1F92846FFF7CCFD05F01F0537
:1072B0000446603D0134024686F84D50394606F1D9
:1072C0004E00E4B209F0BEFF86F86640F8BD00004B
:1072D00070B590F8FA4A0CB1002070BDB0F8745A3D
:1072E000B0F8763AEE1AB2B2360444BF803292B2A7
:1072F000002AF1D00D4A1668427E22B1D0F8FC2A4D
:10730000921B092AE8D900229D42C0F8FC6A80F845
:10731000FA2A08D0C218013392F87A4AB0F8782ACB
:107320001340A0F8763A0C700120D6E77443002091
:1073300010B52C4C86B01822002168460AF0A4F93A
:10734000237829488DF80630FDF758FAADF800008B
:107350002548FDF76AFA9DF8073094F851208DF81A
:10736000030062F303038DF80730204B93F8A0204D
:107370005AB39DF8052042F001028DF8052093F8DC
:10738000C12093F8C2308DF8042003F00F039DF85C
:107390000720174863F30712164B8DF807201B7957
:1073A0009DF802205B0043F0010322F0030203F08A
:1073B000030313438DF802306A462E230B218DF808
:1073C0000830FFF767FF06B010BDBDF8043023F4A6
:1073D000FF7323F0010343F07F03ADF8043005236E
:1073E000D5E700BF14030020103400202C05002036
:1073F00060170020380600207FB51822002168465B
:107400000AF042F942F6A100FAF7C4F9ADF800001B
:107410004FF42150FAF7BEF90749ADF802001422E3
:1074200001A8FAF721FA05486A460421FFF732FF5E
:1074300007B05DF804FB00BF0B31010860170020A6
:1074400010B5134C86B01822002168460AF01CF9CA
:1074500094F8A030C3B1D4F8A400FAF79BF9ADF8C2
:107460000000D4F8A800FAF795F91422ADF802004C
:1074700004F1AC0101A8FAF7F7F906486A460521BC
:10748000FFF708FF06B010BD03491422F2E700BF62
:107490002C05002060170020432901082DE9F04F3A
:1074A0000C463549282303FB041189B007462046C2
:1074B000FEF70EFA0B79D1F82080FE2B814603D11E
:1074C0004FF6FF73984206D14146384609B0BDE8F1
:1074D000F04F09F089BE2046FEF70EF9002590F81E
:1074E00000B02E46AA462C46EAB240460192F8F772
:1074F00031FE019A013090424FF02D0102D809B0BF
:10750000BDE8F08F18F802000AF1200CEC440AF1F3
:1075100001032C28DBB20CF8180C00D040BB5E45F0
:1075200003D049FA06F0C00718D50DF1080E002265
:10753000D0B254FA82FC83425FFA8CFC08D85444DF
:10754000013404F0FF040136502CF6B20FD9FEE7E7
:107550001EF8010B07F80C000132E9E73955631CEE
:10756000DBB218F80220FA540234E4B2EBE700234D
:1075700001359A46B8E700BFC03C0108044B1870BB
:10758000044B0548002207211A70FBF789B900BF98
:10759000A82F0020A92F0020D421002008B50B78A7
:1075A000033B082B20D8DFE803F010050C1F1A1F3F
:1075B0001F1F0E00042100F67420BDE80840FBF7F1
:1075C0006FB90521F7E70B21F5E7042100F67420D8
:1075D000FBF766F90521FBF763F90B21EDE7BDE841
:1075E00008404878FFF7CABF08BD000070B56E4D6F
:1075F0002C782D2C86B00ED91822002168460AF06E
:1076000043F8FF2369488DF800306A460721FFF7E9
:1076100041FE06B070BD664E317800294BD1022381
:1076200033701822634E68460AF02EF8282303FBB5
:1076300004638DF800401B79FE2B27D0FF2B2DD043
:10764000022B09D1012320468DF80130FEF754F8B2
:1076500090F900308DF812302B78282202FB036657
:107660000DF10200B1681022FAF7FEF84F48072129
:107670006A46FFF70FFE29784F48FFF70FFF4F4884
:10768000072106B0BDE87040FBF70AB90423204685
:107690008DF80130FEF730F80378DBE7052320464C
:1076A0008DF80130FEF728F8062201460DF1120090
:1076B000FAF7DAF8D0E7022942D100211822684609
:1076C000317009F0E1FF3B4B8DF80040282202FBAE
:1076D00004331A79022A0DD0FE2A1BD06A460821EB
:1076E0003248FFF7D7FD3378002BC8D12B78013310
:1076F0002B708EE71A7D8DF805201A7E8DF80120FB
:107700001A7F8DF80320196906220DF10700FAF798
:10771000ABF8E3E75B6A83B11B882749ADF801301A
:1077200015220DF10300FAF79FF82348F8F712FD30
:10773000142884BF03233370D0E74FF6FF73ECE7C0
:10774000032917D1002118226846317009F09CFFE7
:107750001B498DF8004017220DF10100FAF784F85B
:107760001548F8F7F7FC2B2884BF042333706A46CA
:107770000921B5E783D9002118226846317009F044
:1077800083FF0DF101000F498DF800401722FAF731
:107790006BF89DF800300548803B6A4609218DF85A
:1077A0000030FFF777FDA1E7A82F00206017002029
:1077B000A92F0020C03C0108AA2F0020D4210020BE
:1077C000BF2F0020D62F002010B500230B700246DB
:1077D00000782D280C4611D8094B282101FB0033D5
:1077E0001B79FF2B06D0B2F90110FDF7A1FF207025
:1077F000012010BD511CFDF7BFFFF8E71846F8E760
:10780000C03C0108043807280DD8DFE800F0040662
:107810000C080C0C0C0AFFF7EFBDFFF711BEFFF7C9
:10782000E5BEFFF785BD7047D20638B505460C4664
:1078300004D5BDE83840204909F0D6BCCB044CBF84
:107840001E491F4909F0D0FCA1070BD51D49284648
:1078500009F0CAFCE3072ED428461B49BDE838408E
:1078600009F0CABCA20501D51849F0E7230601D5E5
:107870001749ECE7E00501D51649E8E7164BA343A5
:1078800001D11649E3E7E10301D51549DFE72205F8
:1078900001D51449DBE7E30601D51349D7E76007B3
:1078A00001D51249D3E7210701D51149CFE7E202FB
:1078B000D0D51049CBE738BD1E310108233101086E
:1078C000273101082C3101085131010831310108FB
:1078D0001136010804380108100001003631010892
:1078E0003B3101087136010840310108433101087C
:1078F000483101084C31010810B51422044600211A
:107900002A3009F0C1FE0023C4F8D032A4F8D432E2
:10791000C4F8D832FF2384F8DC3210BD0B68C0F8FD
:1079200090304B68C0F894300B7A80F8983001237F
:1079300080F82D3080F8333090F89630DB0980F8ED
:10794000D5327047993001F1280351F8042B40F8E3
:10795000042B9942F9D10B8803808B788370704790
:1079600010B500F1C40301F1340251F8044B43F89F
:10797000044B9142F9D1012380F82E3010BDF8302C
:1079800001F11C0351F8042B40F8042B9942F9D162
:107990000B780370704710B500F2151301F11C024B
:1079A00051F8044B43F8044B9142F9D1012380F87C
:1079B000323010BD10B500F2311301F11C0251F844
:1079C000044B43F8044B9142F9D140F20113438533
:1079D000012380F8303080F8D23290F8D53253B994
:1079E00090F8D4323BB9D0F83931C0F82C32D0F805
:1079F0003531C0F8283210BD00F2671001F11003D4
:107A000051F8042B40F8042B9942F9D10B880380DC
:107A1000704700F24D1001F1180351F8042B40F8A3
:107A2000042B9942F9D10B880380704710B500F2FE
:107A3000791301F1140251F8044B43F8044B9142BD
:107A4000F9D1012380F83130D0F8993013F01003C8
:107A500008D0D0F89D3013F010031CBFD0F8A1302F
:107A6000C3F3001380F83D3010BD00F28D1001F11A
:107A7000140351F8042B40F8042B9942F9D10B88D8
:107A80000380704791F8203030B57BB90B4600F287
:107A9000A31201F1340453F8045B42F8045BA342DF
:107AA000F9D11B881380012380F82F3091F8203002
:107AB000012B0ED100F2D91301F1340251F8044B1D
:107AC00043F8044B9142F9D10A881A80012380F8C7
:107AD000343030BD0B68C0F80F324B68C0F8133239
:107AE0000B7A80F81732012380F8D33270470B6885
:107AF000C0F818324B68C0F81C32012380F83230CD
:107B000070470B68C0F820324B68C0F8243201235C
:107B100080F83630704710B500F50A7301F13C0269
:107B200051F8044B43F8044B9142F9D1012380F8FA
:107B3000303080F8D43210BD10B500F5197301F162
:107B4000340251F8044B43F8044B9142F9D10A88AE
:107B50001A80012380F82C3010BDF0B500252C468A
:107B60000126AB4206D803680C4004FA02F2134324
:107B70000360F0BD06FA05F73C430135F1E770B547
:107B80000446084694F82A6016B90026304670BDAF
:107B900094F8E0300022022B84F82A20F5D90A60FC
:107BA000D4F83551002DC8BF6D423223B5FBF3F137
:107BB0001E2301EB4101FFF7D0FFD4F8351102235A
:107BC0001E22C90FFFF7C9FFE0E770B5044608465B
:107BD00094F82B6016B90026304670BD94F8E0305A
:107BE0000022022B84F82B20F5D9D4F839510260F9
:107BF000002DC8BF6D423223B5FBF3F11E2301EB0C
:107C00004101FFF7AAFFD4F83931002B4FF00203EE
:107C10004FF01E02B4BF03211946FFF79EFFDBE7BA
:107C200038B50446084694F8D022AAB994F82C3006
:107C3000DBB384F82C2004F5197304F29A2204F5BE
:107C4000267153F8045B42F8045B8B42F9D11B8820
:107C500013800123A4F8D03200230360182594F880
:107C6000D132312B06D85A1C234484F8D12293F800
:107C70009B12E1B994F89A12012319400722FFF7E9
:107C80006CFF94F89A1201230F22C1F34001FFF711
:107C900064FF94F89A1201231722C1F38001FFF7C1
:107CA0005CFF002384F8D0320123184638BD2A46F1
:107CB000083D0723EDB2FFF750FFF82DCFD194F820
:107CC000D132312BD6D8EFE703462DE9F04793F8B0
:107CD0002D600846002E62D093F81552D3F890100C
:107CE000B3F88B4193F8D58293F8D3720022AD1A82
:107CF00083F82D2001F1010118BF01254CB1632C3F
:107D0000D7BFC4EB84143F2431346422D8BFB4FB02
:107D1000F2F4B3F91331002B44D0642293FBF2F355
:107D2000522BA8BF5223132BB8BF1323A3F113095F
:107D30004FF0000A05235246C0F800A0FFF70DFFE0
:107D4000022305225146FFF708FF4146012307227F
:107D5000FFF703FF01230822FFF7FFFE514601232F
:107D60000922FFF7FAFE02230A22FFF7F6FE01239B
:107D70000C22FFF7F2FE01230D223946FFF7EDFE3C
:107D800001230E222946FFF7E8FE0723132221468E
:107D9000FFF7E3FE06231A224946FFF7DEFE3046D0
:107DA000BDE8F0879946C3E72DE9F84390F82E80A7
:107DB0000D46B8F1000F3AD090F8E1300021FF2BCA
:107DC00080F82E1003D00F2B28BF0F23194690F8F0
:107DD000E090B9F1030F2DD84FF000062FD07F2788
:107DE0003446002228462A600423FFF7B6FE022309
:107DF00004224946FFF7B1FE012202213846F9F775
:107E0000DFFE0823014606222846FFF7A6FE0223CE
:107E10000E223146FFF7A1FE022211462046F9F755
:107E2000CFFE0A23014616222846FFF796FE40465B
:107E3000BDE8F883A9F10306062E28BF06260A230B
:107E4000B0F8D870D0F8D440B7FBF3F70B4B7F2FC6
:107E5000A8BF7F279C4208DC094B9C4209DB6423B6
:107E60004FF0030994FBF3F4BBE7064C4FF0030912
:107E7000B7E7054C4FF00309B3E700BFC3C9C10022
:107E80003D363EFF18F00100E80FFEFF2DE9F04FF0
:107E900090F8303085B005460E462BB9002300938C
:107EA000009805B0BDE8F08F002380F8303090F8DE
:107EB000D2320093002BF1D0D0F82802F8F750FE10
:107EC0006A49F8F7A1FE6A49F8F79EFE8146D5F89F
:107ED0003501F8F745FE6549F8F796FE6449F8F76D
:107EE00093FE8046484607F0C3FE8346404607F0AF
:107EF000BFFE0746D5F83901F8F732FE5B49F8F7BF
:107F000083FE5B49F8F780FE0446D5F82C02F8F7AB
:107F100027FE5649F8F778FE5549F8F775FE0146F1
:107F20002046F8F767FD824607F0D8FE01904046EC
:107F300007F0D4FE0446484607F0D0FE03905046B2
:107F400007F096FE214602905846F8F75DFE039B27
:107F5000044619463846F8F757FE029A1146F8F7D4
:107F600053FE01462046F8F745FD01990446384680
:107F7000F8F74AFE214607F079FE3E49F8F744FE3D
:107F800000210446F8F7DEFF20B120463A49F8F711
:107F900033FD04462046F9F713F880B2A0F1B4048B
:107FA00024B2002CBCBFB43004B2B4F5B47FA8BF77
:107FB000A4F5B47449464046A8BF24B2F8F71AFDA8
:107FC0004FF07C51F8F720FE07F088FE4FF07C510F
:107FD00080465046F8F718FE07F080FE0146F8F795
:107FE00013FE5946F8F710FE3946F8F70DFE4146E4
:107FF00007464046F8F708FE01463846F8F7FCFC0D
:1080000007F0D4FD002707F011FE1C49D5F84151B7
:108010003760642395FBF3F5F8F7F6FDF8F7D0FF2A
:10802000F8F79EFDF8F7CCFF02220321F9F7C8FD0F
:108030000C2301463A463046FFF78FFD2846F8F7F5
:108040008FFDF8F7BDFF02220321F9F7B9FD0D23DB
:1080500001460C223046FFF780FD07231922032139
:1080600094FBF1F1FFF779FD1AE700BF95BFD63316
:1080700035FA8E3CE12E65420000B443706D424BF0
:108080002DE9F84390F8319004460D46B9F1000F00
:108090003BD000261E4980F83160D0F88501F8F702
:1080A000B3FD07F09FFD1A498046D4F87D01F8F72B
:1080B000ABFD07F097FDB4F989112E6007464046E5
:1080C00001EB8104F8F77CFF01220221F9F778FD2A
:1080D0000923014632462846FFF73FFD3846F8F7A8
:1080E0006FFF01220221F9F76BFD082301460922E7
:1080F0002846FFF732FD0B2311222146FFF72DFD05
:1081000001231C223146FFF728FD4846BDE8F883CD
:10811000000020412DE9F84390F83D9004460D46BB
:10812000B9F1000F3BD000271E4980F83D70D0F810
:108130008501F8F769FD07F055FD1A498046D4F826
:108140007901F8F761FD07F04DFDB4F989112F6051
:108150000646404601EB8104F8F732FF0122022176
:10816000F9F72EFD092301463A462846FFF7F5FCAC
:108170003046F8F725FF01220221F9F721FD0823F7
:10818000014609222846FFF7E8FC0B23112221466D
:10819000FFF7E3FC01231C221946FFF7DEFC4846EB
:1081A000BDE8F883000020412DE9F84390F83290B3
:1081B00004460D46B9F1000F46D00027244980F847
:1081C0003270D0F81901F8F71FFD2249F8F71CFDAD
:1081D0002149F8F711FC07F005FD1D498046D4F848
:1081E0001D01F8F711FD1B49F8F70EFD1B49F8F7C3
:1081F00003FC07F0F7FC1A490646D4F81802F8F712
:1082000003FD07F0EFFC2F6004464046F8F7D8FE68
:108210000B2301463A462846FFF79FFC3046F8F705
:10822000CFFE0A2301460B222846FFF796FC204684
:10823000F8F7C6FE01220321F9F7C2FC0B23014621
:1082400015222846FFF789FC4846BDE8F88300BFA1
:10825000E12E65420000A040000061440000E143BF
:108260000000C84238B50346084693F8334014B9B5
:108270000024204638BD93F8DC220132D2B200211E
:10828000032A83F833100FD983F8DC1293F8941083
:108290000125002202601823FFF75FFC0823182243
:1082A0002946FFF75AFCE4E783F8DC22002AEDD0E8
:1082B000012ADDD1D3F8D8120029D9D00425E8E766
:1082C0001C2945D8DFE801F00F121416181A1C1EDD
:1082D00044204422442426282A2C2E303234363896
:1082E0003A3C3E4042001B4908F07EBF1A49FBE77A
:1082F0001A49F9E71A49F7E71A49F5E71A49F3E77E
:108300001A49F1E71A49EFE71A49EDE71A49EBE78D
:108310001A49E9E71A49E7E71A49E5E71A49E3E79D
:108320001A49E1E71A49DFE71A49DDE71A49DBE7AD
:108330001A49D9E71A49D7E71A49D5E71A49D3E7BD
:108340001A49D1E71A49CFE71A49CDE71A49CBE7CD
:108350001A49C9E7083601082731010853310108D5
:10836000583101085D3101086231010867310108A7
:108370006C31010871310108763101087B31010847
:1083800080310108853101088A3101088F310108E7
:1083900094310108993101089E310108A331010887
:1083A000A8310108AD310108B2310108B731010827
:1083B000BC310108C1310108C63101084329010857
:1083C000192941D8DFE801F00D10121416181A1CF3
:1083D0001E4020222426282A2C2E30323436383AC9
:1083E0003C3E1A4908F000BF1949FBE71949F9E773
:1083F0001949F7E71949F5E71949F3E71949F1E789
:108400001949EFE71949EDE71949EBE71949E9E798
:108410001949E7E71949E5E71949E3E71949E1E7A8
:108420001949DFE71949DDE71949DBE71949D9E7B8
:108430001949D7E71949D5E71949D3E71949D1E7C8
:108440001949CFE71949CDE71949CBE7313101087F
:108450006C31010808360108CB31010827310108C9
:10846000D0310108D5310108DA3101088531010820
:10847000583101086731010862310108DF31010814
:10848000993101085D310108E4310108E931010841
:10849000EE310108F3310108F8310108FD3101081E
:1084A00002320108073201080C32010811320108BA
:1084B00043290108102925D8DFE801F0090C240E12
:1084C0001012141618241A1C1E24242022000E49EF
:1084D00008F08ABE0D49FBE70D49F9E70D49F7E7BA
:1084E0000D49F5E70D49F3E70D49F1E70D49EFE7D0
:1084F0000D49EDE70D49EBE70D49E9E70D49E7E7E0
:108500000D49E5E70D49E3E731310108273101085D
:10851000163201080438010862310108AD31010842
:108520001B32010820320108583101086731010867
:10853000A33101085D310108E43101084329010834
:10854000142921D8DFE801F00B0E10121420201698
:1085500020182020202020201A20201C1E000B493B
:1085600008F042BE0A49FBE70A49F9E70A49F7E77A
:108570000A49F5E70A49F3E70A49F1E70A49EFE74B
:108580000A49EDE70A49EBE70A49E9E70836010835
:108590002731010825320108583101085D310108F1
:1085A0006C3101082A3201088A3101083131010891
:1085B0002F3201084329010823289ABF014B185C78
:1085C00002207047533C01080B46013B1146032B28
:1085D0000BD8DFE803F002040608FFF771BEFFF7CF
:1085E000EFBEFFF767BFFFF7ABBF014908F0FCBD67
:1085F0004329010838B5384B0446821C03F1280191
:1086000053F8040B42F8040B8B42F9D1002529469C
:10861000C4E9245584F898502B2204F1990009F0FC
:1086200033F82946342204F1C40009F02DF8294614
:108630001D2204F1F80009F027F829461C2204F253
:10864000151009F021F829461C2204F2311009F016
:108650001BF829461A2204F24D1009F015F8294694
:10866000122204F2671009F00FF82946142204F2CE
:10867000791009F009F82946162204F28D1009F044
:1086800003F82946362204F2A31008F0FDFF29461C
:10869000362204F2D91008F0F7FF2946C4E98655BE
:1086A000C4E98855C4F80F52C4F8135284F817521D
:1086B0003C2204F50A7008F0E7FF2946362204F54B
:1086C000197008F0E1FF3622294604F29A2008F0DA
:1086D000DBFF204638BD00BF442701082DE9F04FDD
:1086E000C77E837E457F867F90F820E090F82B80C0
:1086F00090F819C0BF000C4647EA931703F03F01FA
:10870000037F03F0010247EA822705F00F02D2013E
:1087100042EA530206F07F031B0143EA1513C57FAB
:1087200089B06D0045EAD6150EF00306059345EABB
:10873000462390F82160009306F01F05AD0145EA3D
:108740009E0390F8225090F824E00193ED0045EA52
:10875000561390F8235002930EF0070645EA0623BD
:1087600090F82550039305F03F06760146EADE03B4
:1087700090F8266090F827E00493B60046EA951634
:108780000EF0010546EA852690F82850069205F07D
:108790000F0B4FEACB1B4BEA5E0B90F829E00EF073
:1087A0007F0A4FEA0A1A4AEA151A90F82A506D0011
:1087B00045EADE1508F0030E45EA4E2590F82CE058
:1087C0000EF01F094FEA891949EA9809490190F802
:1087D0002D80007E41EADC010CF0070C40EA0C2001
:1087E0004FEAC80848EA5E180791F8F755FE07995E
:1087F00020800846F8F750FE60803846F8F74CFEB7
:10880000069AA0801046F8F747FE059BE0801846C0
:10881000F8F742FE20810098F8F73EFE608101984B
:10882000F8F73AFEA0810298F8F736FEE081039847
:10883000F8F732FE20820498F8F72EFE6082304668
:10884000F8F72AFEA0825846F8F726FEE082504646
:10885000F8F722FE20832846F8F71EFE608348467C
:10886000F8F71AFEA0834046F8F716FEE08309B039
:10887000BDE8F08F4A78013A92B202310020F8F751
:108880006DBE000038B504460175002937D00025BB
:1088900080F8BD50034680F86C5000F1500280F81B
:1088A000655080F8665080F8675080F8685080F80E
:1088B0006A5080F86B5083F88451C3F888510833AC
:1088C0009342F8D14FF6FF73A4F8BE300C4BC4F8B6
:1088D000C03004F5EA70FFF70FF80A4B0A4A1A6035
:1088E0000A4B0B4AC4F8B454A4F8B854C4F8BC54A6
:1088F00020461A60FEF71CFA064B074A1A6038BD7C
:108900000000C07F70020020B56D000874020020D6
:10891000056E000830350020DD6D0008037D70B560
:1089200004460D4613B90026304670BDFEF770FAB6
:1089300094F8653003F0FF06002BF4D0002384F890
:10894000653004F115012046FFF794FFA37D234411
:108950009B7D8342E7D129462046FFF7BFFEE3E730
:108960000346007D30B560B393F86C4004F0FF001F
:108970003CB31D79002483F86C403DB1132A1C716F
:1089800011D8114C22784AB901222270DA88541C7D
:10899000D2B2DC8052B903230B7012E0013AD2B29A
:1089A0002270002AF2D10022DA80EFE793F86720E4
:1089B00002F0FF0432B1002283F8672005230B7018
:1089C000204630BD0423E7E736060020027D03463B
:1089D0000AB90020704790F8682002F0FF0022B129
:1089E000002283F868200A70704793F86A2002F02A
:1089F000FF002AB1002283F86A2001230B70704720
:108A000093F86B2002F0FF0022B1002283F86B2064
:108A10000223F3E793F8662002F0FF00002AD8D083
:108A2000002283F866205A7DEE2AD2D1DB7D812B8D
:108A3000CFD10323E2E738B504461D46EA230846B2
:108A400084F86D30AB1C114684F86E302A4684F8E9
:108A50006F0004F1700008F0F5FB04F16D01204691
:108A6000FFF708FF6319043583F87000EDB284F84E
:108A7000BD5038BD13460A468221FFF7DCBF000017
:108A800070B50C4600F1DC06054610220021304688
:108A900008F0FAFD6379032B10D12079FFF78CFDE4
:108AA00022680146D2B23046FFF78EFD94F90630B7
:108AB000002B03DB0349304608F09EFB012385F8B9
:108AC000843170BD5131010837B504460D46086840
:108AD000496850EA010331D0194A0023F8F706FB30
:108AE000CDE90001684608F0BBFC436903F26C73F2
:108AF0005BBAA4F8D3300369114A013384F8D53046
:108B0000C36884F8D630836884F8D730436884F823
:108B1000D830036884F8D930286869680023F8F7EA
:108B2000E5FA104619464FF47A720023F8F7DEFA98
:108B300040BA0123A4F8DA0084F8CC3103B030BD88
:108B400040420F00002310B51A464FF6FF74191D5E
:108B500000EB410101334988A14218BF52180A2B8A
:108B6000F5D1B0F829301344B0F82B201A44B0F8EE
:108B70002D30B0F82F001344184410BD2DE9F041FA
:108B800090F82F7004460D4697B3002680F82F60AA
:108B900000F2A310FFF7D6FFB4F9C131D4F8A381D6
:108BA0002E60B342B8BF34464FF0640290FBF2F13E
:108BB000A8BF0A222846A8BF93FBF2F4092300228B
:108BC000FEF7CBFF012202212046F8F7F9FF082328
:108BD000014609222846FEF7C0FF47F6FF714145CE
:108BE0004FF00F034FF01102A8BF4146FEF7B5FF4B
:108BF0003846BDE8F0812DE9F04190F83470044624
:108C00000D4697B3002680F8346000F2D910FFF7C4
:108C100099FFB4F9F731D4F8D9812E60B342B8BFC7
:108C200034464FF0640290FBF2F1A8BF0A222846B6
:108C3000A8BF93FBF2F409230022FEF78EFF012266
:108C400002212046F8F7BCFF0823014609222846E6
:108C5000FEF783FF47F6FF7141454FF00F034FF0DA
:108C60001102A8BF4146FEF778FF3846BDE8F08103
:108C7000F0B591B00D46F22301A904461646ADF8B1
:108C80000830FFF721F838B12389ADF80A30019B8D
:108C9000039301238DF8093001A92046FFF7F0F96D
:108CA00070B19DF8093010A9062202FB0312218A37
:108CB00022F8361C0133019942F8341C8DF8093032
:108CC00001A92046FFF726FA70B19DF8093010A9D6
:108CD000062202FB0312218D22F8361C0133019972
:108CE00042F8341C8DF8093001A92046FFF75CFAE0
:108CF00070B19DF8093010A9062202FB0312618AA7
:108D000022F8361C0133019942F8341C8DF80930E1
:108D100001A92046FFF748F870B19DF8093010A965
:108D2000062202FB0312618922F8361C01330199E5
:108D300042F8341C8DF8093001A92046FEF71FFFC8
:108D400070B19DF8093010A9062202FB0312618858
:108D500022F8361C0133019942F8341C8DF8093091
:108D600001A92046FEF731FF70B19DF8093010A926
:108D7000062202FB0312A18822F8361C0133019956
:108D800042F8341C8DF809309DF80970082F11D86D
:108D900001A92046FFF7F2FE60B110AA062303FBEB
:108DA0000723A28923F8362C0137019A43F8342C83
:108DB0008DF809709DF80970082F11D801A9204677
:108DC000FFF719FF60B110AA062303FB0723E28A0D
:108DD00023F8362C0137019A43F8342C8DF80970AA
:108DE0009DF80970082F11D801A92046FFF74EF809
:108DF00060B110AA062303FB0723E28923F8362C6F
:108E00000137019A43F8342C8DF809709DF80970E8
:108E1000082F11D801A92046FFF724FA60B110AA43
:108E2000062303FB0723A28A23F8362C0137019A75
:108E300043F8342C8DF809709DF80970082F11D86B
:108E400001A92046FEF7ECFE60B110AA062303FB41
:108E50000723E28823F8362C0137019A43F8342C93
:108E60008DF809709DF8090050B100EB40004300F7
:108E70000233DAB2327002A9284608F0E3F9012081
:108E800011B0F0BD2DE9F04F334B04461F68064684
:108E900000F15001034697B040F6C4100125D3F805
:108EA000882122B1BA1A824288BF83F884510833DC
:108EB0008B42F4D14FF000088DF8078004F1780957
:108EC000254604F16D0A96F884319DF807B05BB32E
:108ED00095F814310BEB03022B2A0DDD9DF807509A
:108EE00045B32A4602A904F16D0008F0ABF984F8F5
:108EF000BD5017B0BDE8F08F86F88481C6F8887140
:108F0000D5F8102195F80C112046FFF794FD02AB1F
:108F100003EB0B0094F8BD20514608F093F994F848
:108F2000BD305B448DF807300C354D4506F1080621
:108F3000C9D1D3E70DF1070202A904F5EA70FFF7E2
:108F400097FE0028D5D09DF8073002AA8021204640
:108F5000FFF771FDCDE700BF7443002070B591F8B5
:108F6000205004460E465DBB0846FFF7EBFD642328
:108F700090FBF3F040BAA4F8EC00B6F91E30591C8F
:108F80001CBF0A2593FBF5F56DBAA4F8EE503368C3
:108F90000C4A23EAE373934228BF13461A0C84F861
:108FA000F0201A0A84F8F12084F8F23096F9233080
:108FB0005A1C08BF002384F8F330012384F8C4311D
:108FC00070BD00BFFFFF7F0038B50D4604460F4956
:108FD000A868F7F719FEF7F7F3FF40BAA4F8F40012
:108FE00068680A49F7F710FEF7F7EAFF40BAA4F8F5
:108FF000F600E8680549F7F707FEF7F7E1FF0123F8
:1090000040BAA4F8F80084F8943138BD00401C46FA
:1090100010B54B681BBAC0F8C4308B681BBA4FF44C
:109020007A72C0F8C830CB6893FBF2F3134404465D
:1090300083F310035BBAA0F8D0304B8B5BBA1149B5
:10904000A0F8CE30D0F8C000F7F7DEFD0E49F7F7F4
:10905000DBFDF7F7DBFF40BA94F8BE30A4F8CC0094
:10906000FF2B0CD094F8BF20FF2A02D0934238BFC8
:10907000134684F8D230012384F88C3110BD0023CC
:10908000F7E700BF000020416666664070B50D46F8
:1090900004460D492868F7F7B7FDF7F7B7FF40BA60
:1090A0000126A4F8FF0084F8AC616B68C4F8C030F6
:1090B000E8680649F7F7A8FDF7F782FF40BAA4F879
:1090C000FA0084F89C6170BD000010420000C842A4
:1090D00070B50D46044611496868F7F795FDF7F736
:1090E00095FF00BAC4F80401B5F90C3001261BBA8B
:1090F000C4F8083184F8BC6184F80161B5F90C004A
:10910000F7F72EFD0649F7F77FFDF7F759FF40BA4D
:10911000A4F8020184F8B46170BD00BF0000C84229
:10912000CDCCCC3D70B58A68C2F317023E2A90B010
:1091300004460B4600F0968141D8212A26D8172AEA
:109140000AD8012A00F03481022A00F09480002A13
:1091500000F0848010B070BD183A092AFAD801A135
:1091600051F822F0CD920008559100085591000861
:10917000FD930008559100086F930008B192000814
:109180005591000855910008539300082A2AE1D10F
:109190004D78112D01F10C0100F256812A4601A8EB
:1091A00008F050F801ABC5F112020021581908F07F
:1091B0006BFA01A904F5EA70FEF71EFCCAE7A22AC1
:1091C00000F09A812DD8882A00F070811AD84A2A96
:1091D00000F0B2807C2ABDD14D78382D01F10C0110
:1091E00000F29C802A4601A808F02CF801ABC5F1DA
:1091F00039020021581908F047FA9DF8253084F803
:10920000BF30A7E7932AA5D101A8F9F7C3F801A9B0
:109210002046FFF7A3FE01A904F5EA70FEF732FC31
:1092200098E7F22A00F07A810DD8AD2A00F06D811E
:10923000E22A8FD101A8F9F7FFF801A904F5EA7035
:10924000FEF75FFC86E7FD2A84D101A8F9F7A2F8B2
:1092500001A904F5EA70FEF76FFC7BE701A8F9F7B6
:10926000D1F801A92046FFF70BFC01A904F5EA702B
:10927000FEF754FB6EE74D780B2D01F10C0610D86C
:109280002A46314601A807F0DDFF01ABC5F10C020B
:109290000021581908F0F8F901A92046FFF714FC3D
:1092A00058E7C868716801AA03C2B0681060F3E7A4
:1092B000194601A8F9F78BF801A92046FFF784FEAB
:1092C00001A904F5EA70FEF766FB43E75D78332DEC
:1092D00003F10C0114D82A4601A807F0B3FF01AB33
:1092E000C5F134020021581908F0CEF99DF821305B
:1092F00084F8BE3001A904F5EA70FEF731FB29E7D6
:109300000A4601AD3C33106851682E4603C6083248
:109310009A423546F7D110683060E7E70A4601AD5A
:109320004433106851682E4603C608329A423546C7
:10933000F7D11378337060E701A8F9F710F901A9A4
:109340002046FFF7A3FE01A904F5EA70FEF76EFBC5
:1093500000E7194601A8F9F73AF801A92046FFF7F6
:1093600057FE01A904F5EA70FEF724FBF2E65D78EA
:109370000F2D03F10C010FD82A4601A807F062FF58
:1093800001ABC5F110020021581908F07DF901A9BF
:109390002046FFF79DFEDDE60A4601AE1C3310684D
:1093A0005168354603C508329A422E46F7D1EEE79A
:1093B0004D782A2D01F10C0110D82A4601A807F09A
:1093C00041FF01ABC5F12B020021581908F05CF9EF
:1093D00001A904F5EA70FEF7B5FABBE60A4601AD4D
:1093E0003433106851682E4603C608329A42354617
:1093F000F7D111889378B3703180E9E75D781C2D3F
:1094000003F10C0110D82A4601A807F01BFF01AB9D
:10941000C5F11D020021581908F036F901A904F51B
:10942000EA70FEF7ACFA95E60A4601AD24331068FF
:1094300051682E4603C608329A423546F7D1106865
:10944000306013793371E9E70A4601AD1C331068C7
:1094500051682E4603C608329A423546F7D1138822
:109460003380A6E64D78192D01F10C0110D82A465B
:1094700001A807F0E7FE01ABC5F11A020021581957
:1094800008F002F901A904F5EA70FEF7C2FA61E6F4
:109490000A4601AD2433106851682E4603C60832CF
:1094A0009A423546F7D113883380EBE74D78152D76
:1094B00001F10C0110D82A4601A807F0C3FE01AB48
:1094C000C5F116020021581908F0DEF801A904F5CB
:1094D000EA70FEF7CAFA3DE60A4601AD1C33106891
:1094E00051682E4603C608329A423546F7D11068B5
:1094F00030609388B380E9E701A8F8F783FF01A9FA
:1095000004F5EA70FEF7E6FA24E601A8F8F794FFFE
:1095100001A904F5EA70FEF7EAFA1BE64D783B2D47
:1095200001F10C0110D82A4601A807F08BFE01AB0F
:10953000C5F13C020021581908F0A6F801A904F56C
:10954000EA70FEF7E8FA05E60A4601AD4433106812
:1095500051682E4603C608329A423546F7D1106844
:109560003060EBE74A7922B18B79012B01D1FFF70B
:10957000D9BD7047B0F5E16F03DC10F5E16F04DB96
:109580007047A0F5616000B2F4E700F5616000B2D9
:10959000F3E7000038B5B0F8B8340D4613F0080111
:1095A000AA8808BFC0F8901113F0020308BFC0F8E2
:1095B000A831B2F5005F044600F0A78007D86C2AF6
:1095C00017D06D2A00F08F806A2A60D038BD42F231
:1095D00002039A423BD042F6FF739A42F6D1D0F88A
:1095E000BC24A968DC30FEF71FF9012384F884311C
:1095F000ECE7B5F90A00FFF7BDFFF7F7B1FA474905
:10960000F7F702FBF7F7DCFC40BAA4F8F400B5F971
:109610000800FFF7AFFFF7F7A3FA4049F7F7F4FAAE
:10962000F7F7CEFC40BAA4F8F600B5F90C00FFF746
:10963000A1FFF7F795FA3A49F7F7E6FAF7F7C0FC12
:10964000012340BAA4F8F80084F89431BEE7B5F8D5
:1096500009300A22B3FBF2F35BBAA0F8EC30B5F89C
:109660000B30B3FBF2F35BBAA0F8EE30D5F8113053
:1096700080F8F2301A0C80F8F0201A0A80F8F120F5
:109680006B7F80F8F330012380F8C4319EE7002916
:109690009CD0D5F80A301BBAC0F8C430D5F80E30CB
:1096A0001BBAC0F8C830AB8A242253433233642239
:1096B000B3FBF2F35BBAA0F8CC30EB8A0A214B4340
:1096C0005BBAA0F8CE30D0F8B43493FBF2F303F5D4
:1096D0007A735BBAA0F8D0306B7A80F8D23001236D
:1096E00080F88C3172E7B5F90C2052BAA0F8FA2054
:1096F000012280F89C21002B3FF468AFD5F80E3092
:10970000C0F8B43480F88C2160E7AB89A0F8B83495
:10971000D5F81130C0F8BC3458E700BF58A08B41D1
:109720006E882E437FB5204C054694F99200F7F7DA
:10973000EBFE00268DF8040020468DF80560F7F753
:1097400033FE94F895308DF80830184B8DF80600EC
:1097500098788DF80760F7F7C7FE8DF80900144870
:10976000FBF763F8F7F79AFE8DF80A002046F7F743
:10977000F6FDF7F7C9FE8DF80B002046F7F701FE5E
:109780008DF80C002046F7F7F3FD8DF80D0020460C
:10979000F7F715FE0A238DF8050001AA14212846C3
:1097A000FFF749F904B070BD5831002014030020C0
:1097B0001034002073B5184C05462046F7F7CFFD4E
:1097C000F7F7A2FE8DF800002046F7F7C8FD064621
:1097D0001248FBF713F801463046F7F79FFE8DF865
:1097E00001002046F7F7CDFD8DF802002046F7F77F
:1097F000BFFDFF238DF80430094B8DF803009878E6
:10980000F7F77AFE06238DF805006A461D212846E3
:10981000FFF711F902B070BD58310020103400205C
:1098200014030020F7B5144D144E044695F9920028
:10983000F7F76AFE8DF80000304695F99270FAF756
:10984000DDFF01463846F7F769FE8DF8010028462E
:10985000F7F7AAFD00238DF8020030468DF803309B
:10986000FAF7E3FF05238DF804006A461C21204621
:10987000FFF7E1F803B0F0BD5831002010340020AC
:1098800030B595B04EF6EA631A49ADF8003004469B
:1098900014220DF10200F7F7F9FF0DF10200F6F7BF
:1098A00059FCC3B2DA1CD0B2694651FA82F26D2576
:1098B0000DF800504C205070522090705320D07002
:1098C000312010716FF02B00002150710425012010
:1098D00011339171D171117250729572D0721173EE
:1098E0005173DBB26A4629212046FFF7A4F815B070
:1098F00030BD00BF0B31010870B5054694B005F1CD
:109900006D06FFF70FFF95F8BD203146684607F05A
:1099100099FC95F8BD402846E4B2FFF74BFF95F857
:10992000BD2031460DEB040007F08CFC95F8BD30EE
:109930001C442846E4B2FFF775FF95F8BD20314678
:109940000DEB040007F07EFC95F8BD301C44E4B23A
:1099500022466946304607F075FC85F8BD4014B0D4
:1099600070BD00000038024B18BF0120187070470E
:10997000F405002070B58C4652BB042B5CD89EB217
:109980002BB3524991F8283015464A6A0333DBB2AB
:10999000D20081F828304A6213E0083BDBB281F83C
:1099A0002830BCF800E0BEF5817F0EF1010441D201
:1099B0004A6AACF8004022FA03F300F80E3091F83E
:1099C0002830072BE9D80135AAB29642DDD870BD00
:1099D000FF2AFCD1032B54D89EB2002BF7D03B4971
:1099E00091F828304FF0000E4A6A04331201DBB2BE
:1099F00042F0020281F828304A6212E0083BDBB2F2
:109A000081F82830BCF80020B2F5817F02F1010511
:109A100011D24C6AACF8005024FA03F3835491F845
:109A20002830072BEAD80EF1010E1FFA8EF296426B
:109A3000DAD870BDFEE7FEE724494A6A03F5C06341
:109A400043EA423291F828304A620D33DBB281F8A2
:109A5000283012E0083BDBB281F82830BCF8002047
:109A6000B2F5817F02F101050AD24C6AACF80050D0
:109A700024FA03F3835491F82830072BEAD870BDF9
:109A8000FEE712494A6A03F5E06343EA423391F87C
:109A900028204B6202F10D03DBB281F8283010E080
:109AA000083BDBB281F82830BCF80020B2F5817F9A
:109AB0000AD24C6ADC40531CACF80030845491F854
:109AC0002830072BECD870BDFEE700BFF40D002056
:109AD0002DE9F04F0D466A4C0021FF2629800670C3
:109AE000802683B0616284F82810A6779A46002BFE
:109AF00000F0B68003F1FF3B2B8812FA8BFB571E58
:109B000002F1FF0988460A46FF2B17F8016F0FD8AC
:109B1000B1B196420DD108F101081FFA88F89A45B3
:109B200040F28A80BB4500F08B80B945ECD1FEE75E
:109B3000FEE75FFA88F329460192FFF71BFF019ABF
:109B4000731EDBB2FD2B2AD83F2B52D906F14103FD
:109B5000DBB23F2B29D894F82810636A0136F6B29D
:109B60000831C9B246EA032384F82810636211E081
:109B70000839C9B284F828102B88B3F5817F03F126
:109B8000010C35D2666AA5F800C026FA01F1C1546D
:109B900094F828100729EBD82B880021BFE74FF055
:109BA00001082B8832464146B9E794F82810636AC9
:109BB0003F36F6B20931C9B246EA432384F8281089
:109BC000636211E00839C9B284F828102B88B3F514
:109BD000817F03F1010C0AD2666AA5F800C026FA5B
:109BE00001F1C15494F828100729EBD8D4E7FEE717
:109BF000FEE794F82810636A7F36F6B20831C9B2DE
:109C000046EA032384F82810636211E00839C9B2D8
:109C100084F828102B88B3F5817F03F1010C0AD258
:109C2000666AA5F800C026FA01F1C15494F828101C
:109C30000729EBD8B0E7FEE7002003B0BDE8F08FBE
:109C4000B1B994F8282062B1616AC2F10802012416
:109C5000914004FA02F2013A0A4319192980C254C8
:109C60002B889A4594BF0020012003B0BDE8F08FF7
:109C70005FFA88F32946FFF77DFE2B88E1E700BFF6
:109C8000F40D00202DE9F04F47F26F73002282702F
:109C900003800B78A3F1FE03B3FA83F35B098370AF
:109CA0008A780D4612F001011CBF43F080038370D7
:109CB000D5F8202122F07F4222F0FF0285B0044631
:109CC00012B143F008038370AA68C2F31702FF2A97
:109CD0001ED9B2F5803F18D363F07F03A37041F023
:109CE00002014FF0020E09234FF00A0C0822E17026
:109CF0000B20CDF804C01E4617464FF007094FF061
:109D0000060A4FF0050B042117E043F00203A3708D
:109D1000180600F1DF8008234FF0090C07220A2003
:109D20004FF0000ECDF804C01E4617464FF006094E
:109D30004FF0050A4FF0040B032195F8018004F859
:109D4000018004EB0108297904F80B10697904F803
:109D50000A10A97904F80910A178090709D595F81E
:109D60002111A15495F82211A15503466746624678
:109D70000646A968A154A278900707D5BA1C1F46C9
:109D8000AB68C3F30F23A35596B23346BEF1000F61
:109D900005D05A1C1F46AB7AA35596B23346A2781B
:109DA000D10606D55A1C1F4695F82331A35596B205
:109DB00033464A4A127803F1010914FA89FA05F187
:109DC0000C0B42B16B785A460DF10E015046FFF76D
:109DD0007FFE00285CD16A78504659461FFA82FA05
:109DE00007F030FA22783E4B6178D243D2B2072F87
:109DF0009A5C82EA0102995CA27882EA0102995C8B
:109E0000E27882EA0102995C227982EA0102995C95
:109E1000627982EA0102995CA27982EA0102995C84
:109E2000E27982EA01029A5C1BD0217A4A40082F2B
:109E30009A5C16D0617A4A40092F9A5C11D0A17AB7
:109E40004A400A2F9A5C0CD0E17A4A400B2F9A5C68
:109E500007D0217B4A400C2F9A5C1EBF617B4A4091
:109E60009A5CA2551AFA89F39BB2B3F5947F0ED28D
:109E7000B5F80C21E254981CB5F80C115A1C92B29A
:109E800080B2090AB0F5947FA1540AD3FEE7FEE739
:109E9000A378BDF80EA043F04003A37088F800A09B
:109EA000A0E7AA78D20702D405B0BDE8F08FD5F8B4
:109EB0001071D5F81811D5F81461275022180F33F6
:109EC0005660916098B295F81C111173B0F5947FAB
:109ED000EAD3FEE74FF0000E05E700BFF4050020CF
:109EE0001C4401082DE9F84FB14C15460F46804639
:109EF0000146B04807F0A6F900228023B5F5817F1E
:109F00003A802284626284F822304FD2A94E84F8CB
:109F100028204FF0FF099246012A76D8B4F820C0D5
:109F2000654540F2B180616A16F80C3002F1080014
:109F30000CF1010CC0B243EA0123A4F820C0A0F147
:109F4000020C23FA0CF1063201F003015FFA82FEE3
:109F50000229636284F828E000F0BD80032944D020
:109F6000012924D1BEF1060F0DD8228C954240F272
:109F70008B80B15C00F1060E41EA032301325FFAE7
:109F80008EFE22846362AEF1070E23FA0EF303F015
:109F90007F037D2B84F828E076D83A88FF2A23D8DF
:109FA0004133511C398008F8023019E0FEE7BEF158
:109FB000000F6BD1228C954266D9B15C013241EA27
:109FC00003232284072284F828201A06636200F102
:109FD000C8803B88FF2B06D85A1C3A8008F803A09B
:109FE00094F8282098E7FEE7FEE7AEF1060E5FFA48
:109FF0008EF284F828203A8823FA0EF3FF2A03F021
:10A000003F0301D8413BCCE7FEE7636AA2F1020CB3
:10A0100023FA0CF101F003015FFA8CFE022984F8A7
:10A0200028E003D003291CD0104699E7BEF1050FA4
:10A0300051D8218C8D4227D9705C02F1060E40EA7E
:10A04000032301315FFA8EFE63622184AEF1060EB6
:10A0500023FA0EF384F8282003F03F033A880133F3
:10A060009FE7BEF1050FC0D8218C8D420CD9705CE2
:10A0700002F1060E40EA032301315FFA8EFE2184CD
:10A080006362AEF1060EB4E7BDE8F88F0CF1FF3164
:10A0900023FA01F10EF1FF32D2B2C90784F8282069
:10A0A00097D5F2B9228C9542EED9B15C013241EAE2
:10A0B000032322840722636284F8282013F0800F90
:10A0C00040F08C803B88FF2B00F287805A1C3A803E
:10A0D00008F8039084E7AEF1060E636A5FFA8EF229
:10A0E000B6E7013A23FA02F1AEF10202D2B2C80792
:10A0F00084F82820E6D5002A5ED1228C9542C3D967
:10A10000B15C41EA0323013207211806228463620D
:10A1100084F8281058BF08222AD4B4F820C0654516
:10A12000B2D90732D0B216F80C2042EA03220CF161
:10A130000103238462621346083884F82810C34060
:10A1400038885FFA83FB00EB0B03FF2B0FDC4044E6
:10A150005A46002107F098FA3B880BEB03023A803D
:10A160003EE7062284F8282013F0400FA8E7FEE718
:10A1700008460822218C8D4286D916F801C0073284
:10A180004CEA03230131D2B22184636284F82800AF
:10A19000083A23FA02F238885FFA82FB00EB0B03DD
:10A1A000FF2B03DC40445A46FF21D3E7FEE700BF04
:10A1B000F40D0020C80C0020511EAEF1030023FA5C
:10A1C00001F1C0B2C90784F8280011D407280DD9BD
:10A1D000AEF10B01636AC9B2AEE7FEE7511EC8B229
:10A1E00023FA01F1C90784F8280001D4014694E755
:10A1F0000728BFD9A0F108010246C8B2C6E700BFD0
:10A200002DE9F04F5788B7F58F7F8BB0144606467F
:10A210000BD90022227000226F2B628000F0258172
:10A22000002333700BB0BDE8F08F12780E2A0D4674
:10A2300024D80E2A00F2D58001A151F822F000BFE7
:10A2400017A20008EFA30008E3A30008E3A3000897
:10A25000EFA30008EFA30008EFA30008EFA3000896
:10A26000EFA30008EFA3000847A40008E3A3000839
:10A27000E3A30008E3A3000823A40008692A40F22E
:10A28000AE806A2A40F0AD80A74FF98A4A1E92B28A
:10A29000002900F021810332DFF890E207EB020C85
:10A2A000B91CFF2211F8010B424061451EF8022043
:10A2B000F8D1934200F0FE804FF0000984F800903E
:10A2C000C4F80290A4F80690B7F81680B8F1020F0F
:10A2D000A6D997F804A0BAF16F0F00F05C83B8F12B
:10A2E000030F9DD07A796F2A00F07183B8F1040FC3
:10A2F00096D0BA796F2A00F07083B8F1050F8FD02D
:10A30000FA796F2A00F06683B8F1060F88D03A7A9E
:10A310006F2A00F06E83B8F1070F81D07A7A6F2A26
:10A3200000F06483B8F1080F3FF47AAFBA7A6F2A6D
:10A3300000F05983B8F1090F3FF472AFFA7A6F2A2F
:10A3400000F04E83B8F10A0F3FF46AAF3A7B6F2AF0
:10A3500000F05583B8F10B0F3FF462AF7A7B6F2AA0
:10A3600000F05083B8F10C0F3FF45AAFBA7B6F2A5C
:10A3700000F08D81B8F10D0F3FF452AFFA7B6F2AD8
:10A3800000F06883B8F10E0F3FF44AAF3A7C6F2AB1
:10A3900000F06C83B8F10F0F3FF442AF7A7C6F2A64
:10A3A00000F06183B8F1100F3FF43AAFBA7C6F2A26
:10A3B00000F05683B8F1110F3FF432AFFA7C6F2AE8
:10A3C00000F04B83B8F1120F3FF42AAF3A7D6F2AA9
:10A3D00000F04F83B8F1130F3FF422AFFEE7632A7A
:10A3E00005D800232370C4F80230E38019E74E4FEC
:10A3F000FA8A122A14D8B91801328B70FA8222789C
:10A40000092A3AD9A2F1640105293FF609AF653A54
:10A41000042A00F27983DFE802F06D696561830048
:10A42000FEE77A1C6280EB55E38862889A4245D346
:10A43000002262802270B3F5947F4FF00202027016
:10A44000438075D3FEE77A1C6280374EEB55A088B7
:10A45000727F618883189942FFF6E4AE33785F0615
:10A4600000F1B3810E232370DCE62F490A8001221C
:10A47000CA8264228B702270D2E6002A3FF4D0AEEA
:10A48000013A082A3FF6CCAE01A151F822F000BFF4
:10A4900045A6000821A2000821A20008C1A40008C6
:10A4A000C1A4000871A6000803A60008CBA50008F7
:10A4B0003BA600080A2201232270B2E60123B0E67F
:10A4C0006288B2F5947F06D2511C6180AB54237828
:10A4D00001332370A4E6FEE7FF22EAE60722FB76BB
:10A4E00022709DE66822BB76227099E601227B707D
:10A4F000227095E662883B700021B2F5947F7970F6
:10A500000DD203F00103033B511C6180AB5497F95A
:10A510000030002BC0F2BD820123237080E6FEE7ED
:10A520006A223B7722707BE6F40D00201C44010870
:10A530002B78FD2B00F02781EB7803722B79437287
:10A540006B7943606A7808327280002240F285108D
:10A55000DFF8A8C27281FE210446013499424FEA15
:10A56000540400F2DF80C0F0EA808B4240F0248186
:10A570002B78FD2B00F01D814FF0060B2846DFF8ED
:10A580007C8210F801AF0BEB0A0909F1FF3189B2A7
:10A59000F7F70CFE04EB440708EB8707ADF808005B
:10A5A0003979019102A8F7F7DDFD05EB090215F8ED
:10A5B00009305278019903EB0223BDF808209BB2C1
:10A5C0009A4200F0BE8005232BE66288B2F5947FA4
:10A5D00015D2511C6180AB547B7813F0020340F01C
:10A5E00014826288B2F5947F0AD2511C6180AB5408
:10A5F0003B78DD064CBF69236A23237010E6FEE733
:10A60000FEE76288B2F5947F15D2511C6180AB548D
:10A610003B787A78134313F0020340F0ED816288AF
:10A62000B2F5947F08D2511C6180AB546288B2F5B8
:10A63000947FDAD3FEE7FEE7FEE76288B2F5947F07
:10A64000D3D3FEE762883A83B2F5947F0FD2511CD0
:10A650006180AB543A787B7712F0010200F0D88128
:10A6600006220833A280E38004232370D8E5FEE7A6
:10A670006288B2F5947F09D2511C6180AB543B785B
:10A680001F074CBF672307232370C9E5FEE74FF080
:10A690000C09B8F1120F00D9FEE707EB080208F128
:10A6A000010A1FFA8AFA937002AB524618465449BF
:10A6B000A7F816A006F0C6FD00223A800122FA8211
:10A6C0006F22BA706422227009F1010252450346DA
:10A6D000BFF4A6AD08F1FF310DF10902A1EB0901AC
:10A6E0004A4412FA81F24B4401924FF06A0E4FF045
:10A6F00007084FF0010900224FF0690AF98A122970
:10A700000FD878180131F98213F8011F8170207871
:10A71000092800F20D81002874D101999942EDD1E8
:10A720007EE5FEE7601E1418824204F1010745D25F
:10A7300027F0010101EB57015CF821100DE72246DB
:10A74000F1E7BB79DA0706D5FA79924582BF52194B
:10A7500012F80B20B2729B070BD56300234408EB61
:10A7600083036A781B7A9A4282BF5B1913F80B3015
:10A77000F3724FEA4409A14408EB8908317398F851
:10A78000053073734EE56B790372AB7943726B7A64
:10A79000297AEA791B0403EB0123134443606A78A6
:10A7A00002F10C014180A978C9077FF5CEAE1932BC
:10A7B000CAE64FF00A0BE1E6032332E50F4902EB4C
:10A7C0004200144651F82010CFE602A92844FFF7B2
:10A7D00089FB737FBDF808106288CB1A9BB21A44BC
:10A7E0006280727F1A447277E2881344E380338B6D
:10A7F000B3F5947F01D2E95434E6FEE71C45010825
:10A80000F60D00200138082887D80FF2080C5CF8F4
:10A8100020F000BF55A800081BA700081BA70008D0
:10A8200039A8000839A80008E7A80008A7A8000868
:10A8300009A9000885A800086088B0F5947F08D2AF
:10A8400000F1010CA4F802C02954217801312170D3
:10A8500063E7FEE760883883B0F5947F11D200F19A
:10A86000010CA4F802C029543878797710F001005F
:10A8700000F013810831E1800621A18004212170BC
:10A880004BE7FEE76088B0F5947F0BD200F1010C36
:10A89000A4F802C029543978C90600F1288184F847
:10A8A00000E03AE7FEE76088B0F5947F19D200F146
:10A8B000010CA4F802C0295439787878014311F0CA
:10A8C000020140F01B816088B0F5947F0AD200F14C
:10A8D000010CA4F802C029546088B0F5947FD5D348
:10A8E000FEE7FEE7FEE76088B0F5947F0BD200F14B
:10A8F000010CA4F802C029543978080700F101813D
:10A9000084F8008009E7FEE76088B0F5947F0ED2F6
:10A9100000F1010CA4F802C02954797811F0020169
:10A9200040F0E8806088B0F5947FAFD3FEE7FEE7A3
:10A93000A0F1640CBCF1050F3FF6EFAE65380428BA
:10A9400000F2EB80DFE800F00E0A05032500F9763F
:10A95000D6E7B9764FF068012170DEE6797084F8A9
:10A960000090DAE660883970B0F5947F7A700FD283
:10A9700001F00101033900F1010CA4F802C02954CF
:10A9800097F900100029ACBF494666212170C4E642
:10A99000FEE7397783E7B8F1120F3FF67DAE07EB9C
:10A9A000080108F101028B7002AB92B218466249AD
:10A9B000FA8206F047FC0122FA826422A7F800908E
:10A9C00087F802A0034622704FF0020982E64FF09A
:10A9D00003095EE64FF005095BE64FF0040958E60F
:10A9E0004FF0090955E64FF0080952E64FF0070904
:10A9F0004FE64FF006094CE60823237010E44FF0B1
:10AA00000A0946E64FF00B0943E60923237007E4E1
:10AA100061880C33E380B1F5947F4FF00A03A38083
:10AA200016D27B78481C03F0010360806B54618868
:10AA3000B1F5947F0DD2481C60806A5413B1E3884D
:10AA40000D33E380E388B3F5947FFFF40DAEFEE7AA
:10AA5000FEE7FEE74FF00D091BE64FF0110918E67F
:10AA60004FF0100915E64FF00F0912E64FF00E09EE
:10AA70000FE6B8F1120F3FF60FAEB844BA7088F87F
:10AA800002300123FB82002264233A802370FFF707
:10AA9000C7BB66232370FFF7C3BBB4F802C00C31F9
:10AAA000E180BCF5947F4FF00A01A1801DD2797836
:10AAB0000CF1010B01F00101A4F802B005F80C1033
:10AAC000B4F802C0BCF5947F10D20CF1010BA4F8CD
:10AAD00002B005F80C0011B1E1880D31E180E18888
:10AAE000B1F5947FFFF4CAAEFEE7FEE7FEE784F817
:10AAF00000A012E64FF0090121700EE60821217036
:10AB00000BE66721217008E6772B0DD00023237018
:10AB1000C4F80230E380FFF783BB772908D02270A6
:10AB2000C4F80220E280F8E565232370FFF778BBC4
:10AB30004FF065012170F0E5F60D002070B500F5CD
:10AB4000EF66044600F5CA613046F7F7D4FB0546C8
:10AB5000A06803682A461B6931469847E06830B10F
:10AB600003682A4631461B69BDE87040184770BD2E
:10AB700008B50346806840B1B3F84C14B3F84A04F2
:10AB8000F7F79AFE003818BF012008BD0346806819
:10AB900080B1B3F84C24B3F84A14914209D0991803
:10ABA000013291F85004B3F84E140A40A3F84C2433
:10ABB000704700207047836810B504467BB10023BE
:10ABC000A0F84C34A0F84A34C06810B10368DB69BF
:10ABD0009847A0680368BDE81040DB69184710BDBE
:10ABE000F8B5244F04463846F6F7B9FBF6F723FCD0
:10ABF000064697F99200F6F71EFC05463846F6F72A
:10AC0000B7FB1D4B84F8606693F8353084F86156C5
:10AC1000333384F855366422442384F8622684F85A
:10AC20005636FF22D4F8583684F864266D2262F333
:10AC30001703C4F85836C0F10A000023C4F85C3684
:10AC400084F8713700B24FF43943A4F8723780F3B7
:10AC50000700092384F8630684F8743704F5CA6092
:10AC600004F5A471F7F7AEFE2046BDE8F840FFF703
:10AC700065BF00BF583100207003002010B5194B8C
:10AC8000194A93F83530C0F86026333380F85536CA
:10AC9000442380F85636D0F858366FF31703C0F8BF
:10ACA0005836002380F85C3680F85D3680F85E36D2
:10ACB00080F85F3680F871374FF44853A0F8723748
:10ACC00003220923044680F8642680F8743700F5CF
:10ACD000A47100F5CA60F7F775FE2046BDE8104084
:10ACE000FFF72CBF7003002000088004F0B587B088
:10ACF00004460021102202A8019106F0C5FC484B31
:10AD000093F8352001AB03CB01ABC4F88006C4F83F
:10AD1000841603CB01ABC4F88806C4F88C1603CBA9
:10AD20003332D2B2C4F89006C4F8941601AB04F5DD
:10AD3000D36505AF1E4603CEBE4228606960334628
:10AD400005F10805F6D133882B80442384F8563664
:10AD5000D4F8583684F85526942262F31703182144
:10AD60006FF05E02C4F8583684F85C16002384F84D
:10AD70006C262021282284F85D1684F85E3684F83B
:10AD80005F3684F8603684F8613684F8623684F879
:10AD9000633684F8643684F8653684F8663684F859
:10ADA000673684F8683684F8693684F86A3684F839
:10ADB0006B3684F86D2684F86E3684F86F3684F826
:10ADC000703684F8713684F8723684F8733684F8F5
:10ADD000743684F8753684F8763684F8773684F8D5
:10ADE000783684F8793684F87A3684F87B3684F8B5
:10ADF00071374FF432430B4AA4F872374E2304F5EF
:10AE0000CA60C4F87C2684F8743704F5A471F7F797
:10AE1000D9FD204607B0BDE8F040FFF78FBE00BF68
:10AE200070030020D016CB0F38B504461C4884F8B8
:10AE30005E26002284F85F2684F8602684F8612666
:10AE400084F8622684F86326442290F8350084F85A
:10AE50005626D4F85826A4F85C1684F8643684F88C
:10AE600071374D218F239DF8105084F8733761F3AB
:10AE700017020A23333084F8550684F8655604F522
:10AE8000CA60C4F8582684F8725784F8743704F5F9
:10AE9000A471F7F797FD2046BDE83840FFF74EBE96
:10AEA00070030020F0B502298BB004460D461CD17A
:10AEB000414B42481B7800EB031000F58970F6F710
:10AEC00093FB3F4B18603F4A0C236B43D718D35872
:10AED0003A7900210191511E082908D8DFE801F0D4
:10AEE000090962626666070769002F29EBD90BB072
:10AEF000F0BD1B788DF8043000218DF8242005A8C2
:10AF00001022019E06F0C0FBBF683846F5F722F913
:10AF1000C2B2102A394628BF102205A806F092F9BD
:10AF2000264BC4F85C6693F835209DF8243084F8ED
:10AF300074363021333284F860160021D2B284F89E
:10AF40006116A4F8625605AB04F2646609AF1D46AB
:10AF500003CDBD42306071602B4606F10806F6D184
:10AF6000442384F85636D4F8583684F855261622E9
:10AF700062F31703C4F85836002384F871374FF48E
:10AF80005C43A4F87237192304F5CA6084F8743757
:10AF900004F5A471F7F716FD20460BB0BDE8F040AC
:10AFA000FFF7CCBD1B88ADF80430A5E71B68019303
:10AFB000A2E71B6801939FE71403002070030020A1
:10AFC000680600202C0000202DE9F041884D894FB3
:10AFD0002B78142202FB037388B093F85530012BB1
:10AFE00004460E4618D191F8211197F8352049B141
:10AFF00002F13303DBB28B420ED196F822310BB152
:10B00000442B09D1B368C3F31703172B52D006D8CA
:10B01000142B2BD0152B41D008B0BDE8F08103F1E3
:10B0200080734B3B23F07F43012BF5D833329142A1
:10B03000F2D196F82231442BEED1358DF06840F2F2
:10B0400007239D4200F0CF80B5F5027F00F0BC8061
:10B05000B5F5007F08D1F5F7D9FF942800F0B4804A
:10B06000B0F5967F00F0BF800222B4E002A831461E
:10B07000F7F775FABDF90800002804DA03A8F7F716
:10B08000D3FB0028C8DB2F28C6DCA4F8C208B4F81C
:10B09000BA3843F01003A4F8BA38BDE7012384F8A6
:10B0A000C0380023A4F8C238534B1B68643BC4F873
:10B0B000C438B1E733329142AED196F82231442BF5
:10B0C000AAD196F80180B8F1160F06F10C012ED81E
:10B0D000424602A806F0B6F802ABC8F117020021FA
:10B0E00003EB080006F0D0FA0DF10E00F7F79CFB19
:10B0F000B0F1000890DB414A9DF81E1008EB4803B0
:10B10000980002EB83031B79994285D1B8F12F0F88
:10B110001FFA88F622DC0139029B125808291DD833
:10B12000DFE801F01B1B39393B3B1C1C3D000B4683
:10B1300002AA1C36186859689446ACE80300083324
:10B14000B3426246F6D11868CCF8000099889B7922
:10B150008CF80630ACF80410C6E713702878F8F7BE
:10B1600059FD2A78142303FB0273012183F855103B
:10B1700097F82D300BB987F82D10B8F1020F10D1C8
:10B180001F4B07EB0210196800F58970F6F766FA95
:10B19000A4F8C2687BE71380E0E71360DEE7136082
:10B1A000DCE7B8F1000FF3D1164B1A78002AEFD084
:10B1B00083F80080602323800F4B1B680BB1636012
:10B1C000E6E74FF0FF33FAE7B4F8BA3843F002038A
:10B1D000A4F8BA380022B37900937379294620463F
:10B1E000FFF722FE18E7B4F8BA3843F00403EFE79C
:10B1F0001403002070030020744300202C00002062
:10B20000680600200C30002010B52F4B1A782F4B09
:10B21000142101FB0233044693F85530012B37D13A
:10B220002B4BD0F8BC281B689A1AB2F57A7F21BF45
:10B23000B0F8BA28C0F8BC3842F00102A0F8BA2829
:10B2400090F8C02862B1D0F8C4289A1A312A81BF78
:10B25000B0F8BA28C0F8C43842F01003A0F8BA38E1
:10B26000B4F8BA38DA0614D523F01003A4F8BA38C3
:10B27000B4F8C2182046FFF715FEB4F8C2380133FF
:10B280009BB22F2BA4F8C23802D9002384F8C0380F
:10B2900010BD980708D523F00203A4F8BA38204659
:10B2A000BDE81040FFF722BD590702D523F0040383
:10B2B000F3E7DA07ECD523F00103A4F8BA38204607
:10B2C000BDE81040FFF7DABC140300207003002033
:10B2D0007443002038B5134B134A1B68C0F8BC38C0
:10B2E000002380F8C038A0F8C238C0F8C438A0F8ED
:10B2F000BA3813700D4B0E481B780E4D00EB03103F
:10B3000000F58970F6F770F90B4B02241860E0B273
:10B31000FAF7F2F901342E2C286305F10C05F6D169
:10B3200038BD00BF744300200C30002014030020FF
:10B33000700300202C000020680600206FF0FF033F
:10B34000036040F6FF23838000238360037370470C
:10B35000F8B5394D04462E783848142707FB060007
:10B3600090F84F60012E0CD0022E0CD076B9A1605F
:10B3700090F84C30032B18BF0022A368E26033B969
:10B38000FEE7A360F4E7A2600022F6E7FEE70023F1
:10B39000C4E90433C4E95233C4E95433A3617F23BD
:10B3A000A4F85831F7F760F8A878022842D0431F74
:10B3B00058425841224940F2FF12FEF7D3FA0220C8
:10B3C000A4F84E241F4A0870002348708870C87083
:10B3D0001D49137053709370D370C4F8DA31C4F8F8
:10B3E000DE31C4F8E231C4F81233C4F81633C4F8BD
:10B3F0001A33A4F84C34A4F84A341A4601330C2BFF
:10B400000A70CA704A708A7001F10401F6D10F4BBC
:10B410001B6803F57A7304F6A800C4F8A438FFF794
:10B420008DFFA4F8B828228062602046BDE8F8406D
:10B43000FFF750BF0120BDE7140300207003002078
:10B4400029060020F5050020F9050020744300209E
:10B4500003464078FF2808D01B68044A23F07F4346
:10B4600023F0FF03934208BF022070470001010050
:10B470000C4B02781B6810B51AB903F21B6383608A
:10B4800010BD90F90520002AFADD816840F21B64A6
:10B49000591AA142F4D98360013A0123427103731E
:10B4A000EEE700BF7443002070B590F90530002B23
:10B4B00088B005460C461DDB4E78182E01F10C01B4
:10B4C0001AD8324601A805F0BDFE01ABC6F119023B
:10B4D0000021981906F0D8F80E4903A8F4F730FEB9
:10B4E00040B90198F5F792FD10B10B4BC3F8AC04CD
:10B4F000FF236B7108B070BD0B4601AA2434186895
:10B500005968164603C60833A3423246F7D11B7862
:10B510003370E1E73432010818070020007840B1A9
:10B520004B79834204D18879431E58425841704771
:10B53000002070475379032B10B504460AD14B798C
:10B5400003709379DB0943701079FDF735F8E070EB
:10B550001368237110BD00007FB58B6833F07F4303
:10B5600005460C4600F6A8060ED18B79012B0BD1AF
:10B5700001A8F6F747FF9DF80930082B04D001AA6F
:10B5800021463046FFF7D6FF21463046FFF7C6FF7B
:10B5900088B3A368C3F31703162B32D0F52B16D14B
:10B5A0006678012E29D8324604F10C0101A805F075
:10B5B00049FE01ABC6F102020021981906F064F8B9
:10B5C0009DF805309A1E5342534185F8AA3895F8E4
:10B5D000B83853B195F8B93821790C480133DBB24A
:10B5E000CB1A59425941F5F7E7FE012385F8B838DF
:10B5F000237985F8B93804B070BDA389ADF804305B
:10B60000DEE73046FFF750FFE1E700BF583100208A
:10B610007FB52E4E044600F11C05B4F85411B4F861
:10B620005621881A83B2000444BF80339BB20BB901
:10B6300004B070BD91421FBFB4F85811A318013275
:10B640000A4096F82D101ABF93F85A31A4F85621E3
:10B650000023022904F110022946684620D1FEF792
:10B66000CFFD9DF80030022BD7D1E368DBB9A0688D
:10B670000368BDF802201B692946984704F5CA668D
:10B680002A4669463046F6F7FDFE31461048FDF77A
:10B6900069FF3146204604B0BDE87040FFF75CBF4B
:10B6A000F6F778FFDDE70B4E69460020F7F730F933
:10B6B000737833B1A068BDF80220036829461B697E
:10B6C0009847B378002BD9D0E068D1E77003002009
:10B6D00018070020F50500200148FFF7B9BE00BF9C
:10B6E0004017002010B54E4C86B000211622684647
:10B6F00005F0CAFF2046F5F744FE94F88C308DF82B
:10B7000000008DF80130204694F88D308DF802301D
:10B71000F5F72EFE94F8913094F890208DF8030000
:10B720005B0002F0010203F00203134394F8A5202A
:10B7300043EA821394F8A62043EAC2139DF80B2033
:10B7400002F03C02134320468DF80B30F5F72CFE37
:10B7500094F894308DF8083094F8923094F895204D
:10B760008DF8093094F896308DF80700DB009200D0
:10B7700002F0040203F0080313439DF80B2022F0AB
:10B780000C02134304F128008DF80B30F6F7D3F9BF
:10B790008DF80C002046F5F7C0FD8DF80D0004F182
:10B7A0001400F6F7C8F98DF80E0004F13C00F6F726
:10B7B000C2F98DF80F002046F5F7C0FD8DF8100096
:10B7C0002046F5F7FCFD94F8A7308DF81230154BA4
:10B7D0008DF811005B7C8DF81330FFF77DFF124B65
:10B7E0001A78931E5A425A4100F0030343EA022397
:10B7F0000E4A0F48127943EA4223BDF8142023F081
:10B80000FC039B0522F4407222F003029B0D1343BC
:10B8100002216A46ADF81430FBF73CFD06B010BDBE
:10B8200058310020EC0B00201107002038060020C2
:10B830006017002070B54C88B4F5427F03464FF086
:10B8400000000AD80D780B2D77D8DFE805F0060F39
:10B850001C2C2F32383B54575B6DA2F124046242FA
:10B86000488062410A7083F809033EE04D2A01D006
:10B87000582A06D11A7002220A70002083F80903A0
:10B8800070BD0022F8E702F0FD003C2801D0212A1B
:10B89000F7D15A701A784D2A0CBF082203220A7079
:10B8A00000229A70E9E79A700422DBE79A80052269
:10B8B000D8E7988800EB02229A800622DCE7DA803B
:10B8C0000722CFE7D88800EB022292B2002ADA8062
:10B8D0000CBF0B220A220A7000224A80012283F840
:10B8E0000923DB88B3F5407F01D80020C8E700209A
:10B8F00008704880C4E7DA800922B3E79A800A22F8
:10B900000A70EBE7B4F5407F3CBFE41822724A8826
:10B91000013292B24A80D88890429CBF0B220A70B2
:10B92000012283F80923E0E783F808230222087044
:10B93000488083F809230120A2E708704880D4E7F3
:10B94000CB88B3F5407F70B531D8242303700B78D2
:10B9500043704B7883700B784D2B14D1CB88C37018
:10B960008B88037105230022CD88D4189542A6B296
:10B9700010FA84F415D891F808232270CA8801328D
:10B98000981880B270BD8B78C3708B8803718B88D8
:10B990001B0A4371CB888371CB881B0AC3710823B0
:10B9A000E1E78C180132247A845592B2DCE700205A
:10B9B000E8E700002DE9F74F16464A88B2F5427FC6
:10B9C00004460D462ED80B780A2B0FD9A3F164023A
:10B9D000032A03D90020287068802DE0653B8F4F33
:10B9E000022B33D8DFE803F063A4A70000210A2B61
:10B9F000F0D801A050F823F025BA00083FBA00089B
:10BA0000D5B90008D5B9000883BA000891BA000872
:10BA10009DBA0008A3BA0008D5B90008D5B9000836
:10BA200011BB0008A6F124077E424FF000007E41C2
:10BA300068802E7084F8090303B0BDE8F08F6F2E84
:10BA40000CBF642300232B700020F3E716F0040FD3
:10BA500014BF4D2358233E7023703A78D1070ED47B
:10BA600012F0020F14BF21233E236370C2F3C00300
:10BA7000D20648BF43F00203A3700423E3E73C234C
:10BA8000F3E7A68005232B7084F809130020D3E781
:10BA9000A38803EB0623A3800623D4E7E6800723CD
:10BAA000F1E7E38803EB0623E3806523CBE70DF1A1
:10BAB00006007E70F6F7F2FB3978F6F7E7FBA78809
:10BAC0002179F6F7E3FB390AF6F7E0FBE788A1797D
:10BAD000F6F7DCFB390AF6F7D9FB9DF80630B342DE
:10BAE00006D000232B706B80032384F80933CDE745
:10BAF000002F0CBF66230A232B70012384F809331F
:10BB000000236B80E288B2F5407FBFD92B70BDE780
:10BB1000B2F5407F3CBF121916726B8801339BB29D
:10BB20006B80E2889A4201D866232B700123DCE700
:10BB30007E806723F9E7B7F8028097F8009008EB5A
:10BB400006284FF6FF730DF106001FFA88F84946E4
:10BB5000ADF80630A7F80280F6F704FB2679B4F8B2
:10BB600004A03146F6F7FEFA4FEA1A21F6F7FAFA80
:10BB700094F806B0B4F806A05946F6F7F3FA4FEA7F
:10BB80001A21F6F7EFFA797804F10807F6F7EAFADE
:10BB900052463946F6F7F2FABDF8063043453AD137
:10BBA00019F0040015D086EA0B01E21D002398B2BB
:10BBB000824584F8081307D80223012000222A7046
:10BBC0006A8084F8093337E712F8010F01334140E6
:10BBD000EDE7A178F5F7BCFC217984F80803F5F7C7
:10BBE000B7FCA18884F80803090AF5F7B1FCA1792C
:10BBF00084F80803F5F7ACFCE18884F80803090A27
:10BC0000F5F7A6FCE28884F808033946F5F7A6FCA8
:10BC100084F80803D0E703230020CFE7A42F0020F7
:10BC2000CB88B3F5407F2DE9F04104460D464AD854
:10BC30004B783C2B40D0A3F12100434243415B00B1
:10BC40002A784D2AAA7808BF43F00403D10748BFD9
:10BC500043F0080392074FF02402227048BF43F0DC
:10BC600010036F226270A370AB88E370AB881B0A6D
:10BC70002371EB886371EB88A71C1B0AA3713846FC
:10BC8000F6F7F6FD0822E071E988A2F108039BB2FD
:10BC9000561C8B42B6B204EB02080FD3063189B2B0
:10BCA0003846F6F783FA88F80000000AA055E888BD
:10BCB0000A3080B2BDE8F0810123C1E72B441B7A32
:10BCC000A3543246E0E70020F4E710B5044681783B
:10BCD0000020F5F73DFC217984F80803F5F738FCDE
:10BCE000A18884F80803090AF5F732FCA17984F8E1
:10BCF0000803F5F72DFCE18884F80803090AF5F735
:10BD000027FCE28884F8080304F10801F5F726FC13
:10BD100084F8080310BD00002DE9F74FC788DFF84D
:10BD20009880B7F5407F0D4628BF4FF44077044612
:10BD30003A4600F108010026284605F083FA2F4410
:10BD4000E6804FF03B09AF4205D1204603B0BDE885
:10BD5000F04FFFF7BABF15F8013BFF2B2AD0FE2B9F
:10BD600028D0FF2E1ED1362BEDD858F833204FF0B7
:10BD7000000A10460192F4F7EDF91FFA8AFB5845C4
:10BD8000E388019A0AF1010A05D85A1C2344E2808B
:10BD900083F80890D7E7591CE180234412F80B1070
:10BDA0001972E6E7FE2ECED1E288511C2244E180D2
:10BDB0001372C8E71E46C6E7785A010830B50F4B24
:10BDC0001C780F4B142505FB043393F84F30012BDF
:10BDD00003D0022B10D00BB1FEE7114600234360C5
:10BDE000C0F81233A0F82236A0F8203640F2FF3314
:10BDF0000160A0F8243630BD0021EFE714030020D5
:10BE000070030020F8B5B0F82026B0F82236D21A18
:10BE100093B2120444BF03F580639BB2E62B044641
:10BE200008D800F2163500F21236206803685B6904
:10BE3000984700B9F8BD206803689B699847314668
:10BE400002462846FFF7F6FC0028EED004F6262727
:10BE500029463846FFF7E4FE00239AB29042E4D91F
:10BE6000B4F82016B4F824C64A1C02EA0C02B4F84E
:10BE700022C694451EBF091917F803C081F826C6CB
:10BE800003F1010318BFA4F82026E6E7F8B500F196
:10BE9000080504460A46011D2846FFF78BFD70B3CE
:10BEA000637A3E2B14D004F6262629463046FFF747
:10BEB00047FD0246206801680F693146B847637A3A
:10BEC0003E2B1CD129460E48BDE8F840FDF762BB69
:10BED000A389742B0AD042F6FF729B1A18BF012364
:10BEE000A27A9207EBD4002BDDD1E8E70023A372FE
:10BEF00004F626212846FFF70FFF0123F0E7F8BDDF
:10BF00001807002003680BB1FFF7C0BF7047034656
:10BF1000006868B1B3F82026B3F82236D31A98B275
:10BF20001B0444BF00F5806080B2003818BF0120B8
:10BF300070470346006880B1B3F82226B3F8201694
:10BF4000914209D09918013291F82606B3F82416C7
:10BF50000A40A3F822267047002070470346006875
:10BF600038B10022A3F82226A3F820260368DB6953
:10BF70001847704710B504460548FEF71CFE0548F3
:10BF8000FFF7ECFF60680368BDE81040DB69184705
:10BF9000980E00206422002070B50A4C25780A4CC7
:10BFA000142606FB054494F84F40012C03D0022CC4
:10BFB00005D00CB1FEE71946416011B9FEE7114604
:10BFC000FAE770BD140300207003002038B572B684
:10BFD000F7F796F8F7F7C4F8F7F718FDF7F746F80C
:10BFE000F7F736F8F9F72AFA264B274C1868036852
:10BFF0005B689847254B186803685B689847244B33
:10C00000186803685B6898470025F7F77DFCF8F728
:10C0100077FA02232373C4E90455A560F7F7F6F90C
:10C020001C4B1D70F6F7DEFF1B4B1C48D02283F81B
:10C030003223F7F781F829462046194C01F066FFB4
:10C040004FF47A70F7F778F894F8582094F857106E
:10C050001448FBF795F894F858101348FCF712FCB5
:10C0600094F8594011482146F5F7ECFE3CB1104BCD
:10C07000104A1A60104B114A1A60FAF73DFD62B679
:10C0800038BD00BF50310020103400205431002052
:10C09000040700206C02002000E100E0E0930400AF
:10C0A000140300206017002018070020200E002035
:10C0B0007002002031220008740200207F2A00084C
:10C0C00073B51648164C4FF6FF7102F05FF820600A
:10C0D00023689B0712D5134E35798DB10F4808237D
:10C0E0006A46002101F0E3FED6E90602DDE900130D
:10C0F0009A4208BF884201D00023236002B070BD7D
:10C1000002236A460548294601F0D1FE064BDA8B28
:10C11000BDF800309A4218BF2560EFE710340020C8
:10C12000840E00203806002014030020044A002357
:10C130001370044A1380044A1370044A1370704742
:10C14000920E0020940E002074340020DC0B00209E
:10C15000024B1878B0FA80F040097047920E002028
:10C160000D4A11780346A9B910700C4A01201070CD
:10C170000B4A032B118009D0042B01D083420AD132
:10C18000084B002283F8A020012070474FF4FA7377
:10C190001380704700207047920E002074340020F6
:10C1A000940E00202C050020034A00231370034A3C
:10C1B0001380034A13707047920E0020940E0020E3
:10C1C000743400200A4A08B5138883B1013B9BB23E
:10C1D000138063B9074B1B78032B02BF064B012268
:10C1E0001A70FFF7E1FF054B002283F8FA2A08BD19
:10C1F000940E0020920E0020DC0B0020601700201F
:10C2000013B5C379212B12D10A4CF8F7DDFDFFF7E6
:10C21000CBFF94F8FA3A032B06D10DF10701204623
:10C220008DF80730FBF7BAF9002384F8FA3A02B028
:10C2300010BD00BF6017002010B50D4B1B78013BEF
:10C24000032B14D8DFE803F002090D072023BDE813
:10C250001040F8F7A9BD2423F9E7BDE81040F8F72E
:10C26000FFBD2323F8F7A0FD024B00221A7010BD7A
:10C27000920E002074340020034B01221A70002219
:10C280005A711A71704700BF0D300020054A064BE5
:10C2900012791B7F1AB105495B22F9F7F3B80449FB
:10C2A0005B22FAE7380600201403002075340020D2
:10C2B000D034002038B5114B1A79054632B1014609
:10C2C00000221846BDE83840F9F734B90C4A0D4948
:10C2D0005B23F9F7CDF87DB90A48F8F755FC01283A
:10C2E000044607D000280849284614BF0124022428
:10C2F000F9F7E6F8204638BD0148EEE73806002099
:10C30000F23000209730002058310020024B18787E
:10C31000831E58425841704711070020044B1B7878
:10C32000022B06BF034B93F8A0000020704700BF0C
:10C33000110700202C05002010B5184B1A78184B57
:10C340000446142000FB023393F85500012822D143
:10C350002288930605D522F02002228005230B7047
:10C3600010BD12F0400317D0FFF7D8FF28B1FFF738
:10C37000EFFE10B900230120F1E7606830B1094BEE
:10C380001B681B1A312BF5D90023636022F0400291
:10C3900022800623EFE700231846E0E7140300207D
:10C3A000700300207443002013B50DF1070104460B
:10C3B000FFF7C2FF18B19DF8070002B010BD208042
:10C3C000FBE700002DE9F04106460C461546FFF755
:10C3D000A5FF70B1184B93F82D30581E012819D8BD
:10C3E000164BB3F85861B3F85671002291B28D42E2
:10C3F00001D8BDE8F081B3F85401411C3140B94285
:10C400001FBFC01814F802C080F85AC1A3F8541115
:10C410000132EBE7032B09D1094E0D44AC42E8D0C1
:10C4200014F8011B3046FFF76DFDF7E770680368ED
:10C43000BDE8F0411B69184770030020980E0020EA
:10C4400064220020F8B52B4B2B4D1F79CB78C3F31A
:10C45000800385F895308B79C3F3000385F8963017
:10C460000B79064603F00303C8785B0143EAD0006A
:10C470000C46F4F7DAFF85F892006379227903F02D
:10C4800001039B0143EA920385F893306379C3F378
:10C49000460385F89430E378A17803F001039B000C
:10C4A000052243EA9113032012FB03030722B3FB87
:10C4B000F2F3124A1370DEB1D7B101F03001202936
:10C4C00004D12046BDE8F840FFF79ABEA2790C4897
:10C4D000E11D5208FFF776FFA17905F164004908D4
:10C4E000F5F72BFB05F13C00BDE8F840F5F71FBB65
:10C4F000F8BD00BF0D300020583100204D31002024
:10C500002C34002073B5054690B9204B204E1B7883
:10C51000204A1479002C36D173B91F4A1F4912786A
:10C5200001921A4A127800920D201A46F9F732F851
:10C53000194B1B4E1B78EBE7022B1A480ED1B17832
:10C5400001F00701F9F798F84379ABB931460120BA
:10C55000FFF778FF1448F4F7DDFE05E0012293426F
:10C56000027044710471F1D10F4880F8905002B00C
:10C57000BDE87040F4F7CCBE0C4B1C745C825C616F
:10C580000B4B1C71E2E702B070BD00BF8E0E0020A5
:10C5900097300020380600208F0E0020423201081C
:10C5A000F23000200D30002058310020980E00207D
:10C5B0006422002010B50246FFF7B0FEB8B10C4B64
:10C5C00093F82D30591E012904D8BDE810400948C0
:10C5D000FEF7CEBA032B04D1BDE810400648FFF7A2
:10C5E00096BC50680368BDE810405B69184710BDF1
:10C5F00070030020980E00206422002010B502462F
:10C60000FFF78CFEB8B10C4B93F82D30591E012961
:10C6100004D8BDE810400948FEF7B8BA032B04D18E
:10C62000BDE810400648FFF784BC50680368BDE8C9
:10C6300010409B69184710BD70030020980E002021
:10C64000642200202DE9F04FDFF8048198F80040C3
:10C6500097B081460E461746002C48D13D4B1B78BB
:10C66000022B40D1DFF8F0B00DF1180A25465846EC
:10C67000ECB2FFF79FFF40B15846FFF7BFFF01350F
:10C68000402D0AF8010BF2D12C4634482146F5F72B
:10C6900054FA3348F5F74BFA32488DF8129090F877
:10C6A000A4308DF80C30304B80F89190DB788DF809
:10C6B0000D3090F890308DF81130F4F750FE8DF871
:10C6C0000E00F8F72BFC294D8DF8130010F0010F28
:10C6D0000CBF33463B468DF8143095F8563043B9BD
:10C6E000B74206D0FEE71C48FFF744FCD4E700241D
:10C6F000D2E71C48F4F745FE1D4B8DF81000197861
:10C700000222072313FB01230522B3FBF2F32A784D
:10C710008DF81530174B142101FB023393F85A3072
:10C720005A1E534253418DF8163098F800304BB9D9
:10C73000114A1248009406AB03A9F8F719FA17B08A
:10C74000BDE8F08F0C4A0D4803A9FFF775FDF6E729
:10C7500074340020110700202C340020A831002060
:10C7600080310020583100200D30002014030020BB
:10C770003A3000207003002014300020D034002014
:10C7800030B4084C257925B10146204630BCF8F775
:10C79000BBBC054C94F8A430013384F8A43030BC01
:10C7A000FFF750BF380600205831002008B5024678
:10C7B000FFF7B4FD18B9A2F82206A2F82006054B2F
:10C7C00093F82D30032B04D1BDE808401046FFF745
:10C7D00019BB08BD7003002070B500239CB2A242B3
:10C7E00000D870BD058886886C1C34404688A642F7
:10C7F0001EBF2D18CE5CAE7103F1010318BF04807B
:10C80000ECE708B56830FFF7E7FF08BDA0F11400BA
:10C81000F7E7000038B50A4B93F82D3000F5EF65C7
:10C82000022B0446284608D1FDF72CFA0246294679
:10C8300004F24A40FFF7D0FF38BDF5F75CFDF5E79D
:10C8400070030020F0B587B00446102201A8F5F768
:10C850000BF8204B94F8A8C893F8352084F85EC6EE
:10C860004FF0FF33333284F85C3684F85D360123B1
:10C8700084F85F3604F5CA67D2B201AB04F5CC6622
:10C880000DF1140E1D4603CD7545306071602B46C9
:10C8900006F10806F6D184F855264423D4F8582624
:10C8A00084F85636142363F31702C4F858264DF261
:10C8B000016284F871C7A4F8722784F8743704F50C
:10C8C000A4713846F6F77EF839462046FFF7A2FFF6
:10C8D00007B0F0BD700300202DE9FF410446B0F819
:10C8E0004C14B0F84A04F5F7E7FFE3684BBBDD28CA
:10C8F00008D804F5F37604F5ED75A06803685B6964
:10C90000984710B904B0BDE8F081A06803689B693E
:10C9100098472A46034631466846F5F73BFE00280D
:10C92000EBD09DF80030022BECD104F5CA653246FD
:10C9300069462846F5F7A6FD29462046FFF76AFF17
:10C9400094E0DD28DED84D4D2B780133DBB2012B8E
:10C950002B700FD900232B70A06803685B69984780
:10C9600050B901232B70E06803685B69984730B9C0
:10C97000287004E0002BEFD02B78012BF3D004F5C6
:10C98000F37604F5ED772B78002B36D1A068036899
:10C990005B69984788B3A06803689B6998473A46E3
:10C9A000034631466846F5F7F5FD0028EBD0DFF881
:10C9B000D08069460120F5F7ABFF98F8023033B11B
:10C9C000E068BDF80220036831461B6998479DF86E
:10C9D0000030022B11D104F5CA6732466946384649
:10C9E000F5F750FD98F800301BB139462046FFF7A7
:10C9F00011FF39462046FEF7E7FA04F21E3604F22C
:10CA000012372B78012B7FF47DAFE06803685B69F8
:10CA1000984700283FF476AFE06803689B69984721
:10CA20003A46034631466846F5F7B4FD0028E8D09B
:10CA3000134F69460220F5F76BFF7B7833B1A0688E
:10CA4000BDF80220036831461B6998479DF8003005
:10CA5000022B7FF457AF04F5CA6532466946284673
:10CA6000F5F710FD3B78002B7FF466AF2946204692
:10CA700004B0BDE8F041FEF7A7BA00BF34060020BD
:10CA8000F5050020264B70B51E680446FFF746FCEE
:10CA900058B9C4F8A468A4F85601A4F85401A4F83D
:10CAA0004C04A4F84A0484F8B8081E4D95F82D30BB
:10CAB000013B012B33D82046FEF7AAFD2046FFF7A5
:10CAC0000BFF194B1B78142202FB035595F85250AB
:10CAD00095B1D4F8A438F31AB3F57A7F0FD3C4F81C
:10CAE000A468012504F6A800FEF7C2FC4DB120465B
:10CAF000BDE87040FEF774B8C4F8A468F2E70025FA
:10CB0000F0E794F8B4382BB1084984F8B4582046BB
:10CB1000FFF798FE2046BDE87040FEF775BB70BD7C
:10CB200074430020700300201403002034320108F5
:10CB30002DE9F04F524E3378012B85B000F253812E
:10CB40000BB9F6F7F9F9DFF83C814F4DDFF83C916E
:10CB5000FFF73CFAD8F80000696C03689B689847B7
:10CB6000D9F80000696C03689B689847484B00221D
:10CB70001A809A70474B10229A6207244CF2503068
:10CB8000013CF6F793FAF6F7D7FA14F0FF04F5D163
:10CB9000414B42489C701C8001F027FB013880B259
:10CBA0004FF6FD73984203D93D490120F8F7EAFC9E
:10CBB0003C4B3D491C603D4B38481C60F7F744FE38
:10CBC0003B48F8F7C7F995F820C0BCF1200F00D911
:10CBD000FEE795F82820374F696AB5F82CB095F82C
:10CBE00029E095F82A30BA71052A00D9FEE73248C3
:10CBF00050F832A0BAF1000F00D1FEE7C7F808A044
:10CC000000EBC20A87F8D5209AF804009AF805A02C
:10CC1000F87187F80CA0A7F80EB087F8D440BBF1E4
:10CC2000000F00D1FEE7844524BF00F1FF305FFA1A
:10CC300080FC2048052A80F811C000F01081012AEC
:10CC400000F216810EF1FF32D2B200F0FE80022A0D
:10CC500034D85A1ED2B2032A0BD8BCF10C0F01D91A
:10CC60000C224274427C624501D980F811C074469E
:10CC700027E0BCF1120F84BF122343740023F1E7B5
:10CC8000393000205031002014030020543100209E
:10CC90008A0E0020000400484C0E002010340020B2
:10CCA00054320108800E002018030020840E00205A
:10CCB00038060020EC0B0020783C0108052B28BF2B
:10CCC000002375482246F4F77EFE00242A783C743F
:10CCD000724F734B4FF0140B0BFB02724FF0FF0AB5
:10CCE00092F85A2083F800A0501E424283F801A017
:10CCF0006C4B42411A7005229A706422DA705C70A3
:10CD00001C71694B64481C70F7F7ACFD014667481D
:10CD100001F021F9664B1C80664B1C70664B1C7041
:10CD2000664B1C80664B1C80664B1C70664B1C80DF
:10CD3000664B1C70664B1C70664B1C70664B1C70FF
:10CD4000664B01201C70FFF7F1F9FFF709FAB5F8FF
:10CD50004830B5F84A2095F840106148F4F79AFA3F
:10CD6000B5F848105F48F4F7BBFD5F48F8F75AFC88
:10CD70002B785E480BFB037797F84E10F5F76AF8AF
:10CD8000D9F800305A4AD8F800105A48FEF7E0FAAD
:10CD9000D8F80070D9F8002057483946FFF70EF848
:10CDA00013465648524A3946FFF7F6F8544BB5F841
:10CDB000482019685348F8F715FF3C48F7F735FD48
:10CDC0005148F4F7DBFF5148F4F7D0FE5048F5F72F
:10CDD00003F8504B1C70504B1C80504B1C80F6F7D6
:10CDE000DDFD86F800A0F6F7E3FD334D002800F0E6
:10CDF000B880354A13880BB1013B13802C4A138845
:10CE000013B9474BB3F84830013B9BB2012B138059
:10CE100031D1284A1370FFF7D5F92B78002B40F059
:10CE2000A080284B3F4A1978138802292CD17BB364
:10CE3000013B9BB213809278002A77D0002B7DD1E2
:10CE4000F6F726F9F6F732F978E0022A05D8BCF1B0
:10CE50000C0F01D90C2343747446002331E70EF103
:10CE6000FF33022BF9D8BCF1080FF5D90823F2E7FC
:10CE7000F4F750FD29E7002BCDD101232B702A4B6D
:10CE80005A6A0E4B1A80C6E7002BD1D1C723D1E7CF
:10CE900040F2F313CEE700BFEC0B0020700300203C
:10CEA0003A300020E40B00204D31002010340020E7
:10CEB0002C350020880E0020DD0B00200A300020D9
:10CEC000900E0020110700201407002012070020F8
:10CED000100700208F0E00208E0E0020960E0020DE
:10CEE00058310020603400200D300020200E00203A
:10CEF00074170020980E0020642200202C3400209B
:10CF0000040700207406002044430020343400202D
:10CF100008070020383000207034002072340020D0
:10CF2000140300208A0E00200044014002297148A9
:10CF300067D10BB9F6F7ACF8102383626E4C2388E7
:10CF4000002B63D140F2E73323806C48F8F778F880
:10CF50006B48F7F76AFC23881BB96A496A48F5F7FA
:10CF6000BDFDDFF8A8816A4CB8F80030022B64D010
:10CF7000042B00F08C80012B10D1664B1A7C597C5D
:10CF80000132D2B2914298BF00221A74624B11460C
:10CF9000187AFFF7F5FB0223A8F800302368002B6E
:10CFA00000F0E180B8F80030032B40F08780236860
:10CFB000D9070FD5594A00232360137843F00101A4
:10CFC0001170574A92F856200AB19A0702D50423E5
:10CFD000A8F800302368002B00F0C5802368236880
:10CFE0005048514913F0020F74D00378226801931E
:10CFF0000B78009398F800304C4992B20120F8F772
:10D00000C9FA08228262002B98D11BE7013B9BB230
:10D010002380002B99D1424B1A78454B142101FBF8
:10D02000023393F85330022B8FD1424B1B78002BE5
:10D030008BD04148F4F7B8F987E7404B404A5B6A28
:10D0400012889B1A9BB240F2ED229342A6D93D4B27
:10D050003D4800271F70F8F797F92E48F7F702FCB4
:10D060000146274800F077FF2B4B187AFFF70EF99F
:10D070000323A8F80030294B34481F70344B1F603D
:10D08000344B276001221A71F4F77CFE86E71C48B6
:10D090004FF6FF71F5F7CCFF00F0F3FF18480021C1
:10D0A00001F023F81F4A0523A8F80030002313706D
:10D0B0001D4A1370264A136023606FE7052B89D140
:10D0C00023689B0786D500202060FFF7F3F8164BF6
:10D0D00018707FE7236813F001033FD003782268BC
:10D0E00001930B78009398F800301B4992B202200C
:10D0F00085E700BF00040048703400203806002097
:10D10000103400208227010828000020900E002003
:10D11000840E0020EC0B002060340020960E0020CE
:10D12000140300208F0E00208E0E00205E320108B6
:10D1300070030020100700205831002000440140F7
:10D140000A300020880E00203A300020444300209E
:10D15000800E0020180700206F3201082360A8F815
:10D16000003003700B702B78002B00F06181DFF82A
:10D1700068929A4800242C70F7F7FCFA99F800B0EE
:10D18000BBF1000F00F0A4802046FFF7BBF9944BE1
:10D19000944D954F1C722B7C87F8A73099F800307E
:10D1A000924C012B94BF0023012387F8A530904BAC
:10D1B0001B78012B94BF00230123BBF1010F87F8DB
:10D1C000A63023780BD9DFF82CB2002B00F0838037
:10D1D000012B00F08580884BBBF84C201A80237807
:10D1E000022B03D1844B1B8803B92370227880491A
:10D1F00000230120022AA8F8000089F800300B70F3
:10D2000006D07E490B701AB9FEF7CEFFFEF7A8FFD5
:10D210007B4A138813B9774BB3F84A30013B9BB272
:10D22000138043BB7048F4F7CDF82378022B22D14A
:10D230006D4897F99280F4F7B7F881466748F7F799
:10D24000DDFA704B1A78B2B11A790AB1013A1A7143
:10D25000DA786D4F072101FB02910431A2EB09023C
:10D26000C908132AD97002DCB9F1320F65D89A784F
:10D270007A700A221A715C48644FF4F748F82378F0
:10D28000022B0CBF4FF001084FF000080ED056489B
:10D29000F3F7E6FF3B784BB15A4B1A7832B15A4A52
:10D2A000997851706422DA7000221A71584B87F80D
:10D2B000008093F80080B8F1000F6BD0554B10221E
:10D2C0009A6108229A61F7F7FFF8012333706BE047
:10D2D000FEF7D2FF5BE7012222704F4A13707AE714
:10D2E0004D4ADFF838A113789AF800000133DBB219
:10D2F0001370E8B99BF8501099423FF66CAF48495B
:10D3000091F8A03043B9474B1B792BB990B1FEF788
:10D310004BFF012381F8A0309AF8003013B932484E
:10D32000F3F7F1FF0223237001238AF8003052E75C
:10D330000521E1E73C490C2038E480B200F10F0CF4
:10D340000FFA8CFCE0453A780CDA93F802C0944569
:10D3500008D9501C787054294FF00A0018718AD8E7
:10D36000013285E7153000B280450BDD5E2909D911
:10D3700059789142BFF47FAF197900297FF47BAFD0
:10D38000013A75E754293FF676AF997891427FF6D6
:10D3900072AFE5E72348F7F77DFEF7F7A7FE012810
:10D3A000074604D0032890D005B0BDE8F08F1D4893
:10D3B000F7F710FE41F28833A5F8D630154B85F803
:10D3C000D4700822A5F8D8809A6110229A62174B6F
:10D3D00084F800809F70E7E78E0E00201034002054
:10D3E00060340020EC0B0020583100201107002091
:10D3F0008F0E002014030020140700200D300020A1
:10D4000072340020E40B00203A3000202F06002068
:10D41000DC0B002000040048120700201007002049
:10D420002C05002038060020803201088A0E0020DA
:10D43000844D854C95F85730EBB184498448F9F711
:10D44000DBFE68B12A78834B142101FB02330122F1
:10D4500093F84C30032B04BF012323707C4B1A71CB
:10D460007B480DF10B01F9F7DFFE20B19DF80B3081
:10D47000F3B1012B1FD095F8573023B995F85830E8
:10D48000002B00F0F78072480DF10B01F9F7F1FE67
:10D4900050B39DF80B30033B0F2B25D8DFE803F08A
:10D4A0001624242424242448244C6272777D797B1A
:10D4B000FEF718F9DFE7664803A9F9F709FF002826
:10D4C000D9D09DF80C00FAF79DF9D4E7F7F70CF8DE
:10D4D000614B1B78022B4FF0030722D10420FEF78B
:10D4E0003FFE5B4B83F8FA7A95F85830002B00F03A
:10D4F000C18056495948FBF711FA08B1012323703E
:10D50000B5F84820554802A9FBF72AFA00284ED062
:10D510009DF80830052B4AD8DFE803F0465D6165C9
:10D52000698F4B488DF80C7003A9FAF737F8DBE7E1
:10D530004B49A1F13300F8E7454F03A907F1330048
:10D54000FAF742F90028CFD09DF80C30002BCBD051
:10D55000414B18780228C7D1FEF702FE0C2387F84A
:10D56000FA3AC1E73C4B1B78022B07D10320FEF7A8
:10D57000F7FD374B0D2283F8FA2AB5E7394B012224
:10D580001A70B1E701213848F4F70DFBACE702212E
:10D59000F9E70321F7E70821F5E72D4B334893F826
:10D5A0003310F4F71DFC9FE72C48FCF7BBF82B4F1A
:10D5B0000DF109013846FBF709FA00285AD09DF809
:10D5C0000930022B54D8002B00F0A88026480121F6
:10D5D000F4F7EBFA4EE02148FCF7ECF8E7E71F48D8
:10D5E000FCF720F9E3E71D48FCF786F9DFE7184868
:10D5F0000DF10A01F9F76CFE18B19DF80A00FAF76F
:10D6000001F913480DF10B0203A9F9F7A3FD30B19D
:10D610009DF80B2003991148FBF72CFAC7E7FEF79A
:10D620007DFE0028C3D00B4B93F82D30013B022B1D
:10D63000BDD80A48FBF726FCB9E70848FCF720F9F3
:10D64000B5E700BF1403002038300020143000205C
:10D650006017002070030020110700201807002029
:10D6600093170020DC0B0020343400200807002032
:10D67000032B59D095F8593023B155495548F4F743
:10D6800010FD08B923780BB300232370524C2B787C
:10D690004F495248142707FB034393F84D20F3F7F3
:10D6A000D5FD2B7807FB034797F85A20012A02D1B2
:10D6B0004B4A127852B9142202FB0344444994F8AD
:10D6C0004A3094F856204748F7F77EFE464B1B78C1
:10D6D000002B7FF469AEB8F80030022B3FF464AE43
:10D6E0004248FFF7CFF94248FFF760F84148F4F7A6
:10D6F00056FB4148F4F740FA10B93C48FEF754FE97
:10D70000431E102B5FD8DFE803F03E454C5E182C1B
:10D71000365E5E4E5E5E5A5E565E560097F8691043
:10D720003648F4F75DFBA5E7BA7D3548023AD2B238
:10D7300007F11801F9F7F9FC9CE7324B1878022839
:10D7400005D1FEF70DFD2E4BFF2283F8FA2A2B4858
:10D75000F4F75AFB00283FF427AE2B4B01221A7036
:10D7600022E6284B1B78022B01D10320E9E7264B48
:10D7700001221A70EBE7F6F7B7FE224B1B78022B5B
:10D78000E5D10420DDE7214B1A79002ADFD10122FF
:10D790005A71DCE71D4B1A79002AD8D001229A7100
:10D7A000D5E7F5F779FB1448F4F706FAC1B2134848
:10D7B000F4F716FBCBE71048F4F700FAC7E70E487A
:10D7C000F4F7FAF9C3E704283FF47FADBFE700BFE1
:10D7D00014300020200E0020700300206C06002072
:10D7E000100700203A300020880E0020980E0020FC
:10D7F0006422002044430020343400200807002025
:10D800006017002011070020DC0B002038060020E4
:10D8100008B5FFF78DF9FCE7544B554A70B51A600F
:10D82000544B554A1A605A619A62DA63534A1A6530
:10D830005A66534A9A67534A534B544C02F10801B3
:10D84000283200255A6140F2FF12C3E91A527F269E
:10D850004F4A1960C3F87022C3F86C52C3F8745A67
:10D86000C3F8786AA3F8025B4A4B2360212384F84B
:10D870000C3104F1DC03C4F81031102384F81431A6
:10D8800004F1C403C4F81C310F2384F820311E2393
:10D8900084F8243104F1F403C4F82831062384F811
:10D8A0002C31072384F8303104F1FA0302220921D4
:10D8B000C4F8343104F1FC0384F83C1184F81821D5
:10D8C00084F83821C4F8403184F850210D220A2010
:10D8D00084F8542104F2011284F84801C4F8582154
:10D8E00004F1FF0011220323C4F84C0184F86021E5
:10D8F00004F1EC0004F5827284F8443184F85C3160
:10D90000C4F86421C4F87001082284F8783104F561
:10D91000EA7004F1D30384F8682184F86C2184F858
:10D920007421C4F87C3184F88011FAF763FE1A4B35
:10D930001A4A1A601A48A4F8C0542946F3F736FC6C
:10D94000184B194AC3F84C24C3E95556A3F84A5456
:10D95000164B40F2FF32C3F82426C3F82056144B6E
:10D96000144A1A60144B154A1A6070BD1034002016
:10D97000A032010858310020E4280108CC28010811
:10D98000D8280108845C01086017002018070020CF
:10D990000000FF077C5C0108200E0020883301088E
:10D9A0006C060020980E00200000FF016422002079
:10D9B0002C340020385C010844430020685C0108D6
:10D9C00010B53024632807D80C703021092808D8F6
:10D9D00030301170187010BD01346438E4B2C0B238
:10D9E000F0E701310A38C9B2C0B2EFE730B53024F0
:10D9F00042F20F75A84212D80C703021B0F57A7F30
:10DA000014D211703022632816D81A7030230928D6
:10DA100017D8039A1370049B3030187030BDA0F5EE
:10DA20001C5001341038E4B280B2E3E70131A0F5B4
:10DA30007A70C9B280B2E1E701326438D2B280B202
:10DA4000E1E701330A38DBB280B2E0E770B5324D6E
:10DA5000324E3024A84232D80C70314D314C302136
:10DA6000A04230D811703049302288422FD21A702B
:10DA70002E4A302390422ED8049A13702C4A302319
:10DA800090422FD8059A1370302342F20F729042C1
:10DA90002ED8069A13703023B0F57A7F2ED2079ACB
:10DAA0001370302363282ED8089A13703023092866
:10DAB0002DD8099A13700A9B3030187070BD01344C
:10DAC000E4B23044C6E70131C9B22844C8E70132A4
:10DAD000D2B2401AC9E70133A0F57420DBB2A0F539
:10DAE0001070C7E70133A0F5C330DBB2A038C7E739
:10DAF0000133A0F51C50DBB21038C8E70133DBB2AC
:10DB0000A0F57A70C8E70133DBB26438CAE70133A5
:10DB1000DBB20A38CBE700BFFFC99A3B003665C4C9
:10DB2000001F0AFAFFE0F505809698003F420F00BB
:10DB30009F86010010B58B1C0C464A1CFFF740FF66
:10DB40000023E37010BD002810B50C460FDA10F169
:10DB5000800F0FD04042C0B22D222346611C03F833
:10DB6000032BA21CFFF72CFF0023237110BDC0B2B2
:10DB70002022F2E72D228020EFE713B50B1D019341
:10DB8000CB1C00934A1C8B1C0C46FFF72FFF002375
:10DB9000637102B010BD10B588B001F1090306939E
:10DBA00001F108030593CB1D04938B1D03934B1DBB
:10DBB00002930B1D0193CB1C00934A1C8B1C0C463B
:10DBC000FFF744FF0023A37208B010BD0A2230B54E
:10DBD00001231446824207D95A1E12B20A241504A0
:10DBE00006D50022CA5430BD01339BB26243F1E72F
:10DBF000B0FBF4F504FB1500303088542846013A98
:10DC0000EDE7031E10B50C4603DBBDE81040FFF73F
:10DC1000DDBF58420131FFF7D9FF2D23237010BD1E
:10DC200003099F2800F00F0094BF303337330928D1
:10DC30000B7094BF30303730002348708B707047C2
:10DC400013B502460C46C0B201A9FFF7E9FF214611
:10DC5000100AFFF7E5FF9DF80430A3709DF805302A
:10DC6000E3709DF80630237102B010BD10B5034C6F
:10DC70002146FFF75FFF204610BD00BF5043002044
:10DC800010B5034C2146FFF75EFF204610BD00BFD4
:10DC90005043002010B5034C2146FFF76EFF20468D
:10DCA00010BD00BF5043002010B5034C2146FFF7C4
:10DCB00072FF204610BD00BF5043002010B5034C3A
:10DCC0002146FFF7BDFF204610BD00BF5043002096
:10DCD00013B503688DF807109C680DF10701012347
:10DCE000A04702B010BD07B503688DF807101B6987
:10DCF00001220DF10701984703B05DF804FB2DE9FF
:10DD0000F0411D46036804465B690F461646984776
:10DD1000236820461B689847221D39462046FFF796
:10DD2000D7FF2DB123682A461B6931462046984704
:10DD3000236820465B689847236820469B69BDE8B6
:10DD4000F0410C2118472DE9F0411E4603680446B6
:10DD50005B6915460F469847236820461B6898471D
:10DD6000221D39462046FFF7B3FF20460021FFF76A
:10DD7000BAFF23682046DB68324629469847236865
:10DD800020465B68BDE8F04118472DE9F0411F4689
:10DD9000036804465B690D4616469847236820468B
:10DDA0001B689847221D20460D21FFF791FF290A85
:10DDB0002046FFF798FFE9B22046FFF794FF23685B
:10DDC00031463A4620461B699847236820465B68DF
:10DDD0009847236820469B69BDE8F0410C2118470D
:10DDE00007B501238DF807200DF10702FFF7CDFFDE
:10DDF00003B05DF804FB2DE9F0411F4603680446BB
:10DE00005B690D4616469847236820461B6898476D
:10DE1000221D20461D21FFF75BFF290A2046FFF740
:10DE200062FFE9B22046FFF75EFF20460021FFF7C0
:10DE30005AFF23682046DB683A46314698472368F4
:10DE400020465B68BDE8F041184707B501230DF196
:10DE50000702FFF7D0FF9DF8070003B05DF804FB51
:10DE60002DE9F0411E46036804465B690F461546DE
:10DE70009847236820461B689847221D20460E219C
:10DE8000FFF726FF39462046FFF72DFF2368294676
:10DE9000324620461B699847236820465B689847AE
:10DEA000236820469B69BDE8F0410C2118472DE905
:10DEB000F0411E46036804465B690F4615469847C5
:10DEC000236820461B689847221D20461E21FFF725
:10DED000FFFE39462046FFF706FF20460021FFF7E8
:10DEE00002FF23682046DB683246294698472368AC
:10DEF00020465B68BDE8F041184710B50023044692
:10DF00001A46C021FFF7FBFE207910BD37B5044645
:10DF10000D468DF80710012380210DF10702FFF750
:10DF2000EEFE2368012D9B690CBF322140F2DC51CB
:10DF3000204603B0BDE83040184737B501230C46F2
:10DF40008DF807100DF107028A210546FFF7D7FE6D
:10DF5000AC7103B030BD07B5042309BA01910DEBD4
:10DF600003028621FFF7CBFE03B05DF804FB07B583
:10DF700002238DF804108DF805208F2101AAFFF7E8
:10DF8000BEFE03B05DF804FB37B58DF80630002304
:10DF90008DF807300423044615468DF804108DF8DB
:10DFA00005208B210DEB0302FFF7A9FE40F6890146
:10DFB0002046FFF74AFF062D16BF40F0040200F08E
:10DFC000FB02D2B240F6890120468DF80420FFF70B
:10DFD00007FF03B030BD73B515468DF8033000223E
:10DFE0009DF818309DF81C608DF8002004468DF8CF
:10DFF00001108DF804308C2106236A468DF80250FA
:10E000008DF80560FFF77BFE40F236712046FFF782
:10E010001CFF5EB100F0FB0240F2367120468DF825
:10E020000020FFF7DDFE657102B070BD40F0040214
:10E03000D2B2F1E707B55BBAADF80430BDF81030E5
:10E040005BBAADF8063049BA082352BAADF80010F1
:10E05000ADF8022019466A46FFF751FE03B05DF89D
:10E0600004FB07B5022301AA1221FFF76CFE9DF8FD
:10E0700004309DF8050000EB032080B203B05DF88A
:10E0800004FB07B5022349BAADF8041001AA1946EA
:10E09000FFF735FE03B05DF804FB07B502238DF8EA
:10E0A00004108DF805208E2101AAFFF728FE03B089
:10E0B0005DF804FB13B56FF07F43994228BF194602
:10E0C0000B0C04468DF804300B0A8DF805308DF8E2
:10E0D000061001AA03238321FFF711FE23686421A0
:10E0E0009B692046984702B010BD13B56FF07F437F
:10E0F000994228BF19460B0C04468DF804300B0AD0
:10E100008DF805308DF8061001AA03238221FFF750
:10E11000F6FD236864219B692046984702B010BD34
:10E1200037B503230D461446142101AAFFF70BFE51
:10E130009DF804305B085B422B809DF90530002B75
:10E14000B8BF03339B10237003B030BD10B54368D4
:10E150000D4A23F07F4323F0FF039342044611D17D
:10E16000002240F60211FFF73BFE40F64411204624
:10E17000FFF76BFE40F00202D2B240F64411204697
:10E18000FFF72EFE10BD00BF0001010070B505466F
:10E190000E46FFF766FF314604462846FFF771FF3B
:10E1A000A30702D52846FFF7D1FF204670BD07B56B
:10E1B000002914BF402320238DF807300DF10702FA
:10E1C00001239321FFF79BFD03B05DF804FB10B51D
:10E1D000002304461A46C121FFF791FD236820461B
:10E1E0009B69BDE810404621184708B5FFF785FE3A
:10E1F00080B208BD07B50023ADF8043001AA0223A0
:10E200000721FFF77CFD03B05DF804FB07B5130C95
:10E210008DF8053052BA04238DF80410ADF80620AD
:10E2200097210DEB0302FFF76AFD03B05DF804FBD5
:10E2300008B50A4640F6AC01FFF7D2FD08BD10B59F
:10E2400040F6D8010446FFF700FE40F01E02D2B2AD
:10E2500040F6D8012046FFF7C3FD10BD08B50A46B9
:10E2600040F6E701FFF7BCFD08BD000007B5054B10
:10E27000019304230DEB03029521FFF740FD03B04A
:10E280005DF804FB0407000107B502238DF80410B4
:10E290008DF80520982101AAFFF731FD03B05DF844
:10E2A00004FB00000000000013B504461C48B0FB4E
:10E2B000F1F1080C8DF80000080A8DF801000498AF
:10E2C0008DF803208DF804308DF80210F2F7E2F893
:10E2D00011A3D3E90023F2F781FAF2F767FB030CED
:10E2E0008DF8053043BA6A46ADF80630204608235B
:10E2F0008B21FFF704FD40F689012046FFF7A5FDBD
:10E3000040F00402D2B240F6890120468DF8002088
:10E31000FFF766FD02B010BD000000008084EE3FF4
:10E320000000093D1FB58DF807309DF818308DF8B5
:10E3300008309DF81C308DF809309DF820308DF89C
:10E340000A309DF824308DF80B3049BA9DF82830FA
:10E35000ADF804108DF806208DF80C3001AA0923C1
:10E360008C21FFF7CCFC05B05DF804FB07B500235A
:10E3700049BAADF80010ADF8023001936A4608239F
:10E380004FF4D861FFF701FD03B05DF804FB13B54E
:10E3900003230C4601AA1421FFF7D5FC9DF8063093
:10E3A0005B085B42238002B010BD000030B59BB01B
:10E3B000202200210BA803F067F91822002102A8EF
:10E3C00003F062F91C4A136823F4C06343F400733A
:10E3D0001360136803F4C0630193019B01224FF49F
:10E3E0000413CDE9082300230A9310210623CDE965
:10E3F00015134FF400330224032517934FF0005CEC
:10E400004FF0007308A8CDE91345CDE9183C00F0A2
:10E410009FFB08B172B6FEE7CDE90400CDE9060026
:10E420004F23214602A8CDE9023500F02BFE08B1AA
:10E4300072B6FEE71BB030BD00040058154B07B59F
:10E440001A6842F480721A601A6842F400721A6004
:10E450001A6822F480621A6000F0FAF8FFF7A6FF4B
:10E460004FF0B043DA6C42F00102DA64DA6C02F089
:10E4700001020192019ADA6C42F00202DA64DB6C6A
:10E4800003F002030093009B03B05DF804EBFFF779
:10E49000BFB900BF004000587047FEE7FEE7FEE747
:10E4A000FEE7FEE7704770477047F5F791BA012025
:10E4B000704708B503F0AAF8162303604FF0FF3049
:10E4C00008BD08B503F0A2F816230360FEE770B597
:10E4D0000D4614460E46731B9C4201DC204670BD5F
:10E4E000AFF3008006F8010BF5E770B50D46144652
:10E4F0000E46731B9C4201DC204670BD16F8010BD2
:10E50000AFF30080F5E74FF0FF3070474FF4005352
:10E510004B600020704701207047002070470000CA
:10E520000B4A116810B5034609B90A491160106811
:10E5300009490A4C0344091B8B4206D903F066F8CB
:10E540000C2303604FF0FF3010BD1360FCE700BFE9
:10E5500070430020E044002000000120000400007F
:10E56000704700000D488546FFF7FAFF0C480D493B
:10E570000D4A002302E0D458C4500433C4188C421E
:10E58000F9D30A4A0A4C002301E013600432A24284
:10E59000FBD302F005FEFFF751FFFEE7000001206C
:10E5A00000000020F4020020A4630108F80200200B
:10E5B000DC440020FEE770474FF0B04310B59A6B83
:10E5C0004FF0FF329A63D96BDA630024996B9C6336
:10E5D000D96BDC63196C1A64196C1C64596C5A642D
:10E5E000596C5C64996A9A62996A9C62D96ADA6227
:10E5F000D96ADC62196B1A631A6B1C63FFF7DBFFC5
:10E60000204610BD38B5104C237805460BB90120C3
:10E6100038BD00F08DFA22784FF47A73B3FBF2F331
:10E62000B0FBF3F000F074F804460028EFD10F2D92
:10E63000EDD8024629464FF0FF3000F037F8034B83
:10E6400020461D60E4E700BF880200208C02002005
:10E6500010B5032000F018F800F06AFA064B1860B5
:10E660000F20FFF7CFFF044618B9FFF715FF20462C
:10E6700010BD0124FBE700BF84020020014B186895
:10E68000704700BF744300200749CA6822F4E06263
:10E690000302120403F4E063120C134343F0BF635C
:10E6A00043F40033CB60704700ED00E0164B30B50B
:10E6B000DC68C4F30224C4F10703251D042B28BF22
:10E6C0000423062D4FF0FF358CBF033C002405FAD0
:10E6D00003F321EA0303A54022EA0502A340002830
:10E6E00043EA0203ACBF00F16040084A4FEA03135B
:10E6F000B8BF00F00F00DBB2AABF00F561401354B1
:10E7000080F8003330BD00BF00ED00E014ED00E004
:10E710000138B0F1807F0BD24FF0E023054A5861F9
:10E72000F02182F823100020072298611A617047B7
:10E730000120704700ED00E00A4A536943F480234A
:10E7400030B55361EFF3108472B60023CD58C55035
:10E750000433B3F5807FF9D11369DB03FCD484F370
:10E76000108830BD00400058064B5A69002ABFBFD0
:10E77000054A9A6002F188329A60BABF5869C00FA0
:10E78000002070470040005823016745044B5A6938
:10E7900042F000425A615869C043C00F704700BF41
:10E7A0000040005870B50546FFF768FF124E04465A
:10E7B0003369D90313D43369DA0744BF01223261C4
:10E7C0004CF2FA32134011D10B4E306910F4802014
:10E7D0000BD0FFF753FF001BA842F6D304E0FFF76E
:10E7E0004DFF001BA842E3D3032070BD024A136112
:10E7F000024A01205360F8E70040005878430020A7
:10E800002DE9F041184D98462B78012B06460C4611
:10E81000174626D001232B704FF47A7000236B60CB
:10E82000FFF7C0FFA0B9012E16D1104A536943F07B
:10E83000010353612760BFF36F8FC4F804804FF466
:10E840007A70FFF7AFFF094A536923EA0603536161
:10E8500000232B70BDE8F08139462046FFF76CFF9E
:10E86000EDE70220F6E700BF7843002000400058A3
:10E87000054A536923F47E7343EAC00040F48030B4
:10E8800040F0020050617047004000582DE9F0410F
:10E89000234F3B78012B054688463FD001233B7030
:10E8A0004FF47A7000237B60FFF77CFF044688B941
:10E8B0002B68042B13D11B4A536943F4803343F074
:10E8C000040353614FF47A70FFF76CFF0446154B55
:10E8D0001A681B6800233B702046BDE8F0814FF0AA
:10E8E000FF33C8F800306E68D5E901321344B342F3
:10E8F0000AD93046FFF7BCFF4FF47A70FFF752FF9A
:10E9000050B1C8F800600446064A536923F47E7388
:10E9100023F002035361DAE70136E5E70224DBE77F
:10E920007843002000400058024A136843F4807383
:10E930001360704700040058024B186800F4C06070
:10E94000704700BF000400584FF0B0431868C0F390
:10E95000404070474FF0B0431868C0F34000704724
:10E960004FF0B042536823F47F4343EA00235360DF
:10E9700070474FF0B0431868C0F340607047000024
:10E980007FB54FF0B0432C4AD3F80831C0F30310E1
:10E9900003F00F0352F82040284A52F82330B4FB0A
:10E9A000F3F4FFF7C9FF264B054693E80700B5F5DA
:10E9B000007F04AB03E9070010D0224B9C4218D320
:10E9C00003F5B70303F67F539C4229D903F574136B
:10E9D00003F510639C4225D802230BE01A4B9C429E
:10E9E00007D91A4B9C421BD903F5370303F5D853BB
:10E9F000F0E7002304AA02EB830353F80C4C144DF8
:10EA00002B6823F0070323432B60FFF737FE0646EE
:10EA10002B6803F007039C4206D1002004B070BDB0
:10EA20000123E7E70024EAE7FFF728FE801B02281E
:10EA3000EED90320F2E700BF345D0108D45C010881
:10EA40006C270108C0CF6A00BFEA21013F9334025E
:10EA5000004000584FF0B04310B59A68D96812F0E2
:10EA60000C0205D00C2A4AD101F00303012B50D12E
:10EA70004FF0B0412B480B6813F0080306D00B6829
:10EA800013F0080337D1D1F8941007E00C6824077D
:10EA900056BFD1F894300968C3F3032350F82330EC
:10EAA000002A0CBF184600204FF0B0418A6802F0DF
:10EAB0000C020C2A1ED1CA6802F00302022A2ED0D0
:10EAC000032A06D10B68184A13F4801F174B18BF8E
:10EAD00013464FF0B042D068D168D268C0F3062028
:10EAE0005843C1F302130133B0FBF3F0530F01336A
:10EAF000B0FBF3F010BD0B68C3F30313CEE7042A99
:10EB00000AD0082A05D11B6813F4801304D10748E2
:10EB1000CAE700231846C7E703480023C4E7024BAF
:10EB2000D7E700BF345D01080024F4000048E80185
:10EB300008B5FFF78FFF4FF0B043044A9B68C3F35B
:10EB4000031352F82330B0FBF3F008BDD45C010886
:10EB50002DE9F0410446002853D04FF0B0439D68A2
:10EB6000DE6803689B0605F00C0506F0030668D511
:10EB7000026A1DB10C2D46D1012E44D1002A40D08D
:10EB80004FF0B043A16A1A68170756BFD3F8943004
:10EB90001B681B0903F0F00399421FD90846FFF7D1
:10EBA000EFFE00282DD14FF0B042136843F0080368
:10EBB00013601368A16A23F0F0030B431360606ACB
:10EBC000FFF7CEFEFFF7B4FFAB4B1860AB4B1868F6
:10EBD000FFF718FD002834D0BDE8F0814FF0B042B7
:10EBE000136843F008031360136823F0F0030B432A
:10EBF0001360606AFFF7B4FE0846FFF7C1FE002805
:10EC0000E0D00120E8E74FF0B043002A54D01A6862
:10EC100042F001021A60FFF731FD0746FFF79AFE46
:10EC2000002842D04FF0B042136843F0080313604D
:10EC30001368A16A23F0F0030B431360606AFFF7C7
:10EC40008FFE2368D80748D42368990700F18C8089
:10EC500023681E0740F1FA80A3694FF0B046002BED
:10EC600000F0E180D6F89430E16903F0100291429F
:10EC700000F0C48003F00302022AC2D0D80740F19A
:10EC8000B380D6F8943023F00103C6F89430FFF730
:10EC9000F5FC0746D6F89430990740F1A580FFF7B8
:10ECA000EDFCC31B112BF5D904E0FFF7E7FCC01BFB
:10ECB0000228B3D903208FE71A6822F001021A60F4
:10ECC000FFF7DCFC0746FFF745FE0028B9D0FFF749
:10ECD000D5FCC01B0228F6D9ECE7082D03D00C2D7B
:10ECE00005D1032E03D16368002BADD189E74FF026
:10ECF000B043A1681A6822F480120A431A6062685D
:10ED0000B2F5803F10D11A6842F480321A60FFF7E2
:10ED1000B5FC0746FFF718FE002895D1FFF7AEFCBB
:10ED2000C01B6428F6D9C5E7B2F5041F04D11A68E0
:10ED300042F400121A60E6E7196821F48031196084
:10ED4000196821F400111960002AE0D1FFF796FC40
:10ED50000746FFF7F9FD00283FF476AFFFF78EFC7A
:10ED6000C01B6428F5D9A5E7042D236903D00C2D19
:10ED70000ED1022E0CD1002B3FF443AF4FF0B04226
:10ED80006169536823F0FE4343EA016353605FE720
:10ED90004FF0B046BBB1336843F480733360FFF784
:10EDA0006DFC074633685A0507D57368626923F01E
:10EDB000FE4343EA026373604AE7FFF75FFCC31B4D
:10EDC000022BEFD976E7336823F480733360FFF7C3
:10EDD00055FC074633685B057FF53AAFFFF74EFCFD
:10EDE000C31B022BF6D965E74FF0B042E169D2F8B8
:10EDF000943023F010030B43C2F894304FF0B04727
:10EE0000D7F8943043F00103C7F89430FFF736FC8D
:10EE10000646D7F894309A0718D4FFF72FFC831BC7
:10EE2000112BF6D946E7D6F8943023F00103C6F843
:10EE30009430FFF723FC0746D6F894309B0705D59E
:10EE4000FFF71CFCC31B112BF6D933E723685807C7
:10EE500054D50B4F3B68D90514D4FFF765FDFFF778
:10EE60000DFC06463B68DA050CD4FFF707FC831B54
:10EE7000022BF7D91EE700BF840200208C0200207D
:10EE800000040058E3684FF0B046002B58D023F040
:10EE90008003052B02BFD6F8903043F00403C6F878
:10EEA00090304FF0B046FFF7E9FBD6F8903043F0D2
:10EEB00001030746C6F8903041F28838D6F8903002
:10EEC0009B0705D4FFF7DAFBC31B4345F6D9F1E6F0
:10EED000E36823F00403812B1BD1FFF7CFFBD6F8A7
:10EEE000903043F08003C6F8903007464FF0B046AC
:10EEF00041F28838D6F89030180504D5E06A002829
:10EF00004AD1002068E6FFF7B9FBC01B4045F1D9A4
:10EF1000D0E6FFF7B3FBD6F8903023F08003C6F8B5
:10EF2000903007464FF0B04641F28838D6F890301E
:10EF30001905E3D5FFF7A2FBC01B4045F6D9B9E69A
:10EF4000FFF79CFBD6F8903023F080030746C6F805
:10EF5000903041F28838D6F890301A0516D4FFF771
:10EF60008DFBD6F8903023F00103C6F890300746A9
:10EF70004FF0B04841F28836D8F890309B07BDD5A5
:10EF8000FFF77CFBC31BB342F6D993E6FFF776FB92
:10EF9000C01B4045DFD98DE60C2D4ED04FF0B0435D
:10EFA00002281A6822F080721A6033D1FFF766FBDC
:10EFB0000546FFF7DEFC38BBD4E90C314FF0B04218
:10EFC0000B43D0682D4901400B43E16B0B43216C8F
:10EFD0000B43616C0B43A16B43EA0123D3601368BD
:10EFE00043F080731360D36843F08053D360FFF71E
:10EFF00045FB0446FFF7BDFC002882D1FFF73EFB2E
:10F00000001B0A28F6D955E6FFF738FB401B0A28F3
:10F01000CFD94FE6FFF732FB0446FFF7AAFC30B921
:10F020004FF0B042164BD1680B40D360D4E5FFF7E8
:10F0300025FB001B0A28F0D93CE601283FF4CCADA3
:10F040004FF0B043226BDB6803F0030191427FF481
:10F05000D8AD616B03F070028A427FF4D2ADA16B30
:10F0600003F4FE42B2EB012F7FF4CBAD626C03F0F0
:10F07000604393423FF445AFC3E500BF8C80C111AC
:10F08000FCFFFEEE2DE9F0410D46044610B90120CB
:10F09000BDE8F081684E336803F007038B4216D356
:10F0A00023689A0727D54FF0B047A268BB6823F0C2
:10F0B000F0031343BB60FFF7E1FA0646BB68DB03CE
:10F0C00019D4FFF7DBFA831B022BF7D911E0336861
:10F0D00023F007030B433360FFF7D0FA074633688A
:10F0E00003F00703AB42DBD0FFF7C8FAC01B0228CE
:10F0F000F5D90320CCE72368580617D54FF0B04761
:10F100006269D7F8083123F00F0343EA1213C7F8F6
:10F110000831FFF7B3FA0646D7F80831D90305D40A
:10F12000FFF7ACFA831B022BF6D9E2E723685A07F4
:10F1300013D54FF0B047E268BB6823F4E063134394
:10F14000BB60FFF79BFA0646BB689B0305D4FFF73D
:10F1500095FA831B022BF7D9CBE72368180714D540
:10F160004FF0B0472269BB6823F4605343EAC203FF
:10F17000BB60FFF783FA0646BB68590305D4FFF767
:10F180007DFA831B022BF7D9B3E72368DA070FD484
:10F19000294C236803F00703AB4239D8FFF7C8FCBA
:10F1A000264B1860264BBDE8F0411868FFF72ABAD5
:10F1B0006268022A1DD1FFF7C7FB00283FF467AF42
:10F1C0004FF0B04641F28838B36823F0030313438D
:10F1D000B360FFF753FA0746B368626803F00C03A5
:10F1E000B3EB820FD4D0FFF749FAC01B4045F3D9E7
:10F1F0007FE7032A02D1FFF7BCFBDEE712B9FFF776
:10F20000A9FBDAE74FF0B0431B685B05D8D43EE7B3
:10F21000236823F007032B432360FFF72FFA0646EA
:10F22000236803F00703AB42B8D0FFF727FA801B2F
:10F230000228F5D95DE700BF004000588402002095
:10F240008C02002030B5046891FAA1F3B3FA83F37D
:10F2500003255B0005FA03F324EA030391FAA1F105
:10F26000B1FA81F149008A401A43026030BD0000C2
:10F27000B0F1904F0BD14FF0B043DA6A42F0010287
:10F28000DA62DA6A22F00102DA6201207047144B76
:10F29000984209D14FF0B043DA6A42F00202DA62D2
:10F2A000DA6A22F00202EFE70E4B984209D14FF0E2
:10F2B000B043DA6A42F00402DA62DA6A22F0040247
:10F2C000E2E7094B984209D14FF0B043DA6A42F0C5
:10F2D0008002DA62DA6A22F08002D5E70020704705
:10F2E0000004004800080048001C00482DE9F84FC1
:10F2F0000E460F6897FAA7F54FF0010BB5FA85F5A2
:10F300004FF0030A4FF00F0837FA05F302D101203E
:10F31000BDE8F88F0BFA05F43C4053D0D6F80490C2
:10F3200021464A46FFF78EFF09F1FF33012B19D81A
:10F33000B368816894FAA4F2B2FA82F252000AFA2F
:10F3400002F221EA020294FAA4F1B1FA81F1490031
:10F350008B40134383604268F36822EA04026343EC
:10F36000134343603369C16894FAA4F2B2FA82F29B
:10F3700052000AFA02F221EA020294FAA4F1B1FA66
:10F3800081F149008B401343B9F1020FC36015D1DD
:10F39000FF2C716918D8026A94FAA4F3B3FA83F3C4
:10F3A0009B0008FA03F322EA030294FAA4F3B3FAE7
:10F3B00083F39B0001FA03F3134303624A46214699
:10F3C000FFF740FF01359FE7426A230A93FAA3FC47
:10F3D000BCFA8CFC4FEA8C0C08FA0CFC22EA0C02FA
:10F3E00093FAA3F3B3FA83F39B009940114341626C
:10F3F000E4E74FF0B0431868C0F3005070474FF097
:10F40000B0431868C0F3802070474FF0B043D3F882
:10F410009000C0F3400070474FF0B0431868C0F34D
:10F42000C00070474FF0B0431868C0F340607047A9
:10F430004FF0B043044A9B68C3F3031352F82330E0
:10F44000B0FBF3F0704700BFD45C01084FF0B0434D
:10F45000034A9B68C3F3022352F82330D840704715
:10F46000145D01084FF0B04238B5916801F00C010D
:10F47000082950D017D889B3042900F08C80FFF7F1
:10F48000CBFF46490246002876D1FFF7C5FF4FF073
:10F49000B043012816BFD3F894201B68C2F303229F
:10F4A00051F822002AE00C29E9D1D36803F00303C4
:10F4B000022B5FD0032B37D0FFF7AEFF374C01464E
:10F4C00000284AD1FFF7A8FF012816BFD2F89410F0
:10F4D0001368C1F3032154F821302CE0FFF79CFF9F
:10F4E0002E4D044658B9FFF797FF012816BFD2F8F2
:10F4F00094401368C4F3032455F8240038BDFFF783
:10F500008BFF01280ABF1168D2F89430C1F30311B0
:10F5100055F82100F2E7FFF76CFF214B0146214827
:10F52000012908BF1846E9E7FFF763FF1D4A1C4B96
:10F53000012818BF13464FF0B042D068D168D26896
:10F54000C0F306205843C1F302130133B0FBF3F0BC
:10F55000530F0133B0FBF3F0D0E7FFF75DFF012855
:10F560000BBF1368D2F89430C3F30313002354F88D
:10F570002330E0E70A4BDEE7FFF74EFF4FF0B043E2
:10F5800001280BBF1B68D3F89430C3F30313002387
:10F5900051F82300B2E70248B0E700BF345D01082C
:10F5A0000024F4000048E8014FF0B04307B51A68A2
:10F5B00042F001021A601A689207FCD51A6822F01C
:10F5C000F00242F060021A605A6822F47F425A60E8
:10F5D0005A6822F0FE4242F080425A604FF4E02224
:10F5E0009A601A6801920199104A0A400192019AA0
:10F5F0001A60FFF717FF0028FBD14FF0B0430C4A09
:10F60000DA6040F23F3298610192019A1A62D3F8AF
:10F61000942042F40002C3F8942001204FF44032B9
:10F62000C3F8082103B05DF804FB00BFFFF4CEFE71
:10F630000010042210B54FF0B0440328D4F88830ED
:10F640002AD11F4A03F0030343F44033934209D005
:10F65000B3F1031F0DD0013A934211D1BDE8104020
:10F66000FFF700BFFFF7CBFE0128164818BF0020A8
:10F6700010BDFFF7CAFE431E58425841C003F7E7CA
:10F68000FFF7F0FEFFF7D4FEA3680F4AC3F3C223CF
:10F6900052F82330D840EBE7034043EA00400B4BDD
:10F6A0009842DFD0B0F10C1FE3D0043B9842D5D094
:10F6B000FFF7D8FEFFF7BCFEBDE81040FFF7C6BE5F
:10F6C000020003000024F400145D010808000C008F
:10F6D0000F4B98420BD14FF0B0431A6C42F480525A
:10F6E0001A641A6C22F480521A6401207047094B84
:10F6F00098420AD14FF0B0439A6B42F480429A6329
:10F700009A6B22F480429A63EFE70020704700BFB3
:10F71000003001400038004003685B0670B50246C7
:10F720002DD4D1E900363343CE68056848690C6AA8
:10F7300033430E6933438E6903433343CE6925F463
:10F740007F45334325F0BF0523432B4313605368A4
:10F750008D6823F4706323F0040345EA10401843D6
:10F76000B5F5006F50603EBF536843F4805353605B
:10F77000B4F5005F01D18B8C1361012000E0002003
:10F78000D36923F40063D36170BD00001A4A036893
:10F79000904210B502D0B0F1804F09D14C6823F0EF
:10F7A0007003904243EA040309D0B0F1804F06D0C1
:10F7B000124A904203D002F58062904203D1CA6897
:10F7C00023F44073134303608B68C3620B88836226
:10F7D000094B984207D003F5C053984203D003F574
:10F7E0008063984201D10B690363436943F00103CD
:10F7F0004361012010BD00BF002C014000440140C6
:10F80000B1F5805F30B500F0F08009D8102975D0CF
:10F81000B1F5807F00F0AE80012935D0002030BDE9
:10F82000B1F5803F00F00E81B1F5801FF6D1036A7B
:10F83000146823F480130362036A416D21F0807120
:10F8400021F4E04141EA0424116923F4001343EA5E
:10F850000153516823F4801343EA015391498842CC
:10F8600007D001F5C051884203D001F5806188427C
:10F8700006D14168956921F4802141EA85214160E2
:10F88000D2684465C26536E0036A156823F0010357
:10F890000362036A4168846924F4803424F07304A9
:10F8A0002C43156923F002032B43556823F0010311
:10F8B0002B437C4DA84207D005F5C055A84203D084
:10F8C00005F58065A84212D1556923F0080343EA83
:10F8D0008503956823F0040343EA8503956921F4C1
:10F8E00080712943D56921F4007141EA4501D2684C
:10F8F0004160846142630362012090E7036A1568F6
:10F9000023F010030362036A4168846924F0807461
:10F9100024F4E64444EA0524156923F0200343EA6D
:10F920000513556823F0100343EA05135D4DA84203
:10F9300007D005F5C055A84203D005F58065A8425B
:10F9400013D1556923F0800343EA8513956823F0AA
:10F95000400343EA8513956921F4806141EA8501FA
:10F96000D56921F4006141EAC501D2684160846132
:10F970008263C0E7036A156823F480730362036A35
:10F980004168C46924F4803424F073042C4315695D
:10F9900023F4007343EA0523556823F4807343EA94
:10F9A0000523404DA84207D005F5C055A84203D015
:10F9B00005F58065A84213D1556923F4006343EA35
:10F9C0008523956823F4806343EA8523956921F4B0
:10F9D000805141EA0511D56921F4005141EA4511F0
:10F9E000D2684160C461C26385E7036A156823F485
:10F9F00080530362036A4468C16921F0807121F475
:10FA0000E64141EA0521156923F4005343EA053331
:10FA1000556823F4805343EA0533224DA84207D0AA
:10FA200005F5C055A84203D005F58065A84204D16C
:10FA3000956924F4804444EA8514D2684460C16125
:10FA4000026458E7036A146823F480330362036A8C
:10FA5000416D21F4803121F070010C43116923F4D0
:10FA6000003343EA0143516823F4803343EA0143FE
:10FA70000C49884207D001F5C051884203D001F5F6
:10FA80008061884206D14168956921F4803141EA5C
:10FA9000052141604465816DD268090C0904114358
:10FAA000816528E7002C01400F4B98420BD14FF0A5
:10FAB000B0431A6C42F480421A641A6C22F48042F9
:10FAC0001A6401207047094B98420AD14FF0B043A5
:10FAD0009A6B42F400329A639A6B22F400329A6372
:10FAE000EFE70020704700BF0038014000440040AD
:10FAF00038B50368DB0704460D464DD42A69AB6868
:10FB0000016813436A691343EA691343234A0A40AD
:10FB1000134303604368EA6823F44053134343608C
:10FB20008368AA6923F44073134383601C4B984293
:10FB300020D10320FFF77EFD2B68F0B16A68E2B1A7
:10FB40000B2B15D8174951F82330E969B0FBF3F0B6
:10FB5000B1F5004F4FEA520319D103EB4003B3FB59
:10FB6000F2F34FF6F0721A40C3F342031343E3601B
:10FB7000012003E00C4B984207D00020E26A2B885A
:10FB800022F00F021343E36238BD0C20D2E7034496
:10FB9000B3FBF2F39BB2EAE70020F5E7F369FFEF6E
:10FBA00000380140745D01080044004038B5044647
:10FBB00000F0CCF8214605462046F1F7EBF920B9D4
:10FBC00000212046F1F7BEF908B9284638BD01F0FA
:10FBD0001DFD0021212303600846F1F7C9F8054601
:10FBE000284638BD08B5C0F3C7537F3B162B0146E6
:10FBF00015DC002B02460BDB0B481841014205D0F7
:10FC00004FF480011941114421EA0001084608BD62
:10FC1000013300F00041F9D141F07E51F6E7802B2D
:10FC2000F4D1F0F7E9FE08BDFFFF7F0038B50446C8
:10FC300000F0B8FB214605462046F1F7ABF938B98C
:10FC4000204600F047F84FF07E51F1F799F908B9D6
:10FC5000284638BD01F0DAFC034621221A6002482A
:10FC6000BDE8384000F024BBA45D010800F0E6BC0C
:10FC7000174A20F0004393421ADD00B5B3F1FF4F5D
:10FC800083B005DB0146F0F7B5FE03B05DF804FB79
:10FC9000694600F099F900F00302012A01990098E1
:10FCA00009D0022A0FD05AB1012200F005FBECE77F
:10FCB000002100F0C3B800F0FFFA00F10040E4E7D3
:10FCC00000F0BCF8E1E700F0B9F800F10040DCE733
:10FCD000D80F493F20F00040704700BF1A4A20F07B
:10FCE000004393421BDD00B5B3F1FF4F83B005DB4A
:10FCF0000146F0F77FFE03B05DF804FB694600F0B3
:10FD000063F900F00300012801990CD0022813D0F8
:10FD100068B1009800F092F800F10040EBE7002194
:10FD2000002200F0C9BA009800F088F8E3E70098D4
:10FD3000012200F0C1FADEE70098012200F0BCFACF
:10FD400000F10040D7E700BFD80F493F20F0004244
:10FD5000B2F1FF4F2DE9F041044654D2002A50D0B1
:10FD60000028034657DB14F0FF4F4FEAE05009D15B
:10FD700014F400025BD15B001C02114602F1010287
:10FD8000F9D5401AC3F3160242F40002C307A0F1EA
:10FD90007F0558BF520000246D1052004FF0190E1D
:10FDA00021464FF0807C01EB0C039342DDBF03EB57
:10FDB0000C016444D31A1346BEF1010E4FEA43020C
:10FDC0004FEA5C0CEFD1BBB11A4E1B4F306839685B
:10FDD000D6F80080F0F70EFE01464046F1F7BCF879
:10FDE00050B1306839683668F0F706FE0146304693
:10FDF000F1F7A8F8B8B10234601000F17C5000EBC4
:10FE0000C550BDE8F0810146F0F7FEFE2146F0F74F
:10FE1000F3FDBDE8F0810146F0F7ECFD0146F0F797
:10FE2000A7FFBDE8F081013424F00104E4E74FF0BE
:10FE3000FF31A6E790020020940200202DE9F8434C
:10FE400020F00045B5F1485F064688464ADAF1F7EA
:10FE5000B7F8002800F09F8031463046F0F7D4FE16
:10FE60004F490446F0F7D0FE4E49F0F7C5FD214654
:10FE7000F0F7CAFE4C49F0F7BDFD2146F0F7C4FE8D
:10FE80004A49F0F7B9FD2146F0F7BEFE4849F0F7C0
:10FE9000B1FD2146F0F7B8FE4649F0F7ADFD214629
:10FEA000F0F7B2FE07464FF07C512046F0F7ACFE6B
:10FEB0003946034620461C46F0F7A6FE4146054655
:10FEC0003046F0F7A1FE01462846F0F793FD0146C3
:10FED0002046F0F78FFD01464FF07E50F0F78AFD87
:10FEE000BDE8F8830146F0F78FFE2D490446F0F790
:10FEF0008BFE2C49F0F780FD2146F0F785FE2A495C
:10FF0000F0F778FD2146F0F77FFE2849F0F774FD01
:10FF10002146F0F779FE2649F0F76CFD2146F0F70F
:10FF200073FE2449F0F768FD2146F0F76DFE224B81
:10FF30009D420746B7DD214B9D4228DC05F17F45F8
:10FF40004FF07E502946F0F755FD81464FF07C5129
:10FF50002046F0F759FE2946F0F74CFD3946034696
:10FF600020461C46F0F750FE414605463046F0F765
:10FF70004BFE01462846F0F73DFD01462046F0F7CE
:10FF800039FD01464846F0F735FDBDE8F883DFF856
:10FF900030900C4DDAE74FF07E50BDE8F88300BF9B
:10FFA0004ED747ADF6740F317CF29334010DD03744
:10FFB000610BB63AABAA2A3D9999993E0000483F99
:10FFC0000000383F0000903E2DE9F04FAB4A20F092
:10FFD0000044944289B00D466CDDA94A944207461C
:10FFE0001CDC0028A74940F31E81F0F703FDA64B57
:10FFF00024F00F049C4206466BD0A449F0F7FAFCAB
:020000040801F1
:10000000014628603046F0F7F5FCA049F0F7F2FC15
:1000100001266860304609B0BDE8F08F9C4A9442E2
:100020006CDDB4F1FF4F4DDAE615863EA4EBC65405
:100030002046F0F7C5FFF0F793FD014620460591F5
:10004000F0F7D8FC4FF08741F0F7DEFD8046F0F77F
:10005000B7FFF0F785FD0446214640460694F0F7C9
:10006000C9FC4FF08741F0F7CFFD00210790F0F772
:100070005FFF002800F0B88000212046F0F758FF0D
:10008000002814BF01230223824A01920222009217
:100090002946324605A800F071FC002F0646B9DA61
:1000A000D5E9002302F1004203F100432A606B60AE
:1000B0004642AFE700262860002230464A6009B079
:1000C000BDE8F08F0146F0F795FC002668602860D7
:1000D000A0E77149F0F78EFC70490446F0F78AFCFE
:1000E000014628602046F0F785FC6C49F0F782FC59
:1000F00001266860304609B0BDE8F08FFFF7EAFDE1
:1001000067498046F0F780FD4FF07C51F0F774FCB2
:10011000F0F756FF0646F0F723FD5A498346F0F7FD
:1001200073FD01464046F0F765FC58498246584643
:10013000F0F76AFD1F2E81460146504620DC721EF4
:10014000584B53F8223024F0FF029A4218D0F0F7AF
:1001500051FC8046C5F8008041465046F0F74AFC05
:100160004946F0F747FC002F6860BFF653AF08F12F
:10017000004800F10040C5F800806860764249E719
:10018000F0F738FCC0F3C753C3EBD453082B8046B9
:100190004FEAE452DEDD404903925846F0F734FD61
:1001A000804601465046F0F725FC0446214650465D
:1001B000F0F720FC4146F0F71DFC384980465846D0
:1001C000F0F722FD4146F0F715FC01468146204636
:1001D000F0F710FC039AC0F3C753D21A192A8046CD
:1001E00004DC2860A246B7E703234DE72E495846B2
:1001F000F0F70AFD014680462046F0F7FBFB8246F9
:1002000051462046F0F7F6FB4146F0F7F3FB27494D
:1002100004465846F0F7F8FC2146F0F7EBFB814620
:100220000146504693E7F0F7E7FB174B24F00F0425
:100230009C4206460ED01549F0F7DEFB01462860C9
:100240003046F0F7D7FB1149F0F7D6FB4FF0FF36F9
:100250006860DFE61049F0F7CFFB10490446F0F77D
:10026000CBFB014628602046F0F7C4FB0B49F0F7B2
:10027000C3FB4FF0FF366860CCE600BFD80F493FA4
:10028000E3CB1640800FC93FD00FC93F43443537F9
:10029000800F4943285E01080044353708A3852EA6
:1002A00084F9223FA85D010800A3852E32318D24F8
:1002B000004870470000C07F2DE9F84320F000435C
:1002C000B3F1485F04460E46904603DAF0F778FE35
:1002D000002858D021462046F0F796FC05460146F6
:1002E0002046F0F791FC294981462846F0F78CFC1E
:1002F0002749F0F77FFB2946F0F786FC2549F0F700
:100300007BFB2946F0F780FC2349F0F773FB294675
:10031000F0F77AFC2149F0F76FFB0746B8F1000FC0
:1003200022D04FF07C513046F0F76EFC39468046C3
:100330004846F0F769FC01464046F0F75BFB29466A
:10034000F0F762FC3146F0F755FB15490546484683
:10035000F0F75AFC01462846F0F74EFB01462046CE
:10036000F0F748FBBDE8F88301462846F0F74CFC5F
:100370000B49F0F73FFB4946F0F746FC2146F0F702
:100380003BFBBDE8F8832046BDE8F883D3C92E2F98
:10039000342FD7321BEF3836010D50398988083C8D
:1003A000ABAA2A3E2DE9F84320F00045B5F17E5F67
:1003B000044600F0B18000F3A780B5F17C5F0646EB
:1003C0000DDAB5F1485F80F2CC808C49F0F714FB70
:1003D0004FF07E51F0F7D4FD002840F0C080204659
:1003E000FFF778FC01464FF07E50F0F703FB4FF02B
:1003F0007C51F0F709FC82490446F0F705FC81497D
:10040000F0F7FAFA2146F0F7FFFB7F49F0F7F2FA2E
:100410002146F0F7F9FB7D49F0F7EEFA2146F0F7B7
:10042000F3FB7B49F0F7E6FA2146F0F7EDFB79495B
:10043000F0F7E2FA2146F0F7E7FB774980462046DD
:10044000F0F7E2FB7549F0F7D5FA2146F0F7DCFB4F
:100450007349F0F7D1FA2146F0F7D6FB7149F0F76E
:10046000C9FA2146F0F7D0FB4FF07E51F0F7C4FAFD
:1004700081462046FFF76AFC6B4B9D42074659DCDC
:100480000146F0F7B9FA494605464046F0F770FCD8
:1004900001462846F0F7B8FB27F47F6525F00F05E5
:1004A000804629462846F0F7AFFB01462046F0F784
:1004B000A1FA294604463846F0F79EFA014620463E
:1004C000F0F756FC0146F0F797FA01465748F0F767
:1004D00091FA01464046F0F78DFA2946044628462F
:1004E000F0F78AFA01465248F0F784FA01462046AE
:1004F000F0F780FA01464E48F0F77CFA002E09DC4E
:1005000000F10040BDE8F8830146F0F773FA0146B8
:10051000F0F72EFCBDE8F8834649F0F775FB434938
:1005200005462046F0F770FB01462846F0F764FACE
:10053000BDE8F88349464046F0F71AFC3946F0F723
:1005400063FB3946F0F758FA0146F0F755FA3A4995
:10055000F0F752FA01463748F0F74CFACEE720465A
:10056000D8E70146F0F750FB25490546F0F74CFB6C
:100570002449F0F741FA2946F0F746FB2249F0F703
:1005800039FA2946F0F740FB2049F0F735FA2946B9
:10059000F0F73AFB1E49F0F72DFA2946F0F734FB45
:1005A0001C49F0F729FA2946F0F72EFB1A490646AE
:1005B0002846F0F729FB1949F0F71CFA2946F0F70D
:1005C00023FB1749F0F718FA2946F0F71DFB1549E8
:1005D000F0F710FA2946F0F717FB4FF07E51F0F7CD
:1005E0000BFA01463046F0F7C3FB2146F0F70CFB4F
:1005F0002146F0F701FABDE8F88300BFCAF249715D
:1006000008EF1138047F4F3A4611243DA80A4E3EA8
:1006100090B0A63EABAA2A3E2EC69D3D6133303F28
:100620002D57014039D119409999793F2EBD3BB3DF
:10063000DB0F493FDB0FC93F2EBD3B3370B521F0C7
:100640000045B5F1FF4F0A4603462CDC20F000467A
:10065000B6F1FF4F844626DCB1F17E5F35D08C17B2
:1006600004F0020444EAD07416B33DB3B5F1FF4F71
:1006700033D0B6F1FF4F21D0761BB6F1F45F4FEACD
:10068000E65028DA002933DA3C3031DA0020012C38
:100690003FD0022C35D02CB12449F0F7ADF92449D4
:1006A000F0F7A8F970BD19461046F0F7A5F970BD2E
:1006B000022C08D0032CF5D11E4870BDBCF1000FF0
:1006C00007DB1D4870BD1A4870BDBDE8704000F0E2
:1006D0003DB81A4870BD1848D9E7B6F1FF4F04F18C
:1006E000FF3419D0022C1DD8154B53F8240070BDCF
:1006F00011461846F0F73CFBFFF7ECFA00F026F83D
:10070000C5E70A49F0F778F901460948F0F772F9A8
:1007100070BD00F1004070BD022C05D8094B53F8A4
:10072000240070BD002070BD074870BD2EBDBB33D6
:10073000DB0F4940DB0F49C0DB0FC93FDB0FC9BFEF
:100740004C61010840610108DB0F493F2DE9F04190
:1007500020F00045B5F1A14F0446074607DBB5F18F
:10076000FF4F71DC00287FDD7048BDE8F081704BE1
:100770009D427CDCB5F1445F6BDB4FF0FF382146D6
:100780002046F0F741FA01460646F0F73DFA69497E
:100790000546F0F739FA6849F0F72EF92946F0F7DF
:1007A00033FA6649F0F728F92946F0F72DFA64493B
:1007B000F0F722F92946F0F727FA6249F0F71CF919
:1007C0002946F0F721FA6049F0F716F93146F0F7BB
:1007D0001BFA5E4906462846F0F716FA5C49F0F720
:1007E00009F92946F0F710FA5A49F0F703F92946B2
:1007F000F0F70AFA5849F0F7FDF82946F0F704FA3D
:100800005649F0F7F7F82946F0F7FEF9B8F1FF3F3F
:10081000014630464AD0F0F7EFF82146F0F7F4F9F8
:100820004F4B53F82810F0F7E5F82146F0F7E2F8BF
:100830004C4B014653F82800F0F7DCF8002F94DA0F
:1008400000F10040BDE8F0810146F0F7D5F8BDE8C1
:10085000F0814549F0F7D0F84FF07E51F0F790FB6A
:1008600000288AD0204680E74048BDE8F081FFF7A5
:1008700031FA3F4B9D42044623DCA3F5D0039D4251
:1008800041DC0146F0F7B8F84FF07E51F0F7B2F8CE
:100890004FF0804105462046F0F7AEF80146284665
:1008A000F0F766FA4FF00008044668E7F0F7A4F89E
:1008B0002146F0F7A9F901462046F0F79BF8BDE87C
:1008C000F0812C4B9D4216DC4FF07F51F0F792F8EF
:1008D0004FF07F51034620461C46F0F795F94FF044
:1008E0007E51F0F789F801462046F0F741FA4FF0C3
:1008F0000208044643E721461F48F0F739FA4FF053
:10090000030804463BE74FF07E51F0F773F84FF0D1
:100910007E5105462046F0F76FF801462846F0F76D
:1009200027FA4FF00108044629E700BFDB0FC93F53
:10093000FFFFDF3ED769853C59DA4B3D356B883D7B
:100940006E2EBA3D2549123EABAAAA3E21A215BD84
:100950006BF16E3D95879D3D388EE33DCDCC4C3E91
:100960006861010858610108CAF24971DB0FC9BF0B
:10097000FFFF973FFFFF1B40000080BF2DE9F04FB6
:10098000DDB01C4606930991A64B66990B9253F86D
:1009900021300393111D04F1FF3305460193C0F28A
:1009A000EC82D31E48BF131DDB1005930133DB001F
:1009B0000A93DDE90A239B1A0493059A019BD61A30
:1009C000039A12EB030818D408F10108DDF89C9192
:1009D000B044002420AF08E059F82600F0F7C0F832
:1009E0000136464547F8040B07D0002EF4DA0136ED
:1009F0002046464547F8040BF7D1039B002BC0F275
:100A00001183069B019E20AA02EB83079A000092A5
:100A1000039A291F02910DF5907802EB030901EB6F
:100A20008305019B002BB8BF002410DBDDF808A074
:100A3000BB4600245BF8041D5AF8040FF0F7E4F8F5
:100A400001462046EFF7D8FFAA450446F2D1013609
:100A50004E4548F8044B07F10407E2D1029B009D84
:100A6000039A1D440CAB03EB8203043B07930CABCE
:100A700003EB8203089390465CAB03EB8803B8F169
:100A8000000F53F850AC4FEA880921DD48AF07EB5F
:100A900088040CAE4FF06E515046F0F7B5F8F0F701
:100AA0008FFAF0F75DF84FF087418346F0F7ACF826
:100AB00001465046EFF79EFFF0F782FA54F8041D06
:100AC00046F8040B5846EFF797FFBC428246E1D147
:100AD000049E5046314600F003FB4FF07851044627
:100AE000F0F792F800F0BAFA4FF08241F0F78CF884
:100AF00001462046EFF77EFF0446F0F761FA824692
:100B0000F0F72EF801462046EFF774FF002E04465A
:100B1000314640F3898008F1FF360CAAC1F1080381
:100B200052F8262042FA03F000FA03F3D21AC1F178
:100B300007010CAB42FA01F7002F43F8262082444C
:100B40007CDC00212046F0F7F3F9002800F0D38088
:100B5000039B08F1FF34A34208F1804010DC0CAB8A
:100B6000DDF820C04FEA880603EB8803002253F823
:100B7000041D634542EA0102F9D1002A40F01181C7
:100B8000039B0CAA013B52F82330002B40F0058157
:100B9000079B012653F8042D0136002AFAD008EBF2
:100BA0000603009308F10107059A02EB0709069A6C
:100BB0006FF0404399441344679A434402EB890918
:100BC00020AA02EB830848AB03EB800A59F8040F14
:100BD000EFF7C6FF019B48F8040F002B19DBDDF887
:100BE00008B04446002601E054F8040D5BF8041FE9
:100BF000F0F70AF801463046EFF7FEFEAB45064631
:100C0000F2D1009B4AF8046F01379F42DEDD98461F
:100C100032E7009B013700269F424AF8046FD5DD7A
:100C2000F5E700BFA461010840F09F8008F1FF33A1
:100C30000CAA52F82370FF11002F82DDB8F1000FCB
:100C40000AF1010A40F39E810C9E002E40F085803F
:100C5000B8F1010F20D00CAB012253F8046F002E25
:100C60007ED0531C0CA9C6F58076984541F82260C9
:100C700011DD09F130020DEB02010CAA0CA852F8AB
:100C8000232000EB830300E01A68C2F1FF0243F85F
:100C9000042B8B42F8D10126049B002B0EDD012B87
:100CA00000F06081022B09D108F1FF320CAB0CA9D6
:100CB00053F8223003F03F0341F82230022F7FF433
:100CC00040AF21464FF07E50EFF794FE0446002ED1
:100CD0003FF437AF04994FF07E5000F001FA01461F
:100CE0002046EFF787FE044600212046F0F720F962
:100CF00000287FF42DAFDDE90A322046991A0097CB
:100D000000F0EEF94FF087410446F0F72FF9002884
:100D100000F06481049B4FF06E5108332046049329
:100D2000EFF772FFF0F74CF9EFF71AFF4FF087413A
:100D30000546EFF769FF01462046EFF75BFEF0F747
:100D40003FF90CAB08F1010443F828002846F0F7FE
:100D500037F90CAB43F8240036E00123002281E789
:100D6000013242457FF479AF96E74FF07C51F0F7BE
:100D7000FDF8074600283FF4E4AEB8F1000F0AF191
:100D8000010AC8BF02273FF75FAF21464FF07E50F0
:100D9000EFF730FE02270446D3E608F1010700977B
:100DA00002E7049B0097A3F108020CAB049253F8EE
:100DB00024304BB9331F0CA90B4453F8041D013CDC
:100DC000083A0029F9D0049204994FF07E5000F0BF
:100DD00087F9002C0746C0F22B81631C9A00019210
:100DE0000CAA02EB830848AA02934FF06E5602EB5E
:100DF000830558F8040DEFF7B3FE3946EFF704FF0B
:100E0000314645F8040D3846EFF7FEFE0CAB984529
:100E10000746EED1019BDDF80C90CDF810A0083B01
:100E200048AA02EB03080027A346B9F1000FB8BF98
:100E3000002515DB874C8848C2460025002603E0C4
:100E4000B7420DDB54F8040F5AF8041FEFF7DCFE2D
:100E500001462846EFF7D0FD0136B1450546EFDAE9
:100E60005CAB03EB87035F4543F8A05CA8F1040883
:100E70004FEA870607F1010301D01F46D5E7669BBD
:100E8000DDF810A0022B5C4617DC002B7CDC0FD1B8
:100E9000019C34AD2C44002054F8041DEFF7ACFD48
:100EA000A542F9D1009B0BB100F10040099B1860ED
:100EB0000AF007005DB0BDE8F08F669B032BF7D109
:100EC000002C00F0C28034AF07EB060858F804BCD1
:100ED00028465946EFF790FDA9460546294658464B
:100EE000EFF788FD4946EFF787FDC8F8000048F89E
:100EF000045D4745EAD1012C40F3A78006F5B8739D
:100F00006B44BD1953F8A04C0DF1D40855F804BC3E
:100F100020465946EFF770FDA14604462146584643
:100F2000EFF768FD4946EFF767FD286045F8044D87
:100F3000A845EBD1341D3C440020083754F8041D6B
:100F4000EFF75AFDA742F9D1009B002B4ED109992A
:100F5000349A359B88600AF007000A604B605DB0E8
:100F6000BDE8F08F08F1FF320CAB0CA953F822302A
:100F700003F07F0341F82230A0E608230A93002300
:100F8000059316E5002687E6029B34AD05EB830644
:100F9000002056F8041DEFF72FFDB542F9D1009B54
:100FA000002B34D1099B014618603498EFF722FDDD
:100FB000002C0CDD34AE012556F8041F0135EFF787
:100FC0001BFDAC42F8DA009B0BB100F10040099B1D
:100FD00058600AF007005DB0BDE8F08F2046EFF7DB
:100FE000EFFF0CAB444643F82800EDE6DDE934237F
:100FF000099900F1004002F1004203F100438860CA
:101000000AF007000A604B605DB0BDE8F08F099AF6
:1010100000F10043014613603498EFF7EBFC002C1D
:10102000C8DCD2E72B1F0293069B9B00009315E5BB
:10103000669B022B05DC002B09DC7FF439AF002016
:1010400030E7669B032B7FF433AF00207CE7002062
:10105000A5E700BF786101080000C93F2DE9F04114
:10106000C0F3C7557F3D162D044620F0004725DC10
:10107000002D804614DB174F2F4138421BD01649F4
:10108000EFF7BAFC0021EFF77BFFA0B1002C03DAE9
:101090004FF400032B41984428EA0700BDE8F08193
:1010A0000D49EFF7A9FC0021EFF76AFF18B1002CFA
:1010B0000CDB002000E02046BDE8F081B7F1FF4FD7
:1010C000F9D30146EFF798FCBDE8F081002FF2D08C
:1010D0000248F1E7FFFF7F00CAF24971000080BFBC
:1010E00010B50C4630F0004103461DD0B1F1FF4F62
:1010F0001BD210F0FF4F02461BD14FF09841EFF783
:1011000083FD204A944203462CDBC0F3C7510246BC
:101110004CF250308442A1F1190110DD1A491846F1
:1011200061F31E00EFF770FD10BD0146EFF764FCA0
:1011300010BD4CF2503084424FEAD151EEDC2144D4
:10114000FE29EBDC002911DC11F1160F13DB01F194
:10115000190022F0FF424FF04C5142EAC050EFF725
:1011600053FD10BD0949EFF74FFD10BD22F0FF42BE
:1011700042EAC15010BD0549184661F31E00EFF761
:1011800043FD10BDB03CFFFFCAF249716042A20DA1
:10119000024B0344587800F003007047B061010827
:1011A00070B50D4D0D4C641BA4100026A64209D14C
:1011B0000B4D0C4C01F0A8FA641BA4100026A642AB
:1011C00005D170BD55F8043B98470136EEE755F858
:1011D000043B98470136F2E79863010898630108D9
:1011E00098630108A0630108034611F8012B03F876
:1011F000012B002AF9D1704710B502461478134626
:101200000132002CFAD1013B11F8012B03F8012F18
:10121000002AF9D110BDC9B20346184613F8012BB4
:1012200012B18A42F9D17047002918BF00207047D7
:10123000034B1B5C03F00303022B08BF20387047ED
:10124000B16101080A44914200F1FF3300D17047B7
:1012500010B511F8014B03F8014F9142F9D110BDBF
:1012600010B56AB10139841810F8012B11F8013F4B
:101270009A4203D1A04201D0002AF5D1D01A10BD64
:101280001046FCE710B50139034632B111F8014FA1
:1012900003F8014B013A002CF7D11A440021934284
:1012A00000D110BD03F8011BF9E70000002310B5C1
:1012B0000446C0E90033C0E904338360818143669A
:1012C000C2818361194608225C3000F0DDF9054BCC
:1012D0006362054BA362054BE362054B2462236303
:1012E00010BD00BFD1130108F31301082B1401082E
:1012F0004F140108024A0349034800F08DB900BFAA
:1013000098020020D1180108A402002041680C4B6B
:10131000994210B5044601D000F0DAFAA168094BF1
:10132000994202D0204600F0D3FAE168064B994278
:1013300004D02046BDE8104000F0CABA10BD00BF7E
:1013400090430020F84300206044002010B50B4B70
:101350000B4C0C4A1A60204600220421FFF7A6FF1E
:1013600004F1680001220921FFF7A0FF04F1D00079
:101370000222BDE810401221FFF798BFC8440020A8
:1013800090430020F5120108014800F00DBA00BF9B
:10139000CD440020014800F008BA00BFCD44002031
:1013A00010B50446FFF7F0FF236A1BB1BDE81040FB
:1013B000FFF7F0BF044B2362044B1B68002BF5D1F1
:1013C000FFF7C4FFF2E700BF0D130108C844002077
:1013D00010B50C46B1F90E1000F070FB0028ABBF41
:1013E000636DA3891B1823F48053ACBF6365A3818D
:1013F00010BD2DE9F0411F468B89DB0505460C46E3
:10140000164605D5B1F90E100223002200F044FB68
:10141000A389B4F90E1023F48053A38132463B46CE
:101420002846BDE8F04100F0DFB810B50C46B1F930
:101430000E1000F031FB431CA38915BF606523F437
:10144000805343F48053A38118BFA38110BDB1F929
:101450000E1000F0ABB90A22002100F09BB9000089
:1014600038B50B4B1D686B6B044653B9242000F054
:1014700057FA0246686320B9064B07483D2100F041
:10148000EDFA696B2046BDE8384000F007B800BFB0
:10149000F0020020B1620108C86201082DE9F041A4
:1014A0004D4A0C460023D0E90001EFF7CFFD002A9A
:1014B000BCBF02F5A83202F5C0724FF4616100F5BD
:1014C0002F20B2FBF1F301FB13224FF03C01ACBF24
:1014D00000F66C2000F66B20A360B2FBF1F301FB79
:1014E000132263602260C31C072293FBF2F2C2EB5B
:1014F000C2029B1A48BF07330028A361B8BFA0F5FA
:101500000E333649AEBF90FBF1F1A3F52C7393FB7C
:10151000F1F1334B03FB010048F6AC63B0FBF3F38E
:10152000034440F2B45CB0FBFCF29B1A40F26D172E
:101530002C4AB0FBF2F264269B1AB3FBF7F2B3FB22
:10154000FCF3B2FBF6F5EB1A034407FB12339920C8
:1015500003EB8307023703F1010EB7FBF0FC00FB3E
:101560000CF002304FF00508B0FBF8F0AEEB0000D5
:1015700040F2F95E774594BF02276FF00907674490
:101580004FF4C87C0CFB0121012F98BF0131B3F54A
:10159000997F0CD3A3F59973E361A1F26C710023D9
:1015A000E060C4E9047123622046BDE8F08112F0D6
:1015B000030F02D106FB15255DB94FF4C875B2FBC8
:1015C000F5F605FB1622B2FA82F252093B331344B8
:1015D000E2E70122FAE700BF80510100B13A0200C0
:1015E0004FC5FDFFB03A020038B5074D0446084626
:1015F000114600222A601A46FCF777FF431C02D1ED
:101600002B6803B1236038BDD0440020014B18681B
:10161000704700BFF00200202DE9F84307468846D6
:1016200014460026D4E90195B9F1010905D52468CD
:10163000002CF7D13046BDE8F883AB89012B07D9E0
:10164000B5F90E30013303D029463846C04706436A
:101650006835E9E7884210B501EB020402D98442FB
:10166000234607D8431EA14208D011F8012B03F8E6
:10167000012FF8E7024401468A4200D110BD13F859
:10168000014D02F8014DF7E702440346934200D1B1
:10169000704703F8011BF9E7012B2DE9F047864657
:1016A000904601D0242B06D9FFF7B0FF1623036024
:1016B0000020BDE8F08736480D462A4615F8014B54
:1016C000065D16F00806F8D12D2C2ED12C780126B7
:1016D000951C002B57D0102B09D1302C07D12A781C
:1016E00002F0DF02582A49D16C781023023506F146
:1016F000004C0CF1FF3C0022BCFBF3F9104603FB4D
:1017000019CAA4F13007092F14D83C46A34220DDA2
:10171000571C07D0814519D301D1A24516DB00FB28
:101720000340012215F8014BEBE72B2C04BF2C786A
:10173000951CCEE7A4F14107192F01D8373CE5E706
:10174000A4F16107192F04D8573CDFE74FF0FF32AF
:10175000E8E7531C08D12223CEF800306046B8F1E8
:10176000000FA6D0691E06E006B14042B8F1000F96
:101770009FD0002AF6D1C8F800109AE73024002B39
:10178000B5D10823B3E7302CA9D00A23AFE700BFB7
:10179000B161010813460A46014602480068FFF796
:1017A0007BBF00BFF00200207047704738B5064D80
:1017B0000023044608462B60FCF7A5FE431C02D11B
:1017C0002B6803B1236038BDD04400208A89F8B566
:1017D000054610070C4657D44B68002B04DC0B6CF5
:1017E000002B01DC0020F8BDE66A002EFAD00023B1
:1017F00012F480522F68216A2B6032D0606DA38969
:101800005A0705D56368C01A636B0BB1236CC01A05
:1018100000230246E66A216A2846B047431CA38992
:1018200006D129681D292BD8284A0A41D60727D472
:1018300000226260D9042269226004D5421C01D1D1
:101840002B6803B96065616B2F600029CAD004F171
:101850004403994202D0284600F070F900206063EA
:10186000C1E701232846B047411CC8D12B68002B93
:10187000C5D01D2B01D0162B01D12F60B2E7A38953
:1018800043F04003A381AEE70F69002FAAD093076E
:101890000E6808BF4B690F6018BF0023F61B8B60F2
:1018A000002E9FDD216AD4F828C033463A462846E8
:1018B000E047002806DCA38943F04003A3814FF0F2
:1018C000FF3090E70744361AEAE700BFFEFFBFDFAC
:1018D00038B50B6905460C4613B90025284638BDB6
:1018E00018B1036A0BB9FFF75BFDB4F90C30002B9C
:1018F000F3D0626ED00704D4990502D4A06DFFF72F
:1019000053FF28462146FFF761FF636EDA0705465D
:10191000E4D4A3899B05E1D4A06DFFF746FFDDE782
:10192000024B0146186800F023B800BFF002002007
:1019300070B50E4E0C463168054611B900F0EEF850
:1019400030602146284600F0E9F8431C0AD0C41C48
:1019500024F00304A04207D0211A284600F0DEF844
:10196000013001D14FF0FF34204670BDD844002033
:101970002DE9F041CD1C25F0030508350C2D38BFAD
:101980000C25002D074601DBA94205D90C233B603D
:1019900000263046BDE8F0812F4E00F0B3F83368E2
:1019A0001C4644BB29463846FFF7C2FF431C044689
:1019B0004FD134682646002E42D1002C43D02368F4
:1019C0003146384604EB030800F0A8F880453AD1C8
:1019D00023680335ED1A25F0030508350C2D38BFB3
:1019E0000C2529463846FFF7A3FF01302BD023688A
:1019F0002B4423600EE02268521B1ED40B2A16D9FA
:101A00006119A342256018BF5960636808BF31603F
:101A100062514B60384604F10B0600F079F826F06D
:101A20000706231DF21AB4D09B1BA350B1E76268CE
:101A3000A3420CBF32605A60ECE723466468B0E70B
:101A400034467668B7E70C233B60384600F060F810
:101A50009FE72560DEE700BFD44400201FB5144691
:101A60001A46094B1B680546D8684CB1074B0091D4
:101A7000CDE9013406492B4600F032F800F010FCA5
:101A8000044B1C46F3E700BFF0020020216301086D
:101A90002E6301084329010838B5074D044608465E
:101AA000114600222A601A46FCF737FD431C02D17A
:101AB0002B6803B1236038BDD044002038B5074DF2
:101AC00004460846114600222A601A46FCF7FFFC2D
:101AD000431C02D12B6803B1236038BDD0440020E1
:101AE0000EB403B5014603AB054853F8042B006858
:101AF000019300F095F802B05DF804EB03B0704775
:101B0000F00200200148FFF74FBE00BFCC44002088
:101B10000148FFF74ABE00BFCC44002038B5064D4F
:101B20000023044608462B60FCF7FAFC431C02D154
:101B30002B6803B1236038BDD044002038B505467A
:101B4000002941D051F8043C0C1F002BB8BFE41809
:101B5000FFF7D8FF1D4A136833B963601460284645
:101B6000BDE83840FFF7D4BFA34208D92068211848
:101B70008B4201BF19685B6809182160EDE71A46BE
:101B80005B680BB1A342FAD911685018A0420BD17F
:101B900020680144501883421160E0D118685B68E6
:101BA000536008441060DAE702D90C232B60D6E7B3
:101BB000206821188B4204BF19685B68636004BF0A
:101BC000091821605460CAE738BD00BFD444002022
:101BD0009368013B002B10B4936007DA9469A34229
:101BE00001DB0A2902D110BC00F034B91368581C7B
:101BF00010601970084610BC7047F8B506460F46CD
:101C00001446D518AC4201D1002007E014F8011B9E
:101C10003A463046FFF7DCFF431CF3D1F8BD000025
:101C20002DE9F04F0D469DB014469846064618B172
:101C3000036A0BB9FFF7B4FB6B6ED90705D4AB8908
:101C40009A0502D4A86DFFF7AFFDAB891B0701D53C
:101C50002B699BB92946304600F03AF970B16B6E9A
:101C6000DC0704D54FF0FF301DB0BDE8F08FAB8925
:101C70009805F7D4A86DFFF798FDF3E700230993C3
:101C800020238DF82930CDF80C803023DFF8B08187
:101C90008DF82A304FF0010923469A4613F8012B9C
:101CA0000AB1252AF9D1BAEB040B0BD05B462246C8
:101CB00029463046FFF7A1FF013000F0A980099ABC
:101CC0005A4409929AF80030002B00F0A1800023BA
:101CD0004FF0FF32CDE905230AF1010A049307937F
:101CE0008DF853301A935446052214F8011B5448BA
:101CF000EEF73EFA049AD8B9D10644BF20238DF8F6
:101D00005330130744BF2B238DF853309AF800301B
:101D10002A2B15D0079A544600204FF00A0C214672
:101D200011F8013B303B092B4DD9B0B1079214E0BB
:101D3000A0EB080309FA03F313430493A246D2E786
:101D4000039B191D1B680391002BBBBF5B4242F034
:101D5000020207930793B8BF049223782E2B0CD16D
:101D600063782A2B34D1039B1A1D1B680392002B26
:101D7000B8BF4FF0FF3302340593DFF8C8A02178D5
:101D800003225046EEF7F4F938B1049BA0EB0A00A9
:101D90004022824013430134049314F8011B2A4863
:101DA0008DF828100622EEF7E3F900283FD0274BE4
:101DB0001BBB039B073323F0070308330393099BE3
:101DC0003B44099368E70CFB02320C460120A6E76E
:101DD00000230134059319464FF00A0C204610F8F1
:101DE000012B303A092A03D9002BC6D00591C4E74C
:101DF0000CFB012104460123F0E703AB00932A46C4
:101E0000134B04A93046AFF300800746781CD6D1A7
:101E10006B6ED90705D4AB899A0502D4A86DFFF77C
:101E2000C4FCAB895B063FF51DAF09981CE703AB0B
:101E300000932A46064B04A9304600F00FF9E4E768
:101E40005D63010863630108676301080000000027
:101E5000FB1B0108F8B50E461446054618B1036A87
:101E60000BB9FFF79DFAA369A360A3891A0725D5CB
:101E700023691BB323682269981A6369F6B2834207
:101E8000374604DC21462846FFF722FDE0B9A36867
:101E9000013BA36023685A1C22601E706269431CC8
:101EA0009A4204D0A389DB0706D50A2E04D1214625
:101EB0002846FFF70DFD38B93846F8BD21462846BB
:101EC00000F006F80028D5D04FF0FF37F4E7000007
:101ED00038B52A4B054618680C4618B1036A0BB989
:101EE000FFF75EFAA389B4F90C20180722D4D906AB
:101EF00007D409232B6042F04003A3814FF0FF3049
:101F000034E0580712D5616B41B104F144039942A2
:101F100002D02846FFF712FE00236363A38923F053
:101F20002403A3810023636023692360A38943F012
:101F30000803A38123694BB9A38903F42073B3F584
:101F4000007F03D02146284600F0D7F9A089B4F9D4
:101F50000C2010F001030AD00023A36063695B42E8
:101F6000A361236943B910F08000C4D138BD810753
:101F700058BF6369A360F4E70020F7E7F002002090
:101F80002DE9F047164699468A680B69DDF82080EE
:101F90009342B8BF1346336091F8432007460C467E
:101FA0000AB1013333602368990642BF33680233B4
:101FB0003360256815F0060506D104F1190AE368B7
:101FC00032689B1AAB4226DC94F84320131E226829
:101FD00018BF012392062BD404F143024946384628
:101FE000C04701301ED02368226903F00603042B8A
:101FF00002BFE5683368ED1AA3680CBF25EAE575F2
:1020000000259342C4BF9B1AED1800261A34B5422E
:102010001AD1002008E00123524649463846C047FD
:10202000013003D14FF0FF30BDE8F0870135C6E73E
:10203000E1185A1C302081F84300224494F84510DE
:1020400082F843100233C7E7012322464946384647
:10205000C0470130E6D00136D9E700002DE9FF473F
:102060000F7E0C9D782F914680460C469A4601F1D2
:10207000430207D8622F0AD8002F00F0D480582FCF
:1020800000F0C08004F1420584F842703AE0A7F104
:102090006303152BF6D801A151F823F0F5200108B0
:1020A00009210108852001088520010885200108F3
:1020B00085200108092101088520010885200108E3
:1020C00085200108852001080D220108352101081D
:1020D000C721010885200108852001082F22010859
:1020E0008520010835210108852001088520010887
:1020F000CF2101082B681A1D1B682A6004F14205D4
:1021000084F8423001239FE020682B68070603F122
:102110000401296001D51E6803E04606FBD5B3F92A
:102120000060002E03DA2D23764284F843305A48AB
:102130000A2312E02B682068191D2960050601D5C5
:102140001E6802E04106FBD51E8853486F2F0CBF66
:1021500008230A23002184F843106568A560002D38
:10216000A2BF216821F0040121600EB9002D4BD0DF
:102170001546B6FBF3F103FB1167C75D05F8017D5A
:102180003746BB420E46F4D9082B0BD12368DE0735
:1021900008D5236961689942DEBF302305F8013C08
:1021A00005F1FF35521B2261CDF800A04B4603AA72
:1021B00021464046FFF7E4FE01304AD14FF0FF30A0
:1021C00004B0BDE8F087236843F020032360334860
:1021D000782784F84570236829681F0651F8046B36
:1021E00002D45F0648BFB6B2DF0748BF43F0200302
:1021F000296048BF23601EB9236823F020032360B1
:102200001023A7E72448E4E71546BDE72B682668B6
:102210006169181D286035061B6801D5196002E048
:102220007006FBD51980002323611546BCE72B6897
:102230001A1D2A601D68626800212846EDF798FF84
:1022400008B1401B606063682361002384F8433059
:10225000AAE723692A4649464046D0470130ADD017
:1022600023689B0713D4E068039B9842B8BF1846C5
:10227000A6E70123324649464046D04701309DD06B
:102280000135E36803995B1AAB42F2DCEBE700250A
:1022900004F11906F5E700BF6E6301087F630108CA
:1022A00008B5062000F08EF80120FCF70AF970B599
:1022B0000C46B1F90E10002996B015461E460DDAEF
:1022C000A38913F0800F4FF000010CBF4FF480631F
:1022D0004023002031602B6016B070BD6A4600F0CC
:1022E00079F80028ECDB019901F47041A1F5005365
:1022F000594259414FF48063EBE78B8973B59D07D1
:1023000006460C4607D504F14703236023610123E9
:10231000636102B070BD01AB6A46FFF7C8FF009968
:1023200005463046FFF724FB48B9B4F90C309A054E
:10233000EFD423F0030343F00203A381E3E7A3896F
:10234000206043F08003A381009B6361019B2061B7
:102350005BB1B4F90E10304600F04EF828B1A389F5
:1023600023F0030343F00103A381A3891D43A58147
:10237000CFE71F2938B504460D4604D9162303605C
:102380004FF0FF3038BDC26B12B152F821304BB95B
:10239000204600F053F82A4601462046BDE8384062
:1023A00000F03AB8012B0AD0591C03D11623036060
:1023B0000120E7E7002442F82540284698470020FE
:1023C000E0E70000024B01461868FFF7D2BF00BFEC
:1023D000F002002038B5074D002304460846114698
:1023E0002B60FCF793F8431C02D12B6803B12360E8
:1023F00038BD00BFD044002038B5064D0023044648
:1024000008462B60FCF787F8431C02D12B6803B108
:10241000236038BDD044002038B5074D0023044662
:10242000084611462B60FCF744F8431C02D12B6888
:1024300003B1236038BD00BFD0440020FCF737B89B
:102440002DE9F047089E0D4604460F46002B4AD161
:102450008A42944665D9B2FA82F343B102FA03FC88
:10246000C3F120029F4020FA02F217439C404FEA3A
:102470001C4E1FFA8CF5B7FBFEF1220C0EFB1177F8
:1024800042EA074201FB05F090420AD91CEB020226
:1024900001F1FF3780F01B81904240F21881023930
:1024A0006244121AA4B2B2FBFEF00EFB102244EA00
:1024B000024400FB05F5A5420AD91CEB040400F117
:1024C000FF3280F00681A54240F203816444023865
:1024D00040EA0140641B00211EB1DC400023C6E934
:1024E0000043BDE8F0878B4208D9002E00F0EC8055
:1024F0000021C6E900050846BDE8F087B3FA83F17C
:10250000002949D1AB4202D3824200F2F780841AFB
:1025100065EB030201201746002EE2D0C6E9004712
:10252000DFE702B9FFDEB2FA82F3002B40F08F80C2
:102530008A1A4FEA1C471FFA8CFE0121B2FBF7F5FD
:1025400007FB1520220C42EA00420EFB05F09042E8
:1025500008D91CEB020205F1FF3802D2904200F2CA
:10256000CA804546121AA4B2B2FBF7F007FB10224C
:1025700044EA02440EFB00FEA64508D91CEB040405
:1025800000F1FF3202D2A64500F2BA801046A4EB59
:102590000E0440EA05409FE7C1F120078B4022FA74
:1025A00007FC4CEA030C05FA01F420FA07F3FD409E
:1025B000234300FA01F94FEA1C401FFA8CFEB5FBD9
:1025C000F0F81C0C00FB185544EA054408FB0EF516
:1025D000A54202FA01F20BD91CEB040408F1FF3A00
:1025E00080F08780A54240F28480A8F1020864440C
:1025F000641B9DB2B4FBF0F300FB134445EA0444B2
:1026000003FB0EFEA64508D91CEB040403F1FF30C2
:102610006BD2A64569D9023B644443EA0840A0FB5B
:102620000283A4EB0E049C42C6461D4655D352D0ED
:1026300056B1B9EB0E0364EB050404FA07F7CB407F
:10264000CC401F43C6E900740021BDE8F087C3F108
:10265000200102FA03FC20FA01F225FA01F19D4063
:102660002A434FEA1C471FFA8CFEB1FBF7F007FB29
:102670001015110C41EA054100FB0EF58D4204FADC
:1026800003F408D91CEB010100F1FF382FD28D4271
:102690002DD902386144491B92B2B1FBF7F507FB13
:1026A000151142EA014205FB0EF1914208D91CEBDB
:1026B000020205F1FF3816D2914214D9023D62445C
:1026C000521A45EA004139E73146304609E73946B2
:1026D000E7E61046FCE6C145AAD2B8EB020E63EB72
:1026E0000C050138A4E74546EAE7034695E740466E
:1026F000D1E7D0467CE7023D624433E708460BE76A
:102700006444023843E700BFF8B500BFF8BC08BC1A
:102710009E467047F8B500BFF8BC08BC9E4670479F
:1027200018120C18010101191901191901060601E5
:102730000606010303010303010202010202011262
:102740000C01120C00080008005001500250035008
:102750000450055006500750085009500A500B50BD
:102760000C500D50F150F25001F1055000000000E6
:1027700001000000020000006D696E2C00206D5702
:102780002C002E00011F136F01130503020B05021D
:1027900000D57FAAFE2B815429FC5683D702A87D41
:1027A00052872DF8AC79D3067BAE04D18550FA2F31
:1027B000A471DB0E5A8F25F08D58F22773A60CD921
:1027C000F623895C08DD77A2DF0AA07521F45E8B11
:1027D0009D48E23763B61CC9B461CB1E4A9F35E001
:1027E000CF1AB06531E44E9BE633994C18CD67B2F1
:1027F00039EC4693C712B86D10C56FBAEE3B9144E1
:102800006BBE14C19540EA3F42973DE8BC69C316D0
:10281000EF3A904511C46EBBC613B96C38ED4792C0
:10282000BD68C21743963CE99441EB3E6ABF15C0B0
:102830004B9E34E1B560CA1F62B71DC89C49E336A0
:1028400019CC66B3E732984D30E54F9ACE1BB16490
:1028500072A70DD88C59F3265B8E24F1A570DA0F80
:1028600020F55F8ADE0BA17409DC76A3F722885D70
:10287000D603A97C28FD5782FF2A805501D47EAB60
:102880008451FB2E7AAF05D0AD78D20753862CF950
:102890006162636465666768696A6B6C6D6E6F70B0
:1028A0007172737475767778797A30313233343562
:1028B000363738395F232D2E006900747700727720
:1028C000000000000000000000000000FB1A0008EB
:1028D0000000000000000000071B000800000000CE
:1028E00000000000E31A00080001020405030102D1
:1028F000206279746573206C6F7374210A006D6CAB
:1029000072732E3000536574757053746172745312
:1029100074783454780053657475705374617274AC
:102920004D61726B65720021656E642100206B48F9
:102930007A006D4C525301020304006D4C52530453
:1029400003020100206972713D7800206C733D0024
:1029500020727831733D0020727832733D00656ECD
:1029600061626C65642C616E74656E6E61312C61A0
:102970006E74656E6E61322C723A656E2E20743AFA
:10298000616E74312C723A656E2E20743A616E74E9
:1029900032007472616E73702E2C6D61766C696E8C
:1029A0006B2C6D61766C6E6B582C6D7370580032A9
:1029B0002E342047487A2C393135204D487A20462C
:1029C00043432C383638204D487A2C343333204D4D
:1029D000487A2C373020636D2048414D2C383636EC
:1029E000204D487A20494E2C393135204D487A20E7
:1029F0002B20322E342047487A2C383638204D4848
:102A00007A202B20322E342047487A00656E61628E
:102A10006C65642C616E74656E6E61312C616E74D0
:102A2000656E6E61322C72656E207461312C726538
:102A30006E2074613200353020487A2C33312048C2
:102A40007A2C313920487A2C464C52432C46534B31
:102A50002C3139487A377800322E342047487A2C86
:102A6000393135204643432C383638204D487A2CAE
:102A7000343333204D487A2C373020636D2C383670
:102A80003620494E2C3931352B322E342C383638FD
:102A90002B322E3400202F2D2D00202F65310020C9
:102AA0002F653600202F65313100202F653133002E
:102AB0000D0A00212120527820706172616D20760C
:102AC000657273696F6E20736D616C6C65722074D2
:102AD00068616E20547820706172616D2076657235
:102AE00073696F6E2E20212100212120506C6561B9
:102AF00073652075706772616465207265636569CE
:102B00007665722E202020202020202020202020CA
:102B100020202020202020202020202021210021D2
:102B20002120547820706172616D2076657273691E
:102B30006F6E20736D616C6C6572207468616E20BD
:102B4000527820706172616D2076657273696F6E64
:102B50002E20212100212120506C65617365207594
:102B6000706772616465205478206D6F64756C6560
:102B70002E20202020202020202020202020202047
:102B80002020202020202020212100436F6E666914
:102B90006749643A003F0020206D696E3A200020AA
:102BA000206D61783A2000202000203D2000202068
:102BB0005B612D7A302D39232D2E5F5D002D20286D
:102BC000756E617661696C61626C652900205B00DD
:102BD00028756E6368616E676561626C6529007750
:102BE00061726E3A207265636569766572206E6FF8
:102BF0007420636F6E6E656374656400292C002C0D
:102C000020002F003B20003B2054783A00205278CF
:102C10003A006D5700202054783A20453737204D30
:102C2000424C204B697420574C453543432C207649
:102C3000312E342E303100202052783A20002D20C1
:102C400028756E6578706563746564206572726F4F
:102C50007229006668737331202800202063683A67
:102C600020002020665F7265673A20002020663AC7
:102C700020006668737332202800202068656C701D
:102C80002C20682C203F2020202020202D3E207446
:102C90006869732068656C7020706167650020202A
:102CA00076202020202020202020202020202020CE
:102CB0002D3E207072696E742064657669636520AC
:102CC000616E642076657273696F6E002020706C8F
:102CD00020202020202020202020202020202D3EC9
:102CE000206C69737420616C6C20706172616D6519
:102CF00074657273002020706C20632020202020D7
:102D0000202020202020202D3E206C697374206319
:102D10006F6D6D6F6E20706172616D657465727339
:102D2000002020706C20747820202020202020207B
:102D30002020202D3E206C6973742054782070610F
:102D400072616D6574657273002020706C207278FA
:102D500020202020202020202020202D3E206C69B3
:102D6000737420527820706172616D65746572733E
:102D700000202070206E616D652020202020202002
:102D80002020202D3E2067657420706172616D6582
:102D90007465722076616C756500202070206E610C
:102DA0006D65203D2076616C756520202D3E207379
:102DB000657420706172616D657465722076616CF6
:102DC000756500202070206E616D65203D203F20DC
:102DD00020202020202D3E206765742070617261C4
:102DE0006D657465722076616C756520616E642016
:102DF0006C697374206F6620616C6C6F77656420FA
:102E000076616C7565730020207073746F72652035
:102E10002020202020202020202D3E2073746F723F
:102E20006520706172616D65746572730020207336
:102E30006574636F6E666967696420202020202DA9
:102E40003E2073656C65637420636F6E66696720EE
:102E5000696400202062696E6420202020202020E8
:102E600020202020202D3E2073746172742062691E
:102E70006E64696E6700202072656C6F616420204B
:102E800020202020202020202D3E2072656C6F61A4
:102E90006420616C6C20706172616D657465722074
:102EA00073657474696E6773002020737461747342
:102EB00020202020202020202020202D3E20737440
:102EC000617274732073747265616D696E672073CB
:102ED0007461746973746963730020206C6973741E
:102EE0006672657173202020202020202D3E206CEA
:102EF00069737473206672657175656E6369657355
:102F0000207573656420696E20666873732073632F
:102F100068656D6500202073797374656D626F6FED
:102F2000742020202020202D3E2063616C6C2073B3
:102F3000797374656D20626F6F746C6F6164657214
:102F4000002020656D70747920636D640020206915
:102F50006E76616C696420636D6400202073747206
:102F600065616D696E672073746174732073746F2B
:102F700070706564003E00202074696D656F757423
:102F80000068656C7000706C00706C206300706C81
:102F900020747800706C207278006572723A206933
:102FA0006E76616C696420706172616D65746572C2
:102FB000206E616D65006572723A206E6F207661D9
:102FC0006C75652073706563696669656400657218
:102FD000723A20696E76616C69642076616C756501
:102FE000007073746F7265002020547820706172D5
:102FF000616D65746572732073746F72656400200F
:1030000020706172616D65746572732073746F7284
:1030100065640062696E64002020547820656E74D7
:10302000657265642062696E64206D6F646500720C
:10303000656C6F6164002020547820706172616D4E
:1030400065746572732072656C6F616465640020DD
:1030500020706172616D65746572732072656C6F4A
:103060006164656400736574636F6E666967696443
:10307000006572723A20696E76616C696420636FD4
:103080006E666967206964206E756D6265722028BE
:10309000302D39290020206E6F206368616E6765CE
:1030A0002072657175697265640020206368616EC5
:1030B000676520436F6E666967496420746F2000FE
:1030C00020207374617274732073747265616D690A
:1030D0006E6720737461747300202073656E6420C2
:1030E000616E792063686172616374657220746FC8
:1030F0002073746F70006C6973746672657173000D
:1031000073797374656D626F6F7400453737204D46
:10311000424C204B697420574C45354343002145B0
:10312000525200414952004143524F00214653211F
:10313000004D414E55004352555A004352534800EA
:10314000414800414E474C00484F5200414E4748CD
:10315000002A00414C5448004155544F00475549FE
:1031600044004C4F49540052544C200043495243B0
:10317000004C414E440044524946005350525400C2
:10318000464C4950004154554E0050484C44004272
:1031900052414B00544852570041564F4900474E48
:1031A0004750005352544C0046484C4400464F4C44
:1031B0004C005A49475A00535953490041524F5401
:1031C000004152544C005452544C005452414E0051
:1031D000464257410046425742004352555300541D
:1031E0004B4F4600494E49540051535442005148F8
:1031F0004F5600514C4F5400514C4E4400515254C4
:103200004C005141544E005141434F0054484D4CE5
:10321000004C32514C005354455200534D504C0019
:10322000444F434B0041484C440053555246004DD7
:1032300044455400424154545F4341504143495432
:10324000590072785F737461747573206661696C7C
:10325000757265005378206E6F74206F6B00495251
:103260005120525820444F4E45204641494C004978
:10327000525120545820444F4E45204641494C005D
:1032800072785F617661696C61626C65206E6F74E3
:10329000207472756500000000000000000000004E
:1032A0009D2A0008812A0008B9330008E533000888
:1032B0000334000815300008D3200008D521000889
:1032C0000000000000000000B52000085B37000887
:1032D00061360008A135000877350008ED210008A7
:1032E0000536000809220008D13500082D22000803
:1032F0000000000000000000B5200008B720000812
:10330000B9200008BB200008BF200008C120000829
:10331000C5200008C9200008CB200008CF200008E5
:103320000000000000000000B5200008B7200008E1
:10333000B9200008BB200008BF200008C1200008F9
:10334000C5200008C9200008CB200008CF200008B5
:103350000000000000000000B520000899390008B6
:10336000B9200008BB200008BB380008C1200008B5
:10337000C5200008C9200008CB200008CF20000885
:10338000000000000000000071220008E56900084C
:103390009D6A0008416A00085053544F524500434B
:1033A0004F4E4649472049440042494E445F5048E9
:1033B000524153455F5533320052465F42414E44BD
:1033C0000052465F4F5254484F0054585F504F5779
:1033D00045520054585F4449564552534954590088
:1033E00054585F43485F534F555243450054585F0C
:1033F00043485F4F524445520054585F494E5F4D19
:103400004F44450054585F5345525F444553540060
:1034100054585F5345525F424155440054585F53DE
:103420004E445F524144494F535441540054585FF5
:103430004D41565F434F4D504F4E454E54005458EA
:103440005F504F5745525F53575F43480054585F92
:1034500042555A5A45520044594E5F504F574552B3
:103460000052585F504F5745520052585F444956DA
:103470004552534954590052585F43485F4F524494
:1034800045520052585F4F55545F4D4F44450052CE
:10349000585F4641494C534146455F4D4F444500B6
:1034A00052585F5345525F504F52540052585F5329
:1034B00045525F424155440052585F5345525F4C5C
:1034C0004E4B5F4D4F44450052585F4D41565F5340
:1034D000595354454D5F49440052585F534E445F21
:1034E000524144494F535441540052585F534E4443
:1034F0005F52434348414E4E454C0052585F4F5532
:10350000545F525353495F43480052585F4F5554DC
:103510005F4C515F43480052585F504F5745525FD0
:1035200053575F43480052585F46535F434831004A
:1035300052585F46535F4348320052585F46535FCC
:103540004348330052585F46535F43483400525853
:103550005F46535F4348350052585F46535F4348C8
:10356000360052585F46535F4348370052585F4613
:10357000535F4348380052585F46535F4348390011
:1035800052585F46535F434831300052585F4653AC
:103590005F434831310052585F46535F43483132F0
:1035A0000052585F46535F434831330052585F46DC
:1035B000535F434831340052585F46535F434831AC
:1035C000350052585F46535F4348313600414E47FD
:1035D0004C4500484F52495A4F4E004E41562041EB
:1035E0004C54484F4C440048454144494E472048BC
:1035F0004F4C4400484541444652454500484541EA
:103600004441444A0043414D53544142004E4156C7
:1036100020525448004E415620504F53484F4C447E
:10362000004D414E55414C00424545504552004CDD
:10363000454453204F4646004C4947485453004F99
:103640005344204F46460054454C454D455452592D
:10365000004155544F2054554E4500424C41434B78
:10366000424F58004641494C53414645004E415651
:1036700020575000414952204D4F444500484F4D7E
:103680004520524553455400474353204E41560070
:1036900046505620414E474C45204D495800535501
:1036A000524641434500464C415045524F4E00540E
:1036B00055524E20415353495354004E4156204CCD
:1036C00041554E434800534552564F204155544FA3
:1036D0005452494D0043414D45524120434F4E54B1
:1036E000524F4C20310043414D45524120434F4EF3
:1036F00054524F4C20320043414D45524120434FDC
:103700004E54524F4C2033004F534420414C5420D0
:1037100031004F534420414C542032004F53442039
:10372000414C542033004E415620434F555253458F
:1037300020484F4C44004D43204252414B494E4794
:1037400000555345523100555345523200555345AB
:103750005233005553455234004C4F495445522082
:103760004348414E4745004D5350205243204F5649
:103770004552524944450050524541524D0054551E
:1037800052544C45004E4156204352554953450032
:103790004155544F204C4556454C205452494D00FC
:1037A000575020504C414E4E455200534F415249C4
:1037B0004E47004D495353494F4E204348414E47D1
:1037C0004500424545504552204D555445004D5504
:1037D0004C54492046554E4354494F4E004D49588C
:1037E00045522050524F46494C452032004D4958D1
:1037F0004552205452414E534954494F4E00414E78
:10380000474C4520484F4C440042696E6420506844
:10381000726173650042494E445F504852415345BE
:1038200000353020487A2C333120487A2C31392029
:10383000487A2C464C52432C46534B2C3139204865
:103840007A2037780052462042616E6400322E346E
:103850002C393135204643432C3836382C34333319
:103860002C37302C38363620494E2C3931352B3216
:103870002E342C3836382B322E34005246204F72DC
:1038800074686F006F66662C312F332C322F332C07
:10389000332F3300547820506F77657200547820AE
:1038A00044697665727369747900656E61626C65EE
:1038B000642C616E74656E6E61312C616E74656E20
:1038C0006E61322C723A656E20743A616E74312CDE
:1038D000723A656E20743A616E74320054782043F7
:1038E0006820536F75726365006E6F6E652C63722E
:1038F00073662C696E2C6D6272696467650054781A
:10390000204368204F7264657200414554522C5424
:103910004145522C4554415200547820496E204D67
:103920006F646500736275732C7362757320696EC2
:103930007600547820536572204465737400736573
:103940007269616C2C73657269616C322C6D627284
:10395000696467650054782053657220426175641C
:103960007261746500393630302C31393230302C88
:1039700033383430302C35373630302C3131353225
:1039800030302C32333034303000547820536E6471
:1039900020526164696F53746174006F66662C31E4
:1039A00020487A005478204D617620436F6D706F07
:1039B0006E656E74006F66662C656E61626C656420
:1039C00000547820506F7765722053772043680049
:1039D0006F66662C352C362C372C382C392C313030
:1039E0002C31312C31322C31332C31342C31352CDB
:1039F00031360054782042757A7A6572006F6666B7
:103A00002C4C502C72784C510044796E20506F77BA
:103A10006572006F66662C6F6E00527820506F776B
:103A20006572005278204469766572736974790012
:103A30005278204368204F72646572005278204F9C
:103A40007574204D6F646500736275732C637273B7
:103A5000662C7362757320696E7600527820466119
:103A6000696C53616665204D6F6465006E6F2073ED
:103A700069672C6C6F77207468722C627920636E92
:103A8000662C6C6F772074687220636E742C636888
:103A90003163683420636E7400527820536572205D
:103AA000506F72740073657269616C2C63616E0093
:103AB00052782053657220426175647261746500AA
:103AC000527820536572204C696E6B204D6F64658F
:103AD000007472616E73702E2C6D61766C696E6B02
:103AE0002C6D61766C696E6B582C6D73705800523A
:103AF00078204D61762053797374656D20494400B8
:103B000035312C35322C35332C35342C35350052AB
:103B10007820536E6420526164696F53746174003D
:103B20006F66662C617264755F312C6D6574685FB9
:103B30006200527820536E642052634368616E6E57
:103B4000656C006F66662C7263206F7665727269B1
:103B500064652C7263206368616E6E656C730052DD
:103B600078204F757420527373692043680052782F
:103B7000204F7574204C5120436800527820506FBC
:103B8000776572205377204368005278204653208F
:103B900043683100527820465320436832005278FF
:103BA0002046532043683300527820465320436810
:103BB000340052782046532043683500527820461E
:103BC000532043683600527820465320436837001C
:103BD00052782046532043683800527820465320BC
:103BE00043683900527820465320436831300052F0
:103BF00078204653204368313100527820465320C4
:103C000043683132005278204653204368313300F4
:103C10002D31323020252C3020252C3132302025FA
:103C200000527820465320436831340052782046B1
:103C30005320436831350052782046532043683181
:103C4000360016001818001818181218070000007F
:103C50000300000002010101020202020203030448
:103C60000101010202020202020202020202020237
:103C70000102020202020100000000000000000038
:103C80008C5701082B130000645701080A0000003C
:103C90000000000000000000000000000000000024
:103CA0000000000000000000800080FF0000010014
:103CB0000A000A000E0019001400640016009E009D
:103CC00082040020FF0000000938010815380108AF
:103CD000432901080000000000000000000000006F
:103CE00043290108000000008A040020FE000000B3
:103CF000673A0108783601084329010800000000EE
:103D00000000000000000000213801082E050020FE
:103D100089040020FE00000045380108B93301087D
:103D2000432901080000000000000000000000001E
:103D30004D3801082C0500208B040020FE000000F7
:103D40007B380108C1330108432901080000000045
:103D50000000000000000000843801083005002049
:103D6000BA030020FE00000094380108CA3301089D
:103D700043290108000000000000000000000000CE
:103D80003205002000000000BB030020FE00000000
:103D90009D380108D33301084329010800000000C1
:103DA0000000000000000000AA380108760500208D
:103DB000BC030020FE000000DC380108E0330108ED
:103DC000432901080000000000000000000000007E
:103DD000E938010878050020BD030020FE0000003E
:103DE000FE380108ED3301084329010800000000F6
:103DF00000000000000000000A3901080000000077
:103E0000BE030020FE00000019390108F933010843
:103E1000432901080000000000000000000000002D
:103E2000243901087A050020BF030020FE000000AD
:103E30003239010804340108432901080000000058
:103E400000000000000000003E3901087C05002051
:103E5000C0030020FE00000055390108103401089D
:103E600043290108000000000000000000000000DD
:103E70006539010800000000C2030020FE000000B8
:103E80008A3901081C340108432901080000000098
:103E900000000000000000009B3901080000000045
:103EA000C5030020FE000000A43901082D340108DC
:103EB000432901080000000000000000000000008D
:103EC000B539010800000000C6030020FE00000014
:103ED000C13901083E3401084329010800000000EF
:103EE0000000000000000000D039010800000000C0
:103EF000C3030020FE000000F33901084D3401081F
:103F0000432901080000000000000000000000003C
:103F1000FD3901087E050020CA030020FE000000D4
:103F2000093A01085734010843290108000000003C
:103F30000000000000000000133A0108000000002B
:103F400096030020FE0000001A3A010861340108BF
:103F500043290108000000000000000000000000EC
:103F6000820500200000000097030020FE000000F2
:103F7000233A01086A3401084329010800000000BF
:103F80000000000000000000AA380108C60500205B
:103F900098030020FE000000303A01087734010841
:103FA000432901080000000000000000000000009C
:103FB0000A3901080000000099030020FE000000FB
:103FC0003C3A01088334010843290108000000003D
:103FD0000000000000000000483A0108C805002069
:103FE0009B030020FE0000005B3A01088F340108AB
:103FF000432901080000000000000000000000004C
:104000006C3A010800000000A4030020FE0000003C
:10401000993A0108A0340108432901080000000072
:104020000000000000000000A53A0108CA050020B9
:104030009C030020FE000000B03A0108AC340108E7
:1040400043290108000000000000000000000000FB
:1040500065390108000000009D030020FE000000FB
:10406000C03A0108B83401084329010800000000E3
:104070000000000000000000D13A0108000000002C
:10408000A5030020FE000000EF3A0108C834010833
:1040900043290108000000000000000000000000AB
:1040A000003B0108000000009E030020FE0000000D
:1040B0000F3B0108D9340108432901080000000022
:1040C0000000000000000000203B0108000000008C
:1040D000A0030020FE000000323B0108EA34010882
:1040E000432901080000000000000000000000005B
:1040F000433B0108000000009A030020FE0000007E
:104100005F3B0108FB34010843290108000000005F
:104110000000000000000000D0390108000000008D
:10412000A2030020FE0000006E3B01080A350108D2
:10413000432901080000000000000000000000000A
:10414000D039010800000000A3030020FE00000099
:104150007B3B0108173501084329010800000000D6
:104160000000000000000000D0390108000000003D
:10417000AA030020020000008A3B0108263501083E
:104180001F3C0108000000008800000078000000CB
:104190004329010800000000AB03002002000000DA
:1041A000943B0108303501081F3C01080000000065
:1041B000880000007800000043290108000000008A
:1041C000AC030020020000009E3B01083A350108C4
:1041D0001F3C01080000000088000000780000007B
:1041E0004329010800000000AD0300200200000088
:1041F000A83B0108443501081F3C010800000000ED
:104200008800000078000000432901080000000039
:10421000AE03002002000000B23B01084E35010849
:104220001F3C01080000000088000000780000002A
:104230004329010800000000AF0300200200000035
:10424000BC3B0108583501081F3C01080000000074
:1042500088000000780000004329010800000000E9
:10426000B003002002000000C63B010862350108CF
:104270001F3C0108000000008800000078000000DA
:104280004329010800000000B103002002000000E3
:10429000D03B01086C3501081F3C010800000000FC
:1042A0008800000078000000432901080000000099
:1042B000B203002002000000DA3B01087635010855
:1042C0001F3C01080000000088000000780000008A
:1042D0004329010800000000B30300200200000091
:1042E000E43B0108803501081F3C01080000000084
:1042F0008800000078000000432901080000000049
:10430000B403002002000000EF3B01088B350108D8
:104310001F3C010800000000880000007800000039
:104320004329010800000000B5030020020000003E
:10433000FA3B0108963501081F3C01080000000007
:1043400088000000780000004329010800000000F8
:10435000B6030020FE000000053C0108A13501085D
:1043600043290108000000000000000000000000D8
:10437000103C010800000000B7030020FE00000010
:10438000213C0108AC350108432901080000000068
:104390000000000000000000103C010800000000C8
:1043A000B8030020FE0000002C3C0108B7350108CE
:1043B0004329010800000000000000000000000088
:1043C000103C010800000000B9030020FE000000BE
:1043D000373C0108C23501084329010800000000EC
:1043E0000000000000000000103C01080000000078
:1043F0006162636465666768696A6B6C6D6E6F7035
:104400007172737475767778797A303132333435E6
:10441000363738395F232D2E0000000000070E09C3
:104420001C1B1215383F363124232A2D70777E79D4
:104430006C6B6265484F464154535A5DE0E7EEE9C4
:10444000FCFBF2F5D8DFD6D1C4C3CACD90979E99B4
:104450008C8B8285A8AFA6A1B4B3BABDC7C0C9CEA4
:10446000DBDCD5D2FFF8F1F6E3E4EDEAB7B0B9BE94
:10447000ABACA5A28F88818693949D9A2720292E84
:104480003B3C35321F18111603040D0A5750595E74
:104490004B4C45426F68616673747D7A898E878064
:1044A00095929B9CB1B6BFB8ADAAA3A4F9FEF7F054
:1044B000E5E2EBECC1C6CFC8DDDAD3D4696E676044
:1044C00075727B7C51565F584D4A4344191E171034
:1044D00005020B0C21262F283D3A33344E49404724
:1044E00052555C5B7671787F6A6D64633E39303714
:1044F00022252C2B0601080F1A1D1413AEA9A0A704
:10450000B2B5BCBB9691989F8A8D8483DED9D0D7F3
:10451000C2C5CCCBE6E1E8EFFAFDF4F30000000001
:104520003209000000000000010000007C2B0000A8
:104530000000000002000000890C000000000000E4
:1045400004000000ED0E030C0D000000050000004B
:10455000D91C0100000000000600000068030000F4
:1045600000000000070000007720000000000000AD
:104570000800000075240000000000000B0000008F
:10458000590601040000000014000000D6140302C4
:1045900003000000150000009F020300010000005E
:1045A00016000000DC1900000000000017000000E9
:1045B000A8170304050000001800000018340000CC
:1045C0000000000019000000176500000000000056
:1045D0001A000000AA180000000000001B000000E4
:1045E000901D0000000000001C00000043100000AF
:1045F000000000001D00000073100000000000001B
:104600001E000000271C0000000000001F0000002A
:10461000F63000000000000020000000B91C00007F
:104620000000000021000000681C000000000000E5
:1046300022000000ED160000000000002300000032
:10464000F41600000000000024000000DE25000039
:104650000000000025000000D4070304050000004E
:1046600026000000090703040500000027000000E1
:10467000FE2603202100000028000000E6050302BA
:1046800003000000290000001C04030203000000D6
:104690002A0000001C120000000000002B00000097
:1046A00084030300010000002C000000DD09030268
:1046B000030000002D000000E803030001000000DB
:1046C0002E0000000B020000000000002F00000080
:1046D0009908030001000000300000002915010CBA
:1046E000000000003100000027140000000000005E
:1046F000320000004E2503121300000033000000BA
:10470000C40503020300000035000000030500009B
:1047100000000000360000000F1B03181900000005
:104720003700000003190000000000003D000000F9
:10473000A7480000000000003E000000B71A00007B
:10474000000000003F00000077B5000000000000FE
:1047500040000000BFE10000000000004100000038
:10476000762A0000000000004200000094060302C8
:1047700003000000430000001504000000000000DA
:1047800045000000F31E010A000000004600000082
:104790007C2603101100000049000000262603209B
:1047A000210000004A000000141400000000000076
:1047B0004B0000009E23031E1F0000004C00000061
:1047C0009821031E1F0000004D0000008F0A0308FF
:1047D00009000000500000000E0403020300000066
:1047E000510000006A1600000000000052000000A6
:1047F000313303242500000053000000162500007B
:1048000000000000540000008F3503323300000028
:10481000550000008C33000000000000560000002E
:1048200005350332330000005700000096330000C6
:104830000000000059000000E71C0000000000001C
:104840005A000000B7380000000000005B000000C4
:104850003F2A0000000000005C000000362100003C
:10486000000000005D0000002F510000000000006B
:1048700064000000AF22000000000000650000009E
:104880006675000000000000660000009E750000D4
:104890000000000067000000D039000000000000A8
:1048A000680000003874000000000000690000008B
:1048B0005D3F0000000000006A0000008A2C00003C
:1048C000000000006B0000006C41000000000000D0
:1048D0006C000000205C0000000000006D00000083
:1048E000B9090000000000006E00000054FE030142
:1048F000020000006F0000002212031011000000EF
:1049000070000000AE0C000000000000710000000C
:104910007C2700000000000072000000ED2C000069
:1049200000000000730000000440000000000000D0
:10493000740000004C18000000000000750000002A
:10494000800603040500000076000000380E000019
:104950000000000077000000740C030A0B00000048
:10496000780000008661000000000000790000006F
:10497000ED020300010000007A000000CB020300FA
:10498000010000007B000000FA710300010000003C
:104990007C00000057390000000000007D0000008E
:1049A000CB060000000000007E000000DC51034F39
:1049B000500000007F0000001923000000000000EC
:1049C00080000000E22300000000000081000000E1
:1049D0002E18000000000000820000001D0D0000E5
:1049E0000000000083000000DFFF00000000000066
:1049F0008400000055270000000000008500000032
:104A0000061200000000000086000000E52B0000F8
:104A10000000000087000000CB080000000000003C
:104A2000880000000116000000000000890000005E
:104A3000C3100000000000008A0000006D78000034
:104A4000000000008B000000A82B03292A000000B2
:104A50008C000000B5290000000000008D0000005F
:104A60002F200000000000008E00000048F300002E
:104A7000000000008F000000831000000000000014
:104A8000900000007F5D0000000000009200000028
:104A90006764000000000000930000009A360000E8
:104AA0000000000094000000B24E00000000000072
:104AB00095000000C83C00000000000096000000C7
:104AC000862A00000000000097000000DB080306B3
:104AD0000700000098000000D0080000000000005F
:104AE00099000000BC0C0000000000009A000000CB
:104AF000540F0306070000009B000000160D03047E
:104B0000050000009C0000001306030001000000E7
:104B10009D000000150F030C0D0000009E0000001A
:104B2000860F030C0D000000A00000004E0C0308CF
:104B300009000000A1000000440303000100000080
:104B4000A2000000BD09000000000000A30000005A
:104B50007F1C000000000000A40000009A2C000050
:104B600000000000A5000000150300000000000088
:104B7000A60000001509000000000000A7000000CA
:104B80009016000000000000A8000000010C0000CA
:104B900000000000A9000000EA1200000000000070
:104BA000AA0000004922000000000000AB00000045
:104BB000B542000000000000AC00000016620000DA
:104BC00000000000AD0000005308000000000000DD
:104BD000AE000000A730000000000000AF000000A1
:104BE0008A13030E0F000000B0000000EA03030068
:104BF00001000000B1000000F014000000000000FF
:104C0000B20000002F18000000000000B3000000F8
:104C1000BD1D011A00000000B4000000342F012A5D
:104C200000000000B5000000AE040000000000001D
:104C3000B6000000E528000000000000B7000000FA
:104C40005502030001000000B80000009FCE0304DD
:104C500005000000B9000000BA07030405000000C9
:104C6000BA000000481D030001000000BF00000062
:104C70005C1B000000000000C000000024360000A3
:104C800000000000C1000000471A00000000000002
:104C9000C20000006221000000000000C30000000C
:104CA0007825000000000000C8000000862A0328C4
:104CB00029000000C9000000CD0E030C0D0000000B
:104CC000D60000004508030607000000D7000000DA
:104CD0006503000000000000D8000000320303005C
:104CE00001000000D9000000CA060000000000001A
:104CF000DA0000001107030001000000DB000000E3
:104D0000A202000000000000DC00000022200000E1
:104D100000000000DD000000472A00000000000045
:104D2000DE0000000F03000000000000DF000000B4
:104D3000772F032A2B000000E0000000662D032AD5
:104D40002B000000E1000000D0490000000000003E
:104D5000E2000000CF08000000000000E6000000B4
:104D6000A32A000000000000E700000069280000FE
:104D700000000000E8000000974100000000000073
:104D8000E900000023B6000000000000EA00000077
:104D90009628000000000000EB000000B32A00008D
:104DA00000000000F10000005A2000000000000098
:104DB000F2000000683C000000000000F30000006A
:104DC000553D013400000000F40000005F060000C3
:104DD00000000000F500000082020000000000005A
:104DE000F6000000B826000000000000F7000000F8
:104DF0005113000000000000F800000008FE03034B
:104E000004000000F9000000CC24000000000000B5
:104E1000FA000000311E000000000000FB0000004E
:104E2000AA12000000000000FC0000002C1200008C
:104E300000000000FD0000005336000000000000EC
:104E4000FE0000002E09000000000000000100002C
:104E5000472A03080900000001010000830900003F
:104E60000000000002010000BBE803000100000098
:104E7000030100005CED00000000000004010000E0
:104E8000920E00000000000005010000B33D00008C
:104E900000000000060100000C17000000000000E8
:104EA0000701000085FF000000000000080100006D
:104EB0003120000000000000090100001A14000069
:104EC000000000000A010000C1FF0302030000000F
:104ED0000B01000023FF0302030000000C0100008F
:104EE0000E040302030000000D0100006DD7000056
:104EF000000000000E0100003B1400000000000054
:104F00000F01000016350000000000001301000032
:104F10007E2000000000000014010000123200009A
:104F200000000000150100003E1E0000000000000F
:104F300018010000462100000000000019010000D7
:104F4000300D0000000000001A0100007B23032048
:104F5000210000001B0100004A9100000000000039
:104F60001C0100006320031E1F0000001D01000043
:104F700089310326270000001E010000D2390332C8
:104F8000330000001F01000001170314150000008A
:104F90002001000014170314150000002201000076
:104FA000FB2E000000000000230100000A39000071
:104FB0000000000024010000E3DF031819000000D6
:104FC00027010000EA0C000000000000280100009A
:104FD00032230000000000002B01000013620000DB
:104FE000000000002C010000D916000000000000A5
:104FF0002D010000F33A000000000000360100001F
:105000001C11000000000000370100005F74000068
:105010000000000040010000F31403020300000040
:10502000410100005802030001000000420100009D
:10503000F395000000000000430100004E930300C0
:105040000100000044010000849200000000000004
:105050004A01000017A70000000000004B010000FB
:105060005BE90000000000004C010000ECEF0000D4
:10507000000000004D010000E76D0000000000008E
:105080004E010000480A0000000000004F0100002F
:10509000E11800000000000050010000F55400007D
:1050A0000000000053010000C705000000000000E0
:1050B0005401000063460000000000005901000098
:1050C000D1150302030000005E010000E8FC0000AF
:1050D0000000000062010000D20E030C0D00000071
:1050E00063010000060C00000000000068010000E1
:1050F0000B19000000000000690100005D210000A4
:10510000000000007101000097180000000000007E
:10511000720100004B6D00000000000073010000F0
:105120000A1A000000000000740100001A8C000040
:105130000000000075010000752A0000000000005A
:1051400077010000FB8C00000000000078010000E7
:10515000C7080000000000007C010000E814000007
:10516000000000008101000093850302030000009D
:105170008201000084100304050000008301000088
:1051800004480304050000008401000008250320F2
:1051900021000000860100009CF0000000000000DB
:1051A0008B01000000D40000000000008C01000012
:1051B00032A00000000000008D010000B66C00006D
:1051C00000000000900100006EFE030405000000D6
:1051D00091010000B7060304050000009A010000D9
:1051E000A0350000000000009B0100006A030000E1
:1051F000000000009C0100002106030405000000DF
:105200009D0100004D070304050000009E01000001
:105210006D100000000000009F010000A1100000C0
:1052200000000000A401000014490306070000006C
:10523000B3010000862E000000000000B401000051
:10524000C109000000000000B50100001E010000BF
:1052500000000000B8010000422300000000000030
:10526000B9010000A911000000000000FE010000CB
:10527000F56A000000000000FF0100001C4700006C
:105280000000000000020000B80200000000000062
:10529000421F0000DA10000000000000431F000061
:1052A000E729000000000000441F0000AC6200007D
:1052B00000000000451F0000FB2600000000000069
:1052C000461F0000610E000000000000471F0000A4
:1052D0004020000000000000481F0000EA210000FC
:1052E00000000000491F00009010000000000000B6
:1052F0004A1F00009B290000000000004B1F000017
:1053000014660000000000004C1F00003610000072
:10531000000000004D1F0000DE2E00000000000015
:105320004E1F0000C80E0000000000004F1F0000CC
:105330001718000000000000501F00009512000028
:105340000000000028230000718900000000000018
:105350002D2300007522000000000000112700002E
:10536000D11400000000000012270000BA2900003C
:1053700000000000132700000401000000000000EE
:105380001427000085090000000000001527000018
:10539000670900000000000016270000C10400009B
:1053A0000000000017270000471100000000000067
:1053B00018270000F00E000000000000A7270000E2
:1053C000C355000000000000F82A000086340304E2
:1053D00005000000F92A00000F880000000000000E
:1053E000FA2A0000EAB4030405000000FB2A0000CA
:1053F0004005000000000000FC2A00000BE8030844
:1054000009000000FD2A00005DE600000000000029
:10541000022B00002E31000000000000032B0000D2
:105420006A2C0000000000000C2B0000CD100000D2
:1054300000000000162B0000902C0000000000006F
:10544000172B0000852C000000000000182B000026
:10545000552C000000000000192B0000C32503108C
:10546000110000001A2B00004F0500000000000092
:105470001B2B000080080304050000001C2B00000B
:10548000B1220000000000001D2B0000821C000063
:10549000000000001E2B00002F260000000000006E
:1054A0001F2B00008E09000000000000202B0000D0
:1054B000842C000000000000212B0000D02C0000F4
:1054C00000000000222B0000C92C0000000000009A
:1054D000232B0000C12C000000000000242B000042
:1054E000BD2C000000000000342B0000A24E000084
:1054F0000000000064320000722C03000100000074
:1055000065320000FE3B031E1F00000066320000F3
:105510008C3503040500000067320000F92E0300FB
:1055200001000000683200004D36031C1D00000021
:1055300069320000312B03000100000073320000CB
:105540005EF9030001000000763200008B3300009A
:105550000000000077320000071203101100000065
:1055600078320000140500000000000068420000CE
:1055700067B3000000000000FE4200001A21000096
:1055800000000000FF420000481000000000000082
:10559000014300001311000000000000024300005E
:1055A0005911000000000000034300001B0A000026
:1055B00000000000044300000E5B0000000000003B
:1055C00005430000BB54000000000000064300003B
:1055D0006A1800000000000010A40000E3010000B1
:1055E0000000000011A40000EF2E000000000000E9
:1055F00051C30000F62000000000000052C300006C
:10560000B5F600000000000053C300003E13000088
:105610000000000054C30000F00A03080900000065
:1056200055C30000980603040500000020CB0000CD
:105630000D6400000000000021CB0000EF0100001D
:105640000000000015CD0000F01100000000000077
:1056500016CD0000584E00000000000017CD0000DD
:10566000605500000000000018CD0000B11C0000D3
:105670000000000019CD0000D7320000000000003B
:1056800078CD0000B52603202100000079CD000070
:10569000662400000000000060EA00000416031405
:1056A000150000006AEA0000D021000000000000A0
:1056B0006BEA0000B7070000000000006CEA000081
:1056C00063240320210000006DEA00008118031408
:1056D000150000006EEA00008608030405000000C3
:1056E00074EA0000CA0400000000000088EA00001C
:1056F0009CF500000000000089EA0000BFFF0000E8
:10570000000000008DEA00000E17030203000000F5
:105710008EEA0000AB1C0308090000008FEA0000BD
:10572000370700000000000091EA0000610C000053
:105730000000000092EA0000DC0E00000000000003
:1057400093EA0000F51800000000000094EA000051
:10575000652C00000000000095EA00002D06000006
:10576000000000006666F435CCCCFC3533330536DA
:1057700099990D360000163666661E36CCCC263654
:1057800033332F36999937360000403666666638CF
:10579000000070389999793833338338CCCC8C3801
:1057A000666696380000A0389999A9383333B33823
:1057B000CCCCBC386666C6380000D0389999D93848
:1057C0003333E338CCCCEC386666F6380000003969
:1057D0009999093933331339CCCC1C39666626398B
:1057E000000030399999393933334339CCCC4C39AD
:1057F00066665639000060399999693933337339CF
:10580000CCCC7C39666686390000903999999939F3
:105810003333A339CCCCAC396666B6390000C03915
:105820009999C9393333D339CCCCDC396666E6393A
:105830000000F0399999F9390000891112239B323F
:105840002446AD573665BF74488CC19D5AAFD3BE50
:105850006CCAE5DB7EE9F7F88110080193331A2260
:10586000A5562C47B7753E64C99C408DDBBF52AE30
:10587000EDDA64CBFFF976E802218B301002991340
:105880002667AF763444BD554AADC3BC588ED19F10
:105890006EEBE7FA7CC8F5D983310A209112180320
:1058A000A7772E66B5543C45CBBD42ACD99E508FF0
:1058B000EFFB66EAFDD874C904428D5316619F70F0
:1058C0002004A9153227BB364CCEC5DF5EEDD7FCD0
:1058D0006888E1997AABF3BA85520C4397711E60E0
:1058E000A1142805B3373A26CDDE44CFDFFD56ECB0
:1058F000E9986089FBBB72AA06638F7214409D51C0
:105900002225AB343006B9174EEFC7FE5CCCD5DD8F
:105910006AA9E3B8788AF19B87730E6295501C419F
:10592000A3352A24B1163807CFFF46EEDDDC54CD6F
:10593000EBB962A8F99A708B088481951AA793B67F
:105940002CC2A5D33EE1B7F04008C919522BDB3A6F
:10595000644EED5F766DFF7C899400859BB712A63F
:10596000ADD224C3BFF136E0C1184809D33B5A2A4F
:10597000E55E6C4FF77D7E6C0AA583B4188691971F
:105980002EE3A7F23CC0B5D14229CB38500AD91B2F
:10599000666FEF7E744CFD5D8BB502A499961087FF
:1059A000AFF326E2BDD034C1C3394A28D11A580B0F
:1059B000E77F6E6EF55C7C4D0CC685D71EE597F4CF
:1059C0002880A1913AA3B3B2444ACD5B5669DF78EF
:1059D000600CE91D722FFB3E8DD604C79FF516E4BF
:1059E000A9902081BBB332A2C55A4C4BD7795E68CF
:1059F000E11C680DF33F7A2E0EE787F61CC495D59F
:105A00002AA1A3B03882B193466BCF7A5448DD59AE
:105A1000622DEB3C700EF91F8FF706E69DD414C57E
:105A2000ABB122A0B9923083C77B4E6AD5585C498E
:105A3000E33D6A2CF11E780FA08601000B190000CF
:105A400050C300001000041000005B0101000000C2
:105A5000B01D000096FF00000506010C015B000070
:105A60009033000091FF00000606010C015B00006E
:105A70002058000090FF00007A3701080000000065
:105A8000CD35010802000000D335010803000000F5
:105A9000DB35010804000000E735010805000000BF
:105AA000F435010806000000FD350108FF00000084
:105AB00005360108FF0000000D3601080700000050
:105AC0001536010808000000213601080900000011
:105AD00028360108FF0000002F360108FF000000F3
:105AE00038360108FF0000003F360108FF000000C3
:105AF00047360108FF000000513601080A00000087
:105B00005B360108FF000000643601080100000058
:105B10006D3601080B000000743601080C0000000F
:105B20007D360108FF00000088360108FF000000F4
:105B300090360108FF0000009E360108FF000000BB
:105B4000A63601080D000000AF3601080E00000067
:105B5000BB3601080F000000C6360108FF00000038
:105B6000D5360108FF000000E6360108FF000000FE
:105B7000F7360108FF00000008370108FF000000A9
:105B800012370108FF0000001C370108FF00000069
:105B9000263701081000000036370108FF0000001A
:105BA00041370108FF00000047370108FF000000EF
:105BB0004D370108FF00000053370108FF000000C7
:105BC00059370108FF00000067370108FF00000097
:105BD00077370108FF0000007E3701081100000040
:105BE000853701081200000090370108FF0000000F
:105BF000A0370108FF000000AB37010813000000C8
:105C0000B3370108FF000000C2370108FF000000A1
:105C1000CE370108FF000000DD370108FF0000005B
:105C2000ED370108FF000000FE37010814000000F6
:105C30000000000000000000B5200008B7200008A8
:105C4000B9200008BB200008C5C30008B5C500087E
:105C5000FDC5000875BF0008CB200008CF20000854
:105C60000000000000000000F9680008A5220008FC
:105C7000CD4700080000000000000000F92A0008DD
:105C8000016C00080000000000000000596E0008D0
:105C90000F70000803C80008A7220008CB220008E4
:105CA00059220008ECFFFFFF00000000B5200008AB
:105CB000B7200008B9200008BB2000080DC8000864
:105CC000C5220008F122000865220008CB20000848
:105CD000CF200008010000000300000005000000C4
:105CE0000100000001000000060000000A000000A2
:105CF0002000000002000000040000000800000076
:105D000010000000400000008000000000010000C2
:105D10000002000000000000000000000000000081
:105D2000000000000100000002000000030000006D
:105D300004000000A0860100400D0300801A060048
:105D400000350C0040420F0080841E0000093D0019
:105D500000127A000024F40000366E010048E801C9
:105D6000006CDC02000000000000000000000000E9
:105D7000000000000100000002000000040000001C
:105D800006000000080000000A0000000C000000EF
:105D90001000000020000000400000008000000013
:105DA0000001000000000000000FC93F000F494043
:105DB00000CB9640000FC9400053FB4000CB16417A
:105DC00000ED2F41000F49410031624100537B41FA
:105DD000003A8A4100CB9641005CA34100EDAF41FF
:105DE000007EBC41000FC94100A0D5410031E24115
:105DF00000C2EE410053FB4100F20342003A0A4266
:105E00000083104200CB164200141D42005C234266
:105E100000A5294200ED2F4200363642007E3C426A
:105E200000C74242000F4942A2000000F9000000F2
:105E3000830000006E0000004E00000044000000DF
:105E40001500000029000000FC00000027000000F1
:105E500057000000D1000000F500000034000000F1
:105E6000DD000000C0000000DB0000006200000058
:105E700095000000990000003C0000004300000075
:105E80009000000041000000FE00000051000000F2
:105E900063000000AB000000DE000000BB0000005B
:105EA000C500000061000000B700000024000000F1
:105EB0006E0000003A000000420000004D000000AB
:105EC000D2000000E00000000600000049000000D1
:105ED0002E000000EA00000009000000D1000000D0
:105EE000920000001C000000FE0000001D000000E9
:105EF000EB0000001C000000B100000029000000C1
:105F0000A70000003E000000E80000008200000042
:105F100035000000F50000002E000000BB0000006E
:105F20004400000084000000E90000009C00000024
:105F30007000000026000000B40000005F000000B8
:105F40007E000000410000003900000091000000C8
:105F5000D60000003900000083000000530000005C
:105F600039000000F40000009C00000084000000E4
:105F70005F0000008B000000BD000000F900000081
:105F8000280000003B0000001F000000F800000097
:105F900097000000FF000000DE0000000500000088
:105FA000980000000F000000EF0000002F0000002C
:105FB000110000008B0000005A0000000A000000E1
:105FC0006D0000001F0000006D00000036000000A2
:105FD0007E000000CF00000027000000CB00000082
:105FE00009000000B70000004F000000460000005C
:105FF0003F000000660000009E0000005F000000FF
:10600000EA0000002D0000007500000027000000DD
:10601000BA000000C7000000EB000000E50000002F
:10602000F10000007B0000003D00000007000000C0
:1060300039000000F70000008A0000005200000054
:1060400092000000EA0000006B000000FB0000006E
:106050005F000000B10000001F0000008D00000084
:106060005D00000008000000560000000300000072
:106070003000000046000000FC0000007B00000033
:106080006B000000AB000000F0000000CF0000003B
:10609000BC000000200000009A000000F400000096
:1060A000360000001D000000A9000000E300000011
:1060B00091000000610000005E000000E6000000AA
:1060C0001B000000080000006500000099000000AF
:1060D000850000005F00000014000000A000000028
:1060E00068000000400000008D000000FF0000007C
:1060F000D8000000800000004D0000007300000088
:10610000270000003100000006000000060000002B
:106110001500000056000000CA00000073000000D7
:10612000A8000000C900000060000000E2000000BC
:106130007B000000C00000008C0000006B0000002D
:10614000DB0F49BFE4CB1640E4CB16C00000008053
:10615000DB0F4940DB0F49C03863ED3EDA0F493FA2
:106160005E987B3FDA0FC93F6937AC316821223333
:10617000B40F14336821A2330000C93F0000F03986
:106180000000DA370000A2330000842E0000502BFC
:106190000000C2270000D0220000C41F0000C61B60
:1061A0000000441704000000070000000900000080
:1061B00000202020202020202020282828282820D7
:1061C00020202020202020202020202020202020CF
:1061D0002088101010101010101010101010101037
:1061E0001004040404040404040404101010101027
:1061F00010104141414141410101010101010101F1
:106200000101010101010101010101011010101042
:1062100010104242424242420202020202020202C2
:106220000202020202020202020202021010101016
:10623000200000000000000000000000000000003E
:10624000000000000000000000000000000000004E
:10625000000000000000000000000000000000003E
:10626000000000000000000000000000000000002E
:10627000000000000000000000000000000000001E
:10628000000000000000000000000000000000000E
:1062900000000000000000000000000000000000FE
:1062A00000000000000000000000000000000000EE
:1062B000005245454E54206D616C6C6F63207375C0
:1062C00063636565646564002F646174612F6A654A
:1062D0006E6B696E732F776F726B73706163652F6E
:1062E000474E552D746F6F6C636861696E2F6172D4
:1062F0006D2D31312F7372632F6E65776C69622D4E
:1063000063796777696E2F6E65776C69622F6C6948
:1063100062632F74696D652F676D74696D652E6397
:10632000002C2066756E6374696F6E3A200061738D
:1063300073657274696F6E2022257322206661690D
:106340006C65643A2066696C6520222573222C20D6
:106350006C696E65202564257325730A00232D3032
:106360002B2000686C4C006566674546470030315D
:1063700032333435363738394142434445460030AC
:1063800031323334353637383961626364656600DB
:08639000B0C0FF7F0100000016
:086398008911000819D8000862
:0463A000611100087F
:1063A400B92801081E3B0108D6300108BB280108A2
:1063B4003F2F0108BE28010834300108AE3A010815
:1063C400B9280108593A0108583301080C30002053
:1063D40001000000983301088F0300200100000031
:1063E4009F3301086806002005000000A933010856
:1063F4008A04002001000000783601088904002086
:1064040001000000B93301088B04002001000000E2
:10641400C1330108BA03002001000000CA33010897
:10642400BB03002001000000D3330108BC0300209B
:1064340001000000E0330108BD030020010000005A
:10644400ED330108BE03002001000000F933010808
:10645400BF0300200100000004340108C003002031
:106464000100000010340108C203002001000000F4
:106474001C340108C5030020010000002D3401086C
:10648400C6030020010000003E340108C3030020BD
:10649400010000004D340108CA030020010000007F
:1064A40057340108960300200100000061340108FC
:1064B40097030020010000006A34010898030020BB
:1064C4000100000077340108990300200100000056
:1064D400833401089B030020010000008F3401086D
:1064E400A403002001000000A03401089C03002044
:1064F40001000000AC3401089D03002001000000ED
:10650400B8340108A503002001000000C8340108C4
:106514009E03002001000000D9340108A0030020DC
:1065240001000000EA3401089A0300200100000081
:10653400FB340108A2030020010000000A35010811
:10654400A30300200100000017350108AA0300205E
:106554000200000026350108AB0300200200000001
:1065640030350108AC030020020000003A35010870
:10657400AD0300200200000044350108AE030020F2
:10658400020000004E350108AF03002002000000A5
:1065940058350108B00300200200000062350108EC
:1065A400B1030020020000006C350108B203002092
:1065B4000200000076350108B30300200200000049
:1065C40080350108B4030020020000008B35010867
:1065D400B50300200200000096350108B603002030
:1065E40001000000A1350108B703002001000000EC
:1065F400AC350108B803002001000000B7350108DC
:10660400B903002001000000C2350108FF000000AA
:106614007D2A00087F2A0008C8320108F8320108E0
:106624002833010800093D000100000010000000AB
:106634000000803F6042A20D000000000300000043
:10664400904300200000000090430020F843002005
:106654006044002000000000000000000000000072
:106664000000000000000000000000000000000026
:106674000000000000000000000000000000000016
:106684000000000000000000000000000000000006
:04669400A40200203C
:040000050800E565A5
:00000001FF
