:020000040800F2
:100000000000012049E500087FE4000881E40008C1
:1000100083E4000885E4000887E40008000000008D
:1000200000000000000000000000000089E400085B
:100030008BE40008000000008DE400088FE4000855
:1000400099E5000899E5000899E5000899E5000898
:1000500099E5000899E5000899E5000899E5000888
:1000600099E5000899E5000899E5000899E5000878
:1000700099E5000899E5000899E5000899E5000868
:1000800099E5000899E5000899E5000899E5000858
:100090000000000099E5000899E5000899E50008CE
:1000A00099E5000899E5000899E5000899E5000838
:1000B000793A00088D37000899E5000899E50008AD
:1000C00099E5000899E5000899E5000899E5000818
:1000D000FD6800089934000899E5000899E50008D2
:1000E00099E5000899E5000899E5000899E50008F8
:1000F00099E50008000000000000000099E50008F4
:1001000099E5000899E50008B9C0000899E50008DC
:1001100099E5000899E5000899E5000899E50008C7
:1001200099E5000899E5000899E5000899E50008B7
:0801300099E5000899E50008BB
:1001400010F8012B11F8013B012A28BF9A42F7D081
:10015000D01A7047034613F8012B002AFBD1181A56
:10016000013870470000000000000000000000009F
:1001700001F0FF01102A2BDB10F0070F08D010F858
:10018000013B013A8B422DD010F0070F42B3F6D15C
:10019000F0B441EA012141EA014122F007047FF075
:1001A00000070023F0E80256083C85EA010586EACC
:1001B000010685FA47F5A3FA87F586FA47F6A5FA08
:1001C00087F68EB9EED1F0BC01F0FF0102F0070214
:1001D00032B110F8013B013A83EA010313B1F8D1BF
:1001E0000020704701387047002D06BF35460338A0
:1001F000073815F0010F07D1013015F4807F02BFD9
:10020000013015F4C03F0130F0BC0138704700BF29
:1002100081F0004102E000BF83F0004330B54FEAB7
:1002200041044FEA430594EA050F08BF90EA020F24
:100230001FBF54EA000C55EA020C7FEA645C7FEAB7
:10024000655C00F0E2804FEA5454D4EB5555B8BFDA
:100250006D420CDD2C4480EA020281EA030382EA4B
:10026000000083EA010180EA020281EA0303362DDD
:1002700088BF30BD11F0004F4FEA01314FF4801CB0
:100280004CEA113102D0404261EB410113F0004FC2
:100290004FEA03334CEA133302D0524263EB430379
:1002A00094EA050F00F0A780A4F10104D5F1200E17
:1002B0000DDB02FA0EFC22FA05F2801841F1000172
:1002C00003FA0EF2801843FA05F359410EE0A5F146
:1002D00020050EF1200E012A03FA0EFC28BF4CF077
:1002E000020C43FA05F3C01851EBE37101F000452D
:1002F00007D54FF0000EDCF1000C7EEB00006EEB3A
:100300000101B1F5801F1BD3B1F5001F0CD34908C3
:100310005FEA30004FEA3C0C04F101044FEA44521A
:1003200012F5800F80F09A80BCF1004F08BF5FEAA1
:10033000500C50F1000041EB045141EA050130BD81
:100340005FEA4C0C404141EB0101013C28BFB1F593
:10035000801FE9D291F0000F04BF01460020B1FADE
:1003600081F308BF2033A3F10B03B3F120020CDAB1
:100370000C3208DD02F1140CC2F10C0201FA0CF08F
:1003800021FA02F10CE002F11402D8BFC2F1200CF4
:1003900001FA02F120FA0CFCDCBF41EA0C019040AA
:1003A000E41AA2BF01EB0451294330BD6FEA0404F3
:1003B0001F3C1CDA0C340EDC04F11404C4F12002DE
:1003C00020FA04F001FA02F340EA030021FA04F3F0
:1003D00045EA030130BDC4F10C04C4F1200220FA47
:1003E00002F001FA04F340EA0300294630BD21FA85
:1003F00004F0294630BD94F0000F83F4801306BF4B
:1004000081F480110134013D4EE77FEA645C18BF3E
:100410007FEA655C29D094EA050F08BF90EA020FD5
:1004200005D054EA000C04BF1946104630BD91EACD
:10043000030F1EBF0021002030BD5FEA545C05D1D0
:100440004000494128BF41F0004130BD14F580040F
:100450003CBF01F5801130BD01F0004545F0FE4183
:1004600041F470014FF0000030BD7FEA645C1ABFB8
:10047000194610467FEA655C1CBF0B46024650EAEF
:10048000013406BF52EA033591EA030F41F400211B
:1004900030BD00BF90F0000F04BF0021704730B5A1
:1004A0004FF4806404F132044FF000054FF0000176
:1004B00050E700BF90F0000F04BF0021704730B537
:1004C0004FF4806404F1320410F0004548BF40420C
:1004D0004FF000013EE700BF42004FEAE2014FEA61
:1004E00031014FEA02701FBF12F07F4393F07F4F3C
:1004F00081F06051704732F07F4208BF704793F03F
:100500007F4F04BF41F40021704730B54FF4607451
:1005100001F0004521F000411CE700BF50EA010254
:1005200008BF704730B54FF000050AE050EA0102FD
:1005300008BF704730B511F0004502D5404261EB6D
:1005400041014FF4806404F132045FEA915C3FF4AE
:10055000D8AE4FF003025FEADC0C18BF03325FEA4B
:10056000DC0C18BF033202EBDC02C2F1200300FAFC
:1005700003FC20FA02F001FA03FE40EA0E0021FA21
:1005800002F11444BDE600BF70B54FF0FF0C4CF40F
:10059000E06C1CEA11541DBF1CEA135594EA0C0FC1
:1005A00095EA0C0F00F0DEF82C4481EA030621EAFC
:1005B0004C5123EA4C5350EA013518BF52EA033537
:1005C00041F4801143F4801338D0A0FB02CE4FF0E9
:1005D0000005E1FB02E506F00042E0FB03E54FF019
:1005E0000006E1FB03569CF0000F18BF4EF0010E11
:1005F000A4F1FF04B6F5007F64F5407404D25FEA0D
:100600004E0E6D4146EB060642EAC62141EA5551BF
:100610004FEAC52040EA5E504FEACE2EB4F1FD0C01
:1006200088BFBCF5E06F1ED8BEF1004F08BF5FEA7F
:10063000500E50F1000041EB045170BD06F0004631
:1006400046EA010140EA020081EA0301B4EB5C04DE
:10065000C2BFD4EB0C0541EA045170BD41F48011D6
:100660004FF0000E013C00F3AB8014F1360FDEBFFB
:10067000002001F0004170BDC4F10004203C35DAD7
:100680000C341BDC04F11404C4F1200500FA05F35A
:1006900020FA04F001FA05F240EA020001F00042FB
:1006A00021F0004110EBD37021FA04F642EB060171
:1006B0005EEA430E08BF20EAD37070BDC4F10C049B
:1006C000C4F1200500FA04F320FA05F001FA04F25F
:1006D00040EA020001F0004110EBD37041F100014B
:1006E0005EEA430E08BF20EAD37070BDC4F1200556
:1006F00000FA05F24EEA020E20FA04F301FA05F2BE
:1007000043EA020321FA04F001F0004121FA04F265
:1007100020EA020000EBD3705EEA430E08BF20EA35
:10072000D37070BD94F0000F0FD101F0004640006F
:1007300041EB010111F4801F08BF013CF7D041EAF1
:10074000060195F0000F18BF704703F000465200F5
:1007500043EB030313F4801F08BF013DF7D043EAC6
:100760000603704794EA0C0F0CEA135518BF95EA7C
:100770000C0F0CD050EA410618BF52EA4306D1D103
:1007800081EA030101F000414FF0000070BD50EA22
:10079000410606BF1046194652EA430619D094EAAC
:1007A0000C0F02D150EA013613D195EA0C0F05D196
:1007B00052EA03361CBF104619460AD181EA0301EA
:1007C00001F0004141F0FE4141F470014FF00000A2
:1007D00070BD41F0FE4141F4780170BD70B54FF03D
:1007E000FF0C4CF4E06C1CEA11541DBF1CEA1355BD
:1007F00094EA0C0F95EA0C0F00F0A7F8A4EB05049F
:1008000081EA030E52EA03354FEA013100F0888095
:100810004FEA03334FF0805545EA131343EA12635E
:100820004FEA022245EA111545EA10654FEA002613
:100830000EF000419D4208BF964244F1FD0404F5CC
:10084000407402D25B084FEA3202B61A65EB030528
:100850005B084FEA32024FF480104FF4002CB6EBE5
:10086000020E75EB030E22BFB61A754640EA0C0065
:100870005B084FEA3202B6EB020E75EB030E22BFA5
:10088000B61A754640EA5C005B084FEA3202B6EBE6
:10089000020E75EB030E22BFB61A754640EA9C00A5
:1008A0005B084FEA3202B6EB020E75EB030E22BF75
:1008B000B61A754640EADC0055EA060E18D04FEA33
:1008C000051545EA16754FEA06164FEAC30343EAD3
:1008D00052734FEAC2025FEA1C1CC0D111F4801FA0
:1008E0000BD141EA00014FF000004FF0004CB6E799
:1008F00011F4801F04BF01430020B4F1FD0C88BF38
:10090000BCF5E06F3FF6AFAEB5EB030C04BFB6EB42
:10091000020C5FEA500C50F1000041EB045170BD35
:100920000EF0004E4EEA113114EB5C04C2BFD4EB62
:100930000C0541EA045170BD41F480114FF0000EE6
:10094000013C90E645EA060E8DE60CEA135594EA62
:100950000C0F08BF95EA0C0F3FF43BAF94EA0C0F65
:100960000AD150EA01347FF434AF95EA0C0F7FF4DA
:1009700025AF104619462CE795EA0C0F06D152EA2E
:1009800003353FF4FDAE1046194622E750EA410612
:1009900018BF52EA43067FF4C5AE50EA41047FF423
:1009A0000DAF52EA43057FF4EBAE12E74A0011D2D5
:1009B00012F5001211D20DD56FF47873B3EB6252B9
:1009C0000ED44FEAC12343F0004343EA505323FAC5
:1009D00002F070474FF00000704750EA013002D13A
:1009E0004FF0FF3070474FF00000704780F000403C
:1009F00002E000BF81F0004142001FBF5FEA4103F7
:100A000092EA030F7FEA226C7FEA236C6AD04FEAF6
:100A10001262D2EB1363C1BFD2184140484041403B
:100A2000B8BF5B42192B88BF704710F0004F40F4ED
:100A3000000020F07F4018BF404211F0004F41F409
:100A4000000121F07F4118BF494292EA030F3FD0D5
:100A5000A2F1010241FA03FC10EB0C00C3F12003E8
:100A600001FA03F100F0004302D5494260EB400077
:100A7000B0F5000F13D3B0F1807F06D340084FEAE2
:100A8000310102F10102FE2A51D2B1F1004F40EBD7
:100A9000C25008BF20F0010040EA0300704749003F
:100AA00040EB0000013A28BFB0F5000FEDD2B0FADC
:100AB00080FCACF1080CB2EB0C0200FA0CF0AABFFF
:100AC00000EBC25052421843BCBFD040184370479D
:100AD00092F0000F81F4000106BF80F400000132A3
:100AE000013BB5E74FEA41037FEA226C18BF7FEA7A
:100AF000236C21D092EA030F04D092F0000F08BFBC
:100B00000846704790EA010F1CBF0020704712F0A2
:100B10007F4F04D1400028BF40F00040704712F1E1
:100B200000723CBF00F50000704700F0004343F046
:100B3000FE4040F4000070477FEA226216BF08467C
:100B40007FEA23630146420206BF5FEA412390EA3F
:100B5000010F40F4800070474FF0000304E000BF35
:100B600010F0004348BF40425FEA000C08BF7047E6
:100B700043F0964301464FF000001CE050EA0102AA
:100B800008BF70474FF000030AE000BF50EA0102BF
:100B900008BF704711F0004302D5404261EB4101AC
:100BA0005FEA010C02BF84460146002043F0B643D1
:100BB00008BFA3F18053A3F50003BCFA8CF2083AF6
:100BC000A3EBC25310DB01FA02FC634400FA02FCFF
:100BD000C2F12002BCF1004F20FA02F243EB020006
:100BE00008BF20F00100704702F1200201FA02FC68
:100BF000C2F1200250EA4C0021FA02F243EB02005B
:100C000008BF20EADC7070474FF0FF0C1CEAD0529E
:100C10001EBF1CEAD15392EA0C0F93EA0C0F6FD05F
:100C20001A4480EA010C400218BF5FEA41211ED03D
:100C30004FF0006343EA501043EA5111A0FB013129
:100C40000CF00040B1F5000F3EBF490041EAD371FE
:100C50005B0040EA010062F17F02FD2A1DD8B3F17A
:100C6000004F40EBC25008BF20F00100704790F0E9
:100C7000000F0CF0004C08BF49024CEA502040EA3B
:100C800051207F3AC2BFD2F1FF0340EAC250704701
:100C900040F400004FF00003013A5DDC12F1190F3F
:100CA000DCBF00F000407047C2F10002410021FAB1
:100CB00002F1C2F1200200FA02FC5FEA310040F1C9
:100CC000000053EA4C0308BF20EADC70704792F042
:100CD000000F00F0004C02BF400010F4000F013A7A
:100CE000F9D040EA0C0093F0000F01F0004C02BF75
:100CF000490011F4000F013BF9D041EA0C018FE7E4
:100D00000CEAD15392EA0C0F18BF93EA0C0F0AD0E9
:100D100030F0004C18BF31F0004CD8D180EA01000F
:100D200000F00040704790F0000F17BF90F0004FA8
:100D3000084691F0000F91F0004F14D092EA0C0F8A
:100D400001D142020FD193EA0C0F03D14B0218BF1D
:100D5000084608D180EA010000F0004040F0FE4063
:100D600040F40000704740F0FE4040F440007047FF
:100D70004FF0FF0C1CEAD0521EBF1CEAD15392EA7E
:100D80000C0F93EA0C0F69D0A2EB030280EA010C6E
:100D900049024FEA402037D04FF0805343EA111107
:100DA00043EA10130CF000408B4238BF5B0042F165
:100DB0007D024FF4000C8B4224BF5B1A40EA0C000A
:100DC000B3EB510F24BFA3EB510340EA5C00B3EB3C
:100DD000910F24BFA3EB910340EA9C00B3EBD10F2A
:100DE00024BFA3EBD10340EADC001B0118BF5FEA7C
:100DF0001C1CE0D1FD2A3FF650AF8B4240EBC250A5
:100E000008BF20F0010070470CF0004C4CEA502065
:100E10007F32C2BFD2F1FF0340EAC250704740F4B4
:100E200000004FF00003013A37E792F0000F00F0A6
:100E3000004C02BF400010F4000F013AF9D040EA24
:100E40000C0093F0000F01F0004C02BF490011F4B8
:100E5000000F013BF9D041EA0C0195E70CEAD153B0
:100E600092EA0C0F08D142027FF47DAF93EA0C0F97
:100E70007FF470AF084676E793EA0C0F04D14B027B
:100E80003FF44CAF08466EE730F0004C18BF31F02D
:100E9000004CCAD130F000427FF45CAF31F0004327
:100EA0007FF43CAF5FE700BF4FF0FF3C06E000BFC0
:100EB0004FF0010C02E000BF4FF0010C4DF804CDE3
:100EC0004FEA40024FEA41037FEA226C18BF7FEAF3
:100ED000236C11D001B052EA530C18BF90EA010FF5
:100EE00058BFB2EB030088BFC81738BF6FEAE17084
:100EF00018BF40F0010070477FEA226C02D15FEA20
:100F0000402C05D17FEA236CE4D15FEA412CE1D08B
:100F10005DF8040B704700BF844608466146FFE752
:100F20000FB5FFF7C9FF002848BF10F1000F0FBD34
:100F30004DF808EDFFF7F4FF0CBF012000205DF82D
:100F400008FB00BF4DF808EDFFF7EAFF34BF0120B2
:100F500000205DF808FB00BF4DF808EDFFF7E0FF4B
:100F600094BF012000205DF808FB00BF4DF808ED9C
:100F7000FFF7D2FF94BF012000205DF808FB00BFFF
:100F80004DF808EDFFF7C8FF34BF012000205DF8E1
:100F900008FB00BF4FEA40024FEA41037FEA226CA0
:100FA00002D15FEA402C08D17FEA236C02D15FEACC
:100FB000412C02D14FF0000070474FF00100704704
:100FC0004FEA4002B2F1FE4F0FD34FF09E03B3EB56
:100FD00012620DD94FEA002343F0004310F0004F96
:100FE00023FA02F018BF404270474FF000007047EC
:100FF00012F1610F01D1420205D110F0004008BF8B
:101000006FF0004070474FF00000704742000ED272
:10101000B2F1FE4F0BD34FF09E03B3EB126209D433
:101020004FEA002343F0004323FA02F070474FF0E9
:101030000000704712F1610F01D1420202D14FF05E
:10104000FF3070474FF00000704700BF7BB972B9A6
:101050000029BEBF00204FF0004106E008BF002875
:101060001CBF6FF000414FF0FF3000F057B8ADF1FA
:10107000080C6DE904CE002909DB002B1ADB11F006
:10108000D1F9DDF804E0DDE9022304B07047404205
:1010900061EB4101002B1BDB11F0C4F9DDF804E02A
:1010A000DDE9022304B0404261EB4101524263EBAF
:1010B00043037047524263EB430311F0B3F9DDF889
:1010C00004E0DDE9022304B0404261EB41017047D6
:1010D000524263EB430311F0A5F9DDF804E0DDE9CA
:1010E000022304B0524263EB4303704753B94AB939
:1010F000002908BF00281CBF4FF0FF314FF0FF3020
:1011000000F00CB8ADF1080C6DE904CE11F08AF9CD
:10111000DDF804E0DDE9022304B07047704700BF4A
:101120000348044B834202D0034B03B11847704776
:10113000F4020020F4020020000000000548064BE5
:101140001B1AD90F01EBA301491002D0034B03B1C5
:1011500018477047F4020020F4020020000000004D
:1011600010B5064C237843B9FFF7DAFF044B13B1EF
:101170000448AFF300800123237010BDF802002063
:1011800000000000EC26010808B5054B1BB105491D
:101190000548AFF30080BDE80840FFF7CFBF00BFB0
:1011A00000000000FC020020EC2601080022427032
:1011B00082700122C270B1FA81F1022249090271E2
:1011C000032201704271704743788B421FD001297E
:1011D00041700AD0022910D0C1B90123C3708170B7
:1011E00002230371032343717047037843B1012342
:1011F00083700223C3700023F3E70378002BF6D03B
:10120000022383700023C3700123EAE7FEE77047DF
:1012100082B00B88ADF800304B88ADF802308B8877
:10122000ADF80430CB88ADF806300239431C0530E8
:1012300013F8012F0DF1080C0CEB4202834232F837
:10124000082C21F8022FF3D102B0704710B50C46DC
:101250001146FFF7B9FF2146BDE81040FFF7D8BFA0
:101260000B4B10B54FF07F32C0E923234FF47F437F
:10127000A0F89430FF23044680F89630983000F0B0
:1012800029FC002384F8A43084F8A83010BD00BFE6
:10129000FFFF7F0070B51146154604461E4600F05C
:1012A0003FFC294604F1140000F03AFC294604F101
:1012B000280000F035FC294604F13C0000F030FC29
:1012C000294604F1500000F02BFC294604F164008B
:1012D00000F026FC294604F1780000F021FC4FF4D0
:1012E000FA7332464FF4FA6104F1980000F0D8FB2B
:1012F0002046FFF7B5FF002384F8A5304FF47F4365
:10130000A4F8A63070BD022380F8A830704770475B
:1013100000F00DBC143000F00ABC08B5503000F0ED
:1013200010FC292100F114030246B3FBF1F313F082
:10133000FF0002D1101E18BF012008BD08B564309F
:1013400000F0FFFB292100F114030246B3FBF1F387
:1013500013F0FF0002D1101E18BF012008BD90F845
:10136000903013B990F98C00704790F98D00704758
:1013700090F8903013B990F98E00704790F98F0073
:10138000704710B504460AF0BDFF50B194F8A8307C
:1013900043B904F13C0000F0CEFB012838BF012026
:1013A000C0B210BD6420FCE790F8A83013B990F8E3
:1013B0009300704764207047783000F0C4BB7830E9
:1013C00000F0C9BB10B5044600F08BFB04F114001B
:1013D00000F087FB04F1280000F083FB04F13C00DF
:1013E00000F07FFB04F1500000F087FB04F1640083
:1013F00000F083FB04F1780000F085FB94F8A8303E
:1014000013B1013B84F8A83010BD7F2807D0002815
:1014100007DA10F1800F06D04042C0B270470020BA
:101420007047012070477F20704710B1404240B2A2
:1014300070477F2070477F280FD010F1310F0EDAF0
:1014400010F1780F0DDB7830FE2340B25843233083
:101450004623B0FBF3F0C0B27047FF207047FE2078
:10146000704700207047012805DD40F2FE73984266
:1014700003DC80B270470120704740F2FF70704774
:10148000A0F57870C0EBC02040F2AE7390FBF3F093
:1014900000F58060FFF7E7BFFFF7F2BF032812DD1A
:1014A0000C2812DD0F2812DD122812DD162812DD9D
:1014B000192812DD1C2812DD1F2812DD2128CCBFBF
:1014C000FF2006207047002070470120704702204F
:1014D000704708207047032070470720704704209A
:1014E000704705207047000005289ABF014B185C23
:1014F000FF2070476827010805289ABF014B185C38
:10150000FF2070476E2701087F2803D0002803DAE8
:10151000C0B2704700207047FF2070477F2811D06D
:1015200010F1320F10DA884210DD401A6423C1F145
:10153000FF21584301F57F01CE31313090FBF1F0AE
:10154000C0B27047FF20704764207047002070478A
:10155000014B4840185C70477427010852B110B421
:10156000054C0A4411F8013B58408A42205CF9D1ED
:1015700010BC7047704700BF74270108392808D88D
:1015800022280ED9094B2338C0B2C34003F0010012
:1015900070475F2807D0613819288CBF00200120D0
:1015A0007047002070470120704700BF01EC7F00AA
:1015B000F8B50246451E461D00245F2715F8010FA9
:1015C000FF2804BF0134E4B2FFF7D8FF00B92F7041
:1015D000AE42F3D1062C04D119B10B6813608B888D
:1015E000938000239371F8BD2DE9F843DFF8349020
:1015F000471E441D012500264FF0280817F8011F3B
:1016000008480FF0FAFD034610B1A0EB0903DBB266
:10161000A3FB05329E19A742A5FB0853EED1304625
:10162000BDE8F8837428010810B54179A1F13000B4
:10163000C3B2092B07D80523B0FBF3F303EB8303F5
:10164000C01AC0B210BD044C20460FF0D6FD0028D1
:10165000F1D0001BC0B2EEE774280108F0B5094BC9
:10166000094F821D2826B1FBF3F4272C94BF3D5D62
:10167000302502F8015D824203FB1411B3FBF6F33F
:10168000F1D1F0BD00801A067428010870B5044637
:10169000FEF760FD02B20023551E18B2A84204FAFC
:1016A00083F104DA265C302E03F10103F5D0121A1F
:1016B00001322046BDE870400FF0BEBF2DE9F04773
:1016C000432B28BF432396B00C46154600211A46EB
:1016D000984607460FF0CAFF0021412205A8049151
:1016E0000FF0C4FFDFF87C90DFF87CA004EB450529
:1016F000AC4210D104A8FEF72DFD28B100F158032B
:101700006B44002203F8492C04A938460FF05EFD13
:1017100016B0BDE8F08734F9020B47F6FF73984224
:10172000E8D0002812DC514668460FF04FFD04A8AF
:10173000FEF710FD06466846FEF70CFD0644B04570
:10174000D6D3694604A80FF049FDD1E7694680B2B7
:101750000CF00FFA6846FFF799FF494668460FF00C
:101760003DFDE4E7612701085C270108F0B589B079
:101770006D4600242F468E1CE1B28A4204D83946B9
:10178000FFF79CFF09B0F0BD36F8241025F8021BC6
:101790000134F1E742F210736421B0FBF3F203FB72
:1017A0001200B0FBF1F301FB130000EB023000EB81
:1017B000831080B27047020B00F03F0342F21071B9
:1017C00001FB0233C0F38510642202FB0030704736
:1017D0002DE9F04142F2107388B0B1FBF3F603FB40
:1017E00016141F49DFF87C8005460FF0EFFC6946B0
:1017F000F0B20CF09BF96846FFF748FF69462846AF
:101800000FF0ECFC414628460FF0E8FC64276946DF
:10181000B4FBF7F6F0B20CF089F96846FFF736FF33
:10182000694628460FF0DAFC07FB16444146284675
:101830000FF0D4FC6946E0B20CF078F99DF8013065
:101840008DF800309DF802308DF801306946002394
:1018500028468DF802300FF0C1FC08B0BDE8F081D9
:101860003D3A01086627010870B50E46002105467D
:1018700014460FF0FBFE00239AB2944200D870BDCC
:10188000F25C002AFBD0EA540133F5E770B50E464E
:1018900014460021013205460FF0E8FE00239AB2FB
:1018A000944200D870BDF25C002AFBD0EA540133A8
:1018B000F5E730B50023044698B2904201D30120E9
:1018C00005E0E55CC85C1DB9B0FA80F0400930BDA8
:1018D0000028FCD0854203F10103EDD00020F6E79B
:1018E0007D23438043F2390309B2C36000230180A2
:1018F0008180C3800372704702680449044B01FB76
:10190000023323F000430360180C7047FD430300CB
:10191000C39E2600F0B5002597B00160858004467F
:101920005622294668460FF0A1FE0126627CAA4293
:1019300009D80023802104F1B400237417B0BDE856
:10194000F0400FF093BE2046FFF7D6FFE7797B1BF0
:10195000002190FBF3F202FB1300C0B2EC460A46F2
:10196000CBB29F421DD80023227B9A42DED0A279BF
:10197000033A012A04EB050105D925B191F911209B
:10198000D2B9012BD2D98B74A26852F823105833E4
:1019900004EB85026B440135516303F8586CEDB2DA
:1019A000C4E71CF801EBBEF1000F03D18242DBD08B
:1019B0000132D2B20131D3E7501E8342E3DB013260
:1019C0009342E0DCB2E72DE9F047154696B0013DC1
:1019D0000160027104464371EDB25622002168464F
:1019E0000FF044FE0027022D84BF4FF001090025AF
:1019F0003E464FF0010A94F807809CBF4FF0030960
:101A0000B8FBF9F8627CB24209D80023802104F1C6
:101A1000B400237416B0BDE8F0470FF027BE20468F
:101A2000FFF76AFFA8EB0603002190FBF3F202FB2D
:101A30001300C0B2EC460A46CBB2984506D91CF852
:101A400001EBBEF1000F22D182421ED1434528BFD7
:101A50004346227B03FB095101F0FF018A42D1D0AA
:101A600016B1B7B9012BCDD9A2191F469174A2683E
:101A700052F8211004EB86020136516303F158023B
:101A80006A44F6B202F858ACBCE70132D2B2013176
:101A9000D2E77A1E9342E7DB7A1C9342E4DCB1E79B
:101AA0002DE9F041044610461D4616468846FFF7CC
:101AB00053F8074606EB0800FFF74EF80146384694
:101AC000FFF756F9656020602846FFF749F8A060E7
:101AD000BDE8F08110B504464068FFF741F8A0600A
:101AE00010BDD0E901236421D31AC36082604B4347
:101AF000418AB3FBF1F303747047D0E90123D31A91
:101B0000C0E90223704743682BB1C26864214A438D
:101B1000B2FBF3F2D3B203740023C3604360704797
:101B20000023C0E902334182436003747047436875
:101B3000013343607047007C704743680B44436047
:101B40007047C068704711B1C3680133C360436810
:101B5000013343607047007C70470000072800D9BC
:101B6000FEE7014B185C7047CC2801080023038076
:101B7000837080F8293070470346007810B1002246
:101B80001A707047587810B100225A7070479878D0
:101B900010B100229A70704793F8290010B100220A
:101BA00083F8292070470170704701707047817079
:101BB00070478170426070474068704708307047D6
:101BC00010B50229044680EAE070A0EBE47068D109
:101BD0005AB9002CACBF7F233F239842A8BF1846B8
:101BE000002C01DA40F0400010BD012A1AD1632810
:101BF00005DC4000002CF7DA40F48070F4E740F296
:101C0000F54398420CDCFEF7A7FF5749FEF7FCFFAF
:101C10000DF0DAFFFFF7FAF9400040F00100E9E7C4
:101C2000FF20E7E7022A40F09C80632805DC800063
:101C3000002CD9DA40F40070D6E7B0F57A7F0CDAE0
:101C4000FEF78AFF4849FEF7DFFF0DF0BDFFFFF703
:101C5000DDF9800040F00100EAE742F20F7398429C
:101C60000CD8FEF779FF4149FEF7CEFF0DF0ACFF2F
:101C7000FFF7CCF9800040F00200D9E73C4B9842D6
:101C80000CD8FEF769FF3B49FEF7BEFF0DF09CFF45
:101C9000FFF7BCF9800040F00300C9E740F2FF10F5
:101CA000C6E703295DD1012A1BD1B0F57A7F05DA99
:101CB0004000002C98DA40F4006095E7B0F5205F12
:101CC0000CDAFEF749FF2849FEF79EFF0DF07CFF76
:101CD000FFF79CF9400040F00100EAE740F2FF7096
:101CE000E7E7022A3DD1B0F57A7F06DA8000002CC2
:101CF000BFF67AAF40F4805076E742F20F73984215
:101D00000CDCFEF729FF1849FEF77EFF0DF05CFFA3
:101D1000FFF77CF9800040F00100E8E7164B98429D
:101D20000CD8FEF719FF1149FEF76EFF0DF04CFFBE
:101D3000FFF76CF9800040F00200D8E7B0F57A2F89
:101D40000CD2FEF709FF0B49FEF75EFF0DF03CFFDA
:101D5000FFF75CF9800040F00300C8E740F6FF7031
:101D6000C5E7002040E700BFCDCCCC3D0AD7233CDF
:101D700017F001006F12833A9F8601000023436031
:101D8000038170470A2310B50446838001F038FEB2
:101D90002368E0809B6820469847208110BD038916
:101DA00070B504469BB1858845B1013DADB28580D3
:101DB0006DB903681B68BDE87040184701F020FE4C
:101DC000E388C01A238980B2834201D2258170BD85
:101DD000236820465B68EEE700230360704700003D
:101DE00038B5084B09291B7828BF09218B420446C6
:101DF0000D4602D10023036038BD01F0F5FD2571C9
:101E00002060F9E714030020036810B504460BB9FD
:101E1000002010BD01F0E8FD2368C01A40F2EE2357
:101E20009842F5D90023054A2360127823799A4213
:101E3000EED0034A0120D377EBE700BF1403002064
:101E400070030020FF23437100230171837103811C
:101E50008372704738B5037904460D465BB141790A
:101E6000A94208D041B101290AD00023A3716571AC
:101E700055B1012D0FD038BD03689B689847F4E732
:101E800003680021DB68F9E723689B68012120468D
:101E90009847A071EFE723682946DB68F7E72DE94B
:101EA000F04F077CC37B857CC67C90F815E090F8EA
:101EB000208090F80EC0BF000C4647EA931703F04D
:101EC0003F01437C03F0010247EA822705F00F023D
:101ED000D20142EA530206F07F031B0143EA1513C5
:101EE000057D89B06D0045EAD6150EF00306059311
:101EF00045EA4623867D009306F01F05AD0145EABD
:101F00009E03C57D90F819E00193ED0045EA561354
:101F1000057E02930EF0070645EA0623857E0393AD
:101F200005F03F06760146EADE03C67E90F81CE027
:101F30000493B60046EA95160EF0010546EA85269A
:101F4000457F069205F00F0B4FEACB1B4BEA5E0B69
:101F500090F81EE00EF07F0A4FEA0A1A4AEA151AB4
:101F6000C57F6D0045EADE1508F0030E45EA4E25F3
:101F700090F821E00EF01F094FEA891949EA980903
:101F8000490190F82280407B41EADC010CF0070C0B
:101F900040EA0C204FEAC80848EA5E180791FFF7AC
:101FA0006FFA079920800846FFF76AFA6080384682
:101FB000FFF766FA069AA0801046FFF761FA059BC4
:101FC000E0801846FFF75CFA20810098FFF758FA86
:101FD00060810198FFF754FAA0810298FFF750FA48
:101FE000E0810398FFF74CFA20820498FFF748FA43
:101FF00060823046FFF744FAA0825846FFF740FA65
:10200000E0825046FFF73CFA20832846FFF738FA73
:1020100060834846FFF734FAA0834046FFF730FA62
:102020004FF48063E0832384638409B0BDE8F08FBC
:102030002DE9F04104460F4601F0E2FC4FF00108A3
:102040000546236820461B689847064650B9A37A80
:10205000012B1FD12389ED1A40F6C4139D42C8BF3E
:10206000A07217E0236820465B689847A37AA3B95B
:102070000F2814D1A4F80A80E37AE2180133DBB206
:10208000182B1073E3720AD939462046FFF707FF71
:102090000023A3723046BDE8F081012BECD02581EE
:1020A000CFE7827922B14379012B01D8FFF7C0BF76
:1020B0000020704770477047704700207047704796
:1020C00000207047002070477047002070470020B4
:1020D000704770474FF0B04382B0DA6C0243DA6465
:1020E000DB6C03400193019B02B070474FF0B0439B
:1020F00082B09A6D02439A659B6D03400193019BE8
:1021000002B070474FF0B04382B01A6E02431A66B5
:102110001B6E03400193019B02B0704750E8003FE3
:1021200043F0800340E80032002AF7D1704750E8BE
:10213000003F23F0200340E80032002AF7D1704727
:1021400050E8003F23F0400340E80032002AF7D176
:10215000704750E8003F23F0800340E80032002A37
:10216000F7D170470288044B5140C9B233F811309F
:1021700083EA122303807047545701089AB110B4C0
:10218000B0F800C0084C0A4411F8013B83EA0C0384
:10219000DBB2914234F8133083EA1C2CA0F800C063
:1021A000F2D110BC704770475457010837B54FF64D
:1021B000FF730446ADF806304518AC4203D1BDF8B4
:1021C000060003B030BD14F8011B0DF10600FFF747
:1021D000C9FFF2E71629A8BF16216FF00800814257
:1021E000B8BF01461170197070470000044B188881
:1021F000044B1B8880B29BB2C01A18BF01207047E5
:102200003E4100203C410020044A00231380044A40
:102210001380044A1380044A138070473C41002015
:102220003E410020404300204243002001207047EF
:102230000649074A0B8812880133C3F3080392B298
:102240009A421EBF034AD0540B8070473637002095
:1022500034370020343500200023A0F87032A0F875
:102260006E3270470023A0F85C32A0F85A327047F3
:10227000044B1888044B1B8880B29BB2C01A18BF4D
:102280000120704736370020343700200278024B97
:1022900051405B5C0370704700440108FF230370EA
:1022A000704700BF7047B0F86E32B0F870229B1ACA
:1022B00098B21B0444BF00F5006080B2003818BF1C
:1022C00001207047A0F11400EDE7B0F87022B0F8DB
:1022D0006E12914203461FBF8118013291F87402B9
:1022E000B3F872121ABF0A40A3F870220020704798
:1022F000A0F11400E9E770B50B7803704B784370D8
:102300000B78FD2B05460C4638D18B788370CB7843
:10231000C3700B7903714B7943718B7983718B682F
:10232000C3718B68C3F30F2303728B7A43720A263F
:10233000627804F10C01A8190EF076FF6378B4F806
:102340000C213344981CEA545A1CB4F80C1192B274
:10235000090AA954A278D20780B20ED504F5887272
:10236000054404F58E7452F8041B45F8041BA24280
:10237000F9D112782A700F3398B270BD00238B7098
:102380000B7983704B79C3708B7903718B684371C0
:102390000626CDE738B54A78352A0D46044601F1C0
:1023A0000C010AD80EF040FF68780021C0F1360217
:1023B0002044BDE838400FF059B9403551F8043B8E
:1023C00040F8043BA942F9D10B88038038BD38B5E9
:1023D0004A781B2A0C46054601F10C010AD80EF07A
:1023E00023FF60780021C0F11C022844BDE838407A
:1023F0000FF03CB9283451F8043B45F8043BA142A6
:10240000F9D138BD38B54A78082A0D46044601F19D
:102410000C010AD80EF008FF68780021C0F109020B
:102420002044BDE838400FF021B9EB6803604B68E9
:1024300043600B7A037238BD38B54A78072A0C46D8
:10244000054601F10C010AD80EF0EEFE607800217D
:10245000C0F108022844BDE838400FF007B9E3682E
:1024600003604B68436038BD08B52C220348002147
:102470000FF0FCF8024B00221A7008BDF40D00208A
:10248000F40500202DE9F0411378037092F80180E3
:1024900080F80180FD2B04460F46154654D19378F1
:1024A0008370D378C370137903715379437193792F
:1024B00083716B7A127A1B0403EB0223EA791344CB
:1024C00023F07F430A26A26863F31702A260A919CA
:1024D000424604F10C000EF0A7FE7A7B904507D22D
:1024E00008F10C00A2EB0802002120440FF0BEF816
:1024F00063781E44AB195A78AB5D03EB0223A4F852
:102500000C31A378DB070ED5023615FA86F304F5F5
:10251000887203F10C0153F8040B42F8040B8B4250
:10252000F9D11B781370BB7A84F82131FB7A84F8D7
:1025300022313B7B84F823317B7B84F824313B7848
:1025400084F82031BDE8F081002343809378037143
:10255000D37843711379837153790626B3E738B57D
:102560004A78132A0C46054601F10C010AD80EF0F0
:102570005BFE60780021C0F114022844BDE83840B9
:102580000FF074B8203451F8043B45F8043BA142E5
:10259000F9D138BD2DE9F04F0C465188B1F58C7F4B
:1025A000054685B04FF0000010D31070D91CC9B299
:1025B000012995BF01210023518053809CBF2370C6
:1025C00011700020287005B0BDE8F08F16780E2E2F
:1025D00000F2908001A757F826F000BFAD25000853
:1025E00019260008412600085F260008F526000885
:1025F000F5260008F5260008F5260008F52600084F
:10260000F5260008F5260008F5260008F52600083E
:10261000F526000871260008481C50806354217874
:10262000FD299BB206D10C330A21D380918002236D
:102630001370C6E708330621D38091800E23F7E795
:10264000481C50806354D80742BFD1880D31D180D7
:102650000020012B8CBF034603231370B2E7481CF4
:10266000508000208342635414BF03460E23F4E7D6
:10267000481C508063545388D1888B4232D3002346
:102680005380137002232B7069802378FD2B37D180
:1026900063792B72A3796B72637A227A1B0403EB42
:1026A0000223E27913446B60637803F10C026A80C1
:1026B000A278D10701D519336B8000266968DFF84D
:1026C00000816E8140F285120C20B31801335B0843
:1026D00000FB03F758F80770B9421AD25A1EB242EB
:1026E000F3D818E092889A423FF66BAF01232B7023
:1026F000002068E7107050809080D0802870F7E745
:10270000E3782B7223796B7263796B60637808339B
:10271000D2E71E46E3D80C27774358F80730994292
:1027200027D123782046FD2B10F801BF0CBF4FF0B6
:102730000A094FF0060909EB0B03591E89B24744F9
:102740000193FFF733FD97F804A0ADF80E00514652
:102750000DF10E00FFF706FD019BE218E35C5278D5
:1027600003EB0223BDF80E209BB29A4209D005204C
:1027700000E003202870023801288CBF00200120CF
:1027800021E7BB79DA0706D5FA79934582BF04EBD6
:1027900009018A5CAA729B0709D50C2303FB0683F7
:1027A00062781B7A9A4282BF4C44E35CEB720C2342
:1027B00003FB068385F80CA05B796B730220DAE7D4
:1027C00000450108074B084A5B6A02F5006353E8BD
:1027D000003F43F0200302F5006040E8003100298B
:1027E000F3D1704700380140003001400A4A0B4BDA
:1027F00012680B49A3FB02323220920C00FB02F25A
:10280000084B486802F5FA72A3FB023292094B6842
:102810001B1A9A42FBD870478402002083DE1B43B8
:10282000001000E0D34D621030B587B0034601AC14
:1028300000F1100518685968224603C20833AB42FC
:102840001446F7D10024094D8DF81440A96801A859
:10285000FDF776FC10B920B207B030BD0134302C42
:1028600005F10C05F2D14FF0FF30F5E72C00002008
:1028700002780A4B90F801C08178D243D2B29A5CB8
:1028800082EA0C0290F803C09A5C4A40995C027993
:1028900081EA0C01595C4A40985C70470044010889
:1028A000028810B58488531C234044889C421EBF74
:1028B00012189171038010BD411A88B20B0444BFF5
:1028C00000F5007080B2704770B5104C00252346AB
:1028D00026782EB166788E4202D1A67896420BD029
:1028E00001350C2D04F10404F2D1002413F8245016
:1028F0001DB101340C2CF9D170BD012503F8245011
:1029000003EB8403D87059709A70F5E7F90500203D
:102910002DE9F8430B460D795A7A9E7ADF7A204BDF
:10292000097A1B5CDB07044600D50DB9FFF7CCFF25
:1029300000231C491A4898464FF0010E9C4201F8AA
:10294000018B25D02DB90278920702D501F801EC50
:102950001EE0154A4FF0000C92F80090B9F1000FFC
:102960000FD092F8039099450BD1002EEED092F83B
:102970000190B14505D1002FE8D092F80290B945F9
:10298000E4D00CF1010CBCF10C0F02F10402E3D114
:102990000133DBB2042B00F10100CFD1BDE8F88395
:1029A00029060020F5050020F905002007B5036879
:1029B0008DF807101B6901220DF10701984703B03C
:1029C0005DF804FBF0B50546FD2305F80C3B85B02A
:1029D00004468DF8043090F8243103F10C020244CF
:1029E000012B42D80026637066808DF805308B7A03
:1029F00023718DF808308B7AADF8066001338B7245
:102A000063798DF80930A3798DF80A30A368C3F390
:102A100017031A128DF80B3009211B140DF1050054
:102A20008DF80D308DF80C20FFF7C0FB6778ADF8FE
:102A300002003A4629460DF10200FFF79FFB94F889
:102A40002311FFF78FFB94F82421BDF80230A4F87E
:102A50000C31974210D207F10C00D21B31462044B2
:102A600005B0BDE8F0400EF001BE12F8010D0028DF
:102A7000B8D1013BDBB2B3E705B0F0BD704770479A
:102A800008B5FFF7B3FE044AD2F8903043F4004390
:102A9000C2F8903008BD00BF00040058044AD2F8C4
:102AA000903023F40043C2F89030FFF79FBE00BF80
:102AB00000040058084B5B6A4FF0402202F5806327
:102AC00053E8003F43F0200302F5806040E8003106
:102AD0000029F3D1704700BF0044004070B50446A0
:102AE00008460D46FDF736FB236882B2294620468C
:102AF0001B69BDE87040184710B5484B5A6A037A05
:102B0000044692B263B18389D31A9BB2B3F5FA7FBC
:102B100084BF00230372837A4F2B84BF0023037288
:102B2000237AA281082B21D8DFE803F0052020209A
:102B3000202025323D00EE29B4F8C00401D0C82978
:102B400015D10123A37206236175237270B1012888
:102B500009D00BF09BF801463148FFF7BFFF314920
:102B60002F48FFF7BBFF0023A4F8C03410BD01308D
:102B7000A4F8C004FAE73D299FBFA37A5A1C1B1989
:102B8000A2728FBF00235975617207232372EDE78C
:102B9000A27A531C2244DBB2A3725175627A9A4224
:102BA000E4D20823F2E7A37A5A1C2344A27259758F
:102BB000E37D162B04D1012384F865300923E5E772
:102BC0006369194A03F0FF23934203D1012384F878
:102BD0006730F3E7154A93421CD1A37E102B19D11D
:102BE000E37E022B08D0052B0DD0012BE6D1227EEF
:102BF000EE2A08BF84F86A30237EEE2BDED1012353
:102C000084F86B30DAE7012384F86830237F84F896
:102C10006930D3E7012384F86630CFE700440140F0
:102C200028000020D428010800C8002800C800326D
:102C300008B5FFF753FF08BDB0F1904F02D1012056
:102C4000FFF748BA084B984205D003F580639842D5
:102C500003D10420F4E70220F2E7044B984201D1AB
:102C60008020EDE7704700BF00040048001C0048CA
:102C70000C4B984203D14FF40060FFF743BAB0F118
:102C8000804F05D0084B984205D14FF40030F4E74F
:102C90000120FFF72BBA054B984202D14FF4802058
:102CA000EBE77047002C0140004401400048014020
:102CB0002DE9F04387B00E46054614460021142244
:102CC00001A89DF838809DF83C901F460EF0CEFC80
:102CD00000960B2C07D8DFE804F007070A1214143B
:102CE000141616161A1CFEE70323019301E00223B3
:102CF0000493032F11D8DFE807F0111321110123EA
:102D0000F6E70123F1E7012301930393F1E702239F
:102D1000EBE7022301930123F7E7FEE70223029387
:102D2000B8F1100F0CD8DFE808F02D2D0C11131599
:102D300017191B1D1F21232527292B000123EEE72F
:102D4000FEE701230593022301931EE00223F9E726
:102D50000323F7E70423F5E70523F3E70623F1E769
:102D60000723EFE70823EDE70923EBE70A23E9E769
:102D70000B23E7E70C23E5E70D23E3E70E23E1E769
:102D80000F23DFE7B8F1000FDDD1B9F1000F02D05A
:102D90002846FFF751FF053C042C05D8DFE804F076
:102DA000030B04030B00AE62694628460CF090FA50
:102DB00007B0BDE8F083AE61F6E713B54FF0010C44
:102DC0000024CDE9004CFFF773FF02B010BD0000F6
:102DD00030B587B0002315460446ADF80630FFF73E
:102DE00047FF042D04D8DFE805F02E3204363F00FB
:102DF000FEE71E4B1E4A1B68B3FBF2F39BB2002298
:102E0000CDE90221013B01A92046ADF8043004922E
:102E100005920CF0ADFC236823F080032360A368C7
:102E200023F4A03323F00703A360636823F0700347
:102E30006360636823F470036360A36823F0800316
:102E4000A36007B030BD094B0A4A1B68D4E7074BA3
:102E5000094A1B68D0E7054B064A1B68B3FBF2F32F
:102E600003EB83035B00C9E70123C8E7840200206A
:102E700080A8120140420F0000127A0010B50446EB
:102E8000FFF7A6FF236843F00103236010BD002273
:102E90004FF0FF31FFF7F2BF204B10B5204C5B68BD
:102EA00023600BF07BFB4FF090400CF0D3F91D48F2
:102EB0000CF0D0F91C480CF0CDF91C480CF0E6FDE4
:102EC0001B480CF0E3FD1B480CF0F4FB0CF05EFB20
:102ED0004FF0E02200234FF0B04113615361936142
:102EE0008A6822F0030242F001028A6072B64FF053
:102EF000FF319A0002F1604202F561420133082B72
:102F0000C2F88010C2F88011F3D162B6034B1B687F
:102F100083F3088823689847FEE700BF0000FF1F7F
:102F2000F005002000040048000800480038014077
:102F300000440040003001400749084A881AEFF376
:102F40000883521A1A44013A013B984288BF002272
:102F5000AA210EF08BBB00BF00000120000400007E
:102F6000044B5A69586910F0020018BFC2F3800080
:102F7000704700BF000400584FF0B042D2F89430C0
:102F800043F40043C2F894304FF47A7300BF013B1E
:102F90009BB2002BFAD14FF0B043D3F8942022F427
:102FA0000042C3F89420D3F894205204FBD40C4B75
:102FB000D3F8902022F40042C3F890204FF47A72A4
:102FC00000BF013A92B2002AFAD1D3F8902042F41D
:102FD0000042C3F890204FF400629A61704700BF2E
:102FE0000004005810B50323052240214FF0904003
:102FF000FFF7E3FEBDE810400323052280214FF0D8
:103000009040FFF7DABE08B5FFF7AAFF003818BFF7
:10301000012008BD08B5FFF7F6FF00B908BD00BFE5
:10302000F9E74FF0904380229A6240229A617047FC
:103030004FF0904340229A6280229A6170470000CC
:10304000024B4FF480225A60704700BF00E100E05D
:103050000023032201214FF09040FFF7AEBE4FF056
:1030600090431869C04300F00100704710B5074C49
:103070000023204605220821FFF79FFE204600235B
:10308000BDE8104005221021FFF797BE000400485C
:1030900005494B691A04DB4302F4002203F00803DC
:1030A00013438B61704700BF0004004805494B691A
:1030B0001A04DB4302F4801203F0100313438B6104
:1030C000704700BF0004004808B5032200234FF0FA
:1030D00090400121FFF771FE102300204FF0904235
:1030E0001169C90758BF013003F1FF3358BFC0B29F
:1030F00013F0FF03F4D108288CBF0020012008BD85
:103100000C4BD3F8FC2022F08072C3F8FC20D3F8DB
:10311000FC2042F08072C3F8FC20A3F55D431A68DE
:1031200022F001021A601A6842F001021A600022BD
:103130005A60704700ED00E00649074B074A1B68DC
:10314000B3FBF2F310B54C6843434A68121B9A4232
:10315000FBD310BD001000E08402002040420F00AD
:1031600008B50322002302214FF09040FFF725FE0F
:1031700042F21070FFF7E0FF102200234FF0904161
:103180000869800758BF013302F1FF3258BFDBB234
:1031900012F0FF02F4D10C2B01D9FFF77DFE08BD20
:1031A0001FB50223CDE9013101A80123694603932C
:1031B0000BF05EFB00280CBF0420052005B05DF875
:1031C00004FB014608B501200BF00CFB00280CBFE6
:1031D0000420052008BD08B5FFF7E2FF031F584291
:1031E000584108BD08B5FFF7ECFF031F584258418E
:1031F00008BD00002DE9F047294B2A4D01280E4655
:1032000014462949294A0FBF79277827AA461D461F
:1032100006BF88469A4690460BF098FA39462846EB
:10322000FFF7D9FF28B900240BF0A2FA2046BDE829
:10323000F087002E08BF4FF4FC64073424F0070425
:1032400005F11007B1463444AAEB050AA1450BD19C
:103250004FF011324FF0FF332846FFF7C3FF041E33
:1032600018BF0124A400DFE76EB90AEB0703D3E916
:103270000023B3F1FF3F08BFB2F1FF3F06D108378B
:1032800009F10809E2E7D9E90023F2E7B84505D9D1
:103290003846FFF7A7FF0028F1D1C4E70324C3E7AE
:1032A00000C0030800C80308FFCF0308FFC70308D6
:1032B00010B50BF04BFA09487821FFF78CFF044654
:1032C00038B107487921FFF786FF041E18BF012493
:1032D000A4000BF04DFA204610BD00BF00C003084B
:1032E00000C8030830B5084D002340F2EF749AB2CD
:1032F000914201D8042030BDA34203D05A5DC2548C
:103300000133F4E70320F6E710C0030838B504469C
:103310000D4672B60A4601460020FFF76BFF62B603
:10332000042806D172B601202A462146FFF762FF23
:1033300062B638BD38B5124B1C68D3F80058B4F1EA
:10334000113F09D1B5F1113F17D0002211460120DC
:10335000BDE83840FFF74EBFB5F1113F03D1002261
:1033600011461046F4E7FFF7A3FF042804D12C40D0
:1033700001340CBF0220012038BD0420FCE700BF4F
:1033800000C00308044B9A689107FCD518739A682B
:10339000D207FCD5187B70470000015870B50C4669
:1033A000451E8E18B44200D170BD15F8010FFFF70D
:1033B000E9FF04F8010BF5E7084611461A46FFF746
:1033C000EDBF000070B5064E04464518A54200D179
:1033D00070BD3078FFF7D6FF04F8010BF6E700BFA9
:1033E0006C02002008461146FFF7ECBF38B50446D2
:1033F0004518AC4200D138BD14F8010BFFF7C2FFED
:10340000F7E708461146FFF7F1BF000010B58CB092
:103410002822002102A80EF029F94FF0B0431C4CDD
:103420005A6E42F001025A665B6E03F0010301938B
:10343000019BFFF7A1FD082208924FF4827200233E
:1034400003924FF40072CDE90533CDE909330293BD
:10345000079207234FF4E06202A920460B930492DF
:103460000CF04CF9636823F010036360636823F089
:1034700008036360236843F040032360A3689B074D
:10348000FCD5237B034BFF221A700CB010BD00BF8C
:10349000000001586C0200201B4B10B4DC69A00630
:1034A00011D51A6891060ED5184819495A6A038829
:1034B00009880133C3F30A0389B299421FBF154932
:1034C000D2B2CA54038010481F232206036215D5C6
:1034D00003681B0612D5104B104A1988138889B24D
:1034E0009BB299420CD013880133C3F308031380B5
:1034F00013880B4A9BB2D35CDBB2836210BC70476B
:1035000010BCFEF726BE00BF004400403E41002034
:103510003C4100203C390020424300204043002031
:10352000404100200A490B4A08B50B881288013334
:10353000C3F3080392B29A4207D0074AD05407480F
:103540000B80FEF7EBFD012008BD0020FCE700BF6B
:1035500042430020404300204041002000440040FE
:1035600038B504464518AC4200D138BD14F8010BFB
:10357000FFF7D8FFF7E708461146FFF7F1BF000055
:10358000054B064A1B8810880133C3F3080380B239
:10359000181A18BF01207047424300204043002002
:1035A00008B5FFF7EDFFB0FA80F0400908BD000054
:1035B000054B064A1B8812889B1A98B21B0444BF0D
:1035C00000F5006080B270473E4100203C41002081
:1035D000FFF7EEBF0848094A0188138889B29BB2F9
:1035E0009942F9D013880133C3F30A031380138877
:1035F000034A9BB2D05C70473E4100203C41002012
:103600003C390020FFF7E6BF70B588B00C4606468F
:1036100015460021202268460EF028F8231E18BF08
:1036200001231B03CDE9023569460C2303480196AB
:10363000049405930CF04EFA08B070BD00440040AD
:1036400010B5064C236823F001032360FFF7DCFF6D
:10365000236843F00103236010BD00BF0044004015
:10366000002208461146FFF7EBBF000073B5314C4E
:10367000236823F001030825236001264FF400305E
:10368000FEF734FD0421CDE9005603230A224FF052
:103690009040FFF70DFB03231A462946CDE900565B
:1036A0004FF09040FFF704FB002211464FF4E13049
:1036B000FFF7AAFF636823F490436360A36823F0D5
:1036C0002A03A3601C4BB02283F8252320225A60D2
:1036D0002046FEF73EFDFEF733FD40232362174BE5
:1036E00000211980164B1980FEF721FD154B19801A
:1036F000154B1980636823F400636360A36823F0AB
:103700000803A360636823F480436360A36823F025
:103710002203A360A36843F48053A3602368334368
:103720002360E3699A02FCD5E3695B02F9D502B034
:1037300070BD00BF0044004000E100E040430020B5
:10374000424300203C4100203E41002008B5FFF7E5
:103750008DFFBDE80840FFF7ADB9FFF7F7BF0000E8
:10376000084BDA6892070CD4074A012111805A6A83
:1037700010325A636FF002021A61DA6842F00202F4
:10378000DA6070470048014008320020314A13696E
:103790009B0710B525D56FF0020313612E4B1B88D4
:1037A000516B11FA83F353632C4B198889B20029AA
:1037B00045D01988013189B21980198889B2022946
:1037C00010D84FF0904320229A62254A1388013383
:1037D000C3F3080313801388224A9BB2D35C224AA6
:1037E000138010BD198889B20A290FD81E4B1A8878
:1037F00012F0010F4FF090424FF0200114BF916181
:1038000091621A88C2F34E021A80EAE7198889B2D7
:103810000B294FF090414FF02000886109D1134AE5
:1038200011880F4A128889B292B29142D9D00122EE
:10383000EAE7D16821F00201D1600022E4E74FF00D
:10384000904020248461D06820F00200D06019806C
:10385000C7E700BF004801400432002008320020C2
:103860000C3400200A3200200A3400200E340020DC
:1038700009490A4A08B50B8812880133C3F30803C3
:1038800092B29A4206D0064AD0540B80FFF768FFE6
:10389000012008BD0020FCE70E3400200C3400207D
:1038A0000A32002038B504464518AC4200D138BD74
:1038B00014F8010BFFF7DCFFF7E708461146FFF7A6
:1038C000F1BF0000B0F5614F0D4A0E4B0CD0B0F5C2
:1038D000E13F10D0B0F5165F0DD172B640F2413124
:1038E000118040F2E24203E072B68B211180D022B7
:1038F0001A8062B6704772B6452111805422F7E7EC
:10390000043200200632002030B5032389B005229E
:1039100020214FF09040FFF750FA194C4FF09043A0
:1039200020259D61204601224FF0FF31FFF7A6FAC6
:103930002A46002168460DF099FE6A46012120467C
:103940000BF050FF0F4AD2F8183823F00403C2F8E6
:1039500018386FF0020323610B4B902283F81D236C
:103960004FF000521A604FF4E130FFF7ABFF074A07
:1039700000231380064A1380064A138009B030BD25
:10398000004801400040014000E100E00C3400200C
:103990000E34002008320020FFF7B6BF024B1A6831
:1039A000024B1A60704700BF74430020E00B0020F8
:1039B000054A064B1968136899421DBF013301205F
:1039C00013600020704700BFE00B0020744300200C
:1039D000034A044B11681B780B441360704700BF07
:1039E0007443002088020020014B1868704700BF14
:1039F000744300200148FFF74ABA00BF0044014069
:103A0000014B586A80B270470044014008B5FFF787
:103A1000F1FFBDE80840FFF7C1BF0000044BDA68C2
:103A200022F00202DA606FF002021A61704700BFF2
:103A300000440140002208B50260FFF7EFFF044B8D
:103A4000F02283F81C234FF080521A6008BD00BF9B
:103A500000E100E008B5036853B1FFF7DFFF054B55
:103A60005A6A114489B25963DA6842F00202DA6094
:103A700008BD00BF00440140074B1A69920709D5F1
:103A80006FF002021A61DA6822F00202DA60034B78
:103A90001B681847704700BF0044014030350020C4
:103AA000F8B51B4C1B4B1C4F2046C02240F8043B72
:103AB00000210DF0DBFD0622A01843233946FDF757
:103AC00055FE164B0525C4E913353F230226A4F8FD
:103AD000543006224323394604F15600A4F84A60C4
:103AE000FDF744FE4FF48033C4F89C300C49A4F831
:103AF0009A60002304F1AC00C4E9293384F8A030B3
:103B00000DF064FB7F2384F8C13084F8C250F8BD07
:103B10002C050020080016008C3C01080F00030053
:103B20002729010870B5094E05460C46415C304610
:103B30000DF063FB034628B1831B0133DBB2282B56
:103B400028BF0023F35C2B5570BD00BFD443010890
:103B500070B50C46114606460DF038FB44B1002501
:103B6000052130460135FFF7DDFFEBB29C42F7D867
:103B700070BD000073B5054605F11106214C224ABF
:103B8000014636016846FFF7E3FFB01C6946204452
:103B90000DF01CFB264404EB051100230222727277
:103BA000A1F81A31142101FB05400425012180F8F8
:103BB00050504FF4807640F20115A0F84A20C164BD
:103BC000A0F8521080F85510A0F85660A0F8585090
:103BD00040F2032084F83430E284A662A08584F8A1
:103BE0002E1084F8302084F83330C4F83A30C4F80A
:103BF0003E30C4F84230A4F84650A4F8485002B011
:103C000070BD00BF70030020E2280108F7B505462B
:103C1000B14CB24A05F11106014637016846FFF77B
:103C200097FFB81C274469462044FDF7C1FC7B7A06
:103C3000AB4A072B88BF032304EB061088BF7B72B7
:103C40001188437A41FA03F3DF070FD40323437249
:103C500061B10807C1F3C00308D441FA03F7FF07B5
:103C6000D8B240F1D88104EB0613587204EB051169
:103C70002B0191F81A01052802D9002081F81A01B8
:103C8000E718508897F81A1140FA01F1C90711D4C2
:103C9000012187F81A1168B18707C0F3400109D4E0
:103CA00040FA01FC1CF0010FCFB200F0B981E1181D
:103CB00081F81A71E11891F81B01032802D900203C
:103CC00081F81B0104EB0616717A012903D9042936
:103CD00001D000219180E618908896F81B1140FAD7
:103CE00001F111F001010ED186F81B1158B110F04D
:103CF000010108D140FA01F7FF07CEB240F19581EA
:103D0000234483F81B61142303FB054191F84A0007
:103D1000052802D9022081F84A0003FB054393F8E5
:103D20004B10042902D9002183F84B10142303FB04
:103D30000543B2F84A1093F84B0041FA00F0C0076F
:103D400012D4012083F84B0071B18807C1F34003FE
:103D50000AD441FA03F6F707D8B240F16B81142375
:103D600003FB054383F84B00142303FB054393F83F
:103D70004C10032902D9012183F84C10142000FBB8
:103D80000540B2F84C1090F84C3041FA03F313F0B0
:103D9000010310D180F84C3069B111F001030AD150
:103DA00041FA03F6F607D8B240F14981142303FB28
:103DB000054383F84C00142303FB054393F84E108E
:103DC000012902D9002183F84E10142000FB054080
:103DD000B2F84E1090F84E3041FA03F313F001039D
:103DE00010D180F84E3069B111F001030AD141FAC7
:103DF00003F6F707D8B240F12781142303FB0543EC
:103E000083F84E00142303FB054393F84F10022957
:103E100002D9002183F84F10142000FB0540B2F8AE
:103E2000503090F84F1043FA01F111F0010110D118
:103E300080F84F106BB113F001010AD143FA01F67B
:103E4000F607C8B240F10581142101FB054181F854
:103E50004F00142101FB054090F84D60022E02D95D
:103E6000002680F84D6001FB054191F850000528BF
:103E700002D9042081F85000142101FB054090F87C
:103E80005260012E02D9012680F8526001FB0541E3
:103E900091F85500012802D9012081F8550014211C
:103EA00001FB054191F85300022802D9002081F856
:103EB0005300142606FB0546B2F8520096F853103C
:103EC00040FA01F111F0010117D186F85310A0B1A9
:103ED00010F0010111D105E070030020E228010873
:103EE0002C05002040FA01F7FF07CEB240F1B68062
:103EF000142101FB054181F85360142101FB0540A9
:103F000090F856600C2E02D9002680F8566001FB0E
:103F1000054191F84C00012809D191F84F60022E1B
:103F200005D1DF0740F19F80002381F84F30142333
:103F300003FB0543012183F8571040F20111A3F858
:103F4000581094F82630052B02D9022384F8263025
:103F500094F82730042B02D9002384F82730B2F8D4
:103F60009A0094F8273040FA03F313F0010F8A4BBC
:103F70000ED1012184F8271050B18607C0F340010B
:103F800006D440FA01F7FF07CEB271D583F8276057
:103F900094F82810022902D9002184F8281094F8F6
:103FA0002910022902D9012184F82910B2F89C10A5
:103FB00094F8292041FA02F212F001020CD184F89F
:103FC000292049B111F0010206D141FA02F6F607A3
:103FD000D0B251D583F8290094F82A200C2A02D9AE
:103FE000002284F82A2093F832200C2A02D90022D9
:103FF00083F8322093F82B20042A02D9002283F878
:104000002B2000226549104611F9014F14F1780F59
:1040100036DA087036E00133102B7FF41EAE25E649
:10402000013110297FF43CAE44E6013110297FF4C0
:1040300061AE68E60133102B7FF48BAE94E601335A
:10404000102B7FF4ADAEB6E60133102B7FF4CFAE6C
:10405000D8E6013110297FF4F1AEFAE601311029DA
:104060007FF440AF49E713F0020318BF03465CE753
:104070000131102985D18BE70132102AA5D1ABE798
:10408000782CC6DC0132D2B20C2ABDD144490022C0
:10409000012011F8014F0132022CD2B288BF087002
:1040A000042AF6D193F83420012A02D9002283F899
:1040B00034203C4AB2F89E1093F8342041FA02F2C0
:1040C00012F001020CD183F8342049B111F0010241
:1040D00006D141FA02F4E407D0B211D583F83400D6
:1040E00093F82C20052A02D9032283F82C2093F878
:1040F0002D20032A08D80AD1002283F8342006E0B4
:104100000132102AE5D1EBE7022283F82D2093F843
:104110002E20022A02D9012283F82E2093F8302083
:10412000022A02D9022283F8302093F833200C2A85
:1041300002D9002283F8332093F83520042A02D9CB
:10414000002283F83520142202FB053191F85A0031
:10415000012802D9002081F85A0002FB0532FF2114
:1041600003EB05154FF6FF7082F8511082F85410DA
:1041700083F82F1083F831104FF0FF31C5F81C1170
:10418000A5F820011962998482F85B00A2F85C10FE
:10419000D986198703B0F0BD70030020A903002061
:1041A000B50300202C050020034670B50846052BFA
:1041B00004D8DFE803F01D0421191D21FEE72026A5
:1041C0001F250F22174CA3702277013B0122A4F870
:1041D0004860A4F84A50A276A273042B10D8DFE8F6
:1041E00003F010181B1B180009266F250722E9E7AA
:1041F000142632250A22E5E7352613251922E1E7A0
:10420000FEE7002323712374FDF7A8FC607360763A
:1042100070BD22712274F7E7002323712374A37603
:10422000A373F1E714030020044B012283F851200B
:10423000A3F85220A3F85420704700BF14030020B5
:104240002DE9F043944D954C00F1110805EB08174A
:1042500002378BB006463846FDF7C6F904210090B8
:104260006846FDF7A3FF05EB0613E08393F81B31C7
:104270004FEA06192BB103EB031303EB0323184496
:10428000E08305EB08135B7A062B40F0B680E38BE6
:1042900003F5B5432533E383142303FB065305EBF2
:1042A000081893F84B00FFF7BFFF98F809106170EA
:1042B0008B1FA944012B8CBF0023012399F81A01FD
:1042C00084F85630FFF770FF99F81B21E18B009BB3
:1042D000E1806182A36063612AB14FF0113000FB7D
:1042E0000233A3606361142303FB0653616293F8F6
:1042F0004A006B4B84F8292013F92030237323766E
:10430000002384F82A30637B23B93846FDF78CF903
:1043100084F82A006078FDF721FC624A84F82800BE
:10432000128802F00101970748BF41F00201A18500
:104330000346500742BFA18D41F00401A18511073A
:1043400042BFA18D41F01001A185D70642BFA18DCA
:1043500041F02001A185900642BFA28D42F00802E3
:10436000A285514A01AF02F1200E10685168BC4687
:10437000ACE80300083272456746F6D11068CCF805
:104380000000A278494F06210AA801FB0303134449
:1043900013F8248C84F8208017E90F0087E80F00B9
:1043A00040F2E2434046A4F84C30FCF7D9FB4FF012
:1043B0007F51FCF729FCFCF729FEB4F848204FF4A4
:1043C0007A73B3FBF2F3A4F84030142303FB0653D3
:1043D0004FEA5808B8F1050F93F85030C0B238BF13
:1043E0004FF00508A4F84E0084F85080052B33D810
:1043F000DFE803F00B382C2F3235072B7FF44CAF5E
:10440000E38BA3F5B543263B45E74FF416536364AE
:10441000002384F8573084F85930142303FB0656E0
:1044200096F84C30032B03D096F84F20022A02D185
:10443000012284F85720591E4A424A4184F85820E4
:1044400094F857208AB1012B0FD1FEE74FF41643A1
:10445000DDE74FF46143DAE74FF4E133D7E74FF498
:104460006133D4E74FF49643D1E72178142000FB61
:10447000015595F84C10022907D1012184F85910F3
:1044800022B194F859301BB1FEE70AB9012BF8D0DC
:104490000BB0BDE8F08300BF7003002014030020C0
:1044A0008C3C01082C05002004270108440300204F
:1044B00002484FF4DE72FF210DF0D8B870030020DF
:1044C00002484FF4DE71FEF721BF00BF70030020E9
:1044D00002484FF4DE71FEF705BF00BF70030020F5
:1044E00008B5FFF7F5FF034B1878BDE80840FFF764
:1044F0008DBB00BF1403002038B5FFF7D9FFFEF7CE
:1045000019FF04280CD0FFF7D3FFFEF713FF042890
:1045100003D1FFF7DDFF042806D0FFF7C9FF03E052
:10452000FFF7D6FF0428EED12F4930482F4C102238
:104530000CF088FE38B12E49102220460CF082FE85
:1045400008B1FFF7B5FFA38AB3F5215F28D008D3E0
:104550000025E8B20135FFF70DFB0A2DF9D1002344
:10456000E3774FF42153A382012522691E491F4896
:1045700042F6A1039A424FF010021CBF23610125AD
:104580000CF060FE70B1184918481022FDF76CF964
:10459000184919480822FDF767F9FFF791FF03E072
:1045A0000025E2E7002DF8D1E37F104A092B84BFF4
:1045B0000023E377E17F1420002300FB0144013353
:1045C00094F84C0082F84C000A2B02F11402F6D148
:1045D0000A4C2170FFF764FA2078FFF717FB207868
:1045E000BDE83840FFF72CBEE92801087003002021
:1045F000FA2801080B2901082205002014030020D5
:104600000129F7B5054600D9FEE70B4E06EB01136D
:104610001C460F016278F15D03619B7809F0B0FCE4
:10462000E3790193A379009322796379E1782846AD
:1046300009F0CDFC03B0F0BD7459010838B58368AA
:1046400004466BB1024652F8183BDD6900F11903CC
:10465000A847217E20460222BDE8384009F019BD56
:1046600038BD000070B58160897A86B0044601B11A
:10467000012109F05EFC204609F0DDFD204609F02D
:10468000B5FD217BFF2903D0FA22204609F0BAFDAF
:10469000A3685B7A013B042B04D8DFE803F0043EF7
:1046A0003E414100FEE7E922E121204609F0E8FD14
:1046B0000121204609F077FD9621204609F0B4FD3E
:1046C0003821204609F0C6FD204609F0CBFDA3683D
:1046D000204693F90810FFF7B1FFA3689D7A15B340
:1046E00019782046FFF78CFF00221146204609F07A
:1046F0003AFC0023009340F2032220464FF6FF715C
:1047000009F094FC20464FF6FF7109F0B6FC2046F4
:1047100006B0BDE8704009F056BDDB22D721C4E7E2
:104720006F226B21C1E75E880E4B63614CF2503300
:10473000009320460C4919230B2209F0B1FD0123F7
:10474000CDE903335B23CDE90153102319462046FD
:104750000095042209F0E2FD3146204609F002FEF0
:10476000C2E700BF54590108A086010010B50446F5
:1047700009F029FD20464FF6FF71BDE8104009F011
:104780007CBC000038B58168036891F90810DD69C8
:10479000044600F1190300F11802A847A3689A7AA9
:1047A00042B11A78012A00D9FEE7044B03EB021349
:1047B000236138BD024B6361FBE700BF74590108F8
:1047C0005459010810B50A4CA06858B1236923B99F
:1047D000636913B92046FFF7D5FFA3689B7A23B11D
:1047E00023699868A0F57A7010BD63699869F9E744
:1047F00010340020836810B5044683B103691BB9E7
:1048000043690BB9FFF7BEFFA3689B7A1BB123690D
:10481000B3F90C0010BD6369B3F91C00FAE7184640
:10482000F8E7836810B5044643B103691BB94369CF
:104830000BB9FFF7A7FF94F9190010BD1846FCE764
:1048400008B5836843B9FFF70DFF7D20FEF774FCC0
:10485000BDE80840FEF7F4BB08BD000090F8D43076
:1048600053B190F8D520074B03EBC20153F8323017
:10487000497953F821007047037C00EB8300406BBB
:10488000704700BF5C3C010838B51546044604EB90
:104890008504084606490CF099FC606BFCF75CF94E
:1048A0000449FCF7B1F90BF08FF9FCF7AFFB38BD09
:1048B0001129010800007A3A2DE9F3419DF824708E
:1048C0001646402F88464FF05B024FF00001044629
:1048D0001D4628BF40270CF0C9FEA24BDB8B23806E
:1048E0003278A37862F30203A37071784FEA081854
:1048F000C90001F0080108F03008DBB223F03803EA
:1049000041EA08011943A1707279E37862F38203E6
:10491000E370B279A37962F30003A37196F9020000
:10492000FCF773FDE37800F01F0203F0070343EA8E
:10493000C203E3702379C0F3411023F00303034360
:104940002371F27962F382032371327ADBB202F0CF
:104950001F0203F0070343EAC2032371327A63792B
:10496000C2F3401223F0010313436371327962F3FF
:1049700047036371727AA37802F0030203F03F03E6
:1049800043EA8213A370727AE378C2F3800223F0C1
:1049900001031343E370B27A62F34103E370A37936
:1049A00067F34703A3712B78AA78E3716B7802F061
:1049B0001F0203F0070343EAC20323726A88637A83
:1049C000C2F3451223F03F03134363722A79DBB22B
:1049D00002F0030203F03F0343EA82136372AB88E1
:1049E000C3F38703A3726A79E37AC2F3800223F0E8
:1049F00001031343E372AA79DBB202F07F0203F0F2
:104A0000010343EA4203E372EA88237BC2F3C31241
:104A100023F00F03134323732B7AAA7AE3736B7A81
:104A200002F01F0203F0070343EAC20323746A89FA
:104A3000637CC2F3451223F03F03134363742A7B64
:104A4000DBB202F0030203F03F0343EA8213637414
:104A5000AB89C3F38703A3746A7BE37CC2F3800250
:104A600023F001031343E374AA7BDBB202F07F025D
:104A700003F0010343EA4203E374EA89237DC2F3AE
:104A8000C31223F00F03134323752B8ADB086375CE
:104A90006B8ADB08A375AB8ADB08E375EB8ADB085E
:104AA00023762B8BB3F5C06F4ED2B3F5007F94BF46
:104AB00000230123227B63F3051222736B8BB3F572
:104AC000C06F43D2B3F5007F94BF00230123227B44
:104AD00063F387122273AB8BB3F5C06F38D2B3F593
:104AE000007F94BF00230123227D63F3051222750A
:104AF000EB8BB3F5C06F2DD2B3F5007F94BF0023CD
:104B00000123227D63F38712089B22751F4404F161
:104B10001802BB4220D14FF6FF7321460DF106006B
:104B20000D22ADF80630FDF729FB2146BDF8063011
:104B300021F80D3F4C22FDF721FBBDF80630A4F80B
:104B4000593002B0BDE8F0810223B3E70223BEE78B
:104B50000223C9E70223D4E713F8011B02F8011F5F
:104B6000D7E700BF1403002013B59DF81040CDE92E
:104B7000003413460A460021FFF79EFE02B010BD26
:104B800013B5144B0288DB8B9A4204461DD18378FF
:104B900003F03003102B01D0202B18D1A379A52BC3
:104BA00015D84FF6FF730DF1060059222146ADF8D6
:104BB0000630FDF7E3FAB4F85900BDF80630C01A24
:104BC00018BF0120800002B010BD0120FBE70220C9
:104BD000F9E700BF1403002030B53A4B027893F890
:104BE000261061F30302027093F8271061F3071295
:104BF000027093F82810427861F30302427093F830
:104C0000291061F30712427093F82A10827861F339
:104C10000302827093F83210827961F30302827189
:104C200093F82B10827861F30712827093F8341096
:104C3000C27961F30302C27193F82C10C27861F358
:104C40000302C27093F82D1061F30712C27093F83B
:104C50002E10027961F303020271427993F8301049
:104C600061F30302427193F83310827961F3071202
:104C7000827193F83510C27961F30712C27103F1A2
:104C8000390100F10A0200F1160411F9015F02F87E
:104C9000015FA242F9D193F84610C27D61F301028F
:104CA000C27593F8471061F38302C27593F84810F8
:104CB00061F30512C27593F8493063F38712C27528
:104CC00030BD00BF700300200278344BC2F30302F2
:104CD00030B583F826200278C2F3031283F8272028
:104CE0004278C2F3030283F828204278C2F3031209
:104CF00083F829208278C2F3030283F82A2082797C
:104D0000C2F3030283F832208278C2F3031283F8DD
:104D10002B20C279C2F3030283F83420C278C2F395
:104D2000030283F82C20C278C2F3031283F82D20EB
:104D30000279C2F3030283F82E204279C2F3030200
:104D400083F830208279C2F3031283F83320C279CA
:104D5000C2F3031283F8352003F1390100F10A028E
:104D600000F1160412F9015F01F8015FA242F9D1C6
:104D7000C27DC2F3010283F84620C27DC2F38102E4
:104D800083F84720C27DC2F3011283F84820C27D18
:104D9000C2F3811283F8492030BD00BF70030020A8
:104DA0001FB58DF80C300123019303AB009313461C
:104DB0000A460221FFF780FD05B05DF804FB000004
:104DC000F0B5234D012385F8A030044685B0B0F836
:104DD0000900FCF7F0FCC5F8A400B4F80B00FCF7E0
:104DE000EAFC1422C5F8A80004F10D0105F1AC009D
:104DF000FCF74CFD94F9213085F8C13094F822304D
:104E000085F8C23004F12300FFF75EFF6E4604F11F
:104E1000410304F1510718685968324603C2083348
:104E2000BB421646F7D10B48432308226946FCF7DC
:104E300045FC94F85130A5F89A3094F85230A5F812
:104E40009C3094F85330A5F89E3005B0F0BD00BFFB
:104E50002C050020820500202DE9F04792B0DFF8F4
:104E600090A0244C0DF108084FF0400905460E466D
:104E7000174600214A4640460CF0F8FB9AF800100D
:104E800004EB011122230DF10A00062201F58971BC
:104E90008DF80830FCF7E8FC9AF8001004EB0112DA
:104EA00005A892F81A3192F8194103F00F0304F0A3
:104EB0000F0444EA031492F81B3103F00F0344EA91
:104EC0000324BDF8103023F47F6323F00F031C4349
:104ED000ADF81040FFF780FECDE900893B46324631
:104EE00002212846FFF7E8FC12B0BDE8F08700BFBA
:104EF0001403002070030020034B04491A6804487F
:104F000001FB020018607047300600200D66190092
:104F10005FF36E3C38B50B4A0B4D13782C78A342E7
:104F200005D101332B70287800F0010038BD1470D2
:104F3000FFF7E2FF6FF0004398423CBF01342C7052
:104F4000F1E700BF2D0600202E0600200B4A0C4979
:104F5000126882600A6802614A680A4942610A6806
:104F600082614A68C26100234EF6602283808371A9
:104F70008381038402600385704700BF744300206F
:104F8000162901081F29010810B50E4CA36803B9A2
:104F9000FEE70D4A12791A700021204608F0B2FF90
:104FA0004FF47A70FEF7C8F82046012108F0C1FFDF
:104FB000A36820461978FFF723FB2046FFF7D6FBAE
:104FC00010BD00BF103400201403002038B5174D69
:104FD0000446A878697805281CD14FF6FF7323850D
:104FE000FFF7E2F86B7801229A40238D23EA02034F
:104FF00023850F490F48FFF723FC0E48FFF7B6FB48
:105000000C486FF07F01FFF719FB2046BDE83840E0
:10501000FFF7BABF002323850220FFF7C5F86A789F
:1050200001239340228D13439BB2E1E71403002038
:10503000180300201034002008B590F820300246F4
:105040008BB9FEF70CF810B982F8210008BD92F870
:10505000213001335BB2312B82F82130F6DD0123A0
:1050600082F82030F2E7FDF7FAFF18B1322382F818
:105070002130EBE792F82130013B5BB2002B82F844
:105080002130D8BF82F82000E0E70000134B90F8F1
:1050900020201B68CAB182689B1AB3F57A6F01D9C8
:1050A000012343710379ABB10D4B427B1B781AB1DD
:1050B000022B1CBF032202739A1E534253414373B7
:1050C000837953B10323037370478360EAE70123B5
:1050D0000371F8E74379002BF9D17047744300203E
:1050E000110700200346007B821E012A4FF00002B8
:1050F00002D893F8201009B91A7370471046704708
:1051000070B51D4C1D4E05465B22002120460CF05B
:10511000ADFA2B6923606B696360194B194D1B78DD
:1051200031789A1E53425341627A05EB011163F3C1
:105130000002627201F58971062204F10A00FCF78F
:1051400093FB337805EB031205EB031592F81B1163
:1051500095F8193192F81A2103F00F0343EA02136C
:105160002374637C204661F3030359216374FDF7C4
:105170001DF8A4F8590070BD7534002014030020F8
:1051800011070020700300200A4A38B51388013344
:105190009BB2502B04460D4601D8138038BD002326
:1051A00005491380FDF79AFC29462046FDF796FC39
:1051B000F4E700BFEA0B0020952A01082DE9F84F1B
:1051C000154604460F466B496B4EFDF787FC294692
:1051D0002046FDF783FC694B0022012F1A800FD176
:1051E0000823B362102746F2A810B761FDF7A4FFA9
:1051F000B762FDF7A1FF29462046FFF7C5FFF2E79A
:10520000BB1E10220C2B00F2A880DFE803F0314116
:10521000521C07A6A6A6626262626200564E4FF05A
:1052200010080827C6F8188046F2A810B762FDF7E4
:1052300083FFC6F82880B761FDF77EFF2946204628
:10524000FFF7A2FFEDE74C4E4FF010080827C6F815
:10525000188046F2A810B761FDF76EFFC6F82880E7
:10526000B762FDF769FF29462046FFF78DFFEDE79E
:10527000B262414E082746F2A810B761FDF75CFF05
:10528000B762FDF759FF29462046FFF77DFFF2E799
:105290000823B361384E102746F2A810B761FDF716
:1052A0004BFFB762FDF748FF29462046FFF76CFF2A
:1052B000F2E7B261304E082746F2A810B761FDF759
:1052C0003BFFB762FDF738FF29462046FFF75CFF3A
:1052D000F2E7A7F1090BDFF8A0805FFA8BFB00264D
:1052E0004FF0100A5E453CBF0823C8F818304FF055
:1052F000040946F2A810C8F818A0FDF71DFFC8F869
:1053000028A0FDF719FF09F1FF3929462046FFF7CC
:105310003BFF19F0FF09ECD10823C8F828304FF003
:10532000040946F2A810C8F818A0FDF705FFC8F850
:1053300028A0FDF701FF09F1FF3929462046FFF7B4
:1053400023FF19F0FF09ECD10136A7F10803F6B2EB
:10535000DBB2B34238BF0026C4E70823B261B361B1
:105360004CF25030FDF7E8FE29462046FFF70CFFCF
:10537000F6E700BF952A010800040048EA0B002068
:1053800008B5437802789A4213D0052B8ABF0523CB
:1053900003700370027888BF4370064B064813F908
:1053A0002210064B19731976836813B11972FFF72F
:1053B00045F908BD8C3C010810340020140300207E
:1053C00010B50AB9437010BD541E0B2CFBD8033224
:1053D000D2B231F91220C83A03FB022240F27161C5
:1053E00092FBF1F212B222EAE2729A42C8BF1AB2FA
:1053F0004270E8E7034B044A1A60044B044A1A60FF
:10540000704700BF503100207802002004070020C0
:105410007C020020034B044A1A60044B04481860C5
:10542000704700BF503100207C020020040700209C
:105430007802002008B5FDF747FE28B1FFF7DAFF34
:10544000064B074A1A6008BDFFF7E4FF054B1868D2
:1054500003684FF4E1319B689847F1E7543100202D
:1054600080020020040700200A46014610B90248C5
:1054700008F019BD704700BF1034002070B50D460C
:1054800016461C46014688B9FDF7CBFD0948334650
:105490002A4608F0E1FC07484FF6FF7108F0EDFDE1
:1054A000A1010448BDE8704008F000BE0148FFF7C4
:1054B0005DF970BD1034002037B50C4638B91A4874
:1054C000836833B9812281F88C2081F88E3003B053
:1054D00030BD9D7ADDB101F18E020DF1060108F0BB
:1054E0001BFE94F98E30002B04DABDF8062013441D
:1054F000ADF80630BDF90630002B0FDB4FF6FF7319
:10550000ADF80630BDF8063084F88C30DFE70DF1D9
:10551000060108F038FF84F88E50EBE77F33F1DAAC
:105520004FF68173ECE700BF1034002070B5114CCA
:105530000D4606465B23224621462846FFF794FF88
:10554000D6E90613206862689A4208BF88420ED1E5
:1055500020465921FCF72AFEB4F85940231A5C4230
:105560005C4128460449FFF7A7FF601C70BD00247A
:10557000F7E700BF3C300020583100200A4608B54C
:1055800001460148FFF71AFE2800002000B591B03F
:105590000446684616461D460BF018FE1849684634
:1055A0000BF01CFE304608F085FB014668460BF008
:1055B00015FE144968460BF011FE134B684653F86C
:1055C0002510124D0BF00AFE114968460BF006FE3D
:1055D0009DF84830684655F823100BF0FFFD0D4943
:1055E00068460BF0FBFD9DF84C30684655F82310DB
:1055F0000BF0F4FD08486A462146FFF7DFFD00BFC7
:10560000282901082F290108000000201C00002083
:10561000342901083B2901082800002000230370D9
:105620008370437003714371C37070470378002225
:10563000022B427104D0032B09D0012B16D0FEE7B8
:1056400001230371437183784370C370704783787B
:105650004278991AA3EB020218BF012112F0060F3B
:1056600014BF0122002201714271EDE702717047FF
:1056700002788170002A0CBF022203220270FFF719
:10568000D5BF0000074B282202FB00339B681A7825
:10569000542A05D15878A0F17803584258417047F0
:1056A00000207047A43C0108074B282202FB00336E
:1056B0009B681A78522A05D15878A0F1780358428D
:1056C0005841704700207047A43C0108074B28222E
:1056D00002FB00339B681A78542A04D15878783832
:1056E00018BF012070470120704700BFA43C01088B
:1056F00028230B4A434310B5D1580446FFF7D4FF83
:1057000048B92046FFF7BEFF064B1B7828B103EBD4
:10571000830301EB8301084610BD01EB0311FAE797
:10572000A43C0108140300202D2838B505461AD8DA
:105730000E4B282202FB00334CB21B79022B0DD0FA
:10574000FE2B10D1FFF7D4FF0378E4B2A3420AD0B6
:1057500004702846BDE83840FFF7B8BFFFF7C8FF20
:1057600090F90030F2E7002038BD00BFA43C0108EA
:105770002D2838B504460D4619D80E4B282202FBB9
:1057800000331B79FF2B12D1FFF7B2FF0622294607
:10579000FCF78FF858B92046FFF7AAFF29460622E2
:1057A000FCF774F82046BDE83840FFF78FBF0020B3
:1057B00038BD00BFA43C01082DE9F043074615465B
:1057C0002820394A41435018012B046A87B025D15B
:1057D0005258364B9A4235D0A3F1CE018A4233D08B
:1057E0003349F23B9A4208BF0C46FF238DF8003044
:1057F0004FF0000801262046FAF7ACFC5FFA88F962
:10580000484529D806F118036B44AE4203F8188CBA
:1058100030D80020387007B0BDE8F083022BE4D107
:105820005258224B9A4211D0591C8A4210D0A3F1EF
:10583000CE018A420ED0A3F1F2018A420AD01D495C
:10584000EC3BCFE71C4CD0E7194CCEE71B4CCCE728
:105850001B4CCAE71B4CC8E714F809302C2B06D1A7
:1058600006F118036B44013603F8188CF6B208F100
:105870000108C0E705F118030DEB0305002315F837
:10588000182C15F9175C0132D2B29918C9B2A94285
:1058900007EB030003DB002303700120BBE7615C1F
:1058A00001700133DBB2F0E7A43C01088904002059
:1058B0004229010876290108932901083C2A010898
:1058C0001A2A0108F0290108054B282202FB00339F
:1058D0005B6A0BB1188870474FF6FF70704700BFC6
:1058E000A43C01080B4B282202FB003370B51E6A52
:1058F0003046FAF72FFC002201461446D5B2631C4D
:10590000A942D8B200D870BD735D01322C2B08BFFC
:105910000446F3E7A43C010838B5104B282202FBEB
:10592000003301461B79FE2B15D1FFF7CDFF04464E
:105930000846FFF7D7FF0022014601251046D3B2E3
:10594000994200D838BD05FA02F323421CBF431C1C
:10595000D8B20132F3E7FF20F4E700BFA43C01080E
:105960002DE9F04F4FF0000A1D4E93B004460F464C
:10597000D146D6F808805FFA8AF54FF0000B0DE0AB
:1059800018F8030001920BF045FCC3B2019A202BDA
:1059900008BF5F2302F8403C0BF1010B5FFA8BF369
:1059A00040460193FAF7D6FB019B03F14802984267
:1059B0006A44E5D802F8409C394602A8FAF7C0FBD1
:1059C00048B10AF1010ABAF12E0F06F12806D0D12A
:1059D0000025284600E00120257013B0BDE8F08FB7
:1059E000A43C01082DE9F0411D4E282303FB01666C
:1059F00004463379FE2B0D46174618D0FF2B21D0D5
:105A0000022B28D10846FFF773FE214690F90000CB
:105A100008F0F3F835692B783BB1124920460BF0BA
:105A2000DDFB294620460BF0D9FB012015E0084696
:105A3000FFF75EFE3B46027829462046BDE8F0416E
:105A4000FFF7BABE0846FFF753FE0622014620467E
:105A5000FBF71CFFE9E700202070BDE8F08100BFE4
:105A6000A43C01088C2B0108F8B5194B16462822D6
:105A700002FB063300241A790470022A07460D46F9
:105A800003D0FE2A13D02046F8BD93F91820914286
:105A9000F9DB93F91C309942F5DC4FF0000165F316
:105AA00007013046FFF740FE01243870EBE700297C
:105AB000E9DB3046FFF716FFA842E4DD3046FFF78A
:105AC00003FF40FA05F313F00100E6D10446DAE7DC
:105AD000A43C01082DE9F84300230370124B17463C
:105AE000282202FB073306461B79FF2B0C4603D006
:105AF00000252846BDE8F8830846FAF72BFB062860
:105B0000F6D104F1FF3804F1050918F8010FFBF78D
:105B100035FD05460028EBD0C845F6D1214638466C
:105B2000FFF726FE3070E4E7A43C0108F8B5104EFC
:105B30004FF0280C0CFB0266002736790770FE2E0A
:105B400004460B46154603D0FF2E0BD0022E0DD176
:105B500018460BF072FC2A4601462046BDE8F84084
:105B6000FFF782BFBDE8F840FFF7B4BF3846F8BD85
:105B7000A43C010810B504460846B2B9FBF754FD31
:105B8000042812D8DFE800F003090B0D0F000849C4
:105B900020460BF01BFB012010BD0649F8E7064923
:105BA000F6E70649F4E70649F2E70020F4E700BF0C
:105BB000792A01087E2A0108832A0108882A010817
:105BC0008E2A010810B504460068FCF787FF0249D9
:105BD0002068FCF783FF10BD942A01080B1E18BF34
:105BE0000123122A14D91D2A14D9312A8CBF082264
:105BF000052203710023016080F885304371C0F8ED
:105C0000883080F88C3080F88D20A0F88E30704776
:105C10000122EEE70322ECE790F88530682B08D8E4
:105C2000C2180133DBB2517180F88530184400236B
:105C30004371704708B50530FAF782FAB0FA80F080
:105C4000400908BD2DE9F043064691B00846884654
:105C50001546FAF77FFA06F1050904464846FAF7B1
:105C600079FAE4B2631CC7B2BB4203DB002011B077
:105C7000BDE8F0832246414648460BF0E3FA00288F
:105C8000F4D1231D22461E44BA4203461BD300F121
:105C900040036B44002403F8404C0028E6D09DF8F4
:105CA00000303D2BE2D1302368468DF80030FAF702
:105CB00051FA2346DAB2904212D868460BF0BDFB87
:105CC00028600120D3E716F8011F202905D04033B2
:105CD0006B440130C0B203F8401C0132D2B2D3E7AA
:105CE00040326A44013312F8402C303A092AE1D993
:105CF000BCE7000010B50E4B1B78022B04460FD1F9
:105D00000C4B93F8A0205AB1D3F8A830B3F5215F1B
:105D100007D20949FFF756FF08492046FFF752FF0F
:105D200010BDFDD00649FFF74DFF0649F5E700BF5E
:105D3000110700202C050020972A0108CD2A010810
:105D4000032B0108392B010810B50446FFF7D2FFD9
:105D500020680749FCF76CFF064B20681978303142
:105D6000C9B2FCF723FE04492046FFF72BFF10BD04
:105D70006F2B010814030020272901082DE9F047A3
:105D80004379702B90B080460F46164671D18379C7
:105D9000202B6ED1C0790BF0EDF900285CD00025E6
:105DA0004FF0020A2C4608F105094846FAF7D2F9E5
:105DB000824522D305F140030DEB0305002305F8CE
:105DC000403CC4B3E8461D4618F8010B0BF022FA1C
:105DD00078550135EBB2A342F6D300253D55013489
:105DE000E4B26846FAF7B6F96719FFB2874206EBE4
:105DF000050334D300221A702DE008EB0A035B7907
:105E00003D2B0ED0202B07D005F140016A1C0DEB75
:105E1000010505F8403CD5B20AF101035FFA83FAA7
:105E2000C3E72C46F0E705F140036B4413F8400C40
:105E30000BF0F0F978556846FAF78CF9E5B2A8420C
:105E400007EB050304F10104EDD800220A491A709A
:105E500030460BF0BBF9012010B0BDE8F08707F128
:105E600040020DEB0207013517F8402C1A70EDB215
:105E7000B7E70020F0E700BF792B01082DE9F047D4
:105E80002C4E282303FB016688B03379FE2B044691
:105E90000D4620D0FF2B4BD0022B2DD196F9185058
:105EA00025490068FCF7C4FE2846694607F0A5FEB0
:105EB00069462046FFF786FE96F91C501F49206868
:105EC000FCF7B6FE6946284607F097FE694620466D
:105ED000FFF778FE10E00846FFF7F6FCDFF8609069
:105EE000DFF860A080460027FEB201233246294633
:105EF0006846FFF761FC10B908B0BDE8F087BBB297
:105F000048FA03F3DB0711D520684946FCF790FEF9
:105F100006F130012068C9B2FCF748FD20685146FF
:105F2000FCF786FE69462046FFF74CFE0137DBE7AB
:105F30000549CDE7A43C01087B2B0108832B010810
:105F40008B2B01088E2B0108922B0108F0B504461B
:105F50008BB008460D46FFF7DFFC254F2549064666
:105F60002068FCF765FE282303FB05772068B968E5
:105F7000FCF75EFE20492068FCF75AFE2EB91F4947
:105F80002046FFF71FFE0BB0F0BD0122294602A8F4
:105F9000FFF728FD206802A9FCF74AFE3B79FE2B9B
:105FA00003D0FF2B1AD01649EAE72846FFF7A0FBDB
:105FB000057814492068FCF73BFE05F130012068A4
:105FC000C9B2FCF7F3FC10492068FCF731FE012E42
:105FD000E9D10E492068FCF72BFEE4E70C4B02A93F
:105FE0005A786846FFF7C6FD0028DCD06946F1E71D
:105FF000A43C01088B2B01088E2B0108A12B010862
:1060000027290108B12B01089F2B0108B42B010897
:106010001403002070B590F88E3004466BB990F8E8
:106020008F30012B01D9032B07D1214B1B78022B79
:1060300003D020492046FFF7C5FD1D4E002594F8EA
:106040008E102D2903D9002384F88C3020E04B1CBE
:1060500084F88E3094F88F30012B09D10846FFF771
:1060600011FB0028EBD10846FFF71EFB38B1E6E72D
:10607000022B0ED10846FFF705FB0028DFD0204693
:10608000FFF764FF013594F88D30EDB2AB42D6D204
:1060900070BD032B08D10846FFF706FB0028CED0C1
:1060A0003378022BDFD1EAE7002BF9D0E7E700BF16
:1060B00011070020C32B010838B5594B1A6890F816
:1060C0008C30012B044640F0AA80D0F88830D31AD7
:1060D000B3F5FA7FC0F0A380524DC0F8882028465F
:1060E000FBF74FF907F0BEFD01462068FCF7A0FD65
:1060F0004D492068FCF79CFD05F11400FBF71BFDE2
:1061000007F0B0FD01462068FCF792FD4749206882
:10611000FCF78EFD95F8940007F0A4FD0146206879
:10612000FCF786FD42492068FCF782FD95F98C005A
:1061300007F0A2FD01462068FCF77AFD3D49206882
:10614000FCF776FD95F98D0007F096FD0146206875
:10615000FCF76EFD38492068FCF76AFD95F992005E
:1061600007F08AFD01462068FCF762FD304920688F
:10617000FCF75EFD95F98E0007F07EFD0146206874
:10618000FCF756FD2B492068FCF752FD95F98F006E
:1061900007F072FD01462068FCF74AFD2749206898
:1061A000FCF746FD05F15000FBF7CBFC80B207F091
:1061B0006DFD01462068FCF73BFD1D492068FCF79A
:1061C00037FD05F16400FBF7BCFC80B207F05EFD13
:1061D000014620681A4DFCF72BFD1A492068FCF790
:1061E00027FD194B1B7805EB8303588807F04EFDFC
:1061F00001462068FCF71CFD14492068FCF718FDD7
:10620000134B1B7805EB8305688807F03FFD0146BB
:106210002068FCF70DFD0F492046FFF7D3FC38BD81
:1062200074430020583100203D2C0108E02B010868
:10623000E32B0108E62B0108E12B0108E82B0108FC
:106240008C3C0108EB2B01083A300020F12B0108AF
:106250004D310020F62B010830B5044695B0FFF70C
:1062600049FD1E492068FCF7E3FC1D498B7863B1AA
:106270002F22023108A80AF0F7FF1A492068FCF71C
:10628000D7FC206808A9FCF7D3FC17492046FFF784
:1062900099FC16492068FCF7CBFC154B1B78022BA8
:1062A00019D1144D95F8A0309BB1206805F1AC01CF
:1062B000FCF7BEFC0B492068FCF7BAFCD5F8A4102B
:1062C0006846FBF785FA69462046FFF77BFC15B068
:1062D00030BD0949F8E70949F6E700BFF92B010885
:1062E0004C0E0020E32B0108272901081B2C010874
:1062F000110700202C050020222C0108C92B0108C1
:106300002DE9F04190F88E3090B0044643B93A4AF6
:106310003A4B92F856105B7C394A01B15B0013701E
:10632000DFF8DC80354E002794F88D20FBB29A42CE
:1063300008D994F88E5098F80030AB4205D8002365
:1063400084F88C3010B0BDE8F081737C9D424DD252
:1063500075B92C492068FCF76BFC707C07F082FC57
:1063600001462068FCF764FC27492046FFF72AFC19
:10637000284607F077FC01462068FCF759FC2349C2
:106380002068FCF755FC73190137987C07F06AFC0C
:1063900001462068FCF74CFC1D492068FCF748FCCE
:1063A00006EB8503586B07F07BFC01462068FCF781
:1063B0003FFC18492068FCF73BFC2A4608A93046F8
:1063C000FEF762FA694607F0E2FB6846FBF75EF902
:1063D00020686946FCF72CFC08A92046FFF7F2FB71
:1063E00094F88E30013384F88E309DE7ED1A15F065
:1063F000FF05BDD10849ADE714030020EC0B0020D8
:1064000035060020372C0108773001083F2C0108A1
:10641000462C0108502C0108562C01082DE9F041AA
:10642000254E264FDFF898800446002594F88D20ED
:10643000EBB29A423ED994F88E30102B37D8DFE871
:1064400003F00913181A1C1E20222426282A2C2E99
:10645000303234002046FFF74DFC94F88E30013383
:1064600084F88E300135E1E716492046FFF7AAFB94
:10647000F3E71549F9E71549F7E71549F5E7154930
:10648000F3E71549F1E71549EFE71549EDE7154938
:10649000EBE71549E9E71549E7E71549E5E7154948
:1064A000E3E74146E1E73946DFE73146DDE7002330
:1064B00084F88C30BDE8F081F92E0108BE2E010869
:1064C0008D2E01085E2C0108822C0108B02C0108D9
:1064D000D92C0108052D01082D2D0108552D010885
:1064E0007E2D0108A72D0108EB2D0108112E0108B2
:1064F000372E01085A2E01082DE9F043037993B095
:106500000446C3B190F88C30013B032B19D8DFE867
:1065100003F00252575C006803685B69984768B1F2
:10652000206803689B6998470023AB4984F88C3046
:106530002046FFF747FB13B0BDE8F0832046FFF786
:10654000BBFDA64B1E6894F885308BB1D4F888301B
:10655000F31AB3F5FA6F0BD9A1492046FFF732FBC6
:10656000A0492046FFF72EFB002384F88530637195
:106570009B4FDFF87482DFF87492206803685B69D0
:1065800098470028D7D0206803689B6998470A2855
:106590000546C4F888601DD00D281BD02C2819D0C2
:1065A0003B2817D001462068FCF700FA2946204610
:1065B000FFF732FBE1E713B0BDE8F043FFF72EBF72
:1065C00013B0BDE8F043FFF725BD13B0BDE8F043BD
:1065D000FFF796BE39462046FFF7F4FA41462046BB
:1065E000FFF728FB50B1022384F88C30002384F895
:1065F0008E30002384F885306371BEE7494620461B
:10660000FFF718FB0028EED179492046FFF712FB6F
:106610000028E8D177492046FFF70CFB054618B162
:106620002046FFF719FEE4E773492046FFF702FB17
:1066300040B12046FFF788FB032384F88C30A4F890
:106640008E50D6E76D492046FFF7F4FA50B1204648
:10665000FFF77AFB032384F88C304FF48073A4F89F
:106660008E30C6E766492046FFF7E4FA40B120467F
:10667000FFF76AFB032384F88C304FF40073EEE7D6
:1066800060492046FFF7D6FA40B12046FFF75CFB91
:10669000032384F88C304FF44073E0E70AAA02A980
:1066A0002046FFF76BFB002846D002A90DF102003F
:1066B000FFF756F920B954492046FFF783FA98E7C7
:1066C000524B1B78022B06D09DF80200FEF7ECFF20
:1066D00008B14F49F0E79DF828303F2B0DD12046F7
:1066E000FFF732FB9DF8025020462946FFF72EFCAB
:1066F00029462046FFF7C2FB7BE70BB94549DBE79C
:106700009DF802500AA92A460DF10300FFF70EFA80
:1067100008B94149D0E72046FFF716FB2946204635
:10672000FFF714FC9DF80330002B3FF462AF052106
:106730003A48FBF73CFA5CE739492046FFF77AFA1A
:1067400090B136480621FBF732FA2046FFF7FCFAF3
:106750002E4B1B78022B05D02D492046FFF732FA2D
:106760003049A9E73049A7E730492046FFF762FAE8
:1067700028B101212948FBF71AFA2D499CE72D4938
:106780002046FFF757FA90B124480721FBF70FFA8C
:106790002046FFF7D9FA1D4B1B78022B05D01C4968
:1067A0002046FFF70FFA244986E7244984E7244965
:1067B00001AA2046FFF746FA00285AD0019D092D6C
:1067C00001D9204978E72046FFF7BEFA1E4B1B7817
:1067D0009D423DD11D496FE73F2F010874430020C2
:1067E000592F01085B2F01085D3B0108652F010847
:1067F000792B01083D3A01086A2F01086D2F010825
:10680000722F0108782F01087E2F01081107002040
:10681000C32B01089A2F0108B22F0108343400203D
:10682000C52F0108CC2F0108E32F0108F72F01081D
:10683000FC2F0108133001081A3001083330010819
:10684000493001085530010814030020793001084F
:106850002A461D480A21FBF7ACF91C492068FCF7C1
:10686000E7F905F13001C9B22068FCF79FF8184933
:1068700022E718492046FFF7DDF9054640B101231C
:10688000154984F88C302046FFF79CF9134913E72B
:1068900013492046FFF7CEF928B1042384F88C3041
:1068A00084F88E50A5E60F492046FFF7C3F908B1DA
:1068B00003213DE794F885100B4A0C4B00290CBFCF
:1068C00011461946F8E600BF343400208E30010826
:1068D00027290108B7300108A4300108BD3001089C
:1068E000DA300108E4300108252F0108312F0108B2
:1068F0000148FFF701BE00BF7406002070B5244CAC
:10690000E569AB0607D523689E0604D5606A214B6E
:10691000C0B21B6898471F232806236215D5236839
:10692000190612D51C4B1D4A1988138889B29BB2CF
:10693000994219D013880133C3F3080313801388D5
:10694000174A9BB2D35CDBB2A3626A061FD510481C
:1069500003685B061BD5FBF7F3FB40230362114B77
:10696000BDE870401B6818470948FBF7F2FB40235D
:106970000D4A236202F5006353E8003F43F04003F1
:1069800002F5006040E800310029F3D1DDE770BD79
:1069900000380140700200203A39002038390020C8
:1069A0003837002074020020003001400848094AAE
:1069B0000188138889B29BB29942F9D013880133B8
:1069C000C3F3080313801388034A9BB2D05C70475B
:1069D000363700203437002034350020FFF7E6BF7B
:1069E00070B588B00C460646154600212022684640
:1069F0000AF03CFE231E18BF01231B03CDE902351C
:106A000069460C23034801960494059309F062F843
:106A100008B070BD0038014010B5064C236823F063
:106A200001032360FFF7DCFF236843F001032360C9
:106A300010BD00BF0038014013B5134C2046FBF7D2
:106A400076FBF1B111484FF400524FF48061FFF72B
:106A5000E3FF23680E4823F001032360636823F4F7
:106A600080336360236843F001032360012208231D
:106A7000CDE9003203231A468021FCF719F9FBF710
:106A8000A1FE012002B010BD00380140A086010027
:106A90000004004813B5134C2046FBF748FBF1B146
:106AA00011484FF400524FF48061FFF7B5FF23689F
:106AB0000E4823F001032360636843F4803363606E
:106AC000236843F00103236001220823CDE900324B
:106AD000802103230222FCF7EBF8FBF773FE012071
:106AE00002B010BD00380140A0860100000400483B
:106AF00073B52F4C236823F001032360082501267A
:106B00004FF48040FBF7FEFA4021CDE900562948BA
:106B100003230A22FCF7CCF803231A46CDE90056DA
:106B200024488021FCF7C4F8002211462248FFF7D0
:106B300057FF636823F490436360A36823F02A033C
:106B4000A3601E4BA02283F8242310225A60204603
:106B5000FBF7FFFAFBF7F4FA40232362184B0021FE
:106B60001980184B1980FBF7E2FA174B1980174B65
:106B70001980636823F400636360A36823F008034B
:106B8000A360636823F480436360A36823F0220357
:106B9000A360A36843F48053A36023683343236056
:106BA000E3699A02FCD5E3695B02F9D502B070BDD6
:106BB0000038014000040048801A060000E100E0AF
:106BC000383900203A390020343700203637002089
:106BD0000649074A0B8812880133C3F3080392B2AF
:106BE0009A421EBF034AD0540B8070473A390020A6
:106BF0003839002038370020F8B5012380F86C3090
:106C000090F8BD30044603F0FF005BB194F8BD502E
:106C100004F16C070026B3B29D4204D8002384F827
:106C2000BD300120F8BD17F8010FFFF7D1FF013685
:106C3000F1E700000148FBF771BA00BF00380140DE
:106C400007B50E48FBF773FA036823F001030360EE
:106C5000436843F400434360036843F00103036067
:106C600000220823CDE90032054803230A228021AF
:106C7000FCF71EF803B05DF804FB00BF00380140CC
:106C8000000400480E4B07B51A680E4822F00102B6
:106C90001A605A6822F400425A601A6842F00102EF
:106CA0001A6008230022CDE900328021032302224A
:106CB000FBF7FEFF03B05DF804EBFBF783BD00BFFD
:106CC000003801400004004837B50446FFF710FFC4
:106CD000134B144D1A6822F001021A605A6842F4EC
:106CE00000325A605A6842F480325A601A6842F0A0
:106CF00001021A6008230122CDE90032284603234D
:106D000002228021FBF7D4FF2846032302224021E0
:106D1000FCF753F8204603B0BDE83040FFF7B2BFA0
:106D2000003801400004004808B500238381037146
:106D3000C38003818372036101460448FCF77AFE35
:106D4000BDE808400846FFF7BFBF00BF3035002050
:106D5000036810B504461B689847237A082B05D9A9
:106D60000A2B03D0092B02D00023237210BD236805
:106D700020465B6898470028F6D00848036823B18E
:106D8000FA21FCF767FE0A23EFE72046FFF758FFDA
:106D90000B232372BDE81040FFF74CBF30350020B5
:106DA00001460148FFF7D4BF6017002001460148A3
:106DB000FFF7CEBF18070020037A0A2B10B5044650
:106DC00007D1FFF73DFF0B232372BDE81040FFF70B
:106DD00031BF10BD0148FFF7EFBF00BF180700200B
:106DE00010B50446FFF74EFF0023237210BD0000CC
:106DF0000148FFF7F5BF00BF601700200148FFF70B
:106E0000EFBF00BF1807002008B5017A094A0A2918
:106E1000126801D8026108BD0169521A142AFAD910
:106E200000220272FFF72EFF0348FBF789F9402387
:106E30000362F0E774430020003801400238C0B21A
:106E400010289ABF014B185C00207047263C0108AF
:106E500010B5464B5A6A037A044692B233B183891D
:106E6000D31A9BB2FA2B84BF00230372237AA28128
:106E7000052B1AD8DFE803F0031E2349606C4F2965
:106E8000B4F8020B12D10123237270B1984209D0D9
:106E900006F0FCFE01463648FBF720FE3549344833
:106EA000FBF71CFE0023A4F8023B10BD0130A4F840
:106EB000020BFAE757290CD102232372F5E70023CE
:106EC000FF29A37207D141F204732381637E002B53
:106ED000EBD00023F1E79F290FD901F01F00012219
:106EE000A27284F83200FFF7A9FF607218B984F823
:106EF0004B200923E1E70523DFE71829E9D800291A
:106F0000F7D0032361722372E0E7B4F86E22B4F87D
:106F10007202531C0340B4F8700298421EBF12194B
:106F200082F87412A4F86E32A37A627A0133DBB26B
:106F30009A42A372DDD9B8E7A27A531C2244DBB28D
:106F4000A372D176627A9A42AFD80123A376D0E7B2
:106F5000A27A531C2244DBB2A37282F83210627A06
:106F60009A42A2D2012384F84B30C2E70044014088
:106F700028000020D42801082DE9F04389B000231F
:106F800001AFB0F868908DF804300446B84601258A
:106F9000B4F86A2048461146EEB2FBF78DFCA0B16A
:106FA000192D11D091451FBFA318B4F86C1093F898
:106FB0006E30013214BF0A40002308F8013F18BFA9
:106FC000A4F86A200135E3E72E46B6B20024013466
:106FD00017F8010BA4B2FFF7FBFDA642F7D801207A
:106FE00009B0BDE8F08370B590F8665000F14C042C
:106FF0000026B3B29D4200D870BD14F8010FFFF710
:10700000E7FD0136F5E770B5457E044605B1FEE7BC
:10701000012680F84C6090F8663033B1FFF7E3FF4B
:1070200084F866503546284670BDB0F86A10B0F84E
:107030006800FBF741FC0028F5D02046FFF79CFFD5
:10704000F0E7027FC37E02F0070243EA02230B80CF
:10705000838BC3F3CA034B80C369C3F38A338B802A
:1070600090F82030C27F03F00F03DB0143EA5203A4
:10707000CB80038CC3F30A130B81036AC3F3CA33B7
:107080004B8190F8243090F8232003F01F039B01DC
:1070900043EA92038B81838CC3F34A13CB81C38C65
:1070A000C3F30A030B8290F8283090F8272003F0EE
:1070B0003F035B0143EAD2034B82836AC3F38A1323
:1070C0008B82438DC3F34A03CB8290F82C3090F827
:1070D0002B2003F07F031B0143EA12130B83C36AC7
:1070E000C3F3CA134B83C38DC3F38A038B8390F816
:1070F000303090F82F20DB0043EA5213CB8390F816
:10710000312040F2547312F0010F14BF1A46AC2222
:107110000A8490F8312012F0020F08BFAC234B8490
:107120007047437E70B504460D463BB100230372A1
:107130008E18B54203D100232372A37670BD236855
:1071400015F8011B1B6820469847F2E70346407E6E
:1071500030B568B193F8664004F0FF054CB103F117
:107160004D040C6093F866101170002283F86620BD
:1071700030BD2846FCE7000042766AB3012303765F
:1071800040F2FF11A0F86C1040F2FF710023A0F84C
:1071900072127F2180F84C30A0F86A308376A0F814
:1071A000683080F84B30A0F8703280F86630A0F874
:1071B0006E32A0F8763AA0F8743AA0F8781A80F8FF
:1071C000FA3AC0F8FC3A52B9054B064A1A60064B27
:1071D000064A1A60FFF7A8BD01760029D0D1704792
:1071E00070020020A16D000874020020F16D0008FB
:1071F000F8B5477E04460D4617B100263046F8BD67
:10720000037E002BF9D0FFF7FFFDA37E03F0FF06FE
:10721000002BF2D0A77629462046FFF712FFEDE7B4
:10722000427E10B50346E2B9007EB8B193F84C40F7
:1072300004F0FF0094B11C7983F84C200CB11A7152
:10724000DA80DC889A790134052ADC8007D0092AA3
:1072500005D0012A4FF0000305D10B7010BD0123AA
:10726000FBE70020FAE71846F8E70346007E60B126
:1072700093F84B2002F0FF003AB1002283F84B2034
:1072800093F8323003F01F030B707047F8B50646D1
:107290000D461746002119224D300AF0E7F928461D
:1072A000FFF7CCFD05F01F050446603D01340246A2
:1072B00086F84D50394606F14E00E4B209F0B4FFAD
:1072C00086F86640F8BD000070B590F8FA4A0CB137
:1072D000002070BDB0F8745AB0F8763AEE1AB2B227
:1072E000360444BF803292B2002AF1D00D4A1668AB
:1072F000427E22B1D0F8FC2A921B092AE8D900224A
:107300009D42C0F8FC6A80F8FA2A08D0C2180133FE
:1073100092F87A4AB0F8782A1340A0F8763A0C70BE
:107320000120D6E77443002010B52C4C86B01822FB
:10733000002168460AF09AF9237829488DF806302A
:10734000FDF758FAADF800002548FDF76AFA9DF8F8
:10735000073094F851208DF8030062F303038DF891
:107360000730204B93F8A0205AB39DF8052042F037
:1073700001028DF8052093F8C12093F8C2308DF8F2
:10738000042003F00F039DF80720174863F307124A
:10739000164B8DF807201B799DF802205B0043F007
:1073A000010322F0030203F0030313438DF80230BC
:1073B0006A462E230B218DF80830FFF767FF06B0D1
:1073C00010BDBDF8043023F4FF7323F0010343F034
:1073D0007F03ADF804300523D5E700BF1403002078
:1073E000103400202C0500206017002038060020F3
:1073F0007FB51822002168460AF038F942F6A1004C
:10740000FAF7C8F9ADF800004FF42150FAF7C2F9C5
:107410000749ADF80200142201A8FAF725FA054839
:107420006A460421FFF732FF07B05DF804FB00BF96
:10743000EF3001086017002010B5134C86B01822F9
:10744000002168460AF012F994F8A030C3B1D4F8CC
:10745000A400FAF79FF9ADF80000D4F8A800FAF7F5
:1074600099F91422ADF8020004F1AC0101A8FAF771
:10747000FBF906486A460521FFF708FF06B010BD74
:1074800003491422F2E700BF2C05002060170020FA
:10749000272901082DE9F04F0C463549282303FB25
:1074A000041189B007462046FEF70EFA0B79D1F891
:1074B0002080FE2B814603D14FF6FF73984206D100
:1074C0004146384609B0BDE8F04F09F07FBE20467E
:1074D000FEF70EF9002590F800B02E46AA462C467D
:1074E000EAB240460192F8F735FE019A0130904227
:1074F0004FF02D0102D809B0BDE8F08F18F8020056
:107500000AF1200CEC440AF101032C28DBB20CF840
:10751000180C00D040BB5E4503D049FA06F0C00706
:1075200018D50DF1080E0022D0B254FA82FC834225
:107530005FFA8CFC08D85444013404F0FF0401368F
:10754000502CF6B20FD9FEE71EF8010B07F80C001D
:107550000132E9E73955631CDBB218F80220FA540E
:107560000234E4B2EBE7002301359A46B8E700BFE6
:10757000A43C0108044B1870044B05480022072165
:107580001A70FBF78DB900BFA82F0020A92F00208B
:10759000D421002008B50B78033B082B20D8DFE866
:1075A00003F010050C1F1A1F1F1F0E00042100F608
:1075B0007420BDE80840FBF773B90521F7E70B21FC
:1075C000F5E7042100F67420FBF76AF90521FBF7C3
:1075D00067F90B21EDE7BDE808404878FFF7CABF1F
:1075E00008BD000070B56E4D2C782D2C86B00ED9DC
:1075F0001822002168460AF039F8FF2369488DF8FF
:1076000000306A460721FFF741FE06B070BD664EA6
:10761000317800294BD1022333701822634E68461B
:107620000AF024F8282303FB04638DF800401B793B
:10763000FE2B27D0FF2B2DD0022B09D10123204672
:107640008DF80130FEF754F890F900308DF81230C3
:107650002B78282202FB03660DF10200B16810228C
:10766000FAF702F94F4807216A46FFF70FFE29781B
:107670004F48FFF70FFF4F48072106B0BDE87040A5
:10768000FBF70EB9042320468DF80130FEF730F8E1
:107690000378DBE7052320468DF80130FEF728F854
:1076A000062201460DF11200FAF7DEF8D0E70229B2
:1076B00042D1002118226846317009F0D7FF3B4BB8
:1076C0008DF80040282202FB04331A79022A0DD0DB
:1076D000FE2A1BD06A4608213248FFF7D7FD3378CF
:1076E000002BC8D12B7801332B708EE71A7D8DF8D3
:1076F00005201A7E8DF801201A7F8DF80320196964
:1077000006220DF10700FAF7AFF8E3E75B6A83B1F1
:107710001B882749ADF8013015220DF10300FAF757
:10772000A3F82348F8F716FD142884BF0323337009
:10773000D0E74FF6FF73ECE7032917D10021182299
:107740006846317009F092FF1B498DF800401722FE
:107750000DF10100FAF788F81548F8F7FBFC2B2823
:1077600084BF042333706A460921B5E783D9002119
:1077700018226846317009F079FF0DF101000F49B8
:107780008DF800401722FAF76FF89DF80030054891
:10779000803B6A4609218DF80030FFF777FDA1E7AD
:1077A000A82F002060170020A92F0020A43C01086A
:1077B000AA2F0020D4210020BF2F0020D62F002088
:1077C00010B500230B70024600782D280C4611D806
:1077D000094B282101FB00331B79FF2B06D0B2F99E
:1077E0000110FDF7A1FF2070012010BD511CFDF715
:1077F000BFFFF8E71846F8E7A43C0108043807285B
:107800000DD8DFE800F004060C080C0C0C0AFFF79A
:10781000EFBDFFF711BEFFF7E5BEFFF785BD70476F
:10782000D20638B505460C4604D5BDE83840204997
:1078300009F0CCBCCB044CBF1E491F4909F0C6FC63
:10784000A1070BD51D49284609F0C0FCE3072ED43B
:1078500028461B49BDE8384009F0C0BCA20501D547
:107860001849F0E7230601D51749ECE7E00501D5F3
:107870001649E8E7164BA34301D11649E3E7E103B4
:1078800001D51549DFE7220501D51449DBE7E306F9
:1078900001D51349D7E7600701D51249D3E721077E
:1078A00001D51149CFE7E202D0D51049CBE738BD69
:1078B00002310108073101080B31010810310108BC
:1078C0003531010815310108F5350108E83701089F
:1078D000100001001A3101081F3101085536010856
:1078E00024310108273101082C3101083031010809
:1078F00010B51422044600212A3009F0B7FE0023F7
:10790000C4F8D032A4F8D432C4F8D832FF2384F8B3
:10791000DC3210BD0B68C0F890304B68C0F8943072
:107920000B7A80F89830012380F82D3080F83330BE
:1079300090F89630DB0980F8D5327047993001F124
:10794000280351F8042B40F8042B9942F9D10B88F5
:1079500003808B788370704710B500F1C40301F188
:10796000340251F8044B43F8044B9142F9D10123FE
:1079700080F82E3010BDF83001F11C0351F8042BB3
:1079800040F8042B9942F9D10B780370704710B579
:1079900000F2151301F11C0251F8044B43F8044B9B
:1079A0009142F9D1012380F8323010BD10B500F2B8
:1079B000311301F11C0251F8044B43F8044B91427E
:1079C000F9D140F201134385012380F8303080F86B
:1079D000D23290F8D53253B990F8D4323BB9D0F8BE
:1079E0003931C0F82C32D0F83531C0F8283210BD0A
:1079F00000F2671001F1100351F8042B40F8042B3A
:107A00009942F9D10B880380704700F24D1001F1C3
:107A1000180351F8042B40F8042B9942F9D10B8834
:107A20000380704710B500F2791301F1140251F888
:107A3000044B43F8044B9142F9D1012380F83130D3
:107A4000D0F8993013F0100308D0D0F89D3013F01F
:107A500010031CBFD0F8A130C3F3001380F83D30F1
:107A600010BD00F28D1001F1140351F8042B40F801
:107A7000042B9942F9D10B880380704791F820308C
:107A800030B57BB90B4600F2A31201F1340453F870
:107A9000045B42F8045BA342F9D11B8813800123E5
:107AA00080F82F3091F82030012B0ED100F2D9133D
:107AB00001F1340251F8044B43F8044B9142F9D1DF
:107AC0000A881A80012380F8343030BD0B68C0F872
:107AD0000F324B68C0F813320B7A80F8173201234B
:107AE00080F8D33270470B68C0F818324B68C0F882
:107AF0001C32012380F8323070470B68C0F8203206
:107B00004B68C0F82432012380F83630704710B536
:107B100000F50A7301F13C0251F8044B43F8044BA1
:107B20009142F9D1012380F8303080F8D43210BD71
:107B300010B500F5197301F1340251F8044B43F804
:107B4000044B9142F9D10A881A80012380F82C3025
:107B500010BDF0B500252C460126AB4206D80368BF
:107B60000C4004FA02F213430360F0BD06FA05F775
:107B70003C430135F1E770B50446084694F82A60A5
:107B800016B90026304670BD94F8E0300022022B72
:107B900084F82A20F5D90A60D4F83551002DC8BFE1
:107BA0006D423223B5FBF3F11E2301EB4101FFF7D8
:107BB000D0FFD4F8351102231E22C90FFFF7C9FFE9
:107BC000E0E770B50446084694F82B6016B9002625
:107BD000304670BD94F8E0300022022B84F82B2050
:107BE000F5D9D4F839510260002DC8BF6D42322357
:107BF000B5FBF3F11E2301EB4101FFF7AAFFD4F817
:107C00003931002B4FF002034FF01E02B4BF0321A5
:107C10001946FFF79EFFDBE738B50446084694F89F
:107C2000D022AAB994F82C30DBB384F82C2004F5C8
:107C3000197304F29A2204F5267153F8045B42F892
:107C4000045B8B42F9D11B8813800123A4F8D03246
:107C500000230360182594F8D132312B06D85A1C22
:107C6000234484F8D12293F89B12E1B994F89A1234
:107C7000012319400722FFF76CFF94F89A120123A1
:107C80000F22C1F34001FFF764FF94F89A12012319
:107C90001722C1F38001FFF75CFF002384F8D03284
:107CA0000123184638BD2A46083D0723EDB2FFF7E9
:107CB00050FFF82DCFD194F8D132312BD6D8EFE741
:107CC00003462DE9F04793F82D600846002E62D058
:107CD00093F81552D3F89010B3F88B4193F8D582EE
:107CE00093F8D3720022AD1A83F82D2001F101011F
:107CF00018BF01254CB1632CD7BFC4EB84143F24BB
:107D000031346422D8BFB4FBF2F4B3F91331002B41
:107D100044D0642293FBF2F3522BA8BF5223132BBF
:107D2000B8BF1323A3F113094FF0000A05235246ED
:107D3000C0F800A0FFF70DFF022305225146FFF710
:107D400008FF414601230722FFF703FF0123082212
:107D5000FFF7FFFE514601230922FFF7FAFE022337
:107D60000A22FFF7F6FE01230C22FFF7F2FE0123A1
:107D70000D223946FFF7EDFE01230E222946FFF7BB
:107D8000E8FE072313222146FFF7E3FE06231A220B
:107D90004946FFF7DEFE3046BDE8F0879946C3E767
:107DA0002DE9F84390F82E800D46B8F1000F3AD037
:107DB00090F8E1300021FF2B80F82E1003D00F2B1C
:107DC00028BF0F23194690F8E090B9F1030F2DD882
:107DD0004FF000062FD07F273446002228462A6025
:107DE0000423FFF7B6FE022304224946FFF7B1FE43
:107DF000012202213846F9F7E3FE08230146062254
:107E00002846FFF7A6FE02230E223146FFF7A1FE09
:107E1000022211462046F9F7D3FE0A230146162214
:107E20002846FFF796FE4046BDE8F883A9F1030611
:107E3000062E28BF06260A23B0F8D870D0F8D44002
:107E4000B7FBF3F70B4B7F2FA8BF7F279C4208DCC3
:107E5000094B9C4209DB64234FF0030994FBF3F4C4
:107E6000BBE7064C4FF00309B7E7054C4FF0030999
:107E7000B3E700BFC3C9C1003D363EFF18F00100A3
:107E8000E80FFEFF2DE9F04F90F8303085B0054641
:107E90000E462BB900230093009805B0BDE8F08F83
:107EA000002380F8303090F8D2320093002BF1D0CC
:107EB000D0F82802F8F754FE6A49F8F7A5FE6A4997
:107EC000F8F7A2FE8146D5F83501F8F749FE654975
:107ED000F8F79AFE6449F8F797FE8046484607F09F
:107EE000B9FE8346404607F0B5FE0746D5F839018E
:107EF000F8F736FE5B49F8F787FE5B49F8F784FE32
:107F00000446D5F82C02F8F72BFE5649F8F77CFE0C
:107F10005549F8F779FE01462046F8F76BFD824691
:107F200007F0CEFE0190404607F0CAFE04464846E0
:107F300007F0C6FE0390504607F08CFE21460290E3
:107F40005846F8F761FE039B044619463846F8F791
:107F50005BFE029A1146F8F757FE01462046F8F7F5
:107F600049FD019904463846F8F74EFE214607F0D0
:107F70006FFE3E49F8F748FE00210446F8F7E2FF9D
:107F800020B120463A49F8F737FD04462046F9F774
:107F900017F880B2A0F1B40424B2002CBCBFB430F6
:107FA00004B2B4F5B47FA8BFA4F5B4744946404602
:107FB000A8BF24B2F8F71EFD4FF07C51F8F724FE5D
:107FC00007F07EFE4FF07C5180465046F8F71CFECD
:107FD00007F076FE0146F8F717FE5946F8F714FE4B
:107FE0003946F8F711FE414607464046F8F70CFEC1
:107FF00001463846F8F700FD07F0CAFD002707F0F4
:1080000007FE1C49D5F841513760642395FBF3F511
:10801000F8F7FAFDF8F7D4FFF8F7A2FDF8F7D0FF6C
:1080200002220321F9F7CCFD0C2301463A463046E3
:10803000FFF78FFD2846F8F793FDF8F7C1FF0222FE
:108040000321F9F7BDFD0D2301460C223046FFF751
:1080500080FD07231922032194FBF1F1FFF779FD3D
:108060001AE700BF95BFD63335FA8E3CE12E654244
:108070000000B443706D424B2DE9F84390F8319005
:1080800004460D46B9F1000F3BD000261E4980F88A
:108090003160D0F88501F8F7B7FD07F095FD1A4972
:1080A0008046D4F87D01F8F7AFFD07F08DFDB4F9F7
:1080B00089112E600746404601EB8104F8F780FFE6
:1080C00001220221F9F77CFD0923014632462846A8
:1080D000FFF73FFD3846F8F773FF01220221F9F759
:1080E0006FFD0823014609222846FFF732FD0B23C6
:1080F00011222146FFF72DFD01231C223146FFF7F7
:1081000028FD4846BDE8F883000020412DE9F843EA
:1081100090F83D9004460D46B9F1000F3BD0002782
:108120001E4980F83D70D0F88501F8F76DFD07F025
:108130004BFD1A498046D4F87901F8F765FD07F040
:1081400043FDB4F989112F600646404601EB8104D6
:10815000F8F736FF01220221F9F732FD0923014623
:108160003A462846FFF7F5FC3046F8F729FF01228A
:108170000221F9F725FD0823014609222846FFF7C9
:10818000E8FC0B2311222146FFF7E3FC01231C220C
:108190001946FFF7DEFC4846BDE8F88300002041A1
:1081A0002DE9F84390F8329004460D46B9F1000FDE
:1081B00046D00027244980F83270D0F81901F8F72A
:1081C00023FD2249F8F720FD2149F8F715FC07F0B7
:1081D000FBFC1D498046D4F81D01F8F715FD1B492D
:1081E000F8F712FD1B49F8F707FC07F0EDFC1A49F8
:1081F0000646D4F81802F8F707FD07F0E5FC2F60F3
:1082000004464046F8F7DCFE0B2301463A46284672
:10821000FFF79FFC3046F8F7D3FE0A2301460B22F6
:108220002846FFF796FC2046F8F7CAFE01220321F4
:10823000F9F7C6FC0B23014615222846FFF789FCF7
:108240004846BDE8F88300BFE12E65420000A0402B
:10825000000061440000E1430000C84238B5034615
:10826000084693F8334014B90024204638BD93F8EB
:10827000DC220132D2B20021032A83F833100FD955
:1082800083F8DC1293F89410012500220260182371
:10829000FFF75FFC082318222946FFF75AFCE4E7A2
:1082A00083F8DC22002AEDD0012ADDD1D3F8D812E0
:1082B0000029D9D00425E8E71C2945D8DFE801F0DA
:1082C0000F121416181A1C1E442044224424262877
:1082D0002A2C2E30323436383A3C3E4042001B497C
:1082E00008F074BF1A49FBE71A49F9E71A49F7E79A
:1082F0001A49F5E71A49F3E71A49F1E71A49EFE78E
:108300001A49EDE71A49EBE71A49E9E71A49E7E79D
:108310001A49E5E71A49E3E71A49E1E71A49DFE7AD
:108320001A49DDE71A49DBE71A49D9E71A49D7E7BD
:108330001A49D5E71A49D3E71A49D1E71A49CFE7CD
:108340001A49CDE71A49CBE71A49C9E7EC350108C4
:108350000B310108373101083C3101084131010876
:10836000463101084B3101085031010855310108EF
:108370005A3101085F31010864310108693101088F
:108380006E31010873310108783101087D3101082F
:1083900082310108873101088C31010891310108CF
:1083A000963101089B310108A0310108A53101086F
:1083B000AA31010827290108192941D8DFE801F06D
:1083C0000D10121416181A1C1E4020222426282ACA
:1083D0002C2E30323436383A3C3E1A4908F0F6BE7C
:1083E0001949FBE71949F9E71949F7E71949F5E789
:1083F0001949F3E71949F1E71949EFE71949EDE799
:108400001949EBE71949E9E71949E7E71949E5E7A8
:108410001949E3E71949E1E71949DFE71949DDE7B8
:108420001949DBE71949D9E71949D7E71949D5E7C8
:108430001949D3E71949D1E71949CFE71949CDE7D8
:108440001949CBE71531010850310108EC35010815
:10845000AF3101080B310108B4310108B93101080D
:10846000BE310108693101083C3101084B31010876
:1084700046310108C33101087D310108413101084D
:10848000C8310108CD310108D2310108D7310108C6
:10849000DC310108E1310108E6310108EB31010866
:1084A000F0310108F531010827290108102925D8E4
:1084B000DFE801F0090C240E1012141618241A1CFF
:1084C0001E24242022000E4908F080BE0D49FBE73F
:1084D0000D49F9E70D49F7E70D49F5E70D49F3E7D0
:1084E0000D49F1E70D49EFE70D49EDE70D49EBE7E0
:1084F0000D49E9E70D49E7E70D49E5E70D49E3E7F0
:10850000153101080B310108FA310108E83701087B
:108510004631010891310108FF3101080432010898
:108520003C3101084B310108873101084131010814
:10853000C831010827290108142921D8DFE801F0F2
:108540000B0E10121420201620182020202020208E
:108550001A20201C1E000B4908F038BE0A49FBE710
:108560000A49F9E70A49F7E70A49F5E70A49F3E74B
:108570000A49F1E70A49EFE70A49EDE70A49EBE75B
:108580000A49E9E7EC3501080B3101080932010815
:108590003C31010841310108503101080E32010817
:1085A0006E3101081531010813320108272901082D
:1085B00023289ABF014B185C02207047373C010802
:1085C0000B46013B1146032B0BD8DFE803F00204F6
:1085D0000608FFF771BEFFF7EFBEFFF767BFFFF7B3
:1085E000ABBF014908F0F2BD2729010838B5384B67
:1085F0000446821C03F1280153F8040B42F8040BD3
:108600008B42F9D100252946C4E9245584F89850B5
:108610002B2204F1990009F029F82946342204F1AB
:10862000C40009F023F829461D2204F1F80009F0DE
:108630001DF829461C2204F2151009F017F82946E6
:108640001C2204F2311009F011F829461A2204F212
:108650004D1009F00BF82946122204F2671009F0B8
:1086600005F82946142204F2791008F0FFFF294684
:10867000162204F28D1008F0F9FF2946362204F282
:10868000A31008F0F3FF2946362204F2D91008F0AF
:10869000EDFF2946C4E98655C4E98855C4F80F5250
:1086A000C4F8135284F817523C2204F50A7008F0FB
:1086B000DDFF2946362204F5197008F0D7FF36226F
:1086C000294604F29A2008F0D1FF204638BD00BFA9
:1086D000282701082DE9F04FC77E837E457F867FDE
:1086E00090F820E090F82B8090F819C0BF000C465D
:1086F00047EA931703F03F01037F03F0010247EAC3
:10870000822705F00F02D20142EA530206F07F03EE
:108710001B0143EA1513C57F89B06D0045EAD615E4
:108720000EF00306059345EA462390F82160009376
:1087300006F01F05AD0145EA9E0390F8225090F81F
:1087400024E00193ED0045EA561390F8235002937C
:108750000EF0070645EA062390F82550039305F02E
:108760003F06760146EADE0390F8266090F827E09F
:108770000493B60046EA95160EF0010546EA8526F2
:1087800090F82850069205F00F0B4FEACB1B4BEAEE
:108790005E0B90F829E00EF07F0A4FEA0A1A4AEAC7
:1087A000151A90F82A506D0045EADE1508F0030E00
:1087B00045EA4E2590F82CE00EF01F094FEA891982
:1087C00049EA9809490190F82D80007E41EADC01D0
:1087D0000CF0070C40EA0C204FEAC80848EA5E1883
:1087E0000791F8F759FE079920800846F8F754FEDC
:1087F00060803846F8F750FE069AA0801046F8F7D9
:108800004BFE059BE0801846F8F746FE2081009855
:10881000F8F742FE60810198F8F73EFEA0810298C9
:10882000F8F73AFEE0810398F8F736FE20820498C4
:10883000F8F732FE60823046F8F72EFEA0825846E6
:10884000F8F72AFEE0825046F8F726FE20832846F5
:10885000F8F722FE60834846F8F71EFEA0834046E4
:10886000F8F71AFEE08309B0BDE8F08F4A78013AC4
:1088700092B202310020F8F771BE000038B504460C
:108880000175002937D0002580F8BD50034680F8D7
:108890006C5000F1500280F8655080F8665080F806
:1088A000675080F8685080F86A5080F86B5083F801
:1088B0008451C3F8885108339342F8D14FF6FF73BF
:1088C000A4F8BE300C4BC4F8C03004F5EA70FFF7D2
:1088D0000FF80A4B0A4A1A600A4B0B4AC4F8B45400
:1088E000A4F8B854C4F8BC5420461A60FEF71CFA29
:1088F000064B074A1A6038BD0000C07F7002002096
:10890000AD6D000874020020FD6D000830350020B8
:10891000D56D0008037D70B504460D4613B90026D9
:10892000304670BDFEF770FA94F8653003F0FF062C
:10893000002BF4D0002384F8653004F115012046A3
:10894000FFF794FFA37D23449B7D8342E7D1294613
:108950002046FFF7BFFEE3E70346007D30B560B376
:1089600093F86C4004F0FF003CB31D79002483F8B9
:108970006C403DB1132A1C7111D8114C22784AB9B0
:1089800001222270DA88541CD2B2DC8052B903234F
:108990000B7012E0013AD2B22270002AF2D100220A
:1089A000DA80EFE793F8672002F0FF0432B100228B
:1089B00083F8672005230B70204630BD0423E7E7CA
:1089C00036060020027D03460AB90020704790F861
:1089D000682002F0FF0022B1002283F868200A70AC
:1089E000704793F86A2002F0FF002AB1002283F852
:1089F0006A2001230B70704793F86B2002F0FF0090
:108A000022B1002283F86B200223F3E793F866205B
:108A100002F0FF00002AD8D0002283F866205A7D99
:108A2000EE2AD2D1DB7D812BCFD10323E2E738B50B
:108A300004461D46EA23084684F86D30AB1C1146F7
:108A400084F86E302A4684F86F0004F1700008F054
:108A5000EBFB04F16D012046FFF708FF63190435B5
:108A600083F87000EDB284F8BD5038BD13460A4655
:108A70008221FFF7DCBF000070B50C4600F1DC0678
:108A8000054610220021304608F0F0FD6379032BE3
:108A900010D12079FFF78CFD22680146D2B2304612
:108AA000FFF78EFD94F90630002B03DB03493046B7
:108AB00008F094FB012385F8843170BD353101083D
:108AC00037B504460D460868496850EA010331D0BD
:108AD000194A0023F8F70AFBCDE90001684608F0BF
:108AE000B1FC436903F26C735BBAA4F8D330036939
:108AF000114A013384F8D530C36884F8D6308368CE
:108B000084F8D730436884F8D830036884F8D930C3
:108B1000286869680023F8F7E9FA104619464FF407
:108B20007A720023F8F7E2FA40BA0123A4F8DA00D7
:108B300084F8CC3103B030BD40420F00002310B5A3
:108B40001A464FF6FF74191D00EB410101334988A5
:108B5000A14218BF52180A2BF5D1B0F8293013449E
:108B6000B0F82B201A44B0F82D30B0F82F00134481
:108B7000184410BD2DE9F04190F82F7004460D46C1
:108B800097B3002680F82F6000F2A310FFF7D6FFFE
:108B9000B4F9C131D4F8A3812E60B342B8BF3446D2
:108BA0004FF0640290FBF2F1A8BF0A222846A8BF4A
:108BB00093FBF2F409230022FEF7CBFF01220221EE
:108BC0002046F8F7FDFF0823014609222846FEF754
:108BD000C0FF47F6FF7141454FF00F034FF0110200
:108BE000A8BF4146FEF7B5FF3846BDE8F0812DE944
:108BF000F04190F8347004460D4697B3002680F893
:108C0000346000F2D910FFF799FFB4F9F731D4F8C6
:108C1000D9812E60B342B8BF34464FF0640290FB56
:108C2000F2F1A8BF0A222846A8BF93FBF2F4092359
:108C30000022FEF78EFF012202212046F8F7C0FF36
:108C40000823014609222846FEF783FF47F6FF71F5
:108C500041454FF00F034FF01102A8BF4146FEF708
:108C600078FF3846BDE8F081F0B591B00D46F223AB
:108C700001A904461646ADF80830FFF721F838B1CF
:108C80002389ADF80A30019B039301238DF8093045
:108C900001A92046FFF7F0F970B19DF8093010A93D
:108CA000062202FB0312218A22F8361C01330199A5
:108CB00042F8341C8DF8093001A92046FFF726FA46
:108CC00070B19DF8093010A9062202FB0312218D14
:108CD00022F8361C0133019942F8341C8DF8093012
:108CE00001A92046FFF75CFA70B19DF8093010A980
:108CF000062202FB0312618A22F8361C0133019915
:108D000042F8341C8DF8093001A92046FFF748F8D5
:108D100070B19DF8093010A9062202FB0312618987
:108D200022F8361C0133019942F8341C8DF80930C1
:108D300001A92046FEF71FFF70B19DF8093010A968
:108D4000062202FB0312618822F8361C01330199C6
:108D500042F8341C8DF8093001A92046FEF731FF96
:108D600070B19DF8093010A9062202FB0312A188F8
:108D700022F8361C0133019942F8341C8DF8093071
:108D80009DF80970082F11D801A92046FFF7F2FEBF
:108D900060B110AA062303FB0723A28923F8362C0F
:108DA0000137019A43F8342C8DF809709DF8097049
:108DB000082F11D801A92046FFF719FF60B110AAAA
:108DC000062303FB0723E28A23F8362C0137019A96
:108DD00043F8342C8DF809709DF80970082F11D8CC
:108DE00001A92046FFF74EF860B110AA062303FB45
:108DF0000723E28923F8362C0137019A43F8342CF3
:108E00008DF809709DF80970082F11D801A9204626
:108E1000FFF724FA60B110AA062303FB0723A28AF6
:108E200023F8362C0137019A43F8342C8DF8097059
:108E30009DF80970082F11D801A92046FEF7ECFE15
:108E400060B110AA062303FB0723E28823F8362C1F
:108E50000137019A43F8342C8DF809709DF8090008
:108E600050B100EB400043000233DAB2327002A985
:108E7000284608F0D9F9012011B0F0BD2DE9F04FD6
:108E8000334B04461F68064600F15001034697B075
:108E900040F6C4100125D3F8882122B1BA1A8242C3
:108EA00088BF83F8845108338B42F4D14FF0000817
:108EB0008DF8078004F17809254604F16D0A96F8CB
:108EC00084319DF807B05BB395F814310BEB0302C6
:108ED0002B2A0DDD9DF8075045B32A4602A904F15F
:108EE0006D0008F0A1F984F8BD5017B0BDE8F08F0F
:108EF00086F88481C6F88871D5F8102195F80C1190
:108F00002046FFF794FD02AB03EB0B0094F8BD2065
:108F1000514608F089F994F8BD305B448DF807306C
:108F20000C354D4506F10806C9D1D3E70DF107020E
:108F300002A904F5EA70FFF797FE0028D5D09DF846
:108F4000073002AA80212046FFF771FDCDE700BF60
:108F50007443002070B591F8205004460E465DBB66
:108F60000846FFF7EBFD642390FBF3F040BAA4F84A
:108F7000EC00B6F91E30591C1CBF0A2593FBF5F511
:108F80006DBAA4F8EE5033680C4A23EAE3739342B7
:108F900028BF13461A0C84F8F0201A0A84F8F1202E
:108FA00084F8F23096F923305A1C08BF002384F865
:108FB000F330012384F8C43170BD00BFFFFF7F0090
:108FC00038B50D4604460F49A868F7F71DFEF7F7B8
:108FD000F7FF40BAA4F8F40068680A49F7F714FEEE
:108FE000F7F7EEFF40BAA4F8F600E8680549F7F78E
:108FF0000BFEF7F7E5FF012340BAA4F8F80084F868
:10900000943138BD00401C4610B54B681BBAC0F8FF
:10901000C4308B681BBA4FF47A72C0F8C830CB6882
:1090200093FBF2F31344044683F310035BBAA0F8F6
:10903000D0304B8B5BBA1149A0F8CE30D0F8C000CD
:10904000F7F7E2FD0E49F7F7DFFDF7F7DFFF40BA6C
:1090500094F8BE30A4F8CC00FF2B0CD094F8BF20BD
:10906000FF2A02D0934238BF134684F8D23001233E
:1090700084F88C3110BD0023F7E700BF00002041C9
:109080006666664070B50D4604460D492868F7F7D8
:10909000BBFDF7F7BBFF40BA0126A4F8FF0084F838
:1090A000AC616B68C4F8C030E8680649F7F7ACFDFE
:1090B000F7F786FF40BAA4F8FA0084F89C6170BD07
:1090C000000010420000C84270B50D460446114928
:1090D0006868F7F799FDF7F799FF00BAC4F804013B
:1090E000B5F90C3001261BBAC4F8083184F8BC610C
:1090F00084F80161B5F90C00F7F732FD0649F7F77E
:1091000083FDF7F75DFF40BAA4F8020184F8B4616B
:1091100070BD00BF0000C842CDCCCC3D70B58A68A0
:10912000C2F317023E2A90B004460B4600F0968127
:1091300041D8212A26D8172A0AD8012A00F03481DA
:10914000022A00F09480002A00F0848010B070BDE4
:10915000183A092AFAD801A151F822F0C59200085C
:109160004D9100084D910008F59300084D910008BD
:1091700067930008A99200084D9100084D910008DE
:109180004B9300082A2AE1D14D78112D01F10C01F1
:1091900000F256812A4601A808F046F801ABC5F155
:1091A00012020021581908F061FA01A904F5EA70C9
:1091B000FEF71EFCCAE7A22A00F09A812DD8882A61
:1091C00000F070811AD84A2A00F0B2807C2ABDD102
:1091D0004D78382D01F10C0100F29C802A4601A83F
:1091E00008F022F801ABC5F139020021581908F046
:1091F0003DFA9DF8253084F8BF30A7E7932AA5D122
:1092000001A8F9F7C7F801A92046FFF7A3FE01A9B5
:1092100004F5EA70FEF732FC98E7F22A00F07A8152
:109220000DD8AD2A00F06D81E22A8FD101A8F9F79F
:1092300003F901A904F5EA70FEF75FFC86E7FD2A51
:1092400084D101A8F9F7A6F801A904F5EA70FEF7A0
:109250006FFC7BE701A8F9F7D5F801A92046FFF7D5
:109260000BFC01A904F5EA70FEF754FB6EE74D789C
:109270000B2D01F10C0610D82A46314601A807F043
:10928000D3FF01ABC5F10C020021581908F0EEF92B
:1092900001A92046FFF714FC58E7C868716801AAC5
:1092A00003C2B0681060F3E7194601A8F9F78FF818
:1092B00001A92046FFF784FE01A904F5EA70FEF734
:1092C00066FB43E75D78332D03F10C0114D82A4681
:1092D00001A807F0A9FF01ABC5F13402002158191C
:1092E00008F0C4F99DF8213084F8BE3001A904F5D6
:1092F000EA70FEF731FB29E70A4601AD3C331068FE
:1093000051682E4603C608329A423546F7D1106896
:109310003060E7E70A4601AD4433106851682E46D5
:1093200003C608329A423546F7D11378337060E7A6
:1093300001A8F9F714F901A92046FFF7A3FE01A936
:1093400004F5EA70FEF76EFB00E7194601A8F9F78D
:109350003EF801A92046FFF757FE01A904F5EA707F
:10936000FEF724FBF2E65D780F2D03F10C010FD818
:109370002A4601A807F058FF01ABC5F110020021F1
:10938000581908F073F901A92046FFF79DFEDDE6A4
:109390000A4601AE1C3310685168354603C50832D1
:1093A0009A422E46F7D1EEE74D782A2D01F10C01B5
:1093B00010D82A4601A807F037FF01ABC5F12B02F0
:1093C0000021581908F052F901A904F5EA70FEF7D6
:1093D000B5FABBE60A4601AD3433106851682E4633
:1093E00003C608329A423546F7D111889378B37094
:1093F0003180E9E75D781C2D03F10C0110D82A4675
:1094000001A807F011FF01ABC5F11D020021581999
:1094100008F02CF901A904F5EA70FEF7ACFA95E61C
:109420000A4601AD2433106851682E4603C608323F
:109430009A423546F7D11068306013793371E9E705
:109440000A4601AD1C33106851682E4603C6083227
:109450009A423546F7D113883380A6E64D78192D08
:1094600001F10C0110D82A4601A807F0DDFE01AB7E
:10947000C5F11A020021581908F0F8F801A904F5FD
:10948000EA70FEF7C2FA61E60A4601AD24331068BD
:1094900051682E4603C608329A423546F7D11388E2
:1094A0003380EBE74D78152D01F10C0110D82A46D9
:1094B00001A807F0B9FE01ABC5F116020021581949
:1094C00008F0D4F801A904F5EA70FEF7CAFA3DE6FF
:1094D0000A4601AD1C33106851682E4603C6083297
:1094E0009A423546F7D1106830609388B380E9E737
:1094F00001A8F8F787FF01A904F5EA70FEF7E6FA7C
:1095000024E601A8F8F798FF01A904F5EA70FEF730
:10951000EAFA1BE64D783B2D01F10C0110D82A46E2
:1095200001A807F081FE01ABC5F13C0200215819EA
:1095300008F09CF801A904F5EA70FEF7E8FA05E6E0
:109540000A4601AD4433106851682E4603C60832FE
:109550009A423546F7D110683060EBE74A7922B17C
:109560008B79012B01D1FFF7D9BD7047B0F5E16FC1
:1095700003DC10F5E16F04DB7047A0F5616000B219
:10958000F4E700F5616000B2F3E7000038B5B0F829
:10959000B8340D4613F00801AA8808BFC0F890112E
:1095A00013F0020308BFC0F8A831B2F5005F04460B
:1095B00000F0A78007D86C2A17D06D2A00F08F80A2
:1095C0006A2A60D038BD42F202039A423BD042F68A
:1095D000FF739A42F6D1D0F8BC24A968DC30FEF7BC
:1095E0001FF9012384F88431ECE7B5F90A00FFF78D
:1095F000BDFFF7F7B5FA4749F7F706FBF7F7E0FCC9
:1096000040BAA4F8F400B5F90800FFF7AFFFF7F788
:10961000A7FA4049F7F7F8FAF7F7D2FC40BAA4F8EE
:10962000F600B5F90C00FFF7A1FFF7F799FA3A49F0
:10963000F7F7EAFAF7F7C4FC012340BAA4F8F800F8
:1096400084F89431BEE7B5F809300A22B3FBF2F38F
:109650005BBAA0F8EC30B5F80B30B3FBF2F35BBAB1
:10966000A0F8EE30D5F8113080F8F2301A0C80F8FE
:10967000F0201A0A80F8F1206B7F80F8F330012384
:1096800080F8C4319EE700299CD0D5F80A301BBA77
:10969000C0F8C430D5F80E301BBAC0F8C830AB8A59
:1096A0002422534332336422B3FBF2F35BBAA0F8B3
:1096B000CC30EB8A0A214B435BBAA0F8CE30D0F80D
:1096C000B43493FBF2F303F57A735BBAA0F8D030AD
:1096D0006B7A80F8D230012380F88C3172E7B5F9CB
:1096E0000C2052BAA0F8FA20012280F89C21002B0D
:1096F0003FF468AFD5F80E30C0F8B43480F88C2150
:1097000060E7AB89A0F8B834D5F81130C0F8BC34A4
:1097100058E700BF58A08B416E882E437FB5204C80
:10972000054694F99200F7F7EFFE00268DF8040045
:1097300020468DF80560F7F737FE94F895308DF8E0
:109740000830184B8DF8060098788DF80760F7F709
:10975000CBFE8DF809001448FBF763F8F7F79EFE7F
:109760008DF80A002046F7F7FAFDF7F7CDFE8DF8E1
:109770000B002046F7F705FE8DF80C002046F7F7A2
:10978000F7FD8DF80D002046F7F719FE0A238DF836
:10979000050001AA14212846FFF749F904B070BD5D
:1097A00058310020140300201034002073B5184CE9
:1097B00005462046F7F7D3FDF7F7A6FE8DF8000023
:1097C0002046F7F7CCFD06461248FBF713F8014692
:1097D0003046F7F7A3FE8DF801002046F7F7D1FDDC
:1097E0008DF802002046F7F7C3FDFF238DF8043003
:1097F000094B8DF803009878F7F77EFE06238DF865
:1098000005006A461D212846FFF711F902B070BD18
:10981000583100201034002014030020F7B5144DF7
:10982000144E044695F99200F7F76EFE8DF800008D
:10983000304695F99270FAF7DDFF01463846F7F7A2
:109840006DFE8DF801002846F7F7AEFD00238DF878
:10985000020030468DF80330FAF7E3FF05238DF858
:1098600004006A461C212046FFF7E1F803B0F0BD72
:10987000583100201034002030B595B04EF6EA6320
:109880001A49ADF80030044614220DF10200F7F732
:10989000FDFF0DF10200F6F75DFCC3B2DA1CD0B299
:1098A000694651FA82F26D250DF800504C20507037
:1098B000522090705320D070312010716FF02B0027
:1098C000002150710425012011339171D171117261
:1098D00050729572D07211735173DBB26A462921AE
:1098E0002046FFF7A4F815B030BD00BFEF300108E7
:1098F00070B5054694B005F16D06FFF70FFF95F8BA
:10990000BD203146684607F08FFC95F8BD402846DB
:10991000E4B2FFF74BFF95F8BD2031460DEB040094
:1099200007F082FC95F8BD301C442846E4B2FFF7EE
:1099300075FF95F8BD2031460DEB040007F074FC6F
:1099400095F8BD301C44E4B222466946304607F023
:109950006BFC85F8BD4014B070BD00000038024BB0
:1099600018BF012018707047F405002070B58C46B0
:1099700052BB042B5CD89EB22BB3524991F82830CD
:1099800015464A6A0333DBB2D20081F828304A62B6
:1099900013E0083BDBB281F82830BCF800E0BEF5EC
:1099A000817F0EF1010441D24A6AACF8004022FAEC
:1099B00003F300F80E3091F82830072BE9D8013571
:1099C000AAB29642DDD870BDFF2AFCD1032B54D831
:1099D0009EB2002BF7D03B4991F828304FF0000E93
:1099E0004A6A04331201DBB242F0020281F82830E5
:1099F0004A6212E0083BDBB281F82830BCF8002054
:109A0000B2F5817F02F1010511D24C6AACF8005029
:109A100024FA03F3835491F82830072BEAD80EF187
:109A2000010E1FFA8EF29642DAD870BDFEE7FEE70D
:109A300024494A6A03F5C06343EA423291F8283068
:109A40004A620D33DBB281F8283012E0083BDBB20A
:109A500081F82830BCF80020B2F5817F02F10105C1
:109A60000AD24C6AACF8005024FA03F3835491F8FC
:109A70002830072BEAD870BDFEE712494A6A03F581
:109A8000E06343EA423391F828204B6202F10D0370
:109A9000DBB281F8283010E0083BDBB281F82830D7
:109AA000BCF80020B2F5817F0AD24C6ADC40531C1E
:109AB000ACF80030845491F82830072BECD870BDF6
:109AC000FEE700BFF40D00202DE9F04F0D466A4C73
:109AD0000021FF2629800670802683B0616284F809
:109AE0002810A6779A46002B00F0B68003F1FF3BC2
:109AF0002B8812FA8BFB571E02F1FF0988460A4693
:109B0000FF2B17F8016F0FD8B1B196420DD108F1B4
:109B100001081FFA88F89A4540F28A80BB4500F098
:109B20008B80B945ECD1FEE7FEE75FFA88F3294662
:109B30000192FFF71BFF019A731EDBB2FD2B2AD89F
:109B40003F2B52D906F14103DBB23F2B29D894F8C1
:109B50002810636A0136F6B20831C9B246EA032317
:109B600084F82810636211E00839C9B284F828101B
:109B70002B88B3F5817F03F1010C35D2666AA5F815
:109B800000C026FA01F1C15494F828100729EBD837
:109B90002B880021BFE74FF001082B883246414651
:109BA000B9E794F82810636A3F36F6B20931C9B2B2
:109BB00046EA432384F82810636211E00839C9B2E9
:109BC00084F828102B88B3F5817F03F1010C0AD2A9
:109BD000666AA5F800C026FA01F1C15494F828106D
:109BE0000729EBD8D4E7FEE7FEE794F82810636A6C
:109BF0007F36F6B20831C9B246EA032384F828104A
:109C0000636211E00839C9B284F828102B88B3F5D3
:109C1000817F03F1010C0AD2666AA5F800C026FA1A
:109C200001F1C15494F828100729EBD8B0E7FEE7FA
:109C3000002003B0BDE8F08FB1B994F8282062B1DC
:109C4000616AC2F108020124914004FA02F2013A69
:109C50000A4319192980C2542B889A4594BF0020C1
:109C6000012003B0BDE8F08F5FFA88F32946FFF7C3
:109C70007DFE2B88E1E700BFF40D00202DE9F04FB9
:109C800047F26F730022827003800B78A3F1FE030A
:109C9000B3FA83F35B0983708A780D4612F00101F1
:109CA0001CBF43F080038370D5F8202122F07F424F
:109CB00022F0FF0285B0044612B143F0080383701E
:109CC000AA68C2F31702FF2A1ED9B2F5803F18D343
:109CD00063F07F03A37041F002014FF0020E0923ED
:109CE0004FF00A0C0822E1700B20CDF804C01E468C
:109CF00017464FF007094FF0060A4FF0050B0421F5
:109D000017E043F00203A370180600F1DF80082378
:109D10004FF0090C07220A204FF0000ECDF804C0C6
:109D20001E4617464FF006094FF0050A4FF0040B88
:109D3000032195F8018004F8018004EB01082979DA
:109D400004F80B10697904F80A10A97904F80910CD
:109D5000A178090709D595F82111A15495F8221188
:109D6000A1550346674662460646A968A154A278F3
:109D7000900707D5BA1C1F46AB68C3F30F23A35542
:109D800096B23346BEF1000F05D05A1C1F46AB7A7F
:109D9000A35596B23346A278D10606D55A1C1F4663
:109DA00095F82331A35596B233464A4A127803F107
:109DB000010914FA89FA05F10C0B42B16B785A4685
:109DC0000DF10E015046FFF77FFE00285CD16A7846
:109DD000504659461FFA82FA07F026FA22783E4B7F
:109DE0006178D243D2B2072F9A5C82EA0102995C71
:109DF000A27882EA0102995CE27882EA0102995C27
:109E0000227982EA0102995C627982EA0102995C14
:109E1000A27982EA0102995CE27982EA01029A5C03
:109E20001BD0217A4A40082F9A5C16D0617A4A40AA
:109E3000092F9A5C11D0A17A4A400A2F9A5C0CD063
:109E4000E17A4A400B2F9A5C07D0217B4A400C2FC5
:109E50009A5C1EBF617B4A409A5CA2551AFA89F34C
:109E60009BB2B3F5947F0ED2B5F80C21E254981C46
:109E7000B5F80C115A1C92B280B2090AB0F5947F61
:109E8000A1540AD3FEE7FEE7A378BDF80EA043F085
:109E90004003A37088F800A0A0E7AA78D20702D4F4
:109EA00005B0BDE8F08FD5F81071D5F81811D5F8C8
:109EB0001461275022180F335660916098B295F8BC
:109EC0001C111173B0F5947FEAD3FEE74FF0000E3A
:109ED00005E700BFF4050020004401082DE9F84F14
:109EE000B14C15460F4680460146B04807F09CF934
:109EF00000228023B5F5817F3A802284626284F853
:109F000022304FD2A94E84F828204FF0FF09924604
:109F1000012A76D8B4F820C0654540F2B180616A64
:109F200016F80C3002F108000CF1010CC0B243EA43
:109F30000123A4F820C0A0F1020C23FA0CF1063290
:109F400001F003015FFA82FE0229636284F828E0CF
:109F500000F0BD80032944D0012924D1BEF1060FB1
:109F60000DD8228C954240F28B80B15C00F1060E38
:109F700041EA032301325FFA8EFE22846362AEF16E
:109F8000070E23FA0EF303F07F037D2B84F828E0FD
:109F900076D83A88FF2A23D84133511C398008F8F3
:109FA000023019E0FEE7BEF1000F6BD1228C954222
:109FB00066D9B15C013241EA03232284072284F886
:109FC00028201A06636200F1C8803B88FF2B06D860
:109FD0005A1C3A8008F803A094F8282098E7FEE776
:109FE000FEE7AEF1060E5FFA8EF284F828203A887A
:109FF00023FA0EF3FF2A03F03F0301D8413BCCE7DD
:10A00000FEE7636AA2F1020C23FA0CF101F00301EE
:10A010005FFA8CFE022984F828E003D003291CD0C3
:10A02000104699E7BEF1050F51D8218C8D4227D9F2
:10A03000705C02F1060E40EA032301315FFA8EFEE6
:10A0400063622184AEF1060E23FA0EF384F8282011
:10A0500003F03F033A8801339FE7BEF1050FC0D8F4
:10A06000218C8D420CD9705C02F1060E40EA03236C
:10A0700001315FFA8EFE21846362AEF1060EB4E711
:10A08000BDE8F88F0CF1FF3123FA01F10EF1FF3238
:10A09000D2B2C90784F8282097D5F2B9228C95420C
:10A0A000EED9B15C013241EA0323228407226362C4
:10A0B00084F8282013F0800F40F08C803B88FF2B21
:10A0C00000F287805A1C3A8008F8039084E7AEF1CA
:10A0D000060E636A5FFA8EF2B6E7013A23FA02F1DE
:10A0E000AEF10202D2B2C80784F82820E6D5002AD1
:10A0F0005ED1228C9542C3D9B15C41EA032301327F
:10A10000072118062284636284F8281058BF0822A9
:10A110002AD4B4F820C06545B2D90732D0B216F8B7
:10A120000C2042EA03220CF10103238462621346ED
:10A13000083884F82810C34038885FFA83FB00EBA6
:10A140000B03FF2B0FDC40445A46002107F08EFA28
:10A150003B880BEB03023A803EE7062284F8282076
:10A1600013F0400FA8E7FEE708460822218C8D4235
:10A1700086D916F801C007324CEA03230131D2B266
:10A180002184636284F82800083A23FA02F23888AE
:10A190005FFA82FB00EB0B03FF2B03DC40445A46C3
:10A1A000FF21D3E7FEE700BFF40D0020C80C00201C
:10A1B000511EAEF1030023FA01F1C0B2C90784F8C1
:10A1C000280011D407280DD9AEF10B01636AC9B27A
:10A1D000AEE7FEE7511EC8B223FA01F1C90784F8C1
:10A1E000280001D4014694E70728BFD9A0F108014F
:10A1F0000246C8B2C6E700BF2DE9F04F5788B7F551
:10A200008F7F8BB0144606460BD9002222700022A5
:10A210006F2B628000F02581002333700BB0BDE806
:10A22000F08F12780E2A0D4624D80E2A00F2D5801F
:10A2300001A151F822F000BF0FA20008E7A3000817
:10A24000DBA30008DBA30008E7A30008E7A30008DE
:10A25000E7A30008E7A30008E7A30008E7A30008B6
:10A260003FA40008DBA30008DBA30008DBA3000871
:10A270001BA40008692A40F2AE806A2A40F0AD8033
:10A28000A74FF98A4A1E92B2002900F021810332B9
:10A29000DFF890E207EB020CB91CFF2211F8010B6A
:10A2A000424061451EF80220F8D1934200F0FE8042
:10A2B0004FF0000984F80090C4F80290A4F80690CA
:10A2C000B7F81680B8F1020FA6D997F804A0BAF132
:10A2D0006F0F00F05C83B8F1030F9DD07A796F2A7D
:10A2E00000F07183B8F1040F96D0BA796F2A00F0AC
:10A2F0007083B8F1050F8FD0FA796F2A00F066836A
:10A30000B8F1060F88D03A7A6F2A00F06E83B8F160
:10A31000070F81D07A7A6F2A00F06483B8F1080FB2
:10A320003FF47AAFBA7A6F2A00F05983B8F1090F77
:10A330003FF472AFFA7A6F2A00F04E83B8F10A0F39
:10A340003FF46AAF3A7B6F2A00F05583B8F10B0FE8
:10A350003FF462AF7A7B6F2A00F05083B8F10C0FA4
:10A360003FF45AAFBA7B6F2A00F08D81B8F10D0F20
:10A370003FF452AFFA7B6F2A00F06883B8F10E0FFA
:10A380003FF44AAF3A7C6F2A00F06C83B8F10F0FAC
:10A390003FF442AF7A7C6F2A00F06183B8F1100F6E
:10A3A0003FF43AAFBA7C6F2A00F05683B8F1110F30
:10A3B0003FF432AFFA7C6F2A00F04B83B8F1120FF2
:10A3C0003FF42AAF3A7D6F2A00F04F83B8F1130FA4
:10A3D0003FF422AFFEE7632A05D800232370C4F8B8
:10A3E0000230E38019E74E4FFA8A122A14D8B918BE
:10A3F00001328B70FA822278092A3AD9A2F16401DB
:10A4000005293FF609AF653A042A00F27983DFE8AF
:10A4100002F06D6965618300FEE77A1C6280EB558E
:10A42000E38862889A4245D3002262802270B3F5A5
:10A43000947F4FF002020270438075D3FEE77A1CCE
:10A440006280374EEB55A088727F618883189942ED
:10A45000FFF6E4AE33785F0600F1B3810E2323707C
:10A46000DCE62F490A800122CA8264228B702270A6
:10A47000D2E6002A3FF4D0AE013A082A3FF6CCAE2D
:10A4800001A151F822F000BF3DA6000819A2000862
:10A4900019A20008B9A40008B9A4000869A6000818
:10A4A000FBA50008C3A5000833A600080A22012363
:10A4B0002270B2E60123B0E66288B2F5947F06D23C
:10A4C000511C6180AB54237801332370A4E6FEE76E
:10A4D000FF22EAE60722FB7622709DE66822BB7621
:10A4E000227099E601227B70227095E662883B70AB
:10A4F0000021B2F5947F79700DD203F00103033B84
:10A50000511C6180AB5497F90030002BC0F2BD8222
:10A510000123237080E6FEE76A223B7722707BE608
:10A52000F40D0020004401082B78FD2B00F027815A
:10A53000EB7803722B7943726B7943606A78083247
:10A540007280002240F28510DFF8A8C27281FE21DD
:10A550000446013499424FEA540400F2DF80C0F00F
:10A56000EA808B4240F024812B78FD2B00F01D8186
:10A570004FF0060B2846DFF87C8210F801AF0BEB9A
:10A580000A0909F1FF3189B2F7F710FE04EB44071D
:10A5900008EB8707ADF808003979019102A8F7F7B1
:10A5A000E1FD05EB090215F809305278019903EB3A
:10A5B0000223BDF808209BB29A4200F0BE8005231A
:10A5C0002BE66288B2F5947F15D2511C6180AB54A2
:10A5D0007B7813F0020340F014826288B2F5947F16
:10A5E0000AD2511C6180AB543B78DD064CBF692315
:10A5F0006A23237010E6FEE7FEE76288B2F5947FD7
:10A6000015D2511C6180AB543B787A78134313F018
:10A61000020340F0ED816288B2F5947F08D2511CAC
:10A620006180AB546288B2F5947FDAD3FEE7FEE72F
:10A63000FEE76288B2F5947FD3D3FEE762883A835F
:10A64000B2F5947F0FD2511C6180AB543A787B777E
:10A6500012F0010200F0D88106220833A280E380C4
:10A6600004232370D8E5FEE76288B2F5947F09D20F
:10A67000511C6180AB543B781F074CBF67230723F5
:10A680002370C9E5FEE74FF00C09B8F1120F00D9AD
:10A69000FEE707EB080208F1010A1FFA8AFA937035
:10A6A00002AB524618465449A7F816A006F0BCFD66
:10A6B00000223A800122FA826F22BA70642222704C
:10A6C00009F1010252450346BFF4A6AD08F1FF317E
:10A6D0000DF10902A1EB09014A4412FA81F24B443F
:10A6E00001924FF06A0E4FF007084FF00109002267
:10A6F0004FF0690AF98A12290FD878180131F982C6
:10A7000013F8011F81702078092800F20D810028BC
:10A7100074D101999942EDD17EE5FEE7601E1418CF
:10A72000824204F1010745D227F0010101EB5701F4
:10A730005CF821100DE72246F1E7BB79DA0706D570
:10A74000FA79924582BF521912F80B20B2729B0718
:10A750000BD56300234408EB83036A781B7A9A4283
:10A7600082BF5B1913F80B30F3724FEA4409A1441E
:10A7700008EB8908317398F8053073734EE56B79EF
:10A780000372AB7943726B7A297AEA791B0403EB83
:10A790000123134443606A7802F10C014180A978D7
:10A7A000C9077FF5CEAE1932CAE64FF00A0BE1E6D3
:10A7B000032332E50F4902EB4200144651F8201002
:10A7C000CFE602A92844FFF789FB737FBDF8081084
:10A7D0006288CB1A9BB21A446280727F1A447277E5
:10A7E000E2881344E380338BB3F5947F01D2E954BC
:10A7F00034E6FEE700450108F60D00200138082880
:10A8000087D80FF2080C5CF820F000BF4DA80008B4
:10A8100013A7000813A7000831A8000831A80008F2
:10A82000DFA800089FA8000801A900087DA800086B
:10A830006088B0F5947F08D200F1010CA4F802C042
:10A84000295421780131217063E7FEE7608838835D
:10A85000B0F5947F11D200F1010CA4F802C0295484
:10A860003878797710F0010000F013810831E18029
:10A870000621A180042121704BE7FEE76088B0F536
:10A88000947F0BD200F1010CA4F802C0295439784E
:10A89000C90600F1288184F800E03AE7FEE7608805
:10A8A000B0F5947F19D200F1010CA4F802C029542C
:10A8B00039787878014311F0020140F01B816088FB
:10A8C000B0F5947F0AD200F1010CA4F802C029541B
:10A8D0006088B0F5947FD5D3FEE7FEE7FEE7608899
:10A8E000B0F5947F0BD200F1010CA4F802C02954FA
:10A8F0003978080700F1018184F8008009E7FEE754
:10A900006088B0F5947F0ED200F1010CA4F802C06B
:10A910002954797811F0020140F0E8806088B0F5A0
:10A92000947FAFD3FEE7FEE7A0F1640CBCF1050F06
:10A930003FF6EFAE6538042800F2EB80DFE800F068
:10A940000E0A05032500F976D6E7B9764FF06801BF
:10A950002170DEE6797084F80090DAE6608839705C
:10A96000B0F5947F7A700FD201F00101033900F144
:10A97000010CA4F802C0295497F900100029ACBFBB
:10A98000494666212170C4E6FEE7397783E7B8F1CE
:10A99000120F3FF67DAE07EB080108F101028B7044
:10A9A00002AB92B218466249FA8206F03DFC0122DF
:10A9B000FA826422A7F8009087F802A0034622706A
:10A9C0004FF0020982E64FF003095EE64FF00509F9
:10A9D0005BE64FF0040958E64FF0090955E64FF0E1
:10A9E000080952E64FF007094FE64FF006094CE61A
:10A9F0000823237010E44FF00A0946E64FF00B09D4
:10AA000043E60923237007E461880C33E380B1F542
:10AA1000947F4FF00A03A38016D27B78481C03F082
:10AA2000010360806B546188B1F5947F0DD2481C9E
:10AA300060806A5413B1E3880D33E380E388B3F593
:10AA4000947FFFF40DAEFEE7FEE7FEE74FF00D0941
:10AA50001BE64FF0110918E64FF0100915E64FF00C
:10AA60000F0912E64FF00E090FE6B8F1120F3FF68C
:10AA70000FAEB844BA7088F802300123FB8200227E
:10AA800064233A802370FFF7C7BB66232370FFF768
:10AA9000C3BBB4F802C00C31E180BCF5947F4FF029
:10AAA0000A01A1801DD279780CF1010B01F001019E
:10AAB000A4F802B005F80C10B4F802C0BCF5947FFD
:10AAC00010D20CF1010BA4F802B005F80C0011B182
:10AAD000E1880D31E180E188B1F5947FFFF4CAAEE1
:10AAE000FEE7FEE7FEE784F800A012E64FF009015A
:10AAF00021700EE6082121700BE66721217008E61F
:10AB0000772B0DD000232370C4F80230E380FFF7C9
:10AB100083BB772908D02270C4F80220E280F8E5D0
:10AB200065232370FFF778BB4FF065012170F0E5D6
:10AB3000F60D002070B500F5EF66044600F5CA6119
:10AB40003046F7F7D8FB0546A06803682A461B691C
:10AB500031469847E06830B103682A4631461B69A0
:10AB6000BDE87040184770BD08B50346806840B125
:10AB7000B3F84C14B3F84A04F7F79EFE003818BF38
:10AB8000012008BD0346806880B1B3F84C24B3F8B7
:10AB90004A14914209D09918013291F85004B3F83F
:10ABA0004E140A40A3F84C24704700207047836875
:10ABB00010B504467BB10023A0F84C34A0F84A3409
:10ABC000C06810B10368DB699847A0680368BDE8F6
:10ABD0001040DB69184710BDF8B5244F04463846CD
:10ABE000F6F7BDFBF6F727FC064697F99200F6F755
:10ABF00022FC05463846F6F7BBFB1D4B84F8606621
:10AC000093F8353084F86156333384F8553664222E
:10AC1000442384F8622684F85636FF22D4F8583646
:10AC200084F864266D2262F31703C4F85836C0F125
:10AC30000A000023C4F85C3684F8713700B24FF480
:10AC40003943A4F8723780F30700092384F86306B8
:10AC500084F8743704F5CA6004F5A471F7F7B2FEFE
:10AC60002046BDE8F840FFF765BF00BF583100201F
:10AC70007003002010B5194B194A93F83530C0F80D
:10AC80006026333380F85536442380F85636D0F8A2
:10AC900058366FF31703C0F85836002380F85C3637
:10ACA00080F85D3680F85E3680F85F3680F8713760
:10ACB0004FF44853A0F8723703220923044680F862
:10ACC000642680F8743700F5A47100F5CA60F7F7C0
:10ACD00079FE2046BDE81040FFF72CBF700300202E
:10ACE00000088004F0B587B004460021102202A8B5
:10ACF000019106F0BBFC484B93F8352001AB03CB28
:10AD000001ABC4F88006C4F8841603CB01ABC4F8C9
:10AD10008806C4F88C1603CB3332D2B2C4F890063E
:10AD2000C4F8941601AB04F5D36505AF1E4603CEF7
:10AD3000BE4228606960334605F10805F6D13388C4
:10AD40002B80442384F85636D4F8583684F8552698
:10AD5000942262F3170318216FF05E02C4F858368C
:10AD600084F85C16002384F86C262021282284F8BD
:10AD70005D1684F85E3684F85F3684F8603684F8B1
:10AD8000613684F8623684F8633684F8643684F871
:10AD9000653684F8663684F8673684F8683684F851
:10ADA000693684F86A3684F86B3684F86D2684F840
:10ADB0006E3684F86F3684F8703684F8713684F80D
:10ADC000723684F8733684F8743684F8753684F8ED
:10ADD000763684F8773684F8783684F8793684F8CD
:10ADE0007A3684F87B3684F871374FF432430B4A55
:10ADF000A4F872374E2304F5CA60C4F87C2684F8A0
:10AE0000743704F5A471F7F7DDFD204607B0BDE8FF
:10AE1000F040FFF78FBE00BF70030020D016CB0FAD
:10AE200038B504461C4884F85E26002284F85F2664
:10AE300084F8602684F8612684F8622684F8632604
:10AE4000442290F8350084F85626D4F85826A4F801
:10AE50005C1684F8643684F871374D218F239DF891
:10AE6000105084F8733761F317020A23333084F8E3
:10AE7000550684F8655604F5CA60C4F8582684F867
:10AE8000725784F8743704F5A471F7F79BFD2046D8
:10AE9000BDE83840FFF74EBE70030020F0B5022930
:10AEA0008BB004460D461CD1414B42481B7800EB49
:10AEB000031000F58970F6F797FB3F4B18603F4A87
:10AEC0000C236B43D718D3583A7900210191511EB6
:10AED000082908D8DFE801F00909626266660707F9
:10AEE00069002F29EBD90BB0F0BD1B788DF8043029
:10AEF00000218DF8242005A81022019E06F0B6FB43
:10AF0000BF683846F5F726F9C2B2102A394628BF7D
:10AF1000102205A806F088F9264BC4F85C6693F861
:10AF200035209DF8243084F874363021333284F88B
:10AF300060160021D2B284F86116A4F8625605ABFF
:10AF400004F2646609AF1D4603CDBD4230607160F6
:10AF50002B4606F10806F6D1442384F85636D4F879
:10AF6000583684F85526162262F31703C4F858366B
:10AF7000002384F871374FF45C43A4F87237192327
:10AF800004F5CA6084F8743704F5A471F7F71AFD64
:10AF900020460BB0BDE8F040FFF7CCBD1B88ADF8F4
:10AFA0000430A5E71B680193A2E71B6801939FE7A4
:10AFB0001403002070030020680600202C000020ED
:10AFC0002DE9F041884D894F2B78142202FB037341
:10AFD00088B093F85530012B04460E4618D191F8ED
:10AFE000211197F8352049B102F13303DBB28B42CE
:10AFF0000ED196F822310BB1442B09D1B368C3F3BB
:10B000001703172B52D006D8142B2BD0152B41D059
:10B0100008B0BDE8F08103F180734B3B23F07F4320
:10B02000012BF5D833329142F2D196F82231442BDC
:10B03000EED1358DF06840F207239D4200F0CF80BD
:10B04000B5F5027F00F0BC80B5F5007F08D1F5F7BB
:10B05000DDFF942800F0B480B0F5967F00F0BF804B
:10B060000222B4E002A83146F7F779FABDF90800E8
:10B07000002804DA03A8F7F7D7FB0028C8DB2F283D
:10B08000C6DCA4F8C208B4F8BA3843F01003A4F838
:10B09000BA38BDE7012384F8C0380023A4F8C238C9
:10B0A000534B1B68643BC4F8C438B1E73332914258
:10B0B000AED196F82231442BAAD196F80180B8F18E
:10B0C000160F06F10C012ED8424602A806F0ACF885
:10B0D00002ABC8F11702002103EB080006F0C6FA24
:10B0E0000DF10E00F7F7A0FBB0F1000890DB414A2C
:10B0F0009DF81E1008EB4803980002EB83031B79B0
:10B10000994285D1B8F12F0F1FFA88F622DC013958
:10B11000029B125808291DD8DFE801F01B1B3939A2
:10B120003B3B1C1C3D000B4602AA1C3618685968A4
:10B130009446ACE803000833B3426246F6D118687F
:10B14000CCF8000099889B798CF80630ACF8041094
:10B15000C6E713702878F8F759FD2A78142303FB03
:10B160000273012183F8551097F82D300BB987F839
:10B170002D10B8F1020F10D11F4B07EB0210196808
:10B1800000F58970F6F76AFAA4F8C2687BE71380C5
:10B19000E0E71360DEE71360DCE7B8F1000FF3D1FE
:10B1A000164B1A78002AEFD083F8008060232380A2
:10B1B0000F4B1B680BB16360E6E74FF0FF33FAE714
:10B1C000B4F8BA3843F00203A4F8BA380022B379CD
:10B1D0000093737929462046FFF722FE18E7B4F85A
:10B1E000BA3843F00403EFE7140300207003002093
:10B1F000744300202C000020680600200C30002042
:10B2000010B52F4B1A782F4B142101FB0233044643
:10B2100093F85530012B37D12B4BD0F8BC281B6845
:10B220009A1AB2F57A7F21BFB0F8BA28C0F8BC38B4
:10B2300042F00102A0F8BA2890F8C02862B1D0F814
:10B24000C4289A1A312A81BFB0F8BA28C0F8C43885
:10B2500042F01003A0F8BA38B4F8BA38DA0614D5B8
:10B2600023F01003A4F8BA38B4F8C2182046FFF748
:10B2700015FEB4F8C23801339BB22F2BA4F8C238A4
:10B2800002D9002384F8C03810BD980708D523F0F0
:10B290000203A4F8BA382046BDE81040FFF722BDEB
:10B2A000590702D523F00403F3E7DA07ECD523F0BE
:10B2B0000103A4F8BA382046BDE81040FFF7DABC15
:10B2C00014030020700300207443002038B5134B92
:10B2D000134A1B68C0F8BC38002380F8C038A0F8B7
:10B2E000C238C0F8C438A0F8BA3813700D4B0E48F5
:10B2F0001B780E4D00EB031000F58970F6F774F91A
:10B300000B4B02241860E0B2FAF7F2F901342E2C4C
:10B31000286305F10C05F6D138BD00BF7443002049
:10B320000C30002014030020700300202C000020AB
:10B33000680600206FF0FF03036040F6FF23838060
:10B340000023836003737047F8B5394D04462E78A7
:10B350003848142707FB060090F84F60012E0CD0E8
:10B36000022E0CD076B9A16090F84C30032B18BF98
:10B370000022A368E26033B9FEE7A360F4E7A260AD
:10B380000022F6E7FEE70023C4E90433C4E95233A0
:10B39000C4E95433A3617F23A4F85831F7F764F864
:10B3A000A878022842D0431F58425841224940F20F
:10B3B000FF12FEF7D3FA0220A4F84E241F4A0870A9
:10B3C000002348708870C8701D49137053709370C3
:10B3D000D370C4F8DA31C4F8DE31C4F8E231C4F80D
:10B3E0001233C4F81633C4F81A33A4F84C34A4F852
:10B3F0004A341A4601330C2B0A70CA704A708A709C
:10B4000001F10401F6D10F4B1B6803F57A7304F6C2
:10B41000A800C4F8A438FFF78DFFA4F8B82822804C
:10B4200062602046BDE8F840FFF750BF0120BDE74D
:10B43000140300207003002029060020F5050020D9
:10B44000F90500207443002003464078FF2808D007
:10B450001B68044A23F07F4323F0FF03934208BF95
:10B4600002207047000101000C4B02781B6810B5E8
:10B470001AB903F21B63836010BD90F90520002AFE
:10B48000FADD816840F21B64591AA142F4D9836045
:10B49000013A012342710373EEE700BF74430020B9
:10B4A00070B590F90530002B88B005460C461DDBC1
:10B4B0004E78182E01F10C011AD8324601A805F079
:10B4C000B3FE01ABC6F119020021981906F0CEF8BF
:10B4D0000E4903A8F4F734FE40B90198F5F796FD3C
:10B4E00010B10B4BC3F8AC04FF236B7108B070BDF7
:10B4F0000B4601AA243418685968164603C6083357
:10B50000A3423246F7D11B783370E1E718320108C5
:10B5100018070020007840B14B79834204D1887924
:10B52000431E584258417047002070475379032BFF
:10B5300010B504460AD14B7903709379DB09437047
:10B540001079FDF735F8E0701368237110BD000025
:10B550007FB58B6833F07F4305460C4600F6A8069E
:10B560000ED18B79012B0BD101A8F6F74BFF9DF87B
:10B570000930082B04D001AA21463046FFF7D6FF38
:10B5800021463046FFF7C6FF88B3A368C3F317030D
:10B59000162B32D0F52B16D16678012E29D83246DB
:10B5A00004F10C0101A805F03FFE01ABC6F1020257
:10B5B0000021981906F05AF89DF805309A1E53425A
:10B5C000534185F8AA3895F8B83853B195F8B93889
:10B5D00021790C480133DBB2CB1A59425941F5F7B6
:10B5E000EBFE012385F8B838237985F8B93804B023
:10B5F00070BDA389ADF80430DEE73046FFF750FF99
:10B60000E1E700BF583100207FB52E4E044600F11F
:10B610001C05B4F85411B4F85621881A83B20004FA
:10B6200044BF80339BB20BB904B070BD91421FBFC1
:10B63000B4F85811A31801320A4096F82D101ABF19
:10B6400093F85A31A4F856210023022904F110027C
:10B650002946684620D1FEF7CFFD9DF80030022B29
:10B66000D7D1E368DBB9A0680368BDF802201B6985
:10B670002946984704F5CA662A4669463046F6F7D1
:10B6800001FF31461048FDF769FF3146204604B0FE
:10B69000BDE87040FFF75CBFF6F77CFFDDE70B4EBF
:10B6A00069460020F7F734F9737833B1A068BDF824
:10B6B0000220036829461B699847B378002BD9D02C
:10B6C000E068D1E77003002018070020F50500208E
:10B6D0000148FFF7B9BE00BF4017002010B54E4C1F
:10B6E00086B000211622684605F0C0FF2046F5F717
:10B6F00048FE94F88C308DF800008DF8013020461B
:10B7000094F88D308DF80230F5F732FE94F89130D0
:10B7100094F890208DF803005B0002F0010203F022
:10B720000203134394F8A52043EA821394F8A62059
:10B7300043EAC2139DF80B2002F03C02134320465B
:10B740008DF80B30F5F730FE94F894308DF8083012
:10B7500094F8923094F895208DF8093094F896304A
:10B760008DF80700DB00920002F0040203F00803EA
:10B7700013439DF80B2022F00C02134304F1280020
:10B780008DF80B30F6F7D7F98DF80C002046F5F759
:10B79000C4FD8DF80D0004F11400F6F7CCF98DF816
:10B7A0000E0004F13C00F6F7C6F98DF80F002046B4
:10B7B000F5F7C4FD8DF810002046F5F700FE94F86B
:10B7C000A7308DF81230154B8DF811005B7C8DF889
:10B7D0001330FFF77DFF124B1A78931E5A425A41DD
:10B7E00000F0030343EA02230E4A0F48127943EAAA
:10B7F0004223BDF8142023F0FC039B0522F4407281
:10B8000022F003029B0D134302216A46ADF8143067
:10B81000FBF73CFD06B010BD58310020EC0B0020BA
:10B8200011070020380600206017002070B54C88F2
:10B83000B4F5427F03464FF000000AD80D780B2D77
:10B8400077D8DFE805F0060F1C2C2F32383B545711
:10B850005B6DA2F124046242488062410A7083F861
:10B8600009033EE04D2A01D0582A06D11A7002225F
:10B870000A70002083F8090370BD0022F8E702F087
:10B88000FD003C2801D0212AF7D15A701A784D2AA0
:10B890000CBF082203220A7000229A70E9E79A700E
:10B8A0000422DBE79A800522D8E7988800EB022281
:10B8B0009A800622DCE7DA800722CFE7D88800EBFF
:10B8C000022292B2002ADA800CBF0B220A220A70EE
:10B8D00000224A80012283F80923DB88B3F5407FE8
:10B8E00001D80020C8E7002008704880C4E7DA804B
:10B8F0000922B3E79A800A220A70EBE7B4F5407F89
:10B900003CBFE41822724A88013292B24A80D88839
:10B9100090429CBF0B220A70012283F80923E0E7C2
:10B9200083F8082302220870488083F80923012045
:10B93000A2E708704880D4E7CB88B3F5407F70B5A4
:10B9400031D8242303700B7843704B7883700B78C5
:10B950004D2B14D1CB88C3708B8803710523002233
:10B96000CD88D4189542A6B210FA84F415D891F86F
:10B9700008232270CA880132981880B270BD8B7873
:10B98000C3708B8803718B881B0A4371CB888371CA
:10B99000CB881B0AC3710823E1E78C180132247A93
:10B9A000845592B2DCE70020E8E700002DE9F74F6C
:10B9B00016464A88B2F5427F04460D462ED80B78CB
:10B9C0000A2B0FD9A3F16402032A03D9002028709F
:10B9D00068802DE0653B8F4F022B33D8DFE803F002
:10B9E00063A4A70000210A2BF0D801A050F823F08F
:10B9F0001DBA000837BA0008CDB90008CDB9000853
:10BA00007BBA000889BA000895BA00089BBA0008FA
:10BA1000CDB90008CDB9000809BB0008A6F124077C
:10BA20007E424FF000007E4168802E7084F809034A
:10BA300003B0BDE8F08F6F2E0CBF642300232B7082
:10BA40000020F3E716F0040F14BF4D2358233E7077
:10BA500023703A78D1070ED412F0020F14BF2123BD
:10BA60003E236370C2F3C003D20648BF43F0020313
:10BA7000A3700423E3E73C23F3E7A68005232B70A0
:10BA800084F809130020D3E7A38803EB0623A380DF
:10BA90000623D4E7E6800723F1E7E38803EB0623D8
:10BAA000E3806523CBE70DF106007E70F6F7F6FB29
:10BAB0003978F6F7EBFBA7882179F6F7E7FB390A27
:10BAC000F6F7E4FBE788A179F6F7E0FB390AF6F729
:10BAD000DDFB9DF80630B34206D000232B706B804F
:10BAE000032384F80933CDE7002F0CBF66230A2314
:10BAF0002B70012384F8093300236B80E288B2F5B0
:10BB0000407FBFD92B70BDE7B2F5407F3CBF121913
:10BB100016726B8801339BB26B80E2889A4201D81F
:10BB200066232B700123DCE77E806723F9E7B7F8F3
:10BB3000028097F8009008EB06284FF6FF730DF18E
:10BB400006001FFA88F84946ADF80630A7F80280CB
:10BB5000F6F708FB2679B4F804A03146F6F702FBA5
:10BB60004FEA1A21F6F7FEFA94F806B0B4F806A0E8
:10BB70005946F6F7F7FA4FEA1A21F6F7F3FA797809
:10BB800004F10807F6F7EEFA52463946F6F7F6FAE8
:10BB9000BDF8063043453AD119F0040015D086EAC5
:10BBA0000B01E21D002398B2824584F8081307D8E0
:10BBB0000223012000222A706A8084F8093337E7C3
:10BBC00012F8010F01334140EDE7A178F5F7C0FC11
:10BBD000217984F80803F5F7BBFCA18884F80803F1
:10BBE000090AF5F7B5FCA17984F80803F5F7B0FC6C
:10BBF000E18884F80803090AF5F7AAFCE28884F8CA
:10BC000008033946F5F7AAFC84F80803D0E70323B4
:10BC10000020CFE7A42F0020CB88B3F5407F2DE98B
:10BC2000F04104460D464AD84B783C2B40D0A3F156
:10BC30002100434243415B002A784D2AAA7808BF7D
:10BC400043F00403D10748BF43F0080392074FF0C5
:10BC50002402227048BF43F010036F226270A37069
:10BC6000AB88E370AB881B0A2371EB886371EB88A8
:10BC7000A71C1B0AA3713846F6F7FAFD0822E071EB
:10BC8000E988A2F108039BB2561C8B42B6B204EBC2
:10BC900002080FD3063189B23846F6F787FA88F8DA
:10BCA0000000000AA055E8880A3080B2BDE8F081A3
:10BCB0000123C1E72B441B7AA3543246E0E700205E
:10BCC000F4E710B5044681780020F5F741FC2179AE
:10BCD00084F80803F5F73CFCA18884F80803090AF6
:10BCE000F5F736FCA17984F80803F5F731FCE18813
:10BCF00084F80803090AF5F72BFCE28884F80803A6
:10BD000004F10801F5F72AFC84F8080310BD0000CF
:10BD10002DE9F74FC788DFF89880B7F5407F0D46CB
:10BD200028BF4FF4407704463A4600F10801002648
:10BD3000284605F079FA2F44E6804FF03B09AF42E0
:10BD400005D1204603B0BDE8F04FFFF7BABF15F8A4
:10BD5000013BFF2B2AD0FE2B28D0FF2E1ED1362BE5
:10BD6000EDD858F833204FF0000A10460192F4F74E
:10BD7000F1F91FFA8AFB5845E388019A0AF1010A92
:10BD800005D85A1C2344E28083F80890D7E7591C51
:10BD9000E180234412F80B101972E6E7FE2ECED193
:10BDA000E288511C2244E1801372C8E71E46C6E7B0
:10BDB0009459010830B50F4B1C780F4B142505FB27
:10BDC000043393F84F30012B03D0022B10D00BB16A
:10BDD000FEE7114600234360C0F81233A0F8223674
:10BDE000A0F8203640F2FF330160A0F8243630BDC1
:10BDF0000021EFE71403002070030020F8B5B0F82D
:10BE00002026B0F82236D21A93B2120444BF03F5AA
:10BE100080639BB2E62B044608D800F2163500F288
:10BE20001236206803685B69984700B9F8BD20683E
:10BE300003689B699847314602462846FFF7F6FC9F
:10BE40000028EED004F6262729463846FFF7E4FE00
:10BE500000239AB29042E4D9B4F82016B4F824C66C
:10BE60004A1C02EA0C02B4F822C694451EBF091906
:10BE700017F803C081F826C603F1010318BFA4F820
:10BE80002026E6E7F8B500F1080504460A46011D3C
:10BE90002846FFF78BFD70B3637A3E2B14D004F66F
:10BEA000262629463046FFF747FD024620680168EE
:10BEB0000F693146B847637A3E2B1CD129460E489C
:10BEC000BDE8F840FDF762BBA389742B0AD042F6A7
:10BED000FF729B1A18BF0123A27A9207EBD4002BA2
:10BEE000DDD1E8E70023A37204F626212846FFF7F8
:10BEF0000FFF0123F0E7F8BD1807002003680BB11E
:10BF0000FFF7C0BF70470346006868B1B3F820264A
:10BF1000B3F82236D31A98B21B0444BF00F58060F0
:10BF200080B2003818BF012070470346006880B116
:10BF3000B3F82226B3F82016914209D0991801329D
:10BF400091F82606B3F824160A40A3F82226704773
:10BF5000002070470346006838B10022A3F822266B
:10BF6000A3F820260368DB691847704710B504461C
:10BF70000548FEF71CFE0548FFF7ECFF6068036804
:10BF8000BDE81040DB691847980E002064220020AD
:10BF900070B50A4C25780A4C142606FB054494F823
:10BFA0004F40012C03D0022C05D00CB1FEE71946FE
:10BFB000416011B9FEE71146FAE770BD1403002095
:10BFC0007003002038B572B6F7F79AF8F7F7C8F89B
:10BFD000F7F71CFDF7F74AF8F7F73AF8F9F72AFAF6
:10BFE000264B274C186803685B689847254B1868F0
:10BFF00003685B689847244B1868036800255B68F2
:10C000009847F7F781FCF8F777FAFF23C4E904555E
:10C01000A5602373F7F7FAF91C4B1D70F6F7E2FFE2
:10C020001B4B1C48D02283F83223F7F785F82946AA
:10C030002046194C01F066FF4FF47A70F7F77CF850
:10C0400094F8582094F857101448FBF795F894F892
:10C0500058101348FCF712FC94F859401148214637
:10C06000F5F7F0FE3CB1104B104A1A60104B114A24
:10C070001A60FAF73DFD62B638BD00BF50310020AE
:10C080001034002054310020040700206C020020EE
:10C0900000E100E0E093040014030020601700209A
:10C0A00018070020200E0020700200203122000816
:10C0B000740200207F2A000873B51648164C4FF60C
:10C0C000FF7102F05FF8206023689B0712D5134EC2
:10C0D00035798DB10F4808236A46002101F0E3FE4F
:10C0E000D6E90602DDE900139A4208BF884201D072
:10C0F0000023236002B070BD02236A46054829462A
:10C1000001F0D1FE064BDA8BBDF800309A4218BF21
:10C110002560EFE710340020840E00203806002050
:10C1200014030020044A00231370044A1380044AB5
:10C130001370044A13707047920E0020940E002072
:10C1400074340020DC0B0020024B1878B0FA80F029
:10C1500040097047920E00200D4A11780346A9B994
:10C1600010700C4A012010700B4A032B118009D06B
:10C17000042B01D083420AD1084B002283F8A0206F
:10C18000012070474FF4FA73138070470020704706
:10C19000920E002074340020940E00202C05002004
:10C1A000034A00231370034A1380034A1370704735
:10C1B000920E0020940E0020743400200A4A08B524
:10C1C000138883B1013B9BB2138063B9074B1B7883
:10C1D000032B02BF064B01221A70FFF7E1FF054B4C
:10C1E000002283F8FA2A08BD940E0020920E002047
:10C1F000DC0B00206017002013B5C379212B12D16E
:10C200000A4CF8F7DDFDFFF7CBFF94F8FA3A032B61
:10C2100006D10DF1070120468DF80730FBF7BAF97A
:10C22000002384F8FA3A02B010BD00BF6017002066
:10C2300010B50D4B1B78013B032B14D8DFE803F03E
:10C2400002090D072023BDE81040F8F7A9BD2423FB
:10C25000F9E7BDE81040F8F7FFBD2323F8F7A0FD8C
:10C26000024B00221A7010BD920E00207434002080
:10C27000034B01221A7000225A711A71704700BFD5
:10C280000D300020054A064B12791B7F1AB1054973
:10C290005B22F9F7F3B804495B22FAE7380600207D
:10C2A0001403002075340020D034002038B5114B21
:10C2B0001A79054632B1014600221846BDE83840D9
:10C2C000F9F734B90C4A0D495B23F9F7CDF87DB97C
:10C2D0000A48F8F755FC0128044607D00028084909
:10C2E000284614BF01240224F9F7E6F8204638BD99
:10C2F0000148EEE738060020F23000209730002099
:10C3000058310020024B1878831E5842584170471C
:10C3100011070020044B1B78022B06BF034B93F838
:10C32000A0000020704700BF110700202C0500204E
:10C3300010B5184B1A78184B0446142000FB023332
:10C3400093F85500012822D12288930605D522F0C2
:10C350002002228005230B7010BD12F0400317D07D
:10C36000FFF7D8FF28B1FFF7EFFE10B90023012037
:10C37000F1E7606830B1094B1B681B1A312BF5D906
:10C380000023636022F0400222800623EFE70023AF
:10C390001846E0E7140300207003002074430020D7
:10C3A00013B50DF107010446FFF7C2FF18B19DF860
:10C3B000070002B010BD2080FBE700002DE9F0412E
:10C3C00006460C461546FFF7A5FF70B1184B93F8CB
:10C3D0002D30581E012819D8164BB3F85861B3F800
:10C3E0005671002291B28D4201D8BDE8F081B3F8B8
:10C3F0005401411C3140B9421FBFC01814F802C09B
:10C4000080F85AC1A3F854110132EBE7032B09D18C
:10C41000094E0D44AC42E8D014F8011B3046FFF73A
:10C420006DFDF7E770680368BDE8F0411B691847C8
:10C4300070030020980E002064220020F8B52B4BDA
:10C440002B4D1F79CB78C3F3800385F895308B791A
:10C45000C3F3000385F896300B79064603F0030317
:10C46000C8785B0143EAD0000C46F4F7DEFF85F89C
:10C4700092006379227903F001039B0143EA92035E
:10C4800085F893306379C3F3460385F89430E378F5
:10C49000A17803F001039B00052243EA91130320D6
:10C4A00012FB03030722B3FBF2F3124A1370DEB14F
:10C4B000D7B101F03001202904D12046BDE8F84071
:10C4C000FFF79ABEA2790C48E11D5208FFF776FFEC
:10C4D000A17905F164004908F5F72FFB05F13C004F
:10C4E000BDE8F840F5F723BBF8BD00BF0D300020D4
:10C4F000583100204D3100202C34002073B5054602
:10C5000090B9204B204E1B78204A1479002C36D14C
:10C5100073B91F4A1F49127801921A4A1278009281
:10C520000D201A46F9F732F8194B1B4E1B78EBE732
:10C53000022B1A480ED1B17801F00701F9F798F8EB
:10C540004379ABB931460120FFF778FF1448F4F77F
:10C55000E1FE05E001229342027044710471F1D1C1
:10C560000F4880F8905002B0BDE87040F4F7D0BE9C
:10C570000C4B1C745C825C610B4B1C71E2E702B0DB
:10C5800070BD00BF8E0E00209730002038060020BE
:10C590008F0E002026320108F23000200D300020DE
:10C5A00058310020980E00206422002010B5024669
:10C5B000FFF7B0FEB8B10C4B93F82D30591E01298E
:10C5C00004D8BDE810400948FEF7CEBA032B04D1C9
:10C5D000BDE810400648FFF796BC50680368BDE808
:10C5E00010405B69184710BD70030020980E0020B2
:10C5F0006422002010B50246FFF78CFEB8B10C4B48
:10C6000093F82D30591E012904D8BDE8104009487F
:10C61000FEF7B8BA032B04D1BDE810400648FFF777
:10C6200084BC50680368BDE810409B69184710BD82
:10C6300070030020980E0020642200202DE9F04FA6
:10C64000DFF8048198F8004097B081460E461746FF
:10C65000002C48D13D4B1B78022B40D1DFF8F0B0C5
:10C660000DF1180A25465846ECB2FFF79FFF40B17E
:10C670005846FFF7BFFF0135402D0AF8010BF2D1F4
:10C680002C4634482146F5F758FA3348F5F74FFA67
:10C6900032488DF8129090F8A4308DF80C30304B61
:10C6A00080F89190DB788DF80D3090F890308DF80F
:10C6B0001130F4F754FE8DF80E00F8F72BFC294DDD
:10C6C0008DF8130010F0010F0CBF33463B468DF878
:10C6D000143095F8563043B9B74206D0FEE71C48EF
:10C6E000FFF744FCD4E70024D2E71C48F4F749FEE6
:10C6F0001D4B8DF8100019780222072313FB01232C
:10C700000522B3FBF2F32A788DF81530174B14216C
:10C7100001FB023393F85A305A1E534253418DF8AD
:10C72000163098F800304BB9114A1248009406AB05
:10C7300003A9F8F719FA17B0BDE8F08F0C4A0D48B5
:10C7400003A9FFF775FDF6E77434002011070020F8
:10C750002C340020A83100208031002058310020E6
:10C760000D300020140300203A3000207003002018
:10C7700014300020D034002030B4084C257925B185
:10C780000146204630BCF8F7BBBC054C94F8A430F9
:10C79000013384F8A43030BCFFF750BF38060020C6
:10C7A0005831002008B50246FFF7B4FD18B9A2F8C9
:10C7B0002206A2F82006054B93F82D30032B04D156
:10C7C000BDE808401046FFF719BB08BD7003002004
:10C7D00070B500239CB2A24200D870BD058886883F
:10C7E0006C1C34404688A6421EBF2D18CE5CAE712C
:10C7F00003F1010318BF0480ECE708B56830FFF7C8
:10C80000E7FF08BDA0F11400F7E7000038B50A4BB8
:10C8100093F82D3000F5EF65022B0446284608D129
:10C82000FDF72CFA0246294604F24A40FFF7D0FFF2
:10C8300038BDF5F760FDF5E770030020F0B587B06F
:10C840000446102201A8F5F70FF8204B94F8A8C869
:10C8500093F8352084F85EC64FF0FF33333284F806
:10C860005C3684F85D36012384F85F3604F5CA67C8
:10C87000D2B201AB04F5CC660DF1140E1D4603CD0A
:10C880007545306071602B4606F10806F6D184F8D4
:10C8900055264423D4F8582684F85636142363F3D7
:10C8A0001702C4F858264DF2016284F871C7A4F843
:10C8B000722784F8743704F5A4713846F6F782F8C5
:10C8C00039462046FFF7A2FF07B0F0BD70030020F5
:10C8D0002DE9FF410446B0F84C14B0F84A04F5F7CE
:10C8E000EBFFE3684BBBDD2808D804F5F37604F5CD
:10C8F000ED75A06803685B69984710B904B0BDE89E
:10C90000F081A06803689B6998472A460346314630
:10C910006846F5F73FFE0028EBD09DF80030022B6B
:10C92000ECD104F5CA65324669462846F5F7AAFDFA
:10C9300029462046FFF76AFF94E0DD28DED84D4DFA
:10C940002B780133DBB2012B2B700FD900232B7016
:10C95000A06803685B69984750B901232B70E068B1
:10C9600003685B69984730B9287004E0002BEFD06A
:10C970002B78012BF3D004F5F37604F5ED772B78C3
:10C98000002B36D1A06803685B69984788B3A0681C
:10C9900003689B6998473A46034631466846F5F76F
:10C9A000F9FD0028EBD0DFF8D08069460120F5F7CB
:10C9B000AFFF98F8023033B1E068BDF80220036899
:10C9C00031461B6998479DF80030022B11D104F5C0
:10C9D000CA67324669463846F5F754FD98F8003084
:10C9E0001BB139462046FFF711FF39462046FEF7B6
:10C9F000E7FA04F21E3604F212372B78012B7FF48B
:10CA00007DAFE06803685B69984700283FF476AF24
:10CA1000E06803689B6998473A4603463146684692
:10CA2000F5F7B8FD0028E8D0134F69460220F5F766
:10CA30006FFF7B7833B1A068BDF8022003683146F0
:10CA40001B6998479DF80030022B7FF457AF04F51F
:10CA5000CA65324669462846F5F714FD3B78002B37
:10CA60007FF466AF2946204604B0BDE8F041FEF7EA
:10CA7000A7BA00BF34060020F5050020264B70B58C
:10CA80001E680446FFF746FC58B9C4F8A468A4F829
:10CA90005601A4F85401A4F84C04A4F84A0484F8FC
:10CAA000B8081E4D95F82D30013B012B33D8204698
:10CAB000FEF7AAFD2046FFF70BFF194B1B78142247
:10CAC00002FB035595F8525095B1D4F8A438F31AE7
:10CAD000B3F57A7F0FD3C4F8A468012504F6A80043
:10CAE000FEF7C2FC4DB12046BDE87040FEF774B8B9
:10CAF000C4F8A468F2E70025F0E794F8B4382BB145
:10CB0000084984F8B4582046FFF798FE2046BDE84F
:10CB10007040FEF775BB70BD7443002070030020A9
:10CB200014030020183201082DE9F04F524E3378DB
:10CB3000012B85B000F253810BB9F6F7FDF9DFF850
:10CB40003C814F4DDFF83C91FFF73CFAD8F80000EC
:10CB5000696C03689B689847D9F80000696C0368A2
:10CB60009B689847484B00221A809A70474B1022C6
:10CB70009A6207244CF25030013CF6F797FAF6F728
:10CB8000DBFA14F0FF04F5D1414B42489C701C8045
:10CB900001F027FB013880B24FF6FD73984203D9AC
:10CBA0003D490120F8F7EAFC3C4B3D491C603D4BF8
:10CBB00038481C60F7F744FE3B48F8F7C7F995F88A
:10CBC00020C0BCF1200F00D9FEE795F82820374F90
:10CBD000696AB5F82CB095F829E095F82A30BA7151
:10CBE000052A00D9FEE7324850F832A0BAF1000F0A
:10CBF00000D1FEE7C7F808A000EBC20A87F8D520ED
:10CC00009AF804009AF805A0F87187F80CA0A7F824
:10CC10000EB087F8D440BBF1000F00D1FEE7844589
:10CC200024BF00F1FF305FFA80FC2048052A80F81D
:10CC300011C000F01081012A00F216810EF1FF32BE
:10CC4000D2B200F0FE80022A34D85A1ED2B2032A91
:10CC50000BD8BCF10C0F01D90C224274427C624506
:10CC600001D980F811C0744627E0BCF1120F84BFCF
:10CC7000122343740023F1E73930002050310020A3
:10CC800014030020543100208A0E002000040048C4
:10CC90004C0E00201034002038320108800E002095
:10CCA00018030020840E002038060020EC0B002022
:10CCB0005C3C0108052B28BF002375482246F4F789
:10CCC00082FE00242A783C74724F734B4FF0140B91
:10CCD0000BFB02724FF0FF0A92F85A2083F800A073
:10CCE000501E424283F801A06C4B42411A7005224B
:10CCF0009A706422DA705C701C71694B64481C7015
:10CD0000F7F7ACFD0146674801F021F9664B1C803E
:10CD1000664B1C70664B1C70664B1C80664B1C80FF
:10CD2000664B1C70664B1C80664B1C70664B1C70FF
:10CD3000664B1C70664B1C70664B01201C70FFF725
:10CD4000F1F9FFF709FAB5F84830B5F84A2095F837
:10CD500040106148F4F79EFAB5F848105F48F4F7C0
:10CD6000BFFD5F48F8F75AFC2B785E480BFB037752
:10CD700097F84E10F5F76EF8D9F800305A4AD8F8FF
:10CD800000105A48FEF7E0FAD8F80070D9F80020F1
:10CD900057483946FFF70EF813465648524A394667
:10CDA000FFF7F6F8544BB5F8482019685348F8F7E0
:10CDB00015FF3C48F7F735FD5148F4F7DFFF5148C0
:10CDC000F4F7D4FE5048F5F707F8504B1C70504B61
:10CDD0001C80504B1C80F6F7E1FD86F800A0F6F7AA
:10CDE000E7FD334D002800F0B880354A13880BB1B9
:10CDF000013B13802C4A138813B9474BB3F84830D2
:10CE0000013B9BB2012B138031D1284A1370FFF7ED
:10CE1000D5F92B78002B40F0A080284B3F4A197899
:10CE2000138802292CD17BB3013B9BB213809278EB
:10CE3000002A77D0002B7DD1F6F72AF9F6F736F9DC
:10CE400078E0022A05D8BCF10C0F01D90C234374F9
:10CE50007446002331E70EF1FF33022BF9D8BCF101
:10CE6000080FF5D90823F2E7F4F754FD29E7002B62
:10CE7000CDD101232B702A4B5A6A0E4B1A80C6E77C
:10CE8000002BD1D1C723D1E740F2F313CEE700BF87
:10CE9000EC0B0020700300203A300020E40B00204F
:10CEA0004D310020103400202C350020880E002049
:10CEB000DD0B00200A300020900E0020110700201A
:10CEC0001407002012070020100700208F0E0020FA
:10CED0008E0E0020960E0020583100206034002075
:10CEE0000D300020200E002074170020980E002026
:10CEF000642200202C340020040700207406002047
:10CF0000444300203434002008070020383000203B
:10CF10007034002072340020140300208A0E002098
:10CF2000004401400229714867D10BB9F6F7B0F807
:10CF3000102383626E4C2388002B63D140F2E733C9
:10CF400023806C48F8F778F86B48F7F76AFC238879
:10CF50001BB96A496A48F5F7C1FDDFF8A8816A4C38
:10CF6000B8F80030022B64D0042B00F08C80012B29
:10CF700010D1664B1A7C597C0132D2B2914298BFD3
:10CF800000221A74624B1146187AFFF7F5FB022350
:10CF9000A8F800302368002B00F0E180B8F80030DA
:10CFA000032B40F087802368D9070FD5594A002307
:10CFB0002360137843F001011170574A92F856200C
:10CFC0000AB19A0702D50423A8F800302368002B81
:10CFD00000F0C580236823685048514913F0020FC0
:10CFE00074D00378226801930B78009398F800308E
:10CFF0004C4992B20120F8F7C9FA08228262002B4C
:10D0000098D11BE7013B9BB22380002B99D1424B67
:10D010001A78454B142101FB023393F85330022B4D
:10D020008FD1424B1B78002B8BD04148F4F7BCF9D1
:10D0300087E7404B404A5B6A12889B1A9BB240F2DA
:10D04000ED229342A6D93D4B3D4800271F70F8F7CB
:10D0500097F92E48F7F702FC0146274800F077FFC2
:10D060002B4B187AFFF70EF90323A8F80030294B51
:10D0700034481F70344B1F60344B276001221A71F3
:10D08000F4F780FE86E71C484FF6FF71F5F7D0FFF6
:10D0900000F0F3FF1848002101F023F81F4A052390
:10D0A000A8F80030002313701D4A1370264A13603D
:10D0B00023606FE7052B89D123689B0786D5002065
:10D0C0002060FFF7F3F8164B18707FE7236813F022
:10D0D00001033FD00378226801930B78009398F8FE
:10D0E00000301B4992B2022085E700BF00040048CF
:10D0F0007034002038060020103400206627010814
:10D1000028000020900E0020840E0020EC0B002050
:10D1100060340020960E0020140300208F0E0020A3
:10D120008E0E0020423201087003002010070020FC
:10D1300058310020004401400A300020880E0020B1
:10D140003A30002044430020800E002018070020C1
:10D15000533201082360A8F8003003700B702B785D
:10D16000002B00F06181DFF868929A4800242C704F
:10D17000F7F7FCFA99F800B0BBF1000F00F0A480BB
:10D180002046FFF7BBF9944B944D954F1C722B7CB6
:10D1900087F8A73099F80030924C012B94BF0023F8
:10D1A000012387F8A530904B1B78012B94BF0023F7
:10D1B0000123BBF1010F87F8A63023780BD9DFF8E4
:10D1C0002CB2002B00F08380012B00F08580884B6F
:10D1D000BBF84C201A802378022B03D1844B1B8888
:10D1E00003B923702278804900230120022AA8F87D
:10D1F000000089F800300B7006D07E490B701AB918
:10D20000FEF7CEFFFEF7A8FF7B4A138813B9774BD2
:10D21000B3F84A30013B9BB2138043BB7048F4F72C
:10D22000D1F82378022B22D16D4897F99280F4F738
:10D23000BBF881466748F7F7DDFA704B1A78B2B150
:10D240001A790AB1013A1A71DA786D4F072101FB98
:10D2500002910431A2EB0902C908132AD97002DC39
:10D26000B9F1320F65D89A787A700A221A715C483F
:10D27000644FF4F74CF82378022B0CBF4FF00108F1
:10D280004FF000080ED05648F3F7EAFF3B784BB159
:10D290005A4B1A7832B15A4A997851706422DA702E
:10D2A00000221A71584B87F8008093F80080B8F17B
:10D2B000000F6BD0554B10229A6108229A61F7F744
:10D2C000FFF8012333706BE0FEF7D2FF5BE701222A
:10D2D00022704F4A13707AE74D4ADFF838A113786D
:10D2E0009AF800000133DBB21370E8B99BF85010D4
:10D2F00099423FF66CAF484991F8A03043B9474B8B
:10D300001B792BB990B1FEF74BFF012381F8A030B8
:10D310009AF8003013B93248F3F7F5FF022323706F
:10D3200001238AF8003052E70521E1E73C490C204F
:10D3300038E480B200F10F0C0FFA8CFCE0453A782B
:10D340000CDA93F802C0944508D9501C787054291F
:10D350004FF00A0018718AD8013285E7153000B203
:10D3600080450BDD5E2909D959789142BFF47FAF22
:10D37000197900297FF47BAF013A75E754293FF60C
:10D3800076AF997891427FF672AFE5E72348F7F7D9
:10D390007DFEF7F7A7FE0128074604D0032890D0AA
:10D3A00005B0BDE8F08F1D48F7F710FE41F2883355
:10D3B000A5F8D630154B85F8D4700822A5F8D8808A
:10D3C0009A6110229A62174B84F800809F70E7E7F9
:10D3D0008E0E00201034002060340020EC0B002062
:10D3E00058310020110700208F0E00201403002068
:10D3F000140700200D30002072340020E40B0020C0
:10D400003A3000202F060020DC0B002000040048EA
:10D4100012070020100700202C05002038060020ED
:10D42000643201088A0E0020844D854C95F85730EF
:10D43000EBB184498448F9F7DBFE68B12A78834B65
:10D44000142101FB0233012293F84C30032B04BF5B
:10D45000012323707C4B1A717B480DF10B01F9F706
:10D46000DFFE20B19DF80B30F3B1012B1FD095F8F2
:10D47000573023B995F85830002B00F0F7807248E8
:10D480000DF10B01F9F7F1FE50B39DF80B30033BA2
:10D490000F2B25D8DFE803F0162424242424244865
:10D4A000244C6272777D797BFEF718F9DFE76648D6
:10D4B00003A9F9F709FF0028D9D09DF80C00FAF765
:10D4C0009DF9D4E7F7F70CF8614B1B78022B4FF06E
:10D4D000030722D10420FEF73FFE5B4B83F8FA7A64
:10D4E00095F85830002B00F0C18056495948FBF799
:10D4F00011FA08B101232370B5F84820554802A954
:10D50000FBF72AFA00284ED09DF80830052B4AD8A0
:10D51000DFE803F0465D6165698F4B488DF80C705C
:10D5200003A9FAF737F8DBE74B49A1F13300F8E735
:10D53000454F03A907F13300FAF742F90028CFD08D
:10D540009DF80C30002BCBD0414B18780228C7D166
:10D55000FEF702FE0C2387F8FA3AC1E73C4B1B7832
:10D56000022B07D10320FEF7F7FD374B0D2283F87E
:10D57000FA2AB5E7394B01221A70B1E70121384880
:10D58000F4F711FBACE70221F9E70321F7E70821E3
:10D59000F5E72D4B334893F83310F4F721FC9FE760
:10D5A0002C48FCF7BBF82B4F0DF109013846FBF76F
:10D5B00009FA00285AD09DF80930022B54D8002BC4
:10D5C00000F0A88026480121F4F7EFFA4EE0214848
:10D5D000FCF7ECF8E7E71F48FCF720F9E3E71D4804
:10D5E000FCF786F9DFE718480DF10A01F9F76CFE40
:10D5F00018B19DF80A00FAF701F913480DF10B0272
:10D6000003A9F9F7A3FD30B19DF80B200399114848
:10D61000FBF72CFAC7E7FEF77DFE0028C3D00B4BC3
:10D6200093F82D30013B022BBDD80A48FBF726FCAE
:10D63000B9E70848FCF720F9B5E700BF140300205C
:10D6400038300020143000206017002070030020C4
:10D65000110700201807002093170020DC0B002082
:10D660003434002008070020032B59D095F8593096
:10D6700023B155495548F4F714FD08B923780BB385
:10D6800000232370524C2B784F495248142707FB34
:10D69000034393F84D20F3F7D9FD2B7807FB03479D
:10D6A00097F85A20012A02D14B4A127852B9142213
:10D6B00002FB0344444994F84A3094F85620474802
:10D6C000F7F77EFE464B1B78002B7FF469AEB8F867
:10D6D0000030022B3FF464AE4248FFF7CFF94248D6
:10D6E000FFF760F84148F4F75AFB4148F4F744FA71
:10D6F00010B93C48FEF754FE431E102B5FD8DFE8FC
:10D7000003F03E454C5E182C365E5E4E5E5E5A5E01
:10D71000565E560097F869103648F4F761FBA5E7A6
:10D72000BA7D3548023AD2B207F11801F9F7F9FC8F
:10D730009CE7324B1878022805D1FEF70DFD2E4BE1
:10D74000FF2283F8FA2A2B48F4F75EFB00283FF407
:10D7500027AE2B4B01221A7022E6284B1B78022B96
:10D7600001D10320E9E7264B01221A70EBE7F6F717
:10D77000B7FE224B1B78022BE5D10420DDE7214BBD
:10D780001A79002ADFD101225A71DCE71D4B1A7980
:10D79000002AD8D001229A71D5E7F5F77DFB14480D
:10D7A000F4F70AFAC1B21348F4F71AFBCBE71048B2
:10D7B000F4F704FAC7E70E48F4F7FEF9C3E70428C4
:10D7C0003FF47FADBFE700BF14300020200E0020E3
:10D7D000700300206C060020100700203A30002063
:10D7E000880E0020980E0020642200204443002070
:10D7F00034340020080700206017002011070020A3
:10D80000DC0B00203806002008B5FFF78DF9FCE797
:10D81000544B554A70B51A60544B554A1A605A61B8
:10D820009A62DA63534A1A655A66534A9A67534AA8
:10D83000534B544C02F10801283200255A6140F242
:10D84000FF12C3E91A527F264F4A1960C3F87022AB
:10D85000C3F86C52C3F8745AC3F8786AA3F8025B31
:10D860004A4B2360212384F80C3104F1DC03C4F813
:10D870001031102384F8143104F1C403C4F81C31AE
:10D880000F2384F820311E2384F8243104F1F4039B
:10D89000C4F82831062384F82C31072384F830316A
:10D8A00004F1FA0302220921C4F8343104F1FC0323
:10D8B00084F83C1184F8182184F83821C4F84031E8
:10D8C00084F850210D220A2084F8542104F2011218
:10D8D00084F84801C4F8582104F1FF001122032301
:10D8E000C4F84C0184F8602104F1EC0004F5827264
:10D8F00084F8443184F85C31C4F86421C4F87001C0
:10D90000082284F8783104F5EA7004F1D30384F82E
:10D91000682184F86C2184F87421C4F87C3184F87F
:10D920008011FAF763FE1A4B1A4A1A601A48A4F8D3
:10D93000C0542946F3F73AFC184B194AC3F84C2453
:10D94000C3E95556A3F84A54164B40F2FF32C3F8C8
:10D950002426C3F82056144B144A1A60144B154A57
:10D960001A6070BD10340020843201085831002044
:10D97000C8280108B0280108BC280108A05B0108DC
:10D9800060170020180700200000FF07985B0108BF
:10D99000200E00206C3301086C060020980E002039
:10D9A0000000FF01642200202C340020545B010899
:10D9B00044430020845B010810B53024632807D855
:10D9C0000C703021092808D830301170187010BD43
:10D9D00001346438E4B2C0B2F0E701310A38C9B2A8
:10D9E000C0B2EFE730B5302442F20F75A84212D82A
:10D9F0000C703021B0F57A7F14D211703022632878
:10DA000016D81A703023092817D8039A1370049B6C
:10DA10003030187030BDA0F51C5001341038E4B21D
:10DA200080B2E3E70131A0F57A70C9B280B2E1E7D4
:10DA300001326438D2B280B2E1E701330A38DBB296
:10DA400080B2E0E770B5324D324E3024A84232D871
:10DA50000C70314D314C3021A04230D8117030491A
:10DA6000302288422FD21A702E4A302390422ED86C
:10DA7000049A13702C4A302390422FD8059A1370C1
:10DA8000302342F20F7290422ED8069A1370302340
:10DA9000B0F57A7F2ED2079A1370302363282ED8E0
:10DAA000089A1370302309282DD8099A13700A9BFD
:10DAB0003030187070BD0134E4B23044C6E7013133
:10DAC000C9B22844C8E70132D2B2401AC9E70133CB
:10DAD000A0F57420DBB2A0F51070C7E70133A0F504
:10DAE000C330DBB2A038C7E70133A0F51C50DBB26E
:10DAF0001038C8E70133DBB2A0F57A70C8E701330C
:10DB0000DBB26438CAE70133DBB20A38CBE700BFC7
:10DB1000FFC99A3B003665C4001F0AFAFFE0F5050D
:10DB2000809698003F420F009F86010010B58B1C25
:10DB30000C464A1CFFF740FF0023E37010BD00288D
:10DB400010B50C460FDA10F1800F0FD04042C0B272
:10DB50002D222346611C03F8032BA21CFFF72CFF88
:10DB60000023237110BDC0B22022F2E72D228020B5
:10DB7000EFE713B50B1D0193CB1C00934A1C8B1CC4
:10DB80000C46FFF72FFF0023637102B010BD10B5E4
:10DB900088B001F10903069301F108030593CB1D39
:10DBA00004938B1D03934B1D02930B1D0193CB1C00
:10DBB00000934A1C8B1C0C46FFF744FF0023A37202
:10DBC00008B010BD0A2230B501231446824207D99D
:10DBD0005A1E12B20A24150406D50022CA5430BDBA
:10DBE00001339BB26243F1E7B0FBF4F504FB15008F
:10DBF000303088542846013AEDE7031E10B50C4634
:10DC000003DBBDE81040FFF7DDBF58420131FFF7ED
:10DC1000D9FF2D23237010BD03099F2800F00F00AA
:10DC200094BF3033373309280B7094BF303037300E
:10DC3000002348708B70704713B502460C46C0B283
:10DC400001A9FFF7E9FF2146100AFFF7E5FF9DF85C
:10DC50000430A3709DF80530E3709DF80630237101
:10DC600002B010BD10B5034C2146FFF75FFF204600
:10DC700010BD00BF5043002010B5034C2146FFF7F4
:10DC80005EFF204610BD00BF5043002010B5034C7E
:10DC90002146FFF76EFF204610BD00BF5043002015
:10DCA00010B5034C2146FFF772FF204610BD00BFA0
:10DCB0005043002010B5034C2146FFF7BDFF20461E
:10DCC00010BD00BF5043002013B503688DF8071046
:10DCD0009C680DF107010123A04702B010BD07B5F4
:10DCE00003688DF807101B6901220DF107019847A1
:10DCF00003B05DF804FB2DE9F0411D4603680446BE
:10DD00005B690F4616469847236820461B6898476C
:10DD1000221D39462046FFF7D7FF2DB123682A463A
:10DD20001B69314620469847236820465B68984720
:10DD3000236820469B69BDE8F0410C2118472DE976
:10DD4000F0411E46036804465B6915460F46984736
:10DD5000236820461B689847221D39462046FFF756
:10DD6000B3FF20460021FFF7BAFF23682046DB6897
:10DD7000324629469847236820465B68BDE8F04153
:10DD800018472DE9F0411F46036804465B690D46BC
:10DD900016469847236820461B689847221D204650
:10DDA0000D21FFF791FF290A2046FFF798FFE9B2FE
:10DDB0002046FFF794FF236831463A4620461B6908
:10DDC0009847236820465B689847236820469B69EC
:10DDD000BDE8F0410C21184707B501238DF8072055
:10DDE0000DF10702FFF7CDFF03B05DF804FB2DE94D
:10DDF000F0411F46036804465B690D461646984786
:10DE0000236820461B689847221D20461D21FFF7E6
:10DE10005BFF290A2046FFF762FFE9B22046FFF7C1
:10DE20005EFF20460021FFF75AFF23682046DB688B
:10DE30003A4631469847236820465B68BDE8F04182
:10DE4000184707B501230DF10702FFF7D0FF9DF832
:10DE5000070003B05DF804FB2DE9F0411E4603689E
:10DE600004465B690F4615469847236820461B68A1
:10DE70009847221D20460E21FFF726FF39462046EF
:10DE8000FFF72DFF23682946324620461B69984735
:10DE9000236820465B689847236820469B69BDE855
:10DEA000F0410C2118472DE9F0411E460368044655
:10DEB0005B690F4615469847236820461B689847BC
:10DEC000221D20461E21FFF7FFFE39462046FFF7A0
:10DED00006FF20460021FFF702FF23682046DB688B
:10DEE000324629469847236820465B68BDE8F041E2
:10DEF000184710B5002304461A46C021FFF7FBFE61
:10DF0000207910BD37B504460D468DF80710012362
:10DF100080210DF10702FFF7EEFE2368012D9B69BA
:10DF20000CBF322140F2DC51204603B0BDE8304046
:10DF3000184737B501230C468DF807100DF107027D
:10DF40008A210546FFF7D7FEAC7103B030BD07B597
:10DF5000042309BA01910DEB03028621FFF7CBFEE2
:10DF600003B05DF804FB07B502238DF804108DF8AB
:10DF700005208F2101AAFFF7BEFE03B05DF804FB68
:10DF800037B58DF8063000238DF80730042304469A
:10DF900015468DF804108DF805208B210DEB03023A
:10DFA000FFF7A9FE40F689012046FFF74AFF062D3C
:10DFB00016BF40F0040200F0FB02D2B240F6890125
:10DFC00020468DF80420FFF707FF03B030BD73B57E
:10DFD00015468DF8033000229DF818309DF81C601E
:10DFE0008DF8002004468DF801108DF804308C2146
:10DFF00006236A468DF802508DF80560FFF77BFE18
:10E0000040F236712046FFF71CFF5EB100F0FB02C4
:10E0100040F2367120468DF80020FFF7DDFE657175
:10E0200002B070BD40F00402D2B2F1E707B55BBAAE
:10E03000ADF80430BDF810305BBAADF8063049BA1F
:10E04000082352BAADF80010ADF8022019466A460E
:10E05000FFF751FE03B05DF804FB07B5022301AAE8
:10E060001221FFF76CFE9DF804309DF8050000EBCF
:10E07000032080B203B05DF804FB07B5022349BA60
:10E08000ADF8041001AA1946FFF735FE03B05DF89C
:10E0900004FB07B502238DF804108DF805208E21AE
:10E0A00001AAFFF728FE03B05DF804FB13B56FF07B
:10E0B0007F43994228BF19460B0C04468DF8043063
:10E0C0000B0A8DF805308DF8061001AA0323832171
:10E0D000FFF711FE236864219B692046984702B030
:10E0E00010BD13B56FF07F43994228BF19460B0C42
:10E0F00004468DF804300B0A8DF805308DF80610B3
:10E1000001AA03238221FFF7F6FD236864219B699E
:10E110002046984702B010BD37B503230D4614467C
:10E12000142101AAFFF70BFE9DF804305B085B4247
:10E130002B809DF90530002BB8BF03339B10237053
:10E1400003B030BD10B543680D4A23F07F4323F080
:10E15000FF039342044611D1002240F60211FFF75B
:10E160003BFE40F644112046FFF76BFE40F00202F2
:10E17000D2B240F644112046FFF72EFE10BD00BF7C
:10E180000001010070B505460E46FFF766FF3146F7
:10E1900004462846FFF771FFA30702D52846FFF77C
:10E1A000D1FF204670BD07B5002914BF40232023AE
:10E1B0008DF807300DF1070201239321FFF79BFD36
:10E1C00003B05DF804FB10B5002304461A46C121D4
:10E1D000FFF791FD236820469B69BDE8104046216A
:10E1E000184708B5FFF785FE80B208BD07B50023C4
:10E1F000ADF8043001AA02230721FFF77CFD03B02C
:10E200005DF804FB07B5130C8DF8053052BA0423F2
:10E210008DF80410ADF8062097210DEB0302FFF7EF
:10E220006AFD03B05DF804FB08B50A4640F6AC0190
:10E23000FFF7D2FD08BD10B540F6D8010446FFF740
:10E2400000FE40F01E02D2B240F6D8012046FFF791
:10E25000C3FD10BD08B50A4640F6E701FFF7BCFD57
:10E2600008BD000007B5054B019304230DEB030225
:10E270009521FFF740FD03B05DF804FB04070001A2
:10E2800007B502238DF804108DF80520982101AA06
:10E29000FFF731FD03B05DF804FB00000000000053
:10E2A00013B504461C48B0FBF1F1080C8DF80000D2
:10E2B000080A8DF8010004988DF803208DF80430C9
:10E2C0008DF80210F2F7E6F811A3D3E90023F2F774
:10E2D00085FAF2F76BFB030C8DF8053043BA6A46FA
:10E2E000ADF80630204608238B21FFF704FD40F6E9
:10E2F00089012046FFF7A5FD40F00402D2B240F6A6
:10E30000890120468DF80020FFF766FD02B010BDA0
:10E31000000000008084EE3F0000093D1FB58DF82D
:10E3200007309DF818308DF808309DF81C308DF8B6
:10E3300009309DF820308DF80A309DF824308DF892
:10E340000B3049BA9DF82830ADF804108DF806203E
:10E350008DF80C3001AA09238C21FFF7CCFC05B005
:10E360005DF804FB07B5002349BAADF80010ADF81D
:10E37000023001936A4608234FF4D861FFF701FD8C
:10E3800003B05DF804FB13B503230C4601AA142166
:10E39000FFF7D5FC9DF806305B085B42238002B096
:10E3A00010BD000030B59BB0202200210BA803F067
:10E3B0005DF91822002102A803F058F91C4A1368DD
:10E3C00023F4C06343F400731360136803F4C06361
:10E3D0000193019B01224FF48033CDE908230023F0
:10E3E0000A9310210623CDE915134FF400330224BC
:10E3F000032517934FF0005C4FF0007308A8CDE998
:10E400001345CDE9183C00F095FB08B172B6FEE764
:10E41000CDE90400CDE906004F23214602A8CDE94D
:10E42000023500F021FE08B172B6FEE71BB030BD28
:10E4300000040058104B07B51A6842F480721A6045
:10E440001A6842F400721A601A6822F480621A6034
:10E4500000F0F0F8FFF7A6FF4FF0B043DA6C42F09F
:10E460000102DA64DB6C03F001030193019B03B04A
:10E470005DF804EBFFF7C8B9004000587047FEE7AD
:10E48000FEE7FEE7FEE7FEE7704770477047F5F7E7
:10E490009FBA0120704708B503F0AAF8162303605D
:10E4A0004FF0FF3008BD08B503F0A2F81623036053
:10E4B000FEE770B50D4614460E46731B9C4201DC08
:10E4C000204670BDAFF3008006F8010BF5E770B58C
:10E4D0000D4614460E46731B9C4201DC204670BD5F
:10E4E00016F8010BAFF30080F5E74FF0FF307047EF
:10E4F0004FF400534B60002070470120704700200C
:10E50000704700000B4A116810B5034609B90A4963
:10E510001160106809490A4C0344091B8B4206D953
:10E5200003F066F80C2303604FF0FF3010BD13605A
:10E53000FCE700BF70430020E04400200000012001
:10E5400000040000704700000D488546FFF7FAFF01
:10E550000C480D490D4A002302E0D458C45004333E
:10E56000C4188C42F9D30A4A0A4C002301E0136014
:10E570000432A242FBD302F005FEFFF75BFFFEE789
:10E580000000012000000020F4020020C062010809
:10E59000F8020020DC440020FEE770474FF0B04353
:10E5A00010B59A6B4FF0FF329A63D96BDA6300248F
:10E5B000996B9C63D96BDC63196C1A64196C1C64CD
:10E5C000596C5A64596C5C64996A9A62996A9C6243
:10E5D000D96ADA62D96ADC62196B1A631A6B1C6336
:10E5E000FFF7DBFF204610BD38B5104C23780546F9
:10E5F0000BB9012038BD00F08DFA22784FF47A7300
:10E60000B3FBF2F3B0FBF3F000F074F8044600281B
:10E61000EFD10F2DEDD8024629464FF0FF3000F024
:10E6200037F8034B20461D60E4E700BF8802002056
:10E630008C02002010B5032000F018F800F06AFAF0
:10E64000064B18600F20FFF7CFFF044618B9FFF7FD
:10E6500015FF204610BD0124FBE700BF8402002007
:10E66000014B1868704700BF744300200749CA680F
:10E6700022F4E0620302120403F4E063120C134379
:10E6800043F0BF6343F40033CB60704700ED00E01C
:10E69000164B30B5DC68C4F30224C4F10703251D12
:10E6A000042B28BF0423062D4FF0FF358CBF033CFD
:10E6B000002405FA03F321EA0303A54022EA050238
:10E6C000A340002843EA0203ACBF00F16040084ABF
:10E6D0004FEA0313B8BF00F00F00DBB2AABF00F58A
:10E6E0006140135480F8003330BD00BF00ED00E0FE
:10E6F00014ED00E00138B0F1807F0BD24FF0E02341
:10E70000054A5861F02182F8231000200722986101
:10E710001A6170470120704700ED00E00A4A536912
:10E7200043F4802330B55361EFF3108472B60023B5
:10E73000CD58C5500433B3F5807FF9D11369DB039D
:10E74000FCD484F3108830BD00400058064B5A6951
:10E75000002ABFBF054A9A6002F188329A60BABFA8
:10E760005869C00F002070470040005823016745DA
:10E77000044B5A6942F000425A615869C043C00FC5
:10E78000704700BF0040005870B50546FFF768FFAE
:10E79000124E04463369D90313D43369DA0744BFF0
:10E7A000012232614CF2FA32134011D10B4E306922
:10E7B00010F480200BD0FFF753FF001BA842F6D3C4
:10E7C00004E0FFF74DFF001BA842E3D3032070BD18
:10E7D000024A1361024A01205360F8E700400058E2
:10E7E000784300202DE9F041184D98462B78012BF5
:10E7F00006460C46174626D001232B704FF47A703C
:10E8000000236B60FFF7C0FFA0B9012E16D1104A9C
:10E81000536943F0010353612760BFF36F8FC4F85E
:10E8200004804FF47A70FFF7AFFF094A536923EA77
:10E830000603536100232B70BDE8F0813946204662
:10E84000FFF76CFFEDE70220F6E700BF78430020FA
:10E8500000400058054A536923F47E7343EAC00020
:10E8600040F4803040F00200506170470040005892
:10E870002DE9F041234F3B78012B054688463FD0D8
:10E8800001233B704FF47A7000237B60FFF77CFF1D
:10E89000044688B92B68042B13D11B4A536943F4EF
:10E8A000803343F0040353614FF47A70FFF76CFF39
:10E8B0000446154B1A681B6800233B702046BDE8D0
:10E8C000F0814FF0FF33C8F800306E68D5E90132AF
:10E8D0001344B3420AD93046FFF7BCFF4FF47A70B5
:10E8E000FFF752FF50B1C8F800600446064A53696A
:10E8F00023F47E7323F002035361DAE70136E5E780
:10E900000224DBE77843002000400058024A1368E5
:10E9100043F480731360704700040058024B18687A
:10E9200000F4C060704700BF000400584FF0B043CF
:10E930001868C0F3404070474FF0B0431868C0F308
:10E94000400070474FF0B042536823F47F4343EADE
:10E950000023536070474FF0B0431868C0F3406025
:10E96000704700007FB54FF0B0432C4AD3F8083110
:10E97000C0F3031003F00F0352F82040284A52F866
:10E980002330B4FBF3F4FFF7C9FF264B054693E8A9
:10E990000700B5F5007F04AB03E9070010D0224B58
:10E9A0009C4218D303F5B70303F67F539C4229D941
:10E9B00003F5741303F510639C4225D802230BE082
:10E9C0001A4B9C4207D91A4B9C421BD903F53703BB
:10E9D00003F5D853F0E7002304AA02EB830353F8AE
:10E9E0000C4C144D2B6823F0070323432B60FFF7D7
:10E9F00037FE06462B6803F007039C4206D1002031
:10EA000004B070BD0123E7E70024EAE7FFF728FE22
:10EA1000801B0228EED90320F2E700BF505C0108FA
:10EA2000F05B010850270108C0CF6A00BFEA21014E
:10EA30003F933402004000584FF0B04310B59A683D
:10EA4000D96812F00C0205D00C2A4AD101F0030358
:10EA5000012B50D14FF0B0412B480B6813F0080345
:10EA600006D00B6813F0080337D1D1F8941007E0F3
:10EA70000C68240756BFD1F894300968C3F3032308
:10EA800050F82330002A0CBF184600204FF0B04148
:10EA90008A6802F00C020C2A1ED1CA6802F0030236
:10EAA000022A2ED0032A06D10B68184A13F4801FBD
:10EAB000174B18BF13464FF0B042D068D168D268E8
:10EAC000C0F306205843C1F302130133B0FBF3F047
:10EAD000530F0133B0FBF3F010BD0B68C3F3031306
:10EAE000CEE7042A0AD0082A05D11B6813F4801344
:10EAF00004D10748CAE700231846C7E703480023A4
:10EB0000C4E7024BD7E700BF505C01080024F400C3
:10EB10000048E80108B5FFF78FFF4FF0B043044A03
:10EB20009B68C3F3031352F82330B0FBF3F008BD26
:10EB3000F05B01082DE9F0410446002853D04FF066
:10EB4000B0439D68DE6803689B0605F00C0506F07F
:10EB5000030668D5026A1DB10C2D46D1012E44D1A1
:10EB6000002A40D04FF0B043A16A1A68170756BF79
:10EB7000D3F894301B681B0903F0F00399421FD9A6
:10EB80000846FFF7EFFE00282DD14FF0B042136882
:10EB900043F0080313601368A16A23F0F0030B43EA
:10EBA0001360606AFFF7CEFEFFF7B4FFAB4B18604F
:10EBB000AB4B1868FFF718FD002834D0BDE8F08192
:10EBC0004FF0B042136843F008031360136823F05A
:10EBD000F0030B431360606AFFF7B4FE0846FFF7CB
:10EBE000C1FE0028E0D00120E8E74FF0B043002A42
:10EBF00054D01A6842F001021A60FFF731FD07464F
:10EC0000FFF79AFE002842D04FF0B042136843F05D
:10EC1000080313601368A16A23F0F0030B43136029
:10EC2000606AFFF78FFE2368D80748D423689907E6
:10EC300000F18C8023681E0740F1FA80A3694FF031
:10EC4000B046002B00F0E180D6F89430E16903F083
:10EC50001002914200F0C48003F00302022AC2D0E5
:10EC6000D80740F1B380D6F8943023F00103C6F8FA
:10EC70009430FFF7F5FC0746D6F89430990740F139
:10EC8000A580FFF7EDFCC31B112BF5D904E0FFF7BE
:10EC9000E7FCC01B0228B3D903208FE71A6822F0D3
:10ECA00001021A60FFF7DCFC0746FFF745FE00286B
:10ECB000B9D0FFF7D5FCC01B0228F6D9ECE7082D28
:10ECC00003D00C2D05D1032E03D16368002BADD1E9
:10ECD00089E74FF0B043A1681A6822F480120A4312
:10ECE0001A606268B2F5803F10D11A6842F480322F
:10ECF0001A60FFF7B5FC0746FFF718FE002895D10C
:10ED0000FFF7AEFCC01B6428F6D9C5E7B2F5041FB7
:10ED100004D11A6842F400121A60E6E7196821F477
:10ED200080311960196821F400111960002AE0D1BE
:10ED3000FFF796FC0746FFF7F9FD00283FF476AF92
:10ED4000FFF78EFCC01B6428F5D9A5E7042D2369C5
:10ED500003D00C2D0ED1022E0CD1002B3FF443AF6B
:10ED60004FF0B0426169536823F0FE4343EA016308
:10ED700053605FE74FF0B046BBB1336843F4807334
:10ED80003360FFF76DFC074633685A0507D5736893
:10ED9000626923F0FE4343EA026373604AE7FFF7C8
:10EDA0005FFCC31B022BEFD976E7336823F4807333
:10EDB0003360FFF755FC074633685B057FF53AAFD4
:10EDC000FFF74EFCC31B022BF6D965E74FF0B042AC
:10EDD000E169D2F8943023F010030B43C2F8943069
:10EDE0004FF0B047D7F8943043F00103C7F89430A0
:10EDF000FFF736FC0646D7F894309A0718D4FFF789
:10EE00002FFC831B112BF6D946E7D6F8943023F05C
:10EE10000103C6F89430FFF723FC0746D6F8943078
:10EE20009B0705D5FFF71CFCC31B112BF6D933E755
:10EE30002368580754D50B4F3B68D90514D4FFF706
:10EE400065FDFFF70DFC06463B68DA050CD4FFF7BD
:10EE500007FC831B022BF7D91EE700BF84020020AA
:10EE60008C02002000040058E3684FF0B046002BED
:10EE700058D023F08003052B02BFD6F8903043F022
:10EE80000403C6F890304FF0B046FFF7E9FBD6F820
:10EE9000903043F001030746C6F8903041F28838BD
:10EEA000D6F890309B0705D4FFF7DAFBC31B434528
:10EEB000F6D9F1E6E36823F00403812B1BD1FFF7B9
:10EEC000CFFBD6F8903043F08003C6F89030074669
:10EED0004FF0B04641F28838D6F89030180504D586
:10EEE000E06A00284AD1002068E6FFF7B9FBC01BA2
:10EEF0004045F1D9D0E6FFF7B3FBD6F8903023F0C8
:10EF00008003C6F8903007464FF0B04641F288388B
:10EF1000D6F890301905E3D5FFF7A2FBC01B40459A
:10EF2000F6D9B9E6FFF79CFBD6F8903023F08003C2
:10EF30000746C6F8903041F28838D6F890301A0566
:10EF400016D4FFF78DFBD6F8903023F00103C6F8F6
:10EF5000903007464FF0B04841F28836D8F89030EC
:10EF60009B07BDD5FFF77CFBC31BB342F6D993E6E5
:10EF7000FFF776FBC01B4045DFD98DE60C2D4ED048
:10EF80004FF0B04302281A6822F080721A6033D121
:10EF9000FFF766FB0546FFF7DEFC38BBD4E90C3112
:10EFA0004FF0B0420B43D0682D4901400B43E16B59
:10EFB0000B43216C0B43616C0B43A16B43EA0123B0
:10EFC000D360136843F080731360D36843F08053B9
:10EFD000D360FFF745FB0446FFF7BDFC002882D154
:10EFE000FFF73EFB001B0A28F6D955E6FFF738FB72
:10EFF000401B0A28CFD94FE6FFF732FB0446FFF744
:10F00000AAFC30B94FF0B042164BD1680B40D36028
:10F01000D4E5FFF725FB001B0A28F0D93CE60128C0
:10F020003FF4CCAD4FF0B043226BDB6803F003013B
:10F0300091427FF4D8AD616B03F070028A427FF495
:10F04000D2ADA16B03F4FE42B2EB012F7FF4CBAD46
:10F05000626C03F0604393423FF445AFC3E500BFE9
:10F060008C80C111FCFFFEEE2DE9F0410D460446F7
:10F0700010B90120BDE8F081684E336803F0070342
:10F080008B4216D323689A0727D54FF0B047A26862
:10F09000BB6823F0F0031343BB60FFF7E1FA0646B9
:10F0A000BB68DB0319D4FFF7DBFA831B022BF7D90C
:10F0B00011E0336823F007030B433360FFF7D0FA06
:10F0C0000746336803F00703AB42DBD0FFF7C8FA0B
:10F0D000C01B0228F5D90320CCE72368580617D5B2
:10F0E0004FF0B0476269D7F8083123F00F0343EAC5
:10F0F0001213C7F80831FFF7B3FA0646D7F80831FC
:10F10000D90305D4FFF7ACFA831B022BF6D9E2E74B
:10F1100023685A0713D54FF0B047E268BB6823F461
:10F12000E0631343BB60FFF79BFA0646BB689B0393
:10F1300005D4FFF795FA831B022BF7D9CBE7236899
:10F14000180714D54FF0B0472269BB6823F4605309
:10F1500043EAC203BB60FFF783FA0646BB68590364
:10F1600005D4FFF77DFA831B022BF7D9B3E7236899
:10F17000DA070FD4294C236803F00703AB4239D8D0
:10F18000FFF7C8FC264B1860264BBDE8F041186815
:10F19000FFF72ABA6268022A1DD1FFF7C7FB0028D1
:10F1A0003FF467AF4FF0B04641F28838B36823F0C0
:10F1B00003031343B360FFF753FA0746B36862686B
:10F1C00003F00C03B3EB820FD4D0FFF749FAC01B56
:10F1D0004045F3D97FE7032A02D1FFF7BCFBDEE706
:10F1E00012B9FFF7A9FBDAE74FF0B0431B685B05E4
:10F1F000D8D43EE7236823F007032B432360FFF7AF
:10F200002FFA0646236803F00703AB42B8D0FFF796
:10F2100027FA801B0228F5D95DE700BF004000589F
:10F22000840200208C02002030B5046891FAA1F31A
:10F23000B3FA83F303255B0005FA03F324EA03031F
:10F2400091FAA1F1B1FA81F149008A401A430260B2
:10F2500030BD0000B0F1904F0BD14FF0B043DA6AEF
:10F2600042F00102DA62DA6A22F00102DA62012077
:10F270007047144B984209D14FF0B043DA6A42F01C
:10F280000202DA62DA6A22F00202EFE70E4B9842DB
:10F2900009D14FF0B043DA6A42F00402DA62DA6A66
:10F2A00022F00402E2E7094B984209D14FF0B04343
:10F2B000DA6A42F08002DA62DA6A22F08002D5E786
:10F2C000002070470004004800080048001C004867
:10F2D0002DE9F84F0E460F6897FAA7F54FF0010B8E
:10F2E000B5FA85F54FF0030A4FF00F0837FA05F32A
:10F2F00002D10120BDE8F88F0BFA05F43C4053D051
:10F30000D6F8049021464A46FFF78EFF09F1FF33F5
:10F31000012B19D8B368816894FAA4F2B2FA82F288
:10F3200052000AFA02F221EA020294FAA4F1B1FAB6
:10F3300081F149008B40134383604268F36822EAFD
:10F3400004026343134343603369C16894FAA4F22F
:10F35000B2FA82F252000AFA02F221EA020294FAA6
:10F36000A4F1B1FA81F149008B401343B9F1020FC6
:10F37000C36015D1FF2C716918D8026A94FAA4F3FE
:10F38000B3FA83F39B0008FA03F322EA030294FA28
:10F39000A4F3B3FA83F39B0001FA03F3134303626C
:10F3A0004A462146FFF740FF01359FE7426A230A9C
:10F3B00093FAA3FCBCFA8CFC4FEA8C0C08FA0CFC08
:10F3C00022EA0C0293FAA3F3B3FA83F39B00994069
:10F3D00011434162E4E74FF0B0431868C0F30050B6
:10F3E00070474FF0B0431868C0F3802070474FF06B
:10F3F000B043D3F89000C0F3400070474FF0B043E3
:10F400001868C0F3C00070474FF0B0431868C0F3ED
:10F41000406070474FF0B043044A9B68C3F3031346
:10F4200052F82330B0FBF3F0704700BFF05B0108E7
:10F430004FF0B043034A9B68C3F3022352F82330D2
:10F44000D8407047305C01084FF0B04238B5916841
:10F4500001F00C01082950D017D889B3042900F015
:10F460008C80FFF7CBFF46490246002876D1FFF794
:10F47000C5FF4FF0B043012816BFD3F894201B6896
:10F48000C2F3032251F822002AE00C29E9D1D36803
:10F4900003F00303022B5FD0032B37D0FFF7AEFF3F
:10F4A000374C014600284AD1FFF7A8FF012816BFB4
:10F4B000D2F894101368C1F3032154F821302CE0E2
:10F4C000FFF79CFF2E4D044658B9FFF797FF012820
:10F4D00016BFD2F894401368C4F3032455F82400EF
:10F4E00038BDFFF78BFF01280ABF1168D2F89430AE
:10F4F000C1F3031155F82100F2E7FFF76CFF214B30
:10F5000001462148012908BF1846E9E7FFF763FFD4
:10F510001D4A1C4B012818BF13464FF0B042D0685B
:10F52000D168D268C0F306205843C1F302130133F7
:10F53000B0FBF3F0530F0133B0FBF3F0D0E7FFF76C
:10F540005DFF01280BBF1368D2F89430C3F3031397
:10F55000002354F82330E0E70A4BDEE7FFF74EFFC5
:10F560004FF0B04301280BBF1B68D3F89430C3F3AE
:10F570000313002351F82300B2E70248B0E700BFAD
:10F58000505C01080024F4000048E8014FF0B0434B
:10F5900007B51A6842F001021A601A689207FCD592
:10F5A0001A6822F0F00242F060021A605A6822F4EF
:10F5B0007F425A605A6822F0FE4242F080425A600E
:10F5C0004FF4E0229A601A6801920199104A0A40A9
:10F5D0000192019A1A60FFF717FF0028FBD14FF044
:10F5E000B0430C4ADA6040F23F3298610192019ACE
:10F5F0001A62D3F8942042F40002C3F89420012048
:10F600004FF44032C3F8082103B05DF804FB00BF9B
:10F61000FFF4CEFE0010042210B54FF0B0440328D2
:10F62000D4F888302AD11F4A03F0030343F440334F
:10F63000934209D0B3F1031F0DD0013A934211D187
:10F64000BDE81040FFF700BFFFF7CBFE01281648CA
:10F6500018BF002010BDFFF7CAFE431E5842584194
:10F66000C003F7E7FFF7F0FEFFF7D4FEA3680F4AE9
:10F67000C3F3C22352F82330D840EBE7034043EAF8
:10F6800000400B4B9842DFD0B0F10C1FE3D0043B9D
:10F690009842D5D0FFF7D8FEFFF7BCFEBDE810407A
:10F6A000FFF7C6BE020003000024F400305C01082E
:10F6B00008000C000F4B98420BD14FF0B0431A6C6E
:10F6C00042F480521A641A6C22F480521A640120A7
:10F6D0007047094B98420AD14FF0B0439A6B42F4FD
:10F6E00080429A639A6B22F480429A63EFE700208B
:10F6F000704700BF003001400038004003685B06DF
:10F7000070B502462DD4D1E900363343CE68056882
:10F7100048690C6A33430E6933438E6903433343AC
:10F72000CE6925F47F45334325F0BF0523432B43A2
:10F73000136053688D6823F4706323F0040345EA73
:10F7400010401843B5F5006F50603EBF536843F456
:10F7500080535360B4F5005F01D18B8C136101209D
:10F7600000E00020D36923F40063D36170BD000082
:10F770001A4A0368904210B502D0B0F1804F09D107
:10F780004C6823F07003904243EA040309D0B0F1BF
:10F79000804F06D0124A904203D002F58062904218
:10F7A00003D1CA6823F44073134303608B68C362B8
:10F7B0000B888362094B984207D003F5C0539842E7
:10F7C00003D003F58063984201D10B690363436959
:10F7D00043F001034361012010BD00BF002C014034
:10F7E00000440140B1F5805F30B500F0F08009D8E9
:10F7F000102975D0B1F5807F00F0AE80012935D099
:10F80000002030BDB1F5803F00F00E81B1F5801FC2
:10F81000F6D1036A146823F480130362036A416D0E
:10F8200021F0807121F4E04141EA0424116923F4BC
:10F83000001343EA0153516823F4801343EA015350
:10F840009149884207D001F5C051884203D001F5A3
:10F850008061884206D14168956921F4802141EA9E
:10F8600085214160D2684465C26536E0036A156847
:10F8700023F001030362036A4168846924F480343D
:10F8800024F073042C43156923F002032B435568BD
:10F8900023F001032B437C4DA84207D005F5C0554A
:10F8A000A84203D005F58065A84212D1556923F01E
:10F8B000080343EA8503956823F0040343EA8503BC
:10F8C000956921F480712943D56921F4007141EAD9
:10F8D0004501D2684160846142630362012090E780
:10F8E000036A156823F010030362036A41688469A0
:10F8F00024F0807424F4E64444EA0524156923F0D6
:10F90000200343EA0513556823F0100343EA051367
:10F910005D4DA84207D005F5C055A84203D005F5B6
:10F920008065A84213D1556923F0800343EA85130B
:10F93000956823F0400343EA8513956921F48061BB
:10F9400041EA8501D56921F4006141EAC501D26827
:10F95000416084618263C0E7036A156823F48073A1
:10F960000362036A4168C46924F4803424F0730498
:10F970002C43156923F4007343EA0523556823F4E7
:10F98000807343EA0523404DA84207D005F5C055D2
:10F99000A84203D005F58065A84213D1556923F428
:10F9A000006343EA8523956823F4806343EA852353
:10F9B000956921F4805141EA0511D56921F400517E
:10F9C00041EA4511D2684160C461C26385E7036AB8
:10F9D000156823F480530362036A4468C16921F007
:10F9E000807121F4E64141EA0521156923F40053B1
:10F9F00043EA0533556823F4805343EA0533224D27
:10FA0000A84207D005F5C055A84203D005F580658A
:10FA1000A84204D1956924F4804444EA8514D2684C
:10FA20004460C161026458E7036A146823F48033B8
:10FA30000362036A416D21F4803121F070010C43AF
:10FA4000116923F4003343EA0143516823F48033FE
:10FA500043EA01430C49884207D001F5C05188426E
:10FA600003D001F58061884206D14168956921F48F
:10FA7000803141EA052141604465816DD268090CFD
:10FA800009041143816528E7002C01400F4B98427F
:10FA90000BD14FF0B0431A6C42F480421A641A6CD6
:10FAA00022F480421A6401207047094B98420AD11F
:10FAB0004FF0B0439A6B42F400329A639A6B22F48F
:10FAC00000329A63EFE70020704700BF0038014022
:10FAD0000044004038B50368DB0704460D464DD4AA
:10FAE0002A69AB68016813436A691343EA691343DF
:10FAF000234A0A40134303604368EA6823F44053EF
:10FB0000134343608368AA6923F4407313438360FB
:10FB10001C4B984220D10320FFF77EFD2B68F0B1EB
:10FB20006A68E2B10B2B15D8174951F82330E969FF
:10FB3000B0FBF3F0B1F5004F4FEA520319D103EBDC
:10FB40004003B3FBF2F34FF6F0721A40C3F34203E3
:10FB50001343E360012003E00C4B984207D00020E0
:10FB6000E26A2B8822F00F021343E36238BD0C20B7
:10FB7000D2E70344B3FBF2F39BB2EAE70020F5E7D8
:10FB8000F369FFEF00380140905C01080044004039
:10FB900038B5044600F0CCF8214605462046F1F77A
:10FBA000F9F920B900212046F1F7CCF908B9284627
:10FBB00038BD01F01DFD0021212303600846F1F747
:10FBC000D7F80546284638BD08B5C0F3C7537F3B74
:10FBD000162B014615DC002B02460BDB0B481841A7
:10FBE000014205D04FF480011941114421EA00017E
:10FBF000084608BD013300F00041F9D141F07E51C3
:10FC0000F6E7802BF4D1F0F7F7FE08BDFFFF7F0089
:10FC100038B5044600F0B8FB214605462046F1F70A
:10FC2000B9F938B9204600F047F84FF07E51F1F7A6
:10FC3000A7F908B9284638BD01F0DAFC03462122AD
:10FC40001A600248BDE8384000F024BBC05C0108DF
:10FC500000F0E6BC174A20F0004393421ADD00B5DD
:10FC6000B3F1FF4F83B005DB0146F0F7C3FE03B0ED
:10FC70005DF804FB694600F099F900F00302012ADF
:10FC80000199009809D0022A0FD05AB1012200F040
:10FC900005FBECE7002100F0C3B800F0FFFA00F12B
:10FCA0000040E4E700F0BCF8E1E700F0B9F800F14B
:10FCB0000040DCE7D80F493F20F00040704700BF0C
:10FCC0001A4A20F0004393421BDD00B5B3F1FF4F09
:10FCD00083B005DB0146F0F78DFE03B05DF804FB51
:10FCE000694600F063F900F00300012801990CD087
:10FCF000022813D068B1009800F092F800F100409B
:10FD0000EBE70021002200F0C9BA009800F088F863
:10FD1000E3E70098012200F0C1FADEE70098012233
:10FD200000F0BCFA00F10040D7E700BFD80F493F10
:10FD300020F00042B2F1FF4F2DE9F041044654D2C9
:10FD4000002A50D00028034657DB14F0FF4F4FEA3B
:10FD5000E05009D114F400025BD15B001C02114693
:10FD600002F10102F9D5401AC3F3160242F400026F
:10FD7000C307A0F17F0558BF520000246D10520048
:10FD80004FF0190E21464FF0807C01EB0C0393429B
:10FD9000DDBF03EB0C016444D31A1346BEF1010E20
:10FDA0004FEA43024FEA5C0CEFD1BBB11A4E1B4F36
:10FDB00030683968D6F80080F0F71CFE01464046EE
:10FDC000F1F7CAF850B1306839683668F0F714FEB8
:10FDD00001463046F1F7B6F8B8B10234601000F1D0
:10FDE0007C5000EBC550BDE8F0810146F0F70CFFF8
:10FDF0002146F0F701FEBDE8F0810146F0F7FAFD7B
:10FE00000146F0F7B5FFBDE8F081013424F00104AC
:10FE1000E4E74FF0FF31A6E79002002094020020B3
:10FE20002DE9F84320F00045B5F1485F06468846C5
:10FE30004ADAF1F7C5F8002800F09F8031463046D5
:10FE4000F0F7E2FE4F490446F0F7DEFE4E49F0F7C8
:10FE5000D3FD2146F0F7D8FE4C49F0F7CBFD214603
:10FE6000F0F7D2FE4A49F0F7C7FD2146F0F7CCFE85
:10FE70004849F0F7BFFD2146F0F7C6FE4649F0F7C6
:10FE8000BBFD2146F0F7C0FE07464FF07C512046EF
:10FE9000F0F7BAFE3946034620461C46F0F7B4FE9A
:10FEA000414605463046F0F7AFFE01462846F0F7DA
:10FEB000A1FD01462046F0F79DFD01464FF07E5022
:10FEC000F0F798FDBDE8F8830146F0F79DFE2D4957
:10FED0000446F0F799FE2C49F0F78EFD2146F0F725
:10FEE00093FE2A49F0F786FD2146F0F78DFE28495A
:10FEF000F0F782FD2146F0F787FE2649F0F77AFDFC
:10FF00002146F0F781FE2449F0F776FD2146F0F70F
:10FF10007BFE224B9D420746B7DD214B9D4228DCEC
:10FF200005F17F454FF07E502946F0F763FD81468D
:10FF30004FF07C512046F0F767FE2946F0F75AFD56
:10FF40003946034620461C46F0F75EFE414605460C
:10FF50003046F0F759FE01462846F0F74BFD0146C2
:10FF60002046F0F747FD01464846F0F743FDBDE85F
:10FF7000F883DFF830900C4DDAE74FF07E50BDE8A3
:10FF8000F88300BF4ED747ADF6740F317CF293343F
:10FF9000010DD037610BB63AABAA2A3D9999993E2B
:10FFA0000000483F0000383F0000903E2DE9F04F30
:10FFB000AB4A20F00044944289B00D466CDDA94A5A
:10FFC000944207461CDC0028A74940F31E81F0F745
:10FFD00011FDA64B24F00F049C4206466BD0A449A9
:10FFE000F0F708FD014628603046F0F703FDA04910
:10FFF000F0F700FD01266860304609B0BDE8F08FDB
:020000040801F1
:100000009C4A94426CDDB4F1FF4F4DDAE615863E12
:10001000A4EBC6542046F0F7D3FFF0F7A1FD01464C
:1000200020460591F0F7E6FC4FF08741F0F7ECFD34
:100030008046F0F7C5FFF0F793FD044621464046A1
:100040000694F0F7D7FC4FF08741F0F7DDFD002173
:100050000790F0F76DFF002800F0B88000212046DF
:10006000F0F766FF002814BF01230223824A0192A1
:10007000022200922946324605A800F071FC002FAA
:100080000646B9DAD5E9002302F1004203F1004344
:100090002A606B604642AFE70026286000223046A7
:1000A0004A6009B0BDE8F08F0146F0F7A3FC0026D6
:1000B00068602860A0E77149F0F79CFC704904462D
:1000C000F0F798FC014628602046F0F793FC6C4955
:1000D000F0F790FC01266860304609B0BDE8F08F6B
:1000E000FFF7EAFD67498046F0F78EFD4FF07C513F
:1000F000F0F782FCF0F764FF0646F0F731FD5A494D
:100100008346F0F781FD01464046F0F773FC5849FD
:1001100082465846F0F778FD1F2E8146014650462C
:1001200020DC721E584B53F8223024F0FF029A4212
:1001300018D0F0F75FFC8046C5F800804146504675
:10014000F0F758FC4946F0F755FC002F6860BFF601
:1001500053AF08F1004800F10040C5F80080686026
:10016000764249E7F0F746FCC0F3C753C3EBD453DC
:10017000082B80464FEAE452DEDD404903925846A0
:10018000F0F742FD804601465046F0F733FC044646
:1001900021465046F0F72EFC4146F0F72BFC38493B
:1001A00080465846F0F730FD4146F0F723FC014603
:1001B00081462046F0F71EFC039AC0F3C753D21ABB
:1001C000192A804604DC2860A246B7E703234DE7DE
:1001D0002E495846F0F718FD014680462046F0F7B4
:1001E00009FC824651462046F0F704FC4146F0F7F0
:1001F00001FC274904465846F0F706FD2146F0F772
:10020000F9FB81460146504693E7F0F7F5FB174BA3
:1002100024F00F049C4206460ED01549F0F7ECFB83
:10022000014628603046F0F7E5FB1149F0F7E4FBA2
:100230004FF0FF366860DFE61049F0F7DDFB10494C
:100240000446F0F7D9FB014628602046F0F7D2FBC0
:100250000B49F0F7D1FB4FF0FF366860CCE600BFEA
:10026000D80F493FE3CB1640800FC93FD00FC93F9D
:1002700043443537800F4943445D01080044353716
:1002800008A3852E84F9223FC45C010800A3852EB3
:1002900032318D24004870470000C07F2DE9F843BB
:1002A00020F00043B3F1485F04460E46904603DA5F
:1002B000F0F786FE002858D021462046F0F7A4FC2F
:1002C000054601462046F0F79FFC2949814628460D
:1002D000F0F79AFC2749F0F78DFB2946F0F794FCDC
:1002E0002549F0F789FB2946F0F78EFC2349F0F702
:1002F00081FB2946F0F788FC2149F0F77DFB074692
:10030000B8F1000F22D04FF07C513046F0F77CFC62
:10031000394680464846F0F777FC01464046F0F7FC
:1003200069FB2946F0F770FC3146F0F763FB15498D
:1003300005464846F0F768FC01462846F0F75CFBA6
:1003400001462046F0F756FBBDE8F88301462846F3
:10035000F0F75AFC0B49F0F74DFB4946F0F754FC17
:100360002146F0F749FBBDE8F8832046BDE8F88355
:10037000D3C92E2F342FD7321BEF3836010D503909
:100380008988083CABAA2A3E2DE9F84320F00045B5
:10039000B5F17E5F044600F0B18000F3A780B5F1AF
:1003A0007C5F06460DDAB5F1485F80F2CC808C495F
:1003B000F0F722FB4FF07E51F0F7E2FD002840F00D
:1003C000C0802046FFF778FC01464FF07E50F0F7E2
:1003D00011FB4FF07C51F0F717FC82490446F0F70F
:1003E00013FC8149F0F708FB2146F0F70DFC7F492B
:1003F000F0F700FB2146F0F707FC7D49F0F7FCFA27
:100400002146F0F701FC7B49F0F7F4FA2146F0F7BA
:10041000FBFB7949F0F7F0FA2146F0F7F5FB774955
:1004200080462046F0F7F0FB7549F0F7E3FA2146E5
:10043000F0F7EAFB7349F0F7DFFA2146F0F7E4FB47
:100440007149F0F7D7FA2146F0F7DEFB4FF07E5105
:10045000F0F7D2FA81462046FFF76AFC6B4B9D42CB
:10046000074659DC0146F0F7C7FA494605464046BB
:10047000F0F77EFC01462846F0F7C6FB27F47F65BF
:1004800025F00F05804629462846F0F7BDFB0146BA
:100490002046F0F7AFFA294604463846F0F7ACFAA2
:1004A00001462046F0F764FC0146F0F7A5FA014644
:1004B0005748F0F79FFA01464046F0F79BFA294665
:1004C00004462846F0F798FA01465248F0F792FAA7
:1004D00001462046F0F78EFA01464E48F0F78AFAB8
:1004E000002E09DC00F10040BDE8F8830146F0F77A
:1004F00081FA0146F0F73CFCBDE8F8834649F0F785
:1005000083FB434905462046F0F77EFB014628461B
:10051000F0F772FABDE8F88349464046F0F728FC48
:100520003946F0F771FB3946F0F766FA0146F0F705
:1005300063FA3A49F0F760FA01463748F0F75AFA99
:10054000CEE72046D8E70146F0F75EFB2549054691
:10055000F0F75AFB2449F0F74FFA2946F0F754FB1D
:100560002249F0F747FA2946F0F74EFB2049F0F709
:1005700043FA2946F0F748FB1E49F0F73BFA2946B3
:10058000F0F742FB1C49F0F737FA2946F0F73CFB3D
:100590001A4906462846F0F737FB1949F0F72AFAB8
:1005A0002946F0F731FB1749F0F726FA2946F0F70C
:1005B0002BFB1549F0F71EFA2946F0F725FB4FF003
:1005C0007E51F0F719FA01463046F0F7D1FB21468B
:1005D000F0F71AFB2146F0F70FFABDE8F88300BFE9
:1005E000CAF2497108EF1138047F4F3A4611243D91
:1005F000A80A4E3E90B0A63EABAA2A3E2EC69D3D0E
:100600006133303F2D57014039D119409999793FD5
:100610002EBD3BB3DB0F493FDB0FC93F2EBD3B3344
:1006200070B521F00045B5F1FF4F0A4603462CDCBA
:1006300020F00046B6F1FF4F844626DCB1F17E5F24
:1006400035D08C1704F0020444EAD07416B33DB3DD
:10065000B5F1FF4F33D0B6F1FF4F21D0761BB6F185
:10066000F45F4FEAE65028DA002933DA3C3031DA19
:100670000020012C3FD0022C35D02CB12449F0F7BA
:10068000BBF92449F0F7B6F970BD19461046F0F7EA
:10069000B3F970BD022C08D0032CF5D11E4870BDF3
:1006A000BCF1000F07DB1D4870BD1A4870BDBDE8E6
:1006B000704000F03DB81A4870BD1848D9E7B6F14F
:1006C000FF4F04F1FF3419D0022C1DD8154B53F8FD
:1006D000240070BD11461846F0F74AFBFFF7ECFA0C
:1006E00000F026F8C5E70A49F0F786F901460948FF
:1006F000F0F780F970BD00F1004070BD022C05D804
:10070000094B53F8240070BD002070BD074870BD30
:100710002EBDBB33DB0F4940DB0F49C0DB0FC93FA8
:10072000DB0FC9BF686001085C600108DB0F493F4F
:100730002DE9F04120F00045B5F1A14F04460746F0
:1007400007DBB5F1FF4F71DC00287FDD7048BDE8A5
:10075000F081704B9D427CDCB5F1445F6BDB4FF068
:10076000FF3821462046F0F74FFA01460646F0F7DB
:100770004BFA69490546F0F747FA6849F0F73CF942
:100780002946F0F741FA6649F0F736F92946F0F7BD
:100790003BFA6449F0F730F92946F0F735FA624937
:1007A000F0F72AF92946F0F72FFA6049F0F724F913
:1007B0003146F0F729FA5E4906462846F0F724FA52
:1007C0005C49F0F717F92946F0F71EFA5A49F0F795
:1007D00011F92946F0F718FA5849F0F70BF92946AC
:1007E000F0F712FA5649F0F705F92946F0F70CFA36
:1007F000B8F1FF3F014630464AD0F0F7FDF82146F8
:10080000F0F702FA4F4B53F82810F0F7F3F82146AF
:10081000F0F7F0F84C4B014653F82800F0F7EAF8EF
:10082000002F94DA00F10040BDE8F0810146F0F7B6
:10083000E3F8BDE8F0814549F0F7DEF84FF07E516E
:10084000F0F79EFB00288AD0204680E74048BDE8AC
:10085000F081FFF731FA3F4B9D42044623DCA3F5BC
:10086000D0039D4241DC0146F0F7C6F84FF07E51BF
:10087000F0F7C0F84FF0804105462046F0F7BCF88D
:1008800001462846F0F774FA4FF00008044668E77E
:10089000F0F7B2F82146F0F7B7F901462046F0F735
:1008A000A9F8BDE8F0812C4B9D4216DC4FF07F513A
:1008B000F0F7A0F84FF07F51034620461C46F0F7B2
:1008C000A3F94FF07E51F0F797F801462046F0F774
:1008D0004FFA4FF00208044643E721461F48F0F75D
:1008E00047FA4FF0030804463BE74FF07E51F0F71C
:1008F00081F84FF07E5105462046F0F77DF801461D
:100900002846F0F735FA4FF00108044629E700BF02
:10091000DB0FC93FFFFFDF3ED769853C59DA4B3D0E
:10092000356B883D6E2EBA3D2549123EABAAAA3ED4
:1009300021A215BD6BF16E3D95879D3D388EE33D3F
:10094000CDCC4C3E8460010874600108CAF2497144
:10095000DB0FC9BFFFFF973FFFFF1B40000080BFB9
:100960002DE9F04FDDB01C4606930991A64B669920
:100970000B9253F821300393111D04F1FF33054608
:100980000193C0F2EC82D31E48BF131DDB10059308
:100990000133DB000A93DDE90A239B1A0493059ACD
:1009A000019BD61A039A12EB030818D408F1010828
:1009B000DDF89C91B044002420AF08E059F82600EF
:1009C000F0F7CEF80136464547F8040B07D0002E65
:1009D000F4DA01362046464547F8040BF7D1039B6D
:1009E000002BC0F21183069B019E20AA02EB830715
:1009F0009A000092039A291F02910DF5907802EB5C
:100A0000030901EB8305019B002BB8BF002410DB19
:100A1000DDF808A0BB4600245BF8041D5AF8040F5B
:100A2000F0F7F2F801462046EFF7E6FFAA45044644
:100A3000F2D101364E4548F8044B07F10407E2D1E4
:100A4000029B009D039A1D440CAB03EB8203043B05
:100A500007930CAB03EB8203089390465CAB03EB6C
:100A60008803B8F1000F53F850AC4FEA880921DD34
:100A700048AF07EB88040CAE4FF06E515046F0F7CC
:100A8000C3F8F0F79DFAF0F76BF84FF08741834613
:100A9000F0F7BAF801465046EFF7ACFFF0F790FADE
:100AA00054F8041D46F8040B5846EFF7A5FFBC4266
:100AB0008246E1D1049E5046314600F003FB4FF0E0
:100AC00078510446F0F7A0F800F0BAFA4FF08241EE
:100AD000F0F79AF801462046EFF78CFF0446F0F74E
:100AE0006FFA8246F0F73CF801462046EFF782FFA6
:100AF000002E0446314640F3898008F1FF360CAAE7
:100B0000C1F1080352F8262042FA03F000FA03F379
:100B1000D21AC1F107010CAB42FA01F7002F43F8DA
:100B2000262082447CDC00212046F0F701FA0028D0
:100B300000F0D380039B08F1FF34A34208F180400A
:100B400010DC0CABDDF820C04FEA880603EB88030D
:100B5000002253F8041D634542EA0102F9D1002A3C
:100B600040F01181039B0CAA013B52F82330002B6B
:100B700040F00581079B012653F8042D0136002A19
:100B8000FAD008EB0603009308F10107059A02EB7F
:100B90000709069A6FF0404399441344679A434407
:100BA00002EB890920AA02EB830848AB03EB800A19
:100BB00059F8040FEFF7D4FF019B48F8040F002BFE
:100BC00019DBDDF808B04446002601E054F8040DB6
:100BD0005BF8041FF0F718F801463046EFF70CFFFA
:100BE000AB450646F2D1009B4AF8046F01379F429D
:100BF000DEDD984632E7009B013700269F424AF827
:100C0000046FD5DDF5E700BFC060010840F09F80AC
:100C100008F1FF330CAA52F82370FF11002F82DD78
:100C2000B8F1000F0AF1010A40F39E810C9E002EDC
:100C300040F08580B8F1010F20D00CAB012253F8B1
:100C4000046F002E7ED0531C0CA9C6F58076984503
:100C500041F8226011DD09F130020DEB02010CAA0E
:100C60000CA852F8232000EB830300E01A68C2F1BD
:100C7000FF0243F8042B8B42F8D10126049B002B82
:100C80000EDD012B00F06081022B09D108F1FF324B
:100C90000CAB0CA953F8223003F03F0341F822308B
:100CA000022F7FF440AF21464FF07E50EFF7A2FEB7
:100CB0000446002E3FF437AF04994FF07E5000F009
:100CC00001FA01462046EFF795FE04460021204632
:100CD000F0F72EF900287FF42DAFDDE90A32204627
:100CE000991A009700F0EEF94FF087410446F0F7AB
:100CF0003DF9002800F06481049B4FF06E510833E9
:100D000020460493EFF780FFF0F75AF9EFF728FF3A
:100D10004FF087410546EFF777FF01462046EFF792
:100D200069FEF0F74DF90CAB08F1010443F8280017
:100D30002846F0F745F90CAB43F8240036E00123D0
:100D4000002281E7013242457FF479AF96E74FF008
:100D50007C51F0F70BF9074600283FF4E4AEB8F1F8
:100D6000000F0AF1010AC8BF02273FF75FAF214613
:100D70004FF07E50EFF73EFE02270446D3E608F11F
:100D80000107009702E7049B0097A3F108020CAB50
:100D9000049253F824304BB9331F0CA90B4453F879
:100DA000041D013C083A0029F9D0049204994FF03F
:100DB0007E5000F087F9002C0746C0F22B81631C9F
:100DC0009A0001920CAA02EB830848AA02934FF002
:100DD0006E5602EB830558F8040DEFF7C1FE394655
:100DE000EFF712FF314645F8040D3846EFF70CFFD8
:100DF0000CAB98450746EED1019BDDF80C90CDF881
:100E000010A0083B48AA02EB03080027A346B9F14B
:100E1000000FB8BF002515DB874C8848C246002567
:100E2000002603E0B7420DDB54F8040F5AF8041F04
:100E3000EFF7EAFE01462846EFF7DEFD0136B14541
:100E40000546EFDA5CAB03EB87035F4543F8A05C34
:100E5000A8F104084FEA870607F1010301D01F46F5
:100E6000D5E7669BDDF810A0022B5C4617DC002B53
:100E70007CDC0FD1019C34AD2C44002054F8041DBF
:100E8000EFF7BAFDA542F9D1009B0BB100F100408C
:100E9000099B18600AF007005DB0BDE8F08F669B03
:100EA000032BF7D1002C00F0C28034AF07EB06080B
:100EB00058F804BC28465946EFF79EFDA94605465A
:100EC00029465846EFF796FD4946EFF795FDC8F8D5
:100ED000000048F8045D4745EAD1012C40F3A780A3
:100EE00006F5B8736B44BD1953F8A04C0DF1D40846
:100EF00055F804BC20465946EFF77EFDA14604464E
:100F000021465846EFF776FD4946EFF775FD286014
:100F100045F8044DA845EBD1341D3C44002008376A
:100F200054F8041DEFF768FDA742F9D1009B002B90
:100F30004ED10999349A359B88600AF007000A60FF
:100F40004B605DB0BDE8F08F08F1FF320CAB0CA92F
:100F500053F8223003F07F0341F82230A0E6082343
:100F60000A930023059316E5002687E6029B34AD1D
:100F700005EB8306002056F8041DEFF73DFDB54252
:100F8000F9D1009B002B34D1099B0146186034989D
:100F9000EFF730FD002C0CDD34AE012556F8041FB0
:100FA0000135EFF729FDAC42F8DA009B0BB100F1F7
:100FB0000040099B58600AF007005DB0BDE8F08F63
:100FC0002046EFF7FDFF0CAB444643F82800EDE662
:100FD000DDE93423099900F1004002F1004203F1F8
:100FE000004388600AF007000A604B605DB0BDE80E
:100FF000F08F099A00F10043014613603498EFF72F
:10100000F9FC002CC8DCD2E72B1F0293069B9B0047
:10101000009315E5669B022B05DC002B09DC7FF4B1
:1010200039AF002030E7669B032B7FF433AF0020FD
:101030007CE70020A5E700BF946001080000C93FDD
:101040002DE9F041C0F3C7557F3D162D044620F031
:10105000004725DC002D804614DB174F2F41384216
:101060001BD01649EFF7C8FC0021EFF789FFA0B1AC
:10107000002C03DA4FF400032B41984428EA0700C0
:10108000BDE8F0810D49EFF7B7FC0021EFF778FFDD
:1010900018B1002C0CDB002000E02046BDE8F081F8
:1010A000B7F1FF4FF9D30146EFF7A6FCBDE8F08199
:1010B000002FF2D00248F1E7FFFF7F00CAF249712A
:1010C000000080BF10B50C4630F0004103461DD033
:1010D000B1F1FF4F1BD210F0FF4F02461BD14FF072
:1010E0009841EFF791FD204A944203462CDBC0F370
:1010F000C75102464CF250308442A1F1190110DD73
:101100001A49184661F31E00EFF77EFD10BD014637
:10111000EFF772FC10BD4CF2503084424FEAD151CF
:10112000EEDC2144FE29EBDC002911DC11F1160F65
:1011300013DB01F1190022F0FF424FF04C5142EA5B
:10114000C050EFF761FD10BD0949EFF75DFD10BD1F
:1011500022F0FF4242EAC15010BD0549184661F332
:101160001E00EFF751FD10BDB03CFFFFCAF2497100
:101170006042A20D024B0344587800F00300704710
:10118000CC60010870B50D4D0D4C641BA4100026F9
:10119000A64209D10B4D0C4C01F0A8FA641BA41017
:1011A0000026A64205D170BD55F8043B984701368C
:1011B000EEE755F8043B98470136F2E7B4620108C0
:1011C000B4620108B4620108BC620108034611F868
:1011D000012B03F8012B002AF9D1704710B5024604
:1011E000147813460132002CFAD1013B11F8012B7F
:1011F00003F8012F002AF9D110BDC9B203461846E1
:1012000013F8012B12B18A42F9D17047002918BF97
:1012100000207047034B1B5C03F00303022B08BF45
:1012200020387047CD6001080A44914200F1FF3335
:1012300000D1704710B511F8014B03F8014F9142EE
:10124000F9D110BD10B56AB10139841810F8012B1D
:1012500011F8013F9A4203D1A04201D0002AF5D1F2
:10126000D01A10BD1046FCE710B50139034632B163
:1012700011F8014F03F8014B013A002CF7D11A4441
:101280000021934200D110BD03F8011BF9E70000D3
:10129000002310B50446C0E90033C0E9043383607D
:1012A00081814366C2818361194608225C3000F067
:1012B000DDF9054B6362054BA362054BE362054B09
:1012C0002462236310BD00BFB5130108D7130108C2
:1012D0000F14010833140108024A0349034800F0BF
:1012E0008DB900BF98020020B5180108A4020020A3
:1012F00041680C4B994210B5044601D000F0DAFA6F
:10130000A168094B994202D0204600F0D3FAE16867
:10131000064B994204D02046BDE8104000F0CABAFE
:1013200010BD00BF90430020F8430020604400201F
:1013300010B50B4B0B4C0C4A1A60204600220421BE
:10134000FFF7A6FF04F1680001220921FFF7A0FFC3
:1013500004F1D0000222BDE810401221FFF798BF2F
:10136000C844002090430020D9120108014800F031
:101370000DBA00BFCD440020014800F008BA00BFFC
:10138000CD44002010B50446FFF7F0FF236A1BB1DF
:10139000BDE81040FFF7F0BF044B2362044B1B680D
:1013A000002BF5D1FFF7C4FFF2E700BFF1120108EF
:1013B000C844002010B50C46B1F90E1000F070FBC7
:1013C0000028ABBF636DA3891B1823F48053ACBF07
:1013D0006365A38110BD2DE9F0411F468B89DB05B4
:1013E00005460C46164605D5B1F90E10022300221B
:1013F00000F044FBA389B4F90E1023F48053A381B9
:1014000032463B462846BDE8F04100F0DFB810B553
:101410000C46B1F90E1000F031FB431CA38915BF37
:10142000606523F4805343F48053A38118BFA381E4
:1014300010BDB1F90E1000F0ABB90A22002100F086
:101440009BB9000038B50B4B1D686B6B044653B954
:10145000242000F057FA0246686320B9064B07487B
:101460003D2100F0EDFA696B2046BDE8384000F000
:1014700007B800BFF0020020CD610108E461010857
:101480002DE9F0414D4A0C460023D0E90001EFF769
:10149000DDFD002ABCBF02F5A83202F5C0724FF490
:1014A000616100F52F20B2FBF1F301FB13224FF035
:1014B0003C01ACBF00F66C2000F66B20A360B2FBD1
:1014C000F1F301FB132263602260C31C072293FB2C
:1014D000F2F2C2EBC2029B1A48BF07330028A36195
:1014E000B8BFA0F50E333649AEBF90FBF1F1A3F5BE
:1014F0002C7393FBF1F1334B03FB010048F6AC6313
:10150000B0FBF3F3034440F2B45CB0FBFCF29B1A73
:1015100040F26D172C4AB0FBF2F264269B1AB3FB23
:10152000F7F2B3FBFCF3B2FBF6F5EB1A034407FB4F
:101530001233992003EB8307023703F1010EB7FB47
:10154000F0FC00FB0CF002304FF00508B0FBF8F0A7
:10155000AEEB000040F2F95E774594BF02276FF0D2
:10156000090767444FF4C87C0CFB0121012F98BF89
:101570000131B3F5997F0CD3A3F59973E361A1F21F
:101580006C710023E060C4E9047123622046BDE869
:10159000F08112F0030F02D106FB15255DB94FF45F
:1015A000C875B2FBF5F605FB1622B2FA82F25209B3
:1015B0003B331344E2E70122FAE700BF8051010008
:1015C000B13A02004FC5FDFFB03A020038B5074DF1
:1015D00004460846114600222A601A46FCF777FFA7
:1015E000431C02D12B6803B1236038BDD0440020D6
:1015F000014B1868704700BFF00200202DE9F84346
:101600000746884614460026D4E90195B9F1010938
:1016100005D52468002CF7D13046BDE8F883AB89A6
:10162000012B07D9B5F90E30013303D029463846CE
:10163000C04706436835E9E7884210B501EB02046C
:1016400002D98442234607D8431EA14208D011F88C
:10165000012B03F8012FF8E7024401468A4200D12A
:1016600010BD13F8014D02F8014DF7E7024403469F
:10167000934200D1704703F8011BF9E7012B2DE9D4
:10168000F0478646904601D0242B06D9FFF7B0FFDD
:10169000162303600020BDE8F08736480D462A4631
:1016A00015F8014B065D16F00806F8D12D2C2ED149
:1016B0002C780126951C002B57D0102B09D1302CEB
:1016C00007D12A7802F0DF02582A49D16C7810231A
:1016D000023506F1004C0CF1FF3C0022BCFBF3F993
:1016E000104603FB19CAA4F13007092F14D83C4651
:1016F000A34220DD571C07D0814519D301D1A24553
:1017000016DB00FB0340012215F8014BEBE72B2C05
:1017100004BF2C78951CCEE7A4F14107192F01D8FE
:10172000373CE5E7A4F16107192F04D8573CDFE700
:101730004FF0FF32E8E7531C08D12223CEF80030E7
:101740006046B8F1000FA6D0691E06E006B140421F
:10175000B8F1000F9FD0002AF6D1C8F800109AE720
:101760003024002BB5D10823B3E7302CA9D00A23AD
:10177000AFE700BFCD60010813460A4601460248A4
:101780000068FFF77BBF00BFF00200207047704782
:1017900038B5064D0023044608462B60FCF7A5FE2D
:1017A000431C02D12B6803B1236038BDD044002014
:1017B0008A89F8B5054610070C4657D44B68002BAC
:1017C00004DC0B6C002B01DC0020F8BDE66A002E67
:1017D000FAD0002312F480522F68216A2B6032D095
:1017E000606DA3895A0705D56368C01A636B0BB196
:1017F000236CC01A00230246E66A216A2846B047D5
:10180000431CA38906D129681D292BD8284A0A41DF
:10181000D60727D400226260D9042269226004D549
:10182000421C01D12B6803B96065616B2F600029F0
:10183000CAD004F14403994202D0284600F070F95E
:1018400000206063C1E701232846B047411CC8D18E
:101850002B68002BC5D01D2B01D0162B01D12F607A
:10186000B2E7A38943F04003A381AEE70F69002FDD
:10187000AAD093070E6808BF4B690F6018BF0023FA
:10188000F61B8B60002E9FDD216AD4F828C03346FA
:101890003A462846E047002806DCA38943F0400387
:1018A000A3814FF0FF3090E70744361AEAE700BF04
:1018B000FEFFBFDF38B50B6905460C4613B900259E
:1018C000284638BD18B1036A0BB9FFF75BFDB4F9C0
:1018D0000C30002BF3D0626ED00704D4990502D4EB
:1018E000A06DFFF753FF28462146FFF761FF636EA7
:1018F000DA070546E4D4A3899B05E1D4A06DFFF780
:1019000046FFDDE7024B0146186800F023B800BF30
:10191000F002002070B50E4E0C463168054611B934
:1019200000F0EEF830602146284600F0E9F8431C4C
:101930000AD0C41C24F00304A04207D0211A284670
:1019400000F0DEF8013001D14FF0FF34204670BDC9
:10195000D84400202DE9F041CD1C25F003050835C1
:101960000C2D38BF0C25002D074601DBA94205D9F7
:101970000C233B6000263046BDE8F0812F4E00F07E
:10198000B3F833681C4644BB29463846FFF7C2FF0C
:10199000431C04464FD134682646002E42D1002C09
:1019A00043D023683146384604EB030800F0A8F81A
:1019B00080453AD123680335ED1A25F00305083533
:1019C0000C2D38BF0C2529463846FFF7A3FF013000
:1019D0002BD023682B4423600EE02268521B1ED4B8
:1019E0000B2A16D96119A342256018BF5960636894
:1019F00008BF316062514B60384604F10B0600F0BD
:101A000079F826F00706231DF21AB4D09B1BA350C9
:101A1000B1E76268A3420CBF32605A60ECE723462C
:101A20006468B0E734467668B7E70C233B60384615
:101A300000F060F89FE72560DEE700BFD444002097
:101A40001FB514461A46094B1B680546D8684CB1A9
:101A5000074B0091CDE9013406492B4600F032F8DE
:101A600000F010FC044B1C46F3E700BFF00200201E
:101A70003D6201084A6201082729010838B5074D6F
:101A800004460846114600222A601A46FCF737FD34
:101A9000431C02D12B6803B1236038BDD044002021
:101AA00038B5074D04460846114600222A601A46FA
:101AB000FCF7FFFC431C02D12B6803B1236038BD47
:101AC000D04400200EB403B5014603AB054853F8DB
:101AD000042B0068019300F095F802B05DF804EB68
:101AE00003B07047F00200200148FFF74FBE00BF6F
:101AF000CC4400200148FFF74ABE00BFCC44002080
:101B000038B5064D0023044608462B60FCF7FAFC66
:101B1000431C02D12B6803B1236038BDD0440020A0
:101B200038B50546002941D051F8043C0C1F002B64
:101B3000B8BFE418FFF7D8FF1D4A136833B96360D4
:101B400014602846BDE83840FFF7D4BFA34208D947
:101B5000206821188B4201BF19685B680918216051
:101B6000EDE71A465B680BB1A342FAD91168501829
:101B7000A0420BD120680144501883421160E0D18B
:101B800018685B68536008441060DAE702D90C23D8
:101B90002B60D6E7206821188B4204BF19685B6868
:101BA000636004BF091821605460CAE738BD00BFF4
:101BB000D44400209368013B002B10B4936007DAF3
:101BC0009469A34201DB0A2902D110BC00F034B9A8
:101BD0001368581C10601970084610BC7047F8B59F
:101BE00006460F461446D518AC4201D1002007E046
:101BF00014F8011B3A463046FFF7DCFF431CF3D1D3
:101C0000F8BD00002DE9F04F0D469DB014469846F2
:101C1000064618B1036A0BB9FFF7B4FB6B6ED90720
:101C200005D4AB899A0502D4A86DFFF7AFFDAB8947
:101C30001B0701D52B699BB92946304600F03AF9BC
:101C400070B16B6EDC0704D54FF0FF301DB0BDE8FE
:101C5000F08FAB899805F7D4A86DFFF798FDF3E7EF
:101C60000023099320238DF82930CDF80C803023F0
:101C7000DFF8B0818DF82A304FF0010923469A46EB
:101C800013F8012B0AB1252AF9D1BAEB040B0BD0BA
:101C90005B46224629463046FFF7A1FF013000F09F
:101CA000A980099A5A4409929AF80030002B00F052
:101CB000A18000234FF0FF32CDE905230AF1010A8C
:101CC000049307938DF853301A935446052214F861
:101CD000011B5448EEF74CFA049AD8B9D10644BF18
:101CE00020238DF85330130744BF2B238DF8533036
:101CF0009AF800302A2B15D0079A544600204FF04E
:101D00000A0C214611F8013B303B092B4DD9B0B1EB
:101D1000079214E0A0EB080309FA03F313430493BA
:101D2000A246D2E7039B191D1B680391002BBBBF82
:101D30005B4242F0020207930793B8BF04922378F4
:101D40002E2B0CD163782A2B34D1039B1A1D1B68D0
:101D50000392002BB8BF4FF0FF3302340593DFF836
:101D6000C8A0217803225046EEF702FA38B1049B4E
:101D7000A0EB0A004022824013430134049314F87C
:101D8000011B2A488DF828100622EEF7F1F90028E9
:101D90003FD0274B1BBB039B073323F007030833BC
:101DA0000393099B3B44099368E70CFB02320C4602
:101DB0000120A6E700230134059319464FF00A0CD1
:101DC000204610F8012B303A092A03D9002BC6D03F
:101DD0000591C4E70CFB012104460123F0E703ABA6
:101DE00000932A46134B04A93046AFF30080074600
:101DF000781CD6D16B6ED90705D4AB899A0502D46D
:101E0000A86DFFF7C4FCAB895B063FF51DAF0998D1
:101E10001CE703AB00932A46064B04A9304600F0AA
:101E20000FF9E4E7796201087F6201088362010823
:101E300000000000DF1B0108F8B50E4614460546F9
:101E400018B1036A0BB9FFF79DFAA369A360A389D0
:101E50001A0725D523691BB323682269981A636979
:101E6000F6B28342374604DC21462846FFF722FDBE
:101E7000E0B9A368013BA36023685A1C22601E706E
:101E80006269431C9A4204D0A389DB0706D50A2E57
:101E900004D121462846FFF70DFD38B93846F8BD74
:101EA0002146284600F006F80028D5D04FF0FF372D
:101EB000F4E7000038B52A4B054618680C4618B1FF
:101EC000036A0BB9FFF75EFAA389B4F90C2018076F
:101ED00022D4D90607D409232B6042F04003A38102
:101EE0004FF0FF3034E0580712D5616B41B104F177
:101EF0004403994202D02846FFF712FE0023636391
:101F0000A38923F02403A381002363602369236052
:101F1000A38943F00803A38123694BB9A38903F480
:101F20002073B3F5007F03D02146284600F0D7F98F
:101F3000A089B4F90C2010F001030AD00023A3609B
:101F400063695B42A361236943B910F08000C4D187
:101F500038BD810758BF6369A360F4E70020F7E745
:101F6000F00200202DE9F047164699468A680B6971
:101F7000DDF820809342B8BF1346336091F84320C8
:101F800007460C460AB1013333602368990642BF05
:101F9000336802333360256815F0060506D104F175
:101FA000190AE36832689B1AAB4226DC94F8432096
:101FB000131E226818BF012392062BD404F143029A
:101FC00049463846C04701301ED02368226903F0D5
:101FD0000603042B02BFE5683368ED1AA3680CBF43
:101FE00025EAE57500259342C4BF9B1AED1800262B
:101FF0001A34B5421AD1002008E00123524649465E
:102000003846C047013003D14FF0FF30BDE8F087BC
:102010000135C6E7E1185A1C302081F843002244FC
:1020200094F8451082F843100233C7E70123224693
:1020300049463846C0470130E6D00136D9E70000AE
:102040002DE9FF470F7E0C9D782F914680460C4668
:102050009A4601F1430207D8622F0AD8002F00F0F8
:10206000D480582F00F0C08004F1420584F84270FB
:102070003AE0A7F16303152BF6D801A151F823F03C
:10208000D9200108ED200108692001086920010814
:102090006920010869200108ED2001086920010874
:1020A000692001086920010869200108F12101085F
:1020B00019210108AB2101086920010869200108E4
:1020C000132201086920010819210108692001086B
:1020D00069200108B32101082B681A1D1B682A60BA
:1020E00004F1420584F8423001239FE020682B6808
:1020F000070603F10401296001D51E6803E04606C6
:10210000FBD5B3F90060002E03DA2D23764284F864
:1021100043305A480A2312E02B682068191D2960B1
:10212000050601D51E6802E04106FBD51E8853480E
:102130006F2F0CBF08230A23002184F84310656821
:10214000A560002DA2BF216821F0040121600EB915
:10215000002D4BD01546B6FBF3F103FB1167C75DAD
:1021600005F8017D3746BB420E46F4D9082B0BD14A
:102170002368DE0708D5236961689942DEBF3023F2
:1021800005F8013C05F1FF35521B2261CDF800A096
:102190004B4603AA21464046FFF7E4FE01304AD1F0
:1021A0004FF0FF3004B0BDE8F087236843F0200310
:1021B00023603348782784F84570236829681F0610
:1021C00051F8046B02D45F0648BFB6B2DF0748BFC0
:1021D00043F02003296048BF23601EB9236823F021
:1021E000200323601023A7E72448E4E71546BDE752
:1021F0002B6826686169181D286035061B6801D5A3
:10220000196002E07006FBD5198000232361154692
:10221000BCE72B681A1D2A601D68626800212846E9
:10222000EDF7A6FF08B1401B6060636823610023DF
:1022300084F84330AAE723692A4649464046D047F6
:102240000130ADD023689B0713D4E068039B98420C
:10225000B8BF1846A6E70123324649464046D04754
:1022600001309DD00135E36803995B1AAB42F2DC83
:10227000EBE7002504F11906F5E700BF8A620108C3
:102280009B62010808B5062000F08EF80120FCF7DB
:102290000AF970B50C46B1F90E10002996B0154632
:1022A0001E460DDAA38913F0800F4FF000010CBF1A
:1022B0004FF480634023002031602B6016B070BD66
:1022C0006A4600F079F80028ECDB019901F47041CE
:1022D000A1F50053594259414FF48063EBE78B89D4
:1022E00073B59D0706460C4607D504F147032360E6
:1022F00023610123636102B070BD01AB6A46FFF741
:10230000C8FF009905463046FFF724FB48B9B4F9E9
:102310000C309A05EFD423F0030343F00203A381AA
:10232000E3E7A389206043F08003A381009B6361FE
:10233000019B20615BB1B4F90E10304600F04EF8FD
:1023400028B1A38923F0030343F00103A381A389E8
:102350001D43A581CFE71F2938B504460D4604D992
:10236000162303604FF0FF3038BDC26B12B152F834
:1023700021304BB9204600F053F82A46014620464A
:10238000BDE8384000F03AB8012B0AD0591C03D1FF
:10239000162303600120E7E7002442F82540284681
:1023A00098470020E0E70000024B01461868FFF75D
:1023B000D2BF00BFF002002038B5074D002304460D
:1023C000084611462B60FCF793F8431C02D12B689A
:1023D00003B1236038BD00BFD044002038B5064D9E
:1023E0000023044608462B60FCF787F8431C02D103
:1023F0002B6803B1236038BDD044002038B5074DA9
:1024000000230446084611462B60FCF744F8431CA1
:1024100002D12B6803B1236038BD00BFD044002037
:10242000FCF737B82DE9F047089E0D4604460F46E5
:10243000002B4AD18A42944665D9B2FA82F343B15D
:1024400002FA03FCC3F120029F4020FA02F2174374
:102450009C404FEA1C4E1FFA8CF5B7FBFEF1220C94
:102460000EFB117742EA074201FB05F090420AD9C0
:102470001CEB020201F1FF3780F01B81904240F219
:10248000188102396244121AA4B2B2FBFEF00EFBAC
:10249000102244EA024400FB05F5A5420AD91CEBD0
:1024A000040400F1FF3280F00681A54240F203816E
:1024B0006444023840EA0140641B00211EB1DC4044
:1024C0000023C6E90043BDE8F0878B4208D9002EFF
:1024D00000F0EC800021C6E900050846BDE8F08761
:1024E000B3FA83F1002949D1AB4202D3824200F210
:1024F000F780841A65EB030201201746002EE2D014
:10250000C6E90047DFE702B9FFDEB2FA82F3002B2B
:1025100040F08F808A1A4FEA1C471FFA8CFE012177
:10252000B2FBF7F507FB1520220C42EA00420EFB36
:1025300005F0904208D91CEB020205F1FF3802D2E7
:10254000904200F2CA804546121AA4B2B2FBF7F0DC
:1025500007FB102244EA02440EFB00FEA64508D900
:102560001CEB040400F1FF3202D2A64500F2BA804F
:102570001046A4EB0E0440EA05409FE7C1F1200796
:102580008B4022FA07FC4CEA030C05FA01F420FA0E
:1025900007F3FD40234300FA01F94FEA1C401FFAFC
:1025A0008CFEB5FBF0F81C0C00FB185544EA054402
:1025B00008FB0EF5A54202FA01F20BD91CEB04044C
:1025C00008F1FF3A80F08780A54240F28480A8F1AC
:1025D00002086444641B9DB2B4FBF0F300FB134497
:1025E00045EA044403FB0EFEA64508D91CEB04048F
:1025F00003F1FF306BD2A64569D9023B644443EA3C
:102600000840A0FB0283A4EB0E049C42C6461D4674
:1026100055D352D056B1B9EB0E0364EB050404FA5E
:1026200007F7CB40CC401F43C6E900740021BDE84A
:10263000F087C3F1200102FA03FC20FA01F225FA27
:1026400001F19D402A434FEA1C471FFA8CFEB1FB63
:10265000F7F007FB1015110C41EA054100FB0EF5E0
:102660008D4204FA03F408D91CEB010100F1FF3894
:102670002FD28D422DD902386144491B92B2B1FB51
:10268000F7F507FB151142EA014205FB0EF19142F5
:1026900008D91CEB020205F1FF3816D2914214D979
:1026A000023D6244521A45EA004139E7314630465C
:1026B00009E73946E7E61046FCE6C145AAD2B8EB81
:1026C000020E63EB0C050138A4E74546EAE7034632
:1026D00095E74046D1E7D0467CE7023D624433E7C8
:1026E00008460BE76444023843E700BFF8B500BF73
:1026F000F8BC08BC9E467047F8B500BFF8BC08BCE3
:042700009E4670473A
:1027040018120C1801010119190119190106060101
:10271400060601030301030301020201020201127E
:102724000C01120C00080008005001500250035024
:102734000450055006500750085009500A500B50D9
:102744000C500D50F150F25001F105500000000002
:1027540001000000020000006D696E2C00206D571E
:102764002C002E00011F136F01130503020B050239
:1027740000D57FAAFE2B815429FC5683D702A87D5D
:1027840052872DF8AC79D3067BAE04D18550FA2F4D
:10279400A471DB0E5A8F25F08D58F22773A60CD93D
:1027A400F623895C08DD77A2DF0AA07521F45E8B2D
:1027B4009D48E23763B61CC9B461CB1E4A9F35E01D
:1027C400CF1AB06531E44E9BE633994C18CD67B20D
:1027D40039EC4693C712B86D10C56FBAEE3B9144FD
:1027E4006BBE14C19540EA3F42973DE8BC69C316ED
:1027F400EF3A904511C46EBBC613B96C38ED4792DD
:10280400BD68C21743963CE99441EB3E6ABF15C0CC
:102814004B9E34E1B560CA1F62B71DC89C49E336BC
:1028240019CC66B3E732984D30E54F9ACE1BB164AC
:1028340072A70DD88C59F3265B8E24F1A570DA0F9C
:1028440020F55F8ADE0BA17409DC76A3F722885D8C
:10285400D603A97C28FD5782FF2A805501D47EAB7C
:102864008451FB2E7AAF05D0AD78D20753862CF96C
:102874006162636465666768696A6B6C6D6E6F70CC
:102884007172737475767778797A3031323334357E
:10289400363738395F232D2E00690074770072773C
:1028A400000000000000000000000000FB1A000807
:1028B4000000000000000000071B000800000000EA
:1028C40000000000E31A00080001020405030102ED
:1028D400206279746573206C6F7374210A006D6CC7
:1028E40072732E300053657475705374617274532F
:1028F40074783454780053657475705374617274C9
:102904004D61726B65720021656E642100206B4815
:102914007A006D4C525301020304006D4C5253046F
:1029240003020100206972713D7800206C733D0040
:1029340020727831733D0020727832733D00656EE9
:1029440061626C65642C616E74656E6E61312C61BC
:102954006E74656E6E61322C723A656E2E20743A16
:10296400616E74312C723A656E2E20743A616E7405
:1029740032007472616E73702E2C6D61766C696EA8
:102984006B2C6D61766C6E6B582C6D7370580032C5
:102994002E342047487A2C393135204D487A204648
:1029A40043432C383638204D487A2C343333204D69
:1029B400487A2C373020636D2048414D2C38363608
:1029C400204D487A20494E2C393135204D487A2003
:1029D4002B20322E342047487A2C383638204D4864
:1029E4007A202B20322E342047487A00656E6162AB
:1029F4006C65642C616E74656E6E61312C616E74ED
:102A0400656E6E61322C72656E207461312C726554
:102A14006E2074613200353020487A2C33312048DE
:102A24007A2C313920487A2C464C52432C46534B4D
:102A34002C3139487A377800322E342047487A2CA2
:102A4400393135204643432C383638204D487A2CCA
:102A5400343333204D487A2C373020636D2C38368C
:102A64003620494E2C3931352B322E342C38363819
:102A74002B322E3400202F2D2D00202F65310020E5
:102A84002F653600202F65313100202F653133004A
:102A94000D0A00212120527820706172616D207628
:102AA400657273696F6E20736D616C6C65722074EE
:102AB40068616E20547820706172616D2076657251
:102AC40073696F6E2E20212100212120506C6561D5
:102AD40073652075706772616465207265636569EA
:102AE4007665722E202020202020202020202020E7
:102AF40020202020202020202020202021210021EF
:102B04002120547820706172616D2076657273693A
:102B14006F6E20736D616C6C6572207468616E20D9
:102B2400527820706172616D2076657273696F6E80
:102B34002E20212100212120506C656173652075B0
:102B4400706772616465205478206D6F64756C657C
:102B54002E20202020202020202020202020202063
:102B64002020202020202020212100436F6E666930
:102B74006749643A003F0020206D696E3A200020C6
:102B8400206D61783A2000202000203D2000202084
:102B94005B612D7A302D39232D2E5F5D002D202889
:102BA400756E617661696C61626C652900205B00F9
:102BB40028756E6368616E676561626C652900776C
:102BC40061726E3A207265636569766572206E6F14
:102BD4007420636F6E6E656374656400292C002C29
:102BE40020002F003B20003B2054783A00205278EC
:102BF4003A006D5700202054783A20453737204D4D
:102C0400424C204B697420574C453543432C207665
:102C1400312E342E303100202052783A20002D20DD
:102C240028756E6578706563746564206572726F6B
:102C34007229006668737331202800202063683A83
:102C440020002020665F7265673A20002020663AE3
:102C540020006668737332202800202068656C7039
:102C64002C20682C203F2020202020202D3E207462
:102C74006869732068656C70207061676500202046
:102C840076202020202020202020202020202020EA
:102C94002D3E207072696E742064657669636520C8
:102CA400616E642076657273696F6E002020706CAB
:102CB40020202020202020202020202020202D3EE5
:102CC400206C69737420616C6C20706172616D6535
:102CD40074657273002020706C20632020202020F3
:102CE400202020202020202D3E206C697374206336
:102CF4006F6D6D6F6E20706172616D657465727356
:102D0400002020706C207478202020202020202097
:102D14002020202D3E206C6973742054782070612B
:102D240072616D6574657273002020706C20727816
:102D340020202020202020202020202D3E206C69CF
:102D4400737420527820706172616D65746572735A
:102D540000202070206E616D65202020202020201E
:102D64002020202D3E2067657420706172616D659E
:102D74007465722076616C756500202070206E6128
:102D84006D65203D2076616C756520202D3E207395
:102D9400657420706172616D657465722076616C12
:102DA400756500202070206E616D65203D203F20F8
:102DB40020202020202D3E206765742070617261E0
:102DC4006D657465722076616C756520616E642032
:102DD4006C697374206F6620616C6C6F7765642016
:102DE40076616C7565730020207073746F72652052
:102DF4002020202020202020202D3E2073746F725C
:102E04006520706172616D65746572730020207352
:102E14006574636F6E666967696420202020202DC5
:102E24003E2073656C65637420636F6E666967200A
:102E3400696400202062696E642020202020202004
:102E440020202020202D3E2073746172742062693A
:102E54006E64696E6700202072656C6F6164202067
:102E640020202020202020202D3E2072656C6F61C0
:102E74006420616C6C20706172616D657465722090
:102E840073657474696E677300202073746174735E
:102E940020202020202020202020202D3E2073745C
:102EA400617274732073747265616D696E672073E7
:102EB4007461746973746963730020206C6973743A
:102EC4006672657173202020202020202D3E206C06
:102ED40069737473206672657175656E6369657371
:102EE400207573656420696E20666873732073634C
:102EF40068656D6500202073797374656D626F6F0A
:102F0400742020202020202D3E2063616C6C2073CF
:102F1400797374656D20626F6F746C6F6164657230
:102F2400002020656D70747920636D640020206931
:102F34006E76616C696420636D6400202073747222
:102F440065616D696E672073746174732073746F47
:102F540070706564003E00202074696D656F75743F
:102F64000068656C7000706C00706C206300706C9D
:102F740020747800706C207278006572723A20694F
:102F84006E76616C696420706172616D65746572DE
:102F9400206E616D65006572723A206E6F207661F5
:102FA4006C75652073706563696669656400657234
:102FB400723A20696E76616C69642076616C75651D
:102FC400007073746F7265002020547820706172F1
:102FD400616D65746572732073746F72656400202B
:102FE40020706172616D65746572732073746F72A1
:102FF40065640062696E64002020547820656E74F4
:10300400657265642062696E64206D6F6465007228
:10301400656C6F6164002020547820706172616D6A
:1030240065746572732072656C6F616465640020F9
:1030340020706172616D65746572732072656C6F66
:103044006164656400736574636F6E66696769645F
:10305400006572723A20696E76616C696420636FF0
:103064006E666967206964206E756D6265722028DA
:10307400302D39290020206E6F206368616E6765EA
:103084002072657175697265640020206368616EE1
:10309400676520436F6E666967496420746F20001A
:1030A40020207374617274732073747265616D6926
:1030B4006E6720737461747300202073656E6420DE
:1030C400616E792063686172616374657220746FE4
:1030D4002073746F70006C69737466726571730029
:1030E40073797374656D626F6F7400453737204D63
:1030F400424C204B697420574C45354343002145CD
:10310400525200414952004143524F00214653213B
:10311400004D414E55004352555A00435253480006
:10312400414800414E474C00484F5200414E4748E9
:10313400002A00414C5448004155544F004755491A
:1031440044004C4F49540052544C200043495243CC
:10315400004C414E440044524946005350525400DE
:10316400464C4950004154554E0050484C4400428E
:1031740052414B00544852570041564F4900474E64
:103184004750005352544C0046484C4400464F4C60
:103194004C005A49475A00535953490041524F541D
:1031A400004152544C005452544C005452414E006D
:1031B4004642574100464257420043525553005439
:1031C4004B4F4600494E4954005153544200514814
:1031D4004F5600514C4F5400514C4E4400515254E0
:1031E4004C005141544E005141434F0054484D4C02
:1031F400004C32514C005354455200534D504C0036
:10320400444F434B0041484C440053555246004DF3
:1032140044455400424154545F434150414349544E
:10322400590072785F737461747573206661696C98
:10323400757265005378206E6F74206F6B0049526D
:103244005120525820444F4E45204641494C004994
:10325400525120545820444F4E45204641494C0079
:1032640072785F617661696C61626C65206E6F74FF
:10327400207472756500000000000000000000006A
:103284009D2A0008812A0008B9330008E5330008A4
:103294000334000815300008D3200008D5210008A5
:1032A4000000000000000000B52000085B370008A3
:1032B40061360008A135000877350008ED210008C3
:1032C4000536000809220008D13500082D2200081F
:1032D4000000000000000000B5200008B72000082E
:1032E400B9200008BB200008BF200008C120000846
:1032F400C5200008C9200008CB200008CF20000802
:103304000000000000000000B5200008B7200008FD
:10331400B9200008BB200008BF200008C120000815
:10332400C5200008C9200008CB200008CF200008D1
:103334000000000000000000B520000899390008D2
:10334400B9200008BB200008BB380008C1200008D1
:10335400C5200008C9200008CB200008CF200008A1
:10336400000000000000000071220008DD69000870
:10337400956A0008396A00085053544F5245004377
:103384004F4E4649472049440042494E445F504805
:10339400524153455F5533320052465F42414E44D9
:1033A4000052465F4F5254484F0054585F504F5795
:1033B40045520054585F44495645525349545900A4
:1033C40054585F43485F534F555243450054585F28
:1033D40043485F4F524445520054585F494E5F4D35
:1033E4004F44450054585F5345525F44455354007D
:1033F40054585F5345525F424155440054585F53FB
:103404004E445F524144494F535441540054585F11
:103414004D41565F434F4D504F4E454E5400545806
:103424005F504F5745525F53575F43480054585FAE
:1034340042555A5A45520044594E5F504F574552CF
:103444000052585F504F5745520052585F444956F6
:103454004552534954590052585F43485F4F5244B0
:1034640045520052585F4F55545F4D4F44450052EA
:10347400585F4641494C534146455F4D4F444500D2
:1034840052585F5345525F504F52540052585F5345
:1034940045525F424155440052585F5345525F4C78
:1034A4004E4B5F4D4F44450052585F4D41565F535C
:1034B400595354454D5F49440052585F534E445F3D
:1034C400524144494F535441540052585F534E445F
:1034D4005F52434348414E4E454C0052585F4F554E
:1034E400545F525353495F43480052585F4F5554F9
:1034F4005F4C515F43480052585F504F5745525FED
:1035040053575F43480052585F46535F4348310066
:1035140052585F46535F4348320052585F46535FE8
:103524004348330052585F46535F4348340052586F
:103534005F46535F4348350052585F46535F4348E4
:10354400360052585F46535F4348370052585F462F
:10355400535F4348380052585F46535F434839002D
:1035640052585F46535F434831300052585F4653C8
:103574005F434831310052585F46535F434831320C
:103584000052585F46535F434831330052585F46F8
:10359400535F434831340052585F46535F434831C8
:1035A400350052585F46535F4348313600414E4719
:1035B4004C4500484F52495A4F4E004E4156204107
:1035C4004C54484F4C440048454144494E472048D8
:1035D4004F4C440048454144465245450048454106
:1035E4004441444A0043414D53544142004E4156E4
:1035F40020525448004E415620504F53484F4C449B
:10360400004D414E55414C00424545504552004CF9
:10361400454453204F4646004C4947485453004FB5
:103624005344204F46460054454C454D4554525949
:10363400004155544F2054554E4500424C41434B94
:10364400424F58004641494C53414645004E41566D
:1036540020575000414952204D4F444500484F4D9A
:103664004520524553455400474353204E4156008C
:1036740046505620414E474C45204D49580053551D
:10368400524641434500464C415045524F4E00542A
:1036940055524E20415353495354004E4156204CE9
:1036A40041554E434800534552564F204155544FBF
:1036B4005452494D0043414D45524120434F4E54CD
:1036C400524F4C20310043414D45524120434F4E0F
:1036D40054524F4C20320043414D45524120434FF8
:1036E4004E54524F4C2033004F534420414C5420ED
:1036F40031004F534420414C542032004F53442056
:10370400414C542033004E415620434F55525345AB
:1037140020484F4C44004D43204252414B494E47B0
:1037240000555345523100555345523200555345C7
:103734005233005553455234004C4F49544552209E
:103744004348414E4745004D5350205243204F5665
:103754004552524944450050524541524D0054553A
:1037640052544C45004E415620435255495345004E
:103774004155544F204C4556454C205452494D0018
:10378400575020504C414E4E455200534F415249E0
:103794004E47004D495353494F4E204348414E47ED
:1037A4004500424545504552204D555445004D5520
:1037B4004C54492046554E4354494F4E004D4958A8
:1037C40045522050524F46494C452032004D4958ED
:1037D4004552205452414E534954494F4E00414E94
:1037E400474C4520484F4C440042696E6420506861
:1037F400726173650042494E445F504852415345DB
:1038040000353020487A2C333120487A2C31392045
:10381400487A2C464C52432C46534B2C3139204881
:103824007A2037780052462042616E6400322E348A
:103834002C393135204643432C3836382C34333335
:103844002C37302C38363620494E2C3931352B3232
:103854002E342C3836382B322E34005246204F72F8
:1038640074686F006F66662C312F332C322F332C23
:10387400332F3300547820506F77657200547820CA
:1038840044697665727369747900656E61626C650A
:10389400642C616E74656E6E61312C616E74656E3C
:1038A4006E61322C723A656E20743A616E74312CFA
:1038B400723A656E20743A616E7432005478204313
:1038C4006820536F75726365006E6F6E652C63724A
:1038D40073662C696E2C6D62726964676500547836
:1038E400204368204F7264657200414554522C5441
:1038F4004145522C4554415200547820496E204D84
:103904006F646500736275732C7362757320696EDE
:10391400760054782053657220446573740073658F
:103924007269616C2C73657269616C322C6D6272A0
:103934006964676500547820536572204261756438
:103944007261746500393630302C31393230302CA4
:1039540033383430302C35373630302C3131353241
:1039640030302C32333034303000547820536E648D
:1039740020526164696F53746174006F66662C3100
:1039840020487A005478204D617620436F6D706F23
:103994006E656E74006F66662C656E61626C65643C
:1039A40000547820506F7765722053772043680065
:1039B4006F66662C352C362C372C382C392C31304C
:1039C4002C31312C31322C31332C31342C31352CF7
:1039D40031360054782042757A7A6572006F6666D3
:1039E4002C4C502C72784C510044796E20506F77D7
:1039F4006572006F66662C6F6E00527820506F7788
:103A0400657200527820446976657273697479002E
:103A14005278204368204F72646572005278204FB8
:103A24007574204D6F646500736275732C637273D3
:103A3400662C7362757320696E7600527820466135
:103A4400696C53616665204D6F6465006E6F207309
:103A540069672C6C6F77207468722C627920636EAE
:103A6400662C6C6F772074687220636E742C6368A4
:103A74003163683420636E74005278205365722079
:103A8400506F72740073657269616C2C63616E00AF
:103A940052782053657220426175647261746500C6
:103AA400527820536572204C696E6B204D6F6465AB
:103AB400007472616E73702E2C6D61766C696E6B1E
:103AC4002C6D61766C696E6B582C6D737058005256
:103AD40078204D61762053797374656D20494400D4
:103AE40035312C35322C35332C35342C35350052C8
:103AF4007820536E6420526164696F53746174005A
:103B04006F66662C617264755F312C6D6574685FD5
:103B14006200527820536E642052634368616E6E73
:103B2400656C006F66662C7263206F7665727269CD
:103B340064652C7263206368616E6E656C730052F9
:103B440078204F757420527373692043680052784B
:103B5400204F7574204C5120436800527820506FD8
:103B640077657220537720436800527820465320AB
:103B7400436831005278204653204368320052781B
:103B8400204653204368330052782046532043682C
:103B9400340052782046532043683500527820463A
:103BA4005320436836005278204653204368370038
:103BB40052782046532043683800527820465320D8
:103BC400436839005278204653204368313000520C
:103BD40078204653204368313100527820465320E0
:103BE4004368313200527820465320436831330011
:103BF4002D31323020252C3020252C313230202517
:103C040000527820465320436831340052782046CD
:103C1400532043683135005278204653204368319D
:103C2400360016001818001818181218070000009B
:103C34000300000002010101020202020203030464
:103C44000101010202020202020202020202020253
:103C54000102020202020100000000000000000054
:103C64000000000000000000000000000000000050
:103C74000000000000000000485701080300000095
:103C84000000000000000000800080FF0000010030
:103C94000A000A000E0019001400640016009E00B9
:103CA40082040020FF000000ED370108F937010805
:103CB40027290108000000000000000000000000A7
:103CC40027290108000000008A040020FE000000EB
:103CD4004B3A01085C36010827290108000000005E
:103CE4000000000000000000053801082E05002037
:103CF40089040020FE000000293801089D330108D2
:103D04002729010800000000000000000000000056
:103D1400313801082C0500208B040020FE0000002F
:103D24005F380108A53301082729010800000000B5
:103D34000000000000000000683801083005002081
:103D4400BA030020FE00000078380108AE330108F1
:103D54002729010800000000000000000000000006
:103D64003205002000000000BB030020FE0000001C
:103D740081380108B7330108272901080000000031
:103D840000000000000000008E38010876050020C5
:103D9400BC030020FE000000C0380108C433010841
:103DA40027290108000000000000000000000000B6
:103DB400CD38010878050020BD030020FE00000076
:103DC400E2380108D1330108272901080000000066
:103DD4000000000000000000EE38010800000000B0
:103DE400BE030020FE000000FD380108DD33010899
:103DF4002729010800000000000000000000000066
:103E0400083901087A050020BF030020FE000000E5
:103E140016390108E83301082729010800000000C9
:103E24000000000000000000223901087C05002089
:103E3400C0030020FE00000039390108F4330108F2
:103E44002729010800000000000000000000000015
:103E54004939010800000000C2030020FE000000F0
:103E64006E39010800340108272901080000000008
:103E740000000000000000007F390108000000007D
:103E8400C5030020FE000000883901081134010830
:103E940027290108000000000000000000000000C5
:103EA4009939010800000000C6030020FE0000004C
:103EB400A53901082234010827290108000000005F
:103EC4000000000000000000B439010800000000F8
:103ED400C3030020FE000000D73901083134010873
:103EE4002729010800000000000000000000000075
:103EF400E13901087E050020CA030020FE0000000D
:103F0400ED3901083B3401082729010800000000AD
:103F14000000000000000000F73901080000000064
:103F240096030020FE000000FE3901084534010814
:103F34002729010800000000000000000000000024
:103F4400820500200000000097030020FE0000000E
:103F5400073A01084E34010827290108000000002F
:103F640000000000000000008E380108C605002093
:103F740098030020FE000000143A01085B34010895
:103F840027290108000000000000000000000000D4
:103F9400EE3801080000000099030020FE00000034
:103FA400203A0108673401082729010800000000AD
:103FB40000000000000000002C3A0108C8050020A1
:103FC4009B030020FE0000003F3A010873340108FF
:103FD4002729010800000000000000000000000084
:103FE400503A010800000000A4030020FE00000075
:103FF4007D3A0108843401082729010800000000E3
:104004000000000000000000893A0108CA050020F1
:104014009C030020FE000000943A0108903401083B
:104024002729010800000000000000000000000033
:1040340049390108000000009D030020FE00000033
:10404400A43A01089C340108272901080000000053
:104054000000000000000000B53A01080000000064
:10406400A5030020FE000000D33A0108AC34010887
:1040740027290108000000000000000000000000E3
:10408400E43A0108000000009E030020FE00000046
:10409400F33A0108BD340108272901080000000093
:1040A4000000000000000000043B010800000000C4
:1040B400A0030020FE000000163B0108CE340108D6
:1040C4002729010800000000000000000000000093
:1040D400273B0108000000009A030020FE000000B6
:1040E400433B0108DF3401082729010800000000D0
:1040F4000000000000000000B439010800000000C6
:10410400A2030020FE000000523B0108EE34010827
:104114002729010800000000000000000000000042
:10412400B439010800000000A3030020FE000000D1
:104134005F3B0108FB340108272901080000000047
:104144000000000000000000B43901080000000075
:10415400AA030020020000006E3B01080A35010892
:10416400033C010800000000880000007800000003
:104174002729010800000000AB0300200200000012
:10418400783B010814350108033C010800000000D5
:1041940088000000780000002729010800000000C2
:1041A400AC03002002000000823B01081E35010818
:1041B400033C0108000000008800000078000000B3
:1041C4002729010800000000AD03002002000000C0
:1041D4008C3B010828350108033C0108000000005D
:1041E4008800000078000000272901080000000072
:1041F400AE03002002000000963B0108323501089E
:10420400033C010800000000880000007800000062
:104214002729010800000000AF030020020000006D
:10422400A03B01083C350108033C010800000000E4
:104234008800000078000000272901080000000021
:10424400B003002002000000AA3B01084635010823
:10425400033C010800000000880000007800000012
:104264002729010800000000B1030020020000001B
:10427400B43B010850350108033C0108000000006C
:1042840088000000780000002729010800000000D1
:10429400B203002002000000BE3B01085A350108A9
:1042A400033C0108000000008800000078000000C2
:1042B4002729010800000000B303002002000000C9
:1042C400C83B010864350108033C010800000000F4
:1042D4008800000078000000272901080000000081
:1042E400B403002002000000D33B01086F3501082D
:1042F400033C010800000000880000007800000072
:104304002729010800000000B50300200200000076
:10431400DE3B01087A350108033C01080000000077
:104324008800000078000000272901080000000030
:10433400B6030020FE000000E93B010885350108B2
:104344002729010800000000000000000000000010
:10435400F43B010800000000B7030020FE00000049
:10436400053C0108903501082729010800000000D8
:104374000000000000000000F43B01080000000001
:10438400B8030020FE000000103C01089B35010822
:1043940027290108000000000000000000000000C0
:1043A400F43B010800000000B9030020FE000000F7
:1043B4001B3C0108A635010827290108000000005C
:1043C4000000000000000000F43B010800000000B1
:1043D4006162636465666768696A6B6C6D6E6F7051
:1043E4007172737475767778797A30313233343503
:1043F400363738395F232D2E0000000000070E09E0
:104404001C1B1215383F363124232A2D70777E79F0
:104414006C6B6265484F464154535A5DE0E7EEE9E0
:10442400FCFBF2F5D8DFD6D1C4C3CACD90979E99D0
:104434008C8B8285A8AFA6A1B4B3BABDC7C0C9CEC0
:10444400DBDCD5D2FFF8F1F6E3E4EDEAB7B0B9BEB0
:10445400ABACA5A28F88818693949D9A2720292EA0
:104464003B3C35321F18111603040D0A5750595E90
:104474004B4C45426F68616673747D7A898E878080
:1044840095929B9CB1B6BFB8ADAAA3A4F9FEF7F070
:10449400E5E2EBECC1C6CFC8DDDAD3D4696E676060
:1044A40075727B7C51565F584D4A4344191E171050
:1044B40005020B0C21262F283D3A33344E49404740
:1044C40052555C5B7671787F6A6D64633E39303730
:1044D40022252C2B0601080F1A1D1413AEA9A0A720
:1044E400B2B5BCBB9691989F8A8D8483DED9D0D710
:1044F400C2C5CCCBE6E1E8EFFAFDF4F3000000001E
:104504003209000000000000010000007C2B0000C4
:104514000000000002000000890C00000000000000
:1045240004000000ED0E030C0D0000000500000067
:10453400D91C010000000000060000006803000010
:1045440000000000070000007720000000000000C9
:104554000800000075240000000000000B000000AB
:10456400590601040000000014000000D6140302E0
:1045740003000000150000009F020300010000007A
:1045840016000000DC190000000000001700000005
:10459400A8170304050000001800000018340000E8
:1045A4000000000019000000176500000000000072
:1045B4001A000000AA180000000000001B00000000
:1045C400901D0000000000001C00000043100000CB
:1045D400000000001D000000731000000000000037
:1045E4001E000000271C0000000000001F00000047
:1045F400F63000000000000020000000B91C00009C
:104604000000000021000000681C00000000000001
:1046140022000000ED16000000000000230000004E
:10462400F41600000000000024000000DE25000055
:104634000000000025000000D4070304050000006A
:1046440026000000090703040500000027000000FD
:10465400FE2603202100000028000000E6050302D6
:1046640003000000290000001C04030203000000F2
:104674002A0000001C120000000000002B000000B3
:1046840084030300010000002C000000DD09030284
:10469400030000002D000000E803030001000000F7
:1046A4002E0000000B020000000000002F0000009C
:1046B4009908030001000000300000002915010CD6
:1046C400000000003100000027140000000000007A
:1046D400320000004E2503121300000033000000D6
:1046E400C4050302030000003500000003050000B8
:1046F40000000000360000000F1B03181900000022
:104704003700000003190000000000003D00000015
:10471400A7480000000000003E000000B71A000097
:10472400000000003F00000077B50000000000001A
:1047340040000000BFE10000000000004100000054
:10474400762A0000000000004200000094060302E4
:1047540003000000430000001504000000000000F6
:1047640045000000F31E010A00000000460000009E
:104774007C260310110000004900000026260320B7
:10478400210000004A000000141400000000000092
:104794004B0000009E23031E1F0000004C0000007D
:1047A4009821031E1F0000004D0000008F0A03081B
:1047B40009000000500000000E0403020300000082
:1047C400510000006A1600000000000052000000C2
:1047D4003133032425000000530000001625000097
:1047E40000000000540000008F3503323300000045
:1047F400550000008C33000000000000560000004B
:1048040005350332330000005700000096330000E2
:104814000000000059000000E71C00000000000038
:104824005A000000B7380000000000005B000000E0
:104834003F2A0000000000005C0000003621000058
:10484400000000005D0000002F5100000000000087
:1048540064000000AF2200000000000065000000BA
:104864006675000000000000660000009E750000F0
:104874000000000067000000D039000000000000C4
:1048840068000000387400000000000069000000A7
:104894005D3F0000000000006A0000008A2C000058
:1048A400000000006B0000006C41000000000000EC
:1048B4006C000000205C0000000000006D0000009F
:1048C400B9090000000000006E00000054FE03015E
:1048D400020000006F00000022120310110000000B
:1048E40070000000AE0C0000000000007100000029
:1048F4007C2700000000000072000000ED2C000086
:1049040000000000730000000440000000000000EC
:10491400740000004C180000000000007500000046
:10492400800603040500000076000000380E000035
:104934000000000077000000740C030A0B00000064
:10494400780000008661000000000000790000008B
:10495400ED020300010000007A000000CB02030016
:10496400010000007B000000FA7103000100000058
:104974007C00000057390000000000007D000000AA
:10498400CB060000000000007E000000DC51034F55
:10499400500000007F000000192300000000000008
:1049A40080000000E22300000000000081000000FD
:1049B4002E18000000000000820000001D0D000001
:1049C4000000000083000000DFFF00000000000082
:1049D400840000005527000000000000850000004E
:1049E400061200000000000086000000E52B000015
:1049F4000000000087000000CB0800000000000059
:104A0400880000000116000000000000890000007A
:104A1400C3100000000000008A0000006D78000050
:104A2400000000008B000000A82B03292A000000CE
:104A34008C000000B5290000000000008D0000007B
:104A44002F200000000000008E00000048F300004A
:104A5400000000008F000000831000000000000030
:104A6400900000007F5D0000000000009200000044
:104A74006764000000000000930000009A36000004
:104A84000000000094000000B24E0000000000008E
:104A940095000000C83C00000000000096000000E3
:104AA400862A00000000000097000000DB080306CF
:104AB4000700000098000000D0080000000000007B
:104AC40099000000BC0C0000000000009A000000E7
:104AD400540F0306070000009B000000160D03049A
:104AE400050000009C000000130603000100000004
:104AF4009D000000150F030C0D0000009E00000037
:104B0400860F030C0D000000A00000004E0C0308EB
:104B140009000000A100000044030300010000009C
:104B2400A2000000BD09000000000000A300000076
:104B34007F1C000000000000A40000009A2C00006C
:104B440000000000A50000001503000000000000A4
:104B5400A60000001509000000000000A7000000E6
:104B64009016000000000000A8000000010C0000E6
:104B740000000000A9000000EA120000000000008C
:104B8400AA0000004922000000000000AB00000061
:104B9400B542000000000000AC00000016620000F6
:104BA40000000000AD0000005308000000000000F9
:104BB400AE000000A730000000000000AF000000BD
:104BC4008A13030E0F000000B0000000EA03030084
:104BD40001000000B1000000F0140000000000001B
:104BE400B20000002F18000000000000B300000015
:104BF400BD1D011A00000000B4000000342F012A7A
:104C040000000000B5000000AE0400000000000039
:104C1400B6000000E528000000000000B700000016
:104C24005502030001000000B80000009FCE0304F9
:104C340005000000B9000000BA07030405000000E5
:104C4400BA000000481D030001000000BF0000007E
:104C54005C1B000000000000C000000024360000BF
:104C640000000000C1000000471A0000000000001E
:104C7400C20000006221000000000000C300000028
:104C84007825000000000000C8000000862A0328E0
:104C940029000000C9000000CD0E030C0D00000027
:104CA400D60000004508030607000000D7000000F6
:104CB4006503000000000000D80000003203030078
:104CC40001000000D9000000CA0600000000000036
:104CD400DA0000001107030001000000DB000000FF
:104CE400A202000000000000DC00000022200000FE
:104CF40000000000DD000000472A00000000000062
:104D0400DE0000000F03000000000000DF000000D0
:104D1400772F032A2B000000E0000000662D032AF1
:104D24002B000000E1000000D0490000000000005A
:104D3400E2000000CF08000000000000E6000000D0
:104D4400A32A000000000000E7000000692800001A
:104D540000000000E800000097410000000000008F
:104D6400E900000023B6000000000000EA00000093
:104D74009628000000000000EB000000B32A0000A9
:104D840000000000F10000005A20000000000000B4
:104D9400F2000000683C000000000000F300000086
:104DA400553D013400000000F40000005F060000DF
:104DB40000000000F5000000820200000000000076
:104DC400F6000000B826000000000000F700000014
:104DD4005113000000000000F800000008FE030367
:104DE40004000000F9000000CC24000000000000D2
:104DF400FA000000311E000000000000FB0000006B
:104E0400AA12000000000000FC0000002C120000A8
:104E140000000000FD000000533600000000000008
:104E2400FE0000002E090000000000000001000048
:104E3400472A03080900000001010000830900005B
:104E44000000000002010000BBE8030001000000B4
:104E5400030100005CED00000000000004010000FC
:104E6400920E00000000000005010000B33D0000A8
:104E740000000000060100000C1700000000000004
:104E84000701000085FF0000000000000801000089
:104E94003120000000000000090100001A14000085
:104EA400000000000A010000C1FF0302030000002B
:104EB4000B01000023FF0302030000000C010000AB
:104EC4000E040302030000000D0100006DD7000072
:104ED400000000000E0100003B1400000000000070
:104EE4000F0100001635000000000000130100004F
:104EF4007E200000000000001401000012320000B7
:104F040000000000150100003E1E0000000000002B
:104F140018010000462100000000000019010000F3
:104F2400300D0000000000001A0100007B23032064
:104F3400210000001B0100004A9100000000000055
:104F44001C0100006320031E1F0000001D0100005F
:104F540089310326270000001E010000D2390332E4
:104F6400330000001F0100000117031415000000A6
:104F74002001000014170314150000002201000092
:104F8400FB2E000000000000230100000A3900008D
:104F94000000000024010000E3DF031819000000F2
:104FA40027010000EA0C00000000000028010000B6
:104FB40032230000000000002B01000013620000F7
:104FC400000000002C010000D916000000000000C1
:104FD4002D010000F33A000000000000360100003B
:104FE4001C11000000000000370100005F74000085
:104FF4000000000040010000F3140302030000005D
:1050040041010000580203000100000042010000B9
:10501400F395000000000000430100004E930300DC
:105024000100000044010000849200000000000020
:105034004A01000017A70000000000004B01000017
:105044005BE90000000000004C010000ECEF0000F0
:10505400000000004D010000E76D000000000000AA
:105064004E010000480A0000000000004F0100004B
:10507400E11800000000000050010000F554000099
:105084000000000053010000C705000000000000FC
:1050940054010000634600000000000059010000B4
:1050A400D1150302030000005E010000E8FC0000CB
:1050B4000000000062010000D20E030C0D0000008D
:1050C40063010000060C00000000000068010000FD
:1050D4000B19000000000000690100005D210000C0
:1050E400000000007101000097180000000000009B
:1050F400720100004B6D000000000000730100000D
:105104000A1A000000000000740100001A8C00005C
:105114000000000075010000752A00000000000076
:1051240077010000FB8C0000000000007801000003
:10513400C7080000000000007C010000E814000023
:1051440000000000810100009385030203000000B9
:1051540082010000841003040500000083010000A4
:10516400044803040500000084010000082503200E
:1051740021000000860100009CF0000000000000F7
:105184008B01000000D40000000000008C0100002E
:1051940032A00000000000008D010000B66C000089
:1051A40000000000900100006EFE030405000000F2
:1051B40091010000B7060304050000009A010000F5
:1051C400A0350000000000009B0100006A030000FD
:1051D400000000009C0100002106030405000000FB
:1051E4009D0100004D070304050000009E0100001E
:1051F4006D100000000000009F010000A1100000DD
:1052040000000000A4010000144903060700000088
:10521400B3010000862E000000000000B40100006D
:10522400C109000000000000B50100001E010000DB
:1052340000000000B801000042230000000000004C
:10524400B9010000A911000000000000FE010000E7
:10525400F56A000000000000FF0100001C47000088
:105264000000000000020000B8020000000000007E
:10527400421F0000DA10000000000000431F00007D
:10528400E729000000000000441F0000AC62000099
:1052940000000000451F0000FB2600000000000085
:1052A400461F0000610E000000000000471F0000C0
:1052B4004020000000000000481F0000EA21000018
:1052C40000000000491F00009010000000000000D2
:1052D4004A1F00009B290000000000004B1F000033
:1052E40014660000000000004C1F0000361000008F
:1052F400000000004D1F0000DE2E00000000000032
:105304004E1F0000C80E0000000000004F1F0000E8
:105314001718000000000000501F00009512000044
:105324000000000028230000718900000000000034
:105334002D2300007522000000000000112700004A
:10534400D11400000000000012270000BA29000058
:10535400000000001327000004010000000000000A
:105364001427000085090000000000001527000034
:10537400670900000000000016270000C1040000B7
:105384000000000017270000471100000000000083
:1053940018270000F00E000000000000A7270000FE
:1053A400C355000000000000F82A000086340304FE
:1053B40005000000F92A00000F880000000000002A
:1053C400FA2A0000EAB4030405000000FB2A0000E6
:1053D4004005000000000000FC2A00000BE8030860
:1053E40009000000FD2A00005DE600000000000046
:1053F400022B00002E31000000000000032B0000EF
:105404006A2C0000000000000C2B0000CD100000EE
:1054140000000000162B0000902C0000000000008B
:10542400172B0000852C000000000000182B000042
:10543400552C000000000000192B0000C3250310A8
:10544400110000001A2B00004F05000000000000AE
:105454001B2B000080080304050000001C2B000027
:10546400B1220000000000001D2B0000821C00007F
:10547400000000001E2B00002F260000000000008A
:105484001F2B00008E09000000000000202B0000EC
:10549400842C000000000000212B0000D02C000010
:1054A40000000000222B0000C92C000000000000B6
:1054B400232B0000C12C000000000000242B00005E
:1054C400BD2C000000000000342B0000A24E0000A0
:1054D4000000000064320000722C03000100000090
:1054E40065320000FE3B031E1F0000006632000010
:1054F4008C3503040500000067320000F92E030018
:1055040001000000683200004D36031C1D0000003D
:1055140069320000312B03000100000073320000E7
:105524005EF9030001000000763200008B330000B6
:105534000000000077320000071203101100000081
:1055440078320000140500000000000068420000EA
:1055540067B3000000000000FE4200001A210000B2
:1055640000000000FF42000048100000000000009E
:10557400014300001311000000000000024300007A
:105584005911000000000000034300001B0A000042
:1055940000000000044300000E5B00000000000057
:1055A40005430000BB540000000000000643000057
:1055B4006A1800000000000010A40000E3010000CD
:1055C4000000000011A40000EF2E00000000000005
:1055D40051C30000F62000000000000052C3000088
:1055E400B5F600000000000053C300003E130000A5
:1055F4000000000054C30000F00A03080900000082
:1056040055C30000980603040500000020CB0000E9
:105614000D6400000000000021CB0000EF01000039
:105624000000000015CD0000F01100000000000093
:1056340016CD0000584E00000000000017CD0000F9
:10564400605500000000000018CD0000B11C0000EF
:105654000000000019CD0000D73200000000000057
:1056640078CD0000B52603202100000079CD00008C
:10567400662400000000000060EA00000416031421
:10568400150000006AEA0000D021000000000000BC
:105694006BEA0000B7070000000000006CEA00009D
:1056A40063240320210000006DEA00008118031424
:1056B400150000006EEA00008608030405000000DF
:1056C40074EA0000CA0400000000000088EA000038
:1056D4009CF500000000000089EA0000BFFF000004
:1056E400000000008DEA00000E1703020300000012
:1056F4008EEA0000AB1C0308090000008FEA0000DA
:10570400370700000000000091EA0000610C00006F
:105714000000000092EA0000DC0E0000000000001F
:1057240093EA0000F51800000000000094EA00006D
:10573400652C00000000000095EA00002D06000022
:10574400000000008FC2151B51B81E1B14AE171B9E
:105754000000891112239B322446AD573665BF746D
:10576400488CC19D5AAFD3BE6CCAE5DB7EE9F7F81D
:105774008110080193331A22A5562C47B7753E644D
:10578400C99C408DDBBF52AEEDDA64CBFFF976E8FD
:1057940002218B30100299132667AF763444BD552D
:1057A4004AADC3BC588ED19F6EEBE7FA7CC8F5D9DD
:1057B40083310A2091121803A7772E66B5543C450D
:1057C400CBBD42ACD99E508FEFFB66EAFDD874C9BD
:1057D40004428D5316619F702004A9153227BB36ED
:1057E4004CCEC5DF5EEDD7FC6888E1997AABF3BA9D
:1057F40085520C4397711E60A1142805B3373A26CD
:10580400CDDE44CFDFFD56ECE9986089FBBB72AA7C
:1058140006638F7214409D512225AB343006B917AC
:105824004EEFC7FE5CCCD5DD6AA9E3B8788AF19B5C
:1058340087730E6295501C41A3352A24B11638078C
:10584400CFFF46EEDDDC54CDEBB962A8F99A708B3C
:10585400088481951AA793B62CC2A5D33EE1B7F06C
:105864004008C919522BDB3A644EED5F766DFF7C1C
:10587400899400859BB712A6ADD224C3BFF136E04C
:10588400C1184809D33B5A2AE55E6C4FF77D7E6CFC
:105894000AA583B4188691972EE3A7F23CC0B5D12C
:1058A4004229CB38500AD91B666FEF7E744CFD5DDC
:1058B4008BB502A499961087AFF326E2BDD034C10C
:1058C400C3394A28D11A580BE77F6E6EF55C7C4DBC
:1058D4000CC685D71EE597F42880A1913AA3B3B2EC
:1058E400444ACD5B5669DF78600CE91D722FFB3E9C
:1058F4008DD604C79FF516E4A9902081BBB332A2CC
:10590400C55A4C4BD7795E68E11C680DF33F7A2E7B
:105914000EE787F61CC495D52AA1A3B03882B193AB
:10592400466BCF7A5448DD59622DEB3C700EF91F5B
:105934008FF706E69DD414C5ABB122A0B99230838B
:10594400C77B4E6AD5585C49E33D6A2CF11E780F3B
:10595400A08601000B19000050C3000010000410C1
:1059640000005B0101000000B01D000096FF000074
:105974000506010C015B00009033000091FF00005C
:105984000606010C015B00002058000090FF000097
:105994005E37010800000000B13501080200000074
:1059A400B735010803000000BF35010804000000FA
:1059B400CB35010805000000D835010806000000B9
:1059C400E1350108FF000000E9350108FF0000008F
:1059D400F135010807000000F9350108080000004E
:1059E40005360108090000000C360108FF0000001C
:1059F40013360108FF0000001C360108FF000000F8
:105A040023360108FF0000002B360108FF000000C8
:105A1400353601080A0000003F360108FF00000087
:105A24004836010801000000513601080B0000004F
:105A3400583601080C00000061360108FF00000020
:105A44006C360108FF00000074360108FF000000F6
:105A540082360108FF0000008A3601080D000000AC
:105A6400933601080E0000009F3601080F00000065
:105A7400AA360108FF000000B9360108FF00000043
:105A8400CA360108FF000000DB360108FF000000F1
:105A9400EC360108FF000000F6360108FF000000A4
:105AA40000370108FF0000000A3701081000000059
:105AB4001A370108FF00000025370108FF00000025
:105AC4002B370108FF00000031370108FF000000F8
:105AD40037370108FF0000003D370108FF000000D0
:105AE4004B370108FF0000005B370108FF0000008E
:105AF4006237010811000000693701081200000034
:105B040074370108FF00000084370108FF0000001B
:105B14008F3701081300000097370108FF000000C9
:105B2400A6370108FF000000B2370108FF0000009B
:105B3400C1370108FF000000D1370108FF00000051
:105B4400E23701081400000000000000000000001B
:105B5400B5200008B7200008B9200008BB200008C1
:105B6400BDC30008ADC50008F5C500086DBF000839
:105B7400CB200008CF200008000000000000000037
:105B8400F1680008A5220008C547000800000000CD
:105B940000000000F92A0008F96B0008000000006A
:105BA40000000000516E000807700008FBC70008E1
:105BB400A7220008CB22000859220008ECFFFFFFAF
:105BC40000000000B5200008B7200008B920000834
:105BD400BB20000805C80008C5220008F1220008FF
:105BE40065220008CB200008CF2000080100000037
:105BF4000300000005000000010000000100000097
:105C0400060000000A00000020000000020000005E
:105C14000400000008000000100000004000000024
:105C240080000000000100000002000000000000ED
:105C3400000000000000000000000000010000005F
:105C4400020000000300000004000000A086010020
:105C5400400D0300801A060000350C0040420F007E
:105C640080841E0000093D0000127A000024F40024
:105C740000366E010048E801006CDC020000000000
:105C8400000000000000000000000000010000000F
:105C940002000000040000000600000008000000EC
:105CA4000A0000000C0000001000000020000000AA
:105CB400400000008000000000010000000000001F
:105CC400000FC93F000F494000CB9640000FC94068
:105CD4000053FB4000CB164100ED2F41000F49411A
:105CE4000031624100537B41003A8A4100CB964126
:105CF400005CA34100EDAF41007EBC41000FC941EF
:105D040000A0D5410031E24100C2EE410053FB4105
:105D140000F20342003A0A420083104200CB1642CA
:105D240000141D42005C234200A5294200ED2F42CD
:105D340000363642007E3C4200C74242000F4942D0
:105D4400A2000000F9000000830000006E000000C3
:105D54004E0000004400000015000000290000006F
:105D6400FC0000002700000057000000D1000000E4
:105D7400F500000034000000DD000000C000000059
:105D8400DB000000620000009500000099000000A4
:105D94003C000000430000009000000041000000AF
:105DA400FE0000005100000063000000AB00000092
:105DB400DE000000BB000000C50000006100000020
:105DC400B7000000240000006E0000003A0000004C
:105DD400420000004D000000D2000000E00000007E
:105DE40006000000490000002E000000EA00000048
:105DF40009000000D1000000920000001C00000017
:105E0400FE0000001D000000EB0000001C0000006C
:105E1400B100000029000000A70000003E000000BF
:105E2400E80000008200000035000000F5000000DA
:105E34002E000000BB0000004400000084000000AD
:105E4400E90000009C000000700000002600000033
:105E5400B40000005F0000007E000000410000006C
:105E64003900000091000000D60000003900000055
:105E7400830000005300000039000000F40000001B
:105E84009C000000840000005F0000008B00000004
:105E9400BD000000F9000000280000003B000000E5
:105EA4001F000000F800000097000000FF00000041
:105EB400DE00000005000000980000000F00000054
:105EC400EF0000002F000000110000008B00000014
:105ED4005A0000000A0000006D0000001F000000CE
:105EE4006D000000360000007E000000CF000000BE
:105EF40027000000CB00000009000000B7000000EC
:105F04004F000000460000003F0000006600000053
:105F14009E0000005F000000EA0000002D00000069
:105F24007500000027000000BA000000C700000050
:105F3400EB000000E5000000F10000007B00000021
:105F44003D0000000700000039000000F7000000D9
:105F54008A0000005200000092000000EA000000E5
:105F64006B000000FB0000005F000000B1000000B7
:105F74001F0000008D0000005D000000080000000C
:105F8400560000000300000030000000460000003E
:105F9400FC0000007B0000006B000000AB00000070
:105FA400F0000000CF000000BC0000002000000052
:105FB4009A000000F4000000360000001D000000FC
:105FC400A9000000E300000091000000610000004F
:105FD4005E000000E60000001B0000000800000056
:105FE4006500000099000000850000005F000000CB
:105FF40014000000A0000000680000004000000041
:106004008D000000FF000000D800000080000000A8
:106014004D00000073000000270000003100000064
:1060240006000000060000001500000056000000F5
:10603400CA00000073000000A8000000C9000000AE
:1060440060000000E20000007B000000C0000000CF
:106054008C0000006B000000DB0F49BFE4CB16404E
:10606400E4CB16C000000080DB0F4940DB0F49C0C1
:106074003863ED3EDA0F493F5E987B3FDA0FC93F44
:106084006937AC3168212233B40F14336821A23349
:106094000000C93F0000F0390000DA370000A233E5
:1060A4000000842E0000502B0000C2270000D022E4
:1060B4000000C41F0000C61B0000441704000000B9
:1060C40007000000090000000020202020202020DC
:1060D4002020282828282820202020202020202094
:1060E40020202020202020202088101010101010A4
:1060F40010101010101010101004040404040404F0
:106104000404041010101010101041414141414189
:10611400010101010101010101010101010101016B
:10612400010101011010101010104242424242427B
:10613400020202020202020202020202020202023B
:1061440002020202101010102000000000000000E3
:10615400000000000000000000000000000000003B
:10616400000000000000000000000000000000002B
:10617400000000000000000000000000000000001B
:10618400000000000000000000000000000000000B
:1061940000000000000000000000000000000000FB
:1061A40000000000000000000000000000000000EB
:1061B40000000000000000000000000000000000DB
:1061C4000000000000000000005245454E54206DC0
:1061D400616C6C6F632073756363656564656400EB
:1061E4002F646174612F6A656E6B696E732F776FAC
:1061F400726B73706163652F474E552D746F6F6CAE
:10620400636861696E2F61726D2D31312F73726312
:106214002F6E65776C69622D63796777696E2F6E6F
:1062240065776C69622F6C6962632F74696D652F81
:10623400676D74696D652E63002C2066756E6374DA
:10624400696F6E3A2000617373657274696F6E20B2
:1062540022257322206661696C65643A2066696C44
:106264006520222573222C206C696E652025642507
:106274007325730A00232D302B2000686C4C0065B5
:10628400666745464700303132333435363738395E
:106294004142434445460030313233343536373891
:0862A400396162636465660064
:0862AC0078C1FF7F0100000032
:0862B4008911000811D800084F
:0462BC006111000864
:1062C0009D280108023B0108BA3001089F280108F7
:1062D000232F0108A228010818300108923A01086A
:1062E0009D2801083D3A01083C3301080C3000208C
:1062F000010000007C3301088F0300200100000032
:106300008333010868060020050000008D33010872
:106310008A040020010000005C3601088904002086
:10632000010000009D3301088B04002001000000E3
:10633000A5330108BA03002001000000AE330108B4
:10634000BB03002001000000B7330108BC0300209C
:1063500001000000C4330108BD030020010000005B
:10636000D1330108BE03002001000000DD33010825
:10637000BF03002001000000E8330108C003002033
:1063800001000000F4330108C203002001000000F6
:1063900000340108C5030020010000001134010889
:1063A000C60300200100000022340108C3030020BE
:1063B0000100000031340108CA0300200100000080
:1063C0003B34010896030020010000004534010819
:1063D00097030020010000004E34010898030020BC
:1063E000010000005B340108990300200100000057
:1063F000673401089B03002001000000733401088A
:10640000A403002001000000843401089C03002044
:1064100001000000903401089D03002001000000ED
:106420009C340108A503002001000000AC340108E1
:106430009E03002001000000BD340108A0030020DD
:1064400001000000CE3401089A0300200100000082
:10645000DF340108A203002001000000EE3401082F
:10646000A303002001000000FB340108AA03002060
:10647000020000000A350108AB0300200200000002
:1064800014350108AC030020020000001E3501088D
:10649000AD0300200200000028350108AE030020F3
:1064A0000200000032350108AF03002002000000A6
:1064B0003C350108B0030020020000004635010809
:1064C000B10300200200000050350108B203002093
:1064D000020000005A350108B3030020020000004A
:1064E00064350108B4030020020000006F35010884
:1064F000B5030020020000007A350108B603002031
:106500000100000085350108B703002001000000EC
:1065100090350108B8030020010000009B350108F8
:10652000B903002001000000A6350108FF000000AB
:106530007D2A00087F2A0008AC320108DC320108FD
:106540000C33010800093D000100000010000000AC
:106550000000803F6042A20D000000000300000028
:10656000904300200000000090430020F8430020EA
:106570006044002000000000000000000000000057
:10658000000000000000000000000000000000000B
:1065900000000000000000000000000000000000FB
:1065A00000000000000000000000000000000000EB
:0465B000A402002021
:040000050800E549C1
:00000001FF
