:020000040800F2
:100000000000012095EE0008CBED0008CDED0008C2
:10001000CFED0008D1ED0008D3ED0008000000008E
:10002000000000000000000000000000D5ED000806
:10003000D7ED000800000000D9ED0008DBED000856
:10004000E5EE0008E5EE0008E5EE0008E5EE000844
:10005000E5EE0008E5EE0008E5EE0008E5EE000834
:10006000E5EE0008E5EE0008E5EE0008E5EE000824
:10007000E5EE0008E5EE0008E5EE0008E5EE000814
:10008000E5EE0008E5EE0008E5EE0008E5EE000804
:1000900000000000E5EE0008E5EE0008E5EE0008CF
:1000A000E5EE0008E5EE0008E5EE0008E5EE0008E4
:1000B000093E0008153B0008E5EE0008E5EE0008E3
:1000C000E5EE0008E5EE0008E5EE0008E5EE0008C4
:1000D000213800084D6F0008E5EE0008E5EE000845
:1000E000E5EE000851C80008E5EE0008E5EE00085E
:1000F000E5EE00080000000000000000E5EE00084A
:10010000E5EE0008E5EE0008E5C70008E5EE0008AA
:10011000E5EE0008E5EE0008E5EE0008E5EE000873
:10012000E5EE0008E5EE0008E5EE0008E5EE000863
:08013000E5EE0008E5EE000811
:1001400010F8012B11F8013B012A28BF9A42F7D081
:10015000D01A7047034613F8012B002AFBD1181A56
:10016000013870470000000000000000000000009F
:1001700001F0FF01102A2BDB10F0070F08D010F858
:10018000013B013A8B422DD010F0070F42B3F6D15C
:10019000F0B441EA012141EA014122F007047FF075
:1001A00000070023F0E80256083C85EA010586EACC
:1001B000010685FA47F5A3FA87F586FA47F6A5FA08
:1001C00087F68EB9EED1F0BC01F0FF0102F0070214
:1001D00032B110F8013B013A83EA010313B1F8D1BF
:1001E0000020704701387047002D06BF35460338A0
:1001F000073815F0010F07D1013015F4807F02BFD9
:10020000013015F4C03F0130F0BC0138704700BF29
:1002100081F0004102E000BF83F0004330B54FEAB7
:1002200041044FEA430594EA050F08BF90EA020F24
:100230001FBF54EA000C55EA020C7FEA645C7FEAB7
:10024000655C00F0E2804FEA5454D4EB5555B8BFDA
:100250006D420CDD2C4480EA020281EA030382EA4B
:10026000000083EA010180EA020281EA0303362DDD
:1002700088BF30BD11F0004F4FEA01314FF4801CB0
:100280004CEA113102D0404261EB410113F0004FC2
:100290004FEA03334CEA133302D0524263EB430379
:1002A00094EA050F00F0A780A4F10104D5F1200E17
:1002B0000DDB02FA0EFC22FA05F2801841F1000172
:1002C00003FA0EF2801843FA05F359410EE0A5F146
:1002D00020050EF1200E012A03FA0EFC28BF4CF077
:1002E000020C43FA05F3C01851EBE37101F000452D
:1002F00007D54FF0000EDCF1000C7EEB00006EEB3A
:100300000101B1F5801F1BD3B1F5001F0CD34908C3
:100310005FEA30004FEA3C0C04F101044FEA44521A
:1003200012F5800F80F09A80BCF1004F08BF5FEAA1
:10033000500C50F1000041EB045141EA050130BD81
:100340005FEA4C0C404141EB0101013C28BFB1F593
:10035000801FE9D291F0000F04BF01460020B1FADE
:1003600081F308BF2033A3F10B03B3F120020CDAB1
:100370000C3208DD02F1140CC2F10C0201FA0CF08F
:1003800021FA02F10CE002F11402D8BFC2F1200CF4
:1003900001FA02F120FA0CFCDCBF41EA0C019040AA
:1003A000E41AA2BF01EB0451294330BD6FEA0404F3
:1003B0001F3C1CDA0C340EDC04F11404C4F12002DE
:1003C00020FA04F001FA02F340EA030021FA04F3F0
:1003D00045EA030130BDC4F10C04C4F1200220FA47
:1003E00002F001FA04F340EA0300294630BD21FA85
:1003F00004F0294630BD94F0000F83F4801306BF4B
:1004000081F480110134013D4EE77FEA645C18BF3E
:100410007FEA655C29D094EA050F08BF90EA020FD5
:1004200005D054EA000C04BF1946104630BD91EACD
:10043000030F1EBF0021002030BD5FEA545C05D1D0
:100440004000494128BF41F0004130BD14F580040F
:100450003CBF01F5801130BD01F0004545F0FE4183
:1004600041F470014FF0000030BD7FEA645C1ABFB8
:10047000194610467FEA655C1CBF0B46024650EAEF
:10048000013406BF52EA033591EA030F41F400211B
:1004900030BD00BF90F0000F04BF0021704730B5A1
:1004A0004FF4806404F132044FF000054FF0000176
:1004B00050E700BF90F0000F04BF0021704730B537
:1004C0004FF4806404F1320410F0004548BF40420C
:1004D0004FF000013EE700BF42004FEAE2014FEA61
:1004E00031014FEA02701FBF12F07F4393F07F4F3C
:1004F00081F06051704732F07F4208BF704793F03F
:100500007F4F04BF41F40021704730B54FF4607451
:1005100001F0004521F000411CE700BF50EA010254
:1005200008BF704730B54FF000050AE050EA0102FD
:1005300008BF704730B511F0004502D5404261EB6D
:1005400041014FF4806404F132045FEA915C3FF4AE
:10055000D8AE4FF003025FEADC0C18BF03325FEA4B
:10056000DC0C18BF033202EBDC02C2F1200300FAFC
:1005700003FC20FA02F001FA03FE40EA0E0021FA21
:1005800002F11444BDE600BF70B54FF0FF0C4CF40F
:10059000E06C1CEA11541DBF1CEA135594EA0C0FC1
:1005A00095EA0C0F00F0DEF82C4481EA030621EAFC
:1005B0004C5123EA4C5350EA013518BF52EA033537
:1005C00041F4801143F4801338D0A0FB02CE4FF0E9
:1005D0000005E1FB02E506F00042E0FB03E54FF019
:1005E0000006E1FB03569CF0000F18BF4EF0010E11
:1005F000A4F1FF04B6F5007F64F5407404D25FEA0D
:100600004E0E6D4146EB060642EAC62141EA5551BF
:100610004FEAC52040EA5E504FEACE2EB4F1FD0C01
:1006200088BFBCF5E06F1ED8BEF1004F08BF5FEA7F
:10063000500E50F1000041EB045170BD06F0004631
:1006400046EA010140EA020081EA0301B4EB5C04DE
:10065000C2BFD4EB0C0541EA045170BD41F48011D6
:100660004FF0000E013C00F3AB8014F1360FDEBFFB
:10067000002001F0004170BDC4F10004203C35DAD7
:100680000C341BDC04F11404C4F1200500FA05F35A
:1006900020FA04F001FA05F240EA020001F00042FB
:1006A00021F0004110EBD37021FA04F642EB060171
:1006B0005EEA430E08BF20EAD37070BDC4F10C049B
:1006C000C4F1200500FA04F320FA05F001FA04F25F
:1006D00040EA020001F0004110EBD37041F100014B
:1006E0005EEA430E08BF20EAD37070BDC4F1200556
:1006F00000FA05F24EEA020E20FA04F301FA05F2BE
:1007000043EA020321FA04F001F0004121FA04F265
:1007100020EA020000EBD3705EEA430E08BF20EA35
:10072000D37070BD94F0000F0FD101F0004640006F
:1007300041EB010111F4801F08BF013CF7D041EAF1
:10074000060195F0000F18BF704703F000465200F5
:1007500043EB030313F4801F08BF013DF7D043EAC6
:100760000603704794EA0C0F0CEA135518BF95EA7C
:100770000C0F0CD050EA410618BF52EA4306D1D103
:1007800081EA030101F000414FF0000070BD50EA22
:10079000410606BF1046194652EA430619D094EAAC
:1007A0000C0F02D150EA013613D195EA0C0F05D196
:1007B00052EA03361CBF104619460AD181EA0301EA
:1007C00001F0004141F0FE4141F470014FF00000A2
:1007D00070BD41F0FE4141F4780170BD70B54FF03D
:1007E000FF0C4CF4E06C1CEA11541DBF1CEA1355BD
:1007F00094EA0C0F95EA0C0F00F0A7F8A4EB05049F
:1008000081EA030E52EA03354FEA013100F0888095
:100810004FEA03334FF0805545EA131343EA12635E
:100820004FEA022245EA111545EA10654FEA002613
:100830000EF000419D4208BF964244F1FD0404F5CC
:10084000407402D25B084FEA3202B61A65EB030528
:100850005B084FEA32024FF480104FF4002CB6EBE5
:10086000020E75EB030E22BFB61A754640EA0C0065
:100870005B084FEA3202B6EB020E75EB030E22BFA5
:10088000B61A754640EA5C005B084FEA3202B6EBE6
:10089000020E75EB030E22BFB61A754640EA9C00A5
:1008A0005B084FEA3202B6EB020E75EB030E22BF75
:1008B000B61A754640EADC0055EA060E18D04FEA33
:1008C000051545EA16754FEA06164FEAC30343EAD3
:1008D00052734FEAC2025FEA1C1CC0D111F4801FA0
:1008E0000BD141EA00014FF000004FF0004CB6E799
:1008F00011F4801F04BF01430020B4F1FD0C88BF38
:10090000BCF5E06F3FF6AFAEB5EB030C04BFB6EB42
:10091000020C5FEA500C50F1000041EB045170BD35
:100920000EF0004E4EEA113114EB5C04C2BFD4EB62
:100930000C0541EA045170BD41F480114FF0000EE6
:10094000013C90E645EA060E8DE60CEA135594EA62
:100950000C0F08BF95EA0C0F3FF43BAF94EA0C0F65
:100960000AD150EA01347FF434AF95EA0C0F7FF4DA
:1009700025AF104619462CE795EA0C0F06D152EA2E
:1009800003353FF4FDAE1046194622E750EA410612
:1009900018BF52EA43067FF4C5AE50EA41047FF423
:1009A0000DAF52EA43057FF4EBAE12E74A0011D2D5
:1009B00012F5001211D20DD56FF47873B3EB6252B9
:1009C0000ED44FEAC12343F0004343EA505323FAC5
:1009D00002F070474FF00000704750EA013002D13A
:1009E0004FF0FF3070474FF00000704780F000403C
:1009F00002E000BF81F0004142001FBF5FEA4103F7
:100A000092EA030F7FEA226C7FEA236C6AD04FEAF6
:100A10001262D2EB1363C1BFD2184140484041403B
:100A2000B8BF5B42192B88BF704710F0004F40F4ED
:100A3000000020F07F4018BF404211F0004F41F409
:100A4000000121F07F4118BF494292EA030F3FD0D5
:100A5000A2F1010241FA03FC10EB0C00C3F12003E8
:100A600001FA03F100F0004302D5494260EB400077
:100A7000B0F5000F13D3B0F1807F06D340084FEAE2
:100A8000310102F10102FE2A51D2B1F1004F40EBD7
:100A9000C25008BF20F0010040EA0300704749003F
:100AA00040EB0000013A28BFB0F5000FEDD2B0FADC
:100AB00080FCACF1080CB2EB0C0200FA0CF0AABFFF
:100AC00000EBC25052421843BCBFD040184370479D
:100AD00092F0000F81F4000106BF80F400000132A3
:100AE000013BB5E74FEA41037FEA226C18BF7FEA7A
:100AF000236C21D092EA030F04D092F0000F08BFBC
:100B00000846704790EA010F1CBF0020704712F0A2
:100B10007F4F04D1400028BF40F00040704712F1E1
:100B200000723CBF00F50000704700F0004343F046
:100B3000FE4040F4000070477FEA226216BF08467C
:100B40007FEA23630146420206BF5FEA412390EA3F
:100B5000010F40F4800070474FF0000304E000BF35
:100B600010F0004348BF40425FEA000C08BF7047E6
:100B700043F0964301464FF000001CE050EA0102AA
:100B800008BF70474FF000030AE000BF50EA0102BF
:100B900008BF704711F0004302D5404261EB4101AC
:100BA0005FEA010C02BF84460146002043F0B643D1
:100BB00008BFA3F18053A3F50003BCFA8CF2083AF6
:100BC000A3EBC25310DB01FA02FC634400FA02FCFF
:100BD000C2F12002BCF1004F20FA02F243EB020006
:100BE00008BF20F00100704702F1200201FA02FC68
:100BF000C2F1200250EA4C0021FA02F243EB02005B
:100C000008BF20EADC7070474FF0FF0C1CEAD0529E
:100C10001EBF1CEAD15392EA0C0F93EA0C0F6FD05F
:100C20001A4480EA010C400218BF5FEA41211ED03D
:100C30004FF0006343EA501043EA5111A0FB013129
:100C40000CF00040B1F5000F3EBF490041EAD371FE
:100C50005B0040EA010062F17F02FD2A1DD8B3F17A
:100C6000004F40EBC25008BF20F00100704790F0E9
:100C7000000F0CF0004C08BF49024CEA502040EA3B
:100C800051207F3AC2BFD2F1FF0340EAC250704701
:100C900040F400004FF00003013A5DDC12F1190F3F
:100CA000DCBF00F000407047C2F10002410021FAB1
:100CB00002F1C2F1200200FA02FC5FEA310040F1C9
:100CC000000053EA4C0308BF20EADC70704792F042
:100CD000000F00F0004C02BF400010F4000F013A7A
:100CE000F9D040EA0C0093F0000F01F0004C02BF75
:100CF000490011F4000F013BF9D041EA0C018FE7E4
:100D00000CEAD15392EA0C0F18BF93EA0C0F0AD0E9
:100D100030F0004C18BF31F0004CD8D180EA01000F
:100D200000F00040704790F0000F17BF90F0004FA8
:100D3000084691F0000F91F0004F14D092EA0C0F8A
:100D400001D142020FD193EA0C0F03D14B0218BF1D
:100D5000084608D180EA010000F0004040F0FE4063
:100D600040F40000704740F0FE4040F440007047FF
:100D70004FF0FF0C1CEAD0521EBF1CEAD15392EA7E
:100D80000C0F93EA0C0F69D0A2EB030280EA010C6E
:100D900049024FEA402037D04FF0805343EA111107
:100DA00043EA10130CF000408B4238BF5B0042F165
:100DB0007D024FF4000C8B4224BF5B1A40EA0C000A
:100DC000B3EB510F24BFA3EB510340EA5C00B3EB3C
:100DD000910F24BFA3EB910340EA9C00B3EBD10F2A
:100DE00024BFA3EBD10340EADC001B0118BF5FEA7C
:100DF0001C1CE0D1FD2A3FF650AF8B4240EBC250A5
:100E000008BF20F0010070470CF0004C4CEA502065
:100E10007F32C2BFD2F1FF0340EAC250704740F4B4
:100E200000004FF00003013A37E792F0000F00F0A6
:100E3000004C02BF400010F4000F013AF9D040EA24
:100E40000C0093F0000F01F0004C02BF490011F4B8
:100E5000000F013BF9D041EA0C0195E70CEAD153B0
:100E600092EA0C0F08D142027FF47DAF93EA0C0F97
:100E70007FF470AF084676E793EA0C0F04D14B027B
:100E80003FF44CAF08466EE730F0004C18BF31F02D
:100E9000004CCAD130F000427FF45CAF31F0004327
:100EA0007FF43CAF5FE700BF4FF0FF3C06E000BFC0
:100EB0004FF0010C02E000BF4FF0010C4DF804CDE3
:100EC0004FEA40024FEA41037FEA226C18BF7FEAF3
:100ED000236C11D001B052EA530C18BF90EA010FF5
:100EE00058BFB2EB030088BFC81738BF6FEAE17084
:100EF00018BF40F0010070477FEA226C02D15FEA20
:100F0000402C05D17FEA236CE4D15FEA412CE1D08B
:100F10005DF8040B704700BF844608466146FFE752
:100F20000FB5FFF7C9FF002848BF10F1000F0FBD34
:100F30004DF808EDFFF7F4FF0CBF012000205DF82D
:100F400008FB00BF4DF808EDFFF7EAFF34BF0120B2
:100F500000205DF808FB00BF4DF808EDFFF7E0FF4B
:100F600094BF012000205DF808FB00BF4DF808ED9C
:100F7000FFF7D2FF94BF012000205DF808FB00BFFF
:100F80004DF808EDFFF7C8FF34BF012000205DF8E1
:100F900008FB00BF4FEA40024FEA41037FEA226CA0
:100FA00002D15FEA402C08D17FEA236C02D15FEACC
:100FB000412C02D14FF0000070474FF00100704704
:100FC0004FEA4002B2F1FE4F0FD34FF09E03B3EB56
:100FD00012620DD94FEA002343F0004310F0004F96
:100FE00023FA02F018BF404270474FF000007047EC
:100FF00012F1610F01D1420205D110F0004008BF8B
:101000006FF0004070474FF00000704742000ED272
:10101000B2F1FE4F0BD34FF09E03B3EB126209D433
:101020004FEA002343F0004323FA02F070474FF0E9
:101030000000704712F1610F01D1420202D14FF05E
:10104000FF3070474FF00000704700BF7BB972B9A6
:101050000029BEBF00204FF0004106E008BF002875
:101060001CBF6FF000414FF0FF3000F057B8ADF1FA
:10107000080C6DE904CE002909DB002B1ADB11F006
:1010800077FEDDF804E0DDE9022304B0704740425A
:1010900061EB4101002B1BDB11F06AFEDDF804E07F
:1010A000DDE9022304B0404261EB4101524263EBAF
:1010B00043037047524263EB430311F059FEDDF8DE
:1010C00004E0DDE9022304B0404261EB41017047D6
:1010D000524263EB430311F04BFEDDF804E0DDE91F
:1010E000022304B0524263EB4303704753B94AB939
:1010F000002908BF00281CBF4FF0FF314FF0FF3020
:1011000000F00CB8ADF1080C6DE904CE11F030FE22
:10111000DDF804E0DDE9022304B07047704700BF4A
:101120000348044B834202D0034B03B11847704776
:10113000F4020020F4020020000000000548064BE5
:101140001B1AD90F01EBA301491002D0034B03B1C5
:1011500018477047F4020020F4020020000000004D
:1011600010B5064C237843B9FFF7DAFF044B13B1EF
:101170000448AFF300800123237010BDF802002063
:10118000000000003830010808B5054B1BB10549C7
:101190000548AFF30080BDE80840FFF7CFBF00BFB0
:1011A00000000000FC0200203830010800224270DC
:1011B00082700122C270B1FA81F1022249090271E2
:1011C000032201704271704743788B421FD001297E
:1011D00041700AD0022910D0C1B90123C3708170B7
:1011E00002230371032343717047037843B1012342
:1011F00083700223C3700023F3E70378002BF6D03B
:10120000022383700023C3700123EAE7FEE77047DF
:1012100082B00B88ADF800304B88ADF802308B8877
:10122000ADF80430CB88ADF806300239431C0530E8
:1012300013F8012F0DF1080C0CEB4202834232F837
:10124000082C21F8022FF3D102B0704710B50C46DC
:101250001146FFF7B9FF2146BDE81040FFF7D8BFA0
:101260000B4B10B54FF07F32C0E923234FF47F437F
:10127000A0F89430FF23044680F89630983000F0B0
:10128000B9FC002384F8A43084F8A83010BD00BF56
:10129000FFFF7F0070B51146154604461E4600F05C
:1012A000CFFC294604F1140000F0CAFC294604F1E1
:1012B000280000F0C5FC294604F13C0000F0C0FC09
:1012C000294604F1500000F0BBFC294604F16400FB
:1012D00000F0B6FC294604F1780000F0B1FC4FF4B0
:1012E000FA7332464FF4FA6104F1980000F068FC9A
:1012F0002046FFF7B5FF002384F8A5304FF47F4365
:10130000A4F8A63070BD022380F8A830704770475B
:1013100000F09DBC143000F09ABC08B5503000F0CD
:10132000A0FC292100F114030246B3FBF1F313F0F2
:10133000FF0002D1101E18BF012008BD08B564309F
:1013400000F08FFC292100F114030246B3FBF1F3F6
:1013500013F0FF0002D1101E18BF012008BD90F845
:10136000903013B990F98C00704790F98D00704758
:1013700090F8903013B990F98E00704790F98F0073
:10138000704710B504460BF08FFB50B194F8A830AD
:1013900043B904F13C0000F05EFC012838BF012095
:1013A000C0B210BD6420FCE790F8A83013B990F8E3
:1013B0009300704764207047783000F054BC783058
:1013C00000F059BC10B5044600F01BFC04F11400F9
:1013D00000F017FC04F1280000F013FC04F13C00BD
:1013E00000F00FFC04F1500000F017FC04F1640061
:1013F00000F013FC04F1780000F015FC94F8A8301C
:1014000013B1013B84F8A83010BD7F2807D0002815
:1014100007DA10F1800F06D04042C0B270470020BA
:101420007047012070477F20704710B1404240B2A2
:1014300070477F2070477F280FD010F1310F0EDAF0
:1014400010F1780F0DDB7830FE2340B25843233083
:101450004623B0FBF3F0C0B27047FF207047FE2078
:10146000704700207047012805DD40F2FE73984266
:1014700003DC80B270470120704740F2FF70704774
:10148000A0F57870C0EBC02040F2AE7390FBF3F093
:1014900000F58060FFF7E7BFFFF7F2BF032812DD1A
:1014A0000C2812DD0F2812DD122812DD162812DD9D
:1014B000192812DD1C2812DD1F2812DD2128CCBFBF
:1014C000FF2006207047002070470120704702204F
:1014D000704708207047032070470720704704209A
:1014E000704705207047000005289ABF014B185C23
:1014F000FF207047B430010805289ABF014B185CE3
:10150000FF207047BA3001087F2803D0002803DA93
:10151000C0B2704700207047FF2070477F2811D06D
:1015200010F1320F10DA884210DD401A6423C1F145
:10153000FF21584301F57F01CE31313090FBF1F0AE
:10154000C0B27047FF20704764207047002070478A
:10155000014B4840185C7047C030010852B110B4CC
:10156000054C0A4411F8013B58408A42205CF9D1ED
:1015700010BC7047704700BFC0300108392808D838
:1015800022280ED9094B2338C0B2C34003F0010012
:1015900070475F2807D0613819288CBF00200120D0
:1015A0007047002070470120704700BF01EC7F00AA
:1015B000F8B50246451E461D00245F2715F8010FA9
:1015C000FF2804BF0134E4B2FFF7D8FF00B92F7041
:1015D000AE42F3D1062C04D119B10B6813608B888D
:1015E000938000239371F8BD2DE9F843DFF8349020
:1015F000471E441D012500264FF0280817F8011F3B
:10160000084810F0A0FA034610B1A0EB0903DBB2C2
:10161000A3FB05329E19A742A5FB0853EED1304625
:10162000BDE8F883C031010810B54179A1F130005F
:10163000C3B2092B07D80523B0FBF3F303EB8303F5
:10164000C01AC0B210BD044C204610F07CFA00282D
:10165000F1D0001BC0B2EEE7C0310108F0B5094B74
:10166000094F821D2826B1FBF3F4272C94BF3D5D62
:10167000302502F8015D824203FB1411B3FBF6F33F
:10168000F1D1F0BD00801A06C031010870B50446E2
:10169000FEF760FD02B20023551E18B2A84204FAFC
:1016A00083F104DA265C302E03F10103F5D0121A1F
:1016B00001322046BDE8704010F064BC2DE9F047CF
:1016C000432B28BF432396B00C46154600211A46EB
:1016D0009846074610F070FC0021412205A80491AD
:1016E00010F06AFCDFF87C90DFF87CA004EB450585
:1016F000AC4210D104A8FEF72DFD28B100F158032B
:101700006B44002203F8492C04A9384610F004FA6F
:1017100016B0BDE8F08734F9020B47F6FF73984224
:10172000E8D0002812DC5146684610F0F5F904A80C
:10173000FEF710FD06466846FEF70CFD0644B04570
:10174000D6D3694604A810F0EFF9D1E7694680B214
:101750000CF0ADFE6846FFF799FF4946684610F069
:10176000E3F9E4E7AD300108A8300108F0B589B02D
:101770006D4600242F468E1CE1B28A4204D83946B9
:10178000FFF79CFF09B0F0BD36F8241025F8021BC6
:101790000134F1E742F210736421B0FBF3F203FB72
:1017A0001200B0FBF1F301FB130000EB023000EB81
:1017B000831080B27047020B00F03F0342F21071B9
:1017C00001FB0233C0F38510642202FB0030704736
:1017D0002DE9F04142F2107388B0B1FBF3F603FB40
:1017E00016141F49DFF87C80054610F095F969460C
:1017F000F0B20CF039FE6846FFF748FF694628460C
:1018000010F092F94146284610F08EF96427694697
:10181000B4FBF7F6F0B20CF027FE6846FFF736FF90
:101820006946284610F080F907FB164441462846D1
:1018300010F07AF96946E0B20CF016FE9DF801301E
:101840008DF800309DF802308DF801306946002394
:1018500028468DF8023010F067F908B0BDE8F08135
:10186000E5430108B230010870B50E460021054677
:10187000144610F0A1FB00239AB2944200D870BD28
:10188000F25C002AFBD0EA540133F5E770B50E464E
:10189000144600210132054610F08EFB00239AB257
:1018A000944200D870BDF25C002AFBD0EA540133A8
:1018B000F5E730B50023044698B2904201D30120E9
:1018C00005E0E55CC85C1DB9B0FA80F0400930BDA8
:1018D0000028FCD0854203F10103EDD00020F6E79B
:1018E000914206D19DF900008342CCBF0020012027
:1018F0007047022909D0022A05D0012905D0531EBC
:1019000058425841704701207047002070477D239E
:10191000438043F2390309B2C36000230180818010
:10192000C380037270470000C2680449044B01FB86
:10193000023323F00043C360980F7047FD43030058
:10194000C39E260010B50129044680791AD80428C0
:1019500001D80130A071012AE07917D8042801D8F4
:101960000130E07191424AD8914245D3012930D1EA
:10197000012A2ED1A279E3799A4228D322D96FF095
:101980007C0310E00028E6D00138E3E708B1013815
:10199000E0710229E6D1022AE6D19DF9082093429E
:1019A0000BDDB4F9003062881A4412B27C2A28DDBB
:1019B0007D2262800022227227E01BDA23885B42AC
:1019C0001BB2F0E72046FFF7AFFF0028D7D07D23FA
:1019D000E9E7B4F90400B4F900302288B4F9021040
:1019E000002804DB7C29DEDD524213B2DBE77C31C8
:1019F000D9DBF9E70023D6E76FF04A03D3E74B239F
:101A0000D1E712F17C0F02DB6280A38010BD4FF69C
:101A1000837262800122CEE702680449044B01FB15
:101A2000023323F000430360180C7047FD430300AA
:101A3000C39E2600F0B5002597B00160858004465E
:101A400056222946684610F0B7FA0126627CAA425F
:101A500009D80023802104F1B400237417B0BDE835
:101A6000F04010F0A9BA2046FFF7D6FFE7797B1BBC
:101A7000002190FBF3F202FB1300C0B2EC460A46D1
:101A8000CBB29F421DD80023227B9A42DED0A2799E
:101A9000033A012A04EB050105D925B191F911207A
:101AA000D2B9012BD2D98B74A26852F823105833C3
:101AB00004EB85026B440135516303F8586CEDB2B9
:101AC000C4E71CF801EBBEF1000F03D18242DBD06A
:101AD0000132D2B20131D3E7501E8342E3DB01323F
:101AE0009342E0DCB2E72DE9F047154696B0013DA0
:101AF0000160027104464371EDB25622002168462E
:101B000010F05AFA0027022D84BF4FF0010900257A
:101B10003E464FF0010A94F807809CBF4FF003093E
:101B2000B8FBF9F8627CB24209D80023802104F1A5
:101B3000B400237416B0BDE8F04710F03DBA20465B
:101B4000FFF76AFFA8EB0603002190FBF3F202FB0C
:101B50001300C0B2EC460A46CBB2984506D91CF831
:101B600001EBBEF1000F22D182421ED1434528BFB6
:101B70004346227B03FB095101F0FF018A42D1D089
:101B800016B1B7B9012BCDD9A2191F469174A2681D
:101B900052F8211004EB86020136516303F158021A
:101BA0006A44F6B202F858ACBCE70132D2B2013155
:101BB000D2E77A1E9342E7DB7A1C9342E4DCB1E77A
:101BC0002DE9F041044610461D4616468846FEF7AC
:101BD000C3FF074606EB0800FEF7BEFF0146384686
:101BE000FFF7C6F8656020602846FEF7B9FFA060E1
:101BF000BDE8F08110B504464068FEF7B1FFA06073
:101C000010BDD0E901236421D31AC36082604B4325
:101C1000418AB3FBF1F303747047D0E90123D31A6F
:101C2000C0E90223704743682BB1C26864214A436C
:101C3000B2FBF3F2D3B203740023C3604360704776
:101C40000023C0E902334182436003747047436854
:101C5000013343607047007C704743680B44436026
:101C60007047C068704711B1C3680133C3604368EF
:101C7000013343607047007C70470000072800D99B
:101C8000FEE7014B185C70471832010800230380FF
:101C9000837080F8293070470346007810B1002225
:101CA0001A707047587810B100225A7070479878AF
:101CB00010B100229A70704793F8290010B10022E9
:101CC00083F8292070470170704701707047817058
:101CD00070478170426070474068704708307047B5
:101CE00010B50229044680EAE070A0EBE47068D1E8
:101CF0005AB9002CACBF7F233F239842A8BF184697
:101D0000002C01DA40F0400010BD012A1AD16328EE
:101D100005DC4000002CF7DA40F48070F4E740F274
:101D2000F54398420CDCFEF717FF5749FEF76CFFAE
:101D30000EF0F0FBFFF76AF9400040F00100E9E720
:101D4000FF20E7E7022A40F09C80632805DC800042
:101D5000002CD9DA40F40070D6E7B0F57A7F0CDABF
:101D6000FEF7FAFE4849FEF74FFF0EF0D3FBFFF7F0
:101D70004DF9800040F00100EAE742F20F7398420B
:101D80000CD8FEF7E9FE4149FEF73EFF0EF0C2FB1C
:101D9000FFF73CF9800040F00200D9E73C4B984245
:101DA0000CD8FEF7D9FE3B49FEF72EFF0EF0B2FB32
:101DB000FFF72CF9800040F00300C9E740F2FF1064
:101DC000C6E703295DD1012A1BD1B0F57A7F05DA78
:101DD0004000002C98DA40F4006095E7B0F5205FF1
:101DE0000CDAFEF7B9FE2849FEF70EFF0EF092FB63
:101DF000FFF70CF9400040F00100EAE740F2FF7005
:101E0000E7E7022A3DD1B0F57A7F06DA8000002CA0
:101E1000BFF67AAF40F4805076E742F20F739842F3
:101E20000CDCFEF799FE1849FEF7EEFE0EF072FB91
:101E3000FFF7ECF8800040F00100E8E7164B98420D
:101E40000CD8FEF789FE1149FEF7DEFE0EF062FBAC
:101E5000FFF7DCF8800040F00200D8E7B0F57A2FF9
:101E60000CD2FEF779FE0B49FEF7CEFE0EF052FBC8
:101E7000FFF7CCF8800040F00300C8E740F6FF70A1
:101E8000C5E7002040E700BFCDCCCC3D0AD7233CBE
:101E900017F001006F12833A9F8601000023436010
:101EA000038170470A2310B50446838001F070FF58
:101EB0002368E0809B6820469847208110BD0389F5
:101EC00070B504469BB1858845B1013DADB28580B2
:101ED0006DB903681B68BDE87040184701F058FFF2
:101EE000E388C01A238980B2834201D2258170BD64
:101EF000236820465B68EEE700230360704700001C
:101F000038B5084B09291B7828BF09218B420446A4
:101F10000D4602D10023036038BD01F02DFF25716D
:101F20002060F9E714030020036810B504460BB9DC
:101F3000002010BD01F020FF2368C01A40F2EE23FC
:101F40009842F5D90023054A2360127823799A42F2
:101F5000EED0034A0120D377EBE700BF1403002043
:101F600070030020FF2343710023017183710381FB
:101F70008372704738B5037904460D465BB14179E9
:101F8000A94208D041B101290AD00023A37165718B
:101F900055B1012D0FD038BD03689B689847F4E711
:101FA00003680021DB68F9E723689B68012120466C
:101FB0009847A071EFE723682946DB68F7E72DE92A
:101FC000F04F077CC37B857CC67C90F815E090F8C9
:101FD000208090F80EC0BF000C4647EA931703F02C
:101FE0003F01437C03F0010247EA822705F00F021C
:101FF000D20142EA530206F07F031B0143EA1513A4
:10200000057D89B06D0045EAD6150EF003060593EF
:1020100045EA4623867D009306F01F05AD0145EA9B
:102020009E03C57D90F819E00193ED0045EA561333
:10203000057E02930EF0070645EA0623857E03938C
:1020400005F03F06760146EADE03C67E90F81CE006
:102050000493B60046EA95160EF0010546EA852679
:10206000457F069205F00F0B4FEACB1B4BEA5E0B48
:1020700090F81EE00EF07F0A4FEA0A1A4AEA151A93
:10208000C57F6D0045EADE1508F0030E45EA4E25D2
:1020900090F821E00EF01F094FEA891949EA9809E2
:1020A000490190F82280407B41EADC010CF0070CEA
:1020B00040EA0C204FEAC80848EA5E180791FFF78B
:1020C000DFF9079920800846FFF7DAF96080384683
:1020D000FFF7D6F9069AA0801046FFF7D1F9059BC5
:1020E000E0801846FFF7CCF920810098FFF7C8F987
:1020F00060810198FFF7C4F9A0810298FFF7C0F949
:10210000E0810398FFF7BCF920820498FFF7B8F943
:1021100060823046FFF7B4F9A0825846FFF7B0F965
:10212000E0825046FFF7ACF920832846FFF7A8F974
:1021300060834846FFF7A4F9A0834046FFF7A0F963
:102140004FF48063E0832384638409B0BDE8F08F9B
:102150002DE9F04104460F4601F01AFE4FF0010848
:102160000546236820461B689847064650B9A37A5F
:10217000012B1FD12389ED1A40F6C4139D42C8BF1D
:10218000A07217E0236820465B689847A37AA3B93A
:102190000F2814D1A4F80A80E37AE2180133DBB2E5
:1021A000182B1073E3720AD939462046FFF707FF50
:1021B0000023A3723046BDE8F081012BECD02581CD
:1021C000CFE7827922B14379012B01D8FFF7C0BF55
:1021D0000020704770477047704700207047704775
:1021E0000020704700207047704700207047002093
:1021F000704770474FF0B04382B0DA6C0243DA6444
:10220000DB6C03400193019B02B070474FF0B04379
:1022100082B09A6D02439A659B6D03400193019BC6
:1022200002B070474FF0B04382B01A6E02431A6694
:102230001B6E03400193019B02B0704750E8003FC2
:1022400043F0800340E80032002AF7D1704750E89D
:10225000003F23F0200340E80032002AF7D1704706
:1022600050E8003F23F0400340E80032002AF7D155
:10227000704750E8003F23F0800340E80032002A16
:10228000F7D170470288044B5140C9B233F811307E
:1022900083EA122303807047D06101089AB110B419
:1022A000B0F800C0084C0A4411F8013B83EA0C0363
:1022B000DBB2914234F8133083EA1C2CA0F800C042
:1022C000F2D110BC70477047D061010837B54FF6A6
:1022D000FF730446ADF806304518AC4203D1BDF893
:1022E000060003B030BD14F8011B0DF10600FFF726
:1022F000C9FFF2E71629A8BF16216FF00800814236
:10230000B8BF01461170197070471629A8BF162171
:102310006FF008008142B8BF014611701970704714
:10232000044B1888044B1B8880B29BB2C01A18BF9C
:10233000012070473A42002038420020044A00231E
:102340001380044A1380044A1380044A13807047A0
:10235000384200203A4200203C4400203E44002005
:10236000002070470649074A0B8812880133C3F3DF
:10237000080392B29A421EBF034AD0540B807047A2
:102380003238002030380020303600200023A0F8FA
:102390007032A0F86E3270470023A0F85C32A0F8CB
:1023A0005A327047044B1888044B1B8880B29BB28A
:1023B000C01A18BF01207047323800203038002082
:1023C0000278024B51405B5C03707047A84D0108D6
:1023D000FF230370704700BF7047B0F86E32B0F84B
:1023E00070229B1A98B21B0444BF00F5006080B2B3
:1023F000003818BF01207047A0F11400EDE7B0F8D5
:102400007022B0F86E12914203461FBF811801324C
:1024100091F87402B3F872121ABF0A40A3F870223E
:1024200000207047A0F11400E9E770B50B78037045
:102430004B7843700B78FD2B05460C4638D18B78D2
:102440008370CB78C3700B7903714B7943718B79AF
:1024500083718B68C3718B68C3F30F2303728B7A0C
:1024600043720A26627804F10C01A8190FF082FB6E
:102470006378B4F80C213344981CEA545A1CB4F81D
:102480000C1192B2090AA954A278D20780B20ED5D3
:1024900004F58872054404F58E7452F8041B45F85F
:1024A000041BA242F9D112782A700F3398B270BD82
:1024B00000238B700B7983704B79C3708B79037118
:1024C0008B6843710626CDE738B54A78352A0D4624
:1024D000044601F10C010AD80FF04CFB687800218A
:1024E000C0F136022044BDE838400FF065BD4035EC
:1024F00051F8043B40F8043BA942F9D10B88038012
:1025000038BD38B54A781B2A0C46054601F10C0146
:102510000AD80FF02FFB60780021C0F11C0228447C
:10252000BDE838400FF048BD283451F8043B45F869
:10253000043BA142F9D138BD38B54A78082A0D4686
:10254000044601F10C010AD80FF014FB6878002151
:10255000C0F109022044BDE838400FF02DBDEB6802
:1025600003604B6843600B7A037238BD38B54A7814
:10257000072A0C46054601F10C010AD80FF0FAFAB9
:1025800060780021C0F108022844BDE838400FF00F
:1025900013BDE36803604B68436038BD08B52C2267
:1025A000034800210FF008FD024B00221A7008BDFD
:1025B000D00E0020F40500202DE9F04113780370BF
:1025C00092F8018080F80180FD2B04460F461546E5
:1025D00054D193788370D378C3701379037153798E
:1025E0004371937983716B7A127A1B0403EB022394
:1025F000EA79134423F07F430A26A26863F31702A3
:10260000A260A919424604F10C000FF0B3FA7A7BDC
:10261000904507D208F10C00A2EB080200212044EB
:102620000FF0CAFC63781E44AB195A78AB5D03EB1C
:102630000223A4F80C31A378DB070ED5023615FA75
:1026400086F304F5887203F10C0153F8040B42F889
:10265000040B8B42F9D11B781370BB7A84F82131BB
:10266000FB7A84F822313B7B84F823317B7B84F82E
:1026700024313B7884F82031BDE8F0810023438089
:1026800093780371D3784371137983715379062654
:10269000B3E738B54A78132A0C46054601F10C0118
:1026A0000AD80FF067FA60780021C0F114022844BC
:1026B000BDE838400FF080BC203451F8043B45F8A9
:1026C000043BA142F9D138BD2DE9F04F0C465188A9
:1026D000B1F58C7F054685B04FF0000010D3107027
:1026E000D91CC9B2012995BF012100235180538013
:1026F0009CBF237011700020287005B0BDE8F08FDA
:1027000016780E2E00F2908001A757F826F000BF31
:10271000E12600084D2700087527000893270008C8
:102720002928000829280008292800082928000845
:102730002928000829280008292800082928000835
:102740002928000829280008A5270008481C5080CF
:1027500063542178FD299BB206D10C330A21D38022
:10276000918002231370C6E708330621D38091803D
:102770000E23F7E7481C50806354D80742BFD18826
:102780000D31D1800020012B8CBF03460323137031
:10279000B2E7481C508000208342635414BF0346B4
:1027A0000E23F4E7481C508063545388D1888B4231
:1027B00032D300235380137002232B706980237857
:1027C000FD2B37D163792B72A3796B72637A227AEE
:1027D0001B0403EB0223E27913446B60637803F17B
:1027E0000C026A80A278D10701D519336B800026CC
:1027F0006968DFF800816E8140F285120C20B31801
:1028000001335B0800FB03F758F80770B9421AD28E
:102810005A1EB242F3D818E092889A423FF66BAF44
:1028200001232B70002068E7107050809080D080CA
:102830002870F7E7E3782B7223796B7263796B600A
:1028400063780833D2E71E46E3D80C27774358F85D
:102850000730994227D123782046FD2B10F801BF7D
:102860000CBF4FF00A094FF0060909EB0B03591E84
:1028700089B247440193FFF729FD97F804A0ADF80A
:102880000E0051460DF10E00FFF7FCFC019BE21813
:10289000E35C527803EB0223BDF80E209BB29A4210
:1028A00009D0052000E003202870023801288CBFE1
:1028B0000020012021E7BB79DA0706D5FA79934594
:1028C00082BF04EB09018A5CAA729B0709D50C231D
:1028D00003FB068362781B7A9A4282BF4C44E35C16
:1028E000EB720C2303FB068385F80CA05B796B73FA
:1028F0000220DAE7A84E0108084B5B6A4FF040223D
:1029000002F5806353E8003F43F0200302F5806046
:1029100040E800310029F3D1704700BF0044004077
:102920000A4A0B4B12680B49A3FB02323220920C6D
:1029300000FB02F2084B486802F5FA72A3FB023270
:1029400092094B681B1A9A42FBD8704784020020F8
:1029500083DE1B43001000E0D34D621008B5FFF783
:10296000DFFF024B4FF480529A6108BD000400481B
:10297000024B4FF480529A62FFF7D2BF0004004826
:1029800030B587B0034601AC00F1100518685968EE
:10299000224603C20833AB421446F7D10024094D46
:1029A0008DF81440A96801A8FDF7CAFB10B920B240
:1029B00007B030BD0134302C05F10C05F2D14FF0D9
:1029C000FF30F5E72C00002002780A4B90F801C098
:1029D0008178D243D2B29A5C82EA0C0290F803C0AA
:1029E0009A5C4A40995C027981EA0C01595C4A4040
:1029F000985C7047A84D0108028810B58488531C64
:102A0000234044889C421EBF12189171038010BD60
:102A1000411A88B20B0444BF00F5007080B27047C1
:102A200070B5104C0025234626782EB166788E426C
:102A300002D1A67896420BD001350C2D04F1040486
:102A4000F2D1002413F824501DB101340C2CF9D11B
:102A500070BD012503F8245003EB8403D87059702E
:102A60009A70F5E7F90500202DE9F8430B460D793A
:102A70005A7A9E7ADF7A204B097A1B5CDB07044680
:102A800000D50DB9FFF7CCFF00231C491A48984622
:102A90004FF0010E9C4201F8018B25D02DB9027830
:102AA000920702D501F801EC1EE0154A4FF0000C28
:102AB00092F80090B9F1000F0FD092F80390994569
:102AC0000BD1002EEED092F80190B14505D1002F28
:102AD000E8D092F80290B945E4D00CF1010CBCF1B9
:102AE0000C0F02F10402E3D10133DBB2042B00F13D
:102AF0000100CFD1BDE8F88329060020F5050020AC
:102B0000F905002007B503688DF807101B6901223D
:102B10000DF10701984703B05DF804FBF0B50546D9
:102B2000FD2305F80C3B85B004468DF8043090F881
:102B3000243103F10C020244012B42D800266370B9
:102B400066808DF805308B7A23718DF808308B7A8A
:102B5000ADF8066001338B7263798DF80930A37983
:102B60008DF80A30A368C3F317031A128DF80B30DF
:102B700009211B140DF105008DF80D308DF80C2086
:102B8000FFF7A4FB6778ADF802003A4629460DF13D
:102B90000200FFF783FB94F82311FFF773FB94F80F
:102BA0002421BDF80230A4F80C31974210D207F16D
:102BB0000C00D21B3146204405B0BDE8F0400FF0B8
:102BC000FBB912F8010D0028B8D1013BDBB2B3E725
:102BD00005B0F0BD70477047044AD2F8903023F436
:102BE0000043C2F89030FFF79BBE00BF00040058BE
:102BF00008B5FFF795FE044AD2F8903043F400433D
:102C0000C2F8903008BD00BF00040058074B084AC6
:102C10005B6A02F5006353E8003F43F0200302F5CE
:102C2000006040E800310029F3D1704700380140CE
:102C30000030014070B5044608460D46FDF78AFA9B
:102C4000236882B2294620461B69BDE870401847B8
:102C500010B5484B5A6A037A044692B263B183892D
:102C6000D31A9BB2B3F5FA7F84BF00230372837A31
:102C70004F2B84BF00230372237AA281082B21D813
:102C8000DFE803F005202020202025323D00EE293A
:102C9000B4F8C00401D0C82915D10123A3720623BA
:102CA0006175237270B1012809D00BF08DFC0146CB
:102CB0003148FFF7BFFF31492F48FFF7BBFF002323
:102CC000A4F8C03410BD0130A4F8C004FAE73D29CF
:102CD0009FBFA37A5A1C1B19A2728FBF002359757C
:102CE000617207232372EDE7A27A531C2244DBB200
:102CF000A3725175627A9A42E4D20823F2E7A37A6A
:102D00005A1C2344A2725975E37D162B04D101236A
:102D100084F865300923E5E76369194A03F0FF2366
:102D2000934203D1012384F86730F3E7154A9342B5
:102D30001CD1A37E102B19D1E37E022B08D0052BCA
:102D40000DD0012BE6D1227EEE2A08BF84F86A302E
:102D5000237EEE2BDED1012384F86B30DAE70123EA
:102D600084F86830237F84F86930D3E7012384F83E
:102D70006630CFE7004401402800002020320108DF
:102D800000C8002800C8003208B5FFF753FF08BD8F
:102D9000B0F1904F02D10120FFF72CBA084B9842B6
:102DA00005D003F58063984203D10420F4E70220A4
:102DB000F2E7044B984201D18020EDE7704700BF55
:102DC00000040048001C00480C4B984203D14FF40B
:102DD0000060FFF727BAB0F1804F05D0084B98424A
:102DE00005D14FF40030F4E70120FFF70FBA054B8F
:102DF000984202D14FF48020EBE77047002C01404D
:102E000000440140004801402DE9F04387B00E46E0
:102E1000054614460021142201A89DF838809DF82B
:102E20003C901F460FF0C8F800960B2C07D8DFE83F
:102E300004F007070A121414141616161A1CFEE7DB
:102E40000323019301E002230493032F11D8DFE849
:102E500007F0111321110123F6E70123F1E7012304
:102E600001930393F1E70223EBE70223019301238C
:102E7000F7E7FEE702230293B8F1100F0CD8DFE862
:102E800008F02D2D0C11131517191B1D1F212325BB
:102E900027292B000123EEE7FEE7012305930223F8
:102EA00001931EE00223F9E70323F7E70423F5E784
:102EB0000523F3E70623F1E70723EFE70823EDE710
:102EC0000923EBE70A23E9E70B23E7E70C23E5E710
:102ED0000D23E3E70E23E1E70F23DFE7B8F1000F4F
:102EE000DDD1B9F1000F02D02846FFF751FF053CB4
:102EF000042C05D8DFE804F0030B04030B00AE62DA
:102F0000694628460CF08AFE07B0BDE8F083AE6142
:102F1000F6E713B54FF0010C0024CDE9004CFFF7A4
:102F200073FF02B010BD000030B587B00023154616
:102F30000446ADF80630FFF747FF042D04D8DFE85C
:102F400005F02E3204363F00FEE71E4B1E4A1B687A
:102F5000B3FBF2F39BB20022CDE90221013B01A9B0
:102F60002046ADF80430049205920DF0A7F82368CE
:102F700023F080032360A36823F4A03323F0070326
:102F8000A360636823F070036360636823F47003D5
:102F90006360A36823F08003A36007B030BD094BD2
:102FA0000A4A1B68D4E7074B094A1B68D0E7054B60
:102FB000064A1B68B3FBF2F303EB83035B00C9E72C
:102FC0000123C8E78402002080A8120140420F00BC
:102FD00000127A0010B50446FFF7A6FF236843F0FD
:102FE0000103236010BD00224FF0FF31FFF7F2BF55
:102FF000204B10B5204C5B6823600BF075FF4FF041
:1030000090400CF0CDFD1D480CF0CAFD1C480CF0A2
:10301000C7FD1C480DF0E0F91B480DF0DDF91B4819
:103020000CF0EEFF0CF058FF4FF0E02200234FF0C1
:10303000B0411361536193618A6822F0030242F048
:1030400001028A6072B64FF0FF319A0002F16042CD
:1030500002F561420133082BC2F88010C2F88011DA
:10306000F3D162B6034B1B6883F308882368984743
:10307000FEE700BF0000FF1FF0050020000400482D
:103080000008004800380140004400400030014082
:103090000749084A881AEFF30883521A1A44013A7A
:1030A000013B984288BF0022AA210EF085BF00BFD5
:1030B0000000012000040000044B5A69586910F018
:1030C000020018BFC2F38000704700BF0004005820
:1030D0004FF0B042D2F8943043F40043C2F8943039
:1030E0004FF47A7300BF013B9BB2002BFAD14FF033
:1030F000B043D3F8942022F40042C3F89420D3F8CC
:1031000094205204FBD40C4BD3F8902022F40042BC
:10311000C3F890204FF47A7200BF013A92B2002AAD
:10312000FAD1D3F8902042F40042C3F890204FF433
:1031300000629A61704700BF0004005810B5032375
:10314000052240214FF09040FFF7E3FEBDE810401C
:103150000323052280214FF09040FFF7DABE08B527
:10316000FFF7AAFF003818BF012008BD08B5FFF718
:10317000F6FF00B908BD00BFF9E74FF09043802289
:103180009A6240229A6170474FF0904340229A62BF
:1031900080229A6170470000024B4FF480225A60EF
:1031A000704700BF00E100E010B5134C0323204638
:1031B00006220421FFF7ADFE1048032302224FF43C
:1031C0000051FFF7A6FE03231A464FF400414FF0CB
:1031D0009040FFF79EFE2046032305224FF48071A6
:1031E000FFF797FEBDE810400323052201214FF0B1
:1031F0009040FFF78EBE00BF000400480008004862
:103200004FF090431869C0F3C030704708B5FFF71E
:10321000F7FF00B908BD00BFF9E74FF09043012266
:103220009A624FF48072C3F818247047044B4FF42D
:1032300080729A624FF0904301229A61704700BFFA
:103240000004004816484169F02321F0F00193FA88
:10325000A3F3B3FA83F3022203F00F0302FA03F39A
:103260000B4343610F4BD3F8842022F40052C3F880
:103270008420D3F8802022F40052C3F880205A68BA
:1032800022F400525A601A6842F400521A60064B47
:10329000D02283F829234FF400725A60704700BF90
:1032A000000001400008005800E100E0054B4FF429
:1032B0000052DA60D3F8802042F40052C3F8802034
:1032C000704700BF000800580023032202214FF07E
:1032D0009040FFF71EBE4FF09043186980F0020047
:1032E000C0F340007047000010B5074C0023204693
:1032F00005221021FFF70DFE20460023BDE81040F7
:1033000005220821FFF705BE0004004805494B6966
:103310001A04DB4302F4801203F0100313438B61A1
:10332000704700BF0004004805494B691A04DB439D
:1033300002F4002203F0080313438B61704700BFBF
:103340000004004808B5032200234FF090400221FA
:10335000FFF7DFFD102300204FF09042116989072D
:1033600058BF013003F1FF3358BFC0B213F0FF0361
:10337000F4D108288CBF0020012008BD0C4BD3F8E5
:10338000FC2022F08072C3F8FC20D3F8FC2042F02D
:103390008072C3F8FC20A3F55D431A6822F0010295
:1033A0001A601A6842F001021A6000225A607047DF
:1033B00000ED00E00649074B074A1B68B3FBF2F338
:1033C00010B54C6843434A68121B9A42FBD310BDA8
:1033D000001000E08402002040420F001FB50223CD
:1033E000CDE9013101A80123694603930BF0E6FE04
:1033F00000280CBF0420052005B05DF804FB014641
:1034000008B501200BF094FE00280CBF0420052015
:1034100008BD08B5FFF7E2FF031F5842584108BD39
:1034200008B5FFF7ECFF031F5842584108BD0000E4
:103430002DE9F047294B2A4D01280E46144629490B
:10344000294A0FBF79277827AA461D4606BF884616
:103450009A4690460BF020FE39462846FFF7D9FFE2
:1034600028B900240BF02AFE2046BDE8F087002E84
:1034700008BF4FF4FC64073424F0070405F110077B
:10348000B1463444AAEB050AA1450BD14FF01132E5
:103490004FF0FF332846FFF7C3FF041E18BF012477
:1034A000A400DFE76EB90AEB0703D3E90023B3F109
:1034B000FF3F08BFB2F1FF3F06D1083709F1080905
:1034C000E2E7D9E90023F2E7B84505D93846FFF726
:1034D000A7FF0028F1D1C4E70324C3E700C0030815
:1034E00000C80308FFCF0308FFC7030810B50BF09F
:1034F000D3FD09487821FFF78CFF044638B107480F
:103500007921FFF786FF041E18BF0124A4000BF0E9
:10351000D5FD204610BD00BF00C0030800C8030849
:1035200030B5084D002340F2EF749AB2914201D8B1
:10353000042030BDA34203D05A5DC2540133F4E7E6
:103540000320F6E710C0030838B504460D4672B6EE
:103550000A4601460020FFF76BFF62B6042806D139
:1035600072B601202A462146FFF762FF62B638BDD7
:1035700038B5124B1C68D3F80058B4F1113F09D18B
:10358000B5F1113F17D0002211460120BDE83840A7
:10359000FFF74EBFB5F1113F03D10022114610468F
:1035A000F4E7FFF7A3FF042804D12C4001340CBF3B
:1035B0000220012038BD0420FCE700BF00C0030842
:1035C000044B9A689107FCD518739A68D207FCD50A
:1035D000187B70470000015870B50C46451E8E18C8
:1035E000B44200D170BD15F8010FFFF7E9FF04F8F0
:1035F000010BF5E7084611461A46FFF7EDBF00003C
:1036000070B5064E04464518A54200D170BD30780D
:10361000FFF7D6FF04F8010BF6E700BF6C020020AD
:1036200008461146FFF7ECBF38B504464518AC42D2
:1036300000D138BD14F8010BFFF7C2FFF7E70846C9
:103640001146FFF7F1BF000010B58CB02822002111
:1036500002A80EF0B1FC4FF0B0431C4C5A6E42F081
:1036600001025A665B6E03F001030193019BFFF7B1
:103670002FFD082208924FF48272002303924FF428
:103680000072CDE90533CDE9093302930792072390
:103690004FF4E06202A920460B9304920CF0D4FC94
:1036A000636823F010036360636823F008036360BA
:1036B000236843F040032360A3689B07FCD5237B6A
:1036C000034BFF221A700CB010BD00BF0000015860
:1036D0006C020020034B18739A68D207FCD5187B44
:1036E000704700BF0030014038B5441E8D18A94214
:1036F00000D138BD14F8010FFFF7ECFF01F8010B02
:10370000F5E7084611461A46FFF7EEBF38B5064DF5
:1037100004460144A14200D138BD2878FFF7DAFF02
:1037200004F8010BF6E700BF6D02002008461146C1
:10373000FFF7ECBF10B5014404468C4200D110BD28
:1037400014F8010BFFF7C6FFF7E708461146FFF72D
:10375000F1BF000070B58CB02E4C2822002102A8C9
:103760000EF02AFC4FF48050FEF75CFD0146032367
:10377000204606224FF48056FFF7CBFB0125A661B9
:103780000624CDE9004503230A2220214FF0904072
:10379000FFF73AFBCDE9004503230A2231464FF0FB
:1037A0009040FFF731FB03231A46CDE900454FF463
:1037B00000614FF09040FFF727FB0822164C08925B
:1037C0004FF48272002303924FF40072CDE9053367
:1037D000CDE909330293079207234FF4E06202A96F
:1037E00020460B9304920CF02FFC636823F0100327
:1037F0006360636823F008036360236843F0400359
:103800002360A3689B07FCD5237B044BFF221A701F
:103810000CB070BD00040048003001406D02002073
:103820001B4B10B4DC69A00611D51A6891060ED5A1
:10383000184819495A6A038809880133C3F30A03EF
:1038400089B299421FBF1549D2B2CA5403801048A9
:103850001F232206036215D503681B0612D5104BE1
:10386000104A1988138889B29BB299420CD01388E8
:103870000133C3F30803138013880B4A9BB2D35C54
:10388000DBB2836210BC704710BCFEF7F2BC00BF15
:10389000003801403A42002038420020383A0020E7
:1038A0003E4400203C4400203C4200200A490B4A90
:1038B00008B50B8812880133C3F3080392B29A4209
:1038C00007D0074AD05407480B80FEF7B7FC012009
:1038D00008BD0020FCE700BF3E4400203C4400201F
:1038E0003C4200200038014038B504464518AC423F
:1038F00000D138BD14F8010BFFF7D8FFF7E70846F1
:103900001146FFF7F1BF0000054B064A1B881088DF
:103910000133C3F3080380B2181A18BF012070479F
:103920003E4400203C44002008B5FFF7EDFFB0FA0C
:1039300080F0400908BD0000054B064A1B8812882C
:103940009B1A98B21B0444BF00F5006080B2704718
:103950003A42002038420020FFF7EEBF0848094AEB
:103960000188138889B29BB29942F9D01388013338
:10397000C3F30A0313801388034A9BB2D05C7047D9
:103980003A42002038420020383A0020FFF7E6BFD4
:1039900070B588B00C4606461546002120226846C0
:1039A0000EF00AFB231E18BF01231B03CDE90235CD
:1039B00069460C2303480196049405930CF030FDEE
:1039C00008B070BD0038014010B5064C236823F0E4
:1039D00001032360FFF7DCFF236843F0010323604A
:1039E00010BD00BF00380140002208461146FFF715
:1039F000EBBF000073B5304C236823F00103236054
:103A0000082501264FF48040FEF70CFC4021CDE94B
:103A100000562A4803230A22FFF7F6F903231A4621
:103A2000CDE9005625488021FFF7EEF90022114626
:103A30004FF4E130FFF7ACFF636823F49043636019
:103A4000A36823F02A03A3601D4BB02283F824232C
:103A500010225A602046FEF70CFCFEF701FC4023C2
:103A60002362184B00211980174B1980FEF7EFFBDA
:103A7000164B1980164B1980636823F4006363604A
:103A8000A36823F00803A360636823F480436360A2
:103A9000A36823F02203A360A36843F48053A360C8
:103AA000236833432360E3699A02FCD5E3695B0230
:103AB000F9D502B070BD00BF0038014000040048D5
:103AC00000E100E03C4400203E4400203842002059
:103AD0003A42002008B5FFF78DFFBDE80840FFF728
:103AE00095B8FFF7F7BF0000084BDA6892070CD4CF
:103AF000074A012111805A6A10325A636FF002029C
:103B00001A61DA6842F00202DA6070470048014048
:103B1000E8320020324A13699B0710B526D56FF0B2
:103B2000020313612F4B1B88516B11FA83F353630C
:103B30002D4B198889B2002946D01988013189B2E4
:103B40001980198889B2022911D84FF090434FF497
:103B500000729A62254A13880133C3F30803138065
:103B60001388234A9BB2D35C224A138010BD198864
:103B700089B20A290FD81F4B1A8812F0010F4FF093
:103B800090424FF4007114BF916191621A88C2F3A0
:103B90004E021A80EAE7198889B20B294FF090414A
:103BA0004FF40070886109D1134A11880F4A1288B6
:103BB00089B292B29142D9D00122EAE7D16821F0CC
:103BC0000201D1600022E4E74FF090404FF400740E
:103BD0008461D06820F00200D0601980C6E700BF81
:103BE00000480140E4320020E8320020EC3400209C
:103BF000EA320020EA340020EE34002009490A4A63
:103C000008B50B8812880133C3F3080392B29A42B5
:103C100006D0064AD0540B80FFF766FF012008BD8E
:103C20000020FCE7EE340020EC340020EA320020D3
:103C300038B504464518AC4200D138BD14F8010B24
:103C4000FFF7DCFFF7E708461146FFF7F1BF00007A
:103C5000B0F5614F0D4A0E4B0CD0B0F5E13F10D0DE
:103C6000B0F5165F0DD172B640F24131118040F2CD
:103C7000E24203E072B68B211180D0221A8062B634
:103C8000704772B6452111805422F7E7E4320020D4
:103C9000E632002010B5032388B005224FF40071EE
:103CA0004FF09040FFF735F9194C4FF090434FF427
:103CB00000729A61204601224FF0FF31FFF78AF926
:103CC0002022002168460EF077F96A46012120463D
:103CD0000CF02EFA0F4AD2F8183823F00403C2F879
:103CE00018386FF0020323610B4B902283F81D23D9
:103CF0004FF000521A604FF4E130FFF7A9FF074A76
:103D000000231380064A1380064A138008B010BDB2
:103D1000004801400040014000E100E0EC34002098
:103D2000EE340020E8320020FFF7B4BF024B1A68DF
:103D3000024B1A60704700BF70440020E00B002067
:103D4000054A064B1968136899421DBF01330120CB
:103D500013600020704700BFE00B0020704400207B
:103D6000034A044B11681B780B441360704700BF73
:103D70007044002088020020014B1868704700BF83
:103D8000704400200148FFF72EB900BF00440140F5
:103D9000014B586A80B270470044014008B5FFF7F4
:103DA000F1FFBDE80840FFF7C1BF0000044BDA682F
:103DB00022F00202DA606FF002021A61704700BF5F
:103DC00000440140002208B50260FFF7EFFF044BFA
:103DD000F02283F81C234FF080521A6008BD00BF08
:103DE00000E100E008B5036853B1FFF7DFFF054BC2
:103DF0005A6A114489B25963DA6842F00202DA6001
:103E000008BD00BF00440140074B1A69920709D55D
:103E10006FF002021A61DA6822F00202DA60034BE4
:103E20001B681847704700BF004401402C36002033
:103E30002DE9F0411D4CDFF87880C0220021201DC3
:103E40000EF0BAF806250F23A3802A4643234146E5
:103E5000601925806580FDF789FC164B0526C4E9AD
:103E600013363F230127A4F854302A464323414602
:103E700004F15600A4F84A70FDF778FC4FF4803343
:103E8000C4F89C300C49A4F89A70002304F1AC00EB
:103E9000C4E9293384F8A0300DF03EFE7F2384F876
:103EA000C13084F8C260BDE8F08100BF2C0500205D
:103EB000344601080F0003006E32010870B5094E48
:103EC00005460C46415C30460DF03DFE034628B1E8
:103ED000831B0133DBB2282B28BF0023F35C2B5557
:103EE00070BD00BF7C4D010870B50C4611460646FA
:103EF0000DF012FE44B10025052130460135FFF7D3
:103F0000DDFFEBB29C42F7D870BD000073B50546EB
:103F100005F11106214C224A014636016846FFF799
:103F2000E3FFB01C694620440DF0F6FD264404EB87
:103F30000511002302227272A1F81A31142101FB2B
:103F400005400425012180F850504FF4807640F25E
:103F50000115A0F84A20C164A0F8521080F855104D
:103F6000A0F85660A0F8585040F2032084F834308E
:103F7000E284A662A08584F82E1084F8302084F8AC
:103F80003330C4F83A30C4F83E30C4F84230A4F8B4
:103F90004650A4F8485002B070BD00BF7003002026
:103FA0002E320108F7B50546B14CB24A05F11106AB
:103FB000014637016846FFF797FFB81C274469465A
:103FC0002044FDF7F5FA7B7AAB4A072B88BF022322
:103FD00004EB061088BF7B721188437A41FA03F321
:103FE000DF070FD40223437261B14807C1F3800396
:103FF00008D441FA03F7FF07D8B240F1D88104EBA7
:104000000613587204EB05112B0191F81A010528CB
:1040100002D9002081F81A01E718508897F81A1180
:1040200040FA01F1C90711D4012187F81A1168B1CA
:104030008707C0F3400109D440FA01FC1CF0010FCE
:10404000CFB200F0B981E11881F81A71E11891F846
:104050001B01032802D9002081F81B0104EB06167E
:10406000717A012903D9042901D000219180E61831
:10407000908896F81B1140FA01F111F001010ED160
:1040800086F81B1158B110F0010108D140FA01F770
:10409000FF07CEB240F19581234483F81B611423BE
:1040A00003FB054191F84A00052802D9022081F856
:1040B0004A0003FB054393F84B10042902D9002161
:1040C00083F84B10142303FB0543B2F84A1093F80E
:1040D0004B0041FA00F0C00712D4012083F84B00D6
:1040E00071B18807C1F340030AD441FA03F6F70718
:1040F000D8B240F16B81142303FB054383F84B00D6
:10410000142303FB054393F84C10032902D9012122
:1041100083F84C10142000FB0540B2F84C1090F8C6
:104120004C3041FA03F313F0010310D180F84C3006
:1041300069B111F001030AD141FA03F6F607D8B2CA
:1041400040F14981142303FB054383F84C001423F9
:1041500003FB054393F84E10012902D9002183F88F
:104160004E10142000FB0540B2F84E1090F84E306F
:1041700041FA03F313F0010310D180F84E3069B116
:1041800011F001030AD141FA03F6F707D8B240F162
:104190002781142303FB054383F84E00142303FBFC
:1041A000054393F84F10022902D9002183F84F10DC
:1041B000142000FB0540B2F8503090F84F1043FA3D
:1041C00001F111F0010110D180F84F106BB113F023
:1041D00001010AD143FA01F6F607C8B240F10581A0
:1041E000142101FB054181F84F00142101FB05401A
:1041F00090F84D60022E02D9002680F84D6001FB38
:10420000054191F85000052802D9042081F850009A
:10421000142101FB054090F85260012E02D90126BD
:1042200080F8526001FB054191F85500012802D940
:10423000012081F85500142101FB054191F853003C
:10424000022802D9002081F85300142606FB0546F7
:10425000B2F8520096F8531040FA01F111F0010142
:1042600017D186F85310A0B110F0010111D105E06B
:10427000700300202E3201082C05002040FA01F7BF
:10428000FF07CEB240F1B680142101FB054181F851
:104290005360142101FB054090F856600C2E02D9A2
:1042A000002680F8566001FB054191F84C0001287A
:1042B00009D191F84F60022E05D1DF0740F19F80B0
:1042C000002381F84F30142303FB0543012183F8B9
:1042D000571040F20111A3F8581094F82630052B1E
:1042E00002D9022384F8263094F82730042B02D90F
:1042F000002384F82730B2F89A0094F8273040FA67
:1043000003F313F0010F8A4B0ED1012184F827101B
:1043100050B18607C0F3400106D440FA01F7FF0709
:10432000CEB271D583F8276094F82810022902D9FB
:10433000002184F8281094F82910022902D90121BB
:1043400084F82910B2F89C1094F8292041FA02F25E
:1043500012F001020CD184F8292049B111F00102B8
:1043600006D141FA02F6F607D0B251D583F82900FA
:1043700094F82A200C2A02D9002284F82A2093F8E3
:1043800032200C2A02D9002283F8322093F82B2005
:10439000042A02D9002283F82B2000226549104606
:1043A00011F9014F14F1780F36DA087036E0013355
:1043B000102B7FF41EAE25E6013110297FF43CAEB0
:1043C00044E6013110297FF461AE68E60133102B19
:1043D0007FF48BAE94E60133102B7FF4ADAEB6E6DE
:1043E0000133102B7FF4CFAED8E6013110297FF4D2
:1043F000F1AEFAE6013110297FF440AF49E713F03E
:10440000020318BF03465CE70131102985D18BE711
:104410000132102AA5D1ABE7782CC6DC0132D2B22A
:104420000C2ABDD144490022012011F8014F01326C
:10443000022CD2B288BF0870042AF6D193F8342037
:10444000012A02D9002283F834203C4AB2F89E1097
:1044500093F8342041FA02F212F001020CD183F8F1
:10446000342049B111F0010206D141FA02F4E40707
:10447000D0B211D583F8340093F82C20052A02D944
:10448000032283F82C2093F82D20032A08D80AD180
:10449000002283F8342006E00132102AE5D1EBE750
:1044A000022283F82D2093F82E20022A02D901221D
:1044B00083F82E2093F83020022A02D9022283F8B2
:1044C000302093F833200C2A02D9002283F83320BD
:1044D00093F83520042A02D9002283F835201422CB
:1044E00002FB053191F85A00012802D9002081F819
:1044F0005A0002FB0532FF2103EB05154FF6FF7052
:1045000082F8511082F8541083F82F1083F831107C
:104510004FF0FF31C5F81C11A5F8200119629984EC
:1045200082F85B00A2F85C10D986198703B0F0BD51
:1045300070030020A9030020B50300202C050020F3
:10454000034670B50846052B04D8DFE803F01D04C8
:1045500021191D21FEE720261F250F22184CA370CC
:104560002277013B0122A4F84860A4F84A50A276C1
:10457000A273042B10D8DFE803F010191C1C1900DB
:1045800009266F250722E9E7142632250A22E5E7E6
:10459000352613251922E1E7FEE700232371237452
:1045A000FDF76CFB04236073637670BD2271227487
:1045B000F6E7002323712374A376A373F0E700BF0B
:1045C00014030020012803D002280FD088B1FEE791
:1045D00002460021084B83F8510083F8542083F8E9
:1045E000522083F8551083F85310704700220121A0
:1045F000F0E701221146EDE7140300202DE9F04316
:104600009C4D9D4C00F1110805EB081702378BB04B
:1046100006463846FCF7E8FF042100906846FDF79F
:1046200055FE05EB0613E08393F81B314FEA06199C
:104630002BB103EB031303EB03231844E08305EBD7
:1046400008135B7A062B40F0C280E38B03F5B54379
:104650002533E383142303FB065305EB081893F873
:104660004B00FFF7AFFF98F8091061708B1FA9444A
:10467000012B8CBF0023012399F81A0184F85630CE
:10468000FFF75EFF99F81B21E18B009BE1806182BF
:10469000A36063612AB14FF0113000FB0233A360C5
:1046A0006361142303FB0653616293F84A00734B62
:1046B00084F8292013F9203023732376002384F80B
:1046C0002A30637B23B93846FCF7AEFF84F82A0012
:1046D0006078FDF7D3FA6A4A84F82800128802F05D
:1046E0000101970748BF41F00201A1850346500729
:1046F00042BFA18D41F00401A185110742BFA18DE8
:1047000041F01001A185D70642BFA18D41F02001E3
:10471000A185900642BFA28D42F00802A285594AA7
:1047200001AF02F1200E10685168BC46ACE80300EE
:10473000083272456746F6D11068CCF80000A278BE
:10474000514F06210AA801FB0303134413F824CC9C
:1047500084F820C017E90F0087E80F00012384F8D0
:104760005630042384F83830022384F83030BCF10A
:10477000010F40F2E243A4F84C3030D94FEA5C0715
:10478000604684F85070FCF7EBF94FF07F51FCF76E
:104790003BFAFCF73BFC042FC0B2A4F84E0002D851
:1047A000052384F85030B4F848204FF47A73B3FBF3
:1047B000F2F3A4F84030142303FB065393F850306F
:1047C000052B37D8DFE803F00F3C30333639072BA1
:1047D0007FF440AFE38BA3F5B543263B39E70323D2
:1047E000A4F84E30DCE74FF416536364002384F8DA
:1047F000573084F85930142303FB065696F84C3092
:10480000032B03D096F84F20022A02D1012284F80C
:104810005720591E4A424A4184F8582094F857209C
:104820008AB1012B0FD1FEE74FF41643DDE74FF4B9
:104830006143DAE74FF4E133D7E74FF46133D4E76C
:104840004FF49643D1E72178142000FB015595F8E9
:104850004C10022907D1012184F8591022B194F893
:1048600059301BB1FEE70AB9012BF8D00BB0BDE8F7
:10487000F08300BF700300201403002034460108B9
:104880002C050020503001084403002002484FF45A
:10489000DE72FF210DF090BB7003002002484FF440
:1048A000DE71FEF751BE00BF7003002002484FF4D6
:1048B000DE71FEF735BE00BF7003002008B5FFF7BC
:1048C000F5FF034B1878BDE80840FFF76BBB00BF4E
:1048D0001403002038B5FFF7D9FFFEF749FE04287E
:1048E0000CD0FFF7D3FFFEF743FE042803D1FFF7F8
:1048F000DDFF042806D0FFF7C9FF03E0FFF7D6FF6E
:104900000428EED12F4930482F4C10220DF040F9E9
:1049100038B12E49102220460DF03AF908B1FFF7C0
:10492000B5FFA38AB3F5215F28D008D30025E8B2EC
:104930000135FFF7EBFA0A2DF9D10023E3774FF4A5
:104940002153A382012522691E491F4842F6A10373
:104950009A424FF010021CBF236101250DF018F997
:1049600070B1184918481022FCF77EFF1849194801
:104970000822FCF779FFFFF791FF03E00025E2E74B
:10498000002DF8D1E37F104A092B84BF0023E37781
:10499000E17F1420002300FB0144013394F84C0014
:1049A00082F84C000A2B02F11402F6D10A4C217055
:1049B000FFF73EFA2078FFF7F5FA2078BDE8384097
:1049C000FFF71CBE35320108700300204632010893
:1049D0005732010822050020140300200129F7B5F1
:1049E000054600D9FEE70B4E06EB01131C460F01EE
:1049F0006278F15D03619B7809F060FFE3790193D0
:104A0000A379009322796379E178284609F07DFF44
:104A100003B0F0BDF0630108836810B5044603B924
:104A2000FEE70A781A70002109F00AFF4FF47A7045
:104A3000FEF7C0FC2046012109F019FFA3682046BB
:104A40001978FFF7CBFF10BD38B5836804466BB10A
:104A5000024652F8183BDD6900F11903A847217E90
:104A600020460222BDE8384009F0B1BF38BD000041
:104A700070B58160897A86B0044601B1012109F0E0
:104A8000F6FE20460AF075F820460AF04DF8217B24
:104A9000FF2903D0FA2220460AF052F8A3685B7A75
:104AA000013B042B04D8DFE803F0043E3E41410003
:104AB000FEE7E922E12120460AF080F801212046A4
:104AC0000AF00FF8962120460AF04CF838212046CB
:104AD0000AF05EF820460AF063F8A368204693F9CE
:104AE0000810FFF7B1FFA3689D7A15B31978204627
:104AF000FFF774FF00221146204609F0D2FE002382
:104B0000009340F2032220464FF6FF7109F02CFF7C
:104B100020464FF6FF7109F04EFF204606B0BDE873
:104B2000704009F0EEBFDB22D721C4E76F226B2172
:104B3000C1E75E880E4B63614CF250330093204610
:104B40000C4919230B220AF047F80123CDE903335E
:104B50005B23CDE90153102319462046009504221A
:104B60000AF078F8314620460AF098F8C2E700BF0C
:104B7000D0630108A086010038B504461D461346DF
:104B80000A46002109F006FE20464FF6FF7109F0A3
:104B900012FFA9012046BDE8384009F025BF10B535
:104BA0004FF6FF71044609F006FF20460021BDE8DC
:104BB000104009F034BF10B5044609F0A2FF2046AA
:104BC0004FF6FF71BDE8104009F0F5BE836873B57C
:104BD0000D46144623B981220A70237002B070BDBD
:104BE0009E7A0DF10601B6B109F034FF94F9003058
:104BF000002B04DABDF806201344ADF80630BDF9E9
:104C00000630002B0BDB4FF6FF73ADF80630BDF816
:104C100006302B70E2E70AF052F82670EFE77F3398
:104C2000F5DA4FF68173F0E738B58168036891F9DA
:104C30000810DD69044600F1190300F11802A847C5
:104C4000A3689A7A42B11A78012A00D9FEE7044B88
:104C500003EB0213236138BD024B6361FBE700BF26
:104C6000F0630108D063010810B50A4CA06858B180
:104C7000236923B9636913B92046FFF7D5FFA368F9
:104C80009B7A23B123699868A0F57A7010BD636997
:104C90009869F9E7F0340020836810B5044683B1C1
:104CA00003691BB943690BB9FFF7BEFFA3689B7A81
:104CB0001BB12369B3F90C0010BD6369B3F91C0083
:104CC000FAE71846F8E7836810B5044643B103696C
:104CD0001BB943690BB9FFF7A7FF94F9190010BD81
:104CE0001846FCE708B5836843B9FFF7C1FE7D208D
:104CF000FEF760FBBDE80840FEF74EBA08BD08B5F8
:104D0000836843B9FFF7B4FE7D20FEF753FBBDE88F
:104D10000840FEF7CBBA08BDF8B50446084620287F
:104D200011461D46BDF818C09DF81C209DF8203086
:104D300000D9FEE7052DA57100D9FEE72B4F57F8E6
:104D4000356006B9FEE707EBC507A6603E797F79B7
:104D500027730027E67184F8D550A4F80EC084F8B4
:104D6000D470BCF1000F00D1FEE786429CBF06F173
:104D7000FF36F0B2052D60742DD0012D32D802F12E
:104D8000FF35EDB21DD0022D16D85D1E032D0DD8B6
:104D90000C2801D90C256574657C854200D96074A6
:104DA0002046FCF7A0FE00232374F8BD122884BF20
:104DB000122363740023EFE7042B88BF0023002233
:104DC000EEE7022D04D80C2803D90C23637400E00D
:104DD00000220023E4E7531E022BF9D80828F8D953
:104DE0000823F3E72046FCF725FEDCE7044601082C
:104DF00090F8D43053B190F8D520074B03EBC201A3
:104E000053F83230497953F821007047037C00EBA6
:104E10008300406B704700BF044601082DE9F34151
:104E20009DF824701646402F88464FF05B024FF0E5
:104E3000000104461D4628BF40270DF0BDF8A24BD7
:104E4000DB8B23803278A37862F30203A37071783E
:104E50004FEA0818C90001F0080108F03008DBB279
:104E600023F0380341EA08011943A1707279E3780D
:104E700062F38203E370B279A37962F30003A37152
:104E800096F90200FCF7C1FAE37800F01F0203F084
:104E9000070343EAC203E3702379C0F3411023F010
:104EA000030303432371F27962F382032371327A9D
:104EB000DBB202F01F0203F0070343EAC2032371CF
:104EC000327A6379C2F3401223F001031343637112
:104ED000327962F347036371727AA37802F00302B6
:104EE00003F03F0343EA8213A370727AE378C2F3BC
:104EF000800223F001031343E370B27A62F34103AB
:104F0000E370A37967F34703A3712B78AA78E37161
:104F10006B7802F01F0203F0070343EAC203237217
:104F20006A88637AC2F3451223F03F031343637226
:104F30002A79DBB202F0030203F03F0343EA821353
:104F40006372AB88C3F38703A3726A79E37AC2F30F
:104F5000800223F001031343E372AA79DBB202F06B
:104F60007F0203F0010343EA4203E372EA88237BF2
:104F7000C2F3C31223F00F03134323732B7AAA7ACD
:104F8000E3736B7A02F01F0203F0070343EAC203E4
:104F900023746A89637CC2F3451223F03F031343F1
:104FA00063742A7BDBB202F0030203F03F0343EA9F
:104FB00082136374AB89C3F38703A3746A7BE37CB6
:104FC000C2F3800223F001031343E374AA7BDBB234
:104FD00002F07F0203F0010343EA4203E374EA892B
:104FE000237DC2F3C31223F00F03134323752B8ACF
:104FF000DB0863756B8ADB08A375AB8ADB08E37596
:10500000EB8ADB0823762B8BB3F5C06F4ED2B3F55A
:10501000007F94BF00230123227B63F305122273D8
:105020006B8BB3F5C06F43D2B3F5007F94BF002301
:105030000123227B63F387122273AB8BB3F5C06F1E
:1050400038D2B3F5007F94BF00230123227D63F3A0
:1050500005122275EB8BB3F5C06F2DD2B3F5007F2F
:1050600094BF00230123227D63F38712089B2275DE
:105070001F4404F11802BB4220D14FF6FF732146B2
:105080000DF106000D22ADF80630FDF707F92146B7
:10509000BDF8063021F80D3F4C22FDF7FFF8BDF8B2
:1050A0000630A4F8593002B0BDE8F0810223B3E71E
:1050B0000223BEE70223C9E70223D4E713F8011B4A
:1050C00002F8011FD7E700BF1403002013B59DF8B5
:1050D0001040CDE9003413460A460021FFF79EFE3A
:1050E00002B010BD13B5144B0288DB8B9A42044604
:1050F0001DD1837803F03003102B01D0202B18D161
:10510000A379A52B15D84FF6FF730DF10600592290
:105110002146ADF80630FDF7C1F8B4F85900BDF8E6
:105120000630C01A18BF0120800002B010BD012057
:10513000FBE70220F9E700BF1403002030B53A4B2B
:10514000027893F8261061F30302027093F8271097
:1051500061F30712027093F82810427861F303029A
:10516000427093F8291061F30712427093F82A10E5
:10517000827861F30302827093F83210827961F3CE
:105180000302827193F82B10827861F30712827008
:1051900093F83410C27961F30302C27193F82C10B2
:1051A000C27861F30302C27093F82D1061F3071205
:1051B000C27093F82E10027961F3030202714279F2
:1051C00093F8301061F30302427193F8331082793F
:1051D00061F30712827193F83510C27961F30712F7
:1051E000C27103F1390100F10A0200F1160411F94C
:1051F000015F02F8015FA242F9D193F84610C27D27
:1052000061F30102C27593F8471061F38302C2751E
:1052100093F8481061F30512C27593F8493063F3AF
:105220008712C27530BD00BF700300200278344B76
:10523000C2F3030230B583F826200278C2F30312CA
:1052400083F827204278C2F3030283F828204278AB
:10525000C2F3031283F829208278C2F3030283F891
:105260002A208279C2F3030283F832208278C2F3C3
:10527000031283F82B20C279C2F3030283F834208F
:10528000C278C2F3030283F82C20C278C2F303125F
:1052900083F82D200279C2F3030283F82E2042798D
:1052A000C2F3030283F830208279C2F3031283F839
:1052B0003320C279C2F3031283F8352003F1390198
:1052C00000F10A0200F1160412F9015F01F8015F12
:1052D000A242F9D1C27DC2F3010283F84620C27D09
:1052E000C2F3810283F84720C27DC2F3011283F822
:1052F0004820C27DC2F3811283F8492030BD00BF2F
:10530000700300201FB58DF80C300123019303AB0F
:10531000009313460A460221FFF780FD05B05DF8B1
:1053200004FB0000F0B5234D012385F8A0300446AE
:1053300085B0B0F80900FCF73EFAC5F8A400B4F84F
:105340000B00FCF738FA1422C5F8A80004F10D018F
:1053500005F1AC00FCF79AFA94F9213085F8C130D8
:1053600094F8223085F8C23004F12300FFF75EFF85
:105370006E4604F1410304F151071868596832463A
:1053800003C20833BB421646F7D10B484323082219
:105390006946FCF793F994F85130A5F89A3094F8DF
:1053A0005230A5F89C3094F85330A5F89E3005B0E3
:1053B000F0BD00BF2C050020820500202DE9F0473C
:1053C00092B0DFF890A0244C0DF108084FF040098E
:1053D00005460E46174600214A4640460CF0ECFDB5
:1053E0009AF8001004EB011122230DF10A000622A5
:1053F00001F589718DF80830FCF736FA9AF800103B
:1054000004EB011205A892F81A3192F8194103F041
:105410000F0304F00F0444EA031492F81B3103F065
:105420000F0344EA0324BDF8103023F47F6323F014
:105430000F031C43ADF81040FFF780FECDE9008953
:105440003B46324602212846FFF7E8FC12B0BDE891
:10545000F08700BF1403002070030020034B0449B1
:105460001A68044801FB02001860704730060020EB
:105470000D6619005FF36E3C38B50B4A0B4D13787F
:105480002C78A34205D101332B70287800F001005D
:1054900038BD1470FFF7E2FF6FF0004398423CBF45
:1054A00001342C70F1E700BF2D0600202E060020ED
:1054B0000B4A0C49126882600A6802614A680A490C
:1054C00042610A6882614A68C26100234EF6602226
:1054D000838083718381038402600385704700BFEA
:1054E000704400205D3201086632010810B50E4C90
:1054F00094F8523013B994F854301BB10B490C484E
:10550000FFF78AFA94F8533013B994F855301BB169
:1055100008490948FFF780FA0548FFF74CFB0648A1
:10552000FFF749FB10BD00BF140300201803002043
:10553000F0340020240300200C35002038B51D4D28
:105540000446A8786978052828D14FF6FF7323858B
:10555000FEF7F6FF6B7801229A40238D23EA0203BF
:10556000238515491548FFF7BDFB15491548FFF779
:10557000C6FB1248FFF71FFB1248FFF71CFB0F4842
:105580006FF07F01FFF760FA0E486FF07F01FFF7C1
:105590005BFA2046BDE83840FFF7A8BF002323850B
:1055A0000220FEF7CDFF6A7801239340228D13433A
:1055B0009BB2D5E71403002018030020F03400202C
:1055C000240300200C35002008B590F82030024656
:1055D0008BB9FDF780FE10B982F8210008BD92F862
:1055E000213001335BB2312B82F82130F6DD01230B
:1055F00082F82030F2E7FDF76EFE18B1322382F810
:105600002130EBE792F82130013B5BB2002B82F8AE
:105610002130D8BF82F82000E0E70000134B90F85B
:1056200020201B68CAB182689B1AB3F57A6F01D932
:10563000012343710379ABB10D4B427B1B781AB147
:10564000022B1CBF032202739A1E53425341437321
:10565000837953B10323037370478360EAE701231F
:105660000371F8E74379002BF9D1704770440020AB
:10567000110700200346007B821E012A4FF0000222
:1056800002D893F8201009B91A7370471046704772
:1056900070B51D4C1D4E05465B22002120460CF0C6
:1056A0008BFC2B6923606B696360194B194D1B7868
:1056B00031789A1E53425341627A05EB011163F32C
:1056C0000002627201F58971062204F10A00FCF7FA
:1056D000CBF8337805EB031205EB031592F81B1199
:1056E00095F8193192F81A2103F00F0343EA0213D7
:1056F0002374637C204661F3030359216374FCF730
:10570000E5FDA4F8590070BD713500201403002098
:1057100011070020700300200A4A38B513880133AE
:105720009BB2502B04460D4601D8138038BD002390
:1057300005491380FDF77EFA29462046FDF77AFADF
:10574000F4E700BFEA0B0020DC3301082DE9F84F35
:10575000154604460F466B496B4EFDF76BFA29461A
:105760002046FDF767FA694B0022012F1A800FD1FE
:105770001023B362082746F2A810B761FDF71AFE9E
:10578000B762FDF717FE29462046FFF7C5FFF2E78F
:10579000BB1E08220C2B00F2A880DFE803F0314189
:1057A000521C07A6A6A6626262626200564E4FF0C5
:1057B00008081027C6F8188046F2A810B762FDF74F
:1057C000F9FDC6F82880B761FDF7F4FD29462046AB
:1057D000FFF7A2FFEDE74C4E4FF008081027C6F880
:1057E000188046F2A810B761FDF7E4FDC6F82880DE
:1057F000B762FDF7DFFD29462046FFF78DFFEDE795
:10580000B262414E102746F2A810B761FDF7D2FDF3
:10581000B762FDF7CFFD29462046FFF77DFFF2E78F
:105820001023B361384E082746F2A810B761FDF780
:10583000C1FDB762FDF7BEFD29462046FFF76CFFAC
:10584000F2E7B261304E102746F2A810B761FDF7BB
:10585000B1FDB762FDF7AEFD29462046FFF75CFFBC
:10586000F2E7A7F1090BDFF8A0805FFA8BFB0026B7
:105870004FF0080A5E453CBF1023C8F818304FF0BF
:10588000040946F2A810C8F818A0FDF793FDC8F85F
:1058900028A0FDF78FFD09F1FF3929462046FFF7C3
:1058A0003BFF19F0FF09ECD11023C8F828304FF066
:1058B000040946F2A810C8F818A0FDF77BFDC8F847
:1058C00028A0FDF777FD09F1FF3929462046FFF7AB
:1058D00023FF19F0FF09ECD10136A7F10803F6B256
:1058E000DBB2B34238BF0026C4E71023B261B36114
:1058F0004CF25030FDF75EFD29462046FFF70CFFC5
:10590000F6E700BFDC33010800040048EA0B002082
:1059100010B5437802789A421BD0052B8ABF052325
:1059200003700370027888BF43700A4B0A4813F96A
:1059300022100A4C83682173217613B11972FFF784
:1059400083F80748836823B194F918101972FFF798
:105950007BF810BD34460108F03400201403002009
:105960000C35002010B50AB9437010BD541E0B2C25
:10597000FBD80332D2B231F91220C83A03FB02221B
:1059800040F2716192FBF1F212B222EAE2729A42A3
:10599000C8BF1AB24270E8E7034B044A1A60044BCE
:1059A000044A1A60704700BF30320020780200209D
:1059B000040700207C020020034B044A1A60044BB9
:1059C00004481860704700BF303200207C0200207D
:1059D000040700207802002008B5FDF7B3FC28B1C9
:1059E000FFF7DAFF064B074A1A6008BDFFF7E4FF2E
:1059F000054B186803684FF4E1319B689847F1E75D
:105A000034320020800200200407002010B40C462D
:105A1000014620B90348224610BC08F0E2BE024805
:105A20000021F9E7F03400200C350020F8B51D4EB8
:105A30001D4696F856300F4614467BB1FDF79DFB88
:105A400019482B462246FFF797F8FDF7E6FB174863
:105A50002B4622463946FFF78FF8F8BD88B9FDF787
:105A60008CFB11482B462246FFF786F896F85330F8
:105A70001BB996F85530002BEFD00C48FFF79BF878
:105A8000EBE7FDF7CAFB09482B462246FFF774F8FF
:105A900096F852301BB996F85430002BDDD00248EE
:105AA000ECE700BF14030020F03400200C35002088
:105AB00008B530B9054801F18E028C31FFF786F840
:105AC00008BD01F18F0202488D31F7E7F034002064
:105AD0000C35002070B5114C0D4606465B2322465E
:105AE00021462846FFF792FFD6E906132068626830
:105AF0009A4208BF88420ED120465921FCF7E6FBA6
:105B0000B4F85940231A5C425C4128460449FFF727
:105B1000CFFF601C70BD0024F7E700BF1D310020DF
:105B2000383200200A4608B501460148FFF70EFE4C
:105B30002800002000B591B00446684616461D4670
:105B40000BF0EAFF184968460BF0EEFF304608F00C
:105B50004FFD014668460BF0E7FF144968460BF01D
:105B6000E3FF134B684653F82510124D0BF0DCFF92
:105B7000114968460BF0D8FF9DF84830684655F843
:105B800023100BF0D1FF0D4968460BF0CDFF9DF8B7
:105B90004C30684655F823100BF0C6FF08486A469B
:105BA0002146FFF7D3FD00BF6F32010876320108AE
:105BB000000000201C0000207B3201088232010816
:105BC0002800002000230370837043700371437129
:105BD000C370704703780022022B427104D0032B5C
:105BE00009D0012B16D0FEE701230371437183789E
:105BF0004370C370704783784278991AA3EB02020E
:105C000018BF012112F0060F14BF012200220171FA
:105C10004271EDE70271704702788170002A0CBF73
:105C2000022203220270FFF7D5BF0000074B282293
:105C300002FB00339B681A78542A05D15878A0F1EA
:105C40007803584258417047002070474C4601087D
:105C5000074B282202FB00339B681A78522A05D191
:105C60005878A0F178035842584170470020704797
:105C70004C460108074B282202FB00339B681A7828
:105C8000542A04D15878783818BF01207047012071
:105C9000704700BF4C46010828230B4A434310B508
:105CA000D1580446FFF7D4FF48B92046FFF7BEFF9E
:105CB000064B1B7828B103EB830301EB83010846F5
:105CC00010BD01EB0311FAE74C4601081403002054
:105CD0002D2838B505461AD80E4B282202FB003372
:105CE0004CB21B79022B0DD0FE2B10D1FFF7D4FF45
:105CF0000378E4B2A3420AD004702846BDE83840D5
:105D0000FFF7B8BFFFF7C8FF90F90030F2E70020B7
:105D100038BD00BF4C4601082D2838B504460D4655
:105D200019D80E4B282202FB00331B79FF2B12D10E
:105D3000FFF7B2FF06222946FBF7BBFD58B9204604
:105D4000FFF7AAFF29460622FBF7A0FD2046BDE883
:105D50003840FFF78FBF002038BD00BF4C46010818
:105D60002DE9F043074615462820394A414350188B
:105D7000012B046A87B025D15258364B9A4235D050
:105D8000A3F1CE018A4233D03349F23B9A4208BF95
:105D90000C46FF238DF800304FF000080126204606
:105DA000FAF7D8F95FFA88F9484529D806F11803B7
:105DB0006B44AE4203F8188C30D80020387007B01E
:105DC000BDE8F083022BE4D15258224B9A4211D005
:105DD000591C8A4210D0A3F1CE018A420ED0A3F101
:105DE000F2018A420AD01D49EC3BCFE71C4CD0E7B8
:105DF000194CCEE71B4CCCE71B4CCAE71B4CC8E741
:105E000014F809302C2B06D106F118036B44013627
:105E100003F8188CF6B208F10108C0E705F1180381
:105E20000DEB0305002315F8182C15F9175C01324A
:105E3000D2B29918C9B2A94207EB030003DB0023D1
:105E400003700120BBE7615C01700133DBB2F0E756
:105E50004C4601088904002089320108BD3201083E
:105E6000DA3201088333010861330108373301084E
:105E7000054B282202FB00335B6A0BB11888704780
:105E80004FF6FF70704700BF4C4601080B4B2822AD
:105E900002FB003370B51E6A3046FAF75BF9002248
:105EA00001461446D5B2631CA942D8B200D870BDD1
:105EB000735D01322C2B08BF0446F3E74C46010802
:105EC00038B5104B282202FB003301461B79FE2B0C
:105ED00015D1FFF7CDFF04460846FFF7D7FF002294
:105EE000014601251046D3B2994200D838BD05FAC3
:105EF00002F323421CBF431CD8B20132F3E7FF2058
:105F0000F4E700BF4C4601082DE9F04F4FF0000ABE
:105F10001D4E93B004460F46D146D6F808805FFA6E
:105F20008AF54FF0000B0DE018F8030001920BF01A
:105F300017FEC3B2019A202B08BF5F2302F8403C32
:105F40000BF1010B5FFA8BF340460193FAF702F96C
:105F5000019B03F1480298426A44E5D802F8409C4C
:105F6000394602A8FAF7ECF848B10AF1010ABAF189
:105F70002E0F06F12806D0D10025284600E001208A
:105F8000257013B0BDE8F08F4C4601082DE9F041B3
:105F90001D4E282303FB016604463379FE2B0D4674
:105FA000174618D0FF2B21D0022B28D10846FFF727
:105FB00073FE214690F9000008F0BDFA35692B7890
:105FC0003BB1124920460BF0AFFD294620460BF0AD
:105FD000ABFD012015E00846FFF75EFE3B46027868
:105FE00029462046BDE8F041FFF7BABE0846FFF754
:105FF00053FE062201462046FBF748FCE9E7002055
:106000002070BDE8F08100BF4C460108D334010880
:10601000F8B5194B1646282202FB063300241A79DC
:106020000470022A07460D4603D0FE2A13D02046EC
:10603000F8BD93F918209142F9DB93F91C3099428D
:10604000F5DC4FF0000165F307013046FFF740FE35
:1060500001243870EBE70029E9DB3046FFF716FF33
:10606000A842E4DD3046FFF703FF40FA05F313F0E2
:106070000100E6D10446DAE74C4601082DE9F84371
:1060800000230370124B1746282202FB07330646F3
:106090001B79FF2B0C4603D000252846BDE8F8836A
:1060A0000846FAF757F80628F6D104F1FF3804F14C
:1060B000050918F8010FFBF761FA05460028EBD037
:1060C000C845F6D121463846FFF726FE3070E4E792
:1060D0004C460108F8B5104E4FF0280C0CFB026638
:1060E000002736790770FE2E04460B46154603D06E
:1060F000FF2E0BD0022E0DD118460BF044FE2A467F
:1061000001462046BDE8F840FFF782BFBDE8F840F1
:10611000FFF7B4BF3846F8BD4C46010810B5044639
:106120000846B2B9FBF780FA042812D8DFE800F07D
:1061300003090B0D0F00084920460BF0EDFC012070
:1061400010BD0649F8E70649F6E70649F4E70649AF
:10615000F2E70020F4E700BFC0330108C5330108AF
:10616000CA330108CF330108D533010810B50446FE
:106170000068FCF75FFD02492068FCF75BFD10BD7D
:10618000DB3301080B1E18BF0123122A14D91D2A64
:1061900014D9312A8CBF0822052203710023016023
:1061A00080F885304371C0F8883080F88C3080F8F2
:1061B0008D20A0F88E3070470122EEE70322ECE735
:1061C00090F88530682B08D8C2180133DBB25171C2
:1061D00080F88530184400234371704708B50530B6
:1061E000F9F7AEFFB0FA80F0400908BD2DE9F043A1
:1061F000064691B0084688461546F9F7ABFF06F10A
:10620000050904464846F9F7A5FFE4B2631CC7B286
:10621000BB4203DB002011B0BDE8F08322464146BB
:1062200048460BF0B5FC0028F4D1231D22461E443D
:10623000BA4203461BD300F140036B44002403F829
:10624000404C0028E6D09DF800303D2BE2D13023B1
:1062500068468DF80030F9F77DFF2346DAB29042A8
:1062600012D868460BF08FFD28600120D3E716F89E
:10627000011F202905D040336B440130C0B203F820
:10628000401C0132D2B2D3E740326A44013312F8E3
:10629000402C303A092AE1D9BCE7000010B50E4B7A
:1062A0001B78022B04460FD10C4B93F8A0205AB157
:1062B000D3F8A830B3F5215F07D20949FFF756FF9D
:1062C00008492046FFF752FF10BDFDD00649FFF7F1
:1062D0004DFF0649F5E700BF110700202C050020FF
:1062E000DE330108143401084A34010880340108FF
:1062F00010B50446FFF7D2FF20680749FCF744FDBC
:10630000064B206819783031C9B2FCF7FBFB044911
:106310002046FFF72BFF10BDB63401081403002000
:106320006E3201082DE9F0474379702B90B080461A
:106330000F46164671D18379202B6ED1C0790BF0B0
:10634000BFFB00285CD000254FF0020A2C4608F164
:1063500005094846F9F7FEFE824522D305F14003C0
:106360000DEB0305002305F8403CC4B3E8461D4689
:1063700018F8010B0BF0F4FB78550135EBB2A34292
:10638000F6D300253D550134E4B26846F9F7E2FE44
:106390006719FFB2874206EB050334D300221A7057
:1063A0002DE008EB0A035B793D2B0ED0202B07D0A4
:1063B00005F140016A1C0DEB010505F8403CD5B222
:1063C0000AF101035FFA83FAC3E72C46F0E705F10F
:1063D00040036B4413F8400C0BF0C2FB7855684641
:1063E000F9F7B8FEE5B2A84207EB050304F1010492
:1063F000EDD800220A491A7030460BF08DFB0120BF
:1064000010B0BDE8F08707F140020DEB020701353F
:1064100017F8402C1A70EDB2B7E70020F0E700BF84
:10642000C03401082DE9F0472C4E282303FB0166F8
:1064300088B03379FE2B04460D4620D0FF2B4BD07D
:10644000022B2DD196F9185025490068FCF79CFCC9
:106450002846694608F06FF869462046FFF786FE31
:1064600096F91C501F492068FCF78EFC69462846A7
:1064700008F061F869462046FFF778FE10E008460C
:10648000FFF7F6FCDFF86090DFF860A08046002799
:10649000FEB20123324629466846FFF761FC10B977
:1064A00008B0BDE8F087BBB248FA03F3DB0711D5AB
:1064B00020684946FCF768FC06F130012068C9B243
:1064C000FCF720FB20685146FCF75EFC694620463D
:1064D000FFF74CFE0137DBE70549CDE74C460108E5
:1064E000C2340108CA340108D2340108D534010885
:1064F000D9340108F0B504468BB008460D46FFF7C5
:10650000DFFC254F254906462068FCF73DFC282383
:1065100003FB05772068B968FCF736FC2049206842
:10652000FCF732FC2EB91F492046FFF71FFE0BB0C7
:10653000F0BD0122294602A8FFF728FD206802A924
:10654000FCF722FC3B79FE2B03D0FF2B1AD0164917
:10655000EAE72846FFF7A0FB057814492068FCF716
:1065600013FC05F130012068C9B2FCF7CBFA1049E1
:106570002068FCF709FC012EE9D10E492068FCF7E0
:1065800003FCE4E70C4B02A95A786846FFF7C6FD06
:106590000028DCD06946F1E74C460108D2340108F6
:1065A000D5340108E83401086E320108F8340108D6
:1065B000E6340108FB3401081403002070B590F89C
:1065C0008E3004466BB990F88F30012B01D9032B24
:1065D00007D1214B1B78022B03D020492046FFF71F
:1065E000C5FD1D4E002594F88E102D2903D90023DA
:1065F00084F88C3020E04B1C84F88E3094F88F3077
:10660000012B09D10846FFF711FB0028EBD1084602
:10661000FFF71EFB38B1E6E7022B0ED10846FFF765
:1066200005FB0028DFD02046FFF764FF013594F812
:106630008D30EDB2AB42D6D270BD032B08D10846E7
:10664000FFF706FB0028CED03378022BDFD1EAE734
:10665000002BF9D0E7E700BF110700200A35010839
:1066600038B5594B1A6890F88C30012B044640F02D
:10667000AA80D0F88830D31AB3F5FA7FC0F0A3808F
:10668000524DC0F888202846FAF77BFE07F088FFB5
:1066900001462068FCF778FB4D492068FCF774FB45
:1066A00005F11400FBF7D7FA07F07AFF01462068DE
:1066B000FCF76AFB47492068FCF766FB95F89400F5
:1066C00007F06EFF01462068FCF75EFB4249206838
:1066D000FCF75AFB95F98C0007F06CFF0146206827
:1066E000FCF752FB3D492068FCF74EFB95F98D0005
:1066F00007F060FF01462068FCF746FB3849206838
:10670000FCF742FB95F9920007F054FF0146206820
:10671000FCF73AFB30492068FCF736FB95F98E0010
:1067200007F048FF01462068FCF72EFB2B49206844
:10673000FCF72AFB95F98F0007F03CFF0146206823
:10674000FCF722FB27492068FCF71EFB05F15000EF
:10675000FBF787FA80B207F037FF01462068FCF7A5
:1067600013FB1D492068FCF70FFB05F16400FBF7E4
:1067700078FA80B207F028FF014620681A4DFCF72E
:1067800003FB1A492068FCF7FFFA194B1B7805EB4D
:106790008303588807F018FF01462068FCF7F4FAD5
:1067A00014492068FCF7F0FA134B1B7805EB8305BE
:1067B000688807F009FF01462068FCF7E5FA0F49F1
:1067C0002046FFF7D3FC38BD70440020383200204B
:1067D00086350108273501082A3501082D350108BD
:1067E000283501082F3501083446010832350108E3
:1067F0001B310020383501082E3200203D350108BC
:1068000030B5044695B0FFF749FD1E492068FCF7F6
:10681000BBFA1D498B7863B12F22023108A80BF017
:10682000C9F91A492068FCF7AFFA206808A9FCF7F3
:10683000ABFA17492046FFF799FC16492068FCF788
:10684000A3FA154B1B78022B19D1144D95F8A030E3
:106850009BB1206805F1AC01FCF796FA0B49206862
:10686000FCF792FAD5F8A4106846FAF7B1FF69462A
:106870002046FFF77BFC15B030BD0949F8E7094910
:10688000F6E700BF40350108280F00202A3501082F
:106890006E32010864350108110700202C05002024
:1068A0006B350108103501082DE9F04190F88E3064
:1068B00090B0044653B96248624990F856504B7CF8
:1068C000614AC5B191F8ED100B4413705D4EDFF8CD
:1068D0007C81002794F88D20FBB29A4208D95A4B4C
:1068E00094F88E501B78AB420CD8002384F88C307F
:1068F00010B0BDE8F08190F855000028E5D084F88C
:106900008E30DFE7737C9D4257D275B950492068BD
:10691000FCF73AFA707C07F043FE01462068FCF76A
:1069200033FA4C492046FFF721FC284607F038FE91
:1069300001462068FCF728FA47492068FCF724FA4A
:1069400073190C35987C07F02BFE06EB8505014684
:106950002068FCF719FA41492068FCF715FA6868C5
:1069600007F03CFE01462068FCF70EFA3C4920681F
:10697000FCF70AFA3B4908A80BF0CEF86868FAF76A
:10698000EBF84146FAF740F909F0C4FDFAF73EFB8F
:10699000694607F09AFD6846FAF778FE206869466E
:1069A000FCF7F2F908A92046FFF7E0FB94F88E30D7
:1069B000013384F88E3001378CE7ED1A15F0FF05AE
:1069C0000FD129492068FCF7DFF996F8ED0007F0B0
:1069D000E7FD01462068FCF7D7F91E492046FFF77E
:1069E000C5FB284607F0DCFD01462068FCF7CCF922
:1069F00019492068FCF7C8F973190C3593F8EE00B3
:106A000007F0CEFD06EB850501462068FCF7BCF9D2
:106A100012492068FCF7B8F9D5F8E00007F0DEFD70
:106A200001462068FCF7B0F90D492068FCF7ACF985
:106A30000C4908A80BF070F8D5F8E0009FE700BFFC
:106A400014030020EC0B00203506002000007A3AE9
:106A500080350108C5390108883501088F350108DE
:106A6000993501089F350108A43501082DE9F04149
:106A7000254E264FDFF898800446002594F88D2097
:106A8000EBB29A423ED994F88E30102B37D8DFE81B
:106A900003F00913181A1C1E20222426282A2C2E43
:106AA000303234002046FFF7F9FB94F88E30013382
:106AB00084F88E300135E1E716492046FFF756FB92
:106AC000F3E71549F9E71549F7E71549F5E71549DA
:106AD000F3E71549F1E71549EFE71549EDE71549E2
:106AE000EBE71549E9E71549E7E71549E5E71549F2
:106AF000E3E74146E1E73946DFE73146DDE70023DA
:106B000084F88C30BDE8F081473801080C38010862
:106B1000DB370108AC350108D0350108FE35010826
:106B200027360108533601087B360108A3360108D1
:106B3000CC360108F5360108393701085F370108FE
:106B400085370108A83701082DE9F043037993B090
:106B50000446C3B190F88C30013B032B19D8DFE811
:106B600003F00252575C006803685B69984768B19C
:106B7000206803689B6998470023AB4984F88C30F0
:106B80002046FFF7F3FA13B0BDE8F0832046FFF785
:106B900067FDA64B1E6894F885308BB1D4F8883019
:106BA000F31AB3F5FA6F0BD9A1492046FFF7DEFAC5
:106BB000A0492046FFF7DAFA002384F88530637194
:106BC0009B4FDFF87482DFF87492206803685B697A
:106BD00098470028D7D0206803689B6998470A28FF
:106BE0000546C4F888601DD00D281BD02C2819D06C
:106BF0003B2817D001462068FBF784FF2946204632
:106C0000FFF7DEFAE1E713B0BDE8F043FFF72EBF70
:106C100013B0BDE8F043FFF7D1BC13B0BDE8F043BB
:106C2000FFF742BE39462046FFF7A0FA414620460C
:106C3000FFF7D4FA50B1022384F88C30002384F893
:106C40008E30002384F885306371BEE749462046C4
:106C5000FFF7C4FA0028EED179492046FFF7BEFAC3
:106C60000028E8D177492046FFF7B8FA054618B161
:106C70002046FFF7C5FDE4E773492046FFF7AEFA6B
:106C800040B12046FFF734FB032384F88C30A4F88E
:106C90008E50D6E76D492046FFF7A0FA50B1204646
:106CA000FFF726FB032384F88C304FF48073A4F89D
:106CB0008E30C6E766492046FFF790FA40B120467D
:106CC000FFF716FB032384F88C304FF40073EEE7D4
:106CD00060492046FFF782FA40B12046FFF708FBE3
:106CE000032384F88C304FF44073E0E70AAA02A92A
:106CF0002046FFF717FB002846D002A90DF102003D
:106D0000FFF702F920B954492046FFF72FFA98E718
:106D1000524B1B78022B06D09DF80200FEF798FF1D
:106D200008B14F49F0E79DF828303F2B0DD12046A0
:106D3000FFF7DEFA9DF8025020462946FFF7DAFBFE
:106D400029462046FFF76EFB7BE70BB94549DBE799
:106D50009DF802500AA92A460DF10300FFF7BAF97F
:106D600008B94149D0E72046FFF7C2FA2946204634
:106D7000FFF7C0FB9DF80330002B3FF462AF052105
:106D80003A48FAF7A4FF5CE739492046FFF726FAAC
:106D900090B136480621FAF79AFF2046FFF7A8FA85
:106DA0002E4B1B78022B05D02D492046FFF7DEF92C
:106DB0003049A9E73049A7E730492046FFF70EFAE6
:106DC00028B101212948FAF782FF2D499CE72D4976
:106DD0002046FFF703FA90B124480721FAF777FF1E
:106DE0002046FFF785FA1D4B1B78022B05D01C4966
:106DF0002046FFF7BBF9244986E7244984E7244964
:106E000001AA2046FFF7F2F900285AD0019D092D6A
:106E100001D9204978E72046FFF76AFA1E4B1B7814
:106E20009D423DD11D496FE78D3801087044002017
:106E3000A7380108A938010805450108B338010839
:106E4000C0340108E5430108B8380108BB3801081F
:106E5000C0380108C6380108CC38010811070020E5
:106E60000A350108E83801080039010830350020EA
:106E7000133901081A390108313901084539010867
:106E80004A39010861390108683901088139010866
:106E900097390108A339010814030020C7390108F4
:106EA0002A461D480A21FAF714FF1C492068FBF7FF
:106EB0006BFF05F13001C9B22068FBF723FE1849CA
:106EC00022E718492046FFF789F9054640B101231A
:106ED000154984F88C302046FFF748F9134913E729
:106EE00013492046FFF77AF928B1042384F88C303F
:106EF00084F88E50A5E60F492046FFF76FF908B1D8
:106F000003213DE794F885100B4A0C4B00290CBF78
:106F100011461946F8E600BF30350020DC3901087B
:106F20006E320108053A0108F23901080B3A0108EE
:106F3000283A0108323A0108733801087F380108FD
:106F40000148FFF701BE00BF7406002070B5254C54
:106F5000E569AB0607D523689E0604D5606A224B17
:106F6000C0B21B6898471F232806236215D52368E3
:106F7000190612D51D4B1E4A1988138889B29BB277
:106F8000994219D013880133C3F30803138013887F
:106F9000184A9BB2D35CDBB2A3626A0620D51148C3
:106FA00003685B061CD5FBF75BF940230362124BB9
:106FB000BDE870401B6818470A48FBF75AF94023A0
:106FC00023624FF0402202F5806353E8003F43F014
:106FD000400302F5806040E800310029F3D1DCE78E
:106FE00070BD00BF0044004070020020363A00200F
:106FF000343A002034380020740200200848094A3E
:107000000188138889B29BB29942F9D01388013361
:10701000C3F3080313801388034A9BB2D05C704704
:10702000323800203038002030360020FFF7E6BF2D
:1070300070B588B00C4606461546002120226846E9
:107040000AF0BAFF231E18BF01231B03CDE9023546
:1070500069460C23034801960494059309F0E0F96E
:1070600008B070BD0044004010B5064C236823F002
:1070700001032360FFF7DCFF236843F00103236073
:1070800010BD00BF0044004013B5164C2046FBF76E
:10709000DEF819B314484FF400524FF48061FFF743
:1070A000E3FF236823F001032360636843F4004394
:1070B0006360636823F480336360236843F00103F3
:1070C000236001220823CDE9003203231A4604215C
:1070D0004FF09040FBF798FEFBF70EFC012002B04A
:1070E00010BD00BF00440040A086010013B5164C3F
:1070F0002046FBF7ACF819B314484FF400524FF494
:107100008061FFF7B1FF236823F001032360636808
:1071100043F400436360636843F48033636023682F
:1071200043F00103236001220823CDE9003204214A
:10713000032302224FF09040FBF766FEFBF7DCFBD7
:10714000012002B010BD00BF00440040A086010035
:1071500073B5304C236823F0010308252360012612
:107160004FF40030FBF752F80421CDE90056032319
:107170000A224FF09040FBF747FE03231A462946A8
:10718000CDE900564FF09040FBF73EFE002211463D
:107190002148FFF74DFF636823F490436360A368C1
:1071A00023F02A03A3601D4BA02283F8252320226D
:1071B0005A602046FBF75DF8FBF752F84023236244
:1071C000174B00211980174B1980FBF740F8164B1D
:1071D0001980164B1980636823F400636360A36809
:1071E00023F00803A360636823F480436360A3680B
:1071F00023F02203A360A36843F48053A3602368B1
:1072000033432360E3699A02FCD5E3695B02F9D555
:1072100002B070BD00440040801A060000E100E0AA
:10722000343A0020363A002030380020323800202E
:107230000649074A0B8812880133C3F3080392B248
:107240009A421EBF034AD0540B807047363A002042
:10725000343A002034380020F8B5012380F86C302F
:1072600090F8BD30044603F0FF005BB194F8BD50C8
:1072700004F16C070026B3B29D4204D8002384F8C1
:10728000BD300120F8BD17F8010FFFF7D1FF01361F
:10729000F1E700000148FAF7D1BF00BF0044004009
:1072A00007B50E48FAF7D3FF036823F00103036024
:1072B000436823F400434360036843F00103036021
:1072C00000220823CDE90032042103230A224FF0D3
:1072D0009040FBF799FD03B05DF804FB00440040CB
:1072E0000E4B07B51A6822F001021A605A6842F480
:1072F00000425A601A6842F001021A600823002214
:10730000CDE900320421032302224FF09040FBF725
:107310007BFD03B05DF804EBFBF7EEBA00440040E0
:1073200037B50446FFF714FF164B1A6822F0010226
:107330001A605A6842F400325A605A6842F4803245
:107340005A605A6842F400425A601A6842F00102D8
:107350001A6008250123CDE90053022203230421EA
:107360004FF09040FBF750FD0323022229464FF0D7
:107370009040FBF7CEFD204603B0BDE83040FFF75C
:10738000AFBF00BF0044004008B5002383810371F4
:10739000C38003818372036101460448FCF712FD38
:1073A000BDE808400846FFF7BBBF00BF2C360020F1
:1073B000036810B504461B689847237A082B05D943
:1073C0000A2B03D0092B02D00023237210BD23689F
:1073D00020465B6898470028F6D00848036823B128
:1073E000FA21FCF7FFFC0A23EFE72046FFF758FFDE
:1073F0000B232372BDE81040FFF74CBF2C36002052
:1074000001460148FFF7D4BF40180020014601485B
:10741000FFF7CEBF18070020037A0A2B10B50446E9
:1074200007D1FFF73DFF0B232372BDE81040FFF7A4
:1074300031BF10BD0148FFF7EFBF00BF18070020A4
:1074400010B50446FFF74CFF0023237210BD000067
:107450000148FFF7F5BF00BF401800200148FFF7C3
:10746000EFBF00BF1807002008B5017A094A0A29B2
:10747000126801D8026108BD0169521A142AFAD9AA
:1074800000220272FFF72CFF0348FAF7E9FE4023BF
:107490000362F0E770440020004400400238C0B2AC
:1074A00010289ABF014B185C00207047CE45010898
:1074B00010B5464B5A6A037A044692B233B18389B7
:1074C000D31A9BB2FA2B84BF00230372237AA281C2
:1074D000052B1AD8DFE803F0031E2349606C4F29FF
:1074E000B4F8020B12D10123237270B1984209D073
:1074F00007F06AF801463648FBF79CFB35493448EB
:10750000FBF798FB0023A4F8023B10BD0130A4F860
:10751000020BFAE757290CD102232372F5E7002367
:10752000FF29A37207D141F204732381637E002BEC
:10753000EBD00023F1E79F290FD901F01F000122B2
:10754000A27284F83200FFF7A9FF607218B984F8BC
:107550004B200923E1E70523DFE71829E9D80029B3
:10756000F7D0032361722372E0E7B4F86E22B4F817
:107570007202531C0340B4F8700298421EBF1219E5
:1075800082F87412A4F86E32A37A627A0133DBB205
:107590009A42A372DDD9B8E7A27A531C2244DBB227
:1075A000A372D176627A9A42AFD80123A376D0E74C
:1075B000A27A531C2244DBB2A37282F83210627AA0
:1075C0009A42A2D2012384F84B30C2E70044014022
:1075D00028000020203201082DE9F04389B0002363
:1075E00001AFB0F868908DF804300446B846012524
:1075F000B4F86A2048461146EEB2FBF709FAA0B18A
:10760000192D11D091451FBFA318B4F86C1093F831
:107610006E30013214BF0A40002308F8013F18BF42
:10762000A4F86A200135E3E72E46B6B200240134FF
:1076300017F8010BA4B2FFF7FBFDA642F7D8012013
:1076400009B0BDE8F08370B590F8665000F14C04C5
:107650000026B3B29D4200D870BD14F8010FFFF7A9
:10766000E7FD0136F5E770B5457E044605B1FEE756
:10767000012680F84C6090F8663033B1FFF7E3FFE5
:1076800084F866503546284670BDB0F86A10B0F8E8
:107690006800FBF7BDF90028F5D02046FFF79CFFF6
:1076A000F0E7027FC37E02F0070243EA02230B8069
:1076B000838BC3F3CA034B80C369C3F38A338B80C4
:1076C00090F82030C27F03F00F03DB0143EA52033E
:1076D000CB80038CC3F30A130B81036AC3F3CA3351
:1076E0004B8190F8243090F8232003F01F039B0176
:1076F00043EA92038B81838CC3F34A13CB81C38CFF
:10770000C3F30A030B8290F8283090F8272003F087
:107710003F035B0143EAD2034B82836AC3F38A13BC
:107720008B82438DC3F34A03CB8290F82C3090F8C0
:107730002B2003F07F031B0143EA12130B83C36A60
:10774000C3F3CA134B83C38DC3F38A038B8390F8AF
:10775000303090F82F20DB0043EA5213CB8390F8AF
:10776000312040F2547312F0010F14BF1A46AC22BC
:107770000A8490F8312012F0020F08BFAC234B842A
:107780007047437E70B504460D463BB1002303723B
:107790008E18B54203D100232372A37670BD2368EF
:1077A00015F8011B1B6820469847F2E70346407E08
:1077B00030B568B193F8664004F0FF054CB103F1B1
:1077C0004D040C6093F866101170002283F8662057
:1077D00030BD2846FCE7000042766AB301230376F9
:1077E00040F2FF11A0F86C1040F2FF710023A0F8E6
:1077F00072127F2180F84C30A0F86A308376A0F8AE
:10780000683080F84B30A0F8703280F86630A0F80D
:107810006E32A0F8763AA0F8743AA0F8781A80F898
:10782000FA3AC0F8FC3A52B9054B064A1A60064BC0
:10783000064A1A60FFF7A8BD01760029D0D170472B
:1078400070020020017400087402002051740008C6
:10785000F8B5477E04460D4617B100263046F8BD00
:10786000037E002BF9D0FFF7FFFDA37E03F0FF0698
:10787000002BF2D0A77629462046FFF712FFEDE74E
:10788000427E10B50346E2B9007EB8B193F84C4091
:1078900004F0FF0094B11C7983F84C200CB11A71EC
:1078A000DA80DC889A790134052ADC8007D0092A3D
:1078B00005D0012A4FF0000305D10B7010BD012344
:1078C000FBE70020FAE71846F8E70346007E60B1C0
:1078D00093F84B2002F0FF003AB1002283F84B20CE
:1078E00093F8323003F01F030B707047F8B506466B
:1078F0000D461746002119224D300AF05DFB28463F
:10790000FFF7CCFD05F01F050446603D013402463B
:1079100086F84D50394606F14E00E4B20AF02AF9D5
:1079200086F86640F8BD000070B590F8FA4A0CB1D0
:10793000002070BDB0F8745AB0F8763AEE1AB2B2C0
:10794000360444BF803292B2002AF1D00D4A166844
:10795000427E22B1D0F8FC2A921B092AE8D90022E3
:107960009D42C0F8FC6A80F8FA2A08D0C218013398
:1079700092F87A4AB0F8782A1340A0F8763A0C7058
:107980000120D6E77044002010B5314C86B0182293
:10799000002168460AF010FB23788DF8063094F831
:1079A0005430002B41D12B48FDF776F9ADF800009B
:1079B0002848FDF788F99DF8073094F851208DF894
:1079C000030062F303038DF80730234B93F8A020E4
:1079D00092B39DF8052042F001028DF8052093F83E
:1079E000C12093F8C2308DF8042003F00F039DF8F6
:1079F00007201A4863F30712194B8DF807201B79EB
:107A00009DF802205B0043F0010322F0030203F023
:107A1000030313438DF802306A462E230B218DF8A1
:107A20000830FFF763FF06B010BD0E48FDF734F9CC
:107A3000ADF800000B48BCE7BDF8043023F4FF7339
:107A400023F0010343F07F03ADF804300523CEE7B4
:107A5000140300200C3500202C05002040180020C5
:107A600038060020F03400207FB518220021684637
:107A70000AF0A2FA42F6A100F9F78CFEADF8000078
:107A80004FF42150F9F786FE0749ADF802001422A1
:107A900001A8F9F7E9FE05486A460421FFF726FF29
:107AA00007B05DF804FB00BF3D3A01084018002014
:107AB00010B5134C86B01822002168460AF07CFAF3
:107AC00094F8A030C3B1D4F8A400F9F763FEADF880
:107AD0000000D4F8A800F9F75DFE1422ADF802000A
:107AE00004F1AC0101A8F9F7BFFE06486A4605217A
:107AF000FFF7FCFE06B010BD03491422F2E700BFF9
:107B00002C050020401800206E3201082DE9F04FAE
:107B10000C463549282303FB041189B0074620464B
:107B2000FEF7A6F90B79D1F82080FE2B814603D110
:107B30004FF6FF73984206D14146384609B0BDE87A
:107B4000F04F09F0E9BF2046FEF7A6F8002590F8AF
:107B500000B02E46AA462C46EAB240460192F8F7FB
:107B6000F9FA019A013090424FF02D0102D809B084
:107B7000BDE8F08F18F802000AF1200CEC440AF17D
:107B800001032C28DBB20CF8180C00D040BB5E457A
:107B900003D049FA06F0C00718D50DF1080E0022EF
:107BA000D0B254FA82FC83425FFA8CFC08D8544469
:107BB000013404F0FF040136502CF6B20FD9FEE771
:107BC0001EF8010B07F80C000132E9E73955631C78
:107BD000DBB218F80220FA540234E4B2EBE70023D7
:107BE00001359A46B8E700BF4C460108044B1870AF
:107BF000044B0548002207211A70FAF7FDBE00BFAA
:107C00008830002089300020B422002008B50B788D
:107C1000033B082B20D8DFE803F010050C1F1A1FC8
:107C20001F1F0E00042100F67420BDE80840FAF77B
:107C3000E3BE0521F7E70B21F5E7042100F67420E8
:107C4000FAF7DAFE0521FAF7D7FE0B21EDE7BDE8DA
:107C500008404878FFF7CABF08BD000070B56E4DF8
:107C60002C782D2C86B00ED91822002168460AF0F7
:107C7000A3F9FF2369488DF800306A460721FFF712
:107C800035FE06B070BD664E317800294BD1022317
:107C900033701822634E68460AF08EF9282303FBDE
:107CA00004638DF800401B79FE2B27D0FF2B2DD0CD
:107CB000022B09D1012320468DF80130FDF7ECFF9E
:107CC00090F900308DF812302B78282202FB0366E1
:107CD0000DF10200B1681022F9F7C6FD4F480721E7
:107CE0006A46FFF703FE29784F48FFF70FFF4F481A
:107CF000072106B0BDE87040FAF77EBE0423204697
:107D00008DF80130FDF7C8FF0378DBE70523204637
:107D10008DF80130FDF7C0FF062201460DF112007B
:107D2000F9F7A2FDD0E7022942D1002118226846C6
:107D300031700AF041F93B4B8DF80040282202FBDC
:107D400004331A79022A0DD0FE2A1BD06A46082174
:107D50003248FFF7CBFD3378002BC8D12B780133A5
:107D60002B708EE71A7D8DF805201A7E8DF8012084
:107D70001A7F8DF80320196906220DF10700F9F723
:107D800073FDE3E75B6A83B11B882749ADF80130D7
:107D900015220DF10300F9F767FD2348F8F7DAF92A
:107DA000142884BF03233370D0E74FF6FF73ECE74A
:107DB000032917D100211822684631700AF0FCF817
:107DC0001B498DF8004017220DF10100F9F74CFD19
:107DD0001548F8F7BFF92B2884BF042333706A468F
:107DE0000921B5E783D900211822684631700AF0CD
:107DF000E3F80DF101000F498DF800401722F9F763
:107E000033FD9DF800300548803B6A4609218DF816
:107E10000030FFF76BFDA1E78830002040180020FC
:107E2000893000204C4601088A300020B42200200E
:107E30009F300020B630002010B500230B700246A2
:107E400000782D280C4611D8094B282101FB00335E
:107E50001B79FF2B06D0B2F90110FDF739FF207016
:107E6000012010BD511CFDF757FFF8E71846F8E751
:107E70004C460108043807280DD8DFE800F0040656
:107E80000C080C0C0C0AFFF7EFBDFFF711BEFFF753
:107E9000E5BEFFF779BD7047D20638B505460C46FA
:107EA00004D5BDE83840204909F036BECB044CBFAC
:107EB0001E491F4909F030FEA1070BD51D49284670
:107EC00009F02AFEE3072ED428461B49BDE83840B6
:107ED00009F02ABEA20501D51849F0E7230601D50D
:107EE0001749ECE7E00501D51649E8E7164BA3432F
:107EF00001D11649E3E7E10301D51549DFE7220582
:107F000001D51449DBE7E30601D51349D7E760073C
:107F100001D51249D3E7210701D51149CFE7E20284
:107F2000D0D51049CBE738BD523A0108573A01087D
:107F30005B3A0108603A0108853A0108653A010890
:107F40009D3F010890410108100001006A3A0108B4
:107F50006F3A0108FD3F0108743A0108773A0108B9
:107F60007C3A0108803A010810B514220446002129
:107F70002A300AF021F80023C4F8D032A4F8D43211
:107F8000C4F8D832FF2384F8DC3210BD0B68C0F887
:107F900090304B68C0F894300B7A80F89830012309
:107FA00080F82D3080F8333090F89630DB0980F877
:107FB000D5327047993001F1280351F8042B40F86D
:107FC000042B9942F9D10B8803808B78837070471A
:107FD00010B500F1C40301F1340251F8044B43F829
:107FE000044B9142F9D1012380F82E3010BDF830B6
:107FF00001F11C0351F8042B40F8042B9942F9D1EC
:108000000B780370704710B500F2151301F11C02D4
:1080100051F8044B43F8044B9142F9D1012380F805
:10802000323010BD10B500F2311301F11C0251F8CD
:10803000044B43F8044B9142F9D140F201134385BC
:10804000012380F8303080F8D23290F8D53253B91D
:1080500090F8D4323BB9D0F83931C0F82C32D0F88E
:108060003531C0F8283210BD00F2671001F110035D
:1080700051F8042B40F8042B9942F9D10B88038066
:10808000704700F24D1001F1180351F8042B40F82D
:10809000042B9942F9D10B880380704710B500F288
:1080A000791301F1140251F8044B43F8044B914247
:1080B000F9D1012380F83130D0F8993013F0100352
:1080C00008D0D0F89D3013F010031CBFD0F8A130B9
:1080D000C3F3001380F83D3010BD00F28D1001F1A4
:1080E000140351F8042B40F8042B9942F9D10B8862
:1080F0000380704791F8203030B57BB90B4600F211
:10810000A31201F1340453F8045B42F8045BA34268
:10811000F9D11B881380012380F82F3091F820308B
:10812000012B0ED100F2D91301F1340251F8044BA6
:1081300043F8044B9142F9D10A881A80012380F850
:10814000343030BD0B68C0F80F324B68C0F81332C2
:108150000B7A80F81732012380F8D33270470B680E
:10816000C0F818324B68C0F81C32012380F8323056
:1081700070470B68C0F820324B68C0F824320123E6
:1081800080F83630704710B500F50A7301F13C02F3
:1081900051F8044B43F8044B9142F9D1012380F884
:1081A000303080F8D43210BD10B500F5197301F1EC
:1081B000340251F8044B43F8044B9142F9D10A8838
:1081C0001A80012380F82C3010BDF0B500252C4614
:1081D0000126AB4206D803680C4004FA02F21343AE
:1081E0000360F0BD06FA05F73C430135F1E770B5D1
:1081F0000446084694F82A6016B90026304670BD39
:1082000094F8E0300022022B84F82A20F5D90A6085
:10821000D4F83551002DC8BF6D423223B5FBF3F1C0
:108220001E2301EB4101FFF7D0FFD4F835110223E3
:108230001E22C90FFFF7C9FFE0E770B504460846E4
:1082400094F82B6016B90026304670BD94F8E030E3
:108250000022022B84F82B20F5D9D4F83951026082
:10826000002DC8BF6D423223B5FBF3F11E2301EB95
:108270004101FFF7AAFFD4F83931002B4FF0020378
:108280004FF01E02B4BF03211946FFF79EFFDBE744
:1082900038B50446084694F8D022AAB994F82C3090
:1082A000DBB384F82C2004F5197304F29A2204F548
:1082B000267153F8045B42F8045B8B42F9D11B88AA
:1082C00013800123A4F8D03200230360182594F80A
:1082D000D132312B06D85A1C234484F8D12293F88A
:1082E0009B12E1B994F89A12012319400722FFF773
:1082F0006CFF94F89A1201230F22C1F34001FFF79B
:1083000064FF94F89A1201231722C1F38001FFF74A
:108310005CFF002384F8D0320123184638BD2A467A
:10832000083D0723EDB2FFF750FFF82DCFD194F8A9
:10833000D132312BD6D8EFE703462DE9F04793F839
:108340002D600846002E62D093F81552D3F8901095
:10835000B3F88B4193F8D58293F8D3720022AD1A0B
:1083600083F82D2001F1010118BF01254CB1632CC8
:10837000D7BFC4EB84143F2431346422D8BFB4FB8C
:10838000F2F4B3F91331002B44D0642293FBF2F3DF
:10839000522BA8BF5223132BB8BF1323A3F11309E9
:1083A0004FF0000A05235246C0F800A0FFF70DFF6A
:1083B000022305225146FFF708FF41460123072209
:1083C000FFF703FF01230822FFF7FFFE51460123B9
:1083D0000922FFF7FAFE02230A22FFF7F6FE012325
:1083E0000C22FFF7F2FE01230D223946FFF7EDFEC6
:1083F00001230E222946FFF7E8FE07231322214618
:10840000FFF7E3FE06231A224946FFF7DEFE304659
:10841000BDE8F0879946C3E72DE9F84390F82E8030
:108420000D46B8F1000F3AD090F8E1300021FF2B53
:1084300080F82E1003D00F2B28BF0F23194690F879
:10844000E090B9F1030F2DD84FF000062FD07F2711
:108450003446002228462A600423FFF7B6FE022392
:1084600004224946FFF7B1FE012202213846F9F7FE
:1084700037FC0823014606222846FFF7A6FE022302
:108480000E223146FFF7A1FE022211462046F9F7DF
:1084900027FC0A23014616222846FFF796FE40468F
:1084A000BDE8F883A9F10306062E28BF06260A2395
:1084B000B0F8D870D0F8D440B7FBF3F70B4B7F2F50
:1084C000A8BF7F279C4208DC094B9C4209DB642340
:1084D0004FF0030994FBF3F4BBE7064C4FF003099C
:1084E000B7E7054C4FF00309B3E700BFC3C9C100AC
:1084F0003D363EFF18F00100E80FFEFF2DE9F04F7A
:1085000090F8303085B005460E462BB90023009315
:10851000009805B0BDE8F08F002380F8303090F867
:10852000D2320093002BF1D0D0F82802F8F718FBD4
:108530006A49F8F769FB6A49F8F766FB8146D5F89E
:108540003501F8F70DFB6549F8F75EFB6449F8F76C
:108550005BFB8046484608F023F88346404608F017
:108560001FF80746D5F83901F8F7FAFA5B49F8F72A
:108570004BFB5B49F8F748FB0446D5F82C02F8F7AB
:10858000EFFA5649F8F740FB5549F8F73DFB01462D
:108590002046F8F72FFA824608F038F80190404656
:1085A00008F034F80446484608F030F80390504686
:1085B00007F0F6FF214602905846F8F725FB039B8B
:1085C000044619463846F8F71FFB029A1146F8F799
:1085D0001BFB01462046F8F70DFA01990446384680
:1085E000F8F712FB214607F0D9FF3E49F8F70CFBDC
:1085F00000210446F8F7A6FC20B120463A49F8F7D6
:10860000FBF904462046F8F7DBFC80B2A0F1B40485
:1086100024B2002CBCBFB43004B2B4F5B47FA8BF00
:10862000A4F5B47449464046A8BF24B2F8F7E2F96D
:108630004FF07C51F8F7E8FA07F0E8FF4FF07C5173
:1086400080465046F8F7E0FA07F0E0FF0146F8F7F9
:10865000DBFA5946F8F7D8FA3946F8F7D5FA414621
:1086600007464046F8F7D0FA01463846F8F7C4F90D
:1086700007F034FF002707F071FF1C49D5F841517E
:108680003760642395FBF3F5F8F7BEFAF8F798FC2A
:10869000F8F766FAF8F794FC02220321F9F720FBB9
:1086A0000C2301463A463046FFF78FFD2846F8F77F
:1086B00057FAF8F785FC02220321F9F711FB0D2385
:1086C00001460C223046FFF780FD072319220321C3
:1086D00094FBF1F1FFF779FD1AE700BF95BFD633A0
:1086E00035FA8E3CE12E65420000B443706D424B7A
:1086F0002DE9F84390F8319004460D46B9F1000F8A
:108700003BD000261E4980F83160D0F88501F8F78B
:108710007BFA07F0FFFE1A498046D4F87D01F8F78E
:1087200073FA07F0F7FEB4F989112E600746404648
:1087300001EB8104F8F744FC01220221F9F7D0FA99
:108740000923014632462846FFF73FFD3846F8F731
:1087500037FC01220221F9F7C3FA08230146092256
:108760002846FFF732FD0B2311222146FFF72DFD8E
:1087700001231C223146FFF728FD4846BDE8F88357
:10878000000020412DE9F84390F83D9004460D4645
:10879000B9F1000F3BD000271E4980F83D70D0F89A
:1087A0008501F8F731FA07F0B5FE1A498046D4F88A
:1087B0007901F8F729FA07F0ADFEB4F989112F60B5
:1087C0000646404601EB8104F8F7FAFB012202213C
:1087D000F9F786FA092301463A462846FFF7F5FCE1
:1087E0003046F8F7EDFB01220221F9F779FA082368
:1087F000014609222846FFF7E8FC0B2311222146F7
:10880000FFF7E3FC01231C221946FFF7DEFC484674
:10881000BDE8F883000020412DE9F84390F832903C
:1088200004460D46B9F1000F46D00027244980F8D0
:108830003270D0F81901F8F7E7F92249F8F7E4F9AE
:108840002149F8F7D9F807F065FE1D498046D4F8AC
:108850001D01F8F7D9F91B49F8F7D6F91B49F8F7C4
:10886000CBF807F057FE1A490646D4F81802F8F775
:10887000CBF907F04FFE2F6004464046F8F7A0FB07
:108880000B2301463A462846FFF79FFC3046F8F78F
:1088900097FB0A2301460B222846FFF796FC204649
:1088A000F8F78EFB01220321F9F71AFA0B23014690
:1088B00015222846FFF789FC4846BDE8F88300BF2B
:1088C000E12E65420000A040000061440000E14349
:1088D0000000C84238B50346084693F8334014B93F
:1088E0000024204638BD93F8DC220132D2B20021A8
:1088F000032A83F833100FD983F8DC1293F894100D
:108900000125002202601823FFF75FFC08231822CC
:108910002946FFF75AFCE4E783F8DC22002AEDD071
:10892000012ADDD1D3F8D8120029D9D00425E8E7EF
:108930001C2945D8DFE801F00F121416181A1C1E66
:1089400044204422442426282A2C2E30323436381F
:108950003A3C3E4042001B4909F0DEB81A49FBE7A9
:108960001A49F9E71A49F7E71A49F5E71A49F3E707
:108970001A49F1E71A49EFE71A49EDE71A49EBE717
:108980001A49E9E71A49E7E71A49E5E71A49E3E727
:108990001A49E1E71A49DFE71A49DDE71A49DBE737
:1089A0001A49D9E71A49D7E71A49D5E71A49D3E747
:1089B0001A49D1E71A49CFE71A49CDE71A49CBE757
:1089C0001A49C9E7943F01085B3A0108873A010850
:1089D0008C3A0108913A0108963A01089B3A01083D
:1089E000A03A0108A53A0108AA3A0108AF3A0108DD
:1089F000B43A0108B93A0108BE3A0108C33A01087D
:108A0000C83A0108CD3A0108D23A0108D73A01081C
:108A1000DC3A0108E13A0108E63A0108EB3A0108BC
:108A2000F03A0108F53A0108FA3A01086E320108F5
:108A3000192941D8DFE801F00D10121416181A1C7C
:108A40001E4020222426282A2C2E30323436383A52
:108A50003C3E1A4909F060B81949FBE71949F9E7A2
:108A60001949F7E71949F5E71949F3E71949F1E712
:108A70001949EFE71949EDE71949EBE71949E9E722
:108A80001949E7E71949E5E71949E3E71949E1E732
:108A90001949DFE71949DDE71949DBE71949D9E742
:108AA0001949D7E71949D5E71949D3E71949D1E752
:108AB0001949CFE71949CDE71949CBE7653A0108CC
:108AC000A03A0108943F0108FF3A01085B3A010807
:108AD000043B0108093B01080E3B0108B93A0108B3
:108AE0008C3A01089B3A0108963A0108133B0108A9
:108AF000CD3A0108913A0108183B01081D3B0108D5
:108B0000223B0108273B01082C3B0108313B0108AF
:108B1000363B01083B3B0108403B0108453B01084F
:108B20006E320108102925D8DFE801F0090C240E67
:108B30001012141618241A1C1E24242022000E4978
:108B400008F0EABF0D49FBE70D49F9E70D49F7E7E2
:108B50000D49F5E70D49F3E70D49F1E70D49EFE759
:108B60000D49EDE70D49EBE70D49E9E70D49E7E769
:108B70000D49E5E70D49E3E7653A01085B3A01086D
:108B80004A3B010890410108963A0108E13A010880
:108B90004F3B0108543B01088C3A01089B3A0108FD
:108BA000D73A0108913A0108183B01086E320108D2
:108BB000142921D8DFE801F00B0E10121420201622
:108BC00020182020202020201A20201C1E000B49C5
:108BD00008F0A2BF0A49FBE70A49F9E70A49F7E7A3
:108BE0000A49F5E70A49F3E70A49F1E70A49EFE7D5
:108BF0000A49EDE70A49EBE70A49E9E7943F01082A
:108C00005B3A0108593B01088C3A0108913A010886
:108C1000A03A01085E3B0108BE3A0108653A010826
:108C2000633B01086E32010823289ABF014B185C90
:108C300002207047DF4501080B46013B1146032B1C
:108C40000BD8DFE803F002040608FFF771BEFFF758
:108C5000EFBEFFF767BFFFF7ABBF014908F05CBF8E
:108C60006E32010838B5384B0446821C03F12801E6
:108C700053F8040B42F8040B8B42F9D10025294626
:108C8000C4E9245584F898502B2204F1990009F086
:108C900093F92946342204F1C40009F08DF92946DC
:108CA0001D2204F1F80009F087F929461C2204F27C
:108CB000151009F081F929461C2204F2311009F03F
:108CC0007BF929461A2204F24D1009F075F929465C
:108CD000122204F2671009F06FF92946142204F2F7
:108CE000791009F069F92946162204F28D1009F06D
:108CF00063F92946362204F2A31009F05DF92946EA
:108D0000362204F2D91009F057F92946C4E98655EC
:108D1000C4E98855C4F80F52C4F8135284F81752A6
:108D20003C2204F50A7009F047F92946362204F579
:108D3000197009F041F93622294604F29A2009F007
:108D40003BF9204638BD00BF743001082DE9F04FD3
:108D5000C77E837E457F867F90F820E090F82B8049
:108D600090F819C0BF000C4647EA931703F03F0183
:108D7000037F03F0010247EA822705F00F02D201C8
:108D800042EA530206F07F031B0143EA1513C57F35
:108D900089B06D0045EAD6150EF00306059345EA45
:108DA000462390F82160009306F01F05AD0145EAC7
:108DB0009E0390F8225090F824E00193ED0045EADC
:108DC000561390F8235002930EF0070645EA062347
:108DD00090F82550039305F03F06760146EADE033E
:108DE00090F8266090F827E00493B60046EA9516BE
:108DF0000EF0010546EA852690F82850069205F007
:108E00000F0B4FEACB1B4BEA5E0B90F829E00EF0FC
:108E10007F0A4FEA0A1A4AEA151A90F82A506D009A
:108E200045EADE1508F0030E45EA4E2590F82CE0E1
:108E30000EF01F094FEA891949EA9809490190F88B
:108E40002D80007E41EADC010CF0070C40EA0C208A
:108E50004FEAC80848EA5E180791F8F71DFB079922
:108E600020800846F8F718FB60803846F8F714FBB6
:108E7000069AA0801046F8F70FFB059BE080184685
:108E8000F8F70AFB20810098F8F706FB608101984B
:108E9000F8F702FBA0810298F8F7FEFAE081039848
:108EA000F8F7FAFA20820498F8F7F6FA608230466A
:108EB000F8F7F2FAA0825846F8F7EEFAE082504648
:108EC000F8F7EAFA20832846F8F7E6FA608348467E
:108ED000F8F7E2FAA0834046F8F7DEFAE08309B03B
:108EE000BDE8F08F4A78013A92B202310020F8F7DB
:108EF00035BB000038B504460175002937D0002580
:108F000080F8BD50034680F86C5000F1500280F8A4
:108F1000655080F8665080F8675080F8685080F897
:108F20006A5080F86B5083F88451C3F88851083335
:108F30009342F8D14FF6FF73A4F8BE300C4BC4F83F
:108F4000C03004F5EA70FFF70FF80A4B0A4A1A60BE
:108F50000A4B0B4AC4F8B454A4F8B854C4F8BC542F
:108F600020461A60FEF710FA064B074A1A6038BD11
:108F70000000C07F700200200D7400087402002001
:108F80005D7400082C36002035740008037D70B530
:108F900004460D4613B90026304670BDFEF764FA4C
:108FA00094F8653003F0FF06002BF4D0002384F81A
:108FB000653004F115012046FFF794FFA37D23449B
:108FC0009B7D8342E7D129462046FFF7BFFEE3E7BA
:108FD0000346007D30B560B393F86C4004F0FF00A9
:108FE0003CB31D79002483F86C403DB1132A1C71F9
:108FF00011D8114C22784AB901222270DA88541C07
:10900000D2B2DC8052B903230B7012E0013AD2B223
:109010002270002AF2D10022DA80EFE793F867206D
:1090200002F0FF0432B1002283F8672005230B70A1
:10903000204630BD0423E7E736060020027D0346C4
:109040000AB90020704790F8682002F0FF0022B1B2
:10905000002283F868200A70704793F86A2002F0B3
:10906000FF002AB1002283F86A2001230B707047A9
:1090700093F86B2002F0FF0022B1002283F86B20EE
:109080000223F3E793F8662002F0FF00002AD8D00D
:10909000002283F866205A7DEE2AD2D1DB7D812B17
:1090A000CFD10323E2E738B504461D46EA2308463C
:1090B00084F86D30AB1C114684F86E302A4684F873
:1090C0006F0004F1700008F055FD04F16D012046B9
:1090D000FFF708FF6319043583F87000EDB284F8D8
:1090E000BD5038BD13460A468221FFF7DCBF0000A1
:1090F00070B50C4600F1DC06054610220021304612
:1091000008F05AFF6379032B10D12079FFF78CFD0B
:1091100022680146D2B23046FFF78EFD94F9063040
:10912000002B03DB0349304608F0FEFC012385F8E1
:10913000843170BD853A010837B504460D4608688C
:10914000496850EA010331D0194A0023F7F7CEFFEE
:10915000CDE90001684608F01BFE436903F26C7319
:109160005BBAA4F8D3300369114A013384F8D530CF
:10917000C36884F8D630836884F8D730436884F8AD
:10918000D830036884F8D930286869680023F7F775
:10919000ADFF104619464FF47A720023F7F7A6FF89
:1091A00040BA0123A4F8DA0084F8CC3103B030BD12
:1091B00040420F00002310B51A464FF6FF74191DE8
:1091C00000EB410101334988A14218BF52180A2B14
:1091D000F5D1B0F829301344B0F82B201A44B0F878
:1091E0002D30B0F82F001344184410BD2DE9F04184
:1091F00090F82F7004460D4697B3002680F82F6034
:1092000000F2A310FFF7D6FFB4F9C131D4F8A3815F
:109210002E60B342B8BF34464FF0640290FBF2F1C7
:10922000A8BF0A222846A8BF93FBF2F40923002214
:10923000FEF7CBFF012202212046F8F751FD08235B
:10924000014609222846FEF7C0FF47F6FF71414557
:109250004FF00F034FF01102A8BF4146FEF7B5FFD4
:109260003846BDE8F0812DE9F04190F834700446AD
:109270000D4697B3002680F8346000F2D910FFF74E
:1092800099FFB4F9F731D4F8D9812E60B342B8BF51
:1092900034464FF0640290FBF2F1A8BF0A22284640
:1092A000A8BF93FBF2F409230022FEF78EFF0122F0
:1092B00002212046F8F714FD08230146092228461A
:1092C000FEF783FF47F6FF7141454FF00F034FF064
:1092D0001102A8BF4146FEF778FF3846BDE8F0818D
:1092E000F0B591B00D46F22301A904461646ADF83B
:1092F0000830FFF721F838B12389ADF80A30019B17
:10930000039301238DF8093001A92046FFF7F0F9F6
:1093100070B19DF8093010A9062202FB0312218AC0
:1093200022F8361C0133019942F8341C8DF80930BB
:1093300001A92046FFF726FA70B19DF8093010A95F
:10934000062202FB0312218D22F8361C01330199FB
:1093500042F8341C8DF8093001A92046FFF75CFA69
:1093600070B19DF8093010A9062202FB0312618A30
:1093700022F8361C0133019942F8341C8DF809306B
:1093800001A92046FFF748F870B19DF8093010A9EF
:10939000062202FB0312618922F8361C013301996F
:1093A00042F8341C8DF8093001A92046FEF71FFF52
:1093B00070B19DF8093010A9062202FB03126188E2
:1093C00022F8361C0133019942F8341C8DF809301B
:1093D00001A92046FEF731FF70B19DF8093010A9B0
:1093E000062202FB0312A18822F8361C01330199E0
:1093F00042F8341C8DF809309DF80970082F11D8F7
:1094000001A92046FFF7F2FE60B110AA062303FB74
:109410000723A28923F8362C0137019A43F8342C0C
:109420008DF809709DF80970082F11D801A9204600
:10943000FFF719FF60B110AA062303FB0723E28A96
:1094400023F8362C0137019A43F8342C8DF8097033
:109450009DF80970082F11D801A92046FFF74EF892
:1094600060B110AA062303FB0723E28923F8362CF8
:109470000137019A43F8342C8DF809709DF8097072
:10948000082F11D801A92046FFF724FA60B110AACD
:10949000062303FB0723A28A23F8362C0137019AFF
:1094A00043F8342C8DF809709DF80970082F11D8F5
:1094B00001A92046FEF7ECFE60B110AA062303FBCB
:1094C0000723E28823F8362C0137019A43F8342C1D
:1094D0008DF809709DF8090050B100EB4000430081
:1094E0000233DAB2327002A9284608F043FB0120A9
:1094F00011B0F0BD2DE9F04F334B04461F6806460E
:1095000000F15001034697B040F6C4100125D3F88E
:10951000882122B1BA1A824288BF83F88451083365
:109520008B42F4D14FF000088DF8078004F17809E0
:10953000254604F16D0A96F884319DF807B05BB3B7
:1095400095F814310BEB03022B2A0DDD9DF8075023
:1095500045B32A4602A904F16D0008F00BFB84F81C
:10956000BD5017B0BDE8F08F86F88481C6F88871C9
:10957000D5F8102195F80C112046FFF794FD02ABA9
:1095800003EB0B0094F8BD20514608F0F3FA94F871
:10959000BD305B448DF807300C354D4506F10806AB
:1095A000C9D1D3E70DF1070202A904F5EA70FFF76C
:1095B00097FE0028D5D09DF8073002AA80212046CA
:1095C000FFF771FDCDE700BF7044002070B591F842
:1095D000205004460E465DBB0846FFF7EBFD6423B2
:1095E00090FBF3F040BAA4F8EC00B6F91E30591C19
:1095F0001CBF0A2593FBF5F56DBAA4F8EE5033684D
:109600000C4A23EAE373934228BF13461A0C84F8EA
:10961000F0201A0A84F8F12084F8F23096F9233009
:109620005A1C08BF002384F8F330012384F8C431A6
:1096300070BD00BFFFFF7F0038B50D4604460F49DF
:10964000A868F7F7E1FAF7F7BBFC40BAA4F8F40012
:1096500068680A49F7F7D8FAF7F7B2FC40BAA4F8F5
:10966000F600E8680549F7F7CFFAF7F7A9FC0123F8
:1096700040BAA4F8F80084F8943138BD00401C4684
:1096800010B54B681BBAC0F8C4308B681BBA4FF4D6
:109690007A72C0F8C830CB6893FBF2F313440446E7
:1096A00083F310035BBAA0F8D0304B8B5BBA11493F
:1096B000A0F8CE30D0F8C000F7F7A6FA0E49F7F7B9
:1096C000A3FAF7F7A3FC40BA94F8BE30A4F8CC0094
:1096D000FF2B0CD094F8BF20FF2A02D0934238BF52
:1096E000134684F8D230012384F88C3110BD002356
:1096F000F7E700BF000020416666664070B50D4682
:1097000004460D492868F7F77FFAF7F77FFC40BA5F
:109710000126A4F8FF0084F8AC616B68C4F8C0307F
:10972000E8680649F7F770FAF7F74AFC40BAA4F878
:10973000FA0084F89C6170BD000010420000C8422D
:1097400070B50D46044611496868F7F75DFAF7F7FA
:109750005DFC00BAC4F80401B5F90C3001261BBA4F
:10976000C4F8083184F8BC6184F80161B5F90C00D3
:10977000F7F7F6F90649F7F747FAF7F721FC40BA89
:10978000A4F8020184F8B46170BD00BF0000C842B3
:10979000CDCCCC3D70B58A68C2F317023E2A90B09A
:1097A00004460B4600F0968141D8212A26D8172A74
:1097B0000AD8012A00F03481022A00F09480002A9D
:1097C00000F0848010B070BD183A092AFAD801A1BF
:1097D00051F822F03D990008C5970008C597000888
:1097E0006D9A0008C5970008DF99000821990008C4
:1097F000C5970008C5970008C39900082A2AE1D137
:109800004D78112D01F10C0100F256812A4601A874
:1098100008F0B0F901ABC5F112020021581908F0A7
:10982000CBFB01A904F5EA70FEF71EFCCAE7A22AE9
:1098300000F09A812DD8882A00F070811AD84A2A1F
:1098400000F0B2807C2ABDD14D78382D01F10C0199
:1098500000F29C802A4601A808F08CF901ABC5F102
:1098600039020021581908F0A7FB9DF8253084F82B
:10987000BF30A7E7932AA5D101A8F8F725FE01A9D3
:109880002046FFF7A3FE01A904F5EA70FEF732FCBB
:1098900098E7F22A00F07A810DD8AD2A00F06D81A8
:1098A000E22A8FD101A8F8F761FE01A904F5EA7058
:1098B000FEF75FFC86E7FD2A84D101A8F8F704FED5
:1098C00001A904F5EA70FEF76FFC7BE701A8F8F741
:1098D00033FE01A92046FFF70BFC01A904F5EA704D
:1098E000FEF754FB6EE74D780B2D01F10C0610D8F6
:1098F0002A46314601A808F03DF901ABC5F10C023A
:109900000021581908F058FB01A92046FFF714FC64
:1099100058E7C868716801AA03C2B0681060F3E72D
:10992000194601A8F8F7EDFD01A92046FFF784FECE
:1099300001A904F5EA70FEF766FB43E75D78332D75
:1099400003F10C0114D82A4601A808F013F901AB61
:10995000C5F134020021581908F02EFB9DF8213082
:1099600084F8BE3001A904F5EA70FEF731FB29E75F
:109970000A4601AD3C33106851682E4603C60832D2
:109980009A423546F7D110683060E7E70A4601ADE4
:109990004433106851682E4603C608329A42354651
:1099A000F7D11378337060E701A8F8F772FE01A9C8
:1099B0002046FFF7A3FE01A904F5EA70FEF76EFB4F
:1099C00000E7194601A8F8F79CFD01A92046FFF71A
:1099D00057FE01A904F5EA70FEF724FBF2E65D7874
:1099E0000F2D03F10C010FD82A4601A808F0C2F888
:1099F00001ABC5F110020021581908F0DDFA01A9E8
:109A00002046FFF79DFEDDE60A4601AE1C331068D6
:109A10005168354603C508329A422E46F7D1EEE723
:109A20004D782A2D01F10C0110D82A4601A808F022
:109A3000A1F801ABC5F12B020021581908F0BCFABE
:109A400001A904F5EA70FEF7B5FABBE60A4601ADD6
:109A50003433106851682E4603C608329A423546A0
:109A6000F7D111889378B3703180E9E75D781C2DC8
:109A700003F10C0110D82A4601A808F07BF801ABCD
:109A8000C5F11D020021581908F096FA01A904F544
:109A9000EA70FEF7ACFA95E60A4601AD2433106889
:109AA00051682E4603C608329A423546F7D11068EF
:109AB000306013793371E9E70A4601AD1C33106851
:109AC00051682E4603C608329A423546F7D11388AC
:109AD0003380A6E64D78192D01F10C0110D82A46E5
:109AE00001A808F047F801ABC5F11A020021581986
:109AF00008F062FA01A904F5EA70FEF7C2FA61E61D
:109B00000A4601AD2433106851682E4603C6083258
:109B10009A423546F7D113883380EBE74D78152DFF
:109B200001F10C0110D82A4601A808F023F801AB76
:109B3000C5F116020021581908F03EFA01A904F5F2
:109B4000EA70FEF7CAFA3DE60A4601AD1C3310681A
:109B500051682E4603C608329A423546F7D110683E
:109B600030609388B380E9E701A8F8F7E5FC01A924
:109B700004F5EA70FEF7E6FA24E601A8F8F7F6FC29
:109B800001A904F5EA70FEF7EAFA1BE64D783B2DD1
:109B900001F10C0110D82A4601A807F0EBFF01AB38
:109BA000C5F13C020021581908F006FA01A904F594
:109BB000EA70FEF7E8FA05E60A4601AD443310689C
:109BC00051682E4603C608329A423546F7D11068CE
:109BD0003060EBE74A7922B18B79012B01D1FFF795
:109BE000D9BD7047B0F5E16F03DC10F5E16F04DB20
:109BF0007047A0F5616000B2F4E700F5616000B263
:109C0000F3E7000038B5B0F8B8340D4613F008019A
:109C1000AA8808BFC0F8901113F0020308BFC0F86B
:109C2000A831B2F5005F044600F0A78007D86C2A7F
:109C300017D06D2A00F08F806A2A60D038BD42F2BA
:109C400002039A423BD042F6FF739A42F6D1D0F813
:109C5000BC24A968DC30FEF71FF9012384F88431A5
:109C6000ECE7B5F90A00FFF7BDFFF6F779FF4749C2
:109C7000F6F7CAFFF7F7A4F940BAA4F8F400B5F96B
:109C80000800FFF7AFFFF6F76BFF4049F6F7BCFFA0
:109C9000F7F796F940BAA4F8F600B5F90C00FFF70B
:109CA000A1FFF6F75DFF3A49F6F7AEFFF7F788F93F
:109CB000012340BAA4F8F80084F89431BEE7B5F85F
:109CC00009300A22B3FBF2F35BBAA0F8EC30B5F826
:109CD0000B30B3FBF2F35BBAA0F8EE30D5F81130DD
:109CE00080F8F2301A0C80F8F0201A0A80F8F1207F
:109CF0006B7F80F8F330012380F8C4319EE70029A0
:109D00009CD0D5F80A301BBAC0F8C430D5F80E3054
:109D10001BBAC0F8C830AB8A2422534332336422C2
:109D2000B3FBF2F35BBAA0F8CC30EB8A0A214B43C9
:109D30005BBAA0F8CE30D0F8B43493FBF2F303F55D
:109D40007A735BBAA0F8D0306B7A80F8D2300123F6
:109D500080F88C3172E7B5F90C2052BAA0F8FA20DD
:109D6000012280F89C21002B3FF468AFD5F80E301B
:109D7000C0F8B43480F88C2160E7AB89A0F8B8341F
:109D8000D5F81130C0F8BC3458E700BF58A08B415B
:109D90006E882E437FB5244D044695F99200F7F75F
:109DA000B3FB00268DF8040028468DF80560F7F710
:109DB000FBFA95F895301D4D8DF80600A8788DF8C2
:109DC00008308DF80760F7F78FFB95F852308DF863
:109DD000090013B995F8543023B31548FAF773FF07
:109DE000F7F75CFB8DF80A000F48F7F7B8FAF7F7BA
:109DF0008BFB8DF80B000C48F7F7C3FA8DF80C00BD
:109E00000948F7F7B5FA8DF80D000748F7F7D7FAC4
:109E10000A238DF8050001AA14212046FFF743F913
:109E200004B070BD0348D9E7383200201403002085
:109E3000F03400200C35002073B504461B481C4D3F
:109E4000F7F78DFAF7F760FB8DF800001748F7F782
:109E500086FA95F85230064613B995F8543013B384
:109E60001448FAF719FF01463046F7F757FB8DF80B
:109E700001000E48F7F785FA8DF802000B48F7F756
:109E800077FAFF238DF80300A8788DF80430F7F7F0
:109E900033FB06238DF805006A461D212046FFF797
:109EA00002F902B070BD0448DBE700BF3832002081
:109EB00014030020F03400200C35002073B51D4C35
:109EC000054694F99200F7F71FFB94F992601A4C3B
:109ED0008DF8000094F8523013B994F8543023B33D
:109EE0001648FAF7D9FE01463046F7F717FB8DF80A
:109EF00001001048F7F758FA00238DF8033094F862
:109F000052308DF8020013B994F854307BB10B48ED
:109F1000FAF7D9FEC3B28DF804306A4605231C2136
:109F20002846FFF7C0F802B070BD0548D9E70448DD
:109F3000EEE700BF3832002014030020F034002088
:109F40000C35002030B595B04EF6EA631A49ADF8ED
:109F50000030044614220DF10200F7F797FC0DF1D2
:109F60000200F6F7F7F8C3B2DA1CD0B2694651FA2C
:109F700082F26D250DF800504C20507052209070E8
:109F80005320D070312010716FF02B0000215071E0
:109F90000425012011339171D171117250729572A3
:109FA000D07211735173DBB26A4629212046FFF744
:109FB0007AF815B030BD00BF3D3A010870B50546CE
:109FC00094B005F16D06FFF7E5FE95F8BD2031462A
:109FD000684607F0CFFD95F8BD402846E4B2FFF78C
:109FE0002BFF95F8BD2031460DEB040007F0C2FDB4
:109FF00095F8BD301C442846E4B2FFF75FFF95F8A2
:10A00000BD2031460DEB040007F0B4FD95F8BD30DE
:10A010001C44E4B222466946304607F0ABFD85F8A1
:10A02000BD4014B070BD00000038024B18BF0120C5
:10A0300018707047F405002070B58C4652BB042B95
:10A040005CD89EB22BB3524991F8283015464A6A23
:10A050000333DBB2D20081F828304A6213E0083BB8
:10A06000DBB281F82830BCF800E0BEF5817F0EF14C
:10A07000010441D24A6AACF8004022FA03F300F826
:10A080000E3091F82830072BE9D80135AAB2964254
:10A09000DDD870BDFF2AFCD1032B54D89EB2002B13
:10A0A000F7D03B4991F828304FF0000E4A6A04334C
:10A0B0001201DBB242F0020281F828304A6212E05B
:10A0C000083BDBB281F82830BCF80020B2F5817F74
:10A0D00002F1010511D24C6AACF8005024FA03F3E6
:10A0E000835491F82830072BEAD80EF1010E1FFA9D
:10A0F0008EF29642DAD870BDFEE7FEE724494A6A3E
:10A1000003F5C06343EA423291F828304A620D33C6
:10A11000DBB281F8283012E0083BDBB281F828304E
:10A12000BCF80020B2F5817F02F101050AD24C6A29
:10A13000ACF8005024FA03F3835491F82830072B2D
:10A14000EAD870BDFEE712494A6A03F5E06343EAC4
:10A15000423391F828204B6202F10D03DBB281F803
:10A16000283010E0083BDBB281F82830BCF8002032
:10A17000B2F5817F0AD24C6ADC40531CACF8003047
:10A18000845491F82830072BECD870BDFEE700BF4F
:10A19000D00E00202DE9F04F0D466A4C0021FF261D
:10A1A00029800670802683B0616284F82810A67723
:10A1B0009A46002B00F0B68003F1FF3B2B8812FA81
:10A1C0008BFB571E02F1FF0988460A46FF2B17F842
:10A1D000016F0FD8B1B196420DD108F101081FFAF5
:10A1E00088F89A4540F28A80BB4500F08B80B945DB
:10A1F000ECD1FEE7FEE75FFA88F329460192FFF70C
:10A200001BFF019A731EDBB2FD2B2AD83F2B52D9BC
:10A2100006F14103DBB23F2B29D894F82810636A7A
:10A220000136F6B20831C9B246EA032384F8281091
:10A23000636211E00839C9B284F828102B88B3F59D
:10A24000817F03F1010C35D2666AA5F800C026FAB9
:10A2500001F1C15494F828100729EBD82B8800216C
:10A26000BFE74FF001082B8832464146B9E794F822
:10A270002810636A3F36F6B20931C9B246EA432371
:10A2800084F82810636211E00839C9B284F82810F4
:10A290002B88B3F5817F03F1010C0AD2666AA5F819
:10A2A00000C026FA01F1C15494F828100729EBD810
:10A2B000D4E7FEE7FEE794F82810636A7F36F6B22B
:10A2C0000831C9B246EA032384F82810636211E01A
:10A2D0000839C9B284F828102B88B3F5817F03F1BF
:10A2E000010C0AD2666AA5F800C026FA01F1C15431
:10A2F00094F828100729EBD8B0E7FEE7002003B058
:10A30000BDE8F08FB1B994F8282062B1616AC2F15A
:10A3100008020124914004FA02F2013A0A43191991
:10A320002980C2542B889A4594BF0020012003B095
:10A33000BDE8F08F5FFA88F32946FFF77DFE2B8892
:10A34000E1E700BFD00E00202DE9F04F47F26F7318
:10A350000022827003800B78A3F1FE03B3FA83F32B
:10A360005B0983708A780D4612F001011CBF43F02F
:10A3700080038370D5F8202122F07F4222F0FF0273
:10A3800085B0044612B143F008038370AA68C2F393
:10A390001702FF2A1ED9B2F5803F18D363F07F035E
:10A3A000A37041F002014FF0020E09234FF00A0C96
:10A3B0000822E1700B20CDF804C01E4617464FF06E
:10A3C00007094FF0060A4FF0050B042117E043F090
:10A3D0000203A370180600F1DF8008234FF0090C78
:10A3E00007220A204FF0000ECDF804C01E46174683
:10A3F0004FF006094FF0050A4FF0040B032195F8C2
:10A40000018004F8018004EB0108297904F80B109D
:10A41000697904F80A10A97904F80910A1780907E4
:10A4200009D595F82111A15495F82211A15503469B
:10A43000674662460646A968A154A278900707D5E8
:10A44000BA1C1F46AB68C3F30F23A35596B233461D
:10A45000BEF1000F05D05A1C1F46AB7AA35596B229
:10A460003346A278D10606D55A1C1F4695F82331EB
:10A47000A35596B233464A4A127803F1010914FAF9
:10A4800089FA05F10C0B42B16B785A460DF10E01B9
:10A490005046FFF77FFE00285CD16A785046594647
:10A4A0001FFA82FA07F066FB22783E4B6178D243AE
:10A4B000D2B2072F9A5C82EA0102995CA27882EA02
:10A4C0000102995CE27882EA0102995C227982EACF
:10A4D0000102995C627982EA0102995CA27982EABE
:10A4E0000102995CE27982EA01029A5C1BD0217A2E
:10A4F0004A40082F9A5C16D0617A4A40092F9A5C2C
:10A5000011D0A17A4A400A2F9A5C0CD0E17A4A40D5
:10A510000B2F9A5C07D0217B4A400C2F9A5C1EBF00
:10A52000617B4A409A5CA2551AFA89F39BB2B3F553
:10A53000947F0ED2B5F80C21E254981CB5F80C119A
:10A540005A1C92B280B2090AB0F5947FA1540AD382
:10A55000FEE7FEE7A378BDF80EA043F04003A3702A
:10A5600088F800A0A0E7AA78D20702D405B0BDE819
:10A57000F08FD5F81071D5F81811D5F8146127505F
:10A5800022180F335660916098B295F81C11117320
:10A59000B0F5947FEAD3FEE74FF0000E05E700BF69
:10A5A000F4050020A84D01082DE9F84FB14C1546DF
:10A5B0000F4680460146B04807F0DCFA00228023AF
:10A5C000B5F5817F3A802284626284F822304FD2CE
:10A5D000A94E84F828204FF0FF099246012A76D828
:10A5E000B4F820C0654540F2B180616A16F80C30BD
:10A5F00002F108000CF1010CC0B243EA0123A4F8F7
:10A6000020C0A0F1020C23FA0CF1063201F0030184
:10A610005FFA82FE0229636284F828E000F0BD80C0
:10A62000032944D0012924D1BEF1060F0DD8228C74
:10A63000954240F28B80B15C00F1060E41EA0323A3
:10A6400001325FFA8EFE22846362AEF1070E23FAB6
:10A650000EF303F07F037D2B84F828E076D83A8848
:10A66000FF2A23D84133511C398008F8023019E001
:10A67000FEE7BEF1000F6BD1228C954266D9B15C2A
:10A68000013241EA03232284072284F828201A0693
:10A69000636200F1C8803B88FF2B06D85A1C3A80C1
:10A6A00008F803A094F8282098E7FEE7FEE7AEF14B
:10A6B000060E5FFA8EF284F828203A8823FA0EF309
:10A6C000FF2A03F03F0301D8413BCCE7FEE7636A72
:10A6D000A2F1020C23FA0CF101F003015FFA8CFEE7
:10A6E000022984F828E003D003291CD0104699E7FA
:10A6F000BEF1050F51D8218C8D4227D9705C02F133
:10A70000060E40EA032301315FFA8EFE6362218464
:10A71000AEF1060E23FA0EF384F8282003F03F036F
:10A720003A8801339FE7BEF1050FC0D8218C8D42D6
:10A730000CD9705C02F1060E40EA032301315FFA86
:10A740008EFE21846362AEF1060EB4E7BDE8F88F99
:10A750000CF1FF3123FA01F10EF1FF32D2B2C90739
:10A7600084F8282097D5F2B9228C9542EED9B15CB5
:10A77000013241EA032322840722636284F82820FD
:10A7800013F0800F40F08C803B88FF2B00F2878015
:10A790005A1C3A8008F8039084E7AEF1060E636A0B
:10A7A0005FFA8EF2B6E7013A23FA02F1AEF1020245
:10A7B000D2B2C80784F82820E6D5002A5ED1228CC0
:10A7C0009542C3D9B15C41EA03230132072118063F
:10A7D0002284636284F8281058BF08222AD4B4F86F
:10A7E00020C06545B2D90732D0B216F80C2042EA33
:10A7F00003220CF10103238462621346083884F8B3
:10A800002810C34038885FFA83FB00EB0B03FF2B53
:10A810000FDC40445A46002107F0CEFB3B880BEB8F
:10A8200003023A803EE7062284F8282013F0400F06
:10A83000A8E7FEE708460822218C8D4286D916F843
:10A8400001C007324CEA03230131D2B22184636292
:10A8500084F82800083A23FA02F238885FFA82FB6B
:10A8600000EB0B03FF2B03DC40445A46FF21D3E7E8
:10A87000FEE700BFD00E0020A40D0020511EAEF157
:10A88000030023FA01F1C0B2C90784F8280011D4EB
:10A8900007280DD9AEF10B01636AC9B2AEE7FEE736
:10A8A000511EC8B223FA01F1C90784F8280001D467
:10A8B000014694E70728BFD9A0F108010246C8B2B3
:10A8C000C6E700BF2DE9F04F5788B7F58F7F8BB0F3
:10A8D000144606460BD90022227000226F2B62809C
:10A8E00000F02581002333700BB0BDE8F08F1278A3
:10A8F0000E2A0D4624D80E2A00F2D58001A151F867
:10A9000022F000BFDBA80008B3AA0008A7AA00082D
:10A91000A7AA0008B3AA0008B3AA0008B3AA0008AF
:10A92000B3AA0008B3AA0008B3AA00080BAB00083A
:10A93000A7AA0008A7AA0008A7AA0008E7AA000873
:10A94000692A40F2AE806A2A40F0AD80A74FF98AAA
:10A950004A1E92B2002900F021810332DFF890E212
:10A9600007EB020CB91CFF2211F8010B42406145B4
:10A970001EF80220F8D1934200F0FE804FF000094B
:10A9800084F80090C4F80290A4F80690B7F81680F6
:10A99000B8F1020FA6D997F804A0BAF16F0F00F032
:10A9A0005C83B8F1030F9DD07A796F2A00F0718330
:10A9B000B8F1040F96D0BA796F2A00F07083B8F11D
:10A9C000050F8FD0FA796F2A00F06683B8F1060F71
:10A9D00088D03A7A6F2A00F06E83B8F1070F81D0E1
:10A9E0007A7A6F2A00F06483B8F1080F3FF47AAFE7
:10A9F000BA7A6F2A00F05983B8F1090F3FF472AFA9
:10AA0000FA7A6F2A00F04E83B8F10A0F3FF46AAF6A
:10AA10003A7B6F2A00F05583B8F10B0F3FF462AF19
:10AA20007A7B6F2A00F05083B8F10C0F3FF45AAFD5
:10AA3000BA7B6F2A00F08D81B8F10D0F3FF452AF51
:10AA4000FA7B6F2A00F06883B8F10E0F3FF44AAF2B
:10AA50003A7C6F2A00F06C83B8F10F0F3FF442AFDD
:10AA60007A7C6F2A00F06183B8F1100F3FF43AAF9F
:10AA7000BA7C6F2A00F05683B8F1110F3FF432AF61
:10AA8000FA7C6F2A00F04B83B8F1120F3FF42AAF23
:10AA90003A7D6F2A00F04F83B8F1130F3FF422AFD5
:10AAA000FEE7632A05D800232370C4F80230E38050
:10AAB00019E74E4FFA8A122A14D8B91801328B704E
:10AAC000FA822278092A3AD9A2F1640105293FF6CF
:10AAD00009AF653A042A00F27983DFE802F06D6974
:10AAE00065618300FEE77A1C6280EB55E38862882B
:10AAF0009A4245D3002262802270B3F5947F4FF0D2
:10AB000002020270438075D3FEE77A1C6280374EE2
:10AB1000EB55A088727F618883189942FFF6E4AEF6
:10AB200033785F0600F1B3810E232370DCE62F49F2
:10AB30000A800122CA8264228B702270D2E6002A27
:10AB40003FF4D0AE013A082A3FF6CCAE01A151F84D
:10AB500022F000BF09AD0008E5A80008E5A800083C
:10AB600085AB000885AB000835AD0008C7AC000810
:10AB70008FAC0008FFAC00080A2201232270B2E665
:10AB80000123B0E66288B2F5947F06D2511C618041
:10AB9000AB54237801332370A4E6FEE7FF22EAE6F4
:10ABA0000722FB7622709DE66822BB76227099E62A
:10ABB00001227B70227095E662883B700021B2F51D
:10ABC000947F79700DD203F00103033B511C618027
:10ABD000AB5497F90030002BC0F2BD8201232370E3
:10ABE00080E6FEE76A223B7722707BE6D00E0020EB
:10ABF000A84D01082B78FD2B00F02781EB7803721C
:10AC00002B7943726B7943606A7808327280002234
:10AC100040F28510DFF8A8C27281FE21044601349B
:10AC200099424FEA540400F2DF80C0F0EA808B4280
:10AC300040F024812B78FD2B00F01D814FF0060B96
:10AC40002846DFF87C8210F801AF0BEB0A0909F106
:10AC5000FF3189B2F7F73AFB04EB440708EB8707AB
:10AC6000ADF808003979019102A8F7F70BFB05EB65
:10AC7000090215F809305278019903EB0223BDF857
:10AC800008209BB29A4200F0BE8005232BE6628822
:10AC9000B2F5947F15D2511C6180AB547B7813F0D0
:10ACA000020340F014826288B2F5947F0AD2511CEC
:10ACB0006180AB543B78DD064CBF69236A23237067
:10ACC00010E6FEE7FEE76288B2F5947F15D2511CCC
:10ACD0006180AB543B787A78134313F0020340F061
:10ACE000ED816288B2F5947F08D2511C6180AB542B
:10ACF0006288B2F5947FDAD3FEE7FEE7FEE762886A
:10AD0000B2F5947FD3D3FEE762883A83B2F5947F9D
:10AD10000FD2511C6180AB543A787B7712F001025C
:10AD200000F0D88106220833A280E3800423237038
:10AD3000D8E5FEE76288B2F5947F09D2511C6180A4
:10AD4000AB543B781F074CBF672307232370C9E52B
:10AD5000FEE74FF00C09B8F1120F00D9FEE707EB40
:10AD6000080208F1010A1FFA8AFA937002AB5246F0
:10AD700018465449A7F816A006F0FCFE00223A80B7
:10AD80000122FA826F22BA706422227009F1010254
:10AD900052450346BFF4A6AD08F1FF310DF109029B
:10ADA000A1EB09014A4412FA81F24B4401924FF09F
:10ADB0006A0E4FF007084FF0010900224FF0690AB0
:10ADC000F98A12290FD878180131F98213F8011F76
:10ADD00081702078092800F20D81002874D1019932
:10ADE0009942EDD17EE5FEE7601E1418824204F11F
:10ADF000010745D227F0010101EB57015CF8211052
:10AE00000DE72246F1E7BB79DA0706D5FA799245D4
:10AE100082BF521912F80B20B2729B070BD5630048
:10AE2000234408EB83036A781B7A9A4282BF5B193A
:10AE300013F80B30F3724FEA4409A14408EB890878
:10AE4000317398F8053073734EE56B790372AB7903
:10AE500043726B7A297AEA791B0403EB01231344CA
:10AE600043606A7802F10C014180A978C9077FF537
:10AE7000CEAE1932CAE64FF00A0BE1E6032332E503
:10AE80000F4902EB4200144651F82010CFE602A908
:10AE90002844FFF789FB737FBDF808106288CB1A3E
:10AEA0009BB21A446280727F1A447277E28813441C
:10AEB000E380338BB3F5947F01D2E95434E6FEE7A7
:10AEC000A84E0108D20E00200138082887D80FF2BA
:10AED000080C5CF820F000BF19AF0008DFAD0008D7
:10AEE000DFAD0008FDAE0008FDAE0008ABAF000806
:10AEF0006BAF0008CDAF000849AF00086088B0F51F
:10AF0000947F08D200F1010CA4F802C029542178E2
:10AF10000131217063E7FEE760883883B0F5947FE4
:10AF200011D200F1010CA4F802C0295438787977C5
:10AF300010F0010000F013810831E1800621A180AA
:10AF4000042121704BE7FEE76088B0F5947F0BD2B7
:10AF500000F1010CA4F802C029543978C90600F1A7
:10AF6000288184F800E03AE7FEE76088B0F5947F36
:10AF700019D200F1010CA4F802C02954397878786C
:10AF8000014311F0020140F01B816088B0F5947F0D
:10AF90000AD200F1010CA4F802C029546088B0F56F
:10AFA000947FD5D3FEE7FEE7FEE76088B0F5947F97
:10AFB0000BD200F1010CA4F802C02954397808071B
:10AFC00000F1018184F8008009E7FEE76088B0F5B0
:10AFD000947F0ED200F1010CA4F802C029547978B4
:10AFE00011F0020140F0E8806088B0F5947FAFD3A3
:10AFF000FEE7FEE7A0F1640CBCF1050F3FF6EFAEF3
:10B000006538042800F2EB80DFE800F00E0A050343
:10B010002500F976D6E7B9764FF068012170DEE6B3
:10B02000797084F80090DAE660883970B0F5947F22
:10B030007A700FD201F00101033900F1010CA4F87C
:10B0400002C0295497F900100029ACBF4946662177
:10B050002170C4E6FEE7397783E7B8F1120F3FF6B7
:10B060007DAE07EB080108F101028B7002AB92B2D2
:10B0700018466249FA8206F07DFD0122FA826422B6
:10B08000A7F8009087F802A0034622704FF002094B
:10B0900082E64FF003095EE64FF005095BE64FF0EC
:10B0A000040958E64FF0090955E64FF0080952E641
:10B0B0004FF007094FE64FF006094CE608232370CE
:10B0C00010E44FF00A0946E64FF00B0943E6092366
:10B0D000237007E461880C33E380B1F5947F4FF06F
:10B0E0000A03A38016D27B78481C03F0010360801A
:10B0F0006B546188B1F5947F0DD2481C60806A540E
:10B1000013B1E3880D33E380E388B3F5947FFFF454
:10B110000DAEFEE7FEE7FEE74FF00D091BE64FF030
:10B12000110918E64FF0100915E64FF00F0912E665
:10B130004FF00E090FE6B8F1120F3FF60FAEB8440C
:10B14000BA7088F802300123FB82002264233A801F
:10B150002370FFF7C7BB66232370FFF7C3BBB4F8A8
:10B1600002C00C31E180BCF5947F4FF00A01A18050
:10B170001DD279780CF1010B01F00101A4F802B0A5
:10B1800005F80C10B4F802C0BCF5947F10D20CF195
:10B19000010BA4F802B005F80C0011B1E1880D31E3
:10B1A000E180E188B1F5947FFFF4CAAEFEE7FEE7E7
:10B1B000FEE784F800A012E64FF0090121700EE6C8
:10B1C000082121700BE66721217008E6772B0DD04E
:10B1D00000232370C4F80230E380FFF783BB772994
:10B1E00008D02270C4F80220E280F8E565232370BD
:10B1F000FFF778BB4FF065012170F0E5D20E00201B
:10B2000070B500F5EF66044600F5CA613046F7F701
:10B210000CF90546A06803682A461B693146984721
:10B22000E06830B103682A4631461B69BDE87040CA
:10B23000184770BD08B50346806840B1B3F84C1498
:10B24000B3F84A04F7F7E4FB003818BF012008BD43
:10B250000346806880B1B3F84C24B3F84A14914295
:10B2600009D09918013291F85004B3F84E140A40ED
:10B27000A3F84C24704700207047836810B504463B
:10B280007BB10023A0F84C34A0F84A34C06810B158
:10B290000368DB699847A0680368BDE81040DB6974
:10B2A000184710BDF8B5244F04463846F6F757F84E
:10B2B000F6F7C1F8064697F99200F6F7BCF805468E
:10B2C0003846F6F755F81D4B84F8606693F835302C
:10B2D00084F86156333384F855366422442384F865
:10B2E000622684F85636FF22D4F8583684F864264D
:10B2F0006D2262F31703C4F85836C0F10A00002328
:10B30000C4F85C3684F8713700B24FF43943A4F8BE
:10B31000723780F30700092384F8630684F87437D2
:10B3200004F5CA6004F5A471F7F7F8FB2046BDE800
:10B33000F840FFF765BF00BF3832002070030020DF
:10B3400010B5194B194A93F83530C0F860263333DD
:10B3500080F85536442380F85636D0F858366FF3C7
:10B360001703C0F85836002380F85C3680F85D3645
:10B3700080F85E3680F85F3680F871374FF44853B6
:10B38000A0F8723703220923044680F8642680F867
:10B39000743700F5A47100F5CA60F7F7BFFB2046CB
:10B3A000BDE81040FFF72CBF7003002000088004A8
:10B3B000F0B587B004460021102202A8019106F0E2
:10B3C000FBFD484B93F8352001AB03CB01ABC4F830
:10B3D0008006C4F8841603CB01ABC4F88806C4F811
:10B3E0008C1603CB3332D2B2C4F89006C4F894164C
:10B3F00001AB04F5D36505AF1E4603CEBE422860FF
:10B400006960334605F10805F6D133882B80442363
:10B4100084F85636D4F8583684F85526942262F3C8
:10B42000170318216FF05E02C4F8583684F85C16D2
:10B43000002384F86C262021282284F85D1684F8E5
:10B440005E3684F85F3684F8603684F8613684F8B6
:10B45000623684F8633684F8643684F8653684F896
:10B46000663684F8673684F8683684F8693684F876
:10B470006A3684F86B3684F86D2684F86E3684F864
:10B480006F3684F8703684F8713684F8723684F832
:10B49000733684F8743684F8753684F8763684F812
:10B4A000773684F8783684F8793684F87A3684F8F2
:10B4B0007B3684F871374FF432430B4AA4F8723765
:10B4C0004E2304F5CA60C4F87C2684F8743704F56A
:10B4D000A471F7F723FB204607B0BDE8F040FFF763
:10B4E0008FBE00BF70030020D016CB0F38B50446C6
:10B4F0001C4884F85E26002284F85F2684F86026C3
:10B5000084F8612684F8622684F86326442290F841
:10B51000350084F85626D4F85826A4F85C1684F82A
:10B52000643684F871374D218F239DF8105084F8CC
:10B53000733761F317020A23333084F8550684F811
:10B54000655604F5CA60C4F8582684F8725784F822
:10B55000743704F5A471F7F7E1FA2046BDE83840E6
:10B56000FFF74EBE70030020F0B502298BB00446F1
:10B570000D461CD1414B42481B7800EB031000F5EF
:10B580008970F6F731F83F4B18603F4A0C236B4344
:10B59000D718D3583A7900210191511E082908D8AB
:10B5A000DFE801F0090962626666070769002F2972
:10B5B000EBD90BB0F0BD1B788DF8043000218DF86D
:10B5C000242005A81022019E06F0F6FCBF6838462C
:10B5D000F4F7C0FDC2B2102A394628BF102205A8D0
:10B5E00006F0C8FA264BC4F85C6693F835209DF83F
:10B5F000243084F874363021333284F86016002108
:10B60000D2B284F86116A4F8625605AB04F26466FF
:10B6100009AF1D4603CDBD42306071602B4606F177
:10B620000806F6D1442384F85636D4F8583684F800
:10B630005526162262F31703C4F85836002384F8FF
:10B6400071374FF45C43A4F87237192304F5CA60CC
:10B6500084F8743704F5A471F7F760FA20460BB04C
:10B66000BDE8F040FFF7CCBD1B88ADF80430A5E77E
:10B670001B680193A2E71B6801939FE71403002056
:10B6800070030020680600202C0000202DE9F04106
:10B69000884D894F2B78142202FB037388B093F8EE
:10B6A0005530012B04460E4618D191F8211197F818
:10B6B000352049B102F13303DBB28B420ED196F84B
:10B6C00022310BB1442B09D1B368C3F31703172BF5
:10B6D00052D006D8142B2BD0152B41D008B0BDE882
:10B6E000F08103F180734B3B23F07F43012BF5D8AE
:10B6F00033329142F2D196F82231442BEED1358D7E
:10B70000F06840F207239D4200F0CF80B5F5027F3C
:10B7100000F0BC80B5F5007F08D1F5F777FC9428E0
:10B7200000F0B480B0F5967F00F0BF800222B4E054
:10B7300002A83146F6F7ADFFBDF90800002804DA8B
:10B7400003A8F7F71DF90028C8DB2F28C6DCA4F8EA
:10B75000C208B4F8BA3843F01003A4F8BA38BDE709
:10B76000012384F8C0380023A4F8C238534B1B6867
:10B77000643BC4F8C438B1E733329142AED196F895
:10B780002231442BAAD196F80180B8F1160F06F1A8
:10B790000C012ED8424602A806F0ECF902ABC8F123
:10B7A0001702002103EB080006F006FC0DF10E0065
:10B7B000F7F7E6F8B0F1000890DB414A9DF81E105B
:10B7C00008EB4803980002EB83031B79994285D16B
:10B7D000B8F12F0F1FFA88F622DC0139029B1258AC
:10B7E00008291DD8DFE801F01B1B39393B3B1C1C25
:10B7F0003D000B4602AA1C36186859689446ACE80E
:10B8000003000833B3426246F6D11868CCF8000052
:10B8100099889B798CF80630ACF80410C6E7137051
:10B820002878F8F7BFFB2A78142303FB0273012161
:10B8300083F8551097F82D300BB987F82D10B8F113
:10B84000020F10D11F4B07EB0210196800F5897029
:10B85000F5F704FFA4F8C2687BE71380E0E7136004
:10B86000DEE71360DCE7B8F1000FF3D1164B1A786E
:10B87000002AEFD083F80080602323800F4B1B68E1
:10B880000BB16360E6E74FF0FF33FAE7B4F8BA387C
:10B8900043F00203A4F8BA380022B3790093737915
:10B8A00029462046FFF722FE18E7B4F8BA3843F0DD
:10B8B0000403EFE71403002070030020704400200D
:10B8C0002C00002068060020EC30002010B52F4B23
:10B8D0001A782F4B142101FB0233044693F855309C
:10B8E000012B37D12B4BD0F8BC281B689A1AB2F524
:10B8F0007A7F21BFB0F8BA28C0F8BC3842F0010204
:10B90000A0F8BA2890F8C02862B1D0F8C4289A1AD2
:10B91000312A81BFB0F8BA28C0F8C43842F0100309
:10B92000A0F8BA38B4F8BA38DA0614D523F0100300
:10B93000A4F8BA38B4F8C2182046FFF715FEB4F8D8
:10B94000C23801339BB22F2BA4F8C23802D900238E
:10B9500084F8C03810BD980708D523F00203A4F876
:10B96000BA382046BDE81040FFF722BD590702D57E
:10B9700023F00403F3E7DA07ECD523F00103A4F87E
:10B98000BA382046BDE81040FFF7DABC14030020A7
:10B99000700300207044002038B5134B134A1B6815
:10B9A000C0F8BC38002380F8C038A0F8C238C0F80E
:10B9B000C438A0F8BA3813700D4B0E481B780E4DE2
:10B9C00000EB031000F58970F5F70EFE0B4B022417
:10B9D0001860E0B2FAF760F901342E2C286305F103
:10B9E0000C05F6D138BD00BF70440020EC300020BB
:10B9F00014030020700300202C00002068060020A3
:10BA00006FF0FF03036040F6FF2383800023836011
:10BA100003737047F8B5394D04462E78384814271B
:10BA200007FB060090F84F60012E0CD0022E0CD0C0
:10BA300076B9A16090F84C30032B18BF0022A368A0
:10BA4000E26033B9FEE7A360F4E7A2600022F6E704
:10BA5000FEE70023C4E90433C4E95233C4E9543394
:10BA6000A3617F23A4F85831F6F798FDA87802283F
:10BA700042D0431F58425841224940F2FF12FEF77C
:10BA8000D3FA0220A4F84E241F4A087000234870FD
:10BA90008870C8701D49137053709370D370C4F8C8
:10BAA000DA31C4F8DE31C4F8E231C4F81233C4F834
:10BAB0001633C4F81A33A4F84C34A4F84A341A469E
:10BAC00001330C2B0A70CA704A708A7001F10401AC
:10BAD000F6D10F4B1B6803F57A7304F6A800C4F87F
:10BAE000A438FFF78DFFA4F8B828228062602046B2
:10BAF000BDE8F840FFF750BF0120BDE71403002068
:10BB00007003002029060020F5050020F90500201B
:10BB10007044002003464078FF2808D01B68044A80
:10BB200023F07F4323F0FF03934208BF02207047B6
:10BB3000000101000C4B02781B6810B51AB903F222
:10BB40001B63836010BD90F90520002AFADD81682F
:10BB500040F21B64591AA142F4D98360013A0123CF
:10BB600042710373EEE700BF7044002070B590F996
:10BB70000530002B88B005460C461DDB4E78182E8C
:10BB800001F10C011AD8324601A805F0F3FF01AB10
:10BB9000C6F119020021981906F00EFA0E4903A801
:10BBA000F4F7CEFA40B90198F5F730FA10B10B4B23
:10BBB000C3F8AC04FF236B7108B070BD0B4601AA3B
:10BBC000243418685968164603C60833A34232461F
:10BBD000F7D11B783370E1E7683B010818070020B4
:10BBE000007840B14B79834204D18879431E584292
:10BBF00058417047002070475379032B10B5044615
:10BC00000AD14B7903709379DB0943701079FDF702
:10BC10000BF8E0701368237110BD00007FB58B68CE
:10BC200033F07F4305460C4600F6A8060ED18B790B
:10BC3000012B0BD101A8F6F77FFC9DF80930082BEA
:10BC400004D001AA21463046FFF7D6FF21463046F0
:10BC5000FFF7C6FF88B3A368C3F31703162B32D0D0
:10BC6000F52B16D16678012E29D8324604F10C0145
:10BC700001A805F07FFF01ABC6F10202002198196F
:10BC800006F09AF99DF805309A1E5342534185F803
:10BC9000AA3895F8B83853B195F8B93821790C48D5
:10BCA0000133DBB2CB1A59425941F5F785FB012329
:10BCB00085F8B838237985F8B93804B070BDA38900
:10BCC000ADF80430DEE73046FFF750FFE1E700BF94
:10BCD000383200207FB52E4E044600F11C05B4F822
:10BCE0005411B4F85621881A83B2000444BF80333B
:10BCF0009BB20BB904B070BD91421FBFB4F858118C
:10BD0000A31801320A4096F82D101ABF93F85A3141
:10BD1000A4F856210023022904F11002294668469E
:10BD200020D1FEF7CFFD9DF80030022BD7D1E3687C
:10BD3000DBB9A0680368BDF802201B692946984753
:10BD400004F5CA662A4669463046F6F735FC3146A0
:10BD50001048FDF73FFF3146204604B0BDE8704073
:10BD6000FFF75CBFF6F7B0FCDDE70B4E694600203D
:10BD7000F6F77AFE737833B1A068BDF80220036845
:10BD800029461B699847B378002BD9D0E068D1E7E2
:10BD90007003002018070020F50500200148FFF778
:10BDA000B9BE00BF2018002010B54E4C86B000214F
:10BDB0001622684606F000F92046F5F7E2FA94F8F4
:10BDC0008C308DF800008DF80130204694F88D30CD
:10BDD0008DF80230F5F7CCFA94F8913094F8902071
:10BDE0008DF803005B0002F0010203F0020313432D
:10BDF00094F8A52043EA821394F8A62043EAC213DC
:10BE00009DF80B2002F03C02134320468DF80B30C6
:10BE1000F5F7CAFA94F894308DF8083094F8923017
:10BE200094F895208DF8093094F896308DF8070035
:10BE3000DB00920002F0040203F0080313439DF8B4
:10BE40000B2022F00C02134304F128008DF80B3074
:10BE5000F5F701FF8DF80C002046F5F75EFA8DF836
:10BE60000D0004F11400F5F7F6FE8DF80E0004F154
:10BE70003C00F5F7F0FE8DF80F002046F5F75EFA6E
:10BE80008DF810002046F5F79AFA94F8A7308DF84F
:10BE90001230154B8DF811005B7C8DF81330FFF7D5
:10BEA0007DFF124B1A78931E5A425A4100F0030349
:10BEB00043EA02230E4A0F48127943EA4223BDF8AF
:10BEC000142023F0FC039B0522F4407222F00302AD
:10BED0009B0D134302216A46ADF81430FBF706FDB3
:10BEE00006B010BD38320020EC0B002011070020F6
:10BEF000380600204018002070B54C88B4F5427F09
:10BF000003464FF000000AD80D780B2D77D8DFE8F4
:10BF100005F0060F1C2C2F32383B54575B6DA2F1F5
:10BF200024046242488062410A7083F809033EE0BB
:10BF30004D2A01D0582A06D11A7002220A70002018
:10BF400083F8090370BD0022F8E702F0FD003C28E9
:10BF500001D0212AF7D15A701A784D2A0CBF082235
:10BF600003220A7000229A70E9E79A700422DBE744
:10BF70009A800522D8E7988800EB02229A80062250
:10BF8000DCE7DA800722CFE7D88800EB022292B202
:10BF9000002ADA800CBF0B220A220A7000224A8093
:10BFA000012283F80923DB88B3F5407F01D8002004
:10BFB000C8E7002008704880C4E7DA800922B3E7A8
:10BFC0009A800A220A70EBE7B4F5407F3CBFE41880
:10BFD00022724A88013292B24A80D88890429CBF2D
:10BFE0000B220A70012283F80923E0E783F8082373
:10BFF00002220870488083F809230120A2E7087014
:10C000004880D4E7CB88B3F5407F70B531D824237E
:10C0100003700B7843704B7883700B784D2B14D1E1
:10C02000CB88C3708B88037105230022CD88D41878
:10C030009542A6B210FA84F415D891F8082322701C
:10C04000CA880132981880B270BD8B78C3708B8813
:10C0500003718B881B0A4371CB888371CB881B0AC1
:10C06000C3710823E1E78C180132247A845592B217
:10C07000DCE70020E8E700002DE9F74F16464A8884
:10C08000B2F5427F04460D462ED80B780A2B0FD905
:10C09000A3F16402032A03D90020287068802DE0F0
:10C0A000653B8F4F022B33D8DFE803F063A4A70072
:10C0B00000210A2BF0D801A050F823F0E9C00008B5
:10C0C00003C1000899C0000899C0000847C10008D2
:10C0D00055C1000861C1000867C1000899C0000887
:10C0E00099C00008D5C10008A6F124077E424FF090
:10C0F00000007E4168802E7084F8090303B0BDE81B
:10C10000F08F6F2E0CBF642300232B700020F3E709
:10C1100016F0040F14BF4D2358233E7023703A7855
:10C12000D1070ED412F0020F14BF21233E236370F7
:10C13000C2F3C003D20648BF43F00203A370042336
:10C14000E3E73C23F3E7A68005232B7084F809136B
:10C150000020D3E7A38803EB0623A3800623D4E7BC
:10C16000E6800723F1E7E38803EB0623E3806523FA
:10C17000CBE70DF106007E70F6F72AF93978F6F76D
:10C180001FF9A7882179F6F71BF9390AF6F718F98C
:10C19000E788A179F6F714F9390AF6F711F99DF84D
:10C1A0000630B34206D000232B706B80032384F843
:10C1B0000933CDE7002F0CBF66230A232B70012320
:10C1C00084F8093300236B80E288B2F5407FBFD941
:10C1D0002B70BDE7B2F5407F3CBF121916726B8819
:10C1E00001339BB26B80E2889A4201D866232B70A0
:10C1F0000123DCE77E806723F9E7B7F8028097F830
:10C20000009008EB06284FF6FF730DF106001FFAA9
:10C2100088F84946ADF80630A7F80280F6F732F8FC
:10C220002679B4F804A03146F6F72CF84FEA1A2123
:10C23000F6F728F894F806B0B4F806A05946F6F7D1
:10C2400021F84FEA1A21F6F71DF8797804F108076A
:10C25000F6F718F852463946F6F720F8BDF80630DA
:10C2600043453AD119F0040015D086EA0B01E21DCE
:10C27000002398B2824584F8081307D802230120CE
:10C2800000222A706A8084F8093337E712F8010F18
:10C2900001334140EDE7A178F5F75AF9217984F8A7
:10C2A0000803F5F755F9A18884F80803090AF5F79A
:10C2B0004FF9A17984F80803F5F74AF9E18884F881
:10C2C0000803090AF5F744F9E28884F808033946B7
:10C2D000F5F744F984F80803D0E703230020CFE7FB
:10C2E00084300020CB88B3F5407F2DE9F04104462F
:10C2F0000D464AD84B783C2B40D0A3F12100434255
:10C3000043415B002A784D2AAA7808BF43F0040312
:10C31000D10748BF43F0080392074FF02402227070
:10C3200048BF43F010036F226270A370AB88E370C4
:10C33000AB881B0A2371EB886371EB88A71C1B0A6F
:10C34000A3713846F6F740FB0822E071E988A2F1B4
:10C3500008039BB2561C8B42B6B204EB02080FD303
:10C36000063189B23846F5F7B1FF88F80000000AB7
:10C37000A055E8880A3080B2BDE8F0810123C1E70A
:10C380002B441B7AA3543246E0E70020F4E710B5B3
:10C39000044681780020F5F7DBF8217984F808035A
:10C3A000F5F7D6F8A18884F80803090AF5F7D0F85C
:10C3B000A17984F80803F5F7CBF8E18884F808033D
:10C3C000090AF5F7C5F8E28884F8080304F10801C2
:10C3D000F5F7C4F884F8080310BD00002DE9F74F05
:10C3E000C788DFF89880B7F5407F0D4628BF4FF427
:10C3F000407704463A4600F108010026284605F039
:10C40000B9FB2F44E6804FF03B09AF4205D12046EF
:10C4100003B0BDE8F04FFFF7BABF15F8013BFF2BA3
:10C420002AD0FE2B28D0FF2E1ED1362BEDD858F85F
:10C4300033204FF0000A10460192F3F78BFE1FFAEB
:10C440008AFB5845E388019A0AF1010A05D85A1C6B
:10C450002344E28083F80890D7E7591CE180234405
:10C4600012F80B101972E6E7FE2ECED1E288511CAD
:10C470002244E1801372C8E71E46C6E71064010833
:10C4800030B50F4B1C780F4B142505FB043393F884
:10C490004F30012B03D0022B10D00BB1FEE7114619
:10C4A00000234360C0F81233A0F82236A0F82036EB
:10C4B00040F2FF330160A0F8243630BD0021EFE7E1
:10C4C0001403002070030020F8B5B0F82026B0F85F
:10C4D0002236D21A93B2120444BF03F580639BB292
:10C4E000E62B044608D800F2163500F21236206812
:10C4F00003685B69984700B9F8BD206803689B69C9
:10C500009847314602462846FFF7F6FC0028EED051
:10C5100004F6262729463846FFF7E4FE00239AB2A0
:10C520009042E4D9B4F82016B4F824C64A1C02EAB2
:10C530000C02B4F822C694451EBF091917F803C0AF
:10C5400081F826C603F1010318BFA4F82026E6E708
:10C55000F8B500F1080504460A46011D2846FFF714
:10C560008BFD70B3637A3E2B14D004F62626294641
:10C570003046FFF747FD0246206801680F693146E3
:10C58000B847637A3E2B1CD129460E48BDE8F840D7
:10C59000FDF738BBA389742B0AD042F6FF729B1AB1
:10C5A00018BF0123A27A9207EBD4002BDDD1E8E774
:10C5B0000023A37204F626212846FFF70FFF01236C
:10C5C000F0E7F8BD1807002003680BB1FFF7C0BF04
:10C5D00070470346006868B1B3F82026B3F82236E6
:10C5E000D31A98B21B0444BF00F5806080B20038B3
:10C5F00018BF012070470346006880B1B3F82226B7
:10C60000B3F82016914209D09918013291F8260604
:10C61000B3F824160A40A3F822267047002070477A
:10C620000346006838B10022A3F82226A3F820268A
:10C630000368DB691847704710B504460548FEF7E4
:10C640001CFE0548FFF7ECFF60680368BDE810407A
:10C65000DB691847780F00204423002070B50A4C8E
:10C6600025780A4C142606FB054494F84F40012C0B
:10C6700003D0022C05D00CB1FEE71946416011B978
:10C68000FEE71146FAE770BD140300207003002096
:10C69000F8B572B6F6F772FEF7F780FBF6F724FEF0
:10C6A000F6F712FEF9F798F93B4B3C4D1868036812
:10C6B0005B6898473A4B186803685B689847394B42
:10C6C0001868036800245B6802269847F7F7E2FAC7
:10C6D000F8F700F9C5E90444AC602E73F6F7B4FF2F
:10C6E000314B1C70F6F72AFD304B3148D02283F8CD
:10C6F0003223F6F75FFE214628462E4D02F0A0F8C1
:10C700004FF47A70F6F756FEC5E90444AC602E7318
:10C71000F7F720F8284B294E1C70F6F745FD284BFB
:10C720004FF40052DA60F6F78DFD04272048F6F743
:10C7300041FE41F28830B762F6F73CFE4CF25030D1
:10C74000B761F6F737FE2846F6F760FD2146284622
:10C750001C4C02F075F84FF47A70F6F72BFE94F843
:10C76000582094F857101848FBF736F894F85810EA
:10C770001648FCF7BFFB94F8594015482146F5F7D9
:10C78000F1FB3CB1134B144A1A60144B144A1A6063
:10C79000FAF7DEFC62B6F8BD30320020F03400203B
:10C7A00034320020040700206C02002000E100E089
:10C7B000E09304000C3500206D02002000040048C6
:10C7C000000800581403002040180020180700201B
:10C7D000FC0E002070020020652300087402002077
:10C7E000D72B000873B51648164C4FF6FF7102F0B0
:10C7F00067F9206023689B0712D5134E35798DB1F8
:10C800000F4808236A46002101F0EBFFD6E9060233
:10C81000DDE900139A4208BF884201D0002323605B
:10C8200002B070BD02236A460548294601F0D9FFCF
:10C83000064BDA8BBDF800309A4218BF2560EFE74F
:10C84000F0340020600F0020380600201403002080
:10C85000184B4FF4005273B5DA601748174C4FF677
:10C86000FF7102F02DF9206023689B0712D5144E4A
:10C8700035798DB1104808236A46002101F0B1FFD7
:10C88000D6E90602DDE900139A4208BF884201D0CA
:10C890000023236002B070BD02236A460648294681
:10C8A00001F09FFF074BDA8BBDF800309A4218BFAA
:10C8B0002560EFE7000800580C3500205C0F0020D1
:10C8C0003806002014030020044A00231370044A91
:10C8D0001380044A1370044A137070476E0F0020CF
:10C8E000700F002070350020DC0B0020024B187800
:10C8F000B0FA80F0400970476E0F00200D4A1178A1
:10C900000346A9B910700C4A012010700B4A032B82
:10C91000118009D0042B01D083420AD1084B002298
:10C9200083F8A020012070474FF4FA7313807047FA
:10C93000002070476E0F002070350020700F00201F
:10C940002C050020034A00231370034A1380034A76
:10C95000137070476E0F0020700F0020703500209C
:10C960000A4A08B5138883B1013B9BB2138063B9AF
:10C97000074B1B78032B02BF064B01221A70FFF7EF
:10C98000E1FF054B002283F8FA2A08BD700F002052
:10C990006E0F0020DC0B00204018002013B5C37977
:10C9A000212B12D10A4CF8F7BDFCFFF7CBFF94F80E
:10C9B000FA3A032B06D10DF1070120468DF8073016
:10C9C000FBF724F9002384F8FA3A02B010BD00BF47
:10C9D0004018002010B50D4B1B78013B032B14D8D9
:10C9E000DFE803F002090D072023BDE81040F8F747
:10C9F00089BC2423F9E7BDE81040F8F7DFBC232306
:10CA0000F8F780FC024B00221A7010BD6E0F002058
:10CA100070350020034B01221A7000225A711A71DE
:10CA2000704700BFED300020054A064B12791B7F8E
:10CA30001AB105495B22F8F7F9BF04495B22FAE70E
:10CA4000380600201403002071350020CC3500206A
:10CA500038B5114B1A79054632B101460022184605
:10CA6000BDE83840F9F736B80C4A0D495B23F8F7B2
:10CA7000CDFF7DB90A48F8F735FB0128044607D0F9
:10CA800000280849284614BF01240224F9F710F8A9
:10CA9000204638BD0148EEE738060020D33100209B
:10CAA0007831002038320020024B1878831E58421B
:10CAB0005841704711070020044B1B78022B06BF1A
:10CAC000034B93F8A0000020704700BF110700201F
:10CAD0002C05002010B5184B1A78184B044614206A
:10CAE00000FB023393F85500012822D122889306D7
:10CAF00005D522F02002228005230B7010BD12F014
:10CB0000400317D0FFF7D8FF28B1FFF7EFFE10B9A9
:10CB100000230120F1E7606830B1094B1B681B1A44
:10CB2000312BF5D90023636022F0400222800623D6
:10CB3000EFE700231846E0E714030020700300200D
:10CB40007044002013B50DF107010446FFF7C2FF42
:10CB500018B19DF8070002B010BD2080FBE700006F
:10CB60002DE9F04106460C461546FFF7A5FF70B1CA
:10CB7000184B93F82D30581E012819D8164BB3F8CE
:10CB80005861B3F85671002291B28D4201D8BDE8C8
:10CB9000F081B3F85401411C3140B9421FBFC018A5
:10CBA00014F802C080F85AC1A3F854110132EBE71F
:10CBB000032B09D1094E0D44AC42E8D014F8011BF7
:10CBC0003046FFF701FDF7E770680368BDE8F04104
:10CBD0001B69184770030020780F002044230020B1
:10CBE000F8B52B4B2B4D1F79CB78C3F3800385F819
:10CBF00095308B79C3F3000385F896300B790646A0
:10CC000003F00303C8785B0143EAD0000C46F4F755
:10CC10000CFC85F892006379227903F001039B01F3
:10CC200043EA920385F893306379C3F3460385F8AA
:10CC30009430E378A17803F001039B00052243EAD6
:10CC40009113032012FB03030722B3FBF2F3124AF2
:10CC50001370DEB1D7B101F03001202904D1204694
:10CC6000BDE8F840FFF79ABEA2790C48E11D5208D2
:10CC7000FFF776FFA17905F164004908F4F7EDFFAD
:10CC800005F13C00BDE8F840F4F7E1BFF8BD00BF96
:10CC9000ED300020383200202E32002028350020D0
:10CCA00073B5054690B9204B204E1B78204A147965
:10CCB000002C36D173B91F4A1F49127801921A4AC3
:10CCC000127800920D201A46F8F734FF194B1B4ECC
:10CCD0001B78EBE7022B1A480ED1B17801F007015F
:10CCE000F8F79AFF4379ABB931460120FFF778FF97
:10CCF0001448F4F70FFB05E00122934202704471DF
:10CD00000471F1D10F4880F8905002B0BDE8704036
:10CD1000F4F7FEBA0C4B1C745C825C610B4B1C710B
:10CD2000E2E702B070BD00BF6A0F0020783100203A
:10CD3000380600206B0F0020763B0108D33100201D
:10CD4000ED30002038320020780F002044230020EE
:10CD500010B50246FFF7B0FEB8B10C4B93F82D307A
:10CD6000591E012904D8BDE810400948FEF762BAEF
:10CD7000032B04D1BDE810400648FFF72ABC5068D9
:10CD80000368BDE810405B69184710BD70030020C0
:10CD9000780F00204423002010B50246FFF78CFED8
:10CDA000B8B10C4B93F82D30591E012904D8BDE8B9
:10CDB00010400948FEF74CBA032B04D1BDE81040DF
:10CDC0000648FFF718BC50680368BDE810409B692F
:10CDD000184710BD70030020780F00204423002066
:10CDE0002DE9F04FDFF8048198F8004097B08146B4
:10CDF0000E461746002C48D13D4B1B78022B40D1E4
:10CE0000DFF8F0B00DF1180A25465846ECB2FFF7EE
:10CE10009FFF40B15846FFF7BFFF0135402D0AF88C
:10CE2000010BF2D12C4634482146F4F716FF334863
:10CE3000F4F70DFF32488DF8129090F8A4308DF879
:10CE40000C30304B80F89190DB788DF80D3090F8F5
:10CE500090308DF81130F4F782FA8DF80E00F8F763
:10CE60000BFB294D8DF8130010F0010F0CBF33465A
:10CE70003B468DF8143095F8563043B9B74206D08A
:10CE8000FEE71C48FFF7D8FBD4E70024D2E71C4894
:10CE9000F4F777FA1D4B8DF810001978022207235A
:10CEA00013FB01230522B3FBF2F32A788DF815302A
:10CEB000174B142101FB023393F85A305A1E534288
:10CEC00053418DF8163098F800304BB9114A12488A
:10CED000009406AB03A9F8F7F9F817B0BDE8F08F96
:10CEE0000C4A0D4803A9FFF775FDF6E770350020E1
:10CEF00011070020283500208832002060320020F1
:10CF000038320020ED300020140300201B310020B7
:10CF100070030020F4300020CC35002030B4084CE1
:10CF2000257925B10146204630BCF8F7B1BB054C48
:10CF300094F8A430013384F8A43030BCFFF750BF1C
:10CF4000380600203832002008B50246FFF7B4FD4D
:10CF500018B9A2F82206A2F82006054B93F82D3046
:10CF6000032B04D1BDE808401046FFF7ADBA08BD59
:10CF70007003002070B500239CB2A24200D870BD9F
:10CF8000058886886C1C34404688A6421EBF2D1832
:10CF9000CE5CAE7103F1010318BF0480ECE708B565
:10CFA0006830FFF7E7FF08BDA0F11400F7E70000C5
:10CFB00038B50A4B93F82D3000F5EF65022B044687
:10CFC000284608D1FDF7C0F90246294604F24A4036
:10CFD000FFF7D0FF38BDF5F728FAF5E7700300201A
:10CFE000F0B587B00446102201A8F4F73DFC204BB1
:10CFF00094F8A8C893F8352084F85EC64FF0FF3344
:10D00000333284F85C3684F85D36012384F85F3669
:10D0100004F5CA67D2B201AB04F5CC660DF1140E6B
:10D020001D4603CD7545306071602B4606F108063C
:10D03000F6D184F855264423D4F8582684F8563679
:10D04000142363F31702C4F858264DF2016284F8E2
:10D0500071C7A4F8722784F8743704F5A4713846B0
:10D06000F5F75CFD39462046FFF7A2FF07B0F0BD9B
:10D07000700300202DE9FF410446B0F84C14B0F8CD
:10D080004A04F5F7C5FCE3684BBBDD2808D804F576
:10D09000F37604F5ED75A06803685B69984710B9ED
:10D0A00004B0BDE8F081A06803689B6998472A46F0
:10D0B000034631466846F5F707FB0028EBD09DF89C
:10D0C0000030022BECD104F5CA6532466946284689
:10D0D000F5F772FA29462046FFF76AFF94E0DD284B
:10D0E000DED84D4D2B780133DBB2012B2B700FD9DD
:10D0F00000232B70A06803685B69984750B901232F
:10D100002B70E06803685B69984730B9287004E0C9
:10D11000002BEFD02B78012BF3D004F5F37604F538
:10D12000ED772B78002B36D1A06803685B699847B0
:10D1300088B3A06803689B6998473A46034631461E
:10D140006846F5F7C1FA0028EBD0DFF8D0806946D1
:10D150000120F5F789FC98F8023033B1E068BDF89A
:10D160000220036831461B6998479DF80030022B66
:10D1700011D104F5CA67324669463846F5F71CFAFC
:10D1800098F800301BB139462046FFF711FF3946A9
:10D190002046FEF77BFA04F21E3604F212372B7893
:10D1A000012B7FF47DAFE06803685B699847002836
:10D1B0003FF476AFE06803689B6998473A460346B8
:10D1C00031466846F5F780FA0028E8D0134F6946E3
:10D1D0000220F5F749FC7B7833B1A068BDF8022046
:10D1E000036831461B6998479DF80030022B7FF495
:10D1F00057AF04F5CA65324669462846F5F7DCF9AB
:10D200003B78002B7FF466AF2946204604B0BDE88A
:10D21000F041FEF73BBA00BF34060020F5050020C0
:10D22000264B70B51E680446FFF746FC58B9C4F893
:10D23000A468A4F85601A4F85401A4F84C04A4F876
:10D240004A0484F8B8081E4D95F82D30013B012B97
:10D2500033D82046FEF73EFD2046FFF70BFF194B63
:10D260001B78142202FB035595F8525095B1D4F85F
:10D27000A438F31AB3F57A7F0FD3C4F8A468012554
:10D2800004F6A800FEF756FC4DB12046BDE87040FC
:10D29000FEF708B8C4F8A468F2E70025F0E794F8B0
:10D2A000B4382BB1084984F8B4582046FFF798FEEB
:10D2B0002046BDE87040FEF709BB70BD70440020F9
:10D2C0007003002014030020683B01082DE9F04F93
:10D2D000AC4BAD4C1B78012B87B000F21C810BB915
:10D2E000F5F7D6FEDFF8A492DFF8A482FFF7D0F9B5
:10D2F000D9F80000616C03689B689847D8F8000073
:10D30000616C03689B689847A24B00221A809A7050
:10D31000A14B08229A6207254CF25030013DF6F7E6
:10D3200003F8F6F747F815F0FF05F5D19B4B9C483D
:10D330009D701D8001F0F3FB013880B24FF6FD7641
:10D34000B04203D997490120F8F7ECFB964801F069
:10D35000E6FB013880B2B04202D994490220F3E7DB
:10D36000934B1D60934B1D6094F8523013B994F8A1
:10D3700054301BB190498A48F7F7B4FC94F8533005
:10D3800013B994F855301BB18C498748F7F7B7FCAF
:10D390008B488C4E8C4FF8F78BF894F82A30029318
:10D3A00094F829300193A38D009394F82830626A91
:10D3B00094F820103046F7F7AFFC94F83A30029317
:10D3C00094F839300193A38F009394F83830626B4E
:10D3D00094F8301006F1DC00F7F79EFC7B4BFF223F
:10D3E0001A705A7022787A4B4FF0140A0AFB0272B4
:10D3F000002592F85A205D70511E4A424A411A7027
:10D4000005229A706422DA701D71724B357486F8A9
:10D41000EC5030461D70F7F7EBFC0146604801F018
:10D4200034FA06F1DC00F7F7E3FC01465E4801F050
:10D430002CFA694B1D80694B1D70694B1D70694B3F
:10D440001D80694B1D80694B1D70694B1D80694BA8
:10D450001D70694B1D70694B1D70694B1D70694BC8
:10D4600001201D70FFF730FAFFF748FAB4F8483092
:10D47000B4F84A2094F840106348F3F70BFFB4F86F
:10D4800048106248F4F743FA6148F8F79BFB2378A9
:10D4900060480AFB037797F84E10F4F76BFDD8F855
:10D4A00000305D4AD9F800105C48FEF7B3FAD9F8AD
:10D4B0000050D8F800205A482946FEF7E1FF1346ED
:10D4C0005848554A2946FFF7C9F8574BB4F8482041
:10D4D00019685648F8F756FE94F852301BB994F87C
:10D4E0005430002B4CD02E48F7F7EDFB5048F4F7A2
:10D4F000D5FC5048F4F7CAFB4F48F4F7FDFC4F4AFF
:10D50000002313704E4A13804E4A1380F6F70EFC28
:10D510001C4AFF231370F6F713FC314E002800F06D
:10D52000C780334A13880BB1013B13802A4A138802
:10D530000BB9B4F84830013B9BB2012B138040F08B
:10D540008380264A1370FFF70BFA3378002B40F0E4
:10D55000AF80264B0F4A1978138802297ED1002B01
:10D5600000F08080013B9BB213809278002A7CD02F
:10D57000002B40F08280F5F7C9FEF5F7D5FE7CE080
:10D580000948B1E71A31002014030020303200208E
:10D5900034320020660F002000040048280F0020CD
:10D5A000F0340020883B01080C350020923B010834
:10D5B0005C0F0020600F00201803002024030020CF
:10D5C00038060020EC0B0020700300201B310020E7
:10D5D000E40B00202E32002028360020640F0020AB
:10D5E000DD0B0020EA3000206C0F00201107002026
:10D5F0001407002012070020100700206B0F0020E6
:10D600006A0F0020720F0020383200205C350020A5
:10D61000ED300020FC0E002054180020780F002070
:10D620004423002028350020040700207406002031
:10D630004044002030350020080700201831002029
:10D640006C3500206E350020002B7FF47CAF012369
:10D650003370894B5A6A894B1A8074E7002B81D149
:10D66000C72381E740F2F3137EE7022984487BD188
:10D670000BB9F5F74BFE08238362824D2B88002BF4
:10D6800077D140F2E7332B807F48F7F79DFF94F87E
:10D69000523023B994F85430002B00F082807B483C
:10D6A000F7F711FB2B881BB979497A48F5F7C2FACD
:10D6B000794D2B88022B76D0042B00F0A580012B0E
:10D6C00019D1764B197C5A7C93F8ED000131C9B21F
:10D6D0008A4298BF002193F8EC2019740132D2B22B
:10D6E000904298BF002283F8EC206D4B187AFFF728
:10D6F00015FC02232B8094F8523023B994F854304F
:10D70000002B00F0F380674F3B68002B00F0EE80A9
:10D710002B88032B40F094803B68DA070DD5624AD2
:10D7200000233B60137843F00101117094F85620F8
:10D730000AB19B0701D504232B803B68002B00F026
:10D74000D5803B683B685948594913F0020F00F0F7
:10D75000858003783A6801930B7800932B785549BC
:10D7600092B20120F8F7E6F910228262002B84D1F0
:10D7700003E7013B9BB22B80002B85D122784E4BD7
:10D78000142101FB023393F85330022B7FF47CAF5A
:10D790004A4B1B78002B3FF477AF4948F3F704FE60
:10D7A00072E748487CE7344B344A5B6A12889B1A1C
:10D7B0009BB240F2ED2293429DD9434B4348002750
:10D7C0001F70F8F7A5F83548F7F712FB01462F4808
:10D7D00001F05BF83E48F7F70BFB0146394801F0D2
:10D7E00054F82F4B187AFFF71FF903232B802E4B89
:10D7F00038481F70384B1F602A4B1F60374B01227F
:10D800001A71F4F74FFB76E794F8523023B11F48B2
:10D81000F5F7BAFCF7F7C3F994F8533023B1294868
:10D82000F5F704FDF7F7BBF9204A05232B80002309
:10D8300013701F4A1370284A13601A4A13605AE77C
:10D84000052B7FF47AAF3B6898077FF576AF002011
:10D850003860FFF7FDF8164B18706EE73B6813F061
:10D8600001033FD003783A6801930B7800932B783B
:10D870001B4992B2022075E700440140EA300020C3
:10D88000000400486C35002038060020F0340020E9
:10D89000B2300108280000206C0F0020EC0B0020A3
:10D8A0005C350020600F0020720F00206B0F0020FD
:10D8B0006A0F00209D3B0108700300201007002024
:10D8C000383200200C350020640F00201B3100206E
:10D8D000C80C0020404400205C0F002018070020E6
:10D8E000AE3B01083B602B8003700B7094F8533003
:10D8F0001BB994F85530002B4AD0A24F3B68002B3F
:10D9000046D02B88032B24D13B68D9070DD59E4ADE
:10D9100000233B60137843F00201117094F8562005
:10D920000AB1DA0701D504232B803B68002B2FD0E6
:10D930003B683B689548964913F0020F16D0037870
:10D940003A6801930B7800932B78924992B20320A6
:10D9500008E7052BE9D13B689B07E6D500230120AA
:10D960003B60FFF775F8894B1870DEE73B6813F0F2
:10D97000010309D003783A6801930B7800932B7860
:10D98000854992B20420EDE63B602B8003700B705A
:10D990003378002B00F0CF81002380483370F7F7F5
:10D9A0000AF97F48DFF8E4A1DFF8E4B1DFF8F48199
:10D9B000F7F701F994F8523094F85360002B00F017
:10D9C0000D81002E00F019819BF800308BB99AF878
:10D9D0000060003E18BF01269AF80030012B94BF6A
:10D9E00000230123002E40F015811E46FFF712F898
:10D9F00014E0012BF0D094F85330002B00F00C8190
:10DA000098F98D30009398F98C309AF800209BF8A3
:10DA100000106548F3F764FFFFF742F994F85400EB
:10DA20009BF800109AF8002094F85530002800F078
:10DA3000F580002B00F0F78098F98D30009398F96D
:10DA40008C305A48F3F77EFFDFF86491594F99F80C
:10DA5000103088F8A7309BF80030012B94BF0023CA
:10DA6000012388F8A5309AF80030012B94BF0023D9
:10DA7000012388F8A6303B784EB1002B00F0D68009
:10DA8000012B00F0D8804C4BB4F84C201A803B7826
:10DA9000022B03D1484B1B8803B93B703A78002313
:10DAA0000120022A28808BF800308AF8003006D046
:10DAB00042490B701AB9FEF745FFFEF71FFF404AB7
:10DAC00013880BB9B4F84A30013B9BB213807BBB7F
:10DAD0003448F3F777FC3B78022B29D1314898F989
:10DAE0009250F3F761FC94F85230064623B994F84B
:10DAF0005430002B00F0C9802848F7F7CDF8314B9F
:10DB00001A78AAB11A790AB1013A1A71DA782E4C48
:10DB1000072101FB02610431921BC908132AD97045
:10DB200002DC322E00F2B3809A7862700A221A71F7
:10DB30001C48264CF3F7EBFB3B78022B0CBF01256E
:10DB400000250ED01748F3F78BFB23784BB11D4B04
:10DB50001A7832B11C4A997851706422DA70002226
:10DB60001A711B4B25701D78002D00F0BC80194BDD
:10DB700008229A6110229A61F6F790FE164A012354
:10DB80001370BBE05C0F0020720F00206B0F0020B1
:10DB90006A0F0020BF3B0108D13B0108F034002090
:10DBA0000C35002038320020193100205C3500206F
:10DBB000EC0B00201107002014070020ED3000209E
:10DBC0006E350020E40B00201B3100202F060020C2
:10DBD000DC0B0020000400481A3100206EB19AF8D6
:10DBE0000030012B94BF00260126002B3FF4FEAE2F
:10DBF00094F8533083B101200EE79BF80020012AEE
:10DC000094BF00260126002A3FF4F0AE002B7FF4DB
:10DC1000F2AEEDE71E46EEE60020FDE61BB19D4BA1
:10DC200001221A7210E79B4B0022FAE701223A7098
:10DC3000994A137027E7984A984E13780133DBB25C
:10DC400013703278DAB994F850108B42FFF41BAF9E
:10DC5000934991F8A03043B9924B1B792BB982B10B
:10DC6000FEF770FE012381F8A030337813B98E4897
:10DC7000F3F749FB02233B700123337003E70521CF
:10DC8000E3E78A490C20FFF75FBB894835E780B29C
:10DC900000F10F0636B2B54222780CDA9E78964231
:10DCA00009D9501C607054294FF00A0018713FF6D2
:10DCB0003FAF013239E7153000B285420BDD5E29F6
:10DCC00009D959789142BFF433AF197900297FF40B
:10DCD0002FAF013A29E754293FF62AAF99789142AC
:10DCE0007FF626AFE5E76F48F7F798FCF7F7C2FC39
:10DCF0000128044605D003283FF440AF07B0BDE833
:10DD0000F08F6848F7F71AFC41F28833A9F8D6304B
:10DD1000A9F8B231674B89F8D4401022A9F8D8503D
:10DD200089F8B041A9F8B4519A6108229A62624B0D
:10DD30003D709C70E2E794F85730604EEBB160495B
:10DD40006048F9F785FD68B122785F4B142101FB2B
:10DD50000233012293F84C30032B04BF01233370AC
:10DD6000584B1A7157480DF11301F9F789FD20B18D
:10DD70009DF81330F3B1012B1FD094F8573023B91D
:10DD800094F85830002B00F007814E480DF1130134
:10DD9000F9F79BFD50B39DF81330033B0F2B25D8AB
:10DDA000DFE803F01624242424242448244C62723F
:10DDB0009EA4A0A2FDF7F8FFDFE7424805A9F9F706
:10DDC000B3FD0028D9D09DF81400FAF753F8D4E732
:10DDD000F6F774FD3D4B1B78022B4FF0030722D161
:10DDE0000420FEF78BFD374B83F8FA7A94F858300D
:10DDF000002B00F0D18032493548FBF7C7F808B155
:10DE000001233370B4F84820314804A9FBF7E0F847
:10DE1000002875D09DF81030052B71D8DFE803F08D
:10DE20006D84888C90B627488DF8147005A9F9F791
:10DE3000EDFEDBE72749A1F13300F8E7214F05A903
:10DE400007F13300F9F7F8FF0028CFD09DF8143020
:10DE5000002BCBD01D4B18780228C7D1FEF74EFD02
:10DE60000C2387F8FA3AC1E7184B1B78022B07D12D
:10DE70000320FEF743FD134B0D2283F8FA2AB5E782
:10DE8000154B01221A70B1E701211448F3F71BFF6B
:10DE9000ACE700BF5C35002012070020100700200F
:10DEA0002C0500203806002038320020E33B010812
:10DEB0000C35002000040048660F002018310020B7
:10DEC000F4300020401800207003002011070020CB
:10DED0001807002073180020DC0B002030350020CC
:10DEE0000221D2E70321D0E70821CEE7804B814809
:10DEF00093F83310F4F704F878E77F48FBF74AFF0C
:10DF00007D4F0DF111013846FBF798F8002843D0FA
:10DF10009DF81130022B3DD8002B00F090807748FF
:10DF20000121F3F7D2FE37E07348FBF785FFE7E7FF
:10DF30007148FBF7C3FFE3E76F48FCF73FF8DFE703
:10DF40006B480DF11201F9F7EFFC18B19DF81200C2
:10DF5000F9F790FF66480DF1130205A9F9F726FCC1
:10DF600030B19DF8132005996348FBF7BBF8C7E76C
:10DF7000FEF7A2FD0028C3D0614B93F82D30013B82
:10DF8000022BBDD85C48FBF7B5FAB9E75A48FBF756
:10DF9000D9FFB5E7032B58D094F8593023B159492C
:10DFA0005948F4F70EF908B933780BB300233370EE
:10DFB000534E237853495548142707FB036393F8BE
:10DFC0004D20F3F743F9237807FB036797F85A20AE
:10DFD000012A02D14E4A127852B9142202FB03667A
:10DFE000484996F84A3096F856204A48F7F7BAFC5E
:10DFF000494B1B78002B7FF481AE2B88022B3FF41A
:10E000007DAE4648FFF70CF94548FEF79DFF4548B1
:10E01000F3F755FF3948F3F73FFE10B93F48FEF7D5
:10E0200091FD431E102B5FD8DFE803F03E454C5EA8
:10E03000182C365E5E4E5E5E5A5E565E560097F84F
:10E0400069102C48F3F75CFFA6E7BA7D2848023A2E
:10E05000D2B207F11801F9F794FB9DE7324B18781B
:10E06000022805D1FEF74AFC214BFF2283F8FA2A49
:10E070002048F3F759FF00283FF440AE2B4B012214
:10E080001A703BE6284B1B78022B01D10320E9E7ED
:10E09000264B01221A70EBE7F6F710FC224B1B7897
:10E0A000022BE5D10420DDE7214B1A79002ADFD1CC
:10E0B00001225A71DCE71E4B1A79002AD8D00122BE
:10E0C0009A71D5E7F4F794FF0C48F3F705FEC1B257
:10E0D0000848F3F715FFCBE70848F3F7FFFDC7E75C
:10E0E0000648F3F7F9FDC3E704283FF447ADBFE75F
:10E0F00040180020080700201807002030350020B5
:10E1000070030020F4300020FC0E00206C0600207C
:10E11000100700201B310020640F0020780F002022
:10E12000442300204044002011070020DC0B002085
:10E130003806002008B5FFF7C9F8FCE7564B574AE8
:10E1400070B51A60564B574A1A60574B574A1A60B7
:10E150005A619A62DA63564A1A655A66554A9A674C
:10E16000554A564B564C02F10801283200255A6197
:10E1700040F2FF12C3E91A527F26524A1960C3F8CF
:10E180007022C3F86C52C3F8745AC3F8786AA3F8C3
:10E19000025B4D4B2360212384F80C3104F1DC0336
:10E1A000C4F81031102384F8143104F1C403C4F806
:10E1B0001C310F2384F820311E2384F8243104F10C
:10E1C000F403C4F82831062384F82C3107230222F3
:10E1D000092184F8303104F1FA0384F81821C4F8D5
:10E1E000343184F8382184F83C1184F850210D2210
:10E1F0000A2084F8542104F2011204F1FC0384F88B
:10E200004801C4F8582104F1FF001122C4F840313C
:10E21000C4F84C01032384F8602104F1EC0004F5F8
:10E22000827284F8443184F85C31C4F86421C4F803
:10E230007001082284F8783104F5EA7004F1D30300
:10E2400084F8682184F86C2184F87421C4F87C3146
:10E2500084F88011FAF706FD1C4B1D4A1A601D4810
:10E26000A4F8C0542946F2F7A1FF1B4B1B4AC3F880
:10E270004C24C3E95556A3F84A54194B40F2FF32D7
:10E28000C3F82426C3F82056164B174A1A60174BBA
:10E29000174A1A6070BD00BFF0340020043C01082A
:10E2A0000C3500202C3C01083832002014320108C3
:10E2B000FC310108083201081C66010840180020E2
:10E2C000180700200000FF0714660108FC0E00205C
:10E2D000143D01086C060020780F00200000FF01AB
:10E2E0004423002028350020D06501084044002048
:10E2F0000066010810B53024632807D80C7030215F
:10E30000092808D830301170187010BD01346438F5
:10E31000E4B2C0B2F0E701310A38C9B2C0B2EFE7E7
:10E3200030B5302442F20F75A84212D80C7030215B
:10E33000B0F57A7F14D211703022632816D81A7083
:10E340003023092817D8039A1370049B30301870B3
:10E3500030BDA0F51C5001341038E4B280B2E3E7C0
:10E360000131A0F57A70C9B280B2E1E701326438B8
:10E37000D2B280B2E1E701330A38DBB280B2E0E723
:10E3800070B5324D324E3024A84232D80C70314D27
:10E39000314C3021A04230D81170304930228842AF
:10E3A0002FD21A702E4A302390422ED8049A13701E
:10E3B0002C4A302390422FD8059A1370302342F212
:10E3C0000F7290422ED8069A13703023B0F57A7FE0
:10E3D0002ED2079A1370302363282ED8089A137010
:10E3E000302309282DD8099A13700A9B30301870F1
:10E3F00070BD0134E4B23044C6E70131C9B22844EB
:10E40000C8E70132D2B2401AC9E70133A0F574203F
:10E41000DBB2A0F51070C7E70133A0F5C330DBB263
:10E42000A038C7E70133A0F51C50DBB21038C8E7AD
:10E430000133DBB2A0F57A70C8E70133DBB2643890
:10E44000CAE70133DBB20A38CBE700BFFFC99A3B0A
:10E45000003665C4001F0AFAFFE0F50580969800B3
:10E460003F420F009F86010010B58B1C0C464A1CD2
:10E47000FFF740FF0023E37010BD002810B50C46E5
:10E480000FDA10F1800F0FD04042C0B22D22234688
:10E49000611C03F8032BA21CFFF72CFF0023237140
:10E4A00010BDC0B22022F2E72D228020EFE713B585
:10E4B0000B1D0193CB1C00934A1C8B1C0C46FFF7D1
:10E4C0002FFF0023637102B010BD10B588B001F1B9
:10E4D0000903069301F108030593CB1D04938B1DDB
:10E4E00003934B1D02930B1D0193CB1C00934A1CFD
:10E4F0008B1C0C46FFF744FF0023A37208B010BD2D
:10E500000A2230B501231446824207D95A1E12B29C
:10E510000A24150406D50022CA5430BD01339BB22B
:10E520006243F1E7B0FBF4F504FB1500303088548A
:10E530002846013AEDE7031E10B50C4603DBBDE8A3
:10E540001040FFF7DDBF58420131FFF7D9FF2D23FF
:10E55000237010BD03099F2800F00F0094BF3033D3
:10E56000373309280B7094BF3030373000234870A0
:10E570008B70704713B502460C46C0B201A9FFF775
:10E58000E9FF2146100AFFF7E5FF9DF80430A3706C
:10E590009DF80530E3709DF80630237102B010BD80
:10E5A00010B5034C2146FFF75FFF204610BD00BFAA
:10E5B0004C44002010B5034C2146FFF75EFF204677
:10E5C00010BD00BF4C44002010B5034C2146FFF79E
:10E5D0006EFF204610BD00BF4C44002010B5034C18
:10E5E0002146FFF772FF204610BD00BF4C440020BB
:10E5F00010B5034C2146FFF7BDFF204610BD00BFFC
:10E600004C44002013B503688DF807109C680DF189
:10E6100007010123A04702B010BD07B503688DF8BC
:10E6200007101B6901220DF10701984703B05DF83F
:10E6300004FB2DE9F0411D46036804465B690F4663
:10E6400016469847236820461B689847221D39467E
:10E650002046FFF7D7FF2DB123682A461B693146B4
:10E6600020469847236820465B68984723682046E1
:10E670009B69BDE8F0410C2118472DE9F0411E4689
:10E68000036804465B6915460F4698472368204691
:10E690001B689847221D39462046FFF7B3FF2046E6
:10E6A0000021FFF7BAFF23682046DB68324629467F
:10E6B0009847236820465B68BDE8F04118472DE97C
:10E6C000F0411F46036804465B690D4616469847AD
:10E6D000236820461B689847221D20460D21FFF71E
:10E6E00091FF290A2046FFF798FFE9B22046FFF77D
:10E6F00094FF236831463A4620461B6998472368B1
:10E7000020465B689847236820469B69BDE8F04136
:10E710000C21184707B501238DF807200DF10702DA
:10E72000FFF7CDFF03B05DF804FB2DE9F0411F4674
:10E73000036804465B690D461646984723682046E1
:10E740001B689847221D20461D21FFF75BFF290A01
:10E750002046FFF762FFE9B22046FFF75EFF204642
:10E760000021FFF75AFF23682046DB683A4631460E
:10E770009847236820465B68BDE8F041184707B515
:10E7800001230DF10702FFF7D0FF9DF8070003B04A
:10E790005DF804FB2DE9F0411E46036804465B6901
:10E7A0000F4615469847236820461B689847221D48
:10E7B00020460E21FFF726FF39462046FFF72DFFA2
:10E7C00023682946324620461B699847236820461D
:10E7D0005B689847236820469B69BDE8F0410C219F
:10E7E00018472DE9F0411E46036804465B690F4651
:10E7F00015469847236820461B689847221D2046E7
:10E800001E21FFF7FFFE39462046FFF706FF204690
:10E810000021FFF702FF23682046DB6832462946C5
:10E820009847236820465B68BDE8F041184710B55B
:10E83000002304461A46C021FFF7FBFE207910BDD5
:10E8400037B504460D468DF80710012380210DF1E0
:10E850000702FFF7EEFE2368012D9B690CBF3221F2
:10E8600040F2DC51204603B0BDE83040184737B5D0
:10E8700001230C468DF807100DF107028A21054689
:10E88000FFF7D7FEAC7103B030BD07B5042309BA5A
:10E8900001910DEB03028621FFF7CBFE03B05DF87B
:10E8A00004FB07B502238DF804108DF805208F2195
:10E8B00001AAFFF7BEFE03B05DF804FB37B58DF883
:10E8C000063000238DF807300423044615468DF8E2
:10E8D00004108DF805208B210DEB0302FFF7A9FE34
:10E8E00040F689012046FFF74AFF062D16BF40F08B
:10E8F000040200F0FB02D2B240F6890120468DF8F6
:10E900000420FFF707FF03B030BD73B515468DF83F
:10E91000033000229DF818309DF81C608DF800200F
:10E9200004468DF801108DF804308C2106236A46C8
:10E930008DF802508DF80560FFF77BFE40F23671CE
:10E940002046FFF71CFF5EB100F0FB0240F236717B
:10E9500020468DF80020FFF7DDFE657102B070BD26
:10E9600040F00402D2B2F1E707B55BBAADF804306B
:10E97000BDF810305BBAADF8063049BA082352BA78
:10E98000ADF80010ADF8022019466A46FFF751FEB7
:10E9900003B05DF804FB07B5022301AA1221FFF7BB
:10E9A0006CFE9DF804309DF8050000EB032080B25A
:10E9B00003B05DF804FB07B5022349BAADF80410B3
:10E9C00001AA1946FFF735FE03B05DF804FB07B551
:10E9D00002238DF804108DF805208E2101AAFFF77F
:10E9E00028FE03B05DF804FB13B56FF07F43994236
:10E9F00028BF19460B0C04468DF804300B0A8DF81D
:10EA000005308DF8061001AA03238321FFF711FEBC
:10EA1000236864219B692046984702B010BD13B556
:10EA20006FF07F43994228BF19460B0C04468DF8BE
:10EA300004300B0A8DF805308DF8061001AA032367
:10EA40008221FFF7F6FD236864219B6920469847E1
:10EA500002B010BD37B503230D461446142101AA98
:10EA6000FFF70BFE9DF804305B085B422B809DF99D
:10EA70000530002BB8BF03339B10237003B030BDAB
:10EA800010B543680D4A23F07F4323F0FF03934200
:10EA9000044611D1002240F60211FFF73BFE40F67A
:10EAA00044112046FFF76BFE40F00202D2B240F65E
:10EAB00044112046FFF72EFE10BD00BF00010100EB
:10EAC00070B505460E46FFF766FF314604462846F8
:10EAD000FFF771FFA30702D52846FFF7D1FF2046B5
:10EAE00070BD07B5002914BF402320238DF80730DF
:10EAF0000DF1070201239321FFF79BFD03B05DF8A1
:10EB000004FB10B5002304461A46C121FFF791FD0E
:10EB1000236820469B69BDE810404621184708B588
:10EB2000FFF785FE80B208BD07B50023ADF80430BD
:10EB300001AA02230721FFF77CFD03B05DF804FB67
:10EB400007B5130C8DF8053052BA04238DF8041064
:10EB5000ADF8062097210DEB0302FFF76AFD03B025
:10EB60005DF804FB08B50A4640F6AC01FFF7D2FD9C
:10EB700008BD10B540F6D8010446FFF700FE40F08E
:10EB80001E02D2B240F6D8012046FFF7C3FD10BDE9
:10EB900008B50A4640F6E701FFF7BCFD08BD0000D6
:10EBA00007B5054B019304230DEB03029521FFF7F5
:10EBB00040FD03B05DF804FB0407000107B5022324
:10EBC0008DF804108DF80520982101AAFFF731FD7A
:10EBD00003B05DF804FB000013B504461C48B0FB0D
:10EBE000F1F1080C8DF80000080A8DF80100049876
:10EBF0008DF803208DF804308DF80210F1F74AFCEF
:10EC000011A3D3E90023F1F7E9FDF1F7CFFE030CDF
:10EC10008DF8053043BA6A46ADF806302046082321
:10EC20008B21FFF706FD40F689012046FFF7A7FD7F
:10EC300040F00402D2B240F6890120468DF800204F
:10EC4000FFF768FD02B010BD000000008084EE3FB9
:10EC50000000093D1FB58DF807309DF818308DF87C
:10EC600008309DF81C308DF809309DF820308DF863
:10EC70000A309DF824308DF80B3049BA9DF82830C1
:10EC8000ADF804108DF806208DF80C3001AA092388
:10EC90008C21FFF7CEFC05B05DF804FB07B500231F
:10ECA00049BAADF80010ADF8023001936A46082366
:10ECB0004FF4D861FFF703FD03B05DF804FB13B513
:10ECC00003230C4601AA1421FFF7D7FC9DF8063058
:10ECD0005B085B42238002B010BD000030B59BB0E2
:10ECE000202200210BA803F067F91822002102A8B6
:10ECF00003F062F91C4A136823F4C06343F4007301
:10ED00001360136803F4C0630193019B01224FF465
:10ED10000413CDE9082300230A9310210623CDE92B
:10ED200015134FF400330224032517934FF0005CB2
:10ED30004FF0007308A8CDE91345CDE9183C00F069
:10ED40009FFB08B172B6FEE7CDE90400CDE90600ED
:10ED50004F23214602A8CDE9023500F02BFE08B171
:10ED600072B6FEE71BB030BD00040058154B07B566
:10ED70001A6842F480721A601A6842F400721A60CB
:10ED80001A6822F480621A6000F0FAF8FFF7A6FF12
:10ED90004FF0B043DA6C42F00102DA64DA6C02F050
:10EDA00001020192019ADA6C42F00202DA64DB6C31
:10EDB00003F002030093009B03B05DF804EBFFF740
:10EDC000B9B900BF004000587047FEE7FEE7FEE714
:10EDD000FEE7FEE7704770477047F4F7C1BF0120B8
:10EDE000704708B503F0AAF8162303604FF0FF3010
:10EDF00008BD08B503F0A2F816230360FEE770B55E
:10EE00000D4614460E46731B9C4201DC204670BD25
:10EE1000AFF3008006F8010BF5E770B50D46144618
:10EE20000E46731B9C4201DC204670BD16F8010B98
:10EE3000AFF30080F5E74FF0FF3070474FF4005319
:10EE40004B60002070470120704700207047000091
:10EE50000B4A116810B5034609B90A4911601068D8
:10EE600009490A4C0344091B8B4206D903F066F892
:10EE70000C2303604FF0FF3010BD1360FCE700BFB0
:10EE80006C440020D8450020000001200004000050
:10EE9000704700000D488546FFF7FAFF0C480D4902
:10EEA0000D4A002302E0D458C4500433C4188C42E5
:10EEB000F9D30A4A0A4C002301E013600432A2424B
:10EEC000FBD302F005FEFFF751FFFEE70000012033
:10EED00000000020F40200203C6D0108F802002030
:10EEE000D8450020FEE770474FF0B04310B59A6B4D
:10EEF0004FF0FF329A63D96BDA630024996B9C63FD
:10EF0000D96BDC63196C1A64196C1C64596C5A64F3
:10EF1000596C5C64996A9A62996A9C62D96ADA62ED
:10EF2000D96ADC62196B1A631A6B1C63FFF7DBFF8B
:10EF3000204610BD38B5104C237805460BB901208A
:10EF400038BD00F08DFA22784FF47A73B3FBF2F3F8
:10EF5000B0FBF3F000F074F804460028EFD10F2D59
:10EF6000EDD8024629464FF0FF3000F037F8034B4A
:10EF700020461D60E4E700BF880200208C020020CC
:10EF800010B5032000F018F800F06AFA064B18607C
:10EF90000F20FFF7CFFF044618B9FFF715FF2046F3
:10EFA00010BD0124FBE700BF84020020014B18685C
:10EFB000704700BF704400200749CA6822F4E0622D
:10EFC0000302120403F4E063120C134343F0BF6323
:10EFD00043F40033CB60704700ED00E0164B30B5D2
:10EFE000DC68C4F30224C4F10703251D042B28BFE9
:10EFF0000423062D4FF0FF358CBF033C002405FA97
:10F0000003F321EA0303A54022EA0502A3400028F6
:10F0100043EA0203ACBF00F16040084A4FEA031321
:10F02000B8BF00F00F00DBB2AABF00F56140135477
:10F0300080F8003330BD00BF00ED00E014ED00E0CB
:10F040000138B0F1807F0BD24FF0E023054A5861C0
:10F05000F02182F823100020072298611A6170477E
:10F060000120704700ED00E00A4A536943F4802311
:10F0700030B55361EFF3108472B60023CD58C550FC
:10F080000433B3F5807FF9D11369DB03FCD484F337
:10F09000108830BD00400058064B5A69002ABFBF97
:10F0A000054A9A6002F188329A60BABF5869C00F67
:10F0B000002070470040005823016745044B5A69FF
:10F0C00042F000425A615869C043C00F704700BF08
:10F0D0000040005870B50546FFF768FF124E044621
:10F0E0003369D90313D43369DA0744BF012232618B
:10F0F0004CF2FA32134011D10B4E306910F48020DB
:10F100000BD0FFF753FF001BA842F6D304E0FFF734
:10F110004DFF001BA842E3D3032070BD024A1361D8
:10F12000024A01205360F8E7004000587444002070
:10F130002DE9F041184D98462B78012B06460C46D8
:10F14000174626D001232B704FF47A7000236B6092
:10F15000FFF7C0FFA0B9012E16D1104A536943F042
:10F16000010353612760BFF36F8FC4F804804FF42D
:10F170007A70FFF7AFFF094A536923EA0603536128
:10F1800000232B70BDE8F08139462046FFF76CFF65
:10F19000EDE70220F6E700BF74440020004000586D
:10F1A000054A536923F47E7343EAC00040F480307B
:10F1B00040F0020050617047004000582DE9F041D6
:10F1C000234F3B78012B054688463FD001233B70F7
:10F1D0004FF47A7000237B60FFF77CFF044688B908
:10F1E0002B68042B13D11B4A536943F4803343F03B
:10F1F000040353614FF47A70FFF76CFF0446154B1C
:10F200001A681B6800233B702046BDE8F0814FF070
:10F21000FF33C8F800306E68D5E901321344B342B9
:10F220000AD93046FFF7BCFF4FF47A70FFF752FF60
:10F2300050B1C8F800600446064A536923F47E734F
:10F2400023F002035361DAE70136E5E70224DBE746
:10F250007444002000400058024A136843F480734D
:10F260001360704700040058024B186800F4C06037
:10F27000704700BF000400584FF0B0431868C0F357
:10F28000404070474FF0B0431868C0F340007047EB
:10F290004FF0B042536823F47F4343EA00235360A6
:10F2A00070474FF0B0431868C0F3406070470000EB
:10F2B0007FB54FF0B0432C4AD3F80831C0F30310A8
:10F2C00003F00F0352F82040284A52F82330B4FBD1
:10F2D000F3F4FFF7C9FF264B054693E80700B5F5A1
:10F2E000007F04AB03E9070010D0224B9C4218D3E7
:10F2F00003F5B70303F67F539C4229D903F5741332
:10F3000003F510639C4225D802230BE01A4B9C4264
:10F3100007D91A4B9C421BD903F5370303F5D85381
:10F32000F0E7002304AA02EB830353F80C4C144DBE
:10F330002B6823F0070323432B60FFF737FE0646B5
:10F340002B6803F007039C4206D1002004B070BD77
:10F350000123E7E70024EAE7FFF728FE801B0228E5
:10F36000EED90320F2E700BFCC6601086C66010805
:10F370009C300108C0CF6A00BFEA21013F933402EC
:10F38000004000584FF0B04310B59A68D96812F0A9
:10F390000C0205D00C2A4AD101F00303012B50D1F5
:10F3A0004FF0B0412B480B6813F0080306D00B68F0
:10F3B00013F0080337D1D1F8941007E00C68240744
:10F3C00056BFD1F894300968C3F3032350F82330B3
:10F3D000002A0CBF184600204FF0B0418A6802F0A6
:10F3E0000C020C2A1ED1CA6802F00302022A2ED097
:10F3F000032A06D10B68184A13F4801F174B18BF55
:10F4000013464FF0B042D068D168D268C0F30620EE
:10F410005843C1F302130133B0FBF3F0530F013330
:10F42000B0FBF3F010BD0B68C3F30313CEE7042A5F
:10F430000AD0082A05D11B6813F4801304D10748A9
:10F44000CAE700231846C7E703480023C4E7024B76
:10F45000D7E700BFCC6601080024F4000048E801AB
:10F4600008B5FFF78FFF4FF0B043044A9B68C3F322
:10F47000031352F82330B0FBF3F008BD6C660108AB
:10F480002DE9F0410446002853D04FF0B0439D6869
:10F49000DE6803689B0605F00C0506F0030668D5D8
:10F4A000026A1DB10C2D46D1012E44D1002A40D054
:10F4B0004FF0B043A16A1A68170756BFD3F89430CB
:10F4C0001B681B0903F0F00399421FD90846FFF798
:10F4D000EFFE00282DD14FF0B042136843F008032F
:10F4E00013601368A16A23F0F0030B431360606A92
:10F4F000FFF7CEFEFFF7B4FFAB4B1860AB4B1868BD
:10F50000FFF718FD002834D0BDE8F0814FF0B0427D
:10F51000136843F008031360136823F0F0030B43F0
:10F520001360606AFFF7B4FE0846FFF7C1FE0028CB
:10F53000E0D00120E8E74FF0B043002A54D01A6829
:10F5400042F001021A60FFF731FD0746FFF79AFE0D
:10F55000002842D04FF0B042136843F00803136014
:10F560001368A16A23F0F0030B431360606AFFF78E
:10F570008FFE2368D80748D42368990700F18C8050
:10F5800023681E0740F1FA80A3694FF0B046002BB4
:10F5900000F0E180D6F89430E16903F01002914266
:10F5A00000F0C48003F00302022AC2D0D80740F161
:10F5B000B380D6F8943023F00103C6F89430FFF7F7
:10F5C000F5FC0746D6F89430990740F1A580FFF77F
:10F5D000EDFCC31B112BF5D904E0FFF7E7FCC01BC2
:10F5E0000228B3D903208FE71A6822F001021A60BB
:10F5F000FFF7DCFC0746FFF745FE0028B9D0FFF710
:10F60000D5FCC01B0228F6D9ECE7082D03D00C2D41
:10F6100005D1032E03D16368002BADD189E74FF0EC
:10F62000B043A1681A6822F480120A431A60626823
:10F63000B2F5803F10D11A6842F480321A60FFF7A9
:10F64000B5FC0746FFF718FE002895D1FFF7AEFC82
:10F65000C01B6428F6D9C5E7B2F5041F04D11A68A7
:10F6600042F400121A60E6E7196821F4803119604B
:10F67000196821F400111960002AE0D1FFF796FC07
:10F680000746FFF7F9FD00283FF476AFFFF78EFC41
:10F69000C01B6428F5D9A5E7042D236903D00C2DE0
:10F6A0000ED1022E0CD1002B3FF443AF4FF0B042ED
:10F6B0006169536823F0FE4343EA016353605FE7E7
:10F6C0004FF0B046BBB1336843F480733360FFF74B
:10F6D0006DFC074633685A0507D57368626923F0E5
:10F6E000FE4343EA026373604AE7FFF75FFCC31B14
:10F6F000022BEFD976E7336823F480733360FFF78A
:10F7000055FC074633685B057FF53AAFFFF74EFCC3
:10F71000C31B022BF6D965E74FF0B042E169D2F87E
:10F72000943023F010030B43C2F894304FF0B047ED
:10F73000D7F8943043F00103C7F89430FFF736FC54
:10F740000646D7F894309A0718D4FFF72FFC831B8E
:10F75000112BF6D946E7D6F8943023F00103C6F80A
:10F760009430FFF723FC0746D6F894309B0705D565
:10F77000FFF71CFCC31B112BF6D933E7236858078E
:10F7800054D50B4F3B68D90514D4FFF765FDFFF73F
:10F790000DFC06463B68DA050CD4FFF707FC831B1B
:10F7A000022BF7D91EE700BF840200208C02002044
:10F7B00000040058E3684FF0B046002B58D023F007
:10F7C0008003052B02BFD6F8903043F00403C6F83F
:10F7D00090304FF0B046FFF7E9FBD6F8903043F099
:10F7E00001030746C6F8903041F28838D6F89030C9
:10F7F0009B0705D4FFF7DAFBC31B4345F6D9F1E6B7
:10F80000E36823F00403812B1BD1FFF7CFFBD6F86D
:10F81000903043F08003C6F8903007464FF0B04672
:10F8200041F28838D6F89030180504D5E06A0028EF
:10F830004AD1002068E6FFF7B9FBC01B4045F1D96B
:10F84000D0E6FFF7B3FBD6F8903023F08003C6F87C
:10F85000903007464FF0B04641F28838D6F89030E5
:10F860001905E3D5FFF7A2FBC01B4045F6D9B9E661
:10F87000FFF79CFBD6F8903023F080030746C6F8CC
:10F88000903041F28838D6F890301A0516D4FFF738
:10F890008DFBD6F8903023F00103C6F89030074670
:10F8A0004FF0B04841F28836D8F890309B07BDD56C
:10F8B000FFF77CFBC31BB342F6D993E6FFF776FB59
:10F8C000C01B4045DFD98DE60C2D4ED04FF0B04324
:10F8D00002281A6822F080721A6033D1FFF766FBA3
:10F8E0000546FFF7DEFC38BBD4E90C314FF0B042DF
:10F8F0000B43D0682D4901400B43E16B0B43216C56
:10F900000B43616C0B43A16B43EA0123D360136883
:10F9100043F080731360D36843F08053D360FFF7E4
:10F9200045FB0446FFF7BDFC002882D1FFF73EFBF4
:10F93000001B0A28F6D955E6FFF738FB401B0A28BA
:10F94000CFD94FE6FFF732FB0446FFF7AAFC30B9E8
:10F950004FF0B042164BD1680B40D360D4E5FFF7AF
:10F9600025FB001B0A28F0D93CE601283FF4CCAD6A
:10F970004FF0B043226BDB6803F0030191427FF448
:10F98000D8AD616B03F070028A427FF4D2ADA16BF7
:10F9900003F4FE42B2EB012F7FF4CBAD626C03F0B7
:10F9A000604393423FF445AFC3E500BF8C80C11173
:10F9B000FCFFFEEE2DE9F0410D46044610B9012092
:10F9C000BDE8F081684E336803F007038B4216D31D
:10F9D00023689A0727D54FF0B047A268BB6823F089
:10F9E000F0031343BB60FFF7E1FA0646BB68DB0395
:10F9F00019D4FFF7DBFA831B022BF7D911E0336828
:10FA000023F007030B433360FFF7D0FA0746336850
:10FA100003F00703AB42DBD0FFF7C8FAC01B022894
:10FA2000F5D90320CCE72368580617D54FF0B04727
:10FA30006269D7F8083123F00F0343EA1213C7F8BD
:10FA40000831FFF7B3FA0646D7F80831D90305D4D1
:10FA5000FFF7ACFA831B022BF6D9E2E723685A07BB
:10FA600013D54FF0B047E268BB6823F4E06313435B
:10FA7000BB60FFF79BFA0646BB689B0305D4FFF704
:10FA800095FA831B022BF7D9CBE72368180714D507
:10FA90004FF0B0472269BB6823F4605343EAC203C6
:10FAA000BB60FFF783FA0646BB68590305D4FFF72E
:10FAB0007DFA831B022BF7D9B3E72368DA070FD44B
:10FAC000294C236803F00703AB4239D8FFF7C8FC81
:10FAD000264B1860264BBDE8F0411868FFF72ABA9C
:10FAE0006268022A1DD1FFF7C7FB00283FF467AF09
:10FAF0004FF0B04641F28838B36823F00303134354
:10FB0000B360FFF753FA0746B368626803F00C036B
:10FB1000B3EB820FD4D0FFF749FAC01B4045F3D9AD
:10FB20007FE7032A02D1FFF7BCFBDEE712B9FFF73C
:10FB3000A9FBDAE74FF0B0431B685B05D8D43EE77A
:10FB4000236823F007032B432360FFF72FFA0646B1
:10FB5000236803F00703AB42B8D0FFF727FA801BF6
:10FB60000228F5D95DE700BF00400058840200205C
:10FB70008C02002030B5046891FAA1F3B3FA83F344
:10FB800003255B0005FA03F324EA030391FAA1F1CC
:10FB9000B1FA81F149008A401A43026030BD000089
:10FBA000B0F1904F0BD14FF0B043DA6A42F001024E
:10FBB000DA62DA6A22F00102DA6201207047144B3D
:10FBC000984209D14FF0B043DA6A42F00202DA6299
:10FBD000DA6A22F00202EFE70E4B984209D14FF0A9
:10FBE000B043DA6A42F00402DA62DA6A22F004020E
:10FBF000E2E7094B984209D14FF0B043DA6A42F08C
:10FC00008002DA62DA6A22F08002D5E700207047CB
:10FC10000004004800080048001C00482DE9F84F87
:10FC20000E460F6897FAA7F54FF0010BB5FA85F568
:10FC30004FF0030A4FF00F0837FA05F302D1012005
:10FC4000BDE8F88F0BFA05F43C4053D0D6F8049089
:10FC500021464A46FFF78EFF09F1FF33012B19D8E1
:10FC6000B368816894FAA4F2B2FA82F252000AFAF6
:10FC700002F221EA020294FAA4F1B1FA81F14900F8
:10FC80008B40134383604268F36822EA04026343B3
:10FC9000134343603369C16894FAA4F2B2FA82F262
:10FCA00052000AFA02F221EA020294FAA4F1B1FA2D
:10FCB00081F149008B401343B9F1020FC36015D1A4
:10FCC000FF2C716918D8026A94FAA4F3B3FA83F38B
:10FCD0009B0008FA03F322EA030294FAA4F3B3FAAE
:10FCE00083F39B0001FA03F3134303624A46214660
:10FCF000FFF740FF01359FE7426A230A93FAA3FC0E
:10FD0000BCFA8CFC4FEA8C0C08FA0CFC22EA0C02C0
:10FD100093FAA3F3B3FA83F39B0099401143416232
:10FD2000E4E74FF0B0431868C0F3005070474FF05D
:10FD3000B0431868C0F3802070474FF0B043D3F849
:10FD40009000C0F3400070474FF0B0431868C0F314
:10FD5000C00070474FF0B0431868C0F34060704770
:10FD60004FF0B043044A9B68C3F3031352F82330A7
:10FD7000B0FBF3F0704700BF6C6601084FF0B04372
:10FD8000034A9B68C3F3022352F82330D8407047DC
:10FD9000AC6601084FF0B04238B5916801F00C0133
:10FDA000082950D017D889B3042900F08C80FFF7B8
:10FDB000CBFF46490246002876D1FFF7C5FF4FF03A
:10FDC000B043012816BFD3F894201B68C2F3032266
:10FDD00051F822002AE00C29E9D1D36803F003038B
:10FDE000022B5FD0032B37D0FFF7AEFF374C014615
:10FDF00000284AD1FFF7A8FF012816BFD2F89410B7
:10FE00001368C1F3032154F821302CE0FFF79CFF65
:10FE10002E4D044658B9FFF797FF012816BFD2F8B8
:10FE200094401368C4F3032455F8240038BDFFF749
:10FE30008BFF01280ABF1168D2F89430C1F3031177
:10FE400055F82100F2E7FFF76CFF214B01462148EE
:10FE5000012908BF1846E9E7FFF763FF1D4A1C4B5D
:10FE6000012818BF13464FF0B042D068D168D2685D
:10FE7000C0F306205843C1F302130133B0FBF3F083
:10FE8000530F0133B0FBF3F0D0E7FFF75DFF01281C
:10FE90000BBF1368D2F89430C3F30313002354F854
:10FEA0002330E0E70A4BDEE7FFF74EFF4FF0B043A9
:10FEB00001280BBF1B68D3F89430C3F3031300234E
:10FEC00051F82300B2E70248B0E700BFCC66010852
:10FED0000024F4000048E8014FF0B04307B51A6869
:10FEE00042F001021A601A689207FCD51A6822F0E3
:10FEF000F00242F060021A605A6822F47F425A60AF
:10FF00005A6822F0FE4242F080425A604FF4E022EA
:10FF10009A601A6801920199104A0A400192019A66
:10FF20001A60FFF717FF0028FBD14FF0B0430C4ACF
:10FF3000DA6040F23F3298610192019A1A62D3F876
:10FF4000942042F40002C3F8942001204FF4403280
:10FF5000C3F8082103B05DF804FB00BFFFF4CEFE38
:10FF60000010042210B54FF0B0440328D4F88830B4
:10FF70002AD11F4A03F0030343F44033934209D0CC
:10FF8000B3F1031F0DD0013A934211D1BDE81040E7
:10FF9000FFF700BFFFF7CBFE0128164818BF00206F
:10FFA00010BDFFF7CAFE431E58425841C003F7E791
:10FFB000FFF7F0FEFFF7D4FEA3680F4AC3F3C22396
:10FFC00052F82330D840EBE7034043EA00400B4BA4
:10FFD0009842DFD0B0F10C1FE3D0043B9842D5D05B
:10FFE000FFF7D8FEFFF7BCFEBDE81040FFF7C6BE26
:10FFF000020003000024F400AC66010808000C00B5
:020000040801F1
:100000000F4B98420BD14FF0B0431A6C42F4805220
:100010001A641A6C22F480521A6401207047094B4A
:1000200098420AD14FF0B0439A6B42F480429A63EF
:100030009A6B22F480429A63EFE70020704700BF7A
:10004000003001400038004003685B0670B502468E
:100050002DD4D1E900363343CE68056848690C6A6F
:1000600033430E6933438E6903433343CE6925F42A
:100070007F45334325F0BF0523432B43136053686B
:100080008D6823F4706323F0040345EA104018439D
:10009000B5F5006F50603EBF536843F48053536022
:1000A000B4F5005F01D18B8C1361012000E00020CA
:1000B000D36923F40063D36170BD00001A4A03685A
:1000C000904210B502D0B0F1804F09D14C6823F0B6
:1000D0007003904243EA040309D0B0F1804F06D088
:1000E000124A904203D002F58062904203D1CA685E
:1000F00023F44073134303608B68C3620B888362ED
:10010000094B984207D003F5C053984203D003F53A
:100110008063984201D10B690363436943F0010393
:100120004361012010BD00BF002C0140004401408C
:10013000B1F5805F30B500F0F08009D8102975D096
:10014000B1F5807F00F0AE80012935D0002030BDB0
:10015000B1F5803F00F00E81B1F5801FF6D1036A42
:10016000146823F480130362036A416D21F08071E7
:1001700021F4E04141EA0424116923F4001343EA25
:100180000153516823F4801343EA01539149884293
:1001900007D001F5C051884203D001F58061884243
:1001A00006D14168956921F4802141EA85214160A9
:1001B000D2684465C26536E0036A156823F001031E
:1001C0000362036A4168846924F4803424F0730470
:1001D0002C43156923F002032B43556823F00103D8
:1001E0002B437C4DA84207D005F5C055A84203D04B
:1001F00005F58065A84212D1556923F0080343EA4A
:100200008503956823F0040343EA8503956921F487
:1002100080712943D56921F4007141EA4501D26812
:100220004160846142630362012090E7036A1568BC
:1002300023F010030362036A4168846924F0807428
:1002400024F4E64444EA0524156923F0200343EA34
:100250000513556823F0100343EA05135D4DA842CA
:1002600007D005F5C055A84203D005F58065A84222
:1002700013D1556923F0800343EA8513956823F071
:10028000400343EA8513956921F4806141EA8501C1
:10029000D56921F4006141EAC501D26841608461F9
:1002A0008263C0E7036A156823F480730362036AFC
:1002B0004168C46924F4803424F073042C43156924
:1002C00023F4007343EA0523556823F4807343EA5B
:1002D0000523404DA84207D005F5C055A84203D0DC
:1002E00005F58065A84213D1556923F4006343EAFC
:1002F0008523956823F4806343EA8523956921F477
:10030000805141EA0511D56921F4005141EA4511B6
:10031000D2684160C461C26385E7036A156823F44B
:1003200080530362036A4468C16921F0807121F43B
:10033000E64141EA0521156923F4005343EA0533F8
:10034000556823F4805343EA0533224DA84207D071
:1003500005F5C055A84203D005F58065A84204D133
:10036000956924F4804444EA8514D2684460C161EC
:10037000026458E7036A146823F480330362036A53
:10038000416D21F4803121F070010C43116923F497
:10039000003343EA0143516823F4803343EA0143C5
:1003A0000C49884207D001F5C051884203D001F5BD
:1003B0008061884206D14168956921F4803141EA23
:1003C000052141604465816DD268090C090411431F
:1003D000816528E7002C01400F4B98420BD14FF06C
:1003E000B0431A6C42F480421A641A6C22F48042C0
:1003F0001A6401207047094B98420AD14FF0B0436C
:100400009A6B42F400329A639A6B22F400329A6338
:10041000EFE70020704700BF003801400044004073
:1004200038B50368DB0704460D464DD42A69AB682E
:10043000016813436A691343EA691343234A0A4074
:10044000134303604368EA6823F440531343436053
:100450008368AA6923F44073134383601C4B98425A
:1004600020D10320FFF77EFD2B68F0B16A68E2B16E
:100470000B2B15D8174951F82330E969B0FBF3F07D
:10048000B1F5004F4FEA520319D103EB4003B3FB20
:10049000F2F34FF6F0721A40C3F342031343E360E2
:1004A000012003E00C4B984207D00020E26A2B8821
:1004B00022F00F021343E36238BD0C20D2E703445D
:1004C000B3FBF2F39BB2EAE70020F5E7F369FFEF35
:1004D000003801400C6701080044004038B504466C
:1004E00000F0CCF8214605462046F0F753FD20B930
:1004F00000212046F0F726FD08B9284638BD01F056
:100500001DFD0021212303600846F0F731FC05465C
:10051000284638BD08B5C0F3C7537F3B162B0146AC
:1005200015DC002B02460BDB0B481841014205D0BD
:100530004FF480011941114421EA0001084608BD29
:10054000013300F00041F9D141F07E51F6E7802BF4
:10055000F4D1F0F751FA08BDFFFF7F0038B504462B
:1005600000F0B8FB214605462046F0F713FD38B9E8
:10057000204600F047F84FF07E51F0F701FD08B932
:10058000284638BD01F0DAFC034621221A600248F1
:10059000BDE8384000F024BB3C67010800F0E6BC31
:1005A000174A20F0004393421ADD00B5B3F1FF4F24
:1005B00083B005DB0146F0F71DFA03B05DF804FBDC
:1005C000694600F099F900F00302012A01990098A8
:1005D00009D0022A0FD05AB1012200F005FBECE746
:1005E000002100F0C3B800F0FFFA00F10040E4E79A
:1005F00000F0BCF8E1E700F0B9F800F10040DCE7FA
:10060000D80F493F20F00040704700BF1A4A20F041
:10061000004393421BDD00B5B3F1FF4F83B005DB10
:100620000146F0F7E7F903B05DF804FB694600F016
:1006300063F900F00300012801990CD0022813D0BF
:1006400068B1009800F092F800F10040EBE700215B
:10065000002200F0C9BA009800F088F8E3E700989B
:10066000012200F0C1FADEE70098012200F0BCFA96
:1006700000F10040D7E700BFD80F493F20F000420B
:10068000B2F1FF4F2DE9F041044654D2002A50D078
:100690000028034657DB14F0FF4F4FEAE05009D122
:1006A00014F400025BD15B001C02114602F101024E
:1006B000F9D5401AC3F3160242F40002C307A0F1B1
:1006C0007F0558BF520000246D1052004FF0190EE4
:1006D00021464FF0807C01EB0C039342DDBF03EB1E
:1006E0000C016444D31A1346BEF1010E4FEA4302D3
:1006F0004FEA5C0CEFD1BBB11A4E1B4F3068396822
:10070000D6F80080F0F776F901464046F0F724FC71
:1007100050B1306839683668F0F76EF901463046F6
:10072000F0F710FCB8B10234601000F17C5000EB1F
:10073000C550BDE8F0810146F0F766FA2146F0F7B2
:100740005BF9BDE8F0810146F0F754F90146F0F796
:100750000FFBBDE8F081013424F00104E4E74FF021
:10076000FF31A6E790020020940200202DE9F84313
:1007700020F00045B5F1485F064688464ADAF0F7B2
:100780001FFC002800F09F8031463046F0F73CFA0D
:100790004F490446F0F738FA4E49F0F72DF9214653
:1007A000F0F732FA4C49F0F725F92146F0F72CFA28
:1007B0004A49F0F721F92146F0F726FA4849F0F7BF
:1007C00019F92146F0F720FA4649F0F715F92146C4
:1007D000F0F71AFA07464FF07C512046F0F714FA6A
:1007E0003946034620461C46F0F70EFA41460546B8
:1007F0003046F0F709FA01462846F0F7FBF80146C3
:100800002046F0F7F7F801464FF07E50F0F7F2F887
:10081000BDE8F8830146F0F7F7F92D490446F0F7F3
:10082000F3F92C49F0F7E8F82146F0F7EDF92A49F9
:10083000F0F7E0F82146F0F7E7F92849F0F7DCF89F
:100840002146F0F7E1F92649F0F7D4F82146F0F710
:10085000DBF92449F0F7D0F82146F0F7D5F9224B1F
:100860009D420746B7DD214B9D4228DC05F17F45BF
:100870004FF07E502946F0F7BDF881464FF07C518D
:100880002046F0F7C1F92946F0F7B4F83946034697
:1008900020461C46F0F7B8F9414605463046F0F7C9
:1008A000B3F901462846F0F7A5F801462046F0F7CF
:1008B000A1F801464846F0F79DF8BDE8F883DFF857
:1008C00030900C4DDAE74FF07E50BDE8F88300BF62
:1008D0004ED747ADF6740F317CF29334010DD0370B
:1008E000610BB63AABAA2A3D9999993E0000483F60
:1008F0000000383F0000903E2DE9F04FAB4A20F059
:100900000044944289B00D466CDDA94A94420746E2
:100910001CDC0028A74940F31E81F0F76BF8A64BBA
:1009200024F00F049C4206466BD0A449F0F762F80D
:10093000014628603046F0F75DF8A049F0F75AF814
:1009400001266860304609B0BDE8F08F9C4A9442A9
:100950006CDDB4F1FF4F4DDAE615863EA4EBC654CC
:100960002046F0F72DFBF0F7FBF8014620460591F5
:10097000F0F740F84FF08741F0F746F98046F0F77E
:100980001FFBF0F7EDF80446214640460694F0F7C9
:1009900031F84FF08741F0F737F900210790F0F771
:1009A000C7FA002800F0B88000212046F0F7C0FA0E
:1009B000002814BF01230223824A019202220092DE
:1009C0002946324605A800F071FC002F0646B9DA28
:1009D000D5E9002302F1004203F100432A606B6075
:1009E0004642AFE700262860002230464A6009B040
:1009F000BDE8F08F0146EFF7FDFF00266860286034
:100A0000A0E77149EFF7F6FF70490446EFF7F2FFF0
:100A1000014628602046EFF7EDFF6C49EFF7EAFF4B
:100A200001266860304609B0BDE8F08FFFF7EAFDA7
:100A300067498046F0F7E8F84FF07C51EFF7DCFFAC
:100A4000F0F7BEFA0646F0F78BF85A498346F0F7FE
:100A5000DBF801464046EFF7CDFF5849824658463D
:100A6000F0F7D2F81F2E81460146504620DC721E58
:100A7000584B53F8223024F0FF029A4218D0EFF777
:100A8000B9FF8046C5F8008041465046EFF7B2FFF7
:100A90004946EFF7AFFF002F6860BFF653AF08F18C
:100AA000004800F10040C5F800806860764249E7E0
:100AB000EFF7A0FFC0F3C753C3EBD453082B804616
:100AC0004FEAE452DEDD404903925846F0F79CF8C5
:100AD000804601465046EFF78DFF044621465046BA
:100AE000EFF788FF4146EFF785FF384980465846C3
:100AF000F0F78AF84146EFF77DFF01468146204630
:100B0000EFF778FF039AC0F3C753D21A192A804629
:100B100004DC2860A246B7E703234DE72E49584678
:100B2000F0F772F8014680462046EFF763FF8246F1
:100B300051462046EFF75EFF4146EFF75BFF27493E
:100B400004465846F0F760F82146EFF753FF814618
:100B50000146504693E7EFF74FFF174B24F00F0481
:100B60009C4206460ED01549EFF746FF0146286025
:100B70003046EFF73FFF1149EFF73EFF4FF0FF36EA
:100B80006860DFE61049EFF737FF10490446EFF7DA
:100B900033FF014628602046EFF72CFF0B49EFF7A3
:100BA0002BFF4FF0FF366860CCE600BFD80F493FFF
:100BB000E3CB1640800FC93FD00FC93F43443537C0
:100BC000800F4943C06701080044353708A3852ECC
:100BD00084F9223F4067010800A3852E32318D241D
:100BE000004870470000C07F2DE9F84320F0004323
:100BF000B3F1485F04460E46904603DAF0F7E0F999
:100C0000002858D021462046EFF7FEFF0546014652
:100C10002046EFF7F9FF294981462846EFF7F4FF10
:100C20002749EFF7E7FE2946EFF7EEFF2549EFF7F3
:100C3000E3FE2946EFF7E8FF2349EFF7DBFE2946FD
:100C4000EFF7E2FF2149EFF7D7FE0746B8F1000FB3
:100C500022D04FF07C513046EFF7D6FF3946804620
:100C60004846EFF7D1FF01464046EFF7C3FE29465D
:100C7000EFF7CAFF3146EFF7BDFE15490546484676
:100C8000EFF7C2FF01462846EFF7B6FE01462046C1
:100C9000EFF7B0FEBDE8F88301462846EFF7B4FF52
:100CA0000B49EFF7A7FE4946EFF7AEFF2146EFF7F6
:100CB000A3FEBDE8F8832046BDE8F883D3C92E2FF4
:100CC000342FD7321BEF3836010D50398988083C54
:100CD000ABAA2A3E2DE9F84320F00045B5F17E5F2E
:100CE000044600F0B18000F3A780B5F17C5F0646B2
:100CF0000DDAB5F1485F80F2CC808C49EFF77CFECD
:100D00004FF07E51F0F73CF9002840F0C0802046BB
:100D1000FFF778FC01464FF07E50EFF76BFE4FF087
:100D20007C51EFF771FF82490446EFF76DFF81496F
:100D3000EFF762FE2146EFF767FF7F49EFF75AFEB4
:100D40002146EFF761FF7D49EFF756FE2146EFF7A9
:100D50005BFF7B49EFF74EFE2146EFF755FF7949E0
:100D6000EFF74AFE2146EFF74FFF774980462046CE
:100D7000EFF74AFF7549EFF73DFE2146EFF744FFD5
:100D80007349EFF739FE2146EFF73EFF7149EFF760
:100D900031FE2146EFF738FF4FF07E51EFF72CFE82
:100DA00081462046FFF76AFC6B4B9D42074659DCA3
:100DB0000146EFF721FE494605464046EFF7D8FFCA
:100DC00001462846EFF720FF27F47F6525F00F0541
:100DD000804629462846EFF717FF01462046EFF7E1
:100DE00009FE294604463846EFF706FE014620462E
:100DF000EFF7BEFF0146EFF7FFFD01465748EFF75B
:100E0000F9FD01464046EFF7F5FD29460446284620
:100E1000EFF7F2FD01465248EFF7ECFD01462046A0
:100E2000EFF7E8FD01464E48EFF7E4FD002E09DC40
:100E300000F10040BDE8F8830146EFF7DBFD014615
:100E4000EFF796FFBDE8F8834649EFF7DDFE43492B
:100E500005462046EFF7D8FE01462846EFF7CCFDC1
:100E6000BDE8F88349464046EFF782FF3946EFF781
:100E7000CBFE3946EFF7C0FD0146EFF7BDFD3A491D
:100E8000EFF7BAFD01463748EFF7B4FDCEE720464D
:100E9000D8E70146EFF7B8FE25490546EFF7B4FE5F
:100EA0002449EFF7A9FD2946EFF7AEFE2249EFF7F7
:100EB000A1FD2946EFF7A8FE2049EFF79DFD294641
:100EC000EFF7A2FE1E49EFF795FD2946EFF79CFECE
:100ED0001C49EFF791FD2946EFF796FE1A490646A1
:100EE0002846EFF791FE1949EFF784FD2946EFF701
:100EF0008BFE1749EFF780FD2946EFF785FE154970
:100F0000EFF778FD2946EFF77FFE4FF07E51EFF7C0
:100F100073FD01463046EFF72BFF2146EFF774FED5
:100F20002146EFF769FDBDE8F88300BFCAF24971B9
:100F300008EF1138047F4F3A4611243DA80A4E3E6F
:100F400090B0A63EABAA2A3E2EC69D3D6133303FEF
:100F50002D57014039D119409999793F2EBD3BB3A6
:100F6000DB0F493FDB0FC93F2EBD3B3370B521F08E
:100F70000045B5F1FF4F0A4603462CDC20F0004641
:100F8000B6F1FF4F844626DCB1F17E5F35D08C1779
:100F900004F0020444EAD07416B33DB3B5F1FF4F38
:100FA00033D0B6F1FF4F21D0761BB6F1F45F4FEA94
:100FB000E65028DA002933DA3C3031DA0020012CFF
:100FC0003FD0022C35D02CB12449EFF715FD244930
:100FD000EFF710FD70BD19461046EFF70DFD70BD1F
:100FE000022C08D0032CF5D11E4870BDBCF1000FB7
:100FF00007DB1D4870BD1A4870BDBDE8704000F0A9
:101000003DB81A4870BD1848D9E7B6F1FF4F04F152
:10101000FF3419D0022C1DD8154B53F8240070BD95
:1010200011461846EFF7A4FEFFF7ECFA00F026F899
:10103000C5E70A49EFF7E0FC01460948EFF7DAFC9B
:1010400070BD00F1004070BD022C05D8094B53F86B
:10105000240070BD002070BD074870BD2EBDBB339D
:10106000DB0F4940DB0F49C0DB0FC93FDB0FC9BFB6
:10107000E46A0108D86A0108DB0F493F2DE9F04115
:1010800020F00045B5F1A14F0446074607DBB5F156
:10109000FF4F71DC00287FDD7048BDE8F081704BA8
:1010A0009D427CDCB5F1445F6BDB4FF0FF3821469D
:1010B0002046EFF7A9FD01460646EFF7A5FD694971
:1010C0000546EFF7A1FD6849EFF796FC2946EFF7D3
:1010D0009BFD6649EFF790FC2946EFF795FD6449C3
:1010E000EFF78AFC2946EFF78FFD6249EFF784FCA2
:1010F0002946EFF789FD6049EFF77EFC3146EFF7AF
:1011000083FD5E4906462846EFF77EFD5C49EFF712
:1011100071FC2946EFF778FD5A49EFF76BFC294639
:10112000EFF772FD5849EFF765FC2946EFF76CFDC4
:101130005649EFF75FFC2946EFF766FDB8F1FF3F30
:10114000014630464AD0EFF757FC2146EFF75CFDE9
:101150004F4B53F82810EFF74DFC2146EFF74AFCB0
:101160004C4B014653F82800EFF744FC002F94DA6B
:1011700000F10040BDE8F0810146EFF73DFCBDE81D
:10118000F0814549EFF738FC4FF07E51EFF7F8FE5C
:1011900000288AD0204680E74048BDE8F081FFF76C
:1011A00031FA3F4B9D42044623DCA3F5D0039D4218
:1011B00041DC0146EFF720FC4FF07E51EFF71AFCBF
:1011C0004FF0804105462046EFF716FC01462846C1
:1011D000EFF7CEFD4FF00008044668E7EFF70CFC90
:1011E0002146EFF711FD01462046EFF703FCBDE86D
:1011F000F0812C4B9D4216DC4FF07F51EFF7FAFB4C
:101200004FF07F51034620461C46EFF7FDFC4FF0A0
:101210007E51EFF7F1FB01462046EFF7A9FD4FF0B5
:101220000208044643E721461F48EFF7A1FD4FF0AF
:10123000030804463BE74FF07E51EFF7DBFB4FF02E
:101240007E5105462046EFF7D7FB01462846EFF7CB
:101250008FFD4FF00108044629E700BFDB0FC93FAF
:10126000FFFFDF3ED769853C59DA4B3D356B883D42
:101270006E2EBA3D2549123EABAAAA3E21A215BD4B
:101280006BF16E3D95879D3D388EE33DCDCC4C3E58
:10129000006B0108F06A0108CAF24971DB0FC9BF8F
:1012A000FFFF973FFFFF1B40000080BF2DE9F04F7D
:1012B000DDB01C4606930991A64B66990B9253F834
:1012C00021300393111D04F1FF3305460193C0F251
:1012D000EC82D31E48BF131DDB1005930133DB00E6
:1012E0000A93DDE90A239B1A0493059A019BD61AF7
:1012F000039A12EB030818D408F10108DDF89C9159
:10130000B044002420AF08E059F82600EFF728FC8D
:101310000136464547F8040B07D0002EF4DA0136B3
:101320002046464547F8040BF7D1039B002BC0F23B
:101330001183069B019E20AA02EB83079A0000926C
:10134000039A291F02910DF5907802EB030901EB36
:101350008305019B002BB8BF002410DBDDF808A03B
:10136000BB4600245BF8041D5AF8040FEFF74CFC51
:1013700001462046EFF740FBAA450446F2D101366C
:101380004E4548F8044B07F10407E2D1029B009D4B
:10139000039A1D440CAB03EB8203043B07930CAB95
:1013A00003EB8203089390465CAB03EB8803B8F130
:1013B000000F53F850AC4FEA880921DD48AF07EB26
:1013C00088040CAE4FF06E515046EFF71DFCEFF75E
:1013D000F7FDEFF7C5FB4FF087418346EFF714FCAD
:1013E00001465046EFF706FBEFF7EAFD54F8041DFF
:1013F00046F8040B5846EFF7FFFABC428246E1D1AB
:10140000049E5046314600F003FB4FF078510446ED
:10141000EFF7FAFB00F0BAFA4FF08241EFF7F4FB76
:1014200001462046EFF7E6FA0446EFF7C9FD82468B
:10143000EFF796FB01462046EFF7DCFA002E044654
:10144000314640F3898008F1FF360CAAC1F1080348
:1014500052F8262042FA03F000FA03F3D21AC1F13F
:1014600007010CAB42FA01F7002F43F82620824413
:101470007CDC00212046EFF75BFD002800F0D380E4
:10148000039B08F1FF34A34208F1804010DC0CAB51
:10149000DDF820C04FEA880603EB8803002253F8EA
:1014A000041D634542EA0102F9D1002A40F011818E
:1014B000039B0CAA013B52F82330002B40F005811E
:1014C000079B012653F8042D0136002AFAD008EBB9
:1014D0000603009308F10107059A02EB0709069A33
:1014E0006FF0404399441344679A434402EB8909DF
:1014F00020AA02EB830848AB03EB800A59F8040FDB
:10150000EFF72EFB019B48F8040F002B19DBDDF8E9
:1015100008B04446002601E054F8040D5BF8041FAF
:10152000EFF772FB01463046EFF766FAAB45064629
:10153000F2D1009B4AF8046F01379F42DEDD9846E6
:1015400032E7009B013700269F424AF8046FD5DD41
:10155000F5E700BF3C6B010840F09F8008F1FF33C6
:101560000CAA52F82370FF11002F82DDB8F1000F92
:101570000AF1010A40F39E810C9E002E40F0858006
:10158000B8F1010F20D00CAB012253F8046F002EEC
:101590007ED0531C0CA9C6F58076984541F8226090
:1015A00011DD09F130020DEB02010CAA0CA852F872
:1015B000232000EB830300E01A68C2F1FF0243F826
:1015C000042B8B42F8D10126049B002B0EDD012B4E
:1015D00000F06081022B09D108F1FF320CAB0CA99D
:1015E00053F8223003F03F0341F82230022F7FF4FA
:1015F00040AF21464FF07E50EFF7FCF90446002E35
:101600003FF437AF04994FF07E5000F001FA0146E5
:101610002046EFF7EFF9044600212046EFF788FC5B
:1016200000287FF42DAFDDE90A322046991A009791
:1016300000F0EEF94FF087410446EFF797FC0028E1
:1016400000F06481049B4FF06E51083320460493F0
:10165000EFF7DAFAEFF7B4FCEFF782FA4FF08741D1
:101660000546EFF7D1FA01462046EFF7C3F9EFF749
:10167000A7FC0CAB08F1010443F828002846EFF75B
:101680009FFC0CAB43F8240036E00123002281E7E5
:10169000013242457FF479AF96E74FF07C51EFF786
:1016A00065FC074600283FF4E4AEB8F1000F0AF1EC
:1016B000010AC8BF02273FF75FAF21464FF07E50B7
:1016C000EFF798F902270446D3E608F101070097DF
:1016D00002E7049B0097A3F108020CAB049253F8B5
:1016E00024304BB9331F0CA90B4453F8041D013CA3
:1016F000083A0029F9D0049204994FF07E5000F086
:1017000087F9002C0746C0F22B81631C9A000192D6
:101710000CAA02EB830848AA02934FF06E5602EB24
:10172000830558F8040DEFF71BFA3946EFF76CFA0A
:10173000314645F8040D3846EFF766FA0CAB98458C
:101740000746EED1019BDDF80C90CDF810A0083BC8
:1017500048AA02EB03080027A346B9F1000FB8BF5F
:10176000002515DB874C8848C2460025002603E08B
:10177000B7420DDB54F8040F5AF8041FEFF744FA90
:1017800001462846EFF738F90136B1450546EFDA4C
:101790005CAB03EB87035F4543F8A05CA8F104084A
:1017A0004FEA870607F1010301D01F46D5E7669B84
:1017B000DDF810A0022B5C4617DC002B7CDC0FD17F
:1017C000019C34AD2C44002054F8041DEFF714F9AB
:1017D000A542F9D1009B0BB100F10040099B1860B4
:1017E0000AF007005DB0BDE8F08F669B032BF7D1D0
:1017F000002C00F0C28034AF07EB060858F804BC98
:1018000028465946EFF7F8F8A946054629465846AE
:10181000EFF7F0F84946EFF7EFF8C8F8000048F89E
:10182000045D4745EAD1012C40F3A78006F5B87363
:101830006B44BD1953F8A04C0DF1D40855F804BC05
:1018400020465946EFF7D8F8A146044621465846A7
:10185000EFF7D0F84946EFF7CFF8286045F8044D88
:10186000A845EBD1341D3C440020083754F8041D32
:10187000EFF7C2F8A742F9D1009B002B4ED109998E
:10188000349A359B88600AF007000A604B605DB0AF
:10189000BDE8F08F08F1FF320CAB0CA953F82230F1
:1018A00003F07F0341F82230A0E608230A930023C7
:1018B000059316E5002687E6029B34AD05EB83060B
:1018C000002056F8041DEFF797F8B542F9D1009BB8
:1018D000002B34D1099B014618603498EFF78AF841
:1018E000002C0CDD34AE012556F8041F0135EFF74E
:1018F00083F8AC42F8DA009B0BB100F10040099B81
:1019000058600AF007005DB0BDE8F08F2046EFF7A1
:1019100057FB0CAB444643F82800EDE6DDE93423E1
:10192000099900F1004002F1004203F10043886090
:101930000AF007000A604B605DB0BDE8F08F099ABD
:1019400000F10043014613603498EFF753F8002C80
:10195000C8DCD2E72B1F0293069B9B00009315E582
:10196000669B022B05DC002B09DC7FF439AF0020DD
:1019700030E7669B032B7FF433AF00207CE7002029
:10198000A5E700BF106B01080000C93F2DE9F04139
:10199000C0F3C7557F3D162D044620F0004725DCD7
:1019A000002D804614DB174F2F4138421BD01649BB
:1019B000EFF722F80021EFF7E3FAA0B1002C03DAE9
:1019C0004FF400032B41984428EA0700BDE8F0815A
:1019D0000D49EFF711F80021EFF7D2FA18B1002CFA
:1019E0000CDB002000E02046BDE8F081B7F1FF4F9E
:1019F000F9D30146EFF700F8BDE8F081002FF2D0EF
:101A00000248F1E7FFFF7F00CAF24971000080BF82
:101A100010B50C4630F0004103461DD0B1F1FF4F28
:101A20001BD210F0FF4F02461BD14FF09841EFF749
:101A3000EBF8204A944203462CDBC0F3C751024620
:101A40004CF250308442A1F1190110DD1A491846B8
:101A500061F31E00EFF7D8F810BD0146EEF7CCFF9A
:101A600010BD4CF2503084424FEAD151EEDC21449B
:101A7000FE29EBDC002911DC11F1160F13DB01F15B
:101A8000190022F0FF424FF04C5142EAC050EFF7EC
:101A9000BBF810BD0949EFF7B7F810BD22F0FF42BF
:101AA00042EAC15010BD0549184661F31E00EFF728
:101AB000ABF810BDB03CFFFFCAF249716042A20D05
:101AC000024B0344587800F003007047486B01084C
:101AD00070B50D4D0D4C641BA4100026A64209D113
:101AE0000B4D0C4C01F0A8FA641BA4100026A64272
:101AF00005D170BD55F8043B98470136EEE755F81F
:101B0000043B98470136F2E7306D0108306D01085B
:101B1000306D0108386D0108034611F8012B03F8F8
:101B2000012B002AF9D1704710B5024614781346EC
:101B30000132002CFAD1013B11F8012B03F8012FDF
:101B4000002AF9D110BDC9B20346184613F8012B7B
:101B500012B18A42F9D17047002918BF002070479E
:101B6000034B1B5C03F00303022B08BF20387047B4
:101B7000496B01080A44914200F1FF3300D17047DC
:101B800010B511F8014B03F8014F9142F9D110BD86
:101B900010B56AB10139841810F8012B11F8013F12
:101BA0009A4203D1A04201D0002AF5D1D01A10BD2B
:101BB0001046FCE710B50139034632B111F8014F68
:101BC00003F8014B013A002CF7D11A44002193424B
:101BD00000D110BD03F8011BF9E70000002310B588
:101BE0000446C0E90033C0E9043383608181436661
:101BF000C2818361194608225C3000F0DDF9054B93
:101C00006362054BA362054BE362054B24622363C9
:101C100010BD00BF011D0108231D01085B1D010847
:101C20007F1D0108024A0349034800F08DB900BF37
:101C30009802002001220108A402002041680C4BF8
:101C4000994210B5044601D000F0DAFAA168094BB8
:101C5000994202D0204600F0D3FAE168064B99423F
:101C600004D02046BDE8104000F0CABA10BD00BF45
:101C70008C440020F44400205C45002010B50B4B40
:101C80000B4C0C4A1A60204600220421FFF7A6FFE5
:101C900004F1680001220921FFF7A0FF04F1D00040
:101CA0000222BDE810401221FFF798BFC445002072
:101CB0008C440020251C0108014800F00DBA00BF2B
:101CC000C9450020014800F008BA00BFC9450020FE
:101CD00010B50446FFF7F0FF236A1BB1BDE81040C2
:101CE000FFF7F0BF044B2362044B1B68002BF5D1B8
:101CF000FFF7C4FFF2E700BF3D1C0108C445002008
:101D000010B50C46B1F90E1000F070FB0028ABBF07
:101D1000636DA3891B1823F48053ACBF6365A38153
:101D200010BD2DE9F0411F468B89DB0505460C46A9
:101D3000164605D5B1F90E100223002200F044FB2F
:101D4000A389B4F90E1023F48053A38132463B4695
:101D50002846BDE8F04100F0DFB810B50C46B1F9F7
:101D60000E1000F031FB431CA38915BF606523F4FE
:101D7000805343F48053A38118BFA38110BDB1F9F0
:101D80000E1000F0ABB90A22002100F09BB9000050
:101D900038B50B4B1D686B6B044653B9242000F01B
:101DA00057FA0246686320B9064B07483D2100F008
:101DB000EDFA696B2046BDE8384000F007B800BF77
:101DC000F0020020496C0108606C01082DE9F04127
:101DD0004D4A0C460023D0E90001EFF737F9002AFD
:101DE000BCBF02F5A83202F5C0724FF4616100F584
:101DF0002F20B2FBF1F301FB13224FF03C01ACBFEB
:101E000000F66C2000F66B20A360B2FBF1F301FB3F
:101E1000132263602260C31C072293FBF2F2C2EB21
:101E2000C2029B1A48BF07330028A361B8BFA0F5C0
:101E30000E333649AEBF90FBF1F1A3F52C7393FB43
:101E4000F1F1334B03FB010048F6AC63B0FBF3F355
:101E5000034440F2B45CB0FBFCF29B1A40F26D17F5
:101E60002C4AB0FBF2F264269B1AB3FBF7F2B3FBE9
:101E7000FCF3B2FBF6F5EB1A034407FB123399208F
:101E800003EB8307023703F1010EB7FBF0FC00FB05
:101E90000CF002304FF00508B0FBF8F0AEEB00009C
:101EA00040F2F95E774594BF02276FF00907674457
:101EB0004FF4C87C0CFB0121012F98BF0131B3F511
:101EC000997F0CD3A3F59973E361A1F26C710023A0
:101ED000E060C4E9047123622046BDE8F08112F09D
:101EE000030F02D106FB15255DB94FF4C875B2FB8F
:101EF000F5F605FB1622B2FA82F252093B3313447F
:101F0000E2E70122FAE700BF80510100B13A020086
:101F10004FC5FDFFB03A020038B5074D04460846EC
:101F2000114600222A601A46FCF777FF431C02D1B3
:101F30002B6803B1236038BDCC450020014B1868E5
:101F4000704700BFF00200202DE9F843074688469D
:101F500014460026D4E90195B9F1010905D5246894
:101F6000002CF7D13046BDE8F883AB89012B07D9A7
:101F7000B5F90E30013303D029463846C047064331
:101F80006835E9E7884210B501EB020402D98442C2
:101F9000234607D8431EA14208D011F8012B03F8AD
:101FA000012FF8E7024401468A4200D110BD13F820
:101FB000014D02F8014DF7E702440346934200D178
:101FC000704703F8011BF9E7012B2DE9F04786461E
:101FD000904601D0242B06D9FFF7B0FF16230360EB
:101FE0000020BDE8F08736480D462A4615F8014B1B
:101FF000065D16F00806F8D12D2C2ED12C7801267E
:10200000951C002B57D0102B09D1302C07D12A78E2
:1020100002F0DF02582A49D16C781023023506F10C
:10202000004C0CF1FF3C0022BCFBF3F9104603FB13
:1020300019CAA4F13007092F14D83C46A34220DD69
:10204000571C07D0814519D301D1A24516DB00FBEF
:102050000340012215F8014BEBE72B2C04BF2C7831
:10206000951CCEE7A4F14107192F01D8373CE5E7CD
:10207000A4F16107192F04D8573CDFE74FF0FF3276
:10208000E8E7531C08D12223CEF800306046B8F1AF
:10209000000FA6D0691E06E006B14042B8F1000F5D
:1020A0009FD0002AF6D1C8F800109AE73024002B00
:1020B000B5D10823B3E7302CA9D00A23AFE700BF7E
:1020C000496B010813460A46014602480068FFF7BB
:1020D0007BBF00BFF00200207047704738B5064D47
:1020E0000023044608462B60FCF7A5FE431C02D1E2
:1020F0002B6803B1236038BDCC4500208A89F8B530
:10210000054610070C4657D44B68002B04DC0B6CBB
:10211000002B01DC0020F8BDE66A002EFAD0002377
:1021200012F480522F68216A2B6032D0606DA3892F
:102130005A0705D56368C01A636B0BB1236CC01ACC
:1021400000230246E66A216A2846B047431CA38959
:1021500006D129681D292BD8284A0A41D60727D439
:1021600000226260D9042269226004D5421C01D198
:102170002B6803B96065616B2F600029CAD004F138
:102180004403994202D0284600F070F900206063B1
:10219000C1E701232846B047411CC8D12B68002B5A
:1021A000C5D01D2B01D0162B01D12F60B2E7A3891A
:1021B00043F04003A381AEE70F69002FAAD0930735
:1021C0000E6808BF4B690F6018BF0023F61B8B60B9
:1021D000002E9FDD216AD4F828C033463A462846AF
:1021E000E047002806DCA38943F04003A3814FF0B9
:1021F000FF3090E70744361AEAE700BFFEFFBFDF73
:1022000038B50B6905460C4613B90025284638BD7C
:1022100018B1036A0BB9FFF75BFDB4F90C30002B62
:10222000F3D0626ED00704D4990502D4A06DFFF7F5
:1022300053FF28462146FFF761FF636EDA07054624
:10224000E4D4A3899B05E1D4A06DFFF746FFDDE749
:10225000024B0146186800F023B800BFF0020020CE
:1022600070B50E4E0C463168054611B900F0EEF817
:1022700030602146284600F0E9F8431C0AD0C41C0F
:1022800024F00304A04207D0211A284600F0DEF80B
:10229000013001D14FF0FF34204670BDD4450020FD
:1022A0002DE9F041CD1C25F0030508350C2D38BF74
:1022B0000C25002D074601DBA94205D90C233B6004
:1022C00000263046BDE8F0812F4E00F0B3F83368A9
:1022D0001C4644BB29463846FFF7C2FF431C044650
:1022E0004FD134682646002E42D1002C43D02368BB
:1022F0003146384604EB030800F0A8F880453AD18F
:1023000023680335ED1A25F0030508350C2D38BF79
:102310000C2529463846FFF7A3FF01302BD0236850
:102320002B4423600EE02268521B1ED40B2A16D9C0
:102330006119A342256018BF5960636808BF316006
:1023400062514B60384604F10B0600F079F826F034
:102350000706231DF21AB4D09B1BA350B1E7626895
:10236000A3420CBF32605A60ECE723466468B0E7D2
:1023700034467668B7E70C233B60384600F060F8D7
:102380009FE72560DEE700BFD04500201FB514465B
:102390001A46094B1B680546D8684CB1074B00919B
:1023A000CDE9013406492B4600F032F800F010FC6C
:1023B000044B1C46F3E700BFF0020020B96C010893
:1023C000C66C01086E32010838B5074D0446084650
:1023D000114600222A601A46FCF737FD431C02D141
:1023E0002B6803B1236038BDCC45002038B5074DBC
:1023F00004460846114600222A601A46FCF7FFFCF4
:10240000431C02D12B6803B1236038BDCC450020AA
:102410000EB403B5014603AB054853F8042B00681E
:10242000019300F095F802B05DF804EB03B070473B
:10243000F00200200148FFF74FBE00BFC845002052
:102440000148FFF74ABE00BFC845002038B5064D19
:102450000023044608462B60FCF7FAFC431C02D11B
:102460002B6803B1236038BDCC45002038B5054644
:10247000002941D051F8043C0C1F002BB8BFE418D0
:10248000FFF7D8FF1D4A136833B96360146028460C
:10249000BDE83840FFF7D4BFA34208D9206821180F
:1024A0008B4201BF19685B6809182160EDE71A4685
:1024B0005B680BB1A342FAD911685018A0420BD146
:1024C00020680144501883421160E0D118685B68AD
:1024D000536008441060DAE702D90C232B60D6E77A
:1024E000206821188B4204BF19685B68636004BFD1
:1024F000091821605460CAE738BD00BFD0450020EC
:102500009368013B002B10B4936007DA9469A342EF
:1025100001DB0A2902D110BC00F034B91368581C41
:1025200010601970084610BC7047F8B506460F4693
:102530001446D518AC4201D1002007E014F8011B65
:102540003A463046FFF7DCFF431CF3D1F8BD0000EC
:102550002DE9F04F0D469DB014469846064618B139
:10256000036A0BB9FFF7B4FB6B6ED90705D4AB89CF
:102570009A0502D4A86DFFF7AFFDAB891B0701D503
:102580002B699BB92946304600F03AF970B16B6E61
:10259000DC0704D54FF0FF301DB0BDE8F08FAB89EC
:1025A0009805F7D4A86DFFF798FDF3E7002309938A
:1025B00020238DF82930CDF80C803023DFF8B0814E
:1025C0008DF82A304FF0010923469A4613F8012B63
:1025D0000AB1252AF9D1BAEB040B0BD05B4622468F
:1025E00029463046FFF7A1FF013000F0A980099A83
:1025F0005A4409929AF80030002B00F0A180002381
:102600004FF0FF32CDE905230AF1010A0493079345
:102610008DF853301A935446052214F8011B544880
:10262000EDF7A6FD049AD8B9D10644BF20238DF852
:102630005330130744BF2B238DF853309AF80030E2
:102640002A2B15D0079A544600204FF00A0C214639
:1026500011F8013B303B092B4DD9B0B1079214E082
:10266000A0EB080309FA03F313430493A246D2E74D
:10267000039B191D1B680391002BBBBF5B4242F0FB
:10268000020207930793B8BF049223782E2B0CD134
:1026900063782A2B34D1039B1A1D1B680392002BED
:1026A000B8BF4FF0FF3302340593DFF8C8A021789C
:1026B00003225046EDF75CFD38B1049BA0EB0A0005
:1026C0004022824013430134049314F8011B2A482A
:1026D0008DF828100622EDF74BFD00283FD0274B40
:1026E0001BBB039B073323F0070308330393099BAA
:1026F0003B44099368E70CFB02320C460120A6E735
:1027000000230134059319464FF00A0C204610F8B7
:10271000012B303A092A03D9002BC6D00591C4E712
:102720000CFB012104460123F0E703AB00932A468A
:10273000134B04A93046AFF300800746781CD6D16E
:102740006B6ED90705D4AB899A0502D4A86DFFF743
:10275000C4FCAB895B063FF51DAF09981CE703ABD2
:1027600000932A46064B04A9304600F00FF9E4E72F
:10277000F56C0108FB6C0108FF6C0108000000000B
:102780002B250108F8B50E461446054618B1036A14
:102790000BB9FFF79DFAA369A360A3891A0725D592
:1027A00023691BB323682269981A6369F6B28342CE
:1027B000374604DC21462846FFF722FDE0B9A3682E
:1027C000013BA36023685A1C22601E706269431C8F
:1027D0009A4204D0A389DB0706D50A2E04D12146EC
:1027E0002846FFF70DFD38B93846F8BD2146284682
:1027F00000F006F80028D5D04FF0FF37F4E70000CE
:1028000038B52A4B054618680C4618B1036A0BB94F
:10281000FFF75EFAA389B4F90C20180722D4D90671
:1028200007D409232B6042F04003A3814FF0FF300F
:1028300034E0580712D5616B41B104F14403994269
:1028400002D02846FFF712FE00236363A38923F01A
:102850002403A3810023636023692360A38943F0D9
:102860000803A38123694BB9A38903F42073B3F54B
:10287000007F03D02146284600F0D7F9A089B4F99B
:102880000C2010F001030AD00023A36063695B42AF
:10289000A361236943B910F08000C4D138BD81071A
:1028A00058BF6369A360F4E70020F7E7F002002057
:1028B0002DE9F047164699468A680B69DDF82080B5
:1028C0009342B8BF1346336091F8432007460C4645
:1028D0000AB1013333602368990642BF336802337B
:1028E0003360256815F0060506D104F1190AE3687E
:1028F00032689B1AAB4226DC94F84320131E2268F0
:1029000018BF012392062BD404F1430249463846EE
:10291000C04701301ED02368226903F00603042B50
:1029200002BFE5683368ED1AA3680CBF25EAE575B8
:1029300000259342C4BF9B1AED1800261A34B542F5
:102940001AD1002008E00123524649463846C047C4
:10295000013003D14FF0FF30BDE8F0870135C6E705
:10296000E1185A1C302081F84300224494F84510A5
:1029700082F843100233C7E701232246494638460E
:10298000C0470130E6D00136D9E700002DE9FF4706
:102990000F7E0C9D782F914680460C469A4601F199
:1029A000430207D8622F0AD8002F00F0D480582F96
:1029B00000F0C08004F1420584F842703AE0A7F1CB
:1029C0006303152BF6D801A151F823F0252A01083D
:1029D000392A0108B5290108B5290108B5290108D6
:1029E000B5290108392A0108B5290108B5290108C6
:1029F000B5290108B52901083D2B0108652A010800
:102A0000F72A0108B5290108B52901085F2B01083B
:102A1000B5290108652A0108B5290108B529010869
:102A2000FF2A01082B681A1D1B682A6004F1420561
:102A300084F8423001239FE020682B68070603F1E9
:102A40000401296001D51E6803E04606FBD5B3F9F1
:102A50000060002E03DA2D23764284F843305A4872
:102A60000A2312E02B682068191D2960050601D58C
:102A70001E6802E04106FBD51E8853486F2F0CBF2D
:102A800008230A23002184F843106568A560002DFF
:102A9000A2BF216821F0040121600EB9002D4BD0A6
:102AA0001546B6FBF3F103FB1167C75D05F8017D21
:102AB0003746BB420E46F4D9082B0BD12368DE07FC
:102AC00008D5236961689942DEBF302305F8013CCF
:102AD00005F1FF35521B2261CDF800A04B4603AA39
:102AE00021464046FFF7E4FE01304AD14FF0FF3067
:102AF00004B0BDE8F087236843F020032360334827
:102B0000782784F84570236829681F0651F8046BFC
:102B100002D45F0648BFB6B2DF0748BF43F02003C8
:102B2000296048BF23601EB9236823F02003236077
:102B30001023A7E72448E4E71546BDE72B6826687D
:102B40006169181D286035061B6801D5196002E00F
:102B50007006FBD51980002323611546BCE72B685E
:102B60001A1D2A601D68626800212846EDF700FBE7
:102B700008B1401B606063682361002384F8433020
:102B8000AAE723692A4649464046D0470130ADD0DE
:102B900023689B0713D4E068039B9842B8BF18468C
:102BA000A6E70123324649464046D04701309DD032
:102BB0000135E36803995B1AAB42F2DCEBE70025D1
:102BC00004F11906F5E700BF066D0108176D01084D
:102BD00008B5062000F08EF80120FCF70AF970B560
:102BE0000C46B1F90E10002996B015461E460DDAB6
:102BF000A38913F0800F4FF000010CBF4FF48063E6
:102C00004023002031602B6016B070BD6A4600F092
:102C100079F80028ECDB019901F47041A1F500532B
:102C2000594259414FF48063EBE78B8973B59D0797
:102C300006460C4607D504F14703236023610123B0
:102C4000636102B070BD01AB6A46FFF7C8FF00992F
:102C500005463046FFF724FB48B9B4F90C309A0515
:102C6000EFD423F0030343F00203A381E3E7A38936
:102C7000206043F08003A381009B6361019B20617E
:102C80005BB1B4F90E10304600F04EF828B1A389BC
:102C900023F0030343F00103A381A3891D43A5810E
:102CA000CFE71F2938B504460D4604D91623036023
:102CB0004FF0FF3038BDC26B12B152F821304BB922
:102CC000204600F053F82A4601462046BDE8384029
:102CD00000F03AB8012B0AD0591C03D11623036027
:102CE0000120E7E7002442F82540284698470020C5
:102CF000E0E70000024B01461868FFF7D2BF00BFB3
:102D0000F002002038B5074D00230446084611465E
:102D10002B60FCF793F8431C02D12B6803B12360AE
:102D200038BD00BFCC45002038B5064D0023044611
:102D300008462B60FCF787F8431C02D12B6803B1CF
:102D4000236038BDCC45002038B5074D002304462C
:102D5000084611462B60FCF744F8431C02D12B684F
:102D600003B1236038BD00BFCC450020FCF737B865
:102D70002DE9F047089E0D4604460F46002B4AD128
:102D80008A42944665D9B2FA82F343B102FA03FC4F
:102D9000C3F120029F4020FA02F217439C404FEA01
:102DA0001C4E1FFA8CF5B7FBFEF1220C0EFB1177BF
:102DB00042EA074201FB05F090420AD91CEB0202ED
:102DC00001F1FF3780F01B81904240F218810239F7
:102DD0006244121AA4B2B2FBFEF00EFB102244EAC7
:102DE000024400FB05F5A5420AD91CEB040400F1DE
:102DF000FF3280F00681A54240F20381644402382C
:102E000040EA0140641B00211EB1DC400023C6E9FA
:102E10000043BDE8F0878B4208D9002E00F0EC801B
:102E20000021C6E900050846BDE8F087B3FA83F142
:102E3000002949D1AB4202D3824200F2F780841AC2
:102E400065EB030201201746002EE2D0C6E90047D9
:102E5000DFE702B9FFDEB2FA82F3002B40F08F8089
:102E60008A1A4FEA1C471FFA8CFE0121B2FBF7F5C4
:102E700007FB1520220C42EA00420EFB05F09042AF
:102E800008D91CEB020205F1FF3802D2904200F291
:102E9000CA804546121AA4B2B2FBF7F007FB102213
:102EA00044EA02440EFB00FEA64508D91CEB0404CC
:102EB00000F1FF3202D2A64500F2BA801046A4EB20
:102EC0000E0440EA05409FE7C1F120078B4022FA3B
:102ED00007FC4CEA030C05FA01F420FA07F3FD4065
:102EE000234300FA01F94FEA1C401FFA8CFEB5FBA0
:102EF000F0F81C0C00FB185544EA054408FB0EF5DD
:102F0000A54202FA01F20BD91CEB040408F1FF3AC6
:102F100080F08780A54240F28480A8F102086444D2
:102F2000641B9DB2B4FBF0F300FB134445EA044478
:102F300003FB0EFEA64508D91CEB040403F1FF3089
:102F40006BD2A64569D9023B644443EA0840A0FB22
:102F50000283A4EB0E049C42C6461D4655D352D0B4
:102F600056B1B9EB0E0364EB050404FA07F7CB4046
:102F7000CC401F43C6E900740021BDE8F087C3F1CF
:102F8000200102FA03FC20FA01F225FA01F19D402A
:102F90002A434FEA1C471FFA8CFEB1FBF7F007FBF0
:102FA0001015110C41EA054100FB0EF58D4204FAA3
:102FB00003F408D91CEB010100F1FF382FD28D4238
:102FC0002DD902386144491B92B2B1FBF7F507FBDA
:102FD000151142EA014205FB0EF1914208D91CEBA2
:102FE000020205F1FF3816D2914214D9023D624423
:102FF000521A45EA004139E73146304609E7394679
:10300000E7E61046FCE6C145AAD2B8EB020E63EB38
:103010000C050138A4E74546EAE7034695E7404634
:10302000D1E7D0467CE7023D624433E708460BE730
:103030006444023843E700BFF8B500BFF8BC08BCE1
:103040009E467047F8B500BFF8BC08BC9E46704766
:1030500018120C18010101191901191901060601AC
:103060000606010303010303010202010202011229
:103070000C01120C000800080050015002500350CF
:103080000450055006500750085009500A500B5084
:103090000C500D50F150F25001F1055000000000AD
:1030A00001000000020000006D696E2C00206D57C9
:1030B0002C002E00011F136F01130503020B0502E4
:1030C00000D57FAAFE2B815429FC5683D702A87D08
:1030D00052872DF8AC79D3067BAE04D18550FA2FF8
:1030E000A471DB0E5A8F25F08D58F22773A60CD9E8
:1030F000F623895C08DD77A2DF0AA07521F45E8BD8
:103100009D48E23763B61CC9B461CB1E4A9F35E0C7
:10311000CF1AB06531E44E9BE633994C18CD67B2B7
:1031200039EC4693C712B86D10C56FBAEE3B9144A7
:103130006BBE14C19540EA3F42973DE8BC69C31697
:10314000EF3A904511C46EBBC613B96C38ED479287
:10315000BD68C21743963CE99441EB3E6ABF15C077
:103160004B9E34E1B560CA1F62B71DC89C49E33667
:1031700019CC66B3E732984D30E54F9ACE1BB16457
:1031800072A70DD88C59F3265B8E24F1A570DA0F47
:1031900020F55F8ADE0BA17409DC76A3F722885D37
:1031A000D603A97C28FD5782FF2A805501D47EAB27
:1031B0008451FB2E7AAF05D0AD78D20753862CF917
:1031C0006162636465666768696A6B6C6D6E6F7077
:1031D0007172737475767778797A30313233343529
:1031E000363738395F232D2E0069007477007277E7
:1031F0000000000000000000000000001B1C000890
:103200000000000000000000271C00080000000073
:1032100000000000031C0008000102040503010275
:10322000206279746573206C6F7374210A006D6C71
:1032300072732E30005365747570537461727453D9
:103240007478345478005365747570537461727473
:103250004D61726B65720021656E6421006D4C5288
:103260005301020304006D4C525304030201002079
:103270006972713D7800206C733D00207278317363
:103280003D0020727832733D00656E61626C65644A
:103290002C616E74656E6E61312C616E74656E6E3C
:1032A00061322C723A656E2E20743A616E74312C44
:1032B000723A656E2E20743A616E743200747261D7
:1032C0006E73702E2C6D61766C696E6B2C6D6176F1
:1032D0006C6E6B582C6D73705800322E342047483A
:1032E0007A2C393135204D487A204643432C3836E4
:1032F00038204D487A2C343333204D487A2C3730DF
:1033000020636D2048414D2C383636204D487A20B8
:10331000494E2C393135204D487A202B20322E341D
:103320002047487A2C383638204D487A202B2032D6
:103330002E342047487A00656E61626C65642C61AA
:103340006E74656E6E61312C616E74656E6E613285
:103350002C72656E207461312C72656E207461323E
:1033600000353020487A2C333120487A2C313920EE
:10337000487A2C464C52432C46534B2C3139487AD0
:10338000377800322E342047487A2C3931352046A0
:1033900043432C383638204D487A2C343333204D73
:1033A000487A2C373020636D2C38363620494E2C25
:1033B0003931352B322E342C3836382B322E34001E
:1033C000202F2D2D00202F653100202F6536002065
:1033D0002F65313100202F653133000D0A00212186
:1033E00020527820706172616D2076657273696F0A
:1033F0006E20736D616C6C6572207468616E205410
:103400007820706172616D2076657273696F6E2EBF
:1034100020212100212120506C6561736520757089
:1034200067726164652072656365697665722E20D6
:10343000202020202020202020202020202020208C
:10344000202020202020202121002121205478200C
:10345000706172616D2076657273696F6E20736D35
:10346000616C6C6572207468616E205278207061A6
:1034700072616D2076657273696F6E2E2021210056
:10348000212120506C6561736520757067726164DD
:1034900065205478206D6F64756C652E2020202087
:1034A000202020202020202020202020202020201C
:1034B000202020212100436F6E66696749643A002D
:1034C0003F0020206D696E3A200020206D61783A1F
:1034D0002000202000203D200020205B612D7A303C
:1034E0002D39232D2E5F5D002D2028756E617661AC
:1034F000696C61626C652900205B0028756E6368E9
:10350000616E676561626C6529007761726E3A2051
:103510007265636569766572206E6F7420636F6E85
:103520006E656374656400292C002C20002F003B1D
:1035300020003B2054783A002052783A006D570022
:10354000202054783A2044495920453737204532C5
:1035500032204475616C42616E642C2076312E34C9
:103560002E303100202052783A20002D2028756E10
:103570006578706563746564206572726F72290086
:103580006668737331202800202063683A20002089
:1035900020665F7265673A20002020663A2000208E
:1035A0006B487A00666873733220280020206865B3
:1035B0006C702C20682C203F2020202020202D3EC5
:1035C00020746869732068656C702070616765009D
:1035D0002020762020202020202020202020202095
:1035E00020202D3E207072696E74206465766963B8
:1035F0006520616E642076657273696F6E002020AD
:10360000706C20202020202020202020202020201E
:103610002D3E206C69737420616C6C207061726146
:103620006D6574657273002020706C20632020200B
:103630002020202020202020202D3E206C69737423
:1036400020636F6D6D6F6E20706172616D65746562
:103650007273002020706C2074782020202020209D
:1036600020202020202D3E206C6973742054782067
:10367000706172616D6574657273002020706C20DA
:10368000727820202020202020202020202D3E2065
:103690006C69737420527820706172616D65746515
:1036A000727300202070206E616D65202020202024
:1036B00020202020202D3E206765742070617261DB
:1036C0006D657465722076616C75650020207020D0
:1036D0006E616D65203D2076616C756520202D3E04
:1036E0002073657420706172616D657465722076F7
:1036F000616C756500202070206E616D65203D2035
:103700003F2020202020202D3E20676574207061FE
:1037100072616D657465722076616C756520616E8D
:1037200064206C697374206F6620616C6C6F7765C0
:10373000642076616C7565730020207073746F72FD
:1037400065202020202020202020202D3E20737462
:103750006F726520706172616D65746572730020AF
:1037600020736574636F6E6669676964202020202A
:10377000202D3E2073656C65637420636F6E6669EF
:103780006720696400202062696E64202020202068
:10379000202020202020202D3E2073746172742070
:1037A00062696E64696E6700202072656C6F616487
:1037B000202020202020202020202D3E2072656CFB
:1037C0006F616420616C6C20706172616D657465FD
:1037D000722073657474696E67730020207374615E
:1037E000747320202020202020202020202D3E2007
:1037F0007374617274732073747265616D696E673E
:1038000020737461746973746963730020206C6938
:1038100073746672657173202020202020202D3E55
:10382000206C69737473206672657175656E636967
:103830006573207573656420696E206668737320F4
:10384000736368656D6500202073797374656D62BC
:103850006F6F742020202020202D3E2063616C6C2F
:103860002073797374656D20626F6F746C6F61641F
:103870006572002020656D70747920636D6400208E
:1038800020696E76616C696420636D64002020732A
:10389000747265616D696E672073746174732073EF
:1038A000746F70706564003E00202074696D656FF0
:1038B00075740068656C7000706C00706C2063003B
:1038C000706C20747800706C207278006572723AA7
:1038D00020696E76616C696420706172616D6574D7
:1038E0006572206E616D65006572723A206E6F20A0
:1038F00076616C75652073706563696669656400DF
:103900006572723A20696E76616C69642076616CCA
:103910007565007073746F72650020205478207094
:103920006172616D65746572732073746F72656422
:10393000002020706172616D65746572732073740C
:103940006F7265640062696E64002020547820659F
:103950006E74657265642062696E64206D6F646563
:103960000072656C6F616400202054782070617271
:10397000616D65746572732072656C6F61646564F6
:10398000002020706172616D6574657273207265CC
:103990006C6F6164656400736574636F6E666967FC
:1039A0006964006572723A20696E76616C696420A0
:1039B000636F6E666967206964206E756D626572FB
:1039C0002028302D39290020206E6F206368616E19
:1039D000676520726571756972656400202063688F
:1039E000616E676520436F6E666967496420746F16
:1039F0002000202073746172747320737472656187
:103A00006D696E6720737461747300202073656E36
:103A10006420616E792063686172616374657220ED
:103A2000746F2073746F70006C6973746672657163
:103A3000730073797374656D626F6F7400444959D4
:103A40002045373720453232204475616C42616E23
:103A500064002145525200414952004143524F00F7
:103A600021465321004D414E55004352555A0043C3
:103A700052534800414800414E474C00484F5200C5
:103A8000414E4748002A00414C5448004155544F8C
:103A90000047554944004C4F49540052544C2000B3
:103AA00043495243004C414E44004452494600535E
:103AB00050525400464C4950004154554E00504815
:103AC0004C44004252414B00544852570041564F1B
:103AD0004900474E4750005352544C0046484C440E
:103AE00000464F4C4C005A49475A0053595349001D
:103AF00041524F54004152544C005452544C0054C3
:103B000052414E00464257410046425742004352FE
:103B1000555300544B4F4600494E4954005153549D
:103B2000420051484F5600514C4F5400514C4E44A6
:103B3000005152544C005141544E005141434F00EA
:103B400054484D4C004C32514C0053544552005394
:103B50004D504C00444F434B0041484C440053559A
:103B60005246004D44455400424154545F43415035
:103B700041434954590072785F73746174757320BE
:103B80006661696C757265005378206E6F74206F82
:103B90006B00537832206E6F74206F6B0049525166
:103BA00020525820444F4E45204641494C0049522E
:103BB0005120545820444F4E45204641494C00491D
:103BC00052513220525820444F4E45204641494CD4
:103BD000004952513220545820444F4E452046410E
:103BE000494C0072785F617661696C61626C652036
:103BF0006E6F742074727565000000000000000094
:103C000000000000D92B0008F12B0008F535000852
:103C1000213600083F3600086D310008F321000806
:103C2000F5220008000000000000000071290008D3
:103C30005D290008033700082D3700084B370008BE
:103C40000D320008F32100080B23000800000000DB
:103C500000000000D5210008E33A0008E939000817
:103C600029390008FF380008212300088D39000891
:103C70003D230008593900086123000800000000B6
:103C800000000000D5210008D7210008D921000834
:103C9000DB210008DF210008E1210008E521000800
:103CA000E9210008EB210008EF21000800000000D6
:103CB00000000000D5210008D7210008D921000804
:103CC000DB210008DF210008E1210008E5210008D0
:103CD000E9210008EB210008EF21000800000000A6
:103CE00000000000D5210008293D0008D921000866
:103CF000DB210008473C0008E1210008E52100081D
:103D0000E9210008EB210008EF2100080000000075
:103D100000000000A52300082D700008ED700008C9
:103D2000897000085053544F524500434F4E464946
:103D3000472049440042494E445F50485241534550
:103D40005F5533320052465F42414E440052465F57
:103D50004F5254484F0054585F504F5745520054EB
:103D6000585F4449564552534954590054585F438B
:103D7000485F534F555243450054585F43485F4F87
:103D8000524445520054585F494E5F4D4F444500E0
:103D900054585F5345525F444553540054585F5341
:103DA00045525F424155440054585F534E445F5260
:103DB0004144494F535441540054585F4D41565F5C
:103DC000434F4D504F4E454E540054585F504F573F
:103DD00045525F53575F43480054585F42555A5A03
:103DE00045520044594E5F504F5745520052585F5C
:103DF000504F5745520052585F4449564552534917
:103E000054590052585F43485F4F52444552005244
:103E1000585F4F55545F4D4F44450052585F4641DF
:103E2000494C534146455F4D4F44450052585F53FE
:103E300045525F504F52540052585F5345525F42B3
:103E40004155440052585F5345525F4C4E4B5F4DB5
:103E50004F44450052585F4D41565F5359535445A6
:103E60004D5F49440052585F534E445F52414449AC
:103E70004F535441540052585F534E445F52434392
:103E800048414E4E454C0052585F4F55545F525377
:103E900053495F43480052585F4F55545F4C515F40
:103EA00043480052585F504F5745525F53575F4346
:103EB000480052585F46535F4348310052585F46AE
:103EC000535F4348320052585F46535F43483300C4
:103ED00052585F46535F4348340052585F46535F21
:103EE0004348350052585F46535F434836005258A6
:103EF0005F46535F4348370052585F46535F43481D
:103F0000380052585F46535F4348390052585F4665
:103F1000535F434831300052585F46535F43483146
:103F2000310052585F46535F434831320052585F68
:103F300046535F434831330052585F46535F43480E
:103F400031340052585F46535F4348313500525870
:103F50005F46535F4348313600414E474C45004869
:103F60004F52495A4F4E004E415620414C54484FF3
:103F70004C440048454144494E4720484F4C44007A
:103F80004845414446524545004845414441444A1C
:103F90000043414D53544142004E41562052544833
:103FA000004E415620504F53484F4C44004D414E17
:103FB00055414C00424545504552004C4544532024
:103FC0004F4646004C4947485453004F5344204FF6
:103FD00046460054454C454D4554525900415554B0
:103FE0004F2054554E4500424C41434B424F5800E0
:103FF0004641494C53414645004E415620575000DA
:10400000414952204D4F444500484F4D45205245AF
:1040100053455400474353204E41560046505620C6
:10402000414E474C45204D49580053555246414357
:104030004500464C415045524F4E005455524E207B
:10404000415353495354004E4156204C41554E4321
:104050004800534552564F204155544F5452494DF4
:104060000043414D45524120434F4E54524F4C2046
:10407000310043414D45524120434F4E54524F4C25
:1040800020320043414D45524120434F4E54524F40
:104090004C2033004F534420414C542031004F53A7
:1040A0004420414C542032004F534420414C542072
:1040B00033004E415620434F5552534520484F4CF4
:1040C00044004D43204252414B494E470055534511
:1040D0005231005553455232005553455233005525
:1040E00053455234004C4F49544552204348414EA9
:1040F0004745004D5350205243204F564552524998
:1041000044450050524541524D00545552544C457F
:10411000004E415620435255495345004155544F96
:10412000204C4556454C205452494D005750205084
:104130004C414E4E455200534F4152494E47004D5F
:10414000495353494F4E204348414E47450042454D
:1041500045504552204D555445004D554C5449202D
:1041600046554E4354494F4E004D495845522050F4
:10417000524F46494C452032004D49584552205433
:1041800052414E534954494F4E00414E474C4520F1
:10419000484F4C440042696E6420506872617365F8
:1041A0000042494E445F504852415345003530204B
:1041B000487A2C333120487A2C313920487A2C46E1
:1041C0004C52432C46534B2C313920487A203778B7
:1041D0000052462042616E6400322E342C39313553
:1041E000204643432C3836382C3433332C37302C8C
:1041F00038363620494E2C3931352B322E342C3876
:1042000036382B322E34005246204F7274686F00BD
:104210006F66662C312F332C322F332C332F330023
:10422000547820506F776572005478204469766521
:10423000727369747900656E61626C65642C616E7D
:1042400074656E6E61312C616E74656E6E61322CB8
:10425000723A656E20743A616E74312C723A656EF2
:1042600020743A616E743200547820436820536F92
:1042700075726365006E6F6E652C637273662C6970
:104280006E2C6D6272696467650054782043682003
:104290004F7264657200414554522C544145522C72
:1042A0004554415200547820496E204D6F6465009A
:1042B000736275732C7362757320696E760054781F
:1042C0002053657220446573740073657269616C74
:1042D0002C73657269616C322C6D627269646765FA
:1042E0000054782053657220426175647261746570
:1042F00000393630302C31393230302C33383430CC
:10430000302C35373630302C3131353230302C329C
:10431000333034303000547820536E64205261645E
:10432000696F53746174006F66662C3120487A009F
:104330005478204D617620436F6D706F6E656E749A
:10434000006F66662C656E61626C6564005478204F
:10435000506F776572205377204368006F66662C34
:10436000352C362C372C382C392C31302C31312C43
:1043700031322C31332C31342C31352C3136005440
:10438000782042757A7A6572006F66662C4C502CE4
:1043900072784C510044796E20506F776572006FCF
:1043A00066662C6F6E00527820506F7765720052EF
:1043B0007820446976657273697479005278204375
:1043C00068204F72646572005278204F7574204DDA
:1043D0006F646500736275732C637273662C73620D
:1043E000757320696E76005278204661696C53615E
:1043F0006665204D6F6465006E6F207369672C6C75
:104400006F77207468722C627920636E662C6C6FF3
:10441000772074687220636E742C6368316368342B
:1044200020636E740052782053657220506F72744E
:104430000073657269616C2C63616E005278205361
:104440006572204261756472617465005278205310
:104450006572204C696E6B204D6F646500747261EB
:104460006E73702E2C6D61766C696E6B2C6D61763F
:104470006C696E6B582C6D737058005278204D61CA
:10448000762053797374656D2049440035312C359D
:10449000322C35332C35342C353500527820536E80
:1044A0006420526164696F53746174006F66662C96
:1044B000617264755F312C6D6574685F620052785B
:1044C00020536E642052634368616E6E656C006FAA
:1044D00066662C7263206F766572726964652C72F1
:1044E00063206368616E6E656C73005278204F754F
:1044F000742052737369204368005278204F75749A
:10450000204C5120436800527820506F776572200C
:104510005377204368005278204653204368310087
:104520005278204653204368320052782046532068
:104530004368330052782046532043683400527851
:104540002046532043683500527820465320436864
:104550003600527820465320436837005278204670
:10456000532043683800527820465320436839006E
:104570005278204653204368313000527820465309
:10458000204368313100527820465320436831324D
:104590000052782046532043683133002D313230A9
:1045A00020252C3020252C31323020250052782037
:1045B00046532043683134005278204653204368E4
:1045C00031350052782046532043683136001600BA
:1045D000181800181818121807000000030000002F
:1045E00002010101020202020203030401010102AD
:1045F000020202020202020202020202010202029C
:104600000202010000000000000000002461010817
:104610002B130000FC6001080A00000000000000ED
:1046200000000000F060010803000000000000002E
:1046300000000000800080FF000001000A000A0066
:104640000E0019001400640016009E008204002071
:10465000FF00000095410108A14101086E320108E8
:104660000000000000000000000000006E320108A1
:10467000000000008A040020FE000000F34301084F
:10468000044001086E320108000000000000000034
:1046900000000000AD4101082E0500208904002023
:1046A000FE000000D1410108453D01086E320108BD
:1046B000000000000000000000000000D9410108D7
:1046C0002C0500208B040020FE000000074201089A
:1046D0004D3D01086E32010800000000000000009E
:1046E000000000001042010830050020BA0300203D
:1046F000FE00000020420108563D01086E3201080C
:104700000000000000000000000000003205002052
:1047100000000000BB030020FE0000002942010849
:104720005F3D01086E32010800000000000000003B
:10473000000000003642010876050020BC0300207E
:10474000FE000000684201086C3D01086E3201085D
:104750000000000000000000000000007542010899
:1047600078050020BD030020FE0000008A420108F9
:10477000793D01086E3201080000000000000000D1
:10478000000000009642010800000000BE03002067
:10479000FE000000A5420108853D01086E320108B7
:1047A000000000000000000000000000B04201080E
:1047B0007A050020BF030020FE000000BE42010871
:1047C000903D01086E32010800000000000000006A
:1047D00000000000CA4201087C050020C003002040
:1047E000FE000000E14201089C3D01086E32010814
:1047F000000000000000000000000000F14201087D
:1048000000000000C2030020FE0000001643010863
:10481000A83D01086E320108000000000000000001
:10482000000000002743010800000000C50300202D
:10483000FE00000030430108B93D01086E32010856
:1048400000000000000000000000000041430108DB
:1048500000000000C6030020FE0000004D430108D8
:10486000CA3D01086E32010800000000000000008F
:10487000000000005C43010800000000C3030020AA
:10488000FE0000007F430108D93D01086E32010897
:104890000000000000000000000000008943010843
:1048A0007E050020CA030020FE0000009543010899
:1048B000E33D01086E320108000000000000000026
:1048C000000000009F430108000000009603002044
:1048D000FE000000A6430108ED3D01086E3201080C
:1048E0000000000000000000000000008205002021
:1048F0000000000097030020FE000000AF43010805
:10490000F63D01086E3201080000000000000000C2
:104910000000000036420108C60500209803002070
:10492000FE000000BC430108033E01086E3201088E
:104930000000000000000000000000009642010896
:104940000000000099030020FE000000C843010899
:104950000F3E01086E320108000000000000000058
:1049600000000000D4430108C80500209B0300207C
:10497000FE000000E74301081B3E01086E320108FB
:10498000000000000000000000000000F8430108E3
:1049900000000000A4030020FE00000025440108E0
:1049A0002C3E01086E3201080000000000000000EB
:1049B0000000000031440108CA0500209C030020CB
:1049C000FE0000003C440108383E01086E32010838
:1049D000000000000000000000000000F14201089B
:1049E000000000009D030020FE0000004C44010870
:1049F000443E01086E320108000000000000000083
:104A0000000000005D44010800000000A503002034
:104A1000FE0000007B440108543E01086E3201088C
:104A20000000000000000000000000008C440108AD
:104A3000000000009E030020FE0000009B440108CF
:104A4000653E01086E320108000000000000000011
:104A500000000000AC44010800000000A00300209A
:104A6000FE000000BE440108763E01086E320108D7
:104A7000000000000000000000000000CF4401081A
:104A8000000000009A030020FE000000EB44010833
:104A9000873E01086E32010800000000000000009F
:104AA000000000005C43010800000000A203002099
:104AB000FE000000FA440108963E01086E3201082B
:104AC0000000000000000000000000005C4301083E
:104AD00000000000A3030020FE00000007450108BD
:104AE000A33E01086E320108000000000000000033
:104AF000000000005C43010800000000AA03002041
:104B00000200000016450108B23E0108AB4501084D
:104B10000000000088000000780000006E320108EC
:104B200000000000AB030020020000002045010847
:104B3000BC3E0108AB4501080000000088000000F1
:104B4000780000006E32010800000000AC03002075
:104B5000020000002A450108C63E0108AB450108D5
:104B60000000000088000000780000006E3201089C
:104B700000000000AD0300200200000034450108E1
:104B8000D03E0108AB45010800000000880000008D
:104B9000780000006E32010800000000AE03002023
:104BA000020000003E450108DA3E0108AB4501085D
:104BB0000000000088000000780000006E3201084C
:104BC00000000000AF03002002000000484501087B
:104BD000E43E0108AB450108000000008800000029
:104BE000780000006E32010800000000B0030020D1
:104BF0000200000052450108EE3E0108AB450108E5
:104C00000000000088000000780000006E320108FB
:104C100000000000B1030020020000005C45010814
:104C2000F83E0108AB4501080000000088000000C4
:104C3000780000006E32010800000000B20300207E
:104C40000200000066450108023F0108AB4501086B
:104C50000000000088000000780000006E320108AB
:104C600000000000B30300200200000070450108AE
:104C70000C3F0108AB45010800000000880000005F
:104C8000780000006E32010800000000B40300202C
:104C9000020000007B450108173F0108AB450108F1
:104CA0000000000088000000780000006E3201085B
:104CB00000000000B5030020020000008645010846
:104CC000223F0108AB4501080000000088000000F9
:104CD000780000006E32010800000000B6030020DA
:104CE000FE000000914501082D3F01086E320108C9
:104CF0000000000000000000000000009C450108CA
:104D000000000000B7030020FE000000AD450108D0
:104D1000383F01086E32010800000000000000006A
:104D2000000000009C45010800000000B8030020BE
:104D3000FE000000B8450108433F01086E3201083B
:104D40000000000000000000000000009C45010879
:104D500000000000B9030020FE000000C345010868
:104D60004E3F01086E320108000000000000000004
:104D7000000000009C4501080000000061626364BF
:104D800065666768696A6B6C6D6E6F70717273745B
:104D900075767778797A3031323334353637383939
:104DA0005F232D2E0000000000070E091C1B1215AA
:104DB000383F363124232A2D70777E796C6B6265FB
:104DC000484F464154535A5DE0E7EEE9FCFBF2F5EB
:104DD000D8DFD6D1C4C3CACD90979E998C8B8285DB
:104DE000A8AFA6A1B4B3BABDC7C0C9CEDBDCD5D2CB
:104DF000FFF8F1F6E3E4EDEAB7B0B9BEABACA5A2BB
:104E00008F88818693949D9A2720292E3B3C3532AA
:104E10001F18111603040D0A5750595E4B4C45429A
:104E20006F68616673747D7A898E878095929B9C8A
:104E3000B1B6BFB8ADAAA3A4F9FEF7F0E5E2EBEC7A
:104E4000C1C6CFC8DDDAD3D4696E676075727B7C6A
:104E500051565F584D4A4344191E171005020B0C5A
:104E600021262F283D3A33344E49404752555C5B4A
:104E70007671787F6A6D64633E39303722252C2B3A
:104E80000601080F1A1D1413AEA9A0A7B2B5BCBB2A
:104E90009691989F8A8D8483DED9D0D7C2C5CCCB1A
:104EA000E6E1E8EFFAFDF4F300000000320900004B
:104EB00000000000010000007C2B0000000000004A
:104EC00002000000890C0000000000000400000047
:104ED000ED0E030C0D00000005000000D91C0100C0
:104EE0000000000006000000680300000000000051
:104EF000070000007720000000000000080000000C
:104F000075240000000000000B0000005906010499
:104F10000000000014000000D6140302030000008B
:104F2000150000009F0203000100000016000000B1
:104F3000DC1900000000000017000000A81703049F
:104F400005000000180000001834000000000000F8
:104F50001900000017650000000000001A000000A2
:104F6000AA180000000000001B000000901D0000B7
:104F7000000000001C0000004310000000000000C2
:104F80001D00000073100000000000001E00000063
:104F9000271C0000000000001F000000F630000089
:104FA0000000000020000000B91C0000000000000C
:104FB00021000000681C000000000000220000002A
:104FC000ED1600000000000023000000F4160000B1
:104FD0000000000024000000DE25000000000000AA
:104FE00025000000D407030405000000260000008F
:104FF000090703040500000027000000FE26032027
:105000002100000028000000E60503020300000064
:10501000290000001C040302030000002A00000015
:105020001C120000000000002B000000840303009D
:10503000010000002C000000DD0903020300000055
:105040002D000000E8030300010000002E00000016
:105050000B020000000000002F0000009908030070
:1050600001000000300000002915010C00000000C4
:105070003100000027140000000000003200000092
:105080004E2503121300000033000000C405030284
:1050900003000000350000000305000000000000D0
:1050A000360000000F1B0318190000003700000035
:1050B00003190000000000003D000000A7480000A8
:1050C000000000003E000000B71A000000000000D1
:1050D0003F00000077B50000000000004000000025
:1050E000BFE100000000000041000000762A00003F
:1050F00000000000420000009406030203000000CC
:1051000043000000150400000000000045000000FE
:10511000F31E010A00000000460000007C26031078
:105120001100000049000000262603202100000095
:105130004A00000014140000000000004B000000B2
:105140009E23031E1F0000004C0000009821031E38
:105150001F0000004D0000008F0A03080900000036
:10516000500000000E040302030000005100000084
:105170006A160000000000005200000031330324D2
:10518000250000005300000016250000000000006C
:10519000540000008F35033233000000550000003A
:1051A0008C3300000000000056000000053503327B
:1051B000330000005700000096330000000000009C
:1051C00059000000E71C0000000000005A00000029
:1051D000B7380000000000005B0000003F2A00001C
:1051E000000000005C00000036210000000000000C
:1051F0005D0000002F51000000000000640000006E
:10520000AF2200000000000065000000667500008D
:1052100000000000660000009E7500000000000015
:1052200067000000D03900000000000068000000A6
:105230003874000000000000690000005D3F0000BD
:10524000000000006A0000008A2C0000000000003E
:105250006B0000006C410000000000006C000000CA
:10526000205C0000000000006D000000B909000093
:10527000000000006E00000054FE03010200000068
:105280006F000000221203101100000070000000E7
:10529000AE0C000000000000710000007C27000040
:1052A0000000000072000000ED2C00000000000073
:1052B00073000000044000000000000074000000C3
:1052C0004C18000000000000750000008006030478
:1052D0000500000076000000380E0000000000000D
:1052E00077000000740C030A0B0000007800000037
:1052F000866100000000000079000000ED0203005C
:10530000010000007A000000CB0203000100000051
:105310007B000000FA710300010000007C00000027
:1053200057390000000000007D000000CB0600009F
:10533000000000007E000000DC51034F5000000020
:105340007F00000019230000000000008000000022
:10535000E223000000000000810000002E18000081
:1053600000000000820000001D0D00000000000091
:1053700083000000DFFF0000000000008400000048
:105380005527000000000000850000000612000004
:105390000000000086000000E52B00000000000077
:1053A00087000000CB08000000000000880000001B
:1053B000011600000000000089000000C31000007A
:1053C000000000008A0000006D780000000000006E
:1053D0008B000000A82B03292A0000008C0000008D
:1053E000B5290000000000008D0000002F20000003
:1053F000000000008E00000048F3000000000000E4
:105400008F000000831000000000000090000000EA
:105410007F5D000000000000920000006764000053
:1054200000000000930000009A3600000000000019
:1054300094000000B24E0000000000009500000043
:10544000C83C00000000000096000000862A000012
:105450000000000097000000DB08030607000000C2
:1054600098000000D0080000000000009900000033
:10547000BC0C0000000000009A000000540F03065E
:10548000070000009B000000160D0304050000004B
:105490009C00000013060300010000009D000000B6
:1054A000150F030C0D0000009E000000860F030C7A
:1054B0000D000000A00000004E0C030809000000D1
:1054C000A10000004403030001000000A20000004E
:1054D000BD09000000000000A30000007F1C0000C8
:1054E00000000000A40000009A2C00000000000052
:1054F000A50000001503000000000000A600000049
:105500001509000000000000A70000009016000030
:1055100000000000A8000000010C000000000000D6
:10552000A9000000EA12000000000000AA0000002C
:105530004922000000000000AB000000B54200005E
:1055400000000000AC000000166200000000000037
:10555000AD0000005308000000000000AE00000095
:10556000A730000000000000AF0000008A13030E07
:105570000F000000B0000000EA030300010000007B
:10558000B1000000F014000000000000B2000000B4
:105590002F18000000000000B3000000BD1D011A1C
:1055A00000000000B4000000342F012A00000000B9
:1055B000B5000000AE04000000000000B6000000CE
:1055C000E528000000000000B700000055020300BD
:1055D00001000000B80000009FCE03040500000099
:1055E000B9000000BA07030405000000BA0000007B
:1055F000481D030001000000BF0000005C1B00000C
:1056000000000000C0000000243600000000000080
:10561000C1000000471A000000000000C2000000A6
:105620006221000000000000C30000007825000097
:1056300000000000C8000000862A0328290000009E
:10564000C9000000CD0E030C0D000000D6000000C4
:105650004508030607000000D700000065030000AE
:1056600000000000D8000000320303000100000029
:10567000D9000000CA06000000000000DA000000A7
:105680001107030001000000DB000000A20200007F
:1056900000000000DC0000002220000000000000EC
:1056A000DD000000472A000000000000DE000000CE
:1056B0000F03000000000000DF000000772F032A26
:1056C0002B000000E0000000662D032A2B000000E4
:1056D000E1000000D049000000000000E2000000EE
:1056E000CF08000000000000E6000000A32A000030
:1056F00000000000E7000000692800000000000032
:10570000E80000009741000000000000E9000000F0
:1057100023B6000000000000EA0000009628000008
:1057200000000000EB000000B32A000000000000B1
:10573000F10000005A20000000000000F20000000C
:10574000683C000000000000F3000000553D0134FB
:1057500000000000F40000005F06000000000000F0
:10576000F50000008202000000000000F6000000CA
:10577000B826000000000000F700000051130000F0
:1057800000000000F800000008FE03030400000011
:10579000F9000000CC24000000000000FA00000026
:1057A000311E000000000000FB000000AA120000F3
:1057B00000000000FC0000002C12000000000000AF
:1057C000FD0000005336000000000000FE00000055
:1057D0002E0900000000000000010000472A030815
:1057E0000900000001010000830900000000000022
:1057F00002010000BBE803000100000003010000FB
:105800005CED00000000000004010000920E0000AA
:105810000000000005010000B33D00000000000092
:10582000060100000C170000000000000701000046
:1058300085FF00000000000008010000312000008A
:1058400000000000090100001A1400000000000020
:105850000A010000C1FF0302030000000B01000069
:1058600023FF0302030000000C0100000E040302EA
:10587000030000000D0100006DD7000000000000D3
:105880000E0100003B140000000000000F010000AA
:105890001635000000000000130100007E2000000B
:1058A000000000001401000012320000000000009F
:1058B000150100003E1E000000000000180100005D
:1058C000462100000000000019010000300D00001A
:1058D000000000001A0100007B23032021000000CB
:1058E0001B0100004A910000000000001C010000A4
:1058F0006320031E1F0000001D01000089310326E4
:10590000270000001E010000D239033233000000DE
:105910001F01000001170314150000002001000002
:10592000141703141500000022010000FB2E0000D4
:1059300000000000230100000A3900000000000000
:1059400024010000E3DF0318190000002701000014
:10595000EA0C0000000000002801000032230000D3
:10596000000000002B010000136200000000000096
:105970002C010000D9160000000000002D010000DD
:10598000F33A000000000000360100001C11000086
:1059900000000000370100005F74000000000000FC
:1059A00040010000F3140302030000004101000065
:1059B000580203000100000042010000F3950000BE
:1059C00000000000430100004E93030001000000AE
:1059D0004401000084920000000000004A01000021
:1059E00017A70000000000004B0100005BE9000069
:1059F000000000004C010000ECEF0000000000007F
:105A00004D010000E76D0000000000004E010000A5
:105A1000480A0000000000004F010000E1180000EB
:105A20000000000050010000F554000000000000DC
:105A300053010000C70500000000000054010000F1
:105A4000634600000000000059010000D115030268
:105A5000030000005E010000E8FC00000000000000
:105A600062010000D20E030C0D0000006301000073
:105A7000060C000000000000680100000B19000087
:105A800000000000690100005D210000000000002E
:105A90007101000097180000000000007201000072
:105AA0004B6D000000000000730100000A1A0000A6
:105AB00000000000740100001A8C000000000000CB
:105AC00075010000752A0000000000007701000049
:105AD000FB8C00000000000078010000C7080000F7
:105AE000000000007C010000E8140000000000003D
:105AF0008101000093850302030000008201000081
:105B0000841003040500000083010000044803041E
:105B1000050000008401000008250320210000008A
:105B2000860100009CF00000000000008B010000D6
:105B300000D40000000000008C01000032A0000032
:105B4000000000008D010000B66C000000000000A5
:105B5000900100006EFE03040500000091010000AA
:105B6000B7060304050000009A010000A0350000FC
:105B7000000000009B0100006A030000000000001C
:105B80009C01000021060304050000009D010000A7
:105B90004D070304050000009E0100006D10000089
:105BA000000000009F010000A110000000000000A4
:105BB000A40100001449030607000000B30100001F
:105BC000862E000000000000B4010000C1090000A2
:105BD00000000000B50100001E01000000000000F0
:105BE000B80100004223000000000000B9010000DD
:105BF000A911000000000000FE010000F56A00008D
:105C000000000000FF0100001C4700000000000031
:105C100000020000B802000000000000421F000067
:105C2000DA10000000000000431F0000E729000018
:105C300000000000441F0000AC62000000000000F3
:105C4000451F0000FB26000000000000461F00006A
:105C5000610E000000000000471F0000402000000F
:105C600000000000481F0000EA21000000000000C2
:105C7000491F000090100000000000004A1F0000B3
:105C80009B290000000000004B1F0000146600006C
:105C9000000000004C1F0000361000000000000053
:105CA0004D1F0000DE2E0000000000004E1F00000F
:105CB000C80E0000000000004F1F00001718000071
:105CC00000000000501F00009512000000000000BE
:105CD0002823000071890000000000002D2300002F
:105CE000752200000000000011270000D114000000
:105CF0000000000012270000BA2900000000000088
:105D00001327000004010000000000001427000019
:105D10008509000000000000152700006709000049
:105D20000000000016270000C10400000000000071
:105D3000172700004711000000000000182700008E
:105D4000F00E000000000000A7270000C35500006F
:105D500000000000F82A000086340304050000005B
:105D6000F92A00000F88000000000000FA2A000055
:105D7000EAB4030405000000FB2A0000400500000F
:105D800000000000FC2A00000BE8030809000000E6
:105D9000FD2A00005DE6000000000000022B00006C
:105DA0002E31000000000000032B00006A2C0000D0
:105DB000000000000C2B0000CD10000000000000CF
:105DC000162B0000902C000000000000172B000094
:105DD000852C000000000000182B0000552C00004E
:105DE00000000000192B0000C32503101100000063
:105DF0001A2B00004F050000000000001B2B0000C4
:105E000080080304050000001C2B0000B1220000E4
:105E1000000000001D2B0000821C0000000000009C
:105E20001E2B00002F260000000000001F2B00008A
:105E30008E09000000000000202B0000842C0000D0
:105E400000000000212B0000D02C0000000000000A
:105E5000222B0000C92C000000000000232B0000B2
:105E6000C12C000000000000242B0000BD2C00000D
:105E700000000000342B0000A24E000000000000D3
:105E800064320000722C0300010000006532000043
:105E9000FE3B031E1F000000663200008C35030429
:105EA0000500000067320000F92E03000100000029
:105EB000683200004D36031C1D00000069320000EE
:105EC000312B030001000000733200005EF9030073
:105ED00001000000763200008B330000000000005B
:105EE0007732000007120310110000007832000022
:105EF00014050000000000006842000067B30000C5
:105F000000000000FE4200001A2100000000000016
:105F1000FF420000481000000000000001430000A4
:105F2000131100000000000002430000591100009E
:105F300000000000034300001B0A000000000000F6
:105F4000044300000E5B0000000000000543000059
:105F5000BB54000000000000064300006A18000067
:105F60000000000010A40000E30100000000000099
:105F700011A40000EF2E00000000000051C300003B
:105F8000F62000000000000052C30000B5F600003B
:105F90000000000053C300003E130000000000009A
:105FA00054C30000F00A03080900000055C30000B4
:105FB000980603040500000020CB00000D640000DB
:105FC0000000000021CB0000EF01000000000000F5
:105FD00015CD0000F01100000000000016CD0000FB
:105FE000584E00000000000017CD00006055000072
:105FF0000000000018CD0000B11C000000000000EF
:1060000019CD0000D73200000000000078CD00005C
:10601000B52603202100000079CD00006624000091
:106020000000000060EA00000416031415000000E0
:106030006AEA0000D0210000000000006BEA0000C6
:10604000B7070000000000006CEA00006324032092
:10605000210000006DEA0000811803141500000003
:106060006EEA0000860803040500000074EA0000E0
:10607000CA0400000000000088EA00009CF500004F
:106080000000000089EA0000BFFF000000000000DF
:106090008DEA00000E170302030000008EEA0000E4
:1060A000AB1C0308090000008FEA0000370700005E
:1060B0000000000091EA0000610C000000000000F8
:1060C00092EA0000DC0E00000000000093EA0000ED
:1060D000F51800000000000094EA0000652C0000A4
:1060E0000000000095EA00002D06000000000000FE
:1060F0008FC2151B51B81E1B14AE171B6666F435F4
:10610000CCCCFC353333053699990D360000163664
:1061100066661E36CCCC263633332F369999373601
:106120000000403666666638000070389999793804
:1061300033338338CCCC8C38666696380000A03870
:106140009999A9383333B338CCCCBC386666C63895
:106150000000D0389999D9383333E338CCCCEC38B7
:106160006666F638000000399999093933331339D6
:10617000CCCC1C39666626390000303999993939FA
:1061800033334339CCCC4C3966665639000060391C
:106190009999693933337339CCCC7C396666863941
:1061A00000009039999999393333A339CCCCAC3963
:1061B0006666B6390000C0399999C9393333D33985
:1061C000CCCCDC396666E6390000F0399999F939AA
:1061D0000000891112239B322446AD573665BF74E7
:1061E000488CC19D5AAFD3BE6CCAE5DB7EE9F7F897
:1061F0008110080193331A22A5562C47B7753E64C7
:10620000C99C408DDBBF52AEEDDA64CBFFF976E876
:1062100002218B30100299132667AF763444BD55A6
:106220004AADC3BC588ED19F6EEBE7FA7CC8F5D956
:1062300083310A2091121803A7772E66B5543C4586
:10624000CBBD42ACD99E508FEFFB66EAFDD874C936
:1062500004428D5316619F702004A9153227BB3666
:106260004CCEC5DF5EEDD7FC6888E1997AABF3BA16
:1062700085520C4397711E60A1142805B3373A2646
:10628000CDDE44CFDFFD56ECE9986089FBBB72AAF6
:1062900006638F7214409D512225AB343006B91726
:1062A0004EEFC7FE5CCCD5DD6AA9E3B8788AF19BD6
:1062B00087730E6295501C41A3352A24B116380706
:1062C000CFFF46EEDDDC54CDEBB962A8F99A708BB6
:1062D000088481951AA793B62CC2A5D33EE1B7F0E6
:1062E0004008C919522BDB3A644EED5F766DFF7C96
:1062F000899400859BB712A6ADD224C3BFF136E0C6
:10630000C1184809D33B5A2AE55E6C4FF77D7E6C75
:106310000AA583B4188691972EE3A7F23CC0B5D1A5
:106320004229CB38500AD91B666FEF7E744CFD5D55
:106330008BB502A499961087AFF326E2BDD034C185
:10634000C3394A28D11A580BE77F6E6EF55C7C4D35
:106350000CC685D71EE597F42880A1913AA3B3B265
:10636000444ACD5B5669DF78600CE91D722FFB3E15
:106370008DD604C79FF516E4A9902081BBB332A245
:10638000C55A4C4BD7795E68E11C680DF33F7A2EF5
:106390000EE787F61CC495D52AA1A3B03882B19325
:1063A000466BCF7A5448DD59622DEB3C700EF91FD5
:1063B0008FF706E69DD414C5ABB122A0B992308305
:1063C000C77B4E6AD5585C49E33D6A2CF11E780FB5
:1063D000A08601000B19000050C30000100004103B
:1063E00000005B0101000000B01D000096FF0000EE
:1063F0000506010C015B00009033000091FF0000D6
:106400000606010C015B00002058000090FF000010
:106410000641010800000000593F01080200000089
:106420005F3F010803000000673F0108040000000F
:10643000733F010805000000803F010806000000CE
:10644000893F0108FF000000913F0108FF000000A4
:10645000993F010807000000A13F01080800000063
:10646000AD3F010809000000B43F0108FF00000033
:10647000BB3F0108FF000000C43F0108FF0000000F
:10648000CB3F0108FF000000D33F0108FF000000E0
:10649000DD3F01080A000000E73F0108FF0000009F
:1064A000F03F010801000000F93F01080B00000067
:1064B000004001080C00000009400108FF00000036
:1064C00014400108FF0000001C400108FF0000000C
:1064D0002A400108FF000000324001080D000000C2
:1064E0003B4001080E000000474001080F0000007B
:1064F00052400108FF00000061400108FF00000059
:1065000072400108FF00000083400108FF00000006
:1065100094400108FF0000009E400108FF000000B9
:10652000A8400108FF000000B24001081000000070
:10653000C2400108FF000000CD400108FF0000003C
:10654000D3400108FF000000D9400108FF0000000F
:10655000DF400108FF000000E5400108FF000000E7
:10656000F3400108FF00000003410108FF000000A4
:106570000A41010811000000114101081200000049
:106580001C410108FF0000002C410108FF00000031
:1065900037410108130000003F410108FF000000DF
:1065A0004E410108FF0000005A410108FF000000B1
:1065B00069410108FF00000079410108FF00000067
:1065C0008A410108140000000000000000000000E3
:1065D000D5210008D7210008D9210008DB210008B7
:1065E00061CB000851CD000899CD000839C60008DC
:1065F000EB210008EF21000800000000000000006F
:10660000416F0008D9230008694C00080000000011
:1066100000000000512C0008597200080000000022
:1066200000000000B1740008677600089FCF0008E2
:10663000DB230008FF2300088D230008ECFFFFFF89
:1066400000000000D5210008D7210008D92100084A
:10665000DB210008A9CF0008F92300082524000841
:1066600099230008EB210008EF2100080100000039
:106670000300000005000000010000000100000010
:10668000060000000A0000002000000002000000D8
:10669000040000000800000010000000400000009E
:1066A0008000000000010000000200000000000067
:1066B00000000000000000000000000001000000D9
:1066C000020000000300000004000000A08601009A
:1066D000400D0300801A060000350C0040420F00F8
:1066E00080841E0000093D0000127A000024F4009E
:1066F00000366E010048E801006CDC02000000007A
:106700000000000000000000000000000100000088
:106710000200000004000000060000000800000065
:106720000A0000000C000000100000002000000023
:106730004000000080000000000100000000000098
:10674000000FC93F000F494000CB9640000FC940E1
:106750000053FB4000CB164100ED2F41000F494193
:106760000031624100537B41003A8A4100CB96419F
:10677000005CA34100EDAF41007EBC41000FC94168
:1067800000A0D5410031E24100C2EE410053FB417F
:1067900000F20342003A0A420083104200CB164244
:1067A00000141D42005C234200A5294200ED2F4247
:1067B00000363642007E3C4200C74242000F49424A
:1067C000A2000000F9000000830000006E0000003D
:1067D0004E000000440000001500000029000000E9
:1067E000FC0000002700000057000000D10000005E
:1067F000F500000034000000DD000000C0000000D3
:10680000DB0000006200000095000000990000001D
:106810003C00000043000000900000004100000028
:10682000FE0000005100000063000000AB0000000B
:10683000DE000000BB000000C50000006100000099
:10684000B7000000240000006E0000003A000000C5
:10685000420000004D000000D2000000E0000000F7
:1068600006000000490000002E000000EA000000C1
:1068700009000000D1000000920000001C00000090
:10688000FE0000001D000000EB0000001C000000E6
:10689000B100000029000000A70000003E00000039
:1068A000E80000008200000035000000F500000054
:1068B0002E000000BB000000440000008400000027
:1068C000E90000009C0000007000000026000000AD
:1068D000B40000005F0000007E00000041000000E6
:1068E0003900000091000000D600000039000000CF
:1068F000830000005300000039000000F400000095
:106900009C000000840000005F0000008B0000007D
:10691000BD000000F9000000280000003B0000005E
:106920001F000000F800000097000000FF000000BA
:10693000DE00000005000000980000000F000000CD
:10694000EF0000002F000000110000008B0000008D
:106950005A0000000A0000006D0000001F00000047
:106960006D000000360000007E000000CF00000037
:1069700027000000CB00000009000000B700000065
:106980004F000000460000003F00000066000000CD
:106990009E0000005F000000EA0000002D000000E3
:1069A0007500000027000000BA000000C7000000CA
:1069B000EB000000E5000000F10000007B0000009B
:1069C0003D0000000700000039000000F700000053
:1069D0008A0000005200000092000000EA0000005F
:1069E0006B000000FB0000005F000000B100000031
:1069F0001F0000008D0000005D0000000800000086
:106A000056000000030000003000000046000000B7
:106A1000FC0000007B0000006B000000AB000000E9
:106A2000F0000000CF000000BC00000020000000CB
:106A30009A000000F4000000360000001D00000075
:106A4000A9000000E30000009100000061000000C8
:106A50005E000000E60000001B00000008000000CF
:106A60006500000099000000850000005F00000044
:106A700014000000A00000006800000040000000BA
:106A80008D000000FF000000D80000008000000022
:106A90004D000000730000002700000031000000DE
:106AA000060000000600000015000000560000006F
:106AB000CA00000073000000A8000000C900000028
:106AC00060000000E20000007B000000C000000049
:106AD0008C0000006B000000DB0F49BFE4CB1640C8
:106AE000E4CB16C000000080DB0F4940DB0F49C03B
:106AF0003863ED3EDA0F493F5E987B3FDA0FC93FBE
:106B00006937AC3168212233B40F14336821A233C2
:106B10000000C93F0000F0390000DA370000A2335E
:106B20000000842E0000502B0000C2270000D0225D
:106B30000000C41F0000C61B000044170400000032
:106B40000700000009000000002020202020202055
:106B5000202028282828282020202020202020200D
:106B6000202020202020202020881010101010101D
:106B70001010101010101010100404040404040469
:106B80000404041010101010101041414141414103
:106B900001010101010101010101010101010101E5
:106BA00001010101101010101010424242424242F5
:106BB00002020202020202020202020202020202B5
:106BC000020202021010101020000000000000005D
:106BD00000000000000000000000000000000000B5
:106BE00000000000000000000000000000000000A5
:106BF0000000000000000000000000000000000095
:106C00000000000000000000000000000000000084
:106C10000000000000000000000000000000000074
:106C20000000000000000000000000000000000064
:106C30000000000000000000000000000000000054
:106C40000000000000000000005245454E54206D39
:106C5000616C6C6F63207375636365656465640064
:106C60002F646174612F6A656E6B696E732F776F25
:106C7000726B73706163652F474E552D746F6F6C27
:106C8000636861696E2F61726D2D31312F7372638C
:106C90002F6E65776C69622D63796777696E2F6EE9
:106CA00065776C69622F6C6962632F74696D652FFB
:106CB000676D74696D652E63002C2066756E637454
:106CC000696F6E3A2000617373657274696F6E202C
:106CD00022257322206661696C65643A2066696CBE
:106CE0006520222573222C206C696E652025642581
:106CF0007325730A00232D302B2000686C4C00652F
:106D000066674546470030313233343536373839D7
:106D1000414243444546003031323334353637380A
:086D20003961626364656600DD
:086D280048C0FF7F01000000DC
:086D3000891100083DE1000893
:046D380061110008DD
:106D3C00E9310108AA440108083A0108EB310108BD
:106D4C0071380108EE310108663901083A4401082E
:106D5C00E9310108E5430108E43C0108EC3000206E
:106D6C0001000000243D01088F03002001000000F9
:106D7C002B3D01086806002005000000353D010888
:106D8C008A0400200100000004400108890400204E
:106D9C0001000000453D01088B04002001000000AB
:106DAC004D3D0108BA03002001000000563D0108CA
:106DBC00BB030020010000005F3D0108BC03002064
:106DCC00010000006C3D0108BD0300200100000023
:106DDC00793D0108BE03002001000000853D01083B
:106DEC00BF03002001000000903D0108C0030020FB
:106DFC00010000009C3D0108C203002001000000BE
:106E0C00A83D0108C503002001000000B93D0108A0
:106E1C00C603002001000000CA3D0108C303002086
:106E2C0001000000D93D0108CA0300200100000048
:106E3C00E33D01089603002001000000ED3D010830
:106E4C009703002001000000F63D01089803002084
:106E5C0001000000033E010899030020010000001E
:106E6C000F3E01089B030020010000001B3E01089F
:106E7C00A4030020010000002C3E01089C0300200C
:106E8C0001000000383E01089D03002001000000B5
:106E9C00443E0108A503002001000000543E0108F7
:106EAC009E03002001000000653E0108A0030020A5
:106EBC0001000000763E01089A030020010000004A
:106ECC00873E0108A203002001000000963E010845
:106EDC00A303002001000000A33E0108AA03002028
:106EEC0002000000B23E0108AB03002002000000CB
:106EFC00BC3E0108AC03002002000000C63E0108A5
:106F0C00AD03002002000000D03E0108AE030020BB
:106F1C0002000000DA3E0108AF030020020000006E
:106F2C00E43E0108B003002002000000EE3E010820
:106F3C00B103002002000000F83E0108B20300205B
:106F4C0002000000023F0108B30300200200000011
:106F5C000C3F0108B403002002000000173F010899
:106F6C00B503002002000000223F0108B6030020F8
:106F7C00010000002D3F0108B703002001000000B4
:106F8C00383F0108B803002001000000433F01080E
:106F9C00B9030020010000004E3F0108FFFF000074
:106FAC00D52B0008D72B0008543C0108843C010861
:106FBC00B43C010800093D00010000001000000075
:106FCC000000803F6042A20D0000000003000000A2
:106FDC008C440020000000008C440020F44400206D
:106FEC005C450020000000000000000000000000D4
:106FFC000000000000000000000000000000000085
:10700C000000000000000000000000000000000074
:10701C000000000000000000000000000000000064
:04702C00A40200209A
:040000050800EE956C
:00000001FF
