:020000040800F2
:1000000000800020E9E8000811E8000813E8000873
:1000100015E8000817E8000819E8000800000000CB
:100020000000000000000000000000001BE80008C5
:100030001DE80008000000001FE8000821E8000893
:1000400039E9000839E9000839E9000839E9000808
:1000500039E9000839E9000839E9000839E90008F8
:1000600039E9000839E9000839E9000839E90008E8
:1000700039E9000839E9000839E9000839E90008D8
:1000800039E900080000000039E9000839E90008F2
:1000900045D9000839E9000839E9000839E90008BC
:1000A00039E9000839E9000839E9000839E90008A8
:1000B00039E90008F936000839E9000839E900088B
:1000C00039E9000839E9000839E9000839E9000888
:1000D00039E90008153300089165000839E900087E
:1000E000A5BD000839E9000839E9000839E9000828
:1000F00039E9000839E9000839E900080000000082
:100100000000000039E900080000000039E900089B
:1001100039E900080000000039E9000839E9000861
:1001200039E9000839E9000839E9000839E9000827
:1001300039E90008000000000000000039E900086B
:1001400039E9000839E9000800000000000000005B
:10015000000000000000000000000000000000009F
:1001600000000000000000000000000039E9000865
:1001700039E9000800000000000000000000000055
:100180000000000039E90008000000000000000045
:10019000000000000000000000000000000000005F
:1001A000000000000000000039E900086530000888
:1001B00039E9000839E9000839E9000800000000C1
:1001C0000000000039E90008000000000000000005
:0801D00039E9000839E90008D3
:1001E00010F8012B11F8013B012A28BF9A42F7D0E1
:1001F000D01A7047034613F8012B002AFBD1181AB6
:1002000001387047000000000000000000000000FE
:1002100001F0FF01102A2BDB10F0070F08D010F8B7
:10022000013B013A8B422DD010F0070F42B3F6D1BB
:10023000F0B441EA012141EA014122F007047FF0D4
:1002400000070023F0E80256083C85EA010586EA2B
:10025000010685FA47F5A3FA87F586FA47F6A5FA67
:1002600087F68EB9EED1F0BC01F0FF0102F0070273
:1002700032B110F8013B013A83EA010313B1F8D11E
:100280000020704701387047002D06BF35460338FF
:10029000073815F0010F07D1013015F4807F02BF38
:1002A000013015F4C03F0130F0BC0138704700BF89
:1002B00081F0004102E000BF83F0004330B54FEA17
:1002C00041044FEA430594EA050F08BF90EA020F84
:1002D0001FBF54EA000C55EA020C7FEA645C7FEA17
:1002E000655C00F0E2804FEA5454D4EB5555B8BF3A
:1002F0006D420CDD2C4480EA020281EA030382EAAB
:10030000000083EA010180EA020281EA0303362D3C
:1003100088BF30BD11F0004F4FEA01314FF4801C0F
:100320004CEA113102D0404261EB410113F0004F21
:100330004FEA03334CEA133302D0524263EB4303D8
:1003400094EA050F00F0A780A4F10104D5F1200E76
:100350000DDB02FA0EFC22FA05F2801841F10001D1
:1003600003FA0EF2801843FA05F359410EE0A5F1A5
:1003700020050EF1200E012A03FA0EFC28BF4CF0D6
:10038000020C43FA05F3C01851EBE37101F000458C
:1003900007D54FF0000EDCF1000C7EEB00006EEB99
:1003A0000101B1F5801F1BD3B1F5001F0CD3490823
:1003B0005FEA30004FEA3C0C04F101044FEA44527A
:1003C00012F5800F80F09A80BCF1004F08BF5FEA01
:1003D000500C50F1000041EB045141EA050130BDE1
:1003E0005FEA4C0C404141EB0101013C28BFB1F5F3
:1003F000801FE9D291F0000F04BF01460020B1FA3E
:1004000081F308BF2033A3F10B03B3F120020CDA10
:100410000C3208DD02F1140CC2F10C0201FA0CF0EE
:1004200021FA02F10CE002F11402D8BFC2F1200C53
:1004300001FA02F120FA0CFCDCBF41EA0C01904009
:10044000E41AA2BF01EB0451294330BD6FEA040452
:100450001F3C1CDA0C340EDC04F11404C4F120023D
:1004600020FA04F001FA02F340EA030021FA04F34F
:1004700045EA030130BDC4F10C04C4F1200220FAA6
:1004800002F001FA04F340EA0300294630BD21FAE4
:1004900004F0294630BD94F0000F83F4801306BFAA
:1004A00081F480110134013D4EE77FEA645C18BF9E
:1004B0007FEA655C29D094EA050F08BF90EA020F35
:1004C00005D054EA000C04BF1946104630BD91EA2D
:1004D000030F1EBF0021002030BD5FEA545C05D130
:1004E0004000494128BF41F0004130BD14F580046F
:1004F0003CBF01F5801130BD01F0004545F0FE41E3
:1005000041F470014FF0000030BD7FEA645C1ABF17
:10051000194610467FEA655C1CBF0B46024650EA4E
:10052000013406BF52EA033591EA030F41F400217A
:1005300030BD00BF90F0000F04BF0021704730B500
:100540004FF4806404F132044FF000054FF00001D5
:1005500050E700BF90F0000F04BF0021704730B596
:100560004FF4806404F1320410F0004548BF40426B
:100570004FF000013EE700BF42004FEAE2014FEAC0
:1005800031014FEA02701FBF12F07F4393F07F4F9B
:1005900081F06051704732F07F4208BF704793F09E
:1005A0007F4F04BF41F40021704730B54FF46074B1
:1005B00001F0004521F000411CE700BF50EA0102B4
:1005C00008BF704730B54FF000050AE050EA01025D
:1005D00008BF704730B511F0004502D5404261EBCD
:1005E00041014FF4806404F132045FEA915C3FF40E
:1005F000D8AE4FF003025FEADC0C18BF03325FEAAB
:10060000DC0C18BF033202EBDC02C2F1200300FA5B
:1006100003FC20FA02F001FA03FE40EA0E0021FA80
:1006200002F11444BDE600BF70B54FF0FF0C4CF46E
:10063000E06C1CEA11541DBF1CEA135594EA0C0F20
:1006400095EA0C0F00F0DEF82C4481EA030621EA5B
:100650004C5123EA4C5350EA013518BF52EA033596
:1006600041F4801143F4801338D0A0FB02CE4FF048
:100670000005E1FB02E506F00042E0FB03E54FF078
:100680000006E1FB03569CF0000F18BF4EF0010E70
:10069000A4F1FF04B6F5007F64F5407404D25FEA6C
:1006A0004E0E6D4146EB060642EAC62141EA55511F
:1006B0004FEAC52040EA5E504FEACE2EB4F1FD0C61
:1006C00088BFBCF5E06F1ED8BEF1004F08BF5FEADF
:1006D000500E50F1000041EB045170BD06F0004691
:1006E00046EA010140EA020081EA0301B4EB5C043E
:1006F000C2BFD4EB0C0541EA045170BD41F4801136
:100700004FF0000E013C00F3AB8014F1360FDEBF5A
:10071000002001F0004170BDC4F10004203C35DA36
:100720000C341BDC04F11404C4F1200500FA05F3B9
:1007300020FA04F001FA05F240EA020001F000425A
:1007400021F0004110EBD37021FA04F642EB0601D0
:100750005EEA430E08BF20EAD37070BDC4F10C04FA
:10076000C4F1200500FA04F320FA05F001FA04F2BE
:1007700040EA020001F0004110EBD37041F10001AA
:100780005EEA430E08BF20EAD37070BDC4F12005B5
:1007900000FA05F24EEA020E20FA04F301FA05F21D
:1007A00043EA020321FA04F001F0004121FA04F2C5
:1007B00020EA020000EBD3705EEA430E08BF20EA95
:1007C000D37070BD94F0000F0FD101F000464000CF
:1007D00041EB010111F4801F08BF013CF7D041EA51
:1007E000060195F0000F18BF704703F00046520055
:1007F00043EB030313F4801F08BF013DF7D043EA26
:100800000603704794EA0C0F0CEA135518BF95EADB
:100810000C0F0CD050EA410618BF52EA4306D1D162
:1008200081EA030101F000414FF0000070BD50EA81
:10083000410606BF1046194652EA430619D094EA0B
:100840000C0F02D150EA013613D195EA0C0F05D1F5
:1008500052EA03361CBF104619460AD181EA030149
:1008600001F0004141F0FE4141F470014FF0000001
:1008700070BD41F0FE4141F4780170BD70B54FF09C
:10088000FF0C4CF4E06C1CEA11541DBF1CEA13551C
:1008900094EA0C0F95EA0C0F00F0A7F8A4EB0504FE
:1008A00081EA030E52EA03354FEA013100F08880F5
:1008B0004FEA03334FF0805545EA131343EA1263BE
:1008C0004FEA022245EA111545EA10654FEA002673
:1008D0000EF000419D4208BF964244F1FD0404F52C
:1008E000407402D25B084FEA3202B61A65EB030588
:1008F0005B084FEA32024FF480104FF4002CB6EB45
:10090000020E75EB030E22BFB61A754640EA0C00C4
:100910005B084FEA3202B6EB020E75EB030E22BF04
:10092000B61A754640EA5C005B084FEA3202B6EB45
:10093000020E75EB030E22BFB61A754640EA9C0004
:100940005B084FEA3202B6EB020E75EB030E22BFD4
:10095000B61A754640EADC0055EA060E18D04FEA92
:10096000051545EA16754FEA06164FEAC30343EA32
:1009700052734FEAC2025FEA1C1CC0D111F4801FFF
:100980000BD141EA00014FF000004FF0004CB6E7F8
:1009900011F4801F04BF01430020B4F1FD0C88BF97
:1009A000BCF5E06F3FF6AFAEB5EB030C04BFB6EBA2
:1009B000020C5FEA500C50F1000041EB045170BD95
:1009C0000EF0004E4EEA113114EB5C04C2BFD4EBC2
:1009D0000C0541EA045170BD41F480114FF0000E46
:1009E000013C90E645EA060E8DE60CEA135594EAC2
:1009F0000C0F08BF95EA0C0F3FF43BAF94EA0C0FC5
:100A00000AD150EA01347FF434AF95EA0C0F7FF439
:100A100025AF104619462CE795EA0C0F06D152EA8D
:100A200003353FF4FDAE1046194622E750EA410671
:100A300018BF52EA43067FF4C5AE50EA41047FF482
:100A40000DAF52EA43057FF4EBAE12E74A0011D234
:100A500012F5001211D20DD56FF47873B3EB625218
:100A60000ED44FEAC12343F0004343EA505323FA24
:100A700002F070474FF00000704750EA013002D199
:100A80004FF0FF3070474FF0000070477BB972B9EC
:100A90000029BEBF00204FF0004106E008BF00283B
:100AA0001CBF6FF000414FF0FF3000F057B8ADF1C0
:100AB000080C6DE904CE002909DB002B1ADB13F0CA
:100AC000DDFEDDF804E0DDE9022304B070474042BA
:100AD00061EB4101002B1BDB13F0D0FEDDF804E0DD
:100AE000DDE9022304B0404261EB4101524263EB75
:100AF00043037047524263EB430313F0BFFEDDF83C
:100B000004E0DDE9022304B0404261EB410170479B
:100B1000524263EB430313F0B1FEDDF804E0DDE97C
:100B2000022304B0524263EB4303704753B94AB9FE
:100B3000002908BF00281CBF4FF0FF314FF0FF30E5
:100B400000F00CB8ADF1080C6DE904CE13F096FE80
:100B5000DDF804E0DDE9022304B07047704700BF10
:100B60000348044B834202D0034B03B1184770473C
:100B7000F8030020F8030020000000000548064BA1
:100B80001B1AD90F01EBA301491002D0034B03B18B
:100B900018477047F8030020F80300200000000009
:100BA00010B5064C237843B9FFF7DAFF044B13B1B5
:100BB0000448AFF300800123237010BDF803002028
:100BC00000000000444B010808B5054B1BB1054966
:100BD0000548AFF30080BDE80840FFF7CFBF00BF76
:100BE00000000000FC030020444B0108002242707A
:100BF00082700122C270B1FA81F1022249090271A8
:100C0000032201704271704743788B421FD0012943
:100C100041700AD0022910D0C1B90123C37081707C
:100C200002230371032343717047037843B1012307
:100C300083700223C3700023F3E70378002BF6D000
:100C4000022383700023C3700123EAE7FEE77047A5
:100C500082B00B88ADF800304B88ADF802308B883D
:100C6000ADF80430CB88ADF806300239431C0530AE
:100C700013F8012F0DF1080C0CEB4202834232F8FD
:100C8000082C21F8022FF3D102B0704710B50C46A2
:100C90001146FFF7B9FF2146BDE81040FFF7D8BF66
:100CA0000B4B10B54FF07F32C0E923234FF47F4345
:100CB000A0F89430FF23044680F89630983000F076
:100CC00022FC002384F8A43084F8A83010BD00BFB3
:100CD000FFFF7F0013B504461146CDE9002300F065
:100CE00038FC009904F1140000F033FC009904F181
:100CF000280000F02EFC009904F13C0000F029FCD3
:100D0000009904F1500000F024FC009904F1640003
:100D100000F01FFC009904F1780000F01AFC019A21
:100D20004FF4FA734FF4FA6104F1980000F0D6FB27
:100D30002046FFF7B5FF002384F8A5304FF47F432A
:100D4000A4F8A63002B010BD022380F8A830704786
:100D5000704700F005BC143000F002BC08B55030FC
:100D600000F008FC292200F11403B3FBF2F313F0A6
:100D7000FF0302D1031E18BF0123184608BD08B5A2
:100D8000643000F0F7FB292200F11403B3FBF2F307
:100D900013F0FF0302D1031E18BF0123184608BD3C
:100DA00090F8903013B990F98C00704790F98D004D
:100DB000704790F8903013B990F98E00704790F911
:100DC0008F00704710B504460BF018F950B194F835
:100DD000A83043B904F13C0000F0C6FB012838BF3D
:100DE0000120C0B210BD6420FCE790F8A83013B910
:100DF00090F89300704764207047783000F0BCBBD7
:100E0000783000F0C1BB10B5044600F083FB04F15C
:100E1000140000F07FFB04F1280000F07BFB04F1DC
:100E20003C0000F077FB04F1500000F07FFB04F180
:100E3000640000F07BFB04F1780000F07DFB94F887
:100E4000A83013B1013B84F8A83010BD7F2807D02B
:100E5000002807DA10F1800F06D04042C0B2704778
:100E600000207047012070477F20704710B140423A
:100E700040B270477F2070477F280FD010F1310FAC
:100E80000EDA10F1780F0DDB7830FE2340B25843B4
:100E900023304623B0FBF3F0C0B27047FF20704709
:100EA000FE20704700207047012805DD40F2FE73E8
:100EB000984203DC80B270470120704740F2FF7017
:100EC0007047A0F57870C0EBC02040F2AE7390FB85
:100ED000F3F000F58060FFF7E7BFFFF7F2BF0328EC
:100EE00012DD0C2812DD0F2812DD122812DD162863
:100EF00012DD192812DD1C2812DD1F2812DD212821
:100F0000CCBFFF20062070470020704701207047AB
:100F10000220704708207047032070470720704761
:100F2000042070470520704705289ABF014B185CC4
:100F3000FF207047B44B010805289ABF014B185C8D
:100F4000FF207047BA4B01087F2803D0002803DA3E
:100F5000C0B2704700207047FF2070477F2811D033
:100F600010F1320F10DA884210DD401A6423C1F10B
:100F7000FF21584301F57F01CE31313090FBF1F074
:100F8000C0B27047FF207047642070470020704750
:100F9000014B4140585C7047C04B01085AB110B436
:100FA000054C0A4411F8013B58408A42205CF9D1B3
:100FB0005DF8044B70477047C04B0108392808D8CA
:100FC00022280ED9094B2338C0B2C34003F00100D8
:100FD00070475F2807D0613819288CBF0020012096
:100FE0007047002070470120704700BF01EC7F0070
:100FF000F8B50246451E461D00245F2715F8010F6F
:10100000FF2804BF0134E4B2FFF7D8FF00B92F7006
:10101000AE42F3D1062C04D119B10B6813608B8852
:10102000938000239371F8BD2DE9F843DFF83490E5
:10103000471E441D012500264FF0280817F8011F00
:10104000084812F0FAFA034610B1A0EB0903DBB22C
:10105000A3FB05329E19A742A5FB0853EED13046EB
:10106000BDE8F883C04C010810B54179A1F130000A
:10107000C3B2092B07D80523B0FBF3F303EB8303BB
:10108000C01AC0B210BD044C204612F0D6FA002897
:10109000F1D0001BC0B2EEE7C04C0108F0B5094B1F
:1010A000094F821D2826B1FBF3F4272C94BF3D5D28
:1010B000302502F8015D824203FB1411B3FBF6F305
:1010C000F1D1F0BD00801A06C04C010870B504468D
:1010D000FFF790F802B20023551E18B2A84204FA96
:1010E00083F104DA265C302E03F10103F5D0121AE5
:1010F00001322046BDE8704012F0BEBC2DE9F04739
:10110000432B28BF432396B00C46154600211A46B0
:101110009846074612F0CAFC0021412205A8049116
:1011200012F0C4FCDFF87C90DFF87CA004EB4505EE
:10113000AC4210D104A8FFF75DF828B100F15803C4
:101140006B44002203F8492C04A9384612F05EFAD9
:1011500016B0BDE8F08734F9020B47F6FF739842EA
:10116000E8D0002812DC5146684612F04FFA04A875
:10117000FFF740F806466846FFF73CF80644B045DE
:10118000D6D3694604A812F049FAD1E7694680B27D
:101190000CF0B1FE6846FFF799FF4946684612F029
:1011A0003DFAE4E7AD4B0108A84B0108F0B589B062
:1011B0006D4600242F468E1CE1B28A4204D839467F
:1011C000FFF79CFF09B0F0BD36F8241025F8021B8C
:1011D0000134F1E742F210736421B0FBF3F203FB38
:1011E0001200B0FBF1F301FB130000EB023000EB47
:1011F000831080B27047020B00F03F0342F210717F
:1012000001FB0233C0F38510642202FB00307047FB
:101210002DE9F04142F2107388B0B1FBF3F603FB05
:1012200016141F49DFF87C80054612F0EFF9694675
:10123000F0B20CF03DFE6846FFF748FF69462846CD
:1012400012F0ECF94146284612F0E8F964276946A5
:10125000B4FBF7F6F0B20CF02BFE6846FFF736FF52
:101260006946284612F0DAF907FB1644414628463B
:1012700012F0D4F96946E0B20CF01AFE9DF8013084
:101280008DF800309DF802308DF80130694600235A
:1012900028468DF8023012F0C1F908B0BDE8F0819F
:1012A000715E0108B24B010870B50E46002105467B
:1012B000144612F0FBFB00239AB2944200D870BD92
:1012C000F25C002AFBD0EA540133F5E770B50E4614
:1012D000144600210132054612F0E8FB00239AB2C1
:1012E000944200D870BDF25C002AFBD0EA5401336E
:1012F000F5E730B50024A3B2934201D3012005E005
:10130000055D0B5D1DB9B3FA83F0400930BD1BB11B
:101310009D4204F10104EED00020F7E77D234380D5
:1013200043F2390309B2C360002301808180C38086
:101330000372704702680449044B01FB023323F037
:1013400000430360180C7047FD430300C39E260052
:10135000F0B5002597B001608580044656222946E5
:10136000684612F0A3FB0126627CAA4209D800233A
:10137000802104F1B400237417B0BDE8F04012F0EE
:1013800095BB2046FFF7D6FFE7797B1B002190FB3A
:10139000F3F202FB1300C0B2EC460A46CBB29F4206
:1013A0001DD80023227B9A42DED0A279033A012A7B
:1013B00004EB050105D925B191F91120D2B9012B12
:1013C000D2D98B74A26852F82310583304EB8502EB
:1013D0006B440135516303F8586CEDB2C4E71CF857
:1013E00001EBBEF1000F03D18242DBD00132D2B259
:1013F0000131D3E7501E8342E3DB01329342E0DC4C
:10140000B2E72DE9F047154696B0013D0160027143
:1014100004464371EDB256220021684612F046FBA5
:101420000027022D84BF4FF0010900253E464FF0F2
:10143000010A94F807809CBF4FF00309B8FBF9F844
:10144000627CB24209D80023802104F1B4002374E5
:1014500016B0BDE8F04712F029BB2046FFF76AFF3F
:10146000A8EB0603002190FBF3F202FB1300C0B2CD
:10147000EC460A46CBB2984506D91CF801EBBEF102
:10148000000F22D182421ED1434528BF4346227B12
:1014900003FB095101F0FF018A42D1D016B1B7B95F
:1014A000012BCDD9A2191F469174A26852F82110C0
:1014B00004EB86020136516303F158026A44F6B226
:1014C00002F858ACBCE70132D2B20131D2E77A1E41
:1014D0009342E7DB7A1C9342E4DCB1E707EE902A03
:1014E0000A44F8EE676A07EE902AF8EE677A4360DE
:1014F00086EEA77A07EE903AF8EEE77A80ED007A6A
:10150000C0ED027A7047D0ED017AF8EEE77AC0EDCF
:10151000027A7047D0E901236421D31AC360826044
:101520004B43418AB3FBF1F303747047D0E90123C5
:10153000D31AC0E90223704743682BB1C268642103
:101540004A43B2FBF3F2D3B203740023C360436097
:1015500070470023C0E9023341824360037470473F
:101560004368013343607047007C70474368194407
:1015700041607047C068704711B1C3680133C360F0
:101580004368013343607047007C7047072800D9E7
:10159000FEE7014B185C7047184D010800230380DB
:1015A000837080F82930704703781BB100220270E5
:1015B00018467047437813B100224270F8E78378E9
:1015C00013B100228270F3E790F82930002BEFD09E
:1015D000002280F82920EBE7017070470170704706
:1015E0008170704781704260704740687047083072
:1015F0007047000080EAE073022910B5A3EBE073A6
:1016000004467DD162B90028ACBF7F223F229342BD
:10161000A8BF1346002C184601DA43F0400010BD65
:10162000012A1FD1632B05DC5800002CF7DA40F4A7
:101630008070F4E740F2F542934211DC07EE903AF5
:101640009FED6A0AF8EEE77A27EE800A10F070FE46
:10165000FCEEC07A17EE900A400040F00100E4E78B
:10166000FF20E2E7022A40F0BF80632B05DC9800F0
:10167000002CD4DA40F40070D1E7B3F57A7F11DAA8
:1016800007EE903A9FED590AF8EEE77A27EE800AC6
:1016900010F04EFEFCEEC07A17EE900A800040F08B
:1016A0000100E5E742F20F72934211D807EE903A3B
:1016B0009FED4F0AF8EEE77A27EE800A10F038FE29
:1016C000FCEEC07A17EE900A800040F00200CFE7EF
:1016D000484A934211D807EE903A9FED470AF8EE38
:1016E000E77A27EE800A10F023FEFCEEC07A17EEB0
:1016F000900A830043F00300BAE740F2FF10B7E717
:10170000032971D1012A20D1B3F57A7F05DA580077
:10171000002C84DA40F4006081E7B3F5205F11DA31
:1017200007EE903A9FED310AF8EEE77A27EE800A4D
:1017300010F0FEFDFCEEC07A17EE900A430043F075
:101740000100E5E740F2FF70E2E7022A4CD1B3F571
:101750007A7F06DA9800002CBFF661AF40F4805023
:101760005DE742F20F72934211DC07EE903A9FED73
:101770001F0AF8EEE77A27EE800A10F0D9FDFCEE9A
:10178000C07A17EE900A830043F00100E3E71B4A9A
:10179000934211D807EE903A9FED150AF8EEE77ADA
:1017A00027EE800A10F0C4FDFCEEC07A17EE900A16
:1017B000830043F00200CEE7B3F57A2F11D207EE93
:1017C000903A9FED0D0AF8EEE77A27EE800A10F0C6
:1017D000AFFDFCEEC07A17EE900A830043F00300E1
:1017E000B9E740F6FF70B6E7002018E7CDCCCC3D56
:1017F0000AD7233C17F001006F12833A9F8601003D
:1018000000234360038170470A2310B50446838098
:1018100001F036FF2368E0809B68204698472081CE
:1018200010BD038970B504469BB1858845B1013D63
:10183000ADB285806DB903681B68BDE8704018477C
:1018400001F01EFFE388C01A238980B2834201D2CF
:10185000258170BD236820465B68EEE700230360A6
:101860007047000038B5084B09291B7828BF0921AB
:101870008B4204460D4602D10023036038BD01F0BF
:10188000F3FE25712060F9E714040020036810B509
:1018900004460BB9002010BD01F0E6FE2368C01A13
:1018A00040F2EE239842F5D90023054A23601278CE
:1018B00023799A42EED0034A0120D377EBE700BFA9
:1018C0001404002070040020FF23437100230171E1
:1018D000837103818372704738B5037904460D46DE
:1018E0005BB14179A94208D041B101290AD0002356
:1018F000A371657155B1012D0FD038BD03689B6888
:101900009847F4E703680021DB68F9E723689B68E0
:10191000012120469847A071EFE723682946DB683C
:10192000F7E72DE9F04F2DED068B85B0837B077C23
:101930000093C37B009A857CC67C90F815C090F814
:1019400020E090F82280BF000C4647EA931703F08E
:101950003F01437C490141EAD20103F0010247EA19
:10196000822705F00F02D20142EA530206F07F03FC
:101970001B0143EA1513057D01936D0045EAD61559
:101980000CF0030645EA4623867D029206F01F0509
:10199000AD0108EE103A45EA9C03C57D90F819C0E8
:1019A0000391ED0008EE903A45EA5613057E0CF0DF
:1019B000070609EE103A45EA0623857E05F03F0644
:1019C000760109EE903A46EADC03C67E90F81CC028
:1019D000B60046EA95160CF0010546EA8526457FD5
:1019E00005F00F0B4FEACB1B4BEA5C0B90F81EC0C7
:1019F0000CF07F0A4FEA0A1A4AEA151AC57F6D00F1
:101A000045EADC150EF0030C45EA4C2590F821C0A0
:101A10000AEE103A4FEAC808009B48EA5C180CF03E
:101A20001F0990F80DC003F007004CEA00204FEAB0
:101A3000891949EA9E09FFF744FA0399208008466C
:101A4000FFF73FFA60803846FFF73BFA029AA08022
:101A50001046FFF736FA019BE0801846FFF731FA8F
:101A6000208118EE100AFFF72CFA608118EE900A18
:101A7000FFF727FAA08119EE100AFFF722FAE0819A
:101A800019EE900AFFF71DFA20821AEE100AFFF7EE
:101A900018FA60823046FFF714FAA0825846FFF722
:101AA00010FAE0825046FFF70CFA20832846FFF731
:101AB00008FA60834846FFF704FAA0834046FFF720
:101AC00000FA4FF48063E0832384638405B0BDECA7
:101AD000068BBDE8F08F2DE9F04104460F4601F07A
:101AE000CFFD4FF001080546236820461B68984744
:101AF000064650B9A37A012B1FD12389ED1A40F66F
:101B0000C4139D42C8BFA07217E0236820465B68DB
:101B10009847A37AA3B90F2814D1A4F80A80E37ACE
:101B2000E2180133DBB2182B1073E3720AD939467D
:101B30002046FFF7F6FE0023A3723046BDE8F08191
:101B4000012BECD02581CFE7827922B14379012B9B
:101B500001D8FFF7C0BF002070477047704770473B
:101B60000020704770470020704700207047704782
:101B7000002070470020704770470000054BDA6C6A
:101B80000243DA64DB6C82B003400193019B02B034
:101B9000704700BF00100240054B9A6D02439A65E2
:101BA0009B6D82B003400193019B02B0704700BF60
:101BB00000100240054B1A6E02431A661B6E82B07B
:101BC00003400193019B02B0704700BF0010024028
:101BD00050E8003F43F0200340E80032002AF7D1EC
:101BE000704750E8003F43F0800340E80032002A8D
:101BF000F7D1704750E8003F23F0200340E800325F
:101C0000002AF7D1704750E8003F23F0400340E836
:101C10000032002AF7D1704750E8003F23F08003DC
:101C200040E80032002AF7D1704700000288044BD8
:101C30005140C9B233F8113083EA12230380704750
:101C40004C7C0108A2B110B4B0F800C0094C0A44A1
:101C500011F8013B83EA0C03DBB2914234F81330F4
:101C600083EA1C2CA0F800C0F2D15DF8044B704749
:101C7000704700BF4C7C010837B54FF6FF73044630
:101C8000ADF806304518AC4203D1BDF8060003B0EC
:101C900030BD14F8011B0DF10600FFF7C7FFF2E796
:101CA000044B1888044B1B8880B29BB2C01A18BF23
:101CB00001207047323A0020303A0020044B188847
:101CC000044B1B8880B29BB2C01A18BF012070471A
:101CD0003A44002038440020044A00231380044A78
:101CE0001380044A1380044A13807047384400204C
:101CF0003A4400203C4600203E4600200120704728
:101D0000704700000649074A0B8812880133C3F365
:101D1000080392B29A421EBF034AD0540B80704708
:101D20002A36002028360020283400200023A0F87E
:101D30007032A0F86E3270470023A0F85C32A0F831
:101D40005A3270473C4B5A6A037A92B263B1838924
:101D5000D31A9BB2B3F5FA7F84BF00230372837A50
:101D60004F2B84BF00230372037A8281082B0FD884
:101D7000DFE803F0050E0E0E0E0E0F1B2600EE29F7
:101D800001D0C82904D1012383724175062303724F
:101D900070473D299FBF837A5A1C1B1882728FBFE0
:101DA0000023597541720723F1E7827A531C0244DC
:101DB000DBB283725175427A9A42E9D20823E6E790
:101DC000837A5A1C034482725975C37D162B04D141
:101DD000012380F865300923D9E74369174A03F0E6
:101DE000FF23934203D1012380F86730F3E7144ABD
:101DF00093421CD1837E102B19D1C37E022B08D0B5
:101E0000052B0DD0012BE6D1027EEE2A08BF80F80B
:101E10006A30037EEE2BDED1012380F86B30DAE7E7
:101E2000012380F86830037F80F86930D3E701230D
:101E300080F86630CFE700BF0004004000C80028EB
:101E400000C80032044B1888044B1B8880B29BB238
:101E5000C01A18BF012070472A36002028360020FB
:101E60000278024B51405B5C037070473068010898
:101E7000FF230370704700BF7047B0F86E32B0F8B0
:101E800070229B1A98B21B0444BF00F5006080B218
:101E9000003818BF01207047A0F11400EDE7B0F83A
:101EA0007032B0F86E229A421FBFC218B0F8721298
:101EB00092F87422013316BF0B400022A0F8703252
:101EC00010467047A0F11400E9E770B50B78037075
:101ED0004B7843700B78FD2B05460C4638D18B7838
:101EE0008370CB78C3700B7903714B7943718B7915
:101EF00083718B68C3718B68C3F30F2303728B7A72
:101F000043720A26627804F10C01A81911F0ACFBA7
:101F10006378B4F80C213344981CEA545A1CB4F882
:101F20000C1192B2090AA954A278D20780B20ED538
:101F300004F58872054404F58E7452F8041B45F8C4
:101F4000041BA242F9D112782A700F3398B270BDE7
:101F500000238B700B7983704B79C3708B7903717D
:101F60008B6843710626CDE738B54A78352A0D4689
:101F7000044601F10C010AD811F076FB68780021C3
:101F8000C0F136022044BDE8384011F08FBD403525
:101F900051F8043B40F8043BA942F9D10B88038077
:101FA00038BD38B54A781B2A0C46054601F10C01AC
:101FB0000AD811F059FB60780021C0F11C022844B6
:101FC000BDE8384011F072BD283451F8043B45F8A3
:101FD000043BA142F9D138BD38B54A78082A0D46EC
:101FE000044601F10C010AD811F03EFB687800218B
:101FF000C0F109022044BDE8384011F057BDEB683C
:1020000003604B6843600B7A037238BD38B54A7879
:10201000072A0C46054601F10C010AD811F024FBF1
:1020200060780021C0F108022844BDE8384011F072
:102030003DBDE36803604B68436038BD08B52C22A2
:102040000348002111F032FD024B00221A7008BD36
:10205000F40E0020F40600202DE9F04113780370FF
:1020600092F8018080F80180FD2B04460F4615464A
:1020700054D193788370D378C370137903715379F3
:102080004371937983716B7A127A1B0403EB0223F9
:10209000EA79134423F07F430A26A26863F3170208
:1020A000A260A919424604F10C0011F0DDFA7A7B16
:1020B000904507D208F10C00A2EB08020021204451
:1020C00011F0F4FC63781E44AB195A78AB5D03EB56
:1020D0000223A4F80C31A378DB070ED5023615FADB
:1020E00086F304F5887203F10C0153F8040B42F8EF
:1020F000040B8B42F9D11B781370BB7A84F8213121
:10210000FB7A84F822313B7B84F823317B7B84F893
:1021100024313B7884F82031BDE8F08100234380EE
:1021200093780371D37843711379837153790626B9
:10213000B3E738B54A78132A0C46054601F10C017D
:102140000AD811F091FA60780021C0F114022844F5
:10215000BDE8384011F0AABC203451F8043B45F8E2
:10216000043BA142F9D138BD084611460BF02DBC05
:102170000BF02CBB0BF0BEBB0BF070BB08B50BF02B
:1021800017FB003818BF012008BD08B50BF0A2FBF3
:10219000003818BF012008BD0BF0C8BA2DE9F04F78
:1021A0000C465188B1F58C7F054685B04FF0000094
:1021B0000ED31070D91CC9B2012995BF012100238B
:1021C000518053809CBF2370117000232B7049E015
:1021D00016780E2E00F2938001A757F826F000BF64
:1021E000B52100081D220008452200086D220008C4
:1021F000FF220008FF220008FF220008FF2200083B
:10220000FF220008FF220008FF220008FF2200082A
:10221000FF220008FF2200087F220008481C50808F
:1022200063542178FD299BB206D10C330A21D38057
:10223000918002231370C8E708330621D380918070
:102240000E23F7E7481C50806354D80742BFD1885B
:102250000D31D180012B4FF000018CBF0B460323C1
:1022600013702970002005B0BDE8F08F481C508025
:10227000635400218B4214BF0B460E23F0E7481C29
:10228000508063545388D1888B4232D300235380CB
:10229000137002232B7069802378FD2B35D163796D
:1022A0002B72A3796B72637A227A1B0403EB0223ED
:1022B000E27913446B60637803F10C026A80A278C0
:1022C000D10701D519336B8000266968DFF8FC80DF
:1022D0006E8140F285120C20B31801335B0800FBBD
:1022E00003F758F80770B94218D25A1EB242F3D811
:1022F00016E092889A423FF668AF012366E71070B5
:1023000050809080D0802870ACE7E3782B722379DE
:102310006B7263796B6063780833D4E71E46E5D847
:102320000C27774358F80730994227D12378204665
:10233000FD2B10F801BF0CBF4FF00A094FF0060942
:1023400009EB0B03591E89B247440193FFF794FC34
:1023500097F804A0ADF80E0051460DF10E00FFF7FE
:1023600065FC019BE218E35C527803EB0223BDF8A5
:102370000E209BB29A420AD0052300E003232B7063
:102380001846023801288CBF002001206BE7BB797A
:10239000DA0706D5FA79934582BF04EB09018A5C16
:1023A000AA729B0709D50C2303FB068362781B7A6C
:1023B0009A4282BF4C44E35CEB720C2303FB06831E
:1023C00085F80CA05B796B730220DAE730690108AD
:1023D0000148436AFFF7FCBB004400400A4A0B4B2C
:1023E00012680B49A3FB02323220920C00FB02F26E
:1023F000084B486802F5FA72A3FB023292094B6857
:102400001B1A9A42FBD87047E802002083DE1B4368
:10241000001000E0D34D621008B5FFF7DFFF4FF06A
:10242000904310229A6108BD4FF0904310229A62A7
:10243000FFF7D4BF30B587B0034601AC00F11005FB
:1024400018685968224603C20833AB421446F7D1D4
:102450000024094D8DF81440A96801A8FDF7C0FEBD
:1024600010B920B207B030BD0134302C05F10C0595
:10247000F2D14FF0FF30F5E72C00002002780A4B34
:1024800090F801C08178D243D2B29A5C82EA0C0201
:1024900090F803C09A5C4A40995C027981EA0C0189
:1024A000595C4A40985C704730680108028810B552
:1024B0008488531C234044889C421EBF121891718B
:1024C000038010BD411A88B20B0444BF00F50070B0
:1024D00080B2704770B5104C0025234626782EB187
:1024E00066788E4202D1A67896420BD001350C2D2B
:1024F00004F10404F2D1002413F824501DB1013476
:102500000C2CF9D170BD012503F8245003EB840392
:10251000D87059709A70F5E7F90600202DE9F84354
:102520000B460D795A7A9E7ADF7A204B097A1B5C2A
:10253000DB07044600D50DB9FFF7CCFF00231C498B
:102540001A4898464FF0010E9C4201F8018B25D0A5
:102550002DB90278920702D501F801EC1EE0154A68
:102560004FF0000C92F80090B9F1000F0FD092F8E4
:10257000039099450BD1002EEED092F80190B14511
:1025800005D1002FE8D092F80290B945E4D00CF1C3
:10259000010CBCF10C0F02F10402E3D10133DBB2F8
:1025A000042B00F10100CFD1BDE8F88329070020FA
:1025B000F5060020F906002007B503688DF807101E
:1025C0001B6901220DF10701984703B05DF804FB78
:1025D000F0B50546FD2305F80C3B85B004468DF8A3
:1025E000043090F8243103F10C020244012B42D84C
:1025F0000026637066808DF805308B7A23718DF824
:1026000008308B7AADF8066001338B7263798DF8F0
:102610000930A3798DF80A30A368C3F317031A129F
:102620008DF80B3009211B140DF105008DF80D30CC
:102630008DF80C20FFF720FB6778ADF802003A46D2
:1026400029460DF10200FFF7FDFA94F82311FFF778
:10265000EDFA94F82421BDF80230A4F80C31974229
:1026600010D207F10C00D21B3146204405B0BDE862
:10267000F04011F01BBA12F8010D0028B8D1013B4F
:10268000DBB2B3E705B0F0BD704713B504460846AA
:102690000191FDF7AFFD236801991B6982B22046C5
:1026A00002B0BDE81040184708B5FFF7EEFF08BDBF
:1026B000B0F1904F08B5014607D10120FFF75EFA4F
:1026C000114B99420BD1202014E0104B98420BD0B3
:1026D00003F58063984209D10420FFF74FFA0C4BB1
:1026E000994210D1402005E00220E7E7094B9842CB
:1026F00004D10820BDE80840FFF740BA064B9842D5
:10270000DED11020F6E708BD0014004800040048A0
:1027100000180048000C00480010004808B5224B83
:10272000984201460BD14FF40060FFF743FA1F4B6C
:1027300099420DD1BDE808402020FFF72DBAB0F135
:10274000804F0ED01A4B98420FD10220FFF724FA87
:10275000184B99420FD14FF40050BDE80840FFF7E5
:1027600029BA0120FFF718FAE1E7134B984208D184
:102770000420FFF711FA114B99420CD14FF480302D
:10278000EBE70F4B9842D2D11020FFF705FA0D4B23
:10279000994206D008BD0C4B9942F8D14FF4003055
:1027A000DBE74FF48020D8E7002C01400014004004
:1027B0000004004000340140000800400040014097
:1027C0000010004000480140004401402DE9F04362
:1027D00087B00E46054614460021142201A89DF834
:1027E00038809DF83C901F4611F060F900960B2C44
:1027F00007D8DFE804F007070A1214141416161697
:102800001A1CFEE70323019301E002230493032F24
:1028100011D8DFE807F0111321110123F6E7012396
:10282000F1E7012301930393F1E70223EBE702238E
:1028300001930123F7E7FEE702230293B8F1100F9B
:102840000CD8DFE808F02D2D0C11131517191B1DDE
:102850001F21232527292B000123EEE7FEE7012373
:102860000593022301931EE00223F9E70323F7E710
:102870000423F5E70523F3E70623F1E70723EFE752
:102880000823EDE70923EBE70A23E9E70B23E7E752
:102890000C23E5E70D23E3E70E23E1E70F23DFE752
:1028A000B8F1000FDDD1B9F1000F02D02846FFF7D3
:1028B000FFFE053C042C05D8DFE804F0030B0403FD
:1028C0000B00AE62694628460DF03EFE07B0BDE83B
:1028D000F083AE61F6E713B54FF0010C0024CDE9AB
:1028E000004CFFF773FF02B010BD13B50124CDE912
:1028F00000340323FFF76AFF02B010BD70B586B045
:102900000023164604460D46ADF80630FFF706FFD5
:10291000042E04D8DFE806F0303404384100FEE726
:102920001F4B204A1B68B3FBF2F39BB20022013B12
:1029300001A92046ADF80430CDE9022504920592A4
:102940000EF0AEF8236823F080032360A36823F41D
:10295000A03323F00703A360636823F0007323F020
:1029600070036360636823F470036360A36823F0FB
:102970008003A36006B070BD094B0B4A1B68D2E709
:10298000074B0A4A1B68CEE7054B074A1B68B3FB97
:10299000F2F303EB83035B00C7E70123C6E700BF45
:1029A000E802002080A8120140420F0080969800A3
:1029B00010B50446FFF7A2FF236843F0010323602C
:1029C00010BD00224FF0FF31FFF7F2BF274B10B5CB
:1029D000274C5B6823600BF0B1FF4FF090400DF087
:1029E00053FD24480DF050FD23480DF04DFD2348C4
:1029F0000EF0B2F822480EF0AFF822480EF0ACF814
:102A000021480EF0A9F821480DF0DEFF20480DF016
:102A1000DBFF0DF0DFFE4FF0E02200231D491361C4
:102A2000536193618A6822F0030242F001028A60D6
:102A300072B64FF0FF319A0002F1604202F5614236
:102A40000133082BC2F88010C2F88011F3D162B6AE
:102A5000114A136823F0070343F001031360034B8B
:102A60001B6883F3088823689847FEE70000FF1F70
:102A7000F00600200004004800080048003801402B
:102A80000044004000480040004C0040003001403D
:102A9000003C004000100240000001400749084A85
:102AA000881AEFF30883521A1A44013A013B9842FC
:102AB00088BF0022AA2110F0F9BF00BF00800020CB
:102AC0000004000010B5114C0323204606224021CB
:102AD000FFF701FF032302224FF400414FF0904023
:102AE000FFF7F9FE03231A4620462021FFF7F3FEE5
:102AF0002046032305228021FFF7EDFE2046032315
:102B0000BDE8104005220121FFF7E5BE00040048A2
:102B1000024B1869C0F34010704700BF0004004822
:102B200008B5FFF7F5FF00B908BD00BFF9E70000E1
:102B3000024B01229A6280229A6170470004004889
:102B4000024B80229A6201229A6170470004004879
:102B5000104A53694FF4704123F4704391FAA1F184
:102B600053610D4B5A6822F400425A601A6822F4ED
:102B700000421A60DA6822F40042DA609A6842F48D
:102B800000429A60054BD02283F828234FF48072CC
:102B90005A607047000001400004014000E100E07D
:102BA000044B4FF400425A611A6842F400421A6022
:102BB000704700BF000401400348002303224FF484
:102BC0008071FFF788BE00BF00040048024B1869FF
:102BD000C0F30020704700BF0004004808B505227C
:102BE000002302214FF09040FFF775FE00230522DD
:102BF00001214FF09040FFF76EFE4FF0904302220C
:102C00009A6201229A6208BD4FF090414B691A0402
:102C1000DB4302F4003203F0020313438B6170477D
:102C20004FF090414B691A04DB4302F4803203F009
:102C3000010313438B61704708B5052200234FF44D
:102C400080714FF09040FFF746FE4FF090434FF4F5
:102C500080729A6208BD4FF090431A284FF4807238
:102C6000CCBF9A619A6270471D282DDC1A2807DDB7
:102C7000022B0CBF022004201B2308701370704726
:102C8000172806DD022B0CBF6FF00100002018236F
:102C9000F3E7132807DD022B0CBF6FF005006FF080
:102CA00003001423E9E7102807DD022B0CBF6FF0A7
:102CB00007006FF006001123DFE7022B0CBF102383
:102CC0000E236FF00800D8E70A201E23D5E710B4C2
:102CD0000446084611461A46A3685DF8044B5B7A21
:102CE000FFF7C2BF0C4BD3F8FC2022F08072C3F870
:102CF000FC20D3F8FC2042F08072C3F8FC20A3F53E
:102D00005D431A6822F001021A601A6842F001025B
:102D10001A6000225A60704700ED00E0064A074B37
:102D200051681B6810B5064CB3FBF4F35843536865
:102D30005B1A8342FBD310BD001000E0E8020020C4
:102D400040420F007FB50123CDE90413002201A901
:102D500002A8CDE902230BF09BFF00280CBF042042
:102D6000052007B05DF804FB014608B500200BF014
:102D7000F9FE00280CBF0420052008BD08B5FFF7A8
:102D8000E1FF031F5842584108BD08B5FFF7ECFFAB
:102D9000031F5842584108BD2DE9F3472A4B2B4DDC
:102DA000012814462A482B4A0E4617BFAA463D2141
:102DB0003C211D46019106BF9A46804690460BF085
:102DC0008BFE01992846FFF7D9FF30B900240BF09C
:102DD00095FE204602B0BDE8F087002E08BF4FF4F4
:102DE000FC64073424F0070405F11007B1463444AD
:102DF000AAEB050AA1450BD14FF011324FF0FF337A
:102E00002846FFF7C2FF003818BF01208400DEE724
:102E10006EB90AEB0703D3E90023B3F1FF3F08BF04
:102E2000B2F1FF3F06D1083709F10809E2E7D9E915
:102E30000023F2E7B84505D93846FFF7A6FF00287A
:102E4000F1D1C3E70324C2E700E0010800E801086C
:102E5000FFEF0108FFE7010810B50BF03DFE094840
:102E60003C21FFF78BFF58B107483D21FFF786FF54
:102E7000003818BF012084000BF040FE204610BD32
:102E80000446F9E700E0010800E8010830B5084D04
:102E9000002340F2EF749AB2914201D8042030BD71
:102EA000A34203D05A5DC2540133F4E70320F6E78E
:102EB00010E0010813B50A46044672B601910146B6
:102EC0000020FFF769FF62B60428019A05D172B6A7
:102ED00001202146FFF760FF62B602B010BD00007E
:102EE00038B5124B1C68D3F80058B4F1113F09D122
:102EF000B5F1113F17D0002211460120BDE838403E
:102F0000FFF74ABFB5F1113F03D100221146104629
:102F1000F4E7FFF7A1FF042804D12C4001340CBFD3
:102F20000220012038BD0420FCE700BF00E00108BA
:102F3000034B18739A68D207FCD5187B704700BF03
:102F40000030014038B5441E8D18A94200D138BD6B
:102F500014F8010FFFF7ECFF01F8010BF5E7084645
:102F600011461A46FFF7EEBF38B5064D0446014438
:102F7000A14200D138BD2878FFF7DAFF04F8010B31
:102F8000F6E700BF6C02002008461146FFF7ECBFD1
:102F900010B5014404468C4200D110BD14F8010B59
:102FA000FFF7C6FFF7E708461146FFF7F1BF00003D
:102FB00010B58AB028220021684610F077FD4FF442
:102FC0008050FEF7F7FD1021032306224FF09040BA
:102FD000FFF781FC4FF09040102383610A22062303
:102FE0002021FFF782FC06230A2280214FF0904027
:102FF000FFF77BFC0623032240214FF09040FFF7B0
:1030000074FC1822154C06924FF482720023019230
:103010004FF40072CDE90333CDE9073300930592F5
:1030200007234FF4E06269462046099302920DF0AF
:10303000FDFC636823F010036360636823F00803FA
:103040006360236843F040032360A3689B07FCD5BB
:10305000237B034BFF221A700AB010BD00300140E1
:103060006C0200201C4B10B4DC69A00611D51A6854
:1030700091060ED519481A495A6A038809880133FE
:10308000C3F3080389B299421FBF1649D2B2CA548A
:10309000038011481F232206036215D503681B060F
:1030A00012D5114B114A1988138889B29BB29942E3
:1030B0000DD013880133C3F30803138013880C4A1F
:1030C0009BB2D35CDBB283625DF8044B70475DF862
:1030D000044BFEF7A1BD00BF00800040323A002043
:1030E000303A002030380020363C0020343C0020AC
:1030F000343A00200A490B4A08B50B88128801337C
:10310000C3F3080392B29A4207D0074AD054074843
:103110000B80FEF766FD012008BD0020FCE700BF24
:10312000363C0020343C0020343A0020008000402F
:1031300038B504464518AC4200D138BD14F8010B2F
:10314000FFF7D8FFF7E708461146FFF7F1BF000089
:10315000054B064A1B8810880133C3F3080380B26D
:10316000181A18BF01207047363C0020343C00205C
:1031700008B5FFF7EDFFB0FA80F0400908BD000088
:103180000848094A0188138889B29BB29942F9D04C
:1031900013880133C3F3080313801388034A9BB2D7
:1031A000D05C7047323A0020303A0020303800209E
:1031B000FFF7E6BF70B588B00C46064615460021FD
:1031C0001C2201A810F072FC231E18BF01231B0350
:1031D000CDE9033501A90C23034802960594069313
:1031E0000DF04CFA08B070BD0080004013B53B4CA8
:1031F000236823F001032360394BDA6D42F00102AA
:10320000DA65DB6D03F001030193019B0A220D23B4
:1032100004214FF09040FFF768FB0D2303220821A3
:103220004FF09040FFF761FB002211464FF4E13070
:10323000FFF7C0FF236823F00053236004F1080365
:1032400053E8003F23F0604304F1080141E80032F5
:10325000002AF3D104F1080353E8003F23F0606330
:1032600004F1080242E800310029F3D11D4BB022DD
:1032700083F85B234FF000629A601848FEF7CCFC9D
:10328000FEF7C1FC40232362174B1980174B1980AE
:10329000FEF7B0FC164B1980164B1980636823F4B7
:1032A00000636360A36823F00803A360636823F4EA
:1032B00080436360A36823F02203A360A36843F400
:1032C0008053A360236843F001032360C3699A021B
:1032D000FCD5C3695B02F9D502B010BD0080004087
:1032E0000010024000E100E0343C0020363C0020A9
:1032F000303A0020323A002008B5FFF777FF034844
:10330000436ABDE80840FEF763BC00BF0080004090
:10331000FFF7F2BF1C4B10B4DC69A00611D51A6888
:1033200091060ED519481A495A6A0388098801334B
:10333000C3F30A0389B299421FBF1649D2B2CA54D5
:10334000038011481F232206036215D503681B065C
:1033500012D5114B114A1988138889B29BB2994230
:103360000DD013880133C3F30803138013880C4A6C
:103370009BB2D35CDBB283625DF8044B70475DF8AF
:10338000044BFEF749BC00BF003801403A4400201E
:1033900038440020383C00203E4600203C460020B7
:1033A0003C4400200A490B4A08B50B8812880133B7
:1033B000C3F3080392B29A4207D0074AD054074891
:1033C0000B80FEF70EFC012008BD0020FCE700BFCB
:1033D0003E4600203C4600203C440020003801408E
:1033E00038B504464518AC4200D138BD14F8010B7D
:1033F000FFF7D8FFF7E708461146FFF7F1BF0000D7
:10340000054B064A1B8810880133C3F3080380B2BA
:10341000181A18BF012070473E4600203C46002085
:1034200008B5FFF7EDFFB0FA80F0400908BD0000D5
:10343000054B064A1B8812889B1A98B21B0444BF8E
:1034400000F5006080B270473A4400203844002004
:10345000FFF7EEBF0848094A0188138889B29BB27A
:103460009942F9D013880133C3F30A0313801388F8
:10347000034A9BB2D05C70473A4400203844002095
:10348000383C0020FFF7E6BF70B588B00C46064612
:10349000154600212022684610F008FB231E18BFA5
:1034A00001231B03CDE9023569460C23034801962D
:1034B000049405930DF092FB08B070BD00380140F4
:1034C00010B5064C236823F001032360FFF7DCFFEF
:1034D000236843F00103236010BD00BF00380140A2
:1034E000002208461146FFF7EBBF000010B53D4C27
:1034F000236823F0010323604FF48040FEF75AFB5A
:103500004FF4007108230A224FF09040FFF7EDF9C5
:10351000082303224FF480614FF09040FFF7E5F954
:10352000002211464FF4E130FFF7AEFF63682E4AE8
:1035300023F490436360A36823F02A03A360236805
:1035400023F00053236002F6080353E8003F23F002
:10355000604302F6080040E800310029F3D102F68A
:10356000080353E8003F23F0606302F6080040E8D8
:1035700000310029F3D11D4BF02283F825232022AE
:103580005A601848FEF748FBFEF73DFB40230362F4
:10359000174B1980174B1980FEF72CFB164B19801F
:1035A000164B1980436823F400634360836823F05B
:1035B00008038360436823F480434360836823F0F7
:1035C00022038360836843F480538360036843F07D
:1035D00001030360C3699A02FCD5C3695B02F9D594
:1035E00010BD00BF003801400030014000E100E0A4
:1035F0003C4600203E460020384400203A4400204B
:1036000008B5FFF773FF0348436ABDE80840FEF7BB
:10361000DFBA00BF00380140FFF7F2BF024B1A6863
:10362000024B1A60704700BF385E0020DC0C00209F
:10363000054A064B1968136899421DBF01330120E2
:1036400013600020704700BFDC0C0020385E0020B3
:10365000034A0449136809680B441360704700BFAC
:10366000385E0020EC020020014B1868704700BF54
:10367000385E00200148FFF7A4B900BF00040040F5
:10368000014B586A80B270470004004008B5FFF74C
:10369000F1FFBDE80840FFF7C1BF0000044BDA6846
:1036A00022F00202DA606FF002021A61704700BF76
:1036B00000040040002208B50260FFF7EFFF044B52
:1036C000F02283F81D234FF000521A6008BD00BF9E
:1036D00000E100E008B5036853B1FFF7DFFF054BD9
:1036E0005A6A114489B25963DA6842F00202DA6018
:1036F00008BD00BF00040040074B1A69920709D5B6
:103700006FF002021A61DA6822F00202DA60034BFB
:103710001B681847704700BF000400402434002095
:1037200038B51D4CC0220021201D10F0BFF9062322
:103730002380162363800F231849A3800522432387
:10374000A01DFDF733FD164A14490723C4E91323CE
:103750003F230225A4F854300522432304F15600E8
:10376000A4F84A50FDF722FD4FF48033C4F89C3092
:103770000C49A4F89A50002304F1AC00C4E92933A1
:1037800084F8A0300FF042FF7F2384F8C130052376
:1037900084F8C23038BD00BF2C060020C06001088C
:1037A0000F000300654D010870B5094E05460C4633
:1037B000415C30460FF041FF034628B1831B0133C3
:1037C000DBB2282B28BF0023F35C2B5570BD00BF54
:1037D0000468010870B50C46114606460FF016FF46
:1037E00044B10025052130460135FFF7DDFFEBB27E
:1037F0009C42F7D870BD0000F7B5054605F11106EB
:10380000214C224A014636016846FFF7E3FFB01C0F
:10381000694620440FF0FAFE264404EB051200230B
:1038200002277772A2F81A31142202FB0540042104
:10383000012280F850104FF4807540F20111A0F879
:103840004A20C264A0F8522080F85520A0F85650B3
:10385000A0F8581040F2032084F83430E284A562C6
:10386000A08584F82E2084F8307084F83330C4F8B2
:103870003A30C4F83E30C4F84230A4F84610A4F8F8
:10388000481003B0F0BD00BF70040020204D0108B7
:10389000F7B50546B14CB24A05F1110601463701AC
:1038A0006846FFF797FFB81C274469462044FDF798
:1038B0009FFB7B7AAB4A072B88BF022304EB0610E1
:1038C00088BF7B721188437A41FA03F3DF070FD474
:1038D0000223437261B14807C1F3800308D441FA5F
:1038E00003F7FF07D8B240F1D78104EB06135872F3
:1038F00004EB05112B0191F81A01052802D90020CB
:1039000081F81A01E718508897F81A1140FA01F166
:10391000C90711D4012187F81A1168B18707C0F3CC
:10392000400109D440FA01FC1CF0010FCFB200F0B5
:10393000B881E11881F81A71E11891F81B01032888
:1039400002D9002081F81B0104EB0616717A0129C7
:1039500003D9042901D000219180E618908896F8B7
:103960001B1140FA01F111F001010ED186F81B1173
:1039700058B110F0010108D140FA01F7FF07CEB2AB
:1039800040F19481234483F81B61142303FB054118
:1039900091F84A00042802D9012081F84A0003FB6B
:1039A000054393F84B10042902D9002183F84B10EA
:1039B000142303FB0543B2F84A1093F84B0041FA75
:1039C00000F0C00712D4012083F84B0071B18807C2
:1039D000C1F340030AD441FA03F6F707D8B240F125
:1039E0006A81142303FB054383F84B00142303FB74
:1039F000054393F84C10032902D9012183F84C1098
:103A0000142000FB0540B2F84C1090F84C3041FAFD
:103A100003F313F0010310D180F84C3069B111F0B9
:103A200001030AD141FA03F6F607D8B240F1488102
:103A3000142303FB054383F84C00142303FB0543C5
:103A400093F84E10012902D9002183F84E1014205A
:103A500000FB0540B2F84E1090F84E3041FA03F3E7
:103A600013F0010310D180F84E3069B111F0010359
:103A70000AD141FA03F6F707D8B240F126811423A0
:103A800003FB054383F84E00142303FB054393F81F
:103A90004F10022902D9002183F84F10142000FB97
:103AA0000540B2F8503090F84F1043FA01F111F090
:103AB000010110D180F84F106BB113F001010AD150
:103AC00043FA01F6F607C8B240F10481142101FB64
:103AD000054181F84F00142101FB054090F84D602D
:103AE000022E02D9002680F84D6001FB054191F8B5
:103AF0005000052802D9042081F85000142101FB50
:103B0000054090F85260012E02D9012680F85260DB
:103B100001FB054191F85500012802D9012081F8E7
:103B20005500142101FB054191F85300022802D9E8
:103B3000002081F85300142606FB0546B2F8520017
:103B400096F8531040FA01F111F0010117D186F8EF
:103B50005310A0B110F0010111D105E07004002054
:103B6000204D01082C06002040FA01F7FF07CEB2D5
:103B700040F1B580142101FB054181F85360142107
:103B800001FB054090F856600C2E02D9002680F803
:103B9000566001FB054191F84C00012809D191F8CC
:103BA0004F60022E05D1DF0740F19E80002381F88F
:103BB0004F30142303FB0543012140F2011083F829
:103BC0005710A3F8580094F82630042B01D984F834
:103BD000261094F82730042B02D9002384F82730CC
:103BE000B2F89A0094F8273040FA03F313F0010F6B
:103BF0008A4B0ED1012184F8271050B18607C0F3FB
:103C0000400106D440FA01F7FF07CEB271D583F820
:103C1000276094F82810022902D9002184F828107E
:103C200094F82910022902D9012184F82910B2F848
:103C30009C1094F8292041FA02F212F001020CD1F2
:103C400084F8292049B111F0010206D141FA02F6A7
:103C5000F607D0B251D583F8290094F82A200C2A0F
:103C600002D9002284F82A2093F832200C2A02D9A3
:103C7000002283F8322093F82B20042A02D9002254
:103C800083F82B2000226649104611F9014F14F1E8
:103C9000780F36DA087036E00133102B7FF41FAE50
:103CA00026E6013110297FF43DAE45E601311029A9
:103CB0007FF462AE69E60133102B7FF48CAE95E69B
:103CC0000133102B7FF4AEAEB7E60133102B7FF437
:103CD000D0AED9E6013110297FF4F2AEFBE6013116
:103CE00010297FF441AF4AE713F0020318BF0346DF
:103CF0005DE70131102985D18BE70132102AA5D16A
:103D0000ABE7782CC6DC0132D2B20C2ABDD14549D2
:103D10000022012011F8014F0132022CD2B288BFDB
:103D20000870042AF6D193F83420012A02D900221F
:103D300083F834203C4AB2F89E1093F8342041FABC
:103D400002F212F001020CD183F8342049B111F0D3
:103D5000010206D141FA02F4E407D0B211D583F88A
:103D6000340093F82C20052A02D9032283F82C2052
:103D700093F82D20032A08D80AD1002283F8342092
:103D800006E00132102AE5D1EBE7022283F82D206C
:103D900093F82E20022A02D9012283F82E2093F8CC
:103DA0003020022A02D9022283F8302093F83320EF
:103DB0000C2A02D9002283F8332093F83520042AF4
:103DC00002D9002283F83520142202FB053191F834
:103DD0005A00012802D9002081F85A0002FB05325E
:103DE000FF2103EB05154FF6FF7082F8511082F8A2
:103DF000541083F82F1083F831104FF0FF31C5F8BD
:103E00001C11A5F820011962998482F85B00A2F8C0
:103E10005C10D986198703B0F0BD00BF7004002084
:103E2000A9040020B50400202C060020034670B52C
:103E30000846052B04D8DFE803F01D0421191D21D5
:103E4000FEE720261F250F22174CA3702277013B87
:103E50000122A4F84860A4F84A50A276A273042B69
:103E600010D8DFE803F010181B1B180009266F2577
:103E70000722E9E7142632250A22E5E7352613252D
:103E80001922E1E7FEE7002323712374FDF77EFB8F
:103E90006073607670BD22712274F7E7002323718E
:103EA0002374A376A373F1E714040020044B0122CA
:103EB00083F85120A3F85220A3F85420704700BF84
:103EC000140400202DE9F043964D974C00F11108A1
:103ED00005EB081702378DB006463846FDF7A4F803
:103EE0000421029002A8FDF7C7FE05EB0613E0834C
:103EF00093F81B314FEA06192BB103EB031303EBC5
:103F000003231844E08305EB08135B7A062B40F08B
:103F1000BA80E38B03F5B5432533E383142303FB16
:103F2000065305EB081893F84B00FFF7BFFF98F80E
:103F3000091061708B1FA944012B8CBF0023012342
:103F400099F81A0184F85630FFF770FF99F81B2191
:103F5000E18B029BE1806182A36063612AB14FF033
:103F6000113000FB0233A3606361142303FB06538B
:103F7000616293F84A006D4B84F8292013F92030D0
:103F800023732376002384F82A30637B23B93846D1
:103F9000FDF76AF884F82A006078FDF7F7FA644ABA
:103FA00084F82800128802F00101970748BF41F009
:103FB0000201A1850346500742BFA18D41F00401D3
:103FC000A185110742BFA18D41F01001A185D7063F
:103FD00042BFA18D41F02001A185900642BFA28D74
:103FE00042F00802A285534A03AF02F1200E106886
:103FF0005168BC46ACE80300083272456746F6D10A
:104000001068CCF80000A2784B4F06210CA801FBE9
:1040100003031344B7EE087A13F824CC84F820C0C5
:1040200007EE90CAF8EEE77A17E90F0067EE877A95
:1040300087E80F00FCEEE77A40F2E243CDED017A2B
:10404000A4F84C309DF80430B4F84820A4F84E3061
:104050004FF47A73B3FBF2F3A4F84030142303FB5C
:1040600006534FEA5C0CBCF1050F93F8503038BF93
:104070004FF0050C84F850C0052B33D8DFE803F06F
:104080000B382C2F3235072B7FF448AFE38BA3F589
:10409000B543263B41E74FF416536364002384F88D
:1040A000573084F85930142303FB065696F84C30E9
:1040B000032B03D096F84F20022A02D1012284F864
:1040C0005720591E4A424A4184F8582094F85720F4
:1040D0008AB1012B0FD1FEE74FF41643DDE74FF411
:1040E0006143DAE74FF4E133D7E74FF46133D4E7C4
:1040F0004FF49643D1E72178142000FB015595F841
:104100004C10022907D1012184F8591022B194F8EA
:1041100059301BB1FEE70AB9012BF8D00DB0BDE84C
:10412000F08300BF7004002014040020C060010868
:104130002C0600205C4B01084404002002484FF488
:10414000DE72FF210FF0B2BC7004002002484FF471
:10415000DE71FEF7AFBE00BF7004002002484FF4CE
:10416000DE71FEF793BE00BF7004002008B5FFF7B4
:10417000F5FF034B1878BDE80840FFF789BB00BF87
:104180001404002038B5FFF7D9FFFEF7A9FE042874
:104190000CD0FFF7D3FFFEF7A3FE042803D1FFF7EF
:1041A000DDFF042806D0FFF7C9FF03E0FFF7D6FFC5
:1041B0000428EED12F4930482F4C10220FF062FA1C
:1041C00038B12E49102220460FF05CFA08B1FFF7F3
:1041D000B5FFA38AB3F5215F28D008D30025E8B244
:1041E0000135FFF709FB0A2DF9D10023E3774FF4DE
:1041F0002153A382012522691E491F4842F6A103CB
:104200009A424FF010021CBF236101250FF03AFAC9
:1042100070B1184918481022FDF746F81849194896
:104220000822FDF741F8FFF791FF03E00025E2E7E0
:10423000002DF8D1E37F104A092B84BF0023E377D8
:10424000E17F1420002300FB0144013394F84C006B
:1042500082F84C000A2B02F11402F6D10A4C2170AC
:10426000FFF75EFA2078FFF713FB2078BDE83840AF
:10427000FFF728BE274D010870040020384D0108C3
:10428000494D010822060020140400200129F7B539
:10429000054600D9FEE70B4E06EB01131C460F0145
:1042A0006278F15D03619B780AF02CF8E379019361
:1042B000A379009322796379E17828460AF049F8D6
:1042C00003B0F0BD6C7E010838B5836804466BB15D
:1042D000024652F8183BDD6900F11903A847217E18
:1042E00020460222BDE838400AF095B838BD0000EB
:1042F00070B58160897A86B0044601B1012109F068
:10430000DAFF20460AF05AF920460AF032F9217BFA
:10431000FF2903D0FA2220460AF037F9A3685B7A16
:10432000013B042B04D8DFE803F0043E3E4141008A
:10433000FEE7E922E12120460AF064F90121204646
:104340000AF0F4F8962120460AF031F93821204687
:104350000AF043F920460AF047F9A368204693F98A
:104360000810FFF7B1FFA3689D7A15B319782046AE
:10437000FFF78CFF00221146204609F0B6FF00230C
:10438000009340F2032220464FF6FF710AF010F826
:1043900020464FF6FF710AF032F8204606B0BDE81D
:1043A00070400AF0D3B8DB22D721C4E76F226B211B
:1043B000C1E75E880E4B63614CF250330093204698
:1043C0000C4919230B220AF02BF90123CDE9033301
:1043D0005B23CDE9015310231946204600950422A2
:1043E0000AF05CF9314620460AF07CF9C2E700BFCA
:1043F0004C7E0108A086010010B504460AF0A6F81C
:1044000020464FF6FF71BDE8104009F0F8BF0000EC
:1044100038B58168036891F90810DD69044600F138
:10442000190300F11802A847A3689A7A42B11A78D2
:10443000012A00D9FEE7044B03EB0213236138BDC8
:10444000024B6361FBE700BF6C7E01084C7E0108F4
:1044500010B50A4CA06858B1236923B9636913B930
:104460002046FFF7D5FFA3689B7A23B1236998689C
:10447000A0F57A7010BD63699869F9E704330020EC
:10448000836810B5044683B103691BB943690BB94E
:10449000FFF7BEFFA3689B7A1BB12369B3F90C0039
:1044A00010BD6369B3F91C00FAE71846F8E78368A2
:1044B00010B5044643B103691BB943690BB9FFF753
:1044C000A7FF94F9190010BD1846FCE708B58368EA
:1044D00043B9FFF70DFF7D20FEF720FCBDE8084043
:1044E000FEF75EBB08BD000090F8D43053B190F8E1
:1044F000D520074B03EBC20153F83230497953F80A
:1045000021007047037C00EB8300406B704700BFC5
:104510009060010838B504461546084609490FF071
:1045200075F804EB850292ED0D0ADFED077AB8EE1F
:10453000400A20EE270A0DF0FBFEFCEEC07A17EED3
:10454000900A38BD4F4D010800007A3A2DE9F34139
:104550009DF824701646402F88464FF05B024FF0BE
:10456000000104461D4628BF40270FF09FFAA24BCA
:10457000DB8B23803278A37862F30203A370737815
:104580004FEA0818DB0003F0080308F0300843EA9C
:104590000801A37823F038031943A1707279E378F6
:1045A00062F38203E370B279A37962F30003A3712B
:1045B00096F90200FCF74AFCE37800F01F0203F0D2
:1045C000070343EAC203E3702379C0F3411023F0E9
:1045D000030303432371F27962F382032371327A76
:1045E000DBB202F01F0203F0070343EAC2032371A8
:1045F000327A6379C2F3401223F0010313436371EB
:10460000327962F347036371727AA37802F003028E
:1046100003F03F0343EA8213A370727AE378C2F394
:10462000800223F001031343E370B27A62F3410383
:10463000E370A37967F34703A3712B78AA78E3713A
:104640006B7802F01F0203F0070343EAC2032372F0
:104650006A88637AC2F3451223F03F0313436372FF
:104660002A79DBB202F0030203F03F0343EA82132C
:104670006372AB88C3F38703A3726A79E37AC2F3E8
:10468000800223F001031343E372AA79DBB202F044
:104690007F0203F0010343EA4203E372EA88237BCB
:1046A000C2F3C31223F00F03134323732B7AAA7AA6
:1046B000E3736B7A02F01F0203F0070343EAC203BD
:1046C00023746A89637CC2F3451223F03F031343CA
:1046D00063742A7BDBB202F0030203F03F0343EA78
:1046E00082136374AB89C3F38703A3746A7BE37C8F
:1046F000C2F3800223F001031343E374AA7BDBB20D
:1047000002F07F0203F0010343EA4203E374EA8903
:10471000237DC2F3C31223F00F03134323752B8AA7
:10472000DB0863756B8ADB08A375AB8ADB08E3756E
:10473000EB8ADB0823762B8BB3F5C06F4ED2B3F533
:10474000007F94BF00230123227B63F305122273B1
:104750006B8BB3F5C06F43D2B3F5007F94BF0023DA
:104760000123227B63F387122273AB8BB3F5C06FF7
:1047700038D2B3F5007F94BF00230123227D63F379
:1047800005122275EB8BB3F5C06F2DD2B3F5007F08
:1047900094BF00230123227D63F38712089B2275B7
:1047A0001F4404F11802BB4220D14FF6FF7321468B
:1047B0000DF106000D22ADF80630FDF743FA214653
:1047C000BDF8063021F80D3F4C22FDF73BFABDF84D
:1047D0000630A4F8593002B0BDE8F0810223B3E7F7
:1047E0000223BEE70223C9E70223D4E713F8011B23
:1047F00002F8011FD7E700BF1404002013B59DF88D
:104800001040CDE9003413460A460021FFF79EFE12
:1048100002B010BD13B5144B0288DB8B9A420446DC
:104820001DD1837803F03003102B01D0202B18D139
:10483000A379A52B15D84FF6FF730DF10600592269
:104840002146ADF80630FDF7FDF9B4F85900BDF882
:104850000630C01A18BF0120800002B010BD012030
:10486000FBE70220F9E700BF1404002030B53A4B03
:10487000027893F8261061F30302027093F8271070
:1048800061F30712027093F82810427861F3030273
:10489000427093F8291061F30712427093F82A10BE
:1048A000827861F30302827093F83210827961F3A7
:1048B0000302827193F82B10827861F307128270E1
:1048C00093F83410C27961F30302C27193F82C108B
:1048D000C27861F30302C27093F82D1061F30712DE
:1048E000C27093F82E10027961F3030202714279CB
:1048F00093F8301061F30302427193F83310827918
:1049000061F30712827193F83510C27961F30712CF
:10491000C27103F1390100F10A0200F1160411F924
:10492000015F02F8015FA242F9D193F84610C27DFF
:1049300061F30102C27593F8471061F38302C275F7
:1049400093F8481061F30512C27593F8493063F388
:104950008712C27530BD00BF700400200278344B4E
:10496000C2F3030230B583F826200278C2F30312A3
:1049700083F827204278C2F3030283F82820427884
:10498000C2F3031283F829208278C2F3030283F86A
:104990002A208279C2F3030283F832208278C2F39C
:1049A000031283F82B20C279C2F3030283F8342068
:1049B000C278C2F3030283F82C20C278C2F3031238
:1049C00083F82D200279C2F3030283F82E20427966
:1049D000C2F3030283F830208279C2F3031283F812
:1049E0003320C279C2F3031283F8352003F1390171
:1049F00000F10A0200F1160412F9015F01F8015FEB
:104A0000A242F9D1C27DC2F3010283F84620C27DE1
:104A1000C2F3810283F84720C27DC2F3011283F8FA
:104A20004820C27DC2F3811283F8492030BD00BF07
:104A3000700400201FB58DF80C300123019303ABE7
:104A4000009313460A460221FFF780FD05B05DF88A
:104A500004FB0000F0B5234D012385F8A030044687
:104A600085B0B0F80900FCF7C6FBC5F8A400B4F89F
:104A70000B00FCF7C0FB1422C5F8A80004F10D01DF
:104A800005F1AC00FCF722FC94F9213085F8C13027
:104A900094F8223085F8C23004F12300FFF75EFF5E
:104AA0006E4604F1410304F1510718685968324613
:104AB00003C20833BB421646F7D10B4843230822F2
:104AC0006946FCF71BFB94F85130A5F89A3094F82E
:104AD0005230A5F89C3094F85330A5F89E3005B0BC
:104AE000F0BD00BF2C060020820600202DE9F04317
:104AF00095B0DFF89090039204AF4FF04008054660
:104B00000E464246002138460EF0D0FF1C4C99F864
:104B10000010222204EB01118DF810200DF112007B
:104B2000062201F58971FCF7BFFB99F8000004EB40
:104B3000001107A891F81A2191F8194102F00F020B
:104B400004F00F0444EA021491F81B2102F00F0252
:104B500044EA0224BDF8182022F47F6222F00F02FA
:104B60001443ADF81840FFF781FECDE90078039BB0
:104B7000324602212846FFF7E9FC15B0BDE8F08374
:104B80007004002014040020034B04491A680448F0
:104B900001FB020018607047300700200D66190005
:104BA0005FF36E3C38B50B4A0B4D13782C78A3425B
:104BB00005D101332B70287800F0010038BD147046
:104BC000FFF7E2FF6FF0004398423CBF01342C70C6
:104BD000F1E700BF2D0700202E0700200B4A0C49EB
:104BE000126882600A6802614A680A4942610A687A
:104BF00082614A68C26100234EF66022838083711D
:104C00008381038402600385704700BF385E002003
:104C1000544D01085D4D010810B50E4CA36803B951
:104C2000FEE70D4A12791A700021204609F02CFB8C
:104C30004FF47A70FEF772F82046012109F03BFB31
:104C4000A36820461978FFF721FB2046FFF7D4FB25
:104C500010BD00BF043300201404002038B5174DE8
:104C60000446A878697805281BD14FF6FF73238581
:104C7000FFF7DCF86B7801229A40238D23EA0203C8
:104C800023850F490F48FFF721FC0E48FFF7B4FBBF
:104C90000C481121FFF718FB2046BDE83840FFF70C
:104CA000BBBF002323850220FFF7C0F86A780123E9
:104CB0009340228D13439BB2E2E700BF140400200F
:104CC000180400200433002008B590F82030024674
:104CD0008BB9FDF77BFF10B982F8210008BD92F86F
:104CE000213001335BB2312B82F82130F6DD012314
:104CF00082F82030F2E7FDF769FF18B1322382F81D
:104D00002130EBE792F82130013B5BB2002B82F8B7
:104D10002130D8BF82F82000E0E70000134B90F864
:104D200020201B68CAB182689B1AB3F57A6F01D93B
:104D3000012343710379ABB10D4B427B1B781AB150
:104D4000022B1CBF032202739A1E5342534143732A
:104D5000837953B10323037370478360EAE7012328
:104D60000371F8E74379002BF9D17047385E0020D2
:104D700011080020037B9A1E012A4FF0000202D87E
:104D800090F8201011B90273184670471346FBE7DC
:104D900070B51D4C1D4E05465B22002120460EF0CD
:104DA00085FE2B6923606B696360194B194D1B7875
:104DB00031789A1E53425341627A05EB011163F335
:104DC0000002627201F58971062204F10A00FCF703
:104DD0006BFA337805EB031205EB031592F81B1100
:104DE00095F8193192F81A2103F00F0343EA0213E0
:104DF0002374637C204661F3030359216374FCF739
:104E00003BFFA4F8590070BD693300201404002052
:104E100011080020700400200A4A38B513880133B5
:104E20009BB2502B04460D4601D8138038BD002399
:104E300005491380FDF729FC29462046FDF725FC8E
:104E4000F4E700BFE60C0020D34E01082DE9F84F2F
:104E5000154604460F467749FDF717FC29462046BC
:104E6000FDF713FC744B0022012F1A804FF090467F
:104E700010D10223B362B76146F2A810FDF74EFFCE
:104E8000B76246F2A810FDF749FF29462046FFF712
:104E9000C3FFF0E7BB1E01220C2B00F2BE80DFE84F
:104EA00003F0374A5E1F07BCBCBC717171717100A1
:104EB0004FF090464FF001080227C6F8188046F2DE
:104EC000A810B762FDF72AFFC6F8288046F2A8109E
:104ED000B761FDF723FF29462046FFF79DFFEBE76B
:104EE0004FF090464FF001080227C6F8188046F2AE
:104EF000A810B761FDF712FFC6F8288046F2A81087
:104F0000B762FDF70BFF29462046FFF785FFEBE769
:104F1000B26202274FF09046B76146F2A810FDF743
:104F2000FDFEB76246F2A810FDF7F8FE29462046BE
:104F3000FFF772FFF0E70223B36101274FF09046BD
:104F4000B76146F2A810FDF7E9FEB76246F2A81075
:104F5000FDF7E4FE29462046FFF75EFFF0E7B26169
:104F600002274FF09046B76146F2A810FDF7D6FE33
:104F7000B76246F2A810FDF7D1FE29462046FFF79A
:104F80004BFFF0E7A7F1090A5FFA8AFA00264FF013
:104F9000010956453EBF4FF0904302229A614FF0FF
:104FA00004084FF0904B46F2A810CBF81890FDF78C
:104FB000B5FE46F2A810CBF82890FDF7AFFE08F139
:104FC000FF3829462046FFF727FF18F0FF08EAD1EF
:104FD0000223CBF828304FF004084FF0904B46F2F4
:104FE000A810CBF81890FDF799FE46F2A810CBF860
:104FF0002890FDF793FE08F1FF3829462046FFF779
:105000000BFF18F0FF08EAD10136A7F10803F6B24A
:10501000DBB2B34238BF0026BBE70223B261B36103
:105020004CF25030FDF77AFE29462046FFF7F4FE99
:10503000F6E700BFD34E0108E60C002010B5044689
:10504000084694F901308B4201D1237823B901231A
:105050002370FDF700FE607010BD000008B54378B6
:1050600002789A4213D0042B8ABF04230370037082
:10507000027888BF4370064B064813F92210064B8E
:1050800019731976836813B11972FFF71DF908BDFA
:10509000C0600108043300201404002010B50AB9D0
:1050A000437010BD541E0B2CFBD80332D2B231F921
:1050B0001220C83A03FB022240F2716192FBF1F226
:1050C00012B222EAE2729A42C8BF1AB24270E8E70C
:1050D000044B054A1A60054B054A1A60054B064AFF
:1050E0001A6070475032002080020020040800201F
:1050F00078020020543200207C0200200A4601463B
:1051000010B9024809F091B8704700BF043300207D
:1051100038B515461C4690B9FDF70AFD2B460A46E0
:105120000146094809F05AF807484FF6FF7109F09F
:1051300066F9A1010448BDE8384009F079B9024890
:10514000FFF75AF938BD00BF0433002037B50C46CD
:1051500038B91A48836833B9812281F88C2081F8E4
:105160008E3003B030BD9D7ADDB101F18E020DF1BC
:10517000060109F093F994F98E30002B04DABDF89A
:1051800006201344ADF80630BDF90630002B0FDBC6
:105190004FF6FF73ADF80630BDF8063084F88C305A
:1051A000DFE70DF1060109F0AEFA84F88E50EBE767
:1051B0007F33F1DA4FF68173ECE700BF0433002050
:1051C00070B5114C0D4606465B2322462146284603
:1051D000FFF794FFD6E90613206862689A4208BF79
:1051E00088420ED120465921FCF746FDB4F85940BB
:1051F000231A5C425C4128460449FFF7A7FF601C64
:1052000070BD0024F7E700BF3C3100205832002079
:105210000A4608B501460148FFF718FE280000209D
:1052200000B591B00446684616461D460EF0EEF9EC
:10523000184968460EF0F2F9304608F0FDFE0146C6
:1052400068460EF0EBF9144968460EF0E7F9134B87
:10525000684653F82510124D0EF0E0F911496846E2
:105260000EF0DCF99DF84830684655F823100EF032
:10527000D5F90D4968460EF0D1F99DF84C306846D5
:1052800055F823100EF0CAF908486A462146FFF780
:10529000DDFD00BF664D01086D4D010800000020D6
:1052A0001C000020724D0108794D010828000020E3
:1052B000002303708370437003714371C3707047A0
:1052C00003780022022B427104D0032B09D0012B5A
:1052D00016D0FEE701230371437183784370C370D6
:1052E000704783784278991AA3EB020218BF012114
:1052F00012F0060F14BF0122002201714271EDE786
:105300000271704702788170002A0CBF02220322CA
:105310000270FFF7D5BF0000074B282202FB0030C8
:1053200083681A78542A05D15878A0F17803584236
:105330005841704700207047D4600108074B28226D
:1053400002FB003083681A78522A05D15878A0F100
:10535000780358425841704700207047D4600108D4
:10536000074B282202FB003083681A78542A04D1A4
:105370005878783818BF012070470120704700BF67
:10538000D460010828230B4A434310B5D158044682
:10539000FFF7D4FF48B92046FFF7BEFF064B1B7846
:1053A00028B103EB830301EB8301084610BD01EB39
:1053B0000311FAE7D4600108140400202D2838B541
:1053C00005461AD80E4B282202FB00334CB21B793B
:1053D000022B0DD0FE2B10D1FFF7D4FF0378E4B2DF
:1053E000A3420AD004702846BDE83840FFF7B8BF92
:1053F000FFF7C8FF90F90030F2E7002038BD00BF8A
:10540000D46001082D2838B504460D4619D80E4B36
:10541000282202FB00331B79FF2B12D1FFF7B2FFCA
:1054200006222946FBF765FF58B92046FFF7AAFF79
:1054300029460622FBF74AFF2046BDE83840FFF721
:105440008FBF002038BD00BFD46001082DE9F043B4
:10545000074615462820394A41435018012B046A53
:1054600087B025D15258364B9A4235D0A3F1CE01A0
:105470008A4233D03349F23B9A4208BF0C46FF239D
:105480008DF800304FF0000801262046FAF7B2FEF2
:105490005FFA88F9484529D806F118036B44AE42F3
:1054A00003F8188C30D80020387007B0BDE8F083BE
:1054B000022BE4D15258224B9A4211D0591C8A42F5
:1054C00010D0A3F1CE018A420ED0A3F1F2018A429C
:1054D0000AD01D49EC3BCFE71C4CD0E7194CCEE776
:1054E0001B4CCCE71B4CCAE71B4CC8E714F809302F
:1054F0002C2B06D106F118036B44013603F8188CE7
:10550000F6B208F10108C0E705F118030DEB030539
:10551000002315F8182C15F9175C0132D2B299182E
:10552000C9B2A94207EB030003DB0023037001208B
:10553000BBE7615C01700133DBB2F0E7D4600108C6
:1055400089050020804D0108B44D0108D14D0108A6
:105550007A4E0108584E01082E4E0108054B2822AC
:1055600002FB0030436A0BB1188870474FF6FF709A
:10557000704700BFD460010838B50B4B282202FBEE
:105580000030056A2846FAF735FE00221146D4B2EB
:105590004B1CA042DBB201D8184638BD2C5D01324D
:1055A0002C2C08BF1946F2E7D460010838B5104B1F
:1055B000282202FB003301461B79FE2B15D1FFF791
:1055C000CDFF04460846FFF7D7FF0022134601250A
:1055D000D1B2884201D8184638BD05FA02F12142FD
:1055E0001CBF0133DBB20132F2E7FF23F3E700BF58
:1055F000D46001082DE9F04F4FF0000A1D4E93B022
:1056000004460F46D146D6F808805FFA8AF54FF077
:10561000000B0DE018F8030001920EF01BF8C3B266
:10562000019A202B08BF5F2302F8403C0BF1010BCD
:105630005FFA8BF340460193FAF7DCFD019B03F11F
:10564000480298426A44E5D802F8409C394602A8CC
:10565000FAF7C6FD48B10AF1010ABAF12E0F06F1B8
:105660002806D0D10025284600E00120257013B07F
:10567000BDE8F08FD460010837B51E4D13462822CF
:1056800002FB015504462A79FE2A18D0FF2A24D0AD
:10569000022A2BD10846FFF775FE214690F900003B
:1056A00008F06DFC2D692B783BB1134920460DF0B5
:1056B000B5FF294620460DF0B1FF012018E008464D
:1056C00001930091FFF75EFE019B0278009920464E
:1056D00003B0BDE83040FFF7B9BE0846FFF752FE01
:1056E000062201462046FBF7F1FDE6E70020207088
:1056F00003B030BDD4600108CA4F0108F8B5194B9A
:105700001646282202FB063300241A790470022A66
:1057100007460D4603D0FE2A13D02046F8BD93F964
:1057200018209142F9DB93F91C309942F5DC4FF0D7
:10573000000165F307013046FFF740FE0124387091
:10574000EBE70029E9DB3046FFF716FFA842E4DD6E
:105750003046FFF703FF40FA05F313F00103E6D1EB
:105760001C46DAE7D46001082DE9F84300230370F2
:10577000124B1746282202FB073306461B79FF2BE4
:105780000C4603D000252846BDE8F8830846FAF702
:1057900031FD0628F6D104F1FF3804F1050918F8A7
:1057A000010FFBF70BFC05460028EBD0C845F6D1EE
:1057B00021463846FFF726FE3070E4E7D460010842
:1057C000F8B5104E4FF0280C0CFB02660027367916
:1057D0000770FE2E04460B46154603D0FF2E0BD055
:1057E000022E0DD118460EF048F82A4601462046F2
:1057F000BDE8F840FFF782BFBDE8F840FFF7B4BF4F
:105800003846F8BDD460010810B504460846B2B960
:10581000FBF72AFC042812D8DFE800F003090B0D7F
:105820000F00084920460DF0F1FE012010BD064989
:10583000F8E70649F6E70649F4E70649F2E70020EB
:10584000F4E700BFB74E0108BC4E0108C14E010885
:10585000C64E0108CC4E010810B504460068FCF79E
:1058600014FF02492068FCF710FF10BDD24E01085A
:105870000B1E18BF0123122A14D91D2A14D9312A4C
:105880008CBF0822052203710023016080F8853057
:105890004371C0F8883080F88C3080F88D20A0F8F3
:1058A0008E3070470122EEE70322ECE790F8853056
:1058B000682B08D8C2180133DBB2517180F88530EB
:1058C000184400234371704708B50530FAF788FC87
:1058D000B0FA80F0400908BD2DE9F04192B00646CB
:1058E000084601911546FAF785FC06F105080446BD
:1058F0004046FAF77FFCE4B2631CC7B2BB42019991
:1059000003DB002012B0BDE8F081224640460DF0D6
:10591000B9FE0028F5D1221D23461644BB4202469B
:105920001BD300F148036B44002403F8404C0028CB
:10593000E7D09DF808303D2BE3D1302302A88DF845
:105940000830FAF757FC2346DAB2904212D802A880
:105950000DF093FF28600120D4E716F8011F2029DD
:1059600005D048326A440130C0B202F8401C01330D
:10597000DBB2D3E748326A44013312F8402C303AA4
:10598000092AE1D9BDE7000010B50E4B1B78022BA8
:1059900004460FD10C4B93F8A0205AB1D3F8A8308D
:1059A000B3F5215F07D20949FFF756FF08492046A2
:1059B000FFF752FF10BDFDD00649FFF74DFF064926
:1059C000F5E700BF110800202C060020D54E010885
:1059D0000B4F0108414F0108774F010810B50446ED
:1059E000FFF7D2FF20680749FCF75EFE064B2068F0
:1059F00019783031C9B2FCF7DFFD04492046FFF7C2
:105A00002BFF10BDAD4F010814040020654D0108A7
:105A10002DE9F0474379702B90B080460F4616462B
:105A200071D18379202B6ED1C0790DF0C3FD002890
:105A30005CD000254FF0020A2C4608F105094846C3
:105A4000FAF7D8FB824522D305F140030DEB03059D
:105A5000002305F8403CC4B3E8461D4618F8010B86
:105A60000DF0F8FD78550135EBB2A342F6D30025D1
:105A70003D550134E4B26846FAF7BCFB6719FFB242
:105A8000874206EB050334D300221A702DE008EBA1
:105A90000A035B793D2B0ED0202B07D005F1400186
:105AA0006A1C0DEB010505F8403CD5B20AF1010373
:105AB0005FFA83FAC3E72C46F0E705F140036B4435
:105AC00013F8400C0DF0C6FD78556846FAF792FBC6
:105AD000E5B2A84207EB050304F10104EDD800226A
:105AE0000A491A7030460DF091FD012010B0BDE852
:105AF000F08707F140020DEB0207013517F8402C43
:105B00001A70EDB2B7E70020F0E700BFB74F010809
:105B10002DE9F0472C4E282303FB016688B033792A
:105B2000FE2B04460D4620D0FF2B4BD0022B2DD14F
:105B300096F9185025490068FCF7B6FD28466946D5
:105B400008F01DFA69462046FFF786FE96F91C50BC
:105B50001F492068FCF7A8FD6946284608F00FFA9F
:105B600069462046FFF778FE10E00846FFF7F6FC8E
:105B7000DFF86490DFF864A080460027FEB20123BE
:105B8000324629466846FFF761FC10B908B0BDE807
:105B9000F087BBB248FA03F3DB0711D5206849460A
:105BA000FCF782FD06F130012068C9B2FCF704FD64
:105BB00020685146FCF778FD69462046FFF74CFE09
:105BC0000137DBE70349CDE7D4600108B94F01088D
:105BD000C14F0108D04F0108C94F0108CC4F01083F
:105BE000F0B504468BB008460D46FFF7DFFC254FA5
:105BF000254906462068FCF757FD282303FB057757
:105C00002068B968FCF750FD20492068FCF74CFD7E
:105C10002EB91F492046FFF71FFE0BB0F0BD012231
:105C2000294602A8FFF728FD206802A9FCF73CFDE1
:105C30003B79FE2B03D0FF2B1AD01649EAE7284602
:105C4000FFF7A0FB057814492068FCF72DFD05F14E
:105C500030012068C9B2FCF7AFFC10492068FCF79E
:105C600023FD012EE9D10E492068FCF71DFDE4E774
:105C70000C4B02A95A786846FFF7C6FD0028DCD015
:105C80006946F1E7D4600108C94F0108CC4F01080B
:105C9000DF4F0108654D0108EF4F0108DD4F010896
:105CA000F24F01081404002070B590F88E300446BD
:105CB0006BB990F88F30012B01D9032B07D1214B01
:105CC0001B78022B03D020492046FFF7C5FD1D4E4F
:105CD000002594F88E102D2903D9002384F88C30E8
:105CE00020E04B1C84F88E3094F88F30012B09D1C2
:105CF0000846FFF711FB0028EBD10846FFF71EFB13
:105D000038B1E6E7022B0ED10846FFF705FB002865
:105D1000DFD02046FFF764FF013594F88D30EDB2F7
:105D2000AB42D6D270BD032B08D10846FFF706FB65
:105D30000028CED03378022BDFD1EAE7002BF9D050
:105D4000E7E700BF110800200150010838B5594BA2
:105D50001A6890F88C30012B044640F0AA80D0F8E5
:105D60008830D31AB3F5FA7FC0F0A380524DC0F843
:105D700088202846FBF726F808F036F90146206807
:105D8000FCF792FC4D492068FCF78EFC05F11400ED
:105D9000FBF7EAFB08F028F901462068FCF784FCD1
:105DA00047492068FCF780FC95F8940008F01CF93E
:105DB00001462068FCF778FC42492068FCF774FC37
:105DC00095F98C0008F01AF901462068FCF76CFC84
:105DD0003D492068FCF768FC95F98D0008F00EF944
:105DE00001462068FCF760FC38492068FCF75CFC41
:105DF00095F9920008F002F901462068FCF754FC7E
:105E000030492068FCF750FC95F98E0008F0F6F850
:105E100001462068FCF748FC2B492068FCF744FC4D
:105E200095F98F0008F0EAF801462068FCF73CFC81
:105E300027492068FCF738FC05F15000FBF79AFB76
:105E400080B208F0E5F801462068FCF72DFC1D49FA
:105E50002068FCF729FC05F16400FBF78BFB80B29E
:105E600008F0D6F8014620681A4DFCF71DFC1A49C7
:105E70002068FCF719FC194B1B7805EB8303588845
:105E800008F0C6F801462068FCF70EFC14492068AB
:105E9000FCF70AFC134B1B7805EB8305688808F0B8
:105EA000B7F801462068FCF7FFFB0F492046FFF7D3
:105EB000D3FC38BD385E00205832002077500108EE
:105EC0001E50010821500108245001081F500108EC
:105ED00026500108C0600108295001083A3100200D
:105EE0002F5001084D3200203450010830B50446CF
:105EF00095B0FFF749FD1E492068FCF7D5FB1D4909
:105F00008B7863B12F22023108A80DF0CDFB1A491E
:105F10002068FCF7C9FB206808A9FCF7C5FB1749F6
:105F20002046FFF799FC16492068FCF7BDFB154B8E
:105F30001B78022B19D1144D95F8A0309BB1206825
:105F400005F1AC01FCF7B0FB0B492068FCF7ACFB9A
:105F5000D5F8A4106846FBF75BF969462046FFF7C1
:105F60007BFC15B030BD0949F8E70949F6E700BFE9
:105F7000375001084C0F002021500108654D0108E1
:105F800055500108110800202C0600205C50010823
:105F9000075001082DE9F04190F88E3090B004468A
:105FA00043B93A4A3A4B92F856105B7C394A01B1F0
:105FB0005B001370DFF8DC80354E002794F88D20ED
:105FC000FBB29A4208D994F88E5098F80030AB4250
:105FD00005D8002384F88C3010B0BDE8F081737CC4
:105FE0009D424DD275B92C492068FCF75DFB707C51
:105FF00007F0FAFF01462068FCF756FB27492046C8
:10600000FFF72AFC284607F0EFFF01462068FCF75F
:106010004BFB23492068FCF747FB73190137987C39
:1060200007F0E2FF01462068FCF73EFB1D492068AF
:10603000FCF73AFB06EB8503586B07F0F3FF0146CC
:106040002068FCF731FB18492068FCF72DFB2A4635
:1060500008A93046FEF75EFA694607F05AFF68461F
:10606000FBF734F820686946FCF71EFB08A92046B8
:10607000FFF7F2FB94F88E30013384F88E309DE701
:10608000ED1A15F0FF05BDD10849ADE71404002055
:10609000EC0C00203507002071500108B1540108B4
:1060A00079500108805001088A5001089050010879
:1060B0002DE9F041254E264FDFF8CC80044600251F
:1060C00094F88D20EBB29A423ED994F88E30102B82
:1060D00037D8DFE803F00913181A1C1E20222426E3
:1060E000282A2C2E303234002046FFF74DFC94F83D
:1060F0008E30013384F88E300135E1E715492046B2
:10610000FFF7AAFBF3E71449F9E71449F7E7144945
:10611000F5E71449F3E71449F1E71449EFE71449A7
:10612000EDE71449EBE71449E9E71449E7E71449B7
:10613000E5E71449E3E74146E1E73946DFE7314661
:10614000DDE7002384F88C30BDE8F081335301088B
:10615000F852010898500108BC500108EA500108A3
:10616000135101083F510108675101088F5101087F
:10617000B8510108E1510108255201084B520108AC
:106180007152010894520108C75201082DE9F043E9
:10619000037995B00446C3B190F88C30013B032BD2
:1061A00019D8DFE803F00252575C006803685B69A6
:1061B000984768B1206803689B6998470023AB49FA
:1061C00084F88C302046FFF747FB15B0BDE8F0831C
:1061D0002046FFF7BBFDA64B1E6894F885308BB1B7
:1061E000D4F88830F31AB3F5FA6F0BD9A1492046D9
:1061F000FFF732FBA0492046FFF72EFB002384F86F
:10620000853063719B4FDFF8D482DFF8D492206829
:1062100003685B6998470028D7D0206803689B69AA
:1062200098470A280546C4F888601DD00D281BD061
:106230002C2819D03B2817D001462068FCF7BCF960
:1062400029462046FFF732FBE1E715B0BDE8F043F1
:10625000FFF72EBF15B0BDE8F043FFF725BD15B021
:10626000BDE8F043FFF796BE39462046FFF7F4FA43
:1062700041462046FFF728FB50B1022384F88C30BA
:10628000002384F88E30002384F885306371BEE7E4
:1062900049462046FFF718FB0028EED177492046F3
:1062A000FFF712FB0028E8D175492046FFF70CFBE9
:1062B000054618B12046FFF719FEE4E7714920466C
:1062C000FFF702FB40B12046FFF788FB032384F869
:1062D0008C30A4F88E50D6E76B492046FFF7F4FACD
:1062E00050B12046FFF77AFB032384F88C304FF43B
:1062F0008073A4F88E30C6E764492046FFF7E4FABD
:1063000040B12046FFF76AFB032384F88C304FF43A
:106310000073EEE75E492046FFF7D6FA40B120460B
:10632000FFF75CFB032384F88C304FF44073E0E705
:106330000CAA04A92046FFF76BFB002846D004A94D
:106340000DF10A00FFF756F920B952492046FFF730
:1063500083FA98E7504B1B78022B06D09DF80A0071
:10636000FEF7ECFF08B14D49F0E79DF830303F2BC8
:106370000DD12046FFF732FB9DF80A10019120460F
:10638000FFF72EFC01992046FFF7C2FB7BE70BB914
:106390004349DBE79DF80A500CA92A460DF10B0092
:1063A000FFF70EFA08B93F49D0E72046FFF716FB82
:1063B00029462046FFF714FC9DF80B30002B3FF4D4
:1063C00062AF05213848FBF70BF95CE737492046F7
:1063D000FFF77AFA90B134480621FBF701F920461D
:1063E000FFF7FCFA2C4B1B78022B05D02B492046DB
:1063F000FFF732FA2E49A9E72E49A7E72E49204692
:10640000FFF762FA28B101212748FBF7E9F82B4989
:106410009CE72B492046FFF757FA90B12248072105
:10642000FBF7DEF82046FFF7D9FA1B4B1B78022B4F
:1064300005D01A492046FFF70FFA224986E722497C
:1064400084E7224903AA2046FFF746FA00285AD0DB
:10645000039D092D01D91E4978E72046FFF7BEFAB2
:106460001C4B1B789D423DD11B496FE779530108B6
:10647000385E00209353010895530108B74F010877
:10648000715E0108A4530108A7530108AC53010829
:10649000B2530108B8530108110800200150010847
:1064A000D4530108EC53010828330020FF5301089E
:1064B000065401081D5401083154010836540108DE
:1064C0004D540108545401086D54010883540108C7
:1064D0008F54010814040020B3540108915F01088F
:1064E0009F5301082A461D480A21FBF77BF81C49E7
:1064F0002068FCF7D9F805F13001C9B22068FCF733
:106500005BF8184922E718492046FFF7DDF90546F0
:1065100040B10123154984F88C302046FFF79CF9DF
:10652000134913E713492046FFF7CEF928B1042396
:1065300084F88C3084F88E50A5E60F492046FFF78A
:10654000C3F908B103213DE794F885100B4A0C4BC1
:1065500000290CBF11461946F8E600BF2833002079
:10656000C8540108654D0108F1540108DE540108C2
:10657000F7540108145501081E5501085F5301081E
:106580006B5301080148FFF701BE00BF74070020EC
:1065900070B5254CE569AB0607D523689E0604D582
:1065A000606A224BC0B21B6898471F2328062362EB
:1065B00015D52368190612D51D4B1E4A1988138854
:1065C00089B29BB2994219D013880133C3F30803EF
:1065D00013801388184A9BB2D35CDBB2A3626A06AD
:1065E00020D5114803685B061CD5FBF70CFB402344
:1065F0000362124BBDE870401B6818470A48FBF75E
:106600000BFB402323624FF0402202F5806353E8E6
:10661000003F43F0400302F5806040E8003100296C
:10662000F3D1DCE770BD00BF0044004070020020E1
:106630002E3800202C3800202C3600207402002038
:106640000848094A0188138889B29BB29942F9D057
:1066500013880133C3F3080313801388034A9BB2E2
:10666000D05C70472A3600202836002028340020CD
:10667000FFF7E6BF70B588B00C4606461546002108
:10668000202268460DF012FA231E18BF01231B03B7
:10669000CDE9023569460C2303480196049405931D
:1066A0000AF09CFA08B070BD0044004010B5064CDA
:1066B000236823F001032360FFF7DCFF236843F026
:1066C0000103236010BD00BF0044004010B5134C0F
:1066D0002046FBF78FFAF1B111484FF400524FF406
:1066E0008061FFF7E3FF23680E4823F00103236076
:1066F000636843F400436360636823F4803363603A
:10670000236843F001032360082303221946FCF7A2
:10671000ECF8FBF75DFE012010BD00BF0044004017
:10672000A08601000004004810B5134C2046FBF77A
:1067300061FAF1B111484FF400524FF48061FFF754
:10674000B5FF23680E4823F001032360636843F418
:1067500000436360636843F480336360236843F0FD
:1067600001032360082302221946FCF7BEF8FBF759
:106770002FFE012010BD00BF00440040A086010094
:106780000004004810B53B4C236823F0010323604C
:106790004FF40030FBF700FA0823194636480A2266
:1067A000FCF7A3F80823344803221021FCF79DF8D6
:1067B000002211463148FFF75DFF636823F49043E0
:1067C0006360A36823F02A03A360236823F00053C7
:1067D00023604FF0402202F5816353E8003F23F02D
:1067E000604302F5816040E800310029F3D14FF0A9
:1067F000402202F5816353E8003F23F0606302F515
:10680000816040E800310029F3D11D4BA02283F8BC
:10681000262340245C601748FBF7FEF9FBF7F3F9E9
:10682000184B04621980184B1980FBF7E3F9174BDA
:106830001980174B1980436823F400634360836811
:1068400023F008038360436823F480434360836834
:1068500023F022038360836843F4805383600368DA
:1068600043F001030360C3699A02FCD5C3695B026C
:10687000F9D510BD0044004000040048801A06000D
:1068800000E100E02C3800202E38002028360020BF
:106890002A3600200649074A0B8812880133C3F3C1
:1068A000080392B29A421EBF034AD0540B8070472D
:1068B0002E3800202C3800202C360020F8B501237B
:1068C00080F86C3090F8BD30044603F0FF005BB1F7
:1068D00094F8BD5004F16C070026B3B29D4204D871
:1068E000002384F8BD300120F8BD17F8010FFFF731
:1068F000D1FF0136F1E700000148FBF772B900BF94
:106900000044004007B50D48FBF774F9036823F015
:1069100001030360436823F400434360036843F0CA
:106920000103036008210023CDE900130448032379
:106930000A22FBF74BFF03B05DF804FB0044004064
:10694000000400480D4B07B51A680D4822F00102FB
:106950001A605A6842F400425A601A6842F0010212
:106960001A6008210023CDE9001302220323FBF75C
:106970002DFF03B05DF804EBFBF72ABD0044004097
:106980000004004810B50446FFF7FCFE124B134804
:106990001A6822F001021A605A6842F400325A6002
:1069A0005A6842F480325A605A6842F400425A608F
:1069B0001A6842F001021A60082319460222FBF706
:1069C00094FF0648032302221021FBF784FF204690
:1069D000BDE81040FFF7B6BF004400400004004887
:1069E00008B5002383810371C3800381837203612F
:1069F00001460448FCF75EFEBDE808400846FFF784
:106A0000C1BF00BF24340020036810B504461B68D2
:106A10009847237A082B05D90A2B03D0092B02D0DB
:106A20000023237210BD236820465B689847002826
:106A3000F6D00848036823B1FA21FCF74BFE0A237D
:106A4000EFE72046FFF75EFF0B232372BDE81040FF
:106A5000FFF752BF2434002001460148FFF7D4BF9E
:106A60006018002001460148FFF7CEBF180800203B
:106A7000037A0A2B10B5044607D1FFF743FF0B2317
:106A80002372BDE81040FFF737BF10BD0148FFF784
:106A9000EFBF00BF1808002010B50446FFF752FFF3
:106AA0000023237210BD00000148FFF7F5BF00BFAF
:106AB000601800200148FFF7EFBF00BF1808002052
:106AC00008B5017A094A0A29126801D8026108BD8D
:106AD0000169521A142AFAD900220272FFF732FF12
:106AE0000348FBF790F840230362F0E7385E00208C
:106AF000004400400238C0B210289ABF014B185C15
:106B0000002070475A6001083B4B0246586A137ACE
:106B100010B580B233B19389C31A9BB2FA2B84BFEC
:106B200000231372137A9081052B19D8DFE803F044
:106B300003080E334A564F2912D1012313720FE076
:106B4000572901D10223F9E70023F7E70023FF29A2
:106B5000937206D141F204731381537E002BF3D15B
:106B600010BD9F290FD901F01F000124947282F8F3
:106B70003200FFF7BFFF507218B982F84B4009236B
:106B8000DCE70523DAE71829DED80029F7D003234C
:106B900051721372E1E7B2F86E02B2F87242431C0E
:106BA0002340B2F870429C421EBF801880F87412D5
:106BB000A2F86E32937A517A0133DBB29942937222
:106BC000DDD9CDE7907A431C1044DBB29372C176D5
:106BD000517A9942C4D801239376D0E7907A431C26
:106BE0001044DBB2937280F83210517A9942B7D2D6
:106BF000012382F84B30C2E7000400402DE9F04346
:106C000089B0002301AFB0F868908DF804300446D5
:106C1000B8460125B4F86A2048461146EEB2FBF7A3
:106C200051FCA0B1192D11D091451FBFA318B4F884
:106C30006C1093F86E30013214BF0A40002308F83C
:106C4000013F18BFA4F86A200135E3E72E46B6B22B
:106C50000024013417F8010BA4B2FFF71BFEA64273
:106C6000F7D8012009B0BDE8F08370B590F8665000
:106C700000F14C040026B3B29D4200D870BD14F858
:106C8000010FFFF707FE0136F5E770B5457E0446B4
:106C900005B1FEE7012680F84C6090F8663033B10C
:106CA000FFF7E3FF84F866503546284670BDB0F81C
:106CB0006A10B0F86800FBF705FC0028F5D0204604
:106CC000FFF79CFFF0E7027FC37E02F0070243EA72
:106CD00002230B80838BC3F3CA034B80C369C3F3C6
:106CE0008A338B8090F82030C27F03F00F03DB01E2
:106CF00043EA5203CB80038CC3F30A130B81036A6C
:106D0000C3F3CA334B8190F8243090F8232003F06A
:106D10001F039B0143EA92038B81838CC3F34A13C5
:106D2000CB81C38CC3F30A030B8290F8283090F810
:106D3000272003F03F035B0143EAD2034B82836ABF
:106D4000C3F38A138B82438DC3F34A03CB8290F83B
:106D50002C3090F82B2003F07F031B0143EA121321
:106D60000B83C36AC3F3CA134B83C38DC3F38A0374
:106D70008B8390F8303090F82F20DB0043EA5213D9
:106D8000CB8390F8312040F2547312F0010F14BFFE
:106D90001A46AC220A8490F8312012F0020F08BF84
:106DA000AC234B847047437E70B5044643B1002347
:106DB00003720D468E18B54203D100232372A376C9
:106DC00070BD236815F8011B1B6820469847F2E741
:106DD000437E30B56BB190F8664004F0FF0554B1C6
:106DE00000F14D040C6090F866101170002280F8DC
:106DF0006620184630BD2B46FBE7000042766AB39A
:106E00000123037640F2FF11A0F86C1040F2FF71ED
:106E10000023A0F872127F2180F84C30A0F86A306D
:106E20008376A0F8683080F84B30A0F8703280F894
:106E30006630A0F86E32A0F8763AA0F8743AA0F85E
:106E4000781A80F8FA3AC0F8FC3A52B9054B064A6B
:106E50001A60064B064A1A60FFF7C2BD0176002988
:106E6000D0D1704770020020596A000874020020D7
:106E7000A96A000873B5467E04461EB1002528465F
:106E800002B070BD037E0191002BF7D0FFF718FE12
:106E9000A37E03F0FF05002BF0D00199A6762046D3
:106EA000FFF711FFEBE7427E10B5EAB9037EBBB1F5
:106EB00090F84C4004F0FF0394B1047980F84C2022
:106EC0000CB10271C280C48882790134052AC48061
:106ED00008D0092A06D0012A4FF0000206D10A7014
:106EE000184610BD0122FAE70023F9E71346F7E739
:106EF000037E63B190F84B2002F0FF033AB1002209
:106F000080F84B2090F8322002F01F020A701846D9
:106F10007047F8B506460D461746002119224D3038
:106F20000CF0C4FD2846FFF7E5FD05F01F050446FB
:106F3000603D0134024686F84D50394606F14E0058
:106F4000E4B20CF091FB86F86640F8BD70B590F89D
:106F5000FA4A0CB1002070BDB0F8745AB0F8763A15
:106F6000EE1AB2B2360444BF803292B2002AF1D097
:106F70000D4A1668427E22B1D0F8FC2A921B092ADB
:106F8000E8D900229D42C0F8FC6A80F8FA2A08D0AD
:106F9000C218013392F87A4AB0F8782A1340A0F860
:106FA000763A0C700120D6E7385E002010B52C4CE4
:106FB00086B01822002168460CF078FD2378294815
:106FC0008DF80630FDF75CFAADF800002548FDF7B6
:106FD0006EFA9DF8073094F851208DF8030062F3A3
:106FE00003038DF80730204B93F8A0205AB39DF887
:106FF000052042F001028DF8052093F8C12093F896
:10700000C2308DF8042003F00F039DF807201748C5
:1070100063F30712164B8DF807201B799DF80220A9
:107020005B0043F0010322F0030203F00303134368
:107030008DF802306A462E230B218DF80830FFF7B9
:1070400068FF06B010BDBDF8043023F4FF7323F0D1
:10705000010343F07F03ADF804300523D5E700BFFB
:1070600014040020043300202C06002060180020A7
:10707000380700207FB51822002168460CF016FD65
:1070800042F6A100FAF7A6F8ADF800004FF421503F
:10709000FAF7A0F80749ADF80200142201A8FAF7A0
:1070A00003F905486A460421FFF733FF07B05DF88E
:1070B00004FB00BF295501086018002010B5134CCF
:1070C00086B01822002168460CF0F0FC94F8A0303D
:1070D000C3B1D4F8A400FAF77DF8ADF80000D4F8F5
:1070E000A800FAF777F81422ADF8020004F1AC0119
:1070F00001A8FAF7D9F806486A460521FFF709FF03
:1071000006B010BD03491422F2E700BF2C06002090
:1071100060180020654D01082DE9F04F344C2823FC
:1071200003FB014489B007460846FEF717FA2379A6
:10713000D4F82080FE2B814603D14FF6FF7398428E
:1071400006D14146384609B0BDE8F04F0CF05EBAB2
:107150000846FEF717F9002590F800B02E46AA461B
:107160002C46EAB240460192F9F744F8019A013000
:1071700090424FF02D0102D809B0BDE8F08F18F809
:1071800002000AF1200CEC440AF101032C28DBB2C6
:107190000CF8180C00D040BB5E4503D049FA06F04D
:1071A000C00718D50DF1080E0022D0B254FA82FCA7
:1071B00083425FFA8CFC08D85444013404F0FF0485
:1071C0000136502CF6B20FD9FEE71EF8010B07F876
:1071D0000C000132E9E73955631CDBB218F80220D4
:1071E000FA540234E4B2EBE7002301359A46B8E7DB
:1071F000D4600108044B1870044B05480022072195
:107200001A70FBF753B900BFA8300020A930002046
:10721000D422002008B50B78033B082B20D8DFE8E8
:1072200003F010050C1F1A1F1F1F0E00042100F68B
:107230007420BDE80840FBF739B90521F7E70B21B9
:10724000F5E7042100F67420FBF730F90521FBF780
:107250002DF90B21EDE7BDE808404878FFF7CABFDC
:1072600008BD000070B56E4D2C782D2C86B00ED95F
:107270001822002168460CF019FCFF2369488DF89C
:1072800000306A460721FFF744FE06B070BD664E27
:10729000317800294BD1022333701822634E68469F
:1072A0000CF004FC282303FB04638DF800401B79D9
:1072B000FE2B27D0FF2B2DD0022B09D101232046F6
:1072C0008DF80130FEF75EF890F900308DF812303D
:1072D0002B78282202FB03660DF10200B168102210
:1072E000F9F7E2FF4F4807216A46FFF712FE2978B7
:1072F0004F48FFF711FF4F48072106B0BDE8704027
:10730000FBF7D4B8042320468DF80130FEF73AF895
:107310000378DBE7052320468DF80130FEF732F8CD
:10732000062201460DF11200F9F7BEFFD0E702294F
:1073300042D100211822684631700CF0B7FB3B4B5C
:107340008DF80040282202FB04331A79022A0DD05E
:10735000FE2A1BD06A4608213248FFF7DAFD33784F
:10736000002BC8D12B7801332B708EE71A7D8DF856
:1073700005201A7E8DF801201A7F8DF803201969E7
:1073800006220DF10700F9F78FFFE3E75B6A83B18F
:107390001B882749ADF8013015220DF10300F9F7DC
:1073A00083FF2348F8F726FF142884BF0323337094
:1073B000D0E74FF6FF73ECE7032917D1002118221D
:1073C000684631700CF072FB1B498DF800401722A3
:1073D0000DF10100F9F768FF1548F8F70BFF2B28AE
:1073E00084BF042333706A460921B5E783D900219D
:1073F0001822684631700CF059FB0DF101000F495D
:107400008DF800401722F9F74FFF9DF8003005482E
:10741000803B6A4609218DF80030FFF77AFDA1E72D
:10742000A830002060180020A9300020D460010896
:10743000AA300020D4220020BF300020D630002007
:1074400010B500230B70024600782D280C4611D889
:10745000094B282101FB00331B79FF2B06D0B2F921
:107460000110FDF7ABFF2070012010BD511CFDF78E
:10747000C9FFF8E71846F8E7D46001080438072880
:107480000DD8DFE800F004060C080C0C0C0AFFF71E
:10749000F1BDFFF713BEFFF7E5BEFFF787BD7047ED
:1074A000D20638B505460C4604D5BDE8384020491B
:1074B0000CF0ACB8CB044CBF1E491F490CF0A6F829
:1074C000A1070BD51D4928460CF0A0F8E3072ED4E0
:1074D00028461B49BDE838400CF0A0B8A20501D5EC
:1074E0001849F0E7230601D51749ECE7E00501D577
:1074F0001649E8E7164BA34301D11649E3E7E10338
:1075000001D51549DFE7220501D51449DBE7E3067C
:1075100001D51349D7E7600701D51249D3E7210701
:1075200001D51149CFE7E202D0D51049CBE738BDEC
:10753000385501083D5501084155010846550108D7
:107540006B5501084B550108295A01081C5C0108BC
:10755000100001005055010855550108895A0108CD
:107560005A5501085D550108625501086655010824
:1075700010B51422044600212A300CF097FA00239B
:10758000C4F8D032A4F8D432C4F8D832FF2384F837
:10759000DC3210BD0B68C0F890304B68C0F89430F6
:1075A0000B7A80F89830012380F82D3080F8333042
:1075B00090F89630DB0980F8D5327047993001F1A8
:1075C000280351F8042B40F8042B9942F9D10B8879
:1075D00003808B788370704710B500F1C40301F10C
:1075E000340251F8044B43F8044B9142F9D1012382
:1075F00080F82E3010BDF83001F11C0351F8042B37
:1076000040F8042B9942F9D10B780370704710B5FC
:1076100000F2151301F11C0251F8044B43F8044B1E
:107620009142F9D1012380F8323010BD10B500F23B
:10763000311301F11C0251F8044B43F8044B914201
:10764000F9D140F201134385012380F8303080F8EE
:10765000D23290F8D53253B990F8D4323BB9D0F841
:107660003931C0F82C32D0F83531C0F8283210BD8D
:1076700000F2671001F1100351F8042B40F8042BBD
:107680009942F9D10B880380704700F24D1001F147
:10769000180351F8042B40F8042B9942F9D10B88B8
:1076A0000380704710B500F2791301F1140251F80C
:1076B000044B43F8044B9142F9D1012380F8313057
:1076C000D0F8993013F0100308D0D0F89D3013F0A3
:1076D00010031CBFD0F8A130C3F3001380F83D3075
:1076E00010BD00F28D1001F1140351F8042B40F885
:1076F000042B9942F9D10B880380704791F8203010
:1077000030B57BB90B4600F2A31201F1340453F8F3
:10771000045B42F8045BA342F9D11B881380012368
:1077200080F82F3091F82030012B0ED100F2D913C0
:1077300001F1340251F8044B43F8044B9142F9D162
:107740000A881A80012380F8343030BD0B68C0F8F5
:107750000F324B68C0F813320B7A80F817320123CE
:1077600080F8D33270470B68C0F818324B68C0F805
:107770001C32012380F8323070470B68C0F8203289
:107780004B68C0F82432012380F83630704710B5BA
:1077900000F50A7301F13C0251F8044B43F8044B25
:1077A0009142F9D1012380F8303080F8D43210BDF5
:1077B00010B500F5197301F1340251F8044B43F888
:1077C000044B9142F9D10A881A80012380F82C30A9
:1077D00010BDF0B500252C460126AB4206D8036843
:1077E000214001FA02F213430360F0BD06FA05F7E7
:1077F0003C430135F1E770B50446084694F82A6029
:1078000016B90026304670BD94F8E0300022022BF5
:1078100084F82A20F5D90A60D4F83551002DC8BF64
:107820006D423223B5FBF3F11E2301EB4101FFF75B
:10783000D0FFD4F8351102231E22C90FFFF7C9FF6C
:10784000E0E770B50446084694F82B6016B90026A8
:10785000304670BD94F8E0300022022B84F82B20D3
:10786000F5D9D4F839510260002DC8BF6D423223DA
:10787000B5FBF3F11E2301EB4101FFF7AAFFD4F89A
:107880003931002B4FF002034FF01E02B4BF032129
:107890001946FFF79EFFDBE738B50446084694F823
:1078A000D022AAB994F82C30DBB384F82C2004F54C
:1078B000197304F29A2204F5267153F8045B42F816
:1078C000045B8B42F9D11B8813800123A4F8D032CA
:1078D00000230360182594F8D132312B06D85A1CA6
:1078E000234484F8D12293F89B12E1B994F89A12B8
:1078F000012319400722FFF76CFF94F89A12012325
:107900000F22C1F34001FFF764FF94F89A1201239C
:107910001722C1F38001FFF75CFF002384F8D03207
:107920000123184638BD2A46083D0723EDB2FFF76C
:1079300050FFF82DCFD194F8D132312BD6D8EFE7C4
:1079400003462DE9F04793F82D600846002E65D0D8
:1079500093F81552D3F89010B3F88B4193F8D57281
:1079600093F8D3820022AD1A83F82D2001F1010192
:1079700018BF01254CB1632CD7BFC4EB84143F243E
:1079800031346422D8BFB4FBF2F4B3F91331002BC5
:1079900047D0642293FBF2F3522BA8BF5223132B40
:1079A000B8BF1323A3F113094FF0000A0523524671
:1079B000C0F800A0FFF70DFF022305225146FFF794
:1079C00008FF012307223946FFF703FF012308229E
:1079D0003946FFF7FEFE012309225146FFF7F9FE63
:1079E00002230A225146FFF7F4FE01230C225146DE
:1079F000FFF7EFFE01230D224146FFF7EAFE0123C8
:107A00000E222946FFF7E5FE072313222146FFF742
:107A1000E0FE06231A224946FFF7DBFE3046BDE8AA
:107A2000F0879946C0E700002DE9F84390F82E80D2
:107A30000D46B8F1000F3AD090F8E1300021FF2B4D
:107A400080F82E1003D00F2B28BF0F23194690F873
:107A5000E090B9F1030F2DD84FF000062FD07F270B
:107A60003446002228462A600423FFF7B2FE022390
:107A700004224946FFF7ADFE012202213846F9F7FC
:107A8000B9FD0823014606222846FFF7A2FE02237D
:107A90000E223146FFF79DFE022211462046F9F7DD
:107AA000A9FD0A23014616222846FFF792FE40460A
:107AB000BDE8F883A9F10306062E28BF06260A238F
:107AC000B0F8D870D0F8D440B7FBF3F70B4B7F2F4A
:107AD000A8BF7F279C4208DC094B9C4209DB64233A
:107AE0004FF0030994FBF3F4BBE7064C4FF0030996
:107AF000B7E7054C4FF00309B3E700BFC3C9C100A6
:107B00003D363EFF18F00100E80FFEFF2DE9F04181
:107B100090F830302DED088B05460E462BB9002726
:107B2000BDEC088B3846BDE8F08190F8D272002396
:107B300080F83030002FF2D0D0ED8A7AD0F835318D
:107B40009FED60BA9FED60AAF8EEE78A09EE103A61
:107B500068EE8B8AB8EEC99A68EE8A8A29EE0B9A8B
:107B6000B0EE680A0AF038FC29EE0A9AF0EE40AA54
:107B7000B0EE490A0AF030FCD5F83931D5ED8B7AF0
:107B800008EE103AB8EEC88AF8EEE77A28EE0B8ACB
:107B90006BEE677A28EE0A8AF0EE409AA7EE8A8AA0
:107BA0004FF00008B0EE480A0AF056FC29EE80BA01
:107BB000B0EE490A0AF050FCF0EE40BAB0EE680AA6
:107BC0000AF04AFCB0EE40AAB0EE480A0AF004FC03
:107BD00029EE8AAA60EE4A0AB0EE4B0AEAEEAB0A38
:107BE0000AF0F8FBDFED397A60EE277A39EE689A11
:107BF000F5EEC07AF1EE10FA44BF9FED357A77EEDC
:107C0000877AB6EE00AAFDEEE77A29EE0A0A17EEA9
:107C1000903A9BB2A3F1B40424B2002CBCBFB4339D
:107C20001CB2B4F5B47FA4BFA4F5B47424B20AF0B6
:107C300013FCF0EE408A28EE0A0A0AF00DFC60EE12
:107C4000007A67EEAA7A27EEA90AA8EEA80A0AF037
:107C50004DFB0AF093FBDFED1F7AD5F84131C6F8F2
:107C6000008020EE270A6422BDEEC00A93FBF2F5E5
:107C7000B8EEC00A0222FDEEC07A032117EE900A88
:107C8000F9F7B8FC07EE905A01460C2342463046FD
:107C9000FFF79FFDF8EEE77A0222FDEEE77A032177
:107CA00017EE900AF9F7A6FC0D2301460C22304688
:107CB000FFF78FFD07231922032194FBF1F1FFF752
:107CC00088FD2DE795BFD63335FA8E3CE12E65420F
:107CD0000000B443706D424BF8B590F831702DED53
:107CE000028B04460D46002F43D0D0F8853100EEBC
:107CF000103A0026B2EE048A80F8316028EE000ABD
:107D00000AF016FBD4F87D31F0EE408A00EE103A0E
:107D100028EE000A0AF00CFBB4F989112E60FDEE82
:107D2000E87A01EB810417EE900A01220221B0EEFD
:107D3000408AF9F75FFC0923014632462846FFF7DF
:107D400048FDFDEEC87A0122022117EE900AF9F7EC
:107D500051FC0823014609222846FFF73AFD0B2370
:107D600011222146FFF735FD01231C223146FFF782
:107D700030FDBDEC028B3846F8BDF8B590F83D708B
:107D80002DED028B04460D46002F43D0D0F88531EF
:107D900000EE103A0026B2EE048A80F83D6028EE2C
:107DA000000A0AF0C5FAD4F87931F0EE408A00EE04
:107DB000103A28EE000A0AF0BBFAB4F989112E60D5
:107DC000FDEEE87A01EB810417EE900A0122022110
:107DD000B0EE408AF9F70EFC0923014632462846E8
:107DE000FFF7F7FCFDEEC87A0122022117EE900A98
:107DF000F9F700FC0823014609222846FFF7E9FCB1
:107E00000B2311222146FFF7E4FC01231C22194613
:107E1000FFF7DFFCBDEC028B3846F8BDF8B590F8F3
:107E200032702DED048B04460D46002F4AD0D0F859
:107E300019319FED269A9FED260A07EE903A67EEDC
:107E4000897A0026B1EE048A80F83260A7EE880AAB
:107E50000AF06EFAD4F81D3107EE903AF0EE408A3F
:107E600067EE897A9FED1B0AA7EE880A0AF060FA8E
:107E7000DFED197AB0EE408A94ED860A20EE270AEB
:107E80000AF056FAFDEEE87A284617EE901A0B2310
:107E900032462E60FFF79DFCFDEEC87A0A2317EEEE
:107EA000901A0B22FFF795FCFDEEC07A0122032108
:107EB00017EE900AF9F79EFB0B2301461522284680
:107EC000FFF787FCBDEC048B3846F8BDE12E654218
:107ED000000061440000E1430000C84238B5034699
:107EE000084693F8334014B90024204638BD93F86F
:107EF000DC220132D2B20021032A83F833100FD9D9
:107F000083F8DC1293F894100125002202601823F4
:107F1000FFF75FFC082318222946FFF75AFCE4E725
:107F200083F8DC22002AEDD0012ADDD1D3F8D81263
:107F30000029D9D00425E8E71C2945D8DFE801F05D
:107F40000F121416181A1C1E4420442244242628FA
:107F50002A2C2E30323436383A3C3E4042001B49FF
:107F60000BF054BB1A49FBE71A49F9E71A49F7E73E
:107F70001A49F5E71A49F3E71A49F1E71A49EFE711
:107F80001A49EDE71A49EBE71A49E9E71A49E7E721
:107F90001A49E5E71A49E3E71A49E1E71A49DFE731
:107FA0001A49DDE71A49DBE71A49D9E71A49D7E741
:107FB0001A49D5E71A49D3E71A49D1E71A49CFE751
:107FC0001A49CDE71A49CBE71A49C9E7205A0108EF
:107FD000415501086D550108725501087755010892
:107FE0007C55010881550108865501088B5501080B
:107FF00090550108955501089A5501089F550108AB
:10800000A4550108A9550108AE550108B35501084A
:10801000B8550108BD550108C2550108C7550108EA
:10802000CC550108D1550108D6550108DB5501088A
:10803000E0550108654D0108192941D8DFE801F034
:108040000D10121416181A1C1E4020222426282A4D
:108050002C2E30323436383A3C3E1A490BF0D6BA20
:108060001949FBE71949F9E71949F7E71949F5E70C
:108070001949F3E71949F1E71949EFE71949EDE71C
:108080001949EBE71949E9E71949E7E71949E5E72C
:108090001949E3E71949E1E71949DFE71949DDE73C
:1080A0001949DBE71949D9E71949D7E71949D5E74C
:1080B0001949D3E71949D1E71949CFE71949CDE75C
:1080C0001949CBE74B55010886550108205A01088C
:1080D000E555010841550108EA550108EF55010829
:1080E000F45501089F550108725501088155010892
:1080F0007C550108F9550108B35501087755010869
:10810000FE55010803560108085601080D560108DE
:1081100012560108175601081C560108215601087D
:10812000265601082B560108654D0108102925D84F
:10813000DFE801F0090C240E1012141618241A1C82
:108140001E24242022000E490BF060BA0D49FBE7E3
:108150000D49F9E70D49F7E70D49F5E70D49F3E753
:108160000D49F1E70D49EFE70D49EDE70D49EBE763
:108170000D49E9E70D49E7E70D49E5E70D49E3E773
:108180004B55010841550108305601081C5C010897
:108190007C550108C7550108355601083A560108B3
:1081A0007255010881550108BD5501087755010830
:1081B000FE550108654D0108142921D8DFE801F0BA
:1081C0000B0E101214202016201820202020202012
:1081D0001A20201C1E000B490BF018BA0A49FBE7B5
:1081E0000A49F9E70A49F7E70A49F5E70A49F3E7CF
:1081F0000A49F1E70A49EFE70A49EDE70A49EBE7DF
:108200000A49E9E7205A0108415501083F5601088B
:108210007255010877550108865501084456010832
:10822000A45501084B55010849560108654D010840
:1082300023289ABF014B185C022070476B6001082D
:108240000B46013B1146032B0BD8DFE803F0020479
:108250000608FFF771BEFFF7EFBEFFF767BFFFF736
:10826000ABBF01490BF0D2B9654D010838B5384BA9
:108270000446821C03F1280153F8040B42F8040B56
:108280008B42F9D100252946C4E9245584F8985039
:108290002B2204F199000BF009FC2946342204F149
:1082A000C4000BF003FC29461D2204F1F8000BF07A
:1082B000FDFB29461C2204F215100BF0F7FB2946A2
:1082C0001C2204F231100BF0F1FB29461A2204F2B1
:1082D0004D100BF0EBFB2946122204F267100BF055
:1082E000E5FB2946142204F279100BF0DFFB294646
:1082F000162204F28D100BF0D9FB2946362204F227
:10830000A3100BF0D3FB2946362204F2D9100BF050
:10831000CDFB2946C4E98655C4E98855C4F80F52F7
:10832000C4F8135284F817523C2204F50A700BF07B
:10833000BDFB2946362204F519700BF0B7FB362237
:10834000294604F29A200BF0B1FB204638BD00BF4D
:10835000804B01082DE9F04F2DED068B85B0437E53
:10836000C77E0093837E009A457F867F90F820C069
:1083700090F82BE090F82D80BF000C4647EA931749
:1083800003F03F01037F490141EAD20103F00102FA
:1083900047EA822705F00F02D20142EA530206F0B3
:1083A0007F031B0143EA1513C57F01936D0045EA66
:1083B000D6150CF0030645EA462390F82160029298
:1083C00006F01F05AD0108EE103A45EA9C0390F84F
:1083D000225090F824C00391ED0008EE903A45EA4F
:1083E000561390F823500CF0070609EE103A45EAB0
:1083F000062390F8255005F03F06760109EE903AE5
:1084000046EADC0390F8266090F827C0B60046EAFA
:1084100095160CF0010546EA852690F8285005F0DF
:108420000F0B4FEACB1B4BEA5C0B90F829C00CF00A
:108430007F0A4FEA0A1A4AEA151A90F82A506D0084
:1084400045EADC150EF0030C45EA4C2590F82CC0EB
:108450000AEE103A4FEAC808009B48EA5C180CF094
:108460001F0990F818C003F007004CEA00204FEAFB
:10847000891949EA9E09F8F730FD039920800846DA
:10848000F8F72BFD60803846F8F727FD029AA080A8
:108490001046F8F722FD019BE0801846F8F71DFD15
:1084A000208118EE100AF8F718FD608118EE900A86
:1084B000F8F713FDA08119EE100AF8F70EFDE08120
:1084C00019EE900AF8F709FD20821AEE100AF8F763
:1084D00004FD60823046F8F700FDA0825846F8F7A8
:1084E000FCFCE0825046F8F7F8FC20832846F8F7B9
:1084F000F4FC60834846F8F7F0FCA0834046F8F7A8
:10850000ECFCE08305B0BDEC068BBDE8F08F4A784B
:10851000013A92B202310020F8F740BD38B5044666
:108520000175002937D0002580F8BD50034680F83A
:108530006C5000F1500280F8655080F8665080F869
:10854000675080F8685080F86A5080F86B5083F864
:108550008451C3F8885108339342F8D14FF6FF7322
:10856000A4F8BE300C4BC4F8C03004F5EA70FEF736
:10857000FFFF0A4B0A4A1A600A4B0B4AC4F8B4546C
:10858000A4F8B854C4F8BC5420461A60FEF728FA80
:10859000064B074A1A6038BD0000C07F70020020F9
:1085A000656A000874020020B56A000824340020BF
:1085B0008D6A0008037D70B504460D4613B9002688
:1085C000304670BDFEF77CFA94F8653003F0FF0684
:1085D000002BF4D0002384F8653004F11501204607
:1085E000FFF795FFA37D23449B7D8342E7D1294676
:1085F0002046FFF7AFFEE3E70346007D30B560B3EA
:1086000093F86C4004F0FF003CB31D79002483F81C
:108610006C403DB1132A1C7111D8114C22784AB913
:1086200001222270DA88541CD2B2DC8052B90323B2
:108630000B7012E0013AD2B22270002AF2D100226D
:10864000DA80EFE793F8672002F0FF0432B10022EE
:1086500083F8672005230B70204630BD0423E7E72D
:1086600036070020027D03460AB90020704790F8C3
:10867000682002F0FF0022B1002283F868200A700F
:10868000704793F86A2002F0FF002AB1002283F8B5
:108690006A2001230B70704793F86B2002F0FF00F3
:1086A00022B1002283F86B200223F3E793F86620BF
:1086B00002F0FF00002AD8D0002283F866205A7DFD
:1086C000EE2AD2D1DB7D812BCFD10323E2E738B56F
:1086D00004461D46EA23084684F86D30AB1C11465B
:1086E00084F86E302A4684F86F0004F170000AF0B6
:1086F000BBFF04F16D012046FFF709FF6319043544
:1087000083F87000EDB284F8BD5038BD13460A46B8
:108710008221FFF7DCBF000070B50C4600F1DC06DB
:1087200005461022002130460BF0C0F96379032B77
:1087300010D12079FFF77CFD22680146D2B2304685
:10874000FFF77EFD94F90630002B03DB034930462A
:108750000AF064FF012385F8843170BD6B55010870
:1087600037B504460D460868496850EA010331D020
:10877000194A0023F8F7DAF9CDE9000168460BF051
:1087800081F8436903F26C735BBAA4F8D3300369D0
:10879000114A013384F8D530C36884F8D630836831
:1087A00084F8D730436884F8D830036884F8D93027
:1087B000286869680023F8F7B9F9104619464FF49C
:1087C0007A720023F8F7B2F940BA0123A4F8DA006C
:1087D00084F8CC3103B030BD40420F00002310B507
:1087E0001A464FF6FF74191D00EB41010133498809
:1087F000A14218BF52180A2BF5D1B0F82930134402
:10880000B0F82B201A44B0F82D30B0F82F001344E4
:10881000184410BD2DE9F04190F82F7004460D4624
:1088200097B3002680F82F6000F2A310FFF7D6FF61
:10883000B4F9C131D4F8A3812E60B342B8BF344635
:108840004FF0640290FBF2F1A8BF0A222846A8BFAD
:1088500093FBF2F409230022FEF7BBFF0122022161
:108860002046F8F7C7FE0823014609222846FEF7EE
:10887000B0FF47F6FF7141454FF00F034FF0110273
:10888000A8BF4146FEF7A5FF3846BDE8F0812DE9B7
:10889000F04190F8347004460D4697B3002680F8F6
:1088A000346000F2D910FFF799FFB4F9F731D4F82A
:1088B000D9812E60B342B8BF34464FF0640290FBBA
:1088C000F2F1A8BF0A222846A8BF93FBF2F40923BD
:1088D0000022FEF77EFF012202212046F8F78AFEE1
:1088E0000823014609222846FEF773FF47F6FF7169
:1088F00041454FF00F034FF01102A8BF4146FEF76C
:1089000068FF3846BDE8F081F0B591B00D46F2231E
:1089100001A904461646ADF80830FFF711F838B142
:108920002389ADF80A30019B039301238DF80930A8
:1089300001A92046FFF7D0F970B19DF8093010A9C0
:10894000062202FB0312218A22F8361C0133019908
:1089500042F8341C8DF8093001A92046FFF70DFAC2
:1089600070B19DF8093010A9062202FB0312218D77
:1089700022F8361C0133019942F8341C8DF8093075
:1089800001A92046FFF74AFA70B19DF8093010A9F5
:10899000062202FB0312618A22F8361C0133019978
:1089A00042F8341C8DF8093001A92046FFF73CF845
:1089B00070B19DF8093010A9062202FB03126189EB
:1089C00022F8361C0133019942F8341C8DF8093025
:1089D00001A92046FEF70FFF70B19DF8093010A9DC
:1089E000062202FB0312618822F8361C013301992A
:1089F00042F8341C8DF8093001A92046FEF721FF0A
:108A000070B19DF8093010A9062202FB0312A1885B
:108A100022F8361C0133019942F8341C8DF80930D4
:108A20009DF80970082F11D801A92046FFF7F2FE22
:108A300060B110AA062303FB0723A28923F8362C72
:108A40000137019A43F8342C8DF809709DF80970AC
:108A5000082F11D801A92046FFF719FF60B110AA0D
:108A6000062303FB0723E28A23F8362C0137019AF9
:108A700043F8342C8DF809709DF80970082F11D82F
:108A800001A92046FFF742F860B110AA062303FBB4
:108A90000723E28923F8362C0137019A43F8342C56
:108AA0008DF809709DF80970082F11D801A920468A
:108AB000FFF714FA60B110AA062303FB0723A28A6A
:108AC00023F8362C0137019A43F8342C8DF80970BD
:108AD0009DF80970082F11D801A92046FEF7DCFE89
:108AE00060B110AA062303FB0723E28823F8362C83
:108AF0000137019A43F8342C8DF809709DF809006C
:108B000050B100EB40035B000233DAB2327002A9CD
:108B100028460AF0A9FD012011B0F0BD2DE9F04F63
:108B2000334B04461F68064600F15001034697B0D8
:108B300040F6C4100125D3F8882122B1BA1A824226
:108B400088BF83F8845108338B42F4D14FF000087A
:108B50008DF8078004F17809254604F16D0A96F82E
:108B600084319DF807B05BB395F814310BEB030229
:108B70002B2A0DDD9DF8075045B32A4602A904F1C2
:108B80006D000AF071FD84F8BD5017B0BDE8F08F9C
:108B900086F88481C6F88871D5F8102195F80C11F3
:108BA0002046FFF794FD02AB03EB0B0094F8BD20C9
:108BB00051460AF059FD94F8BD305B448DF80730FA
:108BC0000C354D4506F10806C9D1D3E70DF1070272
:108BD00002A904F5EA70FFF797FE0028D5D09DF8AA
:108BE000073002AA80212046FFF771FDCDE700BFC4
:108BF000385E002070B591F8205004460E465DBBEB
:108C00000846FFF7EBFD642390FBF3F040BAA4F8AD
:108C1000EC00B6F91E30591C1CBF0A2593FBF5F574
:108C20006DBAA4F8EE5033680C4A23EAE37393421A
:108C300028BF13461A0C84F8F0201A0A84F8F12091
:108C400084F8F23096F923305A1C08BF002384F8C8
:108C5000F330012384F8C43170BD00BFFFFF7F00F3
:108C60008B689FED147A07EE903A67EE877AFDEEF7
:108C7000E77A17EE903A5BBAA0F8F4304B6807EE4B
:108C8000903A67EE877AFDEEE77A17EE903A5BBA94
:108C9000A0F8F630CB6807EE903A67EE877AFDEEE3
:108CA000E77A17EE903A5BBAA0F8F830012380F823
:108CB0009431704700401C464B681BBAC0F8C43062
:108CC0008B681BBA4FF47A72C0F8C830CB6893FB3C
:108CD000F2F3134483F310035BBAA0F8D0304B8B4C
:108CE0005BBAD0ED307AA0F8CE30B2EE047A67EEFF
:108CF000877A9FED0F7A67EE877AFCEEE77A17EEB8
:108D0000903A5BBAA0F8CC3090F8BE30FF2B0CD074
:108D100090F8BF20FF2A02D0934238BF134680F854
:108D2000D230012380F88C3170470023F7E700BF71
:108D3000666666400B689FED127A07EE903A67EE22
:108D4000877AFCEEE77A17EE903A5BBA0122A0F838
:108D5000FF3080F8AC214B68C0F8C030CB689FED85
:108D6000097A80F89C2107EE903A67EE877AFDEE4B
:108D7000E77A17EE903A5BBAA0F8FA30704700BF76
:108D8000000010420000C8424B689FED157A07EEC4
:108D9000903A67EE877A0122FCEEE77A9FED117A2E
:108DA00017EE903A1BBAC0F80431B1F90C3080F8D4
:108DB000BC211BBAC0F8083180F80121B1F90C3090
:108DC00080F8B42107EE903AF8EEE77A67EE877AFA
:108DD000FDEEE77A17EE903A5BBAA0F802317047E1
:108DE0000000C842CDCCCC3D70B58A68C2F31702F2
:108DF0003E2A90B004460B4600F0938141D8212AC8
:108E000026D8172A0AD8012A00F03181022A00F058
:108E10009480002A00F0848010B070BD183A092AAE
:108E2000FAD801A151F822F08F8F0008198E00089E
:108E3000198E0008BB900008198E00082D900008BC
:108E4000758F0008198E0008198E0008139000080D
:108E50002A2AE1D14D78112D01F10C0100F2538144
:108E60002A4601A80AF000FC01ABC5F1120200215C
:108E700058190AF01BFE01A904F5EA70FEF7F8FB89
:108E8000CAE7A22A00F097812DD8882A00F06D81C8
:108E90001AD84A2A00F0B1807C2ABDD14D78382DED
:108EA00001F10C0100F29B802A4601A80AF0DCFBCC
:108EB00001ABC5F13902002158190AF0F7FD9DF800
:108EC000253084F8BF30A7E7932AA5D101A8F9F788
:108ED0004BF801A92046FFF78DFE01A904F5EA70C1
:108EE000FEF70CFC98E7F22A00F077810DD8AD2A46
:108EF00000F06A81E22A8FD101A8F9F787F801A969
:108F000004F5EA70FEF739FC86E7FD2A84D101A852
:108F1000F9F72AF801A904F5EA70FEF749FC7BE7A6
:108F200001A8F9F759F801A92046FFF7F5FB01A9B7
:108F300004F5EA70FEF72EFB6EE74D780B2D01F17C
:108F40000C0610D82A46314601A80AF08DFB01AB69
:108F5000C5F10C02002158190AF0A8FD01A920460C
:108F6000FFF7FEFB58E7C868716801AA03C2B06842
:108F70001060F3E7194601A8F9F713F8204601A994
:108F8000FFF76EFE04F5EA70FEF741FB44E75D78FB
:108F9000332D03F10C0114D82A4601A80AF064FB12
:108FA00001ABC5F13402002158190AF07FFD9DF88C
:108FB000213084F8BE3001A904F5EA70FEF70CFBFD
:108FC0002AE70A4601AD3C33106851682E4603C6B5
:108FD00008329A423546F7D110683060E7E70A4612
:108FE00001AD4433106851682E4603C608329A42D8
:108FF0003546F7D11378337061E701A8F9F799F88E
:10900000204601A9FFF796FE04F5EA70FEF74AFB39
:1090100002E7194601A8F8F7C4FF204601A9FFF7A7
:109020004BFE04F5EA70FEF701FBF5E65D780F2DC7
:1090300003F10C010FD82A4601A80AF015FB01AB79
:10904000C5F11002002158190AF030FD01A920468F
:10905000FFF79AFEE0E60A4601AE1C33106851683D
:10906000354603C508329A422E46F7D1EEE74D78D1
:109070002A2D01F10C0110D82A4601A80AF0F4FAB1
:1090800001ABC5F12B02002158190AF00FFD01A90F
:1090900004F5EA70FEF792FABEE60A4601AD3433F3
:1090A000106851682E4603C608329A423546F7D1F9
:1090B00011889378B3703180E9E75D781C2D03F156
:1090C0000C0110D82A4601A80AF0CEFA01ABC5F16E
:1090D0001D02002158190AF0E9FC01A904F5EA7003
:1090E000FEF789FA98E60A4601AD24331068516804
:1090F0002E4603C608329A423546F7D110683060D2
:1091000013793371E9E70A4601AD1C3310685168E1
:109110002E4603C608329A423546F7D1138833806B
:10912000A9E64D78192D01F10C0110D82A4601A8A5
:109130000AF09AFA01ABC5F11A02002158190AF097
:10914000B5FC01A904F5EA70FEF79FFA64E60A4649
:1091500001AD2433106851682E4603C608329A4286
:109160003546F7D113883380EBE74D78152D01F1A3
:109170000C0110D82A4601A80AF076FA01ABC5F115
:109180001602002158190AF091FC01A904F5EA70B1
:10919000FEF7A7FA40E60A4601AD1C331068516895
:1091A0002E4603C608329A423546F7D11068306021
:1091B0009388B380E9E701A8F8F70EFF01A904F549
:1091C000EA70FEF7C3FA27E601A8F8F71FFF01A926
:1091D00004F5EA70FEF7C7FA1EE64D783B2D01F163
:1091E0000C0110D82A4601A80AF03EFA01ABC5F1DD
:1091F0003C02002158190AF059FC01A904F5EA7053
:10920000FEF7C5FA08E60A4601AD44331068516816
:109210002E4603C608329A423546F7D110683060B0
:10922000EBE700BF4A7922B18B79012B01D1FFF71F
:10923000DBBD7047B0F5E16F03DC10F5E16F04DBD7
:109240007047A0F5616000B2F4E700F5616000B21C
:10925000F3E70000B0F8B8348A8810B5044613F07C
:10926000080008BFC4F8900113F0020308BFC4F857
:10927000A831B2F5005F00F0B58007D86C2A18D08D
:109280006D2A00F09D806A2A6ED010BD42F2020362
:109290009A4249D042F6FF739A42F6D1D4F8BC24E0
:1092A000896804F1DC00FEF7FBF8012384F88431BF
:1092B000EBE7B1F90A009FED4F7AFFF7BBFF07EE2E
:1092C000900AF8EEE77A67EE877AFDEEE77A17EE16
:1092D000903A5BBAA4F8F430B1F90800FFF7AAFF9E
:1092E00007EE900AF8EEE77A67EE877A9FED427A0A
:1092F000FDEEE77A17EE903A5BBAA4F8F630B1F9D2
:109300000C00FFF797FF07EE900AF8EEE77A67EE9A
:10931000877AFDEEE77A17EE903A5BBAA4F8F83058
:10932000012384F89431B0E7B1F809300A22B3FB85
:10933000F2F35BBAA4F8EC30B1F80B30B3FBF2F304
:109340005BBAA4F8EE30D1F8113084F8F2301A0C80
:1093500084F8F0201A0A84F8F1204B7F84F8F33067
:10936000012384F8C43190E700288ED0D1F80A3068
:109370001BBAC4F8C430D1F80E301BBAC4F8C830D8
:109380008B8A2422534332336422B3FBF2F35BBA59
:10939000A4F8CC30CB8A0A2043435BBAA4F8CE3081
:1093A000D4F8B43493FBF2F303F57A735BBAA4F800
:1093B000D0304B7A84F8D230012384F88C3164E7C2
:1093C000B1F90C2052BAA4F8FA20012284F89C21A9
:1093D000002B3FF45AAFD1F80E30C4F8B43484F8FF
:1093E0008C2152E78B89A4F8B834D1F81130C4F835
:1093F000BC344AE758A08B416E882E437FB5204C81
:10940000054694F99200F7F79FFD00268DF80400B9
:1094100020468DF80560F7F7E8FC94F895308DF854
:109420000830184B8DF8060098788DF80760F7F72C
:109430007BFD8DF809001448FBF739F8F7F74FFD6D
:109440008DF80A002046F7F7ABFCF7F77DFD8DF8A5
:109450000B002046F7F7B6FC8DF80C002046F7F716
:10946000A8FC8DF80D002046F7F7CAFC0A238DF8FA
:10947000050001AA14212846FFF729F904B070BDA0
:1094800058320020140400200433002073B5184C17
:1094900005462046F7F784FCF7F756FD8DF80000E7
:1094A0002046F7F77DFC06461248FAF7E9FF014629
:1094B0003046F7F753FD8DF801002046F7F782FCA0
:1094C0008DF802002046F7F774FCFF238DF8043076
:1094D000094B8DF803009878F7F72EFD06238DF8D9
:1094E00005006A461D212846FFF7F1F802B070BD5D
:1094F000583200200433002014040020F7B5144D26
:10950000144E044695F99200F7F71EFD8DF8000001
:10951000304695F99270FAF7B3FF01463846F7F7EF
:109520001DFD8DF801002846F7F75FFC00238DF83C
:10953000020030468DF80330FAF7B9FF05238DF8A5
:1095400004006A461C212046FFF7C1F803B0F0BDB5
:10955000583200200433002030B595B04EF6EA634F
:109560001A49ADF80030044614220DF10200F7F755
:10957000ADFE0DF10200F6F73DFEC3B2DA1CD0B22B
:10958000694651FA82F26D250DF800504C2050705A
:10959000522090705320D070312010716FF02B004A
:1095A000002150710425012011339171D171117284
:1095B00050729572D07211735173DBB26A462921D1
:1095C0002046FFF784F815B030BD00BF29550108CB
:1095D00070B5054694B005F16D06FFF70FFF95F8DD
:1095E000BD20314668460AF03FF895F8BD40284650
:1095F000E4B2FFF74BFF95F8BD2031460DEB0400B8
:109600000AF032F895F8BD301C442846E4B2FFF762
:1096100075FF95F8BD2031460DEB04000AF024F8E3
:1096200095F8BD301C44E4B22246694630460AF043
:109630001BF885F8BD4014B070BD00000038024B27
:1096400018BF012018707047F406002070B552BB97
:10965000042B5BD89EB22BB34F4C94F828301546A0
:10966000626A0333DBB2D20084F82830626213E00E
:10967000083BDBB284F82830B1F800C0BCF5817F2C
:109680000CF1010E40D2626AA1F800E022FA03F365
:1096900000F80C3094F82830072BE9D80135AAB22D
:1096A0009642DDD870BDFF2AFCD1032B51D81FFA9A
:1096B00083FC002BF6D0384C94F828304FF0000E85
:1096C000626A04331201DBB242F0020284F82830ED
:1096D000626210E0083BDBB284F828300A88B2F5F9
:1096E000817F02F1010610D2656A0E8025FA03F32C
:1096F000835494F82830072BECD80EF1010E1FFA92
:109700008EF29445DCD870BDFEE7FEE7224C626A1B
:1097100003F5C06343EA423294F8283062620D33A5
:10972000DBB284F8283010E0083BDBB284F8283044
:109730000A88B2F5817F02F1010609D2656A0E80BE
:1097400025FA03F3835494F82830072BECD870BD26
:10975000FEE7114C626A03F5E06343EA423394F892
:109760002820636202F10D03DBB284F828300EE09A
:10977000083BDBB284F828300A88B2F5817F09D231
:10978000656ADD40531C0B80855494F82830072B04
:10979000EED870BDFEE700BFF40E00202DE9F84FB3
:1097A000644C0027FF250F8005708025676284F8D0
:1097B0002870A5779946002B00F0AF8003F1FF3A9F
:1097C0000B8812FA8AFA561E02F1FF08BB463A4687
:1097D000FF2B16F8015F0DD88AB15D450BD101371B
:1097E000BFB2994540F28680B24500F08680B04510
:1097F000EED1FEE7FEE7FBB25A46FFF727FF6B1EEE
:10980000DBB2FD2B2AD83F2B51D905F14103DBB246
:109810003F2B28D894F82820636A0135EDB208322E
:10982000D2B245EA032384F82820636211E0083AA3
:10983000D2B284F828200B88B3F5817F03F1010CA4
:1098400034D2656AA1F800C025FA02F2C25494F835
:109850002820072AEBD80B880022C2E701270B88B3
:10986000AB463A46BDE794F82820636A3F35EDB22F
:109870000932D2B245EA432384F82820636211E01A
:10988000083AD2B284F828200B88B3F5817F03F11F
:10989000010C0AD2656AA1F800C025FA02F2C2548E
:1098A00094F82820072AEBD8D5E7FEE7FEE794F8DE
:1098B0002820636A7F35EDB20832D2B245EA03232D
:1098C00084F82820636211E0083AD2B284F8282094
:1098D0000B88B3F5817F03F1010C0AD2656AA1F808
:1098E00000C025FA02F2C25494F82820072AEBD8C7
:1098F000B1E7FEE70020BDE8F88FAAB994F8282068
:1099000062B1646AC2F108020125944005FA02F2CC
:10991000013A22435C190C80C2540B88994594BFCC
:1099200000200120BDE8F88FFBB25A46FFF78EFEFB
:109930000B88E3E7F40E00202DE9F04F47F26F7338
:109940000022827003800B78A3F1FE03B3FA83F345
:109950005B0983708A780D4612F001011CBF43F049
:1099600080038370D5F8202122F07F4222F0FF028D
:1099700085B0044612B143F008038370AA68C2F3AD
:109980001702FF2A1ED9B2F5803F18D363F07F0378
:10999000A37041F002014FF0020E09234FF00A0CB0
:1099A0000822E1700B20CDF804C01E4617464FF088
:1099B00007094FF0060A4FF0050B042117E043F0AA
:1099C0000203A370180600F1DF8008234FF0090C92
:1099D00007220A204FF0000ECDF804C01E4617469D
:1099E0004FF006094FF0050A4FF0040B032195F8DC
:1099F000018004F8018004EB0108297904F80B10B8
:109A0000697904F80A10A97904F80910A1780907FE
:109A100009D595F82111A15495F82211A1550346B5
:109A2000674662460646A968A154A278900707D502
:109A3000BA1C1F46AB68C3F30F23A35596B2334637
:109A4000BEF1000F05D05A1C1F46AB7AA35596B243
:109A50003346A278D10606D55A1C1F4695F8233105
:109A6000A35596B233464A4A127803F1010914FA13
:109A700089FA05F10C0B42B16B785A460DF10E01D3
:109A80005046FFF78BFE00285CD16A785046594655
:109A90001FFA82FA09F0E8FD22783E4B6178D24342
:109AA000D2B2072F9A5C82EA0102995CA27882EA1C
:109AB0000102995CE27882EA0102995C227982EAE9
:109AC0000102995C627982EA0102995CA27982EAD8
:109AD0000102995CE27982EA01029A5C1BD0217A48
:109AE0004A40082F9A5C16D0617A4A40092F9A5C46
:109AF00011D0A17A4A400A2F9A5C0CD0E17A4A40F0
:109B00000B2F9A5C07D0217B4A400C2F9A5C1EBF1A
:109B1000617B4A409A5CA2551AFA89F39BB2B3F56D
:109B2000947F0ED2B5F80C21E254981CB5F80C11B4
:109B30005A1C92B280B2090AB0F5947FA1540AD39C
:109B4000FEE7FEE7A378BDF80EA043F04003A37044
:109B500088F800A0A0E7AA78D20702D405B0BDE833
:109B6000F08FD5F81071D5F81811D5F81461275079
:109B700022180F335660916098B295F81C1111733A
:109B8000B0F5947FEAD3FEE74FF0000E05E700BF83
:109B9000F4060020306801082DE9F84FB14C154655
:109BA0000F4680460146B04809F05EFD0022802342
:109BB000B5F5817F3A802284626284F822304FD2E8
:109BC000A94E84F828204FF0FF099246012A76D842
:109BD000B4F820C0654540F2B180616A16F80C30D7
:109BE00002F108000CF1010CC0B243EA0123A4F811
:109BF00020C0A0F1020C23FA0CF1063201F003019F
:109C00005FFA82FE0229636284F828E000F0BD80DA
:109C1000032944D0012924D1BEF1060F0DD8228C8E
:109C2000954240F28B80B15C00F1060E41EA0323BD
:109C300001325FFA8EFE22846362AEF1070E23FAD0
:109C40000EF303F07F037D2B84F828E076D83A8862
:109C5000FF2A23D84133511C398008F8023019E01B
:109C6000FEE7BEF1000F6BD1228C954266D9B15C44
:109C7000013241EA03232284072284F828201A06AD
:109C8000636200F1C8803B88FF2B06D85A1C3A80DB
:109C900008F803A094F8282098E7FEE7FEE7AEF165
:109CA000060E5FFA8EF284F828203A8823FA0EF323
:109CB000FF2A03F03F0301D8413BCCE7FEE7636A8C
:109CC000A2F1020C23FA0CF101F003015FFA8CFE01
:109CD000022984F828E003D003291CD0104699E714
:109CE000BEF1050F51D8218C8D4227D9705C02F14D
:109CF000060E40EA032301315FFA8EFE636221847F
:109D0000AEF1060E23FA0EF384F8282003F03F0389
:109D10003A8801339FE7BEF1050FC0D8218C8D42F0
:109D20000CD9705C02F1060E40EA032301315FFAA0
:109D30008EFE21846362AEF1060EB4E7BDE8F88FB3
:109D40000CF1FF3123FA01F10EF1FF32D2B2C90753
:109D500084F8282097D5F2B9228C9542EED9B15CCF
:109D6000013241EA032322840722636284F8282017
:109D700013F0800F40F08C803B88FF2B00F287802F
:109D80005A1C3A8008F8039084E7AEF1060E636A25
:109D90005FFA8EF2B6E7013A23FA02F1AEF102025F
:109DA000D2B2C80784F82820E6D5002A5ED1228CDA
:109DB0009542C3D9B15C41EA032301320721180659
:109DC0002284636284F8281058BF08222AD4B4F889
:109DD00020C06545B2D90732D0B216F80C2042EA4D
:109DE00003220CF10103238462621346083884F8CD
:109DF0002810C34038885FFA83FB00EB0B03FF2B6E
:109E00000FDC40445A46002109F050FE3B880BEB22
:109E100003023A803EE7062284F8282013F0400F20
:109E2000A8E7FEE708460822218C8D4286D916F85D
:109E300001C007324CEA03230131D2B221846362AC
:109E400084F82800083A23FA02F238885FFA82FB85
:109E500000EB0B03FF2B03DC40445A46FF21D3E702
:109E6000FEE700BFF40E0020C80D0020511EAEF129
:109E7000030023FA01F1C0B2C90784F8280011D405
:109E800007280DD9AEF10B01636AC9B2AEE7FEE750
:109E9000511EC8B223FA01F1C90784F8280001D481
:109EA000014694E70728BFD9A0F108010246C8B2CD
:109EB000C6E700BF2DE9F04F5788B7F58F7F8BB00D
:109EC000144606460BD90022227000226F2B6280B6
:109ED00000F02581002333700BB0BDE8F08F1278BD
:109EE0000E2A0D4624D80E2A00F2D58001A151F881
:109EF00022F000BFCB9E0008A3A0000897A0000896
:109F000097A00008A3A00008A3A00008A3A0000831
:109F1000A3A00008A3A00008A3A00008FBA00008BD
:109F200097A0000897A0000897A00008D7A00008F5
:109F3000692A40F2AE806A2A40F0AD80A74FF98AC4
:109F40004A1E92B2002900F021810332DFF890E22C
:109F500007EB020CB91CFF2211F8010B42406145CE
:109F60001EF80220F8D1934200F0FE804FF0000965
:109F700084F80090C4F80290A4F80690B7F8168010
:109F8000B8F1020FA6D997F804A0BAF16F0F00F04C
:109F90005A83B8F1030F9DD07A796F2A00F06F834E
:109FA000B8F1040F96D0BA796F2A00F06E83B8F139
:109FB000050F8FD0FA796F2A00F06483B8F1060F8D
:109FC00088D03A7A6F2A00F06C83B8F1070F81D0FD
:109FD0007A7A6F2A00F06283B8F1080F3FF47AAF03
:109FE000BA7A6F2A00F05783B8F1090F3FF472AFC5
:109FF000FA7A6F2A00F04C83B8F10A0F3FF46AAF87
:10A000003A7B6F2A00F05383B8F10B0F3FF462AF35
:10A010007A7B6F2A00F04E83B8F10C0F3FF45AAFF1
:10A02000BA7B6F2A00F08D81B8F10D0F3FF452AF6B
:10A03000FA7B6F2A00F06683B8F10E0F3FF44AAF47
:10A040003A7C6F2A00F06A83B8F10F0F3FF442AFF9
:10A050007A7C6F2A00F05F83B8F1100F3FF43AAFBB
:10A06000BA7C6F2A00F05483B8F1110F3FF432AF7D
:10A07000FA7C6F2A00F04983B8F1120F3FF42AAF3F
:10A080003A7D6F2A00F04D83B8F1130F3FF422AFF1
:10A09000FEE7632A05D800232370C4F80230E3806A
:10A0A00019E74E4FFA8A122A14D8B91801328B7068
:10A0B000FA822278092A3AD9A2F1640105293FF6E9
:10A0C00009AF653A042A00F27783DFE802F06D6990
:10A0D00065618300FEE77A1C6280EB55E388628845
:10A0E0009A4245D3002262802270B3F5947F4FF0EC
:10A0F00002020270438075D3FEE77A1C6280374EFD
:10A10000EB55A088727F618883189942FFF6E4AE10
:10A1100033785F0600F1B2810E232370DCE62F490D
:10A120000A800122CA8264228B702270D2E6002A41
:10A130003FF4D0AE013A082A3FF6CCAE01A151F867
:10A1400022F000BFF9A20008D59E0008D59E0008A5
:10A1500075A1000875A1000825A30008B7A2000892
:10A160007FA20008EFA200080A2201232270B2E6B3
:10A170000123B0E66288B2F5947F06D2511C61805B
:10A18000AB54237801332370A4E6FEE7FF22EAE60E
:10A190000722FB7622709DE66822BB76227099E644
:10A1A00001227B70227095E662883B700021B2F537
:10A1B000947F79700DD203F00103033B511C618041
:10A1C000AB5497F90030002BC0F2BB8201232370FF
:10A1D00080E6FEE76A223B7722707BE6F40E0020E1
:10A1E000306801082B78FD2B00F02681EB78037294
:10A1F0002B7943726B7943606A780832728000224F
:10A2000040F28510DFF808C47281FE210446013453
:10A2100099424FEA540400F2DF80C0F0EA808B429A
:10A2200040F023812B78FD2B00F01C814FF0060BB2
:10A230002846DFF8DC8310F801AF0BEB0A0909F1BF
:10A24000FF3189B2F7F718FD04EB440708EB8707E5
:10A25000ADF808003979019102A8F7F7E7FC05EBA2
:10A26000090215F809305278019903EB0223BDF871
:10A2700008209BB29A4200F0BE8005232BE662883C
:10A28000B2F5947F15D2511C6180AB547B7813F0EA
:10A29000020340F012826288B2F5947F0AD2511C08
:10A2A0006180AB543B78DD064CBF69236A23237081
:10A2B00010E6FEE7FEE76288B2F5947F15D2511CE6
:10A2C0006180AB543B787A78134313F0020340F07B
:10A2D000EB816288B2F5947F08D2511C6180AB5447
:10A2E0006288B2F5947FDAD3FEE7FEE7FEE7628884
:10A2F000B2F5947FD3D3FEE762883A83B2F5947FB8
:10A300000FD2511C6180AB543A787B7712F0010276
:10A3100000F0D68106220833A280E3800423237054
:10A32000D8E5FEE76288B2F5947F09D2511C6180BE
:10A33000AB543B781F074CBF672307232370C9E545
:10A34000FEE74FF00C09B8F1120F00D9FEE707EB5A
:10A35000080208F1010A1FFA8AFA937002AB52460A
:10A360001846AA49A7F816A009F07EF900223A80FB
:10A370000122FA826F22BA706422227009F101026E
:10A3800052450346BFF4A6AD08F1FF310DF10902B5
:10A39000A1EB09014A4412FA81F24B4401924FF0B9
:10A3A0006A0E4FF007084FF0010900224FF0690ACA
:10A3B000F98A12290FD878180131F98213F8011F90
:10A3C00081702078092800F2078100286FD1019957
:10A3D0009942EDD17EE5FEE7601E1418824204F139
:10A3E000010744D227F0010101EB57015CF821106D
:10A3F0000DE72246F1E7BB79DA0706D5FA799245EF
:10A4000082BF521912F80B20B2729B070BD5630062
:10A41000234408EB83036A781B7A9A4282BF5B1954
:10A4200013F80B30F3726300234408EB8308317395
:10A4300098F8053073734FE56B790372AB7943720B
:10A440006B7A297AEA791B0403EB012313444360F6
:10A450006A7802F10C014180A978C9077FF5CFAE77
:10A460001932CBE64FF00A0BE2E6032333E56849E5
:10A4700002EB4200144651F82010D0E602A928440D
:10A48000FFF78AFB737FBDF808106288CB1A9BB276
:10A490001A446280727F1A447277E2881344E38020
:10A4A000338BB3F5947F01D2E95435E6FEE70138EA
:10A4B00008288CD80FF2040C5CF820F0FDA40008EA
:10A4C000CFA30008CFA30008E1A40008E1A400087E
:10A4D0008FA500084FA50008B1A500082DA500080C
:10A4E0006088B0F5947F08D200F1010CA4F802C096
:10A4F000295421780131217069E7FEE760883883AB
:10A50000B0F5947F11D200F1010CA4F802C02954D7
:10A510003878797710F0010000F017810831E18078
:10A520000621A1800421217051E7FEE76088B0F583
:10A53000947F0BD200F1010CA4F802C029543978A1
:10A54000C90600F12C8184F800E040E7FEE760884E
:10A55000B0F5947F19D200F1010CA4F802C029547F
:10A5600039787878014311F0020140F01F8160884A
:10A57000B0F5947F0AD200F1010CA4F802C029546E
:10A580006088B0F5947FD5D3FEE7FEE7FEE76088EC
:10A59000B0F5947F0BD200F1010CA4F802C029544D
:10A5A0003978080700F1058184F800800FE7FEE79D
:10A5B0006088B0F5947F0ED200F1010CA4F802C0BF
:10A5C0002954797811F0020140F0EC806088B0F5F0
:10A5D000947FAFD3FEE7FEE7A0F1640CBCF1050F5A
:10A5E0003FF6F5AE6538042800F2EF80DFE800F0B2
:10A5F000120A05032900F976D6E7B9764FF068010B
:10A600002170E4E6797084F80090E0E6F60E002010
:10A610003069010860883970B0F5947F7A700FD284
:10A6200001F00101033900F1010CA4F802C0295422
:10A6300097F900100029ACBF494666212170C6E693
:10A64000FEE739777FE7B8F1120F3FF67FAE07EBF1
:10A65000080108F101028B7002AB92B21846624900
:10A66000FA8209F001F80122FA826422A7F8009028
:10A6700087F802A0034622704FF0020984E64FF0EB
:10A68000030960E64FF005095DE64FF004095AE65C
:10A690004FF0090957E64FF0080954E64FF0070953
:10A6A00051E64FF006094EE60823237012E44FF0FE
:10A6B0000A0948E64FF00B0945E60923237009E42F
:10A6C00061880C33E380B1F5947F4FF00A03A380D7
:10A6D00016D27B78481C03F0010360806B546188BC
:10A6E000B1F5947F0DD2481C60806A5413B1E388A1
:10A6F0000D33E380E388B3F5947FFFF40FAEFEE7FC
:10A70000FEE7FEE74FF00D091DE64FF011091AE6CE
:10A710004FF0100917E64FF00F0914E64FF00E093D
:10A7200011E6B8F1120F3FF611AEB844BA7088F8CE
:10A7300002300123FB82002264233A802370FFF75A
:10A74000C9BB66232370FFF7C5BBB4F802C00C3148
:10A75000E180BCF5947F4FF00A01A1801DD2797889
:10A760000CF1010B01F00101A4F802B005F80C1086
:10A77000B4F802C0BCF5947F10D20CF1010BA4F820
:10A7800002B005F80C0011B1E1880D31E180E188DB
:10A79000B1F5947FFFF4C6AEFEE7FEE7FEE784F86E
:10A7A00000A014E64FF00901217010E60821217085
:10A7B0000DE6672121700AE6772B0DD00023237068
:10A7C000C4F80230E380FFF785BB772908D02270F8
:10A7D000C4F80220E280FAE565232370FFF77ABB14
:10A7E0004FF065012170F2E5F60E002037B500F557
:10A7F000EF65044600F5CA612846F7F766FB024696
:10A80000A0680192036829461B699847E06838B13F
:10A810000368019A1B69294603B0BDE83040184718
:10A8200003B030BD08B583684BB1B0F84C14B0F834
:10A830004A04F7F747FE003818BF012008BD184644
:10A84000FCE70346806880B1B3F84C24B3F84A149F
:10A85000914209D09918013291F85004B3F84E147E
:10A860000A40A3F84C24704700207047836810B555
:10A8700004467BB10023A0F84C34A0F84A34C068E9
:10A8800010B10368DB699847A0680368BDE8104011
:10A89000DB69184710BD0000F8B5244F0446384660
:10A8A000F6F77EFAF6F7E8FA064697F99200F6F719
:10A8B000E3FA05463846F6F77CFA1D4B84F86066E5
:10A8C00093F8353084F86156333384F85536642272
:10A8D000442384F8622684F85636FF22D4F858368A
:10A8E00084F864266D2262F31703C4F85836C0F169
:10A8F0000A000023C4F85C3684F8713700B24FF4C4
:10A900003943A4F8723780F30700092384F86306FB
:10A9100084F8743704F5CA6004F5A471F7F758FE9B
:10A920002046BDE8F840FFF761BF00BF5832002065
:10A930007004002010B5194B194A93F83530C0F84F
:10A940006026333380F85536442380F85636D0F8E5
:10A9500058366FF31703C0F85836002380F85C367A
:10A9600080F85D3680F85E3680F85F3680F87137A3
:10A970004FF44853A0F8723703220923044680F8A5
:10A98000642680F8743700F5A47100F5CA60F7F703
:10A990001FFE2046BDE81040FFF728BF70040020CE
:10A9A00000088004F0B587B004460021102202A8F8
:10A9B000019109F07BF8484B93F8352001AB03CBAC
:10A9C00001ABC4F88006C4F8841603CB01ABC4F80D
:10A9D0008806C4F88C1603CB3332D2B2C4F8900682
:10A9E000C4F8941601AB04F5D36505AF1E4603CE3B
:10A9F000BE4228606960334605F10805F6D1338808
:10AA00002B80442384F85636D4F8583684F85526DB
:10AA1000942262F3170318216FF05E02C4F85836CF
:10AA200084F85C16002384F86C262021282284F800
:10AA30005D1684F85E3684F85F3684F8603684F8F4
:10AA4000613684F8623684F8633684F8643684F8B4
:10AA5000653684F8663684F8673684F8683684F894
:10AA6000693684F86A3684F86B3684F86D2684F883
:10AA70006E3684F86F3684F8703684F8713684F850
:10AA8000723684F8733684F8743684F8753684F830
:10AA9000763684F8773684F8783684F8793684F810
:10AAA0007A3684F87B3684F871374FF432430B4A98
:10AAB000A4F872374E2304F5CA60C4F87C2684F8E3
:10AAC000743704F5A471F7F783FD204607B0BDE89D
:10AAD000F040FFF78BBE00BF70040020D016CB0FF4
:10AAE00038B504461C4884F85E26002284F85F26A8
:10AAF00084F8602684F8612684F8622684F8632648
:10AB0000442290F8350084F85626D4F85826A4F844
:10AB10005C1684F8643684F871374D218F239DF8D4
:10AB2000105084F8733761F317020A23333084F826
:10AB3000550684F8655604F5CA60C4F8582684F8AA
:10AB4000725784F8743704F5A471F7F741FD204675
:10AB5000BDE83840FFF74ABE70040020F0B5022976
:10AB60008DB004460D461CD1424B43481B7800EB88
:10AB7000031000F58970F6F757FA404B1860404A09
:10AB80000C236B43D718D3583A7900210391511EF7
:10AB9000082908D8DFE801F0090963636767070738
:10ABA0006A002F29EBD90DB0F0BD1B788DF80C3061
:10ABB0008DF82C200021102207A8039E08F076FFB4
:10ABC000B96801910846F5F715FBC2B2102A019940
:10ABD00028BF102207A808F047FD274BC4F85C6681
:10ABE00093F835209DF82C3084F8743630213332B8
:10ABF00084F860160021D2B284F86116A4F8625677
:10AC000007AB04F264660BAF1D4603CDBD42306056
:10AC100071602B4606F10806F6D1442384F85636B7
:10AC2000D4F8583684F85526162262F31703C4F870
:10AC30005836002384F871374FF45C43A4F8723718
:10AC4000192304F5CA6084F8743704F5A471F7F782
:10AC5000BFFC20460DB0BDE8F040FFF7C7BD1B8824
:10AC6000ADF80C30A4E71B680393A1E71B680393BE
:10AC70009EE700BF14040020700400206807002035
:10AC80002C0000202DE9F041884D894F2A780B4691
:10AC9000142101FB027288B092F85520012A044663
:10ACA00018D193F8210197F8351048B101F133021A
:10ACB000D2B282420ED193F822210AB1442A09D19C
:10ACC0009A68C2F31702172A56D006D8142A2FD032
:10ACD000152A45D008B0BDE8F08102F180724B3AE8
:10ACE00022F07F42012AF5D833318842F2D193F81D
:10ACF0002221442AEED1198DDA6840F207208142E0
:10AD000000F0CF80B1F5027F00F0BD80B1F5007F8B
:10AD10000CD107EE902AFCEEE77A17EE902A942ADF
:10AD200000F0B180B2F5967F00F0BB800222B1E066
:10AD300002A81946F7F7FDF9BDF90800002804DA62
:10AD400003A8F7F777FB0028C4DB2F28C2DCA4F8A0
:10AD5000C208B4F8BA3843F01003A4F8BA38B9E717
:10AD6000012384F8C0380023A4F8C238514B1B6873
:10AD7000643BC4F8C438ADE733318842AAD193F8B4
:10AD80002221442AA6D15E78162E03F10C012DD87B
:10AD9000324602A808F068FC02ABC6F11702002197
:10ADA000981908F083FE0DF10E00F7F743FBB0F1A0
:10ADB00000088FDB404A9DF81E1008EB48039800FE
:10ADC00002EB83031B79994284D1B8F12F0F1FFA4C
:10ADD00088F622DC0139029B125808291DD8DFE8C9
:10ADE00001F01B1B39393B3B1C1C3D000A4602AEDF
:10ADF0001C3310685168B446ACE8030008329A422C
:10AE00006646F6D11068CCF80000918893798CF8EA
:10AE10000630ACF80410C6E713702878F8F738FD50
:10AE20002A78142303FB0273012183F8551097F845
:10AE30002D300BB987F82D10B8F1020F10D11F4B30
:10AE400007EB0210196800F58970F6F727F9A4F8E6
:10AE5000C2687EE71380E0E71360DEE71360DCE79B
:10AE6000B8F1000FF3D1164B1A78002AEFD083F80F
:10AE70000080602323800F4B1B680BB16360E6E703
:10AE80004FF0FF33FAE7B4F8BA2842F00202A4F810
:10AE9000BA280022987900905B792046FFF720FEBF
:10AEA00018E7B4F8BA2842F00402F0E714040020CE
:10AEB00070040020385E00202C000020680700206D
:10AEC0000C31002010B52F4B1A782F4B142101FBA9
:10AED0000233044693F85530012B37D12B4BD0F871
:10AEE000BC281B689A1AB2F57A7F21BFB0F8BA283D
:10AEF000C0F8BC3842F00102A0F8BA2890F8C02887
:10AF000062B1D0F8C4289A1A312A81BFB0F8BA28A1
:10AF1000C0F8C43842F01003A0F8BA38B4F8BA3810
:10AF2000DA0614D523F01003A4F8BA38B4F8C2181E
:10AF30002046FFF713FEB4F8C23801339BB22F2B23
:10AF4000A4F8C23802D9002384F8C03810BD98078D
:10AF500008D523F00203A4F8BA382046BDE8104013
:10AF6000FFF720BD590702D523F00403F3E7DA0702
:10AF7000ECD523F00103A4F8BA382046BDE8104010
:10AF8000FFF7D8BC1404002070040020385E0020B5
:10AF900038B5134B134A1B68C0F8BC38002380F83F
:10AFA000C038A0F8C238C0F8C438A0F8BA38137056
:10AFB0000D4B0E481B780E4D00EB031000F5897009
:10AFC000F6F732F80B4B02241860E0B2FAF7DAF920
:10AFD00001342E2C286305F10C05F6D138BD00BFD5
:10AFE000385E00200C310020140400207004002082
:10AFF0002C000020680700206FF0FF03036040F67C
:10B00000FF2383800023836003737047F8B5394DB5
:10B0100004462E783848142707FB060090F84F6046
:10B02000012E0CD0022E0CD076B9A16090F84C30D5
:10B03000032B18BF0022A368E26033B9FEE7A360C8
:10B04000F4E7A2600022F6E7FEE70023C4E9043338
:10B05000C4E95233C4E95433A3617F23A4F85831BF
:10B06000F6F7ECFFA878022842D0431F5842584117
:10B07000224940F2FF12FEF7E1FA0220A4F84E2422
:10B080001F4A0870002348708870C8701D491370EB
:10B0900053709370D370C4F8DA31C4F8DE31C4F859
:10B0A000E231C4F81233C4F81633C4F81A33A4F8E2
:10B0B0004C34A4F84A341A4601330C2B0A70CA7077
:10B0C0004A708A7001F10401F6D10F4B1B6803F539
:10B0D0007A7304F6A800C4F8A438FFF78DFFA4F82B
:10B0E000B828228062602046BDE8F840FFF750BFD4
:10B0F0000120BDE71404002070040020290700206F
:10B10000F5060020F9060020385E00204278FF2A6C
:10B1100008D00368044923F07F4323F0FF038B42E8
:10B1200008BF022210467047000101000C4B027854
:10B130001B6810B51AB903F21B63836010BD90F948
:10B140000520002AFADD816840F21B64591AA142E9
:10B15000F4D98360013A012342710373EEE700BF23
:10B16000385E002070B590F90530002B88B0054698
:10B1700021DB4C78182C01F10C031ED8194622460D
:10B1800001A808F071FA01ABC4F1190200211819E5
:10B1900008F08CFC104903A8F5F722F858B9DDED4A
:10B1A000017AFCEEE77A17EE903A13B10B4AC2F837
:10B1B000AC34FF236B7108B070BD01AA01F1240407
:10B1C00018685968164603C60833A3423246F7D1B9
:10B1D0001B783370DEE700BF4E56010818080020C8
:10B1E000007840B14B79834204D18879431E58429C
:10B1F00058417047002070475379032B10B504461F
:10B200000AD14B7903709379DB0943701079FDF70C
:10B210000FF8E0701368237110BD00007FB58B68D4
:10B2200033F07F4305460C4600F6A8060ED18B7915
:10B23000012B0BD101A8F6F7CFFE9DF80930082BA2
:10B2400004D001AA21463046FFF7D6FF21463046FA
:10B25000FFF7C6FF88B3A368C3F31703162B32D0DA
:10B26000F52B16D16678012E29D8324604F10C014F
:10B2700001A808F0F9F901ABC6F102020021981902
:10B2800008F014FC9DF805309A1E5342534185F88E
:10B29000AA3895F8B83853B195F8B93821790C48DF
:10B2A0000133DBB2CB1A59425941F5F7A6FD012310
:10B2B00085F8B838237985F8B93804B070BDA3890A
:10B2C000ADF80430DEE73046FFF74CFFE1E700BFA2
:10B2D000583200207FB52E4E044600F11C05B4F80C
:10B2E0005411B4F85621881A83B2000444BF803345
:10B2F0009BB20BB904B070BD91421FBFB4F8581196
:10B30000A31801320A4096F82D101ABF93F85A314B
:10B31000A4F856210023022904F1100229466846A8
:10B3200020D1FEF7C7FD9DF80030022BD7D1E3688E
:10B33000DBB9A0680368BDF802201B69294698475D
:10B3400004F5CA662A4669463046F6F785FE314658
:10B350001048FDF767FF3146204604B0BDE8704055
:10B36000FFF75CBFF6F71AFFDDE70B4E69460020DA
:10B37000F7F7D4F8737833B1A068BDF802200368FA
:10B3800029461B699847B378002BD9D0E068D1E7EC
:10B390007004002018080020F50600200148FFF77F
:10B3A000B5BE00BF4018002010B54E4C86B000213D
:10B3B0001622684608F07AFB2046F5F703FD94F85C
:10B3C0008C308DF800008DF80130204694F88D30D7
:10B3D0008DF80230F5F7EDFC94F8913094F8902058
:10B3E0008DF803005B0002F0010203F00203134337
:10B3F00094F8A52043EA821394F8A62043EAC213E6
:10B400009DF80B2002F03C02134320468DF80B30D0
:10B41000F5F7EBFC94F894308DF8083094F89230FE
:10B4200094F895208DF8093094F896308DF807003F
:10B43000DB00920002F0040203F0080313439DF8BE
:10B440000B2022F00C02134304F128008DF80B307E
:10B45000F6F78AF88DF80C002046F5F77FFC8DF89A
:10B460000D0004F11400F6F77FF88DF80E0004F1DA
:10B470003C00F6F779F88DF80F002046F5F77FFCD1
:10B480008DF810002046F5F7BBFC94F8A7308DF836
:10B490001230154B8DF811005B7C8DF81330FFF7DF
:10B4A0007DFF124B1A78931E5A425A4100F0030353
:10B4B00043EA02230E4A0F48127943EA4223BDF8B9
:10B4C000142023F0FC039B0522F4407222F00302B7
:10B4D0009B0D134302216A46ADF81430FBF719FDAA
:10B4E00006B010BD58320020EC0C002011080020DE
:10B4F000380700206018002070B54C88B4F5427FF2
:10B500004FF000030AD80D780B2D73D8DFE805F053
:10B51000060D1A2A2D30363952555969A2F12404E4
:10B5200062424B8062410A7007E04D2A01D0582ADE
:10B5300006D1027002230B70002380F8093333E038
:10B540000023F8E702F0FD033C2B01D0212AF7D1BC
:10B55000037842704D2B0CBF082303230B7000238C
:10B560008370E9E782700422DDE782800522DAE752
:10B57000838803EB022383800623DCE7C280072253
:10B58000D1E7C38803EB02239BB2002BC3800CBF1F
:10B590000B230A230B7000234B80012380F809330F
:10B5A000C388B3F5407F01D8002002E00020087076
:10B5B000488070BDC2800922B5E70A2382800B70E3
:10B5C000EBE7B4F5407F3CBF241822724B8801336F
:10B5D0009BB24B80C2889A429CBF0B230B70012305
:10B5E000ABE780F808230B704B80022380F8093307
:10B5F0000120DEE70B704B80D6E7CB88B3F5407FA8
:10B6000070B531D8242303700B7843704B78837066
:10B610000B784D2B14D1CB88C3708B880371052315
:10B620000022CD88D4189542A6B210FA84F415D819
:10B6300091F808232270CA880132981880B270BD30
:10B640008B78C3708B8803718B881B0A4371CB88FE
:10B650008371CB881B0AC3710823E1E78C18013280
:10B66000247A845592B2DCE70020E8E72DE9F74F11
:10B6700016464A88B2F5427F04460D462ED80B780E
:10B680000A2B0FD9A3F16402032A03D900202870E2
:10B6900068802DE0653B8F4F022B33D8DFE803F045
:10B6A00063A4A70000210A2BF0D801A050F823F0D2
:10B6B000DDB60008F7B600088DB600088DB60008A4
:10B6C0003BB7000849B7000855B700085BB700084A
:10B6D0008DB600088DB60008C9B70008A6F124078A
:10B6E0007E424FF000007E4168802E7084F809038E
:10B6F00003B0BDE8F08F6F2E0CBF642300232B70C6
:10B700000020F3E716F0040F14BF4D2358233E70BA
:10B7100023703A78D1070ED412F0020F14BF212300
:10B720003E236370C2F3C003D20648BF43F0020356
:10B73000A3700423E3E73C23F3E7A68005232B70E3
:10B7400084F809130020D3E7A38803EB0623A38022
:10B750000623D4E7E6800723F1E7E38803EB06231B
:10B76000E3806523CBE70DF106007E70F6F780FBE2
:10B770003978F6F775FBA7882179F6F771FB390A56
:10B78000F6F76EFBE788A179F6F76AFB390AF6F758
:10B7900067FB9DF80630B34206D000232B706B8008
:10B7A000032384F80933CDE7002F0CBF66230A2357
:10B7B0002B70012384F8093300236B80E288B2F5F3
:10B7C000407FBFD92B70BDE7B2F5407F3CBF121957
:10B7D00016726B8801339BB26B80E2889A4201D863
:10B7E00066232B700123DCE77E806723F9E7B7F837
:10B7F000028097F8009008EB06284FF6FF730DF1D2
:10B8000006001FFA88F84946ADF80630A7F802800E
:10B81000F6F70CFA2679B4F804A03146F6F706FAE2
:10B820004FEA1A21F6F702FA94F806B0B4F806A027
:10B830005946F6F7FBF94FEA1A21F6F7F7F9797846
:10B8400004F10807F6F7F2F952463946F6F7FAF925
:10B85000BDF8063043453AD119F0040015D086EA08
:10B860000B01E21D002398B2824584F8081307D823
:10B870000223012000222A706A8084F8093337E706
:10B8800012F8010F01334140EDE7A178F5F780FB95
:10B89000217984F80803F5F77BFBA18884F8080375
:10B8A000090AF5F775FBA17984F80803F5F770FB31
:10B8B000E18884F80803090AF5F76AFBE28884F84E
:10B8C00008033946F5F76AFB84F80803D0E7032339
:10B8D0000020CFE7A4300020CB88B3F5407F2DE9CE
:10B8E000F04104460D464AD84B783C2B40D0A3F19A
:10B8F0002100434243415B002A784D2AAA7808BFC1
:10B9000043F00403D10748BF43F0080392074FF008
:10B910002402227048BF43F010036F226270A370AC
:10B92000AB88E370AB881B0A2371EB886371EB88EB
:10B93000A71C1B0AA3713846F6F7A0FD0822E07188
:10B94000E988A2F108039BB2561C8B42B6B204EB05
:10B9500002080FD3063189B23846F6F78DF988F818
:10B960000000000AA055E8880A3080B2BDE8F081E6
:10B970000123C1E72B441B7AA3543246E0E70020A1
:10B98000F4E710B5044681780020F5F701FB217932
:10B9900084F80803F5F7FCFAA18884F80803090A7B
:10B9A000F5F7F6FAA17984F80803F5F7F1FAE188DA
:10B9B00084F80803090AF5F7EBFAE28884F808032B
:10B9C00004F10801F5F7EAFA84F8080310BD000055
:10B9D0002DE9F74FC788DFF89880B7F5407F0D460F
:10B9E00028BF4FF4407704463A4600F1080100268C
:10B9F000284607F039FE2F44E6804FF03B09AF425E
:10BA000005D1204603B0BDE8F04FFFF7BABF15F8E7
:10BA1000013BFF2B2AD0FE2B28D0FF2E1ED1362B28
:10BA2000EDD858F833204FF0000A10460192F4F791
:10BA3000E1FB1FFA8AFB5845E388019A0AF1010AE3
:10BA400005D85A1C2344E28083F80890D7E7591C94
:10BA5000E180234412F80B101972E6E7FE2ECED1D6
:10BA6000E288511C2244E1801372C8E71E46C6E7F3
:10BA70008C7E010830B50F4B1C780F4B142505FB4D
:10BA8000043393F84F30012B03D0022B10D00BB1AD
:10BA9000FEE7114600234360C0F81233A0F82236B7
:10BAA000A0F8203640F2FF330160A0F8243630BD04
:10BAB0000021EFE71404002070040020F8B5B0F86E
:10BAC0002026B0F82236D21A93B2120444BF03F5EE
:10BAD00080639BB2E62B044608D800F2163500F2CC
:10BAE0001236206803685B69984700B9F8BD206882
:10BAF00003689B699847314602462846FFF7FCFCDD
:10BB00000028EED004F6262729463846FFF7E4FE43
:10BB100000239AB29042E4D9B4F82016B4F824C6AF
:10BB20004A1C02EA0C02B4F822C694451EBF091949
:10BB300017F803C081F826C603F1010318BFA4F863
:10BB40002026E6E7F8B500F1080504460A46011D7F
:10BB50002846FFF78BFD70B3637A3E2B14D004F6B2
:10BB6000262629463046FFF748FD02462068016830
:10BB70000F693146B847637A3E2B1CD129460E48DF
:10BB8000BDE8F840FDF766BBA389742B0AD042F6E6
:10BB9000FF729B1A18BF0123A27A9207EBD4002BE5
:10BBA000DDD1E8E70023A37204F626212846FFF73B
:10BBB0000FFF0123F0E7F8BD1808002003680BB160
:10BBC000FFF7C0BF70470346006868B1B3F820268E
:10BBD000B3F82236D31A98B21B0444BF00F5806034
:10BBE00080B2003818BF012070470346006880B15A
:10BBF000B3F82226B3F82016914209D099180132E1
:10BC000091F82606B3F824160A40A3F822267047B6
:10BC100000207047036843B10022A0F82226A0F854
:10BC200020261A681846D2691047704710B5044696
:10BC30000548FEF71BFE0548FFF7ECFF6068036848
:10BC4000BDE81040DB691847980F002064230020EE
:10BC500070B50A4C25780A4C142606FB054494F866
:10BC60004F40012C03D0022C05D00CB1FEE7194641
:10BC7000416011B9FEE71146FAE770BD14040020D7
:10BC800070040020F8B572B6F7F72CF8F7F7FEFC51
:10BC9000F6F7A4FFF6F790FFF9F71AFA304B314C9C
:10BCA0001868314E03685B689847304B1868036822
:10BCB0005B6898472E4B186803685B689847F6F7EF
:10BCC000BBFF2C4B002580225A701D70F8F75AFAE2
:10BCD00002232373C4E90455A560F7F769F9264BDD
:10BCE0001D70F6F7EFFE254B25484FF400425A61D0
:10BCF0004027F6F72DFFF7F711F841F28830B762C9
:10BD0000F7F70CF84CF25030B761F7F707F8204618
:10BD1000F6F706FF294620461A4C02F0B5FA4FF412
:10BD20007A70F6F7FBFF94F8582094F857101648ED
:10BD3000FBF764F894F858101448FCF7EFFB94F8FC
:10BD4000594013482146F5F7BFFD3CB1114B124A4B
:10BD50001A60124B124A1A60FAF714FD62B6F8BD67
:10BD600050320020043300200004004854320020E8
:10BD700004080020E80C00206C02002000040140B0
:10BD8000E09304001404002060180020180800202C
:10BD9000200F002070020020051D00087402002002
:10BDA00089260008184B4FF4004273B55A611748B2
:10BDB000174C4FF6FF7102F0A7FB206023689B072A
:10BDC00012D5144E35798DB1104808236A460021EA
:10BDD00002F02BFAD6E90602DDE900139A4208BF09
:10BDE000884201D00023236002B070BD02236A465E
:10BDF0000648294602F019FA074BDA8BBDF80030E5
:10BE00009A4218BF2560EFE7000401400433002088
:10BE1000840F00203807002014040020044A002367
:10BE20001370044A1380044A1370044A1370704755
:10BE3000920F0020940F002068330020D80C0020BF
:10BE4000024B1878B0FA80F040097047920F00203A
:10BE50000D4A11780346A9B910700C4A01201070E0
:10BE60000B4A032B118009D0042B01D083420AD145
:10BE7000084B002283F8A020012070474FF4FA738A
:10BE80001380704700207047920F00206833002015
:10BE9000940F00202C060020034A00231370034A4D
:10BEA0001380034A13707047920F0020940F0020F4
:10BEB000683300200A4A08B5138883B1013B9BB25E
:10BEC000138063B9074B1B78032B02BF064B01227B
:10BED0001A70FFF7E1FF054B002283F8FA2A08BD2C
:10BEE000940F0020920F0020D80C00206018002032
:10BEF00013B5C379212B12D10A4CF8F7ABFDFFF72C
:10BF0000CBFF94F8FA3A032B06D10DF10701204636
:10BF10008DF80730FBF77EF9002384F8FA3A02B077
:10BF200010BD00BF6018002010B50D4B1B78013B01
:10BF3000032B14D8DFE803F002090D072023BDE826
:10BF40001040F8F777BD2423F9E7BDE81040F8F773
:10BF5000CDBD2323F8F76EFD024B00221A7010BDF1
:10BF6000920F002068330020034B01221A70002238
:10BF70005A711A71704700BF0D310020054A064BF7
:10BF800012791B7F1AB105495B22F9F7C1B8044940
:10BF90005B22FAE7380700201404002069330020F0
:10BFA000C433002038B5114B1A79054632B1014629
:10BFB00000221846BDE83840F9F702B90C4A0D498D
:10BFC0005B23F9F79BF87DB90A48F8F723FC0128B1
:10BFD000044607D000280849284614BF012402243B
:10BFE000F9F7B4F8204638BD0148EEE738070020DD
:10BFF000F23100209731002058320020024B18788F
:10C00000831E58425841704711080020044B1B788A
:10C01000022B06BF034B93F8A0000020704700BF1F
:10C02000110800202C06002038B5184B1A78184B40
:10C030000546142000FB023393F85540012C22D111
:10C040002A88930606D522F020022A8005230120A3
:10C050000B7038BD12F0400316D0FFF7D7FF20B1A8
:10C06000FFF7EEFE08B90023F1E7686830B1094B2D
:10C070001B681B1A312BF6D900236B6022F040029B
:10C080002A800623E3E700231846E1E71404002092
:10C0900070040020385E002013B50DF1070104463E
:10C0A000FFF7C2FF18B19DF8070002B010BD208055
:10C0B000FBE700002DE9F04106460C461546FFF768
:10C0C000A5FF70B1184B93F82D30581E012819D8D0
:10C0D000164BB3F85861B3F85671002291B28D42F5
:10C0E00001D8BDE8F081B3F85401411C3140B94298
:10C0F0001FBFC01814F802C080F85AC1A3F8541129
:10C100000132EBE7032B09D1094E0D44AC42E8D0D4
:10C1100014F8011B3046FFF751FDF7E7706803681C
:10C12000BDE8F0411B69184770040020980F0020FB
:10C1300064230020F8B52A4B2A4D1F79CB78C3F32E
:10C14000800385F895308B79C3F3000385F896302A
:10C150000B79064603F00303C8785B0143EAD0007D
:10C160000C46F4F783FE85F892006379227903F098
:10C1700001039B0143EA920385F893306379C3F38B
:10C18000460385F89430E378A17803F001039B001F
:10C19000032243EA911302EB83030722B3FBF2F37A
:10C1A000114A1370DEB1D7B101F03001202904D15A
:10C1B0002046BDE8F840FFF79BBEA2790B48E11D81
:10C1C0005208FFF777FFA17905F164004908F5F7F8
:10C1D000CDF905F13C00BDE8F840F5F7C1B9F8BD6F
:10C1E0000D310020583200204D3200202033002035
:10C1F00073B5054690B9204B204E1B78204A147920
:10C20000002C36D173B91F4A1F49127801921A4A7D
:10C21000127800920D201A46F9F702F8194B1B4EBE
:10C220001B78EBE7022B1A480ED1B17801F0070119
:10C23000F9F768F84379ABB931460120FFF77AFF87
:10C240001448F4F788FD05E001229342027044711E
:10C250000471F1D10F4880F8905002B0BDE87040F1
:10C26000F4F777BD0C4B1C745C825C610B4B1C714A
:10C27000E2E702B070BD00BF8E0F002097310020B2
:10C28000380700208F0F00205C560108F231002093
:10C290000D31002058320020980F00206423002028
:10C2A00010B50246FFF7B2FEB8B10C4B93F82D3033
:10C2B000591E012904D8BDE810400948FEF7B2BA5A
:10C2C000032B04D1BDE810400648FFF77CBC506842
:10C2D0000368BDE810405B69184710BD700400207A
:10C2E000980F00206423002010B50246FFF78EFE51
:10C2F000B8B10C4B93F82D30591E012904D8BDE874
:10C3000010400948FEF79DBA032B04D1BDE8104048
:10C310000648FFF76ABC50680368BDE810409B6997
:10C32000184710BD70040020980F002064230020DF
:10C330002DE9F04FDFF82C8198F8004097B0814646
:10C340000E461746002C48D13B4B1B78022B40D1A0
:10C35000DFF8FCB00DF1180A25465846ECB2FFF79D
:10C360009FFF40B15846FFF7BFFF0135402D0AF847
:10C37000010BF2D12C4631482146F5F7F7F8304849
:10C38000F5F7EEF82F488DF8129090F8A4308DF85C
:10C390000C302D4B80F89190DB788DF80D3090F8B3
:10C3A00090308DF81130F4F7FBFC8DF80E00F8F7A3
:10C3B000F9FB264D8DF8130010F0010F0CBF33462A
:10C3C0003B468DF8143095F8563043B9B74206D045
:10C3D000FEE71F48FFF72AFCD4E70024D2E71948FC
:10C3E000F4F7F0FC1B4B8DF810001978022207239C
:10C3F00013FB0123D3408DF815302A78164B1421F6
:10C4000001FB023393F85A305A1E534253418DF8C0
:10C41000163098F800304BB9104A1148009406AB1A
:10C4200003A9F8F7EBF917B0BDE8F08F0B4A0C48F9
:10C4300003A9FFF779FDF6E711080020A8320020D4
:10C4400080320020583200200D31002014040020DA
:10C45000203300203A3100207004002014310020E5
:10C46000C43300206833002030B4084C257925B14E
:10C470000146204630BCF8F78BBC054C94F8A4303C
:10C48000013384F8A43030BCFFF752BF38070020D6
:10C490005832002008B50246FFF7B8FD18B9A2F8D7
:10C4A0002206A2F82006054B93F82D30032B04D169
:10C4B000BDE808401046FFF701BB08BD700400202E
:10C4C00070B500239CB2A24200D870BD0588868852
:10C4D0006C1C34404688A6421EBF2D18CE5CAE713F
:10C4E00003F1010318BF0480ECE708B56830FFF7DB
:10C4F000E7FF08BDA0F11400F7E7000038B50A4BCC
:10C5000093F82D3000F5EF65022B0446284608D13C
:10C51000FDF712FA0246294604F24A40FFF7D0FF1F
:10C5200038BDF5F7D2FCF5E770040020F0B587B010
:10C530000446102201A8F4F7B7FE204B94F8A8C8CF
:10C5400093F8352084F85EC64FF0FF33333284F819
:10C550005C3684F85D36012384F85F3604F5CA67DB
:10C56000D2B201AB04F5CC660DF1140E1D4603CD1D
:10C570007545306071602B4606F10806F6D184F8E7
:10C5800055264423D4F8582684F85636142363F3EA
:10C590001702C4F858264DF2016284F871C7A4F856
:10C5A000722784F8743704F5A4713846F6F710F84A
:10C5B00039462046FFF7A2FF07B0F0BD7004002007
:10C5C0002DE9FF410446B0F84C14B0F84A04F5F7E1
:10C5D00079FFE3684BBBDD2808D804F5F37604F552
:10C5E000ED75A06803685B69984710B904B0BDE8B1
:10C5F000F081A06803689B6998472A460346314644
:10C600006846F5F7CBFD0028EBD09DF80030022BF3
:10C61000ECD104F5CA65324669462846F5F71CFD9B
:10C6200029462046FFF76AFF94E0DD28DED84D4D0D
:10C630002B780133DBB2012B2B700FD900232B7029
:10C64000A06803685B69984750B901232B70E068C4
:10C6500003685B69984730B9287004E0002BEFD07D
:10C660002B78012BF3D004F5F37604F5ED772B78D6
:10C67000002B36D1A06803685B69984788B3A0682F
:10C6800003689B6998473A46034631466846F5F782
:10C6900085FD0028EBD0DFF8D08069460120F5F752
:10C6A0003DFF98F8023033B1E068BDF8022003681E
:10C6B00031461B6998479DF80030022B11D104F5D3
:10C6C000CA67324669463846F5F7C6FC98F8003026
:10C6D0001BB139462046FFF711FF39462046FEF7C9
:10C6E000D1FA04F21E3604F212372B78012B7FF4B4
:10C6F0007DAFE06803685B69984700283FF476AF38
:10C70000E06803689B6998473A46034631466846A5
:10C71000F5F744FD0028E8D0134F69460220F5F7ED
:10C72000FDFE7B7833B1A068BDF802200368314676
:10C730001B6998479DF80030022B7FF457AF04F532
:10C74000CA65324669462846F5F786FC3B78002BD9
:10C750007FF466AF2946204604B0BDE8F041FEF7FD
:10C7600091BA00BF34070020F5060020264B70B5B3
:10C770001E680446FFF74AFC58B9C4F8A468A4F838
:10C780005601A4F85401A4F84C04A4F84A0484F80F
:10C79000B8081E4D95F82D30013B012B33D82046AB
:10C7A000FEF798FD2046FFF70BFF194B1B7814226C
:10C7B00002FB035595F8525095B1D4F8A438F31AFA
:10C7C000B3F57A7F0FD3C4F8A468012504F6A80056
:10C7D000FEF7ACFC4DB12046BDE87040FEF75CB8FA
:10C7E000C4F8A468F2E70025F0E794F8B4382BB158
:10C7F000084984F8B4582046FFF798FE2046BDE863
:10C800007040FEF75FBB70BD385E002070040020F2
:10C81000140400204E5601082DE9F04F544E337891
:10C82000012B87B000F259811BB9F6F737F900F0F8
:10C830007DFFDFF86C814F4DDFF86891FFF722FA3A
:10C84000D8F80000696C03689B689847D9F8000025
:10C85000696C03689B689847474B00221A809A705E
:10C860004FF0904301229A6207244CF25030013C71
:10C87000F6F7D6F9F6F752FA14F0FF04F5D13F4B6C
:10C880003F489C701C8001F06FFE013880B24FF66B
:10C89000FD73984203D93B490120F8F7B9FC3A4BA4
:10C8A0003A491C603A4B36481C60F7F70FFE39488E
:10C8B000F8F794F995F820C0BCF1200F00D9FEE7F5
:10C8C00095F82820344F696AB5F82CB095F829E01E
:10C8D00095F82A30BA71052A00D9FEE72F4850F89A
:10C8E00032A0BAF1000F00D1FEE7C7F808A000EBB4
:10C8F000C20A87F8D5209AF804009AF805A0F871C2
:10C9000087F80CA0A7F80EB087F8D440BBF1000F51
:10C9100000D1FEE7844524BF00F1FF305FFA80FCC0
:10C920001D48052A80F811C000F01481012A00F288
:10C930001A810EF1FF32D2B200F00281022A33D8FE
:10C940005A1ED2B2032A0BD8BCF10C0F01D90C220B
:10C950004274427C624501D980F811C0744626E0D9
:10C96000BCF1120F84BF122343740023F1E700BF10
:10C9700039310020140400208A0F00204C0F0020C1
:10C98000043300206E560108800F00201804002098
:10C99000840F002038070020EC0C00209060010874
:10C9A0005032002054320020052B28BF0023774846
:10C9B0002246F4F726FD00242A783C74744F754B08
:10C9C0004FF0140B0BFB02724FF0FF0A92F85A2043
:10C9D00083F800A0501E424283F801A06E4B4241F2
:10C9E0001A7004229A706422DA705C701C716B4BAE
:10C9F00066481C70F7F778FD0146694801F069FC4C
:10CA0000684B1C80684B1C70684B1C70684B1C800A
:10CA1000684B1C80684B1C70684B1C80684B1C70FA
:10CA2000684B1C70684B1C70684B1C70684B012075
:10CA30001C70FFF7F3F9FFF70BFAB5F84830B5F8BB
:10CA40004A2095F840106348F4F744F9B5F84810C7
:10CA50006148F4F763FC6148F8F72AFC2B786048DA
:10CA60000BFB037797F84E10F4F736FFD9F8003038
:10CA70005C4AD8F800105C48FEF7C8FAD9F80020E4
:10CA8000D8F8001059480391FEF7F4FF13460399B4
:10CA9000544A5748FFF7DCF8564BB5F84820196858
:10CAA0005548F8F7E5FE3E48F7F701FD01465348C3
:10CAB000F8F7C4FA5248F4F7A3FE5248F4F76EFDB3
:10CAC0005148F4F7CBFE514B1C70514B1C80514B1D
:10CAD0001C80F6F7A3FD86F800A0F6F7A9FD334DFC
:10CAE000002800F0BF80354A13880BB1013B13804A
:10CAF0002C4A138813B9484BB3F84830013B9BB21A
:10CB0000012B138032D1284A1370FFF7D3F92B7809
:10CB1000002B40F0A780284B404A1978138802293F
:10CB20002DD183B3013B9BB213809278002A79D038
:10CB3000002B40F08080F6F767F8F6F771F87AE09E
:10CB4000022A05D8BCF10C0F01D90C23437474469A
:10CB500000232CE70EF1FF33022BF9D8BCF1080FAC
:10CB6000F5D90823F2E7F4F7F3FB24E7002BCCD147
:10CB700001232B702A4B5A6A0D4B1A80C5E7002BF4
:10CB8000D0D1C723D0E740F2F313CDE7EC0C00205F
:10CB9000700400203A310020E00C00204D320020CB
:10CBA0000433002020340020880F0020D90C0020FE
:10CBB0000A310020900F00201108002014080020E6
:10CBC00012080020100800208F0F00208E0F002078
:10CBD000960F002058320020543300200D310020E1
:10CBE000200F002074180020980F002064230020DC
:10CBF000203300200408002074070020E80C0020E7
:10CC0000404600202833002008080020383100204A
:10CC10006433002066330020140400208A0F0020B3
:10CC20000004004002294FF090406BD10BB9F5F79A
:10CC3000EBFF012383626F4C2388002B67D140F206
:10CC4000E73323806C48F8F73FF86C48F7F72FFC80
:10CC500001466B48F8F7F2F923881BB969496A481D
:10CC6000F5F713FDDFF8F081684CB8F80030022BBF
:10CC700064D0042B00F08C80012B10D1644B1A7C03
:10CC8000597C0132D2B2914298BF00221A74614B92
:10CC90001146187AFFF7E8FB0223A8F80030236852
:10CCA000002B00F0E080B8F80030032B40F08780C4
:10CCB0002368D9070FD5584A00232360137843F01F
:10CCC00001011170554A92F856200AB19A0702D50F
:10CCD0000423A8F800302368002B00F0C4802368E8
:10CCE00023684F484F4913F0020F74D0037822682D
:10CCF00001930B78009398F800304B4992B20120D1
:10CD0000F8F78EFA02228262002B94D115E7013BDC
:10CD10009BB22380002B95D1404B1A78434B1421B2
:10CD200001FB023393F85330022B8BD1404B1B781D
:10CD3000002B87D03F48F4F758F883E73E4B3F4A33
:10CD40005B6A12889B1A9BB240F2ED229342A6D9ED
:10CD50003B4B3C4800271F70F8F780F92C48F7F749
:10CD6000C3FB0146254801F0B4FA2A4B187AFFF7B5
:10CD700005F90323A8F80030274B33481F70334BC5
:10CD80001F60334B276001221A71F4F73DFD86E7DF
:10CD90001A484FF6FF71F5F7D3FE01F030FB174844
:10CDA000002101F060FB1E4A0523A8F80030002393
:10CDB00013701C4A1370254A136023606FE7052B1C
:10CDC00089D123689B0786D500202060FFF7EAF809
:10CDD000144B18707FE7236813F001033ED00378EB
:10CDE000226801930B78009398F80030194992B2A9
:10CDF000022085E764330020380700200433002038
:10CE0000E80C0020B24B010828000020840F00200D
:10CE1000EC0C002054330020960F00201404002056
:10CE20008F0F00208E0F002078560108700400201C
:10CE30001008002058320020000400400A31002071
:10CE4000880F00203A31002040460020800F00204B
:10CE50001808002089560108900F00202360A8F8C8
:10CE6000003003700B702B78002B00F06181DFF82D
:10CE7000B8929A4800242C70F7F7BEFA99F800B0DF
:10CE8000BBF1000F00F0A6802046FFF7B1F9944BEC
:10CE9000944D954F1C722B7C87F8A73099F8003081
:10CEA000924C012B94BF0023012387F8A530904BAF
:10CEB0001B78012B94BF00230123BBF1010F87F8DE
:10CEC000A63023780BD9DFF838B2002B00F085802C
:10CED000012B00F08780874BBBF84C201A80237809
:10CEE000022B03D1834B1B8803B92370227880491E
:10CEF00000230120022AA8F8000089F800300B70F6
:10CF000006D07D490B701AB9FEF7C6FFFEF7A0FFE9
:10CF10007A4A138813B97A4BB3F84A30013B9BB273
:10CF2000138043BB7048F3F76EFF2378022B22D1A6
:10CF30006D4897F99280F3F758FF81466748F7F7F5
:10CF40009FFA704B1A78B2B11A790AB1013A1A7184
:10CF5000DA786D4F072101FB02910431A2EB09023F
:10CF6000C908132AD97002DCB9F1320F67D89A7850
:10CF70007A700A221A715C48644FF3F7E9FE23784D
:10CF8000022B0CBF4FF001084FF000080ED056489E
:10CF9000F3F786FE3B784BB15A4B1A7832B15A4AB6
:10CFA000997851706422DA7000221A71584B87F810
:10CFB000008093F80080B8F1000F6DD04FF09043DF
:10CFC000012402229C619A61F7F7C0F8347007B01F
:10CFD000BDE8F08FFEF7C8FF59E7012222704D4AE5
:10CFE000137078E74B4ADFF844A113789AF80000F1
:10CFF0000133DBB21370E8B99BF8501099423FF649
:10D000006AAF454991F8A03043B9444B1B792BB91D
:10D0100090B1FEF741FF012381F8A0309AF800306B
:10D0200013B93148F3F790FE0223237001238AF8E5
:10D03000003050E70521E1E739490C202DE480B2AA
:10D0400000F10F0C0FFA8CFCE0453A780CDA93F8FB
:10D0500002C0944508D9501C787054294FF00A003A
:10D06000187188D8013283E7153000B280450BDD96
:10D070005E2909D959789142BFF47DAF1979002909
:10D080007FF479AF013A73E754293FF674AF99788A
:10D0900091427FF670AFE5E72048F7F73FFEF7F7DC
:10D0A00069FE0128074604D0032890D1012333707C
:10D0B0008DE71A48F7F7D2FD41F28833A5F8D6304C
:10D0C0004FF09043022285F8D470A5F8D8809A6179
:10D0D0009F62144B84F800809F7078E7043300202F
:10D0E00054330020EC0C002058320020110800209E
:10D0F0008F0F0020140800200D310020663300201F
:10D1000014040020E00C00203A3100202F070020FA
:10D11000D80C0020120800202C0600203807002020
:10D120009A5601088A0F00208E0F00201008002058
:10D13000844D854C95F85730EBB184498448F9F714
:10D1400099FE68B12A78834B142101FB0233012236
:10D1500093F84C30032B04BF012323707C4B1A71CE
:10D160007B480DF11301F9F79EFE20B19DF81330B5
:10D17000F3B1012B1FD095F8573023B995F85830EB
:10D18000002B00F0F78072480DF11301F9F7B0FEA3
:10D1900050B39DF81330033B0F2B25D8DFE803F085
:10D1A0001624242424242448244C6272777D797B1D
:10D1B000FEF7FAF8DFE7664805A9F9F7C7FE002889
:10D1C000D9D09DF81400FAF759F9D4E7F6F7CEFF55
:10D1D000614B1B78022B4FF0030722D10420FEF78E
:10D1E00037FE5B4B83F8FA7A95F85830002B00F045
:10D1F000C18056495948FBF7DDF908B10123237076
:10D20000B5F84820554804A9FBF7F6F900284ED098
:10D210009DF81030052B4AD8DFE803F0465D6165C4
:10D22000698F4B488DF8147005A9F9F7F3FFDBE718
:10D230004B49A1F13300F8E7454F05A907F1330049
:10D24000FAF7FEF80028CFD09DF81430002BCBD091
:10D25000414B18780228C7D1FEF7FAFD0C2387F856
:10D26000FA3AC1E73C4B1B78022B07D10320FEF7AB
:10D27000EFFD374B0D2283F8FA2AB5E7394B01222F
:10D280001A70B1E701213848F4F7A6F9ACE702219A
:10D29000F9E70321F7E70821F5E72D4B334893F829
:10D2A0003310F4F7DFFA9FE72C48FCF7A7F82B4F71
:10D2B0000DF111013846FBF7D5F900285AD09DF839
:10D2C0001130022B54D8002B00F0A88026480121F1
:10D2D000F4F784F94EE02148FCF7D8F8E7E71F4857
:10D2E000FCF70CF9E3E71D48FCF772F9DFE7184893
:10D2F0000DF11201F9F72AFE18B19DF81200FAF7A4
:10D30000BDF813480DF1130205A9F9F761FD30B11D
:10D310009DF8132005991148FBF7F8F9C7E7FEF7C8
:10D3200075FE0028C3D00B4B93F82D30013B022B28
:10D33000BDD80A48FBF7F2FBB9E70848FCF70CF93F
:10D34000B5E700BF1404002038310020143100205C
:10D350006018002070040020110800201808002028
:10D3600093180020D80C0020283300200808002043
:10D37000032B59D095F8593023B155495548F4F746
:10D38000E3FB08B923780BB300232370524C2B78AE
:10D390004F495248142707FB034393F84D20F3F7F6
:10D3A00075FC2B7807FB034797F85A20012A02D116
:10D3B0004B4A127852B9142202FB0344444994F8B0
:10D3C0004A3094F856204748F7F768FE464B1B78DA
:10D3D000002B7FF4FCADB8F80030022B3FF4F7AD22
:10D3E0004248FFF7C3F94248FFF754F84148F4F7C1
:10D3F00018FA4148F4F7D8F810B93C48FEF74CFE4B
:10D40000431E102B5FD8DFE803F03E454C5E182C1E
:10D41000365E5E4E5E5E5A5E565E560097F8691046
:10D420003648F4F71FFAA5E7BA7D3548023AD2B27A
:10D4300007F11801F9F7B7FC9CE7324B187802287E
:10D4400005D1FEF705FD2E4BFF2283F8FA2A2B4863
:10D45000F4F71CFA00283FF4BAAD2B4B01221A70E6
:10D46000B5E5284B1B78022B01D10320E9E7264BB9
:10D4700001221A70EBE7F6F779FE224B1B78022B9C
:10D48000E5D10420DDE7214B1A79002ADFD1012202
:10D490005A71DCE71D4B1A79002AD8D001229A7103
:10D4A000D5E7F5F793FA1448F4F79FF8C1B213489B
:10D4B000F4F7D8F9CBE71048F4F799F8C7E70E4826
:10D4C000F4F793F8C3E704283FF4F0ADBFE700BFDB
:10D4D00014310020200F0020700400206C07002071
:10D4E000100800203A310020880F0020980F0020FB
:10D4F0006423002040460020283300200808002034
:10D500006018002011080020D80C002038070020E7
:10D5100008B5FFF781F9FCE7524B534A534870B501
:10D520001A60534B534A1A605A619A62DA63524A3C
:10D530001A655A66514A9A67514A524B02F10801DC
:10D54000283200245A6140F2FF12C3E91A427F25B3
:10D550004D4A1960C3F87022C3F86C42C3F8744A8C
:10D56000C3F8785A494B0360212380F80C3100F14D
:10D57000DC03C0F81031102380F8143100F1C4032B
:10D58000C0F81C310F2380F820311E2380F824318D
:10D5900000F1F403C0F82831062380F82C3107236A
:10D5A00080F8303100F1FA03C0F8343100F1FC03A7
:10D5B00002220921C0F84031032380F8182180F8A5
:10D5C000382180F83C1180F8443180F850210D2238
:10D5D00080F8542100F20112C0F858210A261122C5
:10D5E00080F8486180F8602100F1FF0600F5827242
:10D5F000C0F84C6180F85C31C0F8642180F8783163
:10D60000082200F1D30300F1EC0680F8682180F8CD
:10D610006C2180F87421C0F87C3180F88011C0F84A
:10D62000706100F5EA70FAF721FE194B194A1A6089
:10D6300019482146F3F7DAFA184B194AC3F84C2473
:10D64000C3E95545A3F84A44164B40F2FF32C3F8EC
:10D650002426C3F82046144B144A1A60144B154A6A
:10D660001A6070BD04330020B85601081808002065
:10D6700058320020144D0108FC4C0108084D0108E7
:10D6800098800108601800200000FF0790800108C2
:10D69000200F0020A05701086C070020980F0020E1
:10D6A0000000FF0164230020203300204C8001088B
:10D6B000404600207C8001080020704721280ED0C1
:10D6C00022281DD0202808D1164B0A681A600A7932
:10D6D0001A714A795A718A799A7100207047114BF0
:10D6E0001A680A701A68120A4A705A888A70DA78B8
:10D6F000CA701A790A715A794A719B798B71ECE771
:10D70000094B498800221A70C80742BF1A7842F0B4
:10D7100001021A708A0742BF1A7842F002021A7098
:10D72000DBE700BF4C460020BA59002010B5144C6E
:10D7300014490022204604F0D3F91349204604F08E
:10D74000E2F91249204604F082F9204604F0F4F987
:10D750000F4A4FF4E1331360082100239380917145
:10D760000C4A13800C4A13800C4A13800C4A138015
:10D770000C4A13700C4A13700C4B01221A7010BD26
:10D780005446002098020020140300208402002048
:10D790004C460020B6590020B85900207251002094
:10D7A00074510020BA59002070490020BB59002054
:10D7B000044B1888044B1B8880B29BB2C01A18BF58
:10D7C000012070477451002072510020054B064A19
:10D7D0001B8812889B1A98B21B0444BF00F5006096
:10D7E00080B270477451002072510020F8B50B6868
:10D7F000402B11D8134D144E144FDFF85CC000229B
:10D800000B68D4B29C4209D3FFF7E0FFB0F5F06F8C
:10D8100014D20F4804F054F90020F8BD2B8830884A
:10D820000133C3F30A0380B283421CBF385D0CF896
:10D83000030002F1010218BF2B80E1E7054B012232
:10D840001A70E9E77451002072510020304900201D
:10D850005446002070490020714900200D4A0E49AD
:10D8600013880133C3F30A0310B5138013880B4ADE
:10D870009BB2D45C0B78E4B24BB1FFF7A7FFB0F5D5
:10D88000F06F04D2002306480B7004F019F920460B
:10D8900010BD00BF72510020704900207149002066
:10D8A000544600200849094A0B8812880133C3F303
:10D8B0000A0392B29A421FBF054AD05401200B803E
:10D8C00008BF0020704700BFB8590020B65900209B
:10D8D000B6510020054B064A1B881088013380B2E0
:10D8E000C3F30A031B1A584258417047B859002025
:10D8F000B6590020044A00231380044A1380044AC6
:10D900001380044A13807047B6590020B85900208C
:10D91000725100207451002010B5074C0749204671
:10D9200004F0ACF800220649204604F09BF8FFF70B
:10D93000E1FF002010BD00BF544600203049002008
:10D9400076510020014801F097BA00BFBC59002071
:10D95000F8B5164BD3F8BC3233B35B6D23BB144D13
:10D96000144E1549154F34880888A4B280B28442F9
:10D97000DAB217D00133402B09D13F220C490B48B2
:10D9800004F070F8BDE8F840084804F082B80A884E
:10D990000132C2F30A020A800A8892B2BA5C05F820
:10D9A000012BE0E7002AE9D1F8BD00BF5446002072
:10D9B00076510020B8590020B6590020B6510020F9
:10D9C00008B5FFF7C5FF002008BD38B50446451867
:10D9D0000020AC4204D140B1BDE83840FFF7B8BFE9
:10D9E00014F8010BFFF75EFFF3E738BD03289ABF79
:10D9F000014B185C03207047E880010800B50268FD
:10DA0000174B9A42A1B028D13422002102A806F077
:10DA10004DF82023019301A80123079302F0B4F8E5
:10DA200040220DEB0200002106F040F84FF40053B5
:10DA30000FA80F9302F0E2FB0A4B9A6D42F400022A
:10DA40009A659B6D03F400030093009B064B002234
:10DA500083F81423142001F007F821B05DF804FBCB
:10DA6000005C00400010024000E100E000F52D7174
:10DA7000D0F8F40204F072B8282303FB0103D0F8B5
:10DA8000F402D3F8802104F099B8282303FB0103A2
:10DA9000D0F8F4021A6C04F0C6B8D0F8F40204F01E
:10DAA00064B98368022B10B5044601D000F094FEDF
:10DAB000D4F8F402012104F03CF9D4F8F402BDE8F2
:10DAC000104004F007B9000010B50446D0F8F40285
:10DAD00004F032F9A36923B1024A136943F0060343
:10DAE000136110BD00ED00E0836903B1FEE7D0F8DB
:10DAF000F40204F02FB9000010B51E4A04461E4877
:10DB00000823C0E900230223C0F8F44283600361C4
:10DB1000C4F8C8020023C0E90633036201F022F909
:10DB200008B100F059FE00221146D4F8C8021823AB
:10DB300001F094FFD4F8C80258230022802101F09C
:10DB40008DFFD4F8C802C0230022812101F086FF96
:10DB5000D4F8C8024FF488730022012101F07EFF3F
:10DB6000D4F8C8024FF480730022822101F076FFBE
:10DB7000002010BD005C0040BC59002008B5D0F862
:10DB8000C80201F050F9BDE80840FFF72FBF10B5FB
:10DB90001446D0F8C8021A46234601F05DFEBDE8DF
:10DBA0001040FFF723BF08B5D0F8C80201F088FE87
:10DBB000BDE80840FFF71ABF08B5D0F8C80201F069
:10DBC000E7FEBDE80840FFF711BF08B5D0F8C8026E
:10DBD00001F010FFBDE80840FFF708BF11F0800F0B
:10DBE000D0F8C8324FF028021DBF01F07F0101FBC1
:10DBF00002229B1802FB013314BF987993F86E013F
:10DC0000704708B5D0F8C80201F022F9BDE8084015
:10DC1000FFF7ECBE08B5D0F8C80201F09AFEBDE8E7
:10DC20000840FFF7E3BE08B5D0F8C80201F073FE64
:10DC3000BDE80840FFF7DABED0F8C80201F081BEA7
:10DC400000487047B45C0020704700001223014870
:10DC50000B807047B4020020042301480B807047FA
:10DC6000C8020020002370B54D1C1E46040FB0F101
:10DC7000204F34BF3034373401F8134005F81360B7
:10DC80000133DCB2A2424FEA0010EFD870BD0000B1
:10DC90001A2310B50B800A4BD3F89005D3F89825BA
:10DCA00080180AD0D3F8944506490822FFF7DAFF16
:10DCB000042210312046FFF7D5FF034810BD00BFF6
:10DCC0000070FF1FCE020020CC02002010B5044CD3
:10DCD00004480A46214604F0ACFA204610BD00BFB5
:10DCE000145D0020EC80010810B5044C04480A467D
:10DCF000214604F09EFA204610BD00BF145D0020AE
:10DD0000FF80010810B5044C04480A46214604F07F
:10DD100090FA204610BD00BF145D00201581010857
:10DD200010B5044C04480A46214604F082FA204605
:10DD300010BD00BF145D00202081010810B5302403
:10DD4000632807D80C703021092808D830301170AA
:10DD5000187010BD01346438E4B2C0B2F0E701318C
:10DD60000A38C9B2C0B2EFE730B5302442F20F75BD
:10DD7000A84212D80C703021B0F57A7F14D21170FD
:10DD80003022632816D81A703023092817D8039A2E
:10DD90001370049B3030187030BDA0F51C50013456
:10DDA0001038E4B280B2E3E70131A0F57A70C9B26D
:10DDB00080B2E1E701326438D2B280B2E1E70133E8
:10DDC0000A38DBB280B2E0E770B5324D324E302413
:10DDD000A84232D80C70314D314C3021A04230D89D
:10DDE00011703049302288422FD21A702E4A3023C7
:10DDF00090422ED8049A13702C4A302390422FD888
:10DE0000059A1370302342F20F7290422ED8069A70
:10DE100013703023B0F57A7F2ED2079A1370302317
:10DE200063282ED8089A1370302309282DD8099A10
:10DE300013700A9B3030187070BD0134E4B2304466
:10DE4000C6E70131C9B22844C8E70132D2B2401A4C
:10DE5000C9E70133A0F57420DBB2A0F51070C7E765
:10DE60000133A0F5C330DBB2A038C7E70133A0F51A
:10DE70001C50DBB21038C8E70133DBB2A0F57A7072
:10DE8000C8E70133DBB26438CAE70133DBB20A38D2
:10DE9000CBE700BFFFC99A3B003665C4001F0AFAF2
:10DEA000FFE0F505809698003F420F009F86010035
:10DEB00010B58B1C0C464A1CFFF740FF0023E37093
:10DEC00010BD002810B50C460FDA10F1800F0FD0EE
:10DED0004042C0B22D222346611C03F8032BA21C32
:10DEE000FFF72CFF0023237110BDC0B22022F2E700
:10DEF0002D228020EFE713B50B1D0193CB1C00935F
:10DF00004A1C8B1C0C46FFF72FFF0023637102B0E5
:10DF100010BD10B588B001F10903069301F10803A3
:10DF20000593CB1D04938B1D03934B1D02930B1D77
:10DF30000193CB1C00934A1C8B1C0C46FFF744FF3B
:10DF40000023A37208B010BD0A2230B50123144685
:10DF5000824207D95A1E12B20A24150406D500229D
:10DF6000CA5430BD01339BB26243F1E7B0FBF4F514
:10DF700004FB1500303088542846013AEDE7031EB3
:10DF800010B50C4603DBBDE81040FFF7DDBF58427B
:10DF90000131FFF7D9FF2D23237010BD03099F28FE
:10DFA00000F00F0094BF3033373309280B7094BF53
:10DFB00030303730002348708B70704713B50246FD
:10DFC0000C46C0B201A9FFF7E9FF2146100AFFF78E
:10DFD000E5FF9DF80430A3709DF80530E3709DF8CF
:10DFE0000630237102B010BD10B5034C2146FFF777
:10DFF0005FFF204610BD00BF145E002010B5034C2B
:10E000002146FFF75EFF204610BD00BF145E0020D2
:10E0100010B5034C2146FFF76EFF204610BD00BF30
:10E02000145E002010B5034C2146FFF772FF204616
:10E0300010BD00BF145E002010B5034C2146FFF751
:10E04000BDFF204610BD00BF145E002013B503685D
:10E050008DF807109C680DF107010123A04702B05D
:10E0600010BD07B503688DF807101B6901220DF17B
:10E070000701984703B05DF804FB73B51D460368BC
:10E08000019104465B6916469847236820461B6841
:10E0900098470199221D2046FFF7D8FF2DB123682C
:10E0A0002A461B69314620469847236820465B680C
:10E0B000984723689B690C21204602B0BDE8704058
:10E0C000184773B51E460368019104465B691546FF
:10E0D0009847236820461B689847221D01992046CF
:10E0E000FFF7B4FF20460021FFF7BBFF236820465F
:10E0F000DB6832462946984723685B68204602B0B1
:10E10000BDE8704018472DE9F0411F4603680446FA
:10E110005B690D4616469847236820461B6898475A
:10E12000221D20460D21FFF791FF290A2046FFF707
:10E1300098FFE9B22046FFF794FF236831463A463C
:10E1400020461B699847236820465B6898472368E8
:10E1500020469B69BDE8F0410C21184707B5012313
:10E160008DF807200DF10702FFF7CDFF03B05DF832
:10E1700004FB2DE9F0411F46036804465B690D4628
:10E1800016469847236820461B689847221D20465C
:10E190001D21FFF75BFF290A2046FFF762FFE9B266
:10E1A0002046FFF75EFF20460021FFF75AFF236855
:10E1B0002046DB683A4631469847236820465B682C
:10E1C000BDE8F041184707B501230DF10702FFF73D
:10E1D000D0FF9DF8070003B05DF804FB2DE9F04186
:10E1E0001E46036804465B690F4615469847236838
:10E1F00020461B689847221D20460E21FFF726FF68
:10E2000039462046FFF72DFF23682946324620462F
:10E210001B699847236820465B6898472368204617
:10E220009B69BDE8F0410C2118472DE9F0411E46DD
:10E23000036804465B690F461546984723682046E5
:10E240001B689847221D20461E21FFF7FFFE394616
:10E250002046FFF706FF20460021FFF702FF236854
:10E260002046DB68324629469847236820465B688B
:10E27000BDE8F041184710B5002304461A46C021F6
:10E28000FFF7FBFE207910BD37B504460D468DF82B
:10E290000710012380210DF10702FFF7EEFE23682E
:10E2A000012D9B690CBF322140F2DC51204603B0A6
:10E2B000BDE83040184737B501230C468DF80710EC
:10E2C0000DF107028A210546FFF7D7FEAC7103B0B6
:10E2D00030BD07B5042309BA01910DEB0302862175
:10E2E000FFF7CBFE03B05DF804FB07B502238DF802
:10E2F00004108DF805208F2101AAFFF7BEFE03B0A0
:10E300005DF804FB37B58DF8063000238DF8073033
:10E310000423044615468DF804108DF805208B2142
:10E320000DEB0302FFF7A9FE40F689012046FFF737
:10E330004AFF062D16BF40F0040200F0FB02D2B2E5
:10E3400040F6890120468DF80420FFF707FF03B04F
:10E3500030BD73B515468DF8033000229DF8183096
:10E360009DF81C608DF8002004468DF801108DF892
:10E3700004308C2106236A468DF802508DF8056022
:10E38000FFF77BFE40F236712046FFF71CFF5EB1BF
:10E3900000F0FB0240F2367120468DF80020FFF7B6
:10E3A000DDFE657102B070BD40F00403DAB2F1E742
:10E3B00007B55BBAADF80430BDF810305BBAADF804
:10E3C000063049BA082352BAADF80010ADF8022061
:10E3D00019466A46FFF751FE03B05DF804FB07B526
:10E3E000022301AA1221FFF76CFE9DF804309DF86C
:10E3F000050000EB032080B203B05DF804FB07B515
:10E40000022349BAADF8041001AA1946FFF735FEF8
:10E4100003B05DF804FB07B502238DF804108DF8F6
:10E4200005208E2101AAFFF728FE03B05DF804FB4A
:10E4300013B56FF07F43994228BF19460B0C044671
:10E440008DF804300B0A8DF805308DF8061001AAFE
:10E4500003238321FFF711FE236864219B69204673
:10E46000984702B010BD13B56FF07F43994228BFA3
:10E4700019460B0C04468DF804300B0A8DF8053054
:10E480008DF8061001AA03238221FFF7F6FD236809
:10E4900064219B692046984702B010BD37B503231D
:10E4A0000D461446142101AAFFF70BFE9DF8043017
:10E4B0005B085B422B809DF90530002BB8BF03330E
:10E4C0009B10237003B030BD10B543680D4A23F094
:10E4D0007F4323F0FF039342044611D1002240F60C
:10E4E0000211FFF73BFE40F644112046FFF76BFE9A
:10E4F00040F00200C2B240F644112046FFF72EFE63
:10E5000010BD00BF0001010037B505460191FFF7BE
:10E5100066FF019904462846FFF771FFA30702D55D
:10E520002846FFF7D1FF204603B030BD07B50029CC
:10E5300014BF402320238DF807300DF1070201237B
:10E540009321FFF79AFD03B05DF804FB10B500239B
:10E5500004461A46C121FFF790FD236820469B69B7
:10E56000BDE810404621184708B5FFF784FE80B289
:10E5700008BD07B50023ADF8043001AA0223072126
:10E58000FFF77BFD03B05DF804FB07B5130C8DF8B6
:10E59000053052BA04238DF80410ADF806209721F7
:10E5A0000DEB0302FFF769FD03B05DF804FB08B54E
:10E5B0000A4640F6AC01FFF7D1FD08BD10B540F6A4
:10E5C000D8010446FFF7FFFD40F01E00C2B240F63E
:10E5D000D8012046FFF7C2FD10BD08B50A4640F637
:10E5E000E701FFF7BBFD08BD07B5054B0193042309
:10E5F0000DEB03029521FFF740FD03B05DF804FB2E
:10E600000101000107B502238DF804108DF80520E3
:10E61000982101AAFFF731FD03B05DF804FB00006B
:10E6200013B504461C48B0FBF1F1080C8DF800004E
:10E63000080A8DF8010004988DF803208DF8043045
:10E640008DF80210F1F776FF11A3D3E90023F2F75A
:10E6500015F9F2F7FBF9020C43BA8DF80520ADF875
:10E6600006306A46082320468B21FFF706FD40F658
:10E6700089012046FFF7A7FD40F00402D2B240F620
:10E68000890120468DF80020FFF768FD02B010BD1B
:10E69000000000008084EE3F0000093D1FB58DF8AA
:10E6A00007309DF818308DF808309DF81C308DF833
:10E6B00009309DF820308DF80A309DF824308DF80F
:10E6C0000B3049BA9DF82830ADF804108DF80620BB
:10E6D0008DF80C3001AA09238C21FFF7CEFC05B080
:10E6E0005DF804FB07B5002349BAADF80010ADF89A
:10E6F000023001936A4608234FF4D861FFF703FD07
:10E7000003B05DF804FB13B503230C4601AA1421E2
:10E71000FFF7D7FC9DF806305B085B42238002B010
:10E7200010BD10B594B03822002106A805F0BEF93E
:10E730001422002101A805F0B9F9002001F0C2F966
:10E7400001224FF48033CDE906230324022355220E
:10E7500006A8CDE90D34CDE91023CDE912330F938E
:10E7600001F012FA08B172B6FEE70421CDE9030008
:10E770000F2305900DEB0100CDE9013401F04AFCB7
:10E7800008B172B6FEE714B010BD000007B5104A1C
:10E79000136823F48063136000F00CF9FFF7C1FFE6
:10E7A0000C4BDA6C42F02002DA64DA6C02F02002E0
:10E7B0000192019ADA6C42F00102DA64DB6C03F038
:10E7C00001030093009B03B05DF804EBFEF7A0BECD
:10E7D000002002400010024072B6FEE70B4B1A6E9A
:10E7E00042F001021A661A6E82B002F00102009233
:10E7F000009A9A6D42F080529A659B6D03F08053A7
:10E800000193019B02B001F0B7B900BF00100240B4
:10E81000FEE7FEE7FEE7FEE7FEE77047704770475A
:10E82000F4F716BF0120704708B505F001F916236B
:10E8300003604FF0FF3008BD08B505F0F9F8162366
:10E840000360FEE770B50D4614460E46731B9C42EE
:10E8500001DC204670BDAFF3008006F8010BF5E740
:10E8600070B50D4614460E46731B9C4201DC2046D3
:10E8700070BD16F8010BAFF30080F5E74FF0FF30E5
:10E8800070474FF400534B600020704701207047E1
:10E89000002070470B4A116810B5034609B90A49B0
:10E8A0001160106809490A4C0344091B8B4206D9C0
:10E8B00005F0BEF80C2303604FF0FF3010BD13606D
:10E8C000FCE700BF345E0020905F00200080002045
:10E8D00000040000034AD2F8883043F47003C2F801
:10E8E0008830704700ED00E00D488546FFF7F2FFE5
:10E8F0000C480D490D4A002302E0D458C45004339B
:10E90000C4188C42F9D30A4A0A4C002301E0136070
:10E910000432A242FBD304F055FEFFF737FFFEE7B7
:10E920000080002000000020F803002090870108EC
:10E93000F80300208C5F0020FEE7704710B5094BFC
:10E940004FF0FF3200249A639C631A641C649A623D
:10E950009C62DA62DC621A631C63FFF7EEFF2046FA
:10E9600010BD00BF0010024038B50F4B1A680546B5
:10E970000AB9012038BD4FF47A73B3FBF2F30B4AA6
:10E980001068B0FBF3F000F07DF804460028F0D1E9
:10E990000F2DEED8024629464FF0FF3000F032F836
:10E9A000034B20461D60E5E7EC020020E802002052
:10E9B000F002002010B5032000F012F80F20FFF73E
:10E9C000D3FF044618B9FFF709FF204610BD012404
:10E9D000FBE70000014B1868704700BF385E00205D
:10E9E0000749CA6822F4E0620302120403F4E063F8
:10E9F000120C134343F0BF6343F40033CB60704702
:10EA000000ED00E0164B30B5DC68C4F30224C4F11D
:10EA10000703251D042B28BF0423062D4FF0FF35C7
:10EA20008CBF033C002405FA03F321EA0303A5404D
:10EA300022EA0502A340002843EA0203ACBF00F12A
:10EA40006040084A4FEA0313B8BF00F00F00DBB282
:10EA5000AABF00F56140135480F8003330BD00BFF9
:10EA600000ED00E014ED00E0002807DB044A410956
:10EA7000012300F01F00834042F82130704700BF9F
:10EA800000E100E00138B0F1807F0BD24FF0E023CD
:10EA9000054A5861F02182F823100020072298616E
:10EAA0001A6170470120704700ED00E0094A536980
:10EAB00043F4802310B55361EFF3108272B6002344
:10EAC000CC58C4500433B3F5807FF9D182F3108859
:10EAD00010BD00BF00200240064B5A69002ABFBF8C
:10EAE000054A9A6002F188329A60BABF5869C00F2D
:10EAF000002070470020024023016745044B5A69FB
:10EB000042F000425A615869C043C00F704700BFCD
:10EB10000020024070B50646FFF75CFF0F4C05462B
:10EB20002369DB030BD423694CF2FA3213400DD076
:10EB30000B494A681A434A600120236170BDFFF700
:10EB400049FF401BB042EBD90320F7E7206910F0E2
:10EB50000100F3D0012222611846EFE700200240B5
:10EB6000F40200202DE9F0471D4E99463378012B21
:10EB700005460F46904631D04FF0010A4FF47A70A7
:10EB800086F800A0FFF7C6FF0446B8B97060CDB99B
:10EB9000144A536943EA0A035361C7F80080BFF37C
:10EBA0006F8FC7F8049054464FF47A70FFF7B2FFA6
:10EBB00024B10C4A536923EA0403536100233370E0
:10EBC000BDE8F0876B1E012BEED841463846FFF7B3
:10EBD0006DFFAB1E5D425D41AC04E5E70220EFE74F
:10EBE000F402002000200240064B10F0010F1EBF6F
:10EBF0005A6942F004025A615A6942F480325A61F9
:10EC0000704700BF00200240084B5A69C00022F440
:10EC1000FC7200F4FF60104358615A6942F002022E
:10EC20005A615A6942F480325A61704700200240AA
:10EC30001548037FDAB203F0FD03012B10D1134B0B
:10EC4000196821F400711960196841F400611960B4
:10EC5000196821F400611960196841F400711960A4
:10EC6000931E012B0CD8094B1A6842F480521A608B
:10EC70001A6822F480521A601A6842F480621A609C
:10EC800000230377704700BFF402002000200240F9
:10EC90002DE9F843314D2B78012B064688465AD092
:10ECA00001274FF47A702F70FFF734FF044610BB32
:10ECB0002B4B68601A6812F4007F1A6820D0510547
:10ECC00006D51A6822F480621A6003232B7700E0CD
:10ECD0002F773368012B1DD17068FFF785FF4FF444
:10ECE0007A70FFF717FF1E4A536923F004030446A6
:10ECF0005361FFF79DFF00232B702046BDE8F8838A
:10ED0000520505D51A6822F480621A600223DDE7F5
:10ED10002877DEE74FF0FF33C8F80030B768DFF838
:10ED20004090D6E902321344BB42E2D971683846BA
:10ED3000FFF76AFF4FF47A70FFF7ECFED9F8143052
:10ED400023F4FD73C9F8143018B1C8F800700446F4
:10ED5000CFE70137E5E70224CFE700BFF402002048
:10ED600000200240F0B5044687B0002858D090F843
:10ED7000AD3203F0FF021BB980F8AC22FEF73EFE75
:10ED80000323002584F8AD326562206801F09DFF01
:10ED90002B466668282501271846D9B28E4203F112
:10EDA000010323D8002328251946D8B2864203F14F
:10EDB000010328D804F110060FCE6D460FC596E862
:10EDC000030085E80300231D0ECB206801F087FFB8
:10EDD0000025012384F8285084F8AD32E369012B23
:10EDE00002D1204600F056FE28461AE005FB0142FB
:10EDF000C2E90F0082F82D7082F82C10518782F83A
:10EE00002F005064C9E705FB0042C2E95F1182F898
:10EE10006D1182F86C0182F86F11C2F88411C4E799
:10EE2000012007B0F0BD10B590F8AC32012B0446BC
:10EE30000CD0012380F8AC32006801F03DFF20685F
:10EE400002F0FAF9002084F8AC0210BD0220FCE7C1
:10EE500010B590F8AC22012A04460BD0012280F8AC
:10EE6000AC2280F82810006802F0E0F9002084F855
:10EE7000AC0210BD0220FCE72DE9F74F0446006804
:10EE800002F0E5F910F4004100F02F84DFF8088368
:10EE9000C04F2068B0F844301A0402D403B0BDE873
:10EEA000F08FB0F84450A9B215F00F0540F0B780CC
:10EEB00011F010012AD103889BB203EA080343F43E
:10EEC00000430380B0F8503094F82C2000F2024048
:10EED00010FA83F3204633F83230226CC3F309036F
:10EEE0001A44A3642264FEF7D0FD94F82830002B66
:10EEF000CFD0626C2168002ACBD194F8283043F03F
:10EF00008003A1F84C3084F82820C2E70588ABB212
:10EF100015F4006520D0B0F8503094F86C2100F260
:10EF2000064111FA83F304F52D7133F83230B4F849
:10EF30007221C3F30903C4F8883102F0D7FB2268B9
:10EF4000138823F070031B051B0D43F0800313800F
:10EF50002046FEF78BFD9CE71A049AD5038823F020
:10EF600070031B051B0D43F080030380B0F8503085
:10EF700094F86C2100F2064111FA83F333F8323031
:10EF8000C3F30903C4F888318BB1D4F8801171B18F
:10EF9000B4F8722102F0AAFBD4F88031D4F88821A9
:10EFA0001344C4F8803129462046FEF765FD2168E8
:10EFB0000B881B053FF56DAFD4F87C51B1F850308C
:10EFC0003E2D9BB201F2064008D96A09EE0608BF41
:10EFD00002F1FF3247EA822292B20AE0CDB9C25A68
:10EFE00022F4F8421204120CC252C25A92B242F4F3
:10EFF0000042C2520B8823F4804323F070031B04A9
:10F000001B0C83F4405343F4004343F080030B8014
:10F010003FE76A08ED0748BF01329202DCE70FFACA
:10F0200085F930F8293019049EB240F1F58030F8A6
:10F03000293023F070031B051B0D43F080032821AA
:10F0400020F8293001FB054191F87831BBB9B0F8BF
:10F05000503091F86C2100F2064C1CFA83F333F81F
:10F0600032A0CAF3090ABAF1000F00F0B980B1F872
:10F0700072215346D1F8801102F038FBB0E091F8CC
:10F080006F31022B91F86C3140F08880B0F850C09D
:10F09000D1F884214FEAC30A10FA8CFC16F4804B95
:10F0A000D44406F0400E3AD0BCF802A4CAF3090AD0
:10F0B000924513D90022C1F8842130F8232022F48C
:10F0C000804222F070021204120C82F4005242F4C8
:10F0D000004242F0800220F8232005E0A2EB0A0261
:10F0E000C1F88421002AE8D0BEF1000F0DD030F81D
:10F0F000232022F4E04222F070021204120C42F4A7
:10F10000004242F0C00220F82320BAF1000F67D07D
:10F11000282101FB0541B1F874215346AAE7BCF848
:10F1200006A4CAF3090A924512D9C1F884B130F88D
:10F13000232022F4804222F070021204120C82F486
:10F14000005242F4004242F0800220F8232005E001
:10F15000A2EB0A02C1F88421002AE8D0BEF1000F18
:10F160000DD130F8232022F4E04222F07002120484
:10F17000120C42F4004242F0C00220F82320BAF1FF
:10F18000000F2DD0282101FB0541B1F8762153460F
:10F1900070E700BF0080FFFF0F8FFFFF30F82320D4
:10F1A00022F4E04222F070021204120C42F40042F7
:10F1B00042F0C00220F8232091F86C2130F8223070
:10F1C00013F4804FB0F8503062D000F2024C1CFAB9
:10F1D00083F333F832A0CAF3090ABAF1000F9AD1C7
:10F1E000282101FB0543D3F888215244C3F8882124
:10F1F000D3F880215244C3F88021D3F884211AB176
:10F20000D3F87C319A454FD2282303FB054320468F
:10F2100093F86C11FEF730FC320620687FF539AEAA
:10F2200030F829309BB203EA080343F4004320F886
:10F23000293009EB890904EBC9094FF0280C99F82A
:10F240002F30022B5BD00CFB054C00259CF838308E
:10F25000CCF84450002B3AD016F0400699F82D30E7
:10F2600099F82C2039D03BBBB0F8503000F2024066
:10F2700010FA83F303EBC2031A8822F4F842120453
:10F28000120C1A801A8892B242F400421A801EE0D0
:10F2900000F2064C1CFA83F333F832A0CAF3090AD1
:10F2A000BAF1000F9CD070E701FB0541206801F521
:10F2B000B67101F0DFFFAFE7012B08D1B0F8503095
:10F2C00000F2024010FA83F303EBC2031D8099F8A9
:10F2D0002C102046FEF7D9FBDBE523B9B0F85030FF
:10F2E00000F20640C4E7012BF1D1B0F8503000F233
:10F2F000064010FA83F303EBC2031E80E7E799F898
:10F300002C100CFB054E16F4807ADEF844300A46C9
:10F310004FEAC10B22D1B0F850201BFA82F202440E
:10F32000B2F80264C6F309069E4202D3CEF844A0A6
:10F33000CFE79B1BDEF84020CEF84430DEF84830A3
:10F3400005FB0CCC324433440CF10401CEF84020D0
:10F35000CEF84830214401F08DFF9AE516F0400ABE
:10F36000B0F850C006F4804600F0E18000F2024E92
:10F370001EFA8CFC4FF0280A3CF831C0CCF3090C83
:10F380009C450AFB054A34BFA3EB0C030023CAF8D3
:10F390004430B6B2002B54D199F82D50002D3FD1F6
:10F3A000B0F850501EFA85F535F8313023F4F843A3
:10F3B0001B041B0C25F8313035F831309BB243F477
:10F3C000004325F83130B0F8503000F2064010FA12
:10F3D00083F030F8313023F4F8431B041B0C20F881
:10F3E000313030F831309BB243F4004320F83130F3
:10F3F0002046FEF74AFB002E00F0E28099F82C1020
:10F40000226832F8213023F4E04323F070031B0418
:10F410001B0C43F4404343F0800322F82130CFE03B
:10F42000012DE5D1B0F850501EFA85F525F83130A0
:10F43000B0F8505000F2064010FA85F525F831304A
:10F44000D6E76EB130F8213023F4E04323F07003A7
:10F450001B041B0C43F4404343F0800320F821308D
:10F46000282606FB054696F85030012B40F0A88070
:10F47000B36C316CD6F84CA06344B364F36B614455
:10F480009A4531641CD3AAEB030AC6F84CA099F83C
:10F490002D601FFA83FA002E40D1B0F850603E2B49
:10F4A0001EFA86F619D94FEA531CDB0608BF0CF189
:10F4B000FF3C47EA8C2C1FFA8CFC26F832C01CE07B
:10F4C000BAF1000F03D186F850A06346DFE70023AE
:10F4D00086F85030F3645346D9E7B3B936F8323082
:10F4E00023F4F8431B041B0C26F8323036F8323074
:10F4F0009BB243F4004326F83230282202FB054237
:10F500005346928E01F0A7FE5AE04FEA530CDB07F8
:10F5100048BF0CF1010C4FEA8C2CCCE7012E02BF46
:10F52000B0F850301EFA83F323F832A0E5E700F27A
:10F53000064E1EFA8CFCB6B23CF831C0CCF3090C76
:10F540009C4588BF53464FF0280A0AFB054A98BFDE
:10F55000A3EB0C03CAF84430002B53D199F82D507B
:10F56000002D40D1B0F8505000F2024313FA85F557
:10F5700035F8313023F4F8431B041B0C25F83130E7
:10F5800035F831309BB243F4004325F83130B0F800
:10F5900050001EFA80F030F8313023F4F8431B0499
:10F5A0001B0C20F8313030F831309BB243F400436B
:10F5B00020F832302046FEF768FA002E3FF41EAFE6
:10F5C00099F82C10226832F821309BB223F4E043E2
:10F5D00023F0400383F0300343F4004343F08003FF
:10F5E00022F8213055E4012DE4D1B0F8505000F25A
:10F5F000024C1CFA85F525F83130B0F850001EFA9F
:10F6000080F0D5E76EB930F8213023F4E04323F0E1
:10F6100070031B041B0C43F4404343F0800320F8A9
:10F620002130282606FB054696F85030012BC7D11D
:10F63000B36C316CD6F84CA06344B364F36B614493
:10F640009A4531641CD3AAEB030AC6F84CA099F87A
:10F650002D601FFA83FC002E3ED1B0F850603E2B87
:10F660001EFA86F619D94FEA531EDB0608BF0EF1C3
:10F67000FF3E47EA8E2E1FFA8EFE26F832E01CE08F
:10F68000BAF1000F03D186F850A06346DFE70023EC
:10F69000F36486F850305346D9E7A3B936F83230D0
:10F6A00023F4F8431B041B0C26F8323036F83230B2
:10F6B0009BB243F4004326F83230282303FB054570
:10F6C0006346EA8E1EE74FEA530EDB0748BF0EF192
:10F6D000010E4FEA8E2ECEE7012E02BFB0F8503059
:10F6E0001EFA83F323F832C0E7E7430513D52268F7
:10F6F0000191B2F8443023F480631B041B0C2046B4
:10F70000A2F84430FEF7CDF90199204603B0BDE8D8
:10F71000F04FFFF79DBB47040AD52268B2F844308A
:10F7200023F480431B041B0CA2F84430FFF7B6BB44
:10F7300010F4005105D02268B2F8443023F400538D
:10F74000F0E7C60422D52268B2F8403023F0040363
:10F750001B041B0CA2F84030B2F8403023F0080321
:10F760001B041B0CA2F8403094F8E432012B04D1A6
:10F7700084F8E412204600F0A4F92046FEF7B4F91C
:10F780002268B2F8443023F48053CBE705051BD53B
:10F790002268B2F840309BB243F00803A2F8403030
:10F7A000B2F8443023F400631B041B0CA2F844306D
:10F7B000B2F840309BB243F00403A2F84030204638
:10F7C000FEF782F9FFF76ABB01062BD52368B3F871
:10F7D000442022F080021204120CA3F8442094F872
:10F7E000E422002AEBD1B3F8402092B242F00402A6
:10F7F000A3F84020B3F8402092B242F00802012161
:10F80000A3F8402084F8E412B3F85430C3F38D0316
:10F8100003F03C032046C4F8E83203B0BDE8F04FE3
:10F8200000F04FB982050DD52268B2F8443023F4B8
:10F8300000731B041B0CA2F844302046FEF72DF980
:10F84000FFF72CBBC3057FF529AB2268B2F8443023
:10F8500023F4807366E700BF11F0800F70B5054692
:10F860004FF0280401F007001ED000FB0444211DC6
:10F870002C440126294466710A614A780870CB70CD
:10F8800002B1C881022B04BF00230B7195F8AC3282
:10F89000012B13D00123286885F8AC3201F034FA2B
:10F8A000002085F8AC0270BD04FB005104FB00543D
:10F8B000002601F5B67184F86D61DDE70220F2E7FC
:10F8C00011F0800F10B501F0070204464FF0280335
:10F8D00015D002FB0333191D034401440120587164
:10F8E0000A7094F8AC32012B13D00123206884F8FD
:10F8F000AC3201F05FFB002084F8AC0210BD03FBCA
:10F90000020103FB0203002001F5B67183F86D01CB
:10F91000E6E70220F2E770B501F00701282606FBB2
:10F920000104002584F86C11C4E96023C4F88851EF
:10F9300084F86D5104F5B671006801F09BFC28460F
:10F9400070BD01F00701282303FB0100D0F88801F6
:10F95000704770B501F00701282404FB0105C5E9D3
:10F960001023EB6401EB810300EBC30301220026AB
:10F9700001FB044485F85020AE6483F82C10211D4F
:10F98000014483F82D20006801F074FC304670BDFE
:10F9900010B5044601F007006368984226D811F0BC
:10F9A000800F4FF0280317D000FB03331A1D2344A8
:10F9B00001212244597101239370107094F8AC1204
:10F9C000994215D0206884F8AC32114601F0C5FB8D
:10F9D000002084F8AC0210BD03FB014203FB01418F
:10F9E000002302F5B67281F86D31E4E70120F2E7F9
:10F9F0000220F0E738B5436801F00F029A4204464E
:10FA000028D811F0800F01F007024FF0280317D01B
:10FA100002FB0333191D03440144012058710025E2
:10FA20008D700A7094F8AC32012B15D00123206838
:10FA300084F8AC3201F0B1FB84F8AC52284638BDF2
:10FA400003FB020103FB0203002001F5B67183F8FA
:10FA50006D01E4E70120F2E70220F0E711F0800FEA
:10FA600018BF01F0070110B54FF0280417BF01FBC4
:10FA7000044404FB01000434001908BF00F5B6700B
:10FA800099B21AB90273C180002010BD012202731D
:10FA90008360F9E70268002180F8E4120123C0F8CE
:10FAA000EC32B2F854309BB243F00103A2F8543068
:10FAB000B2F854309BB243F00203A2F85430084627
:10FAC00070477047294B1A6830BB02F4C062B2F528
:10FAD000806FD3F8802022F48072C3F880201AD17E
:10FAE0001A6822F4C06242F400721A60204A126856
:10FAF00032214A431F49B2FBF1F2013259694905EB
:10FB000000D522B95B69580503D400207047013A3B
:10FB1000F4E7032070477047B0F5007F1FD102F46F
:10FB2000C062B2F5806FD3F8802042F48072C3F8CF
:10FB30008020EAD11A6822F4C06242F400721A608E
:10FB40000B4A126832214A430A49B2FBF1F20132F0
:10FB500059694905D6D5002AD4D0013AF8E722F4EC
:10FB6000C06242F480621A60CFE700BF00700040BC
:10FB7000E802002040420F00024A936843F48043A9
:10FB800093607047007000402DE9F341044640B394
:10FB90000368DF0714D423689E075BD423681E071D
:10FBA00000F1A48023685D0700F1CB8023689B06E9
:10FBB00000F13281E069002840F06081002028E0F7
:10FBC000A14DAB68EA6803F00C030C2B0BD102F0DB
:10FBD0000303032B09D12B689D03DCD56368002B3D
:10FBE000D9D1012015E0082BF4E76368B3F5803F15
:10FBF00012D12B6843F480332B60FEF7EBFE0646F0
:10FC00002B689803C7D4FEF7E5FE801B6428F7D95C
:10FC1000032002B0BDE8F081B3F5A02F04D12B681A
:10FC200043F480232B60E4E72A6822F480322A60C0
:10FC30002A6822F480222A60002BDED1FEF7CAFE59
:10FC400006462B689903A6D5FEF7C4FE801B6428E0
:10FC5000F7D9DDE77C4DAB68EA6803F00C030C2BA9
:10FC600017D102F00303022B15D12B685A0502D5D8
:10FC7000E368002BB5D06B68226923F0FE4343EAAA
:10FC800002636B60714B1868FEF76EFE002885D02A
:10FC9000A7E7042BE8E7E368BBB12B6843F4807364
:10FCA0002B60FEF797FE06462B685B0507D56B6851
:10FCB000226923F0FE4343EA02636B606EE7FEF7BE
:10FCC00089FE801B0228EFD9A2E72B6823F48073FA
:10FCD0002B60FEF77FFE06462B685F057FF55EAF63
:10FCE000FEF778FE801B0228F6D991E76369564D2E
:10FCF0009BB1D5F8943043F00103C5F89430FEF77A
:10FD000069FE0646D5F8943098073FF54BAFFEF7ED
:10FD100061FE801B0228F5D97AE7D5F8943023F0EC
:10FD20000103C5F89430FEF755FE0646D5F8943029
:10FD300099077FF537AFFEF74DFE801B0228F5D9F6
:10FD400066E7414DAB6DDA0027D4AB6D43F08053CD
:10FD5000AB65AB6D03F080530193019B01273C4ED3
:10FD60003368DB051BD5A368012B29D1D5F890306A
:10FD700043F00103C5F89030FEF72CFE41F28838BD
:10FD80000646D5F89030990740D5002F3FF40EAFC6
:10FD9000AB6D23F08053AB6508E70027DFE73368DE
:10FDA00043F480733360FEF715FE80463368D80550
:10FDB000D9D4FEF70FFEA0EB08000228F6D927E7FA
:10FDC000052B06D1D5F8903043F00403C5F89030E8
:10FDD000CCE7D5F8902022F00102C5F89020D5F8A4
:10FDE000902022F00402C5F89020002BC4D1FEF729
:10FDF000F1FD41F288380646D5F890309A07C4D50F
:10FE0000FEF7E8FD801B4045F6D901E7FEF7E2FD6D
:10FE1000801B4045B5D9FBE6A3690B4DD3B1D5F89E
:10FE2000983043F00103C5F89830FEF7D3FD06463D
:10FE3000D5F898309F073FF5BDAEFEF7CBFD801B90
:10FE40000228F5D9E4E600BF00100240F0020020CD
:10FE500000700040D5F8983023F00103C5F89830C1
:10FE6000FEF7B8FD0646D5F8983098077FF5A2AEA4
:10FE7000FEF7B0FD801B0228F5D9C9E6484DAB68F6
:10FE800003F00C030C2B57D02B68022823F080734F
:10FE90002B603AD1FEF79EFD06462B6899012ED4C1
:10FEA000EA68404B1340226A1343A26A43EA0223E2
:10FEB000E26A43EAC263626A013A43EA0213226BCE
:10FEC0005208013A43EA4253626B5208013A43EA4C
:10FED0004263EB602B6843F080732B60EB6843F068
:10FEE0008073EB60FEF776FD04462B689A013FF5C0
:10FEF00065AEFEF76FFD001B0228F6D988E6FEF717
:10FF000069FD801B0228C8D982E6EB6823F0030351
:10FF1000EB60EB6823F0887323F48033EB60FEF72B
:10FF200059FD04462B689B017FF548AEFEF752FD54
:10FF3000001B0228F6D96BE601283FF46AAEEB6895
:10FF4000226A03F0030191427FF44BAE616A03F031
:10FF5000F0020139B2EB011F7FF443AEA16A03F452
:10FF6000FE42B2EB012F7FF43CAEE16A03F078422F
:10FF7000B2EBC16F7FF435AE226B520803F4C001BF
:10FF8000013AB1EB425F7FF42CAE626B520803F092
:10FF9000C063013AB3EB426F3FF410AE21E600BFFD
:10FFA000001002400C809F01174B9A6802F00C026F
:10FFB000042A23D09A6802F00C02082A20D09A68FA
:10FFC00002F00C020C2A1DD1D968DA68D868DB6807
:10FFD00001F00301C3F341630329C2F30312C0F329
:10FFE000062003F101030CBF084909495B000132F7
:10FFF000B1FBF2F25043B0FBF3F070470448704796
:020000040801F1
:1000000002487047002070470010024000127A003A
:100010000024F4002DE9F8430E46054610B90120EE
:10002000BDE8F8836D4A136803F00F038B4245D394
:10003000296811F001084CD12A68910740F1A78086
:10004000674B12F0040F1EBF996841F4E06199609C
:10005000120741BF9A6822F47C5242F4E0629A602F
:100060009A68A96822F0F0020A439A605B4C236800
:1000700003F00F03B34200F293802A68584C12F049
:10008000040F40F0A380130706D5A3682A6923F460
:10009000605343EAC203A360FFF786FFA368514A97
:1000A000C3F30313D35C03F01F03D8404E4B186017
:1000B0004E4B1868BDE8F843FEF756BC136823F0B2
:1000C0000F030B431360136803F00F038B42A6D199
:1000D000AEE76F68424C032F236849D19B019ED540
:1000E000E368E26803F00303032BE3680CBF4048B6
:1000F0004048C2F30312C3F306230132B0FBF2F20D
:100100005343E268C2F3416201325200B3FBF2F39F
:10011000394A93421AD84FF00008A36823F003032A
:100120003B43A360FEF756FC41F288390746A368BB
:100130006A6803F00C03B3EB820F3FF47DAFFEF768
:1001400049FCC01B4845F2D9032069E7A36813F0B6
:10015000F00F04D08807DED5AB68002BDBD1A36895
:1001600023F0F00343F08003A3604FF08008D4E74E
:10017000022F09D113F4003F3FF451AFFFF714FFF2
:100180001D4B9842C7D9EAE713F4806FF4E7B8F142
:10019000800F01BF124A936823F0F003936065E774
:1001A000236823F00F0333432360FEF713FC41F26F
:1001B00088380746236803F00F03B3423FF45DAF6E
:1001C000FEF708FCC01B4045F4D9BDE7A368E96809
:1001D00023F4E0630B43A36055E700BF0020024017
:1001E000001002402E810108E8020020F0020020E9
:1001F00000127A000024F40000B4C4042DE9F34195
:100200000446006810F4002039D0994DAB6DD80039
:1002100027D4AB6D43F08053AB65AB6D03F08053D7
:100220000193019B0126934F3B6843F480733B602D
:10023000FEF7D0FB80463B68D90514D5D5F8903041
:10024000226C13F4407302D0934240F0EB80D5F857
:100250009030226C23F440731343C5F89030002093
:1002600008E00026DFE7FEF7B5FBA0EB0800022858
:10027000E1D903201EB1AB6D23F08053AB65236839
:10028000DE0708D57A496568D1F8882022F0030294
:100290002A43C1F888209D0708D57549A568D1F87B
:1002A000882022F00C022A43C1F88820590708D57B
:1002B0006F49E568D1F8882022F030022A43C1F85E
:1002C00088201A0708D56A492569D1F8882022F0C4
:1002D000C0022A43C1F888209F0608D56449656991
:1002E000D1F8882022F440622A43C1F888205E06B3
:1002F00008D55F49A569D1F8882022F440522A43E5
:10030000C1F888201D0608D55949E569D1F888202B
:1003100022F440422A43C1F88820D90508D554491F
:10032000256AD1F8882022F440322A43C1F8882077
:100330009A0508D54E49656AD1F8882022F44022F2
:100340002A43C1F888205F050FD54949A56AD1F82D
:10035000882022F440122A43C1F88820B5F5801F76
:1003600002BFCA6842F48012CA601E050FD5404918
:10037000E56AD1F8882022F440022A43C1F8882097
:10038000B5F5800F02BFCA6842F48012CA60DD046E
:100390000FD53749256BD1F8882022F040722A43C7
:1003A000C1F88820B5F1807F02BFCA6842F480128C
:1003B000CA6099040FD52E49656BD1F8882022F0C8
:1003C00040622A43C1F88820B5F1006F02BFCA68B5
:1003D00042F48012CA605A040FD52549A56BD1F8A2
:1003E000882022F040622A43C1F88820B5F1006FCE
:1003F00002BFCA6842F48012CA601B040FD51C4AAF
:10040000E16BD2F8883023F040530B43B1F1805FA9
:10041000C2F8883003D1D36843F48033D36002B08C
:10042000BDE8F081D5F89020D5F8903043F48033C2
:10043000C5F89030D5F8903022F4407123F4803321
:10044000D207C5F89030C5F890107FF500AFFEF7E1
:10045000C1FA41F288380746D5F890309B073FF53E
:10046000F6AEFEF7B7FAC01B4045F5D901E700BF6D
:100470000010024000700040024AD36A1843D06264
:10048000704700BF00100240B0F1904F08B509D18D
:100490000120FFF7F1FF254AD36A23F00103D3625D
:1004A000002008BD224B984207D10220FFF7E4FF4D
:1004B0001E4AD36A23F00203F1E71E4B984207D18C
:1004C0000420FFF7D9FF194AD36A23F00403E6E7B3
:1004D000194B984207D10820FFF7CEFF134AD36A81
:1004E00023F00803DBE7154B984207D11020FFF7F4
:1004F000C3FF0E4AD36A23F01003D0E7104B984293
:1005000007D12020FFF7B8FF084AD36A23F0200361
:10051000C5E70C4B984207D14020FFF7ADFF034AD7
:10052000D36A23F04003BAE70120BAE70010024083
:100530000004004800080048000C00480010004873
:1005400000140048001800482DE9F04F02460D68DD
:1005500095FAA5F44FF0010EB4FA84F403274FF096
:100560000F0C6FEA050835FA04F001D1BDE8F08FF1
:100570000EFA04F32B4067D04868461E012E1ED8A1
:10058000966893FAA3F9B9FA89F94FEA490907FA83
:1005900009F926EA090993FAA3FA8E68BAFA8AFADF
:1005A0004FEA4A0A06FA0AF646EA090696605668CB
:1005B00008EA0609CE686E4349EA06065660D66820
:1005C00093FAA3F9B9FA89F94FEA490907FA09F93F
:1005D00026EA090993FAA3FA0E69BAFA8AFA4FEAE7
:1005E0004A0A06FA0AF646EA09060228D66018D12F
:1005F000FF2BD1F814A029D8D2F8209093FAA3F6B3
:10060000B6FA86F6B6000CFA06F629EA060993FA57
:10061000A3F6B6FA86F6B6000AFA06F646EA090620
:100620001662166893FAA3F9B9FA89F94FEA4909EB
:1006300007FA09F926EA090693FAA3F3B3FA83F352
:100640005B0098403043106001348CE7D2F824906E
:100650001E0A96FAA6FBBBFA8BFB4FEA8B0B0CFA31
:100660000BFB29EA0B0996FAA6F6B6FA86F6B6004F
:100670000AFA06FA4AEA09065662D2E7F8B50468A9
:1006800014F0010405460F463ED13A69BB68016883
:1006900013437A6913431D4A0A40134303604368B6
:1006A000FA6823F44053134343608368BA6923F420
:1006B0004073134383604FF4406000F059F93E6883
:1006C00000B37F68F7B1B3B2114A214632F8132064
:1006D0002346F0F72BFA7A080302090241EA106177
:1006E000981841F100013A462346F0F71FFAC0F38B
:1006F0001300E8602046EB6AB6B223F00F031E43F6
:10070000EE62F8BD0120F6E70120FAE7F3E9FFEF1A
:1007100046810108024B1868C0F38020704700BF73
:1007200000100240024BD3F89000C0F34000704725
:1007300000100240024B1868C0F34060704700BFD1
:1007400000100240044B054A9B68C3F30313D35CBB
:1007500003F01F03D8407047001002402E810108AB
:10076000044B054A9B68C3F30223D35C03F01F03C9
:10077000D8407047001002403E810108124B9A6831
:1007800002F00C02082A1BD00C2A1BD1DA680F4891
:100790000F4902F00302032A08BF0146D868DA684D
:1007A000DB68C3F34163C0F30620C2F303120133D5
:1007B000484301325B00B0FBF2F0B0FBF3F070474E
:1007C00002487047024870470010024000127A0049
:1007D0000024F400164A08B5136843F480731360CC
:1007E000FFF798FF0028FBD0536823F0FE4343F047
:1007F0008043536001239360936803F00C03042B40
:10080000FAD14FF4807313601360FFF793FF002851
:10081000FBD14FF4805140F23B73D1609061136281
:10082000D2F8943043F40003C2F8943008BD00BFFE
:1008300000100240032810B52DD12D4C2D4AD4F8BC
:10084000883003F0030343F44033934209D0B3F1FB
:10085000031F0CD0013A934210D1BDE81040FFF7BE
:100860008DBFFFF757FF002840D1002010BDFFF7D4
:1008700059FF003818BF0120C003F7E7FFF77EFFDC
:10088000FFF760FFA3681C4AC3F3C223D35C03F0E5
:100890001F03D840EAE70C2817D1154B174AD3F8A5
:1008A000883003F00C0343F440239342D9D0B3F1D2
:1008B0000C1FDCD0043A9342CFD0FFF75FFFFFF765
:1008C00041FFBDE81040FFF74BBF3028CDD1084BAA
:1008D0000B4AD3F8883003F0300343F440139342BB
:1008E000BFD0B3F1301FC2D0103AE4E70548BDE7EE
:1008F00000100240020003003E81010808000C00C5
:10090000200030000024F400C02808B501D00020E9
:1009100008BD144B144AD3F8883003F0C00343F4E5
:100920004003934209D0B3F1C01F0CD0403A934228
:1009300010D1BDE80840FFF721BFFFF7EBFE00280C
:10094000E5D00A48E4E7FFF7EDFE003818BF0120C4
:10095000C003DDE7FFF712FFFFF7F4FEBDE8084034
:10096000FFF7FEBE001002408000C0000024F4002B
:1009700008B5134BD3F888301840B0F5006F09D094
:10098000B0F5406F0DD0B0F5806F11D1BDE80840D3
:10099000FFF7F4BEFFF7BEFE0A4B002818BF18464B
:1009A00008BDFFF7BFFE003818BF0120C003F7E7FE
:1009B000FFF7E4FEFFF7C6FEBDE80840FFF7D0BE34
:1009C000001002400024F400154B98420BD103F5AF
:1009D00060431A6C42F480521A641A6C22F48052FA
:1009E0001A64002070470F4B984205D003F58063CE
:1009F00098420BD0012070470B4B9A6B42F4804217
:100A00009A639A6B22F480429A63EAE7064B9A6BE8
:100A100042F400429A639A6B22F40042F4E700BF6A
:100A200000300140003800400010024003685B06BF
:100A300070B502462DD4D1E900363343CE6805683F
:100A400048690C6A33430E6933438E690343334369
:100A5000CE6925F47F45334325F0BF0523432B435F
:100A6000136053688D6823F4706323F0040345EA30
:100A700010401843B5F5006F50603EBF536843F413
:100A800080535360B4F5005F01D18B8C136100205B
:100A900000E00120D36923F40063D36170BD00003E
:100AA0002B4A036890420ED0B0F1804F0BD0A2F5D4
:100AB0009432904207D002F58062904203D002F552
:100AC0009632904215D14A6823F070031343204AAE
:100AD000904219D0B0F1804F16D0A2F594329042D6
:100AE00012D002F5806290420ED002F5963290420A
:100AF0000AD0184A904207D002F58062904203D093
:100B000002F58062904203D1CA6823F44073134314
:100B100003608B68C3620B8883620D4B98420FD0D1
:100B200003F5006398420BD003F54063984207D069
:100B300003F58063984203D003F58063984201D1A6
:100B40000B690363436943F001034361002070476D
:100B5000002C0140004001401C4B98420BD103F592
:100B600058431A6C42F480421A641A6C22F4804290
:100B70001A6400207047164B98420AD103F5E633F9
:100B80009A6B42F400329A639A6B22F400329A63B1
:100B9000EFE7104B984209D103F5E4339A6B42F426
:100BA00080229A639A6B22F48022F0E70A4B9842E3
:100BB00009D103F5E2339A6B42F400229A639A6BEF
:100BC00022F40022E3E70120704700BF0038014013
:100BD0000044004000480040004C004038B5036825
:100BE000DB0704460D4659D42A69AB6801681343F4
:100BF0006A691343EA691343294A0A4013430360AD
:100C00004368EA6823F44053134343608368AA6946
:100C100023F4407313438360224B984220D1032076
:100C2000FFF708FE2B6840B36A6832B30B2B15D868
:100C30001D4951F82330E969B0FBF3F0B1F5004FDD
:100C40004FEA520325D103EB4003B3FBF2F34FF617
:100C5000F0721A40C3F342031343E36000200DE037
:100C6000124B984201D10C20DAE7114B984201D186
:100C70003020D5E70F4B984207D00120E26A2B883D
:100C800022F00F021343E36238BDC020FFF73CFEA1
:100C9000C8E70344B3FBF2F39BB2DEE70120F3E7BE
:100CA000F369FFEF00380140608101080044004013
:100CB00000480040004C004000234BF68072A0F832
:100CC0004430A0F8402018467047B0F8403023F474
:100CD0007E535B045B0CA0F840300020704784B06A
:100CE00010B503AC84E80E00BDE810400123A0F865
:100CF00040300023A0F8403004B0A0F84430A0F801
:100D00005030184670470000F0B591F800C0CD781B
:100D100030F82C4024F4EC4424F0700424040346FE
:100D20006246240C032D4BD8DFE805F0024745430B
:100D300044F40074284648F28006344323F82240E5
:100D400033F82240984FA4B23C4044EA0C043443A8
:100D500023F822400C7B03EBCC0C002C7DD1CC88FB
:100D60004E78640864006EB3B3F850101CFA81F139
:100D7000A1F8004433F82210490609D533F82210AF
:100D800089B2394041F4004141F0C00123F82210FA
:100D900033F82210854C89B2012D01EA040101D0FB
:100DA00081F0200141F4004141F0800123F822103C
:100DB000B2E044F4C0640020BDE744F48064FAE784
:100DC0000120B8E7B3F850501CFA85F5A5F80444A3
:100DD000B3F850401CFA84FC0C693E2C27D96509F5
:100DE0007349E60608BF05F1FF3541EA852189B25E
:100DF000ACF8061433F822104F040DD533F8221046
:100E000021F4E04121F070010904090C41F4404152
:100E100041F0800123F8221033F8221021F48041A0
:100E200021F070010904090C81F44051BAE774B94A
:100E3000BCF8061421F4F8410904090CACF80614B6
:100E4000BCF806146FEA41416FEA5141CFE76108EF
:100E5000E40748BF01318902C9E7022D33F8224077
:100E60005BD1A4B23C4044F4014444F0800423F834
:100E70002240B3F850600C891CFA86F664086400BE
:100E8000A6F800444C89B3F8506064081CFA86F652
:100E90006400A6F804444978002948D133F82210A8
:100EA0004E040DD533F8221021F4E04121F07001F9
:100EB0000904090C41F4404141F0800123F822105B
:100EC00033F822104D060DD533F8221021F4E041FD
:100ED00021F070010904090C41F4004141F0C00106
:100EE00023F8221033F8221021F4804121F0700100
:100EF0000904090C48F2800481F44051214323F88D
:100F0000221033F8221021F4E04121F040010904BD
:100F1000090C0C4323F82240F0BD24F4E24424F0F1
:100F200070042404240C264323F82260A1E733F83C
:100F300022104C040DD533F8221021F4E04121F0A9
:100F400070010904090C41F4404141F0800123F88B
:100F5000221033F8221049060DD533F8221021F45F
:100F6000E04121F070010904090C41F4004141F015
:100F7000C00123F8221033F822100C4C89B2214012
:100F8000012D18BF81F0200141F4004141F08001A2
:100F900023F8221033F8221021F4804121F070014F
:100FA0000904090CFEE600BF8F8FFFFFBF8FFFFF14
:100FB0000080FFFF4A780B78097BD9BB0AB330F871
:100FC000232051060DD530F8232022F4E04222F0F0
:100FD00070021204120C42F4004242F0C00220F8E7
:100FE000232030F8232022F4E04222F040021204B1
:100FF000120C42F4004242F0800220F8232000202C
:10100000704730F8232052040DD530F8232022F405
:10101000E04222F070021204120C42F4404242F00C
:10102000800220F8232030F8232022F4804222F08E
:101030007002DCE7002A4AD130F8232051040DD594
:1010400030F8232022F4E04222F070021204120C45
:1010500042F4404242F0800220F8232030F823205E
:1010600052060DD530F8232022F4E04222F070021F
:101070001204120C42F4004242F0C00220F8232075
:1010800030F8232022F4E04222F070021204120C05
:1010900042F4004242F0C00220F8232030F823201E
:1010A00022F4804222F070021204120C48F28001F5
:1010B0000A4320F8232030F8232022F4E04222F0D3
:1010C00040021204120C114320F8231097E730F865
:1010D000232051040DD530F8232022F4E04222F0E1
:1010E00070021204120C42F4404242F0800220F8D6
:1010F000232030F8232052060DD530F8232022F487
:10110000E04222F070021204120C42F4004242F05B
:10111000C00220F8232030F8232022F4E04222F0FD
:1011200070021204120C42F4404242F0800220F895
:10113000232030F8232022F4E04222F0400212045F
:10114000120C48F280010A4320F8232030F82320B3
:1011500022F4804222F07002B3E74B780A788BB118
:1011600030F8223023F4E04323F040031B041B0C2F
:1011700083F0100343F4004343F0800320F822304F
:101180000020704730F8223023F4804323F07003AE
:101190001B041B0C83F48053ECE70B7B3BBB4B78AD
:1011A0000A7833B330F822305B060DD530F82230A0
:1011B00023F4E04323F070031B041B0C43F40043AF
:1011C00043F0C00320F82230CB78012B0FD030F849
:1011D000223023F4E04323F040031B041B0C83F074
:1011E000200343F4004343F0800320F82230002022
:1011F000704730F822305B040DD530F8223023F4EC
:10120000E04323F070031B041B0C43F4404343F002
:10121000800320F8223030F8223023F4804323F07A
:1012200070031B041B0C83F44053DAE711B98023CD
:10123000A0F84C3000207047B0F858306FEA4343B4
:101240006FEA53439BB2A0F8583000207047B0F8C3
:10125000440080B2704702F58062013310445B089D
:1012600001EB4303401A994200D170470A880A52A1
:101270000231F8E72DE9F0474A780E7B012A05464E
:101280000C4640F01781D1F810A08F694969574585
:1012900028BF574616BBBFB2E2883B46FFF7DBFFCD
:1012A000B5F85020237805F2024111FA82F202EBE0
:1012B000C3021780227835F8223023F4E04323F06C
:1012C00040031B041B0C83F0300343F4004343F042
:1012D000800325F822300020BDE8F087E378266AF5
:1012E00094F800C0022B40F0CE80B24530F82C209C
:1012F00080F0B28022F4E04222F070021204120C5C
:1013000042F4014242F0800220F82C2030F82C8078
:10131000B0F85020F61B18F04008266201EB0709D0
:10132000BBB24ED000F2064E1EFA82F222F83C30DA
:101330006289FFF790FFB2456278C4F8149036BF17
:10134000F31B00233E462362B3B26ABBB5F85020BC
:10135000217805F2024010FA82F23E2E02EBC10221
:101360000FD97009AE49F60608BF00F1FF3041EA17
:10137000802189B21180228949462846FFF76BFFF8
:1013800098E75EB9118821F4F8410904090C11802D
:1013900011886FEA41416FEA5141EAE77108F007AD
:1013A00048BF01318902E4E7012AE4D1B5F85020B1
:1013B000217805F2024010FA82F202EBC10213809A
:1013C000D9E700F2024E1EFA82F222F83C3022895E
:1013D000FFF741FFB2456278C4F8149036BFF31BA3
:1013E00043463E462362B3B24ABBB5F8502021784B
:1013F00005F2064010FA82F23E2E02EBC1020BD932
:1014000070098749F70608BF00F1FF3041EA8021E3
:1014100089B211806289AFE75EB9118821F4F84181
:101420000904090C118011886FEA41416FEA5141AA
:10143000EEE77108F60748BF01318902E8E7012AA3
:10144000E8D1B5F85020217805F2064010FA82F272
:1014500002EBC1021380DDE722F4E24222F07002C7
:101460001204120C42F4004242F0800220F82C20B8
:10147000B0F8502000F2024313FA82F2B3B222F81D
:101480003C3022897AE730F82C20F61B12F0400F0E
:101490002662B0F85020BBB207D000F2064616FA1A
:1014A00082F222F83C30628968E700F2024616FABE
:1014B00082F2E4E7002E3CD18A690B699A4284BF2C
:1014C000D61A1A46B0F850308E6100F206400978FC
:1014D00010FA83F33E2A03EBC10315D95109D00654
:1014E0004F4A08BF01F1FF3142EA812292B21A80CD
:1014F000227835F8223023F4804323F070031B0454
:101500001B0C83F44053E0E65AB91A8822F4F842DF
:101510001204120C1A801A886FEA42426FEA524291
:10152000E4E75108D20748BF0131890289B2198026
:10153000DEE7CB78022B75D1002A4BD1B0F85020D2
:101540000B7800F2024111FA82F202EBC302236926
:101550003E2B22D958093249DF0608BF00F1FF307F
:1015600041EA802189B21180B5F85020217805F236
:10157000064010FA82F23E2B02EBC10220D8002B6B
:1015800046D1138823F4F8431B041B0C13801388E3
:101590006FEA43436FEA53431AE05BB9118821F4C1
:1015A000F8410904090C118011886FEA41416FEA82
:1015B0005141D7E75908DE0748BF01318902D1E719
:1015C0005909D806164B08BF01F1FF3143EA8123C0
:1015D0009BB21380E369002B8AD0227835F8221061
:1015E00044F2400303EA01008B4302D000287FF459
:1015F0007FAF35F8223023F4E04323F070031B045F
:101600001B0C43F4004343F0C00325F822306FE77E
:101610005908DB0748BF0131890289B21180D9E737
:101620000080FFFF012B5DD18B6909698B428ABF66
:10163000581A00200B46A061002A7FF459AFB5F874
:101640005020217805F2024010FA82F23E2B02EB84
:10165000C10221D958092449DF0608BF00F1FF3033
:1016600041EA802189B21180B5F85020217805F235
:10167000064010FA82F23E2B02EBC1021FD84BBB90
:10168000138823F4F8431B041B0C138013886FEAA0
:1016900043436FEA53431AE05BB9118821F4F841E0
:1016A0000904090C118011886FEA41416FEA514128
:1016B000D8E75908DE0748BF01318902D2E7590946
:1016C000D806094B08BF01F1FF3143EA81239BB2E1
:1016D00013800DE75908DB0748BF0131890289B241
:1016E000118005E70120F7E50080FFFF02F5806229
:1016F000F0B510445D080C462E46471A3A190234DC
:1017000036B9DB0744BF30F8153001F81530F0BDAD
:10171000128892B204F8022C120A04F8012C013E3D
:10172000ECE7D0F8D43200EB830010B5D0F8C0421B
:1017300084B1D0F8C4325BB194F84000FF2807D0E0
:101740009B6894F8412021469847FF2384F8403055
:10175000002000E0032010BD0A23038000487047EA
:101760009003002070B5822106460F4800F00EFB62
:10177000012105460C4800F009FB812104460A4876
:1017800000F004FB0DB11022AA711CB1402222719D
:101790000022627118B1402202710022427143237B
:1017A0000148338070BD00BF4C030020FFF7DABF53
:1017B000FFF7D8BF38B5D0F8D432B033044650F86C
:1017C00023507DB1FCF738FAD4F8D43204EB83040B
:1017D0002946D4F8C43241F84C0FDB68686C98474E
:1017E000002038BD0320FCE7F8B5D0F8D462D0F86B
:1017F000C87200EB86060A46D6F8C05225B31424F8
:1018000001F00F0C04FB0C039C6984B14FF0280E0F
:101810000EFB0C77FF6BB4FBF7FC07FB1C4434B9E1
:101820009C6122462346FCF7F5F920460BE0D6F8EA
:10183000C4321C6900276F65002CF6D0A86C05F136
:101840005001A0473846F8BD0320FCE7D0F8D43259
:101850002DE9F34100EB83034FF00008D3F8C07289
:101860008DF8058005460E46ADF80680002F6ED037
:101870000A7812F060042ED0202C64D1CC8891F824
:1018800001C00CB3120613D5D3F8C4322246394630
:101890009B6860469847F288072A28BF0722394686
:1018A000284600F0E2FC4446204602B0BDE8F08144
:1018B000402C28BF402487F840C087F8414022468A
:1018C000394600F0E7FCEEE7D3F8C43222469B68C5
:1018D00060469847E8E74F780B2F34D801A353F8B8
:1018E00027F000BF15190108A918010847190108B8
:1018F0004719010847190108471901084719010844
:101900004719010847190108471901082B1901084F
:101910003F19010890F89C32032B14D102220DF1DB
:10192000060100F0A2FC3C46BEE790F89C32032B77
:1019300009D101220DF1050100F097FCB4E790F800
:101940009C32032BB0D03146284600F067FC0324BC
:10195000AAE700BF38B5044600258121FCF723F92A
:10196000012125872046FCF71EF9A4F87851822131
:101970002046FCF718F9D4F8D432E56404EB83036D
:10198000D3F8C0228AB1D3F8C4325B689847D4F840
:10199000D432B03354F82300FCF756F9D4F8D432DB
:1019A000B03344F82350C4F8BC52002038BDF8B519
:1019B00004465C20FCF744F9054630B9D4F8D4322B
:1019C000B03344F8230002253BE05C22002102F002
:1019D0006DF8D4F8D432B033012644F823500222F3
:1019E00040238121C4F8BC522046FCF7D0F84023A4
:1019F0000222314626872046FCF7C9F8102303222D
:101A0000A4F84E3082210823A4F878612046FCF720
:101A1000BEF8D4F8D432A4F84C6004EB830300275A
:101A2000D3F8C4326F641B6898476A6C6F65AF6502
:101A3000002AC8D0257C4023314620461DB9FCF73A
:101A4000F2F82846F8BDFCF7EEF83D46F9E739B163
:101A5000D0F8D43200EB8300C0F8C41200207047E5
:101A600003207047D0F8D432B03350F823301BB184
:101A700099641A650020704703207047D0F8D4326B
:101A8000B03350F8233013B159640020704703205D
:101A90007047D0F8D432B03310B550F823205AB183
:101AA000546D012354B95365136DC362926C812147
:101AB000FCF7B0F8204610BD0320FCE71846FAE713
:101AC000D0F8D422B03208B550F8222032B1526C8E
:101AD00040230121FCF7A7F8002008BD0320FCE704
:101AE00078B10023C0F8B832C0F8C432C0F8D032A0
:101AF00009B1C0F8B412012380F89C320270FBF7E0
:101B0000FBBF0320704713B500230446ADF8063031
:101B100081B1CB6AC0F8B81223B10DF10600984725
:101B2000C4F8D002D4F8D8320133C4F8D832002037
:101B300002B010BD0320FBE7FCF720B8D0F8B832A4
:101B40000BB11B6818471846704708B5D0F8B83273
:101B50005B689847002818BF032008BD38B50446C5
:101B600000F2AA25284600F04EFB012394F8AA12A1
:101B7000C4F89432B4F8B032C4F8983201F01F03BC
:101B8000012B08D0022B0CD08BB929462046BDE88A
:101B9000384000F019B929462046BDE8384000F029
:101BA00067BA29462046BDE8384000F090BA204682
:101BB00001F08001BDE83840FBF7FEBF70B5044678
:101BC000164609BBD0F89432032B0CD1D0E957321A
:101BD00093420AD99B1A9A42C0F85C3128BF1A4630
:101BE000314600F064FB002070BD90F89C32032B5E
:101BF00006D1D0F8B8321B6913B1C0F8D412984797
:101C0000204600F05CFBEEE790F89C32032BEAD113
:101C1000D0F8B8329B69002BE5D00022BDE87040B7
:101C2000C0F8D422184773B504461646002941D19E
:101C3000D0F89422022A0FD1D0E90752954214D944
:101C4000AA1A0191C261314600F01CFB019B1A46A1
:101C500019462046FBF7E7FF94F8A03213B10023A2
:101C600084F8A032002002B070BD0ED18269954286
:101C70000BD8D0F89852AA4207D20A46019100F038
:101C800001FB019BC4F89832E1E794F89C32032BE6
:101C900008D1D4F8B832DB6823B10022C4F8D422CA
:101CA0002046984780212046FBF786FF204600F01B
:101CB00011FBD1E790F89C32032BD3D1D0F8B83286
:101CC0005B69002BCED00022C0F8D42202B0BDE860
:101CD00070401847F8B5012380F89C32D0F8B8322C
:101CE00000210446C0F894124160C0F8A41280F8A4
:101CF000A012B3B900260022402511460127402337
:101D00002046FBF744FFA4F86471C4F860512B46E9
:101D1000002280212046FBF73AFFA7842562304647
:101D2000F8BD5B68002BE5D098470028E2D0032679
:101D3000E1E701740020704790F89C32042B1EBF2D
:101D400090F89C32DBB280F89D32042380F89C32FC
:101D50000020704790F89C32042B02BF90F89D320F
:101D6000DBB280F89C320020704708B590F89C22C6
:101D7000032A05D1D0F8B83213B1DB6903B1984713
:101D8000002008BD002070470020704710B5428831
:101D900003789A420AD90478204423444478052CD5
:101DA0009BB2F6D184788C42F3D110BD0020FCE7C1
:101DB00010B580210446FBF7FFFE20460021BDE858
:101DC0001040FBF7F9BE00002DE9F3410D7805F056
:101DD0006005202D04460E4614D0402D12D0002D53
:101DE00040F00A814F78092F00F20681DFE817F0F2
:101DF0000B013201040121010401860016000401D7
:101E0000F300A200D4F8D432AE33314654F8233074
:101E10009B68204602B0BDE8F04118470023ADF8AA
:101E200006304B881A0A013A062A37D8DFE802F052
:101E3000041C293636515B00D0F8B4321B68207C74
:101E40000DF106019847F288002A00F0FF80BDF8E6
:101E500006301BB39A4228BF1A46ADF80620014649
:101E6000204600F002FA1CE0027CD0F8B83232B909
:101E70009B6A0DF10600984702234370E3E7DB6A93
:101E8000F7E7DBB2052B09D8DFE803F0030F1317E0
:101E90001B1FD0F8B4325B68002BD0D12046FFF76F
:101EA00087FF284602B0BDE8F081D0F8B4329B68C5
:101EB000F2E7D0F8B432DB68EEE7D0F8B4321B6951
:101EC000EAE7D0F8B4325B69E6E7D0F8B4329B6950
:101ED000E2E7037C002BE1D1D0F8B8320DF1060027
:101EE0005B6B9847AFE7037C002BD7D1D0F8B832B3
:101EF0000DF106001B6B98470723BEE78B88002B6C
:101F0000CCD1CB88002BC9D14E887F2EC6D890F873
:101F10009C32032BC2D0F1B280F89E12FBF771FE07
:101F2000204600F0CCF91EB1022384F89C32B8E7B9
:101F30000123FAE78E784D4F012E3E7003D9FFF74B
:101F400037FF0325ADE790F89C32022B5FFA83F848
:101F500009D0B8F1030F18D0FFF72AFF39782046CF
:101F6000FFF7F3FDEDE7002E70D001214160FFF790
:101F7000E5FD0546204625B1FFF71AFF84F89C824F
:101F80008FE700F09CF90323CFE75EB9022380F8C6
:101F90009C3246603146FFF7D8FD204600F08FF9AD
:101FA00035467EE74168012950D0C9B2FFF7CDFD23
:101FB000397861602046FFF7C1FD0646002845D00C
:101FC0002046FFF7F5FE21792046FFF7BEFD0223EC
:101FD00084F89C32E4E7CA88012A7FF45FAF90F866
:101FE0009C120229CBB205D833B10146002341F837
:101FF000083F35E7032B04D02046FFF7D9FE002524
:102000004FE7011D2CE790F89C32013B022BF3D8DF
:10201000CA88022A7FF442AFD0F8A4320146002BCE
:1020200014BF0323012341F80C3F00F01EF93D4685
:1020300037E74B88012B02D1C4F8A43206E0022B0B
:102040007FF42CAF8B881B0A80F8A032204600F06A
:1020500036F926E790F89C32013B022BCCD84B880E
:10206000012B7FF41EAF0023E6E700BF3C5E00209B
:1020700070B50B7803F06002402A04460E4601D08A
:102080005B061FD494F89C32013B022B1AD831799D
:102090000129204617D8FFF775FE88B9D4F8B83261
:1020A0009B686BB1C4F8D402314620469847054678
:1020B000F3881BB915B9204600F001F9284670BD18
:1020C0000325F5E72046FFF773FE0025F6E770B518
:1020D0000B788A880D7903F06003202B04460E46A6
:1020E0005AD0402B58D09BBB4B78012B42D0032BAE
:1020F00027D06BBB90F89C32022BD9B268D0032951
:1021000026D105F00F0312F0800F4FF0140202FBEE
:1021100003036CD09B8CDBB105F07F06013606EB28
:10212000860600EB860615F07F0006D0294620467D
:10213000FBF754FD003818BF012030600222314601
:1021400051E090F89C32022BDAB237D0032A03D048
:102150002046FFF72DFE0BE04B8833B9690604D00B
:10216000F38813B92946FBF727FD204600F0A7F8AE
:10217000002070BD90F89C32022BDAB21ED0032AE8
:10218000E6D14B88002BF3D16B0602D02946FBF732
:102190001CFD204600F093F829462046FFF7F4FD89
:1021A0000028E5D1D4F8B832C4F8D4029B68002BDB
:1021B000DED031462046BDE8704018476A06C7D0D9
:1021C0002946FBF7F9FC80212046FBF7F5FCCFE719
:1021D0006906BDD113064CBF00F1140100F5AA71C8
:1021E00000230B600222204600F03FF8C0E7B3F85E
:1021F0006431002BACD005F07F06142303FB0606E8
:1022000006F5AA768FE70B7803704B7843704B88FE
:1022100043808B888380CB88C380704710B5802132
:102220000446FBF7C9FC20460021BDE81040FBF73F
:10223000C3BC30B588B10024013823460134055DA4
:10224000002DFAD1DBB201335B0013800B70032346
:102250004B70022310F8012F02B930BDCA545A1C2A
:10226000D2B202338D54DBB2F4E710B5134602222A
:10227000C0E90633C0F894220A460021FBF7CAFCE5
:10228000002010BD08B513460A460021FBF7C2FC2A
:10229000002008BD10B513460322C0E95633C0F82C
:1022A00094220A460021FBF7BEFC002010BD08B5B1
:1022B00013460A460021FBF7B6FC002008BD08B50E
:1022C00004220023C0F8942219461A46FBF7A2FC08
:1022D000002008BD08B505220023C0F89422194645
:1022E0001A46FBF7A0FC002008BD000008B52DED44
:1022F000028BB0EE408A00F0E9F8B4EE488AF1EEC5
:1023000010FA06D6DFED098AB4EEE88AF1EE10FA8B
:1023100002D4BDEC028B08BD01F08AFB88EEA80A4E
:10232000BDEC028B2123036008BD00BF000000004C
:1023300010EE103AC3F3C7527F3A162A10EE101A65
:1023400015DC002A0CDB0C481041034205D04FF489
:10235000800313410B4423EA000300EE103A704758
:10236000013203F00043F8D143F07E53F5E7802AB1
:10237000F3D130EE000A7047FFFF7F0008B52DED66
:10238000028BB0EE408A00F0A5FAB4EE488AF1EE76
:1023900010FAF0EE408A0AD6B0EE480A00F054F87F
:1023A000F7EE007AB4EEE70AF1EE10FA04DCB0EED4
:1023B000680ABDEC028B08BD01F03AFBBDEC028B54
:1023C000034621221A600248BDE8084000F034BAF2
:1023D0009081010800F084BB10EE103A184A23F0F7
:1023E000004393421BDDB3F1FF4F02DB30EE400AA6
:1023F000704700B583B0684600F0EEF800F00300C7
:102400000128DDED010A9DED000A0CD0022812D052
:1024100070B1012000F016FA03B05DF804FBDFEDA7
:10242000090A00F057B800F00DFAB1EE400AF3E7E0
:1024300000F050F8F0E700F04DF8B1EE400AEBE79D
:10244000D80F493F0000000010EE103A23F000437F
:1024500000EE103A704700BF10EE103A194A23F010
:10246000004393421CDDB3F1FF4F02DB30EE400A24
:10247000704700B583B0684600F0AEF800F0030086
:102480000128DDED010A9DED000A0ED0022813D0CF
:1024900070B100F01FF8B1EE400A03B05DF804FB24
:1024A000DFED090A002000F0CDB900F013F8F4E7E1
:1024B000012000F0C7F9F0E7012000F0C3F9B1EE08
:1024C000400AEAE7D80F493F00000000B1EEC00A19
:1024D000704700BF10EE103A23F00043B3F1485F9D
:1024E0002CDAFDEEC07A17EE903A002B60D020EE89
:1024F000007ADFED317A9FED315ADFED315A9FEDF1
:10250000316ADFED316AA7EE275ADFED307AE7EE68
:10251000055AA7EE256AE7EE067AE7EE276A67EE28
:10252000266A60EEC00AF6EE007AE7EE260AB7EEFB
:10253000000AD7EE270A30EE600A704720EE007AD4
:10254000DFED1D7A9FED1D5ADFED1D5A9FED1D6ACF
:10255000DFED1D6A1E4AA7EE275A9342DFED1B7A74
:10256000E5EE075AA5EE876AE6EE077AE7EE876A98
:1025700066EE876AD5DD174A934214DC03F17F4388
:1025800007EE903AB7EE006A36EE676A60EEC00A70
:10259000F6EE005AD7EE257AE7EE260A77EEE07AD5
:1025A00036EE670A7047B6EE076AF5EE027AEDE797
:1025B000B7EE000A704700BF4ED747ADF6740F3133
:1025C0007CF293B4010DD037ABAA2A3D610BB6BAA9
:1025D0009999993E0000483F70B510EE103A884A2C
:1025E00023F00044944286B0054670DD854A94424B
:1025F00010EE106A22DC002BDFED837A834A24F090
:102600000F04B0EE407A40F3E280944270EE677AB5
:1026100009BFDFED7F6A9FED7F7A9FED7F7A77EECE
:10262000E67A012077EEC76A77EEE67AC5ED006AB2
:1026300077EEC77AC5ED017A06B070BD774A94424D
:1026400054DDB4F1FF4F49DAE215863AA4EBC253E8
:1026500007EE903ABDEEE77ADFED716AB8EEC77A21
:1026600077EEC77A8DED037A67EEA67ABDEEE77A4C
:10267000B8EEC77A77EEC77A8DED047A67EEA67A60
:10268000F5EE407AF1EE10FACDED057A40F08E804D
:10269000B5EE407AF1EE10FA14BF0223012361492E
:1026A00001910221009103A8294600F09BFB002E16
:1026B000C2DA95ED007AD5ED017AB1EE477AF1EE06
:1026C000677A85ED007AC5ED017A4042B4E70022D1
:1026D00085ED000A4260002006B070BD70EE407AC1
:1026E0000020C5ED017AC5ED007AA5E7FFF7ACFE45
:1026F0009FED4D7A9FED446AF6EE007AE0EE077AA0
:102700009FED447AFDEEE77A17EE900AF8EEE76A5D
:102710001F28A6EEC60A66EE877AB1EE666A1EDC50
:10272000424A411E24F0FF0352F82120934216D062
:1027300030EE677A85ED007A30EE470A002E30EEF3
:10274000670A85ED010ABFF677AFB1EE477AB1EEC1
:10275000400A85ED007A85ED010A40426CE730EED3
:10276000677AE21517EE103AC3F3C753C3EBD4539D
:10277000082BDFDD9FED267A9FED275AF0EE405AB9
:10278000E6EE075A70EE657AE6EE077AD6EE857ABF
:1027900035EEE77A17EE103AC3F3C753D21A192A67
:1027A00006DCB0EE650A85ED007AC5E7032376E71F
:1027B0009FED1F7A9FED1F5AB0EE650AA6EE070A3D
:1027C00075EEC07AE6EE077AD6EE857AB0E79442E7
:1027D00070EE277A09BFDFED0E6A9FED0E7A9FED4E
:1027E0000E7A77EEA67A4FF0FF3077EE876A77EEB3
:1027F000E67AC5ED006A77EE877AC5ED017A1BE7C8
:10280000D80F493FE3CB1640800FC93FD00FC93FD7
:10281000004435374344353708A3852E800F49439C
:10282000000080431482010884F9223F948101084A
:1028300000A3852E32318D249FED010A704700BF21
:102840000000C07F10EE103A23F00043B3F1485F60
:1028500004DAFDEEC07A17EE903A5BB360EE007AD0
:102860009FED157ADFED155A9FED156ADFED156ABC
:10287000E7EE875A9FED147AA5EEA76A20EE275A55
:10288000E6EE276AA6EEA77A30B9DFED106AE7EE2A
:10289000876AA6EE850A704727EE457AF6EE006A4B
:1028A000A0EEA67ADFED0A6AD7EE270AE5EE260A41
:1028B00030EE600A704700BFD3C92E2F342FD7B235
:1028C0001BEF3836010D50B98988083CABAA2ABEE7
:1028D000ABAA2A3E38B510EE105A25F00044B4F1E8
:1028E0007E5F2DED048B00F085807ADCB4F17C5F97
:1028F0000FDAB4F1485F80F29C80DFED697A70EE08
:10290000277AB7EE007AF4EEC77AF1EE10FA00F308
:102910008D80FFF799FDF7EE007A37EEC00AB6EE2C
:10292000007A20EE078ADFED5F6A9FED5F7A9FED08
:102930005F6A9FED5F5ADFED5F5ADFED5F8AE8EE79
:10294000076A9FED5E7AA8EE067A9FED5D6AA6EEB5
:10295000885AA7EE086A9FED5B7ADFED5B6AE5EEC9
:10296000085AA6EE087AE5EE886AE7EE087AE6EEFF
:10297000888AB0EE480AB0EE679AFFF7A7FD534B7E
:102980009C4268EE888A42DC10EE103A23F47F63A2
:1029900023F00F0306EE903AA6EEE68A30EE267A92
:1029A00088EE895AC8EE074ADFED497A9FED497AE9
:1029B000B0EE006AE4EEC67A30EE000AF0EE475A56
:1029C000E6EEC65AD0EE057A77EEE57A37EE677A0C
:1029D000002D0ADCBDEC048BB1EE477AB0EE470A5D
:1029E00038BD70EE407A87EEA77ABDEC048BB0EE6E
:1029F000470A38BD9FED367ADFED377A20EE077A49
:102A0000BDEC048BA0EE277AB0EE470A38BD88EE05
:102A1000896ADFED327A9FED307AA0EE060AF0EE99
:102A2000006AE0EE267A37EE677AD1E7B0EE407AB8
:102A3000DBE760EE007A9FED1C7ADFED1A6A9FED0E
:102A40001C6ADFED1A5A9FED1B5AE7EE876ABDEC50
:102A5000048BA6EEA76A9FED197ADFED196AA7EE3F
:102A6000A57AA6EE275AE7EE276ADFED175A9FED03
:102A7000156A9FED117AE5EE275AA6EEA76AA5EE34
:102A8000A77AF7EE006AE6EE276A67EE277AB0EEDD
:102A9000407A87EEA66AA0EE067AB0EE470A38BD05
:102AA000CAF24971047F4F3A08EF11382EC69D3D96
:102AB000461124BDA80A4E3EABAA2A3E613330BF60
:102AC0002D57014039D119C090B0A6BE9999793FD0
:102AD0002EBD3BB3DB0F493FDB0FC93F2EBD3B3360
:102AE00010B582B0CDED010A019B23F00042B2F196
:102AF000FF4FF0EE407A30DC10EE100A20F000417B
:102B0000B1F1FF4F29DCB3F17E5F42D09C1704F096
:102B1000020444EAD07431B37AB3B2F1FF4F40D02B
:102B2000B1F1FF4F29D0891AB1F1F45F4FEAE152B8
:102B300034DA002B42DA3C3240DA9FED340A012CC1
:102B40004ED0022C43D064B19FED317ADFED317A63
:102B500030EE070A30EE670A03E09DED017A37EEAA
:102B6000270A02B010BD022C10D09FED2B7A032C47
:102B700008BFB0EE470A02B010BD9FED280ADFED96
:102B8000287A0028B8BFB0EE670AEAE79FED210A6D
:102B9000E7E702B0BDE8104000F04AB89FED1F0A19
:102BA000CDE7B1F1FF4F04F1FF3420D0022C26D83D
:102BB0001C4B03EB840393ED000AD2E79DED017AF1
:102BC00087EE870AFFF740FC00F032F8B7E79FED89
:102BD000107ADFED107A30EE070A37EEC00AC0E750
:102BE00010EE103A03F1004300EE103AB9E7022C60
:102BF00008D80D4B03EB840393ED000AB1E79FED7A
:102C0000030AAEE79FED090AABE700BF0000000032
:102C10002EBDBB33DB0F4940DB0F49C0DB0FC93F83
:102C2000DB0FC9BF388501082C850108DB0F493F40
:102C300038B510EE105A25F00044B4F1A14FF0EE73
:102C4000407A0DDBB4F1FF4F5BDCDFED537A9FED93
:102C5000537A002DD4BFB0EE470AB0EE670A38BDF4
:102C60004F4B9C425CDCB4F1445F4DDB4FF0FF33D3
:102C700027EEA76ADFED4B6ADFED4B5ADFED4B4ADB
:102C80009FED4B5A9FED4B4A26EE067A5A1CE7EE13
:102C9000265ADFED496AA5EE875AE7EE246ADFED92
:102CA000475ADFED474AE6EE875AA5EE074A9FED01
:102CB000455ADFED456AA5EE875AE4EE074ADFED97
:102CC000435AE4EE876AE5EE075A66EE866A65EED9
:102CD000875A3AD03E4A02EB830276EEA56A92ED1D
:102CE000007A3C4A96EEA77A02EB8303002DD3EDDF
:102CF000006A77EE677A36EEE70AB0DAB1EE400A9C
:102D000038BD30EE000A38BD9FED337A30EE077AD9
:102D1000F7EE006AB4EEE67AF1EE10FAA6DD38BD01
:102D2000FFF792FB2D4B9C4216DCA3F5D0039C428F
:102D300027DCF0EE007ABFEE007AA0EE277A0023BF
:102D400030EE270AC7EE007A92E776EEA56AE6EE45
:102D5000E77AB0EE670A38BD214B9C420BDCF7EEF8
:102D6000087AB7EE007AA0EE277A022330EE670ADF
:102D7000C0EE077A7CE7BFEE007AC7EE007A032345
:102D800076E7F7EE007A30EE677A30EE270A012315
:102D9000C7EE007A6CE700BFDB0FC93FDB0FC9BF8E
:102DA000FFFFDF3ED769853C59DA4B3D21A215BDB7
:102DB000356B883D6E2EBA3D6BF16EBD95879DBD1E
:102DC0002549123E388EE3BDABAAAA3ECDCC4CBEFF
:102DD0005485010844850108CAF24971FFFF973FF5
:102DE000FFFF1B402DE9F04F2DED048BDBB01C469F
:102DF00003930691A04B6899089253F82150111D36
:102E0000824604F1FF38C0F29882D31E48BF131DDA
:102E1000DB1002930133DB000793DDE907239B1AE4
:102E20000593029B15EB0801A3EB080316D40131AF
:102E30009FED927A699819441EAA002BA4BF50F8FE
:102E4000234007EE904A03F10103ACBFF8EEE77AA6
:102E5000F0EE477A8B42E2EC017AEED1002DC0F21F
:102E6000DB82039B1EAA02EB830446AE4FEA830C6F
:102E70004046EF180AEB8301B8F1000FDFED7F7ACF
:102E800009DB22465346F3EC016A32ED017A8B42AC
:102E9000E6EE877AF7D10130B842E6EC017A04F128
:102EA0000404E9D10AAF07EB8503043B9FED759A53
:102EB000DFED738A059804930AEB0C0407EB850990
:102EC00046AE00955AAB03EB8503002D13ED140AB3
:102ED0004FEA850B16DD06EB85033A4660EE097A6C
:102EE000B0EE407AFDEEE77A73ED016AF8EEE77A2C
:102EF000B342A7EEE87A37EEA60ABDEEC77AA2EC97
:102F0000017AEBD1019000F0E1FAB0EE408AB4EE24
:102F1000000A28EE000A00F091FAF2EE007AA0EE24
:102F2000678A01980028FDEEC89AF8EEE97A38EE33
:102F3000678A76DD05F1FF3EC0F1080357F82E20C1
:102F400042FA03FC0CFA03F3D31AC0F1070119EE9D
:102F5000902A47F82E300B416244002B09EE902A4C
:102F600067DCB5EE408AF1EE10FA40F0BE80009AC0
:102F700005F1FF3B5A450EDC4FEA850C07EB850255
:102F800000219E4652F8043D4A4541EA0301F9D129
:102F9000002940F0F180009B013B57F82330002BC3
:102FA00040F0E680049B4FF0010C53F8042D0CF127
:102FB000010C002AF9D06B1CAC449E460299039A7E
:102FC00001EB030B0BF1804B69992A440BF1FF3B9A
:102FD00006EB83051EAB01EB8B0B03EB8201DBEDF4
:102FE000017A9FED267AF8EEE77AB8F1000F0BF13F
:102FF000040BC1ED007A0A4601F1040109DB5346D6
:1030000001E072ED017AF3EC016AA342A6EEA77A21
:10301000F7D10EF1010EE645A5EC017ADFDD65463C
:1030200050E740F09B806B1E57F82330DB11002BDC
:1030300097DD19EE902A002D02F1010209EE902A87
:1030400040F39181396800297ED1012D26D03A467E
:103050004FF0010C52F8041F002979D00CF1010245
:10306000C1F58071954247F82C1016DD57F82210F3
:10307000BB4407EB82020AE09085010800000000D3
:10308000000080430000803B0000C93F1168C1F18F
:10309000FF0142F8041B5A45F8D1012100280CDD3C
:1030A000012800F04181022807D105F1FF3C57F8C3
:1030B0002C2002F03F0247F82C20022B7FF451AF66
:1030C000B7EE000A30EE488A00293FF44AAF099370
:1030D000019000F0FBF938EE408A099B0198B5EEAB
:1030E000408AF1EE10FA3FF442AF9846DDE907322C
:1030F000B0EE480A981A0195009D00F0E7F91FED1F
:10310000207A019BB4EEC70AF1EE10FAC0F25581A5
:103110005FED247A059A60EE277A0832FDEEE77AB1
:103120000592F8EEE77A03F1010BA7EEC70AFDEE70
:10313000E77ABDEEC00A10EE102A47F8232017EEFA
:10314000903A47F82B302BE001224FF0000C87E734
:103150000CF1010CAC457FF47DAF9FE7F6EE007AF1
:10316000B4EEE78AF1EE10FA80F2EC800023F8E684
:103170006B1C9E469C4621E7059B009DA3F108021F
:1031800057F82B300592F04653B9ACF104033B4499
:1031900053F8041D0BF1FF3B083A0029F8D00592C3
:1031A0000598B7EE000A00F091F9BBF1000FC0F2EC
:1031B00029810BF1010646AA1FED4E7A4FEA860CD3
:1031C00007EB860302EB860273ED017AF8EEE77AED
:1031D000BB4267EE807A20EE070A62ED017AF3D1F6
:1031E000ACF1040346AA002D1FED596A02EB03045B
:1031F0004FF0000022DB8F49DFED8F7AB0EE467A88
:103200002246002303E0984208DBB1EC017AF2EC9D
:10321000016A01339D42E6EE877AF4DA5AAB03EB9A
:103220008003584543ED287A4FEA800100F10102FE
:10323000A4F1040405D0002D1046DCDADFED7E7A1F
:10324000ECE7689A022A1DDC002A00F38E8010D178
:1032500032ABDFED797A9C443CED017A634577EE41
:10326000877AF9D143460BB1F1EE677A069BC3ED3D
:10327000007A19EE903A03F007005BB0BDEC048BC6
:10328000BDE8F08F689A032AF3D1BBF1000F00F07C
:10329000CB8032A813ED287A00EB8B020BF1804330
:1032A00072ED017AF0EE476A37EE277A904277EEB8
:1032B000C77A82ED007A77EEA67AC2ED017AEFD175
:1032C000BBF1010F40F3B08001F5B4720DEB0201C8
:1032D00011ED287A9A0033A900EB830373ED017A8C
:1032E000F0EE476A37EE277A994277EEC77A83ED98
:1032F000007A77EEA67AC3ED017AEFD1131DDFEDE8
:103300004E7A0344083033ED017A984277EE877A9B
:10331000F9D14346002B58D10699329A339B0A6063
:103320004B60C1ED027AA4E705F1FF3C57F82C2071
:1033300002F07F0247F82C20BFE608230793002302
:1033400002936AE519EE903A002D03F1010309EEAC
:10335000903AC8BF02233FF775AEF7EE007A37EE1A
:10336000C88A0223FDE5002198E632ABDFED327A10
:1033700003EB860636ED017AB34277EE877AF9D110
:1033800043469DED327A93BB069BBBF1000FC3ED24
:10339000007A77EE677A0CDD33AA0123B2EC017A6A
:1033A00001339B4577EE877AF8DA43460BB1F1EEAD
:1033B000677A069BC3ED017A5BE7BDEEC00A9B46C8
:1033C00010EE102A47F82320EAE6DDED326A9DED83
:1033D000337A069BF1EE666AB1EE477AF1EE677AD0
:1033E000C3ED006A83ED017AC3ED027A41E7069BE3
:1033F000F1EE676ABBF1000F77EE677AC3ED006A02
:10340000CADCD4E7689B022B0ADC002B0FDC7FF4BC
:1034100030AFDFED097A25E7039B4FEA830C41E5E6
:10342000689B032B7FF425AFDFED037A71E7DFEDB7
:10343000027AA5E7688501080000000010EE102A56
:10344000C2F3C7537F3B162B22F000412ADC002B2E
:1034500010EE100A18DB1A4919410A4221D0DFED9B
:10346000197A70EE277AF5EEC07AF1EE10FA18DDCF
:10347000002A04DA4FF4000242FA03F3184420EA67
:10348000010300EE103A7047DFED0E7A70EE277AF6
:10349000F5EEC07AF1EE10FA03DD002A08DB9FEDAD
:1034A0000A0A7047B1F1FF4FFBD330EE000A7047B4
:1034B000FFEE007A002918BFB0EE670A704700BF20
:1034C000FFFF7F00CAF249710000000010EE103AC1
:1034D00033F0004110EE102A28D0B1F1FF4F22D274
:1034E00013F0FF4F23D1DFED2C7A2C4A60EE277AC0
:1034F000904217EE903A34DB4CF2503CC3F3C75184
:10350000604517EE902AA1F1190116DDDFED247A4E
:10351000DFED246A002BB0EE677AB8BFF0EE667A72
:1035200027EE870A704730EE000A704770474CF26A
:10353000503C60454FEAD151E8DC0144FE29E5DC0E
:10354000002915DC11F1160F19DB193122F0FF42A9
:1035500042EAC15207EE902A9FED130A27EE800A35
:103560007047DFED127A07EE103A27EE270A704710
:1035700022F0FF4242EAC15300EE103A7047DFEDFD
:103580000B7ADFED0B6A002BB0EE677AB8BFF0EE76
:10359000667A27EE870A70470000004CB03CFFFFB8
:1035A000CAF24971CAF249F1000000336042A20D2B
:1035B0006042A28D024B1844407800F0030070472F
:1035C0009C85010870B50D4D0D4C641BA4100026A0
:1035D000A64209D10B4D0C4C01F0B4FA641BA410A7
:1035E0000026A64205D170BD55F8043B9847013628
:1035F000EEE755F8043B98470136F2E78487010867
:1036000084870108848701088C870108034611F824
:10361000012B03F8012B002AF9D1704710B502469F
:10362000147813460132002CFAD1013B11F8012B1A
:1036300003F8012F002AF9D110BDC9B2034610F8D2
:10364000012B1AB18A42F9D118467047002918BFD8
:103650000023F9E7034B1B5C03F00303022B08BFB5
:10366000203870479D8501080A44914200F1FF33DC
:1036700000D1704710B511F8014B03F8014F91428A
:10368000F9D110BD10B56AB10139841810F8012BB9
:1036900011F8013F9A4203D1A04201D0002AF5D18E
:1036A000D01A10BD1046FCE710B50139034632B1FF
:1036B00011F8014F03F8014B013A002CF7D11A44DD
:1036C0000021934200D110BD03F8011BF9E700006F
:1036D000002310B50446C0E90033C0E90433836019
:1036E00081814366C2818361194608225C3000F003
:1036F000DDF9054B6362054BA362054BE362054BA5
:103700002462236310BD00BFF53701081738010894
:103710004F38010873380108024A0349034800F092
:103720008DB900BF9C030020053D0108A8030020BF
:1037300041680C4B994210B5044601D000F0E2FA02
:10374000A168094B994202D0204600F0DBFAE168FB
:10375000064B994204D02046BDE8104000F0D2BA92
:1037600010BD00BF405E0020A85E0020105F00205A
:1037700010B50B4B0B4C0C4A1A602046002204215A
:10378000FFF7A6FF04F1680001220921FFF7A0FF5F
:1037900004F1D0000222BDE810401221FFF798BFCB
:1037A000785F0020405E002019370108014800F0D2
:1037B00011BA00BF7D5F0020014800F00CBA00BFC5
:1037C0007D5F002010B50446FFF7F0FF236A1BB1B0
:1037D000BDE81040FFF7F0BF044B2362044B1B68A9
:1037E000002BF5D1FFF7C4FFF2E700BF3137010826
:1037F000785F002010B50C46B1F90E1000F078FB90
:103800000028ABBF636DA3891B1823F48053ACBFA2
:103810006365A38110BD2DE9F0411F468B89DB054F
:1038200005460C46164605D5B1F90E1002230022B6
:1038300000F04CFBA389B4F90E1023F48053A3814C
:1038400032463B462846BDE8F04100F0DFB810B5EF
:103850000C46B1F90E1000F039FB431CA38915BFCB
:10386000606523F4805343F48053A38118BFA38180
:1038700010BDB1F90E1000F0AFB90A22002100F01E
:103880009FB9000038B50B4B1D686B6B044653B9EC
:10389000242000F05FFA0246686320B9064B07480F
:1038A0003D2100F0F5FA696B2046BDE8384000F094
:1038B00007B800BFF40300209D860108B486010804
:1038C0002DE9F0414D4A0C460023D0E90001EDF707
:1038D000DDF8002ABCBF02F5A83202F5C0724FF431
:1038E000616100F52F20B2FBF1F301FB13224FF0D1
:1038F0003C01ACBF00F66C2000F66B20A360B2FB6D
:10390000F1F301FB132263602260C31C072293FBC7
:10391000F2F2C2EBC2029B1A48BF07330028A36130
:10392000B8BFA0F50E333649AEBF90FBF1F1A3F559
:103930002C7393FBF1F1334B03FB010048F6AC63AE
:10394000B0FBF3F3034440F2B45CB0FBFCF29B1A0F
:1039500040F26D172C4AB0FBF2F264269B1AB3FBBF
:10396000F7F2B3FBFCF3B2FBF6F5EB1A034407FBEB
:103970001233992003EB8307023703F1010EB7FBE3
:10398000F0FC00FB0CF002304FF00508B0FBF8F043
:10399000AEEB000040F2F95E774594BF02276FF06E
:1039A000090767444FF4C87C0CFB0121012F98BF25
:1039B0000131B3F5997F0CD3A3F59973E361A1F2BB
:1039C0006C710023E060C4E9047123622046BDE805
:1039D000F08112F0030F02D106FB15255DB94FF4FB
:1039E000C875B2FBF5F605FB1622B2FA82F252094F
:1039F0003B331344E2E70122FAE700BF80510100A4
:103A0000B13A02004FC5FDFFB03A020038B5074D8C
:103A100004460846114600222A601A46FAF720FF9B
:103A2000431C02D12B6803B1236038BD805F0020A6
:103A3000014B1868704700BFF40300202DE9F843DC
:103A40000746884614460026D4E90195B9F10109D4
:103A500005D52468002CF7D13046BDE8F883AB8942
:103A6000012B07D9B5F90E30013303D0294638466A
:103A7000C04706436835E9E7884210B501EB020408
:103A800002D98442234607D8431EA14208D011F828
:103A9000012B03F8012FF8E7024401468A4200D1C6
:103AA00010BD13F8014D02F8014DF7E7024403463B
:103AB000934200D1704703F8011BF9E7012B2DE970
:103AC000F04701D0242B06D9FFF7B2FF162303607D
:103AD0000020BDE8F087DFF8E4C00D462E4615F85B
:103AE000014B1CF8047017F00807F7D12D2C32D1C8
:103AF0002C780127B51C002B5BD0102B09D1302C62
:103B000007D12C7804F0DF04582C4DD16C781023A9
:103B1000023507F1004808F1FF384FF0000EB8FBFE
:103B2000F3F9764603FB198AA4F1300CBCF1090FB6
:103B300016D86446A34224DDBEF1FF3F08D0B1454C
:103B40001CD301D1A24519DB06FB03464FF0010E41
:103B500015F8014BE8E72B2C04BF2C78B51CCAE7FD
:103B6000A4F1410CBCF1190F01D8373CE2E7A4F1F4
:103B7000610CBCF1190F04D8573CDBE74FF0FF3E56
:103B8000E6E7BEF1FF3F05D122230360464642B976
:103B900030469EE707B17642002AF9D0BEF1000F09
:103BA00000D0691E1160F3E73024002BB1D1082347
:103BB000AFE7302CA5D00A23ABE700BF9D850108F5
:103BC00013460A46014602480068FFF777BF00BF68
:103BD000F40300207047704738B5064D00230446B3
:103BE00008462B60FAF74AFE431C02D12B6803B14A
:103BF000236038BD805F00208A892DE9F0410546A9
:103C000010070C4658D44B68002B05DC0B6C002BBE
:103C100002DC0020BDE8F081E66A002EF9D0002326
:103C200012F480522F68216A2B6032D0606DA38914
:103C30005A0705D56368C01A636B0BB1236CC01AB1
:103C400000230246E66A216A2846B047431CA3893E
:103C500006D129681D292BD8294A0A41D60727D41D
:103C600000226260D9042269226004D5421C01D17D
:103C70002B6803B96065616B2F600029C9D004F11E
:103C80004403994202D0284600F072F90020606394
:103C9000C0E701232846B047411CC8D12B68002B40
:103CA000C5D01D2B01D0162B01D12F60B1E7A38900
:103CB00043F04003A381ADE70F69002FA9D093071C
:103CC0000E6808BF4B690F6018BF0023A6EB0708FA
:103CD0008B60B8F1000F9CDD216AA66A43463A4624
:103CE0002846B047002806DCA38943F04003A3819F
:103CF0004FF0FF308EE70744A8EB0008E9E700BF6C
:103D0000FEFFBFDF38B50B6905460C4613B9002529
:103D1000284638BD18B1036A0BB9FFF753FDB4F953
:103D20000C30002BF3D0626ED00704D4990502D476
:103D3000A06DFFF74FFF28462146FFF75DFF636E3A
:103D4000DA070546E4D4A3899B05E1D4A06DFFF70B
:103D500042FFDDE7024B0146186800F023B800BFC0
:103D6000F403002070B50E4E0C463168054611B9BB
:103D700000F0EEF830602146284600F0E9F8431CD8
:103D80000AD0C41C24F00304A04207D0211A2846FC
:103D900000F0DEF8013001D14FF0FF34204670BD55
:103DA000885F00202DE9F041CD1C25F00305083582
:103DB0000C2D38BF0C25002D074601DBA94205D983
:103DC0000C233B6000263046BDE8F0812F4E00F00A
:103DD000B3F833681C4644BB29463846FFF7C2FF98
:103DE000431C04464FD134682646002E42D1002C95
:103DF00043D023683146384604EB030800F0A8F8A6
:103E000080453AD123680335ED1A25F003050835BE
:103E10000C2D38BF0C2529463846FFF7A3FF01308B
:103E20002BD023682B4423600EE02268521B1ED443
:103E30000B2A16D96119A342256018BF596063681F
:103E400008BF316062514B60384604F10B0600F048
:103E500079F826F00706231DF21AB4D09B1BA35055
:103E6000B1E76268A3420CBF32605A60ECE72346B8
:103E70006468B0E734467668B7E70C233B603846A1
:103E800000F060F89FE72560DEE700BF845F002058
:103E90001FB514461A46094B1B680546D8684CB135
:103EA000074B0091CDE9013406492B4600F032F86A
:103EB00000F014FC044B1C46F3E700BFF4030020A1
:103EC0000D8701081A870108654D010838B5074DAF
:103ED00004460846114600222A601A46FAF7D8FC22
:103EE000431C02D12B6803B1236038BD805F0020E2
:103EF00038B5074D04460846114600222A601A4686
:103F0000FAF7A0FC431C02D12B6803B1236038BD33
:103F1000805F00200EB403B5014603AB054853F89B
:103F2000042B0068019300F099F802B05DF804EBEF
:103F300003B07047F40300200148FFF74BBE00BFF9
:103F40007C5F00200148FFF746BE00BF7C5F002079
:103F500038B5064D0023044608462B60FAF79AFC54
:103F6000431C02D12B6803B1236038BD805F002061
:103F700037B5002944D051F8043C0190002BA1F141
:103F80000404B8BFE418FFF7D7FF1E4A019813686E
:103F900033B96360146003B0BDE83040FFF7D2BFAF
:103FA000A34208D9256861198B4201BF19685B6873
:103FB00049192160EDE71A465B680BB1A342FAD9B3
:103FC00011685518A5420BD1246821445418A34206
:103FD0001160E0D11C685B6853600C441460DAE740
:103FE00002D90C230360D6E7256861198B4204BF10
:103FF00019685B68636004BF491921605460CAE7AF
:1040000003B030BD845F00209368013B002B10B4E7
:10401000936008DA9469A34201DB0A2903D15DF8B1
:10402000044B00F035B91368581C1060197008462D
:104030005DF8044B7047F8B506460F461446D51890
:10404000AC4201D1002007E014F8011B3A4630468B
:10405000FFF7DAFF431CF3D1F8BD00002DE9F04F64
:104060000D469DB014469846064618B1036A0BB932
:10407000FFF7A8FB6B6ED90705D4AB899A0502D46C
:10408000A86DFFF7A7FDAB891B0701D52B699BB96D
:104090002946304600F03AF970B16B6EDC0704D562
:1040A0004FF0FF301DB0BDE8F08FAB899805F7D415
:1040B000A86DFFF790FDF3E70023099320238DF807
:1040C0002930CDF80C803023DFF8B0818DF82A300C
:1040D0004FF0010923469A4613F8012B0AB1252A0D
:1040E000F9D1BAEB040B0BD05B4622462946304689
:1040F000FFF7A1FF013000F0A980099A5A44099204
:104100009AF80030002B00F0A18000234FF0FF321E
:10411000CDE905230AF1010A049307938DF8533082
:104120001A935446052214F8011B5448ECF770F812
:10413000049AD8B9D10644BF20238DF85330130711
:1041400044BF2B238DF853309AF800302A2B15D01A
:10415000079A544600204FF00A0C214611F8013B03
:10416000303B092B4DD9B0B1079214E0A0EB080306
:1041700009FA03F313430493A246D2E7039B191DE4
:104180001B680391002BBBBF5B4242F00202079306
:104190000793B8BF049223782E2B0CD163782A2B77
:1041A00034D1039B1A1D1B680392002BB8BF4FF03C
:1041B000FF3302340593DFF8D4A021780322504660
:1041C000ECF726F838B1049BA0EB0A0040228240AD
:1041D00013430134049314F8011B29488DF8281067
:1041E0000622ECF715F800283FD0264B1BBB039B9B
:1041F000073323F0070308330393099B3B440993D8
:1042000068E70CFB02320C460120A6E700230134CC
:10421000059319464FF00A0C204610F8012B303A4E
:10422000092A03D9002BC6D00591C4E70CFB012154
:1042300004460123F0E703AB00932A46124B04A97E
:104240003046AFF300800746781CD6D16B6ED90795
:1042500005D4AB899A0502D4A86DFFF7BCFCAB89E5
:104260005B063FF51DAF09981CE703AB00932A4698
:10427000054B04A9304600F00FF9E4E7498701082F
:104280005387010800000000374001084F870108EC
:10429000F8B50E461446054618B1036A0BB9FFF788
:1042A00091FAA369A360A3891A0725D523691BB3D3
:1042B00023682269981A6369F6B28342374604DCA0
:1042C00021462846FFF71EFDE0B9A368013BA36025
:1042D00023685A1C22601E706269431C9A4204D0F3
:1042E000A389DB0706D50A2E04D121462846FFF70D
:1042F00009FD38B93846F8BD2146284600F006F8D1
:104300000028D5D04FF0FF37F4E7000038B52A4B2E
:10431000054618680C4618B1036A0BB9FFF752FA44
:10432000A389B4F90C20180722D4D90607D409238D
:104330002B6042F04003A3814FF0FF3034E0580778
:1043400012D5616B41B104F14403994202D0284671
:10435000FFF70EFE00236363A38923F02403A381E8
:104360000023636023692360A38943F00803A381CA
:1043700023694BB9A38903F42073B3F5007F03D0FD
:104380002146284600F0D7F9A089B4F90C2010F096
:1043900001030AD00023A36063695B42A361236920
:1043A00043B910F08000C4D138BD810758BF63699C
:1043B000A360F4E70020F7E7F40300202DE9F047BD
:1043C000164699468A680B69DDF820809342B8BF8B
:1043D0001346336091F8432007460C460AB1013377
:1043E00033602368990642BF33680233336025681F
:1043F00015F0060506D104F1190AE36832689B1A24
:10440000AB4226DC94F84320131E226818BF012318
:1044100092062BD404F1430249463846C047013086
:104420001ED02368226903F00603042B02BFE5684F
:104430003368ED1AA3680CBF25EAE57500259342A1
:10444000C4BF9B1AED1800261A34B5421AD10020B9
:1044500008E00123524649463846C047013003D19F
:104460004FF0FF30BDE8F0870135C6E7E1185A1C70
:10447000302081F84300224494F8451082F843101C
:104480000233C7E70123224649463846C047013078
:10449000E6D00136D9E700002DE9FF470F7E0C9DDD
:1044A000782F914680460C469A4601F1430207D880
:1044B000622F0AD8002F00F0D480582F00F0C0805F
:1044C00004F1420584F842703AE0A7F16303152B2A
:1044D000F6D801A151F823F03145010845450108FE
:1044E000C1440108C1440108C1440108C144010894
:1044F00045450108C1440108C1440108C1440108FF
:10450000C1440108494601087145010803460108F4
:10451000C1440108C14401086B460108C1440108B7
:1045200071450108C1440108C14401080B46010856
:104530002B681A1D1B682A6004F1420584F842307A
:1045400001239FE020682B68070603F1040129601E
:1045500001D51E6803E04606FBD5B3F90060002EC6
:1045600003DA2D23764284F843305A480A2312E0B6
:104570002B682068191D2960050601D51E6802E018
:104580004106FBD51E8853486F2F0CBF08230A2312
:10459000002184F843106568A560002DA2BF216842
:1045A00021F0040121600EB9002D4BD01546B6FB59
:1045B000F3F103FB1167C75D05F8017D3746BB4288
:1045C0000E46F4D9082B0BD12368DE0708D52369E2
:1045D00061689942DEBF302305F8013C05F1FF35E3
:1045E000521B2261CDF800A04B4603AA214640464B
:1045F000FFF7E4FE01304AD14FF0FF3004B0BDE8D0
:10460000F087236843F0200323603348782784F839
:104610004570236829681F0651F8046B02D45F06B1
:1046200048BFB6B2DF0748BF43F02003296048BF48
:1046300023601EB9236823F0200323601023A7E71B
:104640002448E4E71546BDE72B6826686169181D14
:10465000286035061B6801D5196002E07006FBD59D
:104660001980002323611546BCE72B681A1D2A60B8
:104670001D68626800212846EBF7CAFD08B1401B9F
:10468000606063682361002384F84330AAE72369EC
:104690002A4649464046D0470130ADD023689B07A3
:1046A00013D4E068039B9842B8BF1846A6E70123DD
:1046B000324649464046D04701309DD00135E36837
:1046C00003995B1AAB42F2DCEBE7002504F1190613
:1046D000F5E700BF5A8701086B87010808B5062077
:1046E00000F08EF80120FAF7A7F870B50C46B1F982
:1046F0000E10002996B015461E460DDAA38913F058
:10470000800F4FF000010CBF4FF480634023002066
:1047100031602B6016B070BD6A4600F079F8002851
:10472000ECDB019901F47041A1F500535942594164
:104730004FF48063EBE78B8973B59D0706460C4603
:1047400007D504F14703236023610123636102B0AD
:1047500070BD01AB6A46FFF7C8FF009905463046B9
:10476000FFF720FB48B9B4F90C309A05EFD423F0D9
:10477000030343F00203A381E3E7A389206043F02E
:104780008003A381009B6361019B20615BB1B4F94D
:104790000E10304600F04EF828B1A38923F0030331
:1047A00043F00103A381A3891D43A581CFE71F29FE
:1047B00038B504460D4604D9162303604FF0FF3088
:1047C00038BDC26B12B152F821304BB9204600F00F
:1047D00053F82A4601462046BDE8384000F03AB872
:1047E000012B0AD0591C03D1162303600120E7E7EF
:1047F000002442F82540284698470020E0E70000C2
:10480000024B01461868FFF7D2BF00BFF403002037
:1048100038B5074D00230446084611462B60FAF7C9
:1048200030F8431C02D12B6803B1236038BD00BFB0
:10483000805F002038B5064D0023044608462B60F3
:10484000FAF724F8431C02D12B6803B1236038BD6A
:10485000805F002038B5074D002304460846114606
:104860002B60F9F7E1FF431C02D12B6803B12360F1
:1048700038BD00BF805F0020F9F7D4BF2DE9F047B5
:10488000089E0D4604460F46002B4AD18A429446A4
:1048900065D9B2FA82F343B102FA03FCC3F12002F4
:1048A0009F4020FA02F217439C404FEA1C4E1FFA29
:1048B0008CF5B7FBFEF1220C0EFB117742EA0742A2
:1048C00001FB05F090420AD91CEB020201F1FF370F
:1048D00080F01C81904240F2198102396244121A20
:1048E000A4B2B2FBFEF00EFB102244EA024400FB2D
:1048F00005F5A5420AD91CEB040400F1FF3280F053
:104900000781A54240F204816444023840EA014034
:10491000641B00211EB1DC400023C6E90043BDE852
:10492000F0878B4208D9002E00F0ED800021C6E907
:1049300000050846BDE8F087B3FA83F1002949D1A4
:10494000AB4202D3824200F2F880841A65EB030284
:1049500001201746002EE2D0C6E90047DFE702B982
:10496000FFDEB2FA82F3002B40F090808A1A4FEA01
:104970001C471FFA8CFE0121B2FBF7F507FB15203F
:10498000220C42EA00420EFB05F0904208D91CEBD3
:10499000020205F1FF3802D2904200F2CB80454678
:1049A000121AA4B2B2FBF7F007FB102244EA024449
:1049B0000EFB00FEA64508D91CEB040400F1FF32F3
:1049C00002D2A64500F2BB801046A4EB0E0440EADA
:1049D00005409FE7C1F120078B4022FA07FC4CEA13
:1049E000030C05FA01F420FA07F3FD404FEA1C49D5
:1049F0002343B5FBF9F81FFA8CFE09FB18551C0C74
:104A000044EA054408FB0EF5A54202FA01F200FA59
:104A100001F00BD91CEB040408F1FF3A80F0888008
:104A2000A54240F28580A8F102086444641B9DB24F
:104A3000B4FBF9F309FB134445EA044403FB0EFEFF
:104A4000A64508D91CEB040403F1FF356CD2A6453A
:104A50006AD9023B644443EA0843A3FB0295A4EBF2
:104A60000E04AC42C846AE4656D353D056B1B0EB56
:104A7000080264EB0E0404FA07F7CA40CC4017435F
:104A8000C6E9007418460021BDE8F087C3F1200193
:104A900002FA03FC20FA01F225FA01F19D402A43B3
:104AA0004FEA1C471FFA8CFEB1FBF7F007FB10150D
:104AB000110C41EA054100FB0EF58D4204FA03F4A6
:104AC00008D91CEB010100F1FF382FD28D422DD9FE
:104AD00002386144491B92B2B1FBF7F507FB15118F
:104AE00042EA014205FB0EF1914208D91CEB020299
:104AF00005F1FF3816D2914214D9023D6244521A90
:104B000045EA004138E73146304608E73946E6E6EF
:104B10001046FBE64845A9D2B9EB020865EB0C0E3E
:104B2000013BA3E74546EAE72B4694E74046D1E739
:104B3000D0467BE7023D624432E708460AE7644418
:104B4000023842E7F8B500BFF8BC08BC9E46704783
:0C4B5000F8B500BFF8BC08BC9E467047DA
:104B5C0018120C1801010119190119190106060185
:104B6C000606010303010303010202010202011202
:104B7C000C01120C000800080050015002500350A8
:104B8C000450055006500750085009500A500B505D
:104B9C000C500D50F150F25001F105506D696E2C16
:104BAC0000206D572C002E00011F136F01130503FD
:104BBC00020B050200D57FAAFE2B815429FC5683DB
:104BCC00D702A87D52872DF8AC79D3067BAE04D1E1
:104BDC008550FA2FA471DB0E5A8F25F08D58F227D1
:104BEC0073A60CD9F623895C08DD77A2DF0AA075C1
:104BFC0021F45E8B9D48E23763B61CC9B461CB1EB1
:104C0C004A9F35E0CF1AB06531E44E9BE633994CA0
:104C1C0018CD67B239EC4693C712B86D10C56FBA90
:104C2C00EE3B91446BBE14C19540EA3F42973DE880
:104C3C00BC69C316EF3A904511C46EBBC613B96C70
:104C4C0038ED4792BD68C21743963CE99441EB3E60
:104C5C006ABF15C04B9E34E1B560CA1F62B71DC850
:104C6C009C49E33619CC66B3E732984D30E54F9A40
:104C7C00CE1BB16472A70DD88C59F3265B8E24F130
:104C8C00A570DA0F20F55F8ADE0BA17409DC76A320
:104C9C00F722885DD603A97C28FD5782FF2A805510
:104CAC0001D47EAB8451FB2E7AAF05D0AD78D20700
:104CBC0053862CF96162636465666768696A6B6C1C
:104CCC006D6E6F707172737475767778797A303126
:104CDC0032333435363738395F232D2E0069007462
:104CEC007700727700000000000000000000000058
:104CFC002D15000800000000000000003915000808
:104D0C00000000000000000015150008000102045E
:104D1C00050301026D6C72732E300053657475704F
:104D2C005374617274537478345478005365747589
:104D3C007053746172744D61726B65720021656E93
:104D4C00642100206B487A006D4C5253010203041D
:104D5C00006D4C52530403020100206972713D78BE
:104D6C0000206C733D0020727831733D0020727806
:104D7C0032733D00656E61626C65642C616E7465A6
:104D8C006E6E61312C616E74656E6E61322C723A8E
:104D9C00656E2E20743A616E74312C723A656E2EEB
:104DAC0020743A616E7432007472616E73702E2CC2
:104DBC006D61766C696E6B2C6D61766C6E6B582CBC
:104DCC006D73705800322E342047487A2C393135A7
:104DDC00204D487A204643432C383638204D487AAB
:104DEC002C343333204D487A2C373020636D2048D7
:104DFC00414D2C383636204D487A20494E2C3931CD
:104E0C0035204D487A202B20322E342047487A2CDE
:104E1C00383638204D487A202B20322E3420474803
:104E2C007A00656E61626C65642C616E74656E6E81
:104E3C0061312C616E74656E6E61322C72656E2000
:104E4C007461312C72656E207461320035302048EB
:104E5C007A2C333120487A2C313920487A2C464C24
:104E6C0052432C46534B2C3139487A377800322E2A
:104E7C00342047487A2C393135204643432C383678
:104E8C0038204D487A2C343333204D487A2C373027
:104E9C0020636D2C38363620494E2C3931352B3267
:104EAC002E342C3836382B322E3400202F2D2D005A
:104EBC00202F653100202F653600202F6531310001
:104ECC00202F653133000D0A0021212052782070EB
:104EDC006172616D2076657273696F6E20736D619E
:104EEC006C6C6572207468616E20547820706172ED
:104EFC00616D2076657273696F6E2E202121002101
:104F0C002120506C656173652075706772616465F2
:104F1C002072656365697665722E20202020202022
:104F2C002020202020202020202020202020202075
:104F3C002020212100212120547820706172616D84
:104F4C002076657273696F6E20736D616C6C65721F
:104F5C00207468616E20527820706172616D2076C9
:104F6C00657273696F6E2E20212100212120506CF7
:104F7C006561736520757067726164652054782073
:104F8C006D6F64756C652E20202020202020202041
:104F9C002020202020202020202020202020212103
:104FAC0000436F6E66696749643A003F0020206DCC
:104FBC00696E3A200020206D61783A200020200094
:104FCC00203D200020205B612D7A302D39232D2EA1
:104FDC005F5D002D2028756E617661696C61626C75
:104FEC00652900205B0028756E6368616E676561DA
:104FFC00626C6529007761726E3A2072656365692F
:10500C00766572206E6F7420636F6E6E6563746567
:10501C006400292C002C20002F003B20003B205446
:10502C00783A002052783A006D5700202054783A94
:10503C00204D6174656B206D523930302D33302C1E
:10504C002076312E342E303100202052783A200038
:10505C002D2028756E6578706563746564206572A3
:10506C00726F7229006668737331202800202063E8
:10507C00683A20002020665F7265673A2000202085
:10508C00663A200066687373322028002020686519
:10509C006C702C20682C203F2020202020202D3EBE
:1050AC0020746869732068656C7020706167650096
:1050BC00202076202020202020202020202020208E
:1050CC0020202D3E207072696E74206465766963B1
:1050DC006520616E642076657273696F6E002020A6
:1050EC00706C202020202020202020202020202018
:1050FC002D3E206C69737420616C6C207061726140
:10510C006D6574657273002020706C206320202004
:10511C002020202020202020202D3E206C6973741C
:10512C0020636F6D6D6F6E20706172616D6574655B
:10513C007273002020706C20747820202020202096
:10514C0020202020202D3E206C6973742054782060
:10515C00706172616D6574657273002020706C20D3
:10516C00727820202020202020202020202D3E205E
:10517C006C69737420527820706172616D6574650E
:10518C00727300202070206E616D6520202020201D
:10519C0020202020202D3E206765742070617261D4
:1051AC006D657465722076616C75650020207020C9
:1051BC006E616D65203D2076616C756520202D3EFD
:1051CC002073657420706172616D657465722076F0
:1051DC00616C756500202070206E616D65203D202E
:1051EC003F2020202020202D3E20676574207061F8
:1051FC0072616D657465722076616C756520616E87
:10520C0064206C697374206F6620616C6C6F7765B9
:10521C00642076616C7565730020207073746F72F6
:10522C0065202020202020202020202D3E2073745B
:10523C006F726520706172616D65746572730020A8
:10524C0020736574636F6E66696769642020202023
:10525C00202D3E2073656C65637420636F6E6669E8
:10526C006720696400202062696E64202020202061
:10527C00202020202020202D3E2073746172742069
:10528C0062696E64696E6700202072656C6F616480
:10529C00202020202020202020202D3E2072656CF4
:1052AC006F616420616C6C20706172616D657465F6
:1052BC00722073657474696E677300202073746157
:1052CC00747320202020202020202020202D3E2000
:1052DC007374617274732073747265616D696E6737
:1052EC0020737461746973746963730020206C6932
:1052FC0073746672657173202020202020202D3E4F
:10530C00206C69737473206672657175656E636960
:10531C006573207573656420696E206668737320ED
:10532C00736368656D6500202073797374656D62B5
:10533C006F6F742020202020202D3E2063616C6C28
:10534C002073797374656D20626F6F746C6F616418
:10535C006572002020656D70747920636D64002087
:10536C0020696E76616C696420636D640020207323
:10537C00747265616D696E672073746174732073E8
:10538C00746F70706564003E00202074696D656FE9
:10539C0075740068656C7000706C00706C20630034
:1053AC00706C20747800706C207278006572723AA0
:1053BC0020696E76616C696420706172616D6574D0
:1053CC006572206E616D65006572723A206E6F2099
:1053DC0076616C75652073706563696669656400D8
:1053EC006572723A20696E76616C69642076616CC4
:1053FC007565007073746F7265002020547820708E
:10540C006172616D65746572732073746F7265641B
:10541C00002020706172616D657465727320737405
:10542C006F7265640062696E640020205478206598
:10543C006E74657265642062696E64206D6F64655C
:10544C000072656C6F61640020205478207061726A
:10545C00616D65746572732072656C6F61646564EF
:10546C00002020706172616D6574657273207265C5
:10547C006C6F6164656400736574636F6E666967F5
:10548C006964006572723A20696E76616C69642099
:10549C00636F6E666967206964206E756D626572F4
:1054AC002028302D39290020206E6F206368616E12
:1054BC006765207265717569726564002020636888
:1054CC00616E676520436F6E666967496420746F0F
:1054DC002000202073746172747320737472656180
:1054EC006D696E6720737461747300202073656E30
:1054FC006420616E792063686172616374657220E7
:10550C00746F2073746F70006C697374667265715C
:10551C00730073797374656D626F6F74004D617491
:10552C00656B206D523930302D333000214552528D
:10553C0000414952004143524F0021465321004D36
:10554C00414E55004352555A00435253480041486E
:10555C0000414E474C00484F5200414E4748002AEC
:10556C0000414C5448004155544F004755494400A4
:10557C004C4F49540052544C200043495243004C68
:10558C00414E440044524946005350525400464C3C
:10559C004950004154554E0050484C440042524131
:1055AC004B00544852570041564F4900474E475004
:1055BC00005352544C0046484C4400464F4C4C004F
:1055CC005A49475A00535953490041524F540041CC
:1055DC0052544C005452544C005452414E004642CA
:1055EC0057410046425742004352555300544B4FCB
:1055FC004600494E495400515354420051484F56AD
:10560C0000514C4F5400514C4E44005152544C00DC
:10561C005141544E005141434F0054484D4C004CA5
:10562C0032514C005354455200534D504C00444F92
:10563C00434B0041484C440053555246004D4445A1
:10564C005400424154545F43415041434954590022
:10565C0072785F737461747573206661696C7572AE
:10566C0065005378206E6F74206F6B004952512087
:10567C00525820444F4E45204641494C0049525106
:10568C0020545820444F4E45204641494C007278D6
:10569C005F617661696C61626C65206E6F742074F9
:1056AC00727565000000000000000000292400084D
:1056BC00192400085F2F0008892F0008A72F000865
:1056CC00212B0008791B0008CF2C000800000000DB
:1056DC00000000005B1B0008113300085F1B000872
:1056EC007131000847310008A11C0008B1310008D5
:1056FC006F1B0008711B0008751B000800000000E0
:10570C0000000000992100085D1B00085F1B0008C9
:10571C008B210008692100087D21000879210008EF
:10572C007521000871210008751B0008000000009D
:10573C00000000005B1B000819360008E13400086B
:10574C0021340008F7330008BD1C0008853400081C
:10575C00D91C000851340008FD1C00080000000092
:10576C00000000005B1B00085D1B00085F1B0008AD
:10577C00611B0008651B0008671B00086B1B0008F9
:10578C006F1B0008711B0008751B0008000000004F
:10579C0000000000451E000871660008296700081B
:1057AC00CD6600085053544F524500434F4E464966
:1057BC00472049440042494E445F504852415345AA
:1057CC005F5533320052465F42414E440052465FB1
:1057DC004F5254484F0054585F504F574552005445
:1057EC00585F4449564552534954590054585F43E5
:1057FC00485F534F555243450054585F43485F4FE1
:10580C00524445520054585F494E5F4D4F44450039
:10581C0054585F5345525F444553540054585F539A
:10582C0045525F424155440054585F534E445F52B9
:10583C004144494F535441540054585F4D41565FB5
:10584C00434F4D504F4E454E540054585F504F5798
:10585C0045525F53575F43480054585F42555A5A5C
:10586C0045520044594E5F504F5745520052585FB5
:10587C00504F5745520052585F4449564552534970
:10588C0054590052585F43485F4F5244455200529E
:10589C00585F4F55545F4D4F44450052585F464139
:1058AC00494C534146455F4D4F44450052585F5358
:1058BC0045525F504F52540052585F5345525F420D
:1058CC004155440052585F5345525F4C4E4B5F4D0F
:1058DC004F44450052585F4D41565F535953544500
:1058EC004D5F49440052585F534E445F5241444906
:1058FC004F535441540052585F534E445F524343EC
:10590C0048414E4E454C0052585F4F55545F5253D0
:10591C0053495F43480052585F4F55545F4C515F99
:10592C0043480052585F504F5745525F53575F439F
:10593C00480052585F46535F4348310052585F4607
:10594C00535F4348320052585F46535F434833001D
:10595C0052585F46535F4348340052585F46535F7A
:10596C004348350052585F46535F434836005258FF
:10597C005F46535F4348370052585F46535F434876
:10598C00380052585F46535F4348390052585F46BF
:10599C00535F434831300052585F46535F434831A0
:1059AC00310052585F46535F434831320052585FC2
:1059BC0046535F434831330052585F46535F434868
:1059CC0031340052585F46535F43483135005258CA
:1059DC005F46535F4348313600414E474C450048C3
:1059EC004F52495A4F4E004E415620414C54484F4D
:1059FC004C440048454144494E4720484F4C4400D4
:105A0C004845414446524545004845414441444A75
:105A1C000043414D53544142004E4156205254488C
:105A2C00004E415620504F53484F4C44004D414E70
:105A3C0055414C00424545504552004C454453207D
:105A4C004F4646004C4947485453004F5344204F4F
:105A5C0046460054454C454D455452590041555409
:105A6C004F2054554E4500424C41434B424F580039
:105A7C004641494C53414645004E41562057500033
:105A8C00414952204D4F444500484F4D4520524509
:105A9C0053455400474353204E4156004650562020
:105AAC00414E474C45204D495800535552464143B1
:105ABC004500464C415045524F4E005455524E20D5
:105ACC00415353495354004E4156204C41554E437B
:105ADC004800534552564F204155544F5452494D4E
:105AEC000043414D45524120434F4E54524F4C20A0
:105AFC00310043414D45524120434F4E54524F4C7F
:105B0C0020320043414D45524120434F4E54524F99
:105B1C004C2033004F534420414C542031004F5300
:105B2C004420414C542032004F534420414C5420CB
:105B3C0033004E415620434F5552534520484F4C4D
:105B4C0044004D43204252414B494E47005553456A
:105B5C00523100555345523200555345523300557E
:105B6C0053455234004C4F49544552204348414E02
:105B7C004745004D5350205243204F5645525249F1
:105B8C0044450050524541524D00545552544C45D9
:105B9C00004E415620435255495345004155544FF0
:105BAC00204C4556454C205452494D0057502050DE
:105BBC004C414E4E455200534F4152494E47004DB9
:105BCC00495353494F4E204348414E4745004245A7
:105BDC0045504552204D555445004D554C54492087
:105BEC0046554E4354494F4E004D4958455220504E
:105BFC00524F46494C452032004D4958455220548D
:105C0C0052414E534954494F4E00414E474C45204A
:105C1C00484F4C440042696E642050687261736551
:105C2C000042494E445F50485241534500353020A4
:105C3C00487A2C333120487A2C313920487A2C463A
:105C4C004C52432C46534B2C313920487A20377810
:105C5C000052462042616E6400322E342C393135AC
:105C6C00204643432C3836382C3433332C37302CE5
:105C7C0038363620494E2C3931352B322E342C38CF
:105C8C0036382B322E34005246204F7274686F0017
:105C9C006F66662C312F332C322F332C332F33007D
:105CAC00547820506F77657200547820446976657B
:105CBC00727369747900656E61626C65642C616ED7
:105CCC0074656E6E61312C616E74656E6E61322C12
:105CDC00723A656E20743A616E74312C723A656E4C
:105CEC0020743A616E743200547820436820536FEC
:105CFC0075726365006E6F6E652C637273662C69CA
:105D0C006E2C6D627269646765005478204368205C
:105D1C004F7264657200414554522C544145522CCB
:105D2C004554415200547820496E204D6F646500F3
:105D3C00736275732C7362757320696E7600547878
:105D4C002053657220446573740073657269616CCD
:105D5C002C73657269616C322C6D62726964676553
:105D6C0000547820536572204261756472617465C9
:105D7C0000393630302C31393230302C3338343025
:105D8C00302C35373630302C3131353230302C32F6
:105D9C00333034303000547820536E6420526164B8
:105DAC00696F53746174006F66662C3120487A00F9
:105DBC005478204D617620436F6D706F6E656E74F4
:105DCC00006F66662C656E61626C656400547820A9
:105DDC00506F776572205377204368006F66662C8E
:105DEC00352C362C372C382C392C31302C31312C9D
:105DFC0031322C31332C31342C31352C313600549A
:105E0C00782042757A7A6572006F66662C4C502C3D
:105E1C0072784C510044796E20506F776572006F28
:105E2C0066662C6F6E00527820506F776572005248
:105E3C0078204469766572736974790052782043CE
:105E4C0068204F72646572005278204F7574204D33
:105E5C006F646500736275732C637273662C736266
:105E6C00757320696E76005278204661696C5361B7
:105E7C006665204D6F6465006E6F207369672C6CCE
:105E8C006F77207468722C627920636E662C6C6F4D
:105E9C00772074687220636E742C63683163683485
:105EAC0020636E740052782053657220506F7274A8
:105EBC000073657269616C2C63616E0052782053BB
:105ECC00657220426175647261746500527820536A
:105EDC006572204C696E6B204D6F64650074726145
:105EEC006E73702E2C6D61766C696E6B2C6D617699
:105EFC006C696E6B582C6D737058005278204D6124
:105F0C00762053797374656D2049440035312C35F6
:105F1C00322C35332C35342C353500527820536ED9
:105F2C006420526164696F53746174006F66662CEF
:105F3C00617264755F312C6D6574685F62005278B4
:105F4C0020536E642052634368616E6E656C006F03
:105F5C0066662C7263206F766572726964652C724A
:105F6C0063206368616E6E656C73005278204F75A8
:105F7C00742052737369204368005278204F7574F3
:105F8C00204C5120436800527820506F7765722066
:105F9C0053772043680052782046532043683100E1
:105FAC0052782046532043683200527820465320C2
:105FBC0043683300527820465320436834005278AB
:105FCC0020465320436835005278204653204368BE
:105FDC0036005278204653204368370052782046CA
:105FEC0053204368380052782046532043683900C8
:105FFC005278204653204368313000527820465363
:10600C0020436831310052782046532043683132A6
:10601C000052782046532043683133002D31323002
:10602C0020252C3020252C31323020250052782090
:10603C00465320436831340052782046532043683D
:10604C003135005278204653204368313600160013
:10605C001818001818181218070000000300000088
:10606C000201010102020202020303040101010206
:10607C0002020202020202020202020201020202F5
:10608C00020201000000000000000000A07B0108DB
:10609C002B130000787B01080A00000000000000B0
:1060AC0000000000000000000000000000000000E4
:1060BC000000000011003200140064001800FA0007
:1060CC001B00F4011E00E80382050020FF00000005
:1060DC00215C01082D5C0108654D010800000000E1
:1060EC000000000000000000654D010800000000E9
:1060FC008A050020FE0000007F5E0108905A01080E
:10610C00654D0108000000000000000000000000C8
:10611C00395C01082E06002089050020FE000000D5
:10612C005D5C0108D1570108654D010800000000B5
:10613C000000000000000000655C01082C06002037
:10614C008B050020FE000000935C0108D957010864
:10615C00654D010800000000000000000000000078
:10616C009C5C010830060020BA040020FE000000F0
:10617C00AC5C0108E2570108654D01080000000005
:10618C0000000000000000003206002000000000AB
:10619C00BB040020FE000000B55C0108EB570108B1
:1061AC00654D010800000000000000000000000028
:1061BC00C25C010876060020BC040020FE00000032
:1061CC00F45C0108F8570108654D01080000000057
:1061DC000000000000000000015D010878060020AE
:1061EC00BD040020FE000000165D010805580108E2
:1061FC00654D0108000000000000000000000000D8
:10620C00225D010800000000BE040020FE0000001A
:10621C00315D010811580108654D010800000000AE
:10622C0000000000000000003C5D01087A06002020
:10623C00BF040020FE0000004A5D01081C58010844
:10624C00654D010800000000000000000000000087
:10625C00565D01087C060020C0040020FE000000F2
:10626C006D5D010828580108654D0108000000000B
:10627C0000000000000000007D5D0108000000002F
:10628C00C2040020FE000000A25D01083458010881
:10629C00654D010800000000000000000000000037
:1062AC00B35D010800000000C5040020FE000000E2
:1062BC00BC5D010845580108654D0108000000004F
:1062CC000000000000000000CD5D0108000000008F
:1062DC00C6040020FE000000D95D010856580108D4
:1062EC00654D0108000000000000000000000000E7
:1062FC00E85D010800000000C3040020FE0000005F
:10630C000B5E010865580108654D0108000000008E
:10631C000000000000000000155E01087E06002051
:10632C00CA040020FE000000215E01086F5801081D
:10633C00654D010800000000000000000000000096
:10634C002B5E01080000000096040020FE000000F7
:10635C00325E010879580108654D01080000000003
:10636C000000000000000000820600200000000079
:10637C0097040020FE0000003B5E010882580108D3
:10638C00654D010800000000000000000000000046
:10639C00C25C0108C606002098040020FE00000024
:1063AC00485E01088F580108654D01080000000087
:1063BC000000000000000000225D01080000000049
:1063CC0099040020FE000000545E01089B5801084F
:1063DC00654D0108000000000000000000000000F6
:1063EC00605E0108C80600209B040020FE0000002F
:1063FC00735E0108A7580108654D010800000000F4
:10640C000000000000000000845E01080000000095
:10641C00A4040020FE000000B15E0108B858010879
:10642C00654D0108000000000000000000000000A5
:10643C00BD5E0108CA0600209C040020FE0000007E
:10644C00C85E0108C4580108654D01080000000031
:10645C0000000000000000007D5D0108000000004D
:10646C009D040020FE000000D85E0108D0580108F1
:10647C00654D010800000000000000000000000055
:10648C00E95E010800000000A5040020FE000000E9
:10649C00075F0108E0580108654D01080000000085
:1064AC000000000000000000185F01080000000060
:1064BC009E040020FE000000275F0108F15801082F
:1064CC00654D010800000000000000000000000005
:1064DC00385F010800000000A0040020FE0000004E
:1064EC004A5F010802590108654D010800000000CF
:1064FC0000000000000000005B5F010800000000CD
:10650C009A040020FE000000775F0108135901086F
:10651C00654D0108000000000000000000000000B4
:10652C00E85D010800000000A2040020FE0000004D
:10653C00865F010822590108654D01080000000022
:10654C000000000000000000E85D010800000000F1
:10655C00A3040020FE000000935F01082F590108DE
:10656C00654D010800000000000000000000000064
:10657C00E85D010800000000AA04002002000000F1
:10658C00A25F01083E5901083760010800000000B5
:10659C008800000078000000654D01080000000034
:1065AC00AB04002002000000AC5F01084859010850
:1065BC00376001080000000088000000780000002F
:1065CC00654D010800000000AC0400200200000032
:1065DC00B65F01085259010837600108000000003D
:1065EC008800000078000000654D010800000000E4
:1065FC00AD04002002000000C05F01085C590108D6
:10660C0037600108000000008800000078000000DE
:10661C00654D010800000000AE04002002000000DF
:10662C00CA5F0108665901083760010800000000C4
:10663C008800000078000000654D01080000000093
:10664C00AF04002002000000D45F0108705901085B
:10665C00376001080000000088000000780000008E
:10666C00654D010800000000B0040020020000008D
:10667C00DE5F01087A59010837600108000000004C
:10668C008800000078000000654D01080000000043
:10669C00B104002002000000E85F010884590108E1
:1066AC00376001080000000088000000780000003E
:1066BC00654D010800000000B2040020020000003B
:1066CC00F25F01088E5901083760010800000000D4
:1066DC008800000078000000654D010800000000F3
:1066EC00B304002002000000FC5F01089859010867
:1066FC0037600108000000008800000078000000EE
:10670C00654D010800000000B404002002000000E8
:10671C0007600108A3590108376001080000000058
:10672C008800000078000000654D010800000000A2
:10673C00B50400200200000012600108AE590108E7
:10674C00376001080000000088000000780000009D
:10675C00654D010800000000B6040020FE0000009A
:10676C001D600108B9590108654D010800000000C1
:10677C00000000000000000028600108000000007C
:10678C00B7040020FE00000039600108C45901085C
:10679C00654D010800000000000000000000000032
:1067AC002860010800000000B8040020FE00000072
:1067BC0044600108CF590108654D01080000000034
:1067CC00000000000000000028600108000000002C
:1067DC00B9040020FE0000004F600108DA590108DE
:1067EC00654D0108000000000000000000000000E2
:1067FC0028600108000000006162636465666768D8
:10680C00696A6B6C6D6E6F70717273747576777874
:10681C00797A303132333435363738395F232D2E8F
:10682C000000000000070E091C1B1215383F363102
:10683C0024232A2D70777E796C6B6265484F464114
:10684C0054535A5DE0E7EEE9FCFBF2F5D8DFD6D104
:10685C00C4C3CACD90979E998C8B8285A8AFA6A1F4
:10686C00B4B3BABDC7C0C9CEDBDCD5D2FFF8F1F6E4
:10687C00E3E4EDEAB7B0B9BEABACA5A28F888186D4
:10688C0093949D9A2720292E3B3C35321F181116C4
:10689C0003040D0A5750595E4B4C45426F686166B4
:1068AC0073747D7A898E878095929B9CB1B6BFB8A4
:1068BC00ADAAA3A4F9FEF7F0E5E2EBECC1C6CFC894
:1068CC00DDDAD3D4696E676075727B7C51565F5884
:1068DC004D4A4344191E171005020B0C21262F2874
:1068EC003D3A33344E49404752555C5B7671787F64
:1068FC006A6D64633E39303722252C2B0601080F54
:10690C001A1D1413AEA9A0A7B2B5BCBB9691989F43
:10691C008A8D8483DED9D0D7C2C5CCCBE6E1E8EF33
:10692C00FAFDF4F300000000320900000000000042
:10693C00010000007C2B00000000000002000000A1
:10694C00890C00000000000004000000ED0E030C98
:10695C000D00000005000000D91C01000000000023
:10696C0006000000680300000000000007000000A3
:10697C0077200000000000000800000075240000D3
:10698C00000000000B00000059060104000000008C
:10699C0014000000D61403020300000015000000D0
:1069AC009F0203000100000016000000DC1900002B
:1069BC000000000017000000A817030405000000E9
:1069CC00180000001834000000000000190000003E
:1069DC0017650000000000001A000000AA18000053
:1069EC00000000001B000000901D000000000000D3
:1069FC001C00000043100000000000001D000000FF
:106A0C0073100000000000001E000000271C000096
:106A1C00000000001F000000F63000000000000025
:106A2C0020000000B91C0000000000002100000044
:106A3C00681C00000000000022000000ED160000A1
:106A4C000000000023000000F4160000000000000D
:106A5C0024000000DE2500000000000025000000DE
:106A6C00D4070304050000002600000009070304F6
:106A7C000500000027000000FE2603202100000076
:106A8C0028000000E60503020300000029000000B6
:106A9C001C040302030000002A0000001C1200006A
:106AAC00000000002B000000840303000100000024
:106ABC002C000000DD090302030000002D00000083
:106ACC00E8030300010000002E0000000B02000090
:106ADC00000000002F0000009908030001000000D6
:106AEC00300000002915010C0000000031000000EE
:106AFC002714000000000000320000004E25031295
:106B0C001300000033000000C40503020300000062
:106B1C0035000000030500000000000036000000F6
:106B2C000F1B0318190000003700000003190000A8
:106B3C00000000003D000000A7480000000000001D
:106B4C003E000000B71A0000000000003F000000EB
:106B5C0077B500000000000040000000BFE100001D
:106B6C000000000041000000762A00000000000038
:106B7C0042000000940603020300000043000000E2
:106B8C00150400000000000045000000F31E010A7F
:106B9C0000000000460000007C26031011000000DD
:106BAC004900000026260320210000004A000000B6
:106BBC0014140000000000004B0000009E23031E74
:106BCC001F0000004C0000009821031E1F00000055
:106BDC004D0000008F0A030809000000500000005F
:106BEC000E04030203000000510000006A160000AE
:106BFC000000000052000000313303242500000087
:106C0C005300000016250000000000005400000096
:106C1C008F35033233000000550000008C33000028
:106C2C000000000056000000053503323300000060
:106C3C0057000000963300000000000059000000CF
:106C4C00E71C0000000000005A000000B7380000EC
:106C5C00000000005B0000003F2A00000000000064
:106C6C005C00000036210000000000005D00000008
:106C7C002F5100000000000064000000AF22000053
:106C8C0000000000650000006675000000000000B8
:106C9C00660000009E750000000000006700000008
:106CAC00D0390000000000006800000038740000BB
:106CBC0000000000690000005D3F000000000000C3
:106CCC006A0000008A2C0000000000006B0000002D
:106CDC006C410000000000006C000000205C000013
:106CEC00000000006D000000B90900000000000069
:106CFC006E00000054FE0301020000006F00000053
:106D0C00221203101100000070000000AE0C0000F5
:106D1C0000000000710000007C2700000000000053
:106D2C0072000000ED2C0000000000007300000059
:106D3C000440000000000000740000004C1800002B
:106D4C000000000075000000800603040500000030
:106D5C0076000000380E00000000000077000000F4
:106D6C00740C030A0B000000780000008661000020
:106D7C000000000079000000ED020300010000009B
:106D8C007A000000CB020300010000007B00000031
:106D9C00FA710300010000007C000000573900006C
:106DAC00000000007D000000CB0600000000000089
:106DBC007E000000DC51034F500000007F000000FB
:106DCC00192300000000000080000000E2230000F6
:106DDC0000000000810000002E18000000000000E0
:106DEC00820000001D0D0000000000008300000068
:106DFC00DFFF0000000000008400000055270000A9
:106E0C0000000000850000000612000000000000D9
:106E1C0086000000E52B0000000000008700000049
:106E2C00CB080000000000008800000001160000E4
:106E3C000000000089000000C310000000000000EA
:106E4C008A0000006D780000000000008B0000003C
:106E5C00A82B03292A0000008C000000B529000093
:106E6C00000000008D0000002F200000000000003A
:106E7C008E00000048F30000000000008F000000AE
:106E8C008310000000000000900000007F5D0000F7
:106E9C000000000092000000676400000000000089
:106EAC00930000009A3600000000000094000000DF
:106EBC00B24E00000000000095000000C83C00002D
:106ECC000000000096000000862A00000000000070
:106EDC0097000000DB080306070000009800000084
:106EEC00D00800000000000099000000BC0C00005D
:106EFC00000000009A000000540F03060700000079
:106F0C009B000000160D0304050000009C0000000F
:106F1C0013060300010000009D000000150F030C78
:106F2C000D0000009E000000860F030C0D000000F9
:106F3C00A00000004E0C030809000000A100000096
:106F4C004403030001000000A2000000BD09000082
:106F5C0000000000A30000007F1C000000000000E7
:106F6C00A40000009A2C000000000000A500000006
:106F7C001503000000000000A60000001509000029
:106F8C0000000000A70000009016000000000000A8
:106F9C00A8000000010C000000000000A900000087
:106FAC00EA12000000000000AA00000049220000C4
:106FBC0000000000AB000000B54200000000000023
:106FCC00AC0000001662000000000000AD000000E4
:106FDC005308000000000000AE000000A7300000C5
:106FEC0000000000AF0000008A13030E0F00000029
:106FFC00B0000000EA03030001000000B100000033
:10700C00F014000000000000B20000002F18000077
:10701C0000000000B3000000BD1D011A00000000BC
:10702C00B4000000342F012A00000000B50000005D
:10703C00AE04000000000000B6000000E5280000CF
:10704C0000000000B7000000550203000100000022
:10705C00B80000009FCE030405000000B90000003A
:10706C00BA07030405000000BA000000481D030025
:10707C0001000000BF0000005C1B000000000000CD
:10708C00C00000002436000000000000C100000019
:10709C00471A000000000000C2000000622100003E
:1070AC0000000000C3000000782500000000000074
:1070BC00C8000000862A032829000000C90000002F
:1070CC00CD0E030C0D000000D60000004508030691
:1070DC0007000000D700000065030000000000005E
:1070EC00D80000003203030001000000D9000000AA
:1070FC00CA06000000000000DA00000011070300BF
:10710C0001000000DB000000A202000000000000F3
:10711C00DC0000002220000000000000DD00000068
:10712C00472A000000000000DE0000000F030000F2
:10713C0000000000DF000000772F032A2B00000066
:10714C00E0000000662D032A2B000000E100000087
:10715C00D049000000000000E2000000CF08000051
:10716C0000000000E6000000A32A00000000000060
:10717C00E70000006928000000000000E8000000A3
:10718C009741000000000000E900000023B6000059
:10719C0000000000EA00000096280000000000003B
:1071AC00EB000000B32A000000000000F10000001A
:1071BC005A20000000000000F2000000683C0000B3
:1071CC0000000000F3000000553D013400000000F9
:1071DC00F40000005F06000000000000F500000055
:1071EC008202000000000000F6000000B82600003B
:1071FC0000000000F7000000511300000000000028
:10720C00F800000008FE030304000000F900000071
:10721C00CC24000000000000FA000000311E000029
:10722C0000000000FB000000AA120000000000009B
:10723C00FC0000002C12000000000000FD0000000B
:10724C005336000000000000FE0000002E09000074
:10725C000000000000010000472A0308090000009C
:10726C000101000083090000000000000201000081
:10727C00BBE8030001000000030100005CED00000E
:10728C000000000004010000920E0000000000004D
:10729C0005010000B33D00000000000006010000E5
:1072AC000C170000000000000701000085FF000023
:1072BC000000000008010000312000000000000068
:1072CC00090100001A140000000000000A0100006F
:1072DC00C1FF0302030000000B01000023FF0302A7
:1072EC00030000000C0100000E0403020300000068
:1072FC000D0100006DD70000000000000E01000021
:10730C003B140000000000000F01000016350000C7
:10731C0000000000130100007E20000000000000AF
:10732C0014010000123200000000000015010000E2
:10733C003E1E000000000000180100004621000065
:10734C000000000019010000300D000000000000DA
:10735C001A0100007B230320210000001B01000008
:10736C004A910000000000001C0100006320031E75
:10737C001F0000001D0100008931032627000000BA
:10738C001E010000D2390332330000001F0100003F
:10739C00011703141500000020010000141703143A
:1073AC001500000022010000FB2E00000000000070
:1073BC00230100000A390000000000002401000035
:1073CC00E3DF03181900000027010000EA0C00009D
:1073DC000000000028010000322300000000000023
:1073EC002B01000013620000000000002C010000C3
:1073FC00D9160000000000002D010000F33A000037
:10740C0000000000360100001C110000000000000C
:10741C00370100005F740000000000004001000014
:10742C00F3140302030000004101000058020300A2
:10743C000100000042010000F39500000000000074
:10744C00430100004E9303000100000044010000C2
:10745C0084920000000000004A01000017A7000001
:10746C00000000004B0100005BE900000000000080
:10747C004C010000ECEF0000000000004D0100008A
:10748C00E76D0000000000004E010000480A0000FB
:10749C00000000004F010000E11800000000000097
:1074AC0050010000F55400000000000053010000E2
:1074BC00C7050000000000005401000063460000F6
:1074CC000000000059010000D11503020300000068
:1074DC005E010000E8FC00000000000062010000FA
:1074EC00D20E030C0D00000063010000060C00001E
:1074FC0000000000680100000B19000000000000F3
:10750C00690100005D210000000000007101000015
:10751C009718000000000000720100004B6D000085
:10752C0000000000730100000A1A000000000000B7
:10753C00740100001A8C00000000000075010000AE
:10754C00752A00000000000077010000FB8C000091
:10755C000000000078010000C708000000000000D7
:10756C007C010000E8140000000000008101000014
:10757C0093850302030000008201000084100304C1
:10758C00050000008301000004480304050000000E
:10759C008401000008250320210000008601000062
:1075AC009CF00000000000008B01000000D40000E3
:1075BC00000000008C01000032A000000000000060
:1075CC008D010000B66C000000000000900100006E
:1075DC006EFE03040500000091010000B7060304D1
:1075EC00050000009A010000A0350000000000001A
:1075FC009B0100006A030000000000009C010000D9
:10760C0021060304050000009D0100004D07030442
:10761C00050000009E0100006D100000000000003D
:10762C009F010000A110000000000000A401000058
:10763C001449030607000000B3010000862E000069
:10764C0000000000B4010000C109000000000000AF
:10765C00B50100001E01000000000000B801000090
:10766C004223000000000000B9010000A911000035
:10767C0000000000FE010000F56A000000000000A0
:10768C00FF0100001C470000000000000002000089
:10769C00B802000000000000421F0000DA100000D9
:1076AC0000000000431F0000E7290000000000005C
:1076BC00441F0000AC62000000000000451F0000E9
:1076CC00FB26000000000000461F0000610E0000B9
:1076DC0000000000471F00004020000000000000D8
:1076EC00481F0000EA21000000000000491F0000B4
:1076FC0090100000000000004A1F00009B290000B1
:10770C00000000004B1F0000146600000000000089
:10771C004C1F000036100000000000004D1F000040
:10772C00DE2E0000000000004E1F0000C80E0000FE
:10773C00000000004F1F00001718000000000000A0
:10774C00501F0000951200000000000028230000CC
:10775C0071890000000000002D230000752200003C
:10776C000000000011270000D114000000000000F0
:10777C0012270000BA2900000000000013270000A7
:10778C00040100000000000014270000850900001F
:10779C000000000015270000670900000000000031
:1077AC0016270000C104000000000000172700008D
:1077BC00471100000000000018270000F00E000028
:1077CC0000000000A7270000C355000000000000C7
:1077DC00F82A00008634030405000000F92A000092
:1077EC000F88000000000000FA2A0000EAB403042D
:1077FC0005000000FB2A000040050000000000000E
:10780C00FC2A00000BE8030809000000FD2A000018
:10781C005DE6000000000000022B00002E3100008D
:10782C0000000000032B00006A2C00000000000088
:10783C000C2B0000CD10000000000000162B0000E7
:10784C00902C000000000000172B0000852C00007D
:10785C0000000000182B0000552C00000000000058
:10786C00192B0000C3250310110000001A2B000077
:10787C004F050000000000001B2B000080080304D3
:10788C00050000001C2B0000B122000000000000CD
:10789C001D2B0000821C0000000000001E2B0000AD
:1078AC002F260000000000001F2B00008E09000096
:1078BC0000000000202B0000842C000000000000C1
:1078CC00212B0000D02C000000000000222B000017
:1078DC00C92C000000000000232B0000C12C00006C
:1078EC0000000000242B0000BD2C00000000000054
:1078FC00342B0000A24E0000000000006432000097
:10790C00722C03000100000065320000FE3B031ED8
:10791C001F000000663200008C35030405000000D7
:10792C0067320000F92E03000100000068320000ED
:10793C004D36031C1D00000069320000312B030082
:10794C0001000000733200005EF90300010000002A
:10795C00763200008B33000000000000773200000C
:10796C00071203101100000078320000140500000B
:10797C00000000006842000067B300000000000037
:10798C00FE4200001A21000000000000FF4200002F
:10799C00481000000000000001430000131100001B
:1079AC00000000000243000059110000000000001C
:1079BC00034300001B0A0000000000000443000009
:1079CC000E5B00000000000005430000BB540000EB
:1079DC0000000000064300006A18000000000000D0
:1079EC0010A40000E30100000000000011A400003E
:1079FC00EF2E00000000000051C30000F620000034
:107A0C000000000052C30000B5F6000000000000AA
:107A1C0053C300003E1300000000000054C30000DC
:107A2C00F00A03080900000055C30000980603047F
:107A3C000500000020CB00000D64000000000000D9
:107A4C0021CB0000EF0100000000000015CD00006C
:107A5C00F01100000000000016CD0000584E000090
:107A6C000000000017CD0000605500000000000071
:107A7C0018CD0000B11C00000000000019CD000062
:107A8C00D73200000000000078CD0000B52603209E
:107A9C002100000079CD00006624000000000000E9
:107AAC0060EA000004160314150000006AEA0000E6
:107ABC00D0210000000000006BEA0000B7070000B6
:107ACC00000000006CEA0000632403202100000089
:107ADC006DEA000081180314150000006EEA000026
:107AEC00860803040500000074EA0000CA040000C4
:107AFC000000000088EA00009CF500000000000077
:107B0C0089EA0000BFFF0000000000008DEA0000C1
:107B1C000E170302030000008EEA0000AB1C0308E2
:107B2C00090000008FEA0000370700000000000089
:107B3C0091EA0000610C00000000000092EA0000D5
:107B4C00DC0E00000000000093EA0000F5180000B5
:107B5C000000000094EA0000652C0000000000000A
:107B6C0095EA00002D060000000000006666F43562
:107B7C00CCCCFC353333053699990D3600001636CE
:107B8C0066661E36CCCC263633332F36999937366B
:107B9C00000040366666663800007038999979386E
:107BAC0033338338CCCC8C38666696380000A038DA
:107BBC009999A9383333B338CCCCBC386666C638FF
:107BCC000000D0389999D9383333E338CCCCEC3821
:107BDC006666F63800000039999909393333133940
:107BEC00CCCC1C3966662639000030399999393964
:107BFC0033334339CCCC4C39666656390000603986
:107C0C009999693933337339CCCC7C3966668639AA
:107C1C0000009039999999393333A339CCCCAC39CC
:107C2C006666B6390000C0399999C9393333D339EE
:107C3C00CCCCDC396666E6390000F0399999F93913
:107C4C000000891112239B322446AD573665BF7450
:107C5C00488CC19D5AAFD3BE6CCAE5DB7EE9F7F800
:107C6C008110080193331A22A5562C47B7753E6430
:107C7C00C99C408DDBBF52AEEDDA64CBFFF976E8E0
:107C8C0002218B30100299132667AF763444BD5510
:107C9C004AADC3BC588ED19F6EEBE7FA7CC8F5D9C0
:107CAC0083310A2091121803A7772E66B5543C45F0
:107CBC00CBBD42ACD99E508FEFFB66EAFDD874C9A0
:107CCC0004428D5316619F702004A9153227BB36D0
:107CDC004CCEC5DF5EEDD7FC6888E1997AABF3BA80
:107CEC0085520C4397711E60A1142805B3373A26B0
:107CFC00CDDE44CFDFFD56ECE9986089FBBB72AA60
:107D0C0006638F7214409D512225AB343006B9178F
:107D1C004EEFC7FE5CCCD5DD6AA9E3B8788AF19B3F
:107D2C0087730E6295501C41A3352A24B11638076F
:107D3C00CFFF46EEDDDC54CDEBB962A8F99A708B1F
:107D4C00088481951AA793B62CC2A5D33EE1B7F04F
:107D5C004008C919522BDB3A644EED5F766DFF7CFF
:107D6C00899400859BB712A6ADD224C3BFF136E02F
:107D7C00C1184809D33B5A2AE55E6C4FF77D7E6CDF
:107D8C000AA583B4188691972EE3A7F23CC0B5D10F
:107D9C004229CB38500AD91B666FEF7E744CFD5DBF
:107DAC008BB502A499961087AFF326E2BDD034C1EF
:107DBC00C3394A28D11A580BE77F6E6EF55C7C4D9F
:107DCC000CC685D71EE597F42880A1913AA3B3B2CF
:107DDC00444ACD5B5669DF78600CE91D722FFB3E7F
:107DEC008DD604C79FF516E4A9902081BBB332A2AF
:107DFC00C55A4C4BD7795E68E11C680DF33F7A2E5F
:107E0C000EE787F61CC495D52AA1A3B03882B1938E
:107E1C00466BCF7A5448DD59622DEB3C700EF91F3E
:107E2C008FF706E69DD414C5ABB122A0B99230836E
:107E3C00C77B4E6AD5585C49E33D6A2CF11E780F1E
:107E4C00A08601000B19000050C3000010000410A4
:107E5C0000005B0101000000B01D000096FF000057
:107E6C000506010C015B00009033000091FF00003F
:107E7C000606010C015B00002058000090FF00007A
:107E8C00925B010800000000E559010802000000A7
:107E9C00EB59010803000000F3590108040000002D
:107EAC00FF590108050000000C5A010806000000EB
:107EBC00155A0108FF0000001D5A0108FF000000C0
:107ECC00255A0108070000002D5A0108080000007F
:107EDC00395A010809000000405A0108FF0000004F
:107EEC00475A0108FF000000505A0108FF0000002B
:107EFC00575A0108FF0000005F5A0108FF000000FC
:107F0C00695A01080A000000735A0108FF000000BA
:107F1C007C5A010801000000855A01080B00000082
:107F2C008C5A01080C000000955A0108FF00000053
:107F3C00A05A0108FF000000A85A0108FF00000029
:107F4C00B65A0108FF000000BE5A01080D000000DF
:107F5C00C75A01080E000000D35A01080F00000098
:107F6C00DE5A0108FF000000ED5A0108FF00000076
:107F7C00FE5A0108FF0000000F5B0108FF00000023
:107F8C00205B0108FF0000002A5B0108FF000000D5
:107F9C00345B0108FF0000003E5B0108100000008C
:107FAC004E5B0108FF000000595B0108FF00000058
:107FBC005F5B0108FF000000655B0108FF0000002B
:107FCC006B5B0108FF000000715B0108FF00000003
:107FDC007F5B0108FF0000008F5B0108FF000000C1
:107FEC00965B0108110000009D5B01081200000067
:107FFC00A85B0108FF000000B85B0108FF0000004F
:10800C00C35B010813000000CB5B0108FF000000FC
:10801C00DA5B0108FF000000E65B0108FF000000CE
:10802C00F55B0108FF000000055C0108FF00000083
:10803C00165C0108140000000000000000000000A5
:10804C005B1B00085D1B00085F1B0008611B000820
:10805C00B5C00008A1C20008E9C200082DBC000888
:10806C00711B0008751B00080000000000000000D8
:10807C0085650008791E00085144000800000000C6
:10808C0000000000451D0008BD680008000000004D
:10809C0000000000096B00088B6C0008EBC40008A2
:1080AC007B1E00089F1E00082D1D0008ECFFFFFF23
:1080BC00000000005B1B00085D1B00085F1B000834
:1080CC00611B0008F5C40008991E0008C51E0008B5
:1080DC00391D0008711B0008751B00080003010303
:1080EC0053544D6963726F656C656374726F6E691E
:1080FC0063730053544D3332205669727475616C3E
:10810C0020436F6D506F72740043444320436F6E75
:10811C006669670043444320496E74657266616307
:10812C0065000000000000000000010203040607C7
:10813C000809000000000102030401000200040011
:10814C00060008000A000C0010002000400080000F
:10815C00000100000100000002000000040000000B
:10816C0006000000080000000A0000000C000000DF
:10817C001000000020000000400000008000000003
:10818C000001000000000000000FC93F000F494033
:10819C0000CB9640000FC9400053FB4000CB16416A
:1081AC0000ED2F41000F49410031624100537B41EA
:1081BC00003A8A4100CB9641005CA34100EDAF41EF
:1081CC00007EBC41000FC94100A0D5410031E24105
:1081DC0000C2EE410053FB4100F20342003A0A4256
:1081EC000083104200CB164200141D42005C234257
:1081FC0000A5294200ED2F4200363642007E3C425B
:10820C0000C74242000F4942A2000000F9000000E2
:10821C00830000006E0000004E00000044000000CF
:10822C001500000029000000FC00000027000000E1
:10823C0057000000D1000000F500000034000000E1
:10824C00DD000000C0000000DB0000006200000048
:10825C0095000000990000003C0000004300000065
:10826C009000000041000000FE00000051000000E2
:10827C0063000000AB000000DE000000BB0000004B
:10828C00C500000061000000B700000024000000E1
:10829C006E0000003A000000420000004D0000009B
:1082AC00D2000000E00000000600000049000000C1
:1082BC002E000000EA00000009000000D1000000C0
:1082CC00920000001C000000FE0000001D000000D9
:1082DC00EB0000001C000000B100000029000000B1
:1082EC00A70000003E000000E80000008200000033
:1082FC0035000000F50000002E000000BB0000005F
:10830C004400000084000000E90000009C00000014
:10831C007000000026000000B40000005F000000A8
:10832C007E000000410000003900000091000000B8
:10833C00D60000003900000083000000530000004C
:10834C0039000000F40000009C00000084000000D4
:10835C005F0000008B000000BD000000F900000071
:10836C00280000003B0000001F000000F800000087
:10837C0097000000FF000000DE0000000500000078
:10838C00980000000F000000EF0000002F0000001C
:10839C00110000008B0000005A0000000A000000D1
:1083AC006D0000001F0000006D0000003600000092
:1083BC007E000000CF00000027000000CB00000072
:1083CC0009000000B70000004F000000460000004C
:1083DC003F000000660000009E0000005F000000EF
:1083EC00EA0000002D0000007500000027000000CE
:1083FC00BA000000C7000000EB000000E500000020
:10840C00F10000007B0000003D00000007000000B0
:10841C0039000000F70000008A0000005200000044
:10842C0092000000EA0000006B000000FB0000005E
:10843C005F000000B10000001F0000008D00000074
:10844C005D00000008000000560000000300000062
:10845C003000000046000000FC0000007B00000023
:10846C006B000000AB000000F0000000CF0000002B
:10847C00BC000000200000009A000000F400000086
:10848C00360000001D000000A9000000E300000001
:10849C0091000000610000005E000000E60000009A
:1084AC001B0000000800000065000000990000009F
:1084BC00850000005F00000014000000A000000018
:1084CC0068000000400000008D000000FF0000006C
:1084DC00D8000000800000004D0000007300000078
:1084EC00270000003100000006000000060000001C
:1084FC001500000056000000CA00000073000000C8
:10850C00A8000000C900000060000000E2000000AC
:10851C007B000000C00000008C0000006B0000001D
:10852C00DB0F49BFE4CB1640E4CB16C00000008043
:10853C00DB0F4940DB0F49C03863ED3EDA0F493F92
:10854C005E987B3FDA0FC93F6937AC316821223323
:10855C00B40F14336821A2330000C93F0000F03976
:10856C000000DA370000A2330000842E0000502BEC
:10857C000000C2270000D0220000C41F0000C61B50
:10858C000000441704000000070000000900000070
:10859C0000202020202020202020282828282820C7
:1085AC0020202020202020202020202020202020BF
:1085BC002088101010101010101010101010101027
:1085CC001004040404040404040404101010101017
:1085DC0010104141414141410101010101010101E1
:1085EC000101010101010101010101011010101033
:1085FC0010104242424242420202020202020202B3
:10860C000202020202020202020202021010101006
:10861C00200000000000000000000000000000002E
:10862C00000000000000000000000000000000003E
:10863C00000000000000000000000000000000002E
:10864C00000000000000000000000000000000001E
:10865C00000000000000000000000000000000000E
:10866C0000000000000000000000000000000000FE
:10867C0000000000000000000000000000000000EE
:10868C0000000000000000000000000000000000DE
:10869C00005245454E54206D616C6C6F63207375B0
:1086AC0063636565646564002F646174612F6A653A
:1086BC006E6B696E732F776F726B73706163652F5E
:1086CC00474E552D746F6F6C636861696E2F6172C4
:1086DC006D2D31312F7372632F6E65776C69622D3E
:1086EC0063796777696E2F6E65776C69622F6C6939
:1086FC0062632F74696D652F676D74696D652E6388
:10870C00002C2066756E6374696F6E3A200061737D
:10871C0073657274696F6E202225732220666169FD
:10872C006C65643A2066696C6520222573222C20C6
:10873C006C696E65202564257325730A00232D3022
:10874C002B2000686C4C006566674546470030314D
:10875C00323334353637383941424344454600309C
:10876C0031323334353637383961626364656600CB
:08877C0000C1FF7F01000000B5
:08878400C90B000819D500081B
:04878C00A10B000835
:10879000E94C0108365F0108F4540108EB4C01086C
:1087A0005D530108EE4C010852540108C65E0108F1
:1087B000E94C0108715E0108705701080C31002076
:1087C00001000000B05701088F04002001000000E4
:1087D000B75701086807002005000000C1570108CD
:1087E0008A05002001000000905A01088905002038
:1087F00001000000D15701088B0500200100000096
:10880000D9570108BA04002001000000E25701080E
:10881000BB04002001000000EB570108BC0400204D
:1088200001000000F8570108BD040020010000000D
:1088300005580108BE04002001000000115801087D
:10884000BF040020010000001C580108C0040020E3
:108850000100000028580108C204002001000000A7
:1088600034580108C50400200100000045580108E3
:10887000C60400200100000056580108C30400206F
:108880000100000065580108CA0400200100000032
:108890006F58010896040020010000007958010873
:1088A000970400200100000082580108980400206D
:1088B000010000008F580108990400200100000009
:1088C0009B5801089B04002001000000A7580108E4
:1088D000A404002001000000B85801089C040020F6
:1088E00001000000C45801089D04002001000000A0
:1088F000D0580108A504002001000000E05801083C
:108900009E04002001000000F1580108A00400208E
:1089100001000000025901089A0400200100000033
:1089200013590108A2040020010000002259010887
:10893000A3040020010000002F590108AA04002010
:10894000020000003E590108AB04002002000000B4
:1089500048590108AC0400200200000052590108E7
:10896000AD040020020000005C590108AE040020A4
:108970000200000066590108AF0400200200000058
:1089800070590108B0040020020000007A59010863
:10899000B10400200200000084590108B204002044
:1089A000020000008E590108B304002002000000FC
:1089B00098590108B404002002000000A3590108DE
:1089C000B504002002000000AE590108B6040020E2
:1089D00001000000B9590108B7040020010000009F
:1089E000C4590108B804002001000000CF59010853
:1089F000B904002001000000DA590108FF0000005E
:108A0000011D000889260008E056010840570108AA
:108A10001057010819D90008B9D60008BDD60008BA
:108A2000EDD70008C1D900084DDC000859DC00086A
:108A3000CDDC0008E9DC000891DC000805DD000859
:108A400021DD0008120100020202004083044057A9
:108A50000002010203010000040309041A030000DC
:108A60000000000000000000000000000000000006
:108A700000000000000000000024F40001000000DD
:108A800010000000000000000000000000000000D6
:108A900000000000010000000000000000000000D5
:108AA00000000000AF190108551901084D18010810
:108AB0000000000023170108E9170108B517010895
:108AC000000000000000000000000000AD170108D9
:108AD00065170108B1170108591701080902430079
:108AE000020100C032090400000102020100052455
:108AF00000100105240100010424020205240600DF
:108B0000010705820308001009040100020A0000A1
:108B10000007050102400000070581024000000037
:108B20000A060002000000400100000000000000F2
:108B300003000000405E002000000000405E0020B6
:108B4000A85E0020105F0020000000000000000070
:108B50000000000000000000000000000000000015
:108B60000000000000000000000000000000000005
:108B700000000000000000000000000000000000F5
:088B800000000000A803002022
:040000050800E8E91E
:00000001FF
