:020000040800F2
:1000000000000220092701083126010833260108D3
:1000100035260108372601083926010800000000AE
:100020000000000000000000000000003B26010866
:100030003D260108000000003F2601084126010876
:10004000592701085927010859270108592701088C
:1000500059270108592701085927010821EF0008ED
:100060005927010859270108592701084148000864
:100070003548000859270108592701085927010860
:10008000592701085927010859270108592701084C
:100090009D1101085927010859270108592701080E
:1000A000592701085927010859270108592701082C
:1000B00059270108B5490008592701081D480008BB
:1000C000294800085927010859270108592701081C
:1000D00059270108C14300085D800008592701081D
:1000E000A9EE0008592701085927010859270108D6
:1000F00059270108592701085927010859270108DC
:1001000059270108592701085927010859270108CB
:10011000AD4000085927010859270108592701084F
:1001200059270108592701085927010859270108AB
:10013000592701085927010859270108592701089B
:10014000592701085927010859270108592701088B
:10015000592701085927010859270108592701087B
:10016000592701085927010859270108592701086B
:10017000592701085927010859270108592701085B
:10018000592701085927010859270108592701084B
:1001900059270108000000005927010859270108C4
:1001A000592701085927010859270108592701082B
:1001B000592701085927010859270108592701081B
:1001C000592701085927010859270108592701080B
:0801D000592701085927010815
:1001E00010F8012B11F8013B012A28BF9A42F7D0E1
:1001F000D01A7047034613F8012B002AFBD1181AB6
:1002000001387047000000000000000000000000FE
:1002100001F0FF01102A2BDB10F0070F08D010F8B7
:10022000013B013A8B422DD010F0070F42B3F6D1BB
:10023000F0B441EA012141EA014122F007047FF0D4
:1002400000070023F0E80256083C85EA010586EA2B
:10025000010685FA47F5A3FA87F586FA47F6A5FA67
:1002600087F68EB9EED1F0BC01F0FF0102F0070273
:1002700032B110F8013B013A83EA010313B1F8D11E
:100280000020704701387047002D06BF35460338FF
:10029000073815F0010F07D1013015F4807F02BF38
:1002A000013015F4C03F0130F0BC0138704700BF89
:1002B00081F0004102E000BF83F0004330B54FEA17
:1002C00041044FEA430594EA050F08BF90EA020F84
:1002D0001FBF54EA000C55EA020C7FEA645C7FEA17
:1002E000655C00F0E2804FEA5454D4EB5555B8BF3A
:1002F0006D420CDD2C4480EA020281EA030382EAAB
:10030000000083EA010180EA020281EA0303362D3C
:1003100088BF30BD11F0004F4FEA01314FF4801C0F
:100320004CEA113102D0404261EB410113F0004F21
:100330004FEA03334CEA133302D0524263EB4303D8
:1003400094EA050F00F0A780A4F10104D5F1200E76
:100350000DDB02FA0EFC22FA05F2801841F10001D1
:1003600003FA0EF2801843FA05F359410EE0A5F1A5
:1003700020050EF1200E012A03FA0EFC28BF4CF0D6
:10038000020C43FA05F3C01851EBE37101F000458C
:1003900007D54FF0000EDCF1000C7EEB00006EEB99
:1003A0000101B1F5801F1BD3B1F5001F0CD3490823
:1003B0005FEA30004FEA3C0C04F101044FEA44527A
:1003C00012F5800F80F09A80BCF1004F08BF5FEA01
:1003D000500C50F1000041EB045141EA050130BDE1
:1003E0005FEA4C0C404141EB0101013C28BFB1F5F3
:1003F000801FE9D291F0000F04BF01460020B1FA3E
:1004000081F308BF2033A3F10B03B3F120020CDA10
:100410000C3208DD02F1140CC2F10C0201FA0CF0EE
:1004200021FA02F10CE002F11402D8BFC2F1200C53
:1004300001FA02F120FA0CFCDCBF41EA0C01904009
:10044000E41AA2BF01EB0451294330BD6FEA040452
:100450001F3C1CDA0C340EDC04F11404C4F120023D
:1004600020FA04F001FA02F340EA030021FA04F34F
:1004700045EA030130BDC4F10C04C4F1200220FAA6
:1004800002F001FA04F340EA0300294630BD21FAE4
:1004900004F0294630BD94F0000F83F4801306BFAA
:1004A00081F480110134013D4EE77FEA645C18BF9E
:1004B0007FEA655C29D094EA050F08BF90EA020F35
:1004C00005D054EA000C04BF1946104630BD91EA2D
:1004D000030F1EBF0021002030BD5FEA545C05D130
:1004E0004000494128BF41F0004130BD14F580046F
:1004F0003CBF01F5801130BD01F0004545F0FE41E3
:1005000041F470014FF0000030BD7FEA645C1ABF17
:10051000194610467FEA655C1CBF0B46024650EA4E
:10052000013406BF52EA033591EA030F41F400217A
:1005300030BD00BF90F0000F04BF0021704730B500
:100540004FF4806404F132044FF000054FF00001D5
:1005500050E700BF90F0000F04BF0021704730B596
:100560004FF4806404F1320410F0004548BF40426B
:100570004FF000013EE700BF42004FEAE2014FEAC0
:1005800031014FEA02701FBF12F07F4393F07F4F9B
:1005900081F06051704732F07F4208BF704793F09E
:1005A0007F4F04BF41F40021704730B54FF46074B1
:1005B00001F0004521F000411CE700BF50EA0102B4
:1005C00008BF704730B54FF000050AE050EA01025D
:1005D00008BF704730B511F0004502D5404261EBCD
:1005E00041014FF4806404F132045FEA915C3FF40E
:1005F000D8AE4FF003025FEADC0C18BF03325FEAAB
:10060000DC0C18BF033202EBDC02C2F1200300FA5B
:1006100003FC20FA02F001FA03FE40EA0E0021FA80
:1006200002F11444BDE600BF70B54FF0FF0C4CF46E
:10063000E06C1CEA11541DBF1CEA135594EA0C0F20
:1006400095EA0C0F00F0DEF82C4481EA030621EA5B
:100650004C5123EA4C5350EA013518BF52EA033596
:1006600041F4801143F4801338D0A0FB02CE4FF048
:100670000005E1FB02E506F00042E0FB03E54FF078
:100680000006E1FB03569CF0000F18BF4EF0010E70
:10069000A4F1FF04B6F5007F64F5407404D25FEA6C
:1006A0004E0E6D4146EB060642EAC62141EA55511F
:1006B0004FEAC52040EA5E504FEACE2EB4F1FD0C61
:1006C00088BFBCF5E06F1ED8BEF1004F08BF5FEADF
:1006D000500E50F1000041EB045170BD06F0004691
:1006E00046EA010140EA020081EA0301B4EB5C043E
:1006F000C2BFD4EB0C0541EA045170BD41F4801136
:100700004FF0000E013C00F3AB8014F1360FDEBF5A
:10071000002001F0004170BDC4F10004203C35DA36
:100720000C341BDC04F11404C4F1200500FA05F3B9
:1007300020FA04F001FA05F240EA020001F000425A
:1007400021F0004110EBD37021FA04F642EB0601D0
:100750005EEA430E08BF20EAD37070BDC4F10C04FA
:10076000C4F1200500FA04F320FA05F001FA04F2BE
:1007700040EA020001F0004110EBD37041F10001AA
:100780005EEA430E08BF20EAD37070BDC4F12005B5
:1007900000FA05F24EEA020E20FA04F301FA05F21D
:1007A00043EA020321FA04F001F0004121FA04F2C5
:1007B00020EA020000EBD3705EEA430E08BF20EA95
:1007C000D37070BD94F0000F0FD101F000464000CF
:1007D00041EB010111F4801F08BF013CF7D041EA51
:1007E000060195F0000F18BF704703F00046520055
:1007F00043EB030313F4801F08BF013DF7D043EA26
:100800000603704794EA0C0F0CEA135518BF95EADB
:100810000C0F0CD050EA410618BF52EA4306D1D162
:1008200081EA030101F000414FF0000070BD50EA81
:10083000410606BF1046194652EA430619D094EA0B
:100840000C0F02D150EA013613D195EA0C0F05D1F5
:1008500052EA03361CBF104619460AD181EA030149
:1008600001F0004141F0FE4141F470014FF0000001
:1008700070BD41F0FE4141F4780170BD70B54FF09C
:10088000FF0C4CF4E06C1CEA11541DBF1CEA13551C
:1008900094EA0C0F95EA0C0F00F0A7F8A4EB0504FE
:1008A00081EA030E52EA03354FEA013100F08880F5
:1008B0004FEA03334FF0805545EA131343EA1263BE
:1008C0004FEA022245EA111545EA10654FEA002673
:1008D0000EF000419D4208BF964244F1FD0404F52C
:1008E000407402D25B084FEA3202B61A65EB030588
:1008F0005B084FEA32024FF480104FF4002CB6EB45
:10090000020E75EB030E22BFB61A754640EA0C00C4
:100910005B084FEA3202B6EB020E75EB030E22BF04
:10092000B61A754640EA5C005B084FEA3202B6EB45
:10093000020E75EB030E22BFB61A754640EA9C0004
:100940005B084FEA3202B6EB020E75EB030E22BFD4
:10095000B61A754640EADC0055EA060E18D04FEA92
:10096000051545EA16754FEA06164FEAC30343EA32
:1009700052734FEAC2025FEA1C1CC0D111F4801FFF
:100980000BD141EA00014FF000004FF0004CB6E7F8
:1009900011F4801F04BF01430020B4F1FD0C88BF97
:1009A000BCF5E06F3FF6AFAEB5EB030C04BFB6EBA2
:1009B000020C5FEA500C50F1000041EB045170BD95
:1009C0000EF0004E4EEA113114EB5C04C2BFD4EBC2
:1009D0000C0541EA045170BD41F480114FF0000E46
:1009E000013C90E645EA060E8DE60CEA135594EAC2
:1009F0000C0F08BF95EA0C0F3FF43BAF94EA0C0FC5
:100A00000AD150EA01347FF434AF95EA0C0F7FF439
:100A100025AF104619462CE795EA0C0F06D152EA8D
:100A200003353FF4FDAE1046194622E750EA410671
:100A300018BF52EA43067FF4C5AE50EA41047FF482
:100A40000DAF52EA43057FF4EBAE12E74A0011D234
:100A500012F5001211D20DD56FF47873B3EB625218
:100A60000ED44FEAC12343F0004343EA505323FA24
:100A700002F070474FF00000704750EA013002D199
:100A80004FF0FF3070474FF0000070477BB972B9EC
:100A90000029BEBF00204FF0004106E008BF00283B
:100AA0001CBF6FF000414FF0FF3000F057B8ADF1C0
:100AB000080C6DE904CE002909DB002B1ADB19F0C4
:100AC00071F9DDF804E0DDE9022304B0704740422B
:100AD00061EB4101002B1BDB19F064F9DDF804E048
:100AE000DDE9022304B0404261EB4101524263EB75
:100AF00043037047524263EB430319F053F9DDF8A7
:100B000004E0DDE9022304B0404261EB410170479B
:100B1000524263EB430319F045F9DDF804E0DDE9E7
:100B2000022304B0524263EB4303704753B94AB9FE
:100B3000002908BF00281CBF4FF0FF314FF0FF30E5
:100B400000F00CB8ADF1080C6DE904CE19F02AF9EB
:100B5000DDF804E0DDE9022304B07047704700BF10
:100B60000348044B834202D0034B03B1184770473C
:100B70001C0400201C040020000000000548064B57
:100B80001B1AD90F01EBA301491002D0034B03B18B
:100B9000184770471C0400201C04002000000000BF
:100BA00010B5064C237843B9FFF7DAFF044B13B1B5
:100BB0000448AFF300800123237010BD20040020FF
:100BC000000000006CA0010808B5054B1BB10549E9
:100BD0000548AFF30080BDE80840FFF7CFBF00BF76
:100BE00000000000240400206CA0010800224270D4
:100BF00082700122C270B1FA81F1022249090271A8
:100C0000032201704271704743788B421FD0012943
:100C100041700AD0022910D0C1B90123C37081707C
:100C200002230371032343717047037843B1012307
:100C300083700223C3700023F3E70378002BF6D000
:100C4000022383700023C3700123EAE7FEE77047A5
:100C500082B00B88ADF800304B88ADF802308B883D
:100C6000ADF80430CB88ADF806300239431C0530AE
:100C700013F8012F0DF1080C0CEB4202834232F8FD
:100C8000082C21F8022FF3D102B0704710B50C46A2
:100C90001146FFF7B9FF2146BDE81040FFF7D8BF66
:100CA0000B4B10B54FF07F32C0E923234FF47F4345
:100CB000A0F89430FF23044680F89630983000F076
:100CC00044FD002384F8A43084F8A83010BD00BF90
:100CD000FFFF7F0013B504461146CDE9002300F065
:100CE0005AFD009904F1140000F055FD009904F13B
:100CF000280000F050FD009904F13C0000F04BFD8D
:100D0000009904F1500000F046FD009904F16400E0
:100D100000F041FD009904F1780000F03CFD019ADB
:100D20004FF4FA734FF4FA6104F1980000F0F8FC04
:100D30002046FFF7B5FF002384F8A5304FF47F432A
:100D4000A4F8A63002B010BD022380F8A830704786
:100D5000704700F027BD143000F024BD08B55030B6
:100D600000F02AFD292200F11403B3FBF2F313F083
:100D7000FF0302D1031E18BF0123184608BD08B5A2
:100D8000643000F019FD292200F11403B3FBF2F3E3
:100D900013F0FF0302D1031E18BF0123184608BD3C
:100DA00090F8903013B990F98C00704790F98D004D
:100DB000704790F8903013B990F98E00704790F911
:100DC0008F00704710B504460EF0D6F950B194F874
:100DD000A83043B904F13C0000F0E8FC012838BF1A
:100DE0000120C0B210BD6420FCE790F8A83013B910
:100DF00090F89300704764207047783000F0DEBCB4
:100E0000783000F0E3BC10B5044600F0A5FC04F116
:100E1000140000F0A1FC04F1280000F09DFC04F196
:100E20003C0000F099FC04F1500000F0A1FC04F13A
:100E3000640000F09DFC04F1780000F09FFC94F841
:100E4000A83013B1013B84F8A83010BD7F2807D02B
:100E5000002807DA10F1800F06D04042C0B2704778
:100E600000207047012070477F20704710B140423A
:100E700040B270477F2070477F280FD010F1310FAC
:100E80000EDA10F1780F0DDB7830FE2340B25843B4
:100E900023304623B0FBF3F0C0B27047FF20704709
:100EA000FE20704700207047012805DD40F2FE73E8
:100EB000984203DC80B270470120704740F2FF7017
:100EC0007047A0F57870C0EBC02040F2AE7390FB85
:100ED000F3F000F58060FFF7E7BFFFF7F2BF0328EC
:100EE00012DD0C2812DD0F2812DD122812DD162863
:100EF00012DD192812DD1C2812DD1F2812DD212821
:100F0000CCBFFF20062070470020704701207047AB
:100F10000220704708207047032070470720704761
:100F2000042070470520704705289ABF014B185CC4
:100F3000FF207047E0A0010805289ABF014B185C0C
:100F4000FF207047E6A001087F2803D0002803DABD
:100F5000C0B2704700207047FF2070477F2811D033
:100F600010F1320F10DA884210DD401A6423C1F10B
:100F7000FF21584301F57F01CE31313090FBF1F074
:100F8000C0B27047FF207047642070470020704750
:100F9000014B4140585C7047ECA001085AB110B4B5
:100FA000054C0A4411F8013B58408A42205CF9D1B3
:100FB0005DF8044B70477047ECA00108392808D849
:100FC00022280ED9094B2338C0B2C34003F00100D8
:100FD00070475F2807D0613819288CBF0020012096
:100FE0007047002070470120704700BF01EC7F0070
:100FF000F8B50246451E461D00245F2715F8010F6F
:10100000FF2804BF0134E4B2FFF7D8FF00B92F7006
:10101000AE42F3D1062C04D119B10B6813608B8852
:10102000938000239371F8BD2DE9F843DFF83490E5
:10103000471E441D012500264FF0280817F8011F00
:10104000084817F07CFD034610B1A0EB0903DBB2A2
:10105000A3FB05329E19A742A5FB0853EED13046EB
:10106000BDE8F883ECA1010810B54179A1F1300089
:10107000C3B2092B07D80523B0FBF3F303EB8303BB
:10108000C01AC0B210BD044C204617F058FD00280D
:10109000F1D0001BC0B2EEE7ECA10108F0B5094B9E
:1010A000094F821D2826B1FBF3F4272C94BF3D5D28
:1010B000302502F8015D824203FB1411B3FBF6F305
:1010C000F1D1F0BD00801A06ECA1010870B504460C
:1010D000FFF790F802B20023551E18B2A84204FA96
:1010E00083F104DA265C302E03F10103F5D0121AE5
:1010F00001322046BDE8704017F052BF2DE9F0479D
:10110000432B28BF432396B00C46154600211A46B0
:101110009846074617F05EFF0021412205A804917A
:1011200017F058FFDFF87C90DFF87CA004EB450552
:10113000AC4210D104A8FFF75DF828B100F15803C4
:101140006B44002203F8492C04A9384617F0E0FC50
:1011500016B0BDE8F08734F9020B47F6FF739842EA
:10116000E8D0002812DC5146684617F0D1FC04A8EC
:10117000FFF740F806466846FFF73CF80644B045DE
:10118000D6D3694604A817F0CBFCD1E7694680B2F4
:1011900010F0DDFA6846FFF799FF4946684617F0F8
:1011A000BFFCE4E7DBA00108D6A00108F0B589B0D8
:1011B0006D4600242F468E1CE1B28A4204D839467F
:1011C000FFF79CFF09B0F0BD36F8241025F8021B8C
:1011D0000134F1E742F210736421B0FBF3F203FB38
:1011E0001200B0FBF1F301FB130000EB023000EB47
:1011F000831080B27047020B00F03F0342F210717F
:1012000001FB0233C0F38510642202FB00307047FB
:101210002DE9F04142F2107388B0B1FBF3F603FB05
:1012200016141F49DFF87C80054617F071FC6946EB
:10123000F0B210F069FA6846FFF748FF69462846A1
:1012400017F06EFC4146284617F06AFC6427694691
:10125000B4FBF7F6F0B210F057FA6846FFF736FF26
:101260006946284617F05CFC07FB164441462846B1
:1012700017F056FC6946E0B210F046FA9DF80130CE
:101280008DF800309DF802308DF80130694600235A
:1012900028468DF8023017F043FC08B0BDE8F08115
:1012A0005BBB01087EB001082DE9F04F4FF0000A4A
:1012B0008BB0074654465646D0465546D146D3468F
:1012C0005FFA8AF238460192FEF794FF019A0130E4
:1012D00090420AD8642303FB05F042F2107303FB2B
:1012E000090040440BB0BDE8F08F052C14D8012351
:1012F00003FA04F111F02A0011D111F0150F0BD0EF
:10130000BA5CA2F13001092906D81C448DF80820E6
:101310008DF80900E4B21E460AF1010AD0E7B95C73
:10132000A1F13002092A0DD806F12803721C0DEB39
:1013300003060AAB06F8201C53FA82F1D6B201F874
:1013400020BCE9E7032C0AD0052C0DD0012C03D1D9
:1013500002A817F026FD81460134E4B2DCE702A8BA
:1013600017F01FFD0546F7E702A817F01AFD8046A3
:10137000F2E770B50E4600210546144617F02AFE26
:1013800000239AB2944200D870BDF25C002AFBD0D0
:10139000EA540133F5E770B50E46144600210132D8
:1013A000054617F017FE00239AB2944200D870BD8C
:1013B000F25C002AFBD0EA540133F5E730B5002493
:1013C000A3B2934201D3012005E0055D0B5D1DB979
:1013D000B3FA83F0400930BD1BB19D4204F1010412
:1013E000EED00020F7E7914206D19DF9000083423C
:1013F000CCBF002001207047022909D0022A05D065
:10140000012905D0531E58425841704701207047AA
:10141000002070477D23438043F2390309B2C36043
:10142000002301808180C38003727047C268044931
:10143000044B01FB023323F00043C360980F704755
:10144000FD430300C39E260010B5012904468079A0
:101450001AD8042801D80130A071012AE07917D8E0
:10146000042801D80130E07191424AD8914245D315
:10147000012930D1012A2ED1A279E3799A4228D3C9
:1014800022D96FF07C0310E00028E6D00138E3E7B2
:1014900008B10138E0710229E6D1022AE6D19DF9AE
:1014A000082093420BDDB4F9003062881A4412B26E
:1014B0007C2A28DD7D2262800022227227E01BDA4E
:1014C00023885B421BB2F0E72046FFF7AFFF0028FE
:1014D000D7D07D23E9E7B4F90400B4F900302288BD
:1014E000B4F90210002804DB7C29DEDD524213B27D
:1014F000DBE77C31D9DBF9E70023D6E76FF04A035D
:10150000D3E74B23D1E712F17C0F02DB6280A3808B
:1015100010BD4FF6837262800122CEE70268044953
:10152000044B01FB023323F000430360180C7047A7
:10153000FD430300C39E2600F0B5002597B001606F
:101540008580044656222946684617F043FD012649
:10155000627CAA4209D80023802104F1B4002374DC
:1015600017B0BDE8F04017F035BD2046FFF7D6FFB5
:10157000E7797B1B002190FBF3F202FB1300C0B262
:10158000EC460A46CBB29F421DD80023227B9A42EA
:10159000DED0A279033A012A04EB050105D925B171
:1015A00091F91120D2B9012BD2D98B74A26852F8CB
:1015B0002310583304EB85026B440135516303F863
:1015C000586CEDB2C4E71CF801EBBEF1000F03D17B
:1015D0008242DBD00132D2B20131D3E7501E8342C6
:1015E000E3DB01329342E0DCB2E700002DE9F04F8B
:1015F000154697B0013D0160027104464371EDB29A
:101600005622002168469946002717F0E3FC022D78
:1016100084BF4FF0010A00253E4694F807809CBF26
:101620004FF0030AB8FBFAF8627CB24209D80023F3
:10163000802104F1B400237417B0BDE8F04F17F017
:10164000C9BC2046FFF76AFFA8EB060390FBF3F244
:1016500002FB13030020DBB2EC460246C1B2884510
:1016600006D91CF801EBBEF1000F1BD19A4217D12D
:10167000414528BF4146227B01FB0A5303F0FF038B
:101680009A42D1D0A0680FFA83FC09F1FF3E50F8CE
:101690002C20BEF1030F0DD8DFE80EF00621242721
:1016A0000132D2B20130D9E7DFF864E09644174A3C
:1016B0009645B9D916B10FBB0129B5D9A2190F4664
:1016C000937404EB860350F82C205A6301F15803FD
:1016D00001226B44164403F8582CF6B2A4E7DFF855
:1016E00034E0E3E7DFF830E0E0E7A2F53D02DFF8C1
:1016F0002CE0A2F59D42443A7245DAE77A1E914207
:10170000DCDB7A1C9142D9DC8EE700BF3BB10100E3
:10171000C54E47FF776245FF287643FF3CB1010085
:1017200007EE902A0A44F8EE676A07EE902AF8EE70
:10173000677A436086EEA77A07EE903AF8EEE77A8A
:1017400080ED007AC0ED027A7047D0ED017AF8EEB4
:10175000E77AC0ED027A7047D0E901236421D31AF9
:10176000C36082604B43418AB3FBF1F3037470475B
:10177000D0E90123D31AC0E90223704743682BB193
:10178000C26864214A43B2FBF3F2D3B2037400236C
:10179000C360436070470023C0E902334182436065
:1017A000037470474368013343607047007C70479F
:1017B0004368194441607047C068704711B1C368FD
:1017C0000133C3604368013343607047007C704756
:1017D000072800D9FEE7014B185C704740A20108BA
:1017E00000230380837080F82930704703781BB191
:1017F0000022027018467047437813B100224270ED
:10180000F8E7837813B100228270F3E790F829306B
:10181000002BEFD0002280F82920EBE70170704701
:1018200001707047417070478170704781704260ED
:1018300070470B46837011460830202217F0C9B953
:10184000406870470830704780F8291070470000E2
:10185000C0F17F0080B27F2821D8C1F13F0189B259
:101860003F291CD84FEAD10C0D4B00EBCC1080B2B5
:101870004FF0010CA3F81EC0034401F0070112F061
:10188000010F0CFA01FC93F8202004D04CEA020C62
:1018900083F820C0704722EA0C0283F820207047AA
:1018A000400400207F281ED83F291CD84FEAD10CC5
:1018B0000D4B00EBCC1080B24FF0010CA3F81EC012
:1018C000034401F0070112F0010F0CFA01FC93F838
:1018D000202004D04CEA020C83F820C0704722EA92
:1018E0000C0283F820207047400400207F2921D873
:1018F000C0F13F0080B23F281CD84FEAD00C0E4BFD
:1019000001EBCC1189B24FF0010CA3F81EC00B44BF
:1019100000F0070012F0010F0CFA00FC93F82020F1
:1019200004D04CEA020C83F820C0704722EA0C0273
:1019300083F82020704700BF40040020C1F17F01E0
:1019400089B27F291ED83F281CD84FEAD00C0E4BF5
:1019500001EBCC1189B24FF0010CA3F81EC00B446F
:1019600000F0070012F0010F0CFA00FC93F82020A1
:1019700004D04CEA020C83F820C0704722EA0C0223
:1019800083F82020704700BF4004002030B5124C7F
:10199000E38B83B01BB125881DB10023E38303B023
:1019A00030BD0E4B93E8030003220090ADF8041005
:1019B0002846694602F050FF03220DEB020128463B
:1019C00002F04AFF4FF4806204F12001402002F04F
:1019D00059FF0028E1D0E2E74004002084A001087C
:1019E00008B502F061FF023818BF012008BD00BF32
:1019F000104BD88003281AD8DFE800F0191102171D
:101A00000D4A9A604FF0400C8020002158804FF41E
:101A100080620A48A3F804C0D98317F0DBBA084AE9
:101A20009A604FF0800C4020EFE7064AF8E7064A3C
:101A3000E7E700BF400400205118000860040020C0
:101A40003D190008ED180008A5180008054B4FF0D7
:101A5000010C4FF48062002103F12000A3F81EC0A6
:101A600017F0B8BA40040020024B89B29B6880B2DC
:101A7000184700BF400400202DE9F04F85B01F46F5
:101A80000192BDF93830BDF83C90FA1D48BF07F10E
:101A90000E02D210002B8046029232DD002F30DD84
:101AA0000B441BB20393DFF860B0002300931D4684
:101AB0008EB2DDE90012002302EB010A13F0070FDA
:101AC0009CB24FEAE3034FEA45050CBF1AF80350F6
:101AD000EDB204EB080015F0800F4A46314680B2A3
:101AE00002D0DBF808309847013423B29F42E5D199
:101AF000009B029A134401360093039B31B2994232
:101B0000D6D105B0BDE8F08F40040020002A2DE9B1
:101B1000F8431F4612DB0FD084B22244DFF848801E
:101B20008DB296B220460134D8F808303A4629469C
:101B3000A4B29847A642F5D1BDE8F883DFF8288023
:101B400084B256421FFA81F9002085B2601B80B230
:101B5000D8F808303A4649469847681C00B2B04267
:101B6000F3DBBDE8F88300BF40040020002A2DE924
:101B7000F8431F4612DB0FD08CB22244DFF84880B6
:101B800085B296B221460134D8F808303A46284644
:101B9000A4B29847A642F5D1BDE8F883DFF82880C3
:101BA0008CB256421FFA80F900218DB2611B89B2B6
:101BB000D8F808303A4648469847691C09B2B142FD
:101BC000F3DBBDE8F88300BF400400202DE9F04FAF
:101BD0001F1E83B0B4BF07F1010807F1FF38002AC8
:101BE000BDF830A000901FFA88F848DB96B206F1E5
:101BF000FF339BB2019300F09780BDF800904B4DEE
:101C00004E448CB2B6B2CB4658460BF1010BAB68D2
:101C1000524621461FFA8BFB98475E45F4D1A044FB
:101C20001FFA88F8484609F10109AB685246414657
:101C30001FFA89F998474E45F4D1002F4EDB1BD08F
:101C40002744BDF80080394DBFB2264631460136E3
:101C5000AB6852464046B6B29847B742F6D1019BB0
:101C600098441FFA88F821460134AB685246404632
:101C7000A4B29847A742F6D103B0BDE8F08F531C39
:101C80009BB22A4DBDF8009001938CB256424FF0A2
:101C9000000B1FFA8BFBA9EB0B000BF1010BAB68E0
:101CA00080B2524621460FFA8BFB98475E45F0DC26
:101CB000A0441FFA88F84FF0000B1FFA8BFBA9EB2A
:101CC0000B000BF1010BAB6880B2524641460FFA94
:101CD0008BFB98475E45F0DC002FB0DABDF8009032
:101CE000124D7F4200239EB2A11BAB68524689B2BF
:101CF00048469847731C1BB2BB42F4DB019B9944D6
:101D00001FFA89F900231FFA83F8A4EB0801AE68D3
:101D1000524689B24846B04708F101031BB2BB42A4
:101D2000F1DB03B0BDE8F08F8CB286E74004002001
:101D30002DE9F04F002B83B00B44BDF830600193C8
:101D400091463ADB99421CDA87B207EB02081FFA88
:101D500088F8B9F1000F17DB6FD0424D1FFA81FBF5
:101D60003C4620460134AB6832465946A4B29847F7
:101D7000A045F6D1019B0BF1010B0FFA8BF19942B3
:101D8000E7DB03B0BDE8F08F364DC9F1000A1FFA5A
:101D900081FB0024A4B2381B0134AB68324659469B
:101DA00080B224B298475445F4DB019B0BF1010B40
:101DB0000FFA8BF19942CCDBE3E79942E1DD84B283
:101DC000A718B9F1000FBFB219DB40D0254D1FFA9B
:101DD00081FBA046404608F10108AB6832465946EF
:101DE0001FFA88F898474745F4D1019B0BF1FF3B58
:101DF0000FFA8BF18B42C4DAB9F1000FE5DA194D15
:101E0000C9F100081FFA81FB4FF0000A1FFA8AFA95
:101E1000A4EB0A000AF1010AAB683246594680B2C7
:101E20000FFA8AFA9847C245F0DB019B0BF1FF3BA2
:101E30000FFA8BF18B42DFDBA3E71FFA81FB019BDB
:101E40000BF1010B0FFA8BF1994282DB99E71FFA34
:101E500081FB019B0BF1FF3B0FFA8BF18B42CBDB3C
:101E60008FE700BF40040020014B01229A83704796
:101E700040040020014B00229A8370474004002058
:101E8000014B9861704700BF40040020014B0022C5
:101E90009A61704740040020014B01229A827047EA
:101EA00040040020014B00229A8270474004002029
:101EB000014B9881704700BF40040020014BD8813E
:101EC000704700BF40040020014B9881D9817047C2
:101ED00040040020024B9A8910449881704700BF4B
:101EE000400400200A282DE9F84F4FD01F283ED982
:101EF000DFF8FCA0BAF90C50BAF80230AA1D20385D
:101F00009A42C0B235DAADB205F10608BAF80E60F1
:101F10000FFA88F3AAF80C30BAF81C30A6F10609BB
:101F20001FFA89F902361FFA88F8002B38D02F4F94
:101F3000062303FB0077B6B2013FBAF9143017F855
:101F400001BF1BB16FEA0B0B5FFA8BFB4C462146BE
:101F500001345A46DAF808302846A4B29847B44209
:101F60004FEA5B0BF3D10135ADB24545E5D1BDE894
:101F7000F88FBAF80E60BAF8102016440836062317
:101F8000B6B2AAF80E6000259846C3E7184AD3896E
:101F9000118A0B44002008339081D381BDE8F88F6B
:101FA000124F062303FB00771FFA86FB013FBAF9A5
:101FB000143017F8016F0BB1F643F6B24C4616F029
:101FC000010F21464FEA56064FF00102284602D083
:101FD000DAF8083098470134A4B25C45EFD10135F6
:101FE000ADB24545E3D1BDE8F88F00BF48A2010876
:101FF000400400202DE9F04FDFF880A1DAF8183016
:102000000A28997A87B07DD01A7A904277D35C7A81
:10201000844274D3D3E90038871A08EBC702BAF8B0
:10202000120092F90560BAF90C4002931379957881
:10203000BAF802C00344A0192844ADB20495604523
:10204000D57892F9062003929BB269DCA4B21A19E2
:1020500092B2AAF80C20BAF91420BAF90E90002A0C
:1020600070D1BAF81C1001297DD0B2FA82FB38F881
:1020700037804FEA5B1B002D41D0049F002F3ED0DC
:10208000BDF80C301FFA89F91D4434444B44A9446F
:10209000A2B29EB21FFA89F3039205930025049B16
:1020A000FC1A039BA4B203F1FF39234613F0070F78
:1020B00008BF029D04F1010404BF15F8085008F19F
:1020C0000103A4B204EB090008BF1FFA83F82B0632
:1020D0005A46314680B202D5DAF8083098476D008A
:1020E000BC42ADB2E1D1049B039A1F44D31A9BB208
:1020F00001360393059BB6B2B342BFB2CFD107B04E
:10210000BDE8F08FBAF80E30BAF810000344002290
:102110000B44AAF80C20AAF80E3007B0BDE8F08FE7
:10212000BAF80E20BAF81000024411441A46AAF870
:102130000C20BAF914200FFA81F9AAF80E900024A5
:10214000002A8ED002331AB2039B701E591E4944D6
:102150002044012309B200B20093AB1CFFF7E8FD55
:10216000BAF9142081E7023300921AB2039B701E61
:10217000591E4944204409B200B2EEE74004002051
:10218000034B9B690BB1FFF735BFFFF7ABBE00BF39
:102190004004002038B50446007878B1084D04E0CA
:1021A000FFF728FF14F8010F40B1AB69002BF7D1FE
:1021B000FFF798FE14F8010F0028F6D138BD00BFD4
:1021C00040040020F8B5204EB5690446002D31D0FA
:1021D0000378297A95F809E0002B32D0778A00221B
:1021E0009942A3EB010C09D89E4507D36B6803EB1A
:1021F000CC033A441B7913FA82F292B210F8013FF1
:10220000002BEDD173889B1A03EBD3735B10B38162
:10221000207870B13DB1FFF7EDFE14F8010F40B129
:10222000B569002DF7D1FFF75DFE14F8010F002806
:10223000F6D1F8BDFDF7DEFF00EB4002520092B28E
:10224000E0E71A46DEE700BF4004002070B52E4CE0
:1022500082B02080C8B100212C4A2D4BC4F8022046
:102260004FF4C020C4E90301A3604FF480624FF42F
:10227000803304F12000E180A161A182E36116F0C6
:10228000A9FE0023E38302B070BD05463C2002F0A6
:10229000DDFA20492022284602F0DEFA1B4A1C4BB8
:1022A0002688C4F802204FF4C022C4E90325A360A5
:1022B00029464FF480334FF4806204F12000E5801A
:1022C000A561A582E36116F085FE002ED9D1124BDF
:1022D00093E8030003220090ADF8041030466946ED
:1022E00002F0BAFA03220DEB0201304602F0B4FA12
:1022F0004FF4806204F12001402002F0C3FA00286C
:10230000BFD002B070BD00BF40040020800040007C
:10231000A518000888A4010884A0010880EAE073D9
:10232000022910B5A3EBE07304467DD162B9002801
:10233000ACBF7F223F229342A8BF1346002C184611
:1023400001DA43F0400010BD012A1FD1632B05DCE8
:102350005800002CF7DA40F48070F4E740F2F542C0
:10236000934211DC07EE903A9FED6A0AF8EEE77AA5
:1023700027EE800A15F05EFAFCEEC07A17EE900A9E
:10238000400040F00100E4E7FF20E2E7022A40F0CD
:10239000BF80632B05DC9800002CD4DA40F4007079
:1023A000D1E7B3F57A7F11DA07EE903A9FED590A3B
:1023B000F8EEE77A27EE800A15F03CFAFCEEC07AD8
:1023C00017EE900A800040F00100E5E742F20F723C
:1023D000934211D807EE903A9FED4F0AF8EEE77A54
:1023E00027EE800A15F026FAFCEEC07A17EE900A66
:1023F000800040F00200CFE7484A934211D807EE30
:10240000903A9FED470AF8EEE77A27EE800A15F03A
:1024100011FAFCEEC07A17EE900A830043F0030035
:10242000BAE740F2FF10B7E7032971D1012A20D1A2
:10243000B3F57A7F05DA5800002C84DA40F40060A6
:1024400081E7B3F5205F11DA07EE903A9FED310A8C
:10245000F8EEE77A27EE800A15F0ECF9FCEEC07A88
:1024600017EE900A430043F00100E5E740F2FF70E9
:10247000E2E7022A4CD1B3F57A7F06DA9800002C05
:10248000BFF661AF40F480505DE742F20F729342B5
:1024900011DC07EE903A9FED1F0AF8EEE77A27EE7F
:1024A000800A15F0C7F9FCEEC07A17EE900A830097
:1024B00043F00100E3E71B4A934211D807EE903A3C
:1024C0009FED150AF8EEE77A27EE800A15F0B2F9CB
:1024D000FCEEC07A17EE900A830043F00200CEE7CC
:1024E000B3F57A2F11D207EE903A9FED0D0AF8EE70
:1024F000E77A27EE800A15F09DF9FCEEC07A17EE18
:10250000900A830043F00300B9E740F6FF70B6E796
:10251000002018E7CDCCCC3D0AD7233C17F00100B2
:102520006F12833A9F860100002343600381704746
:102530000A2310B50446838002F000FA2368E08085
:102540009B6820469847208110BD038970B50446DA
:102550009BB1858845B1013DADB285806DB90368F9
:102560001B68BDE87040184702F0E8F9E388C01A1C
:10257000238980B2834201D2258170BD2368204621
:102580005B68EEE7002303607047000038B5084B36
:1025900009291B7828BF09218B4204460D4602D128
:1025A0000023036038BD02F0BDF925712060F9E712
:1025B00060080020036810B504460BB9002010BD68
:1025C00002F0B0F92368C01A40F2EE239842F5D920
:1025D0000023054A2360127823799A42EED0034AF9
:1025E0000120D377EBE700BF60080020BC08002083
:1025F000FF2343710023017183710381837270474C
:1026000038B5037904460D465BB14179A94208D03B
:1026100041B101290AD00023A371657155B1012D83
:102620000FD038BD03689B689847F4E70368002122
:10263000DB68F9E723689B68012120469847A07171
:10264000EFE723682946DB68F7E770477047704774
:102650000020704770470020704700207047704787
:10266000002070470020704770477047054BDA6CB8
:102670000243DA64DB6C82B003400193019B02B039
:10268000704700BF00100240054B9A6D02439A65E7
:102690009B6D82B003400193019B02B0704700BF65
:1026A00000100240054B1A6E02431A661B6E82B080
:1026B00003400193019B02B0704700BF001002402D
:1026C00050E8003F43F0200340E80032002AF7D1F1
:1026D000704750E8003F43F0800340E80032002A92
:1026E000F7D1704750E8003F23F0200340E8003264
:1026F000002AF7D1704750E8003F23F0400340E83C
:102700000032002AF7D1704750E8003F23F08003E1
:1027100040E80032002AF7D1704700000288044BDD
:102720005140C9B233F8113083EA12230380704755
:10273000C4EB0108A2B110B4B0F800C0094C0A44BF
:1027400011F8013B83EA0C03DBB2914234F81330F9
:1027500083EA1C2CA0F800C0F2D15DF8044B70474E
:10276000704700BFC4EB010837B54FF6FF7304464E
:10277000ADF806304518AC4203D1BDF8060003B0F1
:1027800030BD14F8011B0DF10600FFF7C7FFF2E79B
:10279000044B1888044B1B8880B29BB2C01A18BF28
:1027A000012070470246002000460020044A002312
:1027B0001380044A1380044A1380044A138070472C
:1027C0000046002002460020044800200648002061
:1027D00000207047044B1888044B1B8880B29BB2C2
:1027E000C01A18BF012070470A500020085000206E
:1027F000044A00231380044A1380044A1380044AC5
:1028000013807047085000200A5000200C5200200E
:102810000E5200200120704770470023A0F870324C
:10282000A0F86E3270470023A0F85C32A0F85A324C
:10283000704700003C4B5A6A037A92B263B18389B5
:10284000D31A9BB2B3F5FA7F84BF00230372837A55
:102850004F2B84BF00230372037A8281082B0FD889
:10286000DFE803F0050E0E0E0E0E0F1B2600EE29FC
:1028700001D0C82904D10123837241750623037254
:1028800070473D299FBF837A5A1C1B1882728FBFE5
:102890000023597541720723F1E7827A531C0244E1
:1028A000DBB283725175427A9A42E9D20823E6E795
:1028B000837A5A1C034482725975C37D162B04D146
:1028C000012380F865300923D9E74369174A03F0EB
:1028D000FF23934203D1012380F86730F3E7144AC2
:1028E00093421CD1837E102B19D1C37E022B08D0BA
:1028F000052B0DD0012BE6D1027EEE2A08BF80F811
:102900006A30037EEE2BDED1012380F86B30DAE7EC
:10291000012380F86830037F80F86930D3E7012312
:1029200080F86630CFE700BF0004004000C80028F0
:1029300000C8003200207047002070470020704718
:10294000002070470278024B51405B5C0370704777
:10295000B0C50108FF230370704700BF7047B0F88F
:102960006E32B0F870229B1A98B21B0444BF00F577
:10297000006080B2003818BF01207047A0F1140039
:10298000EDE7B0F87032B0F86E229A421FBFC2185D
:10299000B0F8721292F87422013316BF0B40002275
:1029A000A0F8703210467047A0F11400E9E770B546
:1029B0000B7803704B7843700B78FD2B05460C4663
:1029C00038D18B788370CB78C3700B7903714B79D6
:1029D00043718B7983718B68C3718B68C3F30F2349
:1029E00003728B7A43720A26627804F10C01A819EB
:1029F00016F0BCF86378B4F80C213344981CEA5400
:102A00005A1CB4F80C1192B2090AA954A278D20740
:102A100080B20ED504F58872054404F58E7452F820
:102A2000041B45F8041BA242F9D112782A700F3317
:102A300098B270BD00238B700B7983704B79C37093
:102A40008B7903718B6843710626CDE738B54A78D8
:102A5000352A0D46044601F10C010AD816F086F815
:102A600068780021C0F136022044BDE8384016F0F5
:102A7000B1BA403551F8043B40F8043BA942F9D1C2
:102A80000B88038038BD38B54A781B2A0C460546AA
:102A900001F10C010AD816F069F860780021C0F144
:102AA0001C022844BDE8384016F094BA283451F886
:102AB000043B45F8043BA142F9D138BD38B54A780A
:102AC000082A0D46044601F10C010AD816F04EF80A
:102AD00068780021C0F109022044BDE8384016F0B2
:102AE00079BAEB6803604B6843600B7A037238BDB8
:102AF00038B54A78072A0C46054601F10C010AD878
:102B000016F034F860780021C0F108022844BDE8CE
:102B1000384016F05FBAE36803604B68436038BD25
:102B200008B52C220348002116F054FA024B00226B
:102B30001A7008BD90150020400B00202DE9F041CF
:102B40001378037092F8018080F80180FD2B044611
:102B50000F46154654D193788370D378C370137998
:102B6000037153794371937983716B7A127A1B04E1
:102B700003EB0223EA79134423F07F430A26A26879
:102B800063F31702A260A919424604F10C0015F084
:102B9000EDFF7A7B904507D208F10C00A2EB08020A
:102BA0000021204416F016FA63781E44AB195A78B7
:102BB000AB5D03EB0223A4F80C31A378DB070ED541
:102BC000023615FA86F304F5887203F10C0153F806
:102BD000040B42F8040B8B42F9D11B781370BB7ABB
:102BE00084F82131FB7A84F822313B7B84F823314D
:102BF0007B7B84F824313B7884F82031BDE8F08178
:102C00000023438093780371D378437113798371E0
:102C100053790626B3E738B54A78132A0C46054699
:102C200001F10C010AD815F0A1FF60780021C0F174
:102C300014022844BDE8384016F0CCB9203451F8CD
:102C4000043B45F8043BA142F9D138BD0846114682
:102C50000EF0E7BA0EF0D6B90EF068BA0EF01ABA56
:102C600008B50EF0C1F9003818BF012008BD08B53D
:102C70000EF04CFA003818BF012008BD0EF072B9F2
:102C80002DE9F04F0C465188B1F58C7F054685B093
:102C90004FF000000ED31070D91CC9B2012995BFA6
:102CA00001210023518053809CBF237011700023A9
:102CB0002B7049E016780E2E00F2938001A757F88A
:102CC00026F000BF992C0008012D0008292D0008CE
:102CD000512D0008E32D0008E32D0008E32D000826
:102CE000E32D0008E32D0008E32D0008E32D000884
:102CF000E32D0008E32D0008E32D0008632D0008F4
:102D0000481C508063542178FD299BB206D10C33B6
:102D10000A21D380918002231370C8E7083306216B
:102D2000D38091800E23F7E7481C50806354D80766
:102D300042BFD1880D31D180012B4FF000018CBFF3
:102D40000B46032313702970002005B0BDE8F08FF7
:102D5000481C5080635400218B4214BF0B460E2345
:102D6000F0E7481C508063545388D1888B4232D39B
:102D700000235380137002232B7069802378FD2B6E
:102D800035D163792B72A3796B72637A227A1B0433
:102D900003EB0223E27913446B60637803F10C02C6
:102DA0006A80A278D10701D519336B800026696843
:102DB000DFF8FC806E8140F285120C20B3180133DD
:102DC0005B0800FB03F758F80770B94218D25A1E87
:102DD000B242F3D816E092889A423FF668AF0123D8
:102DE00066E7107050809080D0802870ACE7E37860
:102DF0002B7223796B7263796B6063780833D4E745
:102E00001E46E5D80C27774358F80730994227D15A
:102E100023782046FD2B10F801BF0CBF4FF00A09A4
:102E20004FF0060909EB0B03591E89B24744019381
:102E3000FFF79AFC97F804A0ADF80E0051460DF18B
:102E40000E00FFF76BFC019BE218E35C527803EB8A
:102E50000223BDF80E209BB29A420AD0052300E05F
:102E600003232B701846023801288CBF0020012054
:102E70006BE7BB79DA0706D5FA79934582BF04EB95
:102E800009018A5CAA729B0709D50C2303FB068300
:102E900062781B7A9A4282BF4C44E35CEB720C234B
:102EA00003FB068385F80CA05B796B730220DAE7DD
:102EB000B0C6010810B50446FEF7C8FD0621002083
:102EC000FFF702F80C48FEF7DBFF2046FDF792F90A
:102ED000C0B208284FF01B0008D8FEF7EFFF2046CD
:102EE000FFF770F9BDE81040FEF7D0BFFEF7E6FF30
:102EF0002046FFF74FF9F5E7D0BD01080A4A0B4B12
:102F000012680B49A3FB02323220920C00FB02F242
:102F1000084B486802F5FA72A3FB023292094B682B
:102F20001B1A9A42FBD870470C03002083DE1B4318
:102F3000001000E0D34D621008B5FFF7DFFF024B31
:102F400010229A6108BD00BF00080048024B102201
:102F50009A62FFF7D3BF00BF0008004808B5FFF72B
:102F6000CDFF024B4FF480529A6108BD0004004827
:102F7000024B4FF480529A62FFF7C0BF0004004832
:102F800030B587B0034601AC00F1100518685968E8
:102F9000224603C20833AB421446F7D10024094D40
:102FA0008DF81440A96801A8FDF71AF910B920B2EC
:102FB00007B030BD0134332C05F10C05F2D14FF0D0
:102FC000FF30F5E72C00002002780A4B90F801C092
:102FD0008178D243D2B29A5C82EA0C0290F803C0A4
:102FE0009A5C4A40995C027981EA0C01595C4A403A
:102FF000985C7047B0C50108028810B58488531CDE
:10300000234044889C421EBF12189171038010BD5A
:10301000411A88B20B0444BF00F5007080B27047BB
:1030200070B5104C0025234626782EB166788E4266
:1030300002D1A67896420BD001350C2D04F1040480
:10304000F2D1002413F824501DB101340C2CF9D115
:1030500070BD012503F8245003EB8403D870597028
:103060009A70F5E7450B00202DE9F8430B460D79E2
:103070005A7A9E7ADF7A204B097A1B5CDB0704467A
:1030800000D50DB9FFF7CCFF00231C491A4898461C
:103090004FF0010E9C4201F8018B25D02DB902782A
:1030A000920702D501F801EC1EE0154A4FF0000C22
:1030B00092F80090B9F1000F0FD092F80390994563
:1030C0000BD1002EEED092F80190B14505D1002F22
:1030D000E8D092F80290B945E4D00CF1010CBCF1B3
:1030E0000C0F02F10402E3D10133DBB2042B00F137
:1030F0000100CFD1BDE8F883750B0020410B002003
:10310000450B0020F0B50546FD2305F80C3B85B0C6
:1031100004468DF8043090F8243103F10C02024487
:10312000012B42D80026637066808DF805308B7ABB
:1031300023718DF808308B7AADF8066001338B72FD
:1031400063798DF80930A3798DF80A30A368C3F349
:1031500017031A128DF80B3009211B140DF105000D
:103160008DF80D308DF80C20FFF7FEFA6778ADF87A
:1031700002003A4629460DF10200FFF7DBFA94F807
:103180002311FFF7CBFA94F82421BDF80230A4F8FC
:103190000C31974210D207F10C00D21B314620446B
:1031A00005B0BDE8F04015F015BF12F8010D00287C
:1031B000B8D1013BDBB2B3E705B0F0BD704707B54E
:1031C00003688DF807101B6901220DF1070198476C
:1031D00003B05DF804FB13B5044608460191FDF702
:1031E00009F8236801991B6982B2204602B0BDE844
:1031F0001040184708B5FFF7EEFF08BDB0F1904F3B
:1032000008B5014607D10120FFF730FA114B99426A
:103210000BD1202014E0104B98420BD003F58063B3
:10322000984209D10420FFF721FA0C4B994210D1A2
:10323000402005E00220E7E7094B984204D108202E
:10324000BDE80840FFF712BA064B9842DED11020C5
:10325000F6E708BD001400480004004800180048C4
:10326000000C00480010004808B5254B9842014664
:103270000DD14FF40060FFF715FA224B99420FD1A0
:103280001020FFF701FA204B994236D008BDB0F16B
:10329000804F0DD01D4B98420ED10220FFF7F4F95C
:1032A0001B4B99420ED1BDE808402020FFF7ECB936
:1032B0000120FFF7E9F9E0E7164B98420BD1042013
:1032C000FFF7E2F9144B994211D14FF40050BDE8D9
:1032D0000840FFF7E7B9114B9842CED10820FFF71D
:1032E000D3F90F4B9942CED14FF40030EFE70D4B9D
:1032F0009942F6D14FF48030E9E74FF48020E6E7B9
:10330000002C014000100040004801400004004033
:10331000001400400008004000340140000C004050
:103320000044014000400140B0F1A04F03D14FF4F0
:103330000050FFF79BB9054B9842F8D003F5407356
:10334000984202D14FF48040F3E7704700010050EB
:103350002DE9F04387B00E4605461446002114229D
:1033600001A89DF838809DF83C901F4615F032FE6C
:1033700000960B2C07D8DFE804F007070A12141494
:10338000141616161A1CFEE70323019301E002230C
:103390000493032F11D8DFE807F011132111012343
:1033A000F6E70123F1E7012301930393F1E70223F9
:1033B000EBE7022301930123F7E7FEE702230293E1
:1033C000B8F1100F0CD8DFE808F02D2D0C111315F3
:1033D00017191B1D1F21232527292B000123EEE789
:1033E000FEE701230593022301931EE00223F9E780
:1033F0000323F7E70423F5E70523F3E70623F1E7C3
:103400000723EFE70823EDE70923EBE70A23E9E7C2
:103410000B23E7E70C23E5E70D23E3E70E23E1E7C2
:103420000F23DFE7B8F1000FDDD1B9F1000F02D0B3
:103430002846FFF7E3FE053C042C05D8DFE804F03E
:10344000030B04030B00AE626946284612F02AFB08
:1034500007B0BDE8F083AE61F6E713B54FF0010C9D
:103460000024CDE9004CFFF773FF02B010BD13B587
:103470000124CDE900349DF81030FFF769FF02B058
:1034800010BD000070B586B00023164604460D46F8
:10349000ADF80630FFF7E8FE042E04D8DFE806F0AA
:1034A000303404384100FEE71F4B204A1B68B3FB51
:1034B000F2F39BB20022013B01A92046ADF8043093
:1034C000CDE902250492059212F042FD236823F013
:1034D00080032360A36823F4A03323F00703A360D1
:1034E000636823F0007323F070036360636823F460
:1034F00070036360A36823F08003A36006B070BD0F
:10350000094B0B4A1B68D2E7074B0A4A1B68CEE7F8
:10351000054B074A1B68B3FBF2F303EB83035B0025
:10352000C7E70123C6E700BF0C03002080A81201F3
:1035300040420F008096980010B50446FFF7A2FFA6
:10354000236843F00103236010BD00224FF0FF31D8
:10355000FFF7F2BF294B10B5294C5B6823600FF0D1
:10356000FDF84FF0904012F03DFA264812F03AFA7A
:10357000254812F037FA254812F05AFD244812F077
:1035800057FD244812F054FD234812F051FD234802
:1035900012F04EFD224812F061FC224812F05EFC4F
:1035A00012F07AFB4FF0E02200231F4913615361B0
:1035B00093618A6822F0030242F001028A6072B6C7
:1035C0004FF0FF319A0002F1604202F5614201338F
:1035D000082BC2F88010C2F88011F3D162B6134AEA
:1035E000136823F0070343F001031360034B1B68C8
:1035F00083F3088823689847FEE700BF0000FF1F99
:103600003C0B00200004004800080048003801403E
:103610000044004000480040004C00400050004082
:1036200000300140003C004000100240000001401A
:1036300030B500248FB005461822214608A8CDE9F0
:103640000144039415F0C6FC01A9284612F088F93C
:103650004FF44033B5F1A04FCDE9054407940493EE
:1036600019D00E4A0E480F4B954208BF184604A9C0
:1036700012F03AF900234FF40052CDE90833CDE9B6
:103680000B230A9308A94FF4805328460D9312F098
:103690007BF90FB030BD0348E9E700BF00010050DF
:1036A0000007005000030050F0B404468D0904F1F7
:1036B000300705F00C0501F01F0118461F267B5945
:1036C0008E4023EA0603C2F3846606FA01F10B4337
:1036D000D10D7B5101F0040104F11405C2F304572C
:1036E0006E580723BB4033436B50D4F8B030049975
:1036F000C2F3120223EA0203C4F8B0300122F0BC84
:103700000023FFF7AABE0000054AD2F8883023F054
:10371000405343F00053C2F88830FFF705BE00BFA6
:1037200000100240D0F8C03023F47F5323F03F0351
:10373000C0F8C030036923F480330361036923F4C4
:10374000806323F003030361836823F0204323F0A5
:103750003F038360836823F0104323F03F0343F06B
:1037600080538360836823F0004323F03F0343F0DA
:1037700001038360704700000749084A881AEFF385
:103780000883521A1A44013A013B984288BF00222A
:10379000AA2115F01FBC00BF000002200004000099
:1037A00010B51148032306220421FFF756FE0E48E8
:1037B000032302224FF40061FFF74FFE03231A4652
:1037C00009484FF48061FFF748FE074803230522AC
:1037D0000221FFF742FEBDE8104003480323052203
:1037E0000121FFF73ABE00BF00040048024B1869F0
:1037F000C0F38020704700BF0004004808B5FFF701
:10380000F5FF00B908BD00BFF9E70000024B012237
:103810009A6202229A61704700040048024B022219
:103820009A6201229A6170470004004814480169B5
:103830004FF4704321F4704193FAA3F3B3FA83F386
:10384000012203F01F0302FA03F30B4303610D4B44
:103850005A6822F400625A601A6822F400621A6000
:10386000DA6822F40062DA609A6842F400629A60D0
:10387000054BD02283F828234FF480725A6070479A
:10388000000001400004014000E100E0044B4FF45F
:1038900000625A611A6842F400621A60704700BF01
:1038A0000004014010B50323062208214FF0904088
:1038B000FFF7D3FD0222114603234FF09040FFF79C
:1038C000CCFD03231A4604214FF09040FFF7C5FDBD
:1038D0000748032305224FF40041FFF7BEFDBDE872
:1038E00010400348032305224FF48041FFF7B5BD84
:1038F000000800484FF090431869C0F380007047FB
:1039000008B5FFF7F7FF00B908BD00BFF9E70000F1
:10391000034B4FF480429A624FF400429A61704721
:1039200000080048034B4FF400429A624FF4804273
:103930009A617047000800480F4A9368F02123F00D
:10394000F00391FAA1F193600C4B5A6822F0020245
:103950005A601A6822F002021A60DA6822F0020243
:10396000DA609A6842F002029A60054BD02283F82E
:10397000072380221A6070470000014000040140C4
:1039800000E100E0034B02225A611A6842F0020291
:103990001A607047000401400348002303224FF4DB
:1039A0008071FFF75ABD00BF00040048024B186940
:1039B000C0F30020704700BF0004004810B500238A
:1039C00005224FF480714FF09040FFF746FDBDE8AF
:1039D00010400348002305224021FFF73EBD00BFF1
:1039E000000800484FF090414B691A04DB4302F095
:1039F000807203F4807313438B61704705494B69F0
:103A00001A04DB4302F4800203F0400313438B618A
:103A1000704700BF0008004810B5054C0023052280
:103A200080212046FFF719FD8023A36210BD00BF4F
:103A300000040048034B17284FF08002CCBF9A6166
:103A40009A627047000400484FF0A043186C80B29F
:103A500000F195039BB2B3F5957F18D9A0F64F43BB
:103A6000B3F5957F15D9A0F21733B3F5957F12D929
:103A70006FF41663C318B3F5957F0ED9A0F25560A5
:103A8000B0F5957F8CBF00200120C000704710204A
:103A900070470420704702207047012070470000E3
:103AA00010B50848002306224FF40071FFF7D5FC3B
:103AB000BDE81040002305224FF400414FF0904034
:103AC000FFF7CBBC000400481D280EDC1A280FDCD1
:103AD000172810DC132811DC1128B5BF00200120A5
:103AE0001023112308701370704713201E23F9E769
:103AF0000C201B23F6E708201823F3E704201423E7
:103B0000F0E7084611461A46FFF7DEBF1D282DDCF8
:103B10001A2807DD022B0CBF022004201B2308708B
:103B200013707047172806DD022B0CBF6FF00100E1
:103B300000201823F3E7132807DD022B0CBF6FF0DA
:103B400005006FF003001423E9E7102807DD022BBE
:103B50000CBF6FF007006FF006001123DFE7022BA8
:103B60000CBF10230E236FF00800D8E70A201E2395
:103B7000D5E710B40446084611461A46A3685DF816
:103B8000044B5B7AFFF7C2BF0C4BD3F8FC2022F04A
:103B90008072C3F8FC20D3F8FC2042F08072C3F896
:103BA000FC20A3F55D431A6822F001021A601A682E
:103BB00042F001021A6000225A60704700ED00E0F6
:103BC000064A074B51681B6810B5064CB3FBF4F36B
:103BD000584353685B1A8342FBD310BD001000E0CA
:103BE0000C03002040420F0007B54FF0A040FFF744
:103BF0008BFD4FF0A040FFF71BFD01230E4A009301
:103C000006214FF090434FF0A040FFF74DFD4FF0DD
:103C1000A040FFF787FD6420FFF7D2FF4FF0A042DE
:103C2000936823F0004323F03F0343F004039360C1
:103C300003B05DF804FB00BF020030047FB5012330
:103C4000CDE90413002201A902A8CDE902230FF057
:103C5000C5F800280CBF0420052007B05DF804FB60
:103C6000014608B500200FF007F800280CBF04201B
:103C7000052008BD08B5FFF7E1FF031F5842584172
:103C800008BD08B5FFF7ECFF031F5842584108BDB7
:103C90002DE9F3472A4B2B4D012814462A482B4A7D
:103CA0000E4617BFAA46792178211D46019106BF0D
:103CB0009A46804690460EF099FF01992846FFF7F4
:103CC000D9FF30B900240EF0A3FF204602B0BDE8B2
:103CD000F087002E08BF4FF4FC64073424F007047B
:103CE00005F11007B1463444AAEB050AA1450BD1F2
:103CF0004FF011324FF0FF332846FFF7C2FF003874
:103D000018BF01208400DEE76EB90AEB0703D3E990
:103D10000023B3F1FF3F08BFB2F1FF3F06D10837E0
:103D200009F10809E2E7D9E90023F2E7B84505D926
:103D30003846FFF7A6FF0028F1D1C3E70324C2E706
:103D400000C0030800C80308FFCF0308FFC703082B
:103D500010B50EF04BFF09487821FFF78BFF58B1E3
:103D600007487921FFF786FF003818BF012084003B
:103D70000EF04EFF204610BD0446F9E700C00308D0
:103D800000C8030830B5084D002340F2EF749AB222
:103D9000914201D8042030BDA34203D05A5DC254E1
:103DA0000133F4E70320F6E710C0030813B50A4611
:103DB000044672B6019101460020FFF769FF62B622
:103DC0000428019A05D172B601202146FFF760FF51
:103DD00062B602B010BD000038B5124B1C68D3F8B3
:103DE0000058B4F1113F09D1B5F1113F17D00022AD
:103DF00011460120BDE83840FFF74ABFB5F1113F39
:103E000003D1002211461046F4E7FFF7A1FF042872
:103E100004D12C4001340CBF0220012038BD042005
:103E2000FCE700BF00C00308034B18739A68D20771
:103E3000FCD5187B704700BF0038004038B5441EE1
:103E40008D18A94200D138BD14F8010FFFF7ECFF1F
:103E500001F8010BF5E7084611461A46FFF7EEBFD9
:103E600038B5064D04460144A14200D138BD28783A
:103E7000FFF7DAFF04F8010BF6E700BF900200201D
:103E800008461146FFF7ECBF10B5014404468C42CA
:103E900000D110BD14F8010BFFF7C6FFF7E7084685
:103EA0001146FFF7F1BF000010B58CB028220021A9
:103EB00002A815F08FF84FF48040FEF7E5FB4FF4B1
:103EC0008051274803230622FFF7C7FA244803241A
:103ED0004FF4805383610A22009406234FF400516B
:103EE000FFF7C5FA1E48009406230A224FF400414A
:103EF000FFF7BDFA22461A48009406234FF480418A
:103F0000FFF7B5FA1822174C08924FF4827200237B
:103F100003924FF40072CDE90533CDE909330293E2
:103F2000079207234FF4E06202A920460B93049204
:103F300011F0D4FF636823F010036360636823F01B
:103F400008036360236843F040032360A3689B0772
:103F5000FCD5237B044BFF221A700CB010BD00BFB0
:103F6000000400480038004090020020034B187302
:103F70009A68D207FCD5187B704700BF003001401B
:103F800038B5441E8D18A94200D138BD14F8010F70
:103F9000FFF7ECFF01F8010BF5E7084611461A465A
:103FA000FFF7EEBF38B5064D04460144A14200D1EB
:103FB00038BD2878FFF7DAFF04F8010BF6E700BFF9
:103FC0009102002008461146FFF7ECBF10B50144EE
:103FD00004468C4200D110BD14F8010BFFF7C6FF58
:103FE000F7E708461146FFF7F1BF000010B58CB0A7
:103FF0002B4C2822002102A814F0ECFF4FF4805033
:10400000FEF750FB1021204603230622FFF725FA76
:104010001023A3610324009406230A2220214FF0D9
:104020009040FFF724FA009406230A2280214FF0E3
:104030009040FFF71CFA22460094062340214FF0DF
:104040009040FFF714FA1822164C08924FF482722F
:10405000002303924FF40072CDE90533CDE9093313
:104060000293079207234FF4E06202A920460B93C4
:10407000049211F033FF636823F0100363606368F8
:1040800023F008036360236843F040032360A368C0
:104090009B07FCD5237B044BFF221A700CB010BD8C
:1040A0000008004800300140910200201C4B10B471
:1040B000DC69A00611D51A6891060ED519481A496F
:1040C0005A6A038809880133C3F30A0389B2994203
:1040D0001FBF1649D2B2CA54038011481F232206BB
:1040E000036215D503681B0612D5114B114A1988B6
:1040F000138889B29BB299420DD013880133C3F360
:104100000803138013880C4A9BB2D35CDBB2836232
:104110005DF8044B70475DF8044BFEF7F5BA00BF3D
:10412000004C00400246002000460020003E0020D7
:104130000648002004480020044600200A490B4A93
:1041400008B50B8812880133C3F3080392B29A4270
:1041500007D0074AD05407480B80FEF7BAFA01206F
:1041600008BD0020FCE700BF0648002004480020EE
:1041700004460020004C004038B504464518AC42C7
:1041800000D138BD14F8010BFFF7D8FFF7E7084658
:104190001146FFF7F1BF0000054B064A1B88108847
:1041A0000133C3F3080380B2181A18BF0120704707
:1041B000064800200448002008B5FFF7EDFFB0FADC
:1041C00080F0400908BD0000054B064A1B88128894
:1041D0009B1A98B21B0444BF00F5006080B2704780
:1041E0000246002000460020FFF7EEBF0848094ABB
:1041F0000188138889B29BB29942F9D013880133A0
:10420000C3F30A0313801388034A9BB2D05C704740
:104210000246002000460020003E0020FFF7E6BFD7
:1042200070B588B00C460646154600212022684627
:1042300014F0D0FE231E18BF01231B03CDE9023565
:1042400069460C23034801960494059311F040FF3E
:1042500008B070BD004C004010B5064C236823F038
:1042600001032360FFF7DCFF236843F001032360B1
:1042700010BD00BF004C0040002208461146FFF769
:10428000EBBF000037B5404C236823F00103032542
:1042900023604FF40020FEF7F7F94FF480613B48AC
:1042A000009506230A22FFF7E2F806233748009517
:1042B0002A464FF40061FFF7DAF8002211464FF466
:1042C000E130FFF7ADFF636823F490436360A368B8
:1042D00023F02A03A360236823F0005323604FF0E8
:1042E000402202F6084353E8003F23F0604302F601
:1042F000084040E800310029F3D14FF0402202F697
:10430000084353E8003F23F0606302F6084040E8AA
:1043100000310029F3D11E4BB02283F834234FF42F
:1043200080125A601848FEF7EFF9FEF7E4F94023CF
:104330000362184B1980184B1980FEF7D3F9174BFD
:104340001980174B1980436823F400634360836826
:1043500023F008038360436823F480434360836849
:1043600023F022038360836843F4805383600368EF
:1043700043F001030360C3699A02FCD5C3695B0281
:10438000F9D503B030BD00BF004C00400008004824
:1043900000E100E00448002006480020004600201C
:1043A0000246002008B5FFF76DFF0348436ABDE8E9
:1043B0000840FEF785B900BF004C0040FFF7F2BF90
:1043C0001C4B10B4DC69A00611D51A6891060ED5F5
:1043D00019481A495A6A038809880133C3F30A0342
:1043E00089B299421FBF1649D2B2CA5403801148FC
:1043F0001F232206036215D503681B0612D5114B35
:10440000114A1988138889B29BB299420DD013883A
:104410000133C3F30803138013880C4A9BB2D35CA7
:10442000DBB283625DF8044B70475DF8044BFEF726
:104430006BB900BF003801400A500020085000202E
:10444000084800200E5200200C5200200C50002082
:104450000A490B4A08B50B8812880133C3F30803D5
:1044600092B29A4207D0074AD05407480B80FEF711
:1044700030F9012008BD0020FCE700BF0E520020EB
:104480000C5200200C5000200038014038B5044682
:104490004518AC4200D138BD14F8010BFFF7D8FF26
:1044A000F7E708461146FFF7F1BF0000054B064A43
:1044B0001B8810880133C3F3080380B2181A18BF91
:1044C000012070470E5200200C52002008B5FFF763
:1044D000EDFFB0FA80F0400908BD0000054B064A28
:1044E0001B8812889B1A98B21B0444BF00F5006019
:1044F00080B270470A50002008500020FFF7EEBF3E
:104500000848094A0188138889B29BB29942F9D0B8
:1045100013880133C3F30A0313801388034A9BB241
:10452000D05C70470A500020085000200848002046
:10453000FFF7E6BF70B588B00C4606461546002169
:104540002022684614F046FD231E18BF01231B03DA
:10455000CDE9023569460C2303480196049405937E
:1045600011F0B6FD08B070BD0038014010B5064C22
:10457000236823F001032360FFF7DCFF236843F087
:104580000103236010BD00BF00380140002208462F
:104590001146FFF7EBBF000037B53F4C236823F00F
:1045A0000103032523604FF48040FEF77BF84FF4AE
:1045B000007108230A224FF090400095FEF757FF44
:1045C00008232A464FF480614FF090400095FEF793
:1045D0004EFF002211464FF4E130FFF7ABFF636856
:1045E0002E4A23F490436360A36823F02A03A36058
:1045F000236823F00053236002F6080353E8003FCA
:1046000023F0604302F6080040E800310029F3D1AE
:1046100002F6080353E8003F23F0606302F6080047
:1046200040E800310029F3D11D4BF02283F8252307
:1046300020225A601848FEF767F8FEF75CF840231E
:104640000362184B1980184B1980FEF74BF8174B73
:104650001980174B1980436823F400634360836813
:1046600023F008038360436823F480434360836836
:1046700023F022038360836843F4805383600368DC
:1046800043F001030360C3699A02FCD5C3695B026E
:10469000F9D503B030BD00BF003801400030014003
:1046A00000E100E00C5200200E52002008500020D3
:1046B0000A50002008B5FFF76FFF0348436ABDE8C2
:1046C0000840FDF7FDBF00BF00380140FFF7F2BF13
:1046D00070B586B00224064605230B224FF4005124
:1046E0004FF090400094FEF7C2FE05234FF090403B
:1046F00000940B224FF48041FEF7B9FE3068254B41
:1047000098420AD103F5DE339A6D42F400129A659D
:104710009B6D03F400130393039B1F4D1F4C002359
:1047200080221021C5E90233C5E90423C5E9063317
:10473000C4E90213C4E90423C4E906332B622362EB
:10474000144B984224D103F5DE3328469A6C42F08C
:1047500004029A649A6C02F004020492049A9A6C1D
:1047600042F001029A649B6C03F001030593059BE0
:104770000B4BC5E900310EF0E7F80A4AF563112347
:104780002046C4E90023AE620EF0DEF8B463A662F0
:1047900006B070BD00540040BC1500201C1600205F
:1047A000080002401C00024038B5184C184B194A4A
:1047B0002360012500232046C4E90235C4E90433FF
:1047C000C4E907336260A3610EF0FEFC0146E0B964
:1047D00020460FF07DFC0146B8B920460FF09EFC44
:1047E00098B90D4BF02283F81F234FF00041196058
:1047F00083F820235D6083F80C234FF48051196007
:1048000083F80B234FF400621A6038BD7C16002039
:10481000005400409B2D801000E100E001480EF0A4
:104820002ABF00BF7C16002001480FF045BA00BF28
:104830007C16002001480EF076B900BF1C1600203F
:1048400001480EF070B900BFBC150020014B187074
:10485000704700BFD01600201FB5084B1C78009190
:104860004FF0FF33CDE901230123024604FA03F19F
:1048700003480EF0FBFC04B010BD00BFD0160020B2
:104880007C16002013B5064B1C780123CDE90012DD
:10489000024604FA03F103480EF0C2FD02B010BD57
:1048A000D01600207C160020044B054819780A22F7
:1048B0004FF0FF3349000EF041BE00BFD01600207C
:1048C0007C16002008B5FFF76FFF024B00221A701C
:1048D00008BD00BFD0160020024B1A68024B1A60B8
:1048E000704700BF086A002078120020054A064B76
:1048F0001968136899421DBF01330120136000201D
:10490000704700BF78120020086A0020034A04495B
:10491000136809680B441360704700BF086A0020E1
:1049200010030020014B1868704700BF086A002080
:104930000148FEF70ABE00BF00040040014B586A60
:1049400080B270470004004008B5FFF7F1FFBDE8F2
:104950000840FFF7C1BF0000044BDA6822F00202F2
:10496000DA606FF002021A61704700BF0004004075
:10497000002208B50260FFF7EFFF044BF02283F836
:104980001D234FF000521A6008BD00BF00E100E097
:1049900008B5036853B1FFF7DFFF054B5A6A1144AE
:1049A00089B25963DA6842F00202DA6008BD00BFDA
:1049B00000040040074B1A69920709D56FF0020204
:1049C0001A61DA6822F00202DA60034B1B681847AA
:1049D000704700BF00040040F43B002038B51C4C79
:1049E000C0220021201D14F0F5FAC72323801F23C5
:1049F00063800F231749A38005224323A01DFCF7E2
:104A0000D5FB07250B23C4E913353F231149A4F82F
:104A100054300522432304F15600A4F84A50FCF711
:104A2000C5FB4FF48033C4F89C300B49A4F89A506E
:104A3000002304F1AC00C4E9293384F8A03014F059
:104A400067F87F2384F8C130052384F8C23038BD6D
:104A5000780A0020B0BD0108E8A4010870B5094E2D
:104A600005460C46415C304614F069F8034628B10F
:104A7000831B0133DBB2282B28BF0023F35C2B55AB
:104A800070BD00BF84C5010870B50D4611460446CF
:104A9000164614F03DF82DB3013D082D08D8DFE887
:104AA00005F00511131517191B1D1F003523637120
:104AB000627973799A4215D120460521BDE870408C
:104AC000FFF7CCBF6123F2E76623F0E76B23EEE745
:104AD0007023ECE77523EAE77A23E8E73123E6E77A
:104AE0003223E4E770BD0000F7B5054605F1110675
:104AF000214C224A014636016846FFF7C5FFB01C2B
:104B00006946204414F004F8264404EB05120023FF
:104B100002277772A2F81A31142202FB05401849C5
:104B2000C1640421012280F850104FF4807540F2D6
:104B30000111A0F84A20A0F8522080F85520A0F8D2
:104B40005650A0F8581040F2032084F83430E28424
:104B5000A562A08584F82E2084F8307084F8333064
:104B6000C4F83A30C4F83E30C4F84230A4F84610D5
:104B7000A4F8481003B0F0BDBC080020A8A40108A8
:104B800001000001F7B505461F4C204A05F111064A
:104B9000014637016846FFF777FFB81C274469468E
:104BA0002044FCF725FA7B7A072B84BF02237B7213
:104BB00004EB0610164B427A198841FA02F2D70725
:104BC0000ED40222427259B14807C1F3800207D4C1
:104BD00041FA02F7FF07D0B20DD504EB061250726E
:104BE00004EB0616777A022F09D89FB15A88022162
:104BF00002F0160212E00132102AE9D1F0E7BA1FE2
:104C0000012A40F20E82FEE7BC080020A8A4010899
:104C1000780A00205A88042102F00F0204EB0516DE
:104C20005A8096F81AC1A3F84A10BCF1050FA3F8F0
:104C30009A104FEA051003D94FF0000C86F81AC1FC
:104C400004EB000C9CF81A6142FA06F6F60713D43E
:104C500001268CF81A617AB112F0020FC2F34006F5
:104C60000AD142FA06FE1EF0010F5FFA86FC00F040
:104C7000DD81221882F81AC1221892F81B61032ED6
:104C800002D9002682F81B61012F03D9042F01D01D
:104C900000229A8027189E8897F81B2146FA02F274
:104CA00012F001020FD187F81B2166B116F0010244
:104CB00009D146FA02FC1CF0010FD7B200F0BB810B
:104CC000204480F81B71142202FB054090F84A60D2
:104CD000042E02D9012680F84A6002FB054292F8B0
:104CE0004B00042802D9002082F84B00142202FB5A
:104CF000054292F84B0041FA00F0C70711D4012099
:104D00008F0782F84B00C1F340020AD441FA02F641
:104D1000F607D0B240F19481142202FB054282F8DA
:104D20004B00142202FB054292F84C00032802D9E2
:104D3000012082F84C00142606FB0546B3F84C000F
:104D400096F84C2040FA02F212F0010210D186F8D7
:104D50004C2068B110F001020AD140FA02F7FF07B7
:104D6000D6B240F17281142202FB054282F84C60F7
:104D7000142202FB054292F84E00012802D90020BD
:104D800082F84E00142606FB0546B3F84E0096F84E
:104D90004E2040FA02F212F0010210D186F84E20A5
:104DA00068B110F001020AD140FA02F7FF07D6B24B
:104DB00040F15081142202FB054282F84E60142219
:104DC00002FB054292F84F00022802D9012082F826
:104DD0004F00142606FB0546B3F8502096F84F0006
:104DE00042FA00F010F0010010D186F84F006AB1CD
:104DF00012F001000AD142FA00F7FF07C6B240F1F3
:104E00002E81142000FB054080F84F60142000FB29
:104E1000054696F84D70022F02D9002786F84D708E
:104E200000FB054090F85060052E02D9042680F85A
:104E30005060142000FB054696F85270012F02D9ED
:104E4000012786F8527000FB054090F85560012E4E
:104E500002D9012680F85560142000FB054090F827
:104E60005360022E02D9002680F85360142707FBF6
:104E70000547B3F8526097F8530046FA00F010F077
:104E8000010011D187F8530076B116F001000BD163
:104E900046FA00FC1CF0010FC7B200F0E5801420B8
:104EA00000FB054080F85370142000FB054696F87F
:104EB00056700C2F02D9002786F8567000FB05406B
:104EC00090F84C60012E09D190F84F70022F05D157
:104ED000D70740F1CE80002280F84F20142202FB39
:104EE000054292F85700052802D9012082F85700A0
:104EF000142202FB0542B3F8540092F8573040FAEE
:104F000003F313F0010FAA4B12D1012682F8576068
:104F100070B18607C0F340020AD440FA02F7FF07D7
:104F2000D6B240F1AB80142202FB053282F8576002
:104F3000142202FB054090F85860032E02D9012686
:104F400080F8586002FB054292F85900022802D905
:104F5000012082F8590094F82620042A02D901225F
:104F600084F8262094F82720042A02D9002284F805
:104F7000272093F8272041FA02F2D2070DD401220C
:104F8000880783F82720C1F3400206D441FA02F4CF
:104F9000E707D0B277D583F8270093F82820022AB4
:104FA00002D9002283F8282093F82920022A02D966
:104FB000012283F829207F4893F82920B0F89C101B
:104FC00041FA02F212F001020CD183F8292049B112
:104FD00011F0010206D141FA02F6F607D4B257D514
:104FE00083F8294093F82A200C2A02D9002283F85A
:104FF0002A2093F832200C2A02D9002283F832208A
:1050000093F82B20042A02D9002283F82B200022B7
:105010006949144611F9016F16F1780F3CDA0C70EA
:105020003CE05A88012102F01602F7E50136102E05
:105030007FF417AE20E60132102A7FF43AAE42E642
:105040000132102A7FF462AE6BE60132102A7FF43F
:1050500084AE8DE60132102A7FF4A6AEAFE60130B1
:1050600010287FF4C8AED1E6013010287FF410AFCD
:105070001AE712F0020218BF32462DE70132102A59
:105080007FF44BAF54E70132102A7FF47FAF84E7FF
:105090000132102A9FD1A5E7782EC0DC0132D2B2AE
:1050A0000C2AB7D145490022012411F8016F0132C1
:1050B000022ED2B288BF0C70042AF6D193F83420A5
:1050C000012A02D9002283F83420B0F89E1093F808
:1050D000342041FA02F212F001020CD183F834209C
:1050E00049B111F0010206D141FA02F4E407D0B24D
:1050F00011D583F8340093F82C20052A02D9032215
:1051000083F82C2093F82D20032A08D80AD10022F6
:1051100083F8342006E00132102AE5D1EBE70222C1
:1051200083F82D2093F82E20022A02D9012283F839
:105130002E2093F83020022A02D9022283F8302050
:1051400093F833200C2A02D9002283F8332093F8F5
:105150003520042A02D9002283F83520142202FBCC
:10516000053191F85A00012802D9002081F85A002F
:1051700002FB0532FF2103EB05154FF6FF7082F8A5
:10518000511082F8541083F82F1083F831104FF02B
:10519000FF31C5F81C11A5F820011962998482F825
:1051A0005B00A2F85C10D986198703B0F0BD00BF80
:1051B000BC080020780A0020F50800200109002022
:1051C000034670B50846052B04D8DFE803F01E043B
:1051D000221A1E22FEE720261F250F221B4CA4F8B0
:1051E0004A50227701255A1EA370A4F84860A5767C
:1051F000A5730023042A10D8DFE802F0121D202531
:105200001D0009266F250722E8E7142632250A2209
:10521000E4E7352613251922E0E72371237401E022
:1052200023712574FCF7D4FA002808BF022000235C
:105230006073637670BD25710223EFE723712374D9
:10524000A376A373EEE72371A373E7E7600800205A
:10525000012803D002280FD088B1FEE702460021C2
:10526000084B83F8510083F8542083F8522083F8C8
:10527000551083F85310704700220121F0E70122F6
:105280001146EDE7600800202DE9F043994D9A4C56
:1052900000F1110805EB081702378DB006463846B5
:1052A000FBF7C2FE0421029002A8FDF75DFA05EBB0
:1052B0000613E08393F81B314FEA06192BB103EB79
:1052C000031303EB03231844E08305EB08135B7A15
:1052D000062B40F0D380E38B03F5B5432533E383FE
:1052E000142303FB065305EB081893F84B00FFF754
:1052F000AFFF98F8091061708B1FA944012B8CBF78
:105300000023012399F81A0184F85630FFF758FF5B
:1053100099F81B21E18B029BE1806182A3606361AC
:105320002AB14FF0113000FB0233A36063611423F4
:1053300003FB0653616293F84A00704B84F82920FE
:1053400013F9203023732376002384F82A30637BFB
:1053500023B93846FBF788FE84F82A006078FCF70A
:1053600037FA674A84F82800128802F0010197078B
:1053700048BF41F00201A1850346500742BFA18DFD
:1053800041F00401A185110742BFA18D41F0100138
:10539000A185D70642BFA18D41F02001A1859006CD
:1053A00042BFA28D42F00802A285564A03AF02F125
:1053B000200E10685168BC46ACE803000832724504
:1053C0006746F6D11068CCF8000006220CA994F8C4
:1053D00002E0DFF834C102FB0313734413F8247CAA
:1053E00084F820701CE90F008CE80F0094F8563008
:1053F00053B1002384F838300EF130030DEB030E67
:105400001EF8243C84F8303040F2E243A4F84C30DB
:1054100094F830309F4234BF07EE903A07EE907A0E
:10542000F8EEE77AB7EE087A67EE877A38BF5A085F
:10543000FCEEE77A28BF7A08CDED017A9DF80430BA
:10544000A4F84E30042A98BF052384F85020B4F8FD
:10545000482098BF84F850304FF47A73B3FBF2F3CE
:10546000A4F84030142303FB065393F85030052B67
:1054700033D8DFE803F00B382C2F3235072B7FF4BD
:105480002FAFE38BA3F5B543263B28E74FF4165324
:105490006364002384F8573084F85930142303FBE5
:1054A000065090F84C30032B03D090F84F20022A7E
:1054B00002D1012284F85720591E4A424A4184F8F9
:1054C000582094F857208AB1012B0FD1FEE74FF4F2
:1054D0001643DDE74FF46143DAE74FF4E133D7E7F2
:1054E0004FF46133D4E74FF49643D1E70DB0BDE8F4
:1054F000F08300BFBC08002060080020B0BD010898
:10550000780A00208AA001089008002002484FF481
:10551000DE72FF2113F05EBDBC08002002484FF48C
:10552000DE71FEF743BC00BFBC08002002484FF408
:10553000DE71FEF727BC00BFBC08002008B5FFF7EE
:10554000F5FF034B1878BDE80840FFF71BBB00BF11
:105550006008002038B5FFF7D9FFFEF73DFC0428AE
:105560000CD0FFF7D3FFFEF737FC042803D1FFF779
:10557000DDFF042806D0FFF7C9FF03E0FFF7D6FFE1
:105580000428EED12F4930482F4C102213F00FFB86
:1055900038B12E491022204613F009FB08B1FFF75D
:1055A000B5FFA38AB3F5215F28D008D30025E8B260
:1055B0000135FFF799FA0A2DF9D10023E3774FF46B
:1055C0002153A382012522691E491F4842F6A103E7
:1055D0009A424FF010021CBF2361012513F0E7FA35
:1055E00070B1184918481022FBF7C3FE1849194832
:1055F0000822FBF7BEFEFFF791FF03E00025E2E77C
:10560000002DF8D1E37F104A092B84BF0023E377F4
:10561000E17F1420002300FB0144013394F84C0087
:1056200082F84C000A2B02F11402F6D10A4C2170C8
:10563000FFF7D4F92078FFF7A5FA2078BDE83840C5
:10564000FFF722BEAFA40108BC080020C0A40108D7
:10565000D1A401086E0A0020600800200129F7B5D6
:10566000054600D9FEE70B4E06EB01131C460F0161
:105670006278F15D03619B780CF070FAE379019335
:10568000A379009322796379E17828460CF08DFAAA
:1056900003B0F0BDE4ED010838B5836804466BB192
:1056A000024652F8183BDD6900F11903A847217E34
:1056B00020460222BDE838400CF0D9BA38BD0000BF
:1056C00070B58160897A86B0044601B101210CF081
:1056D0001EFA20460CF09EFB20460CF076FB217B48
:1056E000FF2903D0FA2220460CF07BFBA3685B7AEB
:1056F000013B042B04D8DFE803F0043E3E414100A7
:10570000FEE7E922E12120460CF0A8FB012120461A
:105710000CF038FB962120460CF075FB3821204612
:105720000CF087FB20460CF08BFBA368204693F916
:105730000810FFF7B1FFA3689D7A15B319782046CA
:10574000FFF78CFF0022114620460CF0FAF90023E7
:10575000009340F2032220464FF6FF710CF054FAFA
:1057600020464FF6FF710CF076FA204606B0BDE8F1
:1057700070400CF017BBDB22D721C4E76F226B21EE
:10578000C1E75E880E4B63614CF2503300932046B4
:105790000C4919230B220CF06FFB0123CDE90333D5
:1057A0005B23CDE9015310231946204600950422BE
:1057B0000CF0A0FB314620460CF0C0FBC2E700BF56
:1057C000C4ED0108A086010038B504461D46134605
:1057D0000A4600210CF02EF920464FF6FF710CF01E
:1057E0003AFAA9012046BDE838400CF04DBA10B590
:1057F00004460CF0D7FA20464FF6FF71BDE8104082
:105800000CF029BA38B58168036891F90810DD6990
:10581000044600F1190300F11802A847A3689A7A18
:1058200042B11A78012A00D9FEE7044B03EB0213B8
:10583000236138BD024B6361FBE700BFE4ED010863
:10584000C4ED010810B50A4CA06858B1236923B90A
:10585000636913B92046FFF7D5FFA3689B7A23B18C
:1058600023699868A0F57A7010BD63699869F9E7B3
:10587000BC3A0020836810B5044683B103691BB9A4
:1058800043690BB9FFF7BEFFA3689B7A1BB123697D
:10589000B3F90C0010BD6369B3F91C00FAE71846B0
:1058A000F8E7836810B5044643B103691BB943693F
:1058B0000BB9FFF7A7FF94F9190010BD1846FCE7D4
:1058C00008B5836843B9FFF7FBFE7D20FEF778F942
:1058D000BDE80840FDF7DABF08BD00000229F7B5B2
:1058E000054600D9FEE70B4E06EB01131C460F01DF
:1058F0006278F15DC3609B780CF095FCE3790193CD
:10590000A379009322796379E17828460CF0B4FCFE
:1059100003B0F0BD18EE010838B5836804466BB1DA
:10592000024652F8143BDD6900F11503A847217DBA
:1059300020462022BDE838400CF0FABC38BD0000FB
:105940007FB58D7A8160044675B301210CF041FC6E
:10595000012120460CF049FD012120460CF05FFD9D
:10596000A368204693F90810FFF7D6FFA3682046E6
:105970001978FFF7B3FF0022114620460CF046FCD1
:105980000023009344F2030220464FF6FF710CF00F
:105990008FFC20464FF6FF710CF0B1FC204604B09E
:1059A000BDE870400CF02DBD03210CF012FC204628
:1059B00001210CF01AFD204601210CF030FDA368F6
:1059C000204693F90810FFF7A7FFA3685E680C4B09
:1059D00023612A462046102386210CF044FD5B23D8
:1059E000CDE90053204602951023042270210CF0CB
:1059F00049FD2A46314620460CF062FDBBE700BF58
:105A000004EE010838B505461C4613460A46002137
:105A10000CF07BFB28464FF6FF710CF070FC220166
:105A2000284692B2BDE8384001210CF091BC10B577
:105A300004460CF0E6FC20464FF6FF71BDE810402E
:105A40000CF05DBC38B58168036891F90810DD6918
:105A5000044600F1150300F11402A847A3689A7ADE
:105A600042B11A78022A00D9FEE7044B03EB021375
:105A7000E36038BD024B2361FBE700BF18EE01086D
:105A800004EE0108836810B5044683B1C3681BB9EE
:105A900003690BB9FFF7D6FFA3689B7A1BB1E368D4
:105AA000B3F90C0010BD2369B3F91000FAE71846EA
:105AB000F8E7836810B5044643B1C3681BB90369AE
:105AC0000BB9FFF7BFFF94F9150010BD1846FCE7AE
:105AD00008B5836843B9FFF733FF7D20FEF770F800
:105AE000BDE80840FDF74EBF08BD0000F8B504460C
:105AF000084620281146BDF818C09DF81C209DF8C6
:105B0000205000D9FEE7052BA37100D9FEE72C4FEA
:105B100057F8336006B9FEE707EBC307A6603E7986
:105B20007F7927730027E67184F8D530A4F80EC07A
:105B300084F8D470BCF1000F00D1FEE786429CBF10
:105B400006F1FF36F0B2052B60742ED0012B33D84E
:105B500002F1FF33DBB21ED0022B17D86B1E032BD2
:105B60000ED80C2801D90C236374637C834200D9BE
:105B700060742B462046FBF739FD00232374F8BDE3
:105B8000122884BF122363740025EEE7042D88BF1A
:105B900000250022EDE7022B04D80C2803D90C23A2
:105BA000637400E000220023E4E7531E022BF9D8BF
:105BB0000828F8D90823F3E72046FBF7BDFCDCE70B
:105BC0007CBD010890F8D43053B190F8D520074B34
:105BD00003EBC20153F83230497953F82100704782
:105BE000037C00EB8300406B704700BF7CBD010865
:105BF0002DE9F3419DF824701646402F88464FF05A
:105C00005B024FF0000104461D4628BF402713F0F9
:105C1000E1F9A24BDB8B23803278A37862F3020395
:105C2000A37073784FEA0818DB0003F0080308F04C
:105C3000300843EA0801A37823F038031943A17020
:105C40007279E37862F38203E370B279A37962F345
:105C50000003A37196F90200FBF7F8F8E37800F06F
:105C60001F0203F0070343EAC203E3702379C0F382
:105C7000411023F0030303432371F27962F382039B
:105C80002371327ADBB202F01F0203F0070343EA0A
:105C9000C2032371327A6379C2F3401223F0010305
:105CA00013436371327962F347036371727AA378A5
:105CB00002F0030203F03F0343EA8213A370727AF7
:105CC000E378C2F3800223F001031343E370B27A56
:105CD00062F34103E370A37967F34703A3712B7861
:105CE000AA78E3716B7802F01F0203F0070343EA1E
:105CF000C20323726A88637AC2F3451223F03F031A
:105D0000134363722A79DBB202F0030203F03F030C
:105D100043EA82136372AB88C3F38703A3726A7981
:105D2000E37AC2F3800223F001031343E372AA79FA
:105D3000DBB202F07F0203F0010343EA4203E372A5
:105D4000EA88237BC2F3C31223F00F0313432373A8
:105D50002B7AAA7AE3736B7A02F01F0203F007032F
:105D600043EAC20323746A89637CC2F3451223F0B9
:105D70003F03134363742A7BDBB202F0030203F098
:105D80003F0343EA82136374AB89C3F38703A374AD
:105D90006A7BE37CC2F3800223F001031343E374C4
:105DA000AA7BDBB202F07F0203F0010343EA420365
:105DB000E374EA89237DC2F3C31223F00F03134374
:105DC00023752B8ADB0863756B8ADB08A375AB8AA6
:105DD000DB08E375EB8ADB0823762B8BB3F5C06F0A
:105DE0004ED2B3F5007F94BF00230123227B63F3DF
:105DF000051222736B8BB3F5C06F43D2B3F5007FEE
:105E000094BF00230123227B63F387122273AB8BA1
:105E1000B3F5C06F38D2B3F5007F94BF00230123E0
:105E2000227D63F305122275EB8BB3F5C06F2DD283
:105E3000B3F5007F94BF00230123227D63F3871213
:105E4000089B22751F4404F11802BB4220D14FF673
:105E5000FF7321460DF106000D22ADF80630FCF768
:105E600069FC2146BDF8063021F80D3F4C22FCF7B5
:105E700061FCBDF80630A4F8593002B0BDE8F081ED
:105E80000223B3E70223BEE70223C9E70223D4E7D4
:105E900013F8011B02F8011FD7E700BF60080020BC
:105EA00013B59DF81040CDE9003413460A46002191
:105EB000FFF79EFE02B010BD13B5144B0288DB8BBA
:105EC0009A4204461DD1837803F03003102B01D091
:105ED000202B18D1A379A52B15D84FF6FF730DF100
:105EE000060059222146ADF80630FCF723FCB4F831
:105EF0005900BDF80630C01A18BF0120800002B05A
:105F000010BD0120FBE70220F9E700BF6008002078
:105F100030B53A4B027893F8261061F30302027011
:105F200093F8271061F30712027093F82810427853
:105F300061F30302427093F8291061F30712427073
:105F400093F82A10827861F30302827093F832107A
:105F5000827961F30302827193F82B10827861F3E6
:105F60000712827093F83410C27961F30302C27190
:105F700093F82C10C27861F30302C27093F82D10CD
:105F800061F30712C27093F82E10027961F30302D5
:105F90000271427993F8301061F30302427193F871
:105FA0003310827961F30712827193F83510C27948
:105FB00061F30712C27103F1390100F10A0200F125
:105FC000160411F9015F02F8015FA242F9D193F8BA
:105FD0004610C27D61F30102C27593F8471061F368
:105FE0008302C27593F8481061F30512C27593F8E5
:105FF000493063F38712C27530BD00BFBC08002072
:106000000278344BC2F3030230B583F826200278BD
:10601000C2F3031283F827204278C2F3030283F805
:1060200028204278C2F3031283F829208278C2F331
:10603000030283F82A208279C2F3030283F8322014
:106040008278C2F3031283F82B20C279C2F30302D1
:1060500083F83420C278C2F3030283F82C20C2787C
:10606000C2F3031283F82D200279C2F3030283F8EE
:106070002E204279C2F3030283F830208279C2F3E2
:10608000031283F83320C279C2F3031283F8352058
:1060900003F1390100F10A0200F1160412F9015F5F
:1060A00001F8015FA242F9D1C27DC2F3010283F877
:1060B0004620C27DC2F3810283F84720C27DC2F32D
:1060C000011283F84820C27DC2F3811283F849206F
:1060D00030BD00BFBC0800201FB58DF80C30012377
:1060E000019303AB009313460A460221FFF780FD9C
:1060F00005B05DF804FB0000F0B5234D012385F8E1
:10610000A030044685B0B0F80900FBF774F8C5F874
:10611000A400B4F80B00FBF76EF81422C5F8A80031
:1061200004F10D0105F1AC00FBF735F994F92130CC
:1061300085F8C13094F8223085F8C23004F123008C
:10614000FFF75EFF6E4604F1410304F15107186842
:106150005968324603C20833BB421646F7D10B4892
:10616000432308226946FAF7C9FF94F85130A5F88D
:106170009A3094F85230A5F89C3094F85330A5F832
:106180009E3005B0F0BD00BF780A0020CE0A002086
:106190002DE9F04395B0DFF89090039204AF4FF0F3
:1061A000400805460E4642460021384612F012FFCE
:1061B0001C4C99F80010222204EB01118DF81020DC
:1061C0000DF11200062201F58971FBF7D2F899F85A
:1061D000000004EB001107A891F81A2191F8194169
:1061E00002F00F0204F00F0444EA021491F81B219C
:1061F00002F00F0244EA0224BDF8182022F47F6264
:1062000022F00F021443ADF81840FFF781FECDE9EC
:106210000078039B324602212846FFF7E9FC15B0BF
:10622000BDE8F083BC08002060080020034B04494F
:106230001A68044801FB0200186070477C0B0020BC
:106240000D6619005FF36E3C38B50B4A0B4D1378A1
:106250002C78A34205D101332B70287800F001007F
:1062600038BD1470FFF7E2FF6FF0004398423CBF67
:1062700001342C70F1E700BF790B00207A0B00206D
:106280000B4A0C49126882600A6802614A680A492E
:1062900042610A6882614A68C26100234EF6602248
:1062A000838083718381038402600385704700BF0C
:1062B000086A0020D7A40108E0A4010838B5214CE1
:1062C00094F8523013B994F85430B3B11E4DAB6802
:1062D00003B9FEE722791A70002128460BF000FC72
:1062E0004FF47A70FDF76CFC012128460BF00FFC8F
:1062F000AB6828461978FFF7B1F994F8533013B911
:1063000094F85530B3B1114DAB6803B9FEE7227C68
:106310001A70002128460BF045FF4FF47A70FDF704
:106320004FFC012128460BF054FFAB682846197832
:10633000FFF7D4FA0448FFF75AFA0448FFF777FB4F
:1063400038BD00BF60080020BC3A0020D83A0020C9
:1063500038B51C4D0446A8786978052826D14FF633
:10636000FF732385FEF72CFF6B7801229A40238D63
:1063700023EA0203238514491448FFF7A1FA1449BC
:106380001448FFF7A5FB1148FFF731FA1148FFF752
:106390004EFB0E481121FFF77FF90E481121FFF740
:1063A000BBFA2046BDE83840FFF788BF00232385AD
:1063B0000220FEF705FF6A7801239340228D1343E4
:1063C0009BB2D7E76008002064080020BC3A002098
:1063D00070080020D83A002008B590F82030024616
:1063E0008BB9FDF7E3FA10B982F8210008BD92F8E5
:1063F000213001335BB2312B82F82130F6DD0123ED
:1064000082F82030F2E7FDF7D1FA18B1322382F892
:106410002130EBE792F82130013B5BB2002B82F890
:106420002130D8BF82F82000E0E70000134B90F83D
:1064300020201B68CAB182689B1AB3F57A6F01D914
:10644000012343710379ABB10D4B427B1B781AB129
:10645000022B1CBF032202739A1E53425341437303
:10646000837953B10323037370478360EAE7012301
:106470000371F8E74379002BF9D17047086A0020CF
:10648000690C0020037B9A1E012A4FF0000202D8FB
:1064900090F8201011B90273184670471346FBE7B5
:1064A00070B51D4C1D4E05465B220021204612F0A2
:1064B00091FD2B6923606B696360194B194D1B7843
:1064C00031789A1E53425341627A05EB011163F30E
:1064D0000002627201F58971062204F10A00FAF7DE
:1064E00048FF337805EB031205EB031592F81B11F7
:1064F00095F8193192F81A2103F00F0343EA0213B9
:106500002374637C204661F3030359216374FCF711
:106510002BF9A4F8590070BD393B00206008002019
:10652000690C0020BC0800200A4A38B513880133E2
:106530009BB2502B04460D4601D8138038BD002372
:1065400005491380FCF747FE29462046FCF743FE29
:10655000F4E700BFA81200202AB201082DE9F84F85
:10656000154604460F468049FCF735FE294620466D
:10657000FCF731FE7D4B0022012F1A8015D14FF020
:1065800090434FF480727A4E9A624027B76146F288
:10659000A810FDF715FBB76246F2A810FDF710FB37
:1065A00029462046FFF7C0FFF0E7BB1E704A402196
:1065B0000C2B00F2C980DFE803F03D51672207C7CA
:1065C000C7C77B7B7B7B7B00DFF8A4814FF0400952
:1065D0004FF090464FF48077C8F8189046F2A81014
:1065E000B762FDF7EDFAC8F8289046F2A810B76137
:1065F000FDF7E6FA29462046FFF796FFE8E7DFF8C1
:1066000070814FF040094FF090464FF48077C8F802
:10661000189046F2A810B761FDF7D2FAC8F8289092
:1066200046F2A810B762FDF7CBFA29462046FFF7DD
:106630007BFFE8E791624FF090464FF48077B761B7
:1066400046F2A810FDF7BCFAB76246F2A810FDF7B3
:10665000B7FA29462046FFF767FFF0E74FF090436F
:106660004FF48072424E9A614027B76146F2A810FB
:10667000FDF7A6FAB76246F2A810FDF7A1FA29467F
:106680002046FFF751FFF0E791614FF090464FF43D
:106690008077B76146F2A810FDF792FAB76246F22A
:1066A000A810FDF78DFA29462046FFF73DFFF0E7D9
:1066B000A7F1090BDFF8B8905FFA8BFB00264FF0CB
:1066C000400A5E453EBF4FF090434FF480729A619E
:1066D0004FF0040846F2A810C9F818A0FDF770FAA8
:1066E00046F2A810C9F828A0FDF76AFA08F1FF38A9
:1066F00029462046FFF718FF18F0FF08EAD14FF0AF
:1067000090434FF480729A624FF0040846F2A8104A
:10671000C9F818A0FDF754FA46F2A810C9F828A045
:10672000FDF74EFA08F1FF3829462046FFF7FCFE38
:1067300018F0FF08EAD10136A7F10803F6B2DBB280
:10674000B34238BF0026BCE74FF0904391614FF44D
:1067500080729A614CF25030FDF732FA2946204699
:10676000FFF7E2FEF6E700BF2AB20108A8120020F8
:106770000008004810B50446084694F901308B42E1
:1067800001D1237823B901232370FDF753F96070F9
:1067900010BD08B5038813B96323038008BD013B0E
:1067A0009BB20380002BF9D1FDF71CF9BDE808402E
:1067B000FDF724B910B5437802789A421BD0042B18
:1067C0008ABF042303700370027888BF43700A4BAA
:1067D0000A4813F922100A4C83682173217613B1F9
:1067E0001972FEF759FF0748836823B194F918100E
:1067F0001972FFF791F810BDB0BD0108BC3A002036
:1068000060080020D83A002010B50AB9437010BDC6
:10681000541E0B2CFBD80332D2B231F91220C83AE5
:1068200003FB022240F2716192FBF1F212B222EA02
:10683000E2729A42C8BF1AB24270E8E7044B054AB6
:106840001A60054B054A1A60054B064A1A607047E4
:10685000083A00209C0200205C0C0020A4020020CA
:106860000C3A0020A002002020B90A460146034845
:106870000BF007B9024800210BF06EBCBC3A0020B7
:10688000D83A002073B51E4C94F85660CDE9002329
:106890000D4686B1FCF7BAFF1A48DDE90023FEF782
:1068A00093FFFDF735F81848DDE900232946FFF787
:1068B000A9F802B070BD88B9FCF7A8FF1148DDE95E
:1068C0000023FEF781FF94F853301BB994F855303C
:1068D000002BEED00C48FFF7AAF8EAE7FDF718F80E
:1068E0000948DDE90023FFF78DF894F852301BB911
:1068F00094F85430002BDCD00248FEF778FFD8E73C
:1069000060080020BC3A0020D83A002037B50C4679
:1069100098BB2F48836833B9812281F88C2081F895
:106920008E3003B030BD9D7ADDB101F18E020DF1E4
:1069300006010BF0DFF994F98E30002B04DABDF874
:1069400006201344ADF80630BDF90630002B0FDBEE
:106950004FF6FF73ADF80630BDF8063084F88C3082
:10696000DFE70DF106010BF0FAFA84F88E50EBE741
:106970007F33F1DA4FF68173ECE7164883682BB961
:10698000812281F88D2081F88F30CAE79D7A95B1F8
:1069900001F18F020DF106010BF004FDBDF9063087
:1069A000002B0FDB4FF6FF73ADF80630BDF8063055
:1069B00084F88D30B5E70DF106010BF0B7FD84F8D2
:1069C0008F50EBE77F33F1DA4FF68173ECE700BFCE
:1069D000BC3A0020D83A002070B5114C0D4606464E
:1069E0005B23224621462846FFF73EFFD6E90613E1
:1069F000206862689A4208BF88420ED12046592119
:106A0000FBF7B2FEB4F85940231A5C425C412846B9
:106A10000449FFF77BFF601C70BD0024F7E700BF4F
:106A2000F5380020103A00200A4608B50146014812
:106A3000FFF794FD2800002000B591B00446684699
:106A400016461D4612F064F81849684612F068F8B8
:106A500030460AF01DFF0146684612F061F81449FD
:106A6000684612F05DF8134B684653F82510124D36
:106A700012F056F81149684612F052F89DF8483065
:106A8000684655F8231012F04BF80D49684612F08D
:106A900047F89DF84C30684655F8231012F040F83E
:106AA00008486A462146FFF759FD00BFE9A40108DE
:106AB000F0A40108000000201C000020F5A401083B
:106AC000FCA4010828000020002303708370437099
:106AD00003714371C370704703780022022B427127
:106AE00004D0032B09D0012B16D0FEE7012303713C
:106AF000437183784370C370704783784278991AE2
:106B0000A3EB020218BF012112F0060F14BF0122ED
:106B1000002201714271EDE70271704702788170C5
:106B2000002A0CBF022203220270FFF7D5BF10B566
:106B300004460846A3782BB12F22A11C12F049F875
:106B4000012010BD1846FCE7074B282202FB00304D
:106B500083681A78542A05D15878A0F178035842EE
:106B60005841704700207047DCBD0108074B2822C0
:106B700002FB003083681A78522A05D15878A0F1B8
:106B8000780358425841704700207047DCBD010827
:106B9000074B282202FB003083681A78542A04D15C
:106BA0005878783818BF012070470120704700BF1F
:106BB000DCBD010828230B4A434310B5D1580446D5
:106BC000FFF7D4FF48B92046FFF7BEFF064B1B78FE
:106BD00028B103EB830301EB8301084610BD01EBF1
:106BE0000311FAE7DCBD010860080020302838B541
:106BF00005461AD80E4B282202FB00334CB21B79F3
:106C0000022B0DD0FE2B10D1FFF7D4FF0378E4B296
:106C1000A3420AD004702846BDE83840FFF7B8BF49
:106C2000FFF7C8FF90F90030F2E7002038BD00BF41
:106C3000DCBD0108302838B504460D4619D80E4B86
:106C4000282202FB00331B79FF2B12D1FFF7B2FF82
:106C500006222946FAF7B2FB58B92046FFF7AAFFE9
:106C600029460622FAF797FB2046BDE83840FFF791
:106C70008FBF002038BD00BFDCBD01082DE9F04307
:106C8000074615462820394A41435018012B046A0B
:106C900087B025D15258364B9A4235D0A3F1CE0158
:106CA0008A4233D03349F23B9A4208BF0C46FF2355
:106CB0008DF800304FF0000801262046F9F79AFAC7
:106CC0005FFA88F9484529D806F118036B44AE42AB
:106CD00003F8188C30D80020387007B0BDE8F08376
:106CE000022BE4D15258224B9A4211D0591C8A42AD
:106CF00010D0A3F1CE018A420ED0A3F1F2018A4254
:106D00000AD01D49EC3BCFE71C4CD0E7194CCEE72D
:106D10001B4CCCE71B4CCAE71B4CC8E714F80930E6
:106D20002C2B06D106F118036B44013603F8188C9E
:106D3000F6B208F10108C0E705F118030DEB0305F1
:106D4000002315F8182C15F9175C0132D2B29918E6
:106D5000C9B2A94207EB030003DB00230370012043
:106D6000BBE7615C01700133DBB2F0E7DCBD010819
:106D7000D509002003A5010837A5010854A501087D
:106D8000FDA50108DBA50108B1A50108054B2822D6
:106D900002FB0030436A0BB1188870474FF6FF7052
:106DA000704700BFDCBD010838B50B4B282202FB41
:106DB0000030056A2846F9F71DFA00221146D4B2C0
:106DC0004B1CA042DBB201D8184638BD2C5D013205
:106DD0002C2C08BF1946F2E7DCBD010838B5104B72
:106DE000282202FB003301461B79FE2B15D1FFF749
:106DF000CDFF04460846FFF7D7FF002213460125C2
:106E0000D1B2884201D8184638BD05FA02F12142B4
:106E10001CBF0133DBB20132F2E7FF23F3E700BF0F
:106E2000DCBD01082DE9F04F4FF0000A1D4E93B074
:106E300004460F46D146D6F808805FFA8AF54FF02F
:106E4000000B0DE018F80300019211F085FEC3B2AB
:106E5000019A202B08BF5F2302F8403C0BF1010B85
:106E60005FFA8BF340460193F9F7C4F9019B03F1F4
:106E7000480298426A44E5D802F8409C394602A884
:106E8000F9F7AEF948B10AF1010ABAF1310F06F18A
:106E90002806D0D10025284600E00120257013B037
:106EA000BDE8F08FDCBD010837B51E4D1346282222
:106EB00002FB015504462A79FE2A18D0FF2A24D065
:106EC000022A2BD10846FFF775FE214690F90000F3
:106ED0000AF081FC2D692B783BB11349204611F053
:106EE0001FFE2946204611F01BFE012018E008462F
:106EF00001930091FFF75EFE019B02780099204606
:106F000003B0BDE83040FFF7B9BE0846FFF752FEB8
:106F1000062201462046FAF73EFAE6E700202070F6
:106F200003B030BDDCBD010848A70108F8B5194B16
:106F30001646282202FB063300241A790470022A1E
:106F400007460D4603D0FE2A13D02046F8BD93F91C
:106F500018209142F9DB93F91C309942F5DC4FF08F
:106F6000000165F307013046FFF740FE0124387049
:106F7000EBE70029E9DB3046FFF716FFA842E4DD26
:106F80003046FFF703FF40FA05F313F00103E6D1A3
:106F90001C46DAE7DCBD01082DE9F8430023037045
:106FA000124B1746282202FB073306461B79FF2B9C
:106FB0000C4603D000252846BDE8F8830846F9F7BB
:106FC00019F90628F6D104F1FF3804F1050918F87B
:106FD000010FF9F7F3FF05460028EBD0C845F6D1BD
:106FE00021463846FFF726FE3070E4E7DCBD010895
:106FF000F8B5104E4FF0280C0CFB026600273679CE
:107000000770FE2E04460B46154603D0FF2E0BD00C
:10701000022E0DD1184611F0C4FE2A460146204624
:10702000BDE8F840FFF782BFBDE8F840FFF7B4BF06
:107030003846F8BDDCBD010810B504460846B2B9B3
:10704000FAF712F8042812D8DFE800F003090B0D54
:107050000F000849204611F05BFD012010BD0649D4
:10706000F8E70649F6E70649F4E70649F2E70020A3
:10707000F4E700BF3AA601083FA6010844A60108AC
:1070800049A601084FA6010810B504460068FCF7A0
:10709000A2F802492068FCF79EF810BD29B2010849
:1070A0000B1E18BF0123122A14D91D2A14D9312A04
:1070B0008CBF0822052203710023016080F885300F
:1070C0004371C0F8883080F88C3080F88D20A0F8AB
:1070D0008E3070470122EEE70322ECE790F885300E
:1070E000682B08D8C2180133DBB2517180F88530A3
:1070F000184400234371704708B50530F9F770F85C
:10710000B0FA80F0400908BD2DE9F04192B0064682
:10711000084601911546F9F76DF806F10508044691
:107120004046F9F767F8E4B2631CC7B2BB42019965
:1071300003DB002012B0BDE8F0812246404611F08A
:1071400036FD0028F5D1221D23461644BB420246D7
:107150001BD300F148036B44002403F8404C002883
:10716000E7D09DF808303D2BE3D1302302A88DF8FD
:107170000830F9F73FF82346DAB2904212D802A855
:1071800011F00FFE28600120D4E716F8011F202916
:1071900005D048326A440130C0B202F8401C0133C5
:1071A000DBB2D3E748326A44013312F8402C303A5C
:1071B000092AE1D9BDE72DE9F04192B0064608461B
:1071C00001911546F9F716F806F105080446404600
:1071D000F9F710F8E4B2631CC7B2BB42019903DBB4
:1071E000002012B0BDE8F0812246404611F0DFFCDD
:1071F00001460028F4D1221D23461644BB420A460C
:1072000012D301F148036B44002203F8402C0029FB
:10721000E6D09DF808303D2BE2D10DF1090128465A
:1072200011F076FC0120DCE716F8010F202805D0CC
:1072300048326A440131C9B202F8400C0133DBB272
:10724000DCE7000010B50E4B1B78022B04460FD173
:107250000C4B93F8A0205AB1D3F8A830B3F5215FB6
:1072600007D20949FFF710FF08492046FFF70CFF36
:1072700010BDFDD00649FFF707FF0649F5E700BF3F
:10728000690C0020780A002055A601088BA6010889
:10729000C1A60108F7A6010810B50446FFF7D2FF02
:1072A00020680749FBF7A6FF064B206819783031A4
:1072B000C9B2FBF784FF04492046FFF7E5FE10BD85
:1072C0002DA7010860080020E8A401082DE9F04777
:1072D0004379702B90B080460F46164671D1837962
:1072E000202B6ED1C07911F0E7FB00285CD000257F
:1072F0004FF0020A2C4608F105094846F8F77AFFD4
:10730000824522D305F140030DEB0305002305F868
:10731000403CC4B3E8461D4618F8010B11F01CFCB4
:1073200078550135EBB2A342F6D300253D55013423
:10733000E4B26846F8F75EFF6719FFB2874206EBD2
:10734000050334D300221A702DE008EB0A035B79A1
:107350003D2B0ED0202B07D005F140016A1C0DEB10
:10736000010505F8403CD5B20AF101035FFA83FA42
:10737000C3E72C46F0E705F140036B4413F8400CDB
:1073800011F0EAFB78556846F8F734FFE5B2A842F9
:1073900007EB050304F10104EDD800220A491A7035
:1073A000304611F0B5FB012010B0BDE8F08707F1C1
:1073B00040020DEB0207013517F8402C1A70EDB2B0
:1073C000B7E70020F0E700BF95B001082DE9F047CE
:1073D0002C4E282303FB016688B03379FE2B04462C
:1073E0000D4620D0FF2B4BD0022B2DD196F91850F3
:1073F00025490068FBF7FEFE284669460AF0EBF9CE
:1074000069462046FFF740FE96F91C501F49206848
:10741000FBF7F0FE694628460AF0DDF9694620468A
:10742000FFF732FE10E00846FFF7B0FCDFF864908B
:10743000DFF864A080460027FEB2012332462946C9
:107440006846FFF71BFC10B908B0BDE8F087BBB277
:1074500048FA03F3DB0711D520684946FBF7CAFE5B
:1074600006F130012068C9B2FBF7A9FE2068514639
:10747000FBF7C0FE69462046FFF706FE0137DBE753
:107480000349CDE7DCBD010837A701083FA7010884
:107490004EA7010847A701084AA70108F0B504460E
:1074A0008BB008460D46FFF799FC254F2549064647
:1074B0002068FBF79FFE282303FB05772068B96847
:1074C000FBF798FE20492068FBF794FE2EB91F4970
:1074D0002046FFF7D9FD0BB0F0BD0122294602A8D6
:1074E000FFF7E2FC206802A9FBF784FE3B79FE2B44
:1074F00003D0FF2B1AD01649EAE72846FFF75AFBBC
:10750000057814492068FBF775FE05F13001206805
:10751000C9B2FBF754FE10492068FBF76BFE012E41
:10752000E9D10E492068FBF765FEE4E70C4B02A9A0
:107530005A786846FFF780FD0028DCD06946F1E7FD
:10754000DCBD010847A701084AA701085DA701089B
:10755000E8A401086DA701085BA7010870A701084E
:107560006008002070B590F88E3004466BB990F832
:107570008F30012B01D9032B07D1214B1B78022B14
:1075800003D020492046FFF77FFD1D4E002594F8CB
:107590008E10302903D9002384F88C3020E04B1C56
:1075A00084F88E3094F88F30012B09D10846FFF70C
:1075B000CBFA0028EBD10846FFF7D8FA38B1E6E756
:1075C000022B0ED10846FFF7BFFA0028DFD0204675
:1075D000FFF764FF013594F88D30EDB2AB42D6D29F
:1075E00070BD032B08D10846FFF7C0FA0028CED0A3
:1075F0003378022BDFD1EAE7002BF9D0E7E700BFB1
:10760000690C00207FA7010838B5594B1A6890F81B
:107610008C30012B044640F0AA80D0F88830D31A71
:10762000B3F5FA7FC0F0A380524DC0F888202846F9
:10763000F9F7C8FB0AF004F901462068FBF7DAFD08
:107640004D492068FBF7D6FD05F11400FAF7AEF8B6
:107650000AF0F6F801462068FBF7CCFD47492068A0
:10766000FBF7C8FD95F894000AF0EAF80146206897
:10767000FBF7C0FD42492068FBF7BCFD95F98C0083
:107680000AF0E8F801462068FBF7B4FD3D492068A0
:10769000FBF7B0FD95F98D000AF0DCF80146206893
:1076A000FBF7A8FD38492068FBF7A4FD95F9920087
:1076B0000AF0D0F801462068FBF79CFD30492068AD
:1076C000FBF798FD95F98E000AF0C4F80146206892
:1076D000FBF790FD2B492068FBF78CFD95F98F0097
:1076E0000AF0B8F801462068FBF784FD27492068B6
:1076F000FBF780FD05F15000FAF75EF880B20AF062
:10770000B3F801462068FBF775FD1D492068FBF7BB
:1077100071FD05F16400FAF74FF880B20AF0A4F8A1
:10772000014620681A4DFBF765FD1A492068FBF7F2
:1077300061FD194B1B7805EB830358880AF094F818
:1077400001462068FBF756FD14492068FBF752FDFF
:10775000134B1B7805EB830568880AF085F8014612
:107760002068FBF747FD0F492046FFF78DFC38BD29
:10777000086A0020103A0020F5A701089CA701081C
:107780009FA70108A2A701089DA70108A4A70108B7
:10779000B0BD0108A7A70108F3380020ADA7010874
:1077A000063A0020B2A7010830B5044695B0FFF7AD
:1077B00049FD1C492068FBF71DFD1B4808A9FFF780
:1077C000B6F938B119492068FBF714FD206808A9FB
:1077D000FBF710FD16492046FFF756FC15492068B7
:1077E000FBF708FD144B1B78022B19D1134D95F8AC
:1077F000A0309BB1206805F1AC01FBF7FBFC0B4905
:107800002068FBF7F7FCD5F8A4106846F9F700FDEF
:1078100069462046FFF738FC15B030BD0849F8E747
:107820000849F6E7B5A70108001700209FA701083F
:10783000E8A40108D3A70108690C0020780A0020F9
:10784000DAA7010885A701082DE9F04190F88E30EC
:1078500090B0044653B96648664990F856504B7C40
:10786000654AC5B191F8ED100B441370DFF88881BB
:10787000604E002794F88D20FBB29A4208D994F804
:107880008E5098F80030AB420CD8002384F88C302E
:1078900010B0BDE8F08190F855000028E5D084F8DC
:1078A0008E30DFE7737C9D425BD275B95349206807
:1078B000FBF7A0FC707C09F0C3FF01462068FBF7D2
:1078C00099FC4F492046FFF7DFFB284609F0B8FF37
:1078D00001462068FBF78EFC4A492068FBF78AFCCA
:1078E00073190C35987C09F0ABFF06EB8505014652
:1078F0002068FBF77FFC44492068FBF77BFC686845
:1079000009F0BCFF01462068FBF774FC3F49206882
:10791000FBF770FC3E4908A811F0FAF895ED010A52
:10792000DFED3C7AB8EE400A20EE270A0FF082FF26
:10793000FCEEC07A694617EE900A09F016FF684619
:10794000F9F7C4FB20686946FBF754FC08A92046F8
:10795000FFF79AFB94F88E30013384F88E300137AC
:1079600088E7ED1A15F0FF050FD12B492068FBF7CA
:1079700041FC96F8ED0009F063FF01462068FBF733
:1079800039FC1F492046FFF77FFB284609F058FFC6
:1079900001462068FBF72EFC1A492068FBF72AFCF9
:1079A00073190C3593F8EE0009F04AFF06EB8505D4
:1079B00001462068FBF71EFC13492068FBF71AFC00
:1079C000D5F8E00009F05AFF01462068FBF712FCE9
:1079D0000E492068FBF70EFC104908A811F098F832
:1079E00095ED380ADFED0E7AB8EE400A9CE700BF4D
:1079F00060080020AC1200208C0B0020EFA70108CB
:107A0000FEAD0108F7A70108FEA7010808A80108B4
:107A10000EA8010800007A3A13A801081BA8010863
:107A2000000050392DE9F0412E4E2F4FDFF80C8128
:107A30000446002594F88D20EBB29A424FD994F871
:107A40008E30172B48D8DFE803F00C161B1D1F21C2
:107A5000232527292B2D2F31333537393B3D3F4106
:107A600043452046FFF7EEFB94F88E30013384F84F
:107A70008E300135DEE71D492046FFF705FBF3E7B1
:107A80001B49F9E71B49F7E71B49F5E71B49F3E7F2
:107A90001B49F1E71B49EFE71B49EDE71B49EBE702
:107AA0001B49E9E71B49E7E71B49E5E71B49E3E712
:107AB0001B49E1E71B49DFE71B49DDE71B49DBE722
:107AC0001B49D9E71B49D7E71B49D5E74146D3E70F
:107AD0003946D1E73146CFE7002384F88C30BDE842
:107AE000F08100BF3DAC010808AC010820A80108E6
:107AF00044A8010872A801089BA80108C7A80108AA
:107B0000EFA8010817A9010840A9010869A90108FF
:107B1000ADA90108D3A90108F9A901081CAA010807
:107B20004FAA010880AA0108BBAA0108E7AA010818
:107B300015AB010852AB010890AB0108D1AB0108AD
:107B40002DE9F0470379A0B00446C3B190F88C301A
:107B5000013B032B19D8DFE803F00252575C0068A1
:107B600003685B69984768B1206803689B69984718
:107B70000023AC4984F88C302046FFF785FA20B00A
:107B8000BDE8F0872046FFF73FFDA74B1E6894F83D
:107B900085308BB1D4F88830F31AB3F5FA6F0BD96E
:107BA000A2492046FFF770FAA1492046FFF76CFA78
:107BB000002384F8853063719C4FDFF8D882DFF8AA
:107BC000D892206803685B6998470028D7D020685E
:107BD00003689B6998470A280546C4F888601DD049
:107BE0000D281BD02C2819D03B2817D0014620681F
:107BF000FBF7E5FA29462046FFF770FAE1E720B0E7
:107C0000BDE8F047FFF70EBF20B0BDE8F047FFF733
:107C1000A9BC20B0BDE8F047FFF716BE39462046A4
:107C2000FFF732FA41462046FFF766FA50B10223C9
:107C300084F88C30002384F88E30002384F885305B
:107C40006371BEE749462046FFF756FA0028EED199
:107C500078492046FFF750FA0028E8D176492046B7
:107C6000FFF74AFA054618B12046FFF79DFDE4E705
:107C700072492046FFF740FA40B12046FFF70CFB5F
:107C8000032384F88C30A4F88E50D6E76C49204644
:107C9000FFF732FA50B12046FFF7FEFA032384F8CB
:107CA0008C304FF48073A4F88E30C6E765492046C7
:107CB000FFF722FA40B12046FFF7EEFA032384F8DB
:107CC0008C304FF40073EEE75F492046FFF714FA5B
:107CD00040B12046FFF7E0FA032384F88C304FF4DC
:107CE0004073E0E70CAD2A4604A92046FFF7EEFA00
:107CF000002846D004A90DF10A00FFF793F820B937
:107D000052492046FFF7C0F997E7514B1B78022BE9
:107D100006D09DF80A00FEF729FF08B14D49F0E7AB
:107D20009DF830303F2B0DD12046FFF7B5FA9DF876
:107D30000A1001912046FFF7B1FB01992046FFF799
:107D400045FB7AE70BB94449DBE79DF80AA02946D1
:107D500052460DF10B00FFF74BF908B93F49D0E748
:107D60002046FFF799FA51462046FFF797FB9DF80A
:107D70000B30002B3FF461AF05213948F9F754FD72
:107D80005BE738492046FFF7B7F990B13448062140
:107D9000F9F74AFD2046FFF77FFA2D4B1B78022B9F
:107DA00005D02C492046FFF76FF92F49A9E72F4945
:107DB000A7E72F492046FFF79FF928B1012128485E
:107DC000F9F732FD2B499CE72B492046FFF794F940
:107DD00090B123480721F9F727FD2046FFF75CFA09
:107DE0001B4B1B78022B05D01A492046FFF74CF994
:107DF000224986E7224984E7224903AA2046FFF761
:107E000083F900285BD0039D092D01D91E4978E72D
:107E10002046FFF741FA1D4B1B789D423ED11C497D
:107E20006FE700BFC8AC0108086A002086B10108EE
:107E3000E2AC010895B001085BBB0108F1AC010898
:107E4000F4AC0108F9AC0108FFAC010805AD01086C
:107E5000690C00207FA7010821AD010839AD010898
:107E6000F83A00204CAD010853AD01086AAD010895
:107E70007EAD010883AD01089AAD0108A1AD0108EE
:107E8000BAAD0108D0AD0108DCAD010860080020E2
:107E900000AE01087BBC0108ECAC01082A4656483C
:107EA0000A21F9F7C3FC55492068FBF7A3F905F14E
:107EB0003001C9B22068FBF782F9514921E75149E5
:107EC0002046FFF719F9824640B101234E4984F854
:107ED0008C302046FFF7D8F84C4912E74C49204631
:107EE000FFF70AF928B1042384F88C3084F88EA0B7
:107EF000A3E648492046FFF7FFF808B103213CE715
:107F000045492046FFF7F8F808B1092135E743490C
:107F10002046FFF7F1F808B108212EE74049204636
:107F2000FFF7EAF860B13F4814A9FEF700FE28B158
:107F30003D492068FBF75EF914A9E2E63B49E0E61B
:107F40003B492046FFF7D8F808B10E2115E739491B
:107F50002A462046FFF72FF9F0B19DF830303BB1AB
:107F60002846F8F747F90838102801D93249C8E6F9
:107F700032492068FBF73EF99DF83010304B20461F
:107F8000002914BF29461946FFF77EF82A460F211B
:107F90001948F9F74EFC50E62A492046FFF7ACF89D
:107FA00008B11021E9E628492A462046FFF703F9DF
:107FB000C8B19DF830302BB12846F8F71BF90838C6
:107FC0001028D3D821492068FBF714F99DF8301008
:107FD0001F4B2046002914BF29461946FFF754F8C5
:107FE0002A461121D4E794F885101A4A1A4B002921
:107FF0000CBF1146194684E6F83A002015AE010878
:10800000E8A401083EAE01082BAE010844AE010809
:1080100061AE01086BAE010876AE01087CAE0108C6
:1080200084AE01080017002047A701088CAE0108A4
:10803000AAAE0108B7AE0108C4AE010807AF010837
:1080400078AC010814AF010824AF010834AF01086F
:1080500093AC0108AEAC0108BAAC010870B5254C70
:10806000E569AB0607D523689E0604D5606A224BF6
:10807000C0B21B6898471F232806236215D52368C2
:10808000190612D51D4B1E4A1988138889B29BB256
:10809000994219D013880133C3F30803138013885E
:1080A000184A9BB2D35CDBB2A3626A0620D51148A2
:1080B00003685B061CD5FAF71EFB40230362124BD4
:1080C000BDE870401B6818470A48FAF71DFB4023BB
:1080D00023624FF0402202F5806353E8003F43F0F3
:1080E000400302F5806040E800310029F3D1DCE76D
:1080F00070BD00BF0044004094020020FE3D0020FF
:10810000FC3D0020FC3B00209802002070B588B0A8
:108110000C460646154600212022684610F05AFFFC
:10812000231E18BF01231B03CDE9023569460C232A
:1081300003480196049405930DF0CAFF08B070BD82
:108140000044004037B53D4C236823F00103236011
:108150004FF40030FAF798FA0325082319463848F7
:1081600000950A22FBF783F90823354800952A4633
:108170001021FBF77CF9002211463248FFF7C6FFB9
:10818000636823F490436360A36823F02A03A36029
:10819000236823F0005323604FF0402202F58163EF
:1081A00053E8003F23F0604302F5816040E800316E
:1081B0000029F3D14FF0402202F5816353E8003FDC
:1081C00023F0606302F5816040E800310029F3D1BB
:1081D0001D4BA02283F8262340245C601748FAF741
:1081E00093FAFAF788FA194B04621980184B198030
:1081F000FAF778FA174B1980174B1980436823F464
:1082000000634360836823F008038360436823F4BA
:1082100080434360836823F022038360836843F4D0
:1082200080538360036843F001030360C3699A02CB
:10823000FCD5C3695B02F9D503B030BD00440040F2
:1082400000040048801A060000E100E0FC3D002028
:10825000FE3D0020F83B0020FA3B00200649074A7B
:108260000B8812880133C3F3080392B29A421EBFEF
:10827000034AD0540B807047FE3D0020FC3D002097
:10828000FC3B0020F8B5012380F86C3090F8BD303D
:10829000044603F0FF005BB194F8BD5004F16C0795
:1082A0000026B3B29D4204D8002384F8BD300120DB
:1082B000F8BD17F8010FFFF7D1FF0136F1E7000015
:1082C0000148FAF706BA00BF0044004007B50D4860
:1082D000FAF708FA036823F001030360436823F404
:1082E00000434360036843F0010303600821002357
:1082F000CDE90013044803230A22FBF729F803B051
:108300005DF804FB004400400004004813B50E4C27
:108310000E48236823F001032360636843F400439D
:108320006360236843F00103236008210023CDE943
:10833000001302220323FBF70BF8636A204602B006
:10834000BDE81040FAF7BCB9004400400004004802
:1083500037B50446FFF7F6FE144B15481A6822F0AD
:1083600001021A605A6842F400325A605A6842F4B4
:1083700080325A605A6842F400425A601A6842F0E9
:1083800001021A6003250823194600950222FBF713
:108390006EF807482B4602221021FBF75EF82046B4
:1083A00003B0BDE83040FFF7B1BF00BF004400405C
:1083B0000004004808B5002383810371C380038152
:1083C0008372036101460448FCF7D2FABDE8084015
:1083D0000846FFF7BDBF00BFF43B0020036810B59F
:1083E00004461B689847237A082B05D90A2B03D02B
:1083F000092B02D00023237210BD236820465B683E
:1084000098470028F6D00848036823B1FA21FCF702
:10841000BFFA0A23EFE72046FFF758FF0B2323722A
:10842000BDE81040FFF74CBFF43B00200146014877
:10843000FFF7D4BF1820002001460148FFF7CEBF48
:10844000700C0020037A0A2B10B5044607D1FFF701
:108450003DFF0B232372BDE81040FFF731BF10BD75
:108460000148FFF7EFBF00BF700C002010B50446B5
:10847000FFF74CFF0023237210BD00000148FFF7F7
:10848000F5BF00BF182000200148FFF7EFBF00BF75
:10849000700C002008B5017A094A0A29126801D82F
:1084A000026108BD0169521A142AFAD90022027227
:1084B000FFF72CFF0348FAF71EF940230362F0E7A9
:1084C000086A0020004400400238C0B210289ABF59
:1084D000014B185C0020704744BD01083B4B02462D
:1084E000586A137A10B580B233B19389C31A9BB21C
:1084F000FA2B84BF00231372137A9081052B19D8AD
:10850000DFE803F003080E334A564F2912D1012346
:1085100013720FE0572901D10223F9E70023F7E78F
:108520000023FF29937206D141F204731381537E15
:10853000002BF3D110BD9F290FD901F01F0001249A
:10854000947282F83200FFF7BFFF507218B982F8B8
:108550004B400923DCE70523DAE71829DED8002998
:10856000F7D0032351721372E1E7B2F86E02B2F84A
:108570007242431C2340B2F870429C421EBF8018D6
:1085800080F87412A2F86E32937A517A0133DBB21A
:1085900099429372DDD9CDE7907A431C1044DBB247
:1085A0009372C176517A9942C4D801239376D0E769
:1085B000907A431C1044DBB2937280F83210517AE7
:1085C0009942B7D2012382F84B30C2E70004004041
:1085D0002DE9F04389B0002301AFB0F868908DF821
:1085E00004300446B8460125B4F86A2048461146CE
:1085F000EEB2FAF70DFDA0B1192D11D091451FBFB4
:10860000A318B4F86C1093F86E30013214BF0A400E
:10861000002308F8013F18BFA4F86A200135E3E7FA
:108620002E46B6B20024013417F8010BA4B2FFF7AE
:1086300015FEA642F7D8012009B0BDE8F08370B559
:1086400090F8665000F14C040026B3B29D4200D869
:1086500070BD14F8010FFFF701FE0136F5E770B5A4
:10866000457E044605B1FEE7012680F84C6090F88F
:10867000663033B1FFF7E3FF84F86650354628468D
:1086800070BDB0F86A10B0F86800FAF7C1FC0028B5
:10869000F5D02046FFF79CFFF0E7027FC37E02F093
:1086A000070243EA02230B80838BC3F3CA034B8088
:1086B000C369C3F38A338B8090F82030C27F03F004
:1086C0000F03DB0143EA5203CB80038CC3F30A138D
:1086D0000B81036AC3F3CA334B8190F8243090F8BE
:1086E000232003F01F039B0143EA92038B81838CB9
:1086F000C3F34A13CB81C38CC3F30A030B8290F8F4
:10870000283090F8272003F03F035B0143EAD203AF
:108710004B82836AC3F38A138B82438DC3F34A036C
:10872000CB8290F82C3090F82B2003F07F031B01B4
:1087300043EA12130B83C36AC3F3CA134B83C38D7B
:10874000C3F38A038B8390F8303090F82F20DB003E
:1087500043EA5213CB8390F8312040F2547312F065
:10876000010F14BF1A46AC220A8490F8312012F08F
:10877000020F08BFAC234B847047437E70B504469C
:1087800043B1002303720D468E18B54203D1002376
:108790002372A37670BD236815F8011B1B68204661
:1087A0009847F2E7437E30B56BB190F8664004F02D
:1087B000FF0554B100F14D040C6090F86610117083
:1087C000002280F86620184630BD2B46FBE70000EB
:1087D00042766AB30123037640F2FF11A0F86C10D1
:1087E00040F2FF710023A0F872127F2180F84C3014
:1087F000A0F86A308376A0F8683080F84B30A0F893
:10880000703280F86630A0F86E32A0F8763AA0F8A0
:10881000743AA0F8781A80F8FA3AC0F8FC3A52B9DB
:10882000054B064A1A60064B064A1A60FFF7C2BD9E
:1088300001760029D0D17047940200202D840008D1
:10884000980200207D84000873B5467E04461EB160
:108850000025284602B070BD037E0191002BF7D0A1
:10886000FFF718FEA37E03F0FF05002BF0D001995F
:10887000A6762046FFF711FFEBE7427E10B5EAB976
:10888000037EBBB190F84C4004F0FF0394B104792F
:1088900080F84C200CB10271C280C4888279013406
:1088A000052AC48008D0092A06D0012A4FF0000208
:1088B00006D10A70184610BD0122FAE70023F9E735
:1088C0001346F7E7037E63B190F84B2002F0FF03F5
:1088D0003AB1002280F84B2090F8322002F01F02BB
:1088E0000A7018467047F8B506460D46174600212F
:1088F00019224D3010F06EFB2846FFF7E5FD05F01C
:108900001F050446603D0134024686F84D50394645
:1089100006F14E00E4B210F029F986F86640F8BD81
:1089200070B590F8FA4A0CB1002070BDB0F8745AD6
:10893000B0F8763AEE1AB2B2360444BF803292B240
:10894000002AF1D00D4A1668427E22B1D0F8FC2AE6
:10895000921B092AE8D900229D42C0F8FC6A80F8DF
:10896000FA2A08D0C218013392F87A4AB0F8782A65
:108970001340A0F8763A0C700120D6E7086A002070
:1089800010B5324C86B018220021684610F022FB48
:1089900023788DF8063094F85430002B41D12C48C0
:1089A000FDF770F8ADF800002948FDF782F89DF852
:1089B000073094F851208DF8030062F303038DF81B
:1089C0000730244B93F8A020A2B39DF8052042F075
:1089D00001028DF8052093F8C12093F8C2308DF87C
:1089E000042003F00F039DF807201B4863F30712D0
:1089F0001A4B8DF807201B799DF802205B0043F08D
:108A0000010322F0030203F0030313438DF8023045
:108A10006A4631230B218DF80830FFF764FF06B05A
:108A200010BD0F48FCF726FFADF800000C48FCF71E
:108A300038FFBCE7BDF8043023F4FF7323F00103D3
:108A400043F07F03ADF804300523CCE76008002035
:108A5000D83A0020780A002018200020900B00202F
:108A6000BC3A00207FB518220021684610F0B2FA07
:108A700042F6A100F8F7AEFBADF800004FF421502C
:108A8000F8F7A8FB0749ADF80200142201A8F8F78F
:108A900070FC05486A460421FFF725FF07B05DF822
:108AA00004FB00BF44AF01081820002010B5134C90
:108AB00086B018220021684610F08CFA94F8A03095
:108AC000C3B1D4F8A400F8F785FBADF80000D4F8E2
:108AD000A800F8F77FFB1422ADF8020004F1AC0106
:108AE00001A8F8F746FC06486A460521FFF7FBFE99
:108AF00006B010BD03491422F2E700BF780A002037
:108B000018200020E8A401082DE9F04F344C282358
:108B100003FB014489B007460846FEF737F923797D
:108B2000D4F82080FE2B814603D14FF6FF73984284
:108B300006D14146384609B0BDE8F04F0FF0E8BF16
:108B40000846FEF737F8002590F800B02E46AA46F2
:108B50002C46EAB240460192F7F74CFB019A0130ED
:108B600090424FF02D0102D809B0BDE8F08F18F8FF
:108B700002000AF1200CEC440AF101032C28DBB2BC
:108B80000CF8180C00D040BB5E4503D049FA06F043
:108B9000C00718D50DF1080E0022D0B254FA82FC9D
:108BA00083425FFA8CFC08D85444013404F0FF047B
:108BB0000136502CF6B20FD9FEE71EF8010B07F86C
:108BC0000C000132E9E73955631CDBB218F80220CA
:108BD000FA540234E4B2EBE7002301359A46B8E7D1
:108BE000DCBD0108044B1870044B05480022072126
:108BF0001A70FAF701BA00BF60380020613800200F
:108C00008C2A002008B50B78033B082B20D8DFE81E
:108C100003F010050C1F1A1F1F1F0E00042100F681
:108C20007420BDE80840FAF7E7B90521F7E70B2102
:108C3000F5E7042100F67420FAF7DEF90521FAF7CA
:108C4000DBF90B21EDE7BDE808404878FFF7CABF24
:108C500008BD000070B56E4D2C78302C86B00ED952
:108C600018220021684610F0B5F9FF2369488DF8F5
:108C700000306A460721FFF736FE06B070BD664E2B
:108C8000317800294BD1022333701822634E684695
:108C900010F0A0F9282303FB04638DF800401B7932
:108CA000FE2B27D0FF2B2DD0022B09D101232046EC
:108CB0008DF80130FDF77EFF90F900308DF812300D
:108CC0002B78282202FB03660DF10200B168102206
:108CD000F8F74FFB4F4807216A46FFF704FE297853
:108CE0004F48FFF711FF4F48072106B0BDE870401D
:108CF000FAF782B9042320468DF80130FDF75AFFB8
:108D00000378DBE7052320468DF80130FDF752FF9D
:108D1000062201460DF11200F8F72BFBD0E70229DD
:108D200042D1002118226846317010F053F93B4BB4
:108D30008DF80040282202FB04331A79022A0DD054
:108D4000FE2A1BD06A4608213248FFF7CCFD337853
:108D5000002BC8D12B7801332B708EE71A7D8DF84C
:108D600005201A7E8DF801201A7F8DF803201969DD
:108D700006220DF10700F8F7FCFAE3E75B6A83B11E
:108D80001B882749ADF8013015220DF10300F8F7D3
:108D9000F0FA2348F7F72EFA142884BF0323337020
:108DA000D0E74FF6FF73ECE7032917D10021182213
:108DB0006846317010F00EF91B498DF800401722FB
:108DC0000DF10100F8F7D5FA1548F7F713FA2B283B
:108DD00084BF042333706A460921B5E783D9002193
:108DE00018226846317010F0F5F80DF101000F49B6
:108DF0008DF800401722F8F7BCFA9DF800300548BE
:108E0000803B6A4609218DF80030FFF76CFDA1E731
:108E1000603800201820002061380020DCBD0108E7
:108E2000623800208C2A0020773800208E380020FD
:108E300010B500230B700246007830280C4611D87C
:108E4000094B282101FB00331B79FF2B06D0B2F917
:108E50000110FDF7CBFE2070012010BD511CFDF765
:108E6000E9FEF8E71846F8E7DCBD010804380728F2
:108E70000DD8DFE800F004060C080C0C0C0AFFF714
:108E8000F1BDFFF713BEFFF7E5BEFFF779BD7047F1
:108E9000D20638B505460C4604D5BDE83840204911
:108EA0000FF036BECB044CBF1E491F490FF030FEF9
:108EB000A1070BD51D4928460FF02AFEE3072ED443
:108EC00028461B49BDE838400FF02ABEA20501D54F
:108ED0001849F0E7230601D51749ECE7E00501D56D
:108EE0001649E8E7164BA34301D11649E3E7E1032E
:108EF00001D51549DFE7220501D51449DBE7E30673
:108F000001D51349D7E7600701D51249D3E72107F7
:108F100001D51149CFE7E202D0D51049CBE738BDE2
:108F200053AF010858AF01085CAF010861AF0108F9
:108F300086AF010866AF0108B0B60108A3B8010802
:108F4000100001006BAF010870AF010810B70108F5
:108F500075AF010878AF01087DAF010881AF010846
:108F600010B51422044600212A3010F033F80023F3
:108F7000C4F8D032A4F8D432C4F8D832FF2384F82D
:108F8000DC3210BD0B68C0F890304B68C0F89430EC
:108F90000B7A80F89830012380F82D3080F8333038
:108FA00090F89630DB0980F8D5327047993001F19E
:108FB000280351F8042B40F8042B9942F9D10B886F
:108FC00003808B788370704710B500F1C40301F102
:108FD000340251F8044B43F8044B9142F9D1012378
:108FE00080F82E3010BDF83001F11C0351F8042B2D
:108FF00040F8042B9942F9D10B780370704710B5F3
:1090000000F2151301F11C0251F8044B43F8044B14
:109010009142F9D1012380F8323010BD10B500F231
:10902000311301F11C0251F8044B43F8044B9142F7
:10903000F9D140F201134385012380F8303080F8E4
:10904000D23290F8D53253B990F8D4323BB9D0F837
:109050003931C0F82C32D0F83531C0F8283210BD83
:1090600000F2671001F1100351F8042B40F8042BB3
:109070009942F9D10B880380704700F24D1001F13D
:10908000180351F8042B40F8042B9942F9D10B88AE
:109090000380704710B500F2791301F1140251F802
:1090A000044B43F8044B9142F9D1012380F831304D
:1090B000D0F8993013F0100308D0D0F89D3013F099
:1090C00010031CBFD0F8A130C3F3001380F83D306B
:1090D00010BD00F28D1001F1140351F8042B40F87B
:1090E000042B9942F9D10B880380704791F8203006
:1090F00030B57BB90B4600F2A31201F1340453F8EA
:10910000045B42F8045BA342F9D11B88138001235E
:1091100080F82F3091F82030012B0ED100F2D913B6
:1091200001F1340251F8044B43F8044B9142F9D158
:109130000A881A80012380F8343030BD0B68C0F8EB
:109140000F324B68C0F813320B7A80F817320123C4
:1091500080F8D33270470B68C0F818324B68C0F8FB
:109160001C32012380F8323070470B68C0F820327F
:109170004B68C0F82432012380F83630704710B5B0
:1091800000F50A7301F13C0251F8044B43F8044B1B
:109190009142F9D1012380F8303080F8D43210BDEB
:1091A00010B500F5197301F1340251F8044B43F87E
:1091B000044B9142F9D10A881A80012380F82C309F
:1091C00010BDF0B500252C460126AB4206D8036839
:1091D000214001FA02F213430360F0BD06FA05F7DD
:1091E0003C430135F1E770B50446084694F82A601F
:1091F00016B90026304670BD94F8E0300022022BEC
:1092000084F82A20F5D90A60D4F83551002DC8BF5A
:109210006D423223B5FBF3F11E2301EB4101FFF751
:10922000D0FFD4F8351102231E22C90FFFF7C9FF62
:10923000E0E770B50446084694F82B6016B900269E
:10924000304670BD94F8E0300022022B84F82B20C9
:10925000F5D9D4F839510260002DC8BF6D423223D0
:10926000B5FBF3F11E2301EB4101FFF7AAFFD4F890
:109270003931002B4FF002034FF01E02B4BF03211F
:109280001946FFF79EFFDBE738B50446084694F819
:10929000D022AAB994F82C30DBB384F82C2004F542
:1092A000197304F29A2204F5267153F8045B42F80C
:1092B000045B8B42F9D11B8813800123A4F8D032C0
:1092C00000230360182594F8D132312B06D85A1C9C
:1092D000234484F8D12293F89B12E1B994F89A12AE
:1092E000012319400722FFF76CFF94F89A1201231B
:1092F0000F22C1F34001FFF764FF94F89A12012393
:109300001722C1F38001FFF75CFF002384F8D032FD
:109310000123184638BD2A46083D0723EDB2FFF762
:1093200050FFF82DCFD194F8D132312BD6D8EFE7BA
:1093300003462DE9F04793F82D600846002E65D0CE
:1093400093F81552D3F89010B3F88B4193F8D57277
:1093500093F8D3820022AD1A83F82D2001F1010188
:1093600018BF01254CB1632CD7BFC4EB84143F2434
:1093700031346422D8BFB4FBF2F4B3F91331002BBB
:1093800047D0642293FBF2F3522BA8BF5223132B36
:10939000B8BF1323A3F113094FF0000A0523524667
:1093A000C0F800A0FFF70DFF022305225146FFF78A
:1093B00008FF012307223946FFF703FF0123082294
:1093C0003946FFF7FEFE012309225146FFF7F9FE59
:1093D00002230A225146FFF7F4FE01230C225146D4
:1093E000FFF7EFFE01230D224146FFF7EAFE0123BE
:1093F0000E222946FFF7E5FE072313222146FFF739
:10940000E0FE06231A224946FFF7DBFE3046BDE8A0
:10941000F0879946C0E700002DE9F84390F82E80C8
:109420000D46B8F1000F3AD090F8E1300021FF2B43
:1094300080F82E1003D00F2B28BF0F23194690F869
:10944000E090B9F1030F2DD84FF000062FD07F2701
:109450003446002228462A600423FFF7B2FE022386
:1094600004224946FFF7ADFE012202213846F8F7F3
:1094700055FF0823014606222846FFF7A2FE0223D5
:109480000E223146FFF79DFE022211462046F8F7D4
:1094900045FF0A23014616222846FFF792FE404662
:1094A000BDE8F883A9F10306062E28BF06260A2385
:1094B000B0F8D870D0F8D440B7FBF3F70B4B7F2F40
:1094C000A8BF7F279C4208DC094B9C4209DB642330
:1094D0004FF0030994FBF3F4BBE7064C4FF003098C
:1094E000B7E7054C4FF00309B3E700BFC3C9C1009C
:1094F0003D363EFF18F00100E80FFEFF2DE9F04178
:1095000090F830302DED088B05460E462BB900271C
:10951000BDEC088B3846BDE8F08190F8D27200238C
:1095200080F83030002FF2D0D0ED8A7AD0F8353183
:109530009FED60BA9FED60AAF8EEE78A09EE103A57
:1095400068EE8B8AB8EEC99A68EE8A8A29EE0B9A81
:10955000B0EE680A0EF0C2F929EE0A9AF0EE40AABF
:10956000B0EE490A0EF0BAF9D5F83931D5ED8B7A5B
:1095700008EE103AB8EEC88AF8EEE77A28EE0B8AC1
:109580006BEE677A28EE0A8AF0EE409AA7EE8A8A96
:109590004FF00008B0EE480A0EF0E0F929EE80BA6C
:1095A000B0EE490A0EF0DAF9F0EE40BAB0EE680A11
:1095B0000EF0D4F9B0EE40AAB0EE480A0EF08EF9E3
:1095C00029EE8AAA60EE4A0AB0EE4B0AEAEEAB0A2E
:1095D0000EF082F9DFED397A60EE277A39EE689A7B
:1095E000F5EEC07AF1EE10FA44BF9FED357A77EED2
:1095F000877AB6EE00AAFDEEE77A29EE0A0A17EEA0
:10960000903A9BB2A3F1B40424B2002CBCBFB43393
:109610001CB2B4F5B47FA4BFA4F5B47424B20EF0A8
:109620009DF9F0EE408A28EE0A0A0EF097F960EEF6
:10963000007A67EEAA7A27EEA90AA8EEA80A0EF029
:10964000D7F80EF01DF9DFED1F7AD5F84131C6F8D5
:10965000008020EE270A6422BDEEC00A93FBF2F5DB
:10966000B8EEC00A0222FDEEC07A032117EE900A7E
:10967000F8F754FE07EE905A01460C234246304656
:10968000FFF79FFDF8EEE77A0222FDEEE77A03216D
:1096900017EE900AF8F742FE0D2301460C223046E1
:1096A000FFF78FFD07231922032194FBF1F1FFF748
:1096B00088FD2DE795BFD63335FA8E3CE12E654205
:1096C0000000B443706D424BF8B590F831702DED49
:1096D000028B04460D46002F43D0D0F8853100EEB2
:1096E000103A0026B2EE048A80F8316028EE000AB3
:1096F0000EF0A0F8D4F87D31F0EE408A00EE103A7A
:1097000028EE000A0EF096F8B4F989112E60FDEEED
:10971000E87A01EB810417EE900A01220221B0EEF3
:10972000408AF8F7FBFD0923014632462846FFF739
:1097300048FDFDEEC87A0122022117EE900AF8F7E3
:10974000EDFD0823014609222846FFF73AFD0B23C9
:1097500011222146FFF735FD01231C223146FFF778
:1097600030FDBDEC028B3846F8BDF8B590F83D7081
:109770002DED028B04460D46002F43D0D0F88531E5
:1097800000EE103A0026B2EE048A80F83D6028EE22
:10979000000A0EF04FF8D4F87931F0EE408A00EE6E
:1097A000103A28EE000A0EF045F8B4F989112E603F
:1097B000FDEEE87A01EB810417EE900A0122022106
:1097C000B0EE408AF8F7AAFD092301463246284642
:1097D000FFF7F7FCFDEEC87A0122022117EE900A8E
:1097E000F8F79CFD0823014609222846FFF7E9FC0B
:1097F0000B2311222146FFF7E4FC01231C2219460A
:10980000FFF7DFFCBDEC028B3846F8BDF8B590F8E9
:1098100032702DED048B04460D46002F4AD0D0F84F
:1098200019319FED269A9FED260A07EE903A67EED2
:10983000897A0026B1EE048A80F83260A7EE880AA1
:109840000DF0F8FFD4F81D3107EE903AF0EE408AA3
:1098500067EE897A9FED1B0AA7EE880A0DF0EAFFF2
:10986000DFED197AB0EE408A94ED860A20EE270AE1
:109870000DF0E0FFFDEEE87A284617EE901A0B2374
:1098800032462E60FFF79DFCFDEEC87A0A2317EEE4
:10989000901A0B22FFF795FCFDEEC07A01220321FE
:1098A00017EE900AF8F73AFD0B23014615222846D9
:1098B000FFF787FCBDEC048B3846F8BDE12E65420E
:1098C000000061440000E1430000C84238B503468F
:1098D000084693F8334014B90024204638BD93F865
:1098E000DC220132D2B20021032A83F833100FD9CF
:1098F00083F8DC1293F894100125002202601823EB
:10990000FFF75FFC082318222946FFF75AFCE4E71B
:1099100083F8DC22002AEDD0012ADDD1D3F8D81259
:109920000029D9D00425E8E71C2945D8DFE801F053
:109930000F121416181A1C1E4420442244242628F0
:109940002A2C2E30323436383A3C3E4042001B49F5
:109950000FF0DEB81A49FBE71A49F9E71A49F7E7A9
:109960001A49F5E71A49F3E71A49F1E71A49EFE707
:109970001A49EDE71A49EBE71A49E9E71A49E7E717
:109980001A49E5E71A49E3E71A49E1E71A49DFE727
:109990001A49DDE71A49DBE71A49D9E71A49D7E737
:1099A0001A49D5E71A49D3E71A49D1E71A49CFE747
:1099B0001A49CDE71A49CBE71A49C9E7A7B6010802
:1099C0005CAF010888AF01088DAF010892AF0108B4
:1099D00097AF01089CAF0108A1AF0108A6AF01082D
:1099E000ABAF0108B0AF0108B5AF0108BAAF0108CD
:1099F000BFAF0108C4AF0108C9AF0108CEAF01086D
:109A0000D3AF0108D8AF0108DDAF0108E2AF01080C
:109A1000E7AF0108ECAF0108F1AF0108F6AF0108AC
:109A2000FBAF0108E8A40108192941D8DFE801F0DB
:109A30000D10121416181A1C1E4020222426282A43
:109A40002C2E30323436383A3C3E1A490FF060B88A
:109A50001949FBE71949F9E71949F7E71949F5E702
:109A60001949F3E71949F1E71949EFE71949EDE712
:109A70001949EBE71949E9E71949E7E71949E5E722
:109A80001949E3E71949E1E71949DFE71949DDE732
:109A90001949DBE71949D9E71949D7E71949D5E742
:109AA0001949D3E71949D1E71949CFE71949CDE752
:109AB0001949CBE766AF0108A1AF0108A7B60108B5
:109AC00000B001085CAF010805B001080AB0010848
:109AD0000FB00108BAAF01088DAF01089CAF0108B3
:109AE00097AF010814B00108CEAF010892AF01088A
:109AF00019B001081EB0010823B0010828B0010800
:109B00002DB0010832B0010837B001083CB001089F
:109B100041B0010846B00108E8A40108102925D881
:109B2000DFE801F0090C240E1012141618241A1C78
:109B30001E24242022000E490EF0EABF0D49FBE747
:109B40000D49F9E70D49F7E70D49F5E70D49F3E749
:109B50000D49F1E70D49EFE70D49EDE70D49EBE759
:109B60000D49E9E70D49E7E70D49E5E70D49E3E769
:109B700066AF01085CAF01084BB00108A3B801084B
:109B800097AF0108E2AF010850B0010855B00108D5
:109B90008DAF01089CAF0108D8AF010892AF010852
:109BA00019B00108E8A40108142921D8DFE801F060
:109BB0000B0E101214202016201820202020202008
:109BC0001A20201C1E000B490EF0A2BF0A49FBE719
:109BD0000A49F9E70A49F7E70A49F5E70A49F3E7C5
:109BE0000A49F1E70A49EFE70A49EDE70A49EBE7D5
:109BF0000A49E9E7A7B601085CAF01085AB00108B5
:109C00008DAF010892AF0108A1AF01085FB0010854
:109C1000BFAF010866AF010864B00108E8A40108FD
:109C200023289ABF014B185C0220704755BD0108DC
:109C30000B46013B1146032B0BD8DFE803F002046F
:109C40000608FFF771BEFFF7EFBEFFF767BFFFF72C
:109C5000ABBF01490EF05CBFE8A4010838B5384B32
:109C60000446821C03F1280153F8040B42F8040B4C
:109C70008B42F9D100252946C4E9245584F898502F
:109C80002B2204F199000FF0A5F92946342204F1A2
:109C9000C4000FF09FF929461D2204F1F8000FF0CF
:109CA00099F929461C2204F215100FF093F9294660
:109CB0001C2204F231100FF08DF929461A2204F209
:109CC0004D100FF087F92946122204F267100FF0A9
:109CD00081F92946142204F279100FF07BF9294604
:109CE000162204F28D100FF075F92946362204F27F
:109CF000A3100FF06FF92946362204F2D9100FF0A5
:109D000069F92946C4E98655C4E98855C4F80F5253
:109D1000C4F8135284F817523C2204F50A700FF06D
:109D200059F92946362204F519700FF053F93622F5
:109D3000294604F29A200FF04DF9204638BD00BFA5
:109D4000AEA001082DE9F04F2DED068B85B0437EC6
:109D5000C77E0093837E009A457F867F90F820C05F
:109D600090F82BE090F82D80BF000C4647EA93173F
:109D700003F03F01037F490141EAD20103F00102F0
:109D800047EA822705F00F02D20142EA530206F0A9
:109D90007F031B0143EA1513C57F01936D0045EA5C
:109DA000D6150CF0030645EA462390F8216002928E
:109DB00006F01F05AD0108EE103A45EA9C0390F845
:109DC000225090F824C00391ED0008EE903A45EA45
:109DD000561390F823500CF0070609EE103A45EAA6
:109DE000062390F8255005F03F06760109EE903ADB
:109DF00046EADC0390F8266090F827C0B60046EAF1
:109E000095160CF0010546EA852690F8285005F0D5
:109E10000F0B4FEACB1B4BEA5C0B90F829C00CF000
:109E20007F0A4FEA0A1A4AEA151A90F82A506D007A
:109E300045EADC150EF0030C45EA4C2590F82CC0E1
:109E40000AEE103A4FEAC808009B48EA5C180CF08A
:109E50001F0990F818C003F007004CEA00204FEAF1
:109E6000891949EA9E09F7F738F8039920800846CE
:109E7000F7F733F860803846F7F72FF8029AA0809A
:109E80001046F7F72AF8019BE0801846F7F725F807
:109E9000208118EE100AF7F720F8608118EE900A7A
:109EA000F7F71BF8A08119EE100AF7F716F8E08112
:109EB00019EE900AF7F711F820821AEE100AF7F758
:109EC0000CF860823046F7F708F8A0825846F7F79A
:109ED00004F8E0825046F7F700F820832846F6F7AA
:109EE000FCFF60834846F6F7F8FFA0834046F6F78C
:109EF000F4FFE08305B0BDEC068BBDE8F08F4A7837
:109F0000013A92B202310020F7F748B838B504465A
:109F10000175002937D0002580F8BD50034680F830
:109F20006C5000F1500280F8655080F8665080F85F
:109F3000675080F8685080F86A5080F86B5083F85A
:109F40008451C3F8885108339342F8D14FF6FF7318
:109F5000A4F8BE300C4BC4F8C03004F5EA70FEF72C
:109F6000FFFF0A4B0A4A1A600A4B0B4AC4F8B45462
:109F7000A4F8B854C4F8BC5420461A60FEF71AFA84
:109F8000064B074A1A6038BD0000C07F94020020CB
:109F9000398400089802002089840008F43B0020DE
:109FA00061840008037D70B504460D4613B9002690
:109FB000304670BDFEF76EFA94F8653003F0FF0688
:109FC000002BF4D0002384F8653004F115012046FD
:109FD000FFF795FFA37D23449B7D8342E7D129466C
:109FE0002046FFF7AFFEE3E70346007D30B560B3E0
:109FF00093F86C4004F0FF003CB31D79002483F813
:10A000006C403DB1132A1C7111D8114C22784AB909
:10A0100001222270DA88541CD2B2DC8052B90323A8
:10A020000B7012E0013AD2B22270002AF2D1002263
:10A03000DA80EFE793F8672002F0FF0432B10022E4
:10A0400083F8672005230B70204630BD0423E7E723
:10A050008D0B0020027D03460AB90020704790F85E
:10A06000682002F0FF0022B1002283F868200A7005
:10A07000704793F86A2002F0FF002AB1002283F8AB
:10A080006A2001230B70704793F86B2002F0FF00E9
:10A0900022B1002283F86B200223F3E793F86620B5
:10A0A00002F0FF00002AD8D0002283F866205A7DF3
:10A0B000EE2AD2D1DB7D812BCFD10323E2E738B565
:10A0C00004461D46EA23084684F86D30AB1C114651
:10A0D00084F86E302A4684F86F0004F170000EF0A8
:10A0E00045FD04F16D012046FFF709FF63190435B2
:10A0F00083F87000EDB284F8BD5038BD13460A46AF
:10A100008221FFF7DCBF000070B50C4600F1DC06D1
:10A1100005461022002130460EF05CFF6379032BC8
:10A1200010D12079FFF77CFD22680146D2B230467B
:10A13000FFF77EFD94F90630002B03DB0349304620
:10A140000EF0EEFC012385F8843170BD86AF010866
:10A1500037B504460D460868496850EA010331D016
:10A16000194A0023F6F7E2FCCDE9000168460EF03B
:10A170001DFE436903F26C735BBAA4F8D330036924
:10A18000114A013384F8D530C36884F8D630836827
:10A1900084F8D730436884F8D830036884F8D9301D
:10A1A000286869680023F6F7C1FC104619464FF489
:10A1B0007A720023F6F7BAFC40BA0123A4F8DA0059
:10A1C00084F8CC3103B030BD40420F00002310B5FD
:10A1D0001A464FF6FF74191D00EB410101334988FF
:10A1E000A14218BF52180A2BF5D1B0F829301344F8
:10A1F000B0F82B201A44B0F82D30B0F82F001344DB
:10A20000184410BD2DE9F04190F82F7004460D461A
:10A2100097B3002680F82F6000F2A310FFF7D6FF57
:10A22000B4F9C131D4F8A3812E60B342B8BF34462B
:10A230004FF0640290FBF2F1A8BF0A222846A8BFA3
:10A2400093FBF2F409230022FEF7BBFF0122022157
:10A250002046F8F763F80823014609222846FEF74E
:10A26000B0FF47F6FF7141454FF00F034FF0110269
:10A27000A8BF4146FEF7A5FF3846BDE8F0812DE9AD
:10A28000F04190F8347004460D4697B3002680F8EC
:10A29000346000F2D910FFF799FFB4F9F731D4F820
:10A2A000D9812E60B342B8BF34464FF0640290FBB0
:10A2B000F2F1A8BF0A222846A8BF93FBF2F40923B3
:10A2C0000022FEF77EFF012202212046F8F726F841
:10A2D0000823014609222846FEF773FF47F6FF715F
:10A2E00041454FF00F034FF01102A8BF4146FEF762
:10A2F00068FF3846BDE8F081F0B591B00D46F22315
:10A3000001A904461646ADF80830FFF711F838B138
:10A310002389ADF80A30019B039301238DF809309E
:10A3200001A92046FFF7D0F970B19DF8093010A9B6
:10A33000062202FB0312218A22F8361C01330199FE
:10A3400042F8341C8DF8093001A92046FFF70DFAB8
:10A3500070B19DF8093010A9062202FB0312218D6D
:10A3600022F8361C0133019942F8341C8DF809306B
:10A3700001A92046FFF74AFA70B19DF8093010A9EB
:10A38000062202FB0312618A22F8361C013301996E
:10A3900042F8341C8DF8093001A92046FFF73CF83B
:10A3A00070B19DF8093010A9062202FB03126189E1
:10A3B00022F8361C0133019942F8341C8DF809301B
:10A3C00001A92046FEF70FFF70B19DF8093010A9D2
:10A3D000062202FB0312618822F8361C0133019920
:10A3E00042F8341C8DF8093001A92046FEF721FF00
:10A3F00070B19DF8093010A9062202FB0312A18852
:10A4000022F8361C0133019942F8341C8DF80930CA
:10A410009DF80970082F11D801A92046FFF7F2FE18
:10A4200060B110AA062303FB0723A28923F8362C68
:10A430000137019A43F8342C8DF809709DF80970A2
:10A44000082F11D801A92046FFF719FF60B110AA03
:10A45000062303FB0723E28A23F8362C0137019AEF
:10A4600043F8342C8DF809709DF80970082F11D825
:10A4700001A92046FFF742F860B110AA062303FBAA
:10A480000723E28923F8362C0137019A43F8342C4C
:10A490008DF809709DF80970082F11D801A9204680
:10A4A000FFF714FA60B110AA062303FB0723A28A60
:10A4B00023F8362C0137019A43F8342C8DF80970B3
:10A4C0009DF80970082F11D801A92046FEF7DCFE7F
:10A4D00060B110AA062303FB0723E28823F8362C79
:10A4E0000137019A43F8342C8DF809709DF8090062
:10A4F00050B100EB40035B000233DAB2327002A9C4
:10A5000028460EF033FB012011B0F0BD2DE9F04FCD
:10A51000334B04461F68064600F15001034697B0CE
:10A5200040F6C4100125D3F8882122B1BA1A82421C
:10A5300088BF83F8845108338B42F4D14FF0000870
:10A540008DF8078004F17809254604F16D0A96F824
:10A5500084319DF807B05BB395F814310BEB03021F
:10A560002B2A0DDD9DF8075045B32A4602A904F1B8
:10A570006D000EF0FBFA84F8BD5017B0BDE8F08F07
:10A5800086F88481C6F88871D5F8102195F80C11E9
:10A590002046FFF794FD02AB03EB0B0094F8BD20BF
:10A5A00051460EF0E3FA94F8BD305B448DF8073065
:10A5B0000C354D4506F10806C9D1D3E70DF1070268
:10A5C00002A904F5EA70FFF797FE0028D5D09DF8A0
:10A5D000073002AA80212046FFF771FDCDE700BFBA
:10A5E000086A002070B591F8205004460E465DBB05
:10A5F0000846FFF7EBFD642390FBF3F040BAA4F8A4
:10A60000EC00B6F91E30591C1CBF0A2593FBF5F56A
:10A610006DBAA4F8EE5033680C4A23EAE373934210
:10A6200028BF13461A0C84F8F0201A0A84F8F12087
:10A6300084F8F23096F923305A1C08BF002384F8BE
:10A64000F330012384F8C43170BD00BFFFFF7F00E9
:10A650008B689FED147A07EE903A67EE877AFDEEED
:10A66000E77A17EE903A5BBAA0F8F4304B6807EE41
:10A67000903A67EE877AFDEEE77A17EE903A5BBA8A
:10A68000A0F8F630CB6807EE903A67EE877AFDEED9
:10A69000E77A17EE903A5BBAA0F8F830012380F819
:10A6A0009431704700401C464B681BBAC0F8C43058
:10A6B0008B681BBA4FF47A72C0F8C830CB6893FB32
:10A6C000F2F3134483F310035BBAA0F8D0304B8B42
:10A6D0005BBAD0ED307AA0F8CE30B2EE047A67EEF5
:10A6E000877A9FED0F7A67EE877AFCEEE77A17EEAE
:10A6F000903A5BBAA0F8CC3090F8BE30FF2B0CD06B
:10A7000090F8BF20FF2A02D0934238BF134680F84A
:10A71000D230012380F88C3170470023F7E700BF67
:10A72000666666400B689FED127A07EE903A67EE18
:10A73000877AFCEEE77A17EE903A5BBA0122A0F82E
:10A74000FF3080F8AC214B68C0F8C030CB689FED7B
:10A75000097A80F89C2107EE903A67EE877AFDEE41
:10A76000E77A17EE903A5BBAA0F8FA30704700BF6C
:10A77000000010420000C8424B689FED157A07EEBA
:10A78000903A67EE877A0122FCEEE77A9FED117A24
:10A7900017EE903A1BBAC0F80431B1F90C3080F8CA
:10A7A000BC211BBAC0F8083180F80121B1F90C3086
:10A7B00080F8B42107EE903AF8EEE77A67EE877AF0
:10A7C000FDEEE77A17EE903A5BBAA0F802317047D7
:10A7D0000000C842CDCCCC3D70B58A68C2F31702E8
:10A7E0003E2A90B004460B4600F0938141D8212ABE
:10A7F00026D8172A0AD8012A00F03181022A00F04F
:10A800009480002A00F0848010B070BD183A092AA4
:10A81000FAD801A151F822F07FA9000809A8000880
:10A8200009A80008ABAA000809A800081DAA00088A
:10A8300065A9000809A8000809A8000803AA0008DB
:10A840002A2AE1D14D78112D01F10C0100F253813A
:10A850002A4601A80EF08AF901ABC5F112020021C7
:10A8600058190EF0B7FB01A904F5EA70FEF7F8FBE2
:10A87000CAE7A22A00F097812DD8882A00F06D81BE
:10A880001AD84A2A00F0B1807C2ABDD14D78382DE3
:10A8900001F10C0100F29B802A4601A80EF066F936
:10A8A00001ABC5F13902002158190EF093FB9DF858
:10A8B000253084F8BF30A7E7932AA5D101A8F8F77F
:10A8C000C5F801A92046FFF78DFE01A904F5EA703D
:10A8D000FEF70CFC98E7F22A00F077810DD8AD2A3C
:10A8E00000F06A81E22A8FD101A8F8F701F901A9E5
:10A8F00004F5EA70FEF739FC86E7FD2A84D101A849
:10A90000F8F7A4F801A904F5EA70FEF749FC7BE723
:10A9100001A8F8F7D3F801A92046FFF7F5FB01A934
:10A9200004F5EA70FEF72EFB6EE74D780B2D01F172
:10A930000C0610D82A46314601A80EF017F901ABD3
:10A94000C5F10C02002158190EF044FB01A9204664
:10A95000FFF7FEFB58E7C868716801AA03C2B06838
:10A960001060F3E7194601A8F8F78DF8204601A911
:10A97000FFF76EFE04F5EA70FEF741FB44E75D78F1
:10A98000332D03F10C0114D82A4601A80EF0EEF87D
:10A9900001ABC5F13402002158190EF01BFB9DF8E4
:10A9A000213084F8BE3001A904F5EA70FEF70CFBF3
:10A9B0002AE70A4601AD3C33106851682E4603C6AB
:10A9C00008329A423546F7D110683060E7E70A4608
:10A9D00001AD4433106851682E4603C608329A42CE
:10A9E0003546F7D11378337061E701A8F8F713F90A
:10A9F000204601A9FFF796FE04F5EA70FEF74AFB30
:10AA000002E7194601A8F8F73EF8204601A9FFF72A
:10AA10004BFE04F5EA70FEF701FBF5E65D780F2DBD
:10AA200003F10C010FD82A4601A80EF09FF801ABE4
:10AA3000C5F11002002158190EF0CCFA01A92046E8
:10AA4000FFF79AFEE0E60A4601AE1C331068516833
:10AA5000354603C508329A422E46F7D1EEE74D78C7
:10AA60002A2D01F10C0110D82A4601A80EF07EF81B
:10AA700001ABC5F12B02002158190EF0ABFA01A968
:10AA800004F5EA70FEF792FABEE60A4601AD3433E9
:10AA9000106851682E4603C608329A423546F7D1EF
:10AAA00011889378B3703180E9E75D781C2D03F14C
:10AAB0000C0110D82A4601A80EF058F801ABC5F1D8
:10AAC0001D02002158190EF085FA01A904F5EA705B
:10AAD000FEF789FA98E60A4601AD243310685168FA
:10AAE0002E4603C608329A423546F7D110683060C8
:10AAF00013793371E9E70A4601AD1C3310685168D8
:10AB00002E4603C608329A423546F7D11388338061
:10AB1000A9E64D78192D01F10C0110D82A4601A89B
:10AB20000EF024F801ABC5F11A02002158190EF0FD
:10AB300051FA01A904F5EA70FEF79FFA64E60A46A5
:10AB400001AD2433106851682E4603C608329A427C
:10AB50003546F7D113883380EBE74D78152D01F199
:10AB60000C0110D82A4601A80EF000F801ABC5F17F
:10AB70001602002158190EF02DFA01A904F5EA7009
:10AB8000FEF7A7FA40E60A4601AD1C33106851688B
:10AB90002E4603C608329A423546F7D11068306017
:10ABA0009388B380E9E701A8F7F788FF01A904F5C6
:10ABB000EA70FEF7C3FA27E601A8F7F799FF01A9A3
:10ABC00004F5EA70FEF7C7FA1EE64D783B2D01F159
:10ABD0000C0110D82A4601A80DF0C8FF01ABC5F141
:10ABE0003C02002158190EF0F5F901A904F5EA70AC
:10ABF000FEF7C5FA08E60A4601AD4433106851680D
:10AC00002E4603C608329A423546F7D110683060A6
:10AC1000EBE700BF4A7922B18B79012B01D1FFF715
:10AC2000DBBD7047B0F5E16F03DC10F5E16F04DBCD
:10AC30007047A0F5616000B2F4E700F5616000B212
:10AC4000F3E70000B0F8B8348A8810B5044613F072
:10AC5000080008BFC4F8900113F0020308BFC4F84D
:10AC6000A831B2F5005F00F0B58007D86C2A18D083
:10AC70006D2A00F09D806A2A6ED010BD42F2020358
:10AC80009A4249D042F6FF739A42F6D1D4F8BC24D6
:10AC9000896804F1DC00FEF7FBF8012384F88431B5
:10ACA000EBE7B1F90A009FED4F7AFFF7BBFF07EE24
:10ACB000900AF8EEE77A67EE877AFDEEE77A17EE0C
:10ACC000903A5BBAA4F8F430B1F90800FFF7AAFF94
:10ACD00007EE900AF8EEE77A67EE877A9FED427A00
:10ACE000FDEEE77A17EE903A5BBAA4F8F630B1F9C8
:10ACF0000C00FFF797FF07EE900AF8EEE77A67EE91
:10AD0000877AFDEEE77A17EE903A5BBAA4F8F8304E
:10AD1000012384F89431B0E7B1F809300A22B3FB7B
:10AD2000F2F35BBAA4F8EC30B1F80B30B3FBF2F3FA
:10AD30005BBAA4F8EE30D1F8113084F8F2301A0C76
:10AD400084F8F0201A0A84F8F1204B7F84F8F3305D
:10AD5000012384F8C43190E700288ED0D1F80A305E
:10AD60001BBAC4F8C430D1F80E301BBAC4F8C830CE
:10AD70008B8A2422534332336422B3FBF2F35BBA4F
:10AD8000A4F8CC30CB8A0A2043435BBAA4F8CE3077
:10AD9000D4F8B43493FBF2F303F57A735BBAA4F8F6
:10ADA000D0304B7A84F8D230012384F88C3164E7B8
:10ADB000B1F90C2052BAA4F8FA20012284F89C219F
:10ADC000002B3FF45AAFD1F80E30C4F8B43484F8F5
:10ADD0008C2152E78B89A4F8B834D1F81130C4F82B
:10ADE000BC344AE758A08B416E882E437FB5254D71
:10ADF000044695F99200F6F7A7F800268DF80400AE
:10AE000028468DF80560F5F7F0FF95F895301E4D52
:10AE10008DF80600A8788DF808308DF80760F6F7F1
:10AE200083F895F852308DF8090013B995F854302D
:10AE300023B31648FAF735FDF6F751F88DF80A00F6
:10AE40001048F5F7ADFFF6F77FF88DF80B000D48C9
:10AE5000F5F7B8FF8DF80C000A48F5F7AAFF8DF852
:10AE60000D000848F5F7CCFF0A238DF8050001AA6C
:10AE700014212046FFF723F904B070BD0448FAF707
:10AE800018FED9E7103A002060080020BC3A0020E4
:10AE9000D83A002073B504461C481D4DF5F780FFD5
:10AEA000F6F752F88DF800001848F5F779FF95F895
:10AEB0005230064613B995F8543013B31548FAF7D3
:10AEC000D9FC01463046F6F749F88DF801000F48E5
:10AED000F5F778FF8DF802000C48F5F76AFFFF23BD
:10AEE0008DF80300A8788DF80430F6F725F80623CE
:10AEF0008DF805006A461D212046FFF7E0F802B0F4
:10AF000070BD0548FAF7BEFDDBE700BF103A002030
:10AF100060080020BC3A0020D83A002073B51F4CCE
:10AF2000054694F99200F6F70FF894F992601C4CDC
:10AF30008DF8000094F8523013B994F8543023B3CC
:10AF40001848FAF797FC01463046F6F707F88DF8EF
:10AF500001001248F5F749FF00238DF8033094F8FB
:10AF600052308DF8020013B994F854308BB10D486B
:10AF7000FAF797FCC3B28DF804306A4605231C210A
:10AF80002846FFF79CF802B070BD0748FAF77AFD33
:10AF9000D9E70548FAF78DFDECE700BF103A00202D
:10AFA00060080020BC3A0020D83A002030B595B0A7
:10AFB0004EF6EA631A49ADF80030044614220DF14A
:10AFC0000200F6F7E8F90DF10200F5F713F9C3B244
:10AFD000DA1CD0B2694651FA82F26D250DF80050A4
:10AFE0004C205070522090705320D070312010713E
:10AFF0006FF02B0000215071042501201133917155
:10B00000D171117250729572D07211735173DBB29B
:10B010006A4629212046FFF752F815B030BD00BF1F
:10B0200044AF010870B5054694B005F16D06FFF711
:10B03000DDFE95F8BD20314668460DF097FD95F888
:10B04000BD402846E4B2FFF725FF95F8BD20314604
:10B050000DEB04000DF08AFD95F8BD301C44284628
:10B06000E4B2FFF75BFF95F8BD2031460DEB04001D
:10B070000DF07CFD95F8BD301C44E4B222466946D3
:10B0800030460DF073FD85F8BD4014B070BD000072
:10B090000038024B18BF012018707047400B002089
:10B0A00070B552BB042B5BD89EB22BB34F4C94F8B7
:10B0B00028301546626A0333DBB2D20084F82830A8
:10B0C000626213E0083BDBB284F82830B1F800C0BC
:10B0D000BCF5817F0CF1010E40D2626AA1F800E05C
:10B0E00022FA03F300F80C3094F82830072BE9D843
:10B0F0000135AAB29642DDD870BDFF2AFCD1032BE0
:10B1000051D81FFA83FC002BF6D0384C94F8283025
:10B110004FF0000E626A04331201DBB242F0020209
:10B1200084F82830626210E0083BDBB284F82830F3
:10B130000A88B2F5817F02F1010610D2656A0E809D
:10B1400025FA03F3835494F82830072BECD80EF13A
:10B15000010E1FFA8EF29445DCD870BDFEE7FEE7C3
:10B16000224C626A03F5C06343EA423294F8283005
:10B1700062620D33DBB284F8283010E0083BDBB2AA
:10B1800084F828300A88B2F5817F02F1010609D2DD
:10B19000656A0E8025FA03F3835494F82830072B50
:10B1A000ECD870BDFEE7114C626A03F5E06343EA38
:10B1B000423394F82820636202F10D03DBB284F875
:10B1C00028300EE0083BDBB284F828300A88B2F55C
:10B1D000817F09D2656ADD40531C0B80855494F849
:10B1E0002830072BEED870BDFEE700BF9015002079
:10B1F0002DE9F84F644C0027FF250F80057080254E
:10B20000676284F82870A5779946002B00F0AF801C
:10B2100003F1FF3A0B8812FA8AFA561E02F1FF0870
:10B22000BB463A46FF2B16F8015F0DD88AB15D4543
:10B230000BD10137BFB2994540F28680B24500F08C
:10B240008680B045EED1FEE7FEE7FBB25A46FFF737
:10B2500027FF6B1EDBB2FD2B2AD83F2B51D905F1FE
:10B260004103DBB23F2B28D894F82820636A0135CC
:10B27000EDB20832D2B245EA032384F82820636293
:10B2800011E0083AD2B284F828200B88B3F5817F08
:10B2900003F1010C34D2656AA1F800C025FA02F26C
:10B2A000C25494F82820072AEBD80B880022C2E762
:10B2B00001270B88AB463A46BDE794F82820636A1D
:10B2C0003F35EDB20932D2B245EA432384F8282053
:10B2D000636211E0083AD2B284F828200B88B3F5F3
:10B2E000817F03F1010C0AD2656AA1F800C025FA3A
:10B2F00002F2C25494F82820072AEBD8D5E7FEE7DB
:10B30000FEE794F82820636A7F35EDB20832D2B2A6
:10B3100045EA032384F82820636211E0083AD2B298
:10B3200084F828200B88B3F5817F03F1010C0AD241
:10B33000656AA1F800C025FA02F2C25494F82820E8
:10B34000072AEBD8B1E7FEE70020BDE8F88FAAB9DD
:10B3500094F8282062B1646AC2F108020125944081
:10B3600005FA02F2013A22435C190C80C2540B88A0
:10B37000994594BF00200120BDE8F88FFBB25A46E2
:10B38000FFF78EFE0B88E3E7901500202DE9F04FC4
:10B3900047F26F730022827003800B78A3F1FE03E3
:10B3A000B3FA83F35B0983708A780D4612F00101CA
:10B3B0001CBF43F080038370D5F8202122F07F4228
:10B3C00022F0FF0285B0044612B143F008038370F7
:10B3D000AA68C2F31702FF2A1ED9B2F5803F18D31C
:10B3E00063F07F03A37041F002014FF0020E0923C6
:10B3F0004FF00A0C0822E1700B20CDF804C01E4665
:10B4000017464FF007094FF0060A4FF0050B0421CD
:10B4100017E043F00203A370180600F1DF80082351
:10B420004FF0090C07220A204FF0000ECDF804C09F
:10B430001E4617464FF006094FF0050A4FF0040B61
:10B44000032195F8018004F8018004EB01082979B3
:10B4500004F80B10697904F80A10A97904F80910A6
:10B46000A178090709D595F82111A15495F8221161
:10B47000A1550346674662460646A968A154A278CC
:10B48000900707D5BA1C1F46AB68C3F30F23A3551B
:10B4900096B23346BEF1000F05D05A1C1F46AB7A58
:10B4A000A35596B23346A278D10606D55A1C1F463C
:10B4B00095F82331A35596B233464A4A127803F1E0
:10B4C000010914FA89FA05F10C0B42B16B785A465E
:10B4D0000DF10E015046FFF78BFE00285CD16A7813
:10B4E000504659461FFA82FA0DF040FB22783E4B37
:10B4F0006178D243D2B2072F9A5C82EA0102995C4A
:10B50000A27882EA0102995CE27882EA0102995CFF
:10B51000227982EA0102995C627982EA0102995CED
:10B52000A27982EA0102995CE27982EA01029A5CDC
:10B530001BD0217A4A40082F9A5C16D0617A4A4083
:10B54000092F9A5C11D0A17A4A400A2F9A5C0CD03C
:10B55000E17A4A400B2F9A5C07D0217B4A400C2F9E
:10B560009A5C1EBF617B4A409A5CA2551AFA89F325
:10B570009BB2B3F5947F0ED2B5F80C21E254981C1F
:10B58000B5F80C115A1C92B280B2090AB0F5947F3A
:10B59000A1540AD3FEE7FEE7A378BDF80EA043F05E
:10B5A0004003A37088F800A0A0E7AA78D20702D4CD
:10B5B00005B0BDE8F08FD5F81071D5F81811D5F8A1
:10B5C0001461275022180F335660916098B295F895
:10B5D0001C111173B0F5947FEAD3FEE74FF0000E13
:10B5E00005E700BF400B0020B0C501082DE9F84F6A
:10B5F000B14C15460F4680460146B0480DF0B6FAEC
:10B6000000228023B5F5817F3A802284626284F82B
:10B6100022304FD2A94E84F828204FF0FF099246DD
:10B62000012A76D8B4F820C0654540F2B180616A3D
:10B6300016F80C3002F108000CF1010CC0B243EA1C
:10B640000123A4F820C0A0F1020C23FA0CF1063269
:10B6500001F003015FFA82FE0229636284F828E0A8
:10B6600000F0BD80032944D0012924D1BEF1060F8A
:10B670000DD8228C954240F28B80B15C00F1060E11
:10B6800041EA032301325FFA8EFE22846362AEF147
:10B69000070E23FA0EF303F07F037D2B84F828E0D6
:10B6A00076D83A88FF2A23D84133511C398008F8CC
:10B6B000023019E0FEE7BEF1000F6BD1228C9542FB
:10B6C00066D9B15C013241EA03232284072284F85F
:10B6D00028201A06636200F1C8803B88FF2B06D839
:10B6E0005A1C3A8008F803A094F8282098E7FEE74F
:10B6F000FEE7AEF1060E5FFA8EF284F828203A8853
:10B7000023FA0EF3FF2A03F03F0301D8413BCCE7B5
:10B71000FEE7636AA2F1020C23FA0CF101F00301C7
:10B720005FFA8CFE022984F828E003D003291CD09C
:10B73000104699E7BEF1050F51D8218C8D4227D9CB
:10B74000705C02F1060E40EA032301315FFA8EFEBF
:10B7500063622184AEF1060E23FA0EF384F82820EA
:10B7600003F03F033A8801339FE7BEF1050FC0D8CD
:10B77000218C8D420CD9705C02F1060E40EA032345
:10B7800001315FFA8EFE21846362AEF1060EB4E7EA
:10B79000BDE8F88F0CF1FF3123FA01F10EF1FF3211
:10B7A000D2B2C90784F8282097D5F2B9228C9542E5
:10B7B000EED9B15C013241EA03232284072263629D
:10B7C00084F8282013F0800F40F08C803B88FF2BFA
:10B7D00000F287805A1C3A8008F8039084E7AEF1A3
:10B7E000060E636A5FFA8EF2B6E7013A23FA02F1B7
:10B7F000AEF10202D2B2C80784F82820E6D5002AAA
:10B800005ED1228C9542C3D9B15C41EA0323013257
:10B81000072118062284636284F8281058BF082282
:10B820002AD4B4F820C06545B2D90732D0B216F890
:10B830000C2042EA03220CF10103238462621346C6
:10B84000083884F82810C34038885FFA83FB00EB7F
:10B850000B03FF2B0FDC40445A4600210DF0BAFBCE
:10B860003B880BEB03023A803EE7062284F828204F
:10B8700013F0400FA8E7FEE708460822218C8D420E
:10B8800086D916F801C007324CEA03230131D2B23F
:10B890002184636284F82800083A23FA02F2388887
:10B8A0005FFA82FB00EB0B03FF2B03DC40445A469C
:10B8B000FF21D3E7FEE700BF9015002064140020AD
:10B8C000511EAEF1030023FA01F1C0B2C90784F89A
:10B8D000280011D407280DD9AEF10B01636AC9B253
:10B8E000AEE7FEE7511EC8B223FA01F1C90784F89A
:10B8F000280001D4014694E70728BFD9A0F1080128
:10B900000246C8B2C6E700BF2DE9F04F5788B7F529
:10B910008F7F8BB0144606460BD90022227000227E
:10B920006F2B628000F02581002333700BB0BDE8DF
:10B93000F08F12780E2A0D4624D80E2A00F2D580F8
:10B9400001A151F822F000BF1FB90008F7BA0008A2
:10B95000EBBA0008EBBA0008F7BA0008F7BA00081B
:10B96000F7BA0008F7BA0008F7BA0008F7BA0008F3
:10B970004FBB0008EBBA0008EBBA0008EBBA0008AE
:10B980002BBB0008692A40F2AE806A2A40F0AD80E5
:10B99000A74FF98A4A1E92B2002900F02181033292
:10B9A000DFF890E207EB020CB91CFF2211F8010B43
:10B9B000424061451EF80220F8D1934200F0FE801B
:10B9C0004FF0000984F80090C4F80290A4F80690A3
:10B9D000B7F81680B8F1020FA6D997F804A0BAF10B
:10B9E0006F0F00F05A83B8F1030F9DD07A796F2A58
:10B9F00000F06F83B8F1040F96D0BA796F2A00F087
:10BA00006E83B8F1050F8FD0FA796F2A00F0648346
:10BA1000B8F1060F88D03A7A6F2A00F06C83B8F13B
:10BA2000070F81D07A7A6F2A00F06283B8F1080F8D
:10BA30003FF47AAFBA7A6F2A00F05783B8F1090F52
:10BA40003FF472AFFA7A6F2A00F04C83B8F10A0F14
:10BA50003FF46AAF3A7B6F2A00F05383B8F10B0FC3
:10BA60003FF462AF7A7B6F2A00F04E83B8F10C0F7F
:10BA70003FF45AAFBA7B6F2A00F08D81B8F10D0FF9
:10BA80003FF452AFFA7B6F2A00F06683B8F10E0FD5
:10BA90003FF44AAF3A7C6F2A00F06A83B8F10F0F87
:10BAA0003FF442AF7A7C6F2A00F05F83B8F1100F49
:10BAB0003FF43AAFBA7C6F2A00F05483B8F1110F0B
:10BAC0003FF432AFFA7C6F2A00F04983B8F1120FCD
:10BAD0003FF42AAF3A7D6F2A00F04D83B8F1130F7F
:10BAE0003FF422AFFEE7632A05D800232370C4F891
:10BAF0000230E38019E74E4FFA8A122A14D8B91897
:10BB000001328B70FA822278092A3AD9A2F16401B3
:10BB100005293FF609AF653A042A00F27783DFE88A
:10BB200002F06D6965618300FEE77A1C6280EB5567
:10BB3000E38862889A4245D3002262802270B3F57E
:10BB4000947F4FF002020270438075D3FEE77A1CA7
:10BB50006280374EEB55A088727F618883189942C6
:10BB6000FFF6E4AE33785F0600F1B2810E23237056
:10BB7000DCE62F490A800122CA8264228B7022707F
:10BB8000D2E6002A3FF4D0AE013A082A3FF6CCAE06
:10BB900001A151F822F000BF4DBD000829B90008ED
:10BBA00029B90008C9BB0008C9BB000879BD000855
:10BBB0000BBD0008D3BC000843BD00080A220123C6
:10BBC0002270B2E60123B0E66288B2F5947F06D215
:10BBD000511C6180AB54237801332370A4E6FEE747
:10BBE000FF22EAE60722FB7622709DE66822BB76FA
:10BBF000227099E601227B70227095E662883B7084
:10BC00000021B2F5947F79700DD203F00103033B5C
:10BC1000511C6180AB5497F90030002BC0F2BB82FD
:10BC20000123237080E6FEE76A223B7722707BE6E1
:10BC300090150020B0C501082B78FD2B00F026815F
:10BC4000EB7803722B7943726B7943606A78083220
:10BC50007280002240F28510DFF808C47281FE2154
:10BC60000446013499424FEA540400F2DF80C0F0E8
:10BC7000EA808B4240F023812B78FD2B00F01C8161
:10BC80004FF0060B2846DFF8DC8310F801AF0BEB12
:10BC90000A0909F1FF3189B2F6F766FD04EB4407A2
:10BCA00008EB8707ADF808003979019102A8F6F78B
:10BCB00035FD05EB090215F809305278019903EBBF
:10BCC0000223BDF808209BB29A4200F0BE800523F3
:10BCD0002BE66288B2F5947F15D2511C6180AB547B
:10BCE0007B7813F0020340F012826288B2F5947FF1
:10BCF0000AD2511C6180AB543B78DD064CBF6923EE
:10BD00006A23237010E6FEE7FEE76288B2F5947FAF
:10BD100015D2511C6180AB543B787A78134313F0F1
:10BD2000020340F0EB816288B2F5947F08D2511C87
:10BD30006180AB546288B2F5947FDAD3FEE7FEE708
:10BD4000FEE76288B2F5947FD3D3FEE762883A8338
:10BD5000B2F5947F0FD2511C6180AB543A787B7757
:10BD600012F0010200F0D68106220833A280E3809F
:10BD700004232370D8E5FEE76288B2F5947F09D2E8
:10BD8000511C6180AB543B781F074CBF67230723CE
:10BD90002370C9E5FEE74FF00C09B8F1120F00D986
:10BDA000FEE707EB080208F1010A1FFA8AFA93700E
:10BDB00002AB52461846AA49A7F816A00CF0D6FEC8
:10BDC00000223A800122FA826F22BA706422227025
:10BDD00009F1010252450346BFF4A6AD08F1FF3157
:10BDE0000DF10902A1EB09014A4412FA81F24B4418
:10BDF00001924FF06A0E4FF007084FF00109002240
:10BE00004FF0690AF98A12290FD878180131F9829E
:10BE100013F8011F81702078092800F2078100289B
:10BE20006FD101999942EDD17EE5FEE7601E1418AD
:10BE3000824204F1010744D227F0010101EB5701CE
:10BE40005CF821100DE72246F1E7BB79DA0706D549
:10BE5000FA79924582BF521912F80B20B2729B07F1
:10BE60000BD56300234408EB83036A781B7A9A425C
:10BE700082BF5B1913F80B30F3726300234408EBA5
:10BE80008308317398F8053073734FE56B7903724B
:10BE9000AB7943726B7A297AEA791B0403EB0123AD
:10BEA000134443606A7802F10C014180A978C90704
:10BEB0007FF5CFAE1932CBE64FF00A0BE2E6032353
:10BEC00033E5684902EB4200144651F82010D0E6F1
:10BED00002A92844FFF78AFB737FBDF80810628827
:10BEE000CB1A9BB21A446280727F1A447277E2883E
:10BEF0001344E380338BB3F5947F01D2E95435E6E4
:10BF0000FEE7013808288CD80FF2040C5CF820F00A
:10BF100051BF000823BE000823BE000835BF00083B
:10BF200035BF0008E3BF0008A3BF000805C0000834
:10BF300081BF00086088B0F5947F08D200F1010C41
:10BF4000A4F802C0295421780131217069E7FEE785
:10BF500060883883B0F5947F11D200F1010CA4F809
:10BF600002C029543878797710F0010000F0178169
:10BF70000831E1800621A1800421217051E7FEE70C
:10BF80006088B0F5947F0BD200F1010CA4F802C0D8
:10BF900029543978C90600F12C8184F800E040E783
:10BFA000FEE76088B0F5947F19D200F1010CA4F887
:10BFB00002C0295439787878014311F0020140F029
:10BFC0001F816088B0F5947F0AD200F1010CA4F8BB
:10BFD00002C029546088B0F5947FD5D3FEE7FEE710
:10BFE000FEE76088B0F5947F0BD200F1010CA4F855
:10BFF00002C029543978080700F1058184F80080CF
:10C000000FE7FEE76088B0F5947F0ED200F1010CD7
:10C01000A4F802C02954797811F0020140F0EC80B4
:10C020006088B0F5947FAFD3FEE7FEE7A0F1640C23
:10C03000BCF1050F3FF6F5AE6538042800F2EF803D
:10C04000DFE800F0120A05032900F976D6E7B97691
:10C050004FF068012170E4E6797084F80090E0E622
:10C0600092150020B0C6010860883970B0F5947F41
:10C070007A700FD201F00101033900F1010CA4F82C
:10C0800002C0295497F900100029ACBF4946662127
:10C090002170C6E6FEE739777FE7B8F1120F3FF669
:10C0A0007FAE07EB080108F101028B7002AB92B280
:10C0B00018466249FA820CF059FD0122FA82642284
:10C0C000A7F8009087F802A0034622704FF00209FB
:10C0D00084E64FF0030960E64FF005095DE64FF096
:10C0E00004095AE64FF0090957E64FF0080954E6EB
:10C0F0004FF0070951E64FF006094EE6082323707A
:10C1000012E44FF00A0948E64FF00B0945E609230F
:10C11000237009E461880C33E380B1F5947F4FF01C
:10C120000A03A38016D27B78481C03F001036080C9
:10C130006B546188B1F5947F0DD2481C60806A54BD
:10C1400013B1E3880D33E380E388B3F5947FFFF404
:10C150000FAEFEE7FEE7FEE74FF00D091DE64FF0DC
:10C1600011091AE64FF0100917E64FF00F0914E60F
:10C170004FF00E0911E6B8F1120F3FF611AEB844B8
:10C18000BA7088F802300123FB82002264233A80CF
:10C190002370FFF7C9BB66232370FFF7C5BBB4F854
:10C1A00002C00C31E180BCF5947F4FF00A01A18000
:10C1B0001DD279780CF1010B01F00101A4F802B055
:10C1C00005F80C10B4F802C0BCF5947F10D20CF145
:10C1D000010BA4F802B005F80C0011B1E1880D3193
:10C1E000E180E188B1F5947FFFF4C6AEFEE7FEE79B
:10C1F000FEE784F800A014E64FF00901217010E674
:10C20000082121700DE6672121700AE6772B0DD0F9
:10C2100000232370C4F80230E380FFF785BB772941
:10C2200008D02270C4F80220E280FAE5652323706A
:10C23000FFF77ABB4FF065012170F2E592150020FF
:10C2400037B500F5EF65044600F5CA612846F6F7F4
:10C25000AEFB0246A0680192036829461B69984715
:10C26000E06838B10368019A1B69294603B0BDE84C
:10C270003040184703B030BD08B583684BB1B0F803
:10C280004C14B0F84A04F6F7C3FE003818BF01207A
:10C2900008BD1846FCE70346806880B1B3F84C241B
:10C2A000B3F84A14914209D09918013291F8500418
:10C2B000B3F84E140A40A3F84C247047002070478E
:10C2C000836810B504467BB10023A0F84C34A0F875
:10C2D0004A34C06810B10368DB699847A0680368F6
:10C2E000BDE81040DB69184710BD0000F8B5244FC9
:10C2F00004463846F4F754FDF4F7BEFD064697F9B8
:10C300009200F4F7B9FD05463846F4F752FD1D4B8F
:10C3100084F8606693F8353084F86156333384F8D6
:10C3200055366422442384F8622684F85636FF2268
:10C33000D4F8583684F864266D2262F31703C4F8E3
:10C340005836C0F10A000023C4F85C3684F871370F
:10C3500000B24FF43943A4F8723780F30700092381
:10C3600084F8630684F8743704F5CA6004F5A47190
:10C37000F6F7C8FE2046BDE8F840FFF761BF00BFF2
:10C38000103A0020BC08002010B5194B194A93F848
:10C390003530C0F86026333380F85536442380F8B2
:10C3A0005636D0F858366FF31703C0F858360023C6
:10C3B00080F85C3680F85D3680F85E3680F85F364F
:10C3C00080F871374FF44853A0F8723703220923DD
:10C3D000044680F8642680F8743700F5A47100F5EF
:10C3E000CA60F6F78FFE2046BDE81040FFF728BF71
:10C3F000BC08002000088004F0B587B00446002186
:10C40000102202A801910CF0E5FD484B93F835206D
:10C4100001AB03CB01ABC4F88006C4F8841603CB90
:10C4200001ABC4F88806C4F88C1603CB3332D2B201
:10C43000C4F89006C4F8941601AB04F5D36505AFB3
:10C440001E4603CEBE4228606960334605F10805EA
:10C45000F6D133882B80442384F85636D4F85836E6
:10C4600084F85526942262F3170318216FF05E02B8
:10C47000C4F8583684F85C16002384F86C26202112
:10C48000282284F85D1684F85E3684F85F3684F8D6
:10C49000603684F8613684F8623684F8633684F84E
:10C4A000643684F8653684F8663684F8673684F82E
:10C4B000683684F8693684F86A3684F86B3684F80E
:10C4C0006D2684F86E3684F86F3684F8703684F8FA
:10C4D000713684F8723684F8733684F8743684F8CA
:10C4E000753684F8763684F8773684F8783684F8AA
:10C4F000793684F87A3684F87B3684F871374FF4CD
:10C5000032430B4AA4F872374E2304F5CA60C4F8CC
:10C510007C2684F8743704F5A471F6F7F3FD204601
:10C5200007B0BDE8F040FFF78BBE00BFBC0800209D
:10C53000D016CB0F38B504461C4884F85E2600227E
:10C5400084F85F2684F8602684F8612684F86226E1
:10C5500084F86326442290F8350084F85626D4F8EF
:10C560005826A4F85C1684F8643684F871374D2197
:10C570008F239DF8105084F8733761F317020A2354
:10C58000333084F8550684F8655604F5CA60C4F85B
:10C59000582684F8725784F8743704F5A471F6F7B6
:10C5A000B1FD2046BDE83840FFF74ABEBC08002078
:10C5B000F0B502298DB004460D461CD1424B4348CC
:10C5C0001B7800EB031000F58970F4F72DFD404B4C
:10C5D0001860404A0C236B43D718D3583A7900218E
:10C5E0000391511E082908D8DFE801F009096363A7
:10C5F000676707076A003229EBD90DB0F0BD1B78D9
:10C600008DF80C308DF82C200021102207A8039EF5
:10C610000CF0E0FCB96801910846F3F7EBFDC2B2FB
:10C62000102A019928BF102207A80CF09FFA274B67
:10C63000C4F85C6693F835209DF82C3084F8743685
:10C640003321333284F860160021D2B284F86116A7
:10C65000A4F8625607AB04F264660BAF1D4603CD27
:10C66000BD42306071602B4606F10806F6D14423C6
:10C6700084F85636D4F8583684F85526162262F3D4
:10C680001703C4F85836002384F871374FF45C431D
:10C69000A4F87237192304F5CA6084F8743704F5D6
:10C6A000A471F6F72FFD20460DB0BDE8F040FFF76E
:10C6B000C7BD1B88ADF80C30A4E71B680393A1E746
:10C6C0001B6803939EE700BF60080020BC080020A1
:10C6D000C00B00202C0000202DE9F041884D894F2F
:10C6E0002A780B46142101FB027288B092F855207B
:10C6F000012A044618D193F8210197F8351048B162
:10C7000001F13302D2B282420ED193F822210AB152
:10C71000442A09D19A68C2F31702172A56D006D8BC
:10C72000142A2FD0152A45D008B0BDE8F08102F1B7
:10C7300080724B3A22F07F42012AF5D83331884289
:10C74000F2D193F82221442AEED1198DDA6840F211
:10C750000720814200F0CF80B1F5027F00F0BD805C
:10C76000B1F5007F0CD107EE902AFCEEE77A17EEC8
:10C77000902A942A00F0B180B2F5967F00F0BB8039
:10C780000222B1E002A81946F6F745FABDF9080001
:10C79000002804DA03A8F6F7F3FB0028C4DB3228EC
:10C7A000C2DCA4F8C208B4F8BA3843F01003A4F805
:10C7B000BA38B9E7012384F8C0380023A4F8C23896
:10C7C000514B1B68643BC4F8C438ADE73331884231
:10C7D000AAD193F82221442AA6D15E78162E03F11D
:10C7E0000C012DD8324602A80CF0C0F902ABC6F1FC
:10C7F0001702002198190CF0EDFB0DF10E00F6F771
:10C80000BFFBB0F100088FDB404A9DF81E1008EB1B
:10C810004803980002EB83031B79994284D1B8F155
:10C82000320F1FFA88F622DC0139029B12580829C0
:10C830001DD8DFE801F01B1B39393B3B1C1C3D00B8
:10C840000A4602AE1C3310685168B446ACE80300D7
:10C8500008329A426646F6D11068CCF800009188FA
:10C8600093798CF80630ACF80410C6E7137028787A
:10C87000F8F788F92A78142303FB0273012183F85F
:10C88000551097F82D300BB987F82D10B8F1020F1D
:10C8900010D11F4B07EB0210196800F58970F4F7EF
:10C8A000FDFBA4F8C2687EE71380E0E71360DEE7D3
:10C8B0001360DCE7B8F1000FF3D1164B1A78002AA9
:10C8C000EFD083F80080602323800F4B1B680BB1EF
:10C8D0006360E6E74FF0FF33FAE7B4F8BA2842F0B6
:10C8E0000202A4F8BA280022987900905B792046C9
:10C8F000FFF720FE18E7B4F8BA2842F00402F0E788
:10C9000060080020BC080020086A00202C000020DD
:10C91000C00B0020C438002010B52F4B1A782F4BC5
:10C92000142101FB0233044693F85530012B37D113
:10C930002B4BD0F8BC281B689A1AB2F57A7F21BF1E
:10C94000B0F8BA28C0F8BC3842F00102A0F8BA2802
:10C9500090F8C02862B1D0F8C4289A1A312A81BF51
:10C96000B0F8BA28C0F8C43842F01003A0F8BA38BA
:10C97000B4F8BA38DA0614D523F01003A4F8BA389C
:10C98000B4F8C2182046FFF713FEB4F8C2380133DA
:10C990009BB2322BA4F8C23802D9002384F8C038E5
:10C9A00010BD980708D523F00203A4F8BA38204632
:10C9B000BDE81040FFF720BD590702D523F004035E
:10C9C000F3E7DA07ECD523F00103A4F8BA382046E0
:10C9D000BDE81040FFF7D8BC60080020BC0800206C
:10C9E000086A002038B5134B134A1B68C0F8BC38DE
:10C9F000002380F8C038A0F8C238C0F8C438A0F8C6
:10CA0000BA3813700D4B0E481B780E4D00EB031017
:10CA100000F58970F4F708FB0B4B02241860E0B2B4
:10CA2000FAF7C8F80134312C286305F10C05F6D16A
:10CA300038BD00BF086A0020C4380020600800200C
:10CA4000BC0800202C000020C00B00206FF0FF036A
:10CA5000036040F6FF2383800023836003737047E5
:10CA6000F8B5394D04462E783848142707FB0600E0
:10CA700090F84F60012E0CD0022E0CD076B9A16038
:10CA800090F84C30032B18BF0022A368E26033B942
:10CA9000FEE7A360F4E7A2600022F6E7FEE70023CA
:10CAA000C4E90433C4E95233C4E95433A3617F2396
:10CAB000A4F85831F6F734F8A878022842D0431F7A
:10CAC00058425841224940F2FF12FEF7E1FA022093
:10CAD000A4F84E241F4A0870002348708870C8705C
:10CAE0001D49137053709370D370C4F8DA31C4F8D1
:10CAF000DE31C4F8E231C4F81233C4F81633C4F896
:10CB00001A33A4F84C34A4F84A341A4601330C2BD7
:10CB10000A70CA704A708A7001F10401F6D10F4B95
:10CB20001B6803F57A7304F6A800C4F8A438FFF76D
:10CB30008DFFA4F8B828228062602046BDE8F84046
:10CB4000FFF750BF0120BDE760080020BC080020AF
:10CB5000750B0020410B0020450B0020086A0020C7
:10CB60004278FF2A08D00368044923F07F4323F06A
:10CB7000FF038B4208BF02221046704700010100EC
:10CB80000C4B02781B6810B51AB903F21B63836063
:10CB900010BD90F90520002AFADD816840F21B647F
:10CBA000591AA142F4D98360013A012342710373F7
:10CBB000EEE700BF086A002070B590F90530002B41
:10CBC00088B0054621DB4C78182C01F10C031ED8E7
:10CBD0001946224601A80BF0C9FF01ABC4F11902A6
:10CBE000002118190CF0F6F9104903A8F3F7F8FA28
:10CBF00058B9DDED017AFCEEE77A17EE903A13B101
:10CC00000B4AC2F8AC34FF236B7108B070BD01AAA7
:10CC100001F1240418685968164603C60833A34274
:10CC20003246F7D11B783370DEE700BF69B00108E8
:10CC3000700C0020007840B14B79834204D1887990
:10CC4000431E584258417047002070475379032BC8
:10CC500010B504460AD14B7903709379DB09437010
:10CC60001079FCF7DDFFE0701368237110BD000040
:10CC70007FB58B6833F07F4305460C4600F6A80667
:10CC80000ED18B79012B0BD101A8F5F717FF9DF879
:10CC90000930082B04D001AA21463046FFF7D6FF01
:10CCA00021463046FFF7C6FF88B3A368C3F31703D6
:10CCB000162B32D0F52B16D16678012E29D83246A4
:10CCC00004F10C0101A80BF051FF01ABC6F1020207
:10CCD000002198190CF07EF99DF805309A1E5342F8
:10CCE000534185F8AA3895F8B83853B195F8B93852
:10CCF00021790C480133DBB2CB1A59425941F4F780
:10CD00007CF8012385F8B838237985F8B93804B060
:10CD100070BDA389ADF80430DEE73046FFF74CFF65
:10CD2000E1E700BF103A00207FB52E4E044600F127
:10CD30001C05B4F85411B4F85621881A83B20004C3
:10CD400044BF80339BB20BB904B070BD91421FBF8A
:10CD5000B4F85811A31801320A4096F82D101ABFE2
:10CD600093F85A31A4F856210023022904F1100245
:10CD70002946684620D1FEF7C7FD9DF80030022BFA
:10CD8000D7D1E368DBB9A0680368BDF802201B694E
:10CD90002946984704F5CA662A4669463046F5F79B
:10CDA000CDFE31461048FDF735FF3146204604B030
:10CDB000BDE87040FFF75CBFF5F762FFDDE70B4EA3
:10CDC00069460020F6F750F9737833B1A068BDF8D2
:10CDD0000220036829461B699847B378002BD9D0F5
:10CDE000E068D1E7BC080020700C0020410B002057
:10CDF0000148FFF7B5BE00BFF81F002010B54E4C2C
:10CE000086B00021162268460CF0E4F82046F3F7BD
:10CE1000D9FF94F88C308DF800008DF80130204651
:10CE200094F88D308DF80230F3F7C3FF94F8913009
:10CE300094F890208DF803005B0002F0010203F0EB
:10CE40000203134394F8A52043EA821394F8A62022
:10CE500043EAC2139DF80B2002F03C021343204624
:10CE60008DF80B30F3F7C1FF94F894308DF808304B
:10CE700094F8923094F895208DF8093094F8963013
:10CE80008DF80700DB00920002F0040203F00803B3
:10CE900013439DF80B2022F00C02134304F12800E9
:10CEA0008DF80B30F4F782FC8DF80C002046F3F778
:10CEB00055FF8DF80D0004F11400F4F777FC8DF8A0
:10CEC0000E0004F13C00F4F771FC8DF80F002046D1
:10CED000F3F755FF8DF810002046F3F791FF94F813
:10CEE000A7308DF81230154B8DF811005B7C8DF852
:10CEF0001330FFF77DFF124B1A78931E5A425A41A6
:10CF000000F0030343EA02230E4A0F48127943EA72
:10CF10004223BDF8142023F0FC039B0522F4407249
:10CF200022F003029B0D134302216A46ADF8143030
:10CF3000FBF7D9FC06B010BD103A0020AC1200205F
:10CF4000690C0020900B00201820002070B54C8840
:10CF5000B4F5427F4FF000030AD80D780B2D73D83B
:10CF6000DFE805F0060D1A2A2D3036395255596979
:10CF7000A2F1240462424B8062410A7007E04D2A0C
:10CF800001D0582A06D1027002230B70002380F8CA
:10CF9000093333E00023F8E702F0FD033C2B01D016
:10CFA000212AF7D1037842704D2B0CBF08230323AD
:10CFB0000B7000238370E9E782700422DDE7828032
:10CFC0000522DAE7838803EB022383800623DCE76C
:10CFD000C2800722D1E7C38803EB02239BB2002B58
:10CFE000C3800CBF0B230A230B7000234B8001234B
:10CFF00080F80933C388B3F5407F01D8002002E0F0
:10D0000000200870488070BDC2800922B5E70A235D
:10D0100082800B70EBE7B4F5407F3CBF241822728E
:10D020004B8801339BB24B80C2889A429CBF0B2332
:10D030000B700123ABE780F808230B704B800223B1
:10D0400080F809330120DEE70B704B80D6E7CB88F0
:10D05000B3F5407F70B531D8242303700B7843704B
:10D060004B7883700B784D2B14D1CB88C3708B8891
:10D07000037105230022CD88D4189542A6B210FA78
:10D0800084F415D891F808232270CA8801329818C0
:10D0900080B270BD8B78C3708B8803718B881B0A3C
:10D0A0004371CB888371CB881B0AC3710823E1E7E6
:10D0B0008C180132247A845592B2DCE70020E8E72C
:10D0C0002DE9F74F16464A88B2F5427F04460D46D1
:10D0D0002ED80B780A2B0FD9A3F16402032A03D9A7
:10D0E0000020287068802DE0653B8F4F022B33D8DD
:10D0F000DFE803F063A4A70000210A2BF0D801A009
:10D1000050F823F031D100084BD10008E1D00008DD
:10D11000E1D000088FD100089DD10008A9D10008F6
:10D12000AFD10008E1D00008E1D000081DD200080E
:10D13000A6F124077E424FF000007E4168802E70E9
:10D1400084F8090303B0BDE8F08F6F2E0CBF642391
:10D1500000232B700020F3E716F0040F14BF4D23BB
:10D1600058233E7023703A78D1070ED412F0020F84
:10D1700014BF21233E236370C2F3C003D20648BF0D
:10D1800043F00203A3700423E3E73C23F3E7A68004
:10D1900005232B7084F809130020D3E7A38803EB41
:10D1A0000623A3800623D4E7E6800723F1E7E3887C
:10D1B00003EB0623E3806523CBE70DF106007E70C9
:10D1C000F5F7C8FB3978F5F7BDFBA7882179F5F7A6
:10D1D000B9FB390AF5F7B6FBE788A179F5F7B2FB99
:10D1E000390AF5F7AFFB9DF80630B34206D00023AD
:10D1F0002B706B80032384F80933CDE7002F0CBF1D
:10D2000066230A232B70012384F8093300236B80E3
:10D21000E288B2F5407FBFD92B70BDE7B2F5407F01
:10D220003CBF121916726B8801339BB26B80E28887
:10D230009A4201D866232B700123DCE77E806723A6
:10D24000F9E7B7F8028097F8009008EB06284FF648
:10D25000FF730DF106001FFA88F84946ADF8063055
:10D26000A7F80280F5F75AFA2679B4F804A03146F7
:10D27000F5F754FA4FEA1A21F5F750FA94F806B088
:10D28000B4F806A05946F5F749FA4FEA1A21F5F71E
:10D2900045FA797804F10807F5F740FA524639461D
:10D2A000F5F748FABDF8063043453AD119F00400C5
:10D2B00015D086EA0B01E21D002398B2824584F85E
:10D2C000081307D80223012000222A706A8084F8FC
:10D2D000093337E712F8010F01334140EDE7A17838
:10D2E000F3F756FE217984F80803F3F751FEA1887D
:10D2F00084F80803090AF3F74BFEA17984F80803C0
:10D30000F3F746FEE18884F80803090AF3F740FEC4
:10D31000E28884F808033946F3F740FE84F80803EE
:10D32000D0E703230020CFE75C380020CB88B3F59B
:10D33000407F2DE9F04104460D464AD84B783C2BFE
:10D3400040D0A3F12100434243415B002A784D2A9B
:10D35000AA7808BF43F00403D10748BF43F008038D
:10D3600092074FF02402227048BF43F010036F224F
:10D370006270A370AB88E370AB881B0A2371EB88E3
:10D380006371EB88A71C1B0AA3713846F5F71CFED6
:10D390000822E071E988A2F108039BB2561C8B4277
:10D3A000B6B204EB02080FD3063189B23846F5F75E
:10D3B000DBF988F80000000AA055E8880A3080B23E
:10D3C000BDE8F0810123C1E72B441B7AA354324608
:10D3D000E0E70020F4E710B5044681780020F3F779
:10D3E000D7FD217984F80803F3F7D2FDA18884F8EA
:10D3F0000803090AF3F7CCFDA17984F80803F3F7D1
:10D40000C7FDE18884F80803090AF3F7C1FDE28843
:10D4100084F8080304F10801F3F7C0FD84F8080359
:10D4200010BD00002DE9F74FC788DFF89880B7F5E9
:10D43000407F0D4628BF4FF4407704463A4600F13E
:10D440000801002628460BF091FB2F44E6804FF0A0
:10D450003B09AF4205D1204603B0BDE8F04FFFF7CE
:10D46000BABF15F8013BFF2B2AD0FE2B28D0FF2E88
:10D470001ED1362BEDD858F833204FF0000A104655
:10D480000192F2F7B7FE1FFA8AFB5845E388019A2A
:10D490000AF1010A05D85A1C2344E28083F8089057
:10D4A000D7E7591CE180234412F80B101972E6E704
:10D4B000FE2ECED1E288511C2244E1801372C8E7CF
:10D4C0001E46C6E748EE010830B50F4B1C780F4BDF
:10D4D000142505FB043393F84F30012B03D0022BA6
:10D4E00010D00BB1FEE7114600234360C0F81233A1
:10D4F000A0F82236A0F8203640F2FF330160A0F8F1
:10D50000243630BD0021EFE760080020BC08002071
:10D51000F8B5B0F82026B0F82236D21A93B2120429
:10D5200044BF03F580639BB2E62B044608D800F2A3
:10D53000163500F21236206803685B69984700B917
:10D54000F8BD206803689B69984731460246284623
:10D55000FFF7FCFC0028EED004F6262729463846C3
:10D56000FFF7E4FE00239AB29042E4D9B4F8201603
:10D57000B4F824C64A1C02EA0C02B4F822C6944548
:10D580001EBF091917F803C081F826C603F101036D
:10D5900018BFA4F82026E6E7F8B500F10805044610
:10D5A0000A46011D2846FFF78BFD70B3637A3E2BB8
:10D5B00014D004F6262629463046FFF748FD0246D9
:10D5C000206801680F693146B847637A3E2B1CD149
:10D5D00029460E48BDE8F840FDF734BBA389742BFB
:10D5E0000AD042F6FF729B1A18BF0123A27A920753
:10D5F000EBD4002BDDD1E8E70023A37204F626214B
:10D600002846FFF70FFF0123F0E7F8BD700C00205C
:10D6100003680BB1FFF7C0BF70470346006868B1ED
:10D62000B3F82026B3F82236D31A98B21B0444BFAD
:10D6300000F5806080B2003818BF012070470346B3
:10D64000006880B1B3F82226B3F82016914209D0C1
:10D650009918013291F82606B3F824160A40A3F867
:10D660002226704700207047036843B10022A0F8CB
:10D670002226A0F820261A681846D269104770475B
:10D6800010B504460548FEF71BFE0548FFF7ECFF02
:10D6900060680368BDE81040DB6918475017002038
:10D6A0001C2B002070B50A4C25780A4C142606FB6A
:10D6B000054494F84F40012C03D0022C05D00CB146
:10D6C000FEE71946416011B9FEE71146FAE770BD61
:10D6D00060080020BC08002038B50446084694F8CD
:10D6E00031506155F9F77AFB6319013583F832003F
:10D6F00084F8315038BD0000F8B50446F7F7E2F879
:10D70000234B3C221A70F7F7CFF800280CBF0123F7
:10D710000023237004D1F4F799FD0220F4F768F98F
:10D7200000256570A570A580E58025816581F6F7E7
:10D730008BF940F2DC53E3810123A07165732382EE
:10D74000658284F84B5084F8AE5084F8115104F18E
:10D750001A0604F17D07E9B20846F9F7F5F950B168
:10D760003846FFF7B9FF0135312DF4D10023A382EC
:10D77000E3822383F8BD0846F9F7F8F90028F2D1CF
:10D780000846F9F703FB0028EDD03046E9E700BF73
:10D79000D016002038B5002480F8114100F1E005D2
:10D7A000E1B20846F9F7E2F910B12846FFF794FF15
:10D7B0000134312CF4D138BD437B052B05D0062B29
:10D7C00005D0042B05D11A3070477D307047E0300A
:10D7D000704700207047437B0022191F10B5027666
:10D7E00082828275032907D8DFE801F0020D101349
:10D7F00090F84B10013941758274DA1E534253413F
:10D800009B00C37410BD90F8AE10F3E790F81111AF
:10D81000F0E70321EFE70000837D032B00D9FEE74B
:10D820000B4AD35C032B11D8DFE803F0020A0C0E7D
:10D83000022343730123037406210648F3F7F2BF62
:10D840000121FAE70321F8E70821F6E7704700BF56
:10D85000ACBD0108F83A0020437B032B04BF012331
:10D8600043747047437B012B1EBF01234373037432
:10D87000704710B50446084623783BB10123237452
:10D88000F5F718FBF4F782F80023237410BD0000AD
:10D8900008B50449FFF7EDFFBDE808400248F6F778
:10D8A0008FB900BF77B0010890D0030004290FD8CA
:10D8B000DFE801F00306080A0C0006490BF028B95E
:10D8C0000549FBE70549F9E70549F7E70549F5E7A4
:10D8D0000549F3E77CB0010880B0010832A50108D2
:10D8E00085B001088BB0010895B00108F8B506B203
:10D8F00005460C468FB2304601220139F4F7B4F8E0
:10D900002146681E01230322F4F700F90122B91809
:10D910003046BDE8F840F4F7A7B8000010B50C4653
:10D92000F4F794F806210020F4F7CEFA0E4B18789D
:10D930003030C0B2F4F724FC01230A220021082071
:10D94000F4F714F906210C20F4F7BEFA2046F4F798
:10D9500021FC064B5A88013ABDE81040012312B25F
:10D960000A210020F4F7D2B860080020400400200B
:10D970002DE9F04FDFF84091DFF840A1DFF840B12A
:10D980008BB005460F464FF0000897F831305FFA2C
:10D9900088F4A34202D80BB0BDE8F08F297DA142E4
:10D9A00059D8611A0429F6DC01EB810149001431D0
:10D9B00000203E5DF4F788FAAB7DA34201D1F4F775
:10D9C0006BFA3046F9F7C0F8282303FB06939968F1
:10D9D00018B93046F9F7CAF800B1033102A80BF0C4
:10D9E00097F8002302A88DF81530F4F7D3FBF4F76D
:10D9F00059FABAF802002B3800B2F4F759FA59462E
:10DA000002A80BF085F8282303FB06931B79FF2B54
:10DA100024D13146022202A8F9F746FA02A8BAF93F
:10DA20000C60F4F7B7FBAB7DA34212D1EB7D83B161
:10DA3000BAF80E10287EB41E0123093900EB40000D
:10DA4000E4B200930B220D2309B204EB4000F4F77B
:10DA5000BDF8F4F727FA08F1010896E7AB7DA34279
:10DA600003D1EB7D0BB1F4F717FA3C4494F8323054
:10DA700053B90F4902A80BF04BF8002302A88DF808
:10DA80000F30F4F787FBE4E70222314602A8F9F7EA
:10DA90000BFA0849072202A80BF089F80028ECD1FC
:10DAA0009DF80F308DF80B308DF80C00E5E700BFC6
:10DAB0003DA6010897B00108DCBD01084004002024
:10DAC00091B00108037C07B5D3B1F3F7BFFF26235C
:10DAD00001220021CDE9003217200B4A5B23F3F726
:10DAE000CBFF3420F4F7EAF90848F4F76BFB3F204A
:10DAF000F4F7E4F9064803B05DF804EBF4F762BB11
:10DB000003B05DF804FB00BF60DA010844AF010810
:10DB1000CBA70108037C13B10846F5F7CBB97047D2
:10DB20002DE9F043037C824C89B0002B70D08149F1
:10DB3000FFF7F4FE14210520F4F7C6F97E48F4F748
:10DB400029FB6E20F4F7B4F97C48F4F723FB282175
:10DB50005C20F4F7B9F93E20F4F712FB01233F22D1
:10DB600025212020F3F7D2FF32211C20F4F7ACF955
:10DB70003C20F4F705FB01233F222F212020F3F75F
:10DB8000C5FF94F8512094F85630002A40F0B9802F
:10DB9000002B40F0B98025210120FFF7A7FE684D3A
:10DBA00095F8A0304BB195F8C23013B1033B012B6F
:10DBB00003D825217D20FFF799FE94F8513013B149
:10DBC000033B012B03D82F210120FFF78FFE95F88F
:10DBD000A02094F85630002A00F09E8095F8C220CC
:10DBE000002A40F09980002B40F099802F217D2061
:10DBF000FFF77CFE1E214620F4F766F95148F4F742
:10DC0000C9FA46203C21F4F75FF94E48F4F7C2FA0E
:10DC1000F4F72AF94C4B28210A2093F8908093F8C6
:10DC2000915093F8959093F89670F4F74DF994F815
:10DC3000563033B94548464B012D18BF1846F4F706
:10DC4000A9FA424E424D6920F4F732F9B9F1010FB9
:10DC50000CBF30462846F4F79DFA32210A20F4F72B
:10DC600033F9B8F1010F0CBF30462846F4F792FAA9
:10DC70006920F4F71DF994F856302BB9012F0CBF29
:10DC800030462846F4F786FA3248F3F795FD044605
:10DC90003148F3F791FD1E2105462820F4F714F9C9
:10DCA000A0B2694603F07CFD6C466A46042320203E
:10DCB00012F8011B11B902F8010C1170013B13F0AD
:10DCC000FF03F5D16846F4F765FA3C212820F4F704
:10DCD000FBF86946A8B203F063FD0423202114F881
:10DCE000012B12B904F8011C2270013B13F0FF0351
:10DCF000F5D16846F4F74EFAF4F7BCF809B0BDE880
:10DD0000F083002B3FF44BAF28210420F4F7DCF81C
:10DD10001248F4F73FFA42E7002B3FF46BAF322191
:10DD20006920F4F7D1F80D48F4F734FA62E700BF40
:10DD300060080020A2B00108BDA40108A9B0010834
:10DD4000780A0020B0B00108103A0020D8A50108D8
:10DD50009FB00108603A0020743A0020ACB001087E
:10DD600010B516498CB0FFF7D9FD14210020F4F747
:10DD7000ABF813486946F8F7DAFE044658B911487B
:10DD8000F4F708FA20461E21F4F79EF80E48F4F73F
:10DD900001FA0CB010BD6846F4F7FCF96846F2F7DA
:10DDA00029FA152894BF00200120411C01EB8101B4
:10DDB000490014310020F4F787F8EAE7B4B001080D
:10DDC00000170020BBB00108CBB00108037C13B5DD
:10DDD0000446EBB10F49FFF7A1FD04F11A012046FB
:10DDE000FFF7C6FD0C4B0D491A7801EB021101F546
:10DDF00089715A786846F9F71FF948B13C2100202B
:10DE0000F4F762F80648F4F7C5F96846F4F7C2F982
:10DE100002B010BDE1B0010860080020BC0800207D
:10DE2000E8B00108037C10B504464BB10549FFF783
:10DE300075FD04F17D012046BDE81040FFF798BD57
:10DE400010BD00BFBDA40108037C10B50446B3B1EA
:10DE50000B49FFF763FD0B4B1B78022B08D000200A
:10DE60001821F4F731F8BDE810400748F4F792B9EB
:10DE700004F1E0012046BDE81040FFF779BD10BD78
:10DE8000A9B00108690C0020F0B00108037C10B5AE
:10DE90000446002B47D02449FFF740FD2348F3F701
:10DEA000EFFF19210520F4F70FF8A37D0BB9F3F765
:10DEB000F3FF1F48F4F76EF9F3F7F4FF292105206B
:10DEC000F4F702F8A37D012B01D1F3F7E5FF194820
:10DED000F4F760F9F3F7E6FFF3F7D8FF14214B20CE
:10DEE000F3F7F2FFA37D022B01D1F3F7D5FF124820
:10DEF000F4F750F9F3F7D6FF1F214B20F3F7E4FFB7
:10DF0000A37D032B01D1F3F7C7FF0C48F4F742F9C7
:10DF10006FF00100F3F7DEFF0948F4F73BF9BDE8C5
:10DF20001040F3F7BFBF10BDFFB00108C4BD01082A
:10DF30000DB4010807B1010877B001080CB1010860
:10DF400026B101082DE9F041427A05461AB90026AA
:10DF50003046BDE8F081FFF72FFCAB7D02F0EF010A
:10DF6000C45C6972D306C2F3001612D5564B282240
:10DF700002FB04331B79FF2BEAD12E7E0136F6B269
:10DF8000052E4FF001032E762B7494BF0026012638
:10DF9000DEE702F0E7030F076B7250D54A4F2823E4
:10DFA00003FB04773B79022B0ED12046F8F702FEE3
:10DFB00097F91C2090F900309A42C8DD01334FF0E8
:10DFC000000163F3070116E0FE2B1ED12046F8F78F
:10DFD000F1FD07782046F8F7E7FE01468F42B6D2FA
:10DFE0002046F8F7D3FE0137FFB23841C007F5D518
:10DFF000B942ACD939462046F8F7F8FD01232B7415
:10E000000028A4D005236B76A2E7FF2B9FD12046E2
:10E01000F8F7D0FD2F7E0446C15D2C480AF08FFD35
:10E02000034600B9FEE72A4A0133A2F128019342D0
:10E0300028BF0B461B78E35501232B74E2E722F03F
:10E040001C026A725A0782D51F4F282303FB0477EC
:10E050003B79022B0BD12046F8F7ACFD97F918203D
:10E0600090F900309A42BFF672AF013BA7E7FE2B52
:10E070000FD12046F8F79EFD017800293FF467AFE5
:10E080002046F8F783FE0139C9B20841C307F4D529
:10E09000B1E7FF2B7FF45BAF2046F8F78BFD0B4F0A
:10E0A00095F81880044610F8081038460AF047FD25
:10E0B00000B9FEE7431E07F12702BB4238BF1346F3
:10E0C0001B7804F80830B7E7DCBD010884C50108F7
:10E0D000ACC5010803782DE9F0410446002B00F09F
:10E0E00089808388002B2BD109238380A27902B9F0
:10E0F0006281E77D637A002F14BF0C21032119424E
:10E100001CBF40F2EE236381638943B1013B9BB2A4
:10E11000638123B90A401EBFAF2363816272657BAE
:10E1200055BBE3895BB3013B9BB2E381002B61D11B
:10E13000032363734FF4806363820123237459E0E4
:10E14000013B9BB28380002BD0D1F5F77DFCA279F7
:10E15000E579267A504000EA0503DB43C1B2DBB221
:10E160003040E37121EA0501434023720B405A40DD
:10E170001340A2716372B9E76B1E012B3AD9544B5D
:10E180001E786378A6F1020CDCF1000848EB0C085D
:10E19000434506D00123022E237402D12046FFF707
:10E1A000F9FA4C4B84F8018093F8A020A1789142B1
:10E1B0001CBF0122227493F8A030A370022E1BD042
:10E1C000062D19D100232375E3822376637A03F0A9
:10E1D0000C036372637A03F0F7021E0762721DD5A7
:10E1E000EB1E032B06D8013565732046FFF7F3FAC3
:10E1F00001232374BDE8F081002FEBD02046FFF708
:10E20000A1FE0028F6D0617E00250123E575237468
:10E2100011B13148F3F706FB6576EBE703F0F30144
:10E220005007617204D52B1F032BE3D8013DDBE7B8
:10E2300003F0F1028907627217D5A27D637D9342D4
:10E240000CD9217D531CDBB2A3755B1A042BC8BF0C
:10E25000033A4FF00103C8BF22752374A37CE27C0C
:10E260009A42C7D90133A37467E703F0F00112F0B3
:10E27000010261720FD0A37D43B1227D013BDBB26D
:10E280009A42A37588BF237501232374A37C002BB6
:10E29000B0D0013BE7E723F01F036372CB06A9D59B
:10E2A0002B1F022B0CD82046FFF786FAA37D1844BB
:10E2B00090F83230012B9DD90123E37522763DE79A
:10E2C000072D97D12046BDE8F041FFF7A5BA00BF62
:10E2D000690C0020780A0020F83A0020012808BFC5
:10E2E000074A4FF0904305BF4FF4007191614FF41E
:10E2F00000424FF400420CBF9A619A62704700BF1F
:10E300000004004810B502F039FF044602F03EFF59
:10E31000B0FA80F3B4FA84F05B09400900EB4300E3
:10E3200010BD00002DE9F84F574F58493E68DFF8FF
:10E330007091DFF8708104465548FFF79AFA4CF265
:10E340005030F5F73DFC534BE06840229A624FF0A5
:10E3500090434FF480729A6103684FF4E1319B68F7
:10E360009847A06803684FF4E1319B689847E068DC
:10E370000368DB699847A0680368DB6998474FF436
:10E38000E135F6F7B3FA10B14846F8F702FAFFF7AD
:10E39000B9FF637D834211D04FF0904310F0020F1C
:10E3A0004FF4004214BF9A619A6210F0010F4FF4CB
:10E3B000007314BFC8F81830C8F82830607502F030
:10E3C000CBFDA8420FD002F0C7FD0546E068036808
:10E3D00029469B689847E0680368DB699847A0680E
:10E3E0000368DB699847D7F800B04FF0410AA0688E
:10E3F00003685B699847D0B94FF0410AE068036849
:10E400005B69984750BBABEB060BBBF57A6FB8D98D
:10E410004FF090444FF400451F48A562F5F7D0FB3C
:10E42000A5611E491A48BDE8F84FFFF722BAE06817
:10E430000368DB6898470028DED10AF1FF3A1FFA2B
:10E440008AFABAF1000FD7D0A06803689B69984791
:10E450000146E068F4F7B3FE5E46C8E7A0680368CB
:10E46000DB6898470028CED10AF1FF3A1FFA8AFAF2
:10E47000BAF1000FC7D0E06803689B69984701466E
:10E48000A068F4F79CFEB9E7086A002013B1010800
:10E490003011002000080048A0860100E8A401080F
:10E4A0003E1700200004004838B5037D04467BB1C8
:10E4B000FFF728FF637D032B054608D1012806D10D
:10E4C0002046FFF72FFF03480421F3F7BDF96575D8
:10E4D00038BD00BFF83A0020F8B5334B334F402227
:10E4E0009A6204464FF09043C0684FF480729A617C
:10E4F00003684FF4E1319B689847E0680368DB6983
:10E500009847A0680368DB6998474FF4E135F6F750
:10E51000EDF910B13846F8F73CF902F01DFDA842BC
:10E520000FD002F019FD0546E068036829469B6894
:10E530009847E0680368DB699847A0680368DB696F
:10E5400098474126A06803685B699847C8B9412687
:10E55000E06803685B6998470028D8D0A068036822
:10E56000DB6898470028D2D1013EB6B2002ECED04B
:10E57000E06803689B6998470146A068F4F71FFEAE
:10E58000E6E7E0680368DB6898470028DFD1013ED2
:10E59000B6B2002EDBD0A06803689B69984701469D
:10E5A000E068F4F70CFECDE7000800483E170020B5
:10E5B000037D2DE9F041044613B312491248134D6F
:10E5C0004FF09047FFF755F94FF4004847F23050AD
:10E5D0004FF40076F5F7F4FAC7F8288042F210708D
:10E5E000AE62F5F7EDFA0A48C7F81880F5F7E8FAD1
:10E5F00042F21070AE61F5F7E3FA2046FFF76CFFC8
:10E60000BDE8F08120B1010830110020000400486D
:10E61000A0860100037D10B5044653B105490648A4
:10E62000FFF727F947F23050F5F7CAFA2046FFF70F
:10E6300053FF10BD2AB10108301100202DE9F0412F
:10E640001C460646C0681C4F1546F4F7C4FD00235F
:10E650002370D7F8008023783F2B2AD83B68A3EBA0
:10E660000803452B25D8F06803685B6998470028A4
:10E67000F1D0F06803689B69984723780A2803F172
:10E6800001022270E854E6D123780020E854237870
:10E69000032B0CD92A784F2A09D16A784B2A06D144
:10E6A0002B4413F8020CA0F10D0358425841BDE869
:10E6B000F08100202070FAE7086A0020826942F6A3
:10E6C00042039A4206D98B782B2B03D141F2883032
:10E6D000F5F776BA0048FBE7A086010030B58269FD
:10E6E000174C42F6420300259A4293B0A57025804C
:10E6F00024D90DF1030301AA1249FFF79FFF9DF8EA
:10E70000033003F148026A44162B02F8465C04F118
:10E71000020004D92F220DF116010AF05AFA0A4814
:10E72000F1F768FD092809D90849074805220AF0C8
:10E730003EFA18B906480AF034FB208013B030BD09
:10E740000017002037B10108021700204BB1010863
:10E7500007170020F0B5826942F644039A42A3B03D
:10E7600004460D4605D82849A068F4F734FD23B0C7
:10E77000F0BD264E4FF400774CF25030B762F5F7FB
:10E780001FFA234901A80AF0C3F9294601A80AF093
:10E79000C7F9204901A80AF0C3F91F49A068F4F796
:10E7A0001AFDA06801A9F4F716FD1C49A068F4F74A
:10E7B00012FD0DF1030311AA01A92046FFF73EFF48
:10E7C00068B91749A068F4F706FDA0682946F4F770
:10E7D00002FD1449A068F4F7FEFC1349C4E711A92F
:10E7E0002046FFF76BFF9DF80330A06888336B4429
:10E7F000002203F8462C11A9F4F7EDFC0A49A068A1
:10E80000F4F7E9FCB761B2E751B101080004004830
:10E8100081B10108FFB1010847A7010885B10108CE
:10E8200088B101088DB1010829B20108F0B515467B
:10E83000826942F644039A42A3B004460E4605D8C4
:10E840004249A068F4F7C7FC23B0F0BD404B4FF439
:10E8500000729A624CF25030F5F7B2F93D4901A8C6
:10E860000AF056F9314601A80AF05AF93A4901A8C6
:10E870000AF056F929463E2201A80AF085F93046E9
:10E88000F1F7B8FC1C30C5B201A88DF80350F1F7C0
:10E89000B1FCC3B2EA1AD2B29D4238BF002201AB2A
:10E8A000FF2118440AF096FB05F188030DEB0305E0
:10E8B00000272A49A06805F8847CF4F78CFCA0683E
:10E8C00001A9F4F788FC2649A068F4F784FC0DF14F
:10E8D000030311AA01A92046FFF7B0FE68B9214938
:10E8E000A068F4F778FCA0683146F4F774FC1E4980
:10E8F000A068F4F770FC1D49A3E711A92046FFF7B3
:10E90000DDFE9DF80330A06888336B4411A903F83D
:10E91000467CF4F760FC1549A068F4F75CFC1449E8
:10E920000DF1030311AA2046FFF788FE10B111482C
:10E93000F5F746F9E0680368DB6998472046FFF77A
:10E94000CDFE034B4FF400729A617DE751B101088F
:10E950000004004881B10108B9B1010847A70108C6
:10E9600085B1010895B101088DB1010829B20108EE
:10E970009AB1010860E316000149FFF7EBBE00BF42
:10E98000A5B101080A460149FFF750BFA5B101082A
:10E990000149FFF7DFBE00BFAAB101080A460149DD
:10E9A000FFF744BFAAB1010810B5A2B009A90446F7
:10E9B000006902F0DAFE09A8F2F788FB0A4901A80B
:10E9C0000AF0A6F809A901A80AF0AAF80DF10303B4
:10E9D00011AA01A92046FFF731FE18B111A920465E
:10E9E000FFF76CFE22B010BDB2B1010810B50446AD
:10E9F0009AB0144901A80AF08BF823685B7B052BB9
:10EA000016D8DFE803F0031517191B1D0E4901A8DE
:10EA10000AF086F80DF1030309AA01A92046FFF7C1
:10EA20000DFE18B109A92046FFF748FE1AB010BD27
:10EA30000649ECE70649EAE70649E8E70649E6E75A
:10EA40000649E4E7BBB10108ADA4010883B701089A
:10EA5000A5B701088AB80108B9B00108D9B1010801
:10EA600010B504469AB0134901A80AF051F823687A
:10EA70009B7B032B1BD8DFE803F0021416180E490A
:10EA800001A80AF04DF80DF1030309AA01A92046D7
:10EA9000FFF7D4FD18B109A92046FFF70FFE1AB001
:10EAA00010BD0649ECE70649EAE70649E8E70649EA
:10EAB000E6E700BFC8B10108D0A70108D8B1010836
:10EAC00032B60108FFBA0108D9B1010810B50446F1
:10EAD0009AB00F4901A80AF01BF82368DB7B1BB131
:10EAE000022B13D10B4900E00B4901A80AF018F8DA
:10EAF0000DF1030309AA01A92046FFF79FFD18B1F4
:10EB000009A92046FFF7DAFD1AB010BD0349ECE76A
:10EB1000DBB101088AB80108ADA4010883B7010878
:10EB200010B504469AB00B4901A809F0F1FF6168DD
:10EB300001A809F0F5FF0DF1030309AA01A9204678
:10EB4000FFF77CFD18B109A92046FFF7B7FD1AB001
:10EB500010BD00BFE9B101082DE9F04FC3689BB0BB
:10EB60000446002B00F0A480544B5548DFF86CB1EC
:10EB70004FF400729A62F5F723F84FF496434FF47E
:10EB80001652CDE903234FF416414FF46143CDE90A
:10EB900005134FF4E1304FF46133CDE9070300264C
:10EBA0002369029335460DF1080A0027E0685AF8F8
:10EBB000041B03689B68984741F28830F5F700F81A
:10EBC000E0680368DB6998473E490DF1070309AA2D
:10EBD0002046FFF733FD5FFA87F98046C0B19DF804
:10EBE000073068336B44002203F8462C59461C2238
:10EBF00009A809F0DCFF48B909A8F1F7FBFA2028B9
:10EC000003D910A8F2F750FBA0614646802503E027
:10EC10000137072FCAD1B9460135EDB2022DC2D94D
:10EC2000236946B31AAA02EB890959F8605C9D4230
:10EC300002D02046FFF7B8FE2046FFF7D7FE204659
:10EC4000FFF70EFF2046FFF741FFA26942F642039D
:10EC50009A4202D92046FFF763FF1B490DF10703D3
:10EC600009AA2046FFF7EAFC10B11848F4F7A8FFFC
:10EC700023699D4204D0E068216903689B68984736
:10EC8000E0680368DB69984716B12046FFF726FD68
:10EC90000C490DF1070309AA2046FFF7CFFC50B13C
:10ECA0000B490C48F4F797FA044B4FF400729A6141
:10ECB0001BB0BDE8F08F0849F3E700BF000400482F
:10ECC00020A10700F8B101089AB1010860E316001D
:10ECD0001FB20108280000202CB2010802B201086E
:10ECE000019A0260029AC360C0E90121009A0261A0
:10ECF00011B1191E18BF01210023017543758375D9
:10ED00008361FFF729BF000008B50248FEF7C0FD88
:10ED1000F4F720FC301100202DE9F84F72B6F4F71B
:10ED200033FFF5F711FEF4F749FEF4F735FEF4F77B
:10ED3000B7FEF4F759FFF7F781FD4B4B4B4E1868C0
:10ED40004B4D0368DFF858815B684A4FDFF854A1E8
:10ED50009847494B186803685B689847474B1868A1
:10ED600003685B689847F4F757FE454B0024802200
:10ED70001C705A70F6F7EEFB3278424B142101FBFF
:10ED800002334FF0020993F84F00FFF7A7FAC5E9E5
:10ED90000444AC6085F80C90F5F786F83A4B1C708B
:10EDA000F4F7FEFC4FF40063C8F81430F4F73EFDAE
:10EDB0004FF0040B3846F4F703FFCAF828B041F2CD
:10EDC0008830F4F7FDFECAF818B04CF25030F4F772
:10EDD000F7FE2846F4F712FD214628462B4D02F097
:10EDE0007FFE4FF47A70F4F7EBFEC5E902442C6124
:10EDF000F5F7FCF8264B1C70F4F754FD38464FF03D
:10EE00009047C8F814904FF00808F4F795FDF4F710
:10EE1000D7FEC7F8288041F28830F4F7D1FEC7F852
:10EE200018804CF25030F4F7CBFE2846F4F768FD1A
:10EE30002146284603F0B6F94FF47A70F4F7C0FE85
:10EE400096F8582096F857101248F9F7C1FC96F832
:10EE500058101148FBF75AF896F859100F48F3F775
:10EE6000C7FB62B6BDE8F88F083A002060080020B2
:10EE7000BC3A0020E09304000C3A00205C0C002017
:10EE8000AA120020BC08002090020020D83A0020DE
:10EE90009102002018200020700C0020D4160020C1
:10EEA0000004014000040048184B4FF4006273B5A1
:10EEB0005A611748174C4FF6FF7102F051FF20605E
:10EEC00023689B0712D5144E35798DB1104808235D
:10EED0006A46002102F0D5FDD6E90602DDE90013FD
:10EEE0009A4208BF884201D00023236002B070BD5F
:10EEF00002236A460648294602F0C3FD074BDA8B17
:10EF0000BDF800309A4218BF2560EFE700040140C9
:10EF1000BC3A002038170020900B00206008002029
:10EF2000184BF7B502275F611748184C4FF6FF7171
:10EF300003F0F1F9206023689B0712D5144E357950
:10EF40008DB1114808236A46002103F005F9D6E97E
:10EF50000602DDE900139A4208BF884201D000236F
:10EF6000236003B0F0BD3B466A460748294603F0DC
:10EF7000F3F8084BDA8BBDF800309A4218BF2560D1
:10EF8000EFE700BF00040140D83A0020341700200A
:10EF9000900B002060080020044A00231370044AEC
:10EFA0001380044A1370044A1370704746170020F8
:10EFB00048170020383B002074120020024B1878BC
:10EFC000B0FA80F040097047461700200D4A1178CA
:10EFD0000346A9B910700C4A012010700B4A032B8C
:10EFE000118009D0042B01D083420AD1084B0022A2
:10EFF00083F8A020012070474FF4FA731380704704
:10F000000020704746170020383B0020481700209A
:10F01000780A0020034A00231370034A1380034A2E
:10F02000137070474617002048170020383B002017
:10F030000A4A08B5138883B1013B9BB2138063B9B8
:10F04000074B1B78032B02BF064B01221A70FFF7F8
:10F05000E1FF054B002283F8FA2A08BD481700207B
:10F0600046170020741200201820002013B5C37921
:10F07000212B12D10A4CF7F73FF8FFF7CBFF94F89A
:10F08000FA3A032B06D10DF1070120468DF807301F
:10F09000F9F7B8FD002384F8FA3A02B010BD00BFBA
:10F0A0001820002010B50D4B1B78013B032B14D802
:10F0B000DFE803F002090D072023BDE81040F7F751
:10F0C0000BB82423F9E7BDE81040F7F761B8232314
:10F0D000F7F702F8024B00221A7010BD4617002005
:10F0E000383B0020034B01221A7000225A711A711A
:10F0F000704700BFC5380020054A064B12791B7FB8
:10F100001AB105495B22F7F7BDBB04495B22FAE758
:10F11000900B002060080020393B0020943B002029
:10F1200038B5114B1A79054632B10146002218460E
:10F13000BDE83840F7F750BC0C4A0D495B23F7F7A0
:10F1400093FB7DB90A48F6F7B7FE0128044607D0BD
:10F1500000280849284614BF01240224F7F7D6FBEB
:10F16000204638BD0148EEE7900B0020AB39002067
:10F1700050390020103A0020024B1878831E584264
:10F1800058417047690C0020044B1B78022B06BFC6
:10F19000034B93F8A0000020704700BF690C0020CB
:10F1A000780A002038B5184B1A78184B05461420F9
:10F1B00000FB023393F85540012C22D12A88930694
:10F1C00006D522F020022A80052301200B7038BDCD
:10F1D00012F0400316D0FFF7D7FF20B1FFF7EEFE85
:10F1E00008B90023F1E7686830B1094B1B681B1AA6
:10F1F000312BF6D900236B6022F040022A800623CF
:10F20000E3E700231846E1E760080020BC0800207F
:10F21000086A002013B50DF107010446FFF7C2FF8D
:10F2200018B19DF8070002B010BD2080FBE7000078
:10F2300010B5564988B0FEF771FB3220F2F738FE60
:10F24000022201216846F7F72FFE6846F0F7D2FF49
:10F2500005288CBF2B2032200621F2F735FE6846A8
:10F26000F2F798FF5520F2F723FE494B93F852200E
:10F270001AB993F85430002B7FD04648F6F711FBAB
:10F2800010F1090F7DDB694602F0A5FA6846F2F736
:10F2900081FF6420F2F70CFEFFF776FF58B13E4B7A
:10F2A00093F9C10010F1090F6DDB694602F093FA82
:10F2B0006846F2F76FFF7320F2F7FAFD3748384CD3
:10F2C000F2F768FF14210020F2F7FEFD3548F2F74F
:10F2D00061FF23217320F2F7F7FD3048F2F75AFF60
:10F2E0002E210020F2F7F0FD2F48F2F753FF3D21C9
:10F2F0007920F2F7E9FD2D48F2F74CFF2C48F2F7A0
:10F30000BFFD23210520F2F7DFFD2046F1F748FD80
:10F31000694602F002FA6846F2F73CFF3C20F2F739
:10F32000C7FD94F99200234C694602F0F6F9237860
:10F33000022B02D16846F2F72DFF3D211020F2F793
:10F34000C3FD1748F1F73EFD694602F044FA6846EE
:10F35000F2F720FF4720F2F7ABFD2378022B08D10C
:10F360000F48F1F742FD694602F035FA6846F2F7B8
:10F3700011FFF2F78BFD08B010BD0F48F6F799FBAF
:10F380007EE70E4883E70D4893E700BF35B20108DA
:10F3900060080020BC3A0020780A00204AB2010828
:10F3A000103A00203DB20108A5BA010821BD0108AC
:10F3B000C4BD0108690C0020D83A00203AB2010807
:10F3C00030B54549454C89B0FEF7A8FA1421002014
:10F3D000F2F77AFD4248F2F7DDFE2820F2F768FDE9
:10F3E000002201216846F7F75FFD6846F2F7D2FE7A
:10F3F0005520F2F75DFD94F852301BB994F8543063
:10F40000002B5FD03748F6F735FA694602F0E3F98A
:10F410006846F2F7BFFE3448F2F7BCFE1E2100201A
:10F42000F2F752FD3148F2F7B5FE2820F2F740FD21
:10F4300094F852301BB994F85430002B46D0294828
:10F44000F6F72FFA694602F0C6F9294D6846F2F739
:10F45000A1FE5020F2F72CFD95F9C100694602F09B
:10F46000BAF9FFF791FE10B16846F2F793FE7320E8
:10F47000F2F71EFD1F48F2F78DFE28210020F2F75B
:10F4800023FD1D48F2F786FE2820F2F711FD94F8BF
:10F4900051106846FEF70AFA6846F2F77BFE5020E4
:10F4A000F2F706FD95F8A030A3B195F8C2106846B2
:10F4B000FEF7FCF9FFF768FE10B16846F2F76AFE46
:10F4C00009B030BD0D48F6F7DDFA9EE70B48F6F7B8
:10F4D000F0FAB7E70521EAE742B201086008002028
:10F4E00069BB0108BC3A002049B201080ABB010807
:10F4F000780A00204AB201084DB20108D83A00202B
:10F5000010B5164988B0FEF709FA14210020F2F769
:10F51000DBFC1348F2F73EFE00201E21F2F7D4FC7C
:10F520001048F2F737FEFFF72FFEA0B10E4C322144
:10F530000020F2F7C9FC04F1AC00F2F72BFE3C21ED
:10F540000020F2F7C1FC6846D4F8A410F1F760FE81
:10F550006846F2F71FFE08B010BD00BF52B20108A6
:10F5600044AF0108CBA70108780A0020837C013B47
:10F57000032B11D8DFE803F00206080C037C6BB103
:10F58000FFF71EBFFEF7CCBA037C3BB1FFF7B8BF55
:10F59000037C1BB1FEF7E4BBFFF74ABE70470000D7
:10F5A000037810B50446B3B1037C0BB9437C93B127
:10F5B000F2F716FA78B1637B072B08D8DFE803F07F
:10F5C0000420250C1014181C2046FEF77BFAF2F7D5
:10F5D000DDF90023238210BD2046FFF7C7FFF6E7C1
:10F5E0002046FEF7F3FBF2E72046FEF71BFCEEE7B2
:10F5F0002046FEF729FCEAE72046FEF747FCE6E74F
:10F6000003492046FEF786FAE1E70249F9E700BF21
:10F6100059B201080DB4010870B505461448154EDD
:10F62000F8F78EFA144B1C683368E31AF92B03D9E8
:10F6300012483460FEF710F9114B1B7913B10F48D3
:10F64000FEF710F92B6828469B689847B0F5FA6FCB
:10F6500002D83368A3420AD00A4A1368E31A312B4E
:10F6600005D914600548BDE87040FFF799BF70BD2B
:10F67000CC0B0020880B0020086A002030110020ED
:10F68000900B0020840B00202DE9F04106460C462B
:10F690001546FFF779FD70B1184B93F82D30581EC1
:10F6A000012819D8164BB3F85861B3F856710022E7
:10F6B00091B28D4201D8BDE8F081B3F85401411CEC
:10F6C0003140B9421FBFC01814F802C080F85AC1B7
:10F6D000A3F854110132EBE7032B09D1094E0D4475
:10F6E000AC42E8D014F8011B3046FDF791FFF7E774
:10F6F00070680368BDE8F0411B691847BC0800202A
:10F70000501700201C2B0020F8B52A4B2A4D1F79DA
:10F71000CB78C3F3800385F895308B79C3F300036E
:10F7200085F896300B79064603F00303C8785B0131
:10F7300043EAD0000C46F1F799FB85F89200637913
:10F74000227903F001039B0143EA920385F8933089
:10F750006379C3F3460385F89430E378A17803F026
:10F7600001039B00032243EA911302EB8303072268
:10F77000B3FBF2F3114A1370DEB1D7B101F03001DF
:10F78000202904D12046BDE8F840FFF76FBCA279DC
:10F790000B48E11D5208FFF777FFA17905F16400DE
:10F7A0004908F2F705F805F13C00BDE8F840F1F72B
:10F7B000F9BFF8BDC5380020103A0020063A0020F5
:10F7C000F03A002073B5054690B9204B204E1B78C7
:10F7D000204A1479002C36D173B91F4A1F49127878
:10F7E00001921A4A127800920D201A46F7F724F96E
:10F7F000194B1B4E1B78EBE7022B1A480ED1B17840
:10F8000001F00701F7F78AF94379ABB931460120D6
:10F81000FFF77AFF1448F1F79EFA05E001229342C0
:10F82000027044710471F1D10F4880F8905002B019
:10F83000BDE87040F1F78DBA0C4B1C745C825C61C2
:10F840000B4B1C71E2E702B070BD00BF42170020F5
:10F8500050390020900B00204317002061B20108AE
:10F86000AB390020C5380020103A00205017002086
:10F870001C2B002010B50246FFF786FCB8B10C4BDC
:10F8800093F82D30591E012904D8BDE810400948CD
:10F89000FCF7F2BC032B04D1BDE810400648FDF78D
:10F8A000BCBE50680368BDE810405B69184710BDD6
:10F8B000BC080020501700201C2B002010B5024669
:10F8C000FFF762FCB8B10C4B93F82D30591E01299B
:10F8D00004D8BDE810400948FCF7DDBC032B04D177
:10F8E000BDE810400648FDF7AABE50680368BDE8B1
:10F8F00010409B69184710BDBC080020501700201D
:10F900001C2B00202DE9F04FDFF82C8198F80040E7
:10F9100097B081460E461746002C48D13B4B1B78CA
:10F92000022B40D1DFF8FCB00DF1180A25465846ED
:10F93000ECB2FFF79FFF40B15846FFF7BFFF01351C
:10F94000402D0AF8010BF2D12C4631482146F1F73F
:10F950002FFF3048F1F726FF2F488DF8129090F8CE
:10F96000A4308DF80C302D4B80F89190DB788DF819
:10F970000D3090F890308DF81130F1F711FA8DF8C4
:10F980000E00F6F761FC264D8DF8130010F0010F04
:10F990000CBF33463B468DF8143095F8563043B9CA
:10F9A000B74206D0FEE71F48FDF76AFED4E7002401
:10F9B000D2E71948F1F706FA1B4B8DF810001978B9
:10F9C0000222072313FB0123D3408DF815302A7838
:10F9D000164B142101FB023393F85A305A1E53423E
:10F9E00053418DF8163098F800304BB9104A114841
:10F9F000009406AB03A9F6F753FA17B0BDE8F08FF1
:10FA00000B4A0C4803A9FFF74DFBF6E7690C0020F1
:10FA1000603A0020383A0020103A0020C538002013
:10FA200060080020F03A0020F3380020BC080020D5
:10FA3000CC380020943B0020383B002030B4084CE8
:10FA4000257925B10146204630BCF6F729BD054C85
:10FA500094F8A430013384F8A43030BCFFF752BFCF
:10FA6000900B0020103A002008B50246FFF78CFBEF
:10FA700018B9A2F82206A2F82006054B93F82D30FB
:10FA8000032B04D1BDE808401046FDF741BD08BD79
:10FA9000BC08002070B500239CB2A24200D870BD03
:10FAA000058886886C1C34404688A6421EBF2D18E7
:10FAB000CE5CAE7103F1010318BF0480ECE708B51A
:10FAC0006830FFF7E7FF08BDA0F11400F7E700007A
:10FAD00038B50A4B93F82D3000F5EF65022B04463C
:10FAE000284608D1FBF752FC0246294604F24A4058
:10FAF000FFF7D0FF38BDF2F75AFFF5E7BC0800204A
:10FB0000F0B587B00446102201A8F1F732FC204B73
:10FB100094F8A8C893F8352084F85EC64FF0FF33F8
:10FB2000333284F85C3684F85D36012384F85F361E
:10FB300004F5CA67D2B201AB04F5CC660DF1140E20
:10FB40001D4603CD7545306071602B4606F10806F1
:10FB5000F6D184F855264423D4F8582684F856362E
:10FB6000142363F31702C4F858264DF2016284F897
:10FB700071C7A4F8722784F8743704F5A471384665
:10FB8000F3F7C0FA39462046FFF7A2FF07B0F0BDF1
:10FB9000BC0800202DE9FF410446B0F84C14B0F831
:10FBA0004A04F3F735FAE3684BBBDD2808D804F5BF
:10FBB000F37604F5ED75A06803685B69984710B9A2
:10FBC00004B0BDE8F081A06803689B6998472A46A5
:10FBD000034631466846F3F753F80028EBD09DF80A
:10FBE0000030022BECD104F5CA653246694628463E
:10FBF000F2F7A4FF29462046FFF76AFF94E0DD28CC
:10FC0000DED84D4D2B780133DBB2012B2B700FD991
:10FC100000232B70A06803685B69984750B90123E3
:10FC20002B70E06803685B69984730B9287004E07E
:10FC3000002BEFD02B78012BF3D004F5F37604F5ED
:10FC4000ED772B78002B36D1A06803685B69984765
:10FC500088B3A06803689B6998473A4603463146D3
:10FC60006846F3F70DF80028EBD0DFF8D08069463E
:10FC70000120F3F7F9F998F8023033B1E068BDF8E4
:10FC80000220036831461B6998479DF80030022B1B
:10FC900011D104F5CA67324669463846F2F74EFF7D
:10FCA00098F800301BB139462046FFF711FF39465E
:10FCB0002046FCF711FD04F21E3604F212372B78B1
:10FCC000012B7FF47DAFE06803685B6998470028EB
:10FCD0003FF476AFE06803689B6998473A4603466D
:10FCE00031466846F2F7CCFF0028E8D0134F69464A
:10FCF0000220F3F7B9F97B7833B1A068BDF8022090
:10FD0000036831461B6998479DF80030022B7FF449
:10FD100057AF04F5CA65324669462846F2F70EFF2A
:10FD20003B78002B7FF466AF2946204604B0BDE83F
:10FD3000F041FCF7D1BC00BF800B0020410B00203C
:10FD4000264B70B51E680446FFF71EFA58B9C4F872
:10FD5000A468A4F85601A4F85401A4F84C04A4F82B
:10FD60004A0484F8B8081E4D95F82D30013B012B4C
:10FD700033D82046FCF7D8FF2046FFF70BFF194B7E
:10FD80001B78142202FB035595F8525095B1D4F814
:10FD9000A438F31AB3F57A7F0FD3C4F8A468012509
:10FDA00004F6A800FCF7ECFE4DB12046BDE870401B
:10FDB000FCF79CBAC4F8A468F2E70025F0E794F8D1
:10FDC000B4382BB1084984F8B4582046FFF798FEA0
:10FDD0002046BDE87040FCF79FBD70BD086A00205A
:10FDE000BC0800206008002069B001082DE9F04F30
:10FDF000244B254C1B78012B89B000F24E811BB996
:10FE0000F3F7BAFC01F0AEF8DFF89C90DFF89C80C5
:10FE1000FEF782FFD9F80000616C03689B68984781
:10FE2000D8F80000616C03689B689847174B002264
:10FE30001A809A70164B40229A6207254CF2503075
:10FE4000013DF3F7DBFDF3F7BBFE15F0FF05F5D140
:10FE5000104B11489D701D8001F0B2FF013880B237
:10FE60004FF6FD76B04203D90C490120F6F7DCFDD0
:10FE70000B4802F0E8FA013880B2B04218D90949BB
:10FE80000220F3E7F2380020600800203E1700202F
:10FE90000008004800170020BC3A002073B2010897
:10FEA000D83A00207DB20108083A00200C3A002020
:10FEB0009C4B1D609C4B1D6094F8523013B994F814
:10FEC00054301BB199499A48F5F7FAFC94F853302D
:10FED00013B994F855301BB196499748F5F7F8FDDA
:10FEE0009648974F974EF6F7CBF994F82A3002933D
:10FEF00094F829300193A38D009394F82830626A16
:10FF000094F820103846F5F7F1FD94F83A30029352
:10FF100094F839300193A38F009394F83830626BD2
:10FF200094F8301007F1DC00F5F7E0FD864BFF2276
:10FF30001A705A702278854B4FF0140A0AFB02623D
:10FF4000002592F85A205D70511E4A424A411A70AB
:10FF500004229A706422DA701D717D4B3D7487F81B
:10FF6000EC5038461D70F5F72DFE0146704801F043
:10FF7000DCFD07F1DC00F5F725FE01466E4802F0D6
:10FF800034F9744B1D80744B1D70744B1D70744B91
:10FF90001D80744B1D80744B1D70744B1D80744B01
:10FFA0001D70744B1D70744B1D70744B1D70744B21
:10FFB00001201D70FEF7F0FFFFF708F8B4F8483095
:10FFC000B4F84A2094F840106E48F0F783FEB4F875
:10FFD00048106D48F1F71EFA6C48F6F775FD237866
:10FFE0006B480AFB036393F84E10F2F709FBD8F84D
:10FFF0000030684AD9F800106748FCF731FDD9F89D
:020000040801F1
:100000000050D8F80030654805931A462946FDF798
:100010005BFA059B5F4A62482946FDF743FB61494D
:10002000B4F8482009686048F7F73AF82078059B4B
:1000300006EB001202F5897202920AFB00624A3254
:100040000192626C009259482A46FEF749FE94F8E4
:1000500052301BB994F85430002B4FD03448F5F788
:1000600020FC01465248F6F785FB5248F2F75CFA4D
:100070005148FDF741FB5148F1F7B2FB5048F2F708
:1000800081FA504A002313704F4A13804F4A13805D
:10009000F4F722FC4E4AFF231370F4F727FC2F4E8F
:1000A000002800F0C780314A13880BB1013B138050
:1000B000284A13880BB9B4F84830013B9BB2012B96
:1000C00013801FD1244A1370FEF7B2FF3378002B40
:1000D00040F0B080244B3F4A1978138802291AD186
:1000E000EBB1013B9BB213809278002A76D0002BB3
:1000F0007DD1F3F777FCF3F781FC78E00E48F5F754
:10010000D8FCAEE7002BDFD101233370324B5A6AA3
:10011000134B1A80D8E7002BE3D1C723E3E740F263
:10012000F313E0E73417002038170020640800209C
:10013000BC3A002070080020D83A0020900B002024
:10014000AC120020BC080020F33800207C120020F4
:10015000063A0020F03B00203C17002075120020DA
:10016000C238002044170020690C00206C0C0020CD
:100170006A0C0020680C0020431700204217002062
:100180004A170020103A0020243B0020C5380020E8
:10019000D41600202C200020501700201C2B0020FB
:1001A000F03A00205C0C0020CC0B002084120020D0
:1001B000AA1200201052002030110020F83A00202E
:1001C000600C0020F0380020343B0020363B00203B
:1001D000F23800203E17002000040040022940F0C1
:1001E00085800BB9F3F7FEFB8E4B40229A628E4D51
:1001F0002B88002B40F0838040F2E7332B808B4824
:10020000F6F7EAF88A48FDF765FF94F8523023B90B
:1002100094F85430002B00F08B808648F5F741FBB2
:1002200001468548F6F7A6FA2B881BB9834984480E
:10023000F2F7D1FF834D2B88022B7DD0042B00F0E9
:10024000AC80012B19D1804B197C5A7C93F8ED00BE
:100250000131C9B28A4298BF002193F8EC20197489
:100260000132D2B2904298BF002283F8EC20774B43
:10027000187AFFF7E3FB02232B8094F8523023B95E
:1002800094F85430002B00F00B81714F3B68002B29
:1002900000F006812B88032B40F0A8803B68DA072A
:1002A0000DD56C4A00233B60137843F001011170B7
:1002B00094F856200AB19B0701D504232B803B6894
:1002C000002B00F0ED803B683B686348634913F006
:1002D000020F00F0998003783A6801930B7800933D
:1002E0002B785F4992B20120F6F7A6FB4FF09042BF
:1002F0004FF480719162002B7FF479AFFBE6013BF4
:100300009BB22B80002B7FF47AAF2278554B1421BF
:1003100001FB023393F85330022B7FF470AF524B42
:100320001B78002B3FF46BAF5048F0F75EFD66E79B
:100330004F48F5F7BEFB73E74E4B4F4A5B6A128896
:100340009B1A9BB240F2ED22934296D94B4B4C48FC
:1003500000271F70F6F72EFA3B48F5F733FC0146ED
:10036000344801F0E2FB4748F5F72CFC01464048D1
:1003700001F03BFF354B187AFEF7BEFE03232B80BE
:10038000344B41481F70414B1F60314B1F60404B45
:1003900001221A71F2F7CCF86FE794F8523053B19A
:1003A00024484FF6FF71F3F739FA01F054FC214865
:1003B000002101F084FC94F853305BB12C484FF6D7
:1003C000FF71F3F7AFFA01F09AFF294800220121EB
:1003D00001F0D3FF204A05232B80002313701F4A0E
:1003E00013702A4A13601A4A136046E7052B7FF4FC
:1003F00066AF3B6898077FF562AF00203860FEF774
:100400008FFE164B18705AE73B6813F0010343D078
:1004100003783A6801930B7800932B781D4992B2C8
:10042000022061E700080048343B0020900B0020C8
:1004300030110020BC3A0020AA1200207EB0010832
:100440002800002044170020AC120020243B00208C
:10045000381700204A1700204317002042170020B9
:1004600088B20108BC080020680C0020103A002067
:10047000D83A002000040040C23800203C17002079
:10048000F338002088130020105200203417002079
:10049000700C002099B201083B602B8003700B7038
:1004A00094F853301BB994F85530002B4AD03E4F86
:1004B0003B68002B46D02B88032B24D13B68D907FF
:1004C0000DD53A4A00233B60137843F002011170C6
:1004D00094F856200AB1DA0701D504232B803B6833
:1004E000002B2FD03B683B683148324913F0020F94
:1004F00016D003783A6801930B7800932B782E4935
:1005000092B20320F0E6052BE9D13B689B07E6D5C4
:10051000002301203B60FEF703FE254B1870DEE749
:100520003B6813F0010309D003783A6801930B7814
:1005300000932B78214992B20420D5E63B602B80B2
:1005400003700B703378002B00F0E98100231C4806
:100550003370F5F74CF91B48DFF854A0DFF854B0BE
:10056000DFF86480F5F763FA94F8523094F853603A
:10057000002B00F0F780002E00F003819BF8003084
:1005800023BB9AF80060003E18BF01269AF800309D
:10059000012B94BF00230123002E40F0FF801E4654
:1005A000FEF7A0FD27E000BF341700204A17002007
:1005B0004317002042170020AAB20108BCB201086C
:1005C000BC3A0020D83A0020103A0020012BDDD0A0
:1005D00094F85330002B00F0E38098F98D300093AD
:1005E00098F98C309AF800209BF80010A148F0F799
:1005F000FAFEFFF7E7F894F854009BF800109AF819
:10060000002094F85530002800F0CC80002B00F03A
:10061000CE8098F98D30009398F98C309648F0F799
:1006200013FFDFF8A092954F99F8103088F8A730A3
:100630009BF80030012B94BF0023012388F8A530DC
:100640009AF80030012B94BF0023012388F8A630CC
:100650003B784EB1002B00F0AD80012B00F0AF8055
:10066000874BB4F84C201A803B78022B03D1844B83
:100670001B8803B93B703A7800230120022A2880A6
:100680008BF800308AF8003006D07E490B701AB91A
:10069000FEF7C0FCFEF79AFC7B4A13880BB9B4F84E
:1006A0004A30013B9BB213807BBB7848F0F7ABFB31
:1006B0003B78022B29D1754898F99250F0F795FBB9
:1006C00094F85230064623B994F85430002B00F0C9
:1006D000A0806F48F5F7CEF86E4B1A78AAB11A7958
:1006E0000AB1013A1A71DA786B4C072101FB0261F9
:1006F0000431921BC908132AD97002DC322E00F291
:100700008C809A7862700A221A716048634CF0F704
:100710001FFB3B78022B0CBF012500250ED05B4848
:10072000F0F7BEFA23784BB15A4B1A7832B15A4AD5
:10073000997851706422DA7000221A71584B257032
:100740001D78002D00F0C080564B40229A614FF07A
:1007500090434FF480729A61F4F7E0FE524A01230D
:100760001370BCE06EB19AF80030012B94BF0026E4
:100770000126002B3FF414AF94F8533083B10120CD
:1007800037E79BF80020012A94BF00260126002AA3
:100790003FF406AF002B7FF41BAFEDE71E4617E7D3
:1007A000002026E71BB1344B01221A7239E7324B85
:1007B0000022FAE701223A703C4A137050E73B4AA4
:1007C0003B4E13780133DBB213703278DAB994F808
:1007D00050108B42FFF444AF364991F8A03043B932
:1007E000354B1B792BB982B1FEF714FC012381F83C
:1007F000A030337813B92548F0F7A6FA02233B70EE
:10080000012333702CE70521E3E72C490C20FFF787
:100810002DBB2B48F5F736F95EE780B200F10F06E5
:1008200036B2B54222780CDA9E78964209D9501C2D
:10083000607054294FF00A0018713FF666AF01321C
:1008400060E7153000B285420BDD5E2909D9597881
:100850009142BFF45AAF197900297FF456AF013A9B
:1008600050E754293FF651AF997891427FF64DAF4A
:10087000E5E700BFF1380020243B0020690C002090
:100880006C0C0020C5380020363B0020103A0020B8
:10089000BC3A00207C120020F33800207B0B0020A3
:1008A0007412002000080048F23800206A0C002072
:1008B000680C0020780A0020900B0020CEB20108BE
:1008C000D83A0020AC1200209948F5F7AFFDF5F7B3
:1008D000D9FD0128044605D003283FF43FAF09B0F5
:1008E000BDE8F08F9248F5F733FD41F28833A9F85F
:1008F000D630A9F8B2314FF090434FF4807289F8A6
:10090000D440A9F8D85089F8B041A9F8B4519A61F7
:100910004022C3F82828874B3D709C70DFE794F88D
:100920005730854EEBB185498548F7F78DFF68B1A3
:100930002278844B142101FB0233012293F84C30BE
:10094000032B04BF012333707D4B1A717C480DF1DA
:100950001B01F7F792FF20B19DF81B30F3B1012B7B
:100960001FD094F8573023B994F85830002B00F07A
:10097000F98073480DF11B01F7F7A4FF50B39DF800
:100980001B30033B0F2B25D8DFE803F0162424246B
:1009900024242448244C6272777D797BFCF72EFA5C
:1009A000DFE7674807A9F7F7BBFF0028D9D09DF814
:1009B0001C00F8F75BFAD4E7F4F7C0FD624B1B7834
:1009C000022B4FF0030722D10420FEF7FFFA5C4B05
:1009D00083F8FA7A94F85830002B00F0C380574916
:1009E0005A48F9F7DFFA08B101233370B4F8482008
:1009F000564806A9F9F7F8FA00284ED09DF81830A5
:100A0000052B4AD8DFE803F0465D6165698F4C48E5
:100A10008DF81C7007A9F8F7F5F8DBE74C49A1F150
:100A20003300F8E7464F07A907F13300F8F700FA5B
:100A30000028CFD09DF81C30002BCBD0424B18782B
:100A40000228C7D1FEF7C2FA0C2387F8FA3AC1E7A9
:100A50003D4B1B78022B07D10320FEF7B7FA384B2A
:100A60000D2283F8FA2AB5E73A4B01221A70B1E752
:100A700001213948F0F7D2FEACE70221F9E7032162
:100A8000F7E70821F5E72E4B344893F83310F1F7D8
:100A90007DFD9FE72D48FAF7A9F92C4F0DF11901BB
:100AA0003846F9F7D7FA00285CD09DF81930022BA8
:100AB00056D8002B00F0A18027480121F0F7B0FEA6
:100AC00050E02248FAF7E6F9E7E72048FAF726FA75
:100AD000E3E71E48FAF7A6FADFE719480DF11A0115
:100AE000F7F71EFF18B19DF81A00F8F7BFF9144880
:100AF0000DF11B0207A9F7F755FE30B19DF81B2039
:100B000007991248F9F7FAFAC7E7FEF73DFB002804
:100B1000C3D00C4B93F82D30013B022BBDD80B48B2
:100B2000F9F7F4FCB9E70948FAF740FAB5E700BF6E
:100B3000900B00203E170020F0380020CC38002019
:100B400018200020BC080020690C0020700C002038
:100B50004B20002074120020F83A0020600C002086
:100B6000032B50D033780BB3002333705F4E2378C0
:100B70005F496048142707FB036393F84D20F0F7A3
:100B800085F8237807FB036797F85A20012A02D1DA
:100B9000594A127852B9142202FB0366544996F856
:100BA0004A3096F856205548F5F72EFE544B1B78E0
:100BB000002B7FF494AE2B88022B3FF490AE51486B
:100BC000FFF7BEF85048FEF74FFF5048F1F7BDFC65
:100BD0004F48F0F70BFE10B94A48FEF71BFB431EC7
:100BE000102B7ED8DFE803F041484F7D182F39598C
:100BF0005D517D7D7961656D710097F8691045489B
:100C0000F1F7C4FCAEE7BA7D4348023AD2B207F12D
:100C10001801F7F7B2FDA5E7404B1878022805D177
:100C2000FEF7D4F93C4BFF2283F8FA2A3C48FDF743
:100C30003BFC3848F1F7BEFC00283FF450AE394B7E
:100C400001221A704BE6354B1B78022B01D1032091
:100C5000E6E7344B01221A70E8E7F4F76FFC2F4BFC
:100C60001B78022BE2D10420DAE72F4B1A79002AF5
:100C7000DCD101225A71D9E72B4B1A79002AD5D041
:100C800001229A71D2E7FEF73FF82148F0F7D8FD2C
:100C9000C1B22048F1F77AFCC8E72148FDF788FC8B
:100CA000C4E71F48FDF7B6FCC0E71D48FDF764FE2A
:100CB000BCE71748F0F7C6FD01461948FDF762FE8C
:100CC000B4E71748FDF764FEB0E71148F0F7BAFD46
:100CD00001461348FDF762FEA8E70D48F0F7B0FDA6
:100CE000A4E704283FF43AADA0E700BFBC08002009
:100CF000CC380020C40B0020680C0020F338002002
:100D00003C170020501700201C2B00201052002000
:100D1000F83A0020600C002018200020690C002008
:100D20008412002074120020900B002008B5FFF7F9
:100D30005DF8FCE7544B554A554870B51A60554B61
:100D4000554A1A60554B564A1A605A619A62DA63DC
:100D5000544A1A655A66544A9A67544A544B02F1E7
:100D60000801283200245A6140F2FF12C3E91A42F6
:100D70007F25504A1960C3F87022C3F86C42C3F84B
:100D8000744AC3F8785A4C4B0360212380F80C3125
:100D900000F1DC03C0F81031102380F8143100F1A9
:100DA000C403C0F81C310F2380F820311E2380F8C3
:100DB000243100F1F403C0F82831062380F82C31E7
:100DC000072380F8303100F1FA030222C0F83431F1
:100DD000092100F1FC0380F8182180F8382180F8FF
:100DE0003C11C0F8403180F850210D2280F8542188
:100DF00000F20112C0F858210A261122032380F8BC
:100E0000486180F8602100F1FF0600F5827280F8E9
:100E10004431C0F84C6180F85C31C0F8642180F83E
:100E20007831082200F1D30300F1EC0680F8682144
:100E300080F86C2180F87421C0F87C3180F8801132
:100E4000C0F8706100F5EA70F8F708FF1B4B1C4A08
:100E50001A601C482146EFF7C9FE1B4B1B4AC3F81A
:100E60004C24C3E95545A3F84A44194B40F2FF32DC
:100E7000C3F82426C3F82046164B174A1A60174BAE
:100E8000174A1A6070BD00BFBC3A0020ECB20108DE
:100E9000700C0020D83A002014B30108103A00204A
:100EA0003CA2010824A2010830A2010854F0010864
:100EB000182000200000FF074CF00108D416002085
:100EC000FCB30108C40B0020501700200000FF01F4
:100ED0001C2B0020F03A002008F0010810520020DE
:100EE00038F001080020704721280ED022281DD09C
:100EF000202808D1164B0A681A600A791A714A79B3
:100F00005A718A799A7100207047114B1A680A70D9
:100F10001A68120A4A705A888A70DA78CA701A797E
:100F20000A715A794A719B798B71ECE7094B4988B0
:100F300000221A70C80742BF1A7842F001021A70E4
:100F40008A0742BF1A7842F002021A70DBE700BF3C
:100F50001C5200208A650020014B1868704700BFB2
:100F60001C52002010B5144C14490022204606F0F3
:100F700039F81349204606F048F81249204605F092
:100F8000E8FF204606F05AF80F4A4FF4E1331360A9
:100F900008210023938091710C4A13800C4A13801E
:100FA0000C4A13800C4A13800C4A13700C4A1370BD
:100FB0000C4B01221A7010BD24520020BC020020EC
:100FC00038030020A80200201C5200208665002063
:100FD00088650020425D0020445D00208A65002075
:100FE000405500208B650020044B1888044B1B885B
:100FF00080B29BB2C01A18BF01207047445D002028
:10100000425D0020054B064A1B8812889B1A98B245
:101010001B0444BF00F5006080B27047445D0020AF
:10102000425D0020F8B50B68402B11D8134D144ECB
:10103000144FDFF85CC000220B68D4B29C4209D385
:10104000FFF7E0FFB0F5F06F14D20F4805F0BAFFDC
:101050000020F8BD2B8830880133C3F30A0380B227
:1010600083421CBF385D0CF8030002F1010218BF77
:101070002B80E1E7054B01221A70E9E7445D00206F
:10108000425D0020005500202452002040550020E1
:10109000415500200D4A0E4913880133C3F30A035A
:1010A00010B5138013880B4A9BB2D45C0B78E4B262
:1010B0004BB1FFF7A7FFB0F5F06F04D2002306484D
:1010C0000B7005F07FFF204610BD00BF425D002081
:1010D0004055002041550020245200200849094A6B
:1010E0000B8812880133C3F30A0392B29A421FBFDE
:1010F000054AD05401200B8008BF0020704700BF74
:101100008865002086650020865D0020054B064A24
:101110001B881088013380B2C3F30A031B1A58429C
:10112000584170478865002086650020044A0023E6
:101130001380044A1380044A1380044A13807047C2
:101140008665002088650020425D0020445D002007
:1011500010B5074C0749204605F012FF002206494A
:10116000204605F001FFFFF7E1FF002010BD00BFA2
:101170002452002000550020465D0020024B1878C4
:1011800000F00100704700BF8A650020024B18780C
:10119000C0F34000704700BF8A650020014803F09B
:1011A0006DB800BF8C650020F8B5164BD3F8BC3283
:1011B00033B35B6D23BB144D144E1549154F348862
:1011C0000888A4B280B28442DAB217D00133402B2F
:1011D00009D13F220C490B4805F0C6FEBDE8F84096
:1011E000084805F0D8BE0A880132C2F30A020A8014
:1011F0000A8892B2BA5C05F8012BE0E7002AE9D12F
:10120000F8BD00BF24520020465D00208865002004
:1012100086650020865D002008B5FFF7C5FF002029
:1012200008BD38B5044645180020AC4204D140B191
:10123000BDE83840FFF7B8BF14F8010BFFF74EFFC9
:10124000F3E738BD03289ABF014B185C03207047B1
:10125000A4F0010800B50268174B9A42A5B027D147
:101260003422002102A807F0B5FE2023019301A833
:101270000123079303F082FE5022002110A807F0FB
:10128000A9FE4FF400530FA80F9304F0B1F90B4BD4
:101290009A6D42F400029A659B6D03F4000300937B
:1012A000009B074B002283F81423142001F0ECFA72
:1012B00025B05DF804FB00BF005C00400010024058
:1012C00000E100E000F52D71D0F8F40205F0C8BE91
:1012D000282303FB0103D0F8F402D3F8802105F0A2
:1012E000EFBE282303FB0103D0F8F4021A6C05F0CB
:1012F0001CBFD0F8F40205F0BABF8368022B10B50A
:10130000044601D001F07AF9D4F8F402012105F085
:1013100092FFD4F8F402BDE8104005F05DBF000074
:1013200010B50446D0F8F40205F088FFA36923B194
:10133000024A136943F00603136110BD00ED00E09B
:10134000836903B1FEE7D0F8F40205F085BF000021
:1013500010B51E4A04461E480823C0E90023022394
:10136000C0F8F44283600361C4F8C8020023C0E9F6
:101370000633036202F0F7FE08B101F03FF90022E4
:101380001146D4F8C802182303F06AFDD4F8C80245
:1013900058230022802103F063FDD4F8C802C02343
:1013A0000022812103F05CFDD4F8C8024FF4887359
:1013B0000022012103F054FDD4F8C8024FF48073D9
:1013C0000022822103F04CFD002010BD005C004093
:1013D0008C65002008B5D0F8C80202F025FFBDE8F2
:1013E0000840FFF72FBF10B51446D0F8C8021A46C0
:1013F000234603F033FCBDE81040FFF723BF08B5D8
:10140000D0F8C80203F05EFCBDE80840FFF71ABF41
:1014100008B5D0F8C80203F0BDFCBDE80840FFF7EE
:1014200011BF08B5D0F8C80203F0E6FCBDE80840DB
:10143000FFF708BF11F0800FD0F8C8324FF0280234
:101440001DBF01F07F0101FB02229B1802FB01334B
:1014500014BF987993F86E01704708B5D0F8C802A8
:1014600002F0F7FEBDE80840FFF7ECBE08B5D0F883
:10147000C80203F070FCBDE80840FFF7E3BE08B502
:10148000D0F8C80203F049FCBDE80840FFF7DABE17
:10149000D0F8C80203F057BC0048704784680020A9
:1014A00070470000122301480B807047D8020020CB
:1014B000042301480B807047EC020020002370B524
:1014C0004D1C1E46040FB0F1204F34BF303437346A
:1014D00001F8134005F813600133DCB2A2424FEA71
:1014E0000010EFD870BD00001A2310B50B800A4B16
:1014F000D3F89005D3F8982580180AD0D3F89445EE
:1015000006490822FFF7DAFF042210312046FFF7D0
:10151000D5FF034810BD00BF0070FF1FF20200207E
:10152000F002002010B5044C04480A46214606F09B
:1015300002F9204610BD00BFE4680020A8F00108B1
:1015400010B5044C04480A46214606F0F4F820463B
:1015500010BD00BFE4680020BBF0010810B5044CCA
:1015600004480A46214606F0E6F8204610BD00BFB2
:10157000E4680020D1F0010810B5044C04480A4684
:10158000214606F0D8F8204610BD00BFE4680020D0
:10159000DCF0010810B53024632807D80C70302126
:1015A000092808D830301170187010BD0134643823
:1015B000E4B2C0B2F0E701310A38C9B2C0B2EFE715
:1015C00030B5302442F20F75A84212D80C70302189
:1015D000B0F57A7F14D211703022632816D81A70B1
:1015E0003023092817D8039A1370049B30301870E1
:1015F00030BDA0F51C5001341038E4B280B2E3E7EE
:101600000131A0F57A70C9B280B2E1E701326438E5
:10161000D2B280B2E1E701330A38DBB280B2E0E750
:1016200070B5324D324E3024A84232D80C70314D54
:10163000314C3021A04230D81170304930228842DC
:101640002FD21A702E4A302390422ED8049A13704B
:101650002C4A302390422FD8059A1370302342F23F
:101660000F7290422ED8069A13703023B0F57A7F0D
:101670002ED2079A1370302363282ED8089A13703D
:10168000302309282DD8099A13700A9B303018701E
:1016900070BD0134E4B23044C6E70131C9B2284418
:1016A000C8E70132D2B2401AC9E70133A0F574206D
:1016B000DBB2A0F51070C7E70133A0F5C330DBB291
:1016C000A038C7E70133A0F51C50DBB21038C8E7DB
:1016D0000133DBB2A0F57A70C8E70133DBB26438BE
:1016E000CAE70133DBB20A38CBE700BFFFC99A3B38
:1016F000003665C4001F0AFAFFE0F50580969800E1
:101700003F420F009F86010010B58B1C0C464A1CFF
:10171000FFF740FF0023E37010BD002810B50C4612
:101720000FDA10F1800F0FD04042C0B22D222346B5
:10173000611C03F8032BA21CFFF72CFF002323716D
:1017400010BDC0B22022F2E72D228020EFE713B5B2
:101750000B1D0193CB1C00934A1C8B1C0C46FFF7FE
:101760002FFF0023637102B010BD10B588B001F1E6
:101770000903069301F108030593CB1D04938B1D08
:1017800003934B1D02930B1D0193CB1C00934A1C2A
:101790008B1C0C46FFF744FF0023A37208B010BD5A
:1017A0000A2230B501231446824207D95A1E12B2CA
:1017B0000A24150406D50022CA5430BD01339BB259
:1017C0006243F1E7B0FBF4F504FB150030308854B8
:1017D0002846013AEDE7031E10B50C4603DBBDE8D1
:1017E0001040FFF7DDBF58420131FFF7D9FF2D232D
:1017F000237010BD03099F2800F00F0094BF303301
:10180000373309280B7094BF3030373000234870CD
:101810008B70704713B502460C46C0B201A9FFF7A2
:10182000E9FF2146100AFFF7E5FF9DF80430A37099
:101830009DF80530E3709DF80630237102B010BDAD
:1018400010B5034C2146FFF75FFF204610BD00BFD7
:10185000E469002010B5034C2146FFF75EFF2046E7
:1018600010BD00BFE469002010B5034C2146FFF70E
:101870006EFF204610BD00BFE469002010B5034C88
:101880002146FFF772FF204610BD00BFE46900202B
:1018900010B5034C2146FFF7BDFF204610BD00BF29
:1018A000E469002013B503688DF807109C680DF1FA
:1018B00007010123A04702B010BD07B503688DF8EA
:1018C00007101B6901220DF10701984703B05DF86D
:1018D00004FB73B51D460368019104465B69164617
:1018E0009847236820461B6898470199221D204687
:1018F000FFF7D8FF2DB123682A461B6931462046E1
:101900009847236820465B68984723689B690C21A9
:10191000204602B0BDE87040184773B51E46036804
:10192000019104465B6915469847236820461B6869
:101930009847221D01992046FFF7B4FF2046002159
:10194000FFF7BBFF23682046DB68324629469847ED
:1019500023685B68204602B0BDE8704018472DE957
:10196000F0411F46036804465B690D4616469847DA
:10197000236820461B689847221D20460D21FFF74B
:1019800091FF290A2046FFF798FFE9B22046FFF7AA
:1019900094FF236831463A4620461B6998472368DE
:1019A00020465B689847236820469B69BDE8F04164
:1019B0000C21184707B501238DF807200DF1070208
:1019C000FFF7CDFF03B05DF804FB2DE9F0411F46A2
:1019D000036804465B690D4616469847236820460F
:1019E0001B689847221D20461D21FFF75BFF290A2F
:1019F0002046FFF762FFE9B22046FFF75EFF204670
:101A00000021FFF75AFF23682046DB683A4631463B
:101A10009847236820465B68BDE8F041184707B542
:101A200001230DF10702FFF7D0FF9DF8070003B077
:101A30005DF804FB2DE9F0411E46036804465B692E
:101A40000F4615469847236820461B689847221D75
:101A500020460E21FFF726FF39462046FFF72DFFCF
:101A600023682946324620461B699847236820464A
:101A70005B689847236820469B69BDE8F0410C21CC
:101A800018472DE9F0411E46036804465B690F467E
:101A900015469847236820461B689847221D204614
:101AA0001E21FFF7FFFE39462046FFF706FF2046BE
:101AB0000021FFF702FF23682046DB6832462946F3
:101AC0009847236820465B68BDE8F041184710B589
:101AD000002304461A46C021FFF7FBFE207910BD03
:101AE00037B504460D468DF80710012380210DF10E
:101AF0000702FFF7EEFE2368012D9B690CBF322120
:101B000040F2DC51204603B0BDE83040184737B5FD
:101B100001230C468DF807100DF107028A210546B6
:101B2000FFF7D7FEAC7103B030BD07B5042309BA87
:101B300001910DEB03028621FFF7CBFE03B05DF8A8
:101B400004FB07B502238DF804108DF805208F21C2
:101B500001AAFFF7BEFE03B05DF804FB37B58DF8B0
:101B6000063000238DF807300423044615468DF80F
:101B700004108DF805208B210DEB0302FFF7A9FE61
:101B800040F689012046FFF74AFF062D16BF40F0B8
:101B9000040200F0FB02D2B240F6890120468DF823
:101BA0000420FFF707FF03B030BD73B515468DF86D
:101BB000033000229DF818309DF81C608DF800203D
:101BC00004468DF801108DF804308C2106236A46F6
:101BD0008DF802508DF80560FFF77BFE40F23671FC
:101BE0002046FFF71CFF5EB100F0FB0240F23671A9
:101BF00020468DF80020FFF7DDFE657102B070BD54
:101C000040F00403DAB2F1E707B55BBAADF804308F
:101C1000BDF810305BBAADF8063049BA082352BAA5
:101C2000ADF80010ADF8022019466A46FFF751FEE4
:101C300003B05DF804FB07B5022301AA1221FFF7E8
:101C40006CFE9DF804309DF8050000EB032080B287
:101C500003B05DF804FB07B5022349BAADF80410E0
:101C600001AA1946FFF735FE03B05DF804FB07B57E
:101C700002238DF804108DF805208E2101AAFFF7AC
:101C800028FE03B05DF804FB13B56FF07F43994263
:101C900028BF19460B0C04468DF804300B0A8DF84A
:101CA00005308DF8061001AA03238321FFF711FEEA
:101CB000236864219B692046984702B010BD13B584
:101CC0006FF07F43994228BF19460B0C04468DF8EC
:101CD00004300B0A8DF805308DF8061001AA032395
:101CE0008221FFF7F6FD236864219B69204698470F
:101CF00002B010BD37B503230D461446142101AAC6
:101D0000FFF70BFE9DF804305B085B422B809DF9CA
:101D10000530002BB8BF03339B10237003B030BDD8
:101D200010B543680D4A23F07F4323F0FF0393422D
:101D3000044611D1002240F60211FFF73BFE40F6A7
:101D400044112046FFF76BFE40F00200C2B240F69D
:101D500044112046FFF72EFE10BD00BF0001010018
:101D600037B505460191FFF766FF019904462846FD
:101D7000FFF771FFA30702D52846FFF7D1FF2046E2
:101D800003B030BD07B5002914BF402320238DF8D0
:101D900007300DF1070201239321FFF79AFD03B0ED
:101DA0005DF804FB10B5002304461A46C121FFF775
:101DB00090FD236820469B69BDE8104046211847E6
:101DC00008B5FFF784FE80B208BD07B50023ADF863
:101DD000043001AA02230721FFF77BFD03B05DF861
:101DE00004FB07B5130C8DF8053052BA04238DF8A7
:101DF0000410ADF8062097210DEB0302FFF769FDF3
:101E000003B05DF804FB08B50A4640F6AC01FFF7E5
:101E1000D1FD08BD10B540F6D8010446FFF7FFFD1F
:101E200040F01E00C2B240F6D8012046FFF7C2FDC6
:101E300010BD08B50A4640F6E701FFF7BBFD08BD37
:101E400007B5054B019304230DEB03029521FFF722
:101E500040FD03B05DF804FB0101000107B502235A
:101E60008DF804108DF80520982101AAFFF731FDA7
:101E700003B05DF804FB000013B504461C48B0FB3A
:101E8000F1F1080C8DF80000080A8DF801000498A3
:101E90008DF803208DF804308DF80210EEF74AFB20
:101EA00011A3D3E90023EEF7E9FCEEF7CFFD020C16
:101EB00043BA8DF80520ADF806306A46082320465F
:101EC0008B21FFF706FD40F689012046FFF7A7FDAD
:101ED00040F00402D2B240F6890120468DF800207D
:101EE000FFF768FD02B010BD000000008084EE3FE7
:101EF0000000093D1FB58DF807309DF818308DF8AA
:101F000008309DF81C308DF809309DF820308DF890
:101F10000A309DF824308DF80B3049BA9DF82830EE
:101F2000ADF804108DF806208DF80C3001AA0923B5
:101F30008C21FFF7CEFC05B05DF804FB07B500234C
:101F400049BAADF80010ADF8023001936A46082393
:101F50004FF4D861FFF703FD03B05DF804FB13B540
:101F600003230C4601AA1421FFF7D7FC9DF8063085
:101F70005B085B42238002B010BD13B503688DF887
:101F800007109C680DF107010123A04702B010BDA6
:101F900007B503688DF807101B6901220DF10701D1
:101FA000984703B05DF804FB73B51D4603680191C3
:101FB00004465B6916469847236820461B68984785
:101FC0000199221D2046FFF7D8FF2DB123682A462C
:101FD0001B69314620469847236820465B6898472E
:101FE00023689B690C21204602B0BDE87040184769
:101FF00073B51E460368019104465B691546984710
:10200000236820461B689847221D01992046FFF748
:10201000B4FF20460021FFF7BBFF23682046DB68A2
:1020200032462946984723685B68204602B0BDE8DF
:10203000704018472DE9F0411F46036804465B696C
:102040000D4616469847236820461B689847221D70
:1020500020461821FFF791FF290A2046FFF798FF35
:10206000E9B22046FFF794FF236831463A462046FE
:102070001B699847236820465B6898472368204679
:102080009B69BDE8F0410C21184707B501238DF885
:1020900007200DF10702FFF7CDFF03B05DF804FB49
:1020A0002DE9F0411F46036804465B690D4616465C
:1020B0009847236820461B689847221D204619210F
:1020C000FFF75BFF290A2046FFF762FFE9B22046CF
:1020D000FFF75EFF20460021FFF75AFF23682046E6
:1020E000DB683A4631469847236820465B68BDE87E
:1020F000F041184707B501230DF10702FFF7D0FFA4
:102100009DF8070003B05DF804FB2DE9F0411E4681
:10211000036804465B690F461546984723682046C6
:102120001B689847221D20461A21FFF726FF3946D3
:102130002046FFF72DFF23682946324620461B69BB
:102140009847236820465B689847236820469B6928
:10215000BDE8F0410C2118472DE9F0411E46036807
:1021600004465B690F4615469847236820461B685E
:102170009847221D20461B21FFF7FFFE39462046C7
:10218000FFF706FF20460021FFF702FF23682046E5
:10219000DB68324629469847236820465B68BDE8DD
:1021A000F041184737B504460D468DF80710012356
:1021B00080210DF10702FFF7F7FE2368012D9B69CF
:1021C0000CBF322140F2DC51204603B0BDE8304064
:1021D000184707B501238DF807100DF107028A2172
:1021E000FFF7E2FE03B05DF804FB07B50B0C8DF8BA
:1021F00004300B0A8DF805308DF80610032301AA70
:102200008621FFF7D1FE03B05DF804FB07B502237A
:102210008DF804108DF805208F2101AAFFF7C4FE68
:1022200003B05DF804FB37B50C468DF804108DF84B
:1022300005208DF8063001AA03238B210546FFF700
:10224000B3FE702C08D005D8502C07D0602C05D0D8
:10225000322204E0802CFBD1372200E01E222846E7
:1022600040F62511FFF711FF012240F63C112846E8
:10227000FFF70BFF03B030BD07B58DF802309DF8B6
:1022800010308DF803309DF814308DF804300023A1
:102290008DF800108DF801208DF805308DF806308E
:1022A0006A4607238C21FFF77FFE03B05DF804FB2D
:1022B00007B55BBAADF80430BDF8103049BA52BA70
:1022C0005BBAADF80010ADF80220ADF806306A46F2
:1022D00008238D21FFF768FE03B05DF804FB07B506
:1022E000022301AA1521FFF783FE9DF804309DF813
:1022F000050000EB032080B203B05DF804FB07B5D6
:1023000049BAADF80410022301AA9721FFF74CFE49
:1023100003B05DF804FB37B505460191FFF7DFFF19
:10232000019904462846FFF7EAFF204603B030BD76
:1023300007B51F2928BF1F218DF804108DF805202F
:10234000022301AA8E21FFF72FFE03B05DF804FBE4
:1023500013B5130A04468DF804108DF805308DF876
:102360000620032301AA8321FFF71EFE23686421B0
:102370009B692046984702B010BD13B5130A044666
:102380008DF804108DF805308DF80620032301AA7E
:102390008221FFF709FE236864219B692046984744
:1023A00002B010BD37B505230C4615461D216A46FF
:1023B000FFF71EFE9DF800309DF90110F02B84BF41
:1023C00000238DF800309DF800305B085B42002947
:1023D00023800B46B8BFCB1C9B102B700331BEBFB4
:1023E00022889B18238003B030BD07B501238DF8E8
:1023F00007100DF107029E21FFF7D6FD03B05DF82F
:1024000004FB10B5002304461A46C121FFF7CCFD9A
:10241000236820469B69BDE810404621184738B51F
:102420000D4640F691010446FFF764FE012D0ABFF8
:1024300060F03F0200F03F02D2B240F69101204628
:10244000FFF723FE38BD38B540F253110546FFF7BC
:1024500051FE4FF4AA7104462846FFF74BFE40EAAE
:10246000042080B238BD07B58DF804108DF8052022
:102470008DF8063001AA03238B21FFF795FD03B0E9
:102480005DF804FB07B58DF802309DF810308DF82B
:1024900003309DF814308DF804309DF818308DF815
:1024A000053008238DF800108DF801208DF80630D6
:1024B0006A4607238C21FFF777FD03B05DF804FB24
:1024C00073B5C1F307230E0EC1F3074512F0FD04E7
:1024D00009BA019126D18C2E22D1382D20D14AF66D
:1024E000AC12ADF804209DF80420632A0ED19DF8AB
:1024F00005200E2A0AD123F0080342F66B2263F06E
:102500007F03ADF804208DF80630002404230DEB82
:10251000030240F6CF11FFF78DFD204602B070BDDB
:102520000124E0E7141F18BF0124EFE713B50523CA
:102530000C466A461D21FFF75BFD9DF800305B08E5
:102540005B42238002B010BD10B594B03822002148
:1025500006A806F03FFD1422002101A806F03AFD6E
:10256000002002F0B1FC01224FF48033CDE90623B4
:1025700003240223552206A8CDE90D34CDE910230A
:10258000CDE912330F9302F0F9FC08B172B6FEE701
:102590000421CDE903000F2305900DEB0100CDE9E7
:1025A000013402F031FF08B172B6FEE714B010BD7D
:1025B00007B5104A136823F48063136000F00AF92A
:1025C000FFF7C2FF0C4BDA6C42F02002DA64DA6CDF
:1025D00002F020020192019ADA6C42F00102DA6400
:1025E000DB6C03F001030093009B03B05DF804EB88
:1025F000FEF79CBB002002400010024072B6FEE7CE
:102600000A4B1A6E42F001021A661A6E82B002F08C
:1026100001020092009A9A6D42F080529A659B6D79
:1026200003F080530193019B02B0704700100240F9
:10263000FEE7FEE7FEE7FEE7FEE7704770477047FC
:10264000F2F764B90120704708B506F085FC16233F
:1026500003604FF0FF3008BD08B506F07DFC16237F
:102660000360FEE770B50D4614460E46731B9C4290
:1026700001DC204670BDAFF3008006F8010BF5E7E2
:1026800070B50D4614460E46731B9C4201DC204675
:1026900070BD16F8010BAFF30080F5E74FF0FF3087
:1026A00070474FF400534B60002070470120704783
:1026B000002070470B4A116810B5034609B90A4952
:1026C0001160106809490A4C0344091B8B4206D962
:1026D00006F042FC0C2303604FF0FF3010BD136086
:1026E000FCE700BF046A0020606B002000000220AD
:1026F00000040000034AD2F8883043F47003C2F8A3
:102700008830704700ED00E00D488546FFF7F2FF86
:102710000C480D490D4A002302E0D458C45004333C
:10272000C4188C42F9D30A4A0A4C002301E0136012
:102730000432A242FBD306F0C7F9FFF739FFFEE7E8
:1027400000000220000000201C04002034F70108D3
:10275000200400205C6B0020FEE7704710B5094B99
:102760004FF0FF3200249A639C631A641C649A62DF
:102770009C62DA62DC621A631C63FFF7EEFF20469C
:1027800010BD00BF0010024038B50F4B1A68054657
:102790000AB9012038BD4FF47A73B3FBF2F30B4A48
:1027A0001068B0FBF3F000F07DF804460028F0D18B
:1027B0000F2DEED8024629464FF0FF3000F032F8D8
:1027C000034B20461D60E5E7100300200C030020AA
:1027D0001403002010B5032000F012F80F20FFF7BB
:1027E000D3FF044618B9FFF70BFF204610BD0124A4
:1027F000FBE70000014B1868704700BF086A002023
:102800000749CA6822F4E0620302120403F4E06399
:10281000120C134343F0BF6343F40033CB607047A3
:1028200000ED00E0164B30B5DC68C4F30224C4F1BF
:102830000703251D042B28BF0423062D4FF0FF3569
:102840008CBF033C002405FA03F321EA0303A540EF
:1028500022EA0502A340002843EA0203ACBF00F1CC
:102860006040084A4FEA0313B8BF00F00F00DBB224
:10287000AABF00F56140135480F8003330BD00BF9B
:1028800000ED00E014ED00E0002807DB044A4109F8
:10289000012300F01F00834042F82130704700BF41
:1028A00000E100E00138B0F1807F0BD24FF0E0236F
:1028B000054A5861F02182F8231000200722986110
:1028C0001A6170470120704700ED00E070B5D0E953
:1028D00013456560446D14B1D0E916456560D0E9D3
:1028E000105404F01F060124B4406C600468636057
:1028F0008368102B0BBFA260A160E160E26070BD35
:1029000003680D490D4A10B50D4CA34288BF0A4615
:10291000416C21F003010A448264DBB2094AC264BB
:10292000083B1422B3FBF2F3012203F01F0302FA67
:1029300003F3036510BD00BF2008024000080240F9
:10294000070402408008024038B500285BD00268C6
:102950002E4B9A424FF0140149D82D4B1344B3FB30
:10296000F1F32C499B00C0E91013022380F82530B5
:10297000D0E902430569116823432B4345692B4382
:1029800085692B43C5692B43056A21F4FF4121F07A
:1029900070012B430B431360FFF7B2FFB4F5804F78
:1029A00004BF002343604268816CD3B20B60D0E95E
:1029B0001314013A032A4C6020D8174A174981653D
:1029C0001A44013B9200012103F01F0301FA03F3B3
:1029D00000214265C3651160114A5364002301223E
:1029E000C36380F8243080F82520184638BD0D4B8D
:1029F0001344B3FBF1F30C499B00B4E70023C0E997
:102A00001533C365EAE70120F0E700BF0704024081
:102A1000F8FFFDBF000002403F8200104009024065
:102A200000090240F8FBFDBF0004024070B590F8B9
:102A30002450012D044638D0012580F8245090F808
:102A40002550012D4FF000064FF002052BD180F8E4
:102A500025500568C6632E6826F001062E60FFF734
:102A600035FF036BBBB12B6843F00E032B60A36CE7
:102A70001A68D20342BF1A6842F480721A60636D0A
:102A80001BB11A6842F480721A602B6843F001038C
:102A90002B60002070BD2B6823F004032B602B6893
:102AA00043F00A03E2E780F824600220F2E710B561
:102AB00090F82530022B09D00423C36300220123A0
:102AC00080F8253080F8242018462BE003681A6827
:102AD00022F00E021A601A6822F001021A60826C5B
:102AE000136823F480731360D0E9101303F01F02FE
:102AF000012393404B60D0E913325A60436D33B1E8
:102B00001A6822F480721A60D0E916325A600123E2
:102B100080F82530836B002480F82440002BD3D02C
:102B20009847204610BD016C426C036870B402F0F7
:102B30001F020E681D680424944034420ED015F024
:102B4000040F0BD01A6892065EBF1A6822F00402C6
:102B50001A60036B4C6073B370BC18470224944036
:102B6000344212D015F0020F0FD01A68950606D421
:102B70001A6822F00A021A60012380F82530002327
:102B80004C6080F82430C36AE5E70824944034425E
:102B900011D02C070FD51C6824F00E041C600123F3
:102BA00003FA02F24A60C36380F82530002380F8FC
:102BB0002430436BCFE770BC704790F82500704716
:102BC000094A536943F4802310B55361EFF310822F
:102BD00072B60023CC58C4500433B3F5807FF9D1CA
:102BE00082F3108810BD00BF00200240064B5A69D6
:102BF000002ABFBF054A9A6002F188329A60BABFC4
:102C00005869C00F0020704700200240230167452B
:102C1000044B5A6942F000425A615869C043C00FE0
:102C2000704700BF0020024070B50646FFF7E2FD86
:102C30000F4C05462369DB030BD423694CF2FA32AF
:102C400013400DD00B494A681A434A6001202361A2
:102C500070BDFFF7CFFD401BB042EBD90320F7E773
:102C6000206910F00100F3D0012222611846EFE73D
:102C700000200240180300202DE9F0471D4E994620
:102C80003378012B05460F46904631D04FF0010AAC
:102C90004FF47A7086F800A0FFF7C6FF0446B8B973
:102CA0007060CDB9144A536943EA0A035361C7F807
:102CB0000080BFF36F8FC7F8049054464FF47A70CA
:102CC000FFF7B2FF24B10C4A536923EA04035361AE
:102CD00000233370BDE8F0876B1E012BEED8414610
:102CE0003846FFF76DFFAB1E5D425D41AC04E5E782
:102CF0000220EFE718030020002002400D4B1A6A63
:102D0000520211D5C10742BF5A6942F004025A610A
:102D1000820703D55A6942F400425A61054A536951
:102D200043F48033536170475A6942F4004242F0E1
:102D30000402F2E7002002400F4B1A6A12F4800FDF
:102D40005A6913D122F400625A615A69C00022F410
:102D50007E7200F4FF60104358615A6942F002022B
:102D60005A615A6942F480325A617047C907E9D4FE
:102D700042F40062E8E700BF002002401548037FEC
:102D8000DAB203F0FD03012B10D1134B196821F4C3
:102D900000711960196841F400611960196821F423
:102DA00000611960196841F400711960931E012BCC
:102DB0000CD8094B1A6842F480521A601A6822F43F
:102DC00080521A601A6842F480621A600023037706
:102DD000704700BF18030020002002402DE9F04793
:102DE000334D2B78012B064688465ED001274FF4E1
:102DF0007A702F70FFF718FF044620BB2D4B6860D8
:102E00001A6812F4007F1A6822D0510506D51A6894
:102E100022F480621A6003232B7700E02F77336857
:102E2000012B1FD17068FFF769FF4FF47A70FFF72D
:102E3000FBFE204A536923F4004323F004030446B5
:102E40005361FFF79BFF00232B702046BDE8F087FE
:102E5000520505D51A6822F480621A600223DBE766
:102E60002877DCE74FF0FF33C8F80030B768DFF8A9
:102E70004490DFF844A0D6E902321344BB42E0D9C3
:102E800071683846FFF758FF4FF47A70FFF7CCFEB1
:102E9000D9F8143003EA0A03C9F8143018B1C8F895
:102EA00000700446CDE70137E5E70224CDE700BF17
:102EB000180300200020024005FCFFFF03689A6908
:102EC000910744BF00229A629A69D2075EBF9A694D
:102ED00042F001029A61704730B5039D04682B43AC
:102EE00043EA0243064A6068C1F309010B4342EA20
:102EF000555223F0004320EA02000343636030BDD3
:102F0000FF63FF0310B5426B194CA2420BB202D013
:102F1000184CA24211D1002B0DDB102923D02029FF
:102F200023D00023402901D143F0400301680A68FF
:102F300013430B6010BDB823F4E7002BACBF002394
:102F4000B823CC0748BF43F0F2038A0748BF43F0D9
:102F5000F403102902D143F09003E7E72029E5D1DB
:102F600043F02003E2E79023E0E76023DEE700BFC1
:102F70002D3A0108B13E010811F0010307D090F885
:102F8000413003F02803282B0CBF4223F2238A0789
:102F900009D590F8412002F02802282A0CBF43F0FE
:102FA000440343F0F4030A0401680A6848BF43F08D
:102FB000B80322EA03030B60704703682DE9F04170
:102FC0009C6914F0100405460F4616466FD0102277
:102FD0000024DA61A0462B689A69900661D4B8F1A2
:102FE000000F35D044F0040401202E68B369D905E0
:102FF00041BF4FF48072F26144F0010401205A0590
:1030000041BF4FF4806244F00804F26101209B0547
:103010004FD54FF4007344F00204F3612846FFF7E4
:103020004DFF736823F0FF7323F48B3323F4FF7396
:1030300023F0010373606B6C23436B64202385F8DA
:103040004130002385F8423085F84030012032E0DD
:103050007A1CC1D0FFF7CEFB801BB84201D8002FED
:10306000B9D12B68596895F8422098690004D2B20A
:103070000AD5490408D4202A06D05A6842F480426E
:103080005A60FFF7B7FB06462B689B699B06A2D4E4
:10309000FFF7B0FB801B1928F6D920244FF0010858
:1030A00099E7B8F1000F9DD12022DA619AE7204616
:1030B0009BE70028B2D1BDE8F08170B504460D460B
:1030C000164623689B699B0701D5002070BD3246D8
:1030D00029462046FFF771FFC0B96A1CF1D0FFF7FF
:1030E00089FB801BA84201D8002DEAD123689B6987
:1030F00013F00203E5D1626C84F8403042F0200204
:103100006264202284F8412084F842300120DDE707
:103110002DE9F041069F0446884616461D46226862
:10312000936938EA03030CBF01230023B34201D0A3
:1031300000201EE06B1CF3D0FFF75CFBC01BA84215
:1031400001D8002DEBD123689B6938EA03030CBF3B
:1031500001230023B342E2D1636C43F02003636494
:10316000202384F84130002384F8423084F8403032
:103170000120BDE8F08170B504460D46164623686F
:103180009B699B0601D5002070BD3246294620462A
:10319000FFF713FFB0B9FFF72DFB801BA84201D842
:1031A000002DECD123689B6913F02003E7D1626CFA
:1031B00084F8403042F020026264202284F84120EA
:1031C00084F842300120DFE710B5044600284AD0D9
:1031D00090F8413003F0FF021BB980F84020F1F76E
:1031E00077FA242384F8413023681A6822F0010218
:1031F0001A60626822F070621A619A6822F40042D2
:103200009A60D4E90221012924D142F400429A6053
:103210005A6842F0007242F400425A60DA6822F4BE
:103220000042DA60D4E904210A43A16942EA01229A
:10323000DA60D4E907210A431A601A6842F00102F1
:103240001A6000202023606484F84130206384F8F1
:10325000420010BD42F4044202299A6004BF4FF4B8
:1032600000625A60D4E70120F3E700002DE9F74F30
:10327000994690F84130BDF834A0DDF83880202B15
:1032800004460F46164640F0C6800C9B13B1BAF1B7
:10329000000F06D14FF400736364012003B0BDE852
:1032A000F08F90F84030012B00F0B5804FF0010B0B
:1032B00080F840B0FFF79EFA1923054600905A4661
:1032C0004FF400412046FFF723FF0028E5D12123DA
:1032D00084F84130402384F842300C9B63624F4BAA
:1032E0006064606300935FFA89F239462046A4F86F
:1032F0002AA04FF08073FFF7EFFD2A464146204693
:10330000FFF7DBFE18BBB9F1010F236815D1F6B248
:103310009E6200220095434680212046FFF7F8FE7A
:10332000A8B9638D9BB2FF2B15D8628D009092B225
:1033300022854FF00073D2B212E0320A9A624146FF
:103340002A462046FFF7B9FE08B92368DFE70023C5
:1033500084F84030A1E7FF22228500904FF080736F
:1033600039462046FFF7B8FD2A4641462046FFF77A
:10337000A4FE002891D1636A226813F8011B9162B0
:103380006362638D228D013B9BB26385638D013A3D
:1033900092B29BB22285B3B1AAB90095434680216F
:1033A0002046FFF7B5FE00287FF477AF638D9BB210
:1033B000FF2B28D9FF22228500904FF080733946D9
:1033C0002046FFF789FD638D9BB2002BCCD12A46A6
:1033D00041462046FFF7CFFE00287FF45EAF23680A
:1033E0002021D9615A6822F0FF7222F48B3222F434
:1033F000FF7222F001025A6084F8411084F8400004
:1034000084F842004AE7628D009092B222854FF024
:103410000073D2B2D3E7022040E700BF0020008053
:103420002DE9F34104461F4694F84130BDF82400CD
:10343000202B0E46089975D101B120B94FF40073C5
:103440006364012552E02568AB6913F4004369D138
:1034500094F840C0BCF1010F64D04FF0010C84F827
:1034600040C04FF0210C84F841C04FF0400C84F86C
:1034700042C063642C4B6085E362E6642B4B63635C
:10348000638D61629BB2FF2B96BF638DFF239BB25E
:10349000012FD0B218BF120A23850EBFA862AA62FC
:1034A0002065A06B04BF4FF0FF32226510B3204AA5
:1034B000C2624FF000081F4A4263C0F8308005F135
:1034C0002802C0F83880FFF7B1FA0546F0B91A4B68
:1034D0000093314620464FF08073FAB2FFF7FCFCB0
:1034E00084F8405001212046FFF70CFD284602B029
:1034F000BDE8F081202384F8413084F84200636CF9
:1035000084F8400043F0800363649AE7202384F842
:10351000413084F84280636C84F8408043F01003AB
:1035200063648EE70225E1E70000FFFF953B010899
:10353000413B01082F3B0108002000802DE9F04F9E
:1035400085B01E460023039390F84130202B04469B
:10355000914640F08E8003689B6913F4004340F06D
:10356000888090F84020012A00F083800122C1F376
:10357000090780F8402047F0007A242280F8412093
:103580004AF4005A4364E3682268012B0CBF534697
:1035900047F420535360FFF72DF9804623689D6957
:1035A0009B69C5F34015C3F300131D4315D0236871
:1035B0009A69CDF8008012F01002334626D12021FE
:1035C0002046FFF7A5FDE8B922682023D361054610
:1035D00084F8413084F8400014E0731CDED0FFF71B
:1035E00009F9A0EB0800B04201D8002ED6D1202363
:1035F00084F84130636C43F020036364002384F853
:1036000040300125284605B0BDE8F08F002220217A
:103610002046FFF77DFD02460028F3D123681021E4
:103620004FF0200BD961C3F81CB0039949450FD165
:10363000596841F4804159602046CDF800803346F6
:103640005946FFF765FD0028DCD12368C3F81CB09C
:10365000039B01330393039B4B4594D3202384F8AE
:103660004130636C43F020036364002384F84030EE
:10367000C8E70225C6E70268436B9169126803B187
:10368000184770477047704738B5002580F842509A
:1036900090F84130212B4FF0200380F841300AD1BF
:1036A0001123036345630121FFF766FC80F8405056
:1036B000FFF7E8FF38BD1223036345630221FFF7DC
:1036C0005BFC80F84050FFF7DEFFF3E77047704780
:1036D00008B503681A68002180F84210510415D516
:1036E0001A6822F480421A6090F84130292B13D1D5
:1036F000282380F84130212303630121FFF73CFC9C
:10370000002380F84030FFF7E1FF08BD1204EBD53D
:103710001A6822F40042E6E790F841302A2BF4D1EF
:10372000282380F84130222303630221FFF724FC81
:10373000002380F84030FFF7CAFFE6E7704790F8B3
:10374000412002F02802282AF8B5036834D19E6986
:10375000C2689D699968DF682D0C022AC6F300468D
:1037600005F0FE051FD185EAD11515F00605C1F358
:1037700009020ED1816C01318164816C022907D16B
:1037800008218564D96180F840503146FFF7D6FFA3
:10379000F8BD4FF40041FFF7EFFB002380F8403005
:1037A00007F0FE02F1E74FF40041FFF7E5FB0023CD
:1037B00080F840302A46E8E70822DA61002380F8E2
:1037C0004030E5E77047000008B5164BC362202281
:1037D00000230363436380F8412080F842304B07A5
:1037E00012D503685A6A436A1A70436A0133436206
:1037F000038D4BB1013B0385438D013B9BB2438558
:10380000436C43F00403436448F20301FFF7B4FB45
:1038100003681022DA61002380F84030FFF7D2FFFE
:1038200008BD00BF0000FFFF70477047704770473A
:1038300090F84120602A08B54FF0000208D12021FD
:1038400080F8411080F840200263FFF7F0FF08BDC8
:10385000026380F84020FFF7E9FFF8E770B5002227
:10386000344D90F8413080F84220C5624285426C68
:10387000283B1143022B044641642AD80321FFF759
:103880007BFB282380F841302B4BA06B6363236BB9
:10389000002830D0112B01D0212B2CD123681A689D
:1038A000510442BF1A6822F480421A60FFF785F97A
:1038B00001281BD0A06B214B8363002384F8403088
:1038C000FFF7F5F8002834D0A06B836BBDE870409B
:1038D000184748F20301FFF74FFB90F84130602B87
:1038E0001CBF202380F841300023CEE72046BDE8EE
:1038F0007040FFF79DBFE06B0028F7D0122B01D07E
:10390000222BF3D123681A68120442BF1A6822F4EA
:1039100000421A60FFF751F90128E7D0E06B074B2E
:103920008363002384F84030FFF7C1F808B1E06BEF
:10393000CBE770BD0000FFFFA93F0108BB400108B5
:1039400073B505682023EB6190F84130212B0446C4
:103950000E4635D10121FFF70FFB112323636B685E
:1039600023F0FF7323F48B3323F4FF7323F001035D
:103970006B6000236363F206A3F58033E36205D531
:103980001023EB61636C43F00403636494F84130EB
:10399000602B05D1730741BF6B6ADBB20193019BBA
:1039A0002046FFF78BFA636C94F84120602A00D020
:1039B0007BB1616C204602B0BDE87040FFF74EBF9E
:1039C00090F84130222BCAD10221FFF7D5FA1223F9
:1039D000C4E794F84120212A12D1202284F8412002
:1039E000236394F8422084F84030402A84F842301F
:1039F00003D1FFF719FF02B070BDFFF743FEFAE7EE
:103A000094F84120222AF6D1202284F84120236311
:103A100094F8422084F84030402A84F8423002D1A1
:103A2000FFF703FFE7E7FFF72EFEE4E773B590F833
:103A30004030012B044678D0012380F84030CB067B
:103A400012D5D60610D503681022DA61436C43F014
:103A5000040343642021FFF755FAFFF72FFA0020F3
:103A600084F8400002B070BD0D0641D550063FD528
:103A700025682B6823F040032B60638D9BB25BB3FA
:103A80006968638D9BB2FF2BC1F309011AD9FF232B
:103A900023854FF0807300220092204694F828205E
:103AA000268DFFF719FA638D9B1B9BB2638594F8F3
:103AB0004130222B2B680CBF43F4004343F4804376
:103AC0002B60CCE7638D2385E36A13F5803F14BF39
:103AD000E36A4FF00073DEE76B689A0103D4204677
:103AE000FFF7D2FDBBE740212046FFF7B7FEB6E760
:103AF0004B0612D5560610D5638D9BB2002BF2D122
:103B000023685A689501AAD4E26A12F5803FE6D18B
:103B10005A6842F480425A60A1E788069FD593060E
:103B20009DD52046FFF70CFF99E702209AE7806AAF
:103B30000268536843F4004353601021FFF78EBEC0
:103B400010B5846A2268136823F480431360638D80
:103B50009BB22BB920212046BDE81040FFF7D2B917
:103B6000238D616AA06B1944638D61629BB2FF2B48
:103B700096BF638DFF239BB223852832FEF756FF45
:103B800028B120461021BDE81040FFF767BE402154
:103B9000E1E7000013B590F84030012B044600F037
:103BA0008580012380F84030CB0612D5D30610D58E
:103BB00003681022DA61436C43F00403436420215C
:103BC000FFF7A0F9FFF77AF9002084F8400002B06F
:103BD00010BD880708D5930706D52368226D9A6221
:103BE0004FF0FF332365EFE7080633D5530631D591
:103BF00010212046FFF786F9638D9BB233B3638DA6
:103C00009BB2FF2B18D90023FF22E16C0093228581
:103C10004FF0807389B2FFF75FF9638D228D9B1A95
:103C20009BB2638594F841202368222A1A6832D116
:103C300042F400421A60C7E7628DE16C92B2002341
:103C400022850093D2B24FF00073E3E74021FFF7E3
:103C500005FEB9E7480621D553061FD594F8411053
:103C6000134A144B222908BF1346628D92B2FF2AD1
:103C700008D9FF22E16C009322854FF0807389B24E
:103C80002046C8E7628D009392B22285E16C4FF026
:103C90000073D2B2F3E742F48042CBE7880693D5B3
:103CA000930691D52046FFF74BFE8DE702208EE765
:103CB0000024008000200080036899691A6810B40D
:103CC000CC0508D5140606D5446C44F001044464C0
:103CD0004FF48074DC614C0508D5140606D5446C9D
:103CE00044F0080444644FF48064DC61890508D51D
:103CF000120606D5426C42F0020242644FF4007292
:103D0000DA61416C11F00B0F03D05DF8044BFFF743
:103D1000A5BD5DF8044B70472DE9F8430568D5F85B
:103D20000090D0F82C8090F8417007F0F70720231E
:103D3000212F04460E46EB6164D148F20101FFF7E2
:103D40001BF927636B6843F400436B606B6823F0D7
:103D5000FF7323F48B3323F4FF7323F001036B60B1
:103D60002046FFF7ABF819F4804F50D02B6823F4AE
:103D700080432B60A36B1BB11B685B689BB26385A0
:103D800072070FD5636A6A6A1A70636A01336362E5
:103D9000238D26F004062BB1013B2385638D013B67
:103DA0009BB26385638D9BB21BB1636C43F00403CC
:103DB0006364F30611D519F0100F0ED0638D9BB21A
:103DC000002B3ED194F84130282B29D1B8F1007F47
:103DD00026D131462046FFF7F7FC002384F8423015
:103DE000656C6363002D3BD0616C2046FFF736FDA8
:103DF00094F84130282B45D131462046BDE8F843A0
:103E0000FFF7E2BC222F9DD148F2020197E719F497
:103E1000004FB5D02B6823F400432B60E36BAAE777
:103E200094F841202368292A4FF01002DA61D4D196
:103E300018F5803FD1D02046FFF740F8FFF748FC47
:103E4000CBE723681022DA61636C43F004036364F8
:103E500038F08073C1D1616C2046FFF7FFFCBCE7EE
:103E6000E36A13F5803F0FD02046FFF731FC0F4B7C
:103E7000E362202384F8413084F8405025632046D3
:103E8000FFF7A0FCBDE8F88394F8413084F8405077
:103E9000222B4FF0200384F841302046256302D1C5
:103EA000FFF715FCEEE7FFF711FCEBE70000FFFF63
:103EB00070B590F84030C66A012B04460D4671D0AB
:103EC000012380F840308B0607D5930605D5FFF710
:103ED00023FF002084F8400070BDE9065AD5D306C0
:103EE00058D512F4404F51D0E16BE1B112F40043C8
:103EF00004D00B685B68B3FA83F35B09A16B21B153
:103F0000500402D50A6852680AB1012B1ED194F8F8
:103F10004130282B09D1B6F1007F06D12946204631
:103F2000FFF752FCD5E70B46E8E794F841202368F9
:103F3000292A4FF01002DA61CBD116F5803FC8D0A4
:103F40002046FEF7BBFFFFF7C3FBC2E72368102242
:103F5000DA61636C43F00403636494F8413036F033
:103F60008072DBB2B5D1213B092B08D8DFE803F022
:103F7000050C070707070707050C21232363616C5E
:103F80002046FFF76BFCA4E72223F7E72368102203
:103F9000DA619EE729079CD513079AD52046FFF7DB
:103FA000CEFB96E7022097E770B590F84060C56AAF
:103FB000012E04460B467ED0012680F840608E0616
:103FC00007D5960605D5FFF7A7FE002084F8400028
:103FD00070BDD90630D5D6062ED5628D92B2E2B923
:103FE00094F84120282A07D1B5F1007F04D1194661
:103FF0002046FFF7E9FBE8E794F841202368292AE7
:104000004FF01002DA61E0D115F5803FDDD0204697
:10401000FEF754FFFFF75CFBD7E723681022DA6155
:10402000636C43F00403636435F08073CDD1616C3D
:104030002046FFF713FCC8E758071BD5510719D5D1
:10404000638D9BB26BB123685A6A636A1A70636AA4
:1040500001336362238D013B2385638D013B9BB25A
:104060006385638D9BB2002BAFD115F5803FACD03B
:104070002046CFE71E0705D5100703D52046FFF7DA
:104080005EFBA2E79907A0D593079ED5638D9BB2EF
:104090006BB1636A226813F8011B91626362638DDE
:1040A000013B9BB26385238D013B23858DE735F072
:1040B0008073DDD089E702208AE7806A836B0BB1C9
:1040C00000229A63C36B0BB100229A63FFF7B0BB67
:1040D00010B590F84130202BDCB21DD190F8403063
:1040E000012B19D0242380F8413003681A6822F08C
:1040F00001021A601A6822F480521A601A68114389
:1041000019601A6842F001021A60002380F84140E9
:1041100080F84030184610BD0220FCE710B590F83A
:104120004130202BDCB21CD190F84030012B18D04C
:10413000242380F8413003681A6822F001021A60D3
:104140001A6822F4706242EA012119601A6842F08A
:1041500001021A60002380F8414080F84030184680
:1041600010BD0220FCE7F0B5044687B0002858D007
:1041700090F8AD3203F0FF021BB980F8AC22FDF7D6
:1041800069F80323002584F8AD326562206802F0E7
:104190001EF82B466668282501271846D9B28E429C
:1041A00003F1010323D8002328251946D8B28642FB
:1041B00003F1010328D804F110060FCE6D460FC598
:1041C00096E8030085E80300231D0ECB206802F06B
:1041D00008F80025012384F8285084F8AD32E369FB
:1041E000012B02D1204600F057FE28461AE005FBBD
:1041F0000142C2E90F0082F82D7082F82C1051871D
:1042000082F82F005064C9E705FB0042C2E95F1144
:1042100082F86D1182F86C0182F86F11C2F8841176
:10422000C4E7012007B0F0BD10B590F8AC32012B07
:1042300004460CD0012380F8AC32006801F0BEFFC8
:10424000206802F07BFA002084F8AC0210BD022046
:10425000FCE710B590F8AC22012A04460BD00122ED
:1042600080F8AC2280F82810006802F061FA002083
:1042700084F8AC0210BD0220FCE700002DE9F74FE6
:104280000446006802F065FA10F4004100F02F8443
:10429000DFF80883C04F2068B0F844301A0402D415
:1042A00003B0BDE8F08FB0F84450A9B215F00F0587
:1042B00040F0B78011F010012AD103889BB203EAC5
:1042C000080343F400430380B0F8503094F82C20E6
:1042D00000F2024010FA83F3204633F83230226CA9
:1042E000C3F309031A44A3642264FCF7FAFF94F8A9
:1042F0002830002BCFD0626C2168002ACBD194F8F3
:10430000283043F08003A1F84C3084F82820C2E71D
:104310000588ABB215F4006520D0B0F8503094F8A1
:104320006C2100F2064111FA83F304F52D7133F884
:104330003230B4F87221C3F30903C4F8883102F0B3
:1043400057FC2268138823F070031B051B0D43F0F4
:10435000800313802046FCF7B5FF9CE71A049AD52A
:10436000038823F070031B051B0D43F080030380BB
:10437000B0F8503094F86C2100F2064111FA83F342
:1043800033F83230C3F30903C4F888318BB1D4F861
:10439000801171B1B4F8722102F02AFCD4F8803196
:1043A000D4F888211344C4F8803129462046FCF70C
:1043B0008FFF21680B881B053FF56DAFD4F87C514A
:1043C000B1F850303E2D9BB201F2064008D96A097F
:1043D000EE0608BF02F1FF3247EA822292B20AE0FB
:1043E000CDB9C25A22F4F8421204120CC252C25A77
:1043F00092B242F40042C2520B8823F4804323F06D
:1044000070031B041B0C83F4405343F4004343F03C
:1044100080030B803FE76A08ED0748BF0132920234
:10442000DCE70FFA85F930F8293019049EB240F123
:10443000F58030F8293023F070031B051B0D43F085
:104440008003282120F8293001FB054191F87831BB
:10445000BBB9B0F8503091F86C2100F2064C1CFA50
:1044600083F333F832A0CAF3090ABAF1000F00F05F
:10447000B980B1F872215346D1F8801102F0B8FB2F
:10448000B0E091F86F31022B91F86C3140F08880E8
:10449000B0F850C0D1F884214FEAC30A10FA8CFC5E
:1044A00016F4804BD44406F0400E3AD0BCF802A477
:1044B000CAF3090A924513D90022C1F8842130F8C1
:1044C000232022F4804222F070021204120C82F4A3
:1044D000005242F4004242F0800220F8232005E01E
:1044E000A2EB0A02C1F88421002AE8D0BEF1000F35
:1044F0000DD030F8232022F4E04222F070021204A2
:10450000120C42F4004242F0C00220F82320BAF11B
:10451000000F67D0282101FB0541B1F874215346F3
:10452000AAE7BCF806A4CAF3090A924512D9C1F851
:1045300084B130F8232022F4804222F07002120469
:10454000120C82F4005242F4004242F0800220F841
:10455000232005E0A2EB0A02C1F88421002AE8D05A
:10456000BEF1000F0DD130F8232022F4E04222F0FA
:1045700070021204120C42F4004242F0C00220F811
:104580002320BAF1000F2DD0282101FB0541B1F8FD
:104590007621534670E700BF0080FFFF0F8FFFFFBB
:1045A00030F8232022F4E04222F070021204120CB0
:1045B00042F4004242F0C00220F8232091F86C211E
:1045C00030F8223013F4804FB0F8503062D000F24F
:1045D000024C1CFA83F333F832A0CAF3090ABAF189
:1045E000000F9AD1282101FB0543D3F888215244BA
:1045F000C3F88821D3F880215244C3F88021D3F82E
:1046000084211AB1D3F87C319A454FD2282303FB79
:104610000543204693F86C11FCF75AFE32062068D9
:104620007FF539AE30F829309BB203EA080343F432
:10463000004320F8293009EB890904EBC9094FF040
:10464000280C99F82F30022B5BD00CFB054C002571
:104650009CF83830CCF84450002B3AD016F0400685
:1046600099F82D3099F82C2039D03BBBB0F8503058
:1046700000F2024010FA83F303EBC2031A8822F41B
:10468000F8421204120C1A801A8892B242F40042C4
:104690001A801EE000F2064C1CFA83F333F832A0B5
:1046A000CAF3090ABAF1000F9CD070E701FB05417B
:1046B000206801F5B67102F05FF8AFE7012B08D171
:1046C000B0F8503000F2024010FA83F303EBC2035B
:1046D0001D8099F82C102046FCF703FEDBE523B97A
:1046E000B0F8503000F20640C4E7012BF1D1B0F829
:1046F000503000F2064010FA83F303EBC2031E8031
:10470000E7E799F82C100CFB054E16F4807ADEF8DA
:1047100044300A464FEAC10B22D1B0F850201BFAB0
:1047200082F20244B2F80264C6F309069E4202D342
:10473000CEF844A0CFE79B1BDEF84020CEF84430F3
:10474000DEF8483005FB0CCC324433440CF1040154
:10475000CEF84020CEF84830214402F00DF89AE51A
:1047600016F0400AB0F850C006F4804600F0E18030
:1047700000F2024E1EFA8CFC4FF0280A3CF831C0C1
:10478000CCF3090C9C450AFB054A34BFA3EB0C0390
:104790000023CAF84430B6B2002B54D199F82D50FA
:1047A000002D3FD1B0F850501EFA85F535F8313064
:1047B00023F4F8431B041B0C25F8313035F8313055
:1047C0009BB243F4004325F83130B0F8503000F28A
:1047D000064010FA83F030F8313023F4F8431B041C
:1047E0001B0C20F8313030F831309BB243F40043D9
:1047F00020F831302046FCF774FD002E00F0E280F6
:1048000099F82C10226832F8213023F4E04323F089
:1048100070031B041B0C43F4404343F0800322F855
:104820002130CFE0012DE5D1B0F850501EFA85F5CA
:1048300025F83130B0F8505000F2064010FA85F5F6
:1048400025F83130D6E76EB130F8213023F4E0435B
:1048500023F070031B041B0C43F4404343F080031C
:1048600020F82130282606FB054696F85030012B0B
:1048700040F0A880B36C316CD6F84CA06344B364AC
:10488000F36B61449A4531641CD3AAEB030AC6F862
:104890004CA099F82D601FFA83FA002E40D1B0F891
:1048A00050603E2B1EFA86F619D94FEA531CDB06E0
:1048B00008BF0CF1FF3C47EA8C2C1FFA8CFC26F851
:1048C00032C01CE0BAF1000F03D186F850A0634655
:1048D000DFE7002386F85030F3645346D9E7B3B9D5
:1048E00036F8323023F4F8431B041B0C26F8323020
:1048F00036F832309BB243F4004326F83230282297
:1049000002FB05425346928E01F027FF5AE04FEA20
:10491000530CDB0748BF0CF1010C4FEA8C2CCCE7A1
:10492000012E02BFB0F850301EFA83F323F832A0F4
:10493000E5E700F2064E1EFA8CFCB6B23CF831C038
:10494000CCF3090C9C4588BF53464FF0280A0AFB5C
:10495000054A98BFA3EB0C03CAF84430002B53D18F
:1049600099F82D50002D40D1B0F8505000F202437C
:1049700013FA85F535F8313023F4F8431B041B0C8A
:1049800025F8313035F831309BB243F4004325F837
:104990003130B0F850001EFA80F030F8313023F496
:1049A000F8431B041B0C20F8313030F831309BB237
:1049B00043F4004320F832302046FCF792FC002EEE
:1049C0003FF41EAF99F82C10226832F821309BB2C8
:1049D00023F4E04323F0400383F0300343F4004327
:1049E00043F0800322F8213055E4012DE4D1B0F8E2
:1049F000505000F2024C1CFA85F525F83130B0F821
:104A000050001EFA80F0D5E76EB930F8213023F45B
:104A1000E04323F070031B041B0C43F4404343F0BA
:104A2000800320F82130282606FB054696F85030F2
:104A3000012BC7D1B36C316CD6F84CA06344B3647E
:104A4000F36B61449A4531641CD3AAEB030AC6F8A0
:104A50004CA099F82D601FFA83FC002E3ED1B0F8CF
:104A600050603E2B1EFA86F619D94FEA531EDB061C
:104A700008BF0EF1FF3E47EA8E2E1FFA8EFE26F883
:104A800032E01CE0BAF1000F03D186F850A0634673
:104A9000DFE70023F36486F850305346D9E7A3B923
:104AA00036F8323023F4F8431B041B0C26F832305E
:104AB00036F832309BB243F4004326F832302823D4
:104AC00003FB05456346EA8E1EE74FEA530EDB07FC
:104AD00048BF0EF1010E4FEA8E2ECEE7012E02BF27
:104AE000B0F850301EFA83F323F832C0E7E74305ED
:104AF00013D522680191B2F8443023F480631B047B
:104B00001B0C2046A2F84430FCF7F7FB0199204625
:104B100003B0BDE8F04FFFF79CBB47040AD52268FD
:104B2000B2F8443023F480431B041B0CA2F8443039
:104B3000FFF7B6BB10F4005105D02268B2F844303C
:104B400023F40053F0E7C60422D52268B2F84030BF
:104B500023F004031B041B0CA2F84030B2F84030D1
:104B600023F008031B041B0CA2F8403094F8E43235
:104B7000012B04D184F8E412204600F0A4F9204669
:104B8000FCF7DEFB2268B2F8443023F48053CBE715
:104B900005051BD52268B2F840309BB243F00803EC
:104BA000A2F84030B2F8443023F400631B041B0C1D
:104BB000A2F84430B2F840309BB243F00403A2F8AC
:104BC00040302046FCF7ACFBFFF76ABB01062BD553
:104BD0002368B3F8442022F080021204120CA3F8D8
:104BE000442094F8E422002AEBD1B3F8402092B29A
:104BF00042F00402A3F84020B3F8402092B242F001
:104C000008020121A3F8402084F8E412B3F85430DC
:104C1000C3F38D0303F03C032046C4F8E83203B02D
:104C2000BDE8F04F00F04FB982050DD52268B2F80B
:104C3000443023F400731B041B0CA2F844302046BC
:104C4000FCF757FBFFF72CBBC3057FF529AB2268A8
:104C5000B2F8443023F4807366E700BF11F0800F90
:104C600070B505464FF0280401F007001ED000FB88
:104C70000444211D2C440126294466710A614A78A6
:104C80000870CB7002B1C881022B04BF00230B71E6
:104C900095F8AC32012B13D00123286885F8AC328B
:104CA00001F0B4FA002085F8AC0270BD04FB00519D
:104CB00004FB0054002601F5B67184F86D61DDE750
:104CC0000220F2E711F0800F10B501F00702044650
:104CD0004FF0280315D002FB0333191D0344014490
:104CE000012058710A7094F8AC32012B13D00123C3
:104CF000206884F8AC3201F0DFFB002084F8AC02BD
:104D000010BD03FB020103FB0203002001F5B67195
:104D100083F86D01E6E70220F2E770B501F00701C4
:104D2000282606FB0104002584F86C11C4E96023E1
:104D3000C4F8885184F86D5104F5B671006801F02B
:104D40001BFD284670BD01F00701282303FB01006D
:104D5000D0F88801704770B501F00701282404FBE2
:104D60000105C5E91023EB6401EB810300EBC303EC
:104D70000122002601FB044485F85020AE6483F82C
:104D80002C10211D014483F82D20006801F0F4FC53
:104D9000304670BD10B5044601F0070063689842C4
:104DA00026D811F0800F4FF0280317D000FB0333F3
:104DB0001A1D23440121224459710123937010705C
:104DC00094F8AC12994215D0206884F8AC321146A0
:104DD00001F045FC002084F8AC0210BD03FB014249
:104DE00003FB0141002302F5B67281F86D31E4E75F
:104DF0000120F2E70220F0E738B5436801F00F0226
:104E00009A42044628D811F0800F01F007024FF0B3
:104E1000280317D002FB0333191D0344014401206A
:104E2000587100258D700A7094F8AC32012B15D0A2
:104E30000123206884F8AC3201F031FC84F8AC52D4
:104E4000284638BD03FB020103FB0203002001F5E5
:104E5000B67183F86D01E4E70120F2E70220F0E784
:104E600011F0800F18BF01F0070110B54FF02804B2
:104E700017BF01FB044404FB01000434001908BF00
:104E800000F5B67099B21AB90273C180002010BD46
:104E9000012202738360F9E70268002180F8E412BE
:104EA0000123C0F8EC32B2F854309BB243F0010356
:104EB000A2F85430B2F854309BB243F00203A2F887
:104EC0005430084670477047294B1A6830BB02F4CB
:104ED000C062B2F5806FD3F8802022F48072C3F8EC
:104EE00080201AD11A6822F4C06242F400721A605B
:104EF000204A126832214A431F49B2FBF1F20132C3
:104F00005969490500D522B95B69580503D40020C9
:104F10007047013AF4E7032070477047B0F5007F0F
:104F20001FD102F4C062B2F5806FD3F8802042F442
:104F30008072C3F88020EAD11A6822F4C06242F479
:104F400000721A600B4A126832214A430A49B2FBC6
:104F5000F1F2013259694905D6D5002AD4D0013A77
:104F6000F8E722F4C06242F480621A60CFE700BF23
:104F7000007000400C03002040420F002DE9F34177
:104F8000044640B30368DF0714D423689E075BD44C
:104F900023681E0700F1A48023685D0700F1CB8021
:104FA00023689B0600F13281E069002840F06081AF
:104FB000002028E0A14DAB68EA6803F00C030C2B3D
:104FC0000BD102F00303032B09D12B689D03DCD521
:104FD0006368002BD9D1012015E0082BF4E7636842
:104FE000B3F5803F12D12B6843F480332B60FDF77B
:104FF00001FC06462B689803C7D4FDF7FBFB801B1A
:105000006428F7D9032002B0BDE8F081B3F5A02FE2
:1050100004D12B6843F480232B60E4E72A6822F450
:1050200080322A602A6822F480222A60002BDED196
:10503000FDF7E0FB06462B689903A6D5FDF7DAFBE2
:10504000801B6428F7D9DDE77C4DAB68EA6803F084
:105050000C030C2B17D102F00303022B15D12B6884
:105060005A0502D5E368002BB5D06B68226923F09E
:10507000FE4343EA02636B60714B1868FDF784FBE3
:10508000002885D0A7E7042BE8E7E368BBB12B68CD
:1050900043F480732B60FDF7ADFB06462B685B0580
:1050A00007D56B68226923F0FE4343EA02636B6015
:1050B0006EE7FDF79FFB801B0228EFD9A2E72B6864
:1050C00023F480732B60FDF795FB06462B685F0584
:1050D0007FF55EAFFDF78EFB801B0228F6D991E7C6
:1050E0006369564D9BB1D5F8943043F00103C5F880
:1050F0009430FDF77FFB0646D5F8943098073FF5CE
:105100004BAFFDF777FB801B0228F5D97AE7D5F87E
:10511000943023F00103C5F89430FDF76BFB06468D
:10512000D5F8943099077FF537AFFDF763FB801B07
:105130000228F5D966E7414DAB6DDA0027D4AB6D97
:1051400043F08053AB65AB6D03F080530193019B3B
:1051500001273C4E3368DB051BD5A368012B29D101
:10516000D5F8903043F00103C5F89030FDF742FBCD
:1051700041F288380646D5F89030990740D5002F7F
:105180003FF40EAFAB6D23F08053AB6508E700270B
:10519000DFE7336843F480733360FDF72BFB804611
:1051A0003368D805D9D4FDF725FBA0EB0800022809
:1051B000F6D927E7052B06D1D5F8903043F0040344
:1051C000C5F89030CCE7D5F8902022F00102C5F860
:1051D0009020D5F8902022F00402C5F89020002BF2
:1051E000C4D1FDF707FB41F288380646D5F8903068
:1051F0009A07C4D5FDF7FEFA801B4045F6D901E7B2
:10520000FDF7F8FA801B4045B5D9FBE6A3690B4DC5
:10521000D3B1D5F8983043F00103C5F89830FDF7C5
:10522000E9FA0646D5F898309F073FF5BDAEFDF781
:10523000E1FA801B0228F5D9E4E600BF0010024025
:105240001403002000700040D5F8983023F00103CB
:10525000C5F89830FDF7CEFA0646D5F8983098078D
:105260007FF5A2AEFDF7C6FA801B0228F5D9C9E684
:10527000484DAB6803F00C030C2B57D02B68022869
:1052800023F080732B603AD1FDF7B4FA06462B6801
:1052900099012ED4EA68404B1340226A1343A26A54
:1052A00043EA0223E26A43EAC263626A013A43EADA
:1052B0000213226B5208013A43EA4253626B5208CE
:1052C000013A43EA4263EB602B6843F080732B6042
:1052D000EB6843F08073EB60FDF78CFA04462B68B3
:1052E0009A013FF565AEFDF785FA001B0228F6D955
:1052F00088E6FDF77FFA801B0228C8D982E6EB68B2
:1053000023F00303EB60EB6823F0887323F480330E
:10531000EB60FDF76FFA04462B689B017FF548AE02
:10532000FDF768FA001B0228F6D96BE601283FF466
:105330006AAEEB68226A03F0030191427FF44BAE40
:10534000616A03F0F0020139B2EB011F7FF443AE52
:10535000A16A03F4FE42B2EB012F7FF43CAEE16A96
:1053600003F07842B2EBC16F7FF435AE226B520886
:1053700003F4C001013AB1EB425F7FF42CAE626BE3
:10538000520803F0C063013AB3EB426F3FF410AE32
:1053900021E600BF001002400C809F01174B9A6865
:1053A00002F00C02042A23D09A6802F00C02082AA8
:1053B00020D09A6802F00C020C2A1DD1D968DA6854
:1053C000D868DB6801F00301C3F341630329C2F32A
:1053D0000312C0F3062003F101030CBF0849094979
:1053E0005B000132B1FBF2F25043B0FBF3F07047C7
:1053F0000448704702487047002070470010024080
:1054000000127A000024F4002DE9F8430E46054608
:1054100010B90120BDE8F8836D4A136803F00F034B
:105420008B4245D3296811F001084CD12A689107B5
:1054300040F1A780674B12F0040F1EBF996841F43A
:10544000E0619960120741BF9A6822F47C5242F4ED
:10545000E0629A609A68A96822F0F0020A439A60B2
:105460005B4C236803F00F03B34200F293802A6879
:10547000584C12F0040F40F0A380130706D5A36820
:105480002A6923F4605343EAC203A360FFF786FF4F
:10549000A368514AC3F30313D35C03F01F03D8403E
:1054A0004E4B18604E4B1868BDE8F843FDF76CB9D9
:1054B000136823F00F030B431360136803F00F030B
:1054C0008B42A6D1AEE76F68424C032F236849D1C7
:1054D0009B019ED5E368E26803F00303032BE368B6
:1054E0000CBF40484048C2F30312C3F30623013205
:1054F000B0FBF2F25343E268C2F341620132520060
:10550000B3FBF2F3394A93421AD84FF00008A3686C
:1055100023F003033B43A360FDF76CF941F28839A4
:105520000746A3686A6803F00C03B3EB820F3FF4ED
:105530007DAFFDF75FF9C01B4845F2D9032069E74D
:10554000A36813F0F00F04D08807DED5AB68002BFA
:10555000DBD1A36823F0F00343F08003A3604FF096
:105560008008D4E7022F09D113F4003F3FF451AF74
:10557000FFF714FF1D4B9842C7D9EAE713F4806F79
:10558000F4E7B8F1800F01BF124A936823F0F003EB
:10559000936065E7236823F00F0333432360FDF72F
:1055A00029F941F288380746236803F00F03B34214
:1055B0003FF45DAFFDF71EF9C01B4045F4D9BDE7D0
:1055C000A368E96823F4E0630B43A36055E700BFD9
:1055D0000020024000100240EAF001080C03002005
:1055E0001403002000127A000024F40000B4C40464
:1055F0002DE9F3410446006810F4002039D0A34D92
:10560000AB6DD80027D4AB6D43F08053AB65AB6D69
:1056100003F080530193019B01269D4F3B6843F4A7
:1056200080733B60FDF7E6F880463B68D90514D5EA
:10563000D5F89030226D13F4407302D0934240F0BD
:105640002981D5F89030226D23F440731343C5F8B7
:105650009030002008E00026DFE7FDF7CBF8A0EB54
:1056600008000228E1D903201EB1AB6D23F080535E
:10567000AB652368DD0708D584496568D1F88820C3
:1056800022F003022A43C1F88820990708D57F49F0
:10569000A568D1F8882022F00C022A43C1F888209E
:1056A0005A0708D57949E568D1F8882022F03002F8
:1056B0002A43C1F888201F0708D574492569D1F805
:1056C000882022F0C0022A43C1F88820DE0608D5CF
:1056D0006E496569D1F8882022F440722A43C1F8E6
:1056E00088209D0608D56949A569D1F8882022F44B
:1056F00040622A43C1F88820590608D56349E56904
:10570000D1F8882022F440522A43C1F888201A0692
:1057100008D55E49256AD1F8882022F440422A4300
:10572000C1F88820DF0508D55849656AD1F8882076
:1057300022F440322A43C1F888209E0308D55349F9
:10574000A56AD1F89C2022F003022A43C1F89C20CC
:105750009D0508D54D49E56AD1F8882022F44022FC
:105760002A43C1F8882059050FD54849256BD1F83F
:10577000882022F440122A43C1F88820B5F5801F02
:1057800002BFCA6842F48012CA601A050FD53F49A9
:10579000656BD1F8882022F440022A43C1F88820A2
:1057A000B5F5800F02BFCA6842F48012CA60DF04F8
:1057B0000FD53649A56BD1F8882022F040722A43D4
:1057C000C1F88820B5F1807F02BFCA6842F4801218
:1057D000CA609E040FD52D49E56BD1F8882022F0D0
:1057E00040622A43C1F88820B5F1006F02BFCA6841
:1057F00042F48012CA605D040FD52449256CD1F8AB
:10580000882022F040622A43C1F88820B5F1006F59
:1058100002BFCA6842F48012CA6019040FD51B493E
:10582000656CD1F8882022F040522A43C1F88820C4
:10583000B5F1805F02BFCA6842F48032CA60DA0301
:105840000FD51249A56CD1F8882022F040422A4396
:10585000C1F88820B5F1804F02BFCA6842F4803297
:10586000CA605B030FD5094AE16CD2F89C3023F47F
:1058700040130B43B1F5001FC2F89C3003D1D3682D
:1058800043F48013D36002B0BDE8F0810010024001
:1058900000700040D5F89020D5F8903043F4803364
:1058A000C5F89030D5F8903022F4407123F480335D
:1058B000D207C5F89030C5F890107FF5C2AEFCF75E
:1058C00099FF41F288380746D5F890309B073FF59D
:1058D000B8AEFCF78FFFC01B4045F5D9C3E600BF4B
:1058E000806800F00100704738B5174B4A6898424D
:1058F000044614D14FF0A040FFF7F2FF03461348CF
:10590000FFF7EEFF184301D0012038BD0868104DA5
:105910007AB9A3682B400343A3601046F5E70D480E
:10592000FFF7DEFF03460C48FFF7DAFF03430B489F
:10593000E6E7A36810432B408A6803431343CA6811
:105940001343A3600020E0E7000300500001005073
:10595000E030C0FF00040050000500500006005079
:1059600038B50446FFF7BCFF60B9D1E90035E268FD
:1059700089682B4322F440420B4322F01802134360
:10598000E36038BD0120FCE7F8B502464C68FFF73C
:10599000A7FFD0B9D1E903070B684E690C4D03434B
:1059A00074B1D06889683B433343284003430B43B9
:1059B000D360136B23F00F03234313630020F8BD60
:1059C000D1683B4333432940F1E70120F7E700BFAB
:1059D0001CC0F0FF024AD36A1843D062704700BF70
:1059E00000100240B0F1904F08B509D10120FFF737
:1059F000F1FF254AD36A23F00103D362002008BDDA
:105A0000224B984207D10220FFF7E4FF1E4AD36AD7
:105A100023F00203F1E71E4B984207D10420FFF761
:105A2000D9FF194AD36A23F00403E6E7194B9842D9
:105A300007D10820FFF7CEFF134AD36A23F00803EB
:105A4000DBE7154B984207D11020FFF7C3FF0E4A42
:105A5000D36A23F01003D0E7104B984207D12020DF
:105A6000FFF7B8FF084AD36A23F02003C5E70C4BC1
:105A7000984207D14020FFF7ADFF034AD36A23F0D5
:105A80004003BAE70120BAE70010024000040048D2
:105A900000080048000C00480010004800140048AE
:105AA000001800482DE9F04F02460D6895FAA5F45C
:105AB0004FF0010EB4FA84F403274FF00F0C6FEA95
:105AC000050835FA04F001D1BDE8F08F0EFA04F3B1
:105AD0002B4067D04868461E012E1ED8966893FA60
:105AE000A3F9B9FA89F94FEA490907FA09F926EA47
:105AF000090993FAA3FA8E68BAFA8AFA4FEA4A0AAF
:105B000006FA0AF646EA09069660566808EA0609A1
:105B1000CE686E4349EA06065660D66893FAA3F942
:105B2000B9FA89F94FEA490907FA09F926EA090990
:105B300093FAA3FA0E69BAFA8AFA4FEA4A0A06FAFF
:105B40000AF646EA09060228D66018D1FF2BD1F8DA
:105B500014A029D8D2F8209093FAA3F6B6FA86F6C4
:105B6000B6000CFA06F629EA060993FAA3F6B6FA85
:105B700086F6B6000AFA06F646EA090616621668BE
:105B800093FAA3F9B9FA89F94FEA490907FA09F929
:105B900026EA090693FAA3F3B3FA83F35B0098406D
:105BA0003043106001348CE7D2F824901E0A96FA34
:105BB000A6FBBBFA8BFB4FEA8B0B0CFA0BFB29EA1B
:105BC0000B0996FAA6F6B6FA86F6B6000AFA06FAAF
:105BD0004AEA09065662D2E7024B1868C0F38020F1
:105BE000704700BF00100240024BD3F89000C0F392
:105BF0004000704700100240024B1868C0F340603C
:105C0000704700BF00100240044B054A9B68C3F375
:105C10000313D35C03F01F03D84070470010024009
:105C2000EAF00108044B054A9B68C3F30223D35CE6
:105C300003F01F03D840704700100240FAF001083B
:105C4000124B9A6802F00C02082A1BD00C2A1BD1B6
:105C5000DA680F480F4902F00302032A08BF014621
:105C6000D868DA68DB68C3F34163C0F30620C2F387
:105C700003120133484301325B00B0FBF2F0B0FB8A
:105C8000F3F0704702487047024870470010024026
:105C900000127A000024F400164A08B5136843F491
:105CA00080731360FFF798FF0028FBD0536823F040
:105CB000FE4343F08043536001239360936803F0F5
:105CC0000C03042BFAD14FF4807313601360FFF7B9
:105CD00093FF0028FBD14FF4805140F23B73D16019
:105CE00090611362D2F8943043F40003C2F8943008
:105CF00008BD00BF00100240032810B52DD12D4C67
:105D00002D4AD4F8883003F0030343F44033934220
:105D100009D0B3F1031F0CD0013A934210D1BDE872
:105D20001040FFF78DBFFFF757FF002840D100203C
:105D300010BDFFF759FF003818BF0120C003F7E777
:105D4000FFF77EFFFFF760FFA3681C4AC3F3C2237F
:105D5000D35C03F01F03D840EAE70C2817D1154B9A
:105D6000174AD3F8883003F00C0343F440239342DE
:105D7000D9D0B3F10C1FDCD0043A9342CFD0FFF757
:105D80005FFFFFF741FFBDE81040FFF74BBF302832
:105D9000CDD1084B0B4AD3F8883003F0300343F4DD
:105DA00040139342BFD0B3F1301FC2D0103AE4E7A2
:105DB0000548BDE70010024002000300FAF00108A8
:105DC00008000C00200030000024F400C02808B5B2
:105DD00027D11E4B1E4AD3F8883003F0C00343F48A
:105DE0004003934209D0B3F1C01F0BD0403A934215
:105DF0000FD1BDE80840FFF723BFFFF7EDFE18BB4A
:105E0000002008BDFFF7F0FE003818BF0120C003D6
:105E1000F7E7FFF715FFFFF7F7FEBDE80840FFF7CC
:105E200001BFB0F5407FEBD1084B0A4AD3F8883068
:105E300003F4407343F040739342DED0B3F1032F79
:105E4000E0D0A2F58072D2E70348DAE70010024002
:105E50008000C000000200030024F4001B4B9842A5
:105E60000AD103F560431A6C42F480521A641A6C2A
:105E700022F480521A6418E0154B98420CD003F5B6
:105E80008063984213D1134B9A6B42F400429A6399
:105E90009A6B22F4004207E00E4B9A6B42F4804268
:105EA0009A639A6B22F480429A63002070470A4BEF
:105EB000984201D001207047064B1A6C42F4004210
:105EC0001A641A6C22F40042D4E700BF003001408B
:105ED0000038004000100240003C014003685B06AF
:105EE00070B502462DD4D1E900363343CE6805683B
:105EF00048690C6A33430E6933438E690343334365
:105F0000CE6925F47F45334325F0BF0523432B435A
:105F1000136053688D6823F4706323F0040345EA2B
:105F200010401843B5F5006F50603EBF536843F40E
:105F300080535360B4F5005F01D18B8C1361002056
:105F400000E00120D36923F40063D36170BD000039
:105F5000354A0368904216D0B0F1804F13D0A2F5B5
:105F6000943290420FD002F5806290420BD002F53D
:105F70008062904207D002F59432904203D002F53D
:105F8000E052904219D14A6823F070031343264A25
:105F9000904221D0B0F1804F1ED0A2F594329042B1
:105FA0001AD002F58062904216D002F580629042CB
:105FB00012D002F5943290420ED01C4A90420BD07F
:105FC00002F58062904207D002F58062904203D0D1
:105FD00002F50062904203D1CA6823F44073134370
:105FE00003608B68C3620B8883620F4B984213D0A7
:105FF00003F5006398420FD003F5406398420BD03D
:1060000003F58063984207D003F58063984203D07C
:1060100003F50063984201D10B690363436943F0C0
:106020000103436100207047002C01400040014003
:10603000224B98420BD103F558431A6C42F480422C
:106040001A641A6C22F480421A64002070471C4BB8
:1060500098420AD103F5E6339A6B42F400329A6310
:106060009A6B22F400329A63EFE7164B984209D1FB
:1060700003F5E4339A6B42F480229A639A6B22F41C
:106080008022F0E7104B984209D103F5E2339A6B76
:1060900042F400229A639A6B22F40022E3E70B4B4E
:1060A000984209D103F5E0339A6B42F480129A6367
:1060B0009A6B22F48012D6E7012070470038014025
:1060C0000044004000480040004C004000500040A8
:1060D00038B50368DB0704460D465FD42A69AB6810
:1060E000016813436A691343EA6913432C4A0A405F
:1060F000134303604368EA6823F440531343436047
:106100008368AA6923F4407313438360254B984244
:1061100020D10320FFF7F0FD2B6878B3696869B3DD
:106120000B2B15D8204A52F82330B0FBF3F3E86963
:10613000B0F5004F4FEA51022BD102EB43024FF66C
:10614000F073B2FBF1F21340C2F342021A43E26071
:10615000002014E0154B984201D10C20DAE7144BD3
:10616000984201D13020D5E7124B984203D1C0208C
:10617000FFF72CFED0E7104B984207D00120E26ACF
:106180002B8822F00F021343E36238BD4FF44070B6
:10619000EEE71A44B2FBF1F292B2D8E70120F4E73D
:1061A000F369FFEF0038014004F1010800440040AA
:1061B00000480040004C00400050004000234BF6D7
:1061C0008072A0F84430A0F8402018467047B0F81C
:1061D000403023F47E535B045B0CA0F84030002079
:1061E000704784B010B503AC84E80E00BDE81040E1
:1061F0000123A0F840300023A0F8403004B0A0F8FC
:106200004430A0F85030184670470000F0B591F8BF
:1062100000C0CD7830F82C4024F4EC4424F0700415
:10622000240403466246240C032D4BD8DFE805F016
:106230000247454344F40074284648F2800634433C
:1062400023F8224033F82240984FA4B23C4044EA5D
:106250000C04344323F822400C7B03EBCC0C002CC1
:106260007DD1CC884E78640864006EB3B3F85010CA
:106270001CFA81F1A1F8004433F82210490609D52F
:1062800033F8221089B2394041F4004141F0C00195
:1062900023F8221033F82210854C89B2012D01EA2F
:1062A000040101D081F0200141F4004141F080015E
:1062B00023F82210B2E044F4C0640020BDE744F4A7
:1062C0008064FAE70120B8E7B3F850501CFA85F56E
:1062D000A5F80444B3F850401CFA84FC0C693E2C29
:1062E00027D965097349E60608BF05F1FF3541EA7C
:1062F000852189B2ACF8061433F822104F040DD56D
:1063000033F8221021F4E04121F070010904090C56
:1063100041F4404141F0800123F8221033F822106B
:1063200021F4804121F070010904090C81F44051ED
:10633000BAE774B9BCF8061421F4F8410904090C51
:10634000ACF80614BCF806146FEA41416FEA5141FB
:10635000CFE76108E40748BF01318902C9E7022D90
:1063600033F822405BD1A4B23C4044F4014444F0F1
:10637000800423F82240B3F850600C891CFA86F69A
:1063800064086400A6F800444C89B3F850606408BF
:106390001CFA86F66400A6F804444978002948D11E
:1063A00033F822104E040DD533F8221021F4E041C9
:1063B00021F070010904090C41F4404141F08001D1
:1063C00023F8221033F822104D060DD533F8221091
:1063D00021F4E04121F070010904090C41F400416D
:1063E00041F0C00123F8221033F8221021F480413B
:1063F00021F070010904090C48F2800481F4405135
:10640000214323F8221033F8221021F4E04121F037
:1064100040010904090C0C4323F82240F0BD24F488
:10642000E24424F070042404240C264323F8226060
:10643000A1E733F822104C040DD533F8221021F4D3
:10644000E04121F070010904090C41F4404141F0A0
:10645000800123F8221033F8221049060DD533F8B5
:10646000221021F4E04121F070010904090C41F4EB
:10647000004141F0C00123F8221033F822100C4CE7
:1064800089B22140012D18BF81F0200141F4004163
:1064900041F0800123F8221033F8221021F48041CA
:1064A00021F070010904090CFEE600BF8F8FFFFF89
:1064B000BF8FFFFF0080FFFF4A780B78097BD9BBB5
:1064C0000AB330F8232051060DD530F8232022F4EA
:1064D000E04222F070021204120C42F4004242F038
:1064E000C00220F8232030F8232022F4E04222F0DA
:1064F00040021204120C42F4004242F0800220F8E2
:1065000023200020704730F8232052040DD530F8A6
:10651000232022F4E04222F070021204120C42F412
:10652000404242F0800220F8232030F8232022F459
:10653000804222F07002DCE7002A4AD130F82320A2
:1065400051040DD530F8232022F4E04222F07002ED
:106550001204120C42F4404242F0800220F8232040
:1065600030F8232052060DD530F8232022F4E042E3
:1065700022F070021204120C42F4004242F0C002F7
:1065800020F8232030F8232022F4E04222F0700289
:106590001204120C42F4004242F0C00220F8232000
:1065A00030F8232022F4804222F070021204120CF0
:1065B00048F280010A4320F8232030F8232022F4F7
:1065C000E04222F040021204120C114320F8231082
:1065D00097E730F8232051040DD530F8232022F41A
:1065E000E04222F070021204120C42F4404242F0E7
:1065F000800220F8232030F8232052060DD530F8F1
:10660000232022F4E04222F070021204120C42F421
:10661000004242F0C00220F8232030F8232022F468
:10662000E04222F070021204120C42F4404242F0A6
:10663000800220F8232030F8232022F4E04222F0C8
:1066400040021204120C48F280010A4320F8232071
:1066500030F8232022F4804222F07002B3E74B7816
:106660000A788BB130F8223023F4E04323F0400362
:106670001B041B0C83F0100343F4004343F080031E
:1066800020F822300020704730F8223023F4804375
:1066900023F070031B041B0C83F48053ECE70B7B8B
:1066A0003BBB4B780A7833B330F822305B060DD50C
:1066B00030F8223023F4E04323F070031B041B0C5A
:1066C00043F4004343F0C00320F82230CB78012B81
:1066D0000FD030F8223023F4E04323F040031B04B2
:1066E0001B0C83F0200343F4004343F0800320F8A5
:1066F00022300020704730F822305B040DD530F88E
:10670000223023F4E04323F070031B041B0C43F4FA
:10671000404343F0800320F8223030F8223023F445
:10672000804323F070031B041B0C83F44053DAE70F
:1067300011B98023A0F84C3000207047B0F85830D1
:106740006FEA43436FEA53439BB2A0F858300020EE
:106750007047B0F8440080B2704702F580620133A0
:1067600010445B0801EB4303401A994200D1704783
:106770000A880A520231F8E72DE9F0474A780E7B81
:10678000012A05460C4640F01781D1F810A08F6908
:106790004969574528BF574616BBBFB2E2883B46FA
:1067A000FFF7DBFFB5F85020237805F2024111FA1C
:1067B00082F202EBC3021780227835F8223023F4EC
:1067C000E04323F040031B041B0C83F0300343F42D
:1067D000004343F0800325F822300020BDE8F08715
:1067E000E378266A94F800C0022B40F0CE80B245D0
:1067F00030F82C2080F0B28022F4E04222F07002C7
:106800001204120C42F4014242F0800220F82C20C3
:1068100030F82C80B0F85020F61B18F040082662A3
:1068200001EB0709BBB24ED000F2064E1EFA82F20F
:1068300022F83C306289FFF790FFB2456278C4F8D5
:10684000149036BFF31B00233E462362B3B26ABBEB
:10685000B5F85020217805F2024010FA82F23E2E5F
:1068600002EBC1020FD97009AE49F60608BF00F16C
:10687000FF3041EA802189B21180228949462846A9
:10688000FFF76BFF98E75EB9118821F4F84109041E
:10689000090C118011886FEA41416FEA5141EAE722
:1068A0007108F00748BF01318902E4E7012AE4D109
:1068B000B5F85020217805F2024010FA82F202EB7E
:1068C000C1021380D9E700F2024E1EFA82F222F8CA
:1068D0003C302289FFF741FFB2456278C4F814903A
:1068E00036BFF31B43463E462362B3B24ABBB5F8FC
:1068F0005020217805F2064010FA82F23E2E02EB7B
:10690000C1020BD970098749F70608BF00F1FF30B3
:1069100041EA802189B211806289AFE75EB91188AE
:1069200021F4F8410904090C118011886FEA4141F2
:106930006FEA5141EEE77108F60748BF013189025D
:10694000E8E7012AE8D1B5F85020217805F20640A1
:1069500010FA82F202EBC1021380DDE722F4E24278
:1069600022F070021204120C42F4004242F0800243
:1069700020F82C20B0F8502000F2024313FA82F2E3
:10698000B3B222F83C3022897AE730F82C20F61B8B
:1069900012F0400F2662B0F85020BBB207D000F2D0
:1069A000064616FA82F222F83C30628968E700F265
:1069B000024616FA82F2E4E7002E3CD18A690B699E
:1069C0009A4284BFD61A1A46B0F850308E6100F24F
:1069D0000640097810FA83F33E2A03EBC10315D968
:1069E0005109D0064F4A08BF01F1FF3142EA812226
:1069F00092B21A80227835F8223023F4804323F0B3
:106A000070031B041B0C83F44053E0E65AB91A8848
:106A100022F4F8421204120C1A801A886FEA4242D9
:106A20006FEA5242E4E75108D20748BF01318902B8
:106A300089B21980DEE7CB78022B75D1002A4BD1C1
:106A4000B0F850200B7800F2024111FA82F202EB0A
:106A5000C30223693E2B22D958093249DF0608BFF9
:106A600000F1FF3041EA802189B21180B5F8502051
:106A7000217805F2064010FA82F23E2B02EBC102A9
:106A800020D8002B46D1138823F4F8431B041B0C99
:106A9000138013886FEA43436FEA53431AE05BB9EC
:106AA000118821F4F8410904090C118011886FEA5A
:106AB00041416FEA5141D7E75908DE0748BF01312C
:106AC0008902D1E75909D806164B08BF01F1FF31F9
:106AD00043EA81239BB21380E369002B8AD022789A
:106AE00035F8221044F2400303EA01008B4302D040
:106AF00000287FF47FAF35F8223023F4E04323F001
:106B000070031B041B0C43F4004343F0C00325F83F
:106B100022306FE75908DB0748BF0131890289B28B
:106B20001180D9E70080FFFF012B5DD18B690969D6
:106B30008B428ABF581A00200B46A061002A7FF4BE
:106B400059AFB5F85020217805F2024010FA82F2D0
:106B50003E2B02EBC10221D958092449DF0608BFA8
:106B600000F1FF3041EA802189B21180B5F8502050
:106B7000217805F2064010FA82F23E2B02EBC102A8
:106B80001FD84BBB138823F4F8431B041B0C138042
:106B900013886FEA43436FEA53431AE05BB91188E5
:106BA00021F4F8410904090C118011886FEA414170
:106BB0006FEA5141D8E75908DE0748BF0131890221
:106BC000D2E75909D806094B08BF01F1FF3143EA62
:106BD00081239BB213800DE75908DB0748BF0131C1
:106BE000890289B2118005E70120F7E50080FFFFE7
:106BF00002F58062F0B510445D080C462E46471A37
:106C00003A19023436B9DB0744BF30F8153001F8C1
:106C10001530F0BD128892B204F8022C120A04F862
:106C2000012C013EECE7D0F8D43200EB830010B524
:106C3000D0F8C04284B1D0F8C4325BB194F84000BF
:106C4000FF2807D09B6894F8412021469847FF23EE
:106C500084F84030002000E0032010BD0A230380A8
:106C600000487047B403002070B5822106460F48E3
:106C700000F00EFB012105460C4800F009FB8121C4
:106C800004460A4800F004FB0DB11022AA711CB1A1
:106C9000402222710022627118B14022027100224A
:106CA000427143230148338070BD00BF7003002050
:106CB000FFF7DABFFFF7D8BF38B5D0F8D432B0331A
:106CC000044650F823507DB1FAF7E2FBD4F8D432F1
:106CD00004EB83042946D4F8C43241F84C0FDB6836
:106CE000686C9847002038BD0320FCE7F8B5D0F861
:106CF000D462D0F8C87200EB86060A46D6F8C052B5
:106D000025B3142401F00F0C04FB0C039C6984B11F
:106D10004FF0280E0EFB0C77FF6BB4FBF7FC07FB64
:106D20001C4434B99C6122462346FAF79FFB204657
:106D30000BE0D6F8C4321C6900276F65002CF6D032
:106D4000A86C05F15001A0473846F8BD0320FCE7C8
:106D5000D0F8D4322DE9F34100EB83034FF0000863
:106D6000D3F8C0728DF8058005460E46ADF8068052
:106D7000002F6ED00A7812F060042ED0202C64D13F
:106D8000CC8891F801C00CB3120613D5D3F8C432E5
:106D9000224639469B6860469847F288072A28BFF2
:106DA00007223946284600F0E2FC4446204602B05D
:106DB000BDE8F081402C28BF402487F840C087F808
:106DC00041402246394600F0E7FCEEE7D3F8C432F2
:106DD00022469B6860469847E8E74F780B2F34D8E7
:106DE00001A353F827F000BF196E0108AD6D01082B
:106DF0004B6E01084B6E01084B6E01084B6E01088B
:106E00004B6E01084B6E01084B6E01084B6E01087A
:106E10002F6E0108436E010890F89C32032B14D1A9
:106E200002220DF1060100F0A2FC3C46BEE790F8FC
:106E30009C32032B09D101220DF1050100F097FCD2
:106E4000B4E790F89C32032BB0D03146284600F0CE
:106E500067FC0324AAE700BF38B50446002581215A
:106E6000FAF7CDFA012125872046FAF7C8FAA4F8E7
:106E7000785182212046FAF7C2FAD4F8D432E56478
:106E800004EB8303D3F8C0228AB1D3F8C4325B6821
:106E90009847D4F8D432B03354F82300FAF700FB03
:106EA000D4F8D432B03344F82350C4F8BC52002094
:106EB00038BDF8B504465C20FAF7EEFA054630B95D
:106EC000D4F8D432B03344F8230002253BE05C22EE
:106ED000002102F07FF8D4F8D432B033012644F810
:106EE0002350022240238121C4F8BC522046FAF7E5
:106EF0007AFA40230222314626872046FAF773FAAF
:106F000010230322A4F84E3082210823A4F87861CC
:106F10002046FAF768FAD4F8D432A4F84C6004EBAF
:106F200083030027D3F8C4326F641B6898476A6CE8
:106F30006F65AF65002AC8D0257C402331462046C6
:106F40001DB9FAF79CFA2846F8BDFAF798FA3D46BB
:106F5000F9E739B1D0F8D43200EB8300C0F8C4129D
:106F60000020704703207047D0F8D432B03350F877
:106F700023301BB199641A650020704703207047C5
:106F8000D0F8D432B03350F8233013B15964002014
:106F9000704703207047D0F8D432B03310B550F8A2
:106FA00023205AB1546D012354B95365136DC36244
:106FB000926C8121FAF75AFA204610BD0320FCE7B3
:106FC0001846FAE7D0F8D422B03208B550F822209B
:106FD00032B1526C40230121FAF751FA002008BD6A
:106FE0000320FCE778B10023C0F8B832C0F8C432FF
:106FF000C0F8D03209B1C0F8B412012380F89C3235
:107000000270FAF7A5B90320704713B500230446B0
:10701000ADF8063081B1CB6AC0F8B81223B10DF1DA
:1070200006009847C4F8D002D4F8D8320133C4F827
:10703000D832002002B010BD0320FBE7FAF7CAB92E
:10704000D0F8B8320BB11B6818471846704708B51E
:10705000D0F8B8325B689847002818BF032008BDF5
:1070600038B5044600F2AA25284600F04EFB01235D
:1070700094F8AA12C4F89432B4F8B032C4F8983232
:1070800001F01F03012B08D0022B0CD08BB929462D
:107090002046BDE8384000F019B929462046BDE831
:1070A000384000F067BA29462046BDE8384000F075
:1070B00090BA204601F08001BDE83840FAF7A8B93F
:1070C00070B50446164609BBD0F89432032B0CD198
:1070D000D0E9573293420AD99B1A9A42C0F85C31E0
:1070E00028BF1A46314600F064FB002070BD90F8BE
:1070F0009C32032B06D1D0F8B8321B6913B1C0F80B
:10710000D4129847204600F05CFBEEE790F89C32E2
:10711000032BEAD1D0F8B8329B69002BE5D00022CE
:10712000BDE87040C0F8D422184773B5044616462F
:10713000002941D1D0F89422022A0FD1D0E9075278
:10714000954214D9AA1A0191C261314600F01CFB84
:10715000019B1A4619462046FAF791F994F8A03295
:1071600013B1002384F8A032002002B070BD0ED10C
:10717000826995420BD8D0F89852AA4207D20A46A3
:10718000019100F001FB019BC4F89832E1E794F80B
:107190009C32032B08D1D4F8B832DB6823B100222B
:1071A000C4F8D4222046984780212046FAF730F9C7
:1071B000204600F011FBD1E790F89C32032BD3D18D
:1071C000D0F8B8325B69002BCED00022C0F8D422B0
:1071D00002B0BDE870401847F8B5012380F89C3232
:1071E000D0F8B83200210446C0F894124160C0F8CB
:1071F000A41280F8A012B3B900260022402511463F
:10720000012740232046FAF7EEF8A4F86471C4F889
:1072100060512B46002280212046FAF7E4F8A7842B
:1072200025623046F8BD5B68002BE5D09847002802
:10723000E2D00326E1E701740020704790F89C3209
:10724000042B1EBF90F89C32DBB280F89D320423E1
:1072500080F89C320020704790F89C32042B02BFCB
:1072600090F89D32DBB280F89C320020704708B560
:1072700090F89C22032A05D1D0F8B83213B1DB690B
:1072800003B19847002008BD0020704700207047D8
:1072900010B5428803789A420AD9047820442344DE
:1072A0004478052C9BB2F6D184788C42F3D110BD82
:1072B0000020FCE710B580210446FAF7A9F8204623
:1072C0000021BDE81040FAF7A3B800002DE9F34112
:1072D0000D7805F06005202D04460E4614D0402D93
:1072E00012D0002D40F00A814F78092F00F206815C
:1072F000DFE817F00B0132010401210104018600CF
:1073000016000401F300A200D4F8D432AE333146A3
:1073100054F823309B68204602B0BDE8F04118477E
:107320000023ADF806304B881A0A013A062A37D8EE
:10733000DFE802F0041C293636515B00D0F8B43285
:107340001B68207C0DF106019847F288002A00F0A6
:10735000FF80BDF806301BB39A4228BF1A46ADF82D
:1073600006200146204600F002FA1CE0027CD0F81C
:10737000B83232B99B6A0DF1060098470223437078
:10738000E3E7DB6AF7E7DBB2052B09D8DFE803F0B8
:10739000030F13171B1FD0F8B4325B68002BD0D13A
:1073A0002046FFF787FF284602B0BDE8F081D0F8FD
:1073B000B4329B68F2E7D0F8B432DB68EEE7D0F87D
:1073C000B4321B69EAE7D0F8B4325B69E6E7D0F87B
:1073D000B4329B69E2E7037C002BE1D1D0F8B832EC
:1073E0000DF106005B6B9847AFE7037C002BD7D10C
:1073F000D0F8B8320DF106001B6B98470723BEE7A3
:107400008B88002BCCD1CB88002BC9D14E887F2E06
:10741000C6D890F89C32032BC2D0F1B280F89E12ED
:10742000FAF71BF8204600F0CCF91EB1022384F8CD
:107430009C32B8E70123FAE78E784D4F012E3E705B
:1074400003D9FFF737FF0325ADE790F89C32022BF5
:107450005FFA83F809D0B8F1030F18D0FFF72AFFBD
:1074600039782046FFF7F3FDEDE7002E70D00121BB
:107470004160FFF7E5FD0546204625B1FFF71AFFFD
:1074800084F89C828FE700F09CF90323CFE75EB974
:10749000022380F89C3246603146FFF7D8FD204633
:1074A00000F08FF935467EE74168012950D0C9B216
:1074B000FFF7CDFD397861602046FFF7C1FD064634
:1074C000002845D02046FFF7F5FE21792046FFF73A
:1074D000BEFD022384F89C32E4E7CA88012A7FF4C7
:1074E0005FAF90F89C120229CBB205D833B10146A8
:1074F000002341F8083F35E7032B04D02046FFF76F
:10750000D9FE00254FE7011D2CE790F89C32013B86
:10751000022BF3D8CA88022A7FF442AFD0F8A432F3
:107520000146002B14BF0323012341F80C3F00F058
:107530001EF93D4637E74B88012B02D1C4F8A4322F
:1075400006E0022B7FF42CAF8B881B0A80F8A03258
:10755000204600F036F926E790F89C32013B022BDA
:10756000CCD84B88012B7FF41EAF0023E6E700BF89
:107570000C6A002070B50B7803F06002402A0446C4
:107580000E4601D05B061FD494F89C32013B022BBF
:107590001AD831790129204617D8FFF775FE88B926
:1075A000D4F8B8329B686BB1C4F8D4023146204697
:1075B00098470546F3881BB915B9204600F001F934
:1075C000284670BD0325F5E72046FFF773FE00252A
:1075D000F6E770B50B788A880D7903F06003202BED
:1075E00004460E465AD0402B58D09BBB4B78012BFB
:1075F00042D0032B27D06BBB90F89C32022BD9B220
:1076000068D0032926D105F00F0312F0800F4FF048
:10761000140202FB03036CD09B8CDBB105F07F06E8
:10762000013606EB860600EB860615F07F0006D0D5
:1076300029462046F9F7FEFE003818BF01203060C9
:107640000222314651E090F89C32022BDAB237D058
:10765000032A03D02046FFF72DFE0BE04B8833B9F9
:10766000690604D0F38813B92946F9F7D1FE2046FC
:1076700000F0A7F8002070BD90F89C32022BDAB21F
:107680001ED0032AE6D14B88002BF3D16B0602D023
:107690002946F9F7C6FE204600F093F82946204611
:1076A000FFF7F4FD0028E5D1D4F8B832C4F8D402CD
:1076B0009B68002BDED031462046BDE8704018475D
:1076C0006A06C7D02946F9F7A3FE80212046F9F7BC
:1076D0009FFECFE76906BDD113064CBF00F1140130
:1076E00000F5AA7100230B600222204600F03FF84B
:1076F000C0E7B3F86431002BACD005F07F0614234B
:1077000003FB060606F5AA768FE70B7803704B7825
:1077100043704B8843808B888380CB88C3807047BD
:1077200010B580210446F9F773FE20460021BDE81C
:107730001040F9F76DBE30B588B1002401382346FA
:107740000134055D002DFAD1DBB201335B001380FB
:107750000B7003234B70022310F8012F02B930BDC8
:10776000CA545A1CD2B202338D54DBB2F4E710B5BE
:1077700013460222C0E90633C0F894220A460021CB
:10778000F9F774FE002010BD08B513460A46002123
:10779000F9F76CFE002008BD10B513460322C0E9BE
:1077A0005633C0F894220A460021F9F768FE0020FB
:1077B00010BD08B513460A460021F9F760FE002007
:1077C00008BD08B504220023C0F8942219461A46C1
:1077D000F9F74CFE002008BD08B505220023C0F8CB
:1077E000942219461A46F9F74AFE002008BD000007
:1077F00008B52DED028BB0EE408A00F0E9F8B4EE4A
:10780000488AF1EE10FA06D6DFED098AB4EEE88A6E
:10781000F1EE10FA02D4BDEC028B08BD01F09CFB26
:1078200088EEA80ABDEC028B2123036008BD00BFCF
:107830000000000010EE103AC3F3C7527F3A162A38
:1078400010EE101A15DC002A0CDB0C481041034224
:1078500005D04FF4800313410B4423EA000300EEEC
:10786000103A7047013203F00043F8D143F07E53E1
:10787000F5E7802AF3D130EE000A7047FFFF7F0062
:1078800008B52DED028BB0EE408A00F0A5FAB4EEFB
:10789000488AF1EE10FAF0EE408A0AD6B0EE480AB5
:1078A00000F054F8F7EE007AB4EEE70AF1EE10FAC1
:1078B00004DCB0EE680ABDEC028B08BD01F04CFBA5
:1078C000BDEC028B034621221A600248BDE8084045
:1078D00000F034BA34F1010800F084BB10EE103A25
:1078E000184A23F0004393421BDDB3F1FF4F02DB44
:1078F00030EE400A704700B583B0684600F0EEF8FD
:1079000000F003000128DDED010A9DED000A0CD016
:10791000022812D070B1012000F016FA03B05DF811
:1079200004FBDFED090A00F057B800F00DFAB1EEE4
:10793000400AF3E700F050F8F0E700F04DF8B1EE40
:10794000400AEBE7D80F493F0000000010EE103A64
:1079500023F0004300EE103A704700BF10EE103ADB
:10796000194A23F0004393421CDDB3F1FF4F02DBC1
:1079700030EE400A704700B583B0684600F0AEF8BC
:1079800000F003000128DDED010A9DED000A0ED094
:10799000022813D070B100F01FF8B1EE400A03B016
:1079A0005DF804FBDFED090A002000F0CDB900F01E
:1079B00013F8F4E7012000F0C7F9F0E7012000F028
:1079C000C3F9B1EE400AEAE7D80F493F00000000D2
:1079D000B1EEC00A704700BF10EE103A23F000432A
:1079E000B3F1485F2CDAFDEEC07A17EE903A002B27
:1079F00060D020EE007ADFED317A9FED315ADFED75
:107A0000315A9FED316ADFED316AA7EE275ADFED7B
:107A1000307AE7EE055AA7EE256AE7EE067AE7EE3A
:107A2000276A67EE266A60EEC00AF6EE007AE7EE95
:107A3000260AB7EE000AD7EE270A30EE600A704732
:107A400020EE007ADFED1D7A9FED1D5ADFED1D5A05
:107A50009FED1D6ADFED1D6A1E4AA7EE275A93426D
:107A6000DFED1B7AE5EE075AA5EE876AE6EE077AA8
:107A7000E7EE876A66EE876AD5DD174A934214DC23
:107A800003F17F4307EE903AB7EE006A36EE676A7D
:107A900060EEC00AF6EE005AD7EE257AE7EE260A27
:107AA00077EEE07A36EE670A7047B6EE076AF5EED3
:107AB000027AEDE7B7EE000A704700BF4ED747AD38
:107AC000F6740F317CF293B4010DD037ABAA2A3D86
:107AD000610BB6BA9999993E0000483F70B510EE17
:107AE000103A884A23F00044944286B0054670DD7F
:107AF000854A944210EE106A22DC002BDFED837A77
:107B0000834A24F00F04B0EE407A40F3E2809442BE
:107B100070EE677A09BFDFED7F6A9FED7F7A9FED98
:107B20007F7A77EEE67A012077EEC76A77EEE67A1B
:107B3000C5ED006A77EEC77AC5ED017A06B070BD73
:107B4000774A944254DDB4F1FF4F49DAE215863AA0
:107B5000A4EBC25307EE903ABDEEE77ADFED716A0F
:107B6000B8EEC77A77EEC77A8DED037A67EEA67A1C
:107B7000BDEEE77AB8EEC77A77EEC77A8DED047A74
:107B800067EEA67AF5EE407AF1EE10FACDED057AC1
:107B900040F08E80B5EE407AF1EE10FA14BF022369
:107BA0000123614901910221009103A8294600F0B7
:107BB0009BFB002EC2DA95ED007AD5ED017AB1EE8D
:107BC000477AF1EE677A85ED007AC5ED017A404299
:107BD000B4E7002285ED000A4260002006B070BDC7
:107BE00070EE407A0020C5ED017AC5ED007AA5E778
:107BF000FFF7ACFE9FED4D7A9FED446AF6EE007AFA
:107C0000E0EE077A9FED447AFDEEE77A17EE900AF0
:107C1000F8EEE76A1F28A6EEC60A66EE877AB1EE8E
:107C2000666A1EDC424A411E24F0FF0352F82120FE
:107C3000934216D030EE677A85ED007A30EE470A2F
:107C4000002E30EE670A85ED010ABFF677AFB1EE80
:107C5000477AB1EE400A85ED007A85ED010A40428F
:107C60006CE730EE677AE21517EE103AC3F3C753AC
:107C7000C3EBD453082BDFDD9FED267A9FED275A07
:107C8000F0EE405AE6EE075A70EE657AE6EE077AB5
:107C9000D6EE857A35EEE77A17EE103AC3F3C7537E
:107CA000D21A192A06DCB0EE650A85ED007AC5E71E
:107CB000032376E79FED1F7A9FED1F5AB0EE650A0A
:107CC000A6EE070A75EEC07AE6EE077AD6EE857A5A
:107CD000B0E7944270EE277A09BFDFED0E6A9FEDA0
:107CE0000E7A9FED0E7A77EEA67A4FF0FF3077EEA0
:107CF000876A77EEE67AC5ED006A77EE877AC5ED9A
:107D0000017A1BE7D80F493FE3CB1640800FC93FEC
:107D1000D00FC93F004435374344353708A3852E7B
:107D2000800F494300008043B8F1010884F9223FE5
:107D300038F1010800A3852E32318D249FED010A10
:107D4000704700BF0000C07F10EE103A23F00043E0
:107D5000B3F1485F04DAFDEEC07A17EE903A5BB3F8
:107D600060EE007A9FED157ADFED155A9FED156AEA
:107D7000DFED156AE7EE875A9FED147AA5EEA76A44
:107D800020EE275AE6EE276AA6EEA77A30B9DFED95
:107D9000106AE7EE876AA6EE850A704727EE457AF5
:107DA000F6EE006AA0EEA67ADFED0A6AD7EE270AA1
:107DB000E5EE260A30EE600A704700BFD3C92E2FC9
:107DC000342FD7B21BEF3836010D50B98988083CE3
:107DD000ABAA2ABEABAA2A3E38B510EE105A25F03F
:107DE0000044B4F17E5F2DED048B00F085807ADCD9
:107DF000B4F17C5F0FDAB4F1485F80F29C80DFED74
:107E0000697A70EE277AB7EE007AF4EEC77AF1EE6F
:107E100010FA00F38D80FFF799FDF7EE007A37EE48
:107E2000C00AB6EE007A20EE078ADFED5F6A9FEDAA
:107E30005F7A9FED5F6A9FED5F5ADFED5F5ADFED7E
:107E40005F8AE8EE076A9FED5E7AA8EE067A9FEDFC
:107E50005D6AA6EE885AA7EE086A9FED5B7ADFEDB1
:107E60005B6AE5EE085AA6EE087AE5EE886AE7EE68
:107E7000087AE6EE888AB0EE480AB0EE679AFFF715
:107E8000A7FD534B9C4268EE888A42DC10EE103A04
:107E900023F47F6323F00F0306EE903AA6EEE68A02
:107EA00030EE267A88EE895AC8EE074ADFED497A25
:107EB0009FED497AB0EE006AE4EEC67A30EE000A31
:107EC000F0EE475AE6EEC65AD0EE057A77EEE57A3E
:107ED00037EE677A002D0ADCBDEC048BB1EE477AF1
:107EE000B0EE470A38BD70EE407A87EEA77ABDEC57
:107EF000048BB0EE470A38BD9FED367ADFED377A56
:107F000020EE077ABDEC048BA0EE277AB0EE470A8C
:107F100038BD88EE896ADFED327A9FED307AA0EEC7
:107F2000060AF0EE006AE0EE267A37EE677AD1E7CD
:107F3000B0EE407ADBE760EE007A9FED1C7ADFED71
:107F40001A6A9FED1C6ADFED1A5A9FED1B5AE7EE85
:107F5000876ABDEC048BA6EEA76A9FED197ADFED68
:107F6000196AA7EEA57AA6EE275AE7EE276ADFED93
:107F7000175A9FED156A9FED117AE5EE275AA6EE86
:107F8000A76AA5EEA77AF7EE006AE6EE276A67EE23
:107F9000277AB0EE407A87EEA66AA0EE067AB0EEB7
:107FA000470A38BDCAF24971047F4F3A08EF1138C9
:107FB0002EC69D3D461124BDA80A4E3EABAA2A3EC0
:107FC000613330BF2D57014039D119C090B0A6BEE2
:107FD0009999793F2EBD3BB3DB0F493FDB0FC93F7A
:107FE0002EBD3B3310B582B0CDED010A019B23F0CD
:107FF0000042B2F1FF4FF0EE407A30DC10EE100A92
:1080000020F00041B1F1FF4F29DCB3F17E5F42D097
:108010009C1704F0020444EAD07431B37AB3B2F18D
:10802000FF4F40D0B1F1FF4F29D0891AB1F1F45F71
:108030004FEAE15234DA002B42DA3C3240DA9FED6B
:10804000340A012C4ED0022C43D064B19FED317A1A
:10805000DFED317A30EE070A30EE670A03E09DED7E
:10806000017A37EE270A02B010BD022C10D09FED26
:108070002B7A032C08BFB0EE470A02B010BD9FED6B
:10808000280ADFED287A0028B8BFB0EE670AEAE7D1
:108090009FED210AE7E702B0BDE8104000F04AB8C2
:1080A0009FED1F0ACDE7B1F1FF4F04F1FF3420D05F
:1080B000022C26D81C4B03EB840393ED000AD2E775
:1080C0009DED017A87EE870AFFF740FC00F032F859
:1080D000B7E79FED107ADFED107A30EE070A37EE42
:1080E000C00AC0E710EE103A03F1004300EE103A68
:1080F000B9E7022C08D80D4B03EB840393ED000A7B
:10810000B1E79FED030AAEE79FED090AABE700BFB9
:10811000000000002EBDBB33DB0F4940DB0F49C020
:10812000DB0FC93FDB0FC9BFDCF40108D0F4010845
:10813000DB0F493F38B510EE105A25F00044B4F17A
:10814000A14FF0EE407A0DDBB4F1FF4F5BDCDFEDC9
:10815000537A9FED537A002DD4BFB0EE470AB0EEAC
:10816000670A38BD4F4B9C425CDCB4F1445F4DDB89
:108170004FF0FF3327EEA76ADFED4B6ADFED4B5A76
:10818000DFED4B4A9FED4B5A9FED4B4A26EE067AA8
:108190005A1CE7EE265ADFED496AA5EE875AE7EE4C
:1081A000246ADFED475ADFED474AE6EE875AA5EE2F
:1081B000074A9FED455ADFED456AA5EE875AE4EE82
:1081C000074ADFED435AE4EE876AE5EE075A66EEAA
:1081D000866A65EE875A3AD03E4A02EB830276EE13
:1081E000A56A92ED007A3C4A96EEA77A02EB8303E9
:1081F000002DD3ED006A77EE677A36EEE70AB0DA43
:10820000B1EE400A38BD30EE000A38BD9FED337A3A
:1082100030EE077AF7EE006AB4EEE67AF1EE10FA85
:10822000A6DD38BDFFF792FB2D4B9C4216DCA3F573
:10823000D0039C4227DCF0EE007ABFEE007AA0EE7D
:10824000277A002330EE270AC7EE007A92E776EE0F
:10825000A56AE6EEE77AB0EE670A38BD214B9C428C
:108260000BDCF7EE087AB7EE007AA0EE277A02234D
:1082700030EE670AC0EE077A7CE7BFEE007AC7EE01
:10828000007A032376E7F7EE007A30EE677A30EE75
:10829000270A0123C7EE007A6CE700BFDB0FC93F56
:1082A000DB0FC9BFFFFFDF3ED769853C59DA4B3D85
:1082B00021A215BD356B883D6E2EBA3D6BF16EBDAA
:1082C00095879DBD2549123E388EE3BDABAAAA3ED7
:1082D000CDCC4CBEF8F40108E8F40108CAF24971AB
:1082E000FFFF973FFFFF1B402DE9F04F2DED048B63
:1082F000DBB01C4603930691A04B6899089253F893
:108300002150111D824604F1FF38C0F29882D31E1D
:1083100048BF131DDB1002930133DB000793DDE937
:1083200007239B1A0593029B15EB0801A3EB080397
:1083300016D401319FED927A699819441EAA002B38
:10834000A4BF50F8234007EE904A03F10103ACBFED
:10835000F8EEE77AF0EE477A8B42E2EC017AEED162
:10836000002DC0F2DB82039B1EAA02EB830446AE03
:108370004FEA830C4046EF180AEB8301B8F1000F77
:10838000DFED7F7A09DB22465346F3EC016A32EDDA
:10839000017A8B42E6EE877AF7D10130B842E6ECFB
:1083A000017A04F10404E9D10AAF07EB8503043B29
:1083B0009FED759ADFED738A059804930AEB0C0420
:1083C00007EB850946AE00955AAB03EB8503002DFC
:1083D00013ED140A4FEA850B16DD06EB85033A46CA
:1083E00060EE097AB0EE407AFDEEE77A73ED016A4D
:1083F000F8EEE77AB342A7EEE87A37EEA60ABDEECA
:10840000C77AA2EC017AEBD1019000F0E1FAB0EE6C
:10841000408AB4EE000A28EE000A00F091FAF2EE6B
:10842000007AA0EE678A01980028FDEEC89AF8EE5F
:10843000E97A38EE678A76DD05F1FF3EC0F1080380
:1084400057F82E2042FA03FC0CFA03F3D31AC0F1BA
:10845000070119EE902A47F82E300B416244002B99
:1084600009EE902A67DCB5EE408AF1EE10FA40F092
:10847000BE80009A05F1FF3B5A450EDC4FEA850CA1
:1084800007EB850200219E4652F8043D4A4541EA29
:108490000301F9D1002940F0F180009B013B57F81E
:1084A0002330002B40F0E680049B4FF0010C53F882
:1084B000042D0CF1010C002AF9D06B1CAC449E4633
:1084C0000299039A01EB030B0BF1804B69992A4443
:1084D0000BF1FF3B06EB83051EAB01EB8B0B03EBB4
:1084E0008201DBED017A9FED267AF8EEE77AB8F1AA
:1084F000000F0BF1040BC1ED007A0A4601F10401F3
:1085000009DB534601E072ED017AF3EC016AA34204
:10851000A6EEA77AF7D10EF1010EE645A5EC017A99
:10852000DFDD654650E740F09B806B1E57F8233037
:10853000DB11002B97DD19EE902A002D02F10102CC
:1085400009EE902A40F39181396800297ED1012DEE
:1085500026D03A464FF0010C52F8041F002979D07A
:108560000CF10102C1F58071954247F82C1016DD1F
:1085700057F82210BB4407EB82020AE034F50108E9
:1085800000000000000080430000803B0000C93F65
:108590001168C1F1FF0142F8041B5A45F8D10121CD
:1085A00000280CDD012800F04181022807D105F1E7
:1085B000FF3C57F82C2002F03F0247F82C20022BFA
:1085C0007FF451AFB7EE000A30EE488A00293FF43D
:1085D0004AAF0993019000F0FBF938EE408A099BFD
:1085E0000198B5EE408AF1EE10FA3FF442AF98469A
:1085F000DDE90732B0EE480A981A0195009D00F0B7
:10860000E7F91FED207A019BB4EEC70AF1EE10FAEC
:10861000C0F255815FED247A059A60EE277A083220
:10862000FDEEE77A0592F8EEE77A03F1010BA7EE8B
:10863000C70AFDEEE77ABDEEC00A10EE102A47F831
:10864000232017EE903A47F82B302BE001224FF011
:10865000000C87E70CF1010CAC457FF47DAF9FE780
:10866000F6EE007AB4EEE78AF1EE10FA80F2EC80D2
:108670000023F8E66B1C9E469C4621E7059B009D67
:10868000A3F1080257F82B300592F04653B9ACF12C
:1086900004033B4453F8041D0BF1FF3B083A002947
:1086A000F8D005920598B7EE000A00F091F9BBF1F9
:1086B000000FC0F229810BF1010646AA1FED4E7A88
:1086C0004FEA860C07EB860302EB860273ED017A14
:1086D000F8EEE77ABB4267EE807A20EE070A62ED99
:1086E000017AF3D1ACF1040346AA002D1FED596ABB
:1086F00002EB03044FF0000022DB8F49DFED8F7A9D
:10870000B0EE467A2246002303E0984208DBB1EC43
:10871000017AF2EC016A01339D42E6EE877AF4DADF
:108720005AAB03EB8003584543ED287A4FEA8001AA
:1087300000F10102A4F1040405D0002D1046DCDA9A
:10874000DFED7E7AECE7689A022A1DDC002A00F34E
:108750008E8010D132ABDFED797A9C443CED017A0A
:10876000634577EE877AF9D143460BB1F1EE677A2C
:10877000069BC3ED007A19EE903A03F007005BB058
:10878000BDEC048BBDE8F08F689A032AF3D1BBF1EE
:10879000000F00F0CB8032A813ED287A00EB8B029B
:1087A0000BF1804372ED017AF0EE476A37EE277ADB
:1087B000904277EEC77A82ED007A77EEA67AC2ED24
:1087C000017AEFD1BBF1010F40F3B08001F5B47233
:1087D0000DEB020111ED287A9A0033A900EB830317
:1087E00073ED017AF0EE476A37EE277A994277EE19
:1087F000C77A83ED007A77EEA67AC3ED017AEFD1DE
:10880000131DDFED4E7A0344083033ED017A9842B0
:1088100077EE877AF9D14346002B58D10699329AE0
:10882000339B0A604B60C1ED027AA4E705F1FF3C7F
:1088300057F82C2002F07F0247F82C20BFE60823CF
:108840000793002302936AE519EE903A002D03F195
:10885000010309EE903AC8BF02233FF775AEF7EE69
:10886000007A37EEC88A0223FDE5002198E632AB94
:10887000DFED327A03EB860636ED017AB34277EE0E
:10888000877AF9D143469DED327A93BB069BBBF1C3
:10889000000FC3ED007A77EE677A0CDD33AA01236F
:1088A000B2EC017A01339B4577EE877AF8DA4346DA
:1088B0000BB1F1EE677A069BC3ED017A5BE7BDEE83
:1088C000C00A9B4610EE102A47F82320EAE6DDEDA9
:1088D000326A9DED337A069BF1EE666AB1EE477A15
:1088E000F1EE677AC3ED006A83ED017AC3ED027A97
:1088F00041E7069BF1EE676ABBF1000F77EE677AFE
:10890000C3ED006ACADCD4E7689B022B0ADC002BAB
:108910000FDC7FF430AFDFED097A25E7039B4FEAE8
:10892000830C41E5689B032B7FF425AFDFED037AD1
:1089300071E7DFED027AA5E70CF501080000000001
:1089400010EE102AC2F3C7537F3B162B22F00041D2
:108950002ADC002B10EE100A18DB1A4919410A42D2
:1089600021D0DFED197A70EE277AF5EEC07AF1EEBC
:1089700010FA18DD002A04DA4FF4000242FA03F379
:10898000184420EA010300EE103A7047DFED0E7A3A
:1089900070EE277AF5EEC07AF1EE10FA03DD002AC8
:1089A00008DB9FED0A0A7047B1F1FF4FFBD330EEB1
:1089B000000A7047FFEE007A002918BFB0EE670A80
:1089C000704700BFFFFF7F00CAF24971000000003E
:1089D00010EE103A33F0004110EE102A28D0B1F119
:1089E000FF4F22D213F0FF4F23D1DFED2C7A2C4A18
:1089F00060EE277A904217EE903A34DB4CF2503C0E
:108A0000C3F3C751604517EE902AA1F1190116DD95
:108A1000DFED247ADFED246A002BB0EE677AB8BF71
:108A2000F0EE667A27EE870A704730EE000A70474C
:108A300070474CF2503C60454FEAD151E8DC0144AC
:108A4000FE29E5DC002915DC11F1160F19DB1931BF
:108A500022F0FF4242EAC15207EE902A9FED130A2C
:108A600027EE800A7047DFED127A07EE103A27EE04
:108A7000270A704722F0FF4242EAC15300EE103A43
:108A80007047DFED0B7ADFED0B6A002BB0EE677AF3
:108A9000B8BFF0EE667A27EE870A70470000004CF8
:108AA000B03CFFFFCAF24971CAF249F1000000333D
:108AB0006042A20D6042A28D024B1844407800F043
:108AC0000300704740F5010870B50D4D0D4C641B57
:108AD000A4100026A64209D10B4D0C4C01F0C6FA99
:108AE000641BA4100026A64205D170BD55F8043BB6
:108AF00098470136EEE755F8043B98470136F2E710
:108B000028F7010828F7010828F7010830F70108BD
:108B1000034611F8012B03F8012B002AF9D1704705
:108B200010B50246147813460132002CFAD1013BED
:108B300011F8012B03F8012F002AF9D110BDC9B299
:108B4000034610F8012B1AB18A42F9D11846704732
:108B5000002918BF0023F9E7034B1B5C03F0030354
:108B6000022B08BF2038704741F501080A449142A2
:108B700000F1FF3300D1704710B511F8014B03F835
:108B8000014F9142F9D110BD30B5044625782346F6
:108B90000134002DFAD1013A04D311F8014B03F846
:108BA000014B04B930BD002AF5D11A70F3E710B5B6
:108BB0006AB10139841810F8012B11F8013F9A426B
:108BC00003D1A04201D0002AF5D1D01A10BD104621
:108BD000FCE710B50139034632B111F8014F03F833
:108BE000014B013A002CF7D11A440021934200D1E5
:108BF00010BD03F8011BF9E7002310B50446C0E9D6
:108C00000033C0E90433836081814366C28183619C
:108C1000194608225C3000F0DDF9054B6362054B14
:108C2000A362054BE362054B2462236310BD00BFC2
:108C30001D8D01083F8D0108778D01089B8D01086E
:108C4000024A0349034800F08DB900BFC003002069
:108C50002D920108CC03002041680C4B994210B5BD
:108C6000044601D000F0E2FAA168094B994202D013
:108C7000204600F0DBFAE168064B994204D020461A
:108C8000BDE8104000F0D2BA10BD00BF106A00204D
:108C9000786A0020E06A002010B50B4B0B4C0C4AA0
:108CA0001A60204600220421FFF7A6FF04F16800A5
:108CB00001220921FFF7A0FF04F1D0000222BDE844
:108CC00010401221FFF798BF486B0020106A002067
:108CD000418C0108014800F011BA00BF4D6B002023
:108CE000014800F00CBA00BF4D6B002010B50446DF
:108CF000FFF7F0FF236A1BB1BDE81040FFF7F0BF9C
:108D0000044B2362044B1B68002BF5D1FFF7C4FF13
:108D1000F2E700BF598C0108486B002010B50C46E3
:108D2000B1F90E1000F078FB0028ABBF636DA3898A
:108D30001B1823F48053ACBF6365A38110BD2DE9DC
:108D4000F0411F468B89DB0505460C46164605D5C6
:108D5000B1F90E100223002200F04CFBA389B4F9F4
:108D60000E1023F48053A38132463B462846BDE8CB
:108D7000F04100F0DFB810B50C46B1F90E1000F06C
:108D800039FB431CA38915BF606523F4805343F46A
:108D90008053A38118BFA38110BDB1F90E1000F05C
:108DA000AFB90A22002100F09FB9000038B50B4B83
:108DB0001D686B6B044653B9242000F05FFA02462D
:108DC000686320B9064B07483D2100F0F5FA696B4E
:108DD0002046BDE8384000F007B800BF1804002066
:108DE00041F6010858F601082DE9F0414D4A0C46BC
:108DF0000023D0E90001E7F749FE002ABCBF02F5D5
:108E0000A83202F5C0724FF4616100F52F20B2FB69
:108E1000F1F301FB13224FF03C01ACBF00F66C20D4
:108E200000F66B20A360B2FBF1F301FB1322636039
:108E30002260C31C072293FBF2F2C2EBC2029B1A10
:108E400048BF07330028A361B8BFA0F50E333649E9
:108E5000AEBF90FBF1F1A3F52C7393FBF1F1334B13
:108E600003FB010048F6AC63B0FBF3F3034440F2AC
:108E7000B45CB0FBFCF29B1A40F26D172C4AB0FBBD
:108E8000F2F264269B1AB3FBF7F2B3FBFCF3B2FBDE
:108E9000F6F5EB1A034407FB1233992003EB830723
:108EA000023703F1010EB7FBF0FC00FB0CF00230BF
:108EB0004FF00508B0FBF8F0AEEB000040F2F95EB1
:108EC000774594BF02276FF0090767444FF4C87CC9
:108ED0000CFB0121012F98BF0131B3F5997F0CD311
:108EE000A3F59973E361A1F26C710023E060C4E91A
:108EF000047123622046BDE8F08112F0030F02D115
:108F000006FB15255DB94FF4C875B2FBF5F605FBF8
:108F10001622B2FA82F252093B331344E2E70122ED
:108F2000FAE700BF80510100B13A02004FC5FDFFD2
:108F3000B03A020038B5074D0446084611460022F3
:108F40002A601A46F9F79CFB431C02D12B6803B137
:108F5000236038BD506B0020014B1868704700BF7C
:108F6000180400202DE9F8430746884614460026D9
:108F7000D4E90195B9F1010905D52468002CF7D190
:108F80003046BDE8F883AB89012B07D9B5F90E301F
:108F9000013303D029463846C04706436835E9E720
:108FA000884210B501EB020402D98442234607D857
:108FB000431EA14208D011F8012B03F8012FF8E756
:108FC000024401468A4200D110BD13F8014D02F857
:108FD000014DF7E702440346934200D1704703F87E
:108FE000011BF9E7012B2DE9F04701D0242B06D90D
:108FF000FFF7B2FF162303600020BDE8F087DFF81B
:10900000E4C00D462E4615F8014B1CF8047017F00D
:109010000807F7D12D2C32D12C780127B51C002B55
:109020005BD0102B09D1302C07D12C7804F0DF0451
:10903000582C4DD16C781023023507F1004808F107
:10904000FF384FF0000EB8FBF3F9764603FB198AA0
:10905000A4F1300CBCF1090F16D86446A34224DDFC
:10906000BEF1FF3F08D0B1451CD301D1A24519DBA9
:1090700006FB03464FF0010E15F8014BE8E72B2CD9
:1090800004BF2C78B51CCAE7A4F1410CBCF1190F40
:1090900001D8373CE2E7A4F1610CBCF1190F04D808
:1090A000573CDBE74FF0FF3EE6E7BEF1FF3F05D15F
:1090B00022230360464642B930469EE707B1764216
:1090C000002AF9D0BEF1000F00D0691E1160F3E74D
:1090D0003024002BB1D10823AFE7302CA5D00A23D0
:1090E000ABE700BF41F5010813460A4601460248B6
:1090F0000068FFF777BF00BF180400207047704773
:1091000038B5064D0023044608462B60F9F7C6FA29
:10911000431C02D12B6803B1236038BD506B002083
:109120008A892DE9F041054610070C4658D44B6852
:10913000002B05DC0B6C002B02DC0020BDE8F0816D
:10914000E66A002EF9D0002312F480522F68216ABB
:109150002B6032D0606DA3895A0705D56368C01AA9
:10916000636B0BB1236CC01A00230246E66A216AC6
:109170002846B047431CA38906D129681D292BD84E
:10918000294A0A41D60727D400226260D9042269FD
:10919000226004D5421C01D12B6803B96065616B64
:1091A0002F600029C9D004F14403994202D0284617
:1091B00000F072F900206063C0E701232846B04741
:1091C000411CC8D12B68002BC5D01D2B01D0162BFC
:1091D00001D12F60B1E7A38943F04003A381ADE73C
:1091E0000F69002FA9D093070E6808BF4B690F6065
:1091F00018BF0023A6EB07088B60B8F1000F9CDDB9
:10920000216AA66A43463A462846B047002806DC4B
:10921000A38943F04003A3814FF0FF308EE707445A
:10922000A8EB0008E9E700BFFEFFBFDF38B50B6918
:1092300005460C4613B90025284638BD18B1036A07
:109240000BB9FFF753FDB4F90C30002BF3D0626E6D
:10925000D00704D4990502D4A06DFFF74FFF28462C
:109260002146FFF75DFF636EDA070546E4D4A38964
:109270009B05E1D4A06DFFF742FFDDE7024B0146FD
:10928000186800F023B800BF1804002070B50E4E17
:109290000C463168054611B900F0EEF83060214601
:1092A000284600F0E9F8431C0AD0C41C24F003044B
:1092B000A04207D0211A284600F0DEF8013001D183
:1092C0004FF0FF34204670BD586B00202DE9F0416F
:1092D000CD1C25F0030508350C2D38BF0C25002DBD
:1092E000074601DBA94205D90C233B600026304626
:1092F000BDE8F0812F4E00F0B3F833681C4644BB44
:1093000029463846FFF7C2FF431C04464FD1346854
:109310002646002E42D1002C43D0236831463846E1
:1093200004EB030800F0A8F880453AD12368033520
:10933000ED1A25F0030508350C2D38BF0C252946FC
:109340003846FFF7A3FF01302BD023682B4423605E
:109350000EE02268521B1ED40B2A16D96119A342B3
:10936000256018BF5960636808BF316062514B6067
:10937000384604F10B0600F079F826F00706231DA5
:10938000F21AB4D09B1BA350B1E76268A3420CBF92
:1093900032605A60ECE723466468B0E7344676688A
:1093A000B7E70C233B60384600F060F89FE7256084
:1093B000DEE700BF546B00201FB514461A46094B68
:1093C0001B680546D8684CB1074B0091CDE90134C4
:1093D00006492B4600F032F800F014FC044B1C4602
:1093E000F3E700BF18040020B1F60108BEF601083B
:1093F000E8A4010838B5074D044608461146002286
:109400002A601A46F9F754F9431C02D12B6803B1BC
:10941000236038BD506B002038B5074D0446084620
:10942000114600222A601A46F9F71CF9431C02D1A2
:109430002B6803B1236038BD506B00200EB403B518
:10944000014603AB054853F8042B0068019300F074
:1094500099F802B05DF804EB03B0704718040020DF
:109460000148FFF74BBE00BF4C6B00200148FFF7DF
:1094700046BE00BF4C6B002038B5064D00230446A5
:1094800008462B60F9F716F9431C02D12B6803B18B
:10949000236038BD506B002037B5002944D051F807
:1094A000043C0190002BA1F10404B8BFE418FFF7BD
:1094B000D7FF1E4A0198136833B96360146003B084
:1094C000BDE83040FFF7D2BFA34208D92568611933
:1094D0008B4201BF19685B6849192160EDE71A46A4
:1094E0005B680BB1A342FAD911685518A5420BD19C
:1094F000246821445418A3421160E0D11C685B68C1
:1095000053600C441460DAE702D90C230360D6E7F9
:10951000256861198B4204BF19685B68636004BFEA
:10952000491921605460CAE703B030BD546B002074
:109530009368013B002B10B4936008DA9469A3424E
:1095400001DB0A2903D15DF8044B00F035B913683B
:10955000581C1060197008465DF8044B7047F8B548
:1095600006460F461446D518AC4201D1002007E04C
:1095700014F8011B3A463046FFF7DAFF431CF3D1DB
:10958000F8BD00002DE9F04F0D469DB014469846F9
:10959000064618B1036A0BB9FFF7A8FB6B6ED90733
:1095A00005D4AB899A0502D4A86DFFF7A7FDAB8956
:1095B0001B0701D52B699BB92946304600F03AF9C3
:1095C00070B16B6EDC0704D54FF0FF301DB0BDE805
:1095D000F08FAB899805F7D4A86DFFF790FDF3E7FE
:1095E0000023099320238DF82930CDF80C803023F7
:1095F000DFF8B0818DF82A304FF0010923469A46F2
:1096000013F8012B0AB1252AF9D1BAEB040B0BD0C0
:109610005B46224629463046FFF7A1FF013000F0A5
:10962000A980099A5A4409929AF80030002B00F058
:10963000A18000234FF0FF32CDE905230AF1010A92
:10964000049307938DF853301A935446052214F867
:10965000011B5448E6F7DCFD049AD8B9D10644BF93
:1096600020238DF85330130744BF2B238DF853303C
:109670009AF800302A2B15D0079A544600204FF054
:109680000A0C214611F8013B303B092B4DD9B0B1F2
:10969000079214E0A0EB080309FA03F313430493C1
:1096A000A246D2E7039B191D1B680391002BBBBF89
:1096B0005B4242F0020207930793B8BF04922378FB
:1096C0002E2B0CD163782A2B34D1039B1A1D1B68D7
:1096D0000392002BB8BF4FF0FF3302340593DFF83D
:1096E000D4A0217803225046E6F792FD38B1049BBE
:1096F000A0EB0A004022824013430134049314F883
:10970000011B29488DF828100622E6F781FD002864
:109710003FD0264B1BBB039B073323F007030833C3
:109720000393099B3B44099368E70CFB02320C4608
:109730000120A6E700230134059319464FF00A0CD7
:10974000204610F8012B303A092A03D9002BC6D045
:109750000591C4E70CFB012104460123F0E703ABAC
:1097600000932A46124B04A93046AFF30080074607
:10977000781CD6D16B6ED90705D4AB899A0502D473
:10978000A86DFFF7BCFCAB895B063FF51DAF0998E0
:109790001CE703AB00932A46054B04A9304600F0B2
:1097A0000FF9E4E7EDF60108F7F601080000000004
:1097B0005F950108F3F60108F8B50E461446054614
:1097C00018B1036A0BB9FFF791FAA369A360A389E3
:1097D0001A0725D523691BB323682269981A636980
:1097E000F6B28342374604DC21462846FFF71EFDC9
:1097F000E0B9A368013BA36023685A1C22601E7075
:109800006269431C9A4204D0A389DB0706D50A2E5D
:1098100004D121462846FFF709FD38B93846F8BD7E
:109820002146284600F006F80028D5D04FF0FF3733
:10983000F4E7000038B52A4B054618680C4618B105
:10984000036A0BB9FFF752FAA389B4F90C20180781
:1098500022D4D90607D409232B6042F04003A38108
:109860004FF0FF3034E0580712D5616B41B104F17D
:109870004403994202D02846FFF70EFE002363639B
:10988000A38923F02403A381002363602369236059
:10989000A38943F00803A38123694BB9A38903F487
:1098A0002073B3F5007F03D02146284600F0D7F996
:1098B000A089B4F90C2010F001030AD00023A360A2
:1098C00063695B42A361236943B910F08000C4D18E
:1098D00038BD810758BF6369A360F4E70020F7E74C
:1098E000180400202DE9F047164699468A680B694E
:1098F000DDF820809342B8BF1346336091F84320CF
:1099000007460C460AB1013333602368990642BF0B
:10991000336802333360256815F0060506D104F17B
:10992000190AE36832689B1AAB4226DC94F843209C
:10993000131E226818BF012392062BD404F14302A0
:1099400049463846C04701301ED02368226903F0DB
:109950000603042B02BFE5683368ED1AA3680CBF49
:1099600025EAE57500259342C4BF9B1AED18002631
:109970001A34B5421AD1002008E001235246494664
:109980003846C047013003D14FF0FF30BDE8F087C3
:109990000135C6E7E1185A1C302081F84300224403
:1099A00094F8451082F843100233C7E7012322469A
:1099B00049463846C0470130E6D00136D9E70000B5
:1099C0002DE9FF470F7E0C9D782F914680460C466F
:1099D0009A4601F1430207D8622F0AD8002F00F0FF
:1099E000D480582F00F0C08004F1420584F8427002
:1099F0003AE0A7F16303152BF6D801A151F823F043
:109A0000599A01086D9A0108E9990108E999010834
:109A1000E9990108E99901086D9A0108E999010895
:109A2000E9990108E9990108E9990108719B010880
:109A3000999A01082B9B0108E9990108E999010805
:109A4000939B0108E9990108999A0108E99901088D
:109A5000E9990108339B01082B681A1D1B682A60CD
:109A600004F1420584F8423001239FE020682B680E
:109A7000070603F10401296001D51E6803E04606CC
:109A8000FBD5B3F90060002E03DA2D23764284F86B
:109A900043305A480A2312E02B682068191D2960B8
:109AA000050601D51E6802E04106FBD51E88534815
:109AB0006F2F0CBF08230A23002184F84310656828
:109AC000A560002DA2BF216821F0040121600EB91C
:109AD000002D4BD01546B6FBF3F103FB1167C75DB4
:109AE00005F8017D3746BB420E46F4D9082B0BD151
:109AF0002368DE0708D5236961689942DEBF3023F9
:109B000005F8013C05F1FF35521B2261CDF800A09C
:109B10004B4603AA21464046FFF7E4FE01304AD1F6
:109B20004FF0FF3004B0BDE8F087236843F0200316
:109B300023603348782784F84570236829681F0616
:109B400051F8046B02D45F0648BFB6B2DF0748BFC6
:109B500043F02003296048BF23601EB9236823F027
:109B6000200323601023A7E72448E4E71546BDE758
:109B70002B6826686169181D286035061B6801D5A9
:109B8000196002E07006FBD5198000232361154699
:109B9000BCE72B681A1D2A601D68626800212846F0
:109BA000E6F736FB08B1401B606063682361002361
:109BB00084F84330AAE723692A4649464046D047FD
:109BC0000130ADD023689B0713D4E068039B984213
:109BD000B8BF1846A6E70123324649464046D0475B
:109BE00001309DD00135E36803995B1AAB42F2DC8A
:109BF000EBE7002504F11906F5E700BFFEF60108C2
:109C00000FF7010808B5062000F08EF80120F8F7DC
:109C100023FD70B50C46B1F90E10002996B015461B
:109C20001E460DDAA38913F0800F4FF000010CBF20
:109C30004FF480634023002031602B6016B070BD6C
:109C40006A4600F079F80028ECDB019901F47041D4
:109C5000A1F50053594259414FF48063EBE78B89DA
:109C600073B59D0706460C4607D504F147032360EC
:109C700023610123636102B070BD01AB6A46FFF747
:109C8000C8FF009905463046FFF720FB48B9B4F9F4
:109C90000C309A05EFD423F0030343F00203A381B1
:109CA000E3E7A389206043F08003A381009B636105
:109CB000019B20615BB1B4F90E10304600F04EF804
:109CC00028B1A38923F0030343F00103A381A389EF
:109CD0001D43A581CFE71F2938B504460D4604D999
:109CE000162303604FF0FF3038BDC26B12B152F83B
:109CF00021304BB9204600F053F82A460146204651
:109D0000BDE8384000F03AB8012B0AD0591C03D105
:109D1000162303600120E7E7002442F82540284687
:109D200098470020E0E70000024B01461868FFF763
:109D3000D2BF00BF1804002038B5074D00230446E9
:109D4000084611462B60F8F7ACFC431C02D12B6887
:109D500003B1236038BD00BF506B002038B5064DFD
:109D60000023044608462B60F8F7A0FC431C02D1F0
:109D70002B6803B1236038BD506B002038B5074D08
:109D800000230446084611462B60F8F75DFC431C8F
:109D900002D12B6803B1236038BD00BF506B002097
:109DA000F8F750BC2DE9F047089E0D4604460F46D3
:109DB000002B4AD18A42944665D9B2FA82F343B164
:109DC00002FA03FCC3F120029F4020FA02F217437B
:109DD0009C404FEA1C4E1FFA8CF5B7FBFEF1220C9B
:109DE0000EFB117742EA074201FB05F090420AD9C7
:109DF0001CEB020201F1FF3780F01C81904240F21F
:109E0000198102396244121AA4B2B2FBFEF00EFBB1
:109E1000102244EA024400FB05F5A5420AD91CEBD6
:109E2000040400F1FF3280F00781A54240F2048172
:109E30006444023840EA0140641B00211EB1DC404A
:109E40000023C6E90043BDE8F0878B4208D9002E05
:109E500000F0ED800021C6E900050846BDE8F08766
:109E6000B3FA83F1002949D1AB4202D3824200F216
:109E7000F880841A65EB030201201746002EE2D019
:109E8000C6E90047DFE702B9FFDEB2FA82F3002B32
:109E900040F090808A1A4FEA1C471FFA8CFE01217D
:109EA000B2FBF7F507FB1520220C42EA00420EFB3D
:109EB00005F0904208D91CEB020205F1FF3802D2EE
:109EC000904200F2CB804546121AA4B2B2FBF7F0E2
:109ED00007FB102244EA02440EFB00FEA64508D907
:109EE0001CEB040400F1FF3202D2A64500F2BB8055
:109EF0001046A4EB0E0440EA05409FE7C1F120079D
:109F00008B4022FA07FC4CEA030C05FA01F420FA14
:109F100007F3FD404FEA1C492343B5FBF9F81FFA4C
:109F20008CFE09FB18551C0C44EA054408FB0EF591
:109F3000A54202FA01F200FA01F00BD91CEB04046D
:109F400008F1FF3A80F08880A54240F28580A8F1B0
:109F500002086444641B9DB2B4FBF9F309FB13448B
:109F600045EA044403FB0EFEA64508D91CEB040495
:109F700003F1FF356CD2A6456AD9023B644443EA3B
:109F80000843A3FB0295A4EB0E04AC42C846AE46C0
:109F900056D353D056B1B0EB080264EB0E0404FA6A
:109FA00007F7CA40CC401743C6E9007418460021A1
:109FB000BDE8F087C3F1200102FA03FC20FA01F2A8
:109FC00025FA01F19D402A434FEA1C471FFA8CFEF7
:109FD000B1FBF7F007FB1015110C41EA054100FB3E
:109FE0000EF58D4204FA03F408D91CEB010100F1CF
:109FF000FF382FD28D422DD902386144491B92B2CD
:10A00000B1FBF7F507FB151142EA014205FB0EF122
:10A01000914208D91CEB020205F1FF3816D2914299
:10A0200014D9023D6244521A45EA004138E73146EC
:10A03000304608E73946E6E61046FBE64845A9D231
:10A04000B9EB020865EB0C0E013BA3E74546EAE7D6
:10A050002B4694E74046D1E7D0467BE7023D624479
:10A0600032E708460AE76444023842E7F8B500BF21
:10A07000F8BC08BC9E467047F8B500BFF8BC08BCE9
:04A080009E46704741
:10A0840021007F22000718120C180101011919017F
:10A09400191901060601060601030301030301025F
:10A0A4000201020201120C01120C00080008005007
:10A0B40001500250035004500550065007500850F8
:10A0C40009500A500B500C500D50F150F25001F150
:10A0D40005506D696E2C00206D572C00011F136F05
:10A0E40001130503020B050200D57FAAFE2B815440
:10A0F40029FC5683D702A87D52872DF8AC79D30664
:10A104007BAE04D18550FA2FA471DB0E5A8F25F053
:10A114008D58F22773A60CD9F623895C08DD77A243
:10A12400DF0AA07521F45E8B9D48E23763B61CC933
:10A13400B461CB1E4A9F35E0CF1AB06531E44E9B23
:10A14400E633994C18CD67B239EC4693C712B86D13
:10A1540010C56FBAEE3B91446BBE14C19540EA3F03
:10A1640042973DE8BC69C316EF3A904511C46EBBF3
:10A17400C613B96C38ED4792BD68C21743963CE9E3
:10A184009441EB3E6ABF15C04B9E34E1B560CA1FD3
:10A1940062B71DC89C49E33619CC66B3E732984DC3
:10A1A40030E54F9ACE1BB16472A70DD88C59F326B3
:10A1B4005B8E24F1A570DA0F20F55F8ADE0BA174A3
:10A1C40009DC76A3F722885DD603A97C28FD578293
:10A1D400FF2A805501D47EAB8451FB2E7AAF05D083
:10A1E400AD78D20753862CF961626364656667684B
:10A1F400696A6B6C6D6E6F70717273747576777853
:10A20400797A303132333435363738395F232D2E6D
:10A214000074770072770000000000000000000066
:10A224007117000800000000000000007D170008FE
:10A23400000000000000000059170008000102049B
:10A24400050301020000000000000000002F0000D0
:10A2540000000700070000147F147F1400242A7FE5
:10A264002A12006264081323003649552250000064
:10A274000503000000001C224100000041221C00D4
:10A284000014083E08140008083E0808000000A056
:10A294006000000808080808000060600000002052
:10A2A40010080402003E5149453E0000427F400030
:10A2B400004261514946002141454B3100181412B6
:10A2C4007F10002745454539003C4A494930000183
:10A2D4007109050300364949493600064949291ED2
:10A2E4000000363600000000563600000008142234
:10A2F4004100001414141414000041221408000234
:10A304000151090600324959513E007C1211127C58
:10A31400007F49494936003E41414122007F414185
:10A32400221C007F49494941007F09090901003E77
:10A334004149497A007F0808087F0000417F4100B5
:10A34400002040413F01007F08142241007F40402B
:10A354004040007F020C027F007F0408107F003E13
:10A364004141413E007F09090906003E4151215EF9
:10A37400007F091929460046494949310001017FF6
:10A384000101003F4040403F001F2040201F003F8C
:10A394004038403F0063140814630007087008073E
:10A3A40000615149454300007F41410000552A5551
:10A3B4002A55000041417F000004020102040040CC
:10A3C40040404040000001020400002054545478EE
:10A3D400007F48444438003844444420003844440E
:10A3E400487F00385454541800087E0901020018AC
:10A3F400A4A4A47C007F080404780000447D4000E9
:10A40400004080847D00007F102844000000417FCC
:10A414004000007C04180478007C080404780038A8
:10A424004444443800FC242424180018242418FC30
:10A43400007C0804040800485454542000043F4499
:10A444004020003C4040207C001C2040201C003C5C
:10A454004030403C004428102844001CA0A0A07CAC
:10A46400004464544C440000087741000000006339
:10A4740000000000417708000008040808040008F0
:10A4840014081408AED580A83FD300408D142000D2
:10A49400A1C881CFD9F1DB402EA4A6AFDA122100E6
:10A4A4007F2200076D6C72732E30005365747570D3
:10A4B40053746172745374783454780053657475AA
:10A4C4007053746172744D61726B65720021656EB4
:10A4D4006421006D4C525301020304006D4C52532D
:10A4E4000403020100206972713D7800206C733D01
:10A4F4000020727831733D0020727832733D00651C
:10A504006E61626C65642C616E74656E6E61312C73
:10A51400616E74656E6E61322C723A656E2E2074B3
:10A524003A616E74312C723A656E2E20743A616E03
:10A534007432007472616E73702E2C6D61766C6966
:10A544006E6B2C6D61766C6E6B582C6D737058004D
:10A55400322E342047487A2C393135204D487A2020
:10A564004643432C383638204D487A2C3433332034
:10A574004D487A2C373020636D2048414D2C3836B5
:10A5840036204D487A20494E2C393135204D487AB1
:10A59400202B20322E342047487A2C383638204D50
:10A5A400487A202B20322E342047487A00656E6189
:10A5B400626C65642C616E74656E6E61312C616EC3
:10A5C40074656E6E61322C72656E207461312C720A
:10A5D400656E2074613200353020487A2C33312086
:10A5E400487A2C313920487A2C464C52432C465315
:10A5F4004B2C3139487A377800322E342047487A48
:10A604002C393135204643432C383638204D487A8E
:10A614002C343333204D487A2C373020636D2C385A
:10A62400363620494E2C3931352B322E342C3836DF
:10A63400382B322E3400202F2D2D00202F65310091
:10A64400202F653600202F65313100202F653133EE
:10A6540000212120527820706172616D207665722C
:10A6640073696F6E20736D616C6C657220746861C0
:10A674006E20547820706172616D20766572736902
:10A684006F6E2E20212100212120506C656173659D
:10A6940020757067726164652072656365697665AB
:10A6A400722E202020202020202020202020202046
:10A6B40020202020202020202020212100212120B2
:10A6C400547820706172616D2076657273696F6E63
:10A6D40020736D616C6C6572207468616E205278B1
:10A6E40020706172616D2076657273696F6E2E20C1
:10A6F400212100212120506C6561736520757067EC
:10A7040072616465205478206D6F64756C652E20C9
:10A714002020202020202020202020202020202035
:10A72400202020202020212100436F6E6669674984
:10A73400643A0020206D696E3A200020206D617813
:10A744003A2000202000203D200020205B612D7A4B
:10A75400302D39232D2E5F5D002D2028756E6176F6
:10A7640061696C61626C652900205B0028756E6309
:10A7740068616E676561626C6529007761726E3A23
:10A78400207265636569766572206E6F7420636FED
:10A794006E6E656374656400292C002C20002F0004
:10A7A4003B20003B2054783A002052783A006D5701
:10A7B40000202054783A204D6174656B206D545804
:10A7C4002D444233302C2076312E342E303100206B
:10A7D4002052783A20002D2028756E6578706563C4
:10A7E400746564206572726F7229006668737331D0
:10A7F400202800202063683A20002020665F7265CC
:10A80400673A20002020663A2000206B487A0066D0
:10A8140068737332202800204D487A002020686530
:10A824006C702C20682C203F2020202020202D3EDE
:10A8340020746869732068656C70207061676500B6
:10A8440020207620202020202020202020202020AE
:10A8540020202D3E207072696E74206465766963D1
:10A864006520616E642076657273696F6E002020C6
:10A87400706C202020202020202020202020202038
:10A884002D3E206C69737420616C6C207061726160
:10A894006D6574657273002020706C206320202025
:10A8A4002020202020202020202D3E206C6973743D
:10A8B40020636F6D6D6F6E20706172616D6574657C
:10A8C4007273002020706C207478202020202020B7
:10A8D40020202020202D3E206C6973742054782081
:10A8E400706172616D6574657273002020706C20F4
:10A8F400727820202020202020202020202D3E207F
:10A904006C69737420527820706172616D6574652E
:10A91400727300202070206E616D6520202020203D
:10A9240020202020202D3E206765742070617261F4
:10A934006D657465722076616C75650020207020E9
:10A944006E616D65203D2076616C756520202D3E1D
:10A954002073657420706172616D65746572207610
:10A96400616C756500202070206E616D65203D204E
:10A974003F2020202020202D3E2067657420706118
:10A9840072616D657465722076616C756520616EA7
:10A9940064206C697374206F6620616C6C6F7765DA
:10A9A400642076616C7565730020207073746F7217
:10A9B40065202020202020202020202D3E2073747C
:10A9C4006F726520706172616D65746572730020C9
:10A9D40020736574636F6E66696769642020202044
:10A9E400202D3E2073656C65637420636F6E666909
:10A9F4006720696400202062696E64202020202082
:10AA0400202020202020202D3E2073746172742089
:10AA140062696E64696E6700202072656C6F6164A0
:10AA2400202020202020202020202D3E2072656C14
:10AA34006F616420616C6C20706172616D65746516
:10AA4400722073657474696E677300202073746177
:10AA5400747320202020202020202020202D3E2020
:10AA64007374617274732073747265616D696E6757
:10AA740020737461746973746963730020206C6952
:10AA840073746672657173202020202020202D3E6F
:10AA9400206C69737473206672657175656E636981
:10AAA4006573207573656420696E2066687373200E
:10AAB400736368656D6500202073797374656D62D6
:10AAC4006F6F742020202020202D3E2063616C6C49
:10AAD4002073797374656D20626F6F746C6F616439
:10AAE400657200202065737070742020202020205F
:10AAF40020202020202D3E20656E74657220736511
:10AB04007269616C20706173737468726F756768C1
:10AB1400002020657370626F6F7420202020202035
:10AB24002020202D3E207265626F6F7420455350A3
:10AB340020616E6420656E7465722073657269614C
:10AB44006C20706173737468726F7567680020207D
:10AB54006573706E616D65202020202020202020E8
:10AB64002D3E206765742063757272656E74206E65
:10AB7400616D6520285443502F5544502F5544503F
:10AB84005354412F42542F424C45290020206573D1
:10AB94007020676574207073776420202020202043
:10ABA400202020202D3E2067657420637572726515
:10ABB4006E742070617373776F72642028544350ED
:10ABC4002F5544502F55445053544129002020659B
:10ABD4007370207365742070737764203D207374E0
:10ABE40072202020202D3E207365742070617373C1
:10ABF400776F726420283234206368617273206D29
:10AC040061782900202065737020676574206E6563
:10AC14007473736964202020202020202D3E206737
:10AC24006574206E6574776F726B205353494420AA
:10AC340028554450535441290020206573702073D3
:10AC44006574206E657473736964203D2073747237
:10AC5400202D3E20736574206E6574776F726B20AF
:10AC64005353494420283234206368617273206D41
:10AC740061782900656D7074792076616C75652042
:10AC84002D3E20636C656172732070737764006578
:10AC94006D7074792076616C7565202D3E20636C2F
:10ACA400656172732073736964002020656D70742C
:10ACB4007920636D64002020696E76616C6964207C
:10ACC400636D6400202073747265616D696E672022
:10ACD40073746174732073746F70706564002020E2
:10ACE40074696D656F75740068656C7000706C00D4
:10ACF400706C206300706C20747800706C20727823
:10AD0400006572723A20696E76616C6964207061C4
:10AD140072616D65746572206E616D650065727235
:10AD24003A206E6F2076616C756520737065636977
:10AD340066696564006572723A20696E76616C6951
:10AD4400642076616C7565007073746F72650020A1
:10AD540020547820706172616D657465727320731C
:10AD6400746F726564002020706172616D65746532
:10AD740072732073746F7265640062696E6400207C
:10AD840020547820656E74657265642062696E640F
:10AD9400206D6F64650072656C6F616400202054DF
:10ADA4007820706172616D65746572732072656C70
:10ADB4006F61646564002020706172616D65746503
:10ADC40072732072656C6F6164656400736574638B
:10ADD4006F6E6669676964006572723A20696E769F
:10ADE400616C696420636F6E666967206964206EB4
:10ADF400756D6265722028302D39290020206E6F10
:10AE0400206368616E676520726571756972656437
:10AE14000020206368616E676520436F6E66696712
:10AE2400496420746F20002020737461727473204D
:10AE340073747265616D696E6720737461747300F5
:10AE4400202073656E6420616E792063686172618D
:10AE54006374657220746F2073746F70006C69730F
:10AE64007466726571730073797374656D626F6F64
:10AE74007400657370707400657370626F6F740032
:10AE84006573706E616D65002020756E6B6E6F77F3
:10AE94006E202872657374617274207478206D6FEB
:10AEA40064756C6529006573702067657420707320
:10AEB4007764006573702073657420707377640021
:10AEC4006572723A20696E76616C6964207374727B
:10AED400696E6720286D696E20382063686172731B
:10AEE4002C206D61782032342063686172732C20C9
:10AEF4006F7220656D70747920746F20636C656166
:10AF0400722900202065737020707377643A2000E2
:10AF140065737020676574206E657473736964006B
:10AF240065737020736574206E657473736964004F
:10AF34002020657370206E6574737369643A200011
:10AF44004D6174656B206D54582D4442333000219B
:10AF540045525200414952004143524F0021465349
:10AF640021004D414E55004352555A004352534817
:10AF740000414800414E474C00484F5200414E4763
:10AF840048002A00414C5448004155544F0047554D
:10AF94004944004C4F49540052544C2000434952F8
:10AFA40043004C414E4400445249460053505254CD
:10AFB40000464C4950004154554E0050484C440002
:10AFC4004252414B00544852570041564F490047A2
:10AFD4004E4750005352544C0046484C4400464F90
:10AFE4004C4C005A49475A00535953490041524F57
:10AFF40054004152544C005452544C005452414E4B
:10B0040000464257410046425742004352555300BE
:10B01400544B4F4600494E49540051535442005139
:10B02400484F5600514C4F5400514C4E440051521D
:10B03400544C005141544E005141434F0054484D2B
:10B044004C004C32514C005354455200534D504C1B
:10B0540000444F434B0041484C4400535552460072
:10B064004D44455400424154545F43415041434987
:10B07400545900424F4F5400656E2E00616E743176
:10B084000072652C74310072652C74320075707313
:10B09400203F00616E74656E6E61006131004D6128
:10B0A400696E2F33005278006131320042707300B0
:10B0B4004D61696E2F3500776972656C6573732015
:10B0C400627269646765006E6F7420617661696C91
:10B0D40061626C652F656E61626C656400436F6DBF
:10B0E4006D6F6E0065786365707420006E6F7420F8
:10B0F400636F6E6E65637465642100416374696F88
:10B104006E730042494E4400464C4153482000456A
:10B1140053500A464C415348494E4700464C41530C
:10B124004820455350004553500A50415353544806
:10B1340052550041542B57494649444556494345C5
:10B144004E414D453D3F006D4C52532D0020206E25
:10B154006F7420737570706F7274656420627920E7
:10B164007468697320776972656C657373206272A1
:10B17400696467652076657273696F6E0041542B4C
:10B18400002D3E006765742000206661696C65646B
:10B1940000736574200041542B524553544152545A
:10B1A4000050535744004E455453534944004154AE
:10B1B4002B424155443D0041542B50524F544F4370
:10B1C4004F4C3D0041542B574946494348414E4E4C
:10B1D400454C3D0030360041542B57494649504FA9
:10B1E4005745523D0041542B42494E445048524128
:10B1F40053453D0041542B4E414D453D3F004F4B7F
:10B204002B4E414D453D6D4C52532D576972656C23
:10B214006573732D4272696467650021414C4C204B
:10B22400474F4F44210D0A002146204954210D0A5D
:10B23400004D61696E002D7F0052737369004D618A
:10B24400696E2F3200206442004469762E004D61FD
:10B25400696E2F340042494E44494E470072785F6C
:10B26400737461747573206661696C7572650053DB
:10B2740078206E6F74206F6B00537832206E6F7479
:10B28400206F6B0049525120525820444F4E4520A4
:10B294004641494C0049525120545820444F4E4590
:10B2A400204641494C004952513220525820444FC3
:10B2B4004E45204641494C004952513220545820B1
:10B2C400444F4E45204641494C0072785F61766197
:10B2D400696C61626C65206E6F74207472756500B0
:10B2E4000000000000000000712F00085D2F00081E
:10B2F400573E0008813E00089F3E0008FD370008C5
:10B3040069260008733B00080000000000000000EC
:10B314004D2F0008392F00089B3F0008C53F000847
:10B32400E33F0008013900086B260008033B0008CE
:10B3340000000000000000004B260008BD43000888
:10B3440079420008B94100088F410008912700089C
:10B354001D420008AD270008E9410008D127000874
:10B3640000000000000000007D2C00084D260008AD
:10B374004F2600086F2C00084D2C0008612C000893
:10B384005D2C0008592C0008552C0008652600087F
:10B3940000000000000000004B260008CD46000815
:10B3A4008D450008CD440008A3440008D5270008B3
:10B3B40031450008F1270008FD440008152800085D
:10B3C40000000000000000004B2600084D26000885
:10B3D4004F26000851260008552600085726000865
:10B3E4005B2600085F260008612600086526000821
:10B3F4000000000000000000352900083929000879
:10B404003D290008412900085053544F5245004338
:10B414004F4E4649472049440042494E445F5048F4
:10B42400524153455F5533320052465F42414E44C8
:10B434000052465F4F5254484F0054585F504F5784
:10B4440045520054585F4449564552534954590093
:10B4540054585F43485F534F555243450054585F17
:10B4640043485F4F524445520054585F494E5F4D24
:10B474004F44450054585F5345525F44455354006C
:10B4840054585F5345525F424155440054585F53EA
:10B494004E445F524144494F535441540054585F01
:10B4A4004D41565F434F4D504F4E454E54005458F6
:10B4B4005F504F5745525F53575F43480054585F9E
:10B4C40042555A5A45520044594E5F504F574552BF
:10B4D4000054585F574946495F50524F54005458DE
:10B4E4005F574946495F4348414E4E454C005458C6
:10B4F4005F574946495F504F5745520052585F5075
:10B504004F5745520052585F444956455253495487
:10B51400590052585F43485F4F52444552005258B5
:10B524005F4F55545F4D4F44450052585F46414963
:10B534004C534146455F4D4F44450052585F534577
:10B54400525F504F52540052585F5345525F42412C
:10B5540055440052585F5345525F4C4E4B5F4D4F1C
:10B5640044450052585F4D41565F53595354454D1D
:10B574005F49440052585F534E445F524144494F1F
:10B58400535441540052585F534E445F524343480E
:10B59400414E4E454C0052585F4F55545F525353E1
:10B5A400495F43480052585F4F55545F4C515F43C5
:10B5B400480052585F504F5745525F53575F4348B6
:10B5C4000052585F46535F4348310052585F465318
:10B5D4005F4348320052585F46535F43483300523A
:10B5E400585F46535F4348340052585F46535F43A5
:10B5F40048350052585F46535F4348360052585FFF
:10B6040046535F4348370052585F46535F434838B8
:10B614000052585F46535F4348390052585F4653BF
:10B624005F434831300052585F46535F43483131DD
:10B634000052585F46535F434831320052585F46C8
:10B64400535F434831330052585F46535F43483198
:10B65400340052585F46535F434831350052585FB7
:10B6640046535F4348313600414E474C4500484FEE
:10B6740052495A4F4E004E415620414C54484F4C6B
:10B68400440048454144494E4720484F4C440048F3
:10B6940045414446524545004845414441444A00D9
:10B6A40043414D53544142004E41562052544800A8
:10B6B4004E415620504F53484F4C44004D414E5537
:10B6C400414C00424545504552004C454453204F9F
:10B6D4004646004C4947485453004F5344204F4674
:10B6E400460054454C454D45545259004155544F1C
:10B6F4002054554E4500424C41434B424F5800465E
:10B7040041494C53414645004E4156205750004153
:10B714004952204D4F444500484F4D452052455312
:10B72400455400474353204E41560046505620414D
:10B734004E474C45204D49580053555246414345C8
:10B7440000464C415045524F4E005455524E2041F4
:10B754005353495354004E4156204C41554E43488F
:10B7640000534552564F204155544F5452494D00B1
:10B7740043414D45524120434F4E54524F4C20318A
:10B784000043414D45524120434F4E54524F4C20AB
:10B79400320043414D45524120434F4E54524F4C89
:10B7A4002033004F534420414C542031004F534424
:10B7B40020414C542032004F534420414C542033F8
:10B7C400004E415620434F5552534520484F4C4458
:10B7D400004D43204252414B494E47005553455278
:10B7E4003100555345523200555345523300555399
:10B7F400455234004C4F49544552204348414E472A
:10B8040045004D5350205243204F5645525249440F
:10B81400450050524541524D00545552544C450038
:10B824004E415620435255495345004155544F20EB
:10B834004C4556454C205452494D00575020504CCD
:10B84400414E4E455200534F4152494E47004D49D7
:10B854005353494F4E204348414E474500424545C6
:10B86400504552204D555445004D554C54492046A1
:10B87400554E4354494F4E004D495845522050525D
:10B884004F46494C452032004D49584552205452A8
:10B89400414E534954494F4E00414E474C45204870
:10B8A4004F4C440042696E642050687261736500B5
:10B8B40042494E445F504852415345003530204878
:10B8C4007A2C333120487A2C313920487A2C464C52
:10B8D40052432C46534B2C313920487A2037780078
:10B8E40052462042616E6400322E342C39313520A8
:10B8F4004643432C3836382C3433332C37302C38E9
:10B90400363620494E2C3931352B322E342C3836EC
:10B91400382B322E34005246204F7274686F006FF9
:10B9240066662C312F332C322F332C332F330054B3
:10B934007820506F77657200547820446976657278
:10B944007369747900656E61626C65642C616E74F0
:10B95400656E6E61312C616E74656E6E61322C722F
:10B964003A656E20743A616E74312C723A656E20B9
:10B97400743A616E743200547820436820536F75B2
:10B98400726365006E6F6E652C637273662C696EEC
:10B994002C6D627269646765005478204368204F97
:10B9A4007264657200414554522C544145522C45F1
:10B9B40054415200547820496E204D6F64650073E1
:10B9C4006275732C7362757320696E7600547820E7
:10B9D40053657220446573740073657269616C2CDD
:10B9E40073657269616C322C6D627269646765009B
:10B9F40054782053657220426175647261746500E5
:10BA0400393630302C31393230302C333834303010
:10BA14002C35373630302C3131353230302C32330E
:10BA24003034303000547820536E6420526164699D
:10BA34006F53746174006F66662C3120487A005429
:10BA440078204D617620436F6D706F6E656E740063
:10BA54006F66662C656E61626C6564005478205074
:10BA64006F776572205377204368006F66662C35C4
:10BA74002C362C372C382C392C31302C31312C31BC
:10BA8400322C31332C31342C31352C31360054786E
:10BA94002042757A7A6572006F66662C4C502C725F
:10BAA400784C510044796E20506F776572006F6650
:10BAB400662C6F6E00547820576966692050726F47
:10BAC400746F636F6C005443502C5544502C425493
:10BAD4002C554450205354412C424C452C45535032
:10BAE4004E4F570054782057696669204368616E49
:10BAF4006E656C00312C362C31312C313300547886
:10BB0400205769666920506F776572006C6F772CD7
:10BB14006D65642C6D617800527820506F77657282
:10BB2400005278204469766572736974790052789A
:10BB3400204368204F72646572005278204F7574F8
:10BB4400204D6F646500736275732C637273662C89
:10BB54007362757320696E76005278204661696C51
:10BB640053616665204D6F6465006E6F207369676D
:10BB74002C6C6F77207468722C627920636E662C4B
:10BB84006C6F772074687220636E742C6368316301
:10BB9400683420636E740052782053657220506FAD
:10BBA40072740073657269616C2C63616E00527803
:10BBB4002053657220426175647261746500527825
:10BBC40020536572204C696E6B204D6F6465007460
:10BBD40072616E73702E2C6D61766C696E6B2C6D58
:10BBE40061766C696E6B582C6D73705800527820B6
:10BBF4004D61762053797374656D20494400353165
:10BC04002C35322C35332C35342C353500527820F4
:10BC1400536E6420526164696F53746174006F667B
:10BC2400662C617264755F312C6D6574685F6200A7
:10BC3400527820536E642052634368616E6E656C63
:10BC4400006F66662C7263206F7665727269646534
:10BC54002C7263206368616E6E656C730052782089
:10BC64004F75742052737369204368005278204FD3
:10BC74007574204C5120436800527820506F7765CA
:10BC8400722053772043680052782046532043683B
:10BC940031005278204653204368320052782046BF
:10BCA40053204368330052782046532043683400BD
:10BCB400527820465320436835005278204653205A
:10BCC4004368360052782046532043683700527840
:10BCD4002046532043683800527820465320436856
:10BCE400390052782046532043683130005278207E
:10BCF400465320436831310052782046532043682C
:10BD040031320052782046532043683133002D31BC
:10BD1400323020252C3020252C3132302025005281
:10BD2400782046532043683134005278204653200B
:10BD34004368313500527820465320436831360039
:10BD4400160018180018181812180700000003002D
:10BD540000000201010102020202020303040101C4
:10BD640001020202020202020202020202020102B1
:10BD74000202020201000000F8D80108502E00005F
:10BD840018EB01082B13000038DA01080A00000040
:10BD9400000000000000000000000000000000009F
:10BDA4000000000000000000000102031100320046
:10BDB400140064001800FA001B00F4011E00E803DC
:10BDC40018E2010828DC0108207E120064E501085D
:10BDD40020DF0108207E1800CE090020FF000000AB
:10BDE400A8B80108B4B80108E8A4010800000000DC
:10BDF4000000000000000000E8A4010800000000AA
:10BE0400D6090020FE00000069BB010817B701082D
:10BE1400E8A4010800000000000000000000000089
:10BE2400C0B801087A0A0020D5090020FE000000ED
:10BE3400E4B801082DB40108E8A4010800000000DA
:10BE44000000000000000000ECB80108780A00209F
:10BE5400D7090020FE0000001AB9010835B4010812
:10BE6400E8A4010800000000000000000000000039
:10BE740023B901087C0A002006090020FE00000006
:10BE840033B901083EB40108E8A401080000000029
:10BE940000000000000000007E0A002000000000F6
:10BEA40007090020FE0000003CB9010847B401085E
:10BEB400E8A40108000000000000000000000000E9
:10BEC40049B90108C20A002008090020FE00000048
:10BED4007BB9010854B40108E8A40108000000007B
:10BEE400000000000000000088B90108C40A002016
:10BEF40009090020FE0000009DB9010861B4010891
:10BF0400E8A4010800000000000000000000000098
:10BF1400A9B90108000000000A090020FE00000081
:10BF2400B8B901086DB40108E8A4010800000000D4
:10BF34000000000000000000C3B90108C60A002088
:10BF44000B090020FE000000D1B9010878B40108F3
:10BF5400E8A4010800000000000000000000000048
:10BF6400DDB90108C80A00200C090020FE00000009
:10BF7400F4B9010884B40108E8A401080000000031
:10BF8400000000000000000004BA010800000000E6
:10BF94000E090020FE00000029BA010890B401082F
:10BFA400E8A40108000000000000000000000000F8
:10BFB4003ABA01080000000011090020FE00000048
:10BFC40043BA0108A1B40108E8A401080000000074
:10BFD400000000000000000054BA01080000000046
:10BFE40012090020FE00000060BA0108B2B4010882
:10BFF400E8A40108000000000000000000000000A8
:10C004006FBA0108000000000F090020FE000000C4
:10C0140092BA0108C1B40108E8A4010800000000B4
:10C0240000000000000000009CBA0108CA0A0020B9
:10C0340016090020FE000000A8BA0108CBB40108CC
:10C04400E8A4010800000000000000000000000057
:10C05400B2BA01080000000013090020FE0000002D
:10C06400B9BA0108D5B40108E8A401080000000029
:10C074000000000000000000CABA0108CC0A002039
:10C0840014090020FE000000E8BA0108E2B4010827
:10C09400E8A4010800000000000000000000000007
:10C0A400F8BA01080000000015090020FE00000095
:10C0B40002BB0108F2B40108E8A401080000000072
:10C0C400000000000000000010BB01080000000098
:10C0D400E2080020FE0000001CBB010800B50108B6
:10C0E400E8A40108000000000000000000000000B7
:10C0F400CE0A002000000000E3080020FE0000003B
:10C1040025BB010809B50108E8A4010800000000E6
:10C11400000000000000000049B90108120B0020D3
:10C12400E4080020FE00000032BB010816B5010837
:10C13400E8A4010800000000000000000000000066
:10C14400A9B9010800000000E5080020FE00000075
:10C154003EBB010822B50108E8A401080000000064
:10C1640000000000000000004ABB0108140B00207E
:10C17400E7080020FE0000005DBB01082EB50108A1
:10C18400E8A4010800000000000000000000000016
:10C194006EBB010800000000F0080020FE00000053
:10C1A4009BBB01083FB50108E8A40108000000009A
:10C1B4000000000000000000A7BB0108160B0020CF
:10C1C400E8080020FE000000B2BB01084BB50108DE
:10C1D400E8A40108000000000000000000000000C6
:10C1E40004BA010800000000E9080020FE00000075
:10C1F400C2BB010857B50108E8A40108000000000B
:10C204000000000000000000D3BB01080000000093
:10C21400F1080020FE000000F1BB010867B5010829
:10C22400E8A4010800000000000000000000000075
:10C2340002BC010800000000EA080020FE00000023
:10C2440011BC010878B50108E8A401080000000049
:10C25400000000000000000022BC010800000000F3
:10C26400EC080020FE00000034BC010889B5010878
:10C27400E8A4010800000000000000000000000025
:10C2840045BC010800000000E6080020FE00000094
:10C2940061BC01089AB50108E8A401080000000087
:10C2A40000000000000000006FBA01080000000058
:10C2B400EE080020FE00000070BC0108A9B50108CA
:10C2C400E8A40108000000000000000000000000D5
:10C2D4006FBA010800000000EF080020FE00000013
:10C2E4007DBC0108B6B50108E8A4010800000000FF
:10C2F40000000000000000006FBA01080000000008
:10C30400F6080020020000008CBC0108C5B5010835
:10C3140021BD010800000000880000007800000032
:10C32400E8A4010800000000F70800200200000053
:10C3340096BC0108CFB5010821BD0108000000002A
:10C344008800000078000000E8A401080000000054
:10C35400F808002002000000A0BC0108D9B50108BB
:10C3640021BD0108000000008800000078000000E2
:10C37400E8A4010800000000F90800200200000001
:10C38400AABC0108E3B5010821BD010800000000B2
:10C394008800000078000000E8A401080000000004
:10C3A400FA08002002000000B4BC0108EDB5010841
:10C3B40021BD010800000000880000007800000092
:10C3C400E8A4010800000000FB08002002000000AF
:10C3D400BEBC0108F7B5010821BD0108000000003A
:10C3E4008800000078000000E8A4010800000000B4
:10C3F400FC08002002000000C8BC010801B60108C6
:10C4040021BD010800000000880000007800000041
:10C41400E8A4010800000000FD080020020000005C
:10C42400D2BC01080BB6010821BD010800000000C0
:10C434008800000078000000E8A401080000000063
:10C44400FE08002002000000DCBC010815B601084B
:10C4540021BD0108000000008800000078000000F1
:10C46400E8A4010800000000FF080020020000000A
:10C47400E6BC01081FB6010821BD01080000000048
:10C484008800000078000000E8A401080000000013
:10C494000009002002000000F1BC01082AB60108CE
:10C4A40021BD0108000000008800000078000000A1
:10C4B400E8A40108000000000109002002000000B7
:10C4C400FCBC010835B6010821BD010800000000CC
:10C4D4008800000078000000E8A4010800000000C3
:10C4E40002090020FE00000007BD010840B6010853
:10C4F400E8A40108000000000000000000000000A3
:10C5040012BD01080000000003090020FE00000025
:10C5140023BD01084BB60108E8A40108000000008F
:10C52400000000000000000012BD0108000000002F
:10C5340004090020FE0000002EBD010856B60108C3
:10C54400E8A4010800000000000000000000000052
:10C5540012BD01080000000005090020FE000000D3
:10C5640039BD010861B60108E8A401080000000013
:10C57400000000000000000012BD010800000000DF
:10C584006162636465666768696A6B6C6D6E6F701F
:10C594007172737475767778797A303132333435D1
:10C5A400363738395F232D2E0000000000070E09AE
:10C5B4001C1B1215383F363124232A2D70777E79BF
:10C5C4006C6B6265484F464154535A5DE0E7EEE9AF
:10C5D400FCFBF2F5D8DFD6D1C4C3CACD90979E999F
:10C5E4008C8B8285A8AFA6A1B4B3BABDC7C0C9CE8F
:10C5F400DBDCD5D2FFF8F1F6E3E4EDEAB7B0B9BE7F
:10C60400ABACA5A28F88818693949D9A2720292E6E
:10C614003B3C35321F18111603040D0A5750595E5E
:10C624004B4C45426F68616673747D7A898E87804E
:10C6340095929B9CB1B6BFB8ADAAA3A4F9FEF7F03E
:10C64400E5E2EBECC1C6CFC8DDDAD3D4696E67602E
:10C6540075727B7C51565F584D4A4344191E17101E
:10C6640005020B0C21262F283D3A33344E4940470E
:10C6740052555C5B7671787F6A6D64633E393037FE
:10C6840022252C2B0601080F1A1D1413AEA9A0A7EE
:10C69400B2B5BCBB9691989F8A8D8483DED9D0D7DE
:10C6A400C2C5CCCBE6E1E8EFFAFDF4F300000000EC
:10C6B4003209000000000000010000007C2B000093
:10C6C4000000000002000000890C000000000000CF
:10C6D40004000000ED0E030C0D0000000500000036
:10C6E400D91C0100000000000600000068030000DF
:10C6F4000000000007000000772000000000000098
:10C704000800000075240000000000000B00000079
:10C71400590601040000000014000000D6140302AE
:10C7240003000000150000009F0203000100000048
:10C7340016000000DC1900000000000017000000D3
:10C74400A8170304050000001800000018340000B6
:10C754000000000019000000176500000000000040
:10C764001A000000AA180000000000001B000000CE
:10C77400901D0000000000001C0000004310000099
:10C78400000000001D000000731000000000000005
:10C794001E000000271C0000000000001F00000015
:10C7A400F63000000000000020000000B91C00006A
:10C7B4000000000021000000681C000000000000D0
:10C7C40022000000ED16000000000000230000001D
:10C7D400F41600000000000024000000DE25000024
:10C7E4000000000025000000D40703040500000039
:10C7F40026000000090703040500000027000000CC
:10C80400FE2603202100000028000000E6050302A4
:10C8140003000000290000001C04030203000000C0
:10C824002A0000001C120000000000002B00000081
:10C8340084030300010000002C000000DD09030252
:10C84400030000002D000000E803030001000000C5
:10C854002E0000000B020000000000002F0000006A
:10C864009908030001000000300000002915010CA4
:10C874000000000031000000271400000000000048
:10C88400320000004E2503121300000033000000A4
:10C89400C405030203000000350000000305000086
:10C8A40000000000360000000F1B031819000000F0
:10C8B4003700000003190000000000003D000000E4
:10C8C400A7480000000000003E000000B71A000066
:10C8D400000000003F00000077B5000000000000E9
:10C8E40040000000BFE10000000000004100000023
:10C8F400762A0000000000004200000094060302B3
:10C9040003000000430000001504000000000000C4
:10C9140045000000F31E010A00000000460000006C
:10C924007C26031011000000490000002626032085
:10C93400210000004A000000141400000000000060
:10C944004B0000009E23031E1F0000004C0000004B
:10C954009821031E1F0000004D0000008F0A0308E9
:10C9640009000000500000000E0403020300000050
:10C97400510000006A160000000000005200000090
:10C984003133032425000000530000001625000065
:10C9940000000000540000008F3503323300000013
:10C9A400550000008C330000000000005600000019
:10C9B40005350332330000005700000096330000B1
:10C9C4000000000059000000E71C00000000000007
:10C9D4005A000000B7380000000000005B000000AF
:10C9E4003F2A0000000000005C0000003621000027
:10C9F400000000005D0000002F5100000000000056
:10CA040064000000AF220000000000006500000088
:10CA14006675000000000000660000009E750000BE
:10CA24000000000067000000D03900000000000092
:10CA34006800000038740000000000006900000075
:10CA44005D3F0000000000006A0000008A2C000026
:10CA5400000000006B0000006C41000000000000BA
:10CA64006C000000205C0000000000006D0000006D
:10CA7400B9090000000000006E00000054FE03012C
:10CA8400020000006F0000002212031011000000D9
:10CA940070000000AE0C00000000000071000000F7
:10CAA4007C2700000000000072000000ED2C000054
:10CAB40000000000730000000440000000000000BB
:10CAC400740000004C180000000000007500000015
:10CAD400800603040500000076000000380E000004
:10CAE4000000000077000000740C030A0B00000033
:10CAF400780000008661000000000000790000005A
:10CB0400ED020300010000007A000000CB020300E4
:10CB1400010000007B000000FA7103000100000026
:10CB24007C00000057390000000000007D00000078
:10CB3400CB060000000000007E000000DC51034F23
:10CB4400500000007F0000001923000000000000D6
:10CB540080000000E22300000000000081000000CB
:10CB64002E18000000000000820000001D0D0000CF
:10CB74000000000083000000DFFF00000000000050
:10CB8400840000005527000000000000850000001C
:10CB9400061200000000000086000000E52B0000E3
:10CBA4000000000087000000CB0800000000000027
:10CBB4008800000001160000000000008900000049
:10CBC400C3100000000000008A0000006D7800001F
:10CBD400000000008B000000A82B03292A0000009D
:10CBE4008C000000B5290000000000008D0000004A
:10CBF4002F200000000000008E00000048F3000019
:10CC0400000000008F0000008310000000000000FE
:10CC1400900000007F5D0000000000009200000012
:10CC24006764000000000000930000009A360000D2
:10CC34000000000094000000B24E0000000000005C
:10CC440095000000C83C00000000000096000000B1
:10CC5400862A00000000000097000000DB0803069D
:10CC64000700000098000000D00800000000000049
:10CC740099000000BC0C0000000000009A000000B5
:10CC8400540F0306070000009B000000160D030468
:10CC9400050000009C0000001306030001000000D2
:10CCA4009D000000150F030C0D0000009E00000005
:10CCB400860F030C0D000000A00000004E0C0308BA
:10CCC40009000000A100000044030300010000006B
:10CCD400A2000000BD09000000000000A300000045
:10CCE4007F1C000000000000A40000009A2C00003B
:10CCF40000000000A5000000150300000000000073
:10CD0400A60000001509000000000000A7000000B4
:10CD14009016000000000000A8000000010C0000B4
:10CD240000000000A9000000EA120000000000005A
:10CD3400AA0000004922000000000000AB0000002F
:10CD4400B542000000000000AC00000016620000C4
:10CD540000000000AD0000005308000000000000C7
:10CD6400AE000000A730000000000000AF0000008B
:10CD74008A13030E0F000000B0000000EA03030052
:10CD840001000000B1000000F014000000000000E9
:10CD9400B20000002F18000000000000B3000000E3
:10CDA400BD1D011A00000000B4000000342F012A48
:10CDB40000000000B5000000AE0400000000000008
:10CDC400B6000000E528000000000000B7000000E5
:10CDD4005502030001000000B80000009FCE0304C8
:10CDE40005000000B9000000BA07030405000000B4
:10CDF400BA000000481D030001000000BF0000004D
:10CE04005C1B000000000000C0000000243600008D
:10CE140000000000C1000000471A000000000000EC
:10CE2400C20000006221000000000000C3000000F6
:10CE34007825000000000000C8000000862A0328AE
:10CE440029000000C9000000CD0E030C0D000000F5
:10CE5400D60000004508030607000000D7000000C4
:10CE64006503000000000000D80000003203030046
:10CE740001000000D9000000CA0600000000000004
:10CE8400DA0000001107030001000000DB000000CD
:10CE9400A202000000000000DC00000022200000CC
:10CEA40000000000DD000000472A00000000000030
:10CEB400DE0000000F03000000000000DF0000009F
:10CEC400772F032A2B000000E0000000662D032AC0
:10CED4002B000000E1000000D04900000000000029
:10CEE400E2000000CF08000000000000E60000009F
:10CEF400A32A000000000000E700000069280000E9
:10CF040000000000E800000097410000000000005D
:10CF1400E900000023B6000000000000EA00000061
:10CF24009628000000000000EB000000B32A000077
:10CF340000000000F10000005A2000000000000082
:10CF4400F2000000683C000000000000F300000054
:10CF5400553D013400000000F40000005F060000AD
:10CF640000000000F5000000820200000000000044
:10CF7400F6000000B826000000000000F7000000E2
:10CF84005113000000000000F800000008FE030335
:10CF940004000000F9000000CC24000000000000A0
:10CFA400FA000000311E000000000000FB00000039
:10CFB400AA12000000000000FC0000002C12000077
:10CFC40000000000FD0000005336000000000000D7
:10CFD400FE0000002E090000000000000001000017
:10CFE400472A03080900000001010000830900002A
:10CFF4000000000002010000BBE803000100000083
:10D00400030100005CED00000000000004010000CA
:10D01400920E00000000000005010000B33D000076
:10D0240000000000060100000C17000000000000D2
:10D034000701000085FF0000000000000801000057
:10D044003120000000000000090100001A14000053
:10D05400000000000A010000C1FF030203000000F9
:10D064000B01000023FF0302030000000C01000079
:10D074000E040302030000000D0100006DD7000040
:10D08400000000000E0100003B140000000000003E
:10D094000F0100001635000000000000130100001D
:10D0A4007E20000000000000140100001232000085
:10D0B40000000000150100003E1E000000000000FA
:10D0C40018010000462100000000000019010000C2
:10D0D400300D0000000000001A0100007B23032033
:10D0E400210000001B0100004A9100000000000024
:10D0F4001C0100006320031E1F0000001D0100002E
:10D1040089310326270000001E010000D2390332B2
:10D11400330000001F010000011703141500000074
:10D124002001000014170314150000002201000060
:10D13400FB2E000000000000230100000A3900005B
:10D144000000000024010000E3DF031819000000C0
:10D1540027010000EA0C0000000000002801000084
:10D1640032230000000000002B01000013620000C5
:10D17400000000002C010000D9160000000000008F
:10D184002D010000F33A0000000000003601000009
:10D194001C11000000000000370100005F74000053
:10D1A4000000000040010000F3140302030000002B
:10D1B4004101000058020300010000004201000088
:10D1C400F395000000000000430100004E930300AB
:10D1D40001000000440100008492000000000000EF
:10D1E4004A01000017A70000000000004B010000E6
:10D1F4005BE90000000000004C010000ECEF0000BF
:10D20400000000004D010000E76D00000000000078
:10D214004E010000480A0000000000004F01000019
:10D22400E11800000000000050010000F554000067
:10D234000000000053010000C705000000000000CA
:10D244005401000063460000000000005901000082
:10D25400D1150302030000005E010000E8FC000099
:10D264000000000062010000D20E030C0D0000005B
:10D2740063010000060C00000000000068010000CB
:10D284000B19000000000000690100005D2100008E
:10D294000000000071010000971800000000000069
:10D2A400720100004B6D00000000000073010000DB
:10D2B4000A1A000000000000740100001A8C00002B
:10D2C4000000000075010000752A00000000000045
:10D2D40077010000FB8C00000000000078010000D2
:10D2E400C7080000000000007C010000E8140000F2
:10D2F4000000000081010000938503020300000088
:10D304008201000084100304050000008301000072
:10D3140004480304050000008401000008250320DC
:10D3240021000000860100009CF0000000000000C5
:10D334008B01000000D40000000000008C010000FC
:10D3440032A00000000000008D010000B66C000057
:10D3540000000000900100006EFE030405000000C0
:10D3640091010000B7060304050000009A010000C3
:10D37400A0350000000000009B0100006A030000CB
:10D38400000000009C0100002106030405000000C9
:10D394009D0100004D070304050000009E010000EC
:10D3A4006D100000000000009F010000A1100000AB
:10D3B40000000000A4010000144903060700000057
:10D3C400B3010000862E000000000000B40100003C
:10D3D400C109000000000000B50100001E010000AA
:10D3E40000000000B801000042230000000000001B
:10D3F400B9010000A911000000000000FE010000B6
:10D40400F56A000000000000FF0100001C47000056
:10D414000000000000020000B8020000000000004C
:10D42400421F0000DA10000000000000431F00004B
:10D43400E729000000000000441F0000AC62000067
:10D4440000000000451F0000FB2600000000000053
:10D45400461F0000610E000000000000471F00008E
:10D464004020000000000000481F0000EA210000E6
:10D4740000000000491F00009010000000000000A0
:10D484004A1F00009B290000000000004B1F000001
:10D4940014660000000000004C1F0000361000005D
:10D4A400000000004D1F0000DE2E00000000000000
:10D4B4004E1F0000C80E0000000000004F1F0000B7
:10D4C4001718000000000000501F00009512000013
:10D4D4000000000028230000718900000000000003
:10D4E4002D23000075220000000000001127000019
:10D4F400D11400000000000012270000BA29000027
:10D5040000000000132700000401000000000000D8
:10D514001427000085090000000000001527000002
:10D52400670900000000000016270000C104000085
:10D534000000000017270000471100000000000051
:10D5440018270000F00E000000000000A7270000CC
:10D55400C355000000000000F82A000086340304CC
:10D5640005000000F92A00000F88000000000000F8
:10D57400FA2A0000EAB4030405000000FB2A0000B4
:10D584004005000000000000FC2A00000BE803082E
:10D5940009000000FD2A00005DE600000000000014
:10D5A400022B00002E31000000000000032B0000BD
:10D5B4006A2C0000000000000C2B0000CD100000BD
:10D5C40000000000162B0000902C0000000000005A
:10D5D400172B0000852C000000000000182B000011
:10D5E400552C000000000000192B0000C325031077
:10D5F400110000001A2B00004F050000000000007D
:10D604001B2B000080080304050000001C2B0000F5
:10D61400B1220000000000001D2B0000821C00004D
:10D62400000000001E2B00002F2600000000000058
:10D634001F2B00008E09000000000000202B0000BA
:10D64400842C000000000000212B0000D02C0000DE
:10D6540000000000222B0000C92C00000000000084
:10D66400232B0000C12C000000000000242B00002C
:10D67400BD2C000000000000342B0000A24E00006E
:10D684000000000064320000722C0300010000005E
:10D6940065320000FE3B031E1F00000066320000DE
:10D6A4008C3503040500000067320000F92E0300E6
:10D6B40001000000683200004D36031C1D0000000C
:10D6C40069320000312B03000100000073320000B6
:10D6D4005EF9030001000000763200008B33000085
:10D6E4000000000077320000071203101100000050
:10D6F40078320000140500000000000068420000B9
:10D7040067B3000000000000FE4200001A21000080
:10D7140000000000FF42000048100000000000006C
:10D724000143000013110000000000000243000048
:10D734005911000000000000034300001B0A000010
:10D7440000000000044300000E5B00000000000025
:10D7540005430000BB540000000000000643000025
:10D764006A1800000000000010A40000E30100009B
:10D774000000000011A40000EF2E000000000000D3
:10D7840051C30000F62000000000000052C3000056
:10D79400B5F600000000000053C300003E13000073
:10D7A4000000000054C30000F00A03080900000050
:10D7B40055C30000980603040500000020CB0000B8
:10D7C4000D6400000000000021CB0000EF01000008
:10D7D4000000000015CD0000F01100000000000062
:10D7E40016CD0000584E00000000000017CD0000C8
:10D7F400605500000000000018CD0000B11C0000BE
:10D804000000000019CD0000D73200000000000025
:10D8140078CD0000B52603202100000079CD00005A
:10D82400662400000000000060EA000004160314EF
:10D83400150000006AEA0000D0210000000000008A
:10D844006BEA0000B7070000000000006CEA00006B
:10D8540063240320210000006DEA000081180314F2
:10D86400150000006EEA00008608030405000000AD
:10D8740074EA0000CA0400000000000088EA000006
:10D884009CF500000000000089EA0000BFFF0000D2
:10D89400000000008DEA00000E17030203000000E0
:10D8A4008EEA0000AB1C0308090000008FEA0000A8
:10D8B400370700000000000091EA0000610C00003E
:10D8C4000000000092EA0000DC0E000000000000EE
:10D8D40093EA0000F51800000000000094EA00003C
:10D8E400652C00000000000095EA00002D060000F1
:10D8F400000000003BB1B800ECC4B8009DD8B800EB
:10D904004EECB8000000B900B113B9006227B900A9
:10D91400133BB900C44EB9007662B9002776B9004A
:10D92400D889B900899DB9003BB1B900ECC4B900EC
:10D934009DD8B9004EECB9000000BA00B113BA008A
:10D944006227BA00133BBA00C44EBA007662BA002A
:10D954002776BA00D889BA00899DBA003BB1BA00CB
:10D96400ECC4BA009DD8BA004EECBA000000BB006B
:10D97400B113BB006227BB00133BBB00C44EBB000A
:10D984007662BB002776BB00D889BB00899DBB00AB
:10D994003BB1BB00ECC4BB009DD8BB004EECBB004C
:10D9A4000000BC00B113BC006227BC00133BBC00E8
:10D9B400C44EBC007662BC002776BC00D889BC008B
:10D9C400899DBC003BB1BC00ECC4BC009DD8BC002C
:10D9D4004EECBC000000BD00B113BD006227BD00C9
:10D9E400133BBD00C44EBD007662BD002776BD006A
:10D9F400D889BD00899DBD003BB1BD00ECC4BD000C
:10DA04009DD8BD004EECBD000000BE00B113BE00A9
:10DA14006227BE00133BBE00C44EBE007662BE0049
:10DA24002776BE00D889BE00899DBE003BB1BE00EA
:10DA3400ECC4BE006666F435CCCCFC353333053615
:10DA440099990D360000163666661E36CCCC2636FD
:10DA540033332F36999937360000403600000000E2
:10DA64000000000000000000001E000000F00000A4
:10DA74000FC0000000330000019800000FF8000000
:10DA8400002101FFFF0800000FFE0000002103FF3A
:10DA9400FF08000000FF8000003307000198000029
:10DAA400001FC000001E0E0000F01E000E07E00064
:10DAB4003C0C1C00000033000FC1F000660C381F42
:10DAC400FFFFE1000FF0F800420C703FFFFFE100A0
:10DAD4000FFC7C00420CE0700000330000FE3E00AE
:10DAE400640CC0E000001E00001F1E003E0CC1C0FC
:10DAF400000000000F0F8F00070CC38F8000000090
:10DB04000FC7CF00038CC71FDE0000000FE3C780E0
:10DB140001CCCE387300000003F1E78000CCCC7058
:10DB24002100000000F8F3C000CCCCE0210000008C
:10DB3400007CF3C000CCCDCF331FF801F83C71C09A
:10DB440000CCCD8F1E1FFE07FE1E79C000CCCD8FEA
:10DB5400001FFF0FFF1E79C00000018F001E0F0F72
:10DB6400078E79C00E3C3C0F001E078E078E79C0CD
:10DB74000FFE7F0F001E078E038000000FFFFF0FB4
:10DB8400001E078F000000000F9FCF8F001E0F8F15
:10DB9400C00000000F0F878F001E1F07F800000051
:10DBA4000F0F078F001FFE03FE0000000F0F078FEB
:10DBB400001FFC00FF0000000F0F078F001FF8007C
:10DBC4001F0000000F0F078F001E3C00078000009D
:10DBD4000F0F078F001E3E0E038000000F0F078FEC
:10DBE400001E1E0E038000000F0F078F001E1F0F64
:10DBF400078000000F0F078FFF1E0F8FFF0000002C
:10DC04000F0F078FFF1E0F87FE0000000F0F078FF7
:10DC1400FF1E0781FC00000000000000000000005F
:10DC240000000000000000000B0001000000020BD7
:10DC34000B04F600030006050B02F6000700070CB0
:10DC44000B02F6001200080C0B01F6001E00070B75
:10DC54000B02F6002800070A0B02F7003100030547
:10DC64000B04F6003300020D0B05F6003700020D1D
:10DC74000B04F6003B0007070B02F60042000707FF
:10DC84000B02F800490003050B02FF004B000901D9
:10DC94000B01FB004D0002020B04FF004E00070DB8
:10DCA4000B02F5005A00070B0B02F6006400050B8B
:10DCB4000B03F6006B00070B0B02F6007500080B54
:10DCC4000B01F6008000060B0B03F6008900070B1E
:10DCD4000B02F6009300070B0B02F6009D00070BE6
:10DCE4000B02F600A700070B0B02F600B100070BAE
:10DCF4000B02F600BB0002080B04F900BD00030B85
:10DD04000B03F900C20008080B01F800CA0009045B
:10DD14000B01FA00CF0009080B01F800D800070A2C
:10DD24000B02F700E100080C0B02F600ED000B0AF1
:10DD34000B00F700FB00090A0B01F7000701090AB1
:10DD44000B01F7001301090A0B01F7001F01090A6F
:10DD54000B01F7002B01090A0B01F70037010A0A2E
:10DD64000B01F7004401090A0B01F7005001050AF1
:10DD74000B03F7005701080A0B02F7006101090AB7
:10DD84000B01F7006D01080A0B02F70077010B0A7B
:10DD94000B00F7008501090A0B01F7009101090A3C
:10DDA4000B01F7009D01080A0B01F700A701090DFB
:10DDB4000B01F700B601090A0B01F700C201070ABB
:10DDC4000B02F700CB01090A0B01F700D701090A7E
:10DDD4000B01F700E3010B0A0B00F700F1010B0A3A
:10DDE4000B00F700FF01090A0B01F7000B02090AF7
:10DDF4000B01F7001702070A0B02F7002002020DBD
:10DE04000B05F6002402070D0B02F5003002020D8B
:10DE14000B04F600340207050B02F60039020B016D
:10DE24000B0002003B0203030B03F5003D0209084B
:10DE34000B01F9004602090B0B01F6005302070817
:10DE44000B02F9005A02090B0B01F60067020808DD
:10DE54000B01F9006F02060B0B03F6007802090BA5
:10DE64000B01F9008502090B0B01F6009202070A67
:10DE74000B02F7009B02050D0B03F700A402080B2D
:10DE84000B02F600AF02070B0B02F600B9020908F9
:10DE94000B01F900C20209080B01F900CB020908C1
:10DEA4000B01F900D402090B0B01F900E102090B83
:10DEB4000B01F900EE0207080B03F900F50207084D
:10DEC4000B02F900FC02080A0B02F700060308081B
:10DED4000B01F9000E0309080B01F90017030908E7
:10DEE4000B01F900200309080B01F9002903090BB0
:10DEF4000B01F900360307080B02F9003D03030D7B
:10DF04000B04F6004203010D0B05F6004403030D58
:10DF14000B04F600490307030B02FA00000000009B
:10DF24000E0001000000030F0E06F20006000807B1
:10DF34000E03F2000D000A100E02F20021000A1175
:10DF44000E02F20037000A0F0E02F2004A00090C1A
:10DF54000E03F500580003070E05F2005B000312E0
:10DF64000E07F200620003120E04F20069000909B0
:10DF74000E03F2007400090B0E03F500810005077F
:10DF84000E03FD0086000B010E02FA008800030355
:10DF94000E05FE008A0009120E03F1009F00090F0E
:10DFA4000E03F200B000070E0E04F300BD00090FCB
:10DFB4000E02F200CE000A0F0E02F200E100080F7A
:10DFC4000E03F200F000090F0E03F2000101090F25
:10DFD4000E03F2001201080F0E03F2002101090FD3
:10DFE4000E03F2003201090F0E03F2004301030A8B
:10DFF4000E05F7004701050D0E03F70050010B0B4A
:10E004000E02F50060010C040E01F80066010B0B12
:10E014000E02F5007601090E0E03F30086010910C5
:10E024000E03F20098010E0E0E00F300B1010B0E68
:10E034000E02F300C5010A0E0E02F300D7010A0E08
:10E044000E02F300E9010B0E0E02F300FD010B0EAC
:10E054000E02F30011020B0E0E02F30025020A0E4B
:10E064000E02F3003702070E0E04F30044020B0EF7
:10E074000E02F30058020C0E0E02F3006D020B0E9A
:10E084000E02F30081020D0E0E01F30098020C0E35
:10E094000E01F300AD020C0E0E01F300C2020A0ED3
:10E0A4000E02F300D4020C110E01F300EE020C0E6A
:10E0B4000E02F30003030A0E0E02F30015030B0E07
:10E0C4000E02F30029030C0E0E01F3003E030E0EA4
:10E0D4000E00F30057030E0E0E00F30070030C0E37
:10E0E4000E01F30085030C0E0E01F3009A03090ED2
:10E0F4000E03F300AA0303120E07F200B103091280
:10E104000E03F100C60303120E05F200CD03090647
:10E114000E03F200D4030E010E000300D603040420
:10E124000E04F100D8030A0A0E02F700E5030D0FEE
:10E134000E00F200FE030B0A0E02F7000C040B0F94
:10E144000E02F20021040A0A0E02F7002E04090F3F
:10E154000E04F2003F040B0E0E02F70053040A0FE4
:10E164000E02F2006604090F0E03F200770407138F
:10E174000E03F20088040C0F0E01F2009F04090F35
:10E184000E03F200B0040D0A0E01F700C1040C0ADC
:10E194000E01F700D0040B0A0E02F700DE040C0E89
:10E1A4000E01F700F3040B0E0E02F70007050A0A2E
:10E1B4000E03F70014050A0A0E02F70021050B0EE0
:10E1C4000E01F30035050B0A0E02F70043050D0A94
:10E1D4000E01F70054050D0A0E01F70065050C0A3F
:10E1E4000E01F70074050C0E0E01F7008905090AEB
:10E1F4000E03F700950505120E05F200A1050112A4
:10E204000E07F200A40505120E05F200B0050A037C
:10E214000E02F900AAA80CED2492482448912FE498
:10E22400897F28512240083E6240300E0181C3BEDE
:10E2340008087112238023B80E2244703881020624
:10E244001A6546C8ECE9245AAAA940A9555A80106F
:10E25400224BE3051100102047F10204006B48FF34
:10E2640000F0020810608104082041020800388A86
:10E274000C183060C18288E02728421084213E387F
:10E284008A08102082086103F87C0602021C060139
:10E294000101423C18A2928A28BF0821C07C810354
:10E2A400E44040810388E01E41040B98B0C1C28859
:10E2B400E0FE040820408204082040388A0C1447F9
:10E2C4001141838CE0388A1C1868CE810413C0F095
:10E2D4000F6C00D2D2000304186060180403FF809E
:10E2E400001FF040180300602060C0803D840830A7
:10E2F400C2000000303C46828EB2A2A29F808040C1
:10E304003C3C014028090110420FC104409E3CFEE0
:10E3140021904867E209028141FF803EB0F0300855
:10E3240004020080608F80FE219068140A05028335
:10E33400437F00FF20900887C221008140FFC0FF77
:10E34400A0500887C22100804078001E986C0A0003
:10E354008020F80B026087C0E3A0904827F20904EC
:10E36400824171C0F90842108427C01F02020202D0
:10E37400028282C678E3A1110905832108844170D1
:10E38400C0E04040404040414141FFE0EC19452895
:10E39400A4A494911202405C1CC3B0944A249249F0
:10E3A400148A4370801E319050180C060282630F49
:10E3B40000FE434141427C404040F01C31905018E3
:10E3C4000C060282631F04079230FE219048242326
:10E3D400E110844170C03ACD0A030180C1C778FFBF
:10E3E400C462210080402010081F00E3A09048244C
:10E3F40012090482220E00F1E81082104210220455
:10E4040080500C0080F1E809112544A8550CA18C1A
:10E41400318430E3A088828080C090444171C0E39D
:10E42400A088828140402010081F00FD0A2081043A
:10E43400102183FCEAAAAAC080810302040408080C
:10E4440010102020D55555C01051222820FFE088F7
:10E45400807E008047EC140A0CFBC020100BC6120F
:10E4640005028140B0B7803A8E0C0810109E03005C
:10E474008047A4340A050281218F603C4381FF80D8
:10E4840080613E3D043E410410410F803DA1A050F7
:10E494002814090C7A01018780C020100BC63209A8
:10E4A40004824120B8E01001C08102040811FC106C
:10E4B4003E10842108423F00C040404F44587048F9
:10E4C4004442C7702040810204081023F8B76462F4
:10E4D40031188C4623915E31904824120905C73EB9
:10E4E40031A030180C058C7CDE309028140A058489
:10E4F400BC402038003DA1A0502814090C7A01002A
:10E5040080E0CEA1820408107C3A8D0B80F070DE8E
:10E514004040FC4040404040413EC34141414141B4
:10E52400433DE3A090844220A05010E3C0924B25C9
:10E5340092A99844E331050101411105C7E3A09074
:10E54400844240A0601010083E00FD08208208109C
:10E55400BF2924A24926FFF889248A492C61243042
:10E564004924924801F8E7E76742424242090241DE
:10E574001044111FF1104C123FE120481204812075
:10E58400480407A21902401003003C008010060151
:10E59400E0A7C0401004003C19842108660F000C59
:10E5A4001C7801E0CC21084330783E301008020387
:10E5B4000347148A43118F60FDA4900525249248D3
:10E5C4009224112489249292900004021107F0C02D
:10E5D40050484200080402010087FC20100804028D
:10E5E400003B9CCE6200FFE0FF800080C040202002
:10E5F4001010080804040202010100808040001C7D
:10E60400319058380C06030180C060303413187000
:10E6140030E14481020408102040811FC01E109084
:10E624006810080C040404060606060E07FE3E10D5
:10E63400400802008040E004008010040100D86318
:10E64400E0060A0A12222242428282FF0202020FDA
:10E654007F2010080402F18C030080402018161853
:10E66400F00F8C08080404027946C1E060281419EC
:10E674000878FF81810202020204040404080808E5
:10E68400083E31B070180C058C3863406030181B9C
:10E6940018F83C313050280C0F06853C804040204F
:10E6A4002063E0FF8007FC39CE0000063398C400E5
:10E6B40000C060180C0601800C00600300300100EB
:10E6C400FFF000000FFFC00600300180180180C079
:10E6D40030180C0200003E60A02010080818100832
:10E6E40000000001C0E01C31105028143A2522918A
:10E6F4004CA3F0080201807C3F000C004801200478
:10E704004021008404081FE040820108042013E132
:10E71400F0FF081101202404811FC206406805008F
:10E72400A01405FF001E4874050180200802008023
:10E73400200401013087C0FE104409024050140532
:10E74400014050140D02413F80FFC809012004001C
:10E75400881F022040080100A01403FFC0FFE80541
:10E7640000A00400881F022040080100200401F0DA
:10E77400001F4619016028010020040083F00B01EA
:10E7840020230C3E00E1D0240902409027F90240E6
:10E794009024090240B870FE204081020408102031
:10E7A40040811FC00FE010020040080100200480D7
:10E7B40090120240C6307C00F1E40C410420440471
:10E7C400805C066043041040840840CF07F80400CE
:10E7D400801002004008010020040480901203FF0E
:10E7E400C0E03B019414A0A48924491448A2451212
:10E7F400109004802401783CE0F60250250248245D
:10E80400C244242243241240A40A406F060F030C7E
:10E8140060640280180180180180180140260630C7
:10E82400C0F0FF1064050140503419FC401004018D
:10E8340000403E000F030C60640280180180180140
:10E8440080180140260630C1F00C01F130E0FF04CD
:10E854001840C40440440C4187E04304104084043D
:10E86400404F031F48340501400801C00E00401802
:10E874000601E1A7C0FFF0861082004008010020D5
:10E88400040080100200407F00F0F40240240240A3
:10E89400240240240240240240220430C0F0F87CC8
:10E8A40080220104041020408082021008401100DC
:10E8B4004801A003000C00F87C80220088C22310C9
:10E8C4008E42290924249091418506141870608091
:10E8D400F0F2063041080980500600600D008810EF
:10E8E400C204602F0FF0F2021041040880500500AA
:10E8F400200200200200200201FCFF40A0904040C2
:10E9040040202020105030180FFCF2492492492452
:10E914009C8060100802010040200804010080204F
:10E92400100402008040E492492492493C080C09F6
:10E934000C4C1404FFFC84213E006008023F98281C
:10E944000A02C39F30E00100080040020013E0A067
:10E9540086022009004802401301141B9F001F4C2B
:10E964001901402801002002006043F000C00801A2
:10E974000020043C98520680500A0140240CC287AF
:10E98400983F18680601FFE008030060C7C00F98AD
:10E9940008040207F8804020100804020103F81E4E
:10E9A4006C390340280500A012066143C801002009
:10E9B400083E00C0100401004013871182409024D7
:10E9C400090240902E1C080402000003C020100815
:10E9D400040201008043FE040810001FC0810204E9
:10E9E4000810204081020BE0E00200200200200217
:10E9F4003C2102602C0380240220210208E1F078EB
:10EA0400040201008040201008040201008043FE3B
:10EA1400DCE3199084842421210908484242171810
:10EA2400C0678384202202202202202202202F0792
:10EA34001F04110140180300600A022083E0CF85FF
:10EA4400066024014014014016025044F8400400BA
:10EA5400400F001E6C3B0340280500A012066143D2
:10EA6400C80100200403C0E38B1380802008020047
:10EA740080203F801F583405801E00600601C0AF0F
:10EA8400C020040080100FF0400801002004008022
:10EA94001003043F00C1C80901202404809012021D
:10EAA40061C7CCF8F90108106081080840220120F0
:10EAB40005003000F07A0110088C42621290A5051E
:10EAC4001828C0860078F3041880D00600700981E5
:10EAD4000C206F8FF0F2022041041080880900504E
:10EAE400060020040040080FE0FF41008080808081
:10EAF400808040BFC01908421084641842108420EA
:10EB0400C0FFFFC0C108421084104C42108426008C
:10EB14003813383866666638000070389999793841
:10EB240033338338CCCC8C38666696380000A038F2
:10EB34009999A9383333B338CCCCBC386666C63817
:10EB44000000D0389999D9383333E338CCCCEC3839
:10EB54006666F63800000039999909393333133958
:10EB6400CCCC1C396666263900003039999939397C
:10EB740033334339CCCC4C3966665639000060399E
:10EB84009999693933337339CCCC7C3966668639C3
:10EB940000009039999999393333A339CCCCAC39E5
:10EBA4006666B6390000C0399999C9393333D33907
:10EBB400CCCCDC396666E6390000F0399999F9392C
:10EBC4000000891112239B322446AD573665BF7469
:10EBD400488CC19D5AAFD3BE6CCAE5DB7EE9F7F819
:10EBE4008110080193331A22A5562C47B7753E6449
:10EBF400C99C408DDBBF52AEEDDA64CBFFF976E8F9
:10EC040002218B30100299132667AF763444BD5528
:10EC14004AADC3BC588ED19F6EEBE7FA7CC8F5D9D8
:10EC240083310A2091121803A7772E66B5543C4508
:10EC3400CBBD42ACD99E508FEFFB66EAFDD874C9B8
:10EC440004428D5316619F702004A9153227BB36E8
:10EC54004CCEC5DF5EEDD7FC6888E1997AABF3BA98
:10EC640085520C4397711E60A1142805B3373A26C8
:10EC7400CDDE44CFDFFD56ECE9986089FBBB72AA78
:10EC840006638F7214409D512225AB343006B917A8
:10EC94004EEFC7FE5CCCD5DD6AA9E3B8788AF19B58
:10ECA40087730E6295501C41A3352A24B116380788
:10ECB400CFFF46EEDDDC54CDEBB962A8F99A708B38
:10ECC400088481951AA793B62CC2A5D33EE1B7F068
:10ECD4004008C919522BDB3A644EED5F766DFF7C18
:10ECE400899400859BB712A6ADD224C3BFF136E048
:10ECF400C1184809D33B5A2AE55E6C4FF77D7E6CF8
:10ED04000AA583B4188691972EE3A7F23CC0B5D127
:10ED14004229CB38500AD91B666FEF7E744CFD5DD7
:10ED24008BB502A499961087AFF326E2BDD034C107
:10ED3400C3394A28D11A580BE77F6E6EF55C7C4DB7
:10ED44000CC685D71EE597F42880A1913AA3B3B2E7
:10ED5400444ACD5B5669DF78600CE91D722FFB3E97
:10ED64008DD604C79FF516E4A9902081BBB332A2C7
:10ED7400C55A4C4BD7795E68E11C680DF33F7A2E77
:10ED84000EE787F61CC495D52AA1A3B03882B193A7
:10ED9400466BCF7A5448DD59622DEB3C700EF91F57
:10EDA4008FF706E69DD414C5ABB122A0B992308387
:10EDB400C77B4E6AD5585C49E33D6A2CF11E780F37
:10EDC400A08601000B19000050C3000010000410BD
:10EDD40000005B0101000000B01D000096FF000070
:10EDE4000506010C015B00009033000091FF000058
:10EDF4000606010C015B00002058000090FF000093
:10EE0400860010700410005B000000004F09000031
:10EE140098FF00005018050C805B0040D41E0000D1
:10EE240097FF00006018050C805B00406A34000006
:10EE340094FF00007018050C805B0040E75B000045
:10EE440090FF000019B80108000000006CB601082A
:10EE54000200000072B60108030000007AB601083F
:10EE64000400000086B601080500000093B60108FE
:10EE7400060000009CB60108FF000000A4B60108CB
:10EE8400FF000000ACB6010807000000B4B601089A
:10EE940008000000C0B6010809000000C7B6010858
:10EEA400FF000000CEB60108FF000000D7B601083D
:10EEB400FF000000DEB60108FF000000E6B601080E
:10EEC400FF000000F0B601080A000000FAB60108CD
:10EED400FF00000003B70108010000000CB701089F
:10EEE4000B00000013B701080C0000001CB7010858
:10EEF400FF00000027B70108FF0000002FB701083A
:10EF0400FF0000003DB70108FF00000045B70108FD
:10EF14000D0000004EB701080E0000005AB70108AA
:10EF24000F00000065B70108FF00000074B7010876
:10EF3400FF00000085B70108FF00000096B7010834
:10EF4400FF000000A7B70108FF000000B1B70108E7
:10EF5400FF000000BBB70108FF000000C5B70108AF
:10EF640010000000D5B70108FF000000E0B7010859
:10EF7400FF000000E6B70108FF000000ECB701083D
:10EF8400FF000000F2B70108FF000000F8B7010815
:10EF9400FF00000006B80108FF00000016B80108D1
:10EFA400FF0000001DB801081100000024B801088A
:10EFB400120000002FB80108FF0000003FB801084C
:10EFC400FF0000004AB801081300000052B801080D
:10EFD400FF00000061B80108FF0000006DB80108DF
:10EFE400FF0000007CB80108FF0000008CB8010895
:10EFF400FF0000009DB8010814000000000000009C
:10F00400000000004B2600084D2600084F2600088B
:10F014005126000889F6000875F80008BDF80008B4
:10F0240081D600086126000865260008000000005B
:10F034000000000019F600085D2900084558000882
:10F044000000000000000000352800088582000848
:10F054000000000000000000DD8400085F86000856
:10F06400BFFA00085F290008832900081B2800084C
:10F07400ECFFFFFF000000004B2600084D260008AF
:10F084004F26000851260008C9FA00087D29000807
:10F09400A929000827280008612600086526000819
:10F0A4000003010353544D6963726F656C656374A7
:10F0B400726F6E6963730053544D33322056697214
:10F0C4007475616C20436F6D506F727400434443D8
:10F0D40020436F6E6669670043444320496E74653C
:10F0E4007266616365000000000000000000010218
:10F0F40003040607080900000000010203040000DD
:10F1040001000000020000000400000006000000EE
:10F11400080000000A0000000C00000010000000BD
:10F1240020000000400000008000000000010000FA
:10F1340000000000000FC93F000F494000CB96407B
:10F14400000FC9400053FB4000CB164100ED2F4196
:10F15400000F49410031624100537B41003A8A412A
:10F1640000CB9641005CA34100EDAF41007EBC4161
:10F17400000FC94100A0D5410031E24100C2EE4177
:10F184000053FB4100F20342003A0A42008310425A
:10F1940000CB164200141D42005C234200A5294204
:10F1A40000ED2F4200363642007E3C4200C7424208
:10F1B400000F4942A2000000F90000008300000093
:10F1C4006E0000004E000000440000001500000026
:10F1D40029000000FC000000270000005700000088
:10F1E400D1000000F500000034000000DD00000044
:10F1F400C0000000DB000000620000009500000079
:10F20400990000003C000000430000009000000052
:10F2140041000000FE0000005100000063000000F7
:10F22400AB000000DE000000BB000000C5000000D1
:10F2340061000000B7000000240000006E00000020
:10F244003A000000420000004D000000D20000001F
:10F25400E000000006000000490000002E0000004D
:10F26400EA00000009000000D10000009200000044
:10F274001C000000FE0000001D000000EB00000068
:10F284001C000000B100000029000000A7000000DD
:10F294003E000000E800000082000000350000008D
:10F2A400F50000002E000000BB0000004400000038
:10F2B40084000000E90000009C00000070000000D1
:10F2C40026000000B40000005F0000007E00000083
:10F2D400410000003900000091000000D600000049
:10F2E40039000000830000005300000039000000D2
:10F2F400F40000009C000000840000005F00000097
:10F304008B000000BD000000F90000002800000090
:10F314003B0000001F000000F80000009700000000
:10F32400FF000000DE00000005000000980000005F
:10F334000F000000EF0000002F000000110000008B
:10F344008B0000005A0000000A0000006D0000005D
:10F354001F0000006D000000360000007E00000069
:10F36400CF00000027000000CB00000009000000CF
:10F37400B70000004F000000460000003F000000FE
:10F38400660000009E0000005F000000EA0000002C
:10F394002D0000007500000027000000BA000000E6
:10F3A400C7000000EB000000E5000000F1000000D1
:10F3B4007B0000003D000000070000003900000051
:10F3C400F70000008A0000005200000092000000D4
:10F3D400EA0000006B000000FB0000005F0000007A
:10F3E400B10000001F0000008D0000005D0000005F
:10F3F4000800000056000000030000003000000078
:10F4040046000000FC0000007B0000006B000000D0
:10F41400AB000000F0000000CF000000BC000000C2
:10F42400200000009A000000F400000036000000F4
:10F434001D000000A9000000E3000000910000008E
:10F44400610000005E000000E60000001B000000F8
:10F45400080000006500000099000000850000001D
:10F464005F00000014000000A0000000680000001D
:10F47400400000008D000000FF000000D8000000E4
:10F48400800000004D000000730000002700000011
:10F494003100000006000000060000001500000016
:10F4A40056000000CA00000073000000A80000001D
:10F4B400C900000060000000E20000007B000000C2
:10F4C400C00000008C0000006B000000DB0F49BF8F
:10F4D400E4CB1640E4CB16C000000080DB0F4940AB
:10F4E400DB0F49C03863ED3EDA0F493F5E987B3F3E
:10F4F400DA0FC93F6937AC3168212233B40F1433B2
:10F504006821A2330000C93F0000F0390000DA3757
:10F514000000A2330000842E0000502B0000C227FC
:10F524000000D0220000C41F0000C61B00004417C6
:10F534000400000007000000090000000020202053
:10F54400202020202020282828282820202020208F
:10F55400202020202020202020202020208810105F
:10F5640010101010101010101010101010040404BB
:10F574000404040404040410101010101010414179
:10F584004141414101010101010101010101010167
:10F59400010101010101010110101010101042427B
:10F5A4004242424202020202020202020202020237
:10F5B40002020202020202021010101020000000D7
:10F5C4000000000000000000000000000000000037
:10F5D4000000000000000000000000000000000027
:10F5E4000000000000000000000000000000000017
:10F5F4000000000000000000000000000000000007
:10F6040000000000000000000000000000000000F6
:10F6140000000000000000000000000000000000E6
:10F6240000000000000000000000000000000000D6
:10F6340000000000000000000000000000524545EA
:10F644004E54206D616C6C6F6320737563636565E4
:10F65400646564002F646174612F6A656E6B696E02
:10F66400732F776F726B73706163652F474E552DDF
:10F67400746F6F6C636861696E2F61726D2D3131C7
:10F684002F7372632F6E65776C69622D6379677768
:10F69400696E2F6E65776C69622F6C6962632F7473
:10F6A400696D652F676D74696D652E63002C206626
:10F6B400756E6374696F6E3A20006173736572745A
:10F6C400696F6E2022257322206661696C65643A35
:10F6D4002066696C6520222573222C206C696E6576
:10F6E400202564257325730A00232D302B20006800
:10F6F4006C4C00656667454647003031323334351B
:10F704003637383941424344454600303132333488
:0CF7140035363738396162636465660081
:08F7200084A6FF7F0100000038
:08F72800C90B0008350D0108B2
:04F73000A10B000821
:10F7340040B2010820BC010841AE010815A201082D
:10F74400E5AA010818A201089FAD0108B0BB010891
:10F7540040B201085BBB0108CCB30108C4380020E7
:10F76400010000000CB40108DB08002001000000C7
:10F7740013B40108C00B0020050000001DB40108EB
:10F78400D60900200100000017B70108D5090020A0
:10F79400010000002DB40108D70900200100000079
:10F7A40035B4010806090020010000003EB4010838
:10F7B400070900200100000047B4010808090020DF
:10F7C4000100000054B401080909002001000000F0
:10F7D40061B401080A090020010000006DB40108A9
:10F7E4000B0900200100000078B401080C09002076
:10F7F4000100000084B401080E090020010000008B
:10F8040090B401081109002001000000A1B401080E
:10F814001209002001000000B2B401080F09002001
:10F8240001000000C1B40108160900200100000015
:10F83400CBB401081309002001000000D5B401086D
:10F844001409002001000000E2B401081509002099
:10F8540001000000F2B40108E208002001000000E9
:10F8640000B50108E30800200100000009B5010803
:10F87400E40800200100000016B50108E508002096
:10F884000100000022B50108E70800200100000083
:10F894002EB50108F0080020010000003FB5010862
:10F8A400E8080020010000004BB50108E908002029
:10F8B4000100000057B50108F10800200100000014
:10F8C40067B50108EA0800200100000078B50108C6
:10F8D400EC0800200100000089B50108E6080020BA
:10F8E400010000009AB50108EE08002001000000A4
:10F8F400A9B50108EF08002001000000B6B5010811
:10F90400F608002002000000C5B50108F708002031
:10F9140002000000CFB50108F80800200200000032
:10F92400D9B50108F908002002000000E3B5010878
:10F93400FA08002002000000EDB50108FB080020D1
:10F9440002000000F7B50108FC08002002000000D6
:10F9540001B60108FD080020020000000BB60108F2
:10F96400FE0800200200000015B60108FF08002070
:10F97400020000001FB60108000900200200000078
:10F984002AB60108010900200200000035B601086A
:10F99400020900200100000040B60108030900200C
:10F9A400010000004BB6010804090020010000001A
:10F9B40056B60108050900200100000061B60108DF
:10F9C400FFFF000019280008BD3100083CB30108FE
:10F9D4009CB301086CB3010851110108E50E01083C
:10F9E400E90E01082510010819120108A5140108DF
:10F9F400B11401082515010841150108E91401088D
:10FA04005D15010879150108120100020202004087
:10FA140083044057000201020301000004030904A7
:10FA24001A030000000000000000000000000000B5
:10FA34000000000000000000000000000024F400AA
:10FA440001000000100000000000000000000000A1
:10FA540000000000000000000100000000000000A1
:10FA64000000000000000000B36E0108596E010898
:10FA7400516D010800000000276C0108ED6C0108BD
:10FA8400B96C010800000000000000000000000044
:10FA9400B16C0108696C0108B56C01085D6C010862
:10FAA40009024300020100C03209040000010202FD
:10FAB40001000524001001052401000104240202B0
:10FAC400052406000107058203080010090401004B
:10FAD400020A000000070501024000000705810238
:10FAE400400000000A06000200000040010000007F
:10FAF4000000000003000000106A00200000000065
:10FB0400106A0020786A0020E06A002000000000EB
:10FB140000000000000000000000000000000000E1
:10FB240000000000000000000000000000000000D1
:10FB340000000000000000000000000000000000C1
:0CFB44000000000000000000CC030020C6
:0400000508012709BE
:00000001FF
