:020000040800F2
:10000000008000204DE5000875E4000877E4000852
:1000100079E400087BE400087DE4000800000000AB
:100020000000000000000000000000007FE4000865
:1000300081E400080000000083E4000885E4000873
:100040009DE500089DE500089DE500089DE5000888
:100050009DE500089DE500089DE500089DE5000878
:100060009DE500089DE500089DE500089DE5000868
:100070009DE500089DE500089DE500089DE5000858
:100080009DE50008000000009DE500089DE50008D2
:1000900099D600089DE500089DE500089DE500084B
:1000A0009DE500089DE500089DE500089DE5000828
:1000B0009DE50008CD2F00089DE500089DE500089E
:1000C0009DE500089DE500089DE500089DE5000808
:1000D0009DE50008E9280008E95E00089DE50008A4
:1000E000C5BA00089DE500089DE500089DE50008EB
:1000F0009DE500089DE500089DE500080000000062
:10010000000000009DE50008000000009DE50008DB
:100110009DE50008000000009DE500089DE5000841
:100120009DE500089DE500089DE500089DE50008A7
:100130009DE5000800000000000000009DE50008AB
:100140009DE500089DE5000800000000000000009B
:10015000000000000000000000000000000000009F
:100160000000000000000000000000009DE5000805
:100170009DE50008000000000000000000000000F5
:10018000000000009DE500080000000000000000E5
:10019000000000000000000000000000000000005F
:1001A00000000000000000009DE50008F12B0008A1
:1001B0009DE500089DE500089DE5000800000000A1
:1001C000000000009DE500080000000000000000A5
:0801D0009DE500089DE5000813
:1001E00010F8012B11F8013B012A28BF9A42F7D0E1
:1001F000D01A7047034613F8012B002AFBD1181AB6
:1002000001387047000000000000000000000000FE
:1002100001F0FF01102A2BDB10F0070F08D010F8B7
:10022000013B013A8B422DD010F0070F42B3F6D1BB
:10023000F0B441EA012141EA014122F007047FF0D4
:1002400000070023F0E80256083C85EA010586EA2B
:10025000010685FA47F5A3FA87F586FA47F6A5FA67
:1002600087F68EB9EED1F0BC01F0FF0102F0070273
:1002700032B110F8013B013A83EA010313B1F8D11E
:100280000020704701387047002D06BF35460338FF
:10029000073815F0010F07D1013015F4807F02BF38
:1002A000013015F4C03F0130F0BC0138704700BF89
:1002B0007BB972B90029BEBF00204FF0004106E0B3
:1002C00008BF00281CBF6FF000414FF0FF3000F066
:1002D00057B8ADF1080C6DE904CE002909DB002BFD
:1002E0001ADB14F0FDF8DDF804E0DDE9022304B0C8
:1002F0007047404261EB4101002B1BDB14F0F0F82A
:10030000DDF804E0DDE9022304B0404261EB410185
:10031000524263EB43037047524263EB430314F0D2
:10032000DFF8DDF804E0DDE9022304B0404261EBD0
:1003300041017047524263EB430314F0D1F8DDF8FA
:1003400004E0DDE9022304B0524263EB430370474B
:1003500053B94AB9002908BF00281CBF4FF0FF312C
:100360004FF0FF3000F00CB8ADF1080C6DE904CE91
:1003700014F0B6F8DDF804E0DDE9022304B07047BC
:10038000704700BF0348044B834202D0034B03B1C4
:1003900018477047F8030020F80300200000000011
:1003A0000548064B1B1AD90F01EBA301491002D0D7
:1003B000034B03B118477047F8030020F8030020EF
:1003C0000000000010B5064C237843B9FFF7DAFFB0
:1003D000044B13B10448AFF300800123237010BD18
:1003E000F803002000000000A847010808B5054BED
:1003F0001BB105490548AFF30080BDE80840FFF791
:10040000CFBF00BF00000000FC030020A847010888
:100410000022427082700122C270B1FA81F1022280
:1004200049090271032201704271704743788B427F
:100430001FD0012941700AD0022910D0C1B901236F
:10044000C3708170022303710323437170470378E3
:1004500043B1012383700223C3700023F3E70378C1
:10046000002BF6D0022383700023C3700123EAE738
:10047000FEE7704782B00B88ADF800304B88ADF8CE
:1004800002308B88ADF80430CB88ADF806300239E5
:10049000431C053013F8012F0DF1080C0CEB420240
:1004A000834232F8082C21F8022FF3D102B07047B2
:1004B00010B50C461146FFF7B9FF2146BDE81040C4
:1004C000FFF7D8BF0B4B10B54FF07F32C0E92323A5
:1004D0004FF47F43A0F89430FF23044680F8963011
:1004E000983000F050FC002384F8A43084F8A83041
:1004F00010BD00BFFFFF7F0013B504461146CDE9D4
:10050000002300F066FC009904F1140000F061FC87
:10051000009904F1280000F05CFC009904F13C0013
:1005200000F057FC009904F1500000F052FC0099D3
:1005300004F1640000F04DFC009904F1780000F033
:1005400048FC019A4FF4FA734FF4FA6104F19800F1
:1005500000F004FC2046FFF7B5FF002384F8A53027
:100560004FF47F43A4F8A63002B010BD022380F8F8
:10057000A8307047704700F033BC143000F030BC36
:1005800008B5503000F036FC292200F11403B3FB0B
:10059000F2F313F0FF0302D1031E18BF0123184624
:1005A00008BD08B5643000F025FC292200F11403D1
:1005B000B3FBF2F313F0FF0302D1031E18BF0123B4
:1005C000184608BD90F8903013B990F98C00704728
:1005D00090F98D00704790F8903013B990F98E0023
:1005E000704790F98F00704710B504460BF096FBEA
:1005F00050B194F8A83043B904F13C0000F0F4FB8A
:10060000012838BF0120C0B210BD6420FCE790F87B
:10061000A83013B990F89300704764207047783081
:1006200000F0EABB783000F0EFBB10B5044600F0F4
:10063000B1FB04F1140000F0ADFB04F1280000F060
:10064000A9FB04F13C0000F0A5FB04F1500000F010
:10065000ADFB04F1640000F0A9FB04F1780000F0A8
:10066000ABFB94F8A83013B1013B84F8A83010BD5F
:100670007F2807D0002807DA10F1800F06D040420B
:10068000C0B2704700207047012070477F2070473C
:1006900010B1404240B270477F2070477F280FD092
:1006A00010F1310F0EDA10F1780F0DDB7830FE23E8
:1006B00040B2584323304623B0FBF3F0C0B270473A
:1006C000FF207047FE20704700207047012805DD9D
:1006D00040F2FE73984203DC80B2704701207047FD
:1006E00040F2FF707047A0F57870C0EBC02040F278
:1006F000AE7390FBF3F000F58060FFF7E7BFFFF704
:10070000F2BF032812DD0C2812DD0F2812DD12289B
:1007100012DD162812DD192812DD1C2812DD1F2813
:1007200012DD2128CCBFFF20062070470020704733
:10073000012070470220704708207047032070474F
:1007400007207047042070470520704705289ABF8E
:10075000014B185CFF2070471848010805289ABF14
:10076000014B185CFF2070471E4801087F2803D00A
:10077000002803DAC0B2704700207047FF2070479E
:100780007F2811D010F1320F10DA884210DD401AA4
:100790006423C1F1FF21584301F57F01CE3131308F
:1007A00090FBF1F0C0B27047FF20704764207047A3
:1007B00000207047014B4140585C704724480108B5
:1007C0005AB110B4054C0A4411F8013B58408A4212
:1007D000205CF9D15DF8044B70477047244801084C
:1007E000392808D822280ED9094B2338C0B2C34073
:1007F00003F0010070475F2807D0613819288CBFCB
:10080000002001207047002070470120704700BF82
:1008100001EC7F00F8B50246451E461D00245F2707
:1008200015F8010FFF2804BF0134E4B2FFF7D8FF29
:1008300000B92F70AE42F3D1062C04D119B10B6868
:1008400013608B88938000239371F8BD2DE9F843E2
:10085000DFF83490471E441D012500264FF028087C
:1008600017F8011F084812F01AFD034610B1A0EB5B
:100870000903DBB2A3FB05329E19A742A5FB08536F
:10088000EED13046BDE8F8832449010810B541791E
:10089000A1F13000C3B2092B07D80523B0FBF3F355
:1008A00003EB8303C01AC0B210BD044C204612F003
:1008B000F6FC0028F1D0001BC0B2EEE72449010885
:1008C000F0B5094B094F821D2826B1FBF3F4272C04
:1008D00094BF3D5D302502F8015D824203FB141197
:1008E000B3FBF6F3F1D1F0BD00801A0624490108EC
:1008F00070B50446FFF77EFC02B20023551E18B205
:10090000A84204FA83F104DA265C302E03F10103D5
:10091000F5D0121A01322046BDE8704012F0DEBE5A
:100920002DE9F047432B28BF432396B00C461546CC
:1009300000211A469846074612F0EAFE002141229D
:1009400005A8049112F0E4FEDFF87C90DFF87CA0AB
:1009500004EB4505AC4210D104A8FFF74BFC28B1CD
:1009600000F158036B44002203F8492C04A93846CF
:1009700012F07EFC16B0BDE8F08734F9020B47F6A2
:10098000FF739842E8D0002812DC5146684612F006
:100990006FFC04A8FFF72EFC06466846FFF72AFC0A
:1009A0000644B045D6D3694604A812F069FCD1E7E5
:1009B000694680B20DF049F96846FFF799FF49464C
:1009C000684612F05DFCE4E7114801080C48010894
:1009D000F0B589B06D4600242F468E1CE1B28A42E4
:1009E00004D83946FFF79CFF09B0F0BD36F8241053
:1009F00025F8021B0134F1E742F210736421B0FBC9
:100A0000F3F203FB1200B0FBF1F301FB130000EB68
:100A1000023000EB831080B27047020B00F03F03FE
:100A200042F2107101FB0233C0F38510642202FB15
:100A3000003070472DE9F04142F2107388B0B1FBED
:100A4000F3F603FB16141F49DFF87C80054612F00D
:100A50000FFC6946F0B20DF0D5F86846FFF748FF85
:100A60006946284612F00CFC4146284612F008FC64
:100A700064276946B4FBF7F6F0B20DF0C3F8684698
:100A8000FFF736FF6946284612F0FAFB07FB1644CB
:100A90004146284612F0F4FB6946E0B20DF0B2F888
:100AA0009DF801308DF800309DF802308DF801304E
:100AB0006946002328468DF8023012F0E1FB08B0A9
:100AC000BDE8F081095C01081648010870B50E46C2
:100AD00000210546144612F01BFE00239AB29442F0
:100AE00000D870BDF25C002AFBD0EA540133F5E770
:100AF00070B50E46144600210132054612F008FE7C
:100B000000239AB2944200D870BDF25C002AFBD058
:100B1000EA540133F5E730B50024A3B2934201D380
:100B2000012005E0055D0B5D1DB9B3FA83F04009B6
:100B300030BD1BB19D4204F10104EED00020F7E767
:100B40007D23438043F2390309B2C360002301804F
:100B50008180C3800372704702680449044B01FB23
:100B6000023323F000430360180C7047FD43030079
:100B7000C39E2600F0B5002597B00160858004462D
:100B800056222946684612F0C3FD0126627CAA421D
:100B900009D80023802104F1B400237417B0BDE804
:100BA000F04012F0B5BD2046FFF7D6FFE7797B1B7A
:100BB000002190FBF3F202FB1300C0B2EC460A46A0
:100BC000CBB29F421DD80023227B9A42DED0A2796D
:100BD000033A012A04EB050105D925B191F9112049
:100BE000D2B9012BD2D98B74A26852F82310583392
:100BF00004EB85026B440135516303F8586CEDB288
:100C0000C4E71CF801EBBEF1000F03D18242DBD038
:100C10000132D2B20131D3E7501E8342E3DB01320D
:100C20009342E0DCB2E700002DE9F04F154697B0A3
:100C3000013D0160027104464371EDB2562200216C
:100C400068469946002712F063FD022D84BF4FF0DD
:100C5000010A00253E4694F807809CBF4FF0030A26
:100C6000B8FBFAF8627CB24209D80023802104F173
:100C7000B400237417B0BDE8F04F12F049BD204610
:100C8000FFF76AFFA8EB060390FBF3F202FB1303E6
:100C90000020DBB2EC460246C1B2884506D91CF8FA
:100CA00001EBBEF1000F1BD19A4217D1414528BF7D
:100CB0004146227B01FB0A5303F0FF039A42D1D045
:100CC000A0680FFA83FC09F1FF3E50F82C20BEF11A
:100CD000030F0DD8DFE80EF0062124270132D2B22F
:100CE0000130D9E7DFF864E09644174A9645B9D950
:100CF00016B10FBB0129B5D9A2190F46937404EBA5
:100D0000860350F82C205A6301F1580301226B44EA
:100D1000164403F8582CF6B2A4E7DFF834E0E3E712
:100D2000DFF830E0E0E7A2F53D02DFF82CE0A2F5C5
:100D30009D42443A7245DAE77A1E9142DCDB7A1C26
:100D40009142D9DC8EE700BF3BB10100C54E47FFA1
:100D5000776245FF287643FF3CB1010007EE902AF9
:100D60000A44F8EE676A07EE902AF8EE677A436065
:100D700086EEA77A07EE903AF8EEE77A80ED007AF1
:100D8000C0ED027A7047D0ED017AF8EEE77AC0ED57
:100D9000027A7047D0E901236421D31AC3608260CC
:100DA0004B43418AB3FBF1F303747047D0E901234D
:100DB000D31AC0E90223704743682BB1C26864218B
:100DC0004A43B2FBF3F2D3B203740023C36043601F
:100DD00070470023C0E902334182436003747047C7
:100DE0004368013343607047007C7047436819448F
:100DF00041607047C068704711B1C3680133C36078
:100E00004368013343607047007C7047072800D96E
:100E1000FEE7014B185C70477C4901080023038002
:100E2000837080F82930704703781BB1002202706C
:100E300018467047437813B100224270F8E7837870
:100E400013B100228270F3E790F82930002BEFD025
:100E5000002280F82920EBE701707047017070478D
:100E600081707047817042607047406870470830F9
:100E70007047000080EAE073022910B5A3EBE0732D
:100E800004467DD162B90028ACBF7F223F22934245
:100E9000A8BF1346002C184601DA43F0400010BDED
:100EA000012A1FD1632B05DC5800002CF7DA40F42F
:100EB0008070F4E740F2F542934211DC07EE903A7D
:100EC0009FED6A0AF8EEE77A27EE800A11F062F8E1
:100ED000FCEEC07A17EE900A400040F00100E4E713
:100EE000FF20E2E7022A40F0BF80632B05DC980078
:100EF000002CD4DA40F40070D1E7B3F57A7F11DA30
:100F000007EE903A9FED590AF8EEE77A27EE800A4D
:100F100011F040F8FCEEC07A17EE900A800040F025
:100F20000100E5E742F20F72934211D807EE903AC2
:100F30009FED4F0AF8EEE77A27EE800A11F02AF8C3
:100F4000FCEEC07A17EE900A800040F00200CFE776
:100F5000484A934211D807EE903A9FED470AF8EEBF
:100F6000E77A27EE800A11F015F8FCEEC07A17EE4A
:100F7000900A830043F00300BAE740F2FF10B7E79E
:100F8000032971D1012A20D1B3F57A7F05DA5800FF
:100F9000002C84DA40F4006081E7B3F5205F11DAB9
:100FA00007EE903A9FED310AF8EEE77A27EE800AD5
:100FB00010F0F0FFFCEEC07A17EE900A430043F009
:100FC0000100E5E740F2FF70E2E7022A4CD1B3F5F9
:100FD0007A7F06DA9800002CBFF661AF40F48050AB
:100FE0005DE742F20F72934211DC07EE903A9FEDFB
:100FF0001F0AF8EEE77A27EE800A10F0CBFFFCEE2E
:10100000C07A17EE900A830043F00100E3E71B4A21
:10101000934211D807EE903A9FED150AF8EEE77A61
:1010200027EE800A10F0B6FFFCEEC07A17EE900AA9
:10103000830043F00200CEE7B3F57A2F11D207EE1A
:10104000903A9FED0D0AF8EEE77A27EE800A10F04D
:10105000A1FFFCEEC07A17EE900A830043F0030074
:10106000B9E740F6FF70B6E7002018E7CDCCCC3DDD
:101070000AD7233C17F001006F12833A9F860100C4
:1010800000234360038170470A2310B50446838020
:1010900001F060FF2368E0809B682046984720812C
:1010A00010BD038970B504469BB1858845B1013DEB
:1010B000ADB285806DB903681B68BDE87040184704
:1010C00001F048FFE388C01A238980B2834201D22D
:1010D000258170BD236820465B68EEE7002303602E
:1010E0007047000038B5084B09291B7828BF092133
:1010F0008B4204460D4602D10023036038BD01F047
:101100001DFF25712060F9E714040020036810B565
:1011100004460BB9002010BD01F010FF2368C01A6F
:1011200040F2EE239842F5D90023054A2360127855
:1011300023799A42EED0034A0120D377EBE700BF30
:101140001404002070040020FF2343710023017168
:10115000837103818372704738B5037904460D4665
:101160005BB14179A94208D041B101290AD00023DD
:10117000A371657155B1012D0FD038BD03689B680F
:101180009847F4E703680021DB68F9E723689B6868
:10119000012120469847A071EFE723682946DB68C4
:1011A000F7E72DE9F04F2DED068B85B0837B077CAB
:1011B0000093C37B009A857CC67C90F815C090F89C
:1011C00020E090F82280BF000C4647EA931703F016
:1011D0003F01437C490141EAD20103F0010247EAA1
:1011E000822705F00F02D20142EA530206F07F0384
:1011F0001B0143EA1513057D01936D0045EAD615E1
:101200000CF0030645EA4623867D029206F01F0590
:10121000AD0108EE103A45EA9C03C57D90F819C06F
:101220000391ED0008EE903A45EA5613057E0CF066
:10123000070609EE103A45EA0623857E05F03F06CB
:10124000760109EE903A46EADC03C67E90F81CC0AF
:10125000B60046EA95160CF0010546EA8526457F5C
:1012600005F00F0B4FEACB1B4BEA5C0B90F81EC04E
:101270000CF07F0A4FEA0A1A4AEA151AC57F6D0078
:1012800045EADC150EF0030C45EA4C2590F821C028
:101290000AEE103A4FEAC808009B48EA5C180CF0C6
:1012A0001F0990F80DC003F007004CEA00204FEA38
:1012B000891949EA9E09FFF716FA03992080084622
:1012C000FFF711FA60803846FFF70DFA029AA08006
:1012D0001046FFF708FA019BE0801846FFF703FA73
:1012E000208118EE100AFFF7FEF9608118EE900ACF
:1012F000FFF7F9F9A08119EE100AFFF7F4F9E08180
:1013000019EE900AFFF7EFF920821AEE100AFFF7A4
:10131000EAF960823046FFF7E6F9A0825846FFF707
:10132000E2F9E0825046FFF7DEF920832846FFF716
:10133000DAF960834846FFF7D6F9A0834046FFF705
:10134000D2F94FF48063E0832384638405B0BDEC5D
:10135000068BBDE8F08F2DE9F04104460F4601F001
:10136000F9FD4FF001080546236820461B689847A1
:10137000064650B9A37A012B1FD12389ED1A40F6F6
:10138000C4139D42C8BFA07217E0236820465B6863
:101390009847A37AA3B90F2814D1A4F80A80E37A56
:1013A000E2180133DBB2182B1073E3720AD9394605
:1013B0002046FFF7F6FE0023A3723046BDE8F08119
:1013C000012BECD02581CFE7827922B14379012B23
:1013D00001D8FFF7C0BF00207047704770477047C3
:1013E000002070477047002070470020704770470A
:1013F000002070470020704770470000054BDA6CF2
:101400000243DA64DB6C82B003400193019B02B0BB
:10141000704700BF00100240054B9A6D02439A6569
:101420009B6D82B003400193019B02B0704700BFE7
:1014300000100240054B1A6E02431A661B6E82B002
:1014400003400193019B02B0704700BF00100240AF
:1014500050E8003F43F0200340E80032002AF7D173
:10146000704750E8003F43F0800340E80032002A14
:10147000F7D1704750E8003F23F0200340E80032E6
:10148000002AF7D1704750E8003F23F0400340E8BE
:101490000032002AF7D1704750E8003F23F0800364
:1014A00040E80032002AF7D1704700000288044B60
:1014B0005140C9B233F8113083EA122303807047D8
:1014C000507A0108A2B110B4B0F800C0094C0A4427
:1014D00011F8013B83EA0C03DBB2914234F813307C
:1014E00083EA1C2CA0F800C0F2D15DF8044B7047D1
:1014F000704700BF507A010837B54FF6FF730446B6
:10150000ADF806304518AC4203D1BDF8060003B073
:1015100030BD14F8011B0DF10600FFF7C7FFF2E71D
:10152000044B1888044B1B8880B29BB2C01A18BFAA
:10153000012070473E4000203C400020044A002328
:101540001380044A1380044A1380044A13807047AE
:101550003C4000203E40002040420020424200200B
:1015600001207047044B1888044B1B8880B29BB243
:10157000C01A18BF01207047464A0020444A002084
:10158000044A00231380044A1380044A1380044A47
:1015900013807047444A0020464A0020484C0020EF
:1015A0004A4C002000207047704700000649074A57
:1015B0000B8812880133C3F3080392B29A421EBF0C
:1015C000034AD0540B807047363600203436002052
:1015D000343400200023A0F87032A0F86E32704737
:1015E0000023A0F85C32A0F85A3270473C4B5A6A8C
:1015F000037A92B263B18389D31A9BB2B3F5FA7FAF
:1016000084BF00230372837A4F2B84BF00230372AD
:10161000037A8281082B0FD8DFE803F0050E0E0E47
:101620000E0E0F1B2600EE2901D0C82904D101237C
:10163000837241750623037270473D299FBF837AE9
:101640005A1C1B1882728FBF0023597541720723E1
:10165000F1E7827A531C0244DBB283725175427AFD
:101660009A42E9D20823E6E7837A5A1C034482723D
:101670005975C37D162B04D1012380F865300923E9
:10168000D9E74369174A03F0FF23934203D10123AB
:1016900080F86730F3E7144A93421CD1837E102B05
:1016A00019D1C37E022B08D0052B0DD0012BE6D11A
:1016B000027EEE2A08BF80F86A30037EEE2BDED170
:1016C000012380F86B30DAE7012380F86830037F6C
:1016D00080F86930D3E7012380F86630CFE700BF98
:1016E0000004004000C8002800C80032044B1888DD
:1016F000044B1B8880B29BB2C01A18BF01207047F0
:1017000036360020343600200278024B51405B5CB4
:1017100003707047C8650108FF230370704700BF5E
:101720007047B0F86E32B0F870229B1A98B21B0462
:1017300044BF00F5006080B2003818BF0120704738
:10174000A0F11400EDE7B0F87032B0F86E229A42C2
:101750001FBFC218B0F8721292F87422013316BF7C
:101760000B400022A0F8703210467047A0F1140020
:10177000E9E770B50B7803704B7843700B78FD2B5D
:1017800005460C4638D18B788370CB78C3700B79C3
:1017900003714B7943718B7983718B68C3718B684B
:1017A000C3F30F2303728B7A43720A26627804F123
:1017B0000C01A81911F08AFD6378B4F80C213344A8
:1017C000981CEA545A1CB4F80C1192B2090AA95494
:1017D000A278D20780B20ED504F58872054404F5CC
:1017E0008E7452F8041B45F8041BA242F9D11278FA
:1017F0002A700F3398B270BD00238B700B79837001
:101800004B79C3708B7903718B6843710626CDE7E2
:1018100038B54A78352A0D46044601F10C010AD83C
:1018200011F054FD68780021C0F136022044BDE873
:10183000384011F06DBF403551F8043B40F8043B8F
:10184000A942F9D10B88038038BD38B54A781B2AE4
:101850000C46054601F10C010AD811F037FD6078FD
:101860000021C0F11C022844BDE8384011F050BFEF
:10187000283451F8043B45F8043BA142F9D138BD66
:1018800038B54A78082A0D46044601F10C010AD8F9
:1018900011F01CFD68780021C0F109022044BDE868
:1018A000384011F035BFEB6803604B6843600B7A3A
:1018B000037238BD38B54A78072A0C46054601F14F
:1018C0000C010AD811F002FD60780021C0F1080275
:1018D0002844BDE8384011F01BBFE36803604B6843
:1018E000436038BD08B52C220348002111F010FFD9
:1018F000024B00221A7008BDF40E0020F4060020EE
:101900002DE9F0411378037092F8018080F801808E
:10191000FD2B04460F46154654D193788370D37837
:10192000C3701379037153794371937983716B7A1F
:10193000127A1B0403EB0223EA79134423F07F435A
:101940000A26A26863F31702A260A919424604F1AD
:101950000C0011F0BBFC7A7B904507D208F10C001B
:10196000A2EB08020021204411F0D2FE63781E444D
:10197000AB195A78AB5D03EB0223A4F80C31A378C2
:10198000DB070ED5023615FA86F304F5887203F1EB
:101990000C0153F8040B42F8040B8B42F9D11B786D
:1019A0001370BB7A84F82131FB7A84F822313B7BB7
:1019B00084F823317B7B84F824313B7884F8203110
:1019C000BDE8F0810023438093780371D37843719D
:1019D0001379837153790626B3E738B54A78132A09
:1019E0000C46054601F10C010AD811F06FFC607835
:1019F0000021C0F114022844BDE8384011F088BE2F
:101A0000203451F8043B45F8043BA142F9D138BDDC
:101A1000084611460BF083BE0BF082BD0BF014BEDE
:101A20000BF0C6BD08B50BF06DFD003818BF0120E6
:101A300008BD08B50BF0F8FD003818BF012008BD3F
:101A40000BF01EBD2DE9F04F0C465188B1F58C7F8F
:101A5000054685B04FF000000ED31070D91CC9B2F6
:101A6000012995BF01210023518053809CBF237021
:101A7000117000232B7049E016780E2E00F293802F
:101A800001A757F826F000BF5D1A0008C51A000824
:101A9000ED1A0008151B0008A71B0008A71B00086B
:101AA000A71B0008A71B0008A71B0008A71B00080E
:101AB000A71B0008A71B0008A71B0008A71B0008FE
:101AC000271B0008481C508063542178FD299BB2D5
:101AD00006D10C330A21D380918002231370C8E70A
:101AE00008330621D38091800E23F7E7481C5080ED
:101AF0006354D80742BFD1880D31D180012B4FF0FC
:101B000000018CBF0B46032313702970002005B021
:101B1000BDE8F08F481C5080635400218B4214BFF5
:101B20000B460E23F0E7481C508063545388D1883D
:101B30008B4232D300235380137002232B706980B1
:101B40002378FD2B35D163792B72A3796B72637A7D
:101B5000227A1B0403EB0223E27913446B6063785F
:101B600003F10C026A80A278D10701D519336B808A
:101B700000266968DFF8FC806E8140F285120C2037
:101B8000B31801335B0800FB03F758F80770B9423C
:101B900018D25A1EB242F3D816E092889A423FF603
:101BA00068AF012366E7107050809080D080287065
:101BB000ACE7E3782B7223796B7263796B6063789F
:101BC0000833D4E71E46E5D80C27774358F807308A
:101BD000994227D123782046FD2B10F801BF0CBF76
:101BE0004FF00A094FF0060909EB0B03591E89B2A1
:101BF00047440193FFF780FC97F804A0ADF80E006E
:101C000051460DF10E00FFF751FC019BE218E35C19
:101C1000527803EB0223BDF80E209BB29A420AD001
:101C2000052300E003232B701846023801288CBFDF
:101C3000002001206BE7BB79DA0706D5FA799345D6
:101C400082BF04EB09018A5CAA729B0709D50C23A9
:101C500003FB068362781B7A9A4282BF4C44E35CA2
:101C6000EB720C2303FB068385F80CA05B796B7386
:101C70000220DAE7C86601080148436AFFF7E8BBBB
:101C8000004400400A4A0B4B12680B49A3FB023286
:101C90003220920C00FB02F2084B486802F5FA72FF
:101CA000A3FB023292094B681B1A9A42FBD8704779
:101CB000E802002083DE1B43001000E0D34D6210D9
:101CC00008B5FFF7DFFF4FF0904310229A6108BD7F
:101CD0004FF0904310229A62FFF7D4BF30B587B01F
:101CE000034601AC00F1100518685968224603C28A
:101CF0000833AB421446F7D10024094D8DF8144047
:101D0000A96801A8FEF76CFA10B920B207B030BD7F
:101D10000134302C05F10C05F2D14FF0FF30F5E71E
:101D20002C00002002780A4B90F801C08178D24341
:101D3000D2B29A5C82EA0C0290F803C09A5C4A40E4
:101D4000995C027981EA0C01595C4A40985C7047C1
:101D5000C8650108028810B58488531C2340448854
:101D60009C421EBF12189171038010BD411A88B2A7
:101D70000B0444BF00F5007080B2704770B5104C82
:101D80000025234626782EB166788E4202D1A678A9
:101D900096420BD001350C2D04F10404F2D100243D
:101DA00013F824501DB101340C2CF9D170BD01255C
:101DB00003F8245003EB8403D87059709A70F5E748
:101DC000F90600202DE9F8430B460D795A7A9E7AE0
:101DD000DF7A204B097A1B5CDB07044600D50DB97E
:101DE000FFF7CCFF00231C491A4898464FF0010E1C
:101DF0009C4201F8018B25D02DB90278920702D5BB
:101E000001F801EC1EE0154A4FF0000C92F800902A
:101E1000B9F1000F0FD092F8039099450BD1002E25
:101E2000EED092F80190B14505D1002FE8D092F89C
:101E30000290B945E4D00CF1010CBCF10C0F02F199
:101E40000402E3D10133DBB2042B00F10100CFD156
:101E5000BDE8F88329070020F5060020F9060020D8
:101E6000F0B50546FD2305F80C3B85B004468DF81A
:101E7000043090F8243103F10C020244012B42D8C3
:101E80000026637066808DF805308B7A23718DF89B
:101E900008308B7AADF8066001338B7263798DF868
:101EA0000930A3798DF80A30A368C3F317031A1217
:101EB0008DF80B3009211B140DF105008DF80D3044
:101EC0008DF80C20FFF718FB6778ADF802003A4652
:101ED00029460DF10200FFF7F5FA94F82311FFF7F8
:101EE000E5FA94F82421BDF80230A4F80C319742A9
:101EF00010D207F10C00D21B3146204405B0BDE8DA
:101F0000F04011F005BC12F8010D0028B8D1013BDA
:101F1000DBB2B3E705B0F0BD704707B503688DF8D5
:101F200007101B6901220DF10701984703B05DF806
:101F300004FB13B5044608460191FEF75BF92368DC
:101F400001991B6982B2204602B0BDE810401847D3
:101F500008B5FFF7EEFF08BDB0F1904F08B5014698
:101F600007D10120FFF74AFA114B99420BD12020EB
:101F700014E0104B98420BD003F58063984209D1CE
:101F80000420FFF73BFA0C4B994210D1402005E0AA
:101F90000220E7E7094B984204D10820BDE8084039
:101FA000FFF72CBA064B9842DED11020F6E708BDA9
:101FB000001400480004004800180048000C0048C5
:101FC0000010004808B5224B984201460BD14FF44F
:101FD0000060FFF72FFA1F4B99420DD1BDE8084072
:101FE0002020FFF719BAB0F1804F0ED01A4B98425B
:101FF0000FD10220FFF710FA184B99420FD14FF47E
:102000000050BDE80840FFF715BA0120FFF704FAB9
:10201000E1E7134B984208D10420FFF7FDF9114B7B
:1020200099420CD14FF48030EBE70F4B9842D2D15C
:102030001020FFF7F1F90D4B994206D008BD0C4B6B
:102040009942F8D14FF40030DBE74FF48020D8E715
:10205000002C014000140040000400400034014006
:1020600000080040004001400010004000480140CE
:10207000004401402DE9F04387B00E460546144662
:102080000021142201A89DF838809DF83C901F463D
:1020900011F03EFB00960B2C07D8DFE804F0070791
:1020A0000A121414141616161A1CFEE703230193C1
:1020B00001E002230493032F11D8DFE807F0111386
:1020C00021110123F6E70123F1E701230193039393
:1020D000F1E70223EBE7022301930123F7E7FEE791
:1020E00002230293B8F1100F0CD8DFE808F02D2D71
:1020F0000C11131517191B1D1F21232527292B0030
:102100000123EEE7FEE701230593022301931EE07E
:102110000223F9E70323F7E70423F5E70523F3E7B1
:102120000623F1E70723EFE70823EDE70923EBE7B1
:102130000A23E9E70B23E7E70C23E5E70D23E3E7B1
:102140000E23E1E70F23DFE7B8F1000FDDD1B9F18E
:10215000000F02D02846FFF7FFFE053C042C05D8EF
:10216000DFE804F0030B04030B00AE626946284667
:102170000EF01CF807B0BDE8F083AE61F6E713B5CA
:102180004FF0010C0024CDE9004CFFF773FF02B0C3
:1021900010BD13B50124CDE900340323FFF76AFF16
:1021A00002B010BD70B586B00023164604460D4639
:1021B000ADF80630FFF706FF042E04D8DFE806F07E
:1021C000303404384100FEE71F4B204A1B68B3FB44
:1021D000F2F39BB20022013B01A92046ADF8043086
:1021E000CDE90225049205920EF08CFA236823F0C3
:1021F00080032360A36823F4A03323F00703A360C4
:10220000636823F0007323F070036360636823F452
:1022100070036360A36823F08003A36006B070BD01
:10222000094B0B4A1B68D2E7074B0A4A1B68CEE7EB
:10223000054B074A1B68B3FBF2F303EB83035B0018
:10224000C7E70123C6E700BFE802002080A812010B
:1022500040420F008096980010B50446FFF7A2FF99
:10226000236843F00103236010BD00224FF0FF31CB
:10227000FFF7F2BF034A034603CA186059601068AB
:10228000986070479075FF1F274B10B5274C5B680F
:1022900023600CF085F94FF090400DF027FF2448A3
:1022A0000DF024FF23480DF021FF23480EF086FA9D
:1022B00022480EF083FA22480EF080FA21480EF0F0
:1022C0007DFA21480EF0B2F920480EF0AFF90EF079
:1022D000B3F84FF0E02200231D491361536193616D
:1022E0008A6822F0030242F001028A6072B64FF05F
:1022F000FF319A0002F1604202F561420133082B7E
:10230000C2F88010C2F88011F3D162B6114A136886
:1023100023F0070343F001031360034B1B6883F3AF
:10232000088823689847FEE70000FF1FF00600209A
:102330000004004800080048003801400044004004
:1023400000480040004C004000300140003C00408C
:1023500000100240000001400749084A881AEFF3C4
:102360000883521A1A44013A013B984288BF00225E
:10237000AA2111F0CDB900BF0080002000040000A8
:1023800010B5114C0323204606224021FFF7F7FE2B
:10239000032302224FF400414FF09040FFF7EFFE7D
:1023A00003231A4620462021FFF7E9FE2046032397
:1023B00005228021FFF7E3FE20460323BDE81040FD
:1023C00005220121FFF7DBBE00040048024B18691B
:1023D000C0F34010704700BF0004004808B5FFF785
:1023E000F5FF00B908BD00BFF9E70000024B01226C
:1023F0009A6280229A61704700040048024B802252
:102400009A6201229A61704700040048104A536999
:102410004FF4704123F4704391FAA1F153610D4BD5
:102420005A6822F400425A601A6822F400421A6084
:10243000DA6822F40042DA609A6842F400429A6054
:10244000054BD02283F828234FF480725A607047DE
:10245000000001400004014000E100E0044B4FF4A3
:1024600000425A611A6842F400421A60704700BF85
:10247000000401400348002303224FF48071FFF75A
:102480007EBE00BF00040048024B1869C0F3002064
:10249000704700BF0004004808B505220023022150
:1024A0004FF09040FFF76BFE0023052201214FF013
:1024B0009040FFF764FE4FF0904302229A6201229F
:1024C0009A6208BD4FF090414B691A04DB4302F455
:1024D000003203F0020313438B6170474FF09041C9
:1024E0004B691A04DB4302F4803203F00103134307
:1024F0008B61704708B5052200234FF480714FF0BF
:102500009040FFF73CFE4FF090434FF480729A6288
:1025100008BD4FF090431A284FF48072CCBF9A61E7
:102520009A6270471D280EDC1A280FDC172810DC71
:10253000132811DC1128B5BF00200120102311231E
:1025400008701370704713201E23F9E70C201B231B
:10255000F6E708201823F3E704201423F0E70846E1
:1025600011461A46FFF7DEBF0C4BD3F8FC2022F0D1
:102570008072C3F8FC20D3F8FC2042F08072C3F8CC
:10258000FC20A3F55D431A6822F001021A601A6864
:1025900042F001021A6000225A60704700ED00E02C
:1025A000064A074B51681B6810B5064CB3FBF4F3A1
:1025B000584353685B1A8342FBD310BD001000E000
:1025C000E802002040420F007FB50123CDE904134B
:1025D000002201A902A8CDE902230CF08BF9002802
:1025E0000CBF0420052007B05DF804FB014608B5C8
:1025F00000200CF0E9F800280CBF0420052008BDDD
:1026000008B5FFF7E1FF031F5842584108BD08B560
:10261000FFF7ECFF031F5842584108BD2DE9F3476F
:102620002A4B2B4D012814462A482B4A0E4617BF29
:10263000AA463D213C211D46019106BF9A4680468F
:1026400090460CF07BF801992846FFF7D9FF30B986
:1026500000240CF085F8204602B0BDE8F087002E7B
:1026600008BF4FF4FC64073424F0070405F1100799
:10267000B1463444AAEB050AA1450BD14FF0113203
:102680004FF0FF332846FFF7C2FF003818BF012084
:102690008400DEE76EB90AEB0703D3E90023B3F148
:1026A000FF3F08BFB2F1FF3F06D1083709F1080923
:1026B000E2E7D9E90023F2E7B84505D93846FFF744
:1026C000A6FF0028F1D1C3E70324C2E700E0010818
:1026D00000E80108FFEF0108FFE7010810B50CF062
:1026E0002DF809483C21FFF78BFF58B107483D21E1
:1026F000FFF786FF003818BF012084000CF030F887
:10270000204610BD0446F9E700E0010800E8010892
:1027100030B5084D002340F2EF749AB2914201D8CF
:10272000042030BDA34203D05A5DC2540133F4E704
:102730000320F6E710E0010813B50A46044672B616
:10274000019101460020FFF769FF62B60428019A53
:1027500005D172B601202146FFF760FF62B602B0D4
:1027600010BD000038B5124B1C68D3F80058B4F106
:10277000113F09D1B5F1113F17D0002211460120B8
:10278000BDE83840FFF74ABFB5F1113F03D1002241
:1027900011461046F4E7FFF7A1FF042804D12C40AE
:1027A00001340CBF0220012038BD0420FCE700BF2B
:1027B00000E00108034B18739A68D207FCD5187B18
:1027C000704700BF0030014038B5441E8D18A94243
:1027D00000D138BD14F8010FFFF7ECFF01F8010B31
:1027E000F5E7084611461A46FFF7EEBF38B5064D25
:1027F00004460144A14200D138BD2878FFF7DAFF32
:1028000004F8010BF6E700BF6C02002008461146F1
:10281000FFF7ECBF10B5014404468C4200D110BD57
:1028200014F8010BFFF7C6FFF7E708461146FFF75C
:10283000F1BF000010B58AB028220021684610F0D0
:1028400067FF4FF48050FEF7F5FD102103230622A9
:102850004FF09040FFF793FC4FF0904010238361BE
:102860000A2206232021FFF794FC06230A22802156
:102870004FF09040FFF78DFC0623032240214FF0DC
:102880009040FFF786FC1822154C06924FF4827296
:10289000002301924FF40072CDE90333CDE90733F1
:1028A0000093059207234FF4E0626946204609939E
:1028B00002920DF0EDFE636823F01003636063681D
:1028C00023F008036360236843F040032360A36898
:1028D0009B07FCD5237B034BFF221A700AB010BD67
:1028E000003001406C0200201C4B10B4DC69A006D3
:1028F00011D51A6891060ED519481A495A6A0388E3
:1029000009880133C3F30A0389B299421FBF1649EC
:10291000D2B2CA54038011481F232206036215D580
:1029200003681B0612D5114B114A1988138889B206
:102930009BB299420DD013880133C3F3080313806F
:1029400013880C4A9BB2D35CDBB283625DF8044B04
:1029500070475DF8044BFEF79FBD00BF0038014093
:102960003E4000203C4000203C38002042420020F5
:1029700040420020404000200A490B4A08B50B881D
:1029800012880133C3F3080392B29A4207D0074A70
:10299000D05407480B80FEF764FD012008BD0020DD
:1029A000FCE700BF4242002040420020404000209F
:1029B0000038014038B504464518AC4200D138BD56
:1029C00014F8010BFFF7D8FFF7E708461146FFF7A9
:1029D000F1BF0000054B064A1B8810880133C3F382
:1029E000080380B2181A18BF012070474242002025
:1029F0004042002008B5FFF7EDFFB0FA80F0400933
:102A000008BD0000054B064A1B8812889B1A98B225
:102A10001B0444BF00F5006080B270473E400020B8
:102A20003C400020FFF7EEBF0848094A01881388A0
:102A300089B29BB29942F9D013880133C3F30A03D8
:102A400013801388034A9BB2D05C70473E4000203D
:102A50003C4000203C380020FFF7E6BF70B588B04E
:102A60000C460646154600212022684610F050FE0E
:102A7000231E18BF01231B03CDE9023569460C2331
:102A800003480196049405930DF0DAFE08B070BD7A
:102A90000038014010B5064C236823F00103236081
:102AA000FFF7DCFF236843F00103236010BD00BF84
:102AB00000380140002208461146FFF7EBBF000036
:102AC00010B53D4C236823F0010323604FF4804090
:102AD000FEF7B0FC4FF4007108230A224FF090403B
:102AE000FFF757FB082303224FF480614FF090401B
:102AF000FFF74FFB002211464FF4E130FFF7AEFF26
:102B000063682E4A23F490436360A36823F02A038A
:102B1000A360236823F00053236002F6080353E800
:102B2000003F23F0604302F6080040E8003100292E
:102B3000F3D102F6080353E8003F23F0606302F686
:102B4000080040E800310029F3D11D4BB02283F882
:102B5000252320225A601848FEF79EFCFEF793FCBE
:102B600040230362174B1980174B1980FEF782FC34
:102B7000164B1980164B1980436823F40063436099
:102B8000836823F008038360436823F48043436031
:102B9000836823F022038360836843F48053836057
:102BA000036843F001030360C3699A02FCD5C3695B
:102BB0005B02F9D510BD00BF003801400030014074
:102BC00000E100E040420020424200203C40002062
:102BD0003E40002008B5FFF773FF0348436ABDE895
:102BE0000840FEF735BC00BF00380140FFF7F2BFD8
:102BF0001C4B10B4DC69A00611D51A6891060ED5DD
:102C000019481A495A6A038809880133C3F30A0329
:102C100089B299421FBF1649D2B2CA5403801148E3
:102C20001F232206036215D503681B0612D5114B1C
:102C3000114A1988138889B29BB299420DD0138822
:102C40000133C3F30803138013880C4A9BB2D35C8F
:102C5000DBB283625DF8044B70475DF8044BFEF70E
:102C60001BBC00BF00800040464A0020444A0020B0
:102C7000444200204A4C0020484C0020484A002092
:102C80000A490B4A08B50B8812880133C3F30803BD
:102C900092B29A4207D0074AD05407480B80FEF7F9
:102CA000E0FB012008BD0020FCE700BF4A4C0020EB
:102CB000484C0020484A00200080004038B50446B7
:102CC0004518AC4200D138BD14F8010BFFF7D8FF0E
:102CD000F7E708461146FFF7F1BF0000054B064A2B
:102CE0001B8810880133C3F3080380B2181A18BF79
:102CF000012070474A4C0020484C002008B5FFF7DF
:102D0000EDFFB0FA80F0400908BD0000054B064A0F
:102D10001B8812889B1A98B21B0444BF00F5006000
:102D200080B27047464A0020444A0020FFF7EEBFB9
:102D30000848094A0188138889B29BB29942F9D0A0
:102D400013880133C3F30A0313801388034A9BB229
:102D5000D05C7047464A0020444A0020444200208C
:102D6000FFF7E6BF70B588B00C4606461546002151
:102D70001C2201A810F0CCFC231E18BF01231B034A
:102D8000CDE9033501A90C23034802960594069367
:102D90000DF0A6FA08B070BD0080004010B5064CDA
:102DA000236823F001032360FFF7DCFF236843F06F
:102DB0000103236010BD00BF0080004000220846D0
:102DC0001146FFF7EBBF000013B53B4C236823F01F
:102DD00001032360394BDA6D42F00102DA65DB6DE5
:102DE00003F001030193019B0A220D2304214FF0FC
:102DF0009040FFF7CEF90D23032208214FF09040B9
:102E0000FFF7C7F9002211464FF4E130FFF7AAFFA0
:102E1000236823F00053236004F1080353E8003FC4
:102E200023F0604304F1080141E80032002AF3D1A5
:102E300004F1080353E8003F23F0606304F1080243
:102E400042E800310029F3D11D4BF02283F85B23C7
:102E50004FF000629A601848FEF71EFBFEF713FB66
:102E600040232362174B1980174B1980FEF702FB92
:102E7000164B1980164B1980636823F40063636056
:102E8000A36823F00803A360636823F480436360AE
:102E9000A36823F02203A360A36843F48053A360D4
:102EA000236843F001032360C3699A02FCD5C36918
:102EB0005B02F9D502B010BD008000400010024056
:102EC00000E100E0484C00204A4C0020444A002029
:102ED000464A002008B5FFF777FF0348436ABDE87C
:102EE0000840FEF7B5BA00BF00800040FFF7F2BF10
:102EF000024B1A68024B1A60704700BF44640020FE
:102F0000DC0C0020054A064B1968136899421DBF66
:102F10000133012013600020704700BFDC0C00204B
:102F200044640020034A0449136809680B44136091
:102F3000704700BF44640020EC020020014B186879
:102F4000704700BF446400200148FFF78EB900BFFE
:102F500000040040014B586A80B2704700040040F2
:102F600008B5FFF7F1FFBDE80840FFF7C1BF00005B
:102F7000044BDA6822F00202DA606FF002021A6192
:102F8000704700BF00040040002208B50260FFF750
:102F9000EFFF044BF02283F81D234FF000521A601C
:102FA00008BD00BF00E100E008B5036853B1FFF7BA
:102FB000DFFF054B5A6A114489B25963DA6842F05F
:102FC0000202DA6008BD00BF00040040074B1A6926
:102FD000920709D56FF002021A61DA6822F0020244
:102FE000DA60034B1B681847704700BF00040040BD
:102FF0003034002038B51C4CC0220021201D10F0B8
:1030000087FB012323800F2318496380A3800522B7
:103010004323A01DFDF7DCFC154A14490723C4E92E
:1030200013233F230225A4F854300522432304F13F
:103030005600A4F84A50FDF7CBFC4FF48033C4F897
:103040009C300C49A4F89A50002304F1AC00C4E968
:10305000293384F8A03010F00BF97F2384F8C130B5
:10306000052384F8C23038BD2C060020585E0108C4
:103070000F000300C949010870B5094E05460C460A
:10308000415C304610F00BF9034628B1831B013335
:10309000DBB2282B28BF0023F35C2B5570BD00BF8B
:1030A0009C65010870B50D4611460446164610F0A1
:1030B000DFF82DB3013D082D08D8DFE805F0051134
:1030C000131517191B1D1F0035236371627973795E
:1030D0009A4215D120460521BDE87040FFF7CCBFCC
:1030E0006123F2E76623F0E76B23EEE77023ECE75A
:1030F0007523EAE77A23E8E73123E6E73223E4E7BA
:1031000070BD0000F7B5054605F11106214C224AB5
:10311000014636016846FFF7C5FFB01C69462044EA
:1031200010F0A6F8264404EB05120023022777725C
:10313000A2F81A31142202FB05400421012280F872
:1031400050104FF4807540F20111A0F84A20C2647B
:10315000A0F8522080F85520A0F85650A0F858103A
:1031600040F2032084F83430E284A562A08584F81C
:103170002E2084F8307084F83330C4F83A30C4F824
:103180003E30C4F84230A4F84610A4F8481003B00A
:10319000F0BD00BF7004002084490108F7B5054662
:1031A000B04CB14A05F11106014637016846FFF7F8
:1031B00079FFB81C274469462044FDF72BFB7B7A36
:1031C000AA4A072B88BF002304EB061088BF7B7236
:1031D0001188437A41FA03F313F001030DD14372CE
:1031E00059B111F0010308D141FA03F7FF07D8B232
:1031F00040F1D68104EB0613587204EB05112B0144
:1032000091F81A01052802D9002081F81A01E7185F
:10321000508897F81A1140FA01F111F001010FD10D
:1032200087F81A1160B110F0010109D140FA01FCD0
:103230001CF0010FCFB200F0B881E11881F81A71CB
:10324000E11891F81B01032802D9002081F81B0125
:1032500004EB0616717A012903D9042901D0002153
:103260009180E618908896F81B1140FA01F111F050
:1032700001010ED186F81B1158B110F0010108D1DF
:1032800040FA01F7FF07CEB240F19481234483F85E
:103290001B61142303FB054191F84A00042802D95D
:1032A000012081F84A0003FB054393F84B100429E1
:1032B00002D9002183F84B10142303FB0543B2F815
:1032C0004A1093F84B0041FA00F0C00712D40120D5
:1032D00083F84B0071B18807C1F340030AD441FA67
:1032E00003F6F707D8B240F16A81142303FB0543C4
:1032F00083F84B00142303FB054393F84C10032978
:1033000002D9012183F84C10142000FB0540B2F8CB
:103310004C1090F84C3041FA03F313F0010310D134
:1033200080F84C3069B111F001030AD141FA03F67B
:10333000F607D8B240F14881142303FB054383F814
:103340004C00142303FB054393F84E10012902D9C6
:10335000002183F84E10142000FB0540B2F84E10F7
:1033600090F84E3041FA03F313F0010310D180F8C6
:103370004E3069B111F001030AD141FA03F6F707A3
:10338000D8B240F12681142303FB054383F84E0095
:10339000142303FB054393F84F10022902D900219F
:1033A00083F84F10142000FB0540B2F8503090F81D
:1033B0004F1043FA01F111F0010110D180F84F10C4
:1033C0006BB113F001010AD143FA01F6F607C8B256
:1033D00040F10481142101FB054181F84F001421C3
:1033E00001FB054090F84D60022E02D9002680F8BE
:1033F0004D6001FB054191F85000052802D90420D9
:1034000081F85000142101FB054090F85260012E14
:1034100002D9012680F8526001FB054191F8550060
:10342000012802D9012081F85500142101FB054132
:1034300091F85300022802D9002081F85300142685
:1034400006FB0546B2F8520096F8531040FA01F117
:1034500011F0010117D186F85310A0B110F001014D
:1034600011D105E070040020844901082C060020D9
:1034700040FA01F7FF07CEB240F1B580142101FBFD
:10348000054181F85360142101FB054090F8566016
:103490000C2E02D9002680F8566001FB054191F8F8
:1034A0004C00012809D191F84F60022E05D1DF07A9
:1034B00040F19E80002381F84F30142303FB054325
:1034C000012140F2011083F85710A3F8580094F836
:1034D0002630042B01D984F8261094F82730042BC9
:1034E00002D9002384F82730B2F89A0094F82730E4
:1034F00040FA03F313F0010F8A4B0ED1012184F837
:10350000271050B18607C0F3400106D440FA01F7F6
:10351000FF07CEB271D583F8276094F828100229EE
:1035200002D9002184F8281094F82910022902D920
:10353000012184F82910B2F89C1094F8292041FA4E
:1035400002F212F001020CD184F8292049B111F0E5
:10355000010206D141FA02F6F607D0B251D583F83E
:10356000290094F82A200C2A02D9002284F82A2063
:1035700093F832200C2A02D9002283F8322093F8E3
:103580002B20042A02D9002283F82B20002266492E
:10359000104611F9014F14F1780F36DA087036E051
:1035A0000133102B7FF420AE27E6013110297FF480
:1035B0003DAE45E6013110297FF462AE69E6013384
:1035C000102B7FF48CAE95E60133102B7FF4AEAE5A
:1035D000B7E60133102B7FF4D0AED9E601311029C4
:1035E0007FF4F2AEFBE6013110297FF441AF4AE7E8
:1035F00013F0020318BF03465DE70131102985D19E
:103600008BE70132102AA5D1ABE7782CC6DC01325A
:10361000D2B20C2ABDD145490022012011F8014F38
:103620000132022CD2B288BF0870042AF6D193F876
:103630003420012A02D9002283F834203C4AB2F80F
:103640009E1093F8342041FA02F212F001020CD1DC
:1036500083F8342049B111F0010206D141FA02F495
:10366000E407D0B211D583F8340093F82C20052A52
:1036700002D9032283F82C2093F82D20032A08D89E
:103680000AD1002283F8342006E00132102AE5D165
:10369000EBE7022283F82D2093F82E20022A02D98C
:1036A000012283F82E2093F83020022A02D9022228
:1036B00083F8302093F833200C2A02D9002283F8B3
:1036C000332093F83520042A02D9002283F83520CC
:1036D000142202FB053191F85A00012802D900207A
:1036E00081F85A0002FB0532FF2103EB05154FF666
:1036F000FF7082F8511082F8541083F82F1083F86D
:1037000031104FF0FF31C5F81C11A5F820011962E6
:10371000998482F85B00A2F85C10D986198703B0FF
:10372000F0BD00BF70040020A9040020B5040020F3
:103730002C060020034670B50846052B04D8DFE8A8
:1037400003F01D0421191D21FEE720261F250F224D
:10375000184CA3702277013B0122A4F84860A4F81A
:103760004A50A276A273042B10D8DFE803F0131A94
:103770001C1C1A0009266F250722E9E714263225AA
:103780000A22E5E7352613251922E1E700232371F4
:10379000237401E022712274FDF738FB60736076B8
:1037A00070BD0223F3E7002323712374A376A37370
:1037B000F2E700BF14040020044B012283F85120DB
:1037C000A3F85220A3F85420704700BF140400202F
:1037D0002DE9F043964D974C00F1110805EB0817C1
:1037E00002378DB006463846FDF730F804210290C6
:1037F00002A8FDF781FE05EB0613E08393F81B3169
:103800004FEA06192BB103EB031303EB0323184410
:10381000E08305EB08135B7A062B40F0BA80E38B5C
:1038200003F5B5432533E383142303FB065305EB6C
:10383000081893F84B00FFF7BFFF98F80910617064
:103840008B1FA944012B8CBF0023012399F81A0177
:1038500084F85630FFF76EFF99F81B21E18B029B2D
:10386000E1806182A36063612AB14FF0113000FBF7
:103870000233A3606361142303FB0653616293F870
:103880004A006D4B84F8292013F9203023732376E6
:10389000002384F82A30637B23B93846FCF7F6FF0F
:1038A00084F82A006078FDF7B1FA644A84F82800A9
:1038B000128802F00101970748BF41F00201A1857B
:1038C0000346500742BFA18D41F00401A1851107B5
:1038D00042BFA18D41F01001A185D70642BFA18D45
:1038E00041F02001A185900642BFA28D42F008025E
:1038F000A285534A03AF02F1200E10685168BC46FE
:10390000ACE80300083272456746F6D11068CCF87F
:103910000000A2784B4F06210CA801FB03031344BF
:10392000B7EE087A13F824CC84F820C007EE90CACA
:10393000F8EEE77A17E90F0067EE877A87E80F005D
:10394000FCEEE77A40F2E243CDED017AA4F84C3088
:103950009DF80430B4F84820A4F84E304FF47A7340
:10396000B3FBF2F3A4F84030142303FB06534FEAF1
:103970005C0CBCF1050F93F8503038BF4FF0050CCC
:1039800084F850C0052B33D8DFE803F00B382C2F18
:103990003235072B7FF448AFE38BA3F5B543263BC5
:1039A00041E74FF416536364002384F8573084F8DA
:1039B0005930142303FB065696F84C30032B03D0E2
:1039C00096F84F20022A02D1012284F85720591E6E
:1039D0004A424A4184F8582094F857208AB1012B72
:1039E0000FD1FEE74FF41643DDE74FF46143DAE70A
:1039F0004FF4E133D7E74FF46133D4E74FF4964304
:103A0000D1E72178142000FB015595F84C100229CC
:103A100007D1012184F8591022B194F859301BB113
:103A2000FEE70AB9012BF8D00DB0BDE8F08300BF66
:103A30007004002014040020585E01082C060020A9
:103A4000C04701084404002002484FF4DE72FF2101
:103A50000FF05EBE7004002002484FF4DE71FEF7E6
:103A60006BBE00BF7004002002484FF4DE71FEF709
:103A70004FBE00BF7004002008B5FFF7F5FF034BF1
:103A80001878BDE80840FFF789BB00BF1404002088
:103A900038B5FFF7D9FFFEF765FE04280CD0FFF715
:103AA000D3FFFEF75FFE042803D1FFF7DDFF0428F4
:103AB00006D0FFF7C9FF03E0FFF7D6FF0428EED1D9
:103AC0002F4930482F4C10220FF00EFC38B12E49F0
:103AD000102220460FF008FC08B1FFF7B5FFA38ABB
:103AE000B3F5215F28D008D30025E8B20135FFF7F0
:103AF00009FB0A2DF9D10023E3774FF42153A38268
:103B0000012522691E491F4842F6A1039A424FF03F
:103B100010021CBF236101250FF0E6FB70B11849AC
:103B200018481022FCF7D2FF184919480822FCF760
:103B3000CDFFFFF791FF03E00025E2E7002DF8D16C
:103B4000E37F104A092B84BF0023E377E17F142031
:103B5000002300FB0144013394F84C0082F84C0030
:103B60000A2B02F11402F6D10A4C2170FFF742FA37
:103B70002078FFF713FB2078BDE83840FFF728BE18
:103B80008B490108700400209C490108AD490108D7
:103B900022060020140400200229F7B5054600D9AA
:103BA000FEE70B4E06EB01131C460F016278F15D38
:103BB000C3609B780AF04AFAE3790193A3790093F2
:103BC00022796379E17828460AF069FA03B0F0BDFA
:103BD000647C010838B5836804466BB1024652F82C
:103BE000143BDD6900F11503A847217D2046202202
:103BF000BDE838400AF0AFBA38BD00007FB58D7A15
:103C00008160044675B301210AF0F6F901212046CE
:103C10000AF00AFB012120460AF020FBA368204697
:103C200093F90810FFF7D6FFA36820461978FFF72D
:103C3000B3FF0022114620460AF0FBF9002300934F
:103C400044F2030220464FF6FF710AF044FA204680
:103C50004FF6FF710AF066FA204604B0BDE87040E6
:103C60000AF0EEBA03210AF0C7F9204601210AF052
:103C7000DBFA204601210AF0F1FAA368204693F905
:103C80000810FFF7A7FFA3685E680C4B23612A4664
:103C90002046102386210AF005FB5B23CDE9005363
:103CA000204602951023042270210AF00AFB2A46BE
:103CB000314620460AF023FBBBE700BF507C0108D9
:103CC00010B504460AF0BCFA20464FF6FF71BDE875
:103CD00010400AF027BA000038B58168036891F9EE
:103CE0000810DD69044600F1150300F11402A8472D
:103CF000A3689A7A42B11A78022A00D9FEE7044BE7
:103D000003EB0213E36038BD024B2361FBE700BF06
:103D1000647C0108507C010810B50A4CA06858B1B9
:103D2000E36823B9236913B92046FFF7D5FFA368D9
:103D30009B7A23B1E3689868A0F57A7010BD236977
:103D4000D868F9E714330020836810B5044683B1BE
:103D5000C3681BB903690BB9FFF7BEFFA3689B7A61
:103D60001BB1E368B3F90C0010BD2369B3F910006F
:103D7000FAE71846F8E7836810B5044643B1C3680C
:103D80001BB903690BB9FFF7A7FF94F9150010BD24
:103D90001846FCE738B5836804460D466BB9012127
:103DA0000AF036FA29462046FFF728FF7D20FEF765
:103DB000F7FBBDE83840FEF751BB38BD90F8D43072
:103DC00053B190F8D520074B03EBC20153F83230C2
:103DD000497953F821007047037C00EB8300406B66
:103DE000704700BF285E010838B5044615460846EE
:103DF00009490FF03DFA04EB850292ED0D0ADFED63
:103E0000077AB8EE400A20EE270A0EF0C3F8FCEE5F
:103E1000C07A17EE900A38BDB34901080000503946
:103E20002DE9F3419DF824701646402F88464FF047
:103E30005B024FF0000104461D4628BF40270FF0EB
:103E400067FCA24BDB8B23803278A37862F30203FA
:103E5000A37073784FEA0818DB0003F0080308F03A
:103E6000300843EA0801A37823F038031943A1700E
:103E70007279E37862F38203E370B279A37962F333
:103E80000003A37196F90200FCF7F2FBE37800F05F
:103E90001F0203F0070343EAC203E3702379C0F370
:103EA000411023F0030303432371F27962F3820389
:103EB0002371327ADBB202F01F0203F0070343EAF8
:103EC000C2032371327A6379C2F3401223F00103F3
:103ED00013436371327962F347036371727AA37893
:103EE00002F0030203F03F0343EA8213A370727AE5
:103EF000E378C2F3800223F001031343E370B27A44
:103F000062F34103E370A37967F34703A3712B784E
:103F1000AA78E3716B7802F01F0203F0070343EA0B
:103F2000C20323726A88637AC2F3451223F03F0307
:103F3000134363722A79DBB202F0030203F03F03FA
:103F400043EA82136372AB88C3F38703A3726A796F
:103F5000E37AC2F3800223F001031343E372AA79E8
:103F6000DBB202F07F0203F0010343EA4203E37293
:103F7000EA88237BC2F3C31223F00F031343237396
:103F80002B7AAA7AE3736B7A02F01F0203F007031D
:103F900043EAC20323746A89637CC2F3451223F0A7
:103FA0003F03134363742A7BDBB202F0030203F086
:103FB0003F0343EA82136374AB89C3F38703A3749B
:103FC0006A7BE37CC2F3800223F001031343E374B2
:103FD000AA7BDBB202F07F0203F0010343EA420353
:103FE000E374EA89237DC2F3C31223F00F03134362
:103FF00023752B8ADB0863756B8ADB08A375AB8A94
:10400000DB08E375EB8ADB0823762B8BB3F5C06FF7
:104010004ED2B3F5007F94BF00230123227B63F3CC
:10402000051222736B8BB3F5C06F43D2B3F5007FDB
:1040300094BF00230123227B63F387122273AB8B8F
:10404000B3F5C06F38D2B3F5007F94BF00230123CE
:10405000227D63F305122275EB8BB3F5C06F2DD271
:10406000B3F5007F94BF00230123227D63F3871201
:10407000089B22751F4404F11802BB4220D14FF661
:10408000FF7321460DF106000D22ADF80630FDF755
:1040900019FA2146BDF8063021F80D3F4C22FDF7F4
:1040A00011FABDF80630A4F8593002B0BDE8F0812D
:1040B0000223B3E70223BEE70223C9E70223D4E7C2
:1040C00013F8011B02F8011FD7E700BF14040020FA
:1040D00013B59DF81040CDE9003413460A4600217F
:1040E000FFF79EFE02B010BD13B5144B0288DB8BA8
:1040F0009A4204461DD1837803F03003102B01D07F
:10410000202B18D1A379A52B15D84FF6FF730DF1ED
:10411000060059222146ADF80630FDF7D3F9B4F870
:104120005900BDF80630C01A18BF0120800002B047
:1041300010BD0120FBE70220F9E700BF14040020B6
:1041400030B53A4B027893F8261061F303020270FF
:1041500093F8271061F30712027093F82810427841
:1041600061F30302427093F8291061F30712427061
:1041700093F82A10827861F30302827093F8321068
:10418000827961F30302827193F82B10827861F3D4
:104190000712827093F83410C27961F30302C2717E
:1041A00093F82C10C27861F30302C27093F82D10BB
:1041B00061F30712C27093F82E10027961F30302C3
:1041C0000271427993F8301061F30302427193F85F
:1041D0003310827961F30712827193F83510C27936
:1041E00061F30712C27103F1390100F10A0200F113
:1041F000160411F9015F02F8015FA242F9D193F8A8
:104200004610C27D61F30102C27593F8471061F355
:104210008302C27593F8481061F30512C27593F8D2
:10422000493063F38712C27530BD00BF70040020AF
:104230000278344BC2F3030230B583F826200278AB
:10424000C2F3031283F827204278C2F3030283F8F3
:1042500028204278C2F3031283F829208278C2F31F
:10426000030283F82A208279C2F3030283F8322002
:104270008278C2F3031283F82B20C279C2F30302BF
:1042800083F83420C278C2F3030283F82C20C2786A
:10429000C2F3031283F82D200279C2F3030283F8DC
:1042A0002E204279C2F3030283F830208279C2F3D0
:1042B000031283F83320C279C2F3031283F8352046
:1042C00003F1390100F10A0200F1160412F9015F4D
:1042D00001F8015FA242F9D1C27DC2F3010283F865
:1042E0004620C27DC2F3810283F84720C27DC2F31B
:1042F000011283F84820C27DC2F3811283F849205D
:1043000030BD00BF700400201FB58DF80C300123B4
:10431000019303AB009313460A460221FFF780FD89
:1043200005B05DF804FB0000F0B5234D012385F8CE
:10433000A030044685B0B0F80900FCF76EFBC5F864
:10434000A400B4F80B00FCF768FB1422C5F8A80021
:1043500004F10D0105F1AC00FCF7CAFB94F9213022
:1043600085F8C13094F8223085F8C23004F123007A
:10437000FFF75EFF6E4604F1410304F15107186830
:104380005968324603C20833BB421646F7D10B4880
:10439000432308226946FCF7C3FA94F85130A5F884
:1043A0009A3094F85230A5F89C3094F85330A5F820
:1043B0009E3005B0F0BD00BF2C0600208206002014
:1043C0002DE9F04395B0DFF89090039204AF4FF0E1
:1043D000400805460E464246002138460FF098F93F
:1043E0001C4C99F80010222204EB01118DF81020CA
:1043F0000DF11200062201F58971FCF767FB99F8AF
:10440000000004EB001107A891F81A2191F8194156
:1044100002F00F0204F00F0444EA021491F81B2189
:1044200002F00F0244EA0224BDF8182022F47F6251
:1044300022F00F021443ADF81840FFF781FECDE9DA
:104440000078039B324602212846FFF7E9FC15B0AD
:10445000BDE8F0837004002014040020034B0449DD
:104460001A68044801FB02001860704730070020FA
:104470000D6619005FF36E3C38B50B4A0B4D13788F
:104480002C78A34205D101332B70287800F001006D
:1044900038BD1470FFF7E2FF6FF0004398423CBF55
:1044A00001342C70F1E700BF2D0700202E070020FB
:1044B0000B4A0C49126882600A6802614A680A491C
:1044C00042610A6882614A68C26100234EF6602236
:1044D000838083718381038402600385704700BFFA
:1044E00044640020B8490108C149010810B50E4CC8
:1044F000A36803B9FEE70D4A12791A70002120461D
:1045000009F063FD4FF47A70FEF74AF82046012166
:1045100009F072FDA36820461978FFF73DFB20469D
:10452000FFF7CEFB10BD00BF1433002014040020A1
:1045300038B5174D0446A878697805281BD14FF681
:10454000FF732385FFF7F6F86B7801229A40238DDD
:1045500023EA020323850F490F48FFF71BFC0E488F
:10456000FFF7AEFB0C481121FFF734FB2046BDE8F6
:104570003840FFF7BBBF002323850220FFF7DAF89E
:104580006A7801239340228D13439BB2E2E700BF78
:1045900014040020180400201433002008B590F8FB
:1045A000203002468BB9FDF76FFF10B982F8210069
:1045B00008BD92F8213001335BB2312B82F82130F3
:1045C000F6DD012382F82030F2E7FDF75DFF18B138
:1045D000322382F82130EBE792F82130013B5BB2C5
:1045E000002B82F82130D8BF82F82000E0E70000DD
:1045F000134B90F820201B68CAB182689B1AB3F550
:104600007A6F01D9012343710379ABB10D4B427B22
:104610001B781AB1022B1CBF032202739A1E53424D
:1046200053414373837953B103230373704783600A
:10463000EAE701230371F8E74379002BF9D17047CA
:104640004464002011080020037B9A1E012A4FF0C9
:10465000000202D890F8201011B902731846704772
:104660001346FBE770B51D4C1D4E05465B2200212D
:1046700020460FF04DF82B6923606B696360194B7E
:10468000194D1B7831789A1E53425341627A05EBDB
:10469000011163F30002627201F58971062204F1CF
:1046A0000A00FCF713FA337805EB031205EB031548
:1046B00092F81B1195F8193192F81A2103F00F03A3
:1046C00043EA02132374637C204661F303035921F8
:1046D0006374FCF711FFA4F8590070BD7533002016
:1046E0001404002011080020700400200A4A38B584
:1046F000138801339BB2502B04460D4601D813801A
:1047000038BD002305491380FDF713FC29462046D8
:10471000FDF70FFCF4E700BFE60C0020374B010863
:104720002DE9F84F154604460F467749FDF701FC81
:1047300029462046FDF7FDFB744B0022012F1A800D
:104740004FF0904610D10223B362B76146F2A81031
:10475000FDF726FFB76246F2A810FDF721FF2946B4
:104760002046FFF7C3FFF0E7BB1E01220C2B00F22F
:10477000BE80DFE803F0374A5E1F07BCBCBC717126
:10478000717171004FF090464FF001080227C6F892
:10479000188046F2A810B762FDF702FFC6F828801D
:1047A00046F2A810B761FDF7FBFE29462046FFF749
:1047B0009DFFEBE74FF090464FF001080227C6F847
:1047C000188046F2A810B761FDF7EAFEC6F8288007
:1047D00046F2A810B762FDF7E3FE29462046FFF730
:1047E00085FFEBE7B26202274FF09046B76146F2D1
:1047F000A810FDF7D5FEB76246F2A810FDF7D0FE6F
:1048000029462046FFF772FFF0E70223B361012734
:104810004FF09046B76146F2A810FDF7C1FEB762AF
:1048200046F2A810FDF7BCFE29462046FFF75EFFC2
:10483000F0E7B26102274FF09046B76146F2A81048
:10484000FDF7AEFEB76246F2A810FDF7A9FE2946B5
:104850002046FFF74BFFF0E7A7F1090A5FFA8AFA53
:1048600000264FF0010956453EBF4FF0904302220B
:104870009A614FF004084FF0904B46F2A810CBF825
:104880001890FDF78DFE46F2A810CBF82890FDF7A2
:1048900087FE08F1FF3829462046FFF727FF18F06A
:1048A000FF08EAD10223CBF828304FF004084FF07C
:1048B000904B46F2A810CBF81890FDF771FE46F227
:1048C000A810CBF82890FDF76BFE08F1FF382946B9
:1048D0002046FFF70BFF18F0FF08EAD10136A7F1D9
:1048E0000803F6B2DBB2B34238BF0026BBE70223AF
:1048F000B261B3614CF25030FDF752FE29462046BA
:10490000FFF7F4FEF6E700BF374B0108E60C002086
:1049100010B50446084694F901308B4201D1237842
:1049200023B901232370FDF7F4FD607010BD000072
:1049300008B5437802789A4213D0042B8ABF042327
:1049400003700370027888BF4370064B064813F962
:104950002210064B19731976836813B11972FFF789
:1049600039F908BD585E01081433002014040020F2
:1049700010B50AB9437010BD541E0B2CFBD803327E
:10498000D2B231F91220C83A03FB022240F271611F
:1049900092FBF1F212B222EAE2729A42C8BF1AB254
:1049A0004270E8E7044B054A1A60054B054A1A6055
:1049B000054B064A1A6070476032002078020020DA
:1049C0000408002080020020643200207C020020C5
:1049D0000A46014610B9024809F0D1BA704700BF33
:1049E0001433002038B515461C46A0B9FDF7FEFC6F
:1049F0000A462B4601460A4809F09AFA08484FF63B
:104A0000FF7109F08FFB22010548BDE8384092B2E2
:104A1000012109F0B0BB0248FFF752F938BD00BFD1
:104A20001433002037B50C4638B91548836833B9BC
:104A3000812281F88C2081F88E3003B030BD9D7AC0
:104A400095B101F18E020DF1060109F0BEFBBDF931
:104A50000630002B0FDB4FF6FF73ADF80630BDF8C4
:104A6000063084F88C30E8E70DF1060109F07DFC92
:104A700084F88E50EBE77F33F1DA4FF68173ECE781
:104A80001433002070B5114C0D4606465B232246B8
:104A900021462846FFF79CFFD6E906132068626886
:104AA0009A4208BF88420ED120465921FCF724FDC6
:104AB000B4F85940231A5C425C4128460449FFF788
:104AC000B1FF601C70BD0024F7E700BF4C3100202F
:104AD000683200200A4608B501460148FFF720FE6B
:104AE0002800002000B591B00446684616461D46D1
:104AF0000EF0BEFB184968460EF0C2FB304609F0C6
:104B000045F9014668460EF0BBFB144968460EF0B5
:104B1000B7FB134B684653F82510124D0EF0B0FB4F
:104B2000114968460EF0ACFB9DF84830684655F8D0
:104B300023100EF0A5FB0D4968460EF0A1FB9DF871
:104B40004C30684655F823100EF09AFB08486A4628
:104B50002146FFF7E5FD00BFCA490108D149010818
:104B6000000000201C000020D6490108DD49010892
:104B70002800002000230370837043700371437189
:104B8000C370704703780022022B427104D0032BBC
:104B900009D0012B16D0FEE70123037143718378FE
:104BA0004370C370704783784278991AA3EB02026E
:104BB00018BF012112F0060F14BF0122002201715B
:104BC0004271EDE70271704702788170002A0CBFD4
:104BD000022203220270FFF7D5BF0000074B2822F4
:104BE00002FB003083681A78542A05D15878A0F166
:104BF0007803584258417047002070476C5E0108A6
:104C0000074B282202FB003083681A78522A05D10C
:104C10005878A0F1780358425841704700207047F7
:104C20006C5E0108074B282202FB003083681A786B
:104C3000542A04D15878783818BF012070470120D1
:104C4000704700BF6C5E010828230B4A434310B530
:104C5000D1580446FFF7D4FF48B92046FFF7BEFFFE
:104C6000064B1B7828B103EB830301EB8301084655
:104C700010BD01EB0311FAE76C5E0108140400207B
:104C80002D2838B505461AD80E4B282202FB0033D2
:104C90004CB21B79022B0DD0FE2B10D1FFF7D4FFA5
:104CA0000378E4B2A3420AD004702846BDE8384035
:104CB000FFF7B8BFFFF7C8FF90F90030F2E7002018
:104CC00038BD00BF6C5E01082D2838B504460D467E
:104CD00019D80E4B282202FB00331B79FF2B12D16F
:104CE000FFF7B2FF06222946FBF715FF58B9204609
:104CF000FFF7AAFF29460622FBF7FAFE2046BDE889
:104D00003840FFF78FBF002038BD00BF6C5E010840
:104D10002DE9F043074615462820394A41435018EB
:104D2000012B046A87B025D15258364B9A4235D0B0
:104D3000A3F1CE018A4233D03349F23B9A4208BFF5
:104D40000C46FF238DF800304FF000080126204666
:104D5000FBF750FA5FFA88F9484529D806F118039D
:104D60006B44AE4203F8188C30D80020387007B07E
:104D7000BDE8F083022BE4D15258224B9A4211D065
:104D8000591C8A4210D0A3F1CE018A420ED0A3F161
:104D9000F2018A420AD01D49EC3BCFE71C4CD0E718
:104DA000194CCEE71B4CCCE71B4CCAE71B4CC8E7A1
:104DB00014F809302C2B06D106F118036B44013688
:104DC00003F8188CF6B208F10108C0E705F11803E2
:104DD0000DEB0305002315F8182C15F9175C0132AB
:104DE000D2B29918C9B2A94207EB030003DB002332
:104DF00003700120BBE7615C01700133DBB2F0E7B7
:104E00006C5E010889050020E4490108184A010880
:104E1000354A0108DE4A0108BC4A0108924A0108E5
:104E2000054B282202FB0030436A0BB118887047FB
:104E30004FF6FF70704700BF6C5E010838B50B4B32
:104E4000282202FB0030056A2846FBF7D3F900222E
:104E50001146D4B24B1CA042DBB201D8184638BD73
:104E60002C5D01322C2C08BF1946F2E76C5E01085C
:104E700038B5104B282202FB003301461B79FE2B6C
:104E800015D1FFF7CDFF04460846FFF7D7FF0022F4
:104E900013460125D1B2884201D8184638BD05FA1B
:104EA00002F121421CBF0133DBB20132F2E7FF23E2
:104EB000F3E700BF6C5E01082DE9F04F4FF0000AE8
:104EC0001D4E93B004460F46D146D6F808805FFACF
:104ED0008AF54FF0000B0DE018F8030001920EF078
:104EE000EBF9C3B2019A202B08BF5F2302F8403CC4
:104EF0000BF1010B5FFA8BF340460193FBF77AF954
:104F0000019B03F1480298426A44E5D802F8409CAC
:104F1000394602A8FBF764F948B10AF1010ABAF16F
:104F20002E0F06F12806D0D10025284600E00120EA
:104F3000257013B0BDE8F08F6C5E010837B51E4DCB
:104F40001346282202FB015504462A79FE2A18D06E
:104F5000FF2A24D0022A2BD10846FFF775FE2146EE
:104F600090F9000008F0B5FE2D692B783BB113498C
:104F700020460EF085F9294620460EF081F90120E1
:104F800018E0084601930091FFF75EFE019B02784E
:104F90000099204603B0BDE83040FFF7B9BE08468F
:104FA000FFF752FE062201462046FBF7A1FDE6E789
:104FB0000020207003B030BD6C5E01082C4C01084D
:104FC000F8B5194B1646282202FB063300241A793D
:104FD0000470022A07460D4603D0FE2A13D020464D
:104FE000F8BD93F918209142F9DB93F91C309942EE
:104FF000F5DC4FF0000165F307013046FFF740FE96
:1050000001243870EBE70029E9DB3046FFF716FF93
:10501000A842E4DD3046FFF703FF40FA05F313F042
:105020000103E6D11C46DAE76C5E01082DE9F8437E
:1050300000230370124B1746282202FB0733064653
:105040001B79FF2B0C4603D000252846BDE8F883CA
:105050000846FBF7CFF80628F6D104F1FF3804F133
:10506000050918F8010FFBF7BBFB05460028EBD03C
:10507000C845F6D121463846FFF726FE3070E4E7F2
:105080006C5E0108F8B5104E4FF0280C0CFB026660
:10509000002736790770FE2E04460B46154603D0CE
:1050A000FF2E0BD0022E0DD118460EF018FA2A460C
:1050B00001462046BDE8F840FFF782BFBDE8F84052
:1050C000FFF7B4BF3846F8BD6C5E010810B5044662
:1050D0000846B2B9FBF7DAFB042812D8DFE800F083
:1050E00003090B0D0F00084920460EF0C1F80120FE
:1050F00010BD0649F8E70649F6E70649F4E7064910
:10510000F2E70020F4E700BF1B4B0108204B010829
:10511000254B01082A4B0108304B010810B5044605
:105120000068FCF706FF02492068FCF702FF10BD8B
:10513000364B01080B1E18BF0123122A14D91D2A51
:1051400014D9312A8CBF0822052203710023016083
:1051500080F885304371C0F8883080F88C3080F852
:105160008D20A0F88E3070470122EEE70322ECE795
:1051700090F88530682B08D8C2180133DBB2517122
:1051800080F88530184400234371704708B5053016
:10519000FBF726F8B0FA80F0400908BD2DE9F04190
:1051A00092B00646084601911546FBF723F806F132
:1051B000050804464046FBF71DF8E4B2631CC7B27D
:1051C000BB42019903DB002012B0BDE8F08122460A
:1051D00040460EF089F80028F5D1221D23461644DA
:1051E000BB4202461BD300F148036B44002403F882
:1051F000404C0028E7D09DF808303D2BE3D1302308
:1052000002A88DF80830FAF7F5FF2346DAB290428B
:1052100012D802A80EF063F928600120D4E716F82E
:10522000011F202905D048326A440130C0B202F87B
:10523000401C0133DBB2D3E748326A44013312F831
:10524000402C303A092AE1D9BDE7000010B50E4BD9
:105250001B78022B04460FD10C4B93F8A0205AB1B7
:10526000D3F8A830B3F5215F07D20949FFF756FFFD
:1052700008492046FFF752FF10BDFDD00649FFF751
:105280004DFF0649F5E700BF110800202C0600205D
:10529000394B01086F4B0108A54B0108DB4B010896
:1052A00010B50446FFF7D2FF20680749FCF750FE0F
:1052B000064B206819783031C9B2FCF72EFE04493C
:1052C0002046FFF72BFF10BD114C010814040020ED
:1052D000C94901082DE9F0474379702B90B0804609
:1052E0000F46164671D18379202B6ED1C0790DF00F
:1052F00093FF00285CD000254FF0020A2C4608F1ED
:1053000005094846FAF776FF824522D305F14003A6
:105310000DEB0305002305F8403CC4B3E8461D46E9
:1053200018F8010B0DF0C8FF78550135EBB2A34218
:10533000F6D300253D550134E4B26846FAF75AFF2A
:105340006719FFB2874206EB050334D300221A70B7
:105350002DE008EB0A035B793D2B0ED0202B07D004
:1053600005F140016A1C0DEB010505F8403CD5B282
:105370000AF101035FFA83FAC3E72C46F0E705F16F
:1053800040036B4413F8400C0DF096FF78556846C7
:10539000FAF730FFE5B2A84207EB050304F1010478
:1053A000EDD800220A491A7030460DF061FF012045
:1053B00010B0BDE8F08707F140020DEB02070135A0
:1053C00017F8402C1A70EDB2B7E70020F0E700BFE5
:1053D000E75301082DE9F0472C4E282303FB016613
:1053E00088B03379FE2B04460D4620D0FF2B4BD0DE
:1053F000022B2DD196F9185025490068FCF7A8FD1D
:105400002846694608F065FC69462046FFF786FE97
:1054100096F91C501F492068FCF79AFD69462846FA
:1054200008F057FC69462046FFF778FE10E0084672
:10543000FFF7F6FCDFF86490DFF864A080460027F1
:10544000FEB20123324629466846FFF761FC10B9D7
:1054500008B0BDE8F087BBB248FA03F3DB0711D50B
:1054600020684946FCF774FD06F130012068C9B296
:10547000FCF753FD20685146FCF76AFD694620465B
:10548000FFF74CFE0137DBE70349CDE76C5E01080F
:105490001B4C0108234C0108324C01082B4C01081D
:1054A0002E4C0108F0B504468BB008460D46FFF7B8
:1054B000DFFC254F254906462068FCF749FD2823D7
:1054C00003FB05772068B968FCF742FD2049206896
:1054D000FCF73EFD2EB91F492046FFF71FFE0BB01B
:1054E000F0BD0122294602A8FFF728FD206802A985
:1054F000FCF72EFD3B79FE2B03D0FF2B1AD016496B
:10550000EAE72846FFF7A0FB057814492068FCF776
:105510001FFD05F130012068C9B2FCF7FEFC1049FF
:105520002068FCF715FD012EE9D10E492068FCF733
:105530000FFDE4E70C4B02A95A786846FFF7C6FD59
:105540000028DCD06946F1E76C5E01082B4C0108AD
:105550002E4C0108414C0108C9490108514C010871
:105560003F4C0108544C01081404002070B590F819
:105570008E3004466BB990F88F30012B01D9032B84
:1055800007D1214B1B78022B03D020492046FFF77F
:10559000C5FD1D4E002594F88E102D2903D900233A
:1055A00084F88C3020E04B1C84F88E3094F88F30D7
:1055B000012B09D10846FFF711FB0028EBD1084663
:1055C000FFF71EFB38B1E6E7022B0ED10846FFF7C6
:1055D00005FB0028DFD02046FFF764FF013594F873
:1055E0008D30EDB2AB42D6D270BD032B08D1084648
:1055F000FFF706FB0028CED03378022BDFD1EAE795
:10560000002BF9D0E7E700BF11080020634C010828
:1056100038B5594B1A6890F88C30012B044640F08D
:10562000AA80D0F88830D31AB3F5FA7FC0F0A380EF
:10563000524DC0F888202846FAF7D6FF08F07EFBC6
:1056400001462068FCF784FC4D492068FCF780FC8B
:1056500005F11400FBF7C8FB08F070FB0146206859
:10566000FCF776FC47492068FCF772FC95F894003B
:1056700008F064FB01462068FCF76AFC4249206898
:10568000FCF766FC95F98C0008F062FB0146206887
:10569000FCF75EFC3D492068FCF75AFC95F98D004B
:1056A00008F056FB01462068FCF752FC3849206898
:1056B000FCF74EFC95F9920008F04AFB0146206881
:1056C000FCF746FC30492068FCF742FC95F98E0057
:1056D00008F03EFB01462068FCF73AFC2B492068A5
:1056E000FCF736FC95F98F0008F032FB0146206884
:1056F000FCF72EFC27492068FCF72AFC05F1500036
:10570000FBF778FB80B208F02DFB01462068FCF720
:105710001FFC1D492068FCF71BFC05F16400FBF72A
:1057200069FB80B208F01EFB014620681A4DFCF7A9
:105730000FFC1A492068FCF70BFC194B1B7805EB92
:105740008303588808F00EFB01462068FCF700FC34
:1057500014492068FCF7FCFB134B1B7805EB830511
:10576000688808F0FFFA01462068FCF7F1FB0F4952
:105770002046FFF7D3FC38BD446400206832002087
:10578000D84C0108804C0108834C0108864C010864
:10579000814C0108884C0108585E01088B4C0108B7
:1057A0004A310020914C01085D320020964C0108DE
:1057B00030B5044695B0FFF749FD1E492068FCF757
:1057C000C7FB1D498B7863B12F22023108A80DF069
:1057D0009DFD1A492068FCF7BBFB206808A9FCF76F
:1057E000B7FB17492046FFF799FC16492068FCF7DC
:1057F000AFFB154B1B78022B19D1144D95F8A03037
:105800009BB1206805F1AC01FCF7A2FB0B492068B5
:10581000FCF79EFBD5F8A4106846FBF70BF9694628
:105820002046FFF77BFC15B030BD0949F8E7094970
:10583000F6E700BF994C0108580F0020834C01087F
:10584000C9490108B64C0108110800202C060020A7
:10585000BD4C0108694C01082DE9F04190F88E30EB
:1058600090B0044643B93A4A3A4B92F856105B7CE2
:10587000394A01B15B001370DFF8DC80354E002738
:1058800094F88D20FBB29A4208D994F88E5098F87B
:105890000030AB4205D8002384F88C3010B0BDE84E
:1058A000F081737C9D424DD275B92C492068FCF77C
:1058B0004FFB707C08F042FA01462068FCF748FB79
:1058C00027492046FFF72AFC284608F037FA014608
:1058D0002068FCF73DFB23492068FCF739FB73196E
:1058E0000137987C08F02AFA01462068FCF730FB63
:1058F0001D492068FCF72CFB06EB8503586B08F06C
:105900003BFA01462068FCF723FB18492068FCF7A6
:105910001FFB2A4608A93046FEF766FA694608F0DA
:10592000A2F96846FAF7E4FF20686946FCF710FB25
:1059300008A92046FFF7F2FB94F88E30013384F873
:105940008E309DE7ED1A15F0FF05BDD10849ADE792
:1059500014040020EC0C002035070020D24C010874
:105960009A510108DA4C0108E14C0108EB4C01089E
:10597000F14C01082DE9F041294E2A4FDFF8E8806B
:105980000446002594F88D20EBB29A4245D994F84C
:105990008E30132B3ED8DFE803F00A14191B1D1FAD
:1059A00021232527292B2D2F31333537393B20460D
:1059B000FFF74CFC94F88E30013384F88E300135BB
:1059C000E0E719492046FFF7A9FBF3E71749F9E794
:1059D0001749F7E71749F5E71749F3E71749F1E7DB
:1059E0001749EFE71749EDE71749EBE71749E9E7EB
:1059F0001749E7E71749E5E71749E3E71749E1E7FB
:105A00001749DFE71749DDE74146DBE73946D9E7C4
:105A10003146D7E7002384F88C30BDE8F08100BF21
:105A20001F500108F44F0108F94C01081D4D0108F1
:105A30004B4D0108744D0108A04D0108C84D0108E7
:105A4000F04D0108194E0108424E0108864E01082A
:105A5000AC4E0108D24E0108F54E0108284F01084E
:105A6000594F0108944F0108C04F01082DE9F04338
:105A700003799DB00446C3B190F88C30013B032BF1
:105A800019D8DFE803F00252575C006803685B69CD
:105A9000984768B1206803689B6998470023AB4921
:105AA00084F88C302046FFF739FB1DB0BDE8F08349
:105AB0002046FFF7ADFDA64B1E6894F885308BB1EC
:105AC000D4F88830F31AB3F5FA6F0BD9A149204600
:105AD000FFF724FBA0492046FFF720FB002384F8B2
:105AE000853063719B4FDFF8D482DFF8D492206851
:105AF00003685B6998470028D7D0206803689B69D2
:105B000098470A280546C4F888601DD00D281BD088
:105B10002C2819D03B2817D001462068FCF7FDF946
:105B200029462046FFF724FBE1E71DB0BDE8F0431E
:105B3000FFF720BF1DB0BDE8F043FFF717BD1DB054
:105B4000BDE8F043FFF788BE39462046FFF7E6FA86
:105B500041462046FFF71AFB50B1022384F88C30EF
:105B6000002384F88E30002384F885306371BEE70B
:105B700049462046FFF70AFB0028EED17749204628
:105B8000FFF704FB0028E8D175492046FFF7FEFA2D
:105B9000054618B12046FFF70BFEE4E771492046A1
:105BA000FFF7F4FA40B12046FFF77AFB032384F8AD
:105BB0008C30A4F88E50D6E76B492046FFF7E6FA02
:105BC00050B12046FFF76CFB032384F88C304FF470
:105BD0008073A4F88E30C6E764492046FFF7D6FAF2
:105BE00040B12046FFF75CFB032384F88C304FF470
:105BF0000073EEE75E492046FFF7C8FA40B1204641
:105C0000FFF74EFB032384F88C304FF44073E0E73A
:105C10000CAA04A92046FFF75DFB002846D004A982
:105C20000DF10A00FFF748F920B952492046FFF765
:105C300075FA98E7504B1B78022B06D09DF80A00A6
:105C4000FEF7DEFF08B14D49F0E79DF830303F2BFD
:105C50000DD12046FFF724FB9DF80A100191204644
:105C6000FFF720FC01992046FFF7B4FB7BE70BB957
:105C70004349DBE79DF80A500CA92A460DF10B00B9
:105C8000FFF700FA08B93F49D0E72046FFF708FBC5
:105C900029462046FFF706FC9DF80B30002B3FF409
:105CA00062AF05213848FBF7DBF85CE7374920464F
:105CB000FFF76CFA90B134480621FBF7D1F8204683
:105CC000FFF7EEFA2C4B1B78022B05D02B49204610
:105CD000FFF724FA2E49A9E72E49A7E72E492046C7
:105CE000FFF754FA28B101212748FBF7B9F82B49EF
:105CF0009CE72B492046FFF749FA90B1224807213B
:105D0000FBF7AEF82046FFF7CBFA1B4B1B78022BB4
:105D100005D01A492046FFF701FA224986E72249B1
:105D200084E7224903AA2046FFF738FA00285AD010
:105D3000039D092D01D91E4978E72046FFF7B0FAE7
:105D40001C4B1B789D423DD11B496FE764500108F5
:105D500044640020935301087E500108E753010872
:105D6000095C01088D500108905001089550010808
:105D70009B500108A150010811080020634C010844
:105D8000BD500108D550010834330020E850010807
:105D9000EF500108065101081A5101081F5101086E
:105DA000365101083D510108565101086C51010856
:105DB00078510108140400209C510108295D010854
:105DC000885001082A4636480A21FBF74BF8354926
:105DD0002068FCF7BDF805F13001C9B22068FCF776
:105DE0009CF8314922E731492046FFF7CFF90546B3
:105DF00040B101232E4984F88C302046FFF78EF9FC
:105E00002C4913E72C492046FFF7C0F928B1042399
:105E100084F88C3084F88E50A5E628492046FFF798
:105E2000B5F908B103213DE725492046FFF7AEF952
:105E300008B10B2136E723492046FFF7A7F908B13F
:105E40000C212FE7204903AA2046FFF7A7F9E8B164
:105E5000039D42F22733A5F57A729A4201D91B4974
:105E6000E4E614A9A8B207F0F0FE14A8FAF740FD82
:105E700020681749FCF76CF814A92046FFF74EF983
:105E800007482A460D21FAF7EDFF6CE694F88510D5
:105E9000104A114B00290CBF11461946C6E600BF37
:105EA00034330020B1510108C9490108DA51010811
:105EB000C7510108E0510108FD51010807520108CE
:105EC000125201081A5201082652010832520108E2
:105ED0004A5201084A500108565001080148FFF78C
:105EE000C5BD00BF7407002070B5254CE569AB0641
:105EF00007D523689E0604D5606A224BC0B21B6892
:105F000098471F232806236215D52368190612D542
:105F10001D4B1E4A1988138889B29BB2994219D029
:105F200013880133C3F3080313801388184A9BB204
:105F3000D35CDBB2A3626A0620D5114803685B0616
:105F40001CD5FBF7A0FA40230362124BBDE870405A
:105F50001B6818470A48FBF79FFA402323624FF05B
:105F6000402202F5806353E8003F43F0400302F50E
:105F7000806040E800310029F3D1DCE770BD00BF4C
:105F800000440040700200203A38002038380020D9
:105F900038360020740200200848094A0188138816
:105FA00089B29BB29942F9D013880133C3F3080335
:105FB00013801388034A9BB2D05C704736360020AA
:105FC0003436002034340020FFF7E6BF70B588B0C7
:105FD0000C46064615460021202268460DF098FB27
:105FE000231E18BF01231B03CDE9023569460C238C
:105FF00003480196049405930AF022FC08B070BD92
:106000000044004010B5064C236823F001032360D0
:10601000FFF7DCFF236843F00103236010BD00BFDE
:106020000044004010B5134C2046FBF723FAF1B1B1
:1060300011484FF400524FF48061FFF7E3FF2368EB
:106040000E4823F001032360636843F40043636058
:10605000636823F480336360236843F001032360A3
:10606000082303221946FCF794F8FBF705FE0120EC
:1060700010BD00BF00440040A0860100000400489D
:1060800010B5134C2046FBF7F5F9F1B111484FF468
:1060900000524FF48061FFF7B5FF23680E4823F0EC
:1060A00001032360636843F400436360636843F45F
:1060B00080336360236843F00103236008230222D6
:1060C0001946FCF766F8FBF7D7FD012010BD00BFAD
:1060D00000440040A08601000004004810B53B4C7D
:1060E000236823F0010323604FF40030FBF794F999
:1060F0000823194636480A22FCF74BF8082334488F
:1061000003221021FCF745F8002211463148FFF721
:106110005DFF636823F490436360A36823F02A0360
:10612000A360236823F0005323604FF0402202F560
:10613000816353E8003F23F0604302F5816040E84B
:1061400000310029F3D14FF0402202F5816353E87A
:10615000003F23F0606302F5816040E800310029D0
:10616000F3D11D4BA02283F8262340245C601748FE
:10617000FBF792F9FBF787F9184B04621980184B6B
:106180001980FBF777F9174B1980174B1980436873
:1061900023F400634360836823F00803836043684B
:1061A00023F480434360836823F022038360836881
:1061B00043F480538360036843F001030360C369C1
:1061C0009A02FCD5C3695B02F9D510BD00440040BA
:1061D00000040048801A060000E100E03838002082
:1061E0003A38002034360020363600200649074A67
:1061F0000B8812880133C3F3080392B29A421EBF80
:10620000034AD0540B8070473A38002038380020B9
:1062100038360020F8B5012380F86C3090F8BD3096
:10622000044603F0FF005BB194F8BD5004F16C0725
:106230000026B3B29D4204D8002384F8BD3001206B
:10624000F8BD17F8010FFFF7D1FF0136F1E70000A5
:106250000148FBF706B900BF0044004007B50D48F0
:10626000FBF708F9036823F001030360436823F494
:1062700000434360036843F00103036008210023E7
:10628000CDE90013044803230A22FBF7F3FE03B011
:106290005DF804FB00440040000400480D4B07B5C6
:1062A0001A680D4822F001021A605A6842F400424E
:1062B0005A601A6842F001021A6008210023CDE9F1
:1062C000001302220323FBF7D5FE03B05DF804EBB5
:1062D000FBF7D2BC004400400004004810B504465F
:1062E000FFF7FCFE124B13481A6822F001021A60F5
:1062F0005A6842F400325A605A6842F480325A6056
:106300005A6842F400425A601A6842F001021A6068
:10631000082319460222FBF73CFF0648032302220A
:106320001021FBF72CFF2046BDE81040FFF7B6BF59
:10633000004400400004004808B500238381037135
:10634000C38003818372036101460448FCF71CFE8D
:10635000BDE808400846FFF7C1BF00BF3034002049
:10636000036810B504461B689847237A082B05D9A3
:106370000A2B03D0092B02D00023237210BD2368FF
:1063800020465B6898470028F6D00848036823B188
:10639000FA21FCF709FE0A23EFE72046FFF75EFF2C
:1063A0000B232372BDE81040FFF752BF30340020AA
:1063B00001460148FFF7D4BF70180020014601488C
:1063C000FFF7CEBF18080020037A0A2B10B5044649
:1063D00007D1FFF743FF0B232372BDE81040FFF7FF
:1063E00037BF10BD0148FFF7EFBF00BF18080020FE
:1063F00010B50446FFF752FF0023237210BD0000C2
:106400000148FFF7F5BF00BF701800200148FFF7F3
:10641000EFBF00BF1808002008B5017A094A0A2911
:10642000126801D8026108BD0169521A142AFAD90A
:1064300000220272FFF732FF0348FBF724F84023E3
:106440000362F0E744640020004400400238C0B218
:1064500010289ABF014B185C00207047F25D0108BC
:106460003B4B0246586A137A10B580B233B1938918
:10647000C31A9BB2FA2B84BF00231372137A908144
:10648000052B19D8DFE803F003080E334A564F29CD
:1064900012D1012313720FE0572901D10223F9E72A
:1064A0000023F7E70023FF29937206D141F204731A
:1064B0001381537E002BF3D110BD9F290FD901F01A
:1064C0001F000124947282F83200FFF7BFFF507260
:1064D00018B982F84B400923DCE70523DAE71829CD
:1064E000DED80029F7D0032351721372E1E7B2F826
:1064F0006E02B2F87242431C2340B2F870429C42D2
:106500001EBF801880F87412A2F86E32937A517A06
:106510000133DBB299429372DDD9CDE7907A431C07
:106520001044DBB29372C176517A9942C4D80123E8
:106530009376D0E7907A431C1044DBB2937280F8D4
:106540003210517A9942B7D2012382F84B30C2E718
:10655000000400402DE9F04389B0002301AFB0F8FA
:1065600068908DF804300446B8460125B4F86A20D6
:1065700048461146EEB2FBF7F9FBA0B1192D11D038
:1065800091451FBFA318B4F86C1093F86E30013218
:1065900014BF0A40002308F8013F18BFA4F86A207E
:1065A0000135E3E72E46B6B20024013417F8010B9B
:1065B000A4B2FFF71BFEA642F7D8012009B0BDE840
:1065C000F08370B590F8665000F14C040026B3B229
:1065D0009D4200D870BD14F8010FFFF707FE013689
:1065E000F5E770B5457E044605B1FEE7012680F863
:1065F0004C6090F8663033B1FFF7E3FF84F86650E3
:106600003546284670BDB0F86A10B0F86800FBF750
:10661000ADFB0028F5D02046FFF79CFFF0E7027F96
:10662000C37E02F0070243EA02230B80838BC3F38D
:10663000CA034B80C369C3F38A338B8090F8203040
:10664000C27F03F00F03DB0143EA5203CB80038CCC
:10665000C3F30A130B81036AC3F3CA334B8190F867
:10666000243090F8232003F01F039B0143EA920398
:106670008B81838CC3F34A13CB81C38CC3F30A038E
:106680000B8290F8283090F8272003F03F035B013D
:1066900043EAD2034B82836AC3F38A138B82438D0E
:1066A000C3F34A03CB8290F82C3090F82B2003F0F0
:1066B0007F031B0143EA12130B83C36AC3F3CA139C
:1066C0004B83C38DC3F38A038B8390F8303090F8EB
:1066D0002F20DB0043EA5213CB8390F8312040F2A5
:1066E000547312F0010F14BF1A46AC220A8490F8BA
:1066F000312012F0020F08BFAC234B847047437E59
:1067000070B5044643B1002303720D468E18B5429E
:1067100003D100232372A37670BD236815F8011BF3
:106720001B6820469847F2E7437E30B56BB190F87E
:10673000664004F0FF0554B100F14D040C6090F880
:1067400066101170002280F86620184630BD2B4676
:10675000FBE7000042766AB30123037640F2FF11A3
:10676000A0F86C1040F2FF710023A0F872127F2194
:1067700080F84C30A0F86A308376A0F8683080F852
:106780004B30A0F8703280F86630A0F86E32A0F876
:10679000763AA0F8743AA0F8781A80F8FA3AC0F875
:1067A000FC3A52B9054B064A1A60064B064A1A6073
:1067B000FFF7C2BD01760029D0D1704770020020DA
:1067C000B1630008740200200164000873B5467EBE
:1067D00004461EB10025284602B070BD037E01911B
:1067E000002BF7D0FFF718FEA37E03F0FF05002B68
:1067F000F0D00199A6762046FFF711FFEBE7427E25
:1068000010B5EAB9037EBBB190F84C4004F0FF0329
:1068100094B1047980F84C200CB10271C280C48814
:1068200082790134052AC48008D0092A06D0012AB9
:106830004FF0000206D10A70184610BD0122FAE797
:106840000023F9E71346F7E7037E63B190F84B2086
:1068500002F0FF033AB1002280F84B2090F832207A
:1068600002F01F020A7018467047F8B506460D463A
:106870001746002119224D300CF04AFF2846FFF739
:10688000E5FD05F01F050446603D0134024686F82B
:106890004D50394606F14E00E4B20CF017FD86F873
:1068A0006640F8BD70B590F8FA4A0CB1002070BD92
:1068B000B0F8745AB0F8763AEE1AB2B2360444BF61
:1068C000803292B2002AF1D00D4A1668427E22B17F
:1068D000D0F8FC2A921B092AE8D900229D42C0F870
:1068E000FC6A80F8FA2A08D0C218013392F87A4A72
:1068F000B0F8782A1340A0F8763A0C700120D6E759
:106900004464002010B52C4C86B018220021684643
:106910000CF0FEFE237829488DF80630FDF714FAB6
:10692000ADF800002548FDF726FA9DF8073094F8E9
:1069300051208DF8030062F303038DF80730204BDC
:1069400093F8A0205AB39DF8052042F001028DF87B
:10695000052093F8C12093F8C2308DF8042003F08D
:106960000F039DF80720174863F30712164B8DF8A5
:1069700007201B799DF802205B0043F0010322F001
:10698000030203F0030313438DF802306A462E23FB
:106990000B218DF80830FFF768FF06B010BDBDF879
:1069A000043023F4FF7323F0010343F07F03ADF8B9
:1069B00004300523D5E700BF140400201433002061
:1069C0002C06002070180020380700207FB5182200
:1069D000002168460CF09CFE42F6A100FAF70CF884
:1069E000ADF800004FF42150FAF706F80749ADF86A
:1069F0000200142201A8FAF769F805486A46042142
:106A0000FFF733FF07B05DF804FB00BF57520108E2
:106A10007018002010B5134C86B01822002168466B
:106A20000CF076FE94F8A030C3B1D4F8A400F9F7C6
:106A3000E3FFADF80000D4F8A800F9F7DDFF142259
:106A4000ADF8020004F1AC0101A8FAF73FF80648DE
:106A50006A460521FFF709FF06B010BD034914225D
:106A6000F2E700BF2C06002070180020C949010879
:106A70002DE9F04F344C282303FB014489B007462D
:106A80000846FEF7CDF92379D4F82080FE2B814605
:106A900003D14FF6FF73984206D14146384609B0FC
:106AA000BDE8F04F0CF0E4BB0846FEF7CDF800253A
:106AB00090F800B02E46AA462C46EAB24046019213
:106AC000F9F798FB019A013090424FF02D0102D85E
:106AD00009B0BDE8F08F18F802000AF1200CEC4470
:106AE0000AF101032C28DBB20CF8180C00D040BBD3
:106AF0005E4503D049FA06F0C00718D50DF1080E1F
:106B00000022D0B254FA82FC83425FFA8CFC08D88F
:106B10005444013404F0FF040136502CF6B20FD96E
:106B2000FEE71EF8010B07F80C000132E9E73955C2
:106B3000631CDBB218F80220FA540234E4B2EBE72B
:106B4000002301359A46B8E76C5E0108044B1870C3
:106B5000044B0548002207211A70FBF7FBB800BF61
:106B6000B8300020B9300020E422002008B50B78AE
:106B7000033B082B20D8DFE803F010050C1F1A1F79
:106B80001F1F0E00042100F67420BDE80840FBF72B
:106B9000E1B80521F7E70B21F5E7042100F67420A1
:106BA000FBF7D8F80521FBF7D5F80B21EDE7BDE899
:106BB00008404878FFF7CABF08BD000070B56E4DA9
:106BC0002C782D2C86B00ED91822002168460CF0A6
:106BD0009FFDFF2369488DF800306A460721FFF7C3
:106BE00044FE06B070BD664E317800294BD10223B9
:106BF00033701822634E68460CF08AFD282303FB8D
:106C000004638DF800401B79FE2B27D0FF2B2DD07D
:106C1000022B09D1012320468DF80130FEF714F82C
:106C200090F900308DF812302B78282202FB036691
:106C30000DF10200B1681022F9F748FF4F48072113
:106C40006A46FFF712FE29784F48FFF711FF4F48B9
:106C5000072106B0BDE87040FBF77CB8042320464E
:106C60008DF80130FDF7F0FF0378DBE705232046C0
:106C70008DF80130FDF7E8FF062201460DF1120004
:106C8000F9F724FFD0E7022942D1002118226846F3
:106C900031700CF03DFD3B4B8DF80040282202FB8B
:106CA00004331A79022A0DD0FE2A1BD06A46082125
:106CB0003248FFF7DAFD3378002BC8D12B78013347
:106CC0002B708EE71A7D8DF805201A7E8DF8012035
:106CD0001A7F8DF80320196906220DF10700F9F7D4
:106CE000F5FEE3E75B6A83B11B882749ADF8013005
:106CF00015220DF10300F9F7E9FE2348F9F77AFAB6
:106D0000142884BF03233370D0E74FF6FF73ECE7FA
:106D1000032917D100211822684631700CF0F8FCC5
:106D20001B498DF8004017220DF10100F9F7CEFE46
:106D30001548F9F75FFA2B2884BF042333706A469D
:106D40000921B5E783D900211822684631700CF07B
:106D5000DFFC0DF101000F498DF800401722F9F713
:106D6000B5FE9DF800300548803B6A4609218DF844
:106D70000030FFF77AFDA1E7B8300020701800203E
:106D8000B93000206C5E0108BA300020E4220020F7
:106D9000CF300020E630002010B500230B700246F3
:106DA00000782D280C4611D8094B282101FB00330F
:106DB0001B79FF2B06D0B2F90110FDF761FF20709F
:106DC000012010BD511CFDF77FFFF8E71846F8E7DA
:106DD0006C5E0108043807280DD8DFE800F00406CF
:106DE0000C080C0C0C0AFFF7F1BDFFF713BEFFF700
:106DF000E5BEFFF787BD7047D20638B505460C469D
:106E000004D5BDE8384020490CF032BACB044CBF61
:106E10001E491F490CF02CFAA1070BD51D49284625
:106E20000CF026FAE3072ED428461B49BDE838406B
:106E30000CF026BAA20501D51849F0E7230601D5C2
:106E40001749ECE7E00501D51649E8E7164BA343DF
:106E500001D11649E3E7E10301D51549DFE7220532
:106E600001D51449DBE7E30601D51349D7E76007ED
:106E700001D51249D3E7210701D51149CFE7E20235
:106E8000D0D51049CBE738BD655201086A520108D8
:106E90006E52010873520108985201087852010895
:106EA000C1570108B4590108100001007D520108C2
:106EB0008252010821580108875201088A520108AC
:106EC0008F5201089352010810B514220446002184
:106ED0002A300CF01DFC0023C4F8D032A4F8D432C0
:106EE000C4F8D832FF2384F8DC3210BD0B68C0F838
:106EF00090304B68C0F894300B7A80F898300123BA
:106F000080F82D3080F8333090F89630DB0980F827
:106F1000D5327047993001F1280351F8042B40F81D
:106F2000042B9942F9D10B8803808B7883707047CA
:106F300010B500F1C40301F1340251F8044B43F8D9
:106F4000044B9142F9D1012380F82E3010BDF83066
:106F500001F11C0351F8042B40F8042B9942F9D19C
:106F60000B780370704710B500F2151301F11C0285
:106F700051F8044B43F8044B9142F9D1012380F8B6
:106F8000323010BD10B500F2311301F11C0251F87E
:106F9000044B43F8044B9142F9D140F2011343856D
:106FA000012380F8303080F8D23290F8D53253B9CE
:106FB00090F8D4323BB9D0F83931C0F82C32D0F83F
:106FC0003531C0F8283210BD00F2671001F110030E
:106FD00051F8042B40F8042B9942F9D10B88038017
:106FE000704700F24D1001F1180351F8042B40F8DE
:106FF000042B9942F9D10B880380704710B500F239
:10700000791301F1140251F8044B43F8044B9142F7
:10701000F9D1012380F83130D0F8993013F0100302
:1070200008D0D0F89D3013F010031CBFD0F8A13069
:10703000C3F3001380F83D3010BD00F28D1001F154
:10704000140351F8042B40F8042B9942F9D10B8812
:107050000380704791F8203030B57BB90B4600F2C1
:10706000A31201F1340453F8045B42F8045BA34219
:10707000F9D11B881380012380F82F3091F820303C
:10708000012B0ED100F2D91301F1340251F8044B57
:1070900043F8044B9142F9D10A881A80012380F801
:1070A000343030BD0B68C0F80F324B68C0F8133273
:1070B0000B7A80F81732012380F8D33270470B68BF
:1070C000C0F818324B68C0F81C32012380F8323007
:1070D00070470B68C0F820324B68C0F82432012397
:1070E00080F83630704710B500F50A7301F13C02A4
:1070F00051F8044B43F8044B9142F9D1012380F835
:10710000303080F8D43210BD10B500F5197301F19C
:10711000340251F8044B43F8044B9142F9D10A88E8
:107120001A80012380F82C3010BDF0B500252C46C4
:107130000126AB4206D80368214001FA02F213434C
:107140000360F0BD06FA05F73C430135F1E770B581
:107150000446084694F82A6016B90026304670BDE9
:1071600094F8E0300022022B84F82A20F5D90A6036
:10717000D4F83551002DC8BF6D423223B5FBF3F171
:107180001E2301EB4101FFF7D0FFD4F83511022394
:107190001E22C90FFFF7C9FFE0E770B50446084695
:1071A00094F82B6016B90026304670BD94F8E03094
:1071B0000022022B84F82B20F5D9D4F83951026033
:1071C000002DC8BF6D423223B5FBF3F11E2301EB46
:1071D0004101FFF7AAFFD4F83931002B4FF0020329
:1071E0004FF01E02B4BF03211946FFF79EFFDBE7F5
:1071F00038B50446084694F8D022AAB994F82C3041
:10720000DBB384F82C2004F5197304F29A2204F5F8
:10721000267153F8045B42F8045B8B42F9D11B885A
:1072200013800123A4F8D03200230360182594F8BA
:10723000D132312B06D85A1C234484F8D12293F83A
:107240009B12E1B994F89A12012319400722FFF723
:107250006CFF94F89A1201230F22C1F34001FFF74B
:1072600064FF94F89A1201231722C1F38001FFF7FB
:107270005CFF002384F8D0320123184638BD2A462B
:10728000083D0723EDB2FFF750FFF82DCFD194F85A
:10729000D132312BD6D8EFE703462DE9F04793F8EA
:1072A0002D600846002E65D093F81552D3F8901043
:1072B000B3F88B4193F8D57293F8D3820022AD1ABC
:1072C00083F82D2001F1010118BF01254CB1632C79
:1072D000D7BFC4EB84143F2431346422D8BFB4FB3D
:1072E000F2F4B3F91331002B47D0642293FBF2F38D
:1072F000522BA8BF5223132BB8BF1323A3F113099A
:107300004FF0000A05235246C0F800A0FFF70DFF1A
:10731000022305225146FFF708FF012307223946C1
:10732000FFF703FF012308223946FFF7FEFE012382
:1073300009225146FFF7F9FE02230A225146FFF7C0
:10734000F4FE01230C225146FFF7EFFE01230D222C
:107350004146FFF7EAFE01230E222946FFF7E5FE2C
:10736000072313222146FFF7E0FE06231A2249468F
:10737000FFF7DBFE3046BDE8F0879946C0E7000026
:107380002DE9F84390F82E800D46B8F1000F3AD061
:1073900090F8E1300021FF2B80F82E1003D00F2B46
:1073A00028BF0F23194690F8E090B9F1030F2DD8AC
:1073B0004FF000062FD07F273446002228462A604F
:1073C0000423FFF7B2FE022304224946FFF7ADFE75
:1073D000012202213846F9F74DFD08230146062215
:1073E0002846FFF7A2FE02230E223146FFF79DFE3C
:1073F000022211462046F9F73DFD0A2301461622D6
:107400002846FFF792FE4046BDE8F883A9F103063F
:10741000062E28BF06260A23B0F8D870D0F8D4402C
:10742000B7FBF3F70B4B7F2FA8BF7F279C4208DCED
:10743000094B9C4209DB64234FF0030994FBF3F4EE
:10744000BBE7064C4FF00309B7E7054C4FF00309C3
:10745000B3E700BFC3C9C1003D363EFF18F00100CD
:10746000E80FFEFF2DE9F04190F830302DED088B4C
:1074700005460E462BB90027BDEC088B3846BDE803
:10748000F08190F8D272002380F83030002FF2D0D3
:10749000D0ED8A7AD0F835319FED60BA9FED60AAC1
:1074A000F8EEE78A09EE103A68EE8B8AB8EEC99AD0
:1074B00068EE8A8A29EE0B9AB0EE680A0AF0BEFDE1
:1074C00029EE0A9AF0EE40AAB0EE490A0AF0B6FD9B
:1074D000D5F83931D5ED8B7A08EE103AB8EEC88A76
:1074E000F8EEE77A28EE0B8A6BEE677A28EE0A8AC6
:1074F000F0EE409AA7EE8A8A4FF00008B0EE480AF4
:107500000AF0DCFD29EE80BAB0EE490A0AF0D6FD99
:10751000F0EE40BAB0EE680A0AF0D0FDB0EE40AA34
:10752000B0EE480A0AF08AFD29EE8AAA60EE4A0AFD
:10753000B0EE4B0AEAEEAB0A0AF07EFDDFED397AD7
:1075400060EE277A39EE689AF5EEC07AF1EE10FA1D
:1075500044BF9FED357A77EE877AB6EE00AAFDEE4E
:10756000E77A29EE0A0A17EE903A9BB2A3F1B40427
:1075700024B2002CBCBFB4331CB2B4F5B47FA4BF9A
:10758000A4F5B47424B20AF099FDF0EE408A28EE16
:107590000A0A0AF093FD60EE007A67EEAA7A27EEF7
:1075A000A90AA8EEA80A0AF0D3FC0AF019FDDFED3B
:1075B0001F7AD5F84131C6F8008020EE270A6422F0
:1075C000BDEEC00A93FBF2F5B8EEC00A0222FDEE52
:1075D000C07A032117EE900AF9F74CFC07EE905A97
:1075E00001460C2342463046FFF79FFDF8EEE77A4E
:1075F0000222FDEEE77A032117EE900AF9F73AFC32
:107600000D2301460C223046FFF78FFD0723192278
:10761000032194FBF1F1FFF788FD2DE795BFD633E9
:1076200035FA8E3CE12E65420000B443706D424B4A
:10763000F8B590F831702DED028B04460D46002F01
:1076400043D0D0F8853100EE103A0026B2EE048A1D
:1076500080F8316028EE000A0AF09CFCD4F87D31F5
:10766000F0EE408A00EE103A28EE000A0AF092FC92
:10767000B4F989112E60FDEEE87A01EB810417EE72
:10768000900A01220221B0EE408AF9F7F3FB0923A8
:10769000014632462846FFF748FDFDEEC87A012232
:1076A000022117EE900AF9F7E5FB082301460922AB
:1076B0002846FFF73AFD0B2311222146FFF735FD3F
:1076C00001231C223146FFF730FDBDEC028B38460A
:1076D000F8BDF8B590F83D702DED028B04460D46CF
:1076E000002F43D0D0F8853100EE103A0026B2EEDC
:1076F000048A80F83D6028EE000A0AF04BFCD4F8BA
:107700007931F0EE408A00EE103A28EE000A0AF0D5
:1077100041FCB4F989112E60FDEEE87A01EB810499
:1077200017EE900A01220221B0EE408AF9F7A2FB7F
:107730000923014632462846FFF7F7FCFDEEC87ADA
:107740000122022117EE900AF9F794FB0823014663
:1077500009222846FFF7E9FC0B2311222146FFF7F7
:10776000E4FC01231C221946FFF7DFFCBDEC028B71
:107770003846F8BDF8B590F832702DED048B04460C
:107780000D46002F4AD0D0F819319FED269A9FED73
:10779000260A07EE903A67EE897A0026B1EE048A4F
:1077A00080F83260A7EE880A0AF0F4FBD4F81D31A5
:1077B00007EE903AF0EE408A67EE897A9FED1B0A59
:1077C000A7EE880A0AF0E6FBDFED197AB0EE408AF0
:1077D00094ED860A20EE270A0AF0DCFBFDEEE87A3B
:1077E000284617EE901A0B2332462E60FFF79DFCB9
:1077F000FDEEC87A0A2317EE901A0B22FFF795FCCC
:10780000FDEEC07A0122032117EE900AF9F732FB50
:107810000B23014615222846FFF787FCBDEC048B9D
:107820003846F8BDE12E6542000061440000E143A6
:107830000000C84238B50346084693F8334014B9EF
:107840000024204638BD93F8DC220132D2B2002158
:10785000032A83F833100FD983F8DC1293F89410BD
:107860000125002202601823FFF75FFC082318227D
:107870002946FFF75AFCE4E783F8DC22002AEDD022
:10788000012ADDD1D3F8D8120029D9D00425E8E7A0
:107890001C2945D8DFE801F00F121416181A1C1E17
:1078A00044204422442426282A2C2E3032343638D0
:1078B0003A3C3E4042001B490BF0DABC1A49FBE758
:1078C0001A49F9E71A49F7E71A49F5E71A49F3E7B8
:1078D0001A49F1E71A49EFE71A49EDE71A49EBE7C8
:1078E0001A49E9E71A49E7E71A49E5E71A49E3E7D8
:1078F0001A49E1E71A49DFE71A49DDE71A49DBE7E8
:107900001A49D9E71A49D7E71A49D5E71A49D3E7F7
:107910001A49D1E71A49CFE71A49CDE71A49CBE707
:107920001A49C9E7B85701086E5201089A5201086E
:107930009F520108A4520108A9520108AE52010841
:10794000B3520108B8520108BD520108C2520108E1
:10795000C7520108CC520108D1520108D652010881
:10796000DB520108E0520108E5520108EA52010821
:10797000EF520108F4520108F9520108FE520108C1
:1079800003530108085301080D530108C9490108B0
:10799000192941D8DFE801F00D10121416181A1C2D
:1079A0001E4020222426282A2C2E30323436383A03
:1079B0003C3E1A490BF05CBC1949FBE71949F9E751
:1079C0001949F7E71949F5E71949F3E71949F1E7C3
:1079D0001949EFE71949EDE71949EBE71949E9E7D3
:1079E0001949E7E71949E5E71949E3E71949E1E7E3
:1079F0001949DFE71949DDE71949DBE71949D9E7F3
:107A00001949D7E71949D5E71949D3E71949D1E702
:107A10001949CFE71949CDE71949CBE77852010851
:107A2000B3520108B8570108125301086E520108F9
:107A3000175301081C53010821530108CC520108B7
:107A40009F520108AE520108A952010826530108AD
:107A5000E0520108A45201082B53010830530108D9
:107A6000355301083A5301083F53010844530108B4
:107A7000495301084E530108535301085853010854
:107A8000C9490108102925D8DFE801F0090C240EA6
:107A90001012141618241A1C1E24242022000E4929
:107AA0000BF0E6BB0D49FBE70D49F9E70D49F7E798
:107AB0000D49F5E70D49F3E70D49F1E70D49EFE70A
:107AC0000D49EDE70D49EBE70D49E9E70D49E7E71A
:107AD0000D49E5E70D49E3E7785201086E520108C8
:107AE0005D530108B4590108A9520108F452010874
:107AF00062530108675301089F520108AE52010802
:107B0000EA520108A45201082B530108C94901088F
:107B1000142921D8DFE801F00B0E101214202016D2
:107B200020182020202020201A20201C1E000B4975
:107B30000BF09EBB0A49FBE70A49F9E70A49F7E758
:107B40000A49F5E70A49F3E70A49F1E70A49EFE785
:107B50000A49EDE70A49EBE70A49E9E7B85701089E
:107B60006E5201086C5301089F520108A45201088B
:107B7000B352010871530108D1520108785201082B
:107B800076530108C949010823289ABF014B185CA4
:107B900002207047035E01080B46013B1146032B90
:107BA0000BD8DFE803F002040608FFF771BEFFF709
:107BB000EFBEFFF767BFFFF7ABBF01490BF058BB44
:107BC000C949010838B5384B0446821C03F1280125
:107BD00053F8040B42F8040B8B42F9D100252946D7
:107BE000C4E9245584F898502B2204F199000BF035
:107BF0008FFD2946342204F1C4000BF089FD29468B
:107C00001D2204F1F8000BF083FD29461C2204F22A
:107C100015100BF07DFD29461C2204F231100BF0EB
:107C200077FD29461A2204F24D100BF071FD29460A
:107C3000122204F267100BF06BFD2946142204F2A5
:107C400079100BF065FD2946162204F28D100BF019
:107C50005FFD2946362204F2A3100BF059FD294698
:107C6000362204F2D9100BF053FD2946C4E986559B
:107C7000C4E98855C4F80F52C4F8135284F8175257
:107C80003C2204F50A700BF043FD2946362204F528
:107C900019700BF03DFD3622294604F29A200BF0B4
:107CA00037FD204638BD00BFE44701082DE9F04FFD
:107CB0002DED068B85B0437EC77E0093837E009AB0
:107CC000457F867F90F820C090F82BE090F82D80BB
:107CD000BF000C4647EA931703F03F01037F4901B9
:107CE00041EAD20103F0010247EA822705F00F02C0
:107CF000D20142EA530206F07F031B0143EA151347
:107D0000C57F01936D0045EAD6150CF0030645EAE0
:107D1000462390F82160029206F01F05AD0108EE9F
:107D2000103A45EA9C0390F8225090F824C0039141
:107D3000ED0008EE903A45EA561390F823500CF007
:107D4000070609EE103A45EA062390F8255005F09B
:107D50003F06760109EE903A46EADC0390F8266089
:107D600090F827C0B60046EA95160CF0010546EAE1
:107D7000852690F8285005F00F0B4FEACB1B4BEAF5
:107D80005C0B90F829C00CF07F0A4FEA0A1A4AEA05
:107D9000151A90F82A506D0045EADC150EF0030C18
:107DA00045EA4C2590F82CC00AEE103A4FEAC80874
:107DB000009B48EA5C180CF01F0990F818C003F00B
:107DC00007004CEA00204FEA891949EA9E09F8F7B2
:107DD00096FC039920800846F8F791FC60803846AD
:107DE000F8F78DFC029AA0801046F8F788FC019BFA
:107DF000E0801846F8F783FC208118EE100AF8F7A7
:107E00007EFC608118EE900AF8F779FCA08119EEEB
:107E1000100AF8F774FCE08119EE900AF8F76FFC8D
:107E200020821AEE100AF8F76AFC60823046F8F7F2
:107E300066FCA0825846F8F762FCE0825046F8F7EC
:107E40005EFC20832846F8F75AFC60834846F8F722
:107E500056FCA0834046F8F752FCE08305B0BDEC29
:107E6000068BBDE8F08F4A78013A92B202310020C9
:107E7000F8F7A6BC38B504460175002937D00025AF
:107E800080F8BD50034680F86C5000F1500280F835
:107E9000655080F8665080F8675080F8685080F828
:107EA0006A5080F86B5083F88451C3F888510833C6
:107EB0009342F8D14FF6FF73A4F8BE300C4BC4F8D0
:107EC000C03004F5EA70FEF7FFFF0A4B0A4A1A6059
:107ED0000A4B0B4AC4F8B454A4F8B854C4F8BC54C0
:107EE00020461A60FEF728FA064B074A1A6038BD8A
:107EF0000000C07F70020020BD63000874020020F3
:107F00000D64000830340020E5630008037D70B57F
:107F100004460D4613B90026304670BDFEF77CFAC4
:107F200094F8653003F0FF06002BF4D0002384F8AA
:107F3000653004F115012046FFF795FFA37D23442A
:107F40009B7D8342E7D129462046FFF7AFFEE3E75A
:107F50000346007D30B560B393F86C4004F0FF0039
:107F60003CB31D79002483F86C403DB1132A1C7189
:107F700011D8114C22784AB901222270DA88541C97
:107F8000D2B2DC8052B903230B7012E0013AD2B2B4
:107F90002270002AF2D10022DA80EFE793F86720FE
:107FA00002F0FF0432B1002283F8672005230B7032
:107FB000204630BD0423E7E736070020027D034654
:107FC0000AB90020704790F8682002F0FF0022B143
:107FD000002283F868200A70704793F86A2002F044
:107FE000FF002AB1002283F86A2001230B7070473A
:107FF00093F86B2002F0FF0022B1002283F86B207F
:108000000223F3E793F8662002F0FF00002AD8D09D
:10801000002283F866205A7DEE2AD2D1DB7D812BA7
:10802000CFD10323E2E738B504461D46EA230846CC
:1080300084F86D30AB1C114684F86E302A4684F803
:108040006F0004F170000BF041F904F16D0120465E
:10805000FFF709FF6319043583F87000EDB284F867
:10806000BD5038BD13460A468221FFF7DCBF000031
:1080700070B50C4600F1DC060546102200213046A2
:108080000BF046FB6379032B10D12079FFF77CFDC1
:1080900022680146D2B23046FFF77EFD94F90630E1
:1080A000002B03DB034930460BF0EAF8012385F887
:1080B000843170BD9852010837B504460D460868F2
:1080C000496850EA010331D0194A0023F8F740F912
:1080D000CDE9000168460BF007FA436903F26C73BF
:1080E0005BBAA4F8D3300369114A013384F8D53060
:1080F000C36884F8D630836884F8D730436884F83E
:10810000D830036884F8D930286869680023F8F704
:108110001FF9104619464FF47A720023F8F718F940
:1081200040BA0123A4F8DA0084F8CC3103B030BDA2
:1081300040420F00002310B51A464FF6FF74191D78
:1081400000EB410101334988A14218BF52180A2BA4
:10815000F5D1B0F829301344B0F82B201A44B0F808
:108160002D30B0F82F001344184410BD2DE9F04114
:1081700090F82F7004460D4697B3002680F82F60C4
:1081800000F2A310FFF7D6FFB4F9C131D4F8A381F0
:108190002E60B342B8BF34464FF0640290FBF2F158
:1081A000A8BF0A222846A8BF93FBF2F409230022A5
:1081B000FEF7BBFF012202212046F8F75BFE0823F1
:1081C000014609222846FEF7B0FF47F6FF714145F8
:1081D0004FF00F034FF01102A8BF4146FEF7A5FF75
:1081E0003846BDE8F0812DE9F04190F8347004463E
:1081F0000D4697B3002680F8346000F2D910FFF7DF
:1082000099FFB4F9F731D4F8D9812E60B342B8BFE1
:1082100034464FF0640290FBF2F1A8BF0A222846D0
:10822000A8BF93FBF2F409230022FEF77EFF012290
:1082300002212046F8F71EFE08230146092228469F
:10824000FEF773FF47F6FF7141454FF00F034FF004
:108250001102A8BF4146FEF768FF3846BDE8F0812D
:10826000F0B591B00D46F22301A904461646ADF8CB
:108270000830FFF711F838B12389ADF80A30019BB7
:10828000039301238DF8093001A92046FFF7D0F9A7
:1082900070B19DF8093010A9062202FB0312218A51
:1082A00022F8361C0133019942F8341C8DF809304C
:1082B00001A92046FFF70DFA70B19DF8093010A909
:1082C000062202FB0312218D22F8361C013301998C
:1082D00042F8341C8DF8093001A92046FFF74AFA0C
:1082E00070B19DF8093010A9062202FB0312618AC1
:1082F00022F8361C0133019942F8341C8DF80930FC
:1083000001A92046FFF73CF870B19DF8093010A98B
:10831000062202FB0312618922F8361C01330199FF
:1083200042F8341C8DF8093001A92046FEF70FFFF2
:1083300070B19DF8093010A9062202FB0312618872
:1083400022F8361C0133019942F8341C8DF80930AB
:1083500001A92046FEF721FF70B19DF8093010A950
:10836000062202FB0312A18822F8361C0133019970
:1083700042F8341C8DF809309DF80970082F11D887
:1083800001A92046FFF7F2FE60B110AA062303FB05
:108390000723A28923F8362C0137019A43F8342C9D
:1083A0008DF809709DF80970082F11D801A9204691
:1083B000FFF719FF60B110AA062303FB0723E28A27
:1083C00023F8362C0137019A43F8342C8DF80970C4
:1083D0009DF80970082F11D801A92046FFF742F82F
:1083E00060B110AA062303FB0723E28923F8362C89
:1083F0000137019A43F8342C8DF809709DF8097003
:10840000082F11D801A92046FFF714FA60B110AA6D
:10841000062303FB0723A28A23F8362C0137019A8F
:1084200043F8342C8DF809709DF80970082F11D885
:1084300001A92046FEF7DCFE60B110AA062303FB6B
:108440000723E28823F8362C0137019A43F8342CAD
:108450008DF809709DF8090050B100EB40035B00F6
:108460000233DAB2327002A928460AF02FFF012047
:1084700011B0F0BD2DE9F04F334B04461F6806469E
:1084800000F15001034697B040F6C4100125D3F81F
:10849000882122B1BA1A824288BF83F884510833F6
:1084A0008B42F4D14FF000088DF8078004F1780971
:1084B000254604F16D0A96F884319DF807B05BB348
:1084C00095F814310BEB03022B2A0DDD9DF80750B4
:1084D00045B32A4602A904F16D000AF0F7FE84F8BC
:1084E000BD5017B0BDE8F08F86F88481C6F888715A
:1084F000D5F8102195F80C112046FFF794FD02AB3A
:1085000003EB0B0094F8BD2051460AF0DFFE94F80F
:10851000BD305B448DF807300C354D4506F108063B
:10852000C9D1D3E70DF1070202A904F5EA70FFF7FC
:1085300097FE0028D5D09DF8073002AA802120465A
:10854000FFF771FDCDE700BF4464002070B591F8DE
:10855000205004460E465DBB0846FFF7EBFD642342
:1085600090FBF3F040BAA4F8EC00B6F91E30591CA9
:108570001CBF0A2593FBF5F56DBAA4F8EE503368DD
:108580000C4A23EAE373934228BF13461A0C84F87B
:10859000F0201A0A84F8F12084F8F23096F923309A
:1085A0005A1C08BF002384F8F330012384F8C43137
:1085B00070BD00BFFFFF7F008B689FED147A07EE50
:1085C000903A67EE877AFDEEE77A17EE903A5BBA5B
:1085D000A0F8F4304B6807EE903A67EE877AFDEE2C
:1085E000E77A17EE903A5BBAA0F8F630CB6807EE60
:1085F000903A67EE877AFDEEE77A17EE903A5BBA2B
:10860000A0F8F830012380F89431704700401C46F0
:108610004B681BBAC0F8C4308B681BBA4FF47A722F
:10862000C0F8C830CB6893FBF2F3134483F3100314
:108630005BBAA0F8D0304B8B5BBAD0ED307AA0F8A3
:10864000CE30B2EE047A67EE877A9FED0F7A67EE4E
:10865000877AFCEEE77A17EE903A5BBAA0F8CC3056
:1086600090F8BE30FF2B0CD090F8BF20FF2A02D02C
:10867000934238BF134680F8D230012380F88C3102
:1086800070470023F7E700BF666666400B689FED02
:10869000127A07EE903A67EE877AFCEEE77A17EEE9
:1086A000903A5BBA0122A0F8FF3080F8AC214B6809
:1086B000C0F8C030CB689FED097A80F89C2107EEA6
:1086C000903A67EE877AFDEEE77A17EE903A5BBA5A
:1086D000A0F8FA30704700BF000010420000C84206
:1086E0004B689FED157A07EE903A67EE877A012284
:1086F000FCEEE77A9FED117A17EE903A1BBAC0F8BC
:108700000431B1F90C3080F8BC211BBAC0F8083133
:1087100080F80121B1F90C3080F8B42107EE903ACD
:10872000F8EEE77A67EE877AFDEEE77A17EE903A91
:108730005BBAA0F8023170470000C842CDCCCC3DF6
:1087400070B58A68C2F317023E2A90B004460B4601
:1087500000F0938141D8212A26D8172A0AD8012A65
:1087600000F03181022A00F09480002A00F0848019
:1087700010B070BD183A092AFAD801A151F822F0B8
:10878000E78800087187000871870008138A0008CD
:108790007187000885890008CD8800087187000866
:1087A000718700086B8900082A2AE1D14D78112DC4
:1087B00001F10C0100F253812A4601A80AF086FD5E
:1087C00001ABC5F11202002158190AF0A1FF01A95D
:1087D00004F5EA70FEF7F8FBCAE7A22A00F09781D9
:1087E0002DD8882A00F06D811AD84A2A00F0B1806D
:1087F0007C2ABDD14D78382D01F10C0100F29B800F
:108800002A4601A80AF062FD01ABC5F13902002138
:1088100058190AF07DFF9DF8253084F8BF30A7E78E
:10882000932AA5D101A8F8F7F3FF01A92046FFF785
:108830008DFE01A904F5EA70FEF70CFC98E7F22A18
:1088400000F077810DD8AD2A00F06A81E22A8FD13D
:1088500001A8F9F72FF801A904F5EA70FEF739FC31
:1088600086E7FD2A84D101A8F8F7D2FF01A904F513
:10887000EA70FEF749FC7BE701A8F9F701F801A9C6
:108880002046FFF7F5FB01A904F5EA70FEF72EFB81
:108890006EE74D780B2D01F10C0610D82A463146B3
:1088A00001A80AF013FD01ABC5F10C020021581913
:1088B0000AF02EFF01A92046FFF7FEFB58E7C86823
:1088C000716801AA03C2B0681060F3E7194601A8F5
:1088D000F8F7BBFF204601A9FFF76EFE04F5EA702A
:1088E000FEF741FB44E75D78332D03F10C0114D80A
:1088F0002A4601A80AF0EAFC01ABC5F134020021C6
:1089000058190AF005FF9DF8213084F8BE3001A9FE
:1089100004F5EA70FEF70CFB2AE70A4601AD3C338A
:10892000106851682E4603C608329A423546F7D180
:1089300010683060E7E70A4601AD443310685168BB
:108940002E4603C608329A423546F7D11378337063
:1089500061E701A8F9F741F8204601A9FFF796FE63
:1089600004F5EA70FEF74AFB02E7194601A8F8F79A
:108970006CFF204601A9FFF74BFE04F5EA70FEF7F5
:1089800001FBF5E65D780F2D03F10C010FD82A46A7
:1089900001A80AF09BFC01ABC5F110020021581997
:1089A0000AF0B6FE01A92046FFF79AFEE0E60A4665
:1089B00001AE1C3310685168354603C508329A422F
:1089C0002E46F7D1EEE74D782A2D01F10C0110D893
:1089D0002A4601A80AF07AFC01ABC5F12B0200215E
:1089E00058190AF095FE01A904F5EA70FEF792FA0B
:1089F000BEE60A4601AD3433106851682E4603C600
:108A000008329A423546F7D111889378B370318095
:108A1000E9E75D781C2D03F10C0110D82A4601A866
:108A20000AF054FC01ABC5F11D02002158190AF0EF
:108A30006FFE01A904F5EA70FEF789FA98E60A4686
:108A400001AD2433106851682E4603C608329A429D
:108A50003546F7D11068306013793371E9E70A467B
:108A600001AD1C33106851682E4603C608329A4285
:108A70003546F7D113883380A9E64D78192D01F1D9
:108A80000C0110D82A4601A80AF020FC01ABC5F160
:108A90001A02002158190AF03BFE01A904F5EA70F8
:108AA000FEF79FFA64E60A4601AD24331068516868
:108AB0002E4603C608329A423546F7D113883380D2
:108AC000EBE74D78152D01F10C0110D82A4601A8CD
:108AD0000AF0FCFB01ABC5F11602002158190AF09F
:108AE00017FE01A904F5EA70FEF7A7FA40E60A4668
:108AF00001AD1C33106851682E4603C608329A42F5
:108B00003546F7D1106830609388B380E9E701A853
:108B1000F8F7B6FE01A904F5EA70FEF7C3FA27E6F6
:108B200001A8F8F7C7FE01A904F5EA70FEF7C7FA35
:108B30001EE64D783B2D01F10C0110D82A4601A804
:108B40000AF0C4FB01ABC5F13C02002158190AF040
:108B5000DFFD01A904F5EA70FEF7C5FA08E60A464A
:108B600001AD4433106851682E4603C608329A425C
:108B70003546F7D110683060EBE700BF4A7922B183
:108B80008B79012B01D1FFF7DBBD7047B0F5E16FA9
:108B900003DC10F5E16F04DB7047A0F5616000B203
:108BA000F4E700F5616000B2F3E70000B0F8B83414
:108BB0008A8810B5044613F0080008BFC4F8900175
:108BC00013F0020308BFC4F8A831B2F5005F00F04B
:108BD000B58007D86C2A18D06D2A00F09D806A2ACB
:108BE0006ED010BD42F202039A4249D042F6FF73A2
:108BF0009A42F6D1D4F8BC24896804F1DC00FEF76F
:108C0000FBF8012384F88431EBE7B1F90A009FED0A
:108C10004F7AFFF7BBFF07EE900AF8EEE77A67EEB0
:108C2000877AFDEEE77A17EE903A5BBAA4F8F43053
:108C3000B1F90800FFF7AAFF07EE900AF8EEE77A0D
:108C400067EE877A9FED427AFDEEE77A17EE903A6B
:108C50005BBAA4F8F630B1F90C00FFF797FF07EE06
:108C6000900AF8EEE77A67EE877AFDEEE77A17EE7C
:108C7000903A5BBAA4F8F830012384F89431B0E755
:108C8000B1F809300A22B3FBF2F35BBAA4F8EC3076
:108C9000B1F80B30B3FBF2F35BBAA4F8EE30D1F8C5
:108CA000113084F8F2301A0C84F8F0201A0A84F893
:108CB000F1204B7F84F8F330012384F8C43190E72E
:108CC00000288ED0D1F80A301BBAC4F8C430D1F8CD
:108CD0000E301BBAC4F8C8308B8A24225343323377
:108CE0006422B3FBF2F35BBAA4F8CC30CB8A0A203F
:108CF00043435BBAA4F8CE30D4F8B43493FBF2F318
:108D000003F57A735BBAA4F8D0304B7A84F8D2308A
:108D1000012384F88C3164E7B1F90C2052BAA4F82D
:108D2000FA20012284F89C21002B3FF45AAFD1F89D
:108D30000E30C4F8B43484F88C2152E78B89A4F83F
:108D4000B834D1F81130C4F8BC344AE758A08B418C
:108D50006E882E437FB5204C054694F99200F7F7B4
:108D600005FD00268DF8040020468DF80560F7F714
:108D70004EFC94F895308DF80830184B8DF80600AD
:108D800098788DF80760F7F7E1FC8DF80900144832
:108D9000FAF7F1FFF7F7B5FC8DF80A002046F7F770
:108DA00011FCF7F7E3FC8DF80B002046F7F71CFCED
:108DB0008DF80C002046F7F70EFC8DF80D002046CC
:108DC000F7F730FC0A238DF8050001AA1421284684
:108DD000FFF729F904B070BD6832002014040020A8
:108DE0001433002073B5184C05462046F7F7EAFB0C
:108DF000F7F7BCFC8DF800002046F7F7E3FB0646CA
:108E00001248FAF7A1FF01463046F7F7B9FC8DF892
:108E100001002046F7F7E8FB8DF802002046F7F73F
:108E2000DAFBFF238DF80430094B8DF803009878A6
:108E3000F7F794FC06238DF805006A461D212846A5
:108E4000FFF7F1F802B070BD683200201433002043
:108E500014040020F7B5144D144E044695F9920001
:108E6000F7F784FC8DF80000304695F99270FAF718
:108E70006BFF01463846F7F783FC8DF80100284662
:108E8000F7F7C5FB00238DF8020030468DF803305C
:108E9000FAF771FF05238DF804006A461C2120466D
:108EA000FFF7C1F803B0F0BD683200201433002092
:108EB00030B595B04EF6EA631A49ADF80030044675
:108EC00014220DF10200F7F713FE0DF10200F7F77F
:108ED00091F9C3B2DA1CD0B2694651FA82F26D251B
:108EE0000DF800504C205070522090705320D070DC
:108EF000312010716FF02B000021507104250120EA
:108F000011339171D171117250729572D0721173C7
:108F10005173DBB26A4629212046FFF784F815B069
:108F200030BD00BF5752010870B5054694B005F139
:108F30006D06FFF70FFF95F8BD20314668460AF031
:108F4000C5F995F8BD402846E4B2FFF74BFF95F808
:108F5000BD2031460DEB04000AF0B8F995F8BD309C
:108F60001C442846E4B2FFF775FF95F8BD20314652
:108F70000DEB04000AF0AAF995F8BD301C44E4B2E8
:108F80002246694630460AF0A1F985F8BD4014B082
:108F900070BD00000038024B18BF012018707047E8
:108FA000F406002070B552BB042B5BD89EB22BB3E5
:108FB0004F4C94F828301546626A0333DBB2D20076
:108FC00084F82830626213E0083BDBB284F8283072
:108FD000B1F800C0BCF5817F0CF1010E40D2626A8D
:108FE000A1F800E022FA03F300F80C3094F82830DE
:108FF000072BE9D80135AAB29642DDD870BDFF2A09
:10900000FCD1032B51D81FFA83FC002BF6D0384C2F
:1090100094F828304FF0000E626A04331201DBB27C
:1090200042F0020284F82830626210E0083BDBB2B2
:1090300084F828300A88B2F5817F02F1010610D247
:10904000656A0E8025FA03F3835494F82830072BC1
:10905000ECD80EF1010E1FFA8EF29445DCD870BDEB
:10906000FEE7FEE7224C626A03F5C06343EA423240
:1090700094F8283062620D33DBB284F8283010E0B7
:10908000083BDBB284F828300A88B2F5817F02F110
:10909000010609D2656A0E8025FA03F3835494F819
:1090A0002830072BECD870BDFEE7114C626A03F53F
:1090B000E06343EA423394F82820636202F10D032F
:1090C000DBB284F828300EE0083BDBB284F82830AD
:1090D0000A88B2F5817F09D2656ADD40531C0B8096
:1090E000855494F82830072BEED870BDFEE700BFFA
:1090F000F40E00202DE9F84F644C0027FF250F8067
:1091000005708025676284F82870A5779946002B42
:1091100000F0AF8003F1FF3A0B8812FA8AFA561E6C
:1091200002F1FF08BB463A46FF2B16F8015F0DD847
:109130008AB15D450BD10137BFB2994540F28680B7
:10914000B24500F08680B045EED1FEE7FEE7FBB207
:109150005A46FFF727FF6B1EDBB2FD2B2AD83F2BA9
:1091600051D905F14103DBB23F2B28D894F82820D0
:10917000636A0135EDB20832D2B245EA032384F8BE
:109180002820636211E0083AD2B284F828200B88C4
:10919000B3F5817F03F1010C34D2656AA1F800C0F8
:1091A00025FA02F2C25494F82820072AEBD80B883B
:1091B0000022C2E701270B88AB463A46BDE794F888
:1091C0002820636A3F35EDB20932D2B245EA432323
:1091D00084F82820636211E0083AD2B284F828208B
:1091E0000B88B3F5817F03F1010C0AD2656AA1F8FF
:1091F00000C025FA02F2C25494F82820072AEBD8BE
:10920000D5E7FEE7FEE794F82820636A7F35EDB2E4
:109210000832D2B245EA032384F82820636211E0C1
:10922000083AD2B284F828200B88B3F5817F03F185
:10923000010C0AD2656AA1F800C025FA02F2C254F4
:1092400094F82820072AEBD8B1E7FEE70020BDE814
:10925000F88FAAB994F8282062B1646AC2F10802B2
:109260000125944005FA02F2013A22435C190C8070
:10927000C2540B88994594BF00200120BDE8F88FA7
:10928000FBB25A46FFF78EFE0B88E3E7F40E002090
:109290002DE9F04F47F26F730022827003800B7844
:1092A000A3F1FE03B3FA83F35B0983708A780D465A
:1092B00012F001011CBF43F080038370D5F8202118
:1092C00022F07F4222F0FF0285B0044612B143F043
:1092D00008038370AA68C2F31702FF2A1ED9B2F5E9
:1092E000803F18D363F07F03A37041F002014FF079
:1092F000020E09234FF00A0C0822E1700B20CDF872
:1093000004C01E4617464FF007094FF0060A4FF0FB
:10931000050B042117E043F00203A370180600F1C7
:10932000DF8008234FF0090C07220A204FF0000EBF
:10933000CDF804C01E4617464FF006094FF0050A47
:109340004FF0040B032195F8018004F8018004EB31
:109350000108297904F80B10697904F80A10A97931
:1093600004F80910A178090709D595F82111A1542D
:1093700095F82211A1550346674662460646A9683C
:10938000A154A278900707D5BA1C1F46AB68C3F357
:109390000F23A35596B23346BEF1000F05D05A1CD9
:1093A0001F46AB7AA35596B23346A278D10606D5AE
:1093B0005A1C1F4695F82331A35596B233464A4AA4
:1093C000127803F1010914FA89FA05F10C0B42B184
:1093D0006B785A460DF10E015046FFF78BFE0028C0
:1093E0005CD16A78504659461FFA82FA09F06EFF3E
:1093F00022783E4B6178D243D2B2072F9A5C82EA40
:109400000102995CA27882EA0102995CE27882EA20
:109410000102995C227982EA0102995C627982EA0E
:109420000102995CA27982EA0102995CE27982EAFE
:1094300001029A5C1BD0217A4A40082F9A5C16D010
:10944000617A4A40092F9A5C11D0A17A4A400A2FCA
:109450009A5C0CD0E17A4A400B2F9A5C07D0217BB2
:109460004A400C2F9A5C1EBF617B4A409A5CA25511
:109470001AFA89F39BB2B3F5947F0ED2B5F80C219A
:10948000E254981CB5F80C115A1C92B280B2090A29
:10949000B0F5947FA1540AD3FEE7FEE7A378BDF8A8
:1094A0000EA043F04003A37088F800A0A0E7AA78BC
:1094B000D20702D405B0BDE8F08FD5F81071D5F809
:1094C0001811D5F81461275022180F335660916097
:1094D00098B295F81C111173B0F5947FEAD3FEE7AA
:1094E0004FF0000E05E700BFF4060020C865010834
:1094F0002DE9F84FB14C15460F4680460146B0485D
:1095000009F0E4FE00228023B5F5817F3A802284B1
:10951000626284F822304FD2A94E84F828204FF09E
:10952000FF099246012A76D8B4F820C0654540F27A
:10953000B180616A16F80C3002F108000CF1010CE0
:10954000C0B243EA0123A4F820C0A0F1020C23FA20
:109550000CF1063201F003015FFA82FE0229636218
:1095600084F828E000F0BD80032944D0012924D1EB
:10957000BEF1060F0DD8228C954240F28B80B15C73
:1095800000F1060E41EA032301325FFA8EFE2284C7
:109590006362AEF1070E23FA0EF303F07F037D2B17
:1095A00084F828E076D83A88FF2A23D84133511C22
:1095B000398008F8023019E0FEE7BEF1000F6BD1E8
:1095C000228C954266D9B15C013241EA03232284A0
:1095D000072284F828201A06636200F1C8803B88BD
:1095E000FF2B06D85A1C3A8008F803A094F82820CC
:1095F00098E7FEE7FEE7AEF1060E5FFA8EF284F81A
:1096000028203A8823FA0EF3FF2A03F03F0301D8FB
:10961000413BCCE7FEE7636AA2F1020C23FA0CF1AE
:1096200001F003015FFA8CFE022984F828E003D0E0
:1096300003291CD0104699E7BEF1050F51D8218CA3
:109640008D4227D9705C02F1060E40EA03230131F6
:109650005FFA8EFE63622184AEF1060E23FA0EF3EA
:1096600084F8282003F03F033A8801339FE7BEF1D6
:10967000050FC0D8218C8D420CD9705C02F1060E0A
:1096800040EA032301315FFA8EFE21846362AEF16A
:10969000060EB4E7BDE8F88F0CF1FF3123FA01F1B3
:1096A0000EF1FF32D2B2C90784F8282097D5F2B95B
:1096B000228C9542EED9B15C013241EA0323228427
:1096C0000722636284F8282013F0800F40F08C801A
:1096D0003B88FF2B00F287805A1C3A8008F80390E1
:1096E00084E7AEF1060E636A5FFA8EF2B6E7013ADE
:1096F00023FA02F1AEF10202D2B2C80784F82820A0
:10970000E6D5002A5ED1228C9542C3D9B15C41EAEC
:1097100003230132072118062284636284F828108B
:1097200058BF08222AD4B4F820C06545B2D9073200
:10973000D0B216F80C2042EA03220CF10103238474
:1097400062621346083884F82810C34038885FFAEC
:1097500083FB00EB0B03FF2B0FDC40445A46002138
:1097600009F0D6FF3B880BEB03023A803EE7062266
:1097700084F8282013F0400FA8E7FEE708460822E7
:10978000218C8D4286D916F801C007324CEA03239A
:109790000131D2B22184636284F82800083A23FAA6
:1097A00002F238885FFA82FB00EB0B03FF2B03DC2D
:1097B00040445A46FF21D3E7FEE700BFF40E0020E5
:1097C000C80D0020511EAEF1030023FA01F1C0B212
:1097D000C90784F8280011D407280DD9AEF10B0170
:1097E000636AC9B2AEE7FEE7511EC8B223FA01F1BF
:1097F000C90784F8280001D4014694E70728BFD997
:10980000A0F108010246C8B2C6E700BF2DE9F04F3B
:109810005788B7F58F7F8BB0144606460BD90022C8
:10982000227000226F2B628000F0258100233370AC
:109830000BB0BDE8F08F12780E2A0D4624D80E2A00
:1098400000F2D58001A151F822F000BF2398000852
:10985000FB990008EF990008EF990008FB990008B0
:10986000FB990008FB990008FB990008FB99000888
:10987000FB990008539A0008EF990008EF99000837
:10988000EF9900082F9A0008692A40F2AE806A2AF0
:1098900040F0AD80A74FF98A4A1E92B2002900F02D
:1098A00021810332DFF890E207EB020CB91CFF22A2
:1098B00011F8010B424061451EF80220F8D1934295
:1098C00000F0FE804FF0000984F80090C4F8029088
:1098D000A4F80690B7F81680B8F1020FA6D997F849
:1098E00004A0BAF16F0F00F05A83B8F1030F9DD0B6
:1098F0007A796F2A00F06F83B8F1040F96D0BA79A5
:109900006F2A00F06E83B8F1050F8FD0FA796F2AB5
:1099100000F06483B8F1060F88D03A7A6F2A00F01D
:109920006C83B8F1070F81D07A7A6F2A00F06283D6
:10993000B8F1080F3FF47AAFBA7A6F2A00F0578374
:10994000B8F1090F3FF472AFFA7A6F2A00F04C8336
:10995000B8F10A0F3FF46AAF3A7B6F2A00F05383E5
:10996000B8F10B0F3FF462AF7A7B6F2A00F04E83A1
:10997000B8F10C0F3FF45AAFBA7B6F2A00F08D811B
:10998000B8F10D0F3FF452AFFA7B6F2A00F06683F7
:10999000B8F10E0F3FF44AAF3A7C6F2A00F06A83A9
:1099A000B8F10F0F3FF442AF7A7C6F2A00F05F836B
:1099B000B8F1100F3FF43AAFBA7C6F2A00F054832D
:1099C000B8F1110F3FF432AFFA7C6F2A00F04983EF
:1099D000B8F1120F3FF42AAF3A7D6F2A00F04D83A1
:1099E000B8F1130F3FF422AFFEE7632A05D8002336
:1099F0002370C4F80230E38019E74E4FFA8A122A26
:109A000014D8B91801328B70FA822278092A3AD90F
:109A1000A2F1640105293FF609AF653A042A00F274
:109A20007783DFE802F06D6965618300FEE77A1CE9
:109A30006280EB55E38862889A4245D300226280B7
:109A40002270B3F5947F4FF002020270438075D309
:109A5000FEE77A1C6280374EEB55A088727F6188E2
:109A600083189942FFF6E4AE33785F0600F1B281C5
:109A70000E232370DCE62F490A800122CA82642269
:109A80008B702270D2E6002A3FF4D0AE013A082A49
:109A90003FF6CCAE01A151F822F000BF519C000866
:109AA0002D9800082D980008CD9A0008CD9A00083E
:109AB0007D9C00080F9C0008D79B0008479C00086D
:109AC0000A2201232270B2E60123B0E66288B2F5D1
:109AD000947F06D2511C6180AB54237801332370EC
:109AE000A4E6FEE7FF22EAE60722FB7622709DE667
:109AF0006822BB76227099E601227B70227095E67F
:109B000062883B700021B2F5947F79700DD203F02A
:109B10000103033B511C6180AB5497F90030002BCB
:109B2000C0F2BB820123237080E6FEE76A223B7706
:109B300022707BE6F40E0020C86501082B78FD2B0F
:109B400000F02681EB7803722B7943726B794360C6
:109B50006A7808327280002240F28510DFF808C46B
:109B60007281FE210446013499424FEA540400F206
:109B7000DF80C0F0EA808B4240F023812B78FD2B00
:109B800000F01C814FF0060B2846DFF8DC8310F84C
:109B900001AF0BEB0A0909F1FF3189B2F7F7ACFC11
:109BA00004EB440708EB8707ADF808003979019109
:109BB00002A8F7F77BFC05EB090215F8093052788B
:109BC000019903EB0223BDF808209BB29A4200F0F2
:109BD000BE8005232BE66288B2F5947F15D2511C16
:109BE0006180AB547B7813F0020340F012826288EC
:109BF000B2F5947F0AD2511C6180AB543B78DD06EC
:109C00004CBF69236A23237010E6FEE7FEE76288F3
:109C1000B2F5947F15D2511C6180AB543B787A78B1
:109C2000134313F0020340F0EB816288B2F5947F96
:109C300008D2511C6180AB546288B2F5947FDAD3AC
:109C4000FEE7FEE7FEE76288B2F5947FD3D3FEE736
:109C500062883A83B2F5947F0FD2511C6180AB5475
:109C60003A787B7712F0010200F0D68106220833A1
:109C7000A280E38004232370D8E5FEE76288B2F572
:109C8000947F09D2511C6180AB543B781F074CBFB5
:109C9000672307232370C9E5FEE74FF00C09B8F1ED
:109CA000120F00D9FEE707EB080208F1010A1FFABC
:109CB0008AFA937002AB52461846AA49A7F816A032
:109CC00009F004FB00223A800122FA826F22BA7066
:109CD0006422227009F1010252450346BFF4A6AD89
:109CE00008F1FF310DF10902A1EB09014A4412FA12
:109CF00081F24B4401924FF06A0E4FF007084FF08B
:109D0000010900224FF0690AF98A12290FD8781840
:109D10000131F98213F8011F81702078092800F2BF
:109D2000078100286FD101999942EDD17EE5FEE7C8
:109D3000601E1418824204F1010744D227F0010189
:109D400001EB57015CF821100DE72246F1E7BB79E2
:109D5000DA0706D5FA79924582BF521912F80B201C
:109D6000B2729B070BD56300234408EB83036A7828
:109D70001B7A9A4282BF5B1913F80B30F3726300AF
:109D8000234408EB8308317398F8053073734FE56B
:109D90006B790372AB7943726B7A297AEA791B0487
:109DA00003EB0123134443606A7802F10C01418004
:109DB000A978C9077FF5CFAE1932CBE64FF00A0B71
:109DC000E2E6032333E5684902EB4200144651F80A
:109DD0002010D0E602A92844FFF78AFB737FBDF864
:109DE00008106288CB1A9BB21A446280727F1A44B0
:109DF0007277E2881344E380338BB3F5947F01D20A
:109E0000E95435E6FEE7013808288CD80FF2040C37
:109E10005CF820F0559E0008279D0008279D00084B
:109E2000399E0008399E0008E79E0008A79E00089A
:109E3000099F0008859E00086088B0F5947F08D2CD
:109E400000F1010CA4F802C02954217801312170DD
:109E500069E7FEE760883883B0F5947F11D200F19E
:109E6000010CA4F802C029543878797710F0010069
:109E700000F017810831E1800621A18004212170C2
:109E800051E7FEE76088B0F5947F0BD200F1010C3A
:109E9000A4F802C029543978C90600F12C8184F84D
:109EA00000E040E7FEE76088B0F5947F19D200F14A
:109EB000010CA4F802C0295439787878014311F0D4
:109EC000020140F01F816088B0F5947F0AD200F152
:109ED000010CA4F802C029546088B0F5947FD5D352
:109EE000FEE7FEE7FEE76088B0F5947F0BD200F155
:109EF000010CA4F802C029543978080700F1058143
:109F000084F800800FE7FEE76088B0F5947F0ED2FA
:109F100000F1010CA4F802C02954797811F0020173
:109F200040F0EC806088B0F5947FAFD3FEE7FEE7A9
:109F3000A0F1640CBCF1050F3FF6F5AE65380428BE
:109F400000F2EF80DFE800F0120A05032900F9763D
:109F5000D6E7B9764FF068012170E4E6797084F8AD
:109F60000090E0E6F60E0020C866010860883970AF
:109F7000B0F5947F7A700FD201F00101033900F13E
:109F8000010CA4F802C0295497F900100029ACBFB5
:109F9000494666212170C6E6FEE739777FE7B8F1CA
:109FA000120F3FF67FAE07EB080108F101028B703C
:109FB00002AB92B218466249FA8209F087F901228F
:109FC000FA826422A7F8009087F802A00346227064
:109FD0004FF0020984E64FF0030960E64FF00509EF
:109FE0005DE64FF004095AE64FF0090957E64FF0D5
:109FF000080954E64FF0070951E64FF006094EE60E
:10A000000823237012E44FF00A0948E64FF00B09C9
:10A0100045E60923237009E461880C33E380B1F538
:10A02000947F4FF00A03A38016D27B78481C03F07C
:10A03000010360806B546188B1F5947F0DD2481C98
:10A0400060806A5413B1E3880D33E380E388B3F58D
:10A05000947FFFF40FAEFEE7FEE7FEE74FF00D0939
:10A060001DE64FF011091AE64FF0100917E64FF000
:10A070000F0914E64FF00E0911E6B8F1120F3FF682
:10A0800011AEB844BA7088F802300123FB82002276
:10A0900064233A802370FFF7C9BB66232370FFF760
:10A0A000C5BBB4F802C00C31E180BCF5947F4FF021
:10A0B0000A01A1801DD279780CF1010B01F0010198
:10A0C000A4F802B005F80C10B4F802C0BCF5947FF7
:10A0D00010D20CF1010BA4F802B005F80C0011B17C
:10A0E000E1880D31E180E188B1F5947FFFF4C6AEDF
:10A0F000FEE7FEE7FEE784F800A014E64FF0090152
:10A10000217010E6082121700DE6672121700AE612
:10A11000772B0DD000232370C4F80230E380FFF7C3
:10A1200085BB772908D02270C4F80220E280FAE5C6
:10A1300065232370FFF77ABB4FF065012170F2E5CC
:10A14000F60E002037B500F5EF65044600F5CA614C
:10A150002846F7F70EFB0246A068019203682946DD
:10A160001B699847E06838B10368019A1B69294662
:10A1700003B0BDE83040184703B030BD08B5836870
:10A180004BB1B0F84C14B0F84A04F7F7EFFD0038C3
:10A1900018BF012008BD1846FCE70346806880B15F
:10A1A000B3F84C24B3F84A14914209D099180132FB
:10A1B00091F85004B3F84E140A40A3F84C247047A9
:10A1C00000207047836810B504467BB10023A0F8D7
:10A1D0004C34A0F84A34C06810B10368DB69984772
:10A1E000A0680368BDE81040DB69184710BD000097
:10A1F000F8B5244F04463846F6F7E4F9F6F74EFA78
:10A20000064697F99200F6F749FA05463846F6F7FA
:10A21000E2F91D4B84F8606693F8353084F8615696
:10A22000333384F855366422442384F8622684F854
:10A230005636FF22D4F8583684F864266D2262F32D
:10A240001703C4F85836C0F10A000023C4F85C367E
:10A2500084F8713700B24FF43943A4F8723780F3B1
:10A260000700092384F8630684F8743704F5CA608C
:10A2700004F5A471F7F7F4FD2046BDE8F840FFF7B8
:10A2800061BF00BF683200207004002010B5194B78
:10A29000194A93F83530C0F86026333380F85536C4
:10A2A000442380F85636D0F858366FF31703C0F8B9
:10A2B0005836002380F85C3680F85D3680F85E36CC
:10A2C00080F85F3680F871374FF44853A0F8723742
:10A2D00003220923044680F8642680F8743700F5C9
:10A2E000A47100F5CA60F7F7BBFD2046BDE8104039
:10A2F000FFF728BF7004002000088004F0B587B085
:10A3000004460021102202A8019109F001FA484BED
:10A3100093F8352001AB03CB01ABC4F88006C4F839
:10A32000841603CB01ABC4F88806C4F88C1603CBA3
:10A330003332D2B2C4F89006C4F8941601AB04F5D7
:10A34000D36505AF1E4603CEBE4228606960334622
:10A3500005F10805F6D133882B80442384F856365E
:10A36000D4F8583684F85526942262F3170318213E
:10A370006FF05E02C4F8583684F85C16002384F847
:10A380006C262021282284F85D1684F85E3684F835
:10A390005F3684F8603684F8613684F8623684F873
:10A3A000633684F8643684F8653684F8663684F853
:10A3B000673684F8683684F8693684F86A3684F833
:10A3C0006B3684F86D2684F86E3684F86F3684F820
:10A3D000703684F8713684F8723684F8733684F8EF
:10A3E000743684F8753684F8763684F8773684F8CF
:10A3F000783684F8793684F87A3684F87B3684F8AF
:10A4000071374FF432430B4AA4F872374E2304F5E8
:10A41000CA60C4F87C2684F8743704F5A471F7F791
:10A420001FFD204607B0BDE8F040FFF78BBE00BF20
:10A4300070040020D016CB0F38B504461C4884F8B1
:10A440005E26002284F85F2684F8602684F8612660
:10A4500084F8622684F86326442290F8350084F854
:10A460005626D4F85826A4F85C1684F8643684F886
:10A4700071374D218F239DF8105084F8733761F3A5
:10A4800017020A23333084F8550684F8655604F51C
:10A49000CA60C4F8582684F8725784F8743704F5F3
:10A4A000A471F7F7DDFC2046BDE83840FFF74ABE4F
:10A4B00070040020F0B502298DB004460D461CD171
:10A4C000424B43481B7800EB031000F58970F6F708
:10A4D000BDF9404B1860404A0C236B43D718D35842
:10A4E0003A7900210391511E082908D8DFE801F0CC
:10A4F00009096363676707076A002F29EBD90DB065
:10A50000F0BD1B788DF80C308DF82C200021102226
:10A5100007A8039E09F0FCF8B96801910846F5F711
:10A5200069FEC2B2102A019928BF102207A808F0BC
:10A53000CDFE274BC4F85C6693F835209DF82C308F
:10A5400084F874363021333284F860160021D2B298
:10A5500084F86116A4F8625607AB04F264660BAF88
:10A560001D4603CDBD42306071602B4606F10806E2
:10A57000F6D1442384F85636D4F8583684F8552654
:10A58000162262F31703C4F85836002384F8713793
:10A590004FF45C43A4F87237192304F5CA6084F8B9
:10A5A000743704F5A471F7F75BFC20460DB0BDE8E5
:10A5B000F040FFF7C7BD1B88ADF80C30A4E71B685F
:10A5C0000393A1E71B6803939EE700BF14040020D8
:10A5D00070040020680700202C0000202DE9F041C5
:10A5E000884D894F2A780B46142101FB027288B0EE
:10A5F00092F85520012A044618D193F8210197F8C2
:10A60000351048B101F13302D2B282420ED193F833
:10A6100022210AB1442A09D19A68C2F31702172AE3
:10A6200056D006D8142A2FD0152A45D008B0BDE838
:10A63000F08102F180724B3A22F07F42012AF5D874
:10A6400033318842F2D193F82221442AEED1198D78
:10A65000DA6840F20720814200F0CF80B1F5027F36
:10A6600000F0BD80B1F5007F0CD107EE902AFCEE22
:10A67000E77A17EE902A942A00F0B180B2F5967F1F
:10A6800000F0BB800222B1E002A81946F7F7A5F955
:10A69000BDF90800002804DA03A8F7F71FFB00281B
:10A6A000C4DB2F28C2DCA4F8C208B4F8BA3843F0DF
:10A6B0001003A4F8BA38B9E7012384F8C03800239E
:10A6C000A4F8C238514B1B68643BC4F8C438ADE7EA
:10A6D00033318842AAD193F82221442AA6D15E7848
:10A6E000162E03F10C012DD8324602A808F0EEFD1B
:10A6F00002ABC6F117020021981909F009F80DF113
:10A700000E00F7F7EBFAB0F100088FDB404A9DF836
:10A710001E1008EB4803980002EB83031B79994253
:10A7200084D1B8F12F0F1FFA88F622DC0139029B81
:10A73000125808291DD8DFE801F01B1B39393B3BB3
:10A740001C1C3D000A4602AE1C3310685168B4461A
:10A75000ACE8030008329A426646F6D11068CCF89D
:10A760000000918893798CF80630ACF80410C6E7A5
:10A7700013702878F8F712FD2A78142303FB02736C
:10A78000012183F8551097F82D300BB987F82D105B
:10A79000B8F1020F10D11F4B07EB0210196800F53A
:10A7A0008970F6F78DF8A4F8C2687EE71380E0E7B9
:10A7B0001360DEE71360DCE7B8F1000FF3D1164B4E
:10A7C0001A78002AEFD083F80080602323800F4B93
:10A7D0001B680BB16360E6E74FF0FF33FAE7B4F8AC
:10A7E000BA2842F00202A4F8BA2800229879009010
:10A7F0005B792046FFF720FE18E7B4F8BA2842F04C
:10A800000402F0E7140400207004002044640020D7
:10A810002C000020680700201C31002010B52F4BB1
:10A820001A782F4B142101FB0233044693F855305C
:10A83000012B37D12B4BD0F8BC281B689A1AB2F5E4
:10A840007A7F21BFB0F8BA28C0F8BC3842F00102C4
:10A85000A0F8BA2890F8C02862B1D0F8C4289A1A93
:10A86000312A81BFB0F8BA28C0F8C43842F01003CA
:10A87000A0F8BA38B4F8BA38DA0614D523F01003C1
:10A88000A4F8BA38B4F8C2182046FFF713FEB4F89B
:10A89000C23801339BB22F2BA4F8C23802D900234F
:10A8A00084F8C03810BD980708D523F00203A4F837
:10A8B000BA382046BDE81040FFF720BD590702D541
:10A8C00023F00403F3E7DA07ECD523F00103A4F83F
:10A8D000BA382046BDE81040FFF7D8BC1404002069
:10A8E000700400204464002038B5134B134A1B68E1
:10A8F000C0F8BC38002380F8C038A0F8C238C0F8CF
:10A90000C438A0F8BA3813700D4B0E481B780E4DA2
:10A9100000EB031000F58970F5F798FF0B4B02244C
:10A920001860E0B2FAF790F901342E2C286305F193
:10A930000C05F6D138BD00BF446400201C31002056
:10A9400014040020700400202C0000206807002060
:10A950006FF0FF03036040F6FF23838000238360D2
:10A9600003737047F8B5394D04462E7838481427DC
:10A9700007FB060090F84F60012E0CD0022E0CD081
:10A9800076B9A16090F84C30032B18BF0022A36861
:10A99000E26033B9FEE7A360F4E7A2600022F6E7C5
:10A9A000FEE70023C4E90433C4E95233C4E9543355
:10A9B000A3617F23A4F85831F6F794FFA878022802
:10A9C00042D0431F58425841224940F2FF12FEF73D
:10A9D000E1FA0220A4F84E241F4A087000234870B0
:10A9E0008870C8701D49137053709370D370C4F889
:10A9F000DA31C4F8DE31C4F8E231C4F81233C4F8F5
:10AA00001633C4F81A33A4F84C34A4F84A341A465E
:10AA100001330C2B0A70CA704A708A7001F104016C
:10AA2000F6D10F4B1B6803F57A7304F6A800C4F83F
:10AA3000A438FFF78DFFA4F8B82822806260204672
:10AA4000BDE8F840FFF750BF0120BDE71404002027
:10AA50007004002029070020F5060020F9060020D8
:10AA6000446400204278FF2A08D00368044923F098
:10AA70007F4323F0FF038B4208BF0222104670473A
:10AA8000000101000C4B02781B6810B51AB903F2E3
:10AA90001B63836010BD90F90520002AFADD8168F0
:10AAA00040F21B64591AA142F4D98360013A012390
:10AAB00042710373EEE700BF4464002070B590F963
:10AAC0000530002B88B0054621DB4C78182C01F1AD
:10AAD0000C031ED81946224601A808F0F7FB01AB6B
:10AAE000C4F119020021181908F012FE104903A838
:10AAF000F5F776FB58B9DDED017AFCEEE77A17EE53
:10AB0000903A13B10B4AC2F8AC34FF236B7108B012
:10AB100070BD01AA01F1240418685968164603C6DD
:10AB20000833A3423246F7D11B783370DEE700BF0B
:10AB30007B53010818080020007840B14B7983420C
:10AB400004D18879431E584258417047002070470D
:10AB50005379032B10B504460AD14B7903709379CE
:10AB6000DB0943701079FDF70FF8E070136823716B
:10AB700010BD00007FB58B6833F07F4305460C465F
:10AB800000F6A8060ED18B79012B0BD101A8F6F7A0
:10AB900077FE9DF80930082B04D001AA21463046E3
:10ABA000FFF7D6FF21463046FFF7C6FF88B3A368FC
:10ABB000C3F31703162B32D0F52B16D16678012E6E
:10ABC00029D8324604F10C0101A808F07FFB01AB43
:10ABD000C6F102020021981908F09AFD9DF805308F
:10ABE0009A1E5342534185F8AA3895F8B83853B1A4
:10ABF00095F8B93821790C480133DBB2CB1A5942A8
:10AC00005941F5F70CFD012385F8B838237985F80B
:10AC1000B93804B070BDA389ADF80430DEE7304622
:10AC2000FFF74CFFE1E700BF683200207FB52E4EF2
:10AC3000044600F11C05B4F85411B4F85621881AE2
:10AC400083B2000444BF80339BB20BB904B070BD23
:10AC500091421FBFB4F85811A31801320A4096F868
:10AC60002D101ABF93F85A31A4F856210023022957
:10AC700004F110022946684620D1FEF7C7FD9DF871
:10AC80000030022BD7D1E368DBB9A0680368BDF8B8
:10AC900002201B692946984704F5CA662A46694678
:10ACA0003046F6F72DFE31461048FDF767FF314676
:10ACB000204604B0BDE87040FFF75CBFF6F7C2FE67
:10ACC000DDE70B4E69460020F7F77CF8737833B167
:10ACD000A068BDF80220036829461B699847B3782D
:10ACE000002BD9D0E068D1E77004002018080020BC
:10ACF000F50600200148FFF7B5BE00BF5018002040
:10AD000010B54E4C86B000211622684608F000FDB2
:10AD10002046F5F769FC94F88C308DF800008DF82A
:10AD20000130204694F88D308DF80230F5F753FC51
:10AD300094F8913094F890208DF803005B0002F0B5
:10AD4000010203F00203134394F8A52043EA82139F
:10AD500094F8A62043EAC2139DF80B2002F03C02AF
:10AD6000134320468DF80B30F5F751FC94F89430DE
:10AD70008DF8083094F8923094F895208DF80930C9
:10AD800094F896308DF80700DB00920002F0040280
:10AD900003F0080313439DF80B2022F00C02134329
:10ADA00004F128008DF80B30F6F71EF88DF80C0032
:10ADB0002046F5F7E5FB8DF80D0004F11400F6F7D9
:10ADC00013F88DF80E0004F13C00F6F70DF88DF83D
:10ADD0000F002046F5F7E5FB8DF810002046F5F74B
:10ADE00021FC94F8A7308DF81230154B8DF8110026
:10ADF0005B7C8DF81330FFF77DFF124B1A78931EA2
:10AE00005A425A4100F0030343EA02230E4A0F4814
:10AE1000127943EA4223BDF8142023F0FC039B057A
:10AE200022F4407222F003029B0D134302216A4672
:10AE3000ADF81430FBF719FD06B010BD68320020E4
:10AE4000EC0C0020110800203807002070180020AA
:10AE500070B54C88B4F5427F4FF000030AD80D78E6
:10AE60000B2D73D8DFE805F0060D1A2A2D30363980
:10AE700052555969A2F1240462424B8062410A7022
:10AE800007E04D2A01D0582A06D1027002230B7028
:10AE9000002380F8093333E00023F8E702F0FD03D4
:10AEA0003C2B01D0212AF7D1037842704D2B0CBFE7
:10AEB000082303230B7000238370E9E782700422C8
:10AEC000DDE782800522DAE7838803EB02238380B3
:10AED0000623DCE7C2800722D1E7C38803EB022305
:10AEE0009BB2002BC3800CBF0B230A230B700023E3
:10AEF0004B80012380F80933C388B3F5407F01D824
:10AF0000002002E000200870488070BDC280092245
:10AF1000B5E70A2382800B70EBE7B4F5407F3CBFB6
:10AF2000241822724B8801339BB24B80C2889A420C
:10AF30009CBF0B230B700123ABE780F808230B7039
:10AF40004B80022380F809330120DEE70B704B8031
:10AF5000D6E7CB88B3F5407F70B531D82423037092
:10AF60000B7843704B7883700B784D2B14D1CB88C2
:10AF7000C3708B88037105230022CD88D4189542B5
:10AF8000A6B210FA84F415D891F808232270CA8862
:10AF90000132981880B270BD8B78C3708B880371B2
:10AFA0008B881B0A4371CB888371CB881B0AC371C2
:10AFB0000823E1E78C180132247A845592B2DCE749
:10AFC0000020E8E72DE9F74F16464A88B2F5427FA0
:10AFD00004460D462ED80B780A2B0FD9A3F1640234
:10AFE000032A03D90020287068802DE0653B8F4F2D
:10AFF000022B33D8DFE803F063A4A70000210A2B5B
:10B00000F0D801A050F823F035B000084FB0000888
:10B01000E5AF0008E5AF000893B00008A1B0000854
:10B02000ADB00008B3B00008E5AF0008E5AF000818
:10B0300021B10008A6F124077E424FF000007E41B6
:10B0400068802E7084F8090303B0BDE8F08F6F2E7E
:10B050000CBF642300232B700020F3E716F0040FCD
:10B0600014BF4D2358233E7023703A78D1070ED475
:10B0700012F0020F14BF21233E236370C2F3C003FA
:10B08000D20648BF43F00203A3700423E3E73C2346
:10B09000F3E7A68005232B7084F809130020D3E77B
:10B0A000A38803EB0623A3800623D4E7E6800723C7
:10B0B000F1E7E38803EB0623E3806523CBE70DF19B
:10B0C00006007E70F6F728FB3978F6F71DFBA78897
:10B0D0002179F6F719FB390AF6F716FBE788A1790B
:10B0E000F6F712FB390AF6F70FFB9DF80630B3426C
:10B0F00006D000232B706B80032384F80933CDE73F
:10B10000002F0CBF66230A232B70012384F8093318
:10B1100000236B80E288B2F5407FBFD92B70BDE77A
:10B12000B2F5407F3CBF121916726B8801339BB297
:10B130006B80E2889A4201D866232B700123DCE7FA
:10B140007E806723F9E7B7F8028097F8009008EB54
:10B1500006284FF6FF730DF106001FFA88F84946DE
:10B16000ADF80630A7F80280F6F7A0F92679B4F812
:10B1700004A03146F6F79AF94FEA1A21F6F796F944
:10B1800094F806B0B4F806A05946F6F78FF94FEADE
:10B190001A21F6F78BF9797804F10807F6F786F9A2
:10B1A00052463946F6F78EF9BDF8063043453AD196
:10B1B00019F0040015D086EA0B01E21D002398B2B5
:10B1C000824584F8081307D80223012000222A7040
:10B1D0006A8084F8093337E712F8010F01334140E0
:10B1E000EDE7A178F5F7E6FA217984F80803F5F799
:10B1F000E1FAA18884F80803090AF5F7DBFAA179D6
:10B2000084F80803F5F7D6FAE18884F80803090AF8
:10B21000F5F7D0FAE28884F808033946F5F7D0FA52
:10B2200084F80803D0E703230020CFE7B4300020E0
:10B23000CB88B3F5407F2DE9F04104460D464AD84E
:10B240004B783C2B40D0A3F12100434243415B00AB
:10B250002A784D2AAA7808BF43F00403D10748BFD3
:10B2600043F0080392074FF02402227048BF43F0D6
:10B2700010036F226270A370AB88E370AB881B0A67
:10B280002371EB886371EB88A71C1B0AA3713846F6
:10B29000F6F748FD0822E071E988A2F108039BB2A5
:10B2A000561C8B42B6B204EB02080FD3063189B2AA
:10B2B0003846F6F721F988F80000000AA055E8881A
:10B2C0000A3080B2BDE8F0810123C1E72B441B7A2C
:10B2D000A3543246E0E70020F4E710B50446817835
:10B2E0000020F5F767FA217984F80803F5F762FA88
:10B2F000A18884F80803090AF5F75CFAA17984F8B3
:10B300000803F5F757FAE18884F80803090AF5F706
:10B3100051FAE28884F8080304F10801F5F750FABD
:10B3200084F8080310BD00002DE9F74FC788DFF847
:10B330009880B7F5407F0D4628BF4FF4407704460C
:10B340003A4600F108010026284607F0BFFF2F44C7
:10B35000E6804FF03B09AF4205D1204603B0BDE87F
:10B36000F04FFFF7BABF15F8013BFF2B2AD0FE2B99
:10B3700028D0FF2E1ED1362BEDD858F833204FF0B1
:10B38000000A10460192F4F735FF1FFA8AFB584570
:10B39000E388019A0AF1010A05D85A1C2344E28085
:10B3A00083F80890D7E7591CE180234412F80B106A
:10B3B0001972E6E7FE2ECED1E288511C2244E180CC
:10B3C0001372C8E71E46C6E7947C010830B50F4BE0
:10B3D0001C780F4B142505FB043393F84F30012BD9
:10B3E00003D0022B10D00BB1FEE7114600234360BF
:10B3F000C0F81233A0F82236A0F8203640F2FF330E
:10B400000160A0F8243630BD0021EFE714040020CD
:10B4100070040020F8B5B0F82026B0F82236D21A11
:10B4200093B2120444BF03F580639BB2E62B04463B
:10B4300008D800F2163500F21236206803685B69FE
:10B44000984700B9F8BD206803689B699847314662
:10B4500002462846FFF7FCFC0028EED004F626271B
:10B4600029463846FFF7E4FE00239AB29042E4D919
:10B47000B4F82016B4F824C64A1C02EA0C02B4F848
:10B4800022C694451EBF091917F803C081F826C6C5
:10B4900003F1010318BFA4F82026E6E7F8B500F190
:10B4A000080504460A46011D2846FFF78BFD70B3C8
:10B4B000637A3E2B14D004F6262629463046FFF741
:10B4C00048FD0246206801680F693146B847637A33
:10B4D0003E2B1CD129460E48BDE8F840FDF766BB5F
:10B4E000A389742B0AD042F6FF729B1A18BF01235E
:10B4F000A27A9207EBD4002BDDD1E8E70023A372F8
:10B5000004F626212846FFF70FFF0123F0E7F8BDD8
:10B510001808002003680BB1FFF7C0BF704703464F
:10B52000006868B1B3F82026B3F82236D31A98B26F
:10B530001B0444BF00F5806080B2003818BF0120B2
:10B5400070470346006880B1B3F82226B3F820168E
:10B55000914209D09918013291F82606B3F82416C1
:10B560000A40A3F82226704700207047036843B1C1
:10B570000022A0F82226A0F820261A681846D269D0
:10B580001047704710B504460548FEF71BFE0548F6
:10B59000FFF7ECFF60680368BDE81040DB691847FF
:10B5A000A80F00207423002070B50A4C25780A4C9F
:10B5B000142606FB054494F84F40012C03D0022CBE
:10B5C00005D00CB1FEE71946416011B9FEE71146FE
:10B5D000FAE770BD140400207004002070B5044622
:10B5E0004068A16803681D4D9B68984760680368C0
:10B5F000DB6998474FF0904301229A6202229A61D8
:10B600006326F7F77FFC10B12B88E3B92E80206802
:10B6100003685B69984738B1206803689B6998475D
:10B6200001466068F6F779FC606803685B699847D3
:10B630000028E6D0606803689B6998470146206847
:10B64000F6F76BFCDDE7013B9BB22B80002BDED1D4
:10B65000F6F738FFF6F742FFD9E700BF960F002054
:10B66000026808B51AB143680BB1FFF7B7FF08BD10
:10B670002DE9F0411C46064640681C4F1546F6F77A
:10B6800058FC00232370D7F8008023781F2B27D87D
:10B690003B68A3EB0803632B22D8706803685B69DF
:10B6A00098470028F1D0706803689B699847237811
:10B6B0000A2803F101022270E854E6D12378032B13
:10B6C00011D92A784F2A0ED16A784B2A0BD12B44F4
:10B6D00013F8020CA0F10D0358425841BDE8F08167
:10B6E00000202070FAE70020F8E700BF4464002043
:10B6F00010B504468EB0154901A807F0B9FD1449EC
:10B700002068F6F716FC206801A9F6F712FC11492B
:10B710002068F6F70EFC0DF1030305AA01A92046E7
:10B72000FFF7A6FF80B19DF8033038336B44002249
:10B7300003F8262C05A92068F6F7FBFB06492068CC
:10B74000F6F7F7FB0EB010BD0449F4E78953010882
:10B750002B4C010892530108364B01089553010800
:10B7600010B542F20F73994228BF194604460846A5
:10B7700092B0B0F57A7F38BF4FF47A7001A902F029
:10B7800064FA01A8F5F7B4F8164905A807F070FDAA
:10B7900001A905A807F074FD13492068F6F7C9FB55
:10B7A000206805A9F6F7C5FB10492068F6F7C1FB2C
:10B7B0000DF1030309AA05A92046FFF759FF78B147
:10B7C0000B48F6F7EDFE9DF8033048336B4400223A
:10B7D00003F8262C09A92068F6F7ABFB12B010BDC0
:10B7E0000449F8E7A45301082B4C010892530108BF
:10B7F00060E31600AC53010810B541229AB00A70FC
:10B8000054224A700DF1030311AA0446FFF730FFDA
:10B81000002830D01948F6F7C3FE01A9A06802F04D
:10B8200022FA01A8F5F764F8154909A807F020FDE8
:10B8300001A909A807F024FD124909A807F020FD75
:10B840000DF1030311AA09A92046FFF711FF90B1DA
:10B850000A48F6F7A5FE6068A16803689B689847E8
:10B8600060680368DB69984707490DF1030311AA73
:10B870002046FFF7FDFE1AB010BD00BF60E31600C2
:10B88000BB530108C4530108975601082DE9F04342
:10B890004368A1B00446002B73D04FF416524FF406
:10B8A0009643CDE905234FF416414FF46143CDE9AA
:10B8B00007134FF4E1304FF46133CDE90903A36876
:10B8C000049301A8F6F7D6FC002501AB0B221978EA
:10B8D00013F8010F013A01EB00210D4412F0FF02B1
:10B8E000ADB2F4D12B492C4FDFF8B88014A807F083
:10B8F000BFFC284602F036FA014614A807F0C0FC47
:10B90000264914A807F0BCFC254816A920F8025BBC
:10B9100007F0AEFC04AE0725606856F8049B036888
:10B9200049469B68984760680368DB6998470DF152
:10B9300003030BAA39462046FFF79AFE20B39DF871
:10B94000033080336B44002203F8562C14A90BA853
:10B95000F4F746FC10B9A368994512D00822414675
:10B960000BA807F0C1FC78B914A92046FFF744FFE3
:10B970006068A16803689B68984760680368DB6932
:10B98000984721B0BDE8F083013D15F0FF05C3D114
:10B99000EEE700BFC7530108DF530108DB5301087E
:10B9A000580F0020E9530108F8B572B6F6F7DCFD30
:10B9B000F7F7D6FAF6F770FDF6F75CFDF8F7F2FF49
:10B9C0002F4B304D1868304E03685B6898472F4BFB
:10B9D000186803685B6898472D4B186803685B68B4
:10B9E0009847F6F787FD2B4B002480225A701C7075
:10B9F000F8F74EF8C5E902442C61F6F71BFF264B19
:10BA00001C70F6F7BDFC254B25484FF400425A61E7
:10BA10004027F6F7FBFCF6F7C3FD41F28830B7622A
:10BA2000F6F7BEFD4CF25030B761F6F7B9FD284687
:10BA3000F6F7D4FC214628461A4C02F0C6FA4FF419
:10BA40007A70F6F7ADFD94F8582094F85710164820
:10BA5000FAF780FE94F858101448FCF70BFA94F8A3
:10BA6000594013482146F5F76FFB3CB1114B124A80
:10BA70001A60124B124A1A60FAF730FB62B6F8BD30
:10BA8000603200201433002000040048643200209B
:10BA900004080020E80C00206C0200200004014093
:10BAA000E0930400140400207018002018080020FF
:10BAB0002C0F002070020020AD1500087402002039
:10BAC000191F0008184B4FF4004273B55A6117480C
:10BAD000174C4FF6FF7102F031FB206023689B0783
:10BAE00012D5144E35798DB1104808236A460021CD
:10BAF00002F045FAD6E90602DDE900139A4208BFD2
:10BB0000884201D00023236002B070BD02236A4640
:10BB10000648294602F033FA074BDA8BBDF80030AD
:10BB20009A4218BF2560EFE700040140143300205B
:10BB3000900F00203807002014040020044A00233E
:10BB40001370044A1380044A1370044A1370704738
:10BB50009E0F0020A00F002074330020D80C00207E
:10BB6000024B1878B0FA80F0400970479E0F002011
:10BB70000D4A11780346A9B910700C4A01201070C3
:10BB80000B4A032B118009D0042B01D083420AD128
:10BB9000084B002283F8A020012070474FF4FA736D
:10BBA00013807047002070479E0F002074330020E0
:10BBB000A00F00202C060020034A00231370034A24
:10BBC0001380034A137070479E0F0020A00F0020BF
:10BBD000743300200A4A08B5138883B1013B9BB235
:10BBE000138063B9074B1B78032B02BF064B01225E
:10BBF0001A70FFF7E1FF054B002283F8FA2A08BD0F
:10BC0000A00F00209E0F0020D80C002070180020EC
:10BC100013B5C379212B12D10A4CF8F785FBFFF736
:10BC2000CBFF94F8FA3A032B06D10DF10701204619
:10BC30008DF80730FAF79AFF002384F8FA3A02B039
:10BC400010BD00BF7018002010B50D4B1B78013BD4
:10BC5000032B14D8DFE803F002090D072023BDE809
:10BC60001040F8F751BB2423F9E7BDE81040F8F77E
:10BC7000A7BB2323F8F748FB024B00221A7010BD24
:10BC80009E0F002074330020034B01221A70002203
:10BC90005A711A71704700BF1D310020054A064BCA
:10BCA00012791B7F1AB105495B22F8F79BBE044944
:10BCB0005B22FAE7380700201404002075330020C7
:10BCC000D033002038B5114B1A79054632B1014600
:10BCD00000221846BDE83840F8F7D4BE0C4A0D499A
:10BCE0005B23F8F775FE7DB90A48F8F7FDF90128DE
:10BCF000044607D000280849284614BF012402241E
:10BD0000F8F790FE204638BD0148EEE738070020DE
:10BD100002320020A731002068320020024B187840
:10BD2000831E58425841704711080020044B1B786D
:10BD3000022B06BF034B93F8A0000020704700BF02
:10BD4000110800202C06002038B5184B1A78184B23
:10BD50000546142000FB023393F85540012C22D1F4
:10BD60002A88930606D522F020022A800523012086
:10BD70000B7038BD12F0400316D0FFF7D7FF20B18B
:10BD8000FFF7EEFE08B90023F1E7686830B1094B10
:10BD90001B681B1A312BF6D900236B6022F040027E
:10BDA0002A800623E3E700231846E1E71404002075
:10BDB000700400204464002013B50DF1070104460F
:10BDC000FFF7C2FF18B19DF8070002B010BD208038
:10BDD000FBE700002DE9F04106460C461546FFF74B
:10BDE000A5FF70B1184B93F82D30581E012819D8B3
:10BDF000164BB3F85861B3F85671002291B28D42D8
:10BE000001D8BDE8F081B3F85401411C3140B9427A
:10BE10001FBFC01814F802C080F85AC1A3F854110B
:10BE20000132EBE7032B09D1094E0D44AC42E8D0B7
:10BE300014F8011B3046FFF76DFBF7E770680368E5
:10BE4000BDE8F0411B69184770040020A80F0020CE
:10BE500074230020F8B52A4B2A4D1F79CB78C3F301
:10BE6000800385F895308B79C3F3000385F896300D
:10BE70000B79064603F00303C8785B0143EAD00060
:10BE80000C46F4F705FC85F892006379227903F0FB
:10BE900001039B0143EA920385F893306379C3F36E
:10BEA000460385F89430E378A17803F001039B0002
:10BEB000032243EA911302EB83030722B3FBF2F35D
:10BEC000114A1370DEB1D7B101F03001202904D13D
:10BED0002046BDE8F840FFF79BBEA2790B48E11D64
:10BEE0005208FFF777FFA17905F164004908F4F7DC
:10BEF0007DFF05F13C00BDE8F840F4F771BFF8BDE7
:10BF00001D310020683200205D3200202C330020DB
:10BF100073B5054690B9204B204E1B78204A147902
:10BF2000002C36D173B91F4A1F49127801921A4A60
:10BF3000127800920D201A46F8F7D4FD194B1B4ECB
:10BF40001B78EBE7022B1A480ED1B17801F00701FC
:10BF5000F8F73AFE4379ABB931460120FFF77AFF93
:10BF60001448F4F70AFB05E0012293420270447181
:10BF70000471F1D10F4880F8905002B0BDE87040D4
:10BF8000F4F7F9BA0C4B1C745C825C610B4B1C71AE
:10BF9000E2E702B070BD00BF9A0F0020A731002079
:10BFA000380700209B0F0020F253010802320020C6
:10BFB0001D31002068320020A80F002074230020CB
:10BFC00010B50246FFF7B2FEB8B10C4B93F82D3016
:10BFD000591E012904D8BDE810400948FEF7CEB823
:10BFE000032B04D1BDE810400648FFF798BA50680B
:10BFF0000368BDE810405B69184710BD700400205D
:10C00000A80F00207423002010B50246FFF78EFE13
:10C01000B8B10C4B93F82D30591E012904D8BDE856
:10C0200010400948FEF7B9B8032B04D1BDE8104011
:10C030000648FFF786BA50680368BDE810409B6960
:10C04000184710BD70040020A80F002074230020A2
:10C050002DE9F04FDFF82C8198F8004097B0814629
:10C060000E461746002C48D13B4B1B78022B40D183
:10C07000DFF8FCB00DF1180A25465846ECB2FFF780
:10C080009FFF40B15846FFF7BFFF0135402D0AF82A
:10C09000010BF2D12C4631482146F4F7A7FE304877
:10C0A000F4F79EFE2F488DF8129090F8A4308DF88A
:10C0B0000C302D4B80F89190DB788DF80D3090F896
:10C0C00090308DF81130F4F77DFA8DF80E00F8F706
:10C0D000D3F9264D8DF8130010F0010F0CBF334635
:10C0E0003B468DF8143095F8563043B9B74206D028
:10C0F000FEE71F48FFF746FAD4E70024D2E71948C5
:10C10000F4F772FA1B4B8DF81000197802220723FE
:10C1100013FB0123D3408DF815302A78164B1421D8
:10C1200001FB023393F85A305A1E534253418DF8A3
:10C13000163098F800304BB9104A1148009406ABFD
:10C1400003A9F7F7C5FF17B0BDE8F08F0B4A0C48FD
:10C1500003A9FFF779FDF6E711080020B8320020A7
:10C1600090320020683200201D310020140400208D
:10C170002C3300204A31002070040020243100209C
:10C18000D03300207433002030B4084C257925B119
:10C190000146204630BCF8F765BA054C94F8A43047
:10C1A000013384F8A43030BCFFF752BF38070020B9
:10C1B0006832002008B50246FFF7B8FD18B9A2F8AA
:10C1C0002206A2F82006054B93F82D30032B04D14C
:10C1D000BDE808401046FFF71DB908BD70040020F7
:10C1E00070B500239CB2A24200D870BD0588868835
:10C1F0006C1C34404688A6421EBF2D18CE5CAE7122
:10C2000003F1010318BF0480ECE708B56830FFF7BD
:10C21000E7FF08BDA0F11400F7E7000038B50A4BAE
:10C2200093F82D3000F5EF65022B0446284608D11F
:10C23000FDF72EF80246294604F24A40FFF7D0FFE8
:10C2400038BDF5F796FAF5E770040020F0B587B031
:10C250000446102201A8F4F739FC204B94F8A8C832
:10C2600093F8352084F85EC64FF0FF33333284F8FC
:10C270005C3684F85D36012384F85F3604F5CA67BE
:10C28000D2B201AB04F5CC660DF1140E1D4603CD00
:10C290007545306071602B4606F10806F6D184F8CA
:10C2A00055264423D4F8582684F85636142363F3CD
:10C2B0001702C4F858264DF2016284F871C7A4F839
:10C2C000722784F8743704F5A4713846F5F7C8FD71
:10C2D00039462046FFF7A2FF07B0F0BD70040020EA
:10C2E0002DE9FF410446B0F84C14B0F84A04F5F7C4
:10C2F0003DFDE3684BBBDD2808D804F5F37604F573
:10C30000ED75A06803685B69984710B904B0BDE893
:10C31000F081A06803689B6998472A460346314626
:10C320006846F5F78FFB0028EBD09DF80030022B14
:10C33000ECD104F5CA65324669462846F5F7E0FABD
:10C3400029462046FFF76AFF94E0DD28DED84D4DF0
:10C350002B780133DBB2012B2B700FD900232B700C
:10C36000A06803685B69984750B901232B70E068A7
:10C3700003685B69984730B9287004E0002BEFD060
:10C380002B78012BF3D004F5F37604F5ED772B78B9
:10C39000002B36D1A06803685B69984788B3A06812
:10C3A00003689B6998473A46034631466846F5F765
:10C3B00049FB0028EBD0DFF8D08069460120F5F773
:10C3C00001FD98F8023033B1E068BDF8022003683F
:10C3D00031461B6998479DF80030022B11D104F5B6
:10C3E000CA67324669463846F5F78AFA98F8003047
:10C3F0001BB139462046FFF711FF39462046FEF7AC
:10C40000EDF804F21E3604F212372B78012B7FF47C
:10C410007DAFE06803685B69984700283FF476AF1A
:10C42000E06803689B6998473A4603463146684688
:10C43000F5F708FB0028E8D0134F69460220F5F70E
:10C44000C1FC7B7833B1A068BDF802200368314697
:10C450001B6998479DF80030022B7FF457AF04F515
:10C46000CA65324669462846F5F74AFA3B78002BFA
:10C470007FF466AF2946204604B0BDE8F041FEF7E0
:10C48000ADB800BF34070020F5060020264B70B57C
:10C490001E680446FFF74AFC58B9C4F8A468A4F81B
:10C4A0005601A4F85401A4F84C04A4F84A0484F8F2
:10C4B000B8081E4D95F82D30013B012B33D820468E
:10C4C000FEF7B4FB2046FFF70BFF194B1B78142235
:10C4D00002FB035595F8525095B1D4F8A438F31ADD
:10C4E000B3F57A7F0FD3C4F8A468012504F6A80039
:10C4F000FEF7C8FA4DB12046BDE87040FDF778BEA2
:10C50000C4F8A468F2E70025F0E794F8B4382BB13A
:10C51000084984F8B4582046FFF798FE2046BDE845
:10C520007040FEF77BB970BD4464002070040020A9
:10C53000140400207B5301082DE9F04F544E33784A
:10C54000012B85B000F260811BB9F5F705FF00F003
:10C5500097FFDFF86C814F4DDFF86891FFF724FA01
:10C56000D8F80000696C03689B689847D9F8000008
:10C57000696C03689B689847474B00221A809A7041
:10C580004FF0904301229A6207244CF25030013C54
:10C59000F5F7A4FFF6F704F814F0FF04F5D13F4BCC
:10C5A0003F489C701C8001F06DFE013880B24FF650
:10C5B000FD73984203D93B490120F8F78BFA3A4BB7
:10C5C0003A491C603A4B36481C60F7F7E3FB3948A0
:10C5D000F7F76EFF95F820C0BCF1200F00D9FEE7F9
:10C5E00095F82820344F696AB5F82CB095F829E001
:10C5F00095F82A30BA71052A00D9FEE72F4850F87D
:10C6000032A0BAF1000F00D1FEE7C7F808A000EB96
:10C61000C20A87F8D5209AF804009AF805A0F871A4
:10C6200087F80CA0A7F80EB087F8D440BBF1000F34
:10C6300000D1FEE7844524BF00F1FF305FFA80FCA3
:10C640001D48052A80F811C000F01B81012A00F264
:10C6500021810EF1FF32D2B200F00981022A33D8D3
:10C660005A1ED2B2032A0BD8BCF10C0F01D90C22EE
:10C670004274427C624501D980F811C0744626E0BC
:10C68000BCF1120F84BF122343740023F1E700BFF3
:10C690004931002014040020960F0020580F00207C
:10C6A00014330020045401088C0F002018040020CB
:10C6B000900F002038070020EC0C0020285E0108B5
:10C6C0006032002064320020052B28BF00237B4805
:10C6D0002246F4F7A9FA00242A783C74784F794B63
:10C6E0004FF0140B0BFB02724FF0FF0A92F85A2026
:10C6F00083F800A0501E424283F801A0724B4241D1
:10C700001A7004229A706422DA705C701C716F4B8C
:10C710006A481C70F7F752FB01466D4801F078FC3F
:10C720006C4B1C806C4B1C706C4B1C706C4B1C80DD
:10C730006C4B1C806C4B1C706C4B1C806C4B1C70CD
:10C740006C4B1C706C4B1C706C4B1C706C4B012048
:10C750001C70FFF7F3F9FFF70BFAB5F84830B5F89E
:10C760004A2095F840106748F3F7C6FEB5F8481020
:10C770006548F4F7E5F96548F8F7FCF92B78644863
:10C780000BFB037797F84E10F4F7E6FCD9F800306E
:10C79000604AD8F800106048FEF7E4F8D8F8007056
:10C7A000D9F800205D483946FEF710FE13465C4874
:10C7B000584A3946FEF7F8FE5A4BB5F84820196832
:10C7C0005948F8F7B7FC59486B6C8360C0E900170B
:10C7D000FFF75CF83E48F7F7CEFA01465448F8F701
:10C7E00097F85448F4F74CFC5348F4F717FB5348B8
:10C7F000F4F774FC524B1C70524B1C80524B1C8043
:10C80000F6F776FB86F800A0F6F77CFB334D0028A0
:10C8100000F0C280354A13880BB1013B13802D4ACA
:10C82000138813B9494BB3F84830013B9BB2012B35
:10C83000138032D1284A1370FFF7CCF92B78002BE4
:10C8400040F0AA80284B424A1978138802292DD13A
:10C8500083B3013B9BB213809278002A7CD0002BDB
:10C8600040F08380F5F72EFEF5F738FE7DE0022AD2
:10C8700005D8BCF10C0F01D90C2343747446002376
:10C8800025E70EF1FF33022BF9D8BCF1080FF5D9DB
:10C890000823F2E7F4F76EF91DE7002BCCD1012352
:10C8A0002B702C4B5A6A0E4B1A80C5E7002BD0D147
:10C8B000C723D0E740F2F313CDE700BFEC0C002014
:10C8C000700400204A310020E00C00205D3200207E
:10C8D000143300202C340020940F0020D90C0020A9
:10C8E0001A3100209C0F002011080020140800209D
:10C8F00012080020100800209B0F00209A0F002033
:10C90000A20F002068320020603300201D3100207B
:10C910002C0F002084180020A80F00207423002072
:10C920002C3300200408002074070020200F002072
:10C93000E80C00204C4C0020343300200808002074
:10C94000483100207033002072330020140400208E
:10C95000960F00200004004002294FF090406BD158
:10C960000BB9F5F7AFFD01238362704C2388002BD0
:10C9700067D140F2E73323806D48F7F70FFE6D482B
:10C98000F7F7F9F901466C48F7F7C2FF23881BB99E
:10C990006A496B48F5F7CDFADFF8F481694CB8F8CD
:10C9A0000030022B64D0042B00F08C80012B10D1BE
:10C9B000654B1A7C597C0132D2B2914298BF002259
:10C9C0001A74624B1146187AFFF7DEFB0223A8F8AF
:10C9D00000302368002B00F0E280B8F80030032B11
:10C9E00040F088802368D9070FD5594A0023236077
:10C9F000137843F001011170564A92F856200AB19B
:10CA00009A0702D50423A8F800302368002B00F011
:10CA1000C680236823685048504913F0020F75D030
:10CA20000378226801930B78009398F800304C4902
:10CA300092B20120F8F756F802228262002B94D1BC
:10CA400012E7013B9BB22380002B95D1414B1A7812
:10CA5000444B142101FB023393F85330022B8BD14A
:10CA6000414B1B78002B87D04048F3F7D0FD83E77C
:10CA70003F4B404A5B6A12889B1A9BB240F2ED2200
:10CA80009342A6D93C4B3D4800271F70F7F750FF53
:10CA90002D48F7F793F90146264801F0B9FA2B4BD8
:10CAA000187AFFF7FBF80323A8F80030284B344826
:10CAB0001F70344B1F60344B276001221A71F4F74A
:10CAC000E3FA86E71B484FF6FF71F5F797FC01F094
:10CAD00029FB00221748012101F062FB1E4A0523B1
:10CAE000A8F80030002313701C4A1370254A136005
:10CAF00023606EE7052B88D123689B0785D500202E
:10CB00002060FFF7DFF8154B18707EE7236813F0FD
:10CB100001033FD00378226801930B78009398F8C3
:10CB200000301A4992B2022084E700BF703300201F
:10CB30003807002014330020E80C002016480108B4
:10CB400028000020900F0020EC0C00206033002013
:10CB5000A20F0020140400209B0F00209A0F002039
:10CB60000E540108700400201008002068320020D4
:10CB7000000400401A310020940F00204A310020A8
:10CB80004C4C00208C0F0020180800201F54010876
:10CB90009C0F00202360A8F8003003700B702B78E6
:10CBA000002B00F06181DFF8B8929A4800242C70C5
:10CBB000F7F786F899F800B0BBF1000F00F0A680F7
:10CBC0002046FFF7A5F9944B944D954F1C722B7C92
:10CBD00087F8A73099F80030924C012B94BF0023BE
:10CBE000012387F8A530904B1B78012B94BF0023BD
:10CBF0000123BBF1010F87F8A63023780BD9DFF8AA
:10CC000038B2002B00F08580012B00F08780874B25
:10CC1000BBF84C201A802378022B03D1834B1B884E
:10CC200003B923702278804900230120022AA8F842
:10CC3000000089F800300B7006D07D490B701AB9DE
:10CC4000FEF7BAFFFEF794FF7A4A138813B97A4BBE
:10CC5000B3F84A30013B9BB2138043BB7048F3F7F3
:10CC6000E4FC2378022B22D16D4897F99280F3F7E8
:10CC7000CEFC81466748F7F767F8704B1A78B2B177
:10CC80001A790AB1013A1A71DA786D4F072101FB5E
:10CC900002910431A2EB0902C908132AD97002DCFF
:10CCA000B9F1320F67D89A787A700A221A715C4803
:10CCB000644FF3F75FFC2378022B0CBF4FF00108A1
:10CCC0004FF000080ED05648F3F7FCFB3B784BB111
:10CCD0005A4B1A7832B15A4A997851706422DA70F4
:10CCE00000221A71584B87F8008093F80080B8F141
:10CCF000000F6DD04FF09043012402229C619A6195
:10CD0000F6F7AAFE347005B0BDE8F08FFEF7BCFF61
:10CD100059E7012222704D4A137078E74B4ADFF839
:10CD200044A113789AF800000133DBB21370E8B91C
:10CD30009BF8501099423FF66AAF454991F8A030F0
:10CD400043B9444B1B792BB990B1FEF735FF012352
:10CD500081F8A0309AF8003013B93148F3F706FC97
:10CD60000223237001238AF8003050E70521E1E710
:10CD700039490C2021E480B200F10F0C0FFA8CFC31
:10CD8000E0453A780CDA93F802C0944508D9501C73
:10CD9000787054294FF00A00187188D8013283E75F
:10CDA000153000B280450BDD5E2909D959789142D2
:10CDB000BFF47DAF197900297FF479AF013A73E7A9
:10CDC00054293FF674AF997891427FF670AFE5E74A
:10CDD0002048F7F70DFCF7F737FC0128074604D089
:10CDE000032890D1012333708DE71A48F7F7A0FB91
:10CDF00041F28833A5F8D6304FF09043022285F8EF
:10CE0000D470A5F8D8809A619F62144B84F8008092
:10CE10009F7078E71433002060330020EC0C002072
:10CE200068320020110800209B0F00201408002009
:10CE30001D3100207233002014040020E00C00207B
:10CE40004A3100202F070020D80C002012080020B3
:10CE50002C0600203807002030540108960F0020CF
:10CE60009A0F002010080020844D854C95F857300B
:10CE7000EBB184498448F9F7A9FC68B12A78834B5F
:10CE8000142101FB0233012293F84C30032B04BF21
:10CE9000012323707C4B1A717B480DF10B01F9F7CC
:10CEA000AEFC20B19DF80B30F3B1012B1FD095F8EB
:10CEB000573023B995F85830002B00F0F7807248AE
:10CEC0000DF10B01F9F7C0FC50B39DF80B30033B9B
:10CED0000F2B25D8DFE803F016242424242424482B
:10CEE000244C6272777D797BFDF70AFFDFE76648A5
:10CEF00003A9F9F7D7FC0028D9D09DF80C00F9F761
:10CF000069FFD4E7F6F7B8FD614B1B78022B4FF0B1
:10CF1000030722D10420FEF72BFE5B4B83F8FA7A3D
:10CF200095F85830002B00F0C18056495948FAF75F
:10CF3000EDFF08B101232370B5F84820554802A938
:10CF4000FBF706F800284ED09DF80830052B4AD88C
:10CF5000DFE803F0465D6165698F4B488DF80C7022
:10CF600003A9F9F703FEDBE74B49A1F13300F8E72A
:10CF7000454F03A907F13300F9F70EFF0028CFD082
:10CF80009DF80C30002BCBD0414B18780228C7D12C
:10CF9000FEF7EEFD0C2387F8FA3AC1E73C4B1B780D
:10CFA000022B07D10320FEF7E3FD374B0D2283F858
:10CFB000FA2AB5E7394B01221A70B1E70121384846
:10CFC000F3F74AFFACE70221F9E70321F7E708216D
:10CFD000F5E72D4B334893F83310F4F783F89FE7C8
:10CFE0002C48FBF7B7FE2B4F0DF109013846FAF735
:10CFF000E5FF00285AD09DF80930022B54D8002BA9
:10D0000000F0A88026480121F3F728FF4EE02148D0
:10D01000FBF7E8FEE7E71F48FBF71CFFE3E71D48C7
:10D02000FBF782FFDFE718480DF10A01F9F73AFC38
:10D0300018B19DF80A00F9F7CDFE13480DF10B0267
:10D0400003A9F9F771FB30B19DF80B200399114842
:10D05000FBF708F8C7E7FEF769FE0028C3D00B4BC3
:10D0600093F82D30013B022BBDD80A48FBF702FA9A
:10D07000B9E70848FBF71CFFB5E700BF1404002020
:10D080004831002024310020701800207004002056
:10D090001108002018080020A3180020D80C002038
:10D0A0003433002008080020032B59D095F859305C
:10D0B00023B15B495B48F4F787F908B923780BB3D0
:10D0C00000232370584C2B7855495848142707FBE8
:10D0D000034393F84D20F3F7EBF92B7807FB034755
:10D0E00097F85A20012A02D1514A127852B91422D3
:10D0F00002FB03444A4994F84A3094F856204D48BC
:10D10000F7F736FC4C4B1B78002B7FF4FCADB8F8DE
:10D110000030022B3FF4F7AD4848FFF7B7F9484815
:10D12000FFF748F84748F3F7BCFF4748F3F77CFEA2
:10D1300010B94248FEF740FE431E102B6BD8DFE8C3
:10D1400003F03E454C6A1823366A6A4E5A5E626A9C
:10D15000566A560097F869103C48F3F7C3FFA5E7F5
:10D16000BA7D3B48023AD2B207F11801F9F7C7FA83
:10D170009CE7384B187802280FD1FEF7F9FC344BA6
:10D18000FF2283F8FA2A08E0324B1B78022B01D1E8
:10D190000320F2E7304B01221A702C48F3F7B6FF58
:10D1A00000283FF4B0AD2C4B01221A70ABE5F6F726
:10D1B00063FC284B1B78022BEFD10420DDE7274BC3
:10D1C0001A79002AE9D101225A71E6E7234B1A792C
:10D1D000002AE2D001229A71DFE7F5F755F81A48E4
:10D1E000F3F743FEC1B21948F3F77CFFD5E71648C1
:10D1F000F3F73DFED1E71A48FEF732FACDE71848BB
:10D20000FEF776FAC9E71048F3F72FFE81B214480B
:10D21000FEF7A6FAC1E704283FF4E4ADBDE700BF7E
:10D22000243100202C0F0020700400206C07002007
:10D23000100800204A310020940F0020A80F002081
:10D24000742300204C4C00203433002008080020B8
:10D250007018002011080020D80C0020380700208A
:10D26000200F002008B5FFF767F9FCE7524B534A3F
:10D27000534870B51A60534B534A1A605A619A6208
:10D28000DA63524A1A655A66514A9A67514A524BB2
:10D2900002F10801283200245A6140F2FF12C3E96A
:10D2A0001A427F254D4A1960C3F87022C3F86C42B8
:10D2B000C3F8744AC3F8785A494B0360212380F8B5
:10D2C0000C3100F1DC03C0F81031102380F8143168
:10D2D00000F1C403C0F81C310F2380F820311E2355
:10D2E00080F8243100F1F403C0F82831062380F8D7
:10D2F0002C31072380F8303100F1FA03C0F83431C3
:10D3000000F1FC0302220921C0F84031032380F818
:10D31000182180F8382180F83C1180F8443180F8D9
:10D3200050210D2280F8542100F20112C0F858213A
:10D330000A26112280F8486180F8602100F1FF067A
:10D3400000F58272C0F84C6180F85C31C0F864214D
:10D3500080F87831082200F1D30300F1EC0680F860
:10D36000682180F86C2180F87421C0F87C3180F845
:10D370008011C0F8706100F5EA70FAF723FC194BD0
:10D38000194A1A6019482146F3F742F8184B194A0E
:10D39000C3F84C24C3E95545A3F84A44164B40F260
:10D3A000FF32C3F82426C3F82046144B144A1A60EF
:10D3B000144B154A1A6070BD1433002050540108F4
:10D3C00018080020683200207849010860490108E7
:10D3D0006C490108A07E0108701800200000FF07BA
:10D3E000987E01082C0F0020385501086C0700209A
:10D3F000A80F00200000FF01742300202C33002020
:10D40000547E01084C4C0020847E010800207047A7
:10D4100021280ED022281DD0202808D1164B0A68BA
:10D420001A600A791A714A795A718A799A710020B8
:10D430007047114B1A680A701A68120A4A705A88A3
:10D440008A70DA78CA701A790A715A794A719B79A6
:10D450008B71ECE7094B498800221A70C80742BF5C
:10D460001A7842F001021A708A0742BF1A7842F015
:10D4700002021A70DBE700BF584C0020C65F002094
:10D4800010B5144C14490022204604F05BF91349EE
:10D49000204604F06AF91249204604F00AF92046B1
:10D4A00004F07CF90F4A4FF4E133136008210023A4
:10D4B000938091710C4A13800C4A13800C4A13809C
:10D4C0000C4A13800C4A13700C4A13700C4B012247
:10D4D0001A7010BD604C0020980200201403002038
:10D4E00084020020584C0020C25F0020C45F00204E
:10D4F0007E57002080570020C65F00207C4F002010
:10D50000C75F0020044B1888044B1B8880B29BB275
:10D51000C01A18BF01207047805700207E57002096
:10D52000054B064A1B8812889B1A98B21B0444BFFD
:10D5300000F5006080B27047805700207E570020C1
:10D54000F8B50B68402B11D8134D144E144FDFF86B
:10D550005CC000220B68D4B29C4209D3FFF7E0FF05
:10D56000B0F5F06F14D20F4804F0DCF80020F8BDDD
:10D570002B8830880133C3F30A0380B283421CBF77
:10D58000385D0CF8030002F1010218BF2B80E1E7BF
:10D59000054B01221A70E9E7805700207E570020D2
:10D5A0003C4F0020604C00207C4F00207D4F00202D
:10D5B0000D4A0E4913880133C3F30A0310B51380D3
:10D5C00013880B4A9BB2D45C0B78E4B24BB1FFF7E3
:10D5D000A7FFB0F5F06F04D2002306480B7004F0EB
:10D5E000A1F8204610BD00BF7E5700207C4F0020D0
:10D5F0007D4F0020604C00200849094A0B881288A2
:10D600000133C3F30A0392B29A421FBF054AD054B2
:10D6100001200B8008BF0020704700BFC45F0020BE
:10D62000C25F0020C2570020054B064A1B881088A5
:10D63000013380B2C3F30A031B1A584258417047A2
:10D64000C45F0020C25F0020044A00231380044A04
:10D650001380044A1380044A13807047C25F00207D
:10D66000C45F00207E5700208057002010B5074C73
:10D670000749204604F034F800220649204604F009
:10D6800023F8FFF7E1FF002010BD00BF604C002031
:10D690003C4F002082570020014801F01FBA00BF14
:10D6A000C85F0020F8B5164BD3F8BC3233B35B6DBE
:10D6B00023BB144D144E1549154F34880888A4B265
:10D6C00080B28442DAB217D00133402B09D13F2215
:10D6D0000C490B4803F0F8FFBDE8F840084804F097
:10D6E0000AB80A880132C2F30A020A800A8892B292
:10D6F000BA5C05F8012BE0E7002AE9D1F8BD00BFCC
:10D70000604C002082570020C45F0020C25F0020D0
:10D71000C257002008B5FFF7C5FF002008BD38B587
:10D72000044645180020AC4204D140B1BDE8384061
:10D73000FFF7B8BF14F8010BFFF75EFFF3E738BD42
:10D7400003289ABF014B185C03207047F07E010844
:10D7500000B50268174B9A42A1B028D134220021AB
:10D7600002A805F0D5FF2023019301A80123079308
:10D7700002F03CF840220DEB0200002105F0C8FF4A
:10D780004FF400530FA80F9302F06AFB0A4B9A6DF7
:10D7900042F400029A659B6D03F400030093009B22
:10D7A000064B002283F81423142000F08FFF21B0D1
:10D7B0005DF804FB005C00400010024000E100E066
:10D7C00000F52D71D0F8F40203F0FABF282303FB13
:10D7D0000103D0F8F402D3F8802104F021B8282303
:10D7E00003FB0103D0F8F4021A6C04F04EB8D0F831
:10D7F000F40204F0ECB88368022B10B5044601D0A3
:10D8000000F01CFED4F8F402012104F0C4F8D4F8AE
:10D81000F402BDE8104004F08FB8000010B50446D3
:10D82000D0F8F40204F0BAF8A36923B1024A1369EC
:10D8300043F00603136110BD00ED00E0836903B1FE
:10D84000FEE7D0F8F40204F0B7B8000010B51E4AA5
:10D8500004461E480823C0E900230223C0F8F4420E
:10D8600083600361C4F8C8020023C0E90633036281
:10D8700001F0AAF808B100F0E1FD00221146D4F849
:10D88000C802182301F01CFFD4F8C8025823002254
:10D89000802101F015FFD4F8C802C02300228121A5
:10D8A00001F00EFFD4F8C8024FF488730022012162
:10D8B00001F006FFD4F8C8024FF4807300228221E1
:10D8C00001F0FEFE002010BD005C0040C85F00209B
:10D8D00008B5D0F8C80201F0D8F8BDE80840FFF755
:10D8E0002FBF10B51446D0F8C8021A46234601F0DF
:10D8F000E5FDBDE81040FFF723BF08B5D0F8C8022A
:10D9000001F010FEBDE80840FFF71ABF08B5D0F8D7
:10D91000C80201F06FFEBDE80840FFF711BF08B56F
:10D92000D0F8C80201F098FEBDE80840FFF708BF34
:10D9300011F0800FD0F8C8324FF028021DBF01F05F
:10D940007F0101FB02229B1802FB013314BF98796F
:10D9500093F86E01704708B5D0F8C80201F0AAF834
:10D96000BDE80840FFF7ECBE08B5D0F8C80201F0EA
:10D9700022FEBDE80840FFF7E3BE08B5D0F8C802B4
:10D9800001F0FBFDBDE80840FFF7DABED0F8C802A1
:10D9900001F009BE00487047C062002070470000D7
:10D9A000122301480B807047B40200200423014871
:10D9B0000B807047C8020020002370B54D1C1E4626
:10D9C000040FB0F1204F34BF3034373401F8134026
:10D9D00005F813600133DCB2A2424FEA0010EFD821
:10D9E00070BD00001A2310B50B800A4BD3F89005C8
:10D9F000D3F8982580180AD0D3F894450649082210
:10DA0000FFF7DAFF042210312046FFF7D5FF034865
:10DA100010BD00BF0070FF1FCE020020CC0200200E
:10DA200010B5044C04480A46214604F034FA204656
:10DA300010BD00BF20630020F47E010810B5044C27
:10DA400004480A46214604F026FA204610BD00BFCD
:10DA500020630020077F010810B5044C04480A46E3
:10DA6000214604F018FA204610BD00BF20630020B4
:10DA70001D7F010810B5044C04480A46214604F0F5
:10DA80000AFA204610BD00BF20630020287F01084D
:10DA900010B53024632807D80C703021092808D825
:10DAA00030301170187010BD01346438E4B2C0B267
:10DAB000F0E701310A38C9B2C0B2EFE730B530241F
:10DAC00042F20F75A84212D80C703021B0F57A7F5F
:10DAD00014D211703022632816D81A703023092806
:10DAE00017D8039A1370049B3030187030BDA0F51E
:10DAF0001C5001341038E4B280B2E3E70131A0F5E4
:10DB00007A70C9B280B2E1E701326438D2B280B231
:10DB1000E1E701330A38DBB280B2E0E770B5324D9D
:10DB2000324E3024A84232D80C70314D314C302165
:10DB3000A04230D811703049302288422FD21A705A
:10DB40002E4A302390422ED8049A13702C4A302348
:10DB500090422FD8059A1370302342F20F729042F0
:10DB60002ED8069A13703023B0F57A7F2ED2079AFA
:10DB70001370302363282ED8089A13703023092895
:10DB80002DD8099A13700A9B3030187070BD01347B
:10DB9000E4B23044C6E70131C9B22844C8E70132D3
:10DBA000D2B2401AC9E70133A0F57420DBB2A0F568
:10DBB0001070C7E70133A0F5C330DBB2A038C7E768
:10DBC0000133A0F51C50DBB21038C8E70133DBB2DB
:10DBD000A0F57A70C8E70133DBB26438CAE70133D5
:10DBE000DBB20A38CBE700BFFFC99A3B003665C4F9
:10DBF000001F0AFAFFE0F505809698003F420F00EB
:10DC00009F86010010B58B1C0C464A1CFFF740FF95
:10DC10000023E37010BD002810B50C460FDA10F198
:10DC2000800F0FD04042C0B22D222346611C03F862
:10DC3000032BA21CFFF72CFF0023237110BDC0B2E1
:10DC40002022F2E72D228020EFE713B50B1D019370
:10DC5000CB1C00934A1C8B1C0C46FFF72FFF0023A4
:10DC6000637102B010BD10B588B001F109030693CD
:10DC700001F108030593CB1D04938B1D03934B1DEA
:10DC800002930B1D0193CB1C00934A1C8B1C0C466A
:10DC9000FFF744FF0023A37208B010BD0A2230B57D
:10DCA00001231446824207D95A1E12B20A241504CF
:10DCB00006D50022CA5430BD01339BB26243F1E75E
:10DCC000B0FBF4F504FB1500303088542846013AC7
:10DCD000EDE7031E10B50C4603DBBDE81040FFF76F
:10DCE000DDBF58420131FFF7D9FF2D23237010BD4E
:10DCF00003099F2800F00F0094BF30333733092801
:10DD00000B7094BF30303730002348708B707047F1
:10DD100013B502460C46C0B201A9FFF7E9FF214640
:10DD2000100AFFF7E5FF9DF80430A3709DF8053059
:10DD3000E3709DF80630237102B010BD10B5034C9E
:10DD40002146FFF75FFF204610BD00BF2064002082
:10DD500010B5034C2146FFF75EFF204610BD00BF03
:10DD60002064002010B5034C2146FFF76EFF2046CB
:10DD700010BD00BF2064002010B5034C2146FFF702
:10DD800072FF204610BD00BF2064002010B5034C78
:10DD90002146FFF7BDFF204610BD00BF20640020D4
:10DDA00013B503688DF807109C680DF10701012376
:10DDB000A04702B010BD07B503688DF807101B69B6
:10DDC00001220DF10701984703B05DF804FB73B51C
:10DDD0001D460368019104465B691646984723680F
:10DDE00020461B6898470199221D2046FFF7D8FF5F
:10DDF0002DB123682A461B6931462046984723687F
:10DE000020465B68984723689B690C21204602B036
:10DE1000BDE87040184773B51E460368019104467B
:10DE20005B6915469847236820461B689847221D62
:10DE300001992046FFF7B4FF20460021FFF7BBFF02
:10DE400023682046DB6832462946984723685B688A
:10DE5000204602B0BDE8704018472DE9F0411F464A
:10DE6000036804465B690D461646984723682046BA
:10DE70001B689847221D20461821FFF791FF290AA9
:10DE80002046FFF798FFE9B22046FFF794FF23688A
:10DE900031463A4620461B699847236820465B680E
:10DEA0009847236820469B69BDE8F0410C2118473C
:10DEB00007B501238DF807200DF10702FFF7CDFF0D
:10DEC00003B05DF804FB2DE9F0411F4603680446EA
:10DED0005B690D4616469847236820461B6898479D
:10DEE000221D20461921FFF75BFF290A2046FFF774
:10DEF00062FFE9B22046FFF75EFF20460021FFF7F0
:10DF00005AFF23682046DB683A4631469847236823
:10DF100020465B68BDE8F041184707B501230DF1C5
:10DF20000702FFF7D0FF9DF8070003B05DF804FB80
:10DF30002DE9F0411E46036804465B690F4615460D
:10DF40009847236820461B689847221D20461A21BF
:10DF5000FFF726FF39462046FFF72DFF23682946A5
:10DF6000324620461B699847236820465B689847DD
:10DF7000236820469B69BDE8F0410C2118472DE934
:10DF8000F0411E46036804465B690F4615469847F4
:10DF9000236820461B689847221D20461B21FFF757
:10DFA000FFFE39462046FFF706FF20460021FFF717
:10DFB00002FF23682046DB683246294698472368DB
:10DFC00020465B68BDE8F041184737B504460D466A
:10DFD0008DF80710012380210DF10702FFF7F7FEEE
:10DFE0002368012D9B690CBF322140F2DC51204691
:10DFF00003B0BDE83040184707B501238DF807107E
:10E000000DF107028A21FFF7E2FE03B05DF804FB81
:10E0100007B50B0C8DF804300B0A8DF805308DF820
:10E020000610032301AA8621FFF7D1FE03B05DF895
:10E0300004FB07B502238DF804108DF805208F210D
:10E0400001AAFFF7C4FE03B05DF804FB37B50C4628
:10E050008DF804108DF805208DF8063001AA0323F1
:10E060008B210546FFF7B3FE702C08D005D8502C45
:10E0700007D0602C05D0322204E0802CFBD137225F
:10E0800000E01E22284640F62511FFF711FF01226D
:10E0900040F63C112846FFF70BFF03B030BD07B533
:10E0A0008DF802309DF810308DF803309DF8143053
:10E0B0008DF8043000238DF800108DF801208DF8C4
:10E0C00005308DF806306A4607238C21FFF77FFE66
:10E0D00003B05DF804FB07B55BBAADF80430BDF8DA
:10E0E000103049BA52BA5BBAADF80010ADF8022050
:10E0F000ADF806306A4608238D21FFF768FE03B0AD
:10E100005DF804FB07B5022301AA1521FFF783FE82
:10E110009DF804309DF8050000EB032080B203B0A9
:10E120005DF804FB07B549BAADF80410022301AA53
:10E130009721FFF74CFE03B05DF804FB37B50546A9
:10E140000191FFF7DFFF019904462846FFF7EAFF38
:10E15000204603B030BD07B51F2928BF1F218DF809
:10E1600004108DF80520022301AA8E21FFF72FFE4F
:10E1700003B05DF804FB13B5130A04468DF80410D0
:10E180008DF805308DF80620032301AA8321FFF7BF
:10E190001EFE236864219B692046984702B010BD8B
:10E1A00013B5130A04468DF804108DF805308DF868
:10E1B0000620032301AA8221FFF709FE23686421B8
:10E1C0009B692046984702B010BD37B505230C4621
:10E1D00015461D216A46FFF71EFE9DF800309DF989
:10E1E0000110F02B84BF00238DF800309DF8003023
:10E1F0005B085B42002923800B46B8BFCB1C9B10F9
:10E200002B700331BEBF22889B18238003B030BD22
:10E2100007B501238DF807100DF107029621FFF7CE
:10E22000D6FD03B05DF804FB07B501238DF8071098
:10E230000DF107029E21FFF7CAFD03B05DF804FB54
:10E2400010B5002304461A46C121FFF7C0FD23681C
:10E2500020469B69BDE810404621184738B50D4659
:10E2600040F691010446FFF758FE012D0ABF60F009
:10E270003F0200F03F02D2B240F691012046FFF784
:10E2800017FE38BD38B540F253110546FFF745FE7D
:10E290004FF4AA7104462846FFF73FFE40EA0420E7
:10E2A00080B238BD07B58DF804108DF805208DF8C3
:10E2B000063001AA03238B21FFF789FD03B05DF827
:10E2C00004FB07B58DF802309DF810308DF803304F
:10E2D0009DF814308DF804309DF818308DF8053015
:10E2E00008238DF800108DF801208DF806306A465D
:10E2F00007238C21FFF76BFD03B05DF804FB73B5BA
:10E30000C1F307230E0EC1F3074512F0FD0409BA4D
:10E31000019126D18C2E22D1382D20D14AF6AC1273
:10E32000ADF804209DF80420632A0ED19DF8052045
:10E330000E2A0AD123F0080342F66B2263F07F0312
:10E34000ADF804208DF80630002404230DEB030201
:10E3500040F6CF11FFF781FD204602B070BD0124C9
:10E36000E0E7141F18BF0124EFE713B505230C469F
:10E370006A461D21FFF74FFD9DF800305B085B42A8
:10E38000238002B010BD10B594B03822002106A839
:10E3900005F0BEF91422002101A805F0B9F900200A
:10E3A00001F0C2F901224FF48033CDE906230324A2
:10E3B0000223552206A8CDE90D34CDE91023CDE97D
:10E3C00012330F9301F012FA08B172B6FEE704217E
:10E3D000CDE903000F2305900DEB0100CDE90134D9
:10E3E00001F04AFC08B172B6FEE714B010BD00009F
:10E3F00007B5104A136823F48063136000F00CF92A
:10E40000FFF7C1FF0C4BDA6C42F02002DA64DA6CE1
:10E4100002F020020192019ADA6C42F00102DA6401
:10E42000DB6C03F001030093009B03B05DF804EB89
:10E43000FEF718BF002002400010024072B6FEE74F
:10E440000B4B1A6E42F001021A661A6E82B002F08D
:10E4500001020092009A9A6D42F080529A659B6D7B
:10E4600003F080530193019B02B001F0B7B900BFE4
:10E4700000100240FEE7FEE7FEE7FEE7FEE770471A
:10E4800070477047F4F74EBD0120704708B505F09E
:10E4900001F9162303604FF0FF3008BD08B505F001
:10E4A000F9F816230360FEE770B50D4614460E46D4
:10E4B000731B9C4201DC204670BDAFF3008006F860
:10E4C000010BF5E770B50D4614460E46731B9C42D2
:10E4D00001DC204670BD16F8010BAFF30080F5E7B4
:10E4E0004FF0FF3070474FF400534B6000207047EF
:10E4F00001207047002070470B4A116810B5034691
:10E5000009B90A491160106809490A4C0344091BFA
:10E510008B4206D905F0BEF80C2303604FF0FF30A4
:10E5200010BD1360FCE700BF406400209865002028
:10E530000080002000040000034AD2F8883043F431
:10E540007003C2F88830704700ED00E00D48854642
:10E55000FFF7F2FF0C480D490D4A002302E0D458A2
:10E56000C4500433C4188C42F9D30A4A0A4C00231D
:10E5700001E013600432A242FBD304F055FEFFF722
:10E5800037FFFEE70080002000000020F803002095
:10E5900098850108F803002098650020FEE7704781
:10E5A00010B5094B4FF0FF3200249A639C631A6444
:10E5B0001C649A629C62DA62DC621A631C63FFF775
:10E5C000EEFF204610BD00BF0010024038B50F4BD3
:10E5D0001A6805460AB9012038BD4FF47A73B3FBB7
:10E5E000F2F30B4A1068B0FBF3F000F07DF804463C
:10E5F0000028F0D10F2DEED8024629464FF0FF300B
:10E6000000F032F8034B20461D60E5E7EC020020E5
:10E61000E8020020F002002010B5032000F012F8FC
:10E620000F20FFF7D3FF044618B9FFF709FF204674
:10E6300010BD0124FBE70000014B1868704700BFC4
:10E64000446400200749CA6822F4E062030212040D
:10E6500003F4E063120C134343F0BF6343F400334D
:10E66000CB60704700ED00E0164B30B5DC68C4F3BA
:10E670000224C4F10703251D042B28BF0423062D03
:10E680004FF0FF358CBF033C002405FA03F321EA69
:10E690000303A54022EA0502A340002843EA02033F
:10E6A000ACBF00F16040084A4FEA0313B8BF00F066
:10E6B0000F00DBB2AABF00F56140135480F80033AD
:10E6C00030BD00BF00ED00E014ED00E0002807DBE6
:10E6D000044A4109012300F01F00834042F8213021
:10E6E000704700BF00E100E00138B0F1807F0BD23D
:10E6F0004FF0E023054A5861F02182F823100020F2
:10E70000072298611A6170470120704700ED00E010
:10E71000094A536943F4802310B55361EFF3108223
:10E7200072B60023CC58C4500433B3F5807FF9D1BE
:10E7300082F3108810BD00BF00200240064B5A69CA
:10E74000002ABFBF054A9A6002F188329A60BABFB8
:10E750005869C00F00207047002002402301674520
:10E76000044B5A6942F000425A615869C043C00FD5
:10E77000704700BF0020024070B50646FFF75CFFFF
:10E780000F4C05462369DB030BD423694CF2FA32A4
:10E7900013400DD00B494A681A434A600120236197
:10E7A00070BDFFF749FF401BB042EBD90320F7E7EC
:10E7B000206910F00100F3D0012222611846EFE732
:10E7C00000200240F40200202DE9F0471D4E99463A
:10E7D0003378012B05460F46904631D04FF0010AA1
:10E7E0004FF47A7086F800A0FFF7C6FF0446B8B968
:10E7F0007060CDB9144A536943EA0A035361C7F8FC
:10E800000080BFF36F8FC7F8049054464FF47A70BE
:10E81000FFF7B2FF24B10C4A536923EA04035361A2
:10E8200000233370BDE8F0876B1E012BEED8414604
:10E830003846FFF76DFFAB1E5D425D41AC04E5E776
:10E840000220EFE7F402002000200240064B10F007
:10E85000010F1EBF5A6942F004025A615A6942F41C
:10E8600080325A61704700BF00200240084B5A694D
:10E87000C00022F4FC7200F4FF60104358615A6932
:10E8800042F002025A615A6942F480325A6170477A
:10E89000002002401548037FDAB203F0FD03012B8C
:10E8A00010D1134B196821F400711960196841F4F3
:10E8B00000611960196821F400611960196841F458
:10E8C00000711960931E012B0CD8094B1A6842F491
:10E8D00080521A601A6822F480521A601A6842F450
:10E8E00080621A6000230377704700BFF4020020A3
:10E8F000002002402DE9F843314D2B78012B0646CC
:10E9000088465AD001274FF47A702F70FFF734FFF2
:10E91000044610BB2B4B68601A6812F4007F1A681B
:10E9200020D0510506D51A6822F480621A600323AC
:10E930002B7700E02F773368012B1DD17068FFF72C
:10E9400085FF4FF47A70FFF717FF1E4A536923F0D3
:10E95000040304465361FFF79DFF00232B702046FC
:10E96000BDE8F883520505D51A6822F480621A6062
:10E970000223DDE72877DEE74FF0FF33C8F80030E9
:10E98000B768DFF84090D6E902321344BB42E2D9BF
:10E9900071683846FFF76AFF4FF47A70FFF7ECFEB4
:10E9A000D9F8143023F4FD73C9F8143018B1C8F83D
:10E9B00000700446CFE70137E5E70224CFE700BF48
:10E9C000F402002000200240F0B5044687B0002881
:10E9D00058D090F8AD3203F0FF021BB980F8AC229A
:10E9E000FEF7B6FE0323002584F8AD326562206889
:10E9F00001F09DFF2B466668282501271846D9B2ED
:10EA00008E4203F1010323D8002328251946D8B2EA
:10EA1000864203F1010328D804F110060FCE6D469B
:10EA20000FC596E8030085E80300231D0ECB206880
:10EA300001F087FF0025012384F8285084F8AD32C7
:10EA4000E369012B02D1204600F056FE28461AE069
:10EA500005FB0142C2E90F0082F82D7082F82C10EC
:10EA6000518782F82F005064C9E705FB0042C2E9D4
:10EA70005F1182F86D1182F86C0182F86F11C2F893
:10EA80008411C4E7012007B0F0BD10B590F8AC3296
:10EA9000012B04460CD0012380F8AC32006801F051
:10EAA0003DFF206802F0FAF9002084F8AC0210BDA6
:10EAB0000220FCE710B590F8AC22012A04460BD0E6
:10EAC000012280F8AC2280F82810006802F0E0F9FA
:10EAD000002084F8AC0210BD0220FCE72DE9F74FBE
:10EAE0000446006802F0E5F910F4004100F02F84BC
:10EAF000DFF80883C04F2068B0F844301A0402D40D
:10EB000003B0BDE8F08FB0F84450A9B215F00F057E
:10EB100040F0B78011F010012AD103889BB203EABC
:10EB2000080343F400430380B0F8503094F82C20DD
:10EB300000F2024010FA83F3204633F83230226CA0
:10EB4000C3F309031A44A3642264FEF748FE94F851
:10EB50002830002BCFD0626C2168002ACBD194F8EA
:10EB6000283043F08003A1F84C3084F82820C2E715
:10EB70000588ABB215F4006520D0B0F8503094F899
:10EB80006C2100F2064111FA83F304F52D7133F87C
:10EB90003230B4F87221C3F30903C4F8883102F0AB
:10EBA000D7FB2268138823F070031B051B0D43F06D
:10EBB000800313802046FEF703FE9CE71A049AD5D3
:10EBC000038823F070031B051B0D43F080030380B3
:10EBD000B0F8503094F86C2100F2064111FA83F33A
:10EBE00033F83230C3F30903C4F888318BB1D4F859
:10EBF000801171B1B4F8722102F0AAFBD4F880310F
:10EC0000D4F888211344C4F8803129462046FEF701
:10EC1000DDFD21680B881B053FF56DAFD4F87C51F5
:10EC2000B1F850303E2D9BB201F2064008D96A0976
:10EC3000EE0608BF02F1FF3247EA822292B20AE0F2
:10EC4000CDB9C25A22F4F8421204120CC252C25A6E
:10EC500092B242F40042C2520B8823F4804323F064
:10EC600070031B041B0C83F4405343F4004343F034
:10EC700080030B803FE76A08ED0748BF013292022C
:10EC8000DCE70FFA85F930F8293019049EB240F11B
:10EC9000F58030F8293023F070031B051B0D43F07D
:10ECA0008003282120F8293001FB054191F87831B3
:10ECB000BBB9B0F8503091F86C2100F2064C1CFA48
:10ECC00083F333F832A0CAF3090ABAF1000F00F057
:10ECD000B980B1F872215346D1F8801102F038FBA7
:10ECE000B0E091F86F31022B91F86C3140F08880E0
:10ECF000B0F850C0D1F884214FEAC30A10FA8CFC56
:10ED000016F4804BD44406F0400E3AD0BCF802A46E
:10ED1000CAF3090A924513D90022C1F8842130F8B8
:10ED2000232022F4804222F070021204120C82F49A
:10ED3000005242F4004242F0800220F8232005E015
:10ED4000A2EB0A02C1F88421002AE8D0BEF1000F2C
:10ED50000DD030F8232022F4E04222F07002120499
:10ED6000120C42F4004242F0C00220F82320BAF113
:10ED7000000F67D0282101FB0541B1F874215346EB
:10ED8000AAE7BCF806A4CAF3090A924512D9C1F849
:10ED900084B130F8232022F4804222F07002120461
:10EDA000120C82F4005242F4004242F0800220F839
:10EDB000232005E0A2EB0A02C1F88421002AE8D052
:10EDC000BEF1000F0DD130F8232022F4E04222F0F2
:10EDD00070021204120C42F4004242F0C00220F809
:10EDE0002320BAF1000F2DD0282101FB0541B1F8F5
:10EDF0007621534670E700BF0080FFFF0F8FFFFFB3
:10EE000030F8232022F4E04222F070021204120CA7
:10EE100042F4004242F0C00220F8232091F86C2115
:10EE200030F8223013F4804FB0F8503062D000F246
:10EE3000024C1CFA83F333F832A0CAF3090ABAF180
:10EE4000000F9AD1282101FB0543D3F888215244B1
:10EE5000C3F88821D3F880215244C3F88021D3F825
:10EE600084211AB1D3F87C319A454FD2282303FB71
:10EE70000543204693F86C11FEF7A8FC3206206883
:10EE80007FF539AE30F829309BB203EA080343F42A
:10EE9000004320F8293009EB890904EBC9094FF038
:10EEA000280C99F82F30022B5BD00CFB054C002569
:10EEB0009CF83830CCF84450002B3AD016F040067D
:10EEC00099F82D3099F82C2039D03BBBB0F8503050
:10EED00000F2024010FA83F303EBC2031A8822F413
:10EEE000F8421204120C1A801A8892B242F40042BC
:10EEF0001A801EE000F2064C1CFA83F333F832A0AD
:10EF0000CAF3090ABAF1000F9CD070E701FB054172
:10EF1000206801F5B67101F0DFFFAFE7012B08D1E2
:10EF2000B0F8503000F2024010FA83F303EBC20352
:10EF30001D8099F82C102046FEF751FCDBE523B923
:10EF4000B0F8503000F20640C4E7012BF1D1B0F820
:10EF5000503000F2064010FA83F303EBC2031E8028
:10EF6000E7E799F82C100CFB054E16F4807ADEF8D2
:10EF700044300A464FEAC10B22D1B0F850201BFAA8
:10EF800082F20244B2F80264C6F309069E4202D33A
:10EF9000CEF844A0CFE79B1BDEF84020CEF84430EB
:10EFA000DEF8483005FB0CCC324433440CF104014C
:10EFB000CEF84020CEF84830214401F08DFF9AE58C
:10EFC00016F0400AB0F850C006F4804600F0E18028
:10EFD00000F2024E1EFA8CFC4FF0280A3CF831C0B9
:10EFE000CCF3090C9C450AFB054A34BFA3EB0C0388
:10EFF0000023CAF84430B6B2002B54D199F82D50F2
:10F00000002D3FD1B0F850501EFA85F535F831305B
:10F0100023F4F8431B041B0C25F8313035F831304C
:10F020009BB243F4004325F83130B0F8503000F281
:10F03000064010FA83F030F8313023F4F8431B0413
:10F040001B0C20F8313030F831309BB243F40043D0
:10F0500020F831302046FEF7C2FB002E00F0E2809F
:10F0600099F82C10226832F8213023F4E04323F081
:10F0700070031B041B0C43F4404343F0800322F84D
:10F080002130CFE0012DE5D1B0F850501EFA85F5C2
:10F0900025F83130B0F8505000F2064010FA85F5EE
:10F0A00025F83130D6E76EB130F8213023F4E04353
:10F0B00023F070031B041B0C43F4404343F0800314
:10F0C00020F82130282606FB054696F85030012B03
:10F0D00040F0A880B36C316CD6F84CA06344B364A4
:10F0E000F36B61449A4531641CD3AAEB030AC6F85A
:10F0F0004CA099F82D601FFA83FA002E40D1B0F889
:10F1000050603E2B1EFA86F619D94FEA531CDB06D7
:10F1100008BF0CF1FF3C47EA8C2C1FFA8CFC26F848
:10F1200032C01CE0BAF1000F03D186F850A063464C
:10F13000DFE7002386F85030F3645346D9E7B3B9CC
:10F1400036F8323023F4F8431B041B0C26F8323017
:10F1500036F832309BB243F4004326F8323028228E
:10F1600002FB05425346928E01F0A7FE5AE04FEA99
:10F17000530CDB0748BF0CF1010C4FEA8C2CCCE799
:10F18000012E02BFB0F850301EFA83F323F832A0EC
:10F19000E5E700F2064E1EFA8CFCB6B23CF831C030
:10F1A000CCF3090C9C4588BF53464FF0280A0AFB54
:10F1B000054A98BFA3EB0C03CAF84430002B53D187
:10F1C00099F82D50002D40D1B0F8505000F2024374
:10F1D00013FA85F535F8313023F4F8431B041B0C82
:10F1E00025F8313035F831309BB243F4004325F82F
:10F1F0003130B0F850001EFA80F030F8313023F48E
:10F20000F8431B041B0C20F8313030F831309BB22E
:10F2100043F4004320F832302046FEF7E0FA002E97
:10F220003FF41EAF99F82C10226832F821309BB2BF
:10F2300023F4E04323F0400383F0300343F400431E
:10F2400043F0800322F8213055E4012DE4D1B0F8D9
:10F25000505000F2024C1CFA85F525F83130B0F818
:10F2600050001EFA80F0D5E76EB930F8213023F453
:10F27000E04323F070031B041B0C43F4404343F0B2
:10F28000800320F82130282606FB054696F85030EA
:10F29000012BC7D1B36C316CD6F84CA06344B36476
:10F2A000F36B61449A4531641CD3AAEB030AC6F898
:10F2B0004CA099F82D601FFA83FC002E3ED1B0F8C7
:10F2C00050603E2B1EFA86F619D94FEA531EDB0614
:10F2D00008BF0EF1FF3E47EA8E2E1FFA8EFE26F87B
:10F2E00032E01CE0BAF1000F03D186F850A063466B
:10F2F000DFE70023F36486F850305346D9E7A3B91B
:10F3000036F8323023F4F8431B041B0C26F8323055
:10F3100036F832309BB243F4004326F832302823CB
:10F3200003FB05456346EA8E1EE74FEA530EDB07F3
:10F3300048BF0EF1010E4FEA8E2ECEE7012E02BF1E
:10F34000B0F850301EFA83F323F832C0E7E74305E4
:10F3500013D522680191B2F8443023F480631B0472
:10F360001B0C2046A2F84430FEF745FA01992046CE
:10F3700003B0BDE8F04FFFF79DBB47040AD52268F4
:10F38000B2F8443023F480431B041B0CA2F8443031
:10F39000FFF7B6BB10F4005105D02268B2F8443034
:10F3A00023F40053F0E7C60422D52268B2F84030B7
:10F3B00023F004031B041B0CA2F84030B2F84030C9
:10F3C00023F008031B041B0CA2F8403094F8E4322D
:10F3D000012B04D184F8E412204600F0A4F9204661
:10F3E000FEF72CFA2268B2F8443023F48053CBE7BE
:10F3F00005051BD52268B2F840309BB243F00803E4
:10F40000A2F84030B2F8443023F400631B041B0C14
:10F41000A2F84430B2F840309BB243F00403A2F8A3
:10F4200040302046FEF7FAF9FFF76ABB01062BD5FC
:10F430002368B3F8442022F080021204120CA3F8CF
:10F44000442094F8E422002AEBD1B3F8402092B291
:10F4500042F00402A3F84020B3F8402092B242F0F8
:10F4600008020121A3F8402084F8E412B3F85430D4
:10F47000C3F38D0303F03C032046C4F8E83203B025
:10F48000BDE8F04F00F04FB982050DD52268B2F803
:10F49000443023F400731B041B0CA2F844302046B4
:10F4A000FEF7A5F9FFF72CBBC3057FF529AB226852
:10F4B000B2F8443023F4807366E700BF11F0800F88
:10F4C00070B505464FF0280401F007001ED000FB80
:10F4D0000444211D2C440126294466710A614A789E
:10F4E0000870CB7002B1C881022B04BF00230B71DE
:10F4F00095F8AC32012B13D00123286885F8AC3283
:10F5000001F034FA002085F8AC0270BD04FB005114
:10F5100004FB0054002601F5B67184F86D61DDE747
:10F520000220F2E711F0800F10B501F00702044647
:10F530004FF0280315D002FB0333191D0344014487
:10F54000012058710A7094F8AC32012B13D00123BA
:10F55000206884F8AC3201F05FFB002084F8AC0234
:10F5600010BD03FB020103FB0203002001F5B6718D
:10F5700083F86D01E6E70220F2E770B501F00701BC
:10F58000282606FB0104002584F86C11C4E96023D9
:10F59000C4F8885184F86D5104F5B671006801F023
:10F5A0009BFC284670BD01F00701282303FB0100E6
:10F5B000D0F88801704770B501F00701282404FBDA
:10F5C0000105C5E91023EB6401EB810300EBC303E4
:10F5D0000122002601FB044485F85020AE6483F824
:10F5E0002C10211D014483F82D20006801F074FCCB
:10F5F000304670BD10B5044601F0070063689842BC
:10F6000026D811F0800F4FF0280317D000FB0333EA
:10F610001A1D234401212244597101239370107053
:10F6200094F8AC12994215D0206884F8AC32114697
:10F6300001F0C5FB002084F8AC0210BD03FB0142C1
:10F6400003FB0141002302F5B67281F86D31E4E756
:10F650000120F2E70220F0E738B5436801F00F021D
:10F660009A42044628D811F0800F01F007024FF0AB
:10F67000280317D002FB0333191D03440144012062
:10F68000587100258D700A7094F8AC32012B15D09A
:10F690000123206884F8AC3201F0B1FB84F8AC524D
:10F6A000284638BD03FB020103FB0203002001F5DD
:10F6B000B67183F86D01E4E70120F2E70220F0E77C
:10F6C00011F0800F18BF01F0070110B54FF02804AA
:10F6D00017BF01FB044404FB01000434001908BFF8
:10F6E00000F5B67099B21AB90273C180002010BD3E
:10F6F000012202738360F9E70268002180F8E412B6
:10F700000123C0F8EC32B2F854309BB243F001034D
:10F71000A2F85430B2F854309BB243F00203A2F87E
:10F720005430084670477047294B1A6830BB02F4C2
:10F73000C062B2F5806FD3F8802022F48072C3F8E3
:10F7400080201AD11A6822F4C06242F400721A6052
:10F75000204A126832214A431F49B2FBF1F20132BA
:10F760005969490500D522B95B69580503D40020C1
:10F770007047013AF4E7032070477047B0F5007F07
:10F780001FD102F4C062B2F5806FD3F8802042F43A
:10F790008072C3F88020EAD11A6822F4C06242F471
:10F7A00000721A600B4A126832214A430A49B2FBBE
:10F7B000F1F2013259694905D6D5002AD4D0013A6F
:10F7C000F8E722F4C06242F480621A60CFE700BF1B
:10F7D00000700040E802002040420F00024A936897
:10F7E00043F4804393607047007000402DE9F3417B
:10F7F000044640B30368DF0714D423689E075BD434
:10F8000023681E0700F1A48023685D0700F1CB8008
:10F8100023689B0600F13281E069002840F0608196
:10F82000002028E0A14DAB68EA6803F00C030C2B24
:10F830000BD102F00303032B09D12B689D03DCD508
:10F840006368002BD9D1012015E0082BF4E7636829
:10F85000B3F5803F12D12B6843F480332B60FEF761
:10F86000EBFE06462B689803C7D4FEF7E5FE801B27
:10F870006428F7D9032002B0BDE8F081B3F5A02FCA
:10F8800004D12B6843F480232B60E4E72A6822F438
:10F8900080322A602A6822F480222A60002BDED17E
:10F8A000FEF7CAFE06462B689903A6D5FEF7C4FEEE
:10F8B000801B6428F7D9DDE77C4DAB68EA6803F06C
:10F8C0000C030C2B17D102F00303022B15D12B686C
:10F8D0005A0502D5E368002BB5D06B68226923F086
:10F8E000FE4343EA02636B60714B1868FEF76EFEDD
:10F8F000002885D0A7E7042BE8E7E368BBB12B68B5
:10F9000043F480732B60FEF797FE06462B685B0579
:10F9100007D56B68226923F0FE4343EA02636B60FC
:10F920006EE7FEF789FE801B0228EFD9A2E72B685D
:10F9300023F480732B60FEF77FFE06462B685F057D
:10F940007FF55EAFFEF778FE801B0228F6D991E7BF
:10F950006369564D9BB1D5F8943043F00103C5F867
:10F960009430FEF769FE0646D5F8943098073FF5C7
:10F970004BAFFEF761FE801B0228F5D97AE7D5F878
:10F98000943023F00103C5F89430FEF755FE064687
:10F99000D5F8943099077FF537AFFEF74DFE801B01
:10F9A0000228F5D966E7414DAB6DDA0027D4AB6D7F
:10F9B00043F08053AB65AB6D03F080530193019B23
:10F9C00001273C4E3368DB051BD5A368012B29D1E9
:10F9D000D5F8903043F00103C5F89030FEF72CFEC7
:10F9E00041F288380646D5F89030990740D5002F67
:10F9F0003FF40EAFAB6D23F08053AB6508E70027F3
:10FA0000DFE7336843F480733360FEF715FE80460A
:10FA10003368D805D9D4FEF70FFEA0EB0800022802
:10FA2000F6D927E7052B06D1D5F8903043F004032B
:10FA3000C5F89030CCE7D5F8902022F00102C5F847
:10FA40009020D5F8902022F00402C5F89020002BD9
:10FA5000C4D1FEF7F1FD41F288380646D5F8903062
:10FA60009A07C4D5FEF7E8FD801B4045F6D901E7AB
:10FA7000FEF7E2FD801B4045B5D9FBE6A3690B4DBF
:10FA8000D3B1D5F8983043F00103C5F89830FEF7AC
:10FA9000D3FD0646D5F898309F073FF5BDAEFEF77B
:10FAA000CBFD801B0228F5D9E4E600BF0010024020
:10FAB000F002002000700040D5F8983023F00103D8
:10FAC000C5F89830FEF7B8FD0646D5F89830980787
:10FAD0007FF5A2AEFEF7B0FD801B0228F5D9C9E67E
:10FAE000484DAB6803F00C030C2B57D02B68022851
:10FAF00023F080732B603AD1FEF79EFD06462B68FB
:10FB000099012ED4EA68404B1340226A1343A26A3B
:10FB100043EA0223E26A43EAC263626A013A43EAC1
:10FB20000213226B5208013A43EA4253626B5208B5
:10FB3000013A43EA4263EB602B6843F080732B6029
:10FB4000EB6843F08073EB60FEF776FD04462B68AC
:10FB50009A013FF565AEFEF76FFD001B0228F6D94E
:10FB600088E6FEF769FD801B0228C8D982E6EB68AB
:10FB700023F00303EB60EB6823F0887323F48033F6
:10FB8000EB60FEF759FD04462B689B017FF548AEFC
:10FB9000FEF752FD001B0228F6D96BE601283FF460
:10FBA0006AAEEB68226A03F0030191427FF44BAE28
:10FBB000616A03F0F0020139B2EB011F7FF443AE3A
:10FBC000A16A03F4FE42B2EB012F7FF43CAEE16A7E
:10FBD00003F07842B2EBC16F7FF435AE226B52086E
:10FBE00003F4C001013AB1EB425F7FF42CAE626BCB
:10FBF000520803F0C063013AB3EB426F3FF410AE1A
:10FC000021E600BF001002400C809F01174B9A684C
:10FC100002F00C02042A23D09A6802F00C02082A8F
:10FC200020D09A6802F00C020C2A1DD1D968DA683B
:10FC3000D868DB6801F00301C3F341630329C2F311
:10FC40000312C0F3062003F101030CBF0849094960
:10FC50005B000132B1FBF2F25043B0FBF3F07047AE
:10FC60000448704702487047002070470010024067
:10FC700000127A000024F4002DE9F8430E460546F0
:10FC800010B90120BDE8F8836D4A136803F00F0333
:10FC90008B4245D3296811F001084CD12A6891079D
:10FCA00040F1A780674B12F0040F1EBF996841F422
:10FCB000E0619960120741BF9A6822F47C5242F4D5
:10FCC000E0629A609A68A96822F0F0020A439A609A
:10FCD0005B4C236803F00F03B34200F293802A6861
:10FCE000584C12F0040F40F0A380130706D5A36808
:10FCF0002A6923F4605343EAC203A360FFF786FF37
:10FD0000A368514AC3F30313D35C03F01F03D84025
:10FD10004E4B18604E4B1868BDE8F843FEF756BCD2
:10FD2000136823F00F030B431360136803F00F03F2
:10FD30008B42A6D1AEE76F68424C032F236849D1AE
:10FD40009B019ED5E368E26803F00303032BE3689D
:10FD50000CBF40484048C2F30312C3F306230132EC
:10FD6000B0FBF2F25343E268C2F341620132520047
:10FD7000B3FBF2F3394A93421AD84FF00008A36854
:10FD800023F003033B43A360FEF756FC41F288399E
:10FD90000746A3686A6803F00C03B3EB820F3FF4D5
:10FDA0007DAFFEF749FCC01B4845F2D9032069E747
:10FDB000A36813F0F00F04D08807DED5AB68002BE2
:10FDC000DBD1A36823F0F00343F08003A3604FF07E
:10FDD0008008D4E7022F09D113F4003F3FF451AF5C
:10FDE000FFF714FF1D4B9842C7D9EAE713F4806F61
:10FDF000F4E7B8F1800F01BF124A936823F0F003D3
:10FE0000936065E7236823F00F0333432360FEF715
:10FE100013FC41F288380746236803F00F03B3420E
:10FE20003FF45DAFFEF708FCC01B4045F4D9BDE7C9
:10FE3000A368E96823F4E0630B43A36055E700BFC0
:10FE40000020024000100240367F0108E802002036
:10FE5000F002002000127A000024F40000B4C40470
:10FE60002DE9F3410446006810F4002039D0994D83
:10FE7000AB6DD80027D4AB6D43F08053AB65AB6D51
:10FE800003F080530193019B0126934F3B6843F499
:10FE900080733B60FEF7D0FB80463B68D90514D5E4
:10FEA000D5F89030226C13F4407302D0934240F0A6
:10FEB000EB80D5F89030226C23F440731343C5F8DF
:10FEC0009030002008E00026DFE7FEF7B5FBA0EB4E
:10FED00008000228E1D903201EB1AB6D23F0805346
:10FEE000AB652368DE0708D57A496568D1F88820B4
:10FEF00022F003022A43C1F888209D0708D57549DE
:10FF0000A568D1F8882022F00C022A43C1F8882085
:10FF1000590708D56F49E568D1F8882022F03002EA
:10FF20002A43C1F888201A0708D56A492569D1F8FB
:10FF3000882022F0C0022A43C1F888209F0608D5F5
:10FF400064496569D1F8882022F440622A43C1F8E7
:10FF500088205E0608D55F49A569D1F8882022F47B
:10FF600040522A43C1F888201D0608D55949E56941
:10FF7000D1F8882022F440422A43C1F88820D905CC
:10FF800008D55449256AD1F8882022F440322A4302
:10FF9000C1F888209A0508D54E49656AD1F88820AD
:10FFA00022F440222A43C1F888205F050FD5494931
:10FFB000A56AD1F8882022F440122A43C1F888208B
:10FFC000B5F5801F02BFCA6842F48012CA601E05E0
:10FFD0000FD54049E56AD1F8882022F440022A432F
:10FFE000C1F88820B5F5800F02BFCA6842F48012BC
:10FFF000CA60DD040FD53749256BD1F8882022F07F
:020000040801F1
:1000000040722A43C1F88820B5F1807F02BFCA68D8
:1000100042F48012CA6099040FD52E49656BD1F85D
:10002000882022F040622A43C1F88820B5F1006F91
:1000300002BFCA6842F48012CA605A040FD525492B
:10004000A56BD1F8882022F040622A43C1F88820AD
:10005000B5F1006F02BFCA6842F48012CA601B0487
:100060000FD51C4AE16BD2F8883023F040530B4384
:10007000B1F1805FC2F8883003D1D36843F4803394
:10008000D36002B0BDE8F081D5F89020D5F890306B
:1000900043F48033C5F89030D5F8903022F44071A5
:1000A00023F48033D207C5F89030C5F890107FF55F
:1000B00000AFFEF7C1FA41F288380746D5F8903014
:1000C0009B073FF5F6AEFEF7B7FAC01B4045F5D9E2
:1000D00001E700BF0010024000700040024AD36AEE
:1000E0001843D062704700BF00100240B0F1904F3B
:1000F00008B509D10120FFF7F1FF254AD36A23F0A3
:100100000103D362002008BD224B984207D1022090
:10011000FFF7E4FF1E4AD36A23F00203F1E71E4B08
:10012000984207D10420FFF7D9FF194AD36A23F078
:100130000403E6E7194B984207D10820FFF7CEFFEA
:10014000134AD36A23F00803DBE7154B984207D123
:100150001020FFF7C3FF0E4AD36A23F01003D0E745
:10016000104B984207D12020FFF7B8FF084AD36A06
:1001700023F02003C5E70C4B984207D14020FFF73E
:10018000ADFF034AD36A23F04003BAE70120BAE780
:10019000001002400004004800080048000C00481D
:1001A0000010004800140048001800482DE9F04FE6
:1001B00002460D6895FAA5F44FF0010EB4FA84F4E6
:1001C00003274FF00F0C6FEA050835FA04F001D150
:1001D000BDE8F08F0EFA04F32B4067D04868461E46
:1001E000012E1ED8966893FAA3F9B9FA89F94FEA55
:1001F000490907FA09F926EA090993FAA3FA8E6868
:10020000BAFA8AFA4FEA4A0A06FA0AF646EA0906EA
:100210009660566808EA0609CE686E4349EA060603
:100220005660D66893FAA3F9B9FA89F94FEA4909F1
:1002300007FA09F926EA090993FAA3FA0E69BAFA44
:100240008AFA4FEA4A0A06FA0AF646EA0906022834
:10025000D66018D1FF2BD1F814A029D8D2F820905D
:1002600093FAA3F6B6FA86F6B6000CFA06F629EA71
:10027000060993FAA3F6B6FA86F6B6000AFA06F667
:1002800046EA09061662166893FAA3F9B9FA89F9DB
:100290004FEA490907FA09F926EA090693FAA3F38E
:1002A000B3FA83F35B0098403043106001348CE76D
:1002B000D2F824901E0A96FAA6FBBBFA8BFB4FEAF3
:1002C0008B0B0CFA0BFB29EA0B0996FAA6F6B6FA89
:1002D00086F6B6000AFA06FA4AEA09065662D2E734
:1002E000F8B5046814F0010405460F463ED13A699A
:1002F000BB68016813437A6913431D4A0A401343DC
:1003000003604368FA6823F44053134343608368EF
:10031000BA6923F44073134383604FF4406000F0E4
:1003200059F93E6800B37F68F7B1B3B2114A21466C
:1003300032F813202346F0F70BF87A08030209027B
:1003400041EA1061981841F100013A462346EFF75F
:10035000FFFFC0F31300E8602046EB6AB6B223F05B
:100360000F031E43EE62F8BD0120F6E70120FAE715
:10037000F3E9FFEF4E7F0108024B1868C0F38020BD
:10038000704700BF00100240024BD3F89000C0F34A
:100390004000704700100240024B1868C0F34060F4
:1003A000704700BF00100240044B054A9B68C3F32E
:1003B0000313D35C03F01F03D840704700100240C2
:1003C000367F0108044B054A9B68C3F30223D35CC4
:1003D00003F01F03D840704700100240467F010819
:1003E000124B9A6802F00C02082A1BD00C2A1BD16F
:1003F000DA680F480F4902F00302032A08BF0146DA
:10040000D868DA68DB68C3F34163C0F30620C2F33F
:1004100003120133484301325B00B0FBF2F0B0FB42
:10042000F3F07047024870470248704700100240DE
:1004300000127A000024F400164A08B5136843F449
:1004400080731360FFF798FF0028FBD0536823F0F8
:10045000FE4343F08043536001239360936803F0AD
:100460000C03042BFAD14FF4807313601360FFF771
:1004700093FF0028FBD14FF4805140F23B73D160D1
:1004800090611362D2F8943043F40003C2F89430C0
:1004900008BD00BF00100240032810B52DD12D4C1F
:1004A0002D4AD4F8883003F0030343F440339342D9
:1004B00009D0B3F1031F0CD0013A934210D1BDE82B
:1004C0001040FFF78DBFFFF757FF002840D10020F5
:1004D00010BDFFF759FF003818BF0120C003F7E730
:1004E000FFF77EFFFFF760FFA3681C4AC3F3C22338
:1004F000D35C03F01F03D840EAE70C2817D1154B53
:10050000174AD3F8883003F00C0343F44023934296
:10051000D9D0B3F10C1FDCD0043A9342CFD0FFF70F
:100520005FFFFFF741FFBDE81040FFF74BBF3028EA
:10053000CDD1084B0B4AD3F8883003F0300343F495
:1005400040139342BFD0B3F1301FC2D0103AE4E75A
:100550000548BDE70010024002000300467F010885
:1005600008000C00200030000024F400C02808B56A
:1005700001D0002008BD144B144AD3F8883003F092
:10058000C00343F44003934209D0B3F1C01F0CD021
:10059000403A934210D1BDE80840FFF721BFFFF772
:1005A000EBFE0028E5D00A48E4E7FFF7EDFE00384F
:1005B00018BF0120C003DDE7FFF712FFFFF7F4FECD
:1005C000BDE80840FFF7FEBE001002408000C000FA
:1005D0000024F40008B5134BD3F888301840B0F568
:1005E000006F09D0B0F5406F0DD0B0F5806F11D11C
:1005F000BDE80840FFF7F4BEFFF7BEFE0A4B002837
:1006000018BF184608BDFFF7BFFE003818BF01200D
:10061000C003F7E7FFF7E4FEFFF7C6FEBDE80840BA
:10062000FFF7D0BE001002400024F400154B9842A2
:100630000BD103F560431A6C42F480521A641A6CB1
:1006400022F480521A64002070470F4B984205D064
:1006500003F5806398420BD0012070470B4B9A6BD7
:1006600042F480429A639A6B22F480429A63EAE7EA
:10067000064B9A6B42F400429A639A6B22F4004252
:10068000F4E700BF00300140003800400010024095
:1006900003685B0670B502462DD4D1E900363343BA
:1006A000CE68056848690C6A33430E6933438E6926
:1006B00003433343CE6925F47F45334325F0BF051B
:1006C00023432B43136053688D6823F4706323F036
:1006D000040345EA10401843B5F5006F50603EBF73
:1006E000536843F480535360B4F5005F01D18B8CA1
:1006F0001361002000E00120D36923F40063D3617B
:1007000070BD00002B4A036890420ED0B0F1804FBC
:100710000BD0A2F59432904207D002F5806290424D
:1007200003D002F59632904215D14A6823F0700347
:100730001343204A904219D0B0F1804F16D0A2F551
:100740009432904212D002F5806290420ED002F5AF
:10075000963290420AD0184A904207D002F5806241
:10076000904203D002F58062904203D1CA6823F41C
:100770004073134303608B68C3620B8883620D4B25
:1007800098420FD003F5006398420BD003F5406305
:10079000984207D003F58063984203D003F5806345
:1007A000984201D10B690363436943F0010343613C
:1007B00000207047002C0140004001401C4B984233
:1007C0000BD103F558431A6C42F480421A641A6C38
:1007D00022F480421A6400207047164B98420AD1D6
:1007E00003F5E6339A6B42F400329A639A6B22F473
:1007F00000329A63EFE7104B984209D103F5E433D6
:100800009A6B42F480229A639A6B22F48022F0E77A
:100810000A4B984209D103F5E2339A6B42F4002265
:100820009A639A6B22F40022E3E70120704700BF2D
:10083000003801400044004000480040004C0040A7
:1008400038B50368DB0704460D4659D42A69AB68FE
:10085000016813436A691343EA691343294A0A404A
:10086000134303604368EA6823F44053134343602F
:100870008368AA6923F4407313438360224B984230
:1008800020D10320FFF708FE2B6840B36A6832B31B
:100890000B2B15D81D4951F82330E969B0FBF3F053
:1008A000B1F5004F4FEA520325D103EB4003B3FBF0
:1008B000F2F34FF6F0721A40C3F342031343E360BE
:1008C00000200DE0124B984201D10C20DAE7114BC9
:1008D000984201D13020D5E70F4B984207D0012034
:1008E000E26A2B8822F00F021343E36238BDC02076
:1008F000FFF73CFEC8E70344B3FBF2F39BB2DEE72D
:100900000120F3E7F369FFEF00380140687F010839
:100910000044004000480040004C004000234BF6DB
:100920008072A0F84430A0F8402018467047B0F814
:10093000403023F47E535B045B0CA0F84030002071
:10094000704784B010B503AC84E80E00BDE81040D9
:100950000123A0F840300023A0F8403004B0A0F8F4
:100960004430A0F85030184670470000F0B591F8B8
:1009700000C0CD7830F82C4024F4EC4424F070040E
:10098000240403466246240C032D4BD8DFE805F00F
:100990000247454344F40074284648F28006344335
:1009A00023F8224033F82240984FA4B23C4044EA56
:1009B0000C04344323F822400C7B03EBCC0C002CBA
:1009C0007DD1CC884E78640864006EB3B3F85010C3
:1009D0001CFA81F1A1F8004433F82210490609D528
:1009E00033F8221089B2394041F4004141F0C0018E
:1009F00023F8221033F82210854C89B2012D01EA28
:100A0000040101D081F0200141F4004141F0800156
:100A100023F82210B2E044F4C0640020BDE744F49F
:100A20008064FAE70120B8E7B3F850501CFA85F566
:100A3000A5F80444B3F850401CFA84FC0C693E2C21
:100A400027D965097349E60608BF05F1FF3541EA74
:100A5000852189B2ACF8061433F822104F040DD565
:100A600033F8221021F4E04121F070010904090C4F
:100A700041F4404141F0800123F8221033F8221064
:100A800021F4804121F070010904090C81F44051E6
:100A9000BAE774B9BCF8061421F4F8410904090C4A
:100AA000ACF80614BCF806146FEA41416FEA5141F4
:100AB000CFE76108E40748BF01318902C9E7022D89
:100AC00033F822405BD1A4B23C4044F4014444F0EA
:100AD000800423F82240B3F850600C891CFA86F693
:100AE00064086400A6F800444C89B3F850606408B8
:100AF0001CFA86F66400A6F804444978002948D117
:100B000033F822104E040DD533F8221021F4E041C1
:100B100021F070010904090C41F4404141F08001C9
:100B200023F8221033F822104D060DD533F8221089
:100B300021F4E04121F070010904090C41F4004165
:100B400041F0C00123F8221033F8221021F4804133
:100B500021F070010904090C48F2800481F440512D
:100B6000214323F8221033F8221021F4E04121F030
:100B700040010904090C0C4323F82240F0BD24F481
:100B8000E24424F070042404240C264323F8226059
:100B9000A1E733F822104C040DD533F8221021F4CC
:100BA000E04121F070010904090C41F4404141F099
:100BB000800123F8221033F8221049060DD533F8AE
:100BC000221021F4E04121F070010904090C41F4E4
:100BD000004141F0C00123F8221033F822100C4CE0
:100BE00089B22140012D18BF81F0200141F400415C
:100BF00041F0800123F8221033F8221021F48041C3
:100C000021F070010904090CFEE600BF8F8FFFFF81
:100C1000BF8FFFFF0080FFFF4A780B78097BD9BBAD
:100C20000AB330F8232051060DD530F8232022F4E2
:100C3000E04222F070021204120C42F4004242F030
:100C4000C00220F8232030F8232022F4E04222F0D2
:100C500040021204120C42F4004242F0800220F8DA
:100C600023200020704730F8232052040DD530F89F
:100C7000232022F4E04222F070021204120C42F40B
:100C8000404242F0800220F8232030F8232022F452
:100C9000804222F07002DCE7002A4AD130F823209B
:100CA00051040DD530F8232022F4E04222F07002E6
:100CB0001204120C42F4404242F0800220F8232039
:100CC00030F8232052060DD530F8232022F4E042DC
:100CD00022F070021204120C42F4004242F0C002F0
:100CE00020F8232030F8232022F4E04222F0700282
:100CF0001204120C42F4004242F0C00220F82320F9
:100D000030F8232022F4804222F070021204120CE8
:100D100048F280010A4320F8232030F8232022F4EF
:100D2000E04222F040021204120C114320F823107A
:100D300097E730F8232051040DD530F8232022F412
:100D4000E04222F070021204120C42F4404242F0DF
:100D5000800220F8232030F8232052060DD530F8E9
:100D6000232022F4E04222F070021204120C42F41A
:100D7000004242F0C00220F8232030F8232022F461
:100D8000E04222F070021204120C42F4404242F09F
:100D9000800220F8232030F8232022F4E04222F0C1
:100DA00040021204120C48F280010A4320F823206A
:100DB00030F8232022F4804222F07002B3E74B780F
:100DC0000A788BB130F8223023F4E04323F040035B
:100DD0001B041B0C83F0100343F4004343F0800317
:100DE00020F822300020704730F8223023F480436E
:100DF00023F070031B041B0C83F48053ECE70B7B84
:100E00003BBB4B780A7833B330F822305B060DD504
:100E100030F8223023F4E04323F070031B041B0C52
:100E200043F4004343F0C00320F82230CB78012B79
:100E30000FD030F8223023F4E04323F040031B04AA
:100E40001B0C83F0200343F4004343F0800320F89D
:100E500022300020704730F822305B040DD530F886
:100E6000223023F4E04323F070031B041B0C43F4F3
:100E7000404343F0800320F8223030F8223023F43E
:100E8000804323F070031B041B0C83F44053DAE708
:100E900011B98023A0F84C3000207047B0F85830CA
:100EA0006FEA43436FEA53439BB2A0F858300020E7
:100EB0007047B0F8440080B2704702F58062013399
:100EC00010445B0801EB4303401A994200D170477C
:100ED0000A880A520231F8E72DE9F0474A780E7B7A
:100EE000012A05460C4640F01781D1F810A08F6901
:100EF0004969574528BF574616BBBFB2E2883B46F3
:100F0000FFF7DBFFB5F85020237805F2024111FA14
:100F100082F202EBC3021780227835F8223023F4E4
:100F2000E04323F040031B041B0C83F0300343F425
:100F3000004343F0800325F822300020BDE8F0870D
:100F4000E378266A94F800C0022B40F0CE80B245C8
:100F500030F82C2080F0B28022F4E04222F07002BF
:100F60001204120C42F4014242F0800220F82C20BC
:100F700030F82C80B0F85020F61B18F0400826629C
:100F800001EB0709BBB24ED000F2064E1EFA82F208
:100F900022F83C306289FFF790FFB2456278C4F8CE
:100FA000149036BFF31B00233E462362B3B26ABBE4
:100FB000B5F85020217805F2024010FA82F23E2E58
:100FC00002EBC1020FD97009AE49F60608BF00F165
:100FD000FF3041EA802189B21180228949462846A2
:100FE000FFF76BFF98E75EB9118821F4F841090417
:100FF000090C118011886FEA41416FEA5141EAE71B
:101000007108F00748BF01318902E4E7012AE4D101
:10101000B5F85020217805F2024010FA82F202EB76
:10102000C1021380D9E700F2024E1EFA82F222F8C2
:101030003C302289FFF741FFB2456278C4F8149032
:1010400036BFF31B43463E462362B3B24ABBB5F8F4
:101050005020217805F2064010FA82F23E2E02EB73
:10106000C1020BD970098749F70608BF00F1FF30AC
:1010700041EA802189B211806289AFE75EB91188A7
:1010800021F4F8410904090C118011886FEA4141EB
:101090006FEA5141EEE77108F60748BF0131890256
:1010A000E8E7012AE8D1B5F85020217805F206409A
:1010B00010FA82F202EBC1021380DDE722F4E24271
:1010C00022F070021204120C42F4004242F080023C
:1010D00020F82C20B0F8502000F2024313FA82F2DC
:1010E000B3B222F83C3022897AE730F82C20F61B84
:1010F00012F0400F2662B0F85020BBB207D000F2C9
:10110000064616FA82F222F83C30628968E700F25D
:10111000024616FA82F2E4E7002E3CD18A690B6996
:101120009A4284BFD61A1A46B0F850308E6100F247
:101130000640097810FA83F33E2A03EBC10315D960
:101140005109D0064F4A08BF01F1FF3142EA81221E
:1011500092B21A80227835F8223023F4804323F0AB
:1011600070031B041B0C83F44053E0E65AB91A8841
:1011700022F4F8421204120C1A801A886FEA4242D2
:101180006FEA5242E4E75108D20748BF01318902B1
:1011900089B21980DEE7CB78022B75D1002A4BD1BA
:1011A000B0F850200B7800F2024111FA82F202EB03
:1011B000C30223693E2B22D958093249DF0608BFF2
:1011C00000F1FF3041EA802189B21180B5F850204A
:1011D000217805F2064010FA82F23E2B02EBC102A2
:1011E00020D8002B46D1138823F4F8431B041B0C92
:1011F000138013886FEA43436FEA53431AE05BB9E5
:10120000118821F4F8410904090C118011886FEA52
:1012100041416FEA5141D7E75908DE0748BF013124
:101220008902D1E75909D806164B08BF01F1FF31F1
:1012300043EA81239BB21380E369002B8AD0227892
:1012400035F8221044F2400303EA01008B4302D038
:1012500000287FF47FAF35F8223023F4E04323F0F9
:1012600070031B041B0C43F4004343F0C00325F838
:1012700022306FE75908DB0748BF0131890289B284
:101280001180D9E70080FFFF012B5DD18B690969CF
:101290008B428ABF581A00200B46A061002A7FF4B7
:1012A00059AFB5F85020217805F2024010FA82F2C9
:1012B0003E2B02EBC10221D958092449DF0608BFA1
:1012C00000F1FF3041EA802189B21180B5F8502049
:1012D000217805F2064010FA82F23E2B02EBC102A1
:1012E0001FD84BBB138823F4F8431B041B0C13803B
:1012F00013886FEA43436FEA53431AE05BB91188DE
:1013000021F4F8410904090C118011886FEA414168
:101310006FEA5141D8E75908DE0748BF0131890219
:10132000D2E75909D806094B08BF01F1FF3143EA5A
:1013300081239BB213800DE75908DB0748BF0131B9
:10134000890289B2118005E70120F7E50080FFFFDF
:1013500002F58062F0B510445D080C462E46471A2F
:101360003A19023436B9DB0744BF30F8153001F8BA
:101370001530F0BD128892B204F8022C120A04F85B
:10138000012C013EECE7D0F8D43200EB830010B51D
:10139000D0F8C04284B1D0F8C4325BB194F84000B8
:1013A000FF2807D09B6894F8412021469847FF23E7
:1013B00084F84030002000E0032010BD0A230380A1
:1013C000004870479003002070B5822106460F4800
:1013D00000F00EFB012105460C4800F009FB8121BD
:1013E00004460A4800F004FB0DB11022AA711CB19A
:1013F000402222710022627118B140220271002243
:10140000427143230148338070BD00BF4C0300206C
:10141000FFF7DABFFFF7D8BF38B5D0F8D432B03312
:10142000044650F823507DB1FCF7B0FAD4F8D4321A
:1014300004EB83042946D4F8C43241F84C0FDB682E
:10144000686C9847002038BD0320FCE7F8B5D0F859
:10145000D462D0F8C87200EB86060A46D6F8C052AD
:1014600025B3142401F00F0C04FB0C039C6984B118
:101470004FF0280E0EFB0C77FF6BB4FBF7FC07FB5D
:101480001C4434B99C6122462346FCF76DFA204681
:101490000BE0D6F8C4321C6900276F65002CF6D02B
:1014A000A86C05F15001A0473846F8BD0320FCE7C1
:1014B000D0F8D4322DE9F34100EB83034FF000085C
:1014C000D3F8C0728DF8058005460E46ADF806804B
:1014D000002F6ED00A7812F060042ED0202C64D138
:1014E000CC8891F801C00CB3120613D5D3F8C432DE
:1014F000224639469B6860469847F288072A28BFEB
:1015000007223946284600F0E2FC4446204602B055
:10151000BDE8F081402C28BF402487F840C087F800
:1015200041402246394600F0E7FCEEE7D3F8C432EA
:1015300022469B6860469847E8E74F780B2F34D8DF
:1015400001A353F827F000BF791501080D15010814
:10155000AB150108AB150108AB150108AB15010867
:10156000AB150108AB150108AB150108AB15010857
:101570008F150108A315010890F89C32032B14D194
:1015800002220DF1060100F0A2FC3C46BEE790F8F5
:101590009C32032B09D101220DF1050100F097FCCB
:1015A000B4E790F89C32032BB0D03146284600F0C7
:1015B00067FC0324AAE700BF38B504460025812153
:1015C000FCF79BF9012125872046FCF796F9A4F842
:1015D000785182212046FCF790F9D4F8D432E564A2
:1015E00004EB8303D3F8C0228AB1D3F8C4325B681A
:1015F0009847D4F8D432B03354F82300FCF7CEF92E
:10160000D4F8D432B03344F82350C4F8BC5200208C
:1016100038BDF8B504465C20FCF7BCF9054630B986
:10162000D4F8D432B03344F8230002253BE05C22E6
:10163000002102F06DF8D4F8D432B033012644F81A
:101640002350022240238121C4F8BC522046FCF7DB
:1016500048F940230222314626872046FCF741F90B
:1016600010230322A4F84E3082210823A4F87861C5
:101670002046FCF736F9D4F8D432A4F84C6004EBD9
:1016800083030027D3F8C4326F641B6898476A6CE1
:101690006F65AF65002AC8D0257C402331462046BF
:1016A0001DB9FCF76AF92846F8BDFCF766F93D4616
:1016B000F9E739B1D0F8D43200EB8300C0F8C41296
:1016C0000020704703207047D0F8D432B03350F870
:1016D00023301BB199641A650020704703207047BE
:1016E000D0F8D432B03350F8233013B1596400200D
:1016F000704703207047D0F8D432B03310B550F89B
:1017000023205AB1546D012354B95365136DC3623C
:10171000926C8121FCF728F9204610BD0320FCE7DC
:101720001846FAE7D0F8D422B03208B550F8222093
:1017300032B1526C40230121FCF71FF9002008BD93
:101740000320FCE778B10023C0F8B832C0F8C432F7
:10175000C0F8D03209B1C0F8B412012380F89C322D
:101760000270FCF773B80320704713B500230446DA
:10177000ADF8063081B1CB6AC0F8B81223B10DF1D3
:1017800006009847C4F8D002D4F8D8320133C4F820
:10179000D832002002B010BD0320FBE7FCF798B858
:1017A000D0F8B8320BB11B6818471846704708B517
:1017B000D0F8B8325B689847002818BF032008BDEE
:1017C00038B5044600F2AA25284600F04EFB012356
:1017D00094F8AA12C4F89432B4F8B032C4F898322B
:1017E00001F01F03012B08D0022B0CD08BB9294626
:1017F0002046BDE8384000F019B929462046BDE82A
:10180000384000F067BA29462046BDE8384000F06D
:1018100090BA204601F08001BDE83840FCF776B868
:1018200070B50446164609BBD0F89432032B0CD190
:10183000D0E9573293420AD99B1A9A42C0F85C31D8
:1018400028BF1A46314600F064FB002070BD90F8B6
:101850009C32032B06D1D0F8B8321B6913B1C0F803
:10186000D4129847204600F05CFBEEE790F89C32DB
:10187000032BEAD1D0F8B8329B69002BE5D00022C7
:10188000BDE87040C0F8D422184773B50446164628
:10189000002941D1D0F89422022A0FD1D0E9075271
:1018A000954214D9AA1A0191C261314600F01CFB7D
:1018B000019B1A4619462046FCF75FF894F8A032BF
:1018C00013B1002384F8A032002002B070BD0ED105
:1018D000826995420BD8D0F89852AA4207D20A469C
:1018E000019100F001FB019BC4F89832E1E794F804
:1018F0009C32032B08D1D4F8B832DB6823B1002224
:10190000C4F8D4222046984780212046FBF7FEFFEA
:10191000204600F011FBD1E790F89C32032BD3D185
:10192000D0F8B8325B69002BCED00022C0F8D422A8
:1019300002B0BDE870401847F8B5012380F89C322A
:10194000D0F8B83200210446C0F894124160C0F8C3
:10195000A41280F8A012B3B9002600224025114637
:10196000012740232046FBF7BCFFA4F86471C4F8AC
:1019700060512B46002280212046FBF7B2FFA7844E
:1019800025623046F8BD5B68002BE5D098470028FB
:10199000E2D00326E1E701740020704790F89C3202
:1019A000042B1EBF90F89C32DBB280F89D320423DA
:1019B00080F89C320020704790F89C32042B02BFC4
:1019C00090F89D32DBB280F89C320020704708B559
:1019D00090F89C22032A05D1D0F8B83213B1DB6904
:1019E00003B19847002008BD0020704700207047D1
:1019F00010B5428803789A420AD9047820442344D7
:101A00004478052C9BB2F6D184788C42F3D110BD7A
:101A10000020FCE710B580210446FBF777FF204645
:101A20000021BDE81040FBF771BF00002DE9F34134
:101A30000D7805F06005202D04460E4614D0402D8B
:101A400012D0002D40F00A814F78092F00F2068154
:101A5000DFE817F00B0132010401210104018600C7
:101A600016000401F300A200D4F8D432AE3331469C
:101A700054F823309B68204602B0BDE8F041184777
:101A80000023ADF806304B881A0A013A062A37D8E7
:101A9000DFE802F0041C293636515B00D0F8B4327E
:101AA0001B68207C0DF106019847F288002A00F09F
:101AB000FF80BDF806301BB39A4228BF1A46ADF826
:101AC00006200146204600F002FA1CE0027CD0F815
:101AD000B83232B99B6A0DF1060098470223437071
:101AE000E3E7DB6AF7E7DBB2052B09D8DFE803F0B1
:101AF000030F13171B1FD0F8B4325B68002BD0D133
:101B00002046FFF787FF284602B0BDE8F081D0F8F5
:101B1000B4329B68F2E7D0F8B432DB68EEE7D0F875
:101B2000B4321B69EAE7D0F8B4325B69E6E7D0F873
:101B3000B4329B69E2E7037C002BE1D1D0F8B832E4
:101B40000DF106005B6B9847AFE7037C002BD7D104
:101B5000D0F8B8320DF106001B6B98470723BEE79B
:101B60008B88002BCCD1CB88002BC9D14E887F2EFF
:101B7000C6D890F89C32032BC2D0F1B280F89E12E6
:101B8000FBF7E9FE204600F0CCF91EB1022384F8F1
:101B90009C32B8E70123FAE78E784D4F012E3E7054
:101BA00003D9FFF737FF0325ADE790F89C32022BEE
:101BB0005FFA83F809D0B8F1030F18D0FFF72AFFB6
:101BC00039782046FFF7F3FDEDE7002E70D00121B4
:101BD0004160FFF7E5FD0546204625B1FFF71AFFF6
:101BE00084F89C828FE700F09CF90323CFE75EB96D
:101BF000022380F89C3246603146FFF7D8FD20462C
:101C000000F08FF935467EE74168012950D0C9B20E
:101C1000FFF7CDFD397861602046FFF7C1FD06462C
:101C2000002845D02046FFF7F5FE21792046FFF732
:101C3000BEFD022384F89C32E4E7CA88012A7FF4BF
:101C40005FAF90F89C120229CBB205D833B10146A0
:101C5000002341F8083F35E7032B04D02046FFF767
:101C6000D9FE00254FE7011D2CE790F89C32013B7F
:101C7000022BF3D8CA88022A7FF442AFD0F8A432EC
:101C80000146002B14BF0323012341F80C3F00F051
:101C90001EF93D4637E74B88012B02D1C4F8A43228
:101CA00006E0022B7FF42CAF8B881B0A80F8A03251
:101CB000204600F036F926E790F89C32013B022BD3
:101CC000CCD84B88012B7FF41EAF0023E6E700BF82
:101CD0004864002070B50B7803F06002402A044687
:101CE0000E4601D05B061FD494F89C32013B022BB8
:101CF0001AD831790129204617D8FFF775FE88B91F
:101D0000D4F8B8329B686BB1C4F8D402314620468F
:101D100098470546F3881BB915B9204600F001F92C
:101D2000284670BD0325F5E72046FFF773FE002522
:101D3000F6E770B50B788A880D7903F06003202BE5
:101D400004460E465AD0402B58D09BBB4B78012BF3
:101D500042D0032B27D06BBB90F89C32022BD9B218
:101D600068D0032926D105F00F0312F0800F4FF041
:101D7000140202FB03036CD09B8CDBB105F07F06E1
:101D8000013606EB860600EB860615F07F0006D0CE
:101D900029462046FBF7CCFD003818BF01203060F3
:101DA0000222314651E090F89C32022BDAB237D051
:101DB000032A03D02046FFF72DFE0BE04B8833B9F2
:101DC000690604D0F38813B92946FBF79FFD204626
:101DD00000F0A7F8002070BD90F89C32022BDAB218
:101DE0001ED0032AE6D14B88002BF3D16B0602D01C
:101DF0002946FBF794FD204600F093F8294620463B
:101E0000FFF7F4FD0028E5D1D4F8B832C4F8D402C5
:101E10009B68002BDED031462046BDE87040184755
:101E20006A06C7D02946FBF771FD80212046FBF7E3
:101E30006DFDCFE76906BDD113064CBF00F114015B
:101E400000F5AA7100230B600222204600F03FF843
:101E5000C0E7B3F86431002BACD005F07F06142343
:101E600003FB060606F5AA768FE70B7803704B781E
:101E700043704B8843808B888380CB88C3807047B6
:101E800010B580210446FBF741FD20460021BDE846
:101E90001040FBF73BBD30B588B100240138234624
:101EA0000134055D002DFAD1DBB201335B001380F4
:101EB0000B7003234B70022310F8012F02B930BDC1
:101EC000CA545A1CD2B202338D54DBB2F4E710B5B7
:101ED00013460222C0E90633C0F894220A460021C4
:101EE000FBF742FD002010BD08B513460A4600214D
:101EF000FBF73AFD002008BD10B513460322C0E9E8
:101F00005633C0F894220A460021FBF736FD002024
:101F100010BD08B513460A460021FBF72EFD002030
:101F200008BD08B504220023C0F8942219461A46B9
:101F3000FBF71AFD002008BD08B505220023C0F8F4
:101F4000942219461A46FBF718FD002008BD000030
:101F500008B52DED028BB0EE408A00F0E9F8B4EE42
:101F6000488AF1EE10FA06D6DFED098AB4EEE88A67
:101F7000F1EE10FA02D4BDEC028B08BD01F08AFB31
:101F800088EEA80ABDEC028B2123036008BD00BFC8
:101F90000000000010EE103AC3F3C7527F3A162A31
:101FA00010EE101A15DC002A0CDB0C48104103421D
:101FB00005D04FF4800313410B4423EA000300EEE5
:101FC000103A7047013203F00043F8D143F07E53DA
:101FD000F5E7802AF3D130EE000A7047FFFF7F005B
:101FE00008B52DED028BB0EE408A00F0A5FAB4EEF4
:101FF000488AF1EE10FAF0EE408A0AD6B0EE480AAE
:1020000000F054F8F7EE007AB4EEE70AF1EE10FAB9
:1020100004DCB0EE680ABDEC028B08BD01F03AFBAF
:10202000BDEC028B034621221A600248BDE808403D
:1020300000F034BA987F010800F084BB10EE103A2B
:10204000184A23F0004393421BDDB3F1FF4F02DB3C
:1020500030EE400A704700B583B0684600F0EEF8F5
:1020600000F003000128DDED010A9DED000A0CD00F
:10207000022812D070B1012000F016FA03B05DF80A
:1020800004FBDFED090A00F057B800F00DFAB1EEDD
:10209000400AF3E700F050F8F0E700F04DF8B1EE39
:1020A000400AEBE7D80F493F0000000010EE103A5D
:1020B00023F0004300EE103A704700BF10EE103AD4
:1020C000194A23F0004393421CDDB3F1FF4F02DBBA
:1020D00030EE400A704700B583B0684600F0AEF8B5
:1020E00000F003000128DDED010A9DED000A0ED08D
:1020F000022813D070B100F01FF8B1EE400A03B00F
:102100005DF804FBDFED090A002000F0CDB900F016
:1021100013F8F4E7012000F0C7F9F0E7012000F020
:10212000C3F9B1EE400AEAE7D80F493F00000000CA
:10213000B1EEC00A704700BF10EE103A23F0004322
:10214000B3F1485F2CDAFDEEC07A17EE903A002B1F
:1021500060D020EE007ADFED317A9FED315ADFED6D
:10216000315A9FED316ADFED316AA7EE275ADFED74
:10217000307AE7EE055AA7EE256AE7EE067AE7EE33
:10218000276A67EE266A60EEC00AF6EE007AE7EE8E
:10219000260AB7EE000AD7EE270A30EE600A70472B
:1021A00020EE007ADFED1D7A9FED1D5ADFED1D5AFE
:1021B0009FED1D6ADFED1D6A1E4AA7EE275A934266
:1021C000DFED1B7AE5EE075AA5EE876AE6EE077AA1
:1021D000E7EE876A66EE876AD5DD174A934214DC1C
:1021E00003F17F4307EE903AB7EE006A36EE676A76
:1021F00060EEC00AF6EE005AD7EE257AE7EE260A20
:1022000077EEE07A36EE670A7047B6EE076AF5EECB
:10221000027AEDE7B7EE000A704700BF4ED747AD30
:10222000F6740F317CF293B4010DD037ABAA2A3D7E
:10223000610BB6BA9999993E0000483F70B510EE0F
:10224000103A884A23F00044944286B0054670DD77
:10225000854A944210EE106A22DC002BDFED837A6F
:10226000834A24F00F04B0EE407A40F3E2809442B7
:1022700070EE677A09BFDFED7F6A9FED7F7A9FED91
:102280007F7A77EEE67A012077EEC76A77EEE67A14
:10229000C5ED006A77EEC77AC5ED017A06B070BD6C
:1022A000774A944254DDB4F1FF4F49DAE215863A99
:1022B000A4EBC25307EE903ABDEEE77ADFED716A08
:1022C000B8EEC77A77EEC77A8DED037A67EEA67A15
:1022D000BDEEE77AB8EEC77A77EEC77A8DED047A6D
:1022E00067EEA67AF5EE407AF1EE10FACDED057ABA
:1022F00040F08E80B5EE407AF1EE10FA14BF022362
:102300000123614901910221009103A8294600F0AF
:102310009BFB002EC2DA95ED007AD5ED017AB1EE85
:10232000477AF1EE677A85ED007AC5ED017A404291
:10233000B4E7002285ED000A4260002006B070BDBF
:1023400070EE407A0020C5ED017AC5ED007AA5E770
:10235000FFF7ACFE9FED4D7A9FED446AF6EE007AF2
:10236000E0EE077A9FED447AFDEEE77A17EE900AE9
:10237000F8EEE76A1F28A6EEC60A66EE877AB1EE87
:10238000666A1EDC424A411E24F0FF0352F82120F7
:10239000934216D030EE677A85ED007A30EE470A28
:1023A000002E30EE670A85ED010ABFF677AFB1EE79
:1023B000477AB1EE400A85ED007A85ED010A404288
:1023C0006CE730EE677AE21517EE103AC3F3C753A5
:1023D000C3EBD453082BDFDD9FED267A9FED275A00
:1023E000F0EE405AE6EE075A70EE657AE6EE077AAE
:1023F000D6EE857A35EEE77A17EE103AC3F3C75377
:10240000D21A192A06DCB0EE650A85ED007AC5E716
:10241000032376E79FED1F7A9FED1F5AB0EE650A02
:10242000A6EE070A75EEC07AE6EE077AD6EE857A52
:10243000B0E7944270EE277A09BFDFED0E6A9FED98
:102440000E7A9FED0E7A77EEA67A4FF0FF3077EE98
:10245000876A77EEE67AC5ED006A77EE877AC5ED92
:10246000017A1BE7D80F493FE3CB1640800FC93FE5
:10247000D00FC93F004435374344353708A3852E74
:10248000800F4943000080431C80010884F9223FEB
:102490009C7F010800A3852E32318D249FED010A17
:1024A000704700BF0000C07F10EE103A23F00043D9
:1024B000B3F1485F04DAFDEEC07A17EE903A5BB3F1
:1024C00060EE007A9FED157ADFED155A9FED156AE3
:1024D000DFED156AE7EE875A9FED147AA5EEA76A3D
:1024E00020EE275AE6EE276AA6EEA77A30B9DFED8E
:1024F000106AE7EE876AA6EE850A704727EE457AEE
:10250000F6EE006AA0EEA67ADFED0A6AD7EE270A99
:10251000E5EE260A30EE600A704700BFD3C92E2FC1
:10252000342FD7B21BEF3836010D50B98988083CDB
:10253000ABAA2ABEABAA2A3E38B510EE105A25F037
:102540000044B4F17E5F2DED048B00F085807ADCD1
:10255000B4F17C5F0FDAB4F1485F80F29C80DFED6C
:10256000697A70EE277AB7EE007AF4EEC77AF1EE68
:1025700010FA00F38D80FFF799FDF7EE007A37EE41
:10258000C00AB6EE007A20EE078ADFED5F6A9FEDA3
:102590005F7A9FED5F6A9FED5F5ADFED5F5ADFED77
:1025A0005F8AE8EE076A9FED5E7AA8EE067A9FEDF5
:1025B0005D6AA6EE885AA7EE086A9FED5B7ADFEDAA
:1025C0005B6AE5EE085AA6EE087AE5EE886AE7EE61
:1025D000087AE6EE888AB0EE480AB0EE679AFFF70E
:1025E000A7FD534B9C4268EE888A42DC10EE103AFD
:1025F00023F47F6323F00F0306EE903AA6EEE68AFB
:1026000030EE267A88EE895AC8EE074ADFED497A1D
:102610009FED497AB0EE006AE4EEC67A30EE000A29
:10262000F0EE475AE6EEC65AD0EE057A77EEE57A36
:1026300037EE677A002D0ADCBDEC048BB1EE477AE9
:10264000B0EE470A38BD70EE407A87EEA77ABDEC4F
:10265000048BB0EE470A38BD9FED367ADFED377A4E
:1026600020EE077ABDEC048BA0EE277AB0EE470A85
:1026700038BD88EE896ADFED327A9FED307AA0EEC0
:10268000060AF0EE006AE0EE267A37EE677AD1E7C6
:10269000B0EE407ADBE760EE007A9FED1C7ADFED6A
:1026A0001A6A9FED1C6ADFED1A5A9FED1B5AE7EE7E
:1026B000876ABDEC048BA6EEA76A9FED197ADFED61
:1026C000196AA7EEA57AA6EE275AE7EE276ADFED8C
:1026D000175A9FED156A9FED117AE5EE275AA6EE7F
:1026E000A76AA5EEA77AF7EE006AE6EE276A67EE1C
:1026F000277AB0EE407A87EEA66AA0EE067AB0EEB0
:10270000470A38BDCAF24971047F4F3A08EF1138C1
:102710002EC69D3D461124BDA80A4E3EABAA2A3EB8
:10272000613330BF2D57014039D119C090B0A6BEDA
:102730009999793F2EBD3BB3DB0F493FDB0FC93F72
:102740002EBD3B3310B582B0CDED010A019B23F0C5
:102750000042B2F1FF4FF0EE407A30DC10EE100A8A
:1027600020F00041B1F1FF4F29DCB3F17E5F42D090
:102770009C1704F0020444EAD07431B37AB3B2F186
:10278000FF4F40D0B1F1FF4F29D0891AB1F1F45F6A
:102790004FEAE15234DA002B42DA3C3240DA9FED64
:1027A000340A012C4ED0022C43D064B19FED317A13
:1027B000DFED317A30EE070A30EE670A03E09DED77
:1027C000017A37EE270A02B010BD022C10D09FED1F
:1027D0002B7A032C08BFB0EE470A02B010BD9FED64
:1027E000280ADFED287A0028B8BFB0EE670AEAE7CA
:1027F0009FED210AE7E702B0BDE8104000F04AB8BB
:102800009FED1F0ACDE7B1F1FF4F04F1FF3420D057
:10281000022C26D81C4B03EB840393ED000AD2E76D
:102820009DED017A87EE870AFFF740FC00F032F851
:10283000B7E79FED107ADFED107A30EE070A37EE3A
:10284000C00AC0E710EE103A03F1004300EE103A60
:10285000B9E7022C08D80D4B03EB840393ED000A73
:10286000B1E79FED030AAEE79FED090AABE700BFB2
:10287000000000002EBDBB33DB0F4940DB0F49C019
:10288000DB0FC93FDB0FC9BF408301083483010858
:10289000DB0F493F38B510EE105A25F00044B4F173
:1028A000A14FF0EE407A0DDBB4F1FF4F5BDCDFEDC2
:1028B000537A9FED537A002DD4BFB0EE470AB0EEA5
:1028C000670A38BD4F4B9C425CDCB4F1445F4DDB82
:1028D0004FF0FF3327EEA76ADFED4B6ADFED4B5A6F
:1028E000DFED4B4A9FED4B5A9FED4B4A26EE067AA1
:1028F0005A1CE7EE265ADFED496AA5EE875AE7EE45
:10290000246ADFED475ADFED474AE6EE875AA5EE27
:10291000074A9FED455ADFED456AA5EE875AE4EE7A
:10292000074ADFED435AE4EE876AE5EE075A66EEA2
:10293000866A65EE875A3AD03E4A02EB830276EE0B
:10294000A56A92ED007A3C4A96EEA77A02EB8303E1
:10295000002DD3ED006A77EE677A36EEE70AB0DA3B
:10296000B1EE400A38BD30EE000A38BD9FED337A33
:1029700030EE077AF7EE006AB4EEE67AF1EE10FA7E
:10298000A6DD38BDFFF792FB2D4B9C4216DCA3F56C
:10299000D0039C4227DCF0EE007ABFEE007AA0EE76
:1029A000277A002330EE270AC7EE007A92E776EE08
:1029B000A56AE6EEE77AB0EE670A38BD214B9C4285
:1029C0000BDCF7EE087AB7EE007AA0EE277A022346
:1029D00030EE670AC0EE077A7CE7BFEE007AC7EEFA
:1029E000007A032376E7F7EE007A30EE677A30EE6E
:1029F000270A0123C7EE007A6CE700BFDB0FC93F4F
:102A0000DB0FC9BFFFFFDF3ED769853C59DA4B3D7D
:102A100021A215BD356B883D6E2EBA3D6BF16EBDA2
:102A200095879DBD2549123E388EE3BDABAAAA3ECF
:102A3000CDCC4CBE5C8301084C830108CAF24971BD
:102A4000FFFF973FFFFF1B402DE9F04F2DED048B5B
:102A5000DBB01C4603930691A04B6899089253F88B
:102A60002150111D824604F1FF38C0F29882D31E16
:102A700048BF131DDB1002930133DB000793DDE930
:102A800007239B1A0593029B15EB0801A3EB080390
:102A900016D401319FED927A699819441EAA002B31
:102AA000A4BF50F8234007EE904A03F10103ACBFE6
:102AB000F8EEE77AF0EE477A8B42E2EC017AEED15B
:102AC000002DC0F2DB82039B1EAA02EB830446AEFC
:102AD0004FEA830C4046EF180AEB8301B8F1000F70
:102AE000DFED7F7A09DB22465346F3EC016A32EDD3
:102AF000017A8B42E6EE877AF7D10130B842E6ECF4
:102B0000017A04F10404E9D10AAF07EB8503043B21
:102B10009FED759ADFED738A059804930AEB0C0418
:102B200007EB850946AE00955AAB03EB8503002DF4
:102B300013ED140A4FEA850B16DD06EB85033A46C2
:102B400060EE097AB0EE407AFDEEE77A73ED016A45
:102B5000F8EEE77AB342A7EEE87A37EEA60ABDEEC2
:102B6000C77AA2EC017AEBD1019000F0E1FAB0EE65
:102B7000408AB4EE000A28EE000A00F091FAF2EE64
:102B8000007AA0EE678A01980028FDEEC89AF8EE58
:102B9000E97A38EE678A76DD05F1FF3EC0F1080379
:102BA00057F82E2042FA03FC0CFA03F3D31AC0F1B3
:102BB000070119EE902A47F82E300B416244002B92
:102BC00009EE902A67DCB5EE408AF1EE10FA40F08B
:102BD000BE80009A05F1FF3B5A450EDC4FEA850C9A
:102BE00007EB850200219E4652F8043D4A4541EA22
:102BF0000301F9D1002940F0F180009B013B57F817
:102C00002330002B40F0E680049B4FF0010C53F87A
:102C1000042D0CF1010C002AF9D06B1CAC449E462B
:102C20000299039A01EB030B0BF1804B69992A443B
:102C30000BF1FF3B06EB83051EAB01EB8B0B03EBAC
:102C40008201DBED017A9FED267AF8EEE77AB8F1A2
:102C5000000F0BF1040BC1ED007A0A4601F10401EB
:102C600009DB534601E072ED017AF3EC016AA342FD
:102C7000A6EEA77AF7D10EF1010EE645A5EC017A92
:102C8000DFDD654650E740F09B806B1E57F8233030
:102C9000DB11002B97DD19EE902A002D02F10102C5
:102CA00009EE902A40F39181396800297ED1012DE7
:102CB00026D03A464FF0010C52F8041F002979D073
:102CC0000CF10102C1F58071954247F82C1016DD18
:102CD00057F82210BB4407EB82020AE098830108F0
:102CE00000000000000080430000803B0000C93F5E
:102CF0001168C1F1FF0142F8041B5A45F8D10121C6
:102D000000280CDD012800F04181022807D105F1DF
:102D1000FF3C57F82C2002F03F0247F82C20022BF2
:102D20007FF451AFB7EE000A30EE488A00293FF435
:102D30004AAF0993019000F0FBF938EE408A099BF5
:102D40000198B5EE408AF1EE10FA3FF442AF984692
:102D5000DDE90732B0EE480A981A0195009D00F0AF
:102D6000E7F91FED207A019BB4EEC70AF1EE10FAE5
:102D7000C0F255815FED247A059A60EE277A083219
:102D8000FDEEE77A0592F8EEE77A03F1010BA7EE84
:102D9000C70AFDEEE77ABDEEC00A10EE102A47F82A
:102DA000232017EE903A47F82B302BE001224FF00A
:102DB000000C87E70CF1010CAC457FF47DAF9FE779
:102DC000F6EE007AB4EEE78AF1EE10FA80F2EC80CB
:102DD0000023F8E66B1C9E469C4621E7059B009D60
:102DE000A3F1080257F82B300592F04653B9ACF125
:102DF00004033B4453F8041D0BF1FF3B083A002940
:102E0000F8D005920598B7EE000A00F091F9BBF1F1
:102E1000000FC0F229810BF1010646AA1FED4E7A80
:102E20004FEA860C07EB860302EB860273ED017A0C
:102E3000F8EEE77ABB4267EE807A20EE070A62ED91
:102E4000017AF3D1ACF1040346AA002D1FED596AB3
:102E500002EB03044FF0000022DB8F49DFED8F7A95
:102E6000B0EE467A2246002303E0984208DBB1EC3C
:102E7000017AF2EC016A01339D42E6EE877AF4DAD8
:102E80005AAB03EB8003584543ED287A4FEA8001A3
:102E900000F10102A4F1040405D0002D1046DCDA93
:102EA000DFED7E7AECE7689A022A1DDC002A00F347
:102EB0008E8010D132ABDFED797A9C443CED017A03
:102EC000634577EE877AF9D143460BB1F1EE677A25
:102ED000069BC3ED007A19EE903A03F007005BB051
:102EE000BDEC048BBDE8F08F689A032AF3D1BBF1E7
:102EF000000F00F0CB8032A813ED287A00EB8B0294
:102F00000BF1804372ED017AF0EE476A37EE277AD3
:102F1000904277EEC77A82ED007A77EEA67AC2ED1C
:102F2000017AEFD1BBF1010F40F3B08001F5B4722B
:102F30000DEB020111ED287A9A0033A900EB83030F
:102F400073ED017AF0EE476A37EE277A994277EE11
:102F5000C77A83ED007A77EEA67AC3ED017AEFD1D6
:102F6000131DDFED4E7A0344083033ED017A9842A9
:102F700077EE877AF9D14346002B58D10699329AD9
:102F8000339B0A604B60C1ED027AA4E705F1FF3C78
:102F900057F82C2002F07F0247F82C20BFE60823C8
:102FA0000793002302936AE519EE903A002D03F18E
:102FB000010309EE903AC8BF02233FF775AEF7EE62
:102FC000007A37EEC88A0223FDE5002198E632AB8D
:102FD000DFED327A03EB860636ED017AB34277EE07
:102FE000877AF9D143469DED327A93BB069BBBF1BC
:102FF000000FC3ED007A77EE677A0CDD33AA012368
:10300000B2EC017A01339B4577EE877AF8DA4346D2
:103010000BB1F1EE677A069BC3ED017A5BE7BDEE7B
:10302000C00A9B4610EE102A47F82320EAE6DDEDA1
:10303000326A9DED337A069BF1EE666AB1EE477A0D
:10304000F1EE677AC3ED006A83ED017AC3ED027A8F
:1030500041E7069BF1EE676ABBF1000F77EE677AF6
:10306000C3ED006ACADCD4E7689B022B0ADC002BA4
:103070000FDC7FF430AFDFED097A25E7039B4FEAE1
:10308000830C41E5689B032B7FF425AFDFED037ACA
:1030900071E7DFED027AA5E7708301080000000008
:1030A00010EE102AC2F3C7537F3B162B22F00041CB
:1030B0002ADC002B10EE100A18DB1A4919410A42CB
:1030C00021D0DFED197A70EE277AF5EEC07AF1EEB5
:1030D00010FA18DD002A04DA4FF4000242FA03F372
:1030E000184420EA010300EE103A7047DFED0E7A33
:1030F00070EE277AF5EEC07AF1EE10FA03DD002AC1
:1031000008DB9FED0A0A7047B1F1FF4FFBD330EEA9
:10311000000A7047FFEE007A002918BFB0EE670A78
:10312000704700BFFFFF7F00CAF249710000000036
:1031300010EE103A33F0004110EE102A28D0B1F111
:10314000FF4F22D213F0FF4F23D1DFED2C7A2C4A10
:1031500060EE277A904217EE903A34DB4CF2503C06
:10316000C3F3C751604517EE902AA1F1190116DD8E
:10317000DFED247ADFED246A002BB0EE677AB8BF6A
:10318000F0EE667A27EE870A704730EE000A704745
:1031900070474CF2503C60454FEAD151E8DC0144A5
:1031A000FE29E5DC002915DC11F1160F19DB1931B8
:1031B00022F0FF4242EAC15207EE902A9FED130A25
:1031C00027EE800A7047DFED127A07EE103A27EEFD
:1031D000270A704722F0FF4242EAC15300EE103A3C
:1031E0007047DFED0B7ADFED0B6A002BB0EE677AEC
:1031F000B8BFF0EE667A27EE870A70470000004CF1
:10320000B03CFFFFCAF24971CAF249F10000003335
:103210006042A20D6042A28D024B1844407800F03B
:1032200003007047A483010870B50D4D0D4C641B5D
:10323000A4100026A64209D10B4D0C4C01F0B4FAA3
:10324000641BA4100026A64205D170BD55F8043BAE
:1032500098470136EEE755F8043B98470136F2E708
:103260008C8501088C8501088C85010894850108EE
:10327000034611F8012B03F8012B002AF9D17047FE
:1032800010B50246147813460132002CFAD1013BE6
:1032900011F8012B03F8012F002AF9D110BDC9B292
:1032A000034610F8012B1AB18A42F9D1184670472B
:1032B000002918BF0023F9E7034B1B5C03F003034D
:1032C000022B08BF20387047A58301080A449142A9
:1032D00000F1FF3300D1704710B511F8014B03F82E
:1032E000014F9142F9D110BD10B56AB1013984186E
:1032F00010F8012B11F8013F9A4203D1A04201D0EE
:10330000002AF5D1D01A10BD1046FCE710B50139DE
:10331000034632B111F8014F03F8014B013A002C7A
:10332000F7D11A440021934200D110BD03F8011BCC
:10333000F9E70000002310B50446C0E90033C0E9F6
:103340000433836081814366C28183611946082208
:103350005C3000F0DDF9054B6362054BA362054B61
:10336000E362054B2462236310BD00BF593401089A
:103370007B340108B3340108D7340108024A0349F9
:10338000034800F08DB900BF9C0300206939010893
:10339000A803002041680C4B994210B5044601D0A7
:1033A00000F0E2FAA168094B994202D0204600F0F1
:1033B000DBFAE168064B994204D02046BDE8104094
:1033C00000F0D2BA10BD00BF4C640020B4640020ED
:1033D0001C65002010B50B4B0B4C0C4A1A602046A4
:1033E00000220421FFF7A6FF04F168000122092151
:1033F000FFF7A0FF04F1D0000222BDE81040122127
:10340000FFF798BF846500204C6400207D330108DD
:10341000014800F011BA00BF89650020014800F0A2
:103420000CBA00BF8965002010B50446FFF7F0FF15
:10343000236A1BB1BDE81040FFF7F0BF044B2362C5
:10344000044B1B68002BF5D1FFF7C4FFF2E700BF68
:10345000953301088465002010B50C46B1F90E10B3
:1034600000F078FB0028ABBF636DA3891B1823F421
:103470008053ACBF6365A38110BD2DE9F0411F46A9
:103480008B89DB0505460C46164605D5B1F90E10AD
:103490000223002200F04CFBA389B4F90E1023F4A0
:1034A0008053A38132463B462846BDE8F04100F0F8
:1034B000DFB810B50C46B1F90E1000F039FB431C13
:1034C000A38915BF606523F4805343F48053A3811F
:1034D00018BFA38110BDB1F90E1000F0AFB90A22D8
:1034E000002100F09FB9000038B50B4B1D686B6BD5
:1034F000044653B9242000F05FFA0246686320B9FD
:10350000064B07483D2100F0F5FA696B2046BDE8FF
:10351000384000F007B800BFF4030020A58401087C
:10352000BC8401082DE9F0414D4A0C460023D0E946
:103530000001ECF7BDFE002ABCBF02F5A83202F57F
:10354000C0724FF4616100F52F20B2FBF1F301FB73
:1035500013224FF03C01ACBF00F66C2000F66B204C
:10356000A360B2FBF1F301FB132263602260C31C72
:10357000072293FBF2F2C2EBC2029B1A48BF073349
:103580000028A361B8BFA0F50E333649AEBF90FB4B
:10359000F1F1A3F52C7393FBF1F1334B03FB010025
:1035A00048F6AC63B0FBF3F3034440F2B45CB0FB09
:1035B000FCF29B1A40F26D172C4AB0FBF2F2642623
:1035C0009B1AB3FBF7F2B3FBFCF3B2FBF6F5EB1A75
:1035D000034407FB1233992003EB8307023703F1FF
:1035E000010EB7FBF0FC00FB0CF002304FF00508B9
:1035F000B0FBF8F0AEEB000040F2F95E774594BF07
:1036000002276FF0090767444FF4C87C0CFB0121C7
:10361000012F98BF0131B3F5997F0CD3A3F59973AE
:10362000E361A1F26C710023E060C4E904712362DC
:103630002046BDE8F08112F0030F02D106FB1525EC
:103640005DB94FF4C875B2FBF5F605FB1622B2FA68
:1036500082F252093B331344E2E70122FAE700BF4A
:1036600080510100B13A02004FC5FDFFB03A02009F
:1036700038B5074D04460846114600222A601A460E
:10368000FAF720FF431C02D12B6803B1236038BD39
:103690008C650020014B1868704700BFF4030020C0
:1036A0002DE9F8430746884614460026D4E90195DB
:1036B000B9F1010905D52468002CF7D13046BDE8E1
:1036C000F883AB89012B07D9B5F90E30013303D04C
:1036D00029463846C04706436835E9E7884210B5B1
:1036E00001EB020402D98442234607D8431EA142BB
:1036F00008D011F8012B03F8012FF8E70244014626
:103700008A4200D110BD13F8014D02F8014DF7E7D0
:1037100002440346934200D1704703F8011BF9E7C6
:10372000012B2DE9F04701D0242B06D9FFF7B2FF7A
:10373000162303600020BDE8F087DFF8E4C00D46E3
:103740002E4615F8014B1CF8047017F00807F7D146
:103750002D2C32D12C780127B51C002B5BD0102BDF
:1037600009D1302C07D12C7804F0DF04582C4DD12E
:103770006C781023023507F1004808F1FF384FF04C
:10378000000EB8FBF3F9764603FB198AA4F1300C5E
:10379000BCF1090F16D86446A34224DDBEF1FF3FF9
:1037A00008D0B1451CD301D1A24519DB06FB034665
:1037B0004FF0010E15F8014BE8E72B2C04BF2C78D5
:1037C000B51CCAE7A4F1410CBCF1190F01D8373C74
:1037D000E2E7A4F1610CBCF1190F04D8573CDBE718
:1037E0004FF0FF3EE6E7BEF1FF3F05D12223036025
:1037F000464642B930469EE707B17642002AF9D0E4
:10380000BEF1000F00D0691E1160F3E73024002BD9
:10381000B1D10823AFE7302CA5D00A23ABE700BF16
:10382000A583010813460A46014602480068FFF7CF
:1038300077BF00BFF40300207047704738B5064DCE
:103840000023044608462B60FAF74AFE431C02D1C7
:103850002B6803B1236038BD8C6500208A892DE96F
:10386000F041054610070C4658D44B68002B05DC88
:103870000B6C002B02DC0020BDE8F081E66A002E14
:10388000F9D0002312F480522F68216A2B6032D0C5
:10389000606DA3895A0705D56368C01A636B0BB1C5
:1038A000236CC01A00230246E66A216A2846B04704
:1038B000431CA38906D129681D292BD8294A0A410E
:1038C000D60727D400226260D9042269226004D579
:1038D000421C01D12B6803B96065616B2F60002920
:1038E000C9D004F14403994202D0284600F072F98D
:1038F00000206063C0E701232846B047411CC8D1BF
:103900002B68002BC5D01D2B01D0162B01D12F60A9
:10391000B1E7A38943F04003A381ADE70F69002F0E
:10392000A9D093070E6808BF4B690F6018BF00232A
:10393000A6EB07088B60B8F1000F9CDD216AA66A30
:1039400043463A462846B047002806DCA38943F0A0
:103950004003A3814FF0FF308EE70744A8EB000837
:10396000E9E700BFFEFFBFDF38B50B6905460C462F
:1039700013B90025284638BD18B1036A0BB9FFF703
:1039800053FDB4F90C30002BF3D0626ED00704D491
:10399000990502D4A06DFFF74FFF28462146FFF797
:1039A0005DFF636EDA070546E4D4A3899B05E1D485
:1039B000A06DFFF742FFDDE7024B0146186800F0FB
:1039C00023B800BFF403002070B50E4E0C463168DA
:1039D000054611B900F0EEF830602146284600F0A7
:1039E000E9F8431C0AD0C41C24F00304A04207D009
:1039F000211A284600F0DEF8013001D14FF0FF34E3
:103A0000204670BD946500202DE9F041CD1C25F0C5
:103A1000030508350C2D38BF0C25002D074601DBAA
:103A2000A94205D90C233B6000263046BDE8F08151
:103A30002F4E00F0B3F833681C4644BB2946384685
:103A4000FFF7C2FF431C04464FD134682646002EC0
:103A500042D1002C43D023683146384604EB03089A
:103A600000F0A8F880453AD123680335ED1A25F017
:103A7000030508350C2D38BF0C2529463846FFF7BD
:103A8000A3FF01302BD023682B4423600EE0226873
:103A9000521B1ED40B2A16D96119A342256018BFE8
:103AA0005960636808BF316062514B60384604F169
:103AB0000B0600F079F826F00706231DF21AB4D0A1
:103AC0009B1BA350B1E76268A3420CBF32605A60EF
:103AD000ECE723466468B0E734467668B7E70C2322
:103AE0003B60384600F060F89FE72560DEE700BFE6
:103AF000906500201FB514461A46094B1B68054601
:103B0000D8684CB1074B0091CDE9013406492B46EA
:103B100000F032F800F014FC044B1C46F3E700BF41
:103B2000F40300201585010822850108C949010810
:103B300038B5074D04460846114600222A601A4649
:103B4000FAF7D8FC431C02D12B6803B1236038BDBF
:103B50008C65002038B5074D044608461146002202
:103B60002A601A46FAF7A0FC431C02D12B6803B165
:103B7000236038BD8C6500200EB403B5014603AB4D
:103B8000054853F8042B0068019300F099F802B03F
:103B90005DF804EB03B07047F40300200148FFF721
:103BA0004BBE00BF886500200148FFF746BE00BF3E
:103BB0008865002038B5064D0023044608462B6072
:103BC000FAF79AFC431C02D12B6803B1236038BD7D
:103BD0008C65002037B5002944D051F8043C019091
:103BE000002BA1F10404B8BFE418FFF7D7FF1E4A69
:103BF0000198136833B96360146003B0BDE83040C6
:103C0000FFF7D2BFA34208D9256861198B4201BFD3
:103C100019685B6849192160EDE71A465B680BB1CA
:103C2000A342FAD911685518A5420BD12468214442
:103C30005418A3421160E0D11C685B6853600C44C7
:103C40001460DAE702D90C230360D6E7256861190E
:103C50008B4204BF19685B68636004BF4919216027
:103C60005460CAE703B030BD906500209368013B03
:103C7000002B10B4936008DA9469A34201DB0A298F
:103C800003D15DF8044B00F035B91368581C10607F
:103C9000197008465DF8044B7047F8B506460F46A4
:103CA0001446D518AC4201D1002007E014F8011BDE
:103CB0003A463046FFF7DAFF431CF3D1F8BD000067
:103CC0002DE9F04F0D469DB014469846064618B1B2
:103CD000036A0BB9FFF7A8FB6B6ED90705D4AB8954
:103CE0009A0502D4A86DFFF7A7FDAB891B0701D584
:103CF0002B699BB92946304600F03AF970B16B6EDA
:103D0000DC0704D54FF0FF301DB0BDE8F08FAB8964
:103D10009805F7D4A86DFFF790FDF3E7002309930A
:103D200020238DF82930CDF80C803023DFF8B081C6
:103D30008DF82A304FF0010923469A4613F8012BDB
:103D40000AB1252AF9D1BAEB040B0BD05B46224607
:103D500029463046FFF7A1FF013000F0A980099AFB
:103D60005A4409929AF80030002B00F0A1800023F9
:103D70004FF0FF32CDE905230AF1010A04930793BE
:103D80008DF853301A935446052214F8011B5448F9
:103D9000ECF73EFA049AD8B9D10644BF20238DF837
:103DA0005330130744BF2B238DF853309AF800305B
:103DB0002A2B15D0079A544600204FF00A0C2146B2
:103DC00011F8013B303B092B4DD9B0B1079214E0FB
:103DD000A0EB080309FA03F313430493A246D2E7C6
:103DE000039B191D1B680391002BBBBF5B4242F074
:103DF000020207930793B8BF049223782E2B0CD1AD
:103E000063782A2B34D1039B1A1D1B680392002B65
:103E1000B8BF4FF0FF3302340593DFF8D4A0217808
:103E200003225046ECF7F4F938B1049BA0EB0A00EA
:103E30004022824013430134049314F8011B2948A3
:103E40008DF828100622ECF7E3F900283FD0264B26
:103E50001BBB039B073323F0070308330393099B22
:103E60003B44099368E70CFB02320C460120A6E7AD
:103E700000230134059319464FF00A0C204610F830
:103E8000012B303A092A03D9002BC6D00591C4E78B
:103E90000CFB012104460123F0E703AB00932A4603
:103EA000124B04A93046AFF300800746781CD6D1E8
:103EB0006B6ED90705D4AB899A0502D4A86DFFF7BC
:103EC000BCFCAB895B063FF51DAF09981CE703AB53
:103ED00000932A46054B04A9304600F00FF9E4E7A9
:103EE000518501085B850108000000009B3C01082A
:103EF00057850108F8B50E461446054618B1036A01
:103F00000BB9FFF791FAA369A360A3891A0725D516
:103F100023691BB323682269981A6369F6B2834246
:103F2000374604DC21462846FFF71EFDE0B9A368AA
:103F3000013BA36023685A1C22601E706269431C07
:103F40009A4204D0A389DB0706D50A2E04D1214664
:103F50002846FFF709FD38B93846F8BD21462846FE
:103F600000F006F80028D5D04FF0FF37F4E7000046
:103F700038B52A4B054618680C4618B1036A0BB9C8
:103F8000FFF752FAA389B4F90C20180722D4D906F6
:103F900007D409232B6042F04003A3814FF0FF3088
:103FA00034E0580712D5616B41B104F144039942E2
:103FB00002D02846FFF70EFE00236363A38923F097
:103FC0002403A3810023636023692360A38943F052
:103FD0000803A38123694BB9A38903F42073B3F5C4
:103FE000007F03D02146284600F0D7F9A089B4F914
:103FF0000C2010F001030AD00023A36063695B4228
:10400000A361236943B910F08000C4D138BD810792
:1040100058BF6369A360F4E70020F7E7F4030020CA
:104020002DE9F047164699468A680B69DDF820802D
:104030009342B8BF1346336091F8432007460C46BD
:104040000AB1013333602368990642BF33680233F3
:104050003360256815F0060506D104F1190AE368F6
:1040600032689B1AAB4226DC94F84320131E226868
:1040700018BF012392062BD404F143024946384667
:10408000C04701301ED02368226903F00603042BC9
:1040900002BFE5683368ED1AA3680CBF25EAE57531
:1040A00000259342C4BF9B1AED1800261A34B5426E
:1040B0001AD1002008E00123524649463846C0473D
:1040C000013003D14FF0FF30BDE8F0870135C6E77E
:1040D000E1185A1C302081F84300224494F845101E
:1040E00082F843100233C7E7012322464946384687
:1040F000C0470130E6D00136D9E700002DE9FF477F
:104100000F7E0C9D782F914680460C469A4601F111
:10411000430207D8622F0AD8002F00F0D480582F0E
:1041200000F0C08004F1420584F842703AE0A7F143
:104130006303152BF6D801A151F823F0954101082E
:10414000A94101082541010825410108254101082F
:1041500025410108A941010825410108254101081F
:104160002541010825410108AD420108D54101085A
:10417000674201082541010825410108CF42010895
:1041800025410108D54101082541010825410108C3
:104190006F4201082B681A1D1B682A6004F1420552
:1041A00084F8423001239FE020682B68070603F162
:1041B0000401296001D51E6803E04606FBD5B3F96A
:1041C0000060002E03DA2D23764284F843305A48EB
:1041D0000A2312E02B682068191D2960050601D505
:1041E0001E6802E04106FBD51E8853486F2F0CBFA6
:1041F00008230A23002184F843106568A560002D78
:10420000A2BF216821F0040121600EB9002D4BD01E
:104210001546B6FBF3F103FB1167C75D05F8017D99
:104220003746BB420E46F4D9082B0BD12368DE0774
:1042300008D5236961689942DEBF302305F8013C47
:1042400005F1FF35521B2261CDF800A04B4603AAB1
:1042500021464046FFF7E4FE01304AD14FF0FF30DF
:1042600004B0BDE8F087236843F02003236033489F
:10427000782784F84570236829681F0651F8046B75
:1042800002D45F0648BFB6B2DF0748BF43F0200341
:10429000296048BF23601EB9236823F020032360F0
:1042A0001023A7E72448E4E71546BDE72B682668F6
:1042B0006169181D286035061B6801D5196002E088
:1042C0007006FBD51980002323611546BCE72B68D7
:1042D0001A1D2A601D68626800212846EBF798FFC6
:1042E00008B1401B606063682361002384F8433099
:1042F000AAE723692A4649464046D0470130ADD057
:1043000023689B0713D4E068039B9842B8BF184604
:10431000A6E70123324649464046D04701309DD0AA
:104320000135E36803995B1AAB42F2DCEBE7002549
:1043300004F11906F5E700BF6285010873850108DD
:1043400008B5062000F08EF80120FAF7A7F870B53E
:104350000C46B1F90E10002996B015461E460DDA2E
:10436000A38913F0800F4FF000010CBF4FF480635E
:104370004023002031602B6016B070BD6A4600F00B
:1043800079F80028ECDB019901F47041A1F50053A4
:10439000594259414FF48063EBE78B8973B59D0710
:1043A00006460C4607D504F1470323602361012329
:1043B000636102B070BD01AB6A46FFF7C8FF0099A8
:1043C00005463046FFF720FB48B9B4F90C309A0592
:1043D000EFD423F0030343F00203A381E3E7A389AF
:1043E000206043F08003A381009B6361019B2061F7
:1043F0005BB1B4F90E10304600F04EF828B1A38935
:1044000023F0030343F00103A381A3891D43A58186
:10441000CFE71F2938B504460D4604D9162303609B
:104420004FF0FF3038BDC26B12B152F821304BB99A
:10443000204600F053F82A4601462046BDE83840A1
:1044400000F03AB8012B0AD0591C03D1162303609F
:104450000120E7E7002442F825402846984700203D
:10446000E0E70000024B01461868FFF7D2BF00BF2B
:10447000F403002038B5074D0023044608461146D2
:104480002B60FAF730F8431C02D12B6803B123608C
:1044900038BD00BF8C65002038B5064D00230446AA
:1044A00008462B60FAF724F8431C02D12B6803B1AD
:1044B000236038BD8C65002038B5074D00230446C5
:1044C000084611462B60F9F7E1FF431C02D12B6827
:1044D00003B1236038BD00BF8C650020F9F7D4BF5D
:1044E0002DE9F047089E0D4604460F46002B4AD1A1
:1044F0008A42944665D9B2FA82F343B102FA03FCC8
:10450000C3F120029F4020FA02F217439C404FEA79
:104510001C4E1FFA8CF5B7FBFEF1220C0EFB117737
:1045200042EA074201FB05F090420AD91CEB020265
:1045300001F1FF3780F01C81904240F2198102396D
:104540006244121AA4B2B2FBFEF00EFB102244EA3F
:10455000024400FB05F5A5420AD91CEB040400F156
:10456000FF3280F00781A54240F2048164440238A2
:1045700040EA0140641B00211EB1DC400023C6E973
:104580000043BDE8F0878B4208D9002E00F0ED8093
:104590000021C6E900050846BDE8F087B3FA83F1BB
:1045A000002949D1AB4202D3824200F2F880841A3A
:1045B00065EB030201201746002EE2D0C6E9004752
:1045C000DFE702B9FFDEB2FA82F3002B40F0908001
:1045D0008A1A4FEA1C471FFA8CFE0121B2FBF7F53D
:1045E00007FB1520220C42EA00420EFB05F0904228
:1045F00008D91CEB020205F1FF3802D2904200F20A
:10460000CB804546121AA4B2B2FBF7F007FB10228A
:1046100044EA02440EFB00FEA64508D91CEB040444
:1046200000F1FF3202D2A64500F2BB801046A4EB97
:104630000E0440EA05409FE7C1F120078B4022FAB3
:1046400007FC4CEA030C05FA01F420FA07F3FD40DD
:104650004FEA1C492343B5FBF9F81FFA8CFE09FB0E
:1046600018551C0C44EA054408FB0EF5A54202FA55
:1046700001F200FA01F00BD91CEB040408F1FF3A37
:1046800080F08880A54240F28580A8F10208644449
:10469000641B9DB2B4FBF9F309FB134445EA0444DF
:1046A00003FB0EFEA64508D91CEB040403F1FF35FD
:1046B0006CD2A6456AD9023B644443EA0843A3FB93
:1046C0000295A4EB0E04AC42C846AE4656D353D076
:1046D00056B1B0EB080264EB0E0404FA07F7CA40C7
:1046E000CC401743C6E9007418460021BDE8F087A6
:1046F000C3F1200102FA03FC20FA01F225FA01F1CC
:104700009D402A434FEA1C471FFA8CFEB1FBF7F08D
:1047100007FB1015110C41EA054100FB0EF58D4217
:1047200004FA03F408D91CEB010100F1FF382FD281
:104730008D422DD902386144491B92B2B1FBF7F585
:1047400007FB151142EA014205FB0EF1914208D91F
:104750001CEB020205F1FF3816D2914214D9023D3A
:104760006244521A45EA004138E73146304608E7CC
:104770003946E6E61046FBE64845A9D2B9EB020801
:1047800065EB0C0E013BA3E74546EAE72B4694E7B1
:104790004046D1E7D0467BE7023D624432E7084617
:1047A0000AE76444023842E7F8B500BFF8BC08BC29
:1047B0009E467047F8B500BFF8BC08BC9E467047DF
:1047C00018120C1801010119190119190106060125
:1047D00006060103030103030102020102020112A2
:1047E0000C01120C00080008005001500250035048
:1047F0000450055006500750085009500A500B50FD
:104800000C500D50F150F25001F105506D696E2CB5
:1048100000206D572C002E00011F136F011305039C
:10482000020B050200D57FAAFE2B815429FC56837A
:10483000D702A87D52872DF8AC79D3067BAE04D180
:104840008550FA2FA471DB0E5A8F25F08D58F22770
:1048500073A60CD9F623895C08DD77A2DF0AA07560
:1048600021F45E8B9D48E23763B61CC9B461CB1E50
:104870004A9F35E0CF1AB06531E44E9BE633994C40
:1048800018CD67B239EC4693C712B86D10C56FBA30
:10489000EE3B91446BBE14C19540EA3F42973DE820
:1048A000BC69C316EF3A904511C46EBBC613B96C10
:1048B00038ED4792BD68C21743963CE99441EB3E00
:1048C0006ABF15C04B9E34E1B560CA1F62B71DC8F0
:1048D0009C49E33619CC66B3E732984D30E54F9AE0
:1048E000CE1BB16472A70DD88C59F3265B8E24F1D0
:1048F000A570DA0F20F55F8ADE0BA17409DC76A3C0
:10490000F722885DD603A97C28FD5782FF2A8055AF
:1049100001D47EAB8451FB2E7AAF05D0AD78D2079F
:1049200053862CF96162636465666768696A6B6CBB
:104930006D6E6F707172737475767778797A3031C5
:1049400032333435363738395F232D2E0069007401
:1049500077007277000000000000000000000000F7
:10496000AD0D00080000000000000000B90D0008B7
:104970000000000000000000950D00080001020486
:10498000050301026D6C72732E30005365747570EF
:104990005374617274537478345478005365747529
:1049A0007053746172744D61726B65720021656E33
:1049B000642100204D487A006D4C525301020304DB
:1049C000006D4C52530403020100206972713D785E
:1049D00000206C733D0020727831733D00207278A6
:1049E00032733D00656E61626C65642C616E746546
:1049F0006E6E61312C616E74656E6E61322C723A2E
:104A0000656E2E20743A616E74312C723A656E2E8A
:104A100020743A616E7432007472616E73702E2C61
:104A20006D61766C696E6B2C6D61766C6E6B582C5B
:104A30006D73705800322E342047487A2C39313546
:104A4000204D487A204643432C383638204D487A4A
:104A50002C343333204D487A2C373020636D204876
:104A6000414D2C383636204D487A20494E2C39316C
:104A700035204D487A202B20322E342047487A2C7E
:104A8000383638204D487A202B20322E34204748A3
:104A90007A00656E61626C65642C616E74656E6E21
:104AA00061312C616E74656E6E61322C72656E20A0
:104AB0007461312C72656E2074613200353020488B
:104AC0007A2C333120487A2C313920487A2C464CC4
:104AD00052432C46534B2C3139487A377800322ECA
:104AE000342047487A2C393135204643432C383618
:104AF00038204D487A2C343333204D487A2C3730C7
:104B000020636D2C38363620494E2C3931352B3206
:104B10002E342C3836382B322E3400202F2D2D00F9
:104B2000202F653100202F653600202F65313100A0
:104B3000202F653133000D0A00212120527820708A
:104B40006172616D2076657273696F6E20736D613D
:104B50006C6C6572207468616E205478207061728C
:104B6000616D2076657273696F6E2E2021210021A0
:104B70002120506C65617365207570677261646592
:104B80002072656365697665722E202020202020C2
:104B90002020202020202020202020202020202015
:104BA0002020212100212120547820706172616D24
:104BB0002076657273696F6E20736D616C6C6572BF
:104BC000207468616E20527820706172616D207669
:104BD000657273696F6E2E20212100212120506C97
:104BE0006561736520757067726164652054782013
:104BF0006D6F64756C652E202020202020202020E1
:104C000020202020202020202020202020202121A2
:104C100000436F6E66696749643A0020206D696ED3
:104C20003A200020206D61783A2000202000203DAD
:104C3000200020205B612D7A302D39232D2E5F5DE1
:104C4000002D2028756E617661696C61626C652942
:104C500000205B0028756E6368616E676561626C39
:104C60006529007761726E3A2072656365697665C1
:104C700072206E6F7420636F6E6E6563746564007E
:104C8000292C002C20002F003B20003B2054783A98
:104C9000002052783A006D5700202054783A204D79
:104CA0006174656B206D5232342D33302C20763197
:104CB0002E342E303100202052783A20002D20282A
:104CC000756E6578706563746564206572726F7265
:104CD00029006668737331202800202063683A2019
:104CE000002020665F7265673A20002020663A2027
:104CF000006668737332202800202068656C702C71
:104D000020682C203F2020202020202D3E20746869
:104D100069732068656C702070616765002020767B
:104D20002020202020202020202020202020202D76
:104D30003E207072696E74206465766963652061D7
:104D40006E642076657273696F6E002020706C202F
:104D5000202020202020202020202020202D3E2028
:104D60006C69737420616C6C20706172616D657424
:104D7000657273002020706C20632020202020208A
:104D80002020202020202D3E206C69737420636F2A
:104D90006D6D6F6E20706172616D65746572730008
:104DA0002020706C207478202020202020202020BB
:104DB00020202D3E206C697374205478207061721D
:104DC000616D6574657273002020706C20727820AC
:104DD000202020202020202020202D3E206C6973C0
:104DE0007420527820706172616D65746572730011
:104DF000202070206E616D65202020202020202042
:104E000020202D3E2067657420706172616D65748D
:104E100065722076616C756500202070206E616D72
:104E200065203D2076616C756520202D3E207365E0
:104E30007420706172616D657465722076616C7545
:104E40006500202070206E616D65203D203F202090
:104E5000202020202D3E2067657420706172616DD6
:104E6000657465722076616C756520616E64206C76
:104E7000697374206F6620616C6C6F77656420764F
:104E8000616C7565730020207073746F72652020EB
:104E900020202020202020202D3E2073746F72655A
:104EA00020706172616D6574657273002020736596
:104EB00074636F6E666967696420202020202D3E30
:104EC0002073656C65637420636F6E666967206923
:104ED0006400202062696E64202020202020202091
:104EE000202020202D3E2073746172742062696E30
:104EF00064696E6700202072656C6F6164202020F9
:104F0000202020202020202D3E2072656C6F6164BF
:104F100020616C6C20706172616D657465722073C4
:104F2000657474696E6773002020737461747320F4
:104F3000202020202020202020202D3E207374615E
:104F40007274732073747265616D696E6720737417
:104F500061746973746963730020206C697374668B
:104F600072657173202020202020202D3E206C6946
:104F7000737473206672657175656E6369657320FD
:104F80007573656420696E20666873732073636847
:104F9000656D6500202073797374656D626F6F7441
:104FA0002020202020202D3E2063616C6C2073790E
:104FB0007374656D20626F6F746C6F6164657200ED
:104FC000202068633034207074202020202020208E
:104FD00020202020202020202D3E20656E74657228
:104FE0002073657269616C20706173737468726F8D
:104FF00075676800202068633034206765747069C5
:105000006E20202020202020202020202D3E2067E0
:1050100065742070696E206F66204843303400202C
:1050200020686330342073657470696E203D20768B
:10503000616C75652020202D3E2073657420706999
:105040006E206F662048433034002020656D7074F8
:105050007920636D64002020696E76616C6964203C
:10506000636D6400202073747265616D696E6720E2
:1050700073746174732073746F70706564002020A2
:1050800074696D656F75740068656C7000706C0094
:10509000706C206300706C20747800706C207278E3
:1050A000006572723A20696E76616C696420706185
:1050B00072616D65746572206E616D6500657272F6
:1050C0003A206E6F2076616C756520737065636938
:1050D00066696564006572723A20696E76616C6912
:1050E000642076616C7565007073746F7265002062
:1050F00020547820706172616D65746572732073DD
:10510000746F726564002020706172616D657465F2
:1051100072732073746F7265640062696E6400203C
:1051200020547820656E74657265642062696E64CF
:10513000206D6F64650072656C6F6164002020549F
:105140007820706172616D65746572732072656C30
:105150006F61646564002020706172616D657465C3
:1051600072732072656C6F6164656400736574634B
:105170006F6E6669676964006572723A20696E765F
:10518000616C696420636F6E666967206964206E74
:10519000756D6265722028302D39290020206E6FD0
:1051A000206368616E6765207265717569726564F8
:1051B0000020206368616E676520436F6E666967D3
:1051C000496420746F20002020737461727473200E
:1051D00073747265616D696E6720737461747300B6
:1051E000202073656E6420616E792063686172614E
:1051F0006374657220746F2073746F70006C6973D0
:105200007466726571730073797374656D626F6F24
:105210007400686330342070740068633034206731
:10522000657470696E0068633034207365747069EA
:105230006E006572723A20696E76616C69642070E6
:10524000696E206E756D626572002020686330346F
:105250002070696E3A20004D6174656B206D52328A
:10526000342D333000214552520041495200414310
:10527000524F0021465321004D414E550043525597
:105280005A004352534800414800414E474C0048A1
:105290004F5200414E4748002A00414C54480041BB
:1052A00055544F0047554944004C4F4954005254FF
:1052B0004C200043495243004C414E440044524963
:1052C00046005350525400464C4950004154554EEC
:1052D0000050484C44004252414B00544852570041
:1052E00041564F4900474E4750005352544C0046D8
:1052F000484C4400464F4C4C005A49475A005359B9
:1053000053490041524F54004152544C005452549E
:105310004C005452414E00464257410046425742CB
:10532000004352555300544B4F4600494E495400D8
:10533000515354420051484F5600514C4F54005164
:105340004C4E44005152544C005141544E00514176
:10535000434F0054484D4C004C32514C005354457F
:105360005200534D504C00444F434B0041484C4475
:105370000053555246004D44455400424154545F39
:1053800043415041434954590041542B50494E3DEB
:105390003F002D3E006765742070696E206661696C
:1053A0006C65640041542B50494E3D007365742078
:1053B00070696E206661696C65640041542B4241DE
:1053C00055443D002C4E004F4B2B4E414D453D4D1D
:1053D0006174656B2D6D4C52532D002D425400416C
:1053E000542B4E414D453D3F004F4B2B4E414D45BB
:1053F0003D0072785F737461747573206661696CC7
:10540000757265005378206E6F74206F6B0049527F
:105410005120525820444F4E45204641494C0049A6
:10542000525120545820444F4E45204641494C008B
:1054300072785F617661696C61626C65206E6F7411
:10544000207472756500000000000000000000007C
:10545000D11C0008C11C0008E32700080D28000823
:105460002B280008DD230008F91300085F25000839
:105470000000000000000000DB130008ED2B000816
:10548000B52A0008F5290008CB29000821150008D5
:10549000592A00083D150008252A00086115000852
:1054A0000000000000000000411A0008DD130008A1
:1054B000DF130008331A0008111A0008251A000823
:1054C000211A00081D1A0008191A0008F51300080F
:1054D0000000000000000000DB130008ED2E0008B3
:1054E000BD2D0008FD2C0008D32C00086515000810
:1054F000612D0008811500082D2D0008A515000854
:105500000000000000000000DB130008DD130008AD
:10551000DF130008E1130008E5130008E713000893
:10552000EB130008EF130008F1130008F51300084F
:105530000000000000000000ED160008C95F000830
:1055400081600008256000085053544F52450043C5
:105550004F4E4649472049440042494E445F504817
:10556000524153455F5533320052465F42414E44EB
:105570000052465F4F5254484F0054585F504F57A7
:1055800045520054585F44495645525349545900B6
:1055900054585F43485F534F555243450054585F3A
:1055A00043485F4F524445520054585F494E5F4D47
:1055B0004F44450054585F5345525F44455354008F
:1055C00054585F5345525F424155440054585F530D
:1055D0004E445F524144494F535441540054585F24
:1055E0004D41565F434F4D504F4E454E5400545819
:1055F0005F504F5745525F53575F43480054585FC1
:1056000042555A5A45520044594E5F504F574552E1
:105610000052585F504F5745520052585F44495608
:105620004552534954590052585F43485F4F5244C2
:1056300045520052585F4F55545F4D4F44450052FC
:10564000585F4641494C534146455F4D4F444500E4
:1056500052585F5345525F504F52540052585F5357
:1056600045525F424155440052585F5345525F4C8A
:105670004E4B5F4D4F44450052585F4D41565F536E
:10568000595354454D5F49440052585F534E445F4F
:10569000524144494F535441540052585F534E4471
:1056A0005F52434348414E4E454C0052585F4F5560
:1056B000545F525353495F43480052585F4F55540B
:1056C0005F4C515F43480052585F504F5745525FFF
:1056D00053575F43480052585F46535F4348310079
:1056E00052585F46535F4348320052585F46535FFB
:1056F0004348330052585F46535F43483400525882
:105700005F46535F4348350052585F46535F4348F6
:10571000360052585F46535F4348370052585F4641
:10572000535F4348380052585F46535F434839003F
:1057300052585F46535F434831300052585F4653DA
:105740005F434831310052585F46535F434831321E
:105750000052585F46535F434831330052585F460A
:10576000535F434831340052585F46535F434831DA
:10577000350052585F46535F4348313600414E472B
:105780004C4500484F52495A4F4E004E4156204119
:105790004C54484F4C440048454144494E472048EA
:1057A0004F4C440048454144465245450048454118
:1057B0004441444A0043414D53544142004E4156F6
:1057C00020525448004E415620504F53484F4C44AD
:1057D000004D414E55414C00424545504552004C0C
:1057E000454453204F4646004C4947485453004FC8
:1057F0005344204F46460054454C454D455452595C
:10580000004155544F2054554E4500424C41434BA6
:10581000424F58004641494C53414645004E41567F
:1058200020575000414952204D4F444500484F4DAC
:105830004520524553455400474353204E4156009E
:1058400046505620414E474C45204D49580053552F
:10585000524641434500464C415045524F4E00543C
:1058600055524E20415353495354004E4156204CFB
:1058700041554E434800534552564F204155544FD1
:105880005452494D0043414D45524120434F4E54DF
:10589000524F4C20310043414D45524120434F4E21
:1058A00054524F4C20320043414D45524120434F0A
:1058B0004E54524F4C2033004F534420414C5420FF
:1058C00031004F534420414C542032004F53442068
:1058D000414C542033004E415620434F55525345BE
:1058E00020484F4C44004D43204252414B494E47C3
:1058F00000555345523100555345523200555345DA
:105900005233005553455234004C4F4954455220B0
:105910004348414E4745004D5350205243204F5677
:105920004552524944450050524541524D0054554C
:1059300052544C45004E4156204352554953450060
:105940004155544F204C4556454C205452494D002A
:10595000575020504C414E4E455200534F415249F2
:105960004E47004D495353494F4E204348414E47FF
:105970004500424545504552204D555445004D5532
:105980004C54492046554E4354494F4E004D4958BA
:1059900045522050524F46494C452032004D4958FF
:1059A0004552205452414E534954494F4E00414EA6
:1059B000474C4520484F4C440042696E6420506873
:1059C000726173650042494E445F504852415345ED
:1059D00000353020487A2C333120487A2C31392058
:1059E000487A2C464C52432C46534B2C3139204894
:1059F0007A2037780052462042616E6400322E349D
:105A00002C393135204643432C3836382C34333347
:105A10002C37302C38363620494E2C3931352B3244
:105A20002E342C3836382B322E34005246204F720A
:105A300074686F006F66662C312F332C322F332C35
:105A4000332F3300547820506F77657200547820DC
:105A500044697665727369747900656E61626C651C
:105A6000642C616E74656E6E61312C616E74656E4E
:105A70006E61322C723A656E20743A616E74312C0C
:105A8000723A656E20743A616E7432005478204325
:105A90006820536F75726365006E6F6E652C63725C
:105AA00073662C696E2C6D62726964676500547848
:105AB000204368204F7264657200414554522C5453
:105AC0004145522C4554415200547820496E204D96
:105AD0006F646500736275732C7362757320696EF1
:105AE00076005478205365722044657374007365A2
:105AF0007269616C2C73657269616C322C6D6272B3
:105B0000696467650054782053657220426175644A
:105B10007261746500393630302C31393230302CB6
:105B200033383430302C35373630302C3131353253
:105B300030302C32333034303000547820536E649F
:105B400020526164696F53746174006F66662C3112
:105B500020487A005478204D617620436F6D706F35
:105B60006E656E74006F66662C656E61626C65644E
:105B700000547820506F7765722053772043680077
:105B80006F66662C352C362C372C382C392C31305E
:105B90002C31312C31322C31332C31342C31352C09
:105BA00031360054782042757A7A6572006F6666E5
:105BB0002C4C502C72784C510044796E20506F77E9
:105BC0006572006F66662C6F6E00527820506F779A
:105BD0006572005278204469766572736974790041
:105BE0005278204368204F72646572005278204FCB
:105BF0007574204D6F646500736275732C637273E6
:105C0000662C7362757320696E7600527820466147
:105C1000696C53616665204D6F6465006E6F20731B
:105C200069672C6C6F77207468722C627920636EC0
:105C3000662C6C6F772074687220636E742C6368B6
:105C40003163683420636E7400527820536572208B
:105C5000506F72740073657269616C2C63616E00C1
:105C600052782053657220426175647261746500D8
:105C7000527820536572204C696E6B204D6F6465BD
:105C8000007472616E73702E2C6D61766C696E6B30
:105C90002C6D61766C696E6B582C6D737058005268
:105CA00078204D61762053797374656D20494400E6
:105CB00035312C35322C35332C35342C35350052DA
:105CC0007820536E6420526164696F53746174006C
:105CD0006F66662C617264755F312C6D6574685FE8
:105CE0006200527820536E642052634368616E6E86
:105CF000656C006F66662C7263206F7665727269E0
:105D000064652C7263206368616E6E656C7300520B
:105D100078204F757420527373692043680052785D
:105D2000204F7574204C5120436800527820506FEA
:105D300077657220537720436800527820465320BD
:105D4000436831005278204653204368320052782D
:105D5000204653204368330052782046532043683E
:105D6000340052782046532043683500527820464C
:105D7000532043683600527820465320436837004A
:105D800052782046532043683800527820465320EA
:105D9000436839005278204653204368313000521E
:105DA00078204653204368313100527820465320F2
:105DB0004368313200527820465320436831330023
:105DC0002D31323020252C3020252C313230202529
:105DD00000527820465320436831340052782046E0
:105DE00053204368313500527820465320436831B0
:105DF00036001600181800181818121807000000AE
:105E00000300000002010101020202020203030476
:105E10000101010202020202020202020202020265
:105E2000010202020202010010790108502E000056
:105E30000000000000000000000000000000000062
:105E40000000000000000000000000000000000052
:105E50000000000000000000110032001400640087
:105E60001800FA001B00F4011E00E8038205002060
:105E7000FF000000B9590108C5590108C9490108C6
:105E8000000000000000000000000000C9490108F7
:105E9000000000008A050020FE000000175C0108D9
:105EA00028580108C949010800000000000000004E
:105EB00000000000D15901082E06002089050020AD
:105EC000FE000000F559010869550108C94901089B
:105ED000000000000000000000000000FD59010863
:105EE0002C0600208B050020FE0000002B5A010824
:105EF00071550108C94901080000000000000000B8
:105F000000000000345A010830060020BA040020C6
:105F1000FE000000445A01087A550108C9490108E9
:105F20000000000000000000000000003206002019
:105F300000000000BB040020FE0000004D5A0108D4
:105F400083550108C9490108000000000000000055
:105F5000000000005A5A010876060020BC04002008
:105F6000FE0000008C5A010890550108C94901083B
:105F7000000000000000000000000000995A010825
:105F800078060020BD040020FE000000AE5A010883
:105F90009D550108C94901080000000000000000EB
:105FA00000000000BA5A010800000000BE040020F2
:105FB000FE000000C95A0108A9550108C949010895
:105FC000000000000000000000000000D45A01089A
:105FD0007A060020BF040020FE000000E25A0108FB
:105FE000B4550108C9490108000000000000000084
:105FF00000000000EE5A01087C060020C0040020CA
:10600000FE000000055B0108C0550108C9490108F0
:10601000000000000000000000000000155B010807
:1060200000000000C2040020FE0000003A5B0108EE
:10603000CC550108C949010800000000000000001B
:10604000000000004B5B010800000000C5040020B8
:10605000FE000000545B0108DD550108C949010834
:10606000000000000000000000000000655B010867
:1060700000000000C6040020FE000000715B010863
:10608000EE550108C94901080000000000000000A9
:1060900000000000805B010800000000C304002035
:1060A000FE000000A35B0108FD550108C949010875
:1060B000000000000000000000000000AD5B0108CF
:1060C0007E060020CA040020FE000000B95B010823
:1060D00007560108C949010800000000000000003F
:1060E00000000000C35B01080000000096040020CF
:1060F000FE000000CA5B010811560108C9490108E9
:1061000000000000000000000000000082060020E7
:106110000000000097040020FE000000D35B01088F
:106120001A560108C94901080000000000000000DB
:10613000000000005A5A0108C606002098040020FA
:10614000FE000000E05B010827560108C94901086C
:10615000000000000000000000000000BA5A010822
:106160000000000099040020FE000000EC5B010824
:1061700033560108C9490108000000000000000072
:1061800000000000F85B0108C80600209B04002006
:10619000FE0000000B5C01083F560108C9490108D8
:1061A0000000000000000000000000001C5C01086E
:1061B00000000000A4040020FE000000495C01086B
:1061C00050560108C9490108000000000000000005
:1061D00000000000555C0108CA0600209C04002055
:1061E000FE000000605C01085C560108C949010816
:1061F000000000000000000000000000155B010826
:10620000000000009D040020FE000000705C0108FA
:1062100068560108C949010800000000000000009C
:1062200000000000815C010800000000A5040020BF
:10623000FE0000009F5C010878560108C94901086A
:10624000000000000000000000000000B05C010839
:10625000000000009E040020FE000000BF5C01085A
:1062600089560108C949010800000000000000002B
:1062700000000000D05C010800000000A004002025
:10628000FE000000E25C01089A560108C9490108B5
:10629000000000000000000000000000F35C0108A6
:1062A000000000009A040020FE0000000F5D0108BD
:1062B000AB560108C94901080000000000000000B9
:1062C00000000000805B010800000000A204002024
:1062D000FE0000001E5D0108BA560108C949010808
:1062E000000000000000000000000000805B0108CA
:1062F00000000000A3040020FE0000002B5D010848
:10630000C7560108C949010800000000000000004C
:1063100000000000805B010800000000AA040020CB
:10632000020000003A5D0108D6560108CF5D010861
:10633000000000008800000078000000C949010842
:1063400000000000AB04002002000000445D0108D2
:10635000E0560108CF5D0108000000008800000041
:1063600078000000C949010800000000AC040020CA
:10637000020000004E5D0108EA560108CF5D0108E9
:10638000000000008800000078000000C9490108F2
:1063900000000000AD04002002000000585D01086C
:1063A000F4560108CF5D01080000000088000000DD
:1063B00078000000C949010800000000AE04002078
:1063C00002000000625D0108FE560108CF5D010871
:1063D000000000008800000078000000C9490108A2
:1063E00000000000AF040020020000006C5D010806
:1063F00008570108CF5D0108000000008800000078
:1064000078000000C949010800000000B004002025
:1064100002000000765D010812570108CF5D0108F7
:10642000000000008800000078000000C949010851
:1064300000000000B104002002000000805D01089F
:106440001C570108CF5D0108000000008800000013
:1064500078000000C949010800000000B2040020D3
:10646000020000008A5D010826570108CF5D01087F
:10647000000000008800000078000000C949010801
:1064800000000000B304002002000000945D010839
:1064900030570108CF5D01080000000088000000AF
:1064A00078000000C949010800000000B404002081
:1064B000020000009F5D01083B570108CF5D010805
:1064C000000000008800000078000000C9490108B1
:1064D00000000000B504002002000000AA5D0108D1
:1064E00046570108CF5D0108000000008800000049
:1064F00078000000C949010800000000B60400202F
:10650000FE000000B55D010851570108C9490108A6
:10651000000000000000000000000000C05D010855
:1065200000000000B7040020FE000000D15D01085B
:106530005C570108C9490108000000000000000084
:1065400000000000C05D010800000000B804002049
:10655000FE000000DC5D010867570108C949010819
:10656000000000000000000000000000C05D010805
:1065700000000000B9040020FE000000E75D0108F3
:1065800072570108C949010800000000000000001E
:1065900000000000C05D010800000000616263644B
:1065A00065666768696A6B6C6D6E6F707172737423
:1065B00075767778797A3031323334353637383901
:1065C0005F232D2E0000000000070E091C1B121572
:1065D000383F363124232A2D70777E796C6B6265C3
:1065E000484F464154535A5DE0E7EEE9FCFBF2F5B3
:1065F000D8DFD6D1C4C3CACD90979E998C8B8285A3
:10660000A8AFA6A1B4B3BABDC7C0C9CEDBDCD5D292
:10661000FFF8F1F6E3E4EDEAB7B0B9BEABACA5A282
:106620008F88818693949D9A2720292E3B3C353272
:106630001F18111603040D0A5750595E4B4C454262
:106640006F68616673747D7A898E878095929B9C52
:10665000B1B6BFB8ADAAA3A4F9FEF7F0E5E2EBEC42
:10666000C1C6CFC8DDDAD3D4696E676075727B7C32
:1066700051565F584D4A4344191E171005020B0C22
:1066800021262F283D3A33344E49404752555C5B12
:106690007671787F6A6D64633E39303722252C2B02
:1066A0000601080F1A1D1413AEA9A0A7B2B5BCBBF2
:1066B0009691989F8A8D8483DED9D0D7C2C5CCCBE2
:1066C000E6E1E8EFFAFDF4F3000000003209000013
:1066D00000000000010000007C2B00000000000012
:1066E00002000000890C000000000000040000000F
:1066F000ED0E030C0D00000005000000D91C010088
:106700000000000006000000680300000000000018
:1067100007000000772000000000000008000000D3
:1067200075240000000000000B0000005906010461
:106730000000000014000000D61403020300000053
:10674000150000009F020300010000001600000079
:10675000DC1900000000000017000000A817030467
:1067600005000000180000001834000000000000C0
:106770001900000017650000000000001A0000006A
:10678000AA180000000000001B000000901D00007F
:10679000000000001C00000043100000000000008A
:1067A0001D00000073100000000000001E0000002B
:1067B000271C0000000000001F000000F630000051
:1067C0000000000020000000B91C000000000000D4
:1067D00021000000681C00000000000022000000F2
:1067E000ED1600000000000023000000F416000079
:1067F0000000000024000000DE2500000000000072
:1068000025000000D4070304050000002600000056
:10681000090703040500000027000000FE260320EE
:106820002100000028000000E6050302030000002C
:10683000290000001C040302030000002A000000DD
:106840001C120000000000002B0000008403030065
:10685000010000002C000000DD090302030000001D
:106860002D000000E8030300010000002E000000DE
:106870000B020000000000002F0000009908030038
:1068800001000000300000002915010C000000008C
:10689000310000002714000000000000320000005A
:1068A0004E2503121300000033000000C40503024C
:1068B0000300000035000000030500000000000098
:1068C000360000000F1B03181900000037000000FD
:1068D00003190000000000003D000000A748000070
:1068E000000000003E000000B71A00000000000099
:1068F0003F00000077B500000000000040000000ED
:10690000BFE100000000000041000000762A000006
:106910000000000042000000940603020300000093
:1069200043000000150400000000000045000000C6
:10693000F31E010A00000000460000007C26031040
:10694000110000004900000026260320210000005D
:106950004A00000014140000000000004B0000007A
:106960009E23031E1F0000004C0000009821031E00
:106970001F0000004D0000008F0A030809000000FE
:10698000500000000E04030203000000510000004C
:106990006A1600000000000052000000313303249A
:1069A0002500000053000000162500000000000034
:1069B000540000008F350332330000005500000002
:1069C0008C33000000000000560000000535033243
:1069D0003300000057000000963300000000000064
:1069E00059000000E71C0000000000005A000000F1
:1069F000B7380000000000005B0000003F2A0000E4
:106A0000000000005C0000003621000000000000D3
:106A10005D0000002F510000000000006400000035
:106A2000AF22000000000000650000006675000055
:106A300000000000660000009E75000000000000DD
:106A400067000000D039000000000000680000006E
:106A50003874000000000000690000005D3F000085
:106A6000000000006A0000008A2C00000000000006
:106A70006B0000006C410000000000006C00000092
:106A8000205C0000000000006D000000B90900005B
:106A9000000000006E00000054FE03010200000030
:106AA0006F000000221203101100000070000000AF
:106AB000AE0C000000000000710000007C27000008
:106AC0000000000072000000ED2C0000000000003B
:106AD000730000000440000000000000740000008B
:106AE0004C18000000000000750000008006030440
:106AF0000500000076000000380E000000000000D5
:106B000077000000740C030A0B00000078000000FE
:106B1000866100000000000079000000ED02030023
:106B2000010000007A000000CB0203000100000019
:106B30007B000000FA710300010000007C000000EF
:106B400057390000000000007D000000CB06000067
:106B5000000000007E000000DC51034F50000000E8
:106B60007F000000192300000000000080000000EA
:106B7000E223000000000000810000002E18000049
:106B800000000000820000001D0D00000000000059
:106B900083000000DFFF0000000000008400000010
:106BA00055270000000000008500000006120000CC
:106BB0000000000086000000E52B0000000000003F
:106BC00087000000CB0800000000000088000000E3
:106BD000011600000000000089000000C310000042
:106BE000000000008A0000006D7800000000000036
:106BF0008B000000A82B03292A0000008C00000055
:106C0000B5290000000000008D0000002F200000CA
:106C1000000000008E00000048F3000000000000AB
:106C20008F000000831000000000000090000000B2
:106C30007F5D00000000000092000000676400001B
:106C400000000000930000009A36000000000000E1
:106C500094000000B24E000000000000950000000B
:106C6000C83C00000000000096000000862A0000DA
:106C70000000000097000000DB080306070000008A
:106C800098000000D00800000000000099000000FB
:106C9000BC0C0000000000009A000000540F030626
:106CA000070000009B000000160D03040500000013
:106CB0009C00000013060300010000009D0000007E
:106CC000150F030C0D0000009E000000860F030C42
:106CD0000D000000A00000004E0C03080900000099
:106CE000A10000004403030001000000A200000016
:106CF000BD09000000000000A30000007F1C000090
:106D000000000000A40000009A2C00000000000019
:106D1000A50000001503000000000000A600000010
:106D20001509000000000000A700000090160000F8
:106D300000000000A8000000010C0000000000009E
:106D4000A9000000EA12000000000000AA000000F4
:106D50004922000000000000AB000000B542000026
:106D600000000000AC0000001662000000000000FF
:106D7000AD0000005308000000000000AE0000005D
:106D8000A730000000000000AF0000008A13030ECF
:106D90000F000000B0000000EA0303000100000043
:106DA000B1000000F014000000000000B20000007C
:106DB0002F18000000000000B3000000BD1D011AE4
:106DC00000000000B4000000342F012A0000000081
:106DD000B5000000AE04000000000000B600000096
:106DE000E528000000000000B70000005502030085
:106DF00001000000B80000009FCE03040500000061
:106E0000B9000000BA07030405000000BA00000042
:106E1000481D030001000000BF0000005C1B0000D3
:106E200000000000C0000000243600000000000048
:106E3000C1000000471A000000000000C20000006E
:106E40006221000000000000C3000000782500005F
:106E500000000000C8000000862A03282900000066
:106E6000C9000000CD0E030C0D000000D60000008C
:106E70004508030607000000D70000006503000076
:106E800000000000D80000003203030001000000F1
:106E9000D9000000CA06000000000000DA0000006F
:106EA0001107030001000000DB000000A202000047
:106EB00000000000DC0000002220000000000000B4
:106EC000DD000000472A000000000000DE00000096
:106ED0000F03000000000000DF000000772F032AEE
:106EE0002B000000E0000000662D032A2B000000AC
:106EF000E1000000D049000000000000E2000000B6
:106F0000CF08000000000000E6000000A32A0000F7
:106F100000000000E70000006928000000000000F9
:106F2000E80000009741000000000000E9000000B8
:106F300023B6000000000000EA00000096280000D0
:106F400000000000EB000000B32A00000000000079
:106F5000F10000005A20000000000000F2000000D4
:106F6000683C000000000000F3000000553D0134C3
:106F700000000000F40000005F06000000000000B8
:106F8000F50000008202000000000000F600000092
:106F9000B826000000000000F700000051130000B8
:106FA00000000000F800000008FE030304000000D9
:106FB000F9000000CC24000000000000FA000000EE
:106FC000311E000000000000FB000000AA120000BB
:106FD00000000000FC0000002C1200000000000077
:106FE000FD0000005336000000000000FE0000001D
:106FF0002E0900000000000000010000472A0308DD
:1070000009000000010100008309000000000000E9
:1070100002010000BBE803000100000003010000C2
:107020005CED00000000000004010000920E000072
:107030000000000005010000B33D0000000000005A
:10704000060100000C17000000000000070100000E
:1070500085FF000000000000080100003120000052
:1070600000000000090100001A14000000000000E8
:107070000A010000C1FF0302030000000B01000031
:1070800023FF0302030000000C0100000E040302B2
:10709000030000000D0100006DD70000000000009B
:1070A0000E0100003B140000000000000F01000072
:1070B0001635000000000000130100007E200000D3
:1070C0000000000014010000123200000000000067
:1070D000150100003E1E0000000000001801000025
:1070E000462100000000000019010000300D0000E2
:1070F000000000001A0100007B2303202100000093
:107100001B0100004A910000000000001C0100006B
:107110006320031E1F0000001D01000089310326AB
:10712000270000001E010000D239033233000000A6
:107130001F010000011703141500000020010000CA
:10714000141703141500000022010000FB2E00009C
:1071500000000000230100000A39000000000000C8
:1071600024010000E3DF03181900000027010000DC
:10717000EA0C00000000000028010000322300009B
:10718000000000002B01000013620000000000005E
:107190002C010000D9160000000000002D010000A5
:1071A000F33A000000000000360100001C1100004E
:1071B00000000000370100005F74000000000000C4
:1071C00040010000F314030203000000410100002D
:1071D000580203000100000042010000F395000086
:1071E00000000000430100004E9303000100000076
:1071F0004401000084920000000000004A010000E9
:1072000017A70000000000004B0100005BE9000030
:10721000000000004C010000ECEF00000000000046
:107220004D010000E76D0000000000004E0100006D
:10723000480A0000000000004F010000E1180000B3
:107240000000000050010000F554000000000000A4
:1072500053010000C70500000000000054010000B9
:10726000634600000000000059010000D115030230
:10727000030000005E010000E8FC000000000000C8
:1072800062010000D20E030C0D000000630100003B
:10729000060C000000000000680100000B1900004F
:1072A00000000000690100005D21000000000000F6
:1072B000710100009718000000000000720100003A
:1072C0004B6D000000000000730100000A1A00006E
:1072D00000000000740100001A8C00000000000093
:1072E00075010000752A0000000000007701000011
:1072F000FB8C00000000000078010000C7080000BF
:10730000000000007C010000E81400000000000004
:107310008101000093850302030000008201000048
:1073200084100304050000008301000004480304E6
:107330000500000084010000082503202100000052
:10734000860100009CF00000000000008B0100009E
:1073500000D40000000000008C01000032A00000FA
:10736000000000008D010000B66C0000000000006D
:10737000900100006EFE0304050000009101000072
:10738000B7060304050000009A010000A0350000C4
:10739000000000009B0100006A03000000000000E4
:1073A0009C01000021060304050000009D0100006F
:1073B0004D070304050000009E0100006D10000051
:1073C000000000009F010000A1100000000000006C
:1073D000A40100001449030607000000B3010000E7
:1073E000862E000000000000B4010000C10900006A
:1073F00000000000B50100001E01000000000000B8
:10740000B80100004223000000000000B9010000A4
:10741000A911000000000000FE010000F56A000054
:1074200000000000FF0100001C47000000000000F9
:1074300000020000B802000000000000421F00002F
:10744000DA10000000000000431F0000E7290000E0
:1074500000000000441F0000AC62000000000000BB
:10746000451F0000FB26000000000000461F000032
:10747000610E000000000000471F000040200000D7
:1074800000000000481F0000EA210000000000008A
:10749000491F000090100000000000004A1F00007B
:1074A0009B290000000000004B1F00001466000034
:1074B000000000004C1F000036100000000000001B
:1074C0004D1F0000DE2E0000000000004E1F0000D7
:1074D000C80E0000000000004F1F00001718000039
:1074E00000000000501F0000951200000000000086
:1074F0002823000071890000000000002D230000F7
:10750000752200000000000011270000D1140000C7
:107510000000000012270000BA290000000000004F
:1075200013270000040100000000000014270000E1
:107530008509000000000000152700006709000011
:107540000000000016270000C10400000000000039
:107550001727000047110000000000001827000056
:10756000F00E000000000000A7270000C355000037
:1075700000000000F82A0000863403040500000023
:10758000F92A00000F88000000000000FA2A00001D
:10759000EAB4030405000000FB2A000040050000D7
:1075A00000000000FC2A00000BE8030809000000AE
:1075B000FD2A00005DE6000000000000022B000034
:1075C0002E31000000000000032B00006A2C000098
:1075D000000000000C2B0000CD1000000000000097
:1075E000162B0000902C000000000000172B00005C
:1075F000852C000000000000182B0000552C000016
:1076000000000000192B0000C3250310110000002A
:107610001A2B00004F050000000000001B2B00008B
:1076200080080304050000001C2B0000B1220000AC
:10763000000000001D2B0000821C00000000000064
:107640001E2B00002F260000000000001F2B000052
:107650008E09000000000000202B0000842C000098
:1076600000000000212B0000D02C000000000000D2
:10767000222B0000C92C000000000000232B00007A
:10768000C12C000000000000242B0000BD2C0000D5
:1076900000000000342B0000A24E0000000000009B
:1076A00064320000722C030001000000653200000B
:1076B000FE3B031E1F000000663200008C350304F1
:1076C0000500000067320000F92E030001000000F1
:1076D000683200004D36031C1D00000069320000B6
:1076E000312B030001000000733200005EF903003B
:1076F00001000000763200008B3300000000000023
:1077000077320000071203101100000078320000E9
:1077100014050000000000006842000067B300008C
:1077200000000000FE4200001A21000000000000DE
:10773000FF4200004810000000000000014300006C
:107740001311000000000000024300005911000066
:1077500000000000034300001B0A000000000000BE
:10776000044300000E5B0000000000000543000021
:10777000BB54000000000000064300006A1800002F
:107780000000000010A40000E30100000000000061
:1077900011A40000EF2E00000000000051C3000003
:1077A000F62000000000000052C30000B5F6000003
:1077B0000000000053C300003E1300000000000062
:1077C00054C30000F00A03080900000055C300007C
:1077D000980603040500000020CB00000D640000A3
:1077E0000000000021CB0000EF01000000000000BD
:1077F00015CD0000F01100000000000016CD0000C3
:10780000584E00000000000017CD00006055000039
:107810000000000018CD0000B11C000000000000B6
:1078200019CD0000D73200000000000078CD000024
:10783000B52603202100000079CD00006624000059
:107840000000000060EA00000416031415000000A8
:107850006AEA0000D0210000000000006BEA00008E
:10786000B7070000000000006CEA0000632403205A
:10787000210000006DEA00008118031415000000CB
:107880006EEA0000860803040500000074EA0000A8
:10789000CA0400000000000088EA00009CF5000017
:1078A0000000000089EA0000BFFF000000000000A7
:1078B0008DEA00000E170302030000008EEA0000AC
:1078C000AB1C0308090000008FEA00003707000026
:1078D0000000000091EA0000610C000000000000C0
:1078E00092EA0000DC0E00000000000093EA0000B5
:1078F000F51800000000000094EA0000652C00006C
:107900000000000095EA00002D06000000000000C5
:107910003BB1B800ECC4B8009DD8B8004EECB8003C
:107920000000B900B113B9006227B900133BB900D8
:10793000C44EB9007662B9002776B900D889B9007B
:10794000899DB9003BB1B900ECC4B9009DD8B9001C
:107950004EECB9000000BA00B113BA006227BA00B9
:10796000133BBA00C44EBA007662BA002776BA005A
:10797000D889BA00899DBA003BB1BA00ECC4BA00FC
:107980009DD8BA004EECBA000000BB00B113BB009A
:107990006227BB00133BBB00C44EBB007662BB003A
:1079A0002776BB00D889BB00899DBB003BB1BB00DB
:1079B000ECC4BB009DD8BB004EECBB000000BC007B
:1079C000B113BC006227BC00133BBC00C44EBC001A
:1079D0007662BC002776BC00D889BC00899DBC00BB
:1079E0003BB1BC00ECC4BC009DD8BC004EECBC005C
:1079F0000000BD00B113BD006227BD00133BBD00F8
:107A0000C44EBD007662BD002776BD00D889BD009A
:107A1000899DBD003BB1BD00ECC4BD009DD8BD003B
:107A20004EECBD000000BE00B113BE006227BE00D8
:107A3000133BBE00C44EBE007662BE002776BE0079
:107A4000D889BE00899DBE003BB1BE00ECC4BE001B
:107A50000000891112239B322446AD573665BF744E
:107A6000488CC19D5AAFD3BE6CCAE5DB7EE9F7F8FE
:107A70008110080193331A22A5562C47B7753E642E
:107A8000C99C408DDBBF52AEEDDA64CBFFF976E8DE
:107A900002218B30100299132667AF763444BD550E
:107AA0004AADC3BC588ED19F6EEBE7FA7CC8F5D9BE
:107AB00083310A2091121803A7772E66B5543C45EE
:107AC000CBBD42ACD99E508FEFFB66EAFDD874C99E
:107AD00004428D5316619F702004A9153227BB36CE
:107AE0004CCEC5DF5EEDD7FC6888E1997AABF3BA7E
:107AF00085520C4397711E60A1142805B3373A26AE
:107B0000CDDE44CFDFFD56ECE9986089FBBB72AA5D
:107B100006638F7214409D512225AB343006B9178D
:107B20004EEFC7FE5CCCD5DD6AA9E3B8788AF19B3D
:107B300087730E6295501C41A3352A24B11638076D
:107B4000CFFF46EEDDDC54CDEBB962A8F99A708B1D
:107B5000088481951AA793B62CC2A5D33EE1B7F04D
:107B60004008C919522BDB3A644EED5F766DFF7CFD
:107B7000899400859BB712A6ADD224C3BFF136E02D
:107B8000C1184809D33B5A2AE55E6C4FF77D7E6CDD
:107B90000AA583B4188691972EE3A7F23CC0B5D10D
:107BA0004229CB38500AD91B666FEF7E744CFD5DBD
:107BB0008BB502A499961087AFF326E2BDD034C1ED
:107BC000C3394A28D11A580BE77F6E6EF55C7C4D9D
:107BD0000CC685D71EE597F42880A1913AA3B3B2CD
:107BE000444ACD5B5669DF78600CE91D722FFB3E7D
:107BF0008DD604C79FF516E4A9902081BBB332A2AD
:107C0000C55A4C4BD7795E68E11C680DF33F7A2E5C
:107C10000EE787F61CC495D52AA1A3B03882B1938C
:107C2000466BCF7A5448DD59622DEB3C700EF91F3C
:107C30008FF706E69DD414C5ABB122A0B99230836C
:107C4000C77B4E6AD5585C49E33D6A2CF11E780F1C
:107C5000860010700410005B000000004F09000057
:107C600098FF00005018050C805B0040D41E0000F7
:107C700097FF00006018050C805B00406A3400002C
:107C800094FF00007018050C805B0040E75B00006B
:107C900090FF00002A590108000000007D570108EC
:107CA0000200000083570108030000008B57010801
:107CB000040000009757010805000000A4570108C0
:107CC00006000000AD570108FF000000B55701088D
:107CD000FF000000BD57010807000000C55701085C
:107CE00008000000D157010809000000D85701081A
:107CF000FF000000DF570108FF000000E8570108FF
:107D0000FF000000EF570108FF000000F7570108CF
:107D1000FF000000015801080A0000000B5801088C
:107D2000FF00000014580108010000001D58010860
:107D30000B000000245801080C0000002D58010819
:107D4000FF00000038580108FF00000040580108FB
:107D5000FF0000004E580108FF00000056580108BF
:107D60000D0000005F5801080E0000006B5801086C
:107D70000F00000076580108FF0000008558010838
:107D8000FF00000096580108FF000000A7580108F6
:107D9000FF000000B8580108FF000000C2580108A9
:107DA000FF000000CC580108FF000000D658010871
:107DB00010000000E6580108FF000000F15801081B
:107DC000FF000000F7580108FF000000FD580108FF
:107DD000FF00000003590108FF00000009590108D5
:107DE000FF00000017590108FF0000002759010893
:107DF000FF0000002E59010811000000355901084C
:107E00001200000040590108FF000000505901080D
:107E1000FF0000005B5901081300000063590108CE
:107E2000FF00000072590108FF0000007E590108A0
:107E3000FF0000008D590108FF0000009D59010856
:107E4000FF000000AE59010814000000000000000F
:107E500000000000DB130008DD130008DF1300083A
:107E6000E1130008D5BD0008C1BF000809C0000823
:107E700085B50008F1130008F513000800000000A4
:107E800000000000DD5E000821170008193D000811
:107E90000000000000000000ED1500081562000859
:107EA000000000000000000061640008E3650008B5
:107EB0000BC200082317000847170008D515000853
:107EC000ECFFFFFF00000000DB130008DD130008DB
:107ED000DF130008E113000815C20008411700086D
:107EE0006D170008E1150008F1130008F5130008EC
:107EF0000003010353544D6963726F656C656374CD
:107F0000726F6E6963730053544D33322056697239
:107F10007475616C20436F6D506F727400434443FD
:107F200020436F6E6669670043444320496E746561
:107F3000726661636500000000000000000001023D
:107F40000304060708090000000001020304010001
:107F500002000400060008000A000C0010002000C7
:107F6000400080000001000001000000020000004D
:107F70000400000006000000080000000A000000E5
:107F80000C00000010000000200000004000000075
:107F9000800000000001000000000000000FC93F49
:107FA000000F494000CB9640000FC9400053FB40F2
:107FB00000CB164100ED2F41000F494100316241D5
:107FC00000537B41003A8A4100CB9641005CA341BB
:107FD00000EDAF41007EBC41000FC94100A0D5417A
:107FE0000031E24100C2EE410053FB4100F2034286
:107FF000003A0A420083104200CB164200141D4290
:10800000005C234200A5294200ED2F420036364293
:10801000007E3C4200C74242000F4942A2000000DD
:10802000F9000000830000006E0000004E00000018
:10803000440000001500000029000000FC000000C2
:108040002700000057000000D1000000F5000000EC
:1080500034000000DD000000C0000000DB00000074
:108060006200000095000000990000003C00000044
:10807000430000009000000041000000FE000000EE
:108080005100000063000000AB000000DE000000B3
:10809000BB000000C500000061000000B700000048
:1080A000240000006E0000003A00000042000000C2
:1080B0004D000000D2000000E000000006000000BB
:1080C000490000002E000000EA0000000900000046
:1080D000D1000000920000001C000000FE00000023
:1080E0001D000000EB0000001C000000B1000000BB
:1080F00029000000A70000003E000000E80000008A
:108100008200000035000000F50000002E00000095
:10811000BB0000004400000084000000E9000000F3
:108120009C0000007000000026000000B400000069
:108130005F0000007E0000004100000039000000E8
:1081400091000000D600000039000000830000000C
:108150005300000039000000F40000009C00000003
:10816000840000005F0000008B000000BD000000E4
:10817000F9000000280000003B0000001F00000084
:10818000F800000097000000FF000000DE00000083
:1081900005000000980000000F000000EF00000044
:1081A0002F000000110000008B0000005A000000AA
:1081B0000A0000006D0000001F0000006D000000BC
:1081C000360000007E000000CF0000002700000005
:1081D000CB00000009000000B70000004F000000C5
:1081E000460000003F000000660000009E00000006
:1081F0005F000000EA0000002D0000007500000094
:1082000027000000BA000000C7000000EB000000DB
:10821000E5000000F10000007B0000003D000000D0
:108220000700000039000000F70000008A0000008D
:108230005200000092000000EA0000006B00000005
:10824000FB0000005F000000B10000001F00000004
:108250008D0000005D0000000800000056000000D6
:10826000030000003000000046000000FC00000099
:108270007B0000006B000000AB000000F00000007D
:10828000CF000000BC000000200000009A000000A9
:10829000F4000000360000001D000000A9000000EE
:1082A000E300000091000000610000005E0000009B
:1082B000E60000001B000000080000006500000050
:1082C00099000000850000005F000000140000001D
:1082D000A000000068000000400000008D000000C9
:1082E000FF000000D8000000800000004D000000EA
:1082F00073000000270000003100000006000000AD
:10830000060000001500000056000000CA00000032
:1083100073000000A8000000C90000006000000019
:10832000E20000007B000000C00000008C000000A4
:108330006B000000DB0F49BFE4CB1640E4CB16C056
:1083400000000080DB0F4940DB0F49C03863ED3E81
:10835000DA0F493F5E987B3FDA0FC93F6937AC318E
:1083600068212233B40F14336821A2330000C93FBF
:108370000000F0390000DA370000A2330000842E3C
:108380000000502B0000C2270000D0220000C41FB4
:108390000000C61B00004417040000000700000096
:1083A0000900000000202020202020202020282854
:1083B00028282820202020202020202020202020A5
:1083C00020202020208810101010101010101010E5
:1083D0001010101010040404040404040404041015
:1083E00010101010101041414141414101010101A3
:1083F000010101010101010101010101010101016D
:108400001010101010104242424242420202020278
:10841000020202020202020202020202020202023C
:1084200010101010200000000000000000000000EC
:10843000000000000000000000000000000000003C
:10844000000000000000000000000000000000002C
:10845000000000000000000000000000000000001C
:10846000000000000000000000000000000000000C
:1084700000000000000000000000000000000000FC
:1084800000000000000000000000000000000000EC
:1084900000000000000000000000000000000000DC
:1084A00000000000005245454E54206D616C6C6F19
:1084B0006320737563636565646564002F6461742C
:1084C000612F6A656E6B696E732F776F726B737055
:1084D0006163652F474E552D746F6F6C63686169DA
:1084E0006E2F61726D2D31312F7372632F6E657730
:1084F0006C69622D63796777696E2F6E65776C6939
:10850000622F6C6962632F74696D652F676D746982
:108510006D652E63002C2066756E6374696F6E3A0C
:108520002000617373657274696F6E202225732257
:10853000206661696C65643A2066696C6520222555
:1085400073222C206C696E65202564257325730ABF
:1085500000232D302B2000686C4C00656667454673
:1085600047003031323334353637383941424344AD
:10857000454600303132333435363738396162633D
:0485800064656600C8
:088584005CBFFF7F0100000055
:08858C00ED0300086DD20008A8
:04859400C503000813
:108598004D490108CE5C0108DD5101084F49010829
:1085A80048520108524901083B5101085E5C010824
:1085B8004D490108095C0108085501081C310020D3
:1085C80001000000485501088F0400200100000048
:1085D8004F5501086807002005000000595501089B
:1085E8008A0500200100000028580108890500209C
:1085F80001000000695501088B05002001000000FA
:1086080071550108BA040020010000007A550108DC
:10861800BB0400200100000083550108BC040020B1
:108628000100000090550108BD0400200100000071
:108638009D550108BE04002001000000A95501084D
:10864800BF04002001000000B4550108C004002048
:1086580001000000C0550108C2040020010000000C
:10866800CC550108C504002001000000DD550108B3
:10867800C604002001000000EE550108C3040020D4
:1086880001000000FD550108CA0400200100000097
:108698000756010896040020010000001156010841
:1086A80097040020010000001A56010898040020D1
:1086B800010000002756010899040020010000006D
:1086C800335601089B040020010000003F560108B2
:1086D800A404002001000000505601089C0400205A
:1086E800010000005C5601089D0400200100000004
:1086F80068560108A504002001000000785601080A
:108708009E0400200100000089560108A0040020F2
:10871800010000009A5601089A0400200100000098
:10872800AB560108A204002001000000BA56010857
:10873800A304002001000000C7560108AA04002075
:1087480002000000D6560108AB0400200200000019
:10875800E0560108AC04002002000000EA560108B7
:10876800AD04002002000000F4560108AE04002009
:1087780002000000FE560108AF04002002000000BD
:1087880008570108B0040020020000001257010831
:10879800B1040020020000001C570108B2040020A8
:1087A8000200000026570108B30400200200000060
:1087B80030570108B4040020020000003B570108AC
:1087C800B50400200200000046570108B604002046
:1087D8000100000051570108B70400200100000003
:1087E8005C570108B8040020010000006757010821
:1087F800B90400200100000072570108FF000000C2
:10880800A9150008191F000878540108D854010850
:10881800A85401086DD600080DD4000811D400082A
:1088280041D5000815D70008A1D90008ADD900081E
:1088380021DA00083DDA0008E5D9000859DA00080D
:1088480075DA000812010002020200408304405752
:108858000002010203010000040309041A030000D6
:108868000000000000000000000000000000000000
:1088780000000000000000000024F40001000000D7
:1088880010000000000000000000000000000000D0
:1088980000000000010000000000000000000000CF
:1088A8000000000013160108B9150108B1140108E9
:1088B80000000000871301084D140108191401086D
:1088C8000000000000000000000000001114010872
:1088D800C913010815140108BD1301080902430052
:1088E800020100C03209040000010202010005244F
:1088F80000100105240100010424020205240600D9
:10890800010705820308001009040100020A00009B
:108918000007050102400000070581024000000031
:108928000A060002000000400100000000000000EC
:10893800030000004C640020000000004C6400208C
:10894800B46400201C650020000000000000000046
:10895800000000000000000000000000000000000F
:1089680000000000000000000000000000000000FF
:1089780000000000000000000000000000000000EF
:0889880000000000A80300201C
:040000050800E54DBD
:00000001FF
